N_unmapped	623970	623970	623970
N_multimapping	1380117	1380117	1380117
N_noFeature	773179	15359733	864648
N_ambiguous	1213563	67489	512258
DDX11L1	0	1	0
WASH7P	350	0	351
MIR6859-1	0	0	0
MIR1302-2HG	0	0	0
MIR1302-2	0	0	0
FAM138A	0	0	0
OR4F5	0	0	0
LOC124903816	1	1	0
LOC124900384	3	0	3
LOC729737	2	0	2
LOC124903814	0	0	0
DDX11L17	0	0	0
WASH9P	66	0	66
MIR6859-2	0	0	0
LOC127239154	1	0	1
LOC124903815	0	0	0
LOC124900618	0	0	0
LOC112268260	0	0	0
OR4F29	0	0	0
LOC100132287	0	0	0
LOC124904706	0	0	0
LOC105378947	2	0	2
LOC101928626	0	0	0
MIR12136	3	3	0
OR4F16	2	0	2
LOC100288069	88	0	88
LINC01409	12	1	11
LOC124903817	9	8	1
FAM87B	1	1	0
LINC00115	25	2	25
LINC01128	117	0	119
LOC107984850	0	0	0
FAM41C	0	0	0
LOC284600	235	343	225
LINC02593	124	20	316
LOC107985728	138	6	257
SAMD11	1167	204	1350
NOC2L	2180	201	2362
KLHL17	383	8	375
PLEKHN1	114	9	140
PERM1	16	50	1
HES4	1176	6	1171
ISG15	14274	9	14266
AGRN	8573	3	8570
LOC100288175	82	8	105
LOC105378948	18	32	17
RNF223	72	0	72
C1orf159	484	2	482
LOC124903819	0	0	0
LOC124903820	0	0	0
LINC01342	0	0	0
MIR200BHG	0	0	0
MIR200B	0	0	0
MIR200A	0	0	0
MIR429	0	0	0
TTLL10-AS1	0	0	0
TTLL10	0	0	0
TNFRSF18	1	0	1
TNFRSF4	5	0	5
SDF4	4377	2	4375
B3GALT6	426	3	423
C1QTNF12	29	22	7
UBE2J2	683	0	683
LINC01786	34	0	34
SCNN1D	84	0	84
ACAP3	804	0	804
MIR6726	0	0	0
SNORD167	0	0	0
PUSL1	328	13	344
INTS11	1095	50	1074
MIR6727	0	0	0
CPTP	531	4	527
TAS1R3	14	6	9
DVL1	1454	5	1450
MIR6808	0	0	0
MXRA8	100	99	1
AURKAIP1	1340	4	1336
CCNL2	2341	2	2339
MRPL20-AS1	315	126	318
MRPL20	746	5	870
MRPL20-DT	64	0	64
ANKRD65	0	0	0
ANKRD65-AS1	0	0	0
TMEM278	0	0	0
LINC01770	0	0	0
LOC107985729	0	0	0
VWA1	0	0	0
ATAD3C	0	0	0
ATAD3B	483	0	483
ATAD3A	743	1	742
TMEM240	0	0	0
SSU72	1190	0	1190
SSU72-AS1	11	0	11
FNDC10	0	0	0
LOC105378586	0	0	0
MIB2	136	36	496
LOC124903821	8	404	0
MMP23B	4	0	4
CDK11B	641	1	640
SLC35E2B	775	6	769
MMP23A	2	0	2
CDK11A	281	2	279
SLC35E2A	272	6	267
LOC112268218	0	162	2
NADK	2065	1	2225
GNB1	2112	1	2111
GNB1-DT	9	0	9
LOC124903822	3	0	3
CALML6	2	0	2
TMEM52	7	0	7
CFAP74	0	0	0
LOC107984872	0	0	0
LOC105378589	0	0	0
GABRD	0	0	0
LOC105378590	0	0	0
PRKCZ	155	37	225
PRKCZ-DT	0	0	0
PRKCZ-AS1	10	4	6
FAAP20	306	82	368
LOC112268219	28	44	6
LOC105378593	11	6	17
LOC124903823	0	3	0
SKI	636	0	636
LOC124903824	2	2	0
MORN1	164	0	164
LOC100129534	66	0	66
RER1	1133	130	1402
PEX10	186	273	312
PLCH2	3	0	3
PANK4	0	0	0
HES5	0	0	0
TNFRSF14-AS1	0	0	0
TNFRSF14	0	0	0
LOC100996583	0	0	0
PRXL2B	0	0	0
MMEL1	0	0	0
MMEL1-AS1	0	0	0
TTC34	0	0	0
LOC105378602	0	0	0
LOC105378601	0	0	0
LOC112268220	0	0	0
LOC107985732	0	0	0
LOC105378600	0	0	0
LOC105378598	0	0	0
LOC107984904	0	0	0
LOC105378599	0	0	0
LOC124903825	0	0	0
LOC124903826	0	0	0
ACTRT2	0	0	0
LOC124903827	0	0	0
PRDM16-DT	0	0	0
PRDM16	1	0	1
MIR4251	0	0	0
LOC105378606	0	0	0
LOC107984909	1	0	1
LOC105378605	0	0	0
LOC124903828	0	0	0
LOC105378604	0	0	0
ARHGEF16	531	0	531
MEGF6	543	2	541
LOC105378608	1	0	1
MIR551A	0	0	0
TPRG1L	427	0	427
WRAP73	259	0	259
TP73	11	8	11
TP73-AS3	0	0	0
TP73-AS2	0	0	0
GFOD3P	316	0	324
CCDC27	0	0	0
SMIM1	17	0	17
LRRC47	770	11	759
CEP104	249	0	249
LOC124903829	2	0	2
DFFB	87	0	87
C1orf174	207	0	207
LINC01134	4	0	4
LINC01346	0	0	0
LINC01345	0	0	0
LINC02780	0	0	0
LINC01777	0	0	0
LOC105376674	0	0	0
LOC124904578	0	0	0
LINC01646	0	0	0
AJAP1	0	0	0
LINC02781	0	0	0
LOC124904589	0	0	0
LOC102724429	0	0	0
LINC02782	0	0	0
LOC105376682	0	0	0
LOC124904590	0	0	0
LOC107984911	0	0	0
LOC105376686	0	0	0
LOC124900451	0	0	0
LOC124903830	0	0	0
MIR4689	0	0	0
NPHP4	377	0	377
KCNAB2	406	0	406
LOC124903831	3	0	3
CHD5	4	3	1
RPL22	3578	0	3578
RNF207-AS1	5	3	5
RNF207	308	15	319
ICMT	1154	26	1151
ICMT-DT	11	0	11
HES3	0	0	0
GPR153	447	0	447
ACOT7	763	1	762
HES2	282	0	282
ESPN	234	13	238
MIR4252	0	0	0
TNFRSF25	61	10	68
PLEKHG5	160	0	160
NOL9	219	0	219
TAS1R1	0	0	0
LOC107984912	0	0	0
ZBTB48	199	5	194
KLHL21	459	0	459
LOC107984913	2	0	2
PHF13	392	1	391
THAP3	159	582	173
DNAJC11	708	14	1290
LINC01672	0	0	0
LOC124904847	0	0	0
CAMTA1-DT	12	1	11
CAMTA1	392	0	392
LOC124903832	2	0	2
CAMTA1-AS3	0	0	0
CAMTA1-IT1	0	0	0
CAMTA1-AS2	0	0	0
CAMTA1-AS1	0	0	0
LOC105376691	2	2	0
LOC105376689	0	0	0
VAMP3	1230	0	1230
PER3	54	0	62
LOC124903833	0	8	0
UTS2	0	0	0
TNFRSF9	7	0	7
PARK7	3046	1	3045
LOC124903834	7	1	6
ERRFI1	787	1	786
ERRFI1-DT	1	0	1
LOC107984915	0	0	0
LINC01714	0	0	0
LOC105376695	0	0	0
LINC03154	0	0	0
SLC45A1	1	1	0
RERE	897	5	892
RERE-AS1	0	0	0
SNORD128	0	0	0
LOC124900452	0	0	0
ENO1	43625	17	43622
MIR6728	0	0	0
ENO1-AS1	30	43	1
LINC03153	0	0	0
CA6	0	0	0
SLC2A7	0	0	0
SLC2A5	66	0	66
LOC124900441	0	0	0
GPR157	331	0	331
MIR34AHG	68	2	67
MIR34A	0	0	0
LNCTAM34A	3	0	4
H6PD	848	0	850
LOC124903836	0	2	0
SPSB1	301	0	301
LINC02606	5	0	5
SLC25A33	187	0	187
TMEM201	387	0	387
LOC124903837	0	0	0
PIK3CD	67	24	71
LOC105376712	0	0	0
PIK3CD-AS1	0	0	0
PIK3CD-AS2	2	0	2
LOC124903839	0	4	0
CLSTN1	2572	1	2595
CTNNBIP1	61	0	150
CTNNBIP1-AS1	0	57	0
LOC105376717	1	33	0
LOC124903838	0	0	0
LZIC	236	2	238
NMNAT1	112	5	111
TMEM274P	0	0	0
MIR5697	0	0	0
LOC124903840	0	0	0
RBP7	0	0	0
UBE4B	829	1	828
KIF1B	632	5	627
PGD	2390	1	2389
CENPS-CORT	0	0	0
CENPS	2	0	2
CORT	3	2	1
DFFA	818	0	818
PEX14	348	0	348
CASZ1	184	0	184
LOC105376733	0	0	0
LOC105376735	0	0	0
CIROZ	1	0	1
TARDBP	2792	3	2792
MASP2	4	6	1
SRM	1362	1	1361
EXOSC10	1516	14	1586
EXOSC10-AS1	2	72	14
MTOR	1492	2	1561
MTOR-AS1	0	71	0
LOC124904848	0	0	0
ANGPTL7	1	1	0
UBIAD1	297	0	297
LOC105376737	0	0	0
LOC105376739	0	0	0
LOC105376740	0	0	0
LOC124903841	0	0	0
DISP3	8	0	8
LOC124903842	0	0	0
LINC01647	0	0	0
FBXO2	53	0	62
FBXO44	147	13	143
FBXO6	7	7	0
MAD2L2	696	1	695
DRAXIN	0	0	0
AGTRAP	542	0	542
C1orf167	0	109	54
C1orf167-AS1	0	0	0
MTHFR	148	57	254
CLCN6	155	0	155
NPPA-AS1	3	0	7
NPPA	1	5	0
NPPB	0	0	0
RNU5E-1	0	0	0
LOC124903843	0	0	0
KIAA2013	1714	1	1713
PLOD1	3903	7	3896
MFN2	2146	5	2141
MIIP	665	0	665
MIR6729	0	0	0
TNFRSF8	43	0	43
MIR7846	0	0	0
TNFRSF1B	1	0	1
LOC124903844	0	0	0
MIR4632	0	0	0
VPS13D	826	2	824
LOC124903845	0	0	0
SNORA59A	1	0	1
LINC02766	0	0	0
DHRS3	655	0	655
MIR6730	0	0	0
AADACL4	0	0	0
LOC124903846	1	0	1
AADACL3	0	0	0
LOC124904811	0	0	0
CFAP107	0	0	0
PRAMEF12	0	0	0
PRAMEF1	0	0	0
LINC01784	0	0	0
PRAMEF11	0	0	0
HNRNPCL1	0	0	0
PRAMEF2	0	0	0
PRAMEF4	0	0	0
PRAMEF10	0	0	0
PRAMEF7	0	0	0
PRAMEF6	0	0	0
PRAMEF27	0	0	0
HNRNPCL3	0	0	0
PRAMEF25	0	0	0
PRAMEF34P	0	0	0
HNRNPCL2	0	0	0
PRAMEF36P	0	0	0
PRAMEF26	0	0	0
HNRNPCL4	0	0	0
PRAMEF9	0	0	0
PRAMEF13	0	0	0
PRAMEF18	0	0	0
PRAMEF5	0	0	0
PRAMEF8	0	0	0
PRAMEF33	0	0	0
PRAMEF15	0	0	0
PRAMEF14	0	0	0
PRAMEF19	0	0	0
PRAMEF17	0	0	0
PRAMEF20	0	0	0
LRRC38	0	0	0
LOC102724856	0	0	0
LOC107984918	0	0	0
PDPN	0	0	0
LOC105378612	0	0	0
LOC105376756	0	0	0
LOC124900446	0	0	0
PRDM2	195	1	194
KAZN	27	5	27
LOC107985467	0	0	0
LOC124903847	0	0	0
KAZN-AS1	0	0	0
LOC124903850	0	0	0
LOC105376759	0	0	0
LOC124903848	0	0	0
LOC107985469	0	0	0
LOC124903849	0	0	0
TMEM51-AS1	4	0	9
TMEM51	143	0	143
TMEM51-AS2	0	0	0
FHAD1	11	15	12
LOC124903853	11	0	20
LOC124903852	11	0	11
FHAD1-AS1	7	7	7
LOC124903851	7	0	7
EFHD2-AS1	4	1	4
EFHD2	2239	10	2230
CTRC	0	0	0
CELA2A	0	0	1
LOC105376767	0	1	0
CELA2B	3	6	0
CASP9	545	1	547
DNAJC16	258	12	253
SCARNA21B	0	0	0
AGMAT	110	8	109
LOC124903854	5	3	2
DDI2	356	0	356
RSC1A1	0	0	0
PLEKHM2	948	1	947
SLC25A34	5	1	6
SLC25A34-AS1	0	1	1
TMEM82	5	0	5
FBLIM1	232	0	232
UQCRHL	355	1	354
SPEN-AS1	48	0	48
SPEN	1209	0	1209
LOC124904815	0	0	0
ZBTB17	323	5	318
LOC124903855	4	4	0
SRARP	0	0	0
HSPB7	803	3	800
CLCNKA	27	0	27
CLCNKB	1	0	1
FAM131C	135	0	135
EPHA2	1463	0	1463
EPHA2-AS1	16	0	16
ARHGEF19	0	0	0
ANO7L1	0	0	0
CPLANE2	0	0	0
FBXO42	0	0	0
SZRD1	0	0	0
SPATA21	0	0	0
NECAP2	0	0	0
LINC01772	0	0	0
CROCCP3	1	0	1
RNU1-1	0	0	0
TRN-GTT5-1	0	0	0
LINC01783	0	0	0
TRE-TTC4-1	0	0	0
LOC124903856	0	0	0
TRG-CCC1-1	0	0	0
NBPF1	31	0	31
CROCCP2	17	0	17
MST1P2	1	0	1
RNU1-3	0	0	0
LOC124903857	0	0	0
TRG-CCC4-1	0	0	0
ESPNP	1	1	0
LOC124903858	0	0	0
TRG-CCC5-1	0	0	0
LOC124903859	0	0	0
RNU1-4	0	0	0
MST1L	0	0	0
MIR3675	0	0	0
TRG-CCC1-2	0	0	0
LINC03126	0	0	0
TRE-TTC3-1	0	0	0
LOC105376805	0	0	0
TRN-GTT4-1	0	0	0
RNU1-2	0	0	0
CROCC	0	0	0
MFAP2	0	0	0
LOC105376806	0	0	0
ATP13A2	0	0	0
SDHB	0	0	0
PADI2	0	0	0
LOC124903861	0	0	0
LOC105376808	0	0	0
LINC02783	0	0	0
PADI1	0	0	0
PADI3	0	0	0
MIR3972	0	0	0
PADI4	0	0	0
PADI6	0	0	0
RCC2	0	0	0
RCC2-AS1	0	0	0
LOC124903862	0	0	0
LOC124904837	0	0	0
ARHGEF10L	557	0	557
LINC02810	0	0	0
ACTL8	31	0	31
LOC105376809	0	0	0
LOC105376812	0	0	0
LINC01654	0	0	0
IGSF21	0	0	0
IGSF21-AS1	0	0	0
LOC124903864	0	0	0
LOC124903863	0	0	0
LOC124903865	0	0	0
KLHDC7A	0	0	0
PAX7	0	0	0
TAS1R2	0	0	0
ALDH4A1	337	0	339
MIR4695	0	0	0
MIR1290	0	0	0
LOC124903866	2	2	2
IFFO2	134	2	132
LOC105376815	0	0	0
UBR4	3842	2	3840
EMC1-AS1	2	129	4
EMC1	1205	6	1330
MRTO4	947	10	937
AKR7L	20	0	20
AKR7A3	19	0	19
LOC124903867	5	7	0
LOC100506730	48	0	48
AKR7A2	625	0	627
SLC66A1	196	1	195
CAPZB	1534	1	1533
LOC124903868	0	0	0
LOC124903869	0	0	0
LOC105376819	1	1	0
LOC105376818	0	0	0
LOC105376817	0	0	0
LOC124904816	0	0	0
MICOS10-DT	0	0	0
MICOS10-NBL1	0	0	0
MICOS10	160	0	160
RPS14P3	25	0	25
NBL1	3	1	2
HTR6	1	0	1
TMCO4	441	0	441
RNF186	0	0	0
RNF186-AS1	0	0	0
LOC105376823	0	0	0
OTUD3	283	0	283
PLA2G2E	0	0	0
PLA2G2A	0	0	0
PLA2G5	0	0	0
PLA2G2D	0	0	0
PLA2G2F	0	0	0
LOC117779438	0	0	0
PLA2G2C	0	0	0
UBXN10	0	0	0
LOC105376825	1	1	0
LOC105376826	0	0	0
LINC01757	0	0	0
LOC105376828	0	0	0
VWA5B1	0	0	0
LOC124903870	0	0	0
LINC01141	0	0	0
LOC124903871	0	0	0
CAMK2N1	121	0	121
MUL1	422	3	419
FAM43B	0	0	0
CDA	884	1	883
PINK1	345	32	1620
MIR6084	0	0	0
PINK1-AS	12	1280	39
DDOST	2391	8	2383
KIF17	4	2	2
SH2D5	19	0	19
HP1BP3	2233	0	2233
EIF4G3	1195	2	1193
LOC105376830	1	1	0
LOC105376829	0	0	0
MIR1256	0	0	0
ECE1	1934	2	1932
LOC124903872	0	0	0
ECE1-AS1	0	0	0
LOC105376832	0	0	0
NBPF3	28	0	28
ALPL	0	0	0
LINC02596	0	0	0
RAP1GAP	260	0	260
USP48	934	4	930
LDLRAD2	1	1375	1
HSPG2	3828	7	5196
CELA3B	0	0	0
CELA3A	0	0	0
LINC01635	1	0	1
LINC00339	120	0	120
CDC42	2022	2	2020
WNT4	0	1	0
LOC105376845	0	0	1
LOC105376850	1	0	1
LOC107985377	0	0	0
MIR4418	0	0	0
LOC105376856	0	0	0
ZBTB40	567	0	567
EPHA8	1	0	1
MIR6127	0	0	0
C1QA	0	0	0
C1QC	0	0	0
C1QB	0	0	0
EPHB2	32	0	35
MIR4684	0	0	0
MIR4253	0	3	0
LOC124903874	0	0	0
LACTBL1	0	0	0
TEX46	3	0	3
KDM1A	2087	16	2072
MIR3115	0	0	0
LUZP1	634	2	633
HTR1D	106	0	106
LINC01355	0	0	0
HNRNPR	0	0	0
ZNF436	0	0	0
ZNF436-AS1	0	0	0
TCEA3	0	0	0
LOC124903875	0	0	0
ASAP3	0	0	0
E2F2	0	0	0
LOC101928163	0	0	0
LOC124903876	0	0	0
LOC105376859	0	0	0
ID3	0	0	0
LOC107984928	5	0	5
MDS2	0	0	0
RPL11	6948	2	6946
ELOA	533	41	612
ELOA-AS1	1	83	38
PITHD1	385	0	385
LOC105376860	2	3	0
LYPLA2	1082	0	1083
GALE	932	1	931
HMGCL	341	0	341
LOC105376861	0	0	0
FUCA1	241	0	241
CNR2	0	0	0
MIR378F	0	0	0
LOC124903877	0	0	0
PNRC2	1262	0	1262
SRSF10	2186	0	2186
LOC105378615	0	0	0
LOC105376863	3	0	3
LOC107984931	0	1	0
MYOM3	19	0	21
MYOM3-AS1	0	0	0
LOC124903878	0	1	0
LOC105376864	0	0	0
IL22RA1	20	0	20
LOC124903879	0	0	0
IFNLR1	0	0	0
LINC02800	1	0	1
GRHL3-AS1	0	0	0
GRHL3	1	1	0
STPG1	110	1	117
NIPAL3	225	8	225
RCAN3AS	0	0	1
RCAN3	100	1	132
NCMAP-DT	0	32	0
NCMAP	0	0	0
SRRM1	2030	0	2030
LOC124904829	0	0	0
CLIC4	2067	0	2067
LOC105376876	0	0	0
RUNX3	95	0	95
MIR6731	0	0	0
RUNX3-AS1	3	0	3
MIR4425	0	0	0
LINC02793	0	0	0
LOC124903880	0	0	0
SYF2	464	0	464
LOC124903881	12	1	11
RSRP1	633	6	656
LOC105376882	0	0	0
RHD	4	33	0
TMEM50A	999	0	1015
LOC124904823	0	0	0
RHCE	1	16	1
MACO1	333	0	333
LDLRAP1	603	0	603
MAN1C1	15	0	15
SELENON	1039	8	1031
MTFR1L	255	23	535
LOC646471	24	119	0
AUNIP	159	204	163
PAQR7	216	2	214
STMN1	2597	0	2597
MIR3917	0	0	0
LOC105376885	0	0	0
PAFAH2	155	0	155
LOC124900433	0	0	0
EXTL1	2	2	0
SLC30A2	0	0	0
LOC105376910	0	0	0
TRIM63	0	0	0
PDIK1L	142	1	141
FAM110D	26	0	26
C1orf232	0	0	0
ZNF593OS	3	276	0
ZNF593	3	0	276
CNKSR1	274	0	274
CATSPER4	0	0	0
LOC124903882	1	0	1
ZPLD2P	0	0	0
CEP85	424	3	421
SH3BGRL3	925	2	923
UBXN11	658	2	656
CD52	0	0	0
CRYBG2	16	0	16
ZNF683	0	0	0
LIN28A	2	0	2
LOC124903883	5	0	5
DHDDS	291	4	287
DHDDS-AS1	2	0	2
HMGN2	1758	4	1754
LOC124903884	0	0	0
RPS6KA1	0	0	0
MIR1976	0	0	0
LOC124904769	0	0	0
LOC124904813	0	0	0
LOC105376888	0	0	0
LOC124900417	3	6	1
LOC101928728	0	0	0
ARID1A	927	5	926
PIGV	153	0	153
ZDHHC18	245	2	243
SFN	2254	3	2251
GPN2	377	0	404
GPN2-AS1	0	27	0
GPATCH3	150	2	175
NUDC	1565	25	1567
NR0B2	0	0	0
KDF1	0	0	0
OSTCP2	0	0	0
TRNP1	27	1	26
TENT5B	206	0	206
LOC101928391	0	0	0
SLC9A1	443	0	443
LOC102723760	0	0	0
WDTC1-DT	0	0	0
WDTC1	543	0	543
TMEM222	338	0	338
ACTG1P20	23	0	23
SYTL1	2	2	0
MAP3K6	369	1	368
FCN3	0	0	0
CD164L2	0	0	0
GPR3	22	2	20
WASF2	2002	2	2000
LOC105376892	2	0	2
AHDC1	599	0	599
FGR	2	0	2
LINC02574	0	0	0
IFI6	709	0	709
FAM76A	66	0	66
STX12	134	0	134
LOC124903885	0	64	0
PPP1R8	581	0	645
SCARNA1	0	0	0
THEMIS2	0	0	0
RPA2	786	0	786
SMPDL3B	31	0	31
XKR8	89	0	89
EYA3	214	0	214
PTAFR	7	0	7
DNAJC8	1221	0	1221
ATP5IF1	0	0	0
SESN2	0	0	0
MED18	0	0	0
PHACTR4	713	1	712
SNHG3	912	0	912
RCC1	1265	2	1263
SNORA73A	103	0	103
SNORA73B	52	0	52
LOC124904836	0	0	0
TRNAU1AP	363	2	363
SNHG12	243	1	244
SNORD99	8	0	8
SNORA61	0	0	0
SNORA44	0	0	0
SNORA16A	7	0	7
RAB42	439	0	439
TAF12	142	0	142
TAF12-DT	2	0	2
RNU11	0	0	0
GMEB1	141	0	141
LOC124904809	0	0	0
YTHDF2	1027	3	1024
OPRD1	0	0	0
EPB41	611	2	690
LOC124903886	0	0	0
TMEM200B	3	79	5
SRSF4	1143	14	1129
MECR	280	0	280
LOC124903887	0	0	0
PTPRU	1197	1	1196
LINC01756	0	0	0
LOC107984933	0	0	0
LOC107984934	0	0	0
LINC01648	0	0	0
LOC105378617	0	0	0
LOC105378618	0	0	0
LOC124903888	0	0	0
MATN1	2	22	1
MATN1-AS1	16	0	37
LAPTM5	15	1	14
MIR4420	0	0	0
LOC105378620	0	0	0
LOC105378621	0	0	0
LINC01778	0	0	0
LOC400748	0	0	0
SDC3	604	3	601
PUM1	1589	0	1589
SNORD103A	1	0	1
SNORD103B	1	0	1
SNORD103C	1	0	1
LOC124904579	0	0	0
LOC107984935	0	0	0
NKAIN1	12	0	12
SNRNP40	1093	0	1093
ZCCHC17	779	1	778
FABP3	19	18	1
LOC124903892	4	0	4
LOC105378623	2	2	0
SERINC2	1222	0	1747
LOC124903900	4	529	0
LOC105378625	2	0	2
LOC105379772	0	0	0
LDC1P	0	0	0
LINC01226	0	0	0
LOC124903917	1	0	1
LOC105378626	7	2	6
TINAGL1	228	0	229
HCRTR1	2	329	0
PEF1	354	2	754
PEF1-AS1	2	55	1
COL16A1	117	1	155
LOC101929444	4	3	3
ADGRB2	805	0	805
MIR4254	0	0	0
LOC124903930	1	0	1
SPOCD1	26	0	26
PTP4A2	5417	16	5401
LOC128031832	0	0	0
KHDRBS1	3229	2	3227
TMEM39B	301	0	301
MIR5585	0	0	0
KPNA6	1882	0	1882
TXLNA	560	2	558
CCDC28B	29	14	15
IQCC	124	17	109
DCDC2B	3	24	1
TMEM234	109	0	134
EIF3I	3243	120	3195
MTMR9LP	208	25	255
FAM167B	140	0	140
LCK	0	0	0
HDAC1	1419	1	1418
MARCKSL1	1953	1	1954
LOC124903949	1	3	0
LOC105378629	1	1	0
LOC124903933	32	4	33
FAM229A	108	2	127
TSSK3	129	154	1
BSDC1	836	0	843
ZBTB8B	0	0	0
ZBTB8A	192	5	188
LOC124903952	0	0	0
LOC102723870	10	0	10
ZBTB8OS	328	0	329
RBBP4	1513	239	2334
SYNC	121	850	331
NHSL3	2127	6	2124
YARS1	2619	0	2626
S100PBP	721	8	717
FNDC5	8	8	0
LOC105378631	0	0	0
HPCA	4	0	4
TMEM54	5	0	5
LOC105378632	0	0	0
RNF19B	313	0	313
LOC107984936	1	0	1
AK2	4449	0	4449
LOC124903969	0	0	0
LOC105378635	0	0	0
AZIN2	2	14	0
ZNF362	375	1	374
TRIM62	115	0	127
A3GALT2	3	1	3
PHC2	804	8	796
MIR3605	0	0	0
PHC2-AS1	1	0	2
ZSCAN20	162	0	162
CSMD2	0	0	0
LOC124903976	0	0	0
HMGB4	0	0	0
CSMD2-AS1	0	0	0
C1orf94	0	0	0
LOC105378639	0	0	0
LOC105378641	0	0	0
MIR552	0	0	0
LOC105378642	5	0	5
GJB5	23	0	23
GJB4	0	0	0
GJB3	102	0	102
GJA4	0	0	0
SMIM12	603	0	603
DLGAP3	0	0	0
GPR199P	32	0	32
TMEM35B	182	3	179
ZMYM6	263	1	262
LOC124903990	0	0	0
ZMYM1	326	0	326
LOC105378644	0	0	0
SFPQ	5280	11	5269
ZMYM4	1145	0	1169
LOC124900419	0	0	0
ZMYM4-AS1	2	26	0
KIAA0319L	1125	2	1124
NCDN	535	1	535
TFAP2E-AS1	3	2	2
TFAP2E	16	4	14
PSMB2	2815	0	2815
LOC105378646	0	0	0
C1orf216	408	3	405
CLSPN	575	1	673
CLSPN-AS1	0	99	2
CLSPN-DT	1	0	1
AGO4	134	0	134
AGO1	599	8	591
AGO3	390	3	406
LOC105378647	0	19	0
TEKT2	0	0	0
ADPRS	574	0	574
COL8A2	0	0	0
TRAPPC3	1022	7	1020
MAP7D1	2425	20	2410
THRAP3	2109	0	2109
SH3D21	156	32	214
EVA1B	0	58	32
STK40	248	0	248
LOC124904012	26	24	2
LSM10	355	0	355
LOC124904013	0	0	0
OSCP1	26	0	26
SNORA63C	0	0	0
LOC107984940	0	0	0
MRPS15	1553	0	1553
CSF3R	2	0	2
LOC107984941	0	0	0
LOC105378648	0	0	0
LOC124904023	0	0	0
GRIK3	0	0	0
LOC124904027	0	0	0
MIR4255	0	0	0
LOC107984942	1	0	1
LITATS1	207	0	208
ZC3H12A	779	6	774
MIR6732	2	0	2
MEAF6	773	0	773
MIR5581	2	0	2
LOC105378649	0	0	0
SNIP1	402	0	402
DNALI1	5	2	4
GNL2	1290	0	1291
RSPO1	0	0	0
AIRIM	356	0	356
CDCA8	637	0	637
EPHA10	0	0	0
LOC124904835	0	0	0
LOC105378650	0	0	0
MANEAL	549	0	549
YRDC	373	257	652
C1orf122	417	304	649
MTF1	226	2	224
INPP5B	376	2	395
LOC124904043	0	0	0
LOC105378651	0	21	0
SF3A3	2111	0	2111
FHL3	310	1	309
UTP11	535	0	535
POU3F1	0	0	0
MIR3659HG	0	0	0
MIR3659	0	0	0
LINC02786	0	0	0
LOC105378654	0	0	0
LINC01343	0	0	0
LOC105378657	0	0	0
LOC107984943	0	0	0
LINC01685	0	0	0
LOC105378658	0	0	0
LOC105378660	0	0	0
RRAGC	570	0	570
RRAGC-DT	1	1	5
GJA9-MYCBP	0	3	0
MYCBP	0	0	0
GJA9	0	0	0
RHBDL2	30	0	42
LOC105378662	0	12	0
AKIRIN1	1379	2	1377
NDUFS5	1710	0	1710
LOC124904088	10	0	10
MACF1	2344	1	2345
LOC124904101	0	2	0
BMP8A	26	37	10
OXCT2P1	3	0	3
PPIEL	51	0	72
PABPC4	2159	3	3264
PABPC4-AS1	13	1121	1
SNORA55	2	0	2
HEYL	0	0	0
NT5C1A	0	0	0
HPCAL4	3	0	3
PPIE	889	33	897
BMP8B	266	26	285
OXCT2	20	0	20
BMP8B-AS1	0	0	0
LOC101929536	19	4	19
LOC130932201	0	0	1
LINC02811	0	1	0
LOC105378667	0	0	0
TRIT1	577	0	599
MYCL-AS1	1	37	0
MYCL	72	0	86
MFSD2A	53	0	53
LOC105378669	8	3	9
CAP1	1679	6	3941
PPT1	1897	2265	1896
LOC105378671	1	0	1
RLF	584	0	584
TMCO2	0	0	0
ZMPSTE24	1603	0	1603
COL9A2	10	0	10
SMAP2	615	0	615
ZFP69B-DT	1	1	0
ZFP69B	12	0	12
ZFP69	0	0	0
EXO5-DT	0	0	0
EXO5	0	0	0
LOC124904149	0	0	0
ZNF684	64	0	64
LOC105378673	0	0	0
RIMS3	65	0	65
LOC105378675	6	6	0
NFYC-AS1	53	114	62
NFYC	979	17	1093
MIR30E	0	0	0
MIR30C1	0	0	0
KCNQ4	40	0	40
LOC105378676	0	0	0
CITED4	3323	4	3319
LOC124904157	1	0	1
CTPS1	2032	1	2031
SLFNL1-AS1	23	156	43
SLFNL1	11	32	4
SCMH1	609	14	746
SCMH1-DT	0	0	0
LOC124904158	0	0	0
LOC124904159	0	0	0
FOXO6	28	2	26
FOXO6-AS1	0	0	0
LOC105378678	0	0	0
EDN2	684	0	684
HIVEP3	106	0	106
LOC128125817	0	0	0
LOC124904160	0	0	0
LOC124904161	0	0	0
GUCA2B	0	0	0
GUCA2A	0	0	0
FOXJ3	919	1	918
RIMKLA	0	0	0
ZMYND12	2	0	2
CCDC30	13	0	13
PPCS	378	0	378
LOC124904162	1	256	2
PPIH	151	2	406
YBX1	14740	14	14726
CLDN19	0	0	0
P3H1	1464	2	1462
C1orf50	92	0	101
TMEM269-DT	0	10	0
TMEM269	9	0	10
LOC107984946	1	1	0
SVBP	13	3	31
ERMAP	53	28	113
LOC124904163	7	11	7
ZNF691-DT	1	52	4
ZNF691	250	0	250
LOC339539	3	0	3
SLC2A1	3056	2	3055
SLC2A1-DT	34	4	31
CFAP144	0	0	0
EBNA1BP2	2026	2	2036
MIR6733	0	0	0
CFAP57	40	10	44
LOC105378685	0	2	0
LOC124904164	0	0	0
TMEM125	0	0	0
C1orf210	1	0	1
TIE1	0	0	0
MPL	6	2	4
CDC20-DT	10	0	10
CDC20	2621	1	2620
ELOVL1	1306	0	1306
MIR6734	0	0	0
LOC112268225	18	11	7
MED8	619	0	847
MED8-AS1	9	242	0
SZT2	797	459	1205
SZT2-AS1	0	157	0
MIR6735	0	0	0
HYI	0	281	429
HYI-AS1	1	0	1
PTPRF	7862	8	7854
KDM4A	796	33	1206
LOC124904165	3	86	4
KDM4A-AS1	37	362	32
ST3GAL3	210	0	211
ST3GAL3-AS1	0	0	0
LOC124904166	0	0	0
MIR6079	0	0	0
ARTN	25	0	25
LINC02918	5	0	5
LOC101929609	5	1	4
IPO13	601	0	601
DPH2	691	1	691
LOC124904167	5	11	0
ATP6V0B	2484	4	2485
B4GALT2	1405	17	1388
CCDC24	111	19	98
SLC6A9	1235	5	1236
LOC107984948	6	0	6
LOC124904168	3	3	0
KLF17	69	2	70
LOC124904169	6	1	8
KLF18	3	0	3
LOC124904170	3	0	3
DMAP1	793	4	789
ERI3	975	2	973
ERI3-IT1	15	2	13
SNORA110	0	0	0
RNF220	514	74	1081
MIR5584	0	0	0
LOC107984950	31	595	59
TMEM53	101	0	101
SNORD145	0	0	0
ARMH1	8	2	41
LOC105378690	2	34	3
RNU5F-1	0	0	0
RNU5D-1	0	0	0
KIF2C	2403	2	2401
SNORD160	0	0	0
RPS8	22953	9	22944
SNORD55	28	0	28
SNORD46	8	0	8
SNORD38A	2	0	2
SNORD38B	16	0	16
BEST4	17	0	17
PLK3	208	1	220
DYNLT4	11	20	4
BTBD19	32	0	32
PTCH2	24	0	24
LOC107984952	0	0	0
EIF2B3	526	0	526
HECTD3	1518	1	1517
UROD	1664	1	1664
ZSWIM5	252	14	239
LOC105378691	0	0	0
LINC01144	24	0	24
HPDL	1277	1	1276
MUTYH	354	73	363
TOE1	554	10	654
TESK2	75	29	74
CCDC163	71	0	71
MMACHC	338	3154	337
PRDX1	7461	20	10594
AKR1A1	1154	0	1154
NASP	2496	7	2489
CCDC17	15	0	15
GPBP1L1	1192	1	1191
RPS15AP10	0	0	0
TMEM69	1059	7	1074
IPP	164	20	166
LOC105378693	0	0	0
MAST2	1691	2	1689
LOC105378694	1	1	0
P3R3URF-PIK3R3	0	0	0
PIK3R3	62	3	61
LOC124904171	0	0	0
LOC101929626	5	0	5
TSPAN1	107	4	107
P3R3URF	0	0	0
POMGNT1	1373	3	1372
LURAP1	0	0	0
RAD54L	517	37	681
LRRC41	1712	183	1731
UQCRH	3024	1	3024
NSUN4	404	0	404
FAAH	55	0	55
FAAHP1	9	0	9
LINC01398	0	0	0
DMBX1	109	0	109
TMEM275	0	0	0
MKNK1-AS1	9	112	0
KNCN	0	0	0
MKNK1	299	0	402
MOB3C	139	0	139
LOC105378697	0	0	0
ATPAF1	1291	1	1290
TEX38	1	0	1
EFCAB14-AS1	1	78	0
EFCAB14	1456	0	1533
LOC105378698	2	0	2
LOC105378699	1	1	0
CYP4B1	6	0	6
CYP4Z2P	0	0	0
CYP4A11	0	0	0
CYP4X1	42	1	41
LOC124904172	0	0	0
CYP4Z1	2	1	1
CYP4A22-AS1	13	4	11
CYP4A22	2	2	0
LINC00853	0	0	2
PDZK1IP1	45	0	45
TAL1	0	0	0
STIL	709	0	709
CMPK1	1963	5	1958
LINC01389	32	4	28
FOXE3	1	0	1
FOXD2-AS1	58	0	58
FOXD2	31	0	31
LOC124904173	0	0	0
LINC01738	0	0	0
LOC124904174	0	0	0
TRABD2B	150	18	132
LINC02794	2	0	2
SKINT1L	0	0	0
SLC5A9	0	0	0
SPATA6	0	0	0
LOC124904175	0	0	0
AGBL4	0	0	0
BEND5	0	0	0
LOC105378706	0	0	0
AGBL4-AS1	0	0	0
AGBL4-IT1	0	0	0
LOC107984954	0	0	0
LOC105378708	0	0	0
ELAVL4	0	0	0
LOC105378709	0	0	0
ELAVL4-AS1	0	0	0
LOC105378711	0	0	0
LOC105378710	0	0	0
LINC02808	0	0	0
DMRTA2	6	0	6
LOC105378714	0	0	0
FAF1	1455	0	1640
FAF1-AS1	27	212	0
LOC124904727	0	0	0
CDKN2C	993	53	940
MIR4421	0	0	0
MIR6500	0	0	0
C1orf185	0	0	0
LINC01562	2	0	2
LOC124904818	0	0	0
RNF11	979	0	979
TTC39A	4	1	3
LOC124904177	0	0	0
TTC39A-AS1	0	0	0
EPS15	614	0	614
OSBPL9	1676	12	1675
EPS15-AS1	0	0	0
CALR4P	0	0	0
LOC105378719	0	0	0
LOC124900447	0	0	0
NRDC	3045	12	3044
MIR761	0	0	0
RAB3B	0	0	0
TXNDC12	880	6	876
KTI12	0	0	0
TXNDC12-AS1	1	1	0
BTF3L4	1180	0	1182
LOC107984956	4	0	4
ZFYVE9	425	3	423
CC2D1B	692	14	679
ORC1	987	6	981
PRPF38A	1207	1	1206
TUT4	1176	0	1176
LOC105378723	0	0	0
GPX7	0	0	0
LOC124904178	0	0	0
SHISAL2A	0	0	0
COA7	661	1	660
ZYG11B	392	0	392
ZYG11A	381	1	380
ECHDC2	425	68	358
SCP2	988	0	989
PODN	0	0	0
SLC1A7	0	0	0
LOC105379783	0	0	0
LOC105378724	0	0	0
CPT2	864	11	887
CZIB	240	31	296
CZIB-DT	0	53	0
MAGOH	194	0	194
MAGOH-DT	1	32	2
LRP8	1164	4	1320
LOC105378728	13	138	2
LOC105378726	4	4	0
LRP8-DT	0	0	0
LOC105378731	0	0	0
LINC02812	0	0	0
SLC25A3P1	0	0	0
LOC105378733	0	0	0
DMRTB1	0	0	0
GLIS1	39	0	39
LOC124904179	1	0	1
NDC1	1795	0	1795
LOC124900439	1	0	1
YIPF1	466	0	466
DIO1	3	3	0
LOC124904180	0	0	0
IFT25	511	13	512
LOC124904181	2	3	0
LRRC42	1059	0	1072
LDLRAD1	0	0	0
TMEM59	3339	0	3339
TCEANC2	197	0	197
MIR4781	0	0	0
CDCP2	4	0	4
CYB5RL	142	0	142
MRPL37	3230	13	3229
SSBP3	1071	6	1077
SSBP3-AS1	10	6	4
LOC105378735	0	0	0
LINC02784	0	0	0
ACOT11	55	0	76
FAM151A	3	24	0
MROH7-TTC4	1	0	1
MROH7	2	0	2
TTC4	1	0	1
PARS2	182	0	182
TTC22	1	0	1
LOC124904182	0	0	0
CIMAP2	3	1	2
LOC124904183	13	0	13
DHCR24	7020	14	7013
DHCR24-DT	23	0	27
LOC124904184	0	0	3
TRK-CTT7-1	0	0	0
LOC105378736	2	1	1
TMEM61	9	0	9
BSND	7	6	1
PCSK9	3605	1	3604
USP24	2014	51	1963
LOC100507634	11	0	11
MIR4422HG	0	0	0
MIR4422	0	0	0
LOC105378740	0	0	0
LINC01753	0	0	0
LINC01755	0	0	0
LOC105378737	0	0	0
LOC105378741	0	0	0
LOC124904591	0	0	0
LOC124904188	0	0	0
LOC124904187	0	0	0
LOC124904190	0	0	0
LOC124904186	0	0	0
LOC124904185	2	0	2
LINC01767	0	0	0
LOC124904189	0	0	0
PLPP3	349	0	349
LOC101929935	0	2	0
PRKAA2	546	2	546
FYB2	7	7	0
C8A	0	0	0
C8B	0	0	0
LOC112267900	0	0	0
DAB1	0	0	0
LOC105378748	0	0	0
LOC105378747	0	0	0
DAB1-AS1	0	0	0
LOC105378746	0	0	0
LOC107984960	0	0	0
OMA1	246	0	246
TACSTD2	0	0	0
MYSM1	667	0	667
LOC112268263	0	0	0
LOC124904191	0	0	0
LOC105378751	0	0	0
JUN	3069	0	3069
JUN-DT	11	0	11
LOC101926907	7	1	6
LOC107984961	0	0	0
LINC02777	7	0	7
LINC01358	3	0	3
HSD52	0	0	0
FGGY-DT	8	0	10
FGGY	120	2	120
LOC124904192	0	0	0
MIR4711	0	0	0
LOC105378758	0	0	0
LOC101926944	0	0	0
HOOK1	133	0	133
CYP2J2	0	0	0
C1orf87	0	0	0
LINC02778	0	0	0
LOC107984963	0	0	0
LOC105378761	0	0	0
LOC107984962	0	0	0
LOC107985379	0	0	0
LINC01748	0	0	0
LOC124904193	0	0	0
LOC101926964	0	0	0
LOC105378764	0	0	0
NFIA-AS2	0	0	0
NFIA	796	0	796
NFIA-AS1	2	1	1
LOC105378766	0	0	0
LOC107984964	0	0	0
MGC34796	0	0	0
TM2D1	608	1	607
PATJ-DT	0	10	7
PATJ	962	7	972
MIR12132	0	0	0
LOC107984965	0	0	0
MIR3116-1	0	0	0
MIR3116-2	0	0	0
L1TD1	0	0	0
KANK4	1	0	1
LOC105378768	0	0	0
USP1	2574	1	2573
DOCK7	1293	2	1291
ANGPTL3	3	3	0
DOCK7-DT	1	0	1
LOC124904194	5	0	5
ATG4C	336	0	336
LINC01739	0	0	0
LINC00466	3	0	3
LOC105378770	0	0	0
FOXD3-AS1	17	1	17
FOXD3	3	0	4
MIR6068	0	0	0
LOC124904741	0	0	0
ALG6	495	1	494
ITGB3BP	1044	0	1046
LOC102724319	1	1	0
EFCAB7	324	0	324
DLEU2L	8	0	8
PGM1	6826	6	6822
LOC105378771	3	0	3
ROR1	95	0	95
LOC105378772	0	0	0
ROR1-AS1	0	0	0
LOC105378773	0	0	0
UBE2U	0	0	0
LOC105378774	0	0	0
LOC124904732	0	0	0
LOC107984966	0	0	0
CACHD1	18	0	18
LOC124904195	0	0	0
MIR4794	0	0	0
RAVER2	838	7	832
JAK1	5813	4	5810
LINC01359	2	0	2
MIR3671	8	0	8
MIR101-1	0	0	0
AK4	423	0	423
DNAJC6	261	0	261
DNAJC6-AS1	0	0	0
LOC112268227	0	0	0
LEPR	126	1	125
LEPROT	1223	0	1223
LOC124904827	0	0	0
PDE4B	252	0	252
PDE4B-AS1	0	0	0
LOC105378776	0	0	0
SGIP1	0	0	0
LOC124904196	0	0	0
MIR3117	0	0	0
DYNLT5	0	0	0
INSL5	0	0	0
DNAI4	18	0	20
MIER1	1030	10	1099
SLC35D1	667	82	662
C1orf141	0	0	0
LOC124900434	0	0	0
IL23R	0	0	0
IL12RB2	13	13	0
SERBP1	14148	7	14141
LINC01702	0	0	0
LOC105378780	0	1	0
LOC124904197	0	0	0
GADD45A	407	4	403
GNG12	3137	2	3137
LOC105378781	1	1	0
GNG12-AS1	34	126	11
LOC124900403	0	0	0
DIRAS3	12	0	12
WLS	2909	0	3011
MIR1262	0	0	0
LOC105378782	0	0	0
LOC124904198	0	0	0
RPE65	0	0	0
DEPDC1	906	0	1102
DEPDC1-AS2	18	214	0
DEPDC1-AS1	4	0	4
LOC107984967	0	0	0
LOC105378783	0	0	0
LINC01707	0	0	0
LOC105378787	0	0	0
LINC02791	0	0	0
LINC01758	0	0	0
LOC105378789	3	0	3
LRRC7	6	6	1
LOC124904199	0	0	0
PIN1P1	0	0	0
LRRC7-AS1	0	1	0
LRRC40	929	0	929
SRSF11	5586	0	5586
ANKRD13C	752	0	752
ANKRD13C-DT	129	0	129
LINC03102	9	7	2
CTH	304	0	304
LOC105378793	0	0	0
LOC105378794	0	0	0
LINC01788	0	0	0
LOC102724572	0	0	0
PTGER3	0	0	0
ZRANB2-AS1	15	646	1
ZRANB2	3127	1	3758
MIR186	7	0	7
ZRANB2-DT	5	0	5
LOC105378795	0	0	0
NEGR1	394	0	394
NEGR1-IT1	0	0	0
LOC105378797	7	1	6
LOC105378796	0	0	0
LOC105378798	2	0	2
LINC02796	0	0	0
LINC02797	0	0	0
LINC01360	0	0	0
LOC105378801	0	0	0
LOC107985391	0	0	0
LOC105378802	0	0	0
LINC02238	0	0	0
LRRIQ3	4	0	4
FPGT-TNNI3K	0	0	0
FPGT	319	0	319
TNNI3K	0	0	0
LRRC53	0	0	0
ERICH3	0	0	0
ERICH3-AS1	0	0	0
CRYZ	755	0	767
TYW3	936	13	935
LHX8-AS1	0	0	0
LHX8	0	0	0
SLC44A5	5	0	5
ACADM	2951	1	2952
DLSTP1	33	34	1
RABGGTB	2153	2	2151
SNORD45C	12	0	12
SNORD45A	19	0	19
SNORD45B	48	0	48
MSH4	2	0	2
ASB17	0	0	0
LOC105378806	0	0	0
LOC101927342	0	0	0
LOC124904200	0	0	0
ST6GALNAC3	0	0	0
LOC105378807	0	0	0
LOC124904201	0	0	0
LINC02567	0	0	0
ST6GALNAC5	0	0	0
MIR7156	0	0	0
PIGK	1569	2	1567
LOC105378808	41	0	41
AK5	1	0	1
LOC124904202	0	0	0
ZZZ3	1042	1	1041
USP33	2355	5	2350
MIGA1	512	4	508
NEXN-AS1	7	8	8
NEXN	108	1	116
FUBP1	3338	15	3334
DNAJB4	697	0	708
GIPC2	1	0	1
LOC107984997	0	0	0
MGC27382	0	0	0
PTGFR	1	0	1
IFI44L	415	0	415
IFI44	2552	0	2552
LOC124904203	3	0	3
ADGRL4	9	0	9
LOC107984998	0	0	0
LOC105378810	0	0	0
LOC105378812	0	0	0
LOC105378811	0	0	0
LINC02792	0	0	0
LINC01781	0	0	0
LOC105378813	0	0	0
LOC107985018	0	0	0
ADGRL2	0	0	0
LOC101927434	0	0	0
MED28P8	0	0	0
LOC124904204	0	0	0
LOC105378814	0	0	0
LOC107985396	0	0	0
LINC01362	0	0	0
LINC01361	0	0	0
LOC105378816	0	0	0
LINC01712	0	0	0
LOC107985043	0	0	0
LINC01725	0	0	0
LOC101927560	0	0	0
TTLL7	86	0	86
TTLL7-IT1	1	0	1
LOC124904205	0	0	0
PRKACB	696	0	696
LOC124904808	0	0	0
SAMD13	11	0	11
UOX	0	0	0
DNASE2B	0	0	0
RPF1	905	24	906
GNG5	2440	3	2466
SPATA1	5	188	2
CTBS	334	0	514
LOC105378819	2	2	0
LINC01461	2	0	2
LINC01555	0	0	0
LOC124904206	0	0	0
SSX2IP	1074	1	1073
LOC102724892	0	0	0
LPAR3	0	0	0
MCOLN2	0	0	0
MCOLN3	0	0	0
DNAI3	0	0	0
MIR4423	0	0	0
SYDE2	204	0	204
LOC124904207	7	0	7
LOC105378821	0	0	0
C1orf52	407	0	407
BCL10	344	3	392
BCL10-AS1	1	48	4
DDAH1	965	4	961
LOC124904208	2	0	2
CCN1	5823	7	5816
LOC124900422	0	0	0
LOC112268231	2	10	0
LOC107985057	0	0	8
ZNHIT6	649	0	649
LOC105378823	0	0	0
COL24A1	0	0	0
LINC02795	5	0	5
LOC105378825	1	0	1
ODF2L	604	0	604
MIR7856	0	0	0
CLCA2	49	1	48
CLCA1	0	0	0
LOC124904210	0	0	0
LOC105378827	0	0	0
LOC105378826	0	0	0
CLCA4	2	0	2
CLCA4-AS1	4	0	4
CLCA3P	1	0	1
SH3GLB1	1601	1	1600
LOC105378831	0	0	0
SELENOF	4260	0	4260
HS2ST1	1220	0	1220
LOC124904211	0	0	0
LINC01140	18	0	18
LINC02801	0	0	0
LMO4	2300	1	2299
LINC01364	1	1	0
LOC105378833	2	0	2
LOC105378834	1	0	1
LOC107985408	0	0	0
LOC105378835	0	0	0
LOC107985518	0	0	0
LOC124904212	1	0	1
LINC01773	0	0	0
LOC101927871	0	0	0
LOC105378836	0	0	0
LOC105378839	0	0	0
PKN2-AS1	2	1	1
LOC105378838	0	0	0
PKN2	2216	3	2213
LOC124904213	0	0	0
LOC124904214	5	0	5
GTF2B	728	1	727
KYAT3	493	0	493
RBMXL1	575	0	575
LOC124904215	0	0	0
GBP3	178	1	177
LOC105378841	8	0	8
GBP1	0	0	0
GBP2	40	0	56
LOC112268267	0	16	0
LOC105378842	0	0	0
GBP7	0	0	0
GBP4	6	0	6
LOC107985076	0	0	0
GBP5	2	0	2
LOC729930	0	0	0
GBP6	0	0	0
GBP1P1	0	0	0
LOC105378844	1	0	1
LRRC8B	201	0	201
LOC124904216	3	3	0
LOC128092251	0	0	0
LRRC8C	3	0	3
LRRC8C-DT	1	1	0
LOC107985743	0	0	0
LOC124904833	0	0	0
LOC107985744	0	0	0
LOC101927975	0	0	0
LRRC8D-DT	17	135	47
LRRC8D	2005	34	2136
LOC105378847	11	0	11
GEMIN8P4	81	2	79
ZNF326	955	0	955
LOC105378848	0	0	0
LOC105378849	0	0	0
LOC107985088	0	0	0
LOC105378850	0	0	0
LOC105378851	0	0	0
LINC02787	0	0	0
SNORD3G	0	0	0
BARHL2	0	0	0
LINC02609	1	0	1
LOC124904217	0	0	0
LINC02788	0	0	0
LINC01763	0	0	0
ZNF644	754	0	754
HFM1	0	0	0
LOC107985417	0	0	0
LOC105378856	0	3	0
CDC7	632	0	635
LOC102723436	2	2	0
TGFBR3	632	2	630
BRDT	0	0	0
LOC124904218	0	0	0
EPHX4	0	0	0
SETSIP	2	0	2
BTBD8	8	0	8
C1orf146	3	3	0
GLMN	377	20	357
RPAP2	501	0	501
GFI1	2	0	2
EVI5	439	0	439
RPL5	18950	13	18940
DIPK1A	266	37	232
SNORD21	5	0	5
SNORA66	20	2	18
LOC124904219	0	0	0
MTF2	918	2	916
TMED5	1620	21	1767
CCDC18	452	172	519
LOC107985521	6	70	7
CCDC18-AS1	96	0	96
DR1	1479	0	1479
FNBP1L	1239	1	1238
TRC-GCA7-1	0	0	0
BCAR3	1460	15	1640
BCAR3-AS1	1	195	0
LOC102723480	50	0	50
MIR760	2	2	0
TRR-TCT1-1	0	0	1
DNTTIP2	1787	0	1787
GCLM	541	0	541
LOC124904221	0	0	0
ABCA4	73	1	72
LOC124904222	0	0	0
LOC105378858	8	0	8
LOC124904821	0	0	0
ARHGAP29	725	0	725
ARHGAP29-AS1	0	0	0
ABCD3	1577	1	1576
F3	141	0	141
LOC124904223	2	0	2
MIR12133	0	0	0
LOC105378861	0	0	0
SLC44A3-AS1	0	0	0
MIR378G	0	0	0
SLC44A3	12	1	11
CNN3	2	0	2
CNN3-DT	0	0	0
ALG14	149	0	149
LOC124904224	1	0	1
LOC105378863	0	0	0
ALG14-AS1	0	0	0
TLCD4	474	0	474
TLCD4-RWDD3	10	0	10
RWDD3-DT	0	0	0
RWDD3	101	0	101
LINC01760	0	0	0
LOC105378864	0	0	0
LOC105379825	0	0	0
LINC01650	0	0	0
LOC107985420	0	0	0
LINC01761	0	0	0
LINC02607	0	0	0
LOC101928219	0	0	0
LOC124904592	0	0	0
LINC02790	0	0	0
LINC01787	0	0	0
LOC105378866	0	0	0
PTBP2	535	0	535
DPYD	422	0	477
DPYD-AS1	0	55	0
LOC105378867	1	1	0
LOC124904226	0	0	0
LOC124904225	0	0	0
DPYD-AS2	0	0	0
LINC01930	0	0	0
LOC124904227	0	0	0
MIR137HG	0	0	0
LOC124904228	0	0	0
MIR2682	0	0	0
MIR137	0	0	0
LOC124900404	0	0	0
LINC01776	0	0	0
LOC124904229	0	0	0
SNX7-DT	0	0	0
SNX7	3	0	3
PLPPR5	0	0	0
PLPPR5-AS1	0	0	0
PLPPR4	0	0	0
LOC107985093	0	0	0
LINC01708	0	0	0
PALMD	609	0	609
FRRS1	202	0	202
AGL	947	0	947
LOC124904230	63	0	68
SLC35A3	864	8	856
SLC71A1	2955	11	2950
SASS6	588	2	587
TRMT13	263	3	380
LRRC39	33	128	25
DBT	608	0	608
RTCA-AS1	12	0	12
RTCA	870	0	870
MIR553	0	0	0
CDC14A	63	1	62
LOC105379827	0	0	0
GPR88	1	0	1
LINC01349	0	0	0
LOC124904231	0	0	0
VCAM1	1	0	1
EXTL2	654	12	642
SLC30A7	839	3	838
DPH5	906	2	907
DPH5-DT	66	1	66
LOC124900440	0	0	0
LOC101928334	0	0	0
LOC124904817	0	0	0
S1PR1-DT	0	0	0
S1PR1	0	0	0
LOC102723784	0	0	0
LINC01307	0	0	0
LINC01709	6	6	0
OLFM3	0	0	0
DNAJA1P5	0	0	0
LOC107985095	0	0	0
LOC105378874	0	0	0
LOC112268286	0	0	0
LOC107985096	0	0	0
COL11A1	16	0	16
LOC124904593	0	0	0
RNPC3-DT	1	0	1
RNPC3	201	0	201
AMY2B	272	0	272
ACTG1P4	16	0	16
AMY2A	0	0	0
AMY1A	0	0	0
LOC124904594	0	0	0
AMY1B	0	0	0
LOC105378878	0	0	0
AMY1C	0	0	0
THAP3P1	0	0	0
LOC105378879	0	0	0
LOC105378880	0	0	0
LOC105378881	0	0	0
LINC01676	0	0	0
LOC105378882	0	0	0
LOC105378883	0	0	0
LINC01677	0	0	0
LOC124904595	0	0	0
LOC107985116	0	0	0
LOC105378886	0	0	0
LOC105378885	0	0	0
LOC124904596	0	0	0
LOC105378887	0	0	0
LOC124904232	0	0	0
LOC124904233	0	0	0
LINC01661	0	0	0
LOC105378888	0	0	0
PRMT6	267	2	265
NTNG1	0	0	0
VAV3	1101	0	1101
MIR7852	0	0	0
VAV3-AS1	0	0	0
LINC02785	0	0	0
SLC25A24	1	0	1
NBPF4	6	0	6
NBPF6	47	0	47
EEIG2	812	5	807
HENMT1	741	13	728
LOC105378890	10	0	10
PRPF38B	1579	1	1578
FNDC7	1	0	1
STXBP3	636	0	636
LOC105378891	4	6	3
AKNAD1	5	2	8
SPATA42	0	0	0
GPSM2	824	357	1154
CLCC1	505	372	820
WDR47	348	0	348
TAF13	252	1	251
TMEM167B-DT	6	0	9
TMEM167B	451	7	447
SCARNA2	2	0	2
CFAP276	3	3	0
ELAPOR1	98	0	98
SARS1	2679	0	2679
CELSR2	2655	9	2646
PSRC1	594	0	594
MYBPHL	0	0	0
SORT1	681	0	681
PSMA5	3140	1	3139
SYPL2	349	0	349
ATXN7L2	179	0	179
CYB561D1	200	0	200
AMIGO1	276	0	276
LOC105378893	0	0	0
GPR61	11	11	0
GNAI3	2196	1	2195
MIR197	0	0	0
GNAT2	8	8	0
AMPD2	1673	0	1673
GSTM4	251	0	251
GSTM2	8	0	8
GSTM1	0	0	0
GSTM5	0	0	0
GSTM3	1244	0	1244
EPS8L3	1	0	1
LOC124904258	0	0	0
LINC01768	0	0	0
CSF1	0	0	0
AHCYL1	3066	1	3065
STRIP1	594	0	608
LOC105378895	0	14	0
ALX3	225	225	0
LINC01397	10	0	10
UBL4B	2	0	2
SLC6A17	3	0	4
SLC6A17-AS1	0	1	0
KCNC4-DT	0	0	0
KCNC4	316	1	315
RBM15-AS1	1	0	10
LOC124904276	61	70	0
RBM15	540	0	540
SLC16A4	28	14	14
LAMTOR5	1106	12	1106
LAMTOR5-AS1	16	0	28
PROK1	0	0	0
LOC105378899	0	0	0
LOC105378898	0	0	0
CYMP	0	0	0
CYMP-AS1	0	0	0
KCNA10	0	0	0
LOC124904292	0	0	0
KCNA2	0	0	0
KCNA3	0	0	0
LOC107985174	0	0	0
LOC124904296	0	0	0
LOC105378901	0	0	0
CD53	6	2	4
LRIF1	120	0	120
DRAM2	739	2	992
CEPT1	603	253	609
DENND2D	2	5	1
CHI3L2	0	0	0
CHIAP2	0	0	0
CHIA	0	0	0
LOC105378903	0	0	0
CIMAP3	0	0	0
LOC105378904	0	0	0
PGBP	0	0	0
OVGP1	25	0	78
LOC124904309	8	61	0
WDR77	1324	1	1323
ATP5PB	4192	0	4192
C1orf162	14	0	14
TMIGD3	0	0	0
ADORA3	1	0	1
RAP1A	897	5	926
LINC01160	7	0	7
LOC107985184	0	32	2
INKA2	308	4	307
INKA2-AS1	2	0	5
LOC101928718	1	3	1
DDX20	894	0	897
KCND3	0	0	0
LOC124904312	1	0	1
KCND3-IT1	0	0	0
KCND3-AS1	0	0	0
LINC01750	0	0	0
LOC105378906	0	0	0
LOC124904319	0	0	0
LINC02884	0	0	0
LOC124904812	0	0	0
CTTNBP2NL	521	0	521
MIR4256	0	0	0
WNT2B	43	81	35
ST7L	308	25	360
CAPZA1	3827	1	3830
LOC124904810	4	0	4
MOV10	2940	7	2935
RHOC	2981	36	2947
PPM1J	28	0	28
PPM1J-DT	1	0	1
TAFA3	1	0	1
NUTF2P4	0	0	0
LINC01356	5	10	6
LINC01357	1	1	11
LOC105378911	0	0	0
MIR11399	0	0	0
LOC124904342	0	0	0
SLC16A1	0	0	0
AKR7A2P1	0	0	0
SLC16A1-AS1	0	0	0
LOC107985189	0	0	0
LRIG2-DT	0	0	0
LRIG2	254	0	254
LOC643441	0	0	0
MAGI3	238	20	218
PHTF1	485	4	481
RSBN1	328	2	326
AP4B1-AS1	2	163	0
PTPN22	0	0	1
BCL2L15	3	0	3
AP4B1	123	0	325
DCLRE1B	419	40	419
HIPK1-AS1	0	0	0
HIPK1	969	0	969
OLFML3	0	0	0
SYT6	0	0	0
LOC107985443	0	0	0
TRIM33	1153	0	1153
LOC124904348	7	0	7
BCAS2	828	0	830
LOC105378914	3	11	0
DENND2C	61	0	67
LOC124904354	1	0	1
AMPD1	0	0	0
NRAS	1593	0	1593
CSDE1	9326	7	9319
SIKE1	618	0	618
SYCP1	0	0	0
LOC105378915	0	0	0
TSHB	0	0	0
TSPAN2	1	0	1
LOC124904359	1	0	1
LINC01765	0	0	0
NGF-AS1	0	0	0
NGF	0	0	0
LOC112268234	0	0	0
LOC124904375	0	0	0
LOC124900438	0	0	0
VANGL1	855	0	855
CASQ2	0	0	0
NHLH2	0	0	0
LINC01649	0	0	0
LOC101928977	0	0	0
SLC22A15	203	0	203
MAB21L3	156	0	172
LOC105378918	1	17	0
LOC124904384	0	0	0
LOC105378919	0	0	0
LOC105378920	0	0	0
LOC124904669	0	0	0
ATP1A1	8868	8	15403
ATP1A1-AS1	7	6540	10
LINC01762	7	0	7
LOC112268235	36	36	0
CD58	354	0	396
LOC105378925	14	14	0
MIR548AC	0	0	0
LOC124904385	2	134	0
IGSF3	1082	2	1170
LOC105378924	0	0	0
MIR320B1	0	0	0
LINC02868	0	0	0
LOC105378926	0	0	0
CD2	0	0	0
LOC105378927	0	0	0
PTGFRN	2061	3	2058
CD101	18	8	31
LOC124904386	9	10	14
CD101-AS1	9	2	12
TTF2	1011	1	1010
MIR942	1	0	1
TRIM45	174	8	166
LOC124904387	2	0	2
VTCN1	2	0	2
LINC01525	0	0	0
MAN1A2	574	0	574
TENT5C-DT	0	0	0
TENT5C	517	0	517
LOC124900444	0	0	0
LOC105378929	0	0	0
GDAP2	387	2	386
WDR3	982	0	1148
SPAG17	0	165	0
LOC105378930	0	0	0
LOC107985447	0	0	0
TBX15	3	0	3
LOC105378933	0	0	0
WARS2	467	66	506
WARS2-IT1	0	0	0
WARS2-AS1	128	39	194
LOC107985192	17	17	0
LOC124904832	0	0	0
LINC01780	0	0	0
HAO2	0	0	0
HAO2-IT1	0	0	0
HSD3B2	0	0	0
LOC124904388	0	0	0
LOC105378935	0	0	0
HSD3B1	0	0	0
HSD3BP4	0	0	0
LINC00622	5	0	5
ZNF697	124	0	124
LOC124904389	0	0	0
LOC124904390	0	0	0
LOC105378937	0	0	0
PHGDH	3816	8	3808
HMGCS2	2	0	2
REG4	0	0	0
NBPF7P	0	0	0
ADAM30	0	0	0
NOTCH2	2970	1	2969
LOC101929178	0	0	0
SEC22B	2050	1	2049
LOC124904391	73	43	30
LOC124904631	0	0	0
LOC101929788	0	0	0
NBPF8	149	0	149
PFN1P2	0	0	0
PDE4DIPP2	3	0	3
LOC107985524	0	0	0
LOC124904392	0	0	0
LOC105378944	0	0	0
NBPF26	0	0	0
NOTCH2NLR	0	0	0
TRN-GTT7-1	0	0	0
RNVU1-19	0	0	0
LOC124904393	0	0	0
PPIAL4A	0	0	0
LINC00623	113	0	200
LOC100996720	0	89	0
RNVU1-4	3	0	3
LOC105369199	1	0	1
PDE4DIPP4	0	0	0
TRG-CCC6-1	0	0	0
TRV-CAC5-1	0	0	0
LOC124904394	0	0	0
TRN-GTT27-1	0	0	0
H3P4	0	0	0
FCGR1BP	0	0	0
LOC100996318	0	0	0
H2BP1	0	0	0
FAM72B	119	0	119
SRGAP2C	259	5	254
LOC107985193	0	0	0
SRGAP2-AS1	1	1	0
LINC02798	2	0	2
EMBP1	0	0	0
LOC101929814	0	0	0
LOC105371172	0	0	0
LOC105371175	3	0	3
LOC107985200	0	0	0
LOC107985201	0	0	0
LOC101927452	0	0	0
LINC02799	0	0	0
LOC112268273	0	0	0
LOC124904406	0	0	0
TRQ-CTG4-2	0	0	0
RNVU1-17	0	0	0
RNVU1-18	0	0	0
TRN-GTT6-1	0	0	0
LOC107985108	3	0	3
LOC105369140	1	0	1
LINC02591	0	0	0
TRV-CAC8-1	0	0	0
TRV-CAC4-1	0	0	0
PDE4DIPP3	0	0	0
H2BP2	0	0	0
FCGR1CP	0	0	0
H3-7	0	0	0
LOC105371209	0	0	0
FAM72C	57	2	57
SRGAP2D	91	0	93
LOC105371207	0	0	0
LOC105371206	0	0	0
LINC02802	0	0	0
LOC101060524	0	0	0
CH17-125A10.2	0	0	0
PPIAL4E	0	0	0
RNVU1-15	0	0	0
TRN-GTT3-1	0	0	0
NBPF15	1220	0	1220
LOC105371211	0	0	0
RNVU1-26	0	0	0
RNVU1-2A	0	0	0
LOC105379574	0	0	0
RNVU1-28	0	0	0
TRN-GTT2-8	0	0	0
PPIAL4F	0	0	0
LINC01632	0	0	0
LOC105371215	0	0	0
KMT2CP1	0	0	0
DRD5P2	0	0	0
LSP1P5	0	0	0
LOC105371216	0	0	0
LOC105371217	0	0	0
LOC107985528	0	0	0
SRGAP2B	123	6	121
LOC107985595	0	0	0
FAM72D	38	4	38
TRN-GTT10-1	0	0	0
LOC101929805	0	0	0
TRNAV-CAC	0	0	0
TRNAV-CAC_1	0	0	0
LINC01145	90	9	111
LOC100996740	12	21	21
PPIAL4D	0	0	0
RNVU1-14	0	0	1
TRN-GTT2-7	0	0	0
NBPF20	455	1	455
LOC105371288	0	0	0
TRQ-CTG3-1	0	0	0
RNVU1-31	0	0	0
TRN-GTT9-1	0	0	0
PDE4DIPP5	0	0	0
NBPF25P	23	0	23
GPR89A	120	0	121
PDZK1	34	9	26
CD160	10	16	0
RNF115	685	11	690
POLR3C	705	20	697
NUDT17	43	117	49
PIAS3	720	13	832
MIR6736	0	0	0
ANKRD35	0	0	0
ANKRD35-DT	0	0	0
ITGA10	1	0	1
PEX11B	361	0	361
GNRHR2	16	231	14
RBM8A	670	0	1411
LIX1L-AS1	0	512	0
LIX1L	766	0	766
ANKRD34A	95	1	94
POLR3GL	233	0	233
TXNIP	8341	2	8339
HJV	0	0	0
TRE-CTC1-1	1	0	1
TRG-TCC2-1	0	0	0
TRH-GTG1-1	0	0	0
TRK-CTT2-1	0	0	0
RNVU1-6	5	0	5
LINC01719	9	0	9
NBPF10	308	0	308
NOTCH2NLA	12	1	137
LOC105371254	2	125	3
LOC124904401	0	0	0
LOC124904408	0	0	0
NUDT4P2	0	0	0
PPIAL4H	0	0	0
TRN-GTT24-1	3	3	0
LOC124904613	0	2	0
LOC112268274	0	0	2
LOC100996756	11	0	11
LOC124904634	0	0	0
LOC105371235	0	0	0
LOC124904407	0	0	0
LOC105371233	0	0	0
HYDIN2	0	0	0
NBPF12	295	0	295
LOC728989	0	0	0
TRH-GTG1-2	0	0	0
RNVU1-8	0	0	0
NBPF13P	0	0	0
PRKAB2	788	0	788
CHD1L	1716	17	1699
PDIA3P1	20	0	20
FMO5	0	0	0
LINC00624	2	0	2
BCL9	888	0	888
LOC128071544	0	0	0
ACP6	64	2	62
LOC105371230	0	0	0
LOC102723321	0	0	0
GJA5	9	0	9
GJA8	0	0	0
LOC105371229	1	0	1
GPR89B	128	0	130
PDZK1P1	8	10	0
TRQ-CTG3-2	0	0	0
RNVU1-7	1	0	1
TRN-GTT9-2	0	0	0
PDE4DIPP1	0	0	0
NBPF11	420	0	420
LOC105371227	0	0	0
LINC02805	0	0	0
LOC101927468	0	0	0
TRQ-CTG4-1	0	0	0
LINC01731	2	0	2
LINC02806	7	5	5
TRH-GTG1-3	0	0	0
LOC105371225	19	5	17
TRH-GTG1-4	0	0	0
TRQ-CTG7-1	0	0	0
LOC124904403	1	1	0
LOC124904404	1	2	0
MIR5087	0	0	0
LOC124904402	1	0	1
LOC124904396	12	0	12
RNVU1-1	1	0	1
MIR6077	0	0	0
PDE4DIPP6	22	26	1
RNVU1-3	2	2	0
LOC124904400	0	0	3
LINC01138	176	3	173
LOC105371224	9	0	9
PPIAL4G	0	0	0
RNVU1-27	1	0	1
TRN-GTT2-1	0	0	0
NBPF14	545	0	545
NOTCH2NLB	298	0	298
LOC105371223	0	0	0
LOC105371222	0	0	0
NUDT4B	0	0	0
SEC22B3P	6	0	6
PDE4DIP	350	3	349
LOC112268272	14	0	16
NBPF9	954	6	950
LOC101929790	1	1	0
LOC102723348	0	0	0
LOC124904405	0	0	0
LOC124904581	0	0	0
LOC653513	4	4	0
LOC124904395	1	1	0
SEC22B2P	4	0	4
LOC105371403	0	0	0
NOTCH2NLC	50	1	49
NBPF19	622	1	623
TRN-GTT25-1	0	0	0
LOC124904410	0	0	0
PPIAL4C	0	0	0
LOC124904409	20	47	21
LINC00869	83	6	125
RNVU1-30	2	0	2
LOC644634	0	0	0
TRV-CAC1-7	0	0	0
PDE4DIPP7	0	0	0
LOC105371406	1	0	1
TRN-GTT8-1	0	0	0
H2BC18	11	0	11
FCGR1A	0	0	0
LOC124904411	0	0	0
H3C13	4	0	4
H4C14	0	0	0
H3C14	0	0	0
H2AC18	0	0	0
H4C15	529	223	319
H2BC20P	0	0	0
H2AC19	0	0	0
H3C15	0	0	0
H2BC21	833	1	836
H2AC20	10	4	10
H2AC21	2	2	1
LOC124904412	0	3	0
BOLA1	291	0	295
SV2A	4	2	2
SF3B4	2788	0	2788
MTMR11	188	0	188
OTUD7B	684	5	693
LOC124904413	0	0	0
VPS45	666	9	671
PLEKHO1	31	0	31
LINC02988	1	0	1
ANP32E	2859	7	2852
CA14	20	18	3
SNORD13C	0	0	0
APH1A	2200	5	2566
C1orf54	6	370	11
LOC124904414	3	3	0
CIART	8	0	8
LOC105371434	2	0	2
MRPS21	1450	0	1450
PRPF3	982	0	982
RPRD2	1422	0	1422
LOC124904416	0	0	0
TARS2	1166	0	1166
MIR6878	0	0	0
ECM1	324	0	324
FALEC	10	0	10
ADAMTSL4-AS2	13	646	7
ADAMTSL4	2730	8	3377
LOC124904417	0	0	0
MIR4257	0	0	0
ADAMTSL4-AS1	4	17	3
MCL1	9180	1	9180
LOC107985203	6	6	1
ENSA	1569	0	1569
LOC112268239	29	2	27
GOLPH3L	518	1	517
HORMAD1	13	0	13
CTSS	64	0	64
CTSK	56	0	56
ARNT	1226	0	1226
LOC107985204	1	0	1
CTXND2	0	0	0
SETDB1	1024	6	1020
CERS2	3296	3	3295
ANXA9	110	39	72
LOC105371438	0	1	0
MINDY1	199	16	183
PRUNE1	677	0	677
BNIPL	12	1	11
C1orf56	62	46	55
CDC42SE1	1214	4	1250
MLLT11	56	2	54
GABPB2	158	0	158
LOC124904418	0	0	0
SEMA6C	190	0	190
LYSMD1	186	4	182
TNFAIP8L2-SCNM1	0	0	0
TNFAIP8L2	0	0	0
SCNM1	2	1	1
TMOD4	13	0	14
VPS72	765	0	765
PIP5K1A	2286	2	2296
LOC124904419	0	12	0
PSMD4	2467	0	2467
ZNF687-AS1	1	10	18
ZNF687	1264	36	1275
PI4KB	1488	2	1506
RFX5	2374	5	2401
RFX5-AS1	0	29	3
SELENBP1	3785	1	3784
PSMB4	4114	3	4111
POGZ	1347	2	1345
CGN	271	0	271
LOC124900437	0	0	0
TUFT1	286	0	286
MIR554	0	0	0
LOC124904420	2	11	0
SNX27	791	0	800
CELF3	2	2	0
RIIAD1	0	0	0
MRPL9	742	0	1169
OAZ3	0	430	24
TDRKH	84	12	87
TDRKH-AS1	15	0	15
LINGO4	2	0	2
RORC	339	2	338
C2CD4D	0	0	0
C2CD4D-AS1	21	0	27
THEM5	5	10	0
THEM4	712	0	712
LOC124904421	0	0	0
S100A10	2969	1	2968
LOC105371442	0	0	0
NBPF18P	0	0	0
S100A11	5310	2	5308
LOC101927949	3	0	3
LOC100131107	0	0	0
TCHHL1	0	0	0
TCHH	0	0	0
RPTN	0	0	0
CCDST	0	0	0
HRNR	0	0	0
FLG	0	0	0
FLG2	0	0	0
CRNN	0	0	0
LCE5A	4	0	4
CRCT1	0	0	0
LCE3E	0	0	0
LCE3D	0	0	0
LCE3C	0	0	0
LCE3B	0	0	0
LCE3A	0	0	0
LINC00302	0	0	0
LCE2D	0	0	0
LCE2C	0	0	0
LCE2B	0	0	0
LCE2A	0	0	0
LCE4A	0	0	0
KPLCE	0	0	0
KPRP	0	0	0
LCE1F	0	0	0
LCE1E	0	0	0
LCE1D	0	0	0
LCE1C	0	0	0
LCE1B	0	0	0
LCE1A	0	0	0
LCE6A	0	0	0
LCE7A	0	0	0
LOC105371444	0	0	0
LOC105371445	0	0	0
SMCP	0	0	0
IVL	0	0	0
LINC01527	0	0	0
SPRR5	0	0	0
SPRR4	0	0	0
SPRR1A	0	0	0
SPRR3	0	0	0
LOC105371446	0	0	0
LOC124900435	0	0	0
SPRR1B	0	0	0
SPRR2D	0	0	0
SPRR2A	0	0	0
SPRR2B	0	0	0
SPRR2E	0	0	0
SPRR2F	0	0	0
SPRR2C	0	0	0
SPRR2G	0	0	0
LOC101928009	0	0	0
LELP1	0	0	0
PRR9	0	0	0
LORICRIN	0	0	0
PGLYRP3	0	0	0
PGLYRP4	0	0	0
S100A9	103	0	103
S100A12	0	0	0
S100A8	21	0	21
S100A7A	0	0	0
S100A7	0	0	0
LOC124904422	0	0	0
LOC124904423	31	3121	2
S100A6	42	1	3132
S100A5	1	0	1
S100A4	1713	4	4476
LOC101928034	147	3072	178
S100A3	18	39	28
S100A2	45	2	43
S100A16	3889	2	3887
S100A14	60	0	60
S100A13	769	669	814
S100A1	12	23	21
CHTOP	1107	29	1755
SNAPIN	745	2	747
ILF2	4872	18	4871
TRX-CAT1-1	7	11	0
NPR1	2954	26	2944
MIR8083	0	7	0
INTS3	0	0	0
LOC124904820	0	0	0
SLC27A3	0	0	0
LOC124904424	0	0	0
LOC124904426	0	0	0
LOC343052	0	0	0
LOC124904425	0	0	0
GATAD2B	7	0	7
LOC101928059	1	156	1
DENND4B	1457	7	1606
CRTC2	1060	1	1059
SLC39A1	4112	51	4113
MIR6737	0	0	0
CREB3L4	220	20	280
JTB	3805	16	3825
JTB-DT	26	11	24
RAB13	1958	0	1959
RPS27	4579	1	4578
NUP210L	5	4	1
MIR5698	0	0	0
TPM3	6288	2	6286
MIR190B	0	0	0
CFAP141	0	0	0
LTAP1	5694	1	5694
UBAP2L	4932	3	4930
SNORA58B	3	0	3
HAX1	1539	2	1537
LOC124904806	0	0	0
AQP10	0	0	0
ATP8B2	134	0	134
IL6R-AS1	0	0	0
IL6R	393	0	393
SHE	1	1	0
TDRD10	1	0	1
UBE2Q1	1243	0	1646
UBE2Q1-AS1	3	406	0
LOC107985206	0	0	0
CHRNB2	3	0	3
ADAR	6428	1	6432
LOC124904427	3	5	3
LOC124904428	19	0	19
KCNN3	0	0	0
LOC124904429	0	0	0
LOC105371449	1	0	1
PMVK	332	0	332
PBXIP1	934	0	934
PYGO2	764	14	856
PYGO2-AS1	12	555	38
SHC1	3707	12	4171
CKS1B	1446	2	1444
MIR4258	16	0	16
FLAD1	1564	18	1546
LENEP	2	2	0
ZBTB7B	3413	5	3410
DCST2	63	1	67
DCST1	23	137	10
DCST1-AS1	37	105	146
ADAM15-EFNA4	0	0	0
ADAM15	61	1	60
EFNA4-EFNA3	0	0	0
EFNA4	0	0	0
EFNA3	0	0	0
EFNA1	2062	1	2061
SLC50A1	1306	1	1305
DPM3	471	0	471
KRTCAP2	1145	3	1143
TRIM46	23	3	21
MUC1	1075	2	1073
THBS3-AS1	5	89	34
MIR92B	0	0	0
THBS3	163	67	234
MTX1	828	32	816
GBA1LP	90	0	90
GBA1	110	0	110
ENTREP3	0	0	0
SCAMP3	0	0	0
CLK2	0	0	0
HCN3	0	0	0
PKLR	0	0	0
FDPS	840	39	4975
RUSC1-AS1	159	4311	60
RUSC1	1226	27	1234
ASH1L	1181	19	1182
MIR555	0	0	0
LOC124904842	0	0	0
POU5F1P4	3	3	0
ASH1L-AS1	19	6	22
MSTO1	411	3	512
LOC105371452	0	100	1
YY1AP1	1660	4	1789
SCARNA26A	0	0	0
DAP3	2615	130	2626
LOC124904431	4	10	0
GON4L	736	194	916
MSTO2P	0	187	156
SCARNA26B	0	0	0
SYT11	0	0	0
RIT1	219	0	219
KHDC4	1245	0	1245
SNORA80E	1	0	1
SCARNA4	0	0	0
LOC107985207	10	0	10
RXFP4	0	0	0
ARHGEF2	2207	8	2201
MIR6738	0	0	0
ARHGEF2-AS2	30	1	31
ARHGEF2-AS1	6	6	0
SSR2	3085	11	3819
LOC105371729	0	743	4
UBQLN4	1806	3	1805
LAMTOR2	580	2	578
RAB25	0	0	0
MEX3A	140	0	140
LMNA	11718	6	11713
SEMA4A	0	0	0
SLC25A44	581	0	581
PMF1-BGLAP	0	0	0
PMF1	115	0	115
BGLAP	2	0	2
PAQR6	342	0	342
SMG5	1849	74	1856
TMEM79	146	40	193
GLMP	1212	1	1218
VHLL	0	0	0
CCT3	10145	4	10156
TSACC	13	20	8
RHBG	1	0	1
MIR9-1HG	0	0	0
MIR9-1	0	0	0
MEF2D	1	0	1
IQGAP3	0	0	0
LOC124904843	0	0	0
TTC24	0	0	0
NAXE	0	0	0
GPATCH4	1	0	1
HAPLN2	0	0	0
LOC101928177	0	0	0
BCAN	1	54	0
BCAN-AS2	0	0	52
NES	290	0	290
CRABP2	53	0	53
ISG20L2	764	49	774
METTL25B	479	11	527
MRPL24	1335	2	1333
HDGF	8727	34	8699
PRCC	1901	1	1906
SH2D2A	46	0	46
NTRK1	3	0	4
INSRR	1	2	0
PEAR1	17	0	17
LRRC71	5	5	0
ARHGEF11	1052	1	1051
MIR765	0	0	0
LOC102724222	0	0	0
ETV3L	0	0	0
ETV3	501	0	501
CYCSP52	0	0	0
LOC107985211	0	0	0
LOC105371456	0	0	0
LINC02772	0	0	0
LOC101928202	0	0	0
FCRL5	0	0	0
FCRL4	0	0	0
LOC105371457	0	0	0
FCRL3	0	0	0
FCRL3-AS1	0	0	0
FCRL2	0	0	0
FCRL1	0	0	0
CD5L	0	0	0
LOC105371458	0	0	0
LOC105371459	0	0	0
KIRREL1	2132	0	2132
KIRREL1-IT1	3	0	3
SMIM42	0	0	0
LINC01704	0	0	0
LOC105371460	2	0	2
CD1D	1	0	1
CD1A	0	0	0
CD1B	0	0	0
CD1C	0	0	0
CD1E	0	0	0
OR10T2	0	0	0
OR10K2	0	0	0
LOC107985212	0	0	0
OR10K1	0	0	0
OR10R2	0	0	0
LOC107985213	0	0	0
OR6Y1	0	0	0
OR6P1	0	0	0
OR10X1	0	0	0
OR10Z1	0	0	0
SPTA1	0	0	0
OR6K2	0	0	0
OR6K3	0	0	0
OR6K6	0	0	0
OR6N1	0	0	0
OR6N2	0	0	0
MNDA	0	0	0
PYHIN1	0	0	0
PYDC5	0	1	0
IFI16	1208	1	1225
LOC124904432	0	0	0
AIM2	2	19	0
TRR-TCT4-1	0	0	0
CADM3	0	0	0
CADM3-AS1	0	0	0
ACKR1	0	0	0
FCER1A	0	0	0
OR10J3	0	0	0
LOC124904433	0	0	0
OR10J1	0	0	0
OR10J4	0	0	0
LINC02819	0	0	0
OR10J5	0	0	0
APCS	0	0	0
CRP	0	0	0
LOC101928264	0	0	0
DUSP23	535	5	530
LOC105371464	0	0	0
FCRL6	0	0	0
SLAMF8	3	25	0
SNHG28	4	0	25
LOC124900450	0	0	0
VSIG8	1	2	1
LOC107985216	147	3	149
CFAP45	14	2	15
LOC124904434	0	1	2
MIR4259	0	0	0
LOC124904435	1	0	1
TAGLN2	8454	4	9886
LOC124904437	4	1438	2
IGSF9	95	0	95
LOC124904438	0	0	0
SLAMF9	29	29	0
LINC01133	83	0	83
LOC124904436	3	0	3
PIGM	323	1	322
KCNJ10	8	8	0
KCNJ9	8	5	3
IGSF8	2893	2	2891
ATP1A2	3	0	3
ATP1A4	1	1	0
CASQ1	3	3	0
PEA15-AS1	1	186	2
PEA15	931	9	1109
DCAF8	1685	3	1763
DCAF8-DT	4	82	3
PEX19	1560	2	1559
LOC107985219	6	1922	13
COPA	4454	16	6366
SUMO1P3	2	0	2
NCSTN	2898	1	2897
NHLH1	20	0	20
LOC105371466	0	0	0
VANGL2	2	0	2
LOC105371467	0	0	0
SLAMF6	0	0	0
CD84-AS1	0	0	0
CD84	0	0	0
SLAMF1	0	0	0
LOC107985220	0	0	0
CD48	0	0	0
LOC124904439	0	0	0
LOC124904440	0	0	0
SLAMF7	0	0	0
LOC105371470	0	0	0
LY9	0	0	0
CD244	0	0	0
ITLN1	0	0	0
LOC124904441	0	0	0
LOC101928372	0	0	0
ITLN2	0	0	0
F11R	1399	0	1399
TSTD1	1	0	1
USF1	934	2	932
ARHGAP30	5	3	2
NECTIN4	10	0	10
NECTIN4-AS1	2	1	1
KLHDC9	0	0	0
PFDN2	812	0	819
NIT1	565	290	605
DEDD	387	59	654
LOC112543491	3	0	3
LOC124900457	0	0	0
UFC1	1116	3	1116
USP21	783	0	783
PPOX	400	107	402
B4GALT3	838	6	941
ADAMTS4	99	1	98
NDUFS2	2771	2	2769
FCER1G	2	0	2
APOA2	0	0	0
TOMM40L	265	0	367
MIR5187	0	0	0
NR1I3	10	112	0
PCP4L1	0	0	0
LOC105371472	0	0	0
LOC107985221	0	0	0
LOC124904442	0	0	0
MPZ	5	0	5
SDHC	1709	0	1709
CFAP126	132	132	0
LOC124904443	2	0	2
TRV-CAC1-1	0	0	0
TRE-TTC4-2	0	0	0
TRN-GTT2-2	0	0	0
TRG-TCC4-1	1	0	1
TRD-GTC2-1	0	0	0
TRL-CAG1-1	0	0	0
TRG-GCC1-1	0	0	0
TRE-CTC1-2	0	0	0
TRG-TCC2-2	0	0	0
TRD-GTC2-2	0	0	0
TRL-CAG1-2	0	0	0
TRG-GCC1-2	0	0	0
TRE-CTC1-3	0	0	0
TRG-TCC2-3	0	0	0
TRD-GTC2-3	0	0	0
TRL-CAG1-3	0	0	0
TRG-GCC1-3	0	0	0
TRE-CTC1-4	0	0	0
TRG-TCC2-4	0	0	0
TRD-GTC2-4	0	0	0
TRL-CAG1-4	0	0	0
TRG-GCC1-4	0	0	0
TRE-CTC1-5	0	0	0
TRG-TCC2-5	0	0	0
TRD-GTC2-5	0	0	0
TRL-CAG1-5	0	0	0
TRG-GCC4-1	0	0	0
LOC105371473	0	0	0
FCGR2A	32	0	32
TRG-GCC2-1	0	0	0
HSPA6	16	0	16
TRL-CAG1-6	0	0	0
TRG-TCC2-6	0	0	0
TRN-GTT1-1	0	0	0
FCGR3A	0	0	0
FCGR2C	0	0	0
HSPA7	1	0	1
TRL-CAA6-1	0	0	0
FCGR3B	0	0	0
FCGR2B	0	0	0
RPL31P11	0	0	0
FCRLA	0	0	0
FCRLB	4	0	4
DUSP12	479	10	469
ATF6-DT	1	0	1
ATF6	1324	5	1319
LOC124904444	2	0	2
OLFML2B	2	0	2
NOS1AP	71	0	71
LOC105371475	0	0	0
MIR4654	0	0	0
LOC124904445	0	0	0
MIR556	0	0	0
SPATA46	0	0	0
C1orf226	199	0	199
SH2D1B	0	0	0
UHMK1	2471	1	2470
UAP1-DT	0	0	0
UAP1	2172	0	2172
DDR2	1966	1	1965
HSD17B7	317	0	317
CCDC190	0	0	0
LOC107985223	0	0	0
RGS4	0	0	0
LOC124904446	0	0	0
RGS5	15	0	15
RGS5-AS1	0	0	0
LOC127814295	69	0	69
NUF2	684	0	684
LOC100422212	0	0	0
LOC124904447	0	0	0
PBX1	1224	3	1221
PBX1-AS1	0	0	0
LOC107985451	0	0	0
LOC107985452	0	0	0
LMX1A	0	0	0
LMX1A-AS2	0	0	0
LMX1A-AS1	0	0	0
RXRG	1	0	1
LRRC52-AS1	0	0	0
LOC124904448	0	0	0
LRRC52	0	0	0
MGST3	2873	1	2872
ALDH9A1	2941	1	2940
CA14P1	2	0	2
TMCO1	1731	0	1734
TMCO1-AS1	3	3	3
UCK2	2556	1	2555
MIR3658	0	0	0
FAM78B	2	0	2
FAM78B-AS1	3	0	3
MIR921	0	0	0
LOC112268276	0	0	0
LINC01675	0	0	0
FMO9P	0	0	0
POGK	1359	0	1361
TADA1	294	10	286
ILDR2	0	0	0
LOC124904449	0	0	0
MAEL	0	0	0
LOC124904834	0	0	0
GPA33-AS1	0	0	0
GPA33	0	0	0
LOC124904451	0	0	0
STYXL2	0	0	0
LOC105371601	0	0	0
LINC01363	1	0	1
POU2F1-DT	7	0	7
POU2F1	503	0	503
LOC124900412	6	0	6
CD247	0	0	0
LOC101928512	0	0	0
LOC107985224	8	0	8
CREG1	2174	2	2172
RCSD1	2	0	2
TRP-CGG1-1	0	0	0
TRP-AGG2-1	0	0	0
MPZL1	2772	0	2772
ADCY10	7	4	3
DCAF6	1572	16	1628
MPC2	946	61	957
MIR1255B2	0	0	0
GPR161	437	2	435
TIPRL	782	0	782
SFT2D2	1573	0	1652
ANKRD36BP1	0	79	0
TBX19	12	0	12
MIR557	0	0	0
LOC125312414	0	0	0
LOC100505918	0	0	0
LOC101928565	0	0	0
XCL2	0	0	0
XCL1	0	0	0
LOC105371604	0	0	0
DPT	2	0	2
LOC124904452	0	0	0
LINC00626	1	0	1
LOC105371606	0	0	0
LINC00970	2	0	2
LOC101928596	1	1	0
ATP1B1	3814	42	4297
NME7	293	486	332
BLZF1	465	0	465
CCDC181	8	8	0
SLC19A2	920	0	920
F5	1	0	1
SELP	0	0	0
LOC107985745	0	0	0
SELL	0	0	0
SELE	0	0	0
LOC101928628	0	0	0
FIRRM	467	156	646
METTL18	103	1	130
SCYL3	190	216	281
KIFAP3	859	0	859
NTMT2	0	0	0
MIR3119-2	0	0	0
MIR3119-1	0	0	0
LINC01681	0	0	0
LINC01142	0	0	0
GORAB-AS1	5	5	2
GORAB	377	0	379
LOC124904453	0	0	0
LOC105371610	0	0	0
PRRX1	0	0	0
LOC124904454	0	0	0
LOC124904455	0	0	0
MROH9	0	0	0
FMO3	0	0	0
MIR1295A	0	0	0
MIR1295B	0	0	0
FMO1-AS1	0	0	0
FMO6P	0	0	0
FMO2	0	0	0
LOC124900413	0	0	0
FMO1	0	0	0
FMO4	6	0	6
TOP1P1	1	0	1
LOC124904828	0	0	0
PRRC2C	3765	1	3764
LOC124904697	0	0	0
MYOCOS	0	0	0
MYOC	0	0	0
VAMP4	215	0	215
METTL13	1288	0	1288
DNM3	15	6	11
DNM3-IT1	0	0	0
DNM3OS	0	0	0
MIR214	0	0	0
MIR3120	0	0	0
MIR199A2	0	0	0
LOC102724528	0	0	2
C1orf105	0	83	0
PIGC	442	0	525
SUCO	559	0	559
FASLG	0	0	0
LOC107985225	0	0	0
LOC105371618	0	0	0
TNFSF18	0	0	0
TNFSF4	44	0	44
LOC100506023	18	0	19
PRDX6-AS1	25	0	25
PRDX6	10991	11	11126
LOC124904456	0	144	0
SLC9C2	6	0	6
ANKRD45	3	6	3
TEX50	0	0	0
LOC105371619	0	0	0
LOC124904822	0	0	0
KLHL20	363	1	368
CENPL	205	62	230
DARS2	946	31	1002
GAS5-AS1	5	118	4
GAS5	990	0	1080
SNORD81	0	0	0
SNORD47	3	0	3
SNORD80	44	0	44
SNORD79	5	0	5
SNORD78	3	0	3
SNORD44	9	0	9
SNORA103	0	0	0
SNORD77	0	0	0
SNORD76	1	0	1
SNORD75	1	0	1
SNORD74	42	0	42
ZBTB37	240	5	238
SERPINC1	0	0	0
LOC124904457	0	0	0
RC3H1	356	0	356
RC3H1-DT	0	0	0
RABGAP1L-DT	1	0	1
RABGAP1L	425	3	422
LOC124904825	0	0	0
GPR52	0	0	0
RABGAP1L-AS1	1	0	1
LOC105371622	7	16	7
CACYBP	2493	31	2487
MRPS14	405	2	412
TNN	2	1	1
KIAA0040	842	0	842
LOC105371623	0	0	0
TNR	1	0	1
LOC124904458	2	0	2
LINC01657	0	0	0
LINC02803	2	0	2
COP1	750	1	749
MIR1843	0	0	0
SCARNA3	0	0	0
COP1-DT	1	0	1
LOC124904756	0	0	0
PAPPA2	1	0	1
ASTN1	0	0	0
MIR488	0	0	0
BRINP2	0	0	0
LOC105371625	0	0	0
LINC01645	0	0	0
LINC01741	0	0	0
CRYZL2P-SEC16B	0	0	0
SEC16B	0	0	0
CRYZL2P	0	0	0
LOC124904459	0	0	0
RASAL2-AS1	25	2	24
RASAL2	436	1	440
LOC105371630	4	0	4
LOC105371629	1	0	1
CLEC20A	8	12	0
LOC101928866	0	0	0
TEX35	0	0	0
LOC105371631	0	0	0
LOC124904460	3	0	3
C1orf220	17	0	17
LOC105371632	3	3	0
MIR4424	0	0	0
RALGPS2-AS1	1	21	2
RALGPS2	836	1	857
LOC124904462	0	0	0
ANGPTL1	10	4	6
LOC102724754	0	0	0
FAM20B	1724	0	1724
TOR3A	804	6	798
ABL2	954	0	954
LOC124900429	0	0	0
SOAT1	1739	0	1739
AXDND1	0	0	0
NPHS2	1	1	0
TDRD5	0	0	0
LOC105371635	0	0	0
FAM163A	2	0	2
LOC128071543	0	0	0
MIR12116	0	0	0
LOC105371634	0	0	0
LINC02818	5	0	5
LOC124904463	0	0	0
TOR1AIP2	1544	0	1544
TOR1AIP1	963	2	961
LOC139427322	0	0	0
LOC101928933	1	0	1
CEP350	1001	1	1000
LOC105371636	0	6	0
QSOX1	2962	2	2966
LHX4	20	104	387
ACBD6	817	300	870
LHX4-AS1	0	0	0
LOC105371637	1	0	1
MIR3121	0	0	0
OVAAL	0	0	0
XPR1	972	0	972
LOC124904464	5	1	4
LINC02816	10	0	10
KIAA1614	54	66	14
LOC107985231	1	3	1
KIAA1614-AS1	0	8	14
STX6	963	1	962
MR1	477	0	477
LOC124904465	4	0	5
IER5	2040	6	2035
LINC01732	1	0	1
LINC01699	0	0	0
LOC107985454	0	0	0
CACNA1E	0	0	0
LOC107985232	0	0	0
LOC105371640	0	0	0
ZNF648	0	0	0
LOC105371642	0	0	0
LINC01344	0	0	0
GLUL	654	1	653
TEDDM1	1	1	0
LINC00272	0	0	0
RGSL1	0	0	0
RNASEL	35	0	35
RGS16	8	0	8
LINC01686	1	0	1
RGS8	0	0	0
LINC01688	0	0	0
NPL	71	0	71
DHX9-AS1	9	49	11
DHX9	4852	2	4901
SHCBP1L	0	0	0
LAMC1	4841	7	4834
LAMC1-AS1	14	14	0
LAMC2	14	0	14
NMNAT2	3	0	3
LOC105371646	1	0	1
SMG7-AS1	15	5	10
SMG7	2314	3	2311
NCF2	220	0	220
ARPC5	4117	5	4112
RGL1	6	0	6
APOBEC4	0	0	0
COLGALT2	0	0	0
TSEN15	418	0	418
LOC102724830	7	0	7
LOC124904466	0	0	0
LOC124904467	0	0	0
C1orf21-DT	2	0	2
C1orf21	328	0	328
LOC107985236	1	1	0
LOC124904468	0	0	0
LOC105371648	2	0	2
EDEM3	518	0	518
LOC105371649	3	1	2
NIBAN1	571	0	571
LOC107985238	0	0	0
LOC124904469	0	0	0
LINC01633	0	0	0
RNF2	370	0	370
TRMT1L	501	1	500
SWT1	96	5	104
LOC105371651	11	17	7
IVNS1ABP	2111	2	2109
CBSLR	22	0	22
GS1-279B7.1	0	0	0
LOC107985239	0	0	0
LINC01350	0	0	0
GS1-204I12.4	2	0	2
HMCN1	4	0	4
LOC105371654	0	0	0
LOC124904471	0	0	0
PRG4	1716	281	2279
TPR	4582	570	4856
ODR4	724	0	724
PDC-AS1	1	0	1
PDC	0	0	0
PTGS2	286	0	286
PACERR	10	0	10
PLA2G4A	1806	0	1806
LINC01036	0	0	0
LOC105371655	0	0	0
LINC01037	1	0	1
LOC105371656	0	0	0
LINC03121	0	0	0
LINC01035	0	0	0
LOC105371657	1	0	1
LINC01701	0	0	0
BRINP3	175	1	208
LOC105371659	0	34	0
LOC105371658	0	0	0
BRINP3-DT	22	0	22
LINC01720	0	0	0
LINC01680	0	0	0
LINC02770	0	0	0
LOC105371661	0	0	0
RGS18	0	0	0
LOC105371662	0	0	0
RGS21	0	0	0
LOC124904473	0	0	0
LOC124904472	0	0	0
LOC105371664	0	0	0
RGS1	0	0	0
LOC107985241	0	0	0
RGS13	0	0	0
MIR4426	21	0	21
LOC105371665	0	0	0
RGS2	573	0	573
LOC105371668	0	0	0
LOC105371667	2	0	2
RGS2-AS1	1	0	1
UCHL5	1634	13	1634
SCARNA18B	0	0	0
RO60	885	45	853
GLRX2	257	0	257
LOC124904474	1	0	1
CDC73	953	0	953
MIR1278	0	0	0
B3GALT2	1	1	0
LINC01031	1	0	1
LOC124904475	2	0	2
LOC124904476	0	0	0
LOC107985242	0	0	0
LOC105371670	0	0	0
LOC107985458	0	0	0
LOC105371671	1	0	1
LOC105371672	1	0	1
LINC01724	0	0	0
LOC105371674	0	0	0
KCNT2	0	0	0
LOC124904597	0	0	0
MIR4735	0	0	0
CFH	26	0	26
CFHR3	0	0	0
CFHR1	1	0	1
CFHR4	0	0	0
LOC105371675	17	0	17
CFHR2	0	0	0
CFHR5	0	0	0
F13B	0	0	0
ASPM	2129	0	2129
ZBTB41	417	4	413
CRB1	29	2	31
LOC124904477	0	0	0
DENND1B	338	5	337
C1orf53	67	0	67
LHX9	7	0	7
NEK7	1419	2	1417
LOC105371677	0	0	0
ATP6V1G3	0	0	0
LOC124904478	0	0	0
PTPRC	0	0	0
PTPRC-AS1	0	0	0
MIR181A1HG	0	0	0
MIR181B1	0	0	0
MIR181A1	0	0	0
LINC01222	0	0	0
LINC01221	0	0	0
LOC107985243	0	0	0
LINC02789	0	0	0
LOC105371680	0	0	0
LOC105371682	0	0	0
LOC124904853	0	0	0
NR5A2	12	0	12
LOC107985244	0	0	0
LOC124904479	0	0	0
LINC00862	2	0	2
ZNF281	646	0	646
LOC124900414	3	0	3
LOC124904480	1	1	0
LOC107985459	0	0	0
KIF14	600	0	600
DDX59	491	0	491
DDX59-AS1	0	0	0
CAMSAP2	1076	0	1076
GPR25	0	0	0
INAVA	0	0	0
MROH3P	0	0	0
KIF21B	218	0	218
LOC101929305	1	0	1
CACNA1S	0	0	0
LOC124904481	0	0	0
ASCL5	2	0	2
TMEM9	2035	1	2034
IGFN1	0	0	0
PKP1	2	0	2
LOC101929326	0	0	0
TNNT2	0	0	0
LAD1	0	0	0
LOC101929343	0	0	0
TNNI1	0	0	0
PHLDA3	2103	1	2102
CSRP1	3061	5	3062
CSRP1-AS1	125	7	125
LOC124904484	1	0	2
RPS10P7	58	0	58
NAV1	1370	16	1444
LOC124904482	33	4	30
IPO9-AS1	0	207	2
MIR5191	0	0	0
LOC124904483	7	7	0
MIR1231	0	0	0
IPO9	3395	3	3512
MIR6739	5	0	5
SHISA4	33	0	33
LMOD1	6	5	1
TIMM17A	2628	2	2626
SNORA70H	0	0	0
RNPEP	3274	61	3238
ELF3-AS1	87	22	93
MIR6740	0	0	0
ELF3	1347	4	1346
LOC105371684	0	0	0
GPR37L1	25	7	25
LOC105371683	0	0	0
ARL8A	447	0	454
PTPN7	0	0	0
PTPRVP	0	0	0
LGR6	0	0	0
LOC124904840	0	0	0
LOC101929388	0	0	0
LOC124904839	0	0	0
UBE2T	1229	0	1229
PPP1R12B	390	2	389
LOC124900426	0	0	0
SYT2	7	8	0
KDM5B	2379	0	2379
LOC124904583	0	10	0
PCAT6	0	0	10
MGAT4EP	0	0	0
ACTG1P25	0	0	0
RABIF	258	1	257
KLHL12	401	0	401
ADIPOR1	3302	2	3300
CYB5R1	969	0	969
MGAT4FP	0	1	0
TMEM183A	1757	4	1754
PPFIA4	622	0	622
LOC105371687	6	6	0
MYOG	0	0	0
MYOPARR	0	0	0
ADORA1	67	0	67
MYBPH	0	0	0
CHI3L1	0	0	0
LOC124904485	0	0	0
CHIT1	0	0	0
LOC124904486	1	0	1
LINC01353	0	0	0
BTG2-DT	5	0	5
BTG2	688	0	688
FMOD	0	0	0
LOC102723529	0	0	0
BMNCR	0	0	0
LOC124904487	0	0	0
PRELP	0	0	0
OPTC	0	1	0
LOC105371688	9	9	3
LOC124904488	3	0	5
ATP2B4	2955	0	2955
SNORA77	2	0	2
LINC00260	5	0	5
LOC102723543	4	4	0
LAX1	4	0	4
ZBED6	173	0	173
ZC3H11A	0	0	0
LOC128031836	0	0	0
SNRPE	1029	0	1029
LOC105371689	0	0	0
LINC00303	0	0	0
SOX13	1125	1	1124
ETNK2	32	10	26
ERLNC1	0	4	0
REN	0	0	0
KISS1	0	0	0
GOLT1A	0	0	0
PLEKHA6	185	0	185
LINC00628	1	0	1
PPP1R15B	5269	19	5250
PIK3C2B	2930	3	3002
LOC124904584	28	73	30
TRK-TTT3-1	0	0	0
TRK-TTT3-2	0	0	0
MDM4	850	0	850
LRRN2-AS1	20	449	11
LRRN2	9	3	446
LOC124904490	0	0	0
LOC105371693	0	0	0
LOC105371695	0	0	0
LOC105371694	0	0	0
NFASC	1	1	0
CNTN2	0	0	0
TMEM81	38	0	38
RBBP5	316	0	316
DSTYK	402	0	402
TMCC2	68	1	67
TMCC2-AS1	0	0	0
NUAK2	253	2	251
KLHDC8A	0	0	0
LEMD1-AS1	0	0	0
LOC105371698	0	0	0
LEMD1	5	0	5
BLACAT1	31	0	31
MIR135B	0	0	0
LEMD1-DT	0	0	0
TRK-TTT8-1	0	0	0
CDK18	965	0	965
SLC60A1-AS1	0	0	0
SLC60A1	9	10	1
LOC124904491	1	0	1
ELK4	606	1	607
SLC45A3	117	1	126
LOC105371701	1	11	0
NUCKS1	6712	3	6709
LOC124900423	1	0	1
RAB29	657	1	656
SLC41A1	1077	1	1076
PM20D1	1	0	1
LOC107985250	0	0	0
PM20D1-AS1	0	0	0
SLC26A9	9	0	9
SLC26A9-AS1	0	0	1
LOC103021295	1	0	1
RAB7B	2	1	2
CTSE	0	0	0
RHEX	0	0	0
LOC105372857	0	0	0
LOC124900428	0	0	0
AVPR1B	0	0	0
AVPR1B-DT	0	0	0
LOC105372869	0	0	0
LOC105372873	0	0	0
FAM72A	105	18	108
SRGAP2	941	4	958
IKBKE	213	4	256
MIR6769B	0	0	0
IKBKE-AS1	1	48	0
LOC124904493	2	2	0
RASSF5	480	2	479
LOC124904494	0	0	0
EIF2D	1163	4	1160
DYRK3-AS1	0	20	0
DYRK3	529	1	548
LOC124904496	0	2	1
LOC124904495	1	2	2
MAPKAPK2	1746	1	1745
IL10	0	0	0
IL19	0	0	0
LOC105372878	0	0	0
IL20	0	0	0
LOC105372879	1	0	1
IL24	2	3	2
FCMR	13	0	16
PIGR	0	0	0
FCAMR	0	0	0
C1orf116	13	0	13
PFKFB2	727	0	731
LOC124904826	0	0	0
YOD1	1375	4	1375
C4BPB	3043	1	3042
C4BPA	15957	5	15965
LOC107985251	85	2432	9
LINC02942	18	1	17
CD55	13674	7	16010
LOC124904498	0	0	0
LOC105372880	0	0	0
CR2	1	0	1
CR1	0	0	0
CR1L	0	0	0
CD46	7252	3	7249
MIR29B2CHG	6	3	3
MIR29C	0	0	0
MIR29B2	0	0	0
LOC148696	2	2	0
CD34	0	0	0
LOC107985253	0	0	0
LINC02767	1	0	1
PLXNA2	560	1	561
LOC105372887	0	0	0
LOC124904499	0	0	0
LOC124904500	4	4	0
LOC105372884	0	2	0
LOC105372889	0	0	0
LOC124904501	0	0	0
LOC107985460	0	0	0
LINC01735	0	0	0
LINC02769	0	0	0
LOC105372892	0	0	0
LINC01717	0	0	0
LOC107985255	0	0	0
LINC01774	0	0	0
LOC105372895	0	0	0
LOC105372896	0	0	0
LINC01696	0	0	0
LINC01698	0	0	0
MIR205HG	0	0	0
MIR205	0	0	0
LOC105372898	0	0	0
LOC105372899	0	0	0
LOC107985256	1	0	1
CAMK1G	3	0	3
LAMB3	4457	0	4457
MIR4260	0	0	0
HSD11B1-AS1	0	0	0
G0S2	0	0	0
HSD11B1	0	0	0
TRAF3IP3	1	65	0
C1orf74	68	0	132
IRF6	0	0	0
UTP25	614	0	614
SYT14	0	0	0
SERTAD4-AS1	0	0	0
SERTAD4	0	0	0
LINC02602	0	0	0
LOC124904502	0	0	0
HHAT	0	0	0
LOC124904503	0	0	0
KCNH1	0	0	0
LOC105372901	0	0	0
KCNH1-IT1	0	0	0
LOC105372902	6	0	6
RCOR3	697	1	696
TRAF5	242	0	242
LOC124904504	9	7	2
LINC00467	38	0	67
LOC107985259	1	30	0
RD3	0	0	0
LOC107985261	0	0	0
LOC107985260	1	0	1
SLC30A1	1911	47	1864
LOC105372903	3	0	3
NTRAS	81	0	81
NEK2	1123	0	1123
NEK2-DT	2	0	2
LOC105372904	0	0	0
LPGAT1	2103	2	2101
LPGAT1-AS1	0	0	0
LOC124904505	3	3	0
INTS7	907	0	907
LOC124900448	0	0	0
DTL	1920	0	1920
RPL21P28	16	2	14
MIR3122	0	0	0
LINC02608	2	0	2
PPP2R5A	971	4	967
SNORA16B	3	3	0
PACC1	164	3	161
LOC105372906	4	0	4
NENF	709	0	709
LOC124904506	0	0	0
LINC02771	0	0	0
LOC105372908	0	0	0
LINC01740	0	0	0
ATF3	866	1	865
GARIN4	0	0	0
LINC02773	1	0	1
BATF3	33	0	33
LOC124904694	0	0	0
NSL1	768	0	768
TATDN3	465	1	464
SPATA45	0	0	0
FLVCR1-DT	65	0	65
FLVCR1	406	0	406
LOC124904507	0	0	0
VASH2	2	2	0
ANGEL2	441	1	440
RPS6KC1	916	0	916
PROX1-AS1	0	0	0
LINC00538	0	0	0
LOC124904651	0	0	0
PROX1	0	0	0
LINC02775	0	0	0
LOC124904509	3	4	5
SMYD2	594	4	596
PTPN14	1180	6	1174
LOC124904508	0	0	0
CENPF	4282	0	4282
LOC105372916	0	0	0
LOC124904510	0	0	0
KCNK2	2	0	2
LOC124904511	0	0	0
LOC124904598	0	0	0
LOC124904599	3	22	5
KCTD3	1937	8	1953
USH2A	5	5	0
LOC124904778	0	0	0
USH2A-AS2	0	0	0
USH2A-AS1	0	0	0
LOC107985596	0	0	0
ESRRG	0	0	0
LOC124904512	0	0	0
LOC107985461	0	0	0
LOC105372920	0	0	0
LOC124904807	0	0	0
GPATCH2	270	1	270
SPATA17	19	0	38
SPATA17-AS1	1	19	0
LINC00210	0	0	0
LOC105372922	0	0	0
LINC01653	0	0	0
LOC105372923	0	0	0
RRP15	522	0	522
TGFB2-AS1	0	2	1
TGFB2	47	1	49
TGFB2-OT1	0	0	0
LINC02869	0	0	0
LOC124904666	0	0	0
LOC105372924	0	0	0
LINC01710	1	0	1
LOC124904513	0	0	0
LYPLAL1-DT	0	0	0
LYPLAL1	211	0	211
LOC107984018	0	0	0
LYPLAL1-AS1	0	0	0
LOC124904514	0	0	0
ZC3H11B	2	0	2
LOC105372926	0	0	0
SLC30A10	0	0	0
LOC107985281	0	0	0
LOC124904668	0	0	0
EPRS1	4906	5	4901
LOC124904819	0	0	0
BPNT1	833	0	833
IARS2	6402	2	6409
LOC105373475	0	1	0
LOC124904515	0	0	0
MIR215	0	0	0
MIR194-1	0	0	0
LOC124904824	0	0	0
RAB3GAP2	1146	83	1071
MIR664A	0	0	0
SNORA36B	0	0	0
AURKAP1	26	0	26
LINC02779	0	0	0
LOC105372928	0	0	0
MARK1	354	0	354
C1orf115	1	0	1
LOC124904516	0	161	0
MTARC2	359	0	520
MTARC1	3315	2	3313
RNU6ATAC35P	28	0	28
LINC01352	0	0	0
HLX-AS1	0	11	0
HLX	47	0	58
LOC105372930	0	0	0
LOC101929750	0	0	0
LOC105372932	0	0	0
LINC02817	12	0	12
LOC105372934	0	0	0
LOC107985462	0	0	0
LOC105372937	0	0	0
DUSP10	79	0	79
LINC01655	0	0	0
LOC124904517	2	0	2
LINC02257	0	0	0
LINC02474	0	0	0
LINC01705	0	0	0
LOC124904518	3	0	3
TRT-TGT2-1	2	2	0
LOC105372956	0	0	2
LOC124904519	0	2	0
HHIPL2	220	0	220
TAF1A	147	0	147
TAF1A-AS1	17	0	17
MIA3	1555	130	1434
AIDA	987	7	992
BROX	867	0	870
FAM177B	0	0	0
LOC105372984	2	2	0
DISP1	1004	0	1004
LOC124904830	0	0	0
LOC124904520	10	0	10
LOC124904521	0	0	0
LOC102724046	1	1	0
LOC107985323	0	0	0
TLR5	17	16	1
LOC124904522	0	0	0
SUSD4	0	0	0
LOC105373025	0	0	0
CCDC185	0	0	0
LOC105373034	0	0	0
CAPN8	0	0	0
LOC105373281	0	0	0
CAPN2	3239	5	3792
LOC105373046	2	1	1
LOC105373041	32	586	4
TP53BP2	742	3	739
GTF2IP20	208	0	208
SEPTIN7P13	99	0	99
LOC105373061	0	0	0
LOC105373056	0	0	0
FBXO28	1549	1	1548
LOC124903813	1	1	0
LOC124900425	2	2	0
DEGS1	5904	4	5901
LOC101927143	3	1	3
LOC101927164	6	223	4
NVL	1425	5	1642
MIR320B2	1	0	1
LOC124904838	0	0	0
CNIH4	850	0	850
WDR26	2434	4	2443
MIR4742	0	0	0
CNIH3	5	13	5
CNIH3-AS2	0	0	0
CNIH3-AS1	0	0	0
LOC124904523	0	0	0
LINC02813	0	0	0
LOC105373108	0	0	0
LOC105373109	0	0	0
LOC124904524	0	0	0
DNAH14	45	0	45
LOC124904525	0	0	0
LBR	1527	0	1527
LINC02765	35	0	35
LOC124904526	0	0	0
ENAH	2934	3	2931
LOC102723834	3	0	3
LOC107985352	0	0	0
LOC124904527	0	0	0
SRP9	3431	1	3430
EPHX1	1931	67	1871
TMEM63A	1072	11	1068
LEFTY1	12	0	12
PYCR2	1270	1	1269
MIR6741	0	0	0
LEFTY2	0	0	0
SDE2	637	1	636
H3-3A-DT	3	11	5
H3-3A	3113	2	3124
LINC01703	29	0	29
ACBD3	310	0	516
LOC124904586	0	0	0
ACBD3-AS1	1	207	0
LOC101927247	0	0	0
LOC124904528	0	0	0
MIXL1	0	0	0
LIN9	525	32	493
LOC124904831	0	0	0
LOC124904814	0	0	0
PARP1	5275	2	5273
LOC105373115	0	0	0
LOC105373116	0	0	0
STUM	0	0	0
ITPKB	132	0	132
ITPKB-IT1	0	0	0
LOC124904529	0	0	0
LOC124904530	0	0	0
LOC105373119	0	0	0
PSEN2	668	1	667
LOC107985354	17	0	17
COQ8A	883	9	874
CDC42BPA	1036	4	1032
LOC124904531	4	0	4
LINC01641	0	0	0
LOC105373122	0	0	0
ZNF678	106	0	106
ZNF847P	0	0	0
SNAP47	678	627	679
JMJD4	7	1	634
LOC105373289	7	0	7
PRSS38	0	0	0
WNT9A	216	2	214
MIR5008	0	0	0
LOC124904533	13	8	5
LOC107985355	2	0	2
LOC124904532	5	2	3
WNT3A	0	0	0
LINC02809	2	0	2
ARF1	7235	2	7233
MIR3620	0	0	0
C1orf35	535	3	532
MRPL55	738	0	738
GUK1	2636	2	2634
GJC2	15	0	15
LOC124904534	2	8	0
IBA57-DT	0	0	6
IBA57	247	0	247
LOC124904536	13	0	13
OBSCN-AS1	36	7	51
OBSCN	2089	29	2918
LOC124904535	0	39	0
LOC101927401	193	989	1
TRIM11	663	3	1084
TRIM11-AS1	19	442	1
MIR6742	0	0	0
TRIM17	1	1	0
LOC124904537	0	0	0
H3-4	0	0	0
LOC124904538	0	0	0
H2AC25	0	0	0
H2BC26	0	0	0
MIR4666A	0	0	0
RNF187	0	0	0
BTNL10P	0	0	0
LOC105373124	0	0	0
RNA5S1	0	0	0
RNA5S2	0	0	0
RNA5S3	0	0	0
RNA5S4	0	0	0
RNA5S5	0	0	0
RNA5S6	0	0	0
RNA5S7	0	0	0
RNA5S8	0	0	0
RNA5S9	0	0	0
RNA5S10	0	0	0
RNA5S11	0	0	0
RNA5S12	0	0	0
RNA5S13	0	0	0
RNA5S14	0	0	0
RNA5S15	0	0	0
RNA5S16	0	0	0
RHOU	0	0	0
DUSP5P1	3	0	3
RNA5S17	0	0	0
LOC124904539	3	0	4
LOC105373143	0	1	0
LINC02815	4	0	4
LOC102723935	1	0	1
TMEM78	0	0	0
LOC124904540	0	1	0
RAB4A-AS1	49	22	50
RAB4A	371	0	393
CCSAP	740	8	732
LOC124904541	0	0	0
ACTA1	2	0	2
NUP133	1323	0	1323
NUP133-DT	1	0	1
ABCB10	519	0	519
TAF5L	534	0	534
URB2	512	0	512
LOC105373161	0	0	0
LOC107985464	0	0	0
LOC105373162	0	0	0
LINC01682	0	0	0
LOC105373163	0	0	0
LINC01736	0	0	0
GALNT2	10306	6	10300
LOC124904748	0	0	0
LOC124904542	24	24	0
PGBD5	154	0	154
LOC124904543	0	0	0
LOC105373164	0	0	0
LOC105373165	0	0	0
LOC107985357	0	0	0
LINC01737	0	0	0
LOC124904544	0	0	0
LOC124904545	0	0	0
COG2	689	1	788
LOC107985358	0	100	0
AGT	19	0	19
CAPN9	0	0	0
CAPN9-AS1	0	0	0
LOC124904546	0	0	0
LOC124904548	0	0	0
C1orf198	449	0	449
LOC101927604	0	0	0
LOC124904547	0	0	0
LOC105373167	0	0	0
TTC13	745	0	745
ARV1	588	0	588
FAM89A	0	0	0
MIR1182	0	0	0
TRIM67	0	0	0
TRIM67-AS1	0	0	0
FSAF1	399	0	399
GNPAT	1059	0	1059
EXOC8	422	0	422
SPRTN	348	4	344
LOC107985360	26	6	20
EGLN1	1862	17	1846
SNRPD2P2	0	0	0
TSNAX-DT	160	0	160
TSNAX-DISC1	0	0	0
TSNAX	457	0	457
LINC00582	1	1	0
DISC1	0	0	0
LOC105373170	0	0	0
DISC2	0	3	0
DISC1-IT1	0	0	0
LOC124904549	0	0	0
LOC105373172	0	0	0
LOC105373171	0	0	0
LOC124904550	0	0	0
LOC101929902	0	0	0
LOC105373196	0	0	0
LOC105373198	0	0	0
SIPA1L2	734	0	734
LOC124904551	0	0	0
LINC01745	0	0	0
LINC01744	0	0	0
LOC107983960	0	0	0
MAP10	0	0	0
LOC101927711	0	0	0
LOC105373201	0	0	0
LOC107985361	4	109	3
NTPCR	500	12	620
PCNX2	161	20	165
MAP3K21	534	0	534
KCNK1	1027	3	1024
MIR4427	0	0	0
LOC107985362	10	4	6
LOC124904552	3	1	2
SLC35F3	212	0	212
LOC107985363	4	0	4
LOC124904553	0	0	0
SLC35F3-AS1	0	0	0
LOC105373206	3	0	3
MIR4671	1	0	1
COA6-AS1	19	231	26
COA6	216	8	446
TARBP1	1257	0	1257
LINC01354	0	0	0
LOC107985465	0	0	0
LOC124900421	0	0	0
IRF2BP2	4559	7	4552
LINC00184	1	0	1
LOC101927787	9	0	9
LOC105373207	4	4	0
LOC124904554	3	0	3
LOC124904555	3	3	0
LOC105373209	0	0	0
LOC105373208	3	3	0
LOC124904556	1	1	0
LINC01132	41	0	41
LOC105373210	0	0	0
LOC107985364	0	0	0
LINC02961	0	0	0
LOC124904557	0	0	0
LOC107985365	0	0	0
LINC02971	0	5	0
LNCATV	0	0	5
LINC03108	13	0	13
LINC01348	94	0	94
TOMM20	5174	0	5174
LOC105379283	2	0	2
SNORA14B	0	0	0
RBM34	1031	1	1030
ARID4B	757	1	756
MIR4753	0	0	0
GGPS1	778	0	778
LOC124904559	0	0	0
TBCE	1	0	1
B3GALNT2	0	0	0
GNG4	0	0	0
LOC124904560	0	0	0
LYST	320	2	318
MIR1537	0	0	0
LOC105373215	0	0	0
LINC02768	0	0	0
NID1	0	0	0
GPR137B	0	0	0
ERO1B	0	0	0
LOC124904561	0	0	0
LOC124904562	0	0	0
EDARADD	2	0	2
LGALS8	113	628	4
LGALS8-AS1	0	0	0
HEATR1	1349	3	1865
ACTN2	1	0	1
MTR	1011	1	1010
LOC105373218	1	0	1
LOC124904563	0	0	0
LOC124904564	0	0	0
LOC107985368	0	0	0
MT1HL1	0	0	0
RYR2	132	1	131
MIR4428	0	0	0
LOC100130331	1	0	1
ZP4	0	0	0
LOC105373220	0	0	0
LINC01139	0	0	0
LOC124904565	0	0	0
LOC105373222	0	0	0
LOC124904566	0	0	0
LOC105373223	0	0	0
CHRM3	0	0	0
LOC105373225	0	0	0
CHRM3-AS2	0	0	0
LOC124904567	0	0	0
CHRM3-AS1	0	0	0
LOC105373224	0	0	0
RPS7P5	0	0	0
FMN2	66	0	66
GREM2	1	0	1
LOC124904600	0	0	0
LOC105373228	0	0	0
LOC100506929	0	0	0
RGS7	0	0	0
LOC124904602	0	0	0
MIR3123	0	0	0
LOC124904601	0	0	0
FH	3926	2	3924
KMO	26	1168	1
OPN3	87	0	1188
CHML	1	0	1
WDR64	4	2	4
LOC124904603	4	0	6
LOC105373231	0	0	0
EXO1	1455	1	1454
LOC124904604	14	0	14
BECN2	0	0	0
MAP1LC3C	3	0	3
PLD5	0	0	0
LOC105373235	0	0	0
LOC105373234	0	0	0
LOC107985466	0	0	0
LINC01347	0	0	0
LOC124904568	0	0	0
CEP170	0	0	0
SDCCAG8	0	0	0
MIR4677	0	0	0
LOC124904569	0	0	0
AKT3	0	0	0
AKT3-IT1	0	0	0
LINC02774	0	0	0
LOC105373258	0	0	0
LOC124904570	0	0	0
ZBTB18	46	0	46
LOC440742	0	0	0
LOC105373261	0	0	0
LOC105373260	0	0	0
LOC105373262	0	0	0
SPMIP3	3	3	0
ADSS2	1138	5	1379
CATSPERE	3	243	6
DESI2	1040	0	1040
C1orf202	0	0	0
LOC107985372	0	0	0
COX20	1160	644	520
HNRNPU	9733	13	9724
SNORA100	0	0	0
LOC124904588	0	0	0
EFCAB2-AS1	6	2	4
LOC124900416	0	42	2
DRC8	325	6	370
LOC107985725	0	0	0
LOC124904572	1	0	1
KIF26B	0	0	0
KIF26B-AS1	0	0	0
LOC124904571	0	0	0
LOC105373265	0	0	0
SMYD3	248	0	248
SMYD3-AS1	0	0	0
LOC124904573	4	0	4
SMYD3-IT1	0	0	0
LINC01743	0	0	0
TFB2M	522	1	521
CNST	427	0	427
LOC105373271	0	0	0
LOC102724382	4	0	4
SCCPDH	504	0	504
LINC01341	4	1	3
AHCTF1	2462	0	2462
ZNF670-ZNF695	0	0	0
ZNF695	1	0	1
ZNF670	78	0	78
ZNF669	1	0	1
FLJ39095	0	0	0
LINC02897	0	0	0
ZNF124	96	1	95
MIR3916	18	0	18
VN1R5	0	0	0
LOC105373273	0	0	0
ZNF496	0	0	0
ZNF496-DT	0	0	0
LOC124904574	0	0	0
LOC107985375	0	0	0
NLRP3	0	0	0
LOC124904575	0	0	0
OR2B11	0	0	0
OR2W5P	0	0	0
GCSAML	0	0	0
OR2C3	0	0	0
GCSAML-AS1	0	0	0
LOC102724446	0	0	0
OR2G2	0	0	0
OR2G3	0	0	0
OR14L1	0	0	0
OR13G1	0	0	0
OR6F1	0	0	0
OR14A2	0	0	0
OR14K1	0	0	0
OR1C1	0	0	0
OR9H1	0	0	0
OR14A16	0	0	0
OR11L1	0	0	0
TRIM58	0	0	0
OR2W3	0	0	0
OR2T8	0	0	0
OR2AJ1	0	0	0
OR2L13	0	0	0
OR2L8	0	0	0
OR2AK2	0	0	0
OR2L1P	0	0	0
OR2L5	0	0	0
OR2L2	0	0	0
OR2L3	0	0	0
LOC105373275	0	0	0
OR2M1P	0	0	0
OR2M5	0	0	0
OR2M2	0	0	0
OR2M3	0	0	0
OR2M4	0	0	0
OR2T33	0	0	0
OR2T12	0	0	0
OR2M7	0	0	0
OR14C36	0	0	0
OR2T4	0	0	0
OR2T6	0	0	0
OR2T1	0	0	0
OR2T7	0	0	0
OR2T2	0	0	0
LOC105373279	0	0	0
OR2T3	0	0	0
LOC105373277	0	0	0
OR2T5	0	0	0
OR2G6	0	0	0
OR2T29	0	0	0
LOC124904576	0	0	0
OR2T34	0	0	0
OR2T10	0	0	0
OR2T11	0	0	0
OR2T35	0	0	0
OR2T27	0	0	0
OR14I1	0	0	0
LYPD9P	0	0	0
LYPD8	0	0	0
LOC107985747	0	0	0
LOC124904577	0	0	0
SH3BP5L	792	1	791
MIR3124	3	3	0
ZNF672	992	7	985
ZNF692	1030	1	1030
ZNF692-DT	0	0	1
PGBD2	131	14	117
TRL-CAA4-1	0	0	0
TRE-CTC2-1	0	0	0
LOC105379854	74	1	101
LOC101060632	3	30	1
LOC124905319	0	0	0
LOC105379522	0	0	0
LOC124905564	43	0	43
LOC124905320	0	0	0
LOC105379523	0	0	0
LOC107987365	0	0	0
LOC107987366	1	0	1
LOC102724562	1	0	1
LOC124905321	0	0	0
TRN-GTT26-1	0	0	0
LOC440570	0	0	0
TRNAE-UUC	0	0	0
FAM110C	178	0	178
LOC105373324	0	0	0
SH3YL1	41	0	41
ACP1	1384	1	1383
ALKAL2	2	4	0
LOC101927262	10	0	16
LOC105373346	0	4	0
LINC01865	1	0	1
LOC105373351	0	0	0
LOC124905962	0	0	0
LOC124907599	0	0	0
LINC01874	0	0	0
LOC100996637	0	0	0
LINC01875	0	0	0
LOC105373352	0	0	0
TMEM18	162	2	207
TMEM18-DT	0	45	2
LOC105373479	0	0	0
LOC105373358	0	0	0
LOC105373480	1	0	1
LINC01115	0	0	0
LINC01939	0	0	0
SNTG2-AS1	0	0	0
SNTG2	0	0	0
LOC124905965	0	0	0
LOC105373359	0	0	0
TPO	0	0	0
LALTOP	3	0	3
LOC102723730	0	0	0
LOC124907722	0	0	0
PXDN	1694	1	1971
LOC124907723	0	278	0
LOC124907724	0	0	0
MYT1L	34	2	32
LOC124905967	0	0	0
LOC107985838	0	0	0
MYT1L-AS1	0	0	0
LOC105373389	0	0	0
LOC107985839	0	0	0
LOC105373390	0	0	0
LOC124905968	0	0	0
LINC01250	0	0	0
LOC124906153	0	0	0
LOC107985840	0	0	0
EIPR1	518	0	518
TRAPPC12	178	0	178
TRAPPC12-AS1	0	0	0
LOC112268321	0	0	0
ADI1	346	2	347
LOC124907725	4	3	4
RNASEH1	634	0	634
RNASEH1-DT	76	0	76
LOC124907726	58	0	58
RPS7	7761	3	7758
COLEC11	0	0	0
ALLC	0	0	0
LOC105373393	0	0	0
DCDC2C	0	0	0
LINC01304	0	0	0
LOC105373394	0	0	0
LOC105373395	0	0	0
LOC105373397	0	0	0
LOC107985841	0	0	0
LINC01249	0	0	0
LOC105373398	0	0	0
LOC105373399	0	0	0
LOC107985842	0	0	0
LOC124905950	0	0	0
LOC107985843	0	0	0
LINC01248	0	0	0
LOC124908052	0	0	0
SOX11	0	0	0
LOC112268411	0	0	0
LINC01810	0	0	0
SILC1	0	0	0
MIR7158	0	0	0
LOC400940	0	0	0
LOC105373401	0	0	0
LINC01247	0	0	0
LOC105373402	0	0	0
LINC01824	0	0	0
LOC107985845	0	0	0
LINC01246	0	0	0
LINC03156	0	0	0
MIR7515	0	0	0
LINC00487	0	0	0
LOC105373404	0	0	0
NRIR	0	0	0
CMPK2	1	1	0
RSAD2	42	0	42
GRASLND	0	0	0
RNF144A	1	0	1
LOC101929452	0	0	0
LOC124908053	0	0	0
LOC107985846	0	0	0
LOC107985847	0	0	0
LOC105373406	0	0	0
LOC100506274	0	0	0
LOC105373407	0	0	0
LOC101929510	0	0	0
LOC107985848	0	0	0
LINC01871	0	0	0
LOC105373408	0	0	0
LOC101929861	0	0	0
LOC105373409	0	0	0
LOC101929551	0	0	0
LINC00298	0	0	0
LOC124907727	0	0	0
LINC00299	0	0	0
LINC01814	2	0	2
LOC105373411	0	0	0
ID2-AS1	9	1	9
ID2	340	0	341
KIDINS220	385	0	385
MBOAT2	153	0	153
LOC124906167	0	0	0
LOC124907728	2	0	2
LOC124907729	0	0	0
LOC105373414	0	0	0
LOC105373416	0	0	0
LOC105373415	0	0	0
LOC105373417	0	0	0
ASAP2	215	0	590
LOC124907730	1	46	0
ITGB1BP1	466	330	466
CPSF3	727	2	725
IAH1	165	186	166
ADAM17	338	17	508
LOC124906162	0	0	0
LOC101929643	3	0	3
YWHAQ	4863	3	4860
LOC105373418	1	1	0
LOC105373419	0	0	0
LOC124905969	3	0	3
LOC100996549	0	0	0
LOC105373421	1	0	1
TAF1B	169	0	169
LOC105373422	0	0	0
GRHL1	154	0	194
LOC124905970	11	50	1
LOC112268412	0	0	0
KLF11-DT	18	1	18
KLF11	562	0	563
CYS1	0	0	0
RRM2	2191	0	2194
LOC124906144	1	1	0
MIR4261	0	0	0
LOC105373424	7	9	1
LOC124907731	0	0	0
LOC101929691	0	1	0
LOC124900530	0	0	0
HPCAL1	1536	14	1540
LOC124905972	7	23	0
LOC124907732	1	0	2
ODC1	1246	0	1246
SNORA80B	1	0	1
ODC1-DT	4	0	4
LOC105373426	2	0	2
NOL10	391	0	391
RN7SL832P	8	0	8
ATP6V1C2	21	2383	29
LOC105373428	5	6	12
PDIA6	4248	20	6603
LOC124905973	0	0	0
LINC01954	0	0	0
KCNF1	0	0	0
FLJ33534	0	0	0
CIMIP5	0	0	0
SLC66A3	203	3	200
ROCK2	1033	0	1033
LOC124907733	0	0	0
PPIAP60	0	0	0
LOC124907734	0	0	0
LINC00570	43	0	43
LOC105373429	5	0	5
E2F6	273	1	272
GREB1	36	0	36
MIR4429	0	0	0
NTSR2	0	0	0
LPIN1	565	0	565
LOC100506405	3	0	3
LOC101929752	0	0	0
LOC124907735	4	0	4
MIR548S	0	0	0
LOC105373430	0	0	0
MIR4262	0	0	0
MIR3681HG	0	0	0
LOC124906141	0	0	0
LOC105373433	0	0	0
LOC105373432	0	0	0
MIR3681	0	0	0
LOC105373431	0	0	0
LOC107985853	0	0	0
LOC124905974	0	0	0
TRIB2	0	0	0
MIR3125	0	0	0
LOC100506474	0	0	0
LOC105373436	0	0	0
LOC105373484	0	0	0
LOC105373437	0	0	0
LOC105373485	0	0	0
LOC105373438	0	0	0
LOC124907736	0	0	0
LOC107985854	0	0	0
LINC00276	0	0	0
LRATD1	0	0	0
NBAS	459	0	459
LOC105373440	0	0	0
LOC124905975	6	0	6
DDX1	2433	0	2433
LINC01804	0	0	0
LOC124905976	0	0	0
LOC124906147	0	0	0
MYCNUT	0	0	0
MYCNOS	0	0	0
MYCN	0	0	0
GACAT3	0	0	0
LOC105373443	0	0	0
LOC124908049	0	0	0
LOC107985855	0	0	0
LOC105373444	0	0	0
CYRIA	0	0	0
LINC01866	0	0	0
LOC105373447	0	0	0
LOC105373448	0	0	0
RAD51AP2	0	0	0
VSNL1	1	1	0
LOC124908054	1	0	1
SMC6	451	1	460
GEN1	443	9	444
LOC105373449	0	0	0
MSGN1	0	0	0
LOC112267888	0	0	0
LOC124907737	0	0	0
KCNS3	0	0	0
LOC124900534	0	0	0
LOC105373451	0	0	0
LOC105373454	0	0	0
NT5C1B-RDH14	0	0	0
RDH14	0	0	55
LOC105373456	2	123	4
NT5C1B	0	0	0
LINC01376	0	0	0
LOC124907739	0	0	0
LOC124907738	0	0	0
OSR1	6	0	6
MIR4757	0	0	0
LOC105373458	0	0	0
LOC101928196	0	0	0
LINC01808	0	0	0
LOC105373459	0	0	0
LOC124905977	0	0	0
LOC105373461	0	0	0
LINC00954	1	1	0
TTC32	87	0	87
WDR35	204	1	203
WDR35-DT	2	1	1
MATN3	4	0	4
LAPTM4A	3055	1	3054
LAPTM4A-DT	4	1	3
LOC107985807	0	0	0
SDC1	727	0	727
LOC124905978	6	6	0
PUM2	1205	0	1205
LOC105373465	0	0	0
RHOB	10770	15	10755
LOC107985856	4	1	3
LOC102724948	45	36	9
HS1BP3	299	1	298
HS1BP3-IT1	2	0	2
LOC124907740	13	7	6
LOC105373466	0	0	0
GDF7	13	13	0
LDAH	298	0	298
LINC02850	0	0	0
APOB	0	0	0
LOC124905593	0	0	0
LOC124908055	0	0	0
TDRD15	0	0	0
LOC105374317	0	0	0
LOC105374318	0	0	0
LOC100507562	0	0	0
LOC107984020	0	0	0
LOC101929230	0	0	0
LINC01822	0	0	0
LOC124908056	0	0	0
LOC105374320	0	0	0
LOC124905953	0	0	0
LINC01830	0	0	0
LINC01884	0	0	0
LOC107985857	0	0	0
LOC124908057	0	0	0
LOC107985792	1	0	1
LOC107985858	0	0	0
LOC102723389	1	0	1
LINC02923	0	19	0
KLHL29	248	2	282
LOC124907741	0	0	0
LOC105374325	1	0	1
LOC102723401	0	0	0
ATAD2B	248	51	214
UBXN2A	220	0	220
MFSD2B	1	0	1
WDCP	178	0	178
FKBP1B	0	0	0
SF3B6	680	0	680
FAM228B	5	89	4
TP53I3	105	3	188
PFN4	4	0	6
LOC105374328	0	0	0
FAM228A	0	0	0
ITSN2	259	2	257
LOC124900541	0	0	0
LOC105374329	0	0	0
NCOA1	227	0	227
PTRHD1	226	0	226
LOC105369164	4	0	4
CENPO	177	651	370
ADCY3	1029	258	1618
LOC105377626	3	0	3
LOC124907742	0	3	0
DNAJC27	70	1	70
DNAJC27-AS1	2	0	3
EFR3B	377	0	377
POMC	0	0	0
LINC01381	0	0	0
DNMT3A	151	0	151
MIR1301	0	0	0
DTNB	171	1	260
DTNB-AS1	4	21	0
LOC124900608	0	32	0
LOC105374332	0	0	0
ASXL2	453	1	452
KIF3C	85	0	85
LOC124907743	0	1	0
RAB10	1692	1	1692
LOC105374333	5	0	5
GAREM2	87	936	84
HADHA	4506	5	5434
HADHB	2098	1	2097
LOC105374334	0	1	0
ADGRF3	4	8	4
SELENOI	653	0	660
DRC1	0	0	0
OTOF	8	0	8
CIMIP2C	0	0	0
CIB4	0	0	0
KCNK3	82	0	82
SLC35F6	881	0	881
CENPA	177	0	177
DPYSL5	0	0	0
LOC124905979	0	0	0
MAPRE3	130	4	127
MAPRE3-AS1	0	1	0
TMEM214	1574	0	1574
AGBL5-AS1	0	0	0
AGBL5	511	228	511
TRY-GTA2-1	0	0	0
TRA-AGC8-1	0	0	0
OST4	158	5	381
EMILIN1	11	5	6
KHK	65	1	108
CGREF1	0	43	1
LOC124907744	0	0	0
ABHD1	0	9	0
PREB	1019	1	1027
PRR30	0	0	0
TCF23	0	0	0
SLC5A6	756	229	765
ATRAID	1249	16	1471
CAD	1852	0	1852
SLC30A3	16	0	16
DNAJC5G	0	0	0
TRIM54	5	3	6
UCN	73	3	74
MPV17	806	0	806
GTF3C2	1381	3	1753
GTF3C2-AS1	0	357	0
GTF3C2-AS2	259	251	255
EIF2B4	342	3	568
SNX17	1667	10	1668
ZNF513	94	6	99
PPM1G	3060	3	3057
FTH1P3	5	0	5
NRBP1	1616	3	1613
KRTCAP3	7	32	7
IFT172	255	0	287
FNDC4	0	0	0
GCKR	1	0	1
SPATA31H1	7	7	0
ZNF512	498	0	498
CCDC121	39	3	37
GPN1	541	84	551
LOC124906143	0	0	0
SUPT7L	834	54	873
SLC4A1AP	448	0	448
LINC01460	0	0	0
LOC105374378	0	0	0
MRPL33	350	1	349
RBKS	75	0	75
BABAM2	708	0	765
BABAM2-AS1	1	49	1
LOC105374369	2	0	2
MIR4263	6	0	6
LOC100505736	0	0	0
LOC124907745	3	2	1
BABAM2-AS2	5	12	0
LOC105374381	0	0	0
LOC105374382	6	0	6
LOC105374383	2	0	2
FOSL2-AS1	2	0	2
FOSL2	3228	1	3227
LOC102723530	0	0	0
PLB1	7	0	7
LOC124907746	0	0	0
LOC105374384	0	0	0
LOC100505774	0	0	0
PPP1CB-DT	15	9	20
PPP1CB	2312	6	2320
SPDYA	9	76	8
TRMT61B	237	2	310
WDR43	1073	2	1071
SNORD92	0	0	0
SNORD53	0	0	0
SNORD53B	0	0	0
TOGARAM2	7	0	7
PCARE	0	0	0
LOC105374386	0	0	0
CLIP4	8	0	8
LOC124907747	0	0	0
ALK	0	0	0
LOC101929386	0	0	0
LOC105374389	0	0	0
LOC124907748	0	0	0
YPEL5	763	0	763
LOC105374414	0	0	0
SNORA10B	0	0	0
LOC124907749	0	0	0
LBH	16	0	16
LOC102723594	0	0	0
LINC01936	0	0	0
LCLAT1	367	0	367
CAPN13	0	0	0
LOC124905982	0	0	0
LOC105374435	0	0	0
LOC124907750	0	0	0
GALNT14	0	0	0
LOC107985861	0	0	0
CAPN14	0	0	0
EHD3	0	0	0
LOC124905983	0	0	0
LOC124907751	0	0	0
XDH	0	0	0
SRD5A2	1	0	1
LOC107985862	0	0	0
LOC107985863	0	0	0
LINC01946	0	0	0
MEMO1	389	2	387
DPY30	551	2	549
SPAST	328	4	324
SLC30A6-DT	9	0	9
SLC30A6	793	0	798
NLRC4	27	32	0
YIPF4	628	0	628
BIRC6	1687	5	1682
MIR558	0	0	0
BIRC6-AS2	4	4	0
LOC124905985	0	0	0
TTC27	439	0	439
MIR4765	0	0	0
LINC00486	0	0	0
LOC105374453	0	0	0
LOC100271832	0	0	0
LTBP1	17	0	17
MIR4430	0	0	0
RASGRP3	15	4	11
RASGRP3-AS1	4	0	4
FAM98A	1109	0	1109
LOC105374455	2	0	2
LOC124905986	4	0	4
LINC01317	0	0	0
MYADML	0	0	0
LOC124905987	0	0	0
LOC105374456	0	0	0
LINC01318	0	0	0
LOC105374457	0	0	0
LOC105374459	0	0	0
LINC01320	0	0	0
LOC107985865	1	0	1
LOC105374458	0	0	0
LOC124907752	0	0	0
LOC105374461	0	0	0
LOC107985808	0	0	0
MIR548AD	0	0	0
LOC107985866	0	0	0
CRIM1-DT	0	0	0
CRIM1	1208	4	1204
LOC124907753	2	0	2
LOC124905989	1	0	1
FEZ2	776	0	776
LOC124905990	8	8	0
VIT	242	0	242
STRN	599	0	599
HEATR5B	498	0	498
GPATCH11	254	4	251
EIF2AK2	1345	1	1345
SULT6B1	0	0	0
CEBPZOS	556	838	811
CEBPZ	797	287	1603
NDUFAF7	493	418	480
PRKD3	1049	27	1427
PRKD3-DT	4	0	4
LOC124907754	0	0	0
QPCT	2	0	2
LOC107985868	9	0	9
LOC124905991	0	0	0
LINC03063	0	0	0
CDC42EP3	263	3	260
LOC107985870	0	0	0
LOC105374465	0	0	0
LOC107985869	0	0	0
PIRAT1	0	0	0
RMDN2	33	7	26
RMDN2-AS1	0	0	0
CYP1B1	519	3	516
LOC107985871	61	4	57
CYP1B1-AS1	19	7	12
LOC102723739	80	8	72
LOC105374467	0	0	0
ATL2	1083	0	1083
LOC105374468	0	0	0
LINC01883	0	0	0
LINC02613	0	0	0
HNRNPLL	664	0	664
GALM	42	2	48
LOC124905993	3	7	3
SRSF7	2505	2	2503
GEMIN6	265	0	265
DHX57	549	1	552
LOC105374470	2	5	0
MORN2	118	0	119
ARHGEF33	0	0	0
LOC105374471	1	1	0
LOC375196	0	0	0
SOS1	1260	4	1256
CDKL4	4	0	4
MAP4K3	447	0	447
MAP4K3-DT	48	0	48
TMEM178A	3	4	3
THUMPD2	230	0	341
LOC124905994	3	110	0
LOC112268436	0	0	0
SLC8A1-AS1	0	0	0
SLC8A1	0	0	0
LOC101929667	1	0	1
LOC105374473	0	0	0
LOC105374475	0	0	0
LOC105374497	0	0	0
LOC105374491	0	0	0
LINC01794	0	0	0
LOC105374506	1	0	1
LINC01913	0	0	0
LINC01914	27	7	20
LINC02898	2	0	2
LOC124905996	0	3	0
LOC105374517	0	0	0
PKDCC	1194	1	1193
LOC105374531	0	0	0
EML4-AS1	0	0	0
EML4	1123	8	1115
COX7A2L	1022	0	1022
KCNG3	16	0	16
LOC124900542	0	0	0
MTA3	744	1	743
LOC105374555	0	0	0
OXER1	0	0	0
HAAO	0	0	0
TRI-TAT2-1	1	0	1
LOC105374568	0	0	0
LOC112268413	0	0	0
LINC01819	2	0	2
LOC107985876	3	0	3
LOC124907756	3	0	3
LINC02580	0	0	0
LOC105374570	0	0	0
LOC124907755	3	0	3
ZFP36L2	1816	7	1809
LINC01126	12	0	12
THADA	420	11	409
PLEKHH2	41	0	41
C1GALT1C1L	0	0	0
DYNC2LI1	156	0	156
LOC105374571	0	0	0
ABCG5	2	2	0
ABCG8	0	0	0
LOC102725159	0	0	0
LRPPRC	5293	1	5292
LOC124907757	0	0	0
PPM1B-DT	0	0	0
PPM1B	452	0	452
SLC3A1	11	730	2
PREPL	283	2	1002
CAMKMT	126	1	125
LOC124905998	0	0	0
LOC124907759	6	0	6
LOC124905999	12	0	12
LOC124907758	4	0	4
LOC105374573	0	0	0
LINC01833	0	0	0
SIX3-AS1	0	0	0
SIX3	0	0	0
SIX2	537	1	536
LOC107985809	0	0	0
LINC01121	0	0	0
LOC105374576	0	0	0
LOC105374577	1	0	1
SRBD1	238	1	237
LOC102724965	25	8	25
PRKCE	108	0	116
PRKCE-AS1	0	0	0
LOC124907761	1	0	1
LOC101926974	0	0	0
LOC105374581	0	0	0
EPAS1	2898	4	2894
LINC01820	0	0	0
LOC124907762	0	0	0
LINC02583	0	0	0
TMEM247	0	0	0
LOC124906002	2	2	0
ATP6V1E2	92	10	94
RHOQ	800	212	1283
RHOQ-AS1	15	16	0
PIGF	141	582	242
LOC124906003	7	6	1
CRIPT	281	0	282
LOC105374584	17	0	17
SOCS5	446	0	446
LINC01118	0	0	0
LINC01119	13	0	13
LOC107985880	0	0	0
LOC124906004	0	0	0
MCFD2-AS1	11	221	0
MCFD2	1926	52	2160
TTC7A	875	16	925
STPG4	0	0	0
CALM2	6287	1	6286
EPCAM-DT	0	0	0
LOC105374588	0	0	0
LOC124907763	0	0	0
LOC107985882	0	0	0
BCYRN1	0	0	0
EPCAM	0	0	0
MIR559	0	0	0
MSH2	1306	0	1330
KCNK12	0	24	0
MSH2-OT1	2	0	2
LOC105374589	0	0	0
MSH6	2637	39	2614
FBXO11	894	14	936
LOC100506235	7	39	8
LOC105374590	0	0	0
LOC105374592	0	0	0
LOC105374591	0	0	0
LOC124907765	0	0	0
LOC105374593	0	0	0
LOC102724008	0	0	0
LOC124907766	1	0	5
FOXN2	411	7	408
PPP1R21	216	0	216
STON1-GTF2A1L	1	0	1
STON1	0	0	0
GTF2A1L	0	0	0
LHCGR	0	0	0
LOC105374594	0	0	0
FSHR	0	0	0
MIR548BA	0	0	0
LOC107985810	0	0	0
LOC105374595	0	0	0
LOC124906005	0	0	0
NRXN1	0	0	0
LOC101927089	0	0	0
MIR8485	0	0	0
LOC124906006	0	0	0
NRXN1-DT	0	0	0
LOC105377627	2	0	2
LOC105374597	0	0	0
LOC124907767	0	0	0
LOC107985766	0	0	0
LINC01867	0	0	0
LOC105374598	0	0	0
MIR4431	0	0	0
LOC105369165	1	0	1
LOC124900528	0	0	0
LOC105374600	2	0	2
ASB3	1	0	1
GPR75-ASB3	0	0	0
CHAC2	243	5	238
ERLEC1	1090	2	1104
LOC112268415	1	16	1
MIR3682	6	0	6
GPR75	30	1	29
PSME4	1422	0	1422
ACYP2	46	7	39
LOC105374615	3	0	3
LOC105374610	0	0	0
TSPYL6	0	0	0
CIMIP6	0	0	0
LOC102724072	0	0	0
SPTBN1	3201	2	3600
SPTBN1-AS1	8	36	1
RPL23AP32	1	0	1
LOC124906008	0	0	0
SPTBN1-AS2	17	389	0
LOC105374653	0	0	0
EML6	261	0	261
EML6-AS1	0	0	0
RTN4	4440	5	4435
LOC105374662	0	0	0
CLHC1	143	31	141
RPS27A	13195	15	13209
MTIF2	864	3	861
PRORSD1P	29	21	8
CCDC88A	821	0	878
LOC124907768	0	57	0
CFAP36	318	4	314
PPP4R3B	1611	2	1613
LOC124900537	4	4	0
PPP4R3B-DT	42	19	27
PNPT1	1160	8	1152
LOC107985811	0	0	0
LOC112268416	5	2	3
EFEMP1	3425	3	3422
LOC105374690	0	0	0
MIR217HG	0	0	0
MIR217	0	0	0
MIR216A	0	0	0
MIR216B	0	0	0
LINC01813	0	0	0
LOC100129434	0	0	0
CCDC85A	0	0	0
LOC101927213	0	0	0
LOC124906180	0	0	0
LOC124900539	0	0	0
LOC101927235	0	0	0
LOC105374697	0	0	0
LOC105377628	0	0	0
LOC124907769	0	0	0
VRK2	231	260	392
LOC124907770	0	0	0
LOC107984043	0	16	0
FANCL	593	259	739
LINC01795	0	0	0
LINC01122	0	0	0
LOC124907771	0	0	0
LINC01793	0	0	0
LOC105374754	0	0	0
MIR4432HG	0	0	0
MIR4432	0	0	0
LOC102724142	0	0	0
LOC124906010	0	0	0
BCL11A	0	0	0
PAPOLG	267	0	267
REL-DT	0	0	0
REL	244	15	229
PUS10	129	59	95
PEX13	591	2	614
SANBR	257	3	254
LOC105374759	0	0	0
C2orf74-DT	162	1	161
C2orf74	144	0	148
C2orf74-AS1	5	117	0
AHSA2P	754	863	901
USP34	1703	104	2501
SNORA70B	0	0	0
USP34-DT	14	1067	20
XPO1	4623	12	5684
LOC107985767	9	0	9
LOC105374760	0	0	0
FAM161A	95	0	95
CCT4	2806	0	4413
LOC124907773	0	779	0
COMMD1	114	451	114
LOC124906012	2	0	2
LOC124906013	4	0	4
B3GNT2	419	0	419
MIR5192	0	0	0
LOC105374761	0	0	0
LOC124906156	0	0	0
LOC105374764	2	0	2
TMEM17	1	0	1
EHBP1	520	1	740
EHBP1-AS1	14	233	2
OTX1	267	2	265
DBIL5P2	0	0	0
WDPCP	47	0	47
LOC107985769	0	0	0
MDH1	4269	0	4269
UGP2	2899	9	2890
VPS54	818	8	810
LOC124907774	0	0	0
PELI1	187	0	187
LINC00309	0	0	0
LOC100507006	0	0	0
LOC105374769	0	0	0
LOC105374768	0	0	0
MIR4433B	0	0	0
MIR4433A	0	0	0
LGALSL-DT	3	20	6
LOC124907775	1	0	1
LGALSL	249	3	269
LINC01805	0	0	0
AFTPH-DT	1	0	1
AFTPH	478	0	564
MIR4434	0	0	0
LOC105374773	6	92	0
LINC02579	0	0	0
SERTAD2	657	0	657
SERTAD2-AS1	4	4	0
LOC124907776	8	0	8
LOC105374777	0	0	0
LOC105374776	0	0	0
LINC01800	0	0	0
LINC02245	0	0	0
LOC124906172	0	0	0
SLC1A4	319	2	317
LINC02576	1	1	0
CEP68	286	15	287
RAB1A	2488	1	2503
LOC124906140	0	0	0
LOC124907779	3	0	3
ACTR2	4395	0	4395
LOC124907781	1	0	1
SPRED2	508	0	508
LOC105374780	0	0	0
LOC124907784	1	0	1
LOC105374781	0	0	0
LINC03050	0	0	0
LOC107985889	0	0	0
LOC105369167	0	0	0
LINC02934	0	0	0
LOC107985890	0	0	0
LOC107985812	0	0	0
MIR4778	0	0	0
LINC01873	0	0	0
MEIS1-AS3	0	0	0
MEIS1	147	0	148
MEIS1-AS2	0	1	0
LOC124900511	7	0	7
LINC01798	2	0	2
LINC01797	0	0	0
LINC01799	0	0	0
LINC01628	0	0	0
LOC105374785	0	0	0
LINC01828	1	0	1
LINC01829	0	0	0
LOC101927661	0	0	0
ETAA1	469	0	469
LOC107985891	1	0	1
LOC124907804	0	0	0
LOC124906017	0	0	0
LOC105374786	2	0	2
LINC02831	0	0	0
LINC01812	0	0	0
C1D	344	0	344
LOC105374789	1	0	1
DNAAF10	281	0	281
PNO1	564	2	562
PPP3R1	1290	7	1283
PPP3R1-AS1	1	1	0
CNRIP1	5	0	5
LOC102724389	2	0	2
LOC101927723	0	0	0
PLEK	0	0	0
FBXO48	44	0	44
APLF	38	0	38
PROKR1	0	0	0
ARHGAP25	0	0	0
LOC105374790	0	0	0
LINC01890	0	0	0
LINC01888	0	0	0
BMP10	0	0	0
LOC105374792	0	0	0
GKN2	0	0	0
GKN1	2	0	2
ANTXR1	3773	2	3771
MIR3126	0	0	0
LOC124906019	19	0	19
LOC124907821	0	0	0
GFPT1	1188	1	1187
NFU1	157	0	157
LOC124906020	3	3	0
AAK1	737	0	737
SNORA36C	0	0	0
ANXA4	872	0	1020
LOC124906149	0	0	0
SMANTIS	3	0	3
LOC124906021	0	148	0
GMCL1	423	0	423
SNRNP27	472	1	471
LOC124906176	16	0	16
MXD1	468	0	668
ASPRV1	3	200	3
LOC124906177	0	0	0
PCBP1-AS1	86	3810	88
PCBP1	3230	5	7038
LOC124906022	1	0	1
LINC01816	5	0	5
C2orf42	174	1	173
TIA1	1487	1	1486
TRG-CCC2-1	0	0	0
MIR1285-2	0	0	0
PCYOX1	1656	0	1656
SNRPG	543	0	544
LOC124906023	3	6	2
FAM136A	1084	14	1074
TGFA	55	0	55
TGFA-IT1	0	0	0
LOC107985895	0	0	0
LOC124907824	0	0	0
ADD2	0	0	0
LOC105374794	0	0	0
FIGLA	0	0	0
CLEC4F	0	0	0
CD207	0	0	0
LINC01143	0	0	0
VAX2	0	0	0
ATP6V1B1	1	1	0
ATP6V1B1-AS1	0	0	0
LOC105374795	1	0	1
ANKRD53	2	2	0
TEX261	761	0	761
LOC105374796	0	0	0
OR7E91P	0	0	0
NAGK	349	0	349
MCEE	149	0	149
MPHOSPH10	665	0	665
PAIP2B	41	0	41
LOC105374797	0	7	0
ZNF638	2088	0	2095
DYSF	70	0	70
LOC124907827	0	0	0
LOC105374798	0	0	0
CYP26B1	572	3	569
EXOC6B	663	0	663
LOC124900538	0	0	0
SPR	1009	0	1009
EMX1	0	0	0
SFXN5	191	0	191
LOC107985897	2	0	2
LOC105374800	0	0	0
RAB11FIP5	897	1	896
NOTO	0	0	0
SMYD5	549	2	547
PRADC1	474	5	469
CCT7	7034	11	7023
FBXO41	1154	3	1152
LOC124907840	0	0	0
EGR4	0	0	0
LOC105374802	0	0	0
LOC105374803	0	0	1
LOC105374804	0	0	0
ALMS1	0	0	0
ALMS1-IT1	0	0	0
NAT8	0	0	0
ALMS1P1	0	0	0
LOC112268418	0	0	0
NAT8B	0	0	0
LOC124907848	0	0	0
LOC124905592	0	0	0
TPRKB	0	0	0
DUSP11	0	0	0
C2orf78	0	0	0
LOC105374807	1	0	2
STAMBP	506	1	773
LOC112268419	6	273	0
ACTG2	1	0	1
DGUOK	324	5	565
DGUOK-AS1	5	245	6
TET3	425	40	413
BOLA3	236	0	264
BOLA3-DT	17	1	16
MOB1A	1798	1	1797
MTHFD2	1871	0	2027
SLC4A5	11	158	9
DCTN1	2540	0	2542
DCTN1-AS1	0	2	0
C2orf81	3	0	3
WDR54	60	0	60
RTKN	418	0	418
INO80B-WBP1	0	0	0
INO80B	5	0	5
WBP1	33	0	33
MOGS	1795	1	1794
MRPL53	345	0	345
CCDC142	403	0	403
TTC31	448	0	451
LBX2	7	23	0
LBX2-AS1	12	0	25
PCGF1	235	1	234
TLX2	2	1	1
DQX1	14	0	14
AUP1	1433	1	2009
HTRA2	489	580	721
LOXL3	66	338	7
DOK1	160	0	204
M1AP	5	2	3
SEMA4F	110	0	110
LOC102724497	4	0	4
LOC102724482	2	0	2
HK2-DT	58	0	63
HK2	4012	80	3937
LINC01291	8	7	7
LOC105374809	54	200	68
POLE4	72	9	271
LOC124907850	4	0	4
TACR1	1	0	1
MIR5000	0	0	0
TACR1-AS1	4	0	5
LOC107985900	0	1	0
LOC105374810	0	0	0
LOC124906160	0	0	0
LOC124906189	0	0	0
EVA1A	7	0	7
EVA1A-AS	0	0	0
LOC124906026	0	0	0
LOC124906195	0	0	0
LOC124906161	0	0	0
MRPL19	1402	16	1386
GCFC2	299	40	423
LOC124906025	72	140	55
LOC105374813	0	39	2
LOC105374814	0	0	0
LRRTM4	0	0	0
LOC105374815	0	0	0
LRRTM4-AS1	0	0	0
LOC101927967	0	0	0
LINC01851	0	0	0
LOC105374817	3	0	3
SNAR-H	0	0	0
LOC105374816	11	0	11
LOC101927948	0	0	0
LOC124906027	21	0	21
LOC105374820	0	0	0
LOC105374819	0	0	0
LOC105374821	0	0	0
LOC105374822	0	0	0
REG3G	0	0	0
REG1B	0	0	0
REG1A	0	0	0
REG1CP	0	0	0
REG3A	0	0	0
CTNNA2	0	0	0
LOC105374823	0	0	0
CTNNA2-AS1	0	0	0
MIR4264	0	0	0
MIR8080	0	0	0
LOC107985903	0	0	0
LRRTM1	0	0	0
LOC107985904	0	0	0
LOC105374824	0	0	0
LOC105374827	0	0	0
LINC01815	0	0	0
LOC102724542	81	0	81
LOC105374828	0	0	0
LOC105374829	0	0	0
LOC124906132	0	0	0
LOC105374831	0	0	0
DHFRP3	0	0	0
LOC105374832	0	0	0
LOC124908050	0	0	0
LOC105374833	0	0	0
LOC105374834	0	0	0
LINC01809	0	0	0
LOC107985905	0	0	0
FUNDC2P2	0	0	0
SUCLG1	1818	1	1819
DNAH6	25	2	25
TRABD2A	1497	0	1497
LOC105374837	4	3	1
LOC105374836	1	233	3
TMSB10	8750	6	8979
KCMF1	1059	0	1059
LINC01964	0	0	0
TCF7L1	0	0	0
TCF7L1-IT1	0	0	0
LOC102724579	0	0	0
TGOLN2	344	0	344
RETSAT	85	0	85
ELMOD3	218	70	164
LOC124906137	0	0	0
CAPG	3787	12	4229
LOC105374841	3	439	2
SH2D6	91	2	89
PARTICL	107	1	107
MAT2A	13158	26	14125
GGCX	1290	990	1292
VAMP8	925	3	922
VAMP5	41	0	41
RNF181	531	0	531
TMEM150A	141	3	138
USP39	1316	1	1315
C2orf68	511	1	510
SFTPB	1	0	1
LOC105374842	2	0	2
GNLY	0	0	0
LOC124907851	0	0	0
ATOH8	794	1	793
MIR6071	0	0	0
LOC284950	4	0	4
ST3GAL5	104	2	102
ST3GAL5-AS1	2	0	2
LOC124906030	1	0	1
LOC124906031	0	0	0
LOC105374843	3	0	3
POLR1A	1197	1	1196
LOC124907852	0	0	0
PTCD3	2072	2	2070
SNORD94	9	0	9
IMMT	3287	14	3273
MIR4779	0	0	0
MRPL35	761	1	760
REEP1	183	0	183
LOC124900517	0	0	0
KDM3A	1164	4	1160
RNF103-CHMP3	0	0	0
CHMP3	0	0	1
CHMP3-AS1	0	79	0
RNF103	449	0	454
LOC124907853	0	0	0
RMND5A	1152	0	1152
CD8A	0	0	0
LOC105374846	0	0	0
CD8B	0	0	0
ANAPC1P1	0	0	0
RGPD1	1	0	1
PLGLB1	0	0	0
ANAPC1P2	133	0	133
LOC102724642	67	0	67
MIR4771-1	0	0	0
LOC107985771	0	0	0
LINC01955	0	1	0
LOC107985908	0	0	1
LOC105374848	0	2	0
LOC124907854	7	0	7
LOC105377635	4	0	4
LINC01943	3	1	2
CYTOR	27	83	11
NCAL1	0	0	0
LOC124906032	40	2	106
LOC107985909	0	0	0
MIR4435-1	0	0	0
LOC101928214	2	2	0
ANAPC1P4	0	0	0
PLGLB2	0	0	2
RGPD2	0	2	0
LOC124906185	0	0	0
RNU2-63P	0	0	0
LOC105374852	7	0	7
KRCC1	215	0	215
SMYD1	0	0	0
MIR4780	0	0	0
FABP1	0	0	0
LOC101928347	0	0	0
THNSL2	0	0	0
LOC124907855	0	0	0
LOC124906155	0	0	0
FOXI3	0	0	0
SPMIP9	0	0	0
EIF2AK3-AS1	0	178	0
EIF2AK3	321	4	499
EIF2AK3-DT	7	0	11
LOC102724805	15	2	13
RPIA	161	0	161
LOC105374853	0	0	0
ANKRD36BP2	0	0	0
MALLP2	0	0	0
MIR4436A	0	0	0
LOC105374854	0	0	0
LOC124907856	0	0	0
LOC107985910	0	0	0
LOC107985911	22	0	22
KMT2CP4	0	0	0
LOC105374862	0	0	0
LOC124905368	0	0	0
LOC124905938	0	0	0
LSP1P4	2	0	2
KMT2CP5	0	0	0
GGT8P	0	0	0
ACTR3BP2	0	0	0
BMS1P23	27	0	31
LOC107985915	5	4	5
LOC100133920	0	0	0
AQP7B	1	0	1
LOC107985916	0	0	0
FAM95A	0	0	0
ANKRD20A8P	0	0	0
LOC442028	0	0	0
TEKT4	0	0	0
LOC105373487	0	0	0
MAL-AS1	0	0	0
MAL	0	0	0
LOC124906047	0	0	0
LOC124907857	1	0	1
LOC105373488	0	0	0
MRPS5	1365	1	1364
ZNF514	20	0	20
ZNF2	69	0	69
ZNF892	4	4	0
PROM2	0	0	0
KCNIP3	1	0	1
LOC124907858	0	0	0
FAHD2A	1	0	1
TRIM43B	0	0	0
LINC03052	0	0	0
TRIM43	0	0	0
LOC124905589	0	0	0
LOC101926959	0	0	0
LOC128966744	0	0	0
LINC00342	39	0	39
ANKRD36C	73	0	73
FAHD2CP	5	0	52
LOC124900512	33	0	33
GPAT2	4	63	0
LOC105373494	0	0	0
ADRA2B	0	0	0
ASTL	2	0	2
DUSP2	1583	1	1582
STARD7	2038	22	2306
STARD7-AS1	38	275	53
SNORA112	2	0	2
TMEM127	1167	7	1160
CIAO1	1755	0	1755
SNRNP200	7107	3	7104
ITPRIPL1	0	0	0
NCAPH	1097	1	1096
NEURL3	0	0	0
LOC105373496	0	0	0
ARID5A	185	0	185
KANSL3	792	0	792
FER1L5	0	0	0
LMAN2L	314	0	314
CNNM4	276	3	273
MIR3127	0	0	0
CNNM3-DT	15	0	15
CNNM3	613	84	949
LOC124907859	0	393	26
ANKRD23	35	3	32
ANKRD39	169	0	169
SEMA4C	506	8	554
LOC124908044	8	52	12
FAM178B	0	0	0
LOC101927053	0	0	0
LOC124906158	0	0	0
FAHD2B	0	0	0
ANKRD36	0	0	0
LOC100506076	0	0	0
LOC124907860	0	0	0
LOC107985920	0	0	0
APPAT	0	0	0
ANKRD36B	0	0	0
LOC105373499	0	0	0
COX5B	0	0	0
ACTR1B	0	0	0
C2orf92	1	0	1
LOC124900516	0	0	0
ZAP70	0	0	0
TMEM131	0	0	0
LOC124907861	0	0	0
LOC124905591	0	0	0
LOC105373501	0	0	0
VWA3B	0	0	0
CNGA3	0	0	0
INPP4A	464	1	463
COA5	306	3	303
UNC50	445	1	444
MGAT4A	58	0	58
LOC124906050	0	0	0
LOC107985922	0	0	0
LINC02611	0	0	0
CRACDL	49	0	49
TSGA10	10	0	11
C2orf15	10	4	6
LIPT1	90	3	90
MITD1	388	2	388
MRPL30	1248	0	1248
LYG2	4	4	0
LYG1	46	3	43
LOC107985923	16	18	0
TXNDC9	641	2	641
EIF5B	2198	118	2219
REV1	599	110	628
AFF3	0	0	0
LOC124906051	0	0	0
LOC105373504	0	0	0
LINC01104	0	0	0
LONRF2	0	0	0
CHST10	0	0	0
NMS	0	0	0
LOC105373506	0	0	0
PDCL3	229	0	229
LINC01849	0	0	0
LOC107985814	0	0	0
LINC01868	0	0	0
LOC105375310	0	0	0
LOC105373508	0	0	0
NPAS2	566	1	566
NPAS2-AS1	0	1	0
RPL31	6188	46	6154
TBC1D8	938	9	941
LOC105373510	2	0	2
TBC1D8-AS1	11	0	11
LOC124906053	0	0	0
CNOT11	1010	2	1192
LOC105373511	16	198	2
RNF149	1309	3	1306
SNORD89	0	0	0
LOC124906052	1	0	1
LOC105373512	0	0	0
MIR5696	0	0	0
CREG2	397	1	396
RFX8	0	0	0
LINC01870	0	0	0
LOC105373514	0	0	0
MAP4K4	2137	3	2134
LINC01127	0	0	0
IL1R2	0	0	0
LOC107985926	0	0	0
IL1R1	103	0	108
IL1R1-AS1	0	5	0
IL1RL2	0	0	0
CFAP144P2	0	0	0
IL1RL1	0	0	0
IL18R1	44	0	44
IL18RAP	1	0	1
MIR4772	0	0	0
SLC9A4	0	0	0
SLC9A2	0	0	0
LOC124905954	0	0	0
SLC67A2	56	1	55
TMEM182	14	0	14
LINC01796	0	0	0
LINC01935	0	0	0
LOC124907862	0	0	0
LOC105373520	0	0	0
LOC107985927	0	0	0
LINC01965	0	0	0
LOC105373521	0	0	0
LOC105373523	0	0	0
LOC105373522	0	0	0
LOC124908051	0	0	0
LOC100287010	0	0	0
LOC124908058	0	0	0
LINC01831	0	0	0
LINC01102	0	0	0
LINC01103	0	0	0
LOC124906193	0	0	0
LOC105373524	0	0	0
LOC105373525	0	0	0
LOC105373526	0	0	0
LOC101927383	0	0	0
LOC124900520	0	0	0
LINC01114	0	0	0
PANTR1	0	0	0
POU3F3	0	0	0
LOC124908045	0	0	0
LINC01159	0	0	0
DALIR	0	0	0
MRPS9-AS2	0	0	0
MRPS9	472	0	833
MRPS9-AS1	3	364	0
LOC105373527	0	0	0
LINC01918	0	0	0
LOC105373528	1	0	1
GPR45	0	0	0
TGFBRAP1	570	0	570
C2orf49-DT	77	1	79
C2orf49	439	47	424
FHL2	1143	8	1164
LOC105373529	0	0	0
LOC105375311	0	0	0
LINC02946	0	0	0
LOC107985929	0	0	0
NCK2	43	0	43
LOC105373530	0	0	0
LOC105373531	0	0	0
LOC124906055	0	0	0
ECRG4	0	0	0
UXS1	740	1	739
ANAPC1P6	0	0	0
PLGLA	0	0	0
RGPD3	17	0	17
LOC107985931	0	0	0
CD8B2	0	0	0
LOC124907863	0	0	0
LOC102724744	0	0	0
ST6GAL2	0	0	0
LOC124907864	0	0	0
LOC105373535	0	0	0
LINC01789	0	0	0
LINC01885	1	0	1
LINC01886	1	0	1
LOC124905955	4	4	0
LOC105373539	5	0	5
GACAT1	0	0	0
RGPD4-DT	0	0	0
RGPD4	0	0	0
LOC124906057	0	0	0
SLC5A7	0	0	0
LINC01593	0	0	0
LINC01594	0	0	0
SULT1C3	0	0	0
SULT1C2	0	0	0
SULT1C5P	0	0	0
SULT1C4	0	0	0
GCC2	692	7	750
GCC2-AS1	2	66	2
LIMS1	838	0	839
LIMS1-AS1	0	0	0
LOC107985802	0	0	0
RANBP2	1854	1	1853
CCDC138	222	0	222
EDAR	1	1	0
SH3RF3-AS1	30	83	6
SH3RF3	419	2	476
MIR4265	0	0	0
MIR4266	0	0	0
SEPTIN10	1580	0	1583
SOWAHC	1218	5	1216
LOC105373545	0	0	0
LOC107985774	1	0	1
LOC100506563	0	0	0
RGPD5	0	0	0
LOC102724848	0	0	0
LIMS3-LOC440895	0	0	0
LIMS3	0	0	0
LOC105373547	0	0	0
LOC124907865	0	0	0
LOC440895	0	0	0
LINC01123	94	0	94
LOC112268438	11	1	10
LOC124900614	0	0	0
LOC105373985	0	0	0
LOC124906058	0	0	0
LOC105373548	0	0	0
LOC105373549	0	0	0
LOC105373986	0	0	0
MIR4267	0	0	0
MALL	0	0	0
MIR4436B1	0	0	0
NPHP1	38	0	38
MTLN	83	0	83
LOC124906059	0	0	0
LOC100507334	0	0	0
LOC128966597	0	0	0
MIR4436B2	0	0	0
LOC124906060	0	0	0
LOC105373551	1	0	1
LOC107985776	0	0	0
LOC124906061	0	0	0
LOC105375809	0	0	0
LIMS4	35	0	35
LINC01106	0	0	0
LOC100288570	0	0	0
LOC124906063	0	0	0
LOC105373552	0	0	0
LOC102724875	0	0	0
RGPD6	3	1	2
LOC105373553	0	0	0
BUB1	1658	0	1658
SNORD132	0	0	0
LOC105373554	3	0	3
LOC124906064	0	0	0
ACOXL	5	1	4
LOC124907866	0	0	0
ACOXL-AS1	0	0	0
BCL2L11	739	0	739
LOC124907868	4	0	4
MIR4435-2HG	297	0	297
LOC124907867	5	0	5
LOC101927283	1	1	0
MIR4435-2	0	0	0
LOC124906065	51	1	50
SOCAR	1	1	0
LOC124906066	1	0	1
LOC105373559	0	0	0
LOC107985933	7	0	7
ANAPC1	1348	0	1348
MIR4771-2	0	0	0
MERTK	4	1	3
TMEM87B	430	1	429
FBLN7	17	25	2
ZC3H8	299	0	309
ZC3H6	153	2	151
LOC124906067	0	0	0
RGPD8	108	0	108
TTL	1273	3	1272
LOC105373562	0	1	3
POLR1B	893	10	885
LOC124907870	1	0	1
LOC101927330	9	46	9
CHCHD5	221	2	265
LOC124907869	10	0	10
LOC107985934	12	0	12
SLC20A1-DT	8	3	5
SLC20A1	2591	8	2583
LOC102724955	0	0	0
NT5DC4	2	124	0
CKAP2L	373	1	494
IL1A	11	0	11
LOC124907871	0	0	0
IL1B	16	0	16
AMANZI	1	0	1
LOC105373563	0	0	0
LOC124906068	0	0	0
IL37	2	0	2
IL36G	2	0	2
IL36A	0	0	0
IL36B	0	0	0
IL36RN	0	0	0
IL1F10	0	0	0
IL1RN	1	0	1
LOC124907872	0	0	0
PSD4	55	0	55
PAX8	22	5	21
PAX8-AS1	49	0	53
LOC105373567	1	3	1
LINC02966	1	0	4
LOC124906070	0	0	0
LOC107985936	0	0	0
LOC124907873	0	0	0
ZNG1B	288	0	288
FOXD4L1	2	0	2
LINC01961	0	0	0
PGM5P4-AS1	0	0	0
PGM5P4	0	0	0
LOC124908046	0	0	0
FAM138B	0	0	0
LOC124907875	0	1	1
MIR1302-3	0	0	0
WASH2P	88	1	89
DDX11L2	5	0	6
LOC124907874	9	11	0
RPL23AP7	50	0	51
RABL2A	110	0	111
LOC112268423	0	1	0
LINC02936	0	0	0
SLC35F5	1102	0	1102
MIR4782	0	0	0
LOC105373570	1	0	1
ACTR3-AS1	2	0	2
LOC124906165	0	0	0
LOC124906071	14	0	14
ACTR3	2837	2	2835
LINC01191	0	0	0
LINC02992	0	0	0
LOC124906194	0	0	0
LOC124907876	0	0	0
DPP10	0	0	0
LOC124907877	0	0	0
DPP10-AS3	0	0	0
LOC105373575	0	0	0
LOC105373574	0	0	0
LOC107985937	0	0	0
DPP10-AS1	0	0	0
LOC105373572	0	0	0
LOC105373576	0	0	0
LOC124907878	0	0	0
DDX18	1523	0	1523
LOC107985939	34	0	34
CCDC93	914	2	912
LOC101929908	2	2	0
LOC102723413	0	0	0
LOC107985940	0	0	0
INSIG2	491	0	491
LOC124907879	0	0	0
THORLNC	2	0	2
LOC105373578	0	0	0
LOC107985815	1	0	1
LOC105373579	0	0	0
LOC101927709	0	0	0
LINC01956	0	0	0
EN1	0	0	0
MARCO	5	0	7
LOC124906072	0	2	0
C1QL2	1	0	1
LOC107985941	1	0	1
STEAP3	907	2	1110
STEAP3-AS1	7	209	0
LOC105373581	30	33	0
C2orf76	78	652	78
DBI	655	0	1307
TMEM37	547	2	545
SCTR	11	11	0
SCTR-AS1	0	0	0
CFAP221	0	0	0
TMEM177	321	0	321
LOC101927764	4	3	1
PTPN4	408	0	408
LOC124906163	0	0	0
LOC107985817	0	0	0
EPB41L5	270	1	275
LOC105373582	3	8	1
TMEM185B	518	0	518
LOC105373583	48	0	48
RALB	1034	0	1034
LOC105373584	0	0	0
LOC105373989	1	0	1
INHBB	11	0	11
LINC01101	0	0	0
LOC105373585	5	3	2
LOC124906073	1	1	0
LOC124907881	0	0	1
GLI2	161	1	161
LOC124907880	0	0	0
LOC105373587	0	0	0
LOC105373588	0	0	0
TFCP2L1	0	0	0
CLASP1	1256	0	1274
CLASP1-AS1	3	18	3
RNU4ATAC	1	0	1
NIFK-AS1	73	260	73
NIFK	377	0	637
TSN	1182	0	1182
LOC105373590	0	0	0
LINC01823	0	0	0
LOC105373592	0	0	0
LOC105373591	0	0	0
LOC105373593	0	0	0
LOC107985943	0	0	0
LOC105373594	0	0	0
LOC105373595	0	0	0
LOC105373596	0	0	0
LINC01826	0	0	0
CNTNAP5-DT	0	0	0
CNTNAP5	0	0	0
LOC105373598	0	0	0
LINC01889	0	0	0
LOC124900611	0	0	0
LINC01941	0	0	0
LOC105373601	0	0	0
LOC105373602	0	0	0
GYPC	0	0	0
LOC124907882	0	0	0
LOC105373603	0	0	0
TEX51	0	0	0
LOC105373604	0	0	0
BIN1	1630	3	1673
LOC105373605	0	46	0
CYP27C1	11	0	11
LOC124907883	5	0	5
ERCC3	1716	0	1716
MAP3K2	520	45	517
LOC124906074	0	1	0
MAP3K2-DT	26	10	57
LOC124908047	16	5	11
PROC	0	1	0
MIR4783	0	0	0
LOC105373608	3	0	4
LOC124907884	0	0	0
IWS1	1387	7	1380
MYO7B	7	0	8
LOC105373609	0	0	0
MYO7B-AS1	1	1	1
LIMS2	135	4	134
GPR17	14	10	7
WDR33	1389	268	1553
SFT2D3	0	165	266
LOC124907885	5	1	5
POLR2D	529	0	529
AMMECR1L	792	6	786
LOC107985944	38	0	38
SAP130	768	0	768
UGGT1	2524	0	2525
LOC124907886	0	0	0
HS6ST1	677	1	677
LOC105373610	0	0	0
LOC105373611	0	0	0
LOC124907887	0	0	0
LOC124907888	0	0	0
LOC101927881	0	0	0
LINC01854	0	0	0
LOC105373612	0	0	0
LOC124906164	0	0	0
LOC105373613	0	0	0
LOC105373614	0	0	0
LOC124907889	0	0	0
LOC107985945	0	0	0
LINC02572	0	0	0
LOC105373616	0	0	0
PLAC9P1	0	0	0
LINC01856	0	0	0
RAB6C-AS1	0	0	0
RAB6C	0	0	0
FAR2P1	22	0	22
POTEF	1	0	1
POTEF-AS1	0	0	0
MED15P9	0	0	0
CCDC74B	0	0	0
SMPD4	0	0	0
MZT2B	0	0	0
TUBA3E	0	0	0
TRE-TTC1-1	0	0	0
VMA22	252	2	251
IMP4	883	0	884
PTPN18	337	0	337
LOC105373618	0	0	0
FAR2P2	0	0	0
CYP4F62P	0	0	0
POTEI	0	0	0
CFC1B	0	0	0
PRSS40B	0	0	0
PRSS40A	0	0	0
CFC1	0	0	0
POTEJ	0	0	0
CYP4F30P	0	0	0
GPR148	0	0	0
LOC124907890	0	0	0
AMER3	0	0	0
LOC124907891	0	0	0
ARHGEF4-AS1	15	8	15
ARHGEF4	628	0	636
LOC124900527	0	0	0
SMIM39	0	0	0
FAM168B	1451	1	1450
PLEKHB2	943	3	940
POTEE	4	0	4
LOC440910	0	0	0
RAB6D	0	0	0
LOC112268425	0	0	0
LINC01120	0	0	0
NOC2LP2	1	0	1
MZT2A	684	8	693
TUBA3D	4	4	0
MIR4784	3	0	3
SMPD4BP	481	11	487
CCDC74A	0	0	0
POTEKP	0	0	0
LINC01087	1	0	1
LINC03124	37	0	37
CDRT15P3	0	0	0
LINC01945	0	0	0
LOC124908048	0	0	0
ANKRD30BL	0	0	0
MIR663B	0	0	0
LOC105373622	0	0	0
ZNF285CP	0	0	0
LOC124907892	0	0	0
FAM201B	0	0	0
LOC124905948	0	3	0
GPR39	9	0	32
MIR9986	0	0	0
LYPD1	0	19	0
NCKAP5	0	0	0
NCKAP5-AS1	0	0	0
LOC112268439	0	0	0
NCKAP5-AS2	2	0	2
LOC105373627	0	0	0
LOC105373628	0	0	0
MGAT5	641	0	641
MIR3679	0	0	0
TMEM163	0	0	0
LOC124906076	0	0	0
LOC105373629	0	0	0
ACMSD	1	4	0
MIR5590	0	0	0
CCNT2-AS1	6	0	9
CCNT2	464	0	464
MAP3K19	1	1	0
RAB3GAP1	591	1	590
LOC124906178	0	0	0
SNORA40B	0	0	0
ZRANB3	85	3	98
LOC124906077	1	16	1
R3HDM1	816	0	816
LOC124907893	3	0	3
MIR128-1	0	0	0
LOC107985946	5	94	0
UBXN4	1360	0	1449
LCT	0	0	0
LCT-AS1	0	0	0
MCM6	2318	0	2318
DARS1	620	7	719
LOC124906078	6	0	6
DARS1-AS1	11	99	18
CXCR4	1536	0	1536
LOC105373633	0	0	0
THSD7B	0	0	0
LOC105373634	0	0	0
LOC101928273	0	0	0
HNMT	39	1	38
LOC107985948	0	0	0
LOC105373636	1	0	1
LINC01832	0	0	0
SPOPL-DT	8	0	8
SPOPL	271	0	271
LOC124905958	0	0	0
LINC02631	0	0	0
NXPH2	0	0	0
YY1P2	0	0	0
LOC105373639	0	0	0
LOC105373640	0	0	0
LOC107985821	0	0	0
LOC105373643	0	0	0
LOC105373641	0	0	0
LOC105373644	0	0	0
LOC105373645	0	0	0
LOC124900519	0	0	0
LINC01853	0	0	0
LOC107985822	1	1	0
LRP1B	80	1	79
MIR7157	0	0	0
LOC105373649	0	0	0
LOC124906079	2	2	0
LOC107985779	1	1	0
LOC105373648	0	0	0
LOC105373651	0	0	0
LOC105373652	39	7	39
KYNU	4830	1	4837
LOC124907894	0	1	0
ARHGAP15	1	0	1
LOC107985949	0	0	0
LOC101928361	0	0	0
ARHGAP15-AS1	0	0	0
QTMAN-AS1	0	0	0
QTMAN	71	0	71
ZEB2	249	1	248
ZEB2-AS1	0	0	0
LINC01412	0	0	0
LINC02993	1	0	1
TEX41	0	0	0
LOC105373663	0	0	0
LINC01966	0	0	0
LOC100505498	0	0	0
LOC105373664	0	0	0
LOC124908059	0	0	0
LOC105373665	0	0	0
LOC105373666	0	0	0
LOC105373667	0	0	0
LOC124907895	0	0	0
PABPC1P2	0	0	0
LINC01911	0	0	0
LOC107985824	0	0	0
LOC124906150	0	0	0
ACVR2A	82	6	84
ORC4	418	21	424
LOC105373674	0	0	0
MBD5	113	5	128
LOC105373673	0	1	0
LOC124900532	0	0	0
LOC124907896	1	0	1
EPC2	134	0	134
LOC101928526	0	0	0
KIF5C-AS1	0	0	0
KIF5C	0	0	0
LOC101928553	0	0	0
LYPD6B	1	0	1
LOC105373677	0	0	0
LOC105373679	0	0	0
LYPD6	120	0	120
MIR9899	0	0	0
MMADHC	1196	0	1368
MMADHC-DT	0	172	0
LOC105373680	0	0	0
LINC01931	0	0	0
LOC105373682	0	0	0
LINC01818	0	0	0
LINC01817	0	0	0
LOC105373685	0	0	0
RND3	426	0	426
LINC01920	0	0	0
LINC02612	1	0	1
LOC105373686	0	0	0
LOC107985826	0	0	0
RBM43	62	0	62
NMI	299	5	294
LOC107985827	0	0	0
LOC101929319	0	1	0
TNFAIP6	2	0	3
MIR4773-1	0	0	0
MIR4773-2	0	0	0
RIF1	1028	0	1054
NEB	16	43	2
LOC124906081	9	0	10
ARL5A	303	0	303
CACNB4	0	0	0
STAM2	228	0	232
LOC105373689	0	4	0
LOC105373688	0	0	0
FMNL2	721	7	714
PRPF40A	1806	0	1825
ARL6IP6	265	20	264
LOC105373691	0	0	0
GALNT13	1	123	10
LOC124900522	0	0	0
RPRM	39	9	162
GALNT13-AS1	0	0	0
LOC105373694	0	0	0
LOC105373693	0	0	0
KCNJ3	0	0	0
LOC105373696	0	0	0
LOC107985952	0	0	0
LOC124908060	0	0	0
LOC105373698	0	0	0
LOC124908061	0	0	0
LOC105373699	0	0	0
LOC105373700	4	0	4
LOC107985953	0	0	0
LOC107985828	0	0	0
LOC105373703	0	0	0
LINC01876	0	0	0
NR4A2	394	0	394
FLJ46875	35	4	35
LOC124906082	18	0	22
GPD2	1108	0	1108
TRA-CGC3-1	0	0	0
TRG-GCC2-2	0	0	0
LOC124906173	0	0	0
LOC124906170	0	0	0
LOC105373707	1	0	1
LINC01958	0	0	0
LOC124907897	0	0	0
LOC105373710	0	0	0
LOC105373709	0	0	0
GALNT5	1	0	1
ERMN	0	0	0
FAM133DP	7	0	7
CYTIP	0	0	0
LOC105373712	0	0	0
ACVR1C	0	0	0
LOC124907898	0	0	0
ACVR1	200	0	200
LOC124907899	0	0	0
LOC105373714	0	0	0
UPP2	0	0	0
CCDC148-AS1	0	0	0
CCDC148	1	0	1
PKP4	545	0	633
LOC124907900	0	14	0
LOC105373715	0	0	0
PKP4-AS1	6	80	0
DAPL1	0	0	0
LOC124907901	0	0	0
TANC1	719	1	718
MIR6888	0	0	0
LOC105373716	14	14	2
WDSUB1	145	17	130
BAZ2B	234	25	239
BAZ2B-AS1	4	6	26
MARCHF7	684	0	711
LY75-CD302	0	0	0
CD302	0	0	0
LOC124906083	2	0	2
LY75	0	0	0
PLA2R1	0	0	0
LOC105373717	0	0	0
ITGB6	3	0	3
LINC02478	1	0	1
RBMS1	936	0	936
MIR4785	10	0	10
LOC105373718	0	0	0
LOC124907902	0	0	0
TANK-AS1	0	0	0
TANK	283	0	283
PSMD14-DT	3	7	1
LINC01806	18	0	23
PSMD14	1166	2	1164
TBR1	1	0	1
AHCTF1P1	1	0	1
LOC124906148	0	0	0
SLC4A10	0	0	0
LOC105373722	0	0	0
DPP4	0	0	0
DPP4-DT	1	1	0
LOC101929532	1	12	0
GCG	0	0	0
FAP	63	0	74
LOC105373724	0	0	0
IFIH1	562	2	561
GCA	113	0	114
KCNH7	0	0	0
LOC124906084	0	0	0
KCNH7-AS1	0	0	0
LOC105373727	0	0	0
LOC107985829	0	0	0
LOC105373728	0	0	0
FIGN	139	0	139
LOC107985957	13	0	13
GRB14	1	0	1
COBLL1	545	1	544
SNORA70F	0	0	0
LOC101929633	1	0	1
SLC38A11	0	0	0
SCN3A	2	0	2
SCN2A	0	0	0
CSRNP3	0	0	0
LOC124906085	0	0	0
GALNT3	2	0	2
LOC124906086	0	0	0
LOC100506124	14	0	14
TTC21B	269	0	269
TTC21B-AS1	0	0	0
LOC102724058	0	0	0
SCN1A	16	0	16
SCN1A-AS1	0	0	0
SCN9A	0	0	0
LOC124906181	0	0	0
SCN7A	0	0	0
LOC124906087	0	0	0
LOC107985958	0	0	0
XIRP2	0	0	0
XIRP2-AS1	0	0	0
B3GALT1	0	0	0
B3GALT1-AS1	0	0	0
LOC124907903	0	0	0
STK39	0	0	0
LOC124906088	0	0	0
LOC107985959	0	0	0
LOC105373734	0	0	0
LOC102724081	0	0	0
CERS6	0	0	0
MIR4774	0	0	0
CERS6-AS1	0	0	0
NOSTRIN	4	2	3
SPC25	8	0	9
LOC124907904	0	0	0
G6PC2	0	0	0
ABCB11	0	0	0
DHRS9	0	0	0
LRP2	0	0	0
BBS5	0	0	0
KLHL41	1	0	1
FASTKD1	355	0	355
PPIG	774	4	770
CFAP210	5	1	4
PHOSPHO2-KLHL23	0	0	0
PHOSPHO2	5	0	5
LOC124906089	53	53	0
LOC124900531	0	0	0
KLHL23	0	0	0
LOC124907905	0	0	0
SSB	1446	74	1699
METTL5	274	255	346
SNORD3K	2	2	0
UBR3	338	0	338
MYO3B	0	0	0
LOC124906090	0	0	0
MYO3B-AS1	0	0	0
LOC100130256	0	0	0
ERICH2-DT	0	0	0
LINC01124	0	0	0
SP5	0	0	0
ERICH2	0	0	0
GAD1	10	0	11
GAD1-AS1	0	1	0
GORASP2	1183	0	1183
LOC124906091	2	0	2
TLK1	597	1	596
LOC124906092	1	0	1
LOC107983995	1	0	1
LOC105373737	10	0	10
METTL8	253	2	257
DCAF17	176	4	178
CYBRD1	891	0	891
DYNC1I2	0	0	0
SLC25A12	36	0	36
LOC105373739	0	0	0
LOC105373740	0	0	0
HAT1	4	0	4
LOC124905590	0	0	0
METAP1D	0	0	0
DLX1	0	0	0
DLX2	268	3	268
DLX2-DT	2	0	5
LOC105373741	0	0	0
LOC107985960	0	0	0
LOC105373742	0	0	0
ITGA6	642	1	819
ITGA6-AS1	0	0	0
PDK1-AS1	9	238	11
PDK1	635	9	688
LOC124906146	0	0	0
RAPGEF4-AS1	0	2	0
RAPGEF4	29	0	31
MAP3K20	1039	0	1145
MAP3K20-AS1	6	112	0
LOC105373743	0	0	0
CDCA7	859	1	858
LOC105373744	0	0	0
LOC105373745	0	0	0
SP3	1152	2	1150
LINC01960	51	30	21
LOC105373746	0	0	0
OLA1	1352	0	1352
LOC124907906	7	0	7
LINC01305	0	0	0
LOC102724194	0	0	0
SP9	1	1	0
CIRSR	251	0	251
SCRN3	183	0	183
GPR155	78	10	68
GPR155-DT	1	0	1
LOC124906097	0	0	0
LOC124906096	0	0	0
WIPF1	274	2	295
WIPF1-AS1	0	23	0
LOC124907907	6	6	0
H3P6	583	0	583
CHRNA1	0	0	0
LOC124907908	0	0	0
CHN1	54	0	54
ATF2	392	2	390
MIR933	0	0	0
ATP5MC3	2567	1	2566
LOC105373752	0	0	0
LOC107985962	0	0	0
LOC124907909	0	0	0
LNPK	495	0	495
LOC107985830	0	0	0
EVX2	0	0	0
HOXD13	0	0	0
HOXD12	0	0	0
HOXD11	405	2	403
HOXD10	314	0	314
HOXD9	210	0	210
LOC100129455	7	15	11
HOXD8	36	4	51
HOXD-AS2	2	1	25
LOC401021	0	23	1
MIR10B	2	0	2
HOXD4	7	0	7
HOXD3	1	0	1
HAGLR	1	1	0
HAGLROS	0	0	0
HOXD1	0	0	0
MIR7704	0	0	0
MTX2	506	0	506
NRAL	0	0	0
LOC124907910	0	0	0
MIR1246	0	0	0
LINC01116	0	0	0
LINC01117	0	0	0
LOC105369143	0	0	0
LOC101929963	0	0	0
LOC105373757	0	0	0
LOC105373756	0	0	0
LOC107985965	0	0	0
LOC105373760	0	0	0
LOC105373759	3	0	3
MIR4444-1	0	0	0
HNRNPA3	4490	5	4487
NFE2L2	1550	3	1549
MIR3128	1	0	1
LOC100130691	61	37	24
MIR6512	2	2	0
LOC124906145	0	0	0
AGPS	1037	0	1037
LOC105373762	1	1	0
IFT70B	51	2	49
LOC124906098	0	0	0
IFT70A-AS1	0	2	0
IFT70A	26	0	28
PDE11A	0	0	0
PDE11A-AS1	0	0	0
LOC124906099	0	0	0
RBM45	191	0	191
OSBPL6	169	0	169
CHROMR	77	2	75
PRKRA	390	11	380
PJVK	9	0	10
FKBP7	74	0	74
LOC124906102	0	0	0
PLEKHA3	255	0	255
LOC124907911	0	0	0
TTN-AS1	7	0	70
TTN	157	224	0
LOC124906100	3	0	4
LOC124907912	0	0	2
LOC124906101	0	0	0
LOC101927055	0	0	0
CCDC141	0	0	0
LOC105373766	0	0	0
SESTD1	471	0	471
LOC124906166	0	0	0
ZNF385B	0	0	0
LOC101927073	0	0	0
MIR1258	0	0	0
LOC124900526	0	0	0
CWC22	284	0	284
EPCART	0	0	0
LOC105373768	0	0	0
LOC105373769	0	0	0
LOC105373770	0	0	0
SCHLAP1	0	0	0
LOC105373771	0	0	0
UBE2E3-DT	2	107	2
UBE2E3	513	0	620
LOC107985831	0	0	0
LINC01934	0	0	0
MIR4437	0	0	0
LOC124907913	0	0	0
ITGA4	0	0	0
CERKL	0	0	0
NEUROD1	0	0	0
ITPRID2	2435	2	2433
PPP1R1C	4	0	4
LOC102724288	0	0	0
PDE1A	1636	3	1633
LOC124907915	0	0	0
LOC124907914	0	0	0
LOC101929976	0	0	0
DNAJC10	1622	0	1622
FRZB	2	0	2
LOC124907916	0	0	0
NCKAP1	1812	0	1812
LOC124900540	0	0	0
DUSP19	18	0	18
NUP35	169	3	195
LOC124907917	0	26	3
LOC124906103	31	0	31
LOC124907918	0	0	0
LOC124906171	0	0	0
LOC105373777	0	0	0
LOC102724340	0	0	0
LOC105373776	0	0	0
MIR548AE1	0	0	0
LOC107985968	2	0	2
LOC105373779	0	0	0
LOC105373780	0	0	0
ZNF804A	0	0	0
LOC105373782	0	0	0
LOC105373781	0	0	0
LOC107985832	0	0	0
LOC124907919	0	0	0
LOC124906104	0	0	0
LOC124900518	0	0	0
FSIP2-AS2	0	0	0
FSIP2	3	3	0
FSIP2-AS1	0	0	0
LINC01473	1	0	1
LOC105373785	2	0	2
ZC3H15	1136	0	1136
LOC124907920	2	1	1
LOC107985784	0	0	0
LOC124906105	3	0	3
ITGAV	1246	0	1246
FAM171B	0	0	0
ZSWIM2	0	0	0
CALCRL-AS1	4	4	0
LOC124906106	0	0	0
CALCRL	1	0	1
TFPI	1276	4	1272
LOC105373788	0	0	0
LINC01090	0	0	0
LOC124907927	0	0	0
GULP1	0	0	0
MIR561	0	0	0
LOC124906107	0	0	0
LOC105373790	0	0	0
DIRC1	0	0	0
LOC105373791	0	0	0
COL3A1	0	0	0
MIR1245A	0	0	0
MIR1245B	0	0	0
MIR3606	0	0	0
COL5A2	892	1	891
MIR3129	0	0	0
WDR75	761	0	761
SLC40A1	0	0	0
ASNSD1	345	0	345
ASDURF	0	0	0
LOC105373793	1	1	0
ANKAR	4	59	1
OSGEPL1	186	0	242
OSGEPL1-AS1	0	0	3
ORMDL1	649	11	648
PMS1	341	0	380
LOC105373796	3	35	0
AKAP19	2	5	0
MSTN	1	0	1
HIBCH	220	0	223
LOC124906109	1	16	1
INPP1	49	0	65
MFSD6	197	17	181
NEMP2	110	11	100
NEMP2-DT	8	0	8
NAB1	649	0	649
LOC124907946	1	0	1
LOC124906110	2	74	5
GLS	723	14	786
STAT1	1536	2	1534
LOC124900514	0	0	0
STAT4-AS1	0	3	0
LOC107985785	0	0	0
STAT4	10	0	13
LOC105373804	0	0	0
MYO1B-AS1	3	0	3
MYO1B	872	0	872
LOC107985833	0	0	0
LOC124905959	0	0	0
NABP1	219	0	219
LOC124900605	178	0	178
LOC124908062	2	0	2
LOC105373812	0	0	0
LOC729254	0	0	0
CAVIN2	18	0	22
CAVIN2-AS1	0	4	0
TMEFF2	0	0	0
PCGEM1	0	0	0
LOC107985969	2	0	2
LINC01821	0	0	0
LOC105373816	0	0	0
LOC124906142	0	0	0
LOC105376755	1	0	1
LINC01790	0	0	0
LOC105373817	0	0	0
LINC01825	17	0	17
LINC01827	0	0	0
SLC39A10	1719	1	1718
DNAH7	10	0	11
LOC107985972	8	1	8
STK17B	246	0	252
LOC101927454	0	6	0
HECW2	79	2	77
LOC124906154	0	0	0
HECW2-AS1	0	0	0
LOC105373822	0	0	0
LOC105373821	0	0	0
LOC105373823	1	0	1
CCDC150	112	0	113
LOC124900529	0	0	0
LOC100130452	0	1	0
GTF3C3	637	4	633
C2orf66	2	0	2
PGAP1	235	1	234
ANKRD44	101	2	99
ANKRD44-AS1	0	0	0
ANKRD44-IT1	0	0	0
ANKRD44-DT	0	0	0
SF3B1	4130	0	4130
LOC124900524	0	0	0
COQ10B	234	2	232
LOC124907951	3	3	0
HSPD1	7649	65	7642
SNORA105B	0	0	0
HSPE1-MOB4	0	0	0
HSPE1	13	0	13
MOB4	0	0	0
LOC124907952	3	0	11
RFTN2	1	10	0
MARS2	229	0	229
BOLL	0	0	0
LOC105373828	0	0	0
PLCL1	0	0	0
LINC01923	0	0	0
LOC105373831	0	0	0
LOC105373830	0	0	0
SATB2	162	3	159
SATB2-AS1	0	0	0
LINC01877	0	0	0
FTCDNL1	43	0	43
LOC101927687	0	0	0
C2orf69	190	0	190
TYW5	168	7	162
MAIP1	318	1	318
LOC124906112	3	3	0
LOC124907962	0	0	0
LOC105373833	0	0	0
SPATS2L	381	0	653
LOC101927741	0	272	0
KCTD18	122	0	122
SGO2	454	0	454
AOX1	302	0	302
AOX3P-AOX2P	3	2	3
LINC01792	2	0	2
BZW1-AS1	0	412	4
BZW1	7805	6	8213
CLK1	1024	0	1024
PPIL3	450	0	450
NIF3L1	598	5	593
ORC2	588	1	619
LOC105373835	2	44	2
HYCC2	169	3	178
NDUFB3	359	0	360
LOC105373836	1	37	3
CFLAR	515	6	593
CFLAR-AS1	0	44	0
CASP10	130	0	130
CASP8	591	4	587
FLACC1	4	0	4
TRAK2	493	0	493
STRADB	381	0	381
CATSPERT	0	0	0
LOC124906113	3	0	3
TMEM237	487	2	485
MPP4	1	1	0
ALS2	283	0	283
CDK15	0	0	0
FZD7	72	0	72
LOC124906114	0	0	0
KIAA2012	0	0	0
LOC124906152	0	0	0
KIAA2012-AS1	0	0	0
SUMO1	1691	0	1691
NOP58	1648	1	1647
SNORD70	0	0	0
SNORD70B	0	0	0
SNORD11B	0	0	0
SNORD11	0	0	0
BMPR2	333	0	333
FAM117B	173	0	173
ICA1L	1	0	1
WDR12	602	0	602
CARF	31	3	28
NBEAL1	372	2	370
LOC124900525	0	0	0
CYP20A1	82	17	65
ABI2	669	17	652
RAPH1	1003	3	1000
CD28	0	0	0
CTLA4	0	0	0
LOC101927840	0	0	0
ICOS	0	0	0
LOC124907966	0	0	0
LOC124906115	0	0	0
LOC105373845	0	0	0
PARD3B	33	0	33
LOC124907967	12	0	12
LOC124907968	0	0	0
NRP2	237	2	235
LOC105373847	0	0	0
LOC124907969	0	0	0
INO80D	0	0	0
INO80D-AS1	0	0	0
NDUFS1	0	0	0
GCSHP3	0	0	0
EEF1B2	0	0	0
SNORD51	0	0	0
SNORA41	0	0	0
CMKLR2	0	0	0
CMKLR2-AS	0	0	0
ZDBF2	0	0	0
ADAM23	1	0	1
FAM237A	0	0	0
DYTN	0	0	0
MDH1B	1	0	1
FASTKD2	601	0	601
MIR3130-1	0	0	0
MIR3130-2	0	0	0
CPO	0	0	0
KLF7	79	3	76
MIR2355	0	0	0
MIR7845	0	0	0
MYOSLID-AS1	4	0	5
LOC124907971	0	0	0
MYOSLID	5	2	4
LINC01802	0	0	0
MIR1302-4	0	0	0
LOC105373851	1	0	1
LOC124907970	8	0	8
CREB1	408	48	408
METTL21A	124	25	147
LINC01857	0	0	0
CCNYL1	387	11	376
MIR4775	0	0	0
FZD5	276	0	276
PLEKHM3	113	0	113
LOC105373854	0	0	0
LOC124905439	0	0	0
LOC100507443	0	0	0
CRYGD	0	0	0
CRYGC	0	0	0
CRYGB	0	0	0
CRYGA	0	0	0
C2orf80	0	0	0
IDH1	4084	0	4088
IDH1-AS1	7	0	7
PIKFYVE	557	6	555
PTH2R	0	0	0
LOC105373855	0	0	0
LOC101927960	0	0	0
LOC105373857	0	0	0
LOC105373856	0	0	0
MAP2	0	0	0
UNC80	0	0	0
RPE	579	2	646
KANSL1L	100	130	40
KANSL1L-AS1	7	2	6
LOC107985977	0	0	0
ACADL	0	0	0
LOC124907972	0	0	0
MYL1	0	0	0
LANCL1-AS1	9	9	0
LANCL1	3497	0	3497
CPS1	43464	12	43452
CPS1-IT1	15	0	15
LOC107985978	0	0	0
ERBB4	0	0	0
LOC124906116	0	0	0
MIR548F2	0	0	0
LINC01878	0	0	0
MIR4776-2	0	0	0
MIR4776-1	0	0	0
LOC102725082	0	0	0
LOC107985980	0	0	0
IKZF2	0	0	0
LINC01953	0	0	0
LOC105373864	0	0	0
LOC107985981	0	0	0
SPAG16-DT	0	0	0
SPAG16	70	0	70
MIR4438	0	0	0
LOC101928084	0	0	0
LOC124907973	0	0	0
VWC2L	0	0	0
VWC2L-IT1	0	0	0
BARD1	222	1	221
SNHG31	1	0	1
SNORA70I	0	0	0
ABCA12	2	0	2
LOC124906117	0	0	0
LOC124907974	0	0	0
LINC02862	0	0	0
LOC124906184	0	0	0
LOC124907975	0	0	0
ATIC	1948	128	1954
FN1	458	10	593
FN1-DT	0	11	0
LOC102724849	0	0	0
LOC102724861	0	0	0
LINC00607	0	0	0
LINC01614	0	0	0
COXFA4P5	0	0	0
LOC105373870	0	0	0
MREG	173	0	173
PECR	119	0	119
TMEM169	1	0	1
XRCC5	5683	1	5682
LINC01963	120	0	120
MARCHF4	0	0	0
MARCHF4-AS1	0	0	0
SMARCAL1-AS1	0	2	0
LOC107985984	0	0	0
SMARCAL1	508	0	510
RPL37A-DT	5	2	5
RPL37A	4387	0	4389
LOC101928156	5	0	5
LOC101928180	1	0	1
LOC105373871	0	0	0
LOC124907976	0	0	0
LINC01280	0	0	0
LOC124907977	0	0	0
IGFBP2	0	0	0
IGFBP5	1	0	1
LOC124900515	0	0	0
IGFBP-AS1	0	0	0
LOC124907978	0	0	0
LOC124907979	0	0	0
TNP1	0	0	0
LOC124906118	0	0	0
LOC105373876	0	0	0
TESHL	0	0	0
LOC105373874	0	0	0
LOC105373873	0	0	0
LOC124907980	0	0	0
LOC105373872	0	0	0
DIRC3-AS1	0	0	0
DIRC3	1	0	1
LOC124907981	0	0	0
TNS1	447	0	455
SNORA115	0	0	0
MIR6809	0	0	0
LOC124905960	0	0	0
TNS1-AS1	0	8	0
LOC124907982	34	0	34
RUFY4	0	0	0
CXCR2P1	0	0	0
CXCR2	0	0	0
CXCR1	0	0	0
LOC124906159	0	0	0
LOC101928487	5	133	6
ARPC2	3189	3	3320
TRY-ATA1-1	0	0	0
GPBAR1	1	0	1
AAMP	1197	0	1197
PNKD	1040	3	1037
TMBIM1	659	5	654
MIR6513	1	0	1
LOC105373881	1	0	1
LOC105373880	8	1	7
CATIP-AS2	24	1	24
LOC124906179	0	0	0
MIR6810	4	0	4
CATIP	11	6	32
CATIP-AS1	0	21	5
SLC11A1	26	2	24
CTDSP1	1380	16	1364
MIR26B	0	0	0
VIL1	0	168	0
USP37	94	0	262
CNOT9	943	0	943
PLCD4	62	85	166
ZNF142	409	117	511
BCS1L	299	31	298
RNF25	401	3	398
STK36	406	0	406
LOC124907983	0	0	0
TTLL4	427	0	427
CYP27A1	12	0	12
PRKAG3	0	0	0
MIR9500	0	0	0
WNT6	626	4	622
WNT10A	6	0	6
LOC105373882	0	0	0
LINC01494	0	0	0
LOC124906119	0	0	0
LOC124907984	0	0	0
CDK5R2	3	0	3
LINC00608	0	0	0
FEV	0	0	0
CRYBA2	0	0	0
MIR375	0	0	0
CFAP65-AS1	0	0	0
CFAP65	0	0	0
LOC107985987	0	0	0
IHH	1	0	1
MIR3131	0	0	0
LOC124906120	9	27	0
NHEJ1	169	1	186
SLC23A3	11	1	10
CNPPD1	276	3	273
RETREG2	1384	0	1384
ZFAND2B	174	0	174
ABCB6	1044	2	1042
ATG9A	1977	4	1974
ANKZF1	1406	13	1401
GLB1L	108	8	107
STK16	327	22	332
TUBA4A	2467	6	2502
TUBA4B	6	20	0
DNAJB2	510	1	509
PTPRN	26	23	3
MIR153-1	0	0	0
RESP18	0	0	0
LOC107985835	0	0	0
LOC105373883	11	0	11
DNPEP	487	1	487
DNPEP-AS1	3	0	4
DES	58	0	58
SPEG	326	5	321
ASIC4-AS1	0	0	0
SPEGNB	6	6	0
GMPPA	804	1	803
ASIC4	3	0	3
CHPF	2745	24	2894
TMEM198	49	162	119
OBSL1	1609	81	1587
MIR3132	0	0	0
INHA	290	0	290
STK11IP	325	0	325
LOC124908064	0	0	0
SLC4A3	8	0	8
DNAJB6P3	0	0	0
LINC02832	0	0	0
LOC105373887	0	0	0
LOC105373888	0	0	0
LINC01803	0	0	0
LOC105373890	0	0	0
MIR4268	0	0	0
LOC105373891	0	0	0
LOC105373893	0	0	0
LOC105373894	0	0	0
LOC105373895	0	0	0
LOC105373896	0	0	0
LOC107985990	0	0	0
EPHA4	0	0	0
LOC105373897	0	0	0
LOC105373899	0	0	0
LOC105373898	0	0	0
LOC105373900	0	0	0
PAX3	1	0	1
LOC107985991	0	0	0
CCDC140	0	0	0
RNF228	0	0	0
CT75	0	0	0
SGPP2	23	23	0
FARSB	999	0	999
LOC105373902	1	1	0
LOC124907985	0	0	0
MOGAT1	0	0	0
LOC124906151	0	0	0
LOC105373903	0	0	0
ACSL3	2548	0	2552
ACSL3-AS1	2	6	0
KCNE4	0	0	0
LOC124907986	0	0	0
LOC105373905	0	0	0
LOC105373906	0	0	0
LOC105373907	0	0	0
LOC124907987	0	0	0
SCG2	73	0	73
AP1S3	348	0	348
LOC124907988	2	0	2
WDFY1	495	0	495
LOC124907989	0	0	0
MRPL44	494	0	494
SERPINE2	235	0	235
LOC124907990	0	0	0
LOC124907991	0	0	0
LOC105373908	0	0	0
LOC124907992	0	0	0
FAM124B	0	0	0
CUL3	893	1	892
LOC105373909	0	0	0
LOC105373910	1	0	1
CCDC195	0	0	0
LOC105373911	0	0	0
DOCK10	193	2	191
LOC124906121	0	0	0
MIR4439	0	0	0
NYAP2	140	0	140
LOC105373914	0	0	0
LOC107985992	0	0	0
LOC646736	0	0	0
LOC105373915	0	0	0
MIR5702	0	0	0
IRS1	150	0	150
RHBDD1	181	0	181
COL4A4	416	0	416
LOC124900533	0	0	0
COL4A3	166	1	165
MFF-DT	9	0	10
MFF	1136	3	1134
TM4SF20	0	0	0
SCYGR1	1	1	0
LOC124907993	0	0	0
LOC124907994	0	0	0
MIR5703	0	0	0
AGFG1	1290	0	1290
SCYGR2	0	0	0
SCYGR10	2	0	2
SLC19A4P	0	0	0
SCYGR3	0	0	0
LOC729968	0	0	0
SCYGR4	0	0	0
SCYGR5	0	0	0
SLC19A3	0	0	0
SCYGR6	0	0	0
SCYGR7	0	0	0
SCYGR8	0	0	0
CCL20	0	0	0
DAW1	3	0	3
LOC105373918	0	0	0
SPHKAP	0	0	0
LOC107985993	0	0	0
LINC01807	0	0	0
LOC105373921	0	0	0
PID1	96	1	95
DNER	560	0	560
LOC124907995	0	0	0
LOC107985994	1	0	1
LOC124906135	0	0	0
LOC105373923	0	0	0
TRIP12	1176	0	1176
FBXO36	68	0	68
LOC105373924	0	0	0
LOC107985996	0	0	0
SLC16A14	1	1	0
LOC107985995	1	0	1
SP110	114	0	114
SP140	5	5	0
SP140L	145	0	174
LOC105373925	1	30	0
SP100	448	2	553
LOC101928816	1	108	0
LOC112268431	0	0	0
LOC124907996	0	70	4
LINC01907	0	0	0
CAB39	859	4	929
ITM2C	331	0	331
GCSIR	0	0	0
GPR55	0	0	0
SPATA3-AS1	0	0	0
SPATA3	0	0	0
C2orf72	0	0	0
LOC112268432	4	2	2
PSMD1	1725	2	1723
HTR2B	1	1	0
ARMC9	65	0	65
MIR4777	0	0	0
B3GNT7	1	0	1
LOC124907997	0	0	0
NCL	9910	8	9902
SNORA75	2	0	2
SNORD20	1	0	1
SNORD82	0	0	0
LOC107985998	0	0	0
LINC00471	19	0	19
NMUR1	0	0	0
LOC105376787	0	0	0
TEX44	0	0	0
LOC124906122	0	0	0
LOC105373928	0	0	0
PTMA	10533	11	10522
MIR1244-1	0	0	0
PDE6D	348	0	348
COPS7B	596	0	596
MIR1471	0	0	0
NPPC	0	0	0
DIS3L2	358	0	358
MIR562	0	0	0
LOC124906123	0	105	0
ALPP	846	3	948
ECEL1P2	0	0	0
ALPG	5	0	5
ALPI	40	3	37
ECEL1	12318	35	12301
LOC124906124	322	26	314
PRSS56	11008	9	10999
CHRND	55	0	55
CHRNG	0	3	0
TIGD1	133	0	136
MIR5001	0	0	0
EIF4E2	825	0	953
LOC105373929	4	132	0
EFHD1	14	0	14
LOC124906169	0	0	0
GIGYF2	1127	0	1128
KCNJ13	0	1	0
SNORC	41	2	41
NGEF	119	1	120
LOC101928881	0	0	0
NEU2	0	0	0
INPP5D	0	0	0
ATG16L1	0	0	0
SCARNA5	0	0	0
SCARNA6	0	0	0
SAG	0	0	0
DGKD	2010	0	2010
USP40	443	2	441
UGT1A8	0	0	0
UGT1A10	0	0	0
UGT1A9	0	0	0
UGT1A7	40	1	39
UGT1A6	0	0	0
UGT1A5	0	0	0
UGT1A4	0	0	0
UGT1A3	0	0	0
DNAJB3	0	0	0
LOC100286922	0	0	0
UGT1A1	0	0	0
MROH2A	1	1	0
HJURP	644	0	644
MSL3B	162	0	162
TRPM8	0	0	0
SPP2	0	0	0
LOC105373932	0	0	0
LOC105373933	0	0	0
LINC01891	0	0	0
ARL4C	6	0	6
LOC105373936	0	0	0
LINC01173	0	0	0
LOC101927896	0	0	0
LOC105373937	0	0	0
LOC105373938	1	1	0
SH3BP4	732	0	732
LOC105373939	0	0	0
LOC124907998	0	0	0
LOC105373940	0	0	0
LOC105373941	0	0	0
AGAP1	706	0	706
AGAP1-IT1	2	0	2
TNRC17	3	3	0
LOC105373942	2	1	1
LOC124907999	0	0	0
GBX2	29	6	35
GBX2-AS1	0	6	1
LOC124906126	2	0	4
ASB18	0	0	0
LOC124908000	1	0	1
DRC11	5	5	0
LOC105373945	1	0	1
IQCA1-AS1	0	0	0
ACKR3	327	0	327
LOC107986001	0	0	0
LOC105373946	0	0	0
LOC105373947	0	0	0
LOC105373948	0	0	0
LOC105373949	1	0	1
LOC107986002	0	0	0
COPS8-DT	21	1	20
LOC105373950	1	1	0
LOC93463	0	0	0
COPS8	685	0	685
LOC124906127	0	0	0
LOC105373953	1	0	1
LOC105373954	0	0	0
COL6A3	2	0	2
LOC105373957	0	0	0
MLPH	0	0	0
MIR6811	0	0	0
PRLH	0	0	0
RAB17	188	0	188
RAB17-DT	14	1	13
LRRFIP1	1099	0	1099
LOC124906128	5	0	5
RBM44	8	0	8
RAMP1	2	0	2
LOC124900521	0	0	0
LOC105373960	0	0	0
LOC124908001	0	0	0
UBE2F-SCLY	0	0	0
UBE2F	116	0	116
SCLY	0	0	0
ESPNL	9	0	9
KLHL30	37	0	37
ERFE	193	0	193
ILKAP	285	0	285
LINC02610	0	0	0
TARDBPP3	1	0	1
HES6	84	0	84
PER2	96	0	96
LOC112268433	0	0	0
TRAF3IP1	246	1	245
LOC124908002	0	2	2
ASB1	207	2	368
LOC107986003	2	161	0
LINC01107	0	0	0
LOC124906130	0	0	0
LOC105373963	0	0	0
LINC01937	0	0	0
LOC100287387	0	0	0
TWIST2	0	0	0
LINC01940	0	0	0
HDAC4	710	0	711
MIR4440	0	0	0
MIR4441	0	0	0
LOC124908009	1	0	1
HDAC4-AS2	0	0	0
MIR4269	0	0	0
MIR2467	0	0	0
HDAC4-AS1	12	1	12
LOC124908011	0	0	0
LOC124908012	0	0	0
LINC02991	0	0	0
LOC105373966	0	0	0
LOC150935	0	0	0
NDUFA10	1355	0	1355
MIR4786	1	0	1
OR6B2	0	0	0
OR6B3	0	0	0
COPS9	226	0	226
OTOS	1	0	1
LOC107985836	0	0	0
LOC105373968	4	1	3
LOC102723825	0	0	0
GPC1	2156	7	2149
GPC1-AS1	4	0	4
MIR149	0	0	0
ANKMY1	216	24	241
DUSP28	39	37	51
RNPEPL1	820	0	820
CAPN10-DT	43	0	43
CAPN10	385	1	384
GPR35	18	0	18
LOC124908016	0	0	0
AQP12B	0	0	0
LOC285191	0	0	0
AQP12A	0	0	0
KIF1A	0	0	0
AGXT	23	0	23
MAB21L4	14	0	14
CROCC2	3	0	3
LOC112268440	0	0	0
UICLM	1	0	1
TANAR	0	0	0
SNED1	337	144	451
LOC107985787	2	0	2
SNED1-AS1	4	14	4
MTERF4	162	121	285
PASK	452	10	454
PPP1R7	655	4	663
LOC105373971	0	0	0
ANO7	45	1962	56
LOC105376810	1	375	12
HDLBP	6926	81	9384
HDLBP-AS1	14	90	19
SEPTIN2	4159	67	4177
FARP2	88	5	105
LOC105373973	0	0	0
MIR3133	0	0	0
STK25	791	23	794
LOC107985788	2	0	6
BOK-AS1	0	54	0
LOC105373974	0	0	0
BOK	265	1	319
THAP4	710	7	706
ATG4B	778	1	780
DTYMK	834	1	833
ING5	319	0	319
D2HGDH	311	4	307
GAL3ST2	0	0	0
LOC124905349	0	0	0
NEU4	0	0	0
LOC124905350	0	0	0
PDCD1	0	0	0
LOC105373977	0	0	0
LOC124908032	0	0	0
RTP5	0	0	0
LOC105373978	0	0	0
LINC01237	1	0	1
FAM240C	0	0	0
LINC01238	0	0	0
LOC285097	0	0	0
LOC105373980	0	0	0
LINC01880	0	0	0
LINC03100	0	0	0
LINC01881	33	0	33
LINC01986	0	0	0
LOC105376921	0	0	0
LOC107986040	0	0	0
LOC107986057	0	0	0
LOC124909336	0	0	0
CHL1-AS2	0	0	0
CHL1	0	0	0
CHL1-AS1	0	0	0
LOC105376922	0	0	0
LOC124909337	0	0	0
LINC01266	0	0	0
LOC107986058	0	0	0
LOC107986059	0	0	0
CNTN6	2	0	2
LOC105376924	0	0	0
LOC105376923	0	0	0
LOC124909338	0	0	0
CNTN4	0	0	0
CNTN4-AS2	0	0	0
LOC105376926	0	0	0
CNTN4-AS1	0	0	0
IL5RA	0	0	0
LOC124909339	0	0	0
TRNT1	496	139	584
CRBN	269	111	385
LOC100130207	6	0	6
LRRN1	0	0	0
LOC102723512	5	5	0
SUMF1	562	30	686
SETMAR	117	0	145
LOC124909340	0	126	0
ITPR1-DT	34	0	34
ITPR1	2101	3	2296
LOC105376933	0	0	0
LOC124906210	0	48	0
EGOT	0	0	0
LOC124906209	3	149	4
LOC124906358	0	0	0
BHLHE40-AS1	9	346	13
BHLHE40	3331	6	3675
ARL8B	1255	0	1255
LOC124906212	3	0	3
EDEM1	770	1	769
MIR4790	0	0	0
LOC105376936	0	0	0
LOC105376939	0	0	0
LOC105376938	0	0	0
LOC105376940	0	0	0
LOC105376941	0	0	0
LOC102723596	0	0	0
LOC105376942	0	0	0
LOC124909341	0	0	0
LOC105376944	33	0	34
GRM7-AS3	1	2	0
LOC105376943	0	0	0
LOC105376945	0	0	0
GRM7	0	0	0
GRM7-AS2	0	0	0
GRM7-AS1	0	0	0
LOC124909342	0	0	0
LOC101927394	0	0	0
LMCD1-AS1	0	0	0
LOC107986010	0	0	0
LMCD1	4	2	2
LINC00312	0	0	0
LOC107986009	4	0	4
SSUH2	41	0	41
CAV3	0	0	0
OXTR	58	2	56
LOC107986061	1	0	1
LOC107984112	6	0	6
RAD18	748	0	748
LOC124900561	0	0	0
SRGAP3	151	0	164
LOC124909343	0	13	0
SRGAP3-AS2	0	0	0
SRGAP3-AS3	0	0	0
SRGAP3-AS4	0	0	0
THUMPD3	696	14	839
THUMPD3-AS1	117	155	119
SETD5	2309	1	2308
LHFPL4	1	1	0
LOC105376949	0	0	0
MTMR14	550	0	552
LOC124909344	3	5	0
CPNE9	3	0	3
BRPF1	592	3	589
OGG1	302	451	350
CAMK1	15	73	0
TADA3	477	27	946
ARPC4	566	1	566
ARPC4-TTLL3	0	0	2
TTLL3	68	3	65
RPUSD3	835	1	834
CIDEC	4	0	4
JAGN1	1472	0	1472
IL17RE	174	0	174
IL17RC	1114	45	1069
CRELD1	498	13	485
PRRT3	36	38	23
PRRT3-AS1	9	4	30
EMC3	975	22	977
EMC3-AS1	128	7	145
CIDECP1	69	0	69
FANCD2	778	0	989
FANCD2OS	1	212	0
BRK1	1004	2	1002
LOC124906357	0	0	0
VHL	854	1	853
IRAK2	65	0	65
LOC124906338	0	0	0
TATDN2	755	12	743
MIR12127	0	0	0
GHRLOS	7	2	6
LINC00852	6	0	6
GHRL	6	1	6
SEC13	1801	7	1794
ATP2B2	0	0	0
MIR378B	0	0	0
MIR885	0	0	0
ATP2B2-IT1	0	0	0
ATP2B2-IT2	0	0	0
LINC00606	0	0	0
SLC6A11	0	0	0
LOC105376950	0	0	0
SLC6A1	0	0	0
SLC6A1-AS1	0	0	0
LOC101927467	1	0	1
HRH1	200	0	200
LOC105376951	2	2	0
LOC124909345	0	0	0
LOC102723663	73	0	73
ATG7	711	578	751
VGLL4	247	45	820
TAMM41	92	0	92
SYN2	2	2	0
TIMP4	14	0	14
PPARG	915	2	913
TSEN2	377	1	377
MKRN2OS	15	16	0
MKRN2	819	113	837
RAF1	2134	63	2202
LOC124906355	0	0	0
TMEM40	37	0	37
CAND2	6	13	0
RPL32	7571	4	7574
SNORA7A	0	0	0
LOC124909346	0	0	0
LOC105376956	0	0	0
LINC02022	0	0	0
IQSEC1	495	2	493
LOC124906214	0	0	0
NUP210	8051	6	8045
HDAC11-AS1	0	0	0
HDAC11	249	0	249
FBLN2	2851	3	2848
SNORA93	0	0	0
LOC100293612	0	0	0
LINC00620	1	0	1
WNT7A	0	0	0
LOC105376957	0	0	0
FGD5P1	0	0	0
TPRXL	0	0	0
LOC112268445	0	0	0
CHCHD4	425	0	425
TMEM43	1388	1	1387
XPC	812	9	897
XPC-AS1	27	118	3
LSM3	769	0	769
LOC105376958	2	0	2
LINC01267	7	0	7
LOC105376959	21	0	21
SLC6A6	3056	1	3103
GRIP2	63	48	63
LOC105376960	0	0	0
LOC124909347	3	29	3
CCDC174	202	0	231
LOC124906215	1	1	0
C3orf20	1	0	1
LINC02011	0	0	0
FGD5	0	0	0
LOC105376963	0	0	0
FGD5-AS1	1772	15	1775
NR2C2	979	748	706
MRPS25	1005	173	1289
RBSN	662	0	662
COL6A4P1	0	0	0
CAPN7	673	2	671
SH3BP5-AS1	106	1573	132
SH3BP5	318	69	1848
LOC124906370	0	0	0
LOC124909348	0	0	0
METTL6	252	8	252
EAF1	450	2	456
COLQ	15	0	15
MIR4270	0	0	0
HACL1	502	0	562
BTD	453	223	450
ANKRD28	844	0	1004
MIR3134	0	0	0
LOC101927647	0	0	0
LOC107986064	8	0	8
MIR563	0	0	0
LOC124906217	0	0	0
LOC124906216	1	1	0
LOC124909349	1	0	1
GALNT15	4	0	4
LOC124906218	0	151	0
DPH3	96	0	247
OXNAD1	238	0	292
LOC107986065	1	45	0
RFTN1	3	13	0
LOC124906220	0	0	0
LOC124906219	0	0	0
LINC00690	0	0	0
DAZL	0	0	0
PLCL2UT	0	0	0
LOC105376972	0	0	0
PLCL2	2	0	2
MIR3714	0	0	0
PLCL2-AS1	0	0	0
TBC1D5	574	0	574
LOC105376975	0	0	0
LOC124909350	0	0	0
BALR6	0	0	0
LOC124909351	0	0	0
SATB1	0	0	0
SATB1-AS1	0	0	0
LOC107986066	0	0	0
LOC105376978	0	0	0
LOC105376981	0	0	0
KCNH8	0	0	0
MIR4791	0	0	0
LOC105376982	0	0	0
LOC105376984	0	0	0
EFHB	3	0	3
RAB5A	515	0	633
PP2D1	3	121	0
LOC124909352	1	0	1
KAT2B	389	6	383
MIR3135A	0	0	0
SGO1	132	0	252
SGO1-AS1	2	122	0
LOC101927829	0	0	0
LOC107986068	0	0	0
LOC105376987	0	0	0
LOC105376988	0	0	0
VENTXP7	0	0	0
ZNF385D	0	0	0
ZNF385D-AS1	0	0	0
ZNF385D-AS2	0	0	0
UBE2E2-DT	0	0	0
UBE2E2	508	0	508
LOC105376993	19	0	19
LOC124909353	8	0	8
UBE2E1-AS1	4	4	0
UBE2E1	291	48	1045
NKIRAS1	222	761	311
RPL15	15676	48	15675
LOC124909354	0	0	0
NR1D2	432	0	433
LINC00691	0	0	0
THRB	310	7	310
THRB-AS2	1	1	0
THRB-AS1	2	0	9
LOC107986011	0	0	0
LOC107986070	0	0	0
LOC124909355	0	0	0
RARB	5	6	0
LOC124906342	0	0	0
RARB-AS1	0	0	0
LOC124909356	0	0	0
TOP2B	2343	0	2344
MIR4442	0	0	0
NGLY1	755	7	752
OXSM	392	0	396
LOC105377000	0	0	0
LINC00692	0	0	0
LOC124909357	0	0	0
LOC105377001	0	0	0
LOC105377002	0	0	0
LRRC3B-AS1	0	0	0
LRRC3B	0	0	0
LOC124909488	0	0	0
NEK10	62	0	62
SLC4A7	533	0	533
LOC105377005	0	0	0
LOC124906221	0	0	0
LINC02084	0	0	0
EOMES	0	0	0
LINC01980	0	0	0
LINC01981	0	0	0
LINC01967	0	0	0
LOC105377008	0	0	0
CMC1	311	638	311
AZI2	334	13	1111
ZCWPW2	17	154	15
LOC107986012	0	0	0
LINC00693	0	0	0
LOC105377009	0	0	0
RBMS3-AS3	0	0	0
RBMS3	68	0	68
RBMS3-AS2	0	0	0
LOC124906222	1	1	0
RBMS3-AS1	0	0	0
LOC124906224	0	0	0
LOC124909358	0	0	0
LOC124906377	0	0	0
LOC101927995	0	0	0
LOC105377013	0	0	0
LINC01985	0	0	0
LOC105377015	0	41	0
TGFBR2	974	0	1015
GADL1	0	0	0
MIR466	0	0	0
LOC105377018	0	0	0
LOC124909359	0	0	0
STT3B	4528	5	4523
OSBPL10	1136	2	1134
LOC124909360	1	0	1
OSBPL10-AS1	1	1	0
ZNF860	89	0	89
LOC124900559	0	0	0
GPD1L	954	0	954
LOC124906367	0	0	0
CMTM8	0	0	0
LOC124909361	0	0	0
CMTM7	0	0	0
CMTM6	451	0	451
MIR548AY	0	0	0
DYNC1LI1	594	23	571
LOC124906226	0	0	0
CNOT10	0	0	0
CNOT10-AS1	0	0	0
TRIM71	0	0	0
CCR4	0	0	0
GLB1	1949	0	1949
LOC107986072	2	0	2
TMPPE	44	0	44
CRTAP	8837	3	8834
SUSD5	8	8	0
LOC124909362	0	0	0
FBXL2	183	13	170
UBP1	806	3	803
LOC124909363	0	0	0
CLASP2	666	0	666
PDCD6IP-DT	29	0	35
PDCD6IP	2860	9	2857
LOC105377024	0	0	0
LINC01811	0	0	0
LOC124909364	0	0	0
LOC102724048	0	0	0
LOC124909365	0	0	0
LOC101928135	0	0	0
ARPP21	0	0	0
ARPP21-AS1	0	0	0
MIR128-2	0	0	0
LOC124906227	0	0	0
STAC	0	0	0
DCLK3	0	0	0
LOC105377029	0	0	0
LOC105377030	0	0	0
LINC02033	3	0	3
TRANK1	562	1	561
EPM2AIP1	498	0	498
MLH1	1103	1	1103
LRRFIP2	824	5	821
UBE2FP1	27	0	27
LOC105377642	4	1	4
LOC124906354	0	0	0
LOC124909483	0	0	0
GOLGA4-AS1	41	15	64
GOLGA4	1629	24	1643
APRG1	20	0	20
ITGA9	0	0	0
ITGA9-AS1	0	0	0
CTDSPL	676	0	676
MIR26A1	0	0	0
VILL	1	0	1
PLCD1	66	0	66
DLEC1	11	124	0
LOC105377033	3	0	5
ACAA1	456	0	567
MYD88	9	0	9
LOC101928234	0	0	1
OXSR1	1365	4	1362
SLC22A13	3	0	3
SLC22A14	4	0	4
XYLB	108	0	108
ACVR2B-AS1	12	1	14
ACVR2B	219	3	218
EXOG	152	0	152
SCN5A	0	0	0
SCN10A	0	0	0
LOC105377034	0	0	0
LOC107986042	0	0	0
SCN11A	0	0	0
WDR48	667	4	666
GORASP1	619	1	622
TTC21A	17	1	17
MIR6822	0	0	0
CSRNP1	638	1	640
LOC101928263	4	5	2
LOC105377035	1	0	1
XIRP1	0	0	0
LOC124909366	0	0	0
DSTNP4	0	0	0
LOC102724104	0	0	0
CX3CR1	1	0	1
CCR8	0	0	0
LOC105377037	0	2	0
LOC105377644	1	1	9
SLC25A38	581	12	576
RPSA	25932	9	25923
SNORA6	20	0	20
SNORA62	33	0	33
LOC107986075	2	0	2
MOBP	0	0	0
LOC105377039	0	0	0
MYRIP	0	0	0
LOC124909367	0	0	0
EIF1B-AS1	1	0	1
LOC124900557	0	0	0
LOC124906228	0	0	0
EIF1B	402	0	402
ENTPD3	1	4	0
ENTPD3-AS1	18	0	21
RPL14	11775	3	11772
ZNF619	86	0	86
ZNF620	14	0	14
ZNF621	447	0	447
LOC124909368	0	0	0
LOC124909369	2	0	2
LOC124906229	0	0	0
LOC124909370	0	0	0
LOC105377043	0	0	0
LOC124906230	0	0	0
LOC105377045	0	0	0
CTNNB1	4805	3	4802
ULK4	137	0	137
LOC105377046	0	0	0
LOC107986077	1	0	1
TRAK1	953	1	952
LOC124906231	3	1	2
LOC105377048	0	0	0
CCK	0	0	0
LYZL4	0	0	0
LOC124909371	0	0	0
VIPR1	0	0	0
LOC124909372	1	0	1
VIPR1-AS1	0	0	0
SEC22C	680	40	709
SS18L2	277	36	292
NKTR	1403	22	1404
ZBTB47-AS1	1	0	6
ZBTB47	604	3	759
LOC124906232	3	161	0
KLHL40	0	0	0
HHATL	0	0	0
HHATL-AS1	0	1	0
CCDC13	6	1	6
CCDC13-AS1	0	0	0
CCDC13-AS2	0	1	0
HIGD1A	1680	0	1681
ACKR2	16	0	16
LOC124909373	2	2	0
CYP8B1	3	4	0
ZNF662	0	0	0
KRABD1-AS1	0	0	0
KRABD1	0	0	0
GASK1A	0	0	0
POMGNT2	315	0	317
POMGNT2-AS1	3	5	0
LOC105377051	0	0	0
LOC105377052	0	0	0
SNRK	104	2	301
SNRK-AS1	1	197	3
ANO10	441	0	441
ABHD5	514	0	514
LOC107986081	0	0	0
LOC124909489	0	0	0
MIR138-1	0	0	0
TOPAZ1	0	0	0
LOC105377055	0	0	0
TCAIM	648	1	647
C3orf86P	0	0	0
LINC01988	0	0	0
ZNF445	458	0	458
LOC101928529	0	0	0
ZNF852	0	0	0
ZKSCAN7	0	0	0
ZKSCAN7-AS1	0	0	0
ZNF660-ZNF197	0	0	0
ZNF660	0	0	0
ZNF197-AS1	0	0	0
ZNF197	0	0	0
ZNF35	0	0	0
LOC124905403	0	0	0
ZNF502	0	0	0
LOC105377056	0	0	0
ZNF501	0	0	0
KIAA1143	0	0	0
KIF15	0	0	0
MIR564	0	0	0
TMEM42	0	0	0
TGM4	0	0	0
ZDHHC3	1340	0	1340
EXOSC7	523	0	523
CLEC3B	6	0	6
LOC124906233	0	0	0
CDCP1	3	0	3
LOC101928636	7	0	7
TMEM158	418	0	418
LOC124906378	0	0	0
LOC105377061	0	0	0
LOC105377062	0	0	0
LARS2	819	0	822
LARS2-AS1	0	3	1
LIMD1	662	10	1337
LIMD1-AS1	0	681	3
TRR-ACG2-1	1	0	1
SACM1L	997	0	997
SLC6A20	0	0	0
LOC107986082	0	0	0
LZTFL1	281	0	281
LOC124909374	0	0	0
CCR9	0	0	0
FYCO1	517	3	514
CXCR6	6	6	0
LOC105377063	0	0	0
XCR1	0	0	0
LOC105377067	21	0	21
CCR1	8	0	8
CCR3	2	0	2
CCR2	0	0	0
CCR5AS	2	0	2
CCR5	0	0	0
CCRL2	5	0	5
LINC02009	1	0	1
LTF	1	0	1
RTP3	0	0	0
LRRC2	0	0	0
LRRC2-AS1	0	0	0
CRIPTO	0	0	0
FAM240A	0	0	0
ALS2CL	363	0	363
TMIE	2	0	2
PRSS50	3	0	3
PRSS46P	0	0	0
PRSS45P	0	0	0
PRSS43P	0	0	0
PRSS44P	0	0	0
PRSS42P	0	0	0
MYL3	0	0	0
PTH1R	2	0	2
CCDC12	351	0	351
LOC124909375	1	0	1
NBEAL2	1607	0	1607
NRADDP	4	2	2
SETD2	1440	3	1438
KIF9-AS1	20	5	24
KIF9	38	25	35
SNORD13J	0	0	0
KLHL18	342	0	356
PTPN23-DT	21	22	26
PTPN23	1262	9	1280
SCAP	1934	5	1931
LOC124906372	0	1	0
LOC105377073	2	1	2
ELP6	469	0	469
LOC105377074	0	0	0
CSPG5	161	1	160
SMARCC1	2178	0	2178
LOC124906234	0	0	0
SNORD146	0	0	0
HIGD2AP2	0	0	0
DHX30	3661	2	3660
MIR1226	0	0	0
MAP4	4922	7	4916
CDC25A	879	0	879
MIR4443	0	0	0
CAMP	0	0	0
ZNF589	242	0	242
NME6	321	7	314
FCF1P2	105	0	105
SPINK8	0	0	0
MIR2115	0	0	0
FBXW12	0	0	0
PLXNB1	560	0	560
CCDC51	850	41	813
TMA7	746	1	749
ATRIP	2	0	2
ATRIP-TREX1	14	0	14
TREX1	0	0	0
SHISA5	2016	0	2016
PFKFB4	952	1	951
MIR6823	0	0	0
UCN2	0	0	0
COL7A1	699	0	699
MIR711	0	0	0
UQCRC1	6223	2	6221
SNORA94	0	0	0
TMEM89	5	0	5
SLC26A6	1525	2	1523
MIR6824	0	0	0
CELSR3	323	2	321
MIR4793	0	0	0
LINC02585	3	3	0
NCKIPSD	1095	1	1094
IP6K2	1278	1	1277
PRKAR2A	812	2	810
PRKAR2A-AS1	42	0	42
SLC25A20	311	2	309
ARIH2OS	37	124	38
ARIH2	1578	8	1697
LOC124909376	1	1	2
P4HTM	380	1	379
LOC124906235	9	0	9
WDR6	2487	94	2911
DALRD3	459	431	553
MIR425	1	2	1
NDUFAF3	1495	6	1499
MIR191	0	0	0
IMPDH2	3608	75	3533
QRICH1	1655	7	1648
QARS1	4123	3	4120
MIR6890	0	0	0
USP19	1764	1	1763
LAMB2	3463	3	3588
LOC124909377	12	129	11
LAMB2P1	5	0	5
CCDC71	565	0	565
KLHDC8B	13	0	13
CIMIP7	0	0	0
IHO1	0	0	0
C3orf62	122	1	143
MIR4271	0	21	0
USP4	423	0	423
LOC124906236	22	0	22
GPX1	5413	2	5411
RHOA	8724	6	8720
TCTA	316	0	318
AMT	43	4	39
NICN1	211	1	210
DAG1	6212	3	6209
BSN-DT	0	0	0
BSN	27	19	8
APEH	3126	4	3122
MST1	81	8	76
RNF123	880	120	1202
AMIGO3	118	13	105
GMPPB	431	326	544
IP6K1	1201	3	1198
CDHR4	70	1	69
INKA1	25	0	25
UBA7	158	0	158
MIR5193	0	0	0
TRAIP	270	0	270
CAMKV	0	0	0
MST1R	1825	0	1825
MON1A	239	0	239
RBM6	1661	0	1661
RBM5	757	0	1201
RBM5-AS1	4	98	0
SEMA3F-AS1	17	368	1
LOC124909484	1	1	0
SEMA3F	2868	0	2868
GNAT1	0	0	0
SLC38A3	0	0	0
GNAI2	1222	1	1222
MIR5787	0	0	0
SEMA3B	5749	31	5736
LINC03143	5	4	1
SEMA3B-AS1	0	4	15
MIR6872	0	0	0
LSMEM2	11	353	10
IFRD2	1982	1	2333
HYAL3	226	1	225
NAA80	309	1	308
HYAL1	1291	1	1290
HYAL2	1550	0	1550
TUSC2	689	0	689
RASSF1	893	6	1046
RASSF1-AS1	11	164	5
ZMYND10	26	13	16
NPRL2	436	36	404
LOC127898564	0	301	3
CYB561D2	137	2	135
TMEM115	420	10	716
CACNA2D2	7	12	2
LOC101928965	0	0	6
LOC105377082	0	0	0
LOC124909378	0	0	0
LOC105377083	0	0	0
C3orf18	9	44	9
HEMK1	350	3	391
CISH	201	0	244
MAPKAPK3	1019	44	1018
LINC02019	12	0	12
DOCK3	37	10	27
MIR4787	0	0	0
MANF	698	0	698
RBM15B	919	75	1044
DCAF1	1165	127	1238
LOC105377085	0	0	0
RAD54L2	398	0	399
LOC124906237	9	2	8
TEX264	826	0	826
GRM2	0	0	0
LOC105377087	0	0	0
IQCF6	0	0	0
IQCF4P	0	0	0
IQCF3	0	0	0
IQCF2	0	0	0
IQCF5-AS1	0	0	0
IQCF5	0	0	0
IQCF1	0	0	0
RRP9	431	0	431
PARP3	412	1	411
GPR62	0	2	0
PCBP4	446	0	448
ABHD14B	1626	1	1625
ABHD14A-ACY1	0	0	0
ABHD14A	61	2	59
ACY1	4	0	4
RPL29	13941	5	13936
LOC105377088	0	0	0
LOC124906238	7	1	7
DUSP7	511	6	506
LINC00696	2	0	2
POC1A	571	0	571
ALAS1	2388	0	2388
TLR9	7	2	5
TWF2	1788	0	1788
TWF2-DT	9	0	9
PPM1M	230	4	226
WDR82	1844	0	1844
MIRLET7G	0	0	0
LOC107986086	2	9	5
GLYCTK	62	3	76
GLYCTK-AS1	0	5	0
MIR135A1	0	0	0
DNAH1	156	2	154
BAP1	1278	2	1276
PHF7	29	0	29
SEMA3G	12	0	12
TNNC1	7	0	7
NISCH	834	1	833
STAB1	8	90	8
NT5DC2	1361	5	1448
UQCC5	45	0	48
PBRM1	410	14	405
GNL3	1806	7	1835
SNORD136	0	0	0
SNORD19	2	0	2
SNORD19B	2	0	2
SNORD19C	1	0	1
SNORD69	5	0	5
GLT8D1	724	113	639
SPCS1	1511	19	1516
NEK4	177	5	196
ITIH1	0	0	0
ITIH3	0	0	0
LOC124906240	0	0	0
ITIH4	33	0	49
ITIH4-AS1	1	17	0
STIMATE-MUSTN1	0	0	0
MUSTN1	2	0	2
STIMATE	155	0	155
MIR8064	0	0	0
SFMBT1	272	0	272
RFT1	378	0	378
PRKCD	999	0	999
TKT	10851	6	10845
LOC107986087	1	1	0
LOC124906364	0	0	0
DCP1A	321	0	321
LOC124909380	0	0	0
SNORD38C	0	0	0
LOC105377094	0	0	0
LOC124900563	0	0	0
CACNA1D	48	31	52
LOC124906242	0	0	0
CHDH	227	8	254
IL17RB	115	34	185
ACTR8	399	108	395
SELENOK	391	0	391
LOC105377095	0	0	0
LOC124909381	0	0	0
CACNA2D3	352	0	369
LOC124909382	0	0	0
LOC107986088	2	2	0
ESRG	0	0	0
CACNA2D3-AS1	1	18	0
LRTM1	0	0	0
LOC124906243	0	0	0
LINC02017	0	0	0
LINC02030	0	0	0
LOC124909383	0	0	0
WNT5A	1340	0	1340
WNT5A-AS1	43	37	6
ERC2	1	0	1
ERC2-AS1	0	0	0
ERC2-IT1	0	0	0
MIR3938	0	0	0
LOC105377099	0	0	0
CCDC66	182	33	186
TASOR	799	9	827
ARHGEF3	350	0	350
ARHGEF3-AS1	0	0	0
SPATA12	1	0	1
IL17RD	10	1	9
LOC105377101	0	0	0
HESX1	18	0	18
APPL1	505	0	537
ASB14	5	95	0
LOC105377102	2	0	9
LOC124909384	1	0	1
DNAH12	1	0	1
LOC124906353	0	0	0
PDE12	399	4	395
ARF4	2374	0	2374
ARF4-AS1	6	1	5
DENND6A	238	0	238
DENND6A-DT	1	0	1
SLMAP	721	3	724
LOC105377103	0	6	0
LOC105377104	0	0	0
LOC124909385	1	0	1
FLNB	4184	3	4804
FLNB-AS1	16	636	3
LOC124909485	0	0	0
LOC124909386	3	0	3
DNASE1L3	1	0	1
LOC107986091	2	0	2
ABHD6	450	0	450
RPP14	0	0	0
HTD2	0	0	0
PXK	247	12	235
LOC105377106	0	0	0
PDHB	986	9	1212
LOC107986092	0	233	2
KCTD6	152	0	152
ACOX2	0	0	0
LOC107984079	0	0	0
FAM107A	0	0	0
FAM3D-AS1	0	0	0
FAM3D	0	0	0
LOC105377109	0	0	0
CFAP20DC	0	0	0
CFAP20DC-AS1	0	0	0
CFAP20DC-DT	0	0	0
LOC339902	0	0	0
FHIT	0	0	0
LOC105377113	0	0	0
LOC105377112	0	0	0
LOC107986015	0	0	0
MIR548BB	0	0	0
LOC124906379	0	0	0
LOC124906244	0	0	0
LOC105377111	0	0	0
LOC124909387	0	0	0
LOC105377114	0	0	0
LOC105377115	0	0	0
PTPRG	5	0	6
LOC124909388	0	0	0
LOC124906245	1	1	0
LOC124909389	0	1	0
PTPRG-AS1	0	0	0
CEP15	0	0	0
FEZF2	0	0	0
LOC105377647	0	0	0
CADPS	0	0	0
LINC00698	0	0	0
SYNPR	0	0	0
SYNPR-AS1	0	0	0
SNTN	0	0	0
LOC105377119	0	0	0
CDHR18P	0	0	0
C3orf49	1	1	0
THOC7	563	1	565
THOC7-AS1	0	0	0
ATXN7	310	3	312
SCAANT1	4	5	1
PSMD6-AS2	20	6	14
PSMD6	975	10	965
PSMD6-AS1	6	4	2
LOC105377121	0	0	0
PRICKLE2-AS1	0	4	0
LOC124906380	0	0	0
LINC00994	0	0	0
PRICKLE2	6	0	10
PRICKLE2-AS2	0	0	0
PRICKLE2-AS3	0	0	0
PRICKLE2-DT	0	0	0
LOC105377123	0	0	0
ADAMTS9	0	0	0
ADAMTS9-AS1	0	0	0
ADAMTS9-AS2	0	0	0
LOC105377124	0	0	0
LOC124909390	0	0	0
LOC107986017	0	0	0
LOC105377125	0	0	0
LOC105377127	0	0	0
LINC02040	0	0	0
LOC107986094	0	0	0
MAGI1	269	0	269
LOC124906246	0	0	0
LOC107986018	1	0	1
MAGI1-IT1	1	0	1
MAGI1-AS1	0	0	0
LOC124900543	7	0	7
LOC105377128	0	0	0
SLC25A26	0	0	0
LOC107986095	0	0	0
LRIG1	12	1	11
LOC105377141	0	0	0
LOC105377142	0	0	0
LOC105377143	0	0	0
LOC105377144	0	0	0
KBTBD8	16	0	16
LOC124909391	0	0	0
LOC124909392	0	0	0
MIR4272	0	0	0
LOC112267879	2	0	2
SUCLG2	1072	1	1071
SUCLG2-DT	16	0	16
TAFA1	1	0	1
LOC107986019	0	0	0
LOC105377146	0	0	0
TAFA4	0	0	0
EOGT	140	4	149
EOGT-DT	11	13	11
TMF1	508	1	507
MIR3136	1	0	1
UBA3	900	0	900
ARL6IP5	1622	0	1630
LMOD3	0	8	0
FRMD4B	303	1	302
MITF	428	1	427
SAMMSON	0	0	0
MDFIC2	0	0	0
LOC105377152	0	0	0
FOXP1	219	3	216
LOC124906247	0	0	0
FOXP1-AS1	0	0	0
LOC124906248	0	0	0
MIR1284	0	0	0
FOXP1-DT	3	0	3
LOC105377155	0	0	0
EIF4E3	64	0	64
GPR27	0	0	0
PROK2	0	0	0
LOC105377156	0	0	0
LOC105377157	0	0	0
LINC00877	0	0	0
LINC00870	0	0	0
LOC124909393	0	0	0
LOC105377158	0	0	0
LOC105377159	0	0	0
RYBP	2	0	2
LOC105377160	0	0	0
LOC124909394	0	0	0
LOC124905404	0	0	0
LOC105377161	0	0	0
LOC102724817	0	0	0
LOC105377162	0	0	0
SHQ1	262	0	262
LOC124909396	0	0	0
GXYLT2	88	0	88
LOC124909395	2	0	2
PPP4R2	778	0	778
EBLN2	19	0	19
LOC124906349	0	0	0
LOC107986098	0	0	0
PDZRN3	0	0	0
LOC101927296	0	0	0
PDZRN3-AS1	0	0	0
LOC105377164	0	0	0
LINC02005	0	0	0
LINC02047	0	0	0
CNTN3	0	0	0
LOC105377166	0	0	0
LOC105377167	0	0	0
LOC105377168	0	0	0
LOC107986099	0	0	0
MIR4444-2	2	0	2
LOC124905452	0	0	0
FAM86DP	0	0	0
LINC02018	0	0	0
MIR1324	0	0	0
FRG2C	0	0	0
LINC00960	5	5	0
ZNF717	46	0	48
MIR4273	0	2	0
ROBO2	0	0	0
LOC124900544	0	0	0
LOC102724949	0	0	0
LOC105377171	0	0	0
LINC02077	0	0	0
LOC105377173	0	0	0
ROBO1	1245	0	1245
LOC101927374	0	0	0
MIR3923	0	0	0
LOC105377177	0	0	0
LOC105377176	0	0	0
LINC02050	0	0	0
LOC105377174	0	0	0
LINC02027	0	0	0
GBE1	1094	0	1094
LOC124906198	0	0	0
LOC124909490	1	0	1
LOC105377178	0	0	0
LOC105377179	0	0	0
LOC124906199	0	0	0
LINC02008	5	0	5
LOC101927439	0	0	0
LOC105377181	0	0	0
LOC105377183	0	0	0
LOC105377186	0	0	0
LOC105377187	0	0	0
LOC105377188	3	0	3
LINC00971	0	0	0
LINC02025	0	0	0
LOC105377193	0	0	0
CADM2	0	0	0
LOC124906200	0	0	0
SNORA95	0	0	0
MIR5688	0	0	0
CADM2-AS2	0	0	0
LOC124906345	0	0	0
LOC102723364	0	0	0
LINC02070	0	0	0
LOC101927518	0	0	0
LOC105377196	1	1	0
VGLL3	489	4	485
LINC00506	0	0	0
MIR4795	0	0	0
CHMP2B	593	0	593
POU1F1	0	0	0
LOC105377198	0	0	0
HTR1F	0	0	0
CGGBP1	718	19	722
LOC128031834	0	0	0
ZNF654	180	10	193
C3orf38	252	0	254
LOC105377202	0	0	0
CSNK2A2IP	0	0	0
EPHA3	2	0	2
LOC124906381	0	0	0
LOC101930420	0	0	0
PROS1	405	1	404
ARL13B	139	0	139
STX19	1	1	0
DHFR2	78	0	78
NSUN3	217	0	217
LOC105373992	0	0	0
LINC00879	0	0	0
MTHFD2P1	0	0	0
MIR8060	0	0	0
LOC124909397	0	0	0
EPHA6	0	0	0
LOC107986103	0	0	0
LOC101929278	0	0	0
LOC124906256	0	0	0
ARL6	89	1	94
LOC101929298	0	6	0
CRYBG3	231	109	421
LOC105373994	2	4	0
RIOX2	281	188	390
LOC124909398	0	0	0
GABRR3	0	0	0
OR5AC2	0	0	0
OR5H1	0	0	0
OR5H14	0	0	0
LOC105373996	0	0	0
OR5H15	0	0	0
LOC105373998	0	0	0
LOC105373997	0	0	0
LOC101929320	0	0	0
LOC105373999	0	0	0
OR5H6	0	0	0
OR5H2	0	0	0
OR5K4	0	0	0
LOC105374000	0	0	0
OR5K3	0	0	0
OR5K1	0	0	0
OR5K2	0	0	0
CLDND1	607	0	610
CLDND1-AS1	0	3	0
GPR15	0	0	0
CPOX	556	0	556
ST3GAL6-AS1	0	0	0
ST3GAL6	2	2	0
DCBLD2	341	0	341
LOC105374002	0	0	0
LINC00973	0	0	0
LOC124906343	0	0	0
LOC124909399	0	0	0
LOC107986104	0	0	0
LOC105374004	0	0	0
LOC105374007	0	0	0
LOC105374005	0	0	0
LOC124909401	1	18	4
COL8A1	177	3	195
HP09053	0	30	0
CMSS1	309	1	478
LOC105374010	0	0	0
FILIP1L	2	2	0
MIR3921	0	0	0
LOC105374009	0	170	0
TMEM30CP	0	0	0
TBC1D23	679	0	679
NIT2	721	17	715
TOMM70	1537	36	1512
LNP1	36	0	36
TMEM45A	1805	0	1805
ADGRG7	0	0	0
TFG	3571	0	3572
ABI3BP	7	8	0
LOC124906260	0	0	0
LOC124906356	0	0	0
IMPG2	2	0	2
SENP7	104	0	104
LOC124906362	0	0	0
ARB2BP	0	0	0
TRMT10C	958	3	955
PCNP	2100	33	2067
ZBTB11	591	33	623
ZBTB11-AS1	12	5	7
LOC124906262	92	6084	84
RPL24	299	2	6373
LOC124909402	3	0	3
PDCL3P4	1	0	1
CEP97	342	0	342
NXPE3	96	0	96
NFKBIZ	657	0	657
RDUR	0	0	0
LOC101929411	0	0	0
LOC107986105	0	0	0
ZPLD1	0	0	0
LOC105374016	0	0	0
LOC107986106	0	0	0
LOC105374017	0	0	0
LOC105374018	0	0	0
MIR548AB	0	0	0
LOC124909491	0	0	0
LOC124909492	0	0	0
LOC105374020	0	0	0
LOC105374021	0	0	0
LOC107986108	0	0	0
LOC105374023	0	0	0
ALCAM	127	0	127
LOC124906263	0	0	0
CBLB	258	0	258
LOC105374024	0	0	0
LOC124909403	0	0	0
LOC105374026	0	0	0
LOC105374027	0	0	0
LOC107986110	0	0	0
LOC107986112	0	0	0
LOC101929485	0	0	0
LOC105374029	1	0	1
LOC101929534	0	0	0
LOC124906264	0	0	0
LOC107986021	0	0	0
LINC00882	6	0	6
LOC124909404	0	0	0
DUBR	60	0	60
CCDC54	0	0	0
CCDC54-AS1	0	0	0
LINC01990	0	0	0
BBX	1533	0	1533
LINC00635	0	0	0
LINC00636	0	0	0
LOC124906266	0	0	0
LOC124906265	0	0	0
CD47	308	0	308
LOC105374031	0	0	0
LINC01215	0	0	0
IFT57	0	0	0
LOC124909405	0	0	0
HHLA2	0	0	0
MYH15	6	0	6
LOC124900545	0	0	0
LOC124909406	0	0	0
CIP2A	642	1	646
LOC124900556	4	4	0
DZIP3	245	7	243
LOC105374033	0	0	0
LOC105374034	0	0	0
RETNLB	0	0	0
TRAT1	0	0	0
GUCA1C	0	0	0
MORC1	0	0	0
LOC124906382	0	0	0
MORC1-AS1	0	0	0
C3orf85	0	0	0
LINC00488	0	0	0
DPPA2	11	0	11
DPPA4	0	0	0
LINC01205	0	0	0
MIR4445	0	0	0
LOC124906267	0	0	0
LOC105374036	0	0	0
LOC105374037	0	0	0
LOC151760	23	0	23
NECTIN3-AS1	0	0	0
NECTIN3	128	0	128
LOC124909493	0	0	0
LOC105374038	0	0	0
LOC105374039	0	0	0
CD96	0	0	0
ZBED2	0	0	0
PLCXD2	75	0	75
PLCXD2-AS1	2	2	0
PHLDB2	2244	1	2243
LOC107984087	0	0	0
LOC105374040	6	4	2
ABHD10	453	0	453
TAGLN3	0	0	0
TMPRSS7	1	1	0
C3orf52	47	0	47
MIR567	0	0	0
GCSAM	0	0	0
TBILA	0	0	0
SLC9C1	0	0	0
LOC124909407	0	0	0
LOC105374042	0	0	0
CD200	0	0	0
LOC105374041	0	0	0
LOC124909408	0	0	0
BTLA	0	0	0
ATG3	852	4	1110
SLC35A5	429	260	431
CCDC80	263	0	263
LINC02042	0	0	0
MIR9900	0	0	0
CD200R1L-AS1	0	0	0
CD200R1L	0	0	0
CD200R1	0	0	0
GTPBP8	198	4	194
RMP64	835	109	769
NEPRO-AS1	6	43	6
LOLI1	0	0	0
LOC124906268	0	0	0
LINC02044	0	0	0
LOC124909486	0	0	0
BOC	1	34	0
LOC124909409	1	0	1
SPICE1-CFAP44	25	0	25
CFAP44	2	0	2
CFAP44-AS1	0	9	0
MIR8076	0	0	0
SPICE1	12	0	12
SIDT1	0	0	0
SIDT1-AS1	0	0	0
MIR4446	0	0	0
LOC124909410	1	0	1
USF3	175	0	175
NAA50	3884	1	3883
ATP6V1A	1207	0	1207
GRAMD1C	167	0	167
ZDHHC23	463	18	466
CCDC191	99	7	127
LOC105374048	0	12	0
QTRT2	716	0	716
DRD3	0	0	0
ZNF80	0	0	0
TIGIT	0	0	0
LOC124909411	0	0	0
ZBTB20	190	0	190
MIR568	0	0	0
ZBTB20-AS1	0	0	0
ZBTB20-AS5	0	0	0
MIR4796	0	0	0
ZBTB20-AS3	0	0	0
ZBTB20-AS4	0	0	0
LOC105374051	0	0	0
GAP43	0	0	0
LOC124909412	1	2	0
LOC124906269	0	0	1
LSAMP	0	0	0
LOC124909413	0	0	0
LOC105374053	0	0	0
SNORD155	0	0	0
LOC107986116	0	0	0
LOC124909414	0	0	0
LOC105374052	0	0	0
LSAMP-AS1	0	0	0
LINC00903	0	0	0
TUSC7	0	0	0
MIR4447	0	0	0
LINC00901	0	0	0
LOC124909415	0	0	0
LOC105374054	0	0	0
LOC124906271	0	0	0
LOC105374056	0	0	0
LOC124906270	0	0	0
LINC02024	0	0	0
LOC101926953	0	0	0
LINC03051	0	0	0
LOC124909416	0	0	0
LOC105374058	0	0	0
LOC105374060	0	0	0
LOC101926968	0	0	0
LOC124909417	0	0	0
LOC105374059	0	0	0
IGSF11	0	0	0
IGSF11-AS1	0	0	0
TEX55	0	0	0
UPK1B	1	0	1
B4GALT4	327	0	399
B4GALT4-AS1	1	73	0
ARHGAP31	2	3	0
ARHGAP31-AS1	1	0	1
LOC124906273	0	0	1
TMEM39A	458	0	458
POGLUT1	194	0	194
TIMMDC1	1898	2	1896
CD80	5	1	4
LOC107986118	0	0	0
ADPRH	0	0	0
PLA1A	0	0	0
POPDC2	3	0	3
COX17	95	0	158
LOC105374063	3	66	0
LOC105374064	0	0	0
CFAP91	0	0	0
NR1I2	0	0	0
GSK3B	1242	0	1242
MIR6529	0	0	0
GSK3B-DT	32	0	32
LOC105374065	0	0	0
GPR156	15	0	15
LOC124909418	0	0	0
LRRC58	1159	0	1159
BTNL12P	0	1	0
LOC124906274	0	0	0
FSTL1	18	0	19
MIR198	0	0	0
LOC124900546	3	5	0
LOC107986121	0	0	1
NDUFB4	2071	1	2070
HGD	11	1	10
RABL3	352	0	352
GTF2E1	501	0	501
LINC02049	0	0	0
LOC105374069	0	0	0
STXBP5L	6	3	3
MIR5682	0	0	0
POLQ	673	0	673
ARGFX	0	0	0
LOC124906360	0	0	0
FBXO40	0	0	0
HCLS1	1	0	1
GOLGB1	2104	14	2090
IQCB1	516	0	516
EAF2	61	0	61
SLC15A2	26	0	26
ILDR1	0	0	1
LOC101927010	0	1	0
CD86	2	0	2
CASR	0	0	0
CSTA	0	0	0
MIX23	349	0	349
FAM162A	1188	9	1222
WDR5B	149	41	151
WDR5B-DT	5	2	4
KPNA1	1285	20	1266
LOC107984000	6	0	6
LOC105374071	6	7	0
PARP9	989	21	991
DTX3L	922	2	942
PARP15	0	0	0
LOC124909419	0	0	0
PARP14	1	1	0
HSPBAP1	163	0	163
LOC124906363	0	0	0
SLC49A4	288	0	288
LINC02035	138	0	138
SEMA5B	2	0	2
PDIA5	559	0	559
MIR7110	4	0	4
SEC22A	236	0	236
ADCY5	22	22	0
LOC124909420	0	0	0
HACD2	1954	2	1952
MYLK-AS1	7	10	41
MYLK	122	41	143
LOC124909421	3	4	3
MYLK-AS2	0	0	2
LOC105369194	25	12	25
LOC124906346	0	0	0
CCDC14	1263	0	1263
ROPN1	0	0	0
KALRN	26	0	26
MIR5002	0	0	0
LOC105374077	0	0	0
MIR6083	0	0	0
LOC105374076	0	0	0
LOC124906276	0	0	0
UMPS	691	1	690
MIR544B	0	0	0
ITGB5	3055	1	3054
LOC124909422	0	0	0
LOC124906277	0	0	0
MUC13	171	0	171
HEG1	1698	0	1698
DAGARR	1	0	1
LOC124906278	2	0	2
SLC12A8	96	0	96
MIR5092	0	0	0
ZNF148	900	0	900
LOC105374080	0	0	0
LOC105374081	0	0	0
LOC124906351	0	0	0
SNX4	602	0	602
OSBPL11	280	0	280
LOC112267908	0	2	0
LOC105374312	0	0	0
LOC124909424	0	0	0
MIR548I1	0	0	0
LINC02614	7	0	9
LOC102723696	18	0	18
FAM86JP	53	0	79
ALG1L1P	3	29	0
ROPN1B	1	0	1
SLC41A3	640	0	690
LOC124909425	0	50	0
ALDH1L1-AS1	4	0	4
ALDH1L1	0	0	0
LOC105374083	0	0	0
ALDH1L1-AS2	0	0	0
LOC124909426	0	0	0
LOC107986124	6	0	6
KLF15	1	0	1
LOC105374088	0	0	0
LOC107986044	0	0	0
CFAP100-DT	0	0	0
CFAP100	1	1	0
LOC124906280	0	0	0
ZXDC	354	0	354
UROC1	0	0	0
CHST13	2	0	2
C3orf22	0	0	0
LOC105374090	1	11	0
TXNRD3	98	0	108
NUP210P1	0	0	0
CHCHD6	137	0	137
PLXNA1	723	0	723
PRR23E	0	0	0
LOC124906281	0	0	0
PRR20G	0	0	0
LINC02016	0	0	0
LOC105374094	0	0	0
LINC01471	0	0	0
LINC02034	1	1	0
TPRA1	1179	0	1179
MIR6825	0	0	0
MIR7976	0	0	0
MCM2	4448	3	4451
LOC107986126	0	6	0
PODXL2	2472	4	2468
ABTB1	255	0	255
MGLL	1516	0	1516
LOC107986127	44	0	44
LOC107986129	0	0	0
LOC105374096	0	0	0
LOC124909427	0	0	0
KBTBD12	1	1	0
LOC102723759	2	0	4
SEC61A1	4398	13	5017
RUVBL1	1342	636	1336
RUVBL1-AS1	1	1	0
EEFSEC	0	0	0
LOC124909428	0	0	0
LOC124909429	0	0	0
DNAJB8	0	0	0
DNAJB8-AS1	0	0	0
GATA2	1365	9	1356
GATA2-AS1	299	2	297
LOC90246	26	0	26
LINC01565	0	0	0
LOC124909430	2	0	2
RPN1	6164	4	6160
LOC124900558	0	0	0
RAB7A	3416	0	3416
MIR12124	2	0	2
IFT122P3	37	15	22
ACAD9-DT	17	2	15
ACAD9	1280	0	1684
CFAP92	24	427	1
EFCC1	0	0	0
GP9	0	0	0
LOC124906368	0	0	0
RAB43	11	0	11
ISY1-RAB43	0	0	0
ISY1	99	0	99
CNBP	6087	4	6084
LOC105374101	4	0	5
LOC105374102	2	0	2
COPG1	4302	0	4302
MIR6826	0	0	0
HMCES	1239	1	1238
H1-10	3566	108	3568
H1-10-AS1	60	95	75
RPL32P3	129	0	129
SNORA7B	2	0	2
EFCAB12	4	0	4
MBD4	987	1	986
IFT122	500	2	498
RHO	0	0	0
H1-8	0	0	0
PLXND1	3986	3	3983
LOC124909431	0	0	0
TMCC1	438	0	438
TMCC1-DT	65	0	65
TRH	0	0	0
ALG1L2	0	2	0
LINC02014	1	0	1
FAM86HP	15	0	17
LINC02021	0	0	0
LOC124909432	0	0	0
LOC107986131	0	0	0
LOC107986133	0	0	0
LOC124906285	0	0	0
LOC124906287	0	0	0
LOC124909433	0	0	0
COL6A4P2	0	0	0
LOC105374106	0	0	0
COL6A5	0	0	0
COL6A6	3	3	0
PIK3R4	864	0	864
LOC107986023	2	0	2
LOC105374107	0	0	0
LOC105374108	0	0	0
ATP2C1	2124	29	2247
ASTE1	91	137	107
NEK11	8	0	9
LOC124909434	1	0	1
NUDT16-DT	0	0	0
NUDT16L2P	0	0	0
NUDT16	223	0	223
LOC107986025	1	0	1
LOC105374110	0	0	0
MRPL3	1790	1	1954
SNORA58	3	0	3
LOC105374114	4	166	3
CPNE4	0	0	0
LOC105374113	0	0	0
MIR5704	0	0	0
LOC124906288	0	0	0
LOC105374111	0	0	0
TRC-GCA6-1	0	0	0
TRC-GCA9-1	0	0	0
ACP3	2	0	2
LOC124909435	0	0	0
DNAJC13	1610	0	1610
LOC124909436	0	0	0
NPHP3-ACAD11	0	0	0
ACAD11	0	0	13
ACKR4	9	9	0
UBA5	934	34	933
NPHP3	48	0	48
NPHP3-AS1	1	7	1
LOC105374115	0	0	0
TMEM108	0	0	0
TMEM108-AS1	0	0	0
LOC101927432	0	0	0
BFSP2	0	0	0
BFSP2-AS1	0	0	0
CDV3	2250	3	2247
LOC124909437	0	0	0
TOPBP1	1448	2	1468
LOC124909487	5	21	6
TF	1	0	1
SRPRB	937	0	974
LOC105374116	1	0	1
RAB6B	1	38	0
C3orf36	0	0	0
SLCO2A1	1	1	0
LINC02000	0	0	0
LOC105374117	25	0	25
RYK	812	12	800
LINC02004	0	0	0
LOC105374118	11	5	6
AMOTL2	1209	0	1209
MIR6827	0	0	0
MIR4788	0	0	0
ANAPC13	445	8	503
CEP63	226	58	234
KY	0	0	0
EPHB1	0	0	0
LOC105374121	0	0	0
LOC102724019	0	0	0
LOC105374122	0	0	0
LOC105374123	0	0	0
LOC105374124	0	0	0
PPP2R3A	168	2	166
MSL2	501	1	500
PCCB	1027	1	1026
STAG1	722	44	678
STAG1-DT	2	0	2
SLC35G2	82	4	78
NCK1-DT	102	0	102
NCK1	488	2	873
IL20RB-AS1	9	871	0
IL20RB	1509	1	1983
LOC105374126	0	0	0
SOX14	0	0	0
LINC01210	0	0	0
CLDN18	10	21	0
LOC105374127	21	0	26
LOC105374128	5	0	5
DZIP1L	139	0	145
A4GNT	0	0	0
DBR1	491	1	490
ARMC8	572	2	655
NME9	3	88	0
LOC124909438	0	0	0
MRAS	470	0	470
ESYT3	102	4	98
CEP70	348	1	347
FAIM	288	2	286
PIK3CB	674	0	674
LOC124906289	4	0	4
LINC01391	11	0	11
FOXL2	413	0	413
FOXL2NB	190	0	190
PRR23A	0	0	0
PRR23B	0	0	0
PRR23C	0	0	0
BPESC1	0	0	0
PISRT1	0	0	0
LOC124906290	0	0	0
LOC124909439	1	1	0
MRPS22	736	101	641
COPB2	3363	8	3361
COPB2-DT	14	0	15
RBP2	0	0	0
RBP1	1	1	0
NMNAT3	0	1	0
CLSTN2	0	0	0
LOC124909440	0	0	0
LOC124900599	0	0	0
LOC105374132	0	0	0
CLSTN2-AS1	0	0	0
LOC102724068	0	0	0
TRIM42	0	0	0
SLC25A36	1906	1	1905
SPSB4	0	0	0
PXYLP1	237	0	237
LOC124909441	0	0	0
ZBTB38	724	5	729
LOC124906291	0	10	0
RASA2	236	0	236
RASA2-IT1	0	0	0
LRRC78P	0	0	0
RNF7	603	0	603
GRK7	13	0	13
LOC105374134	0	0	0
ATP1B3	3548	2	3546
LOC124909442	0	0	0
TFDP2	800	0	800
GK5	438	0	438
XRN1	499	0	499
ATR	1019	1	1018
PLS1-AS1	1	3	0
PLS1	137	0	139
TRPC1	5	0	5
PCOLCE2	1031	2	1029
LOC124909443	3	1	2
HLMR1	0	0	0
PAQR9	0	0	0
PAQR9-AS1	0	16	0
LOC100289361	5	2	22
U2SURP	3318	1	3320
LOC105374138	0	0	0
CHST2	0	0	0
LOC105374137	0	0	0
SLC9A9	0	0	0
SLC9A9-AS1	0	0	0
LOC124906294	0	0	0
LOC102724120	0	0	0
DIPK2A	323	5	318
LOC105374140	3	0	3
LOC124909444	0	0	0
LOC105374141	0	0	0
LOC105374142	0	0	0
LOC105374143	0	0	0
LOC105374144	0	0	0
LOC107986138	0	0	0
LNCSRLR	6	0	6
PLOD2	4015	2	4013
LOC105374145	0	0	0
PLSCR4	220	0	220
PLSCR2	0	0	0
PLSCR1	598	0	598
PLSCR5	0	0	0
PLSCR5-AS1	0	0	0
LINC02010	0	0	0
LOC112268449	0	0	0
LOC124909494	0	0	0
ZIC4	0	0	0
ZIC4-AS1	0	0	0
ZIC1	0	0	0
LOC440982	0	0	0
LOC124909495	0	0	0
LOC102724145	0	0	0
LOC124909496	0	0	0
LOC124906206	0	0	0
LINC02032	0	0	0
LINC02045	0	0	0
LINC02046	0	0	0
LOC105374148	0	0	0
LOC105374147	0	0	0
LOC105374150	0	0	0
AGTR1	0	0	0
CPB1	0	0	0
CPA3	0	0	0
LOC107986045	0	0	0
GYG1	555	784	555
HLTF	777	0	1587
HLTF-AS1	0	26	0
HPS3	822	30	1216
CP	100	399	125
LOC101927942	0	0	0
TM4SF18-AS1	0	1	0
TM4SF18	1	0	2
TM4SF1	5826	0	5827
TM4SF1-AS1	21	2	20
LOC105374151	1	0	1
TM4SF4	2	0	2
WWTR1	1329	15	1317
WWTR1-IT1	8	0	8
WWTR1-AS1	30	0	33
COMMD2	622	0	622
ANKUB1	0	0	0
RNF13	521	0	521
PFN2	16	2	14
LOC646903	1	0	1
LOC124909445	0	0	0
LOC105374153	3	0	3
LINC01998	0	0	0
LOC105374313	0	0	0
LINC01213	0	0	0
LINC01214	1	2	0
LOC105374154	0	0	0
LOC107986141	1	0	2
LOC107986142	0	0	0
TSC22D2	392	6	386
SERP1	1858	1	1857
EIF2A	1541	13	1743
LOC124900547	43	232	26
SELENOT	1147	0	1147
ERICH6	0	0	0
ERICH6-AS1	1	0	1
LOC101928105	0	0	0
SIAH2	463	6	459
SIAH2-AS1	0	0	2
LOC124909447	0	0	0
MINDY4B	0	0	0
LOC124909446	0	0	0
CLRN1	0	0	0
CLRN1-AS1	0	0	0
LOC124909448	0	0	0
MED12L	2	3	3
GPR171	0	0	0
P2RY14	0	0	0
GPR87	18	0	18
P2RY13	0	0	0
P2RY12	0	0	0
IGSF10	2	1	5
LINC02066	0	0	0
MIR5186	0	0	0
LOC105374157	0	0	0
AADACL2	1	1	0
AADACL2-AS1	0	0	0
AADACP1	0	0	0
AADAC	0	0	0
SUCNR1	1	0	1
LOC105374159	0	0	0
LOC107986047	0	0	0
LINC02917	0	0	0
LOC101928166	0	0	0
MBNL1	964	4	973
MBNL1-AS1	65	9	69
TMEM14EP	0	0	0
LOC105374163	0	0	0
LOC102724289	0	0	0
LOC124909449	0	0	0
P2RY1	0	0	0
LOC124909450	0	0	0
LOC124909451	2	0	2
RAP2B	472	0	472
LOC105374164	2	0	2
LINC03109	0	0	0
LINC02006	0	0	0
LINC02083	0	0	0
LINC02877	0	0	0
LOC124900552	0	0	0
ARHGEF26-AS1	0	0	0
ARHGEF26	0	0	0
LOC105374167	0	0	0
DHX36	615	0	615
LOC124906350	0	0	0
GPR149	1	0	1
LOC105374170	0	0	0
LOC105374171	0	0	0
MME	636	0	636
LINC01487	0	0	0
STRIT1	0	0	0
LOC105374172	0	0	0
PLCH1-AS1	0	0	0
PLCH1	4	0	4
PLCH1-AS2	0	0	0
LOC124906297	0	0	0
C3orf33	64	0	64
SLC33A1	347	0	347
LOC105374174	3	0	3
GMPS	2328	7	2321
KCNAB1	23	23	0
KCNAB1-AS2	0	0	0
KCNAB1-AS1	0	0	0
LOC124906298	0	0	0
SSR3	2477	0	2477
TIPARP-AS1	9	36	11
TIPARP	691	3	726
LINC00886	69	0	69
PA2G4P4	9	0	9
LEKR1	13	6	7
LINC00880	0	0	2
LINC02029	0	2	0
LINC00881	0	0	0
CCNL1	1609	13	1596
LOC101928236	16	11	15
LOC105374179	1	0	1
VEPH1	74	0	84
PTX3	0	0	0
SLC66A1LP	0	0	0
SHOX2	13	10	13
RSRC1	416	4	452
UC.134	0	0	0
MLF1-DT	0	30	0
MLF1	0	0	0
GFM1	1150	27	1137
LXN	1799	9	1804
RARRES1	1	0	1
LOC100287290	6	0	6
MFSD1	1089	0	1089
LOC105374181	0	0	0
LOC124909452	0	0	0
IQCJ-SCHIP1	0	0	0
IQCJ	0	0	0
SCHIP1	4	1	3
MIR3919	0	0	0
IQCJ-SCHIP1-AS1	0	0	0
LOC101928351	0	0	0
LOC124906299	0	0	0
IL12A-AS1	0	0	0
IL12A	2	0	2
LINC01100	0	0	0
LOC124906252	0	0	0
C3orf80	0	0	0
TRIM59-IFT80	3	0	3
IFT80	0	0	0
SMC4	2603	1	2602
MIR15B	0	0	0
MIR16-2	0	0	0
TRIM59	10	10	0
KPNA4	900	0	900
SCARNA7	0	0	0
ARL14	6	0	6
LOC124900554	0	0	0
PPM1L-DT	4	0	4
PPM1L	511	0	511
B3GALNT1	0	0	0
LOC124909453	0	0	0
LOC124906300	0	0	0
LOC105374186	0	0	0
NMD3	1175	1	1174
LOC105374187	22	0	22
LOC112268450	2	0	2
SPTSSB	0	0	0
LOC107986150	0	0	0
LINC02067	60	60	0
OTOL1	0	0	0
LOC107986048	0	0	0
LOC107986049	1	0	1
LINC01192	0	0	0
LOC124906371	0	0	0
LOC105374188	0	0	0
LOC102724419	0	0	0
MIR1263	0	0	0
LOC105374189	0	0	0
LOC105374190	0	0	0
LOC105374191	0	0	0
LOC107986151	0	0	0
LINC01323	0	0	0
LINC01324	0	0	0
LOC107986050	0	0	0
SI	0	0	0
LOC105374192	0	0	0
LINC02023	0	0	0
SLITRK3	0	0	0
LINC01322	0	0	0
BCHE	2	0	2
LOC124909497	0	0	0
LOC124909498	0	0	0
LOC105374194	0	0	0
LOC105374193	0	0	0
LOC105374196	0	0	0
ZBBX	0	0	0
LINC01327	0	0	0
SERPINI2	0	0	0
LOC105374197	0	0	0
WDR49	1	0	1
PDCD10	986	1	985
SERPINI1	236	0	236
LRRC77P	0	0	0
GOLIM4	961	2	959
EGFEM1P	0	0	0
MIR551B	0	0	0
LOC105374200	0	0	0
LINC02082	0	0	0
LINC01997	0	0	0
LOC107986051	0	0	0
MECOM	168	3	165
LOC124909454	0	0	0
LOC105374206	0	0	0
MECOM-AS1	0	0	0
LOC124906301	0	0	0
TERC	2	0	2
ACTRT3	49	3	46
TRV-AAC1-1	0	0	0
MYNN	315	0	315
LRRC34	15	15	0
LRRIQ4	0	0	0
LRRC31	0	0	0
SAMD7	0	0	0
FHL1P1	0	0	0
SEC62	1200	0	1200
GPR160	18	2	16
LOC124909455	0	0	0
LOC124909456	3	0	3
PHC3	576	2	591
LOC105374209	0	17	0
PRKCI	1176	1	1175
SKIL	455	2	453
CLDN11	0	0	0
MIR6828	0	0	0
SLC7A14	0	0	0
SLC7A14-AS1	0	0	0
LOC124906302	0	0	0
LOC105374211	0	0	0
RPL22L1	890	0	890
EIF5A2	51	0	51
SLC2A2	0	0	0
TNIK	23	0	24
LOC105374216	3	4	0
MIR569	0	0	0
LOC124906303	1	0	1
LOC102724479	0	0	0
PLD1	679	0	679
LOC124906352	0	0	0
TMEM212	2	0	2
TMEM212-AS1	1	0	1
LOC105374218	0	0	0
LOC105374217	0	0	0
FNDC3B	1398	0	1398
LOC124906304	2	0	2
GHSR	0	0	0
TNFSF10	93	0	93
LINC02068	0	0	0
NCEH1	505	2	503
LOC124909457	0	0	0
ECT2	2168	0	2168
LOC124900555	0	0	0
LOC107986052	0	0	0
SPATA16	0	0	0
LOC105374221	0	0	0
LOC124906369	0	0	0
LOC105374220	0	0	0
LOC105374224	0	0	0
LOC124909458	0	0	0
NLGN1	0	0	0
LOC105374225	0	0	0
NLGN1-AS1	0	0	0
LOC105374226	1	0	1
NAALADL2	4	0	4
LOC107986027	0	0	0
LOC124906305	0	0	0
NAALADL2-AS3	0	0	0
NAALADL2-AS2	0	0	0
MIR4789	0	0	0
LOC124906366	0	0	0
NAALADL2-AS1	0	0	0
LOC124909459	0	0	0
LOC124909460	0	0	0
MIR7977	0	0	0
LOC105374230	0	0	0
LINC01208	0	0	0
LINC01209	0	0	0
TBL1XR1	1604	2	1676
TBL1XR1-AS1	0	74	0
LOC107986053	0	0	0
LINC00501	0	0	0
LINC00578	0	0	0
LOC124906306	0	0	0
LOC124900562	0	0	0
LINC02015	3	0	3
LOC107986154	0	0	0
LOC105374234	0	0	0
LOC105374235	0	0	0
LINC01014	0	0	0
KCNMB2-AS1	3	0	3
KCNMB2	4	3	1
LOC124909461	6	0	6
LOC124906307	42	0	42
ZMAT3	1314	1	1313
PIK3CA-DT	0	0	0
PIK3CA	447	0	478
LOC124900560	0	0	0
KCNMB3	0	31	0
ZNF639	564	1	563
MFN1	710	9	701
GNB4	1503	16	1487
ACTL6A	1049	18	1336
LOC124909462	3	264	0
MRPL47	663	31	675
NDUFB5	1192	1	1193
LOC124906348	1	3	0
USP13	455	0	455
LOC124909464	5	0	5
PEX5L	14	14	0
PEX5L-AS2	0	0	0
LOC124909463	0	0	0
LOC124909465	0	0	0
LINC02053	0	0	0
TTC14-DT	0	0	0
LOC124900551	0	0	0
TTC14	566	0	566
CCDC39	44	44	0
CCDC39-AS1	0	0	0
LOC101928882	0	0	0
LOC105374240	0	0	0
LOC124909466	0	0	0
FXR1	2605	16	2589
DNAJC19	373	6	367
SOX2-OT	1	0	1
LOC102724604	0	0	0
SOX2	0	0	0
LINC01206	0	0	0
LOC105374242	0	0	0
LOC105374243	0	0	0
LINC01994	0	0	0
LINC01995	0	0	0
LINC02031	0	0	0
LOC107986054	0	0	0
ATP11B-DT	0	0	0
ATP11B	519	5	514
DCUN1D1	701	1	701
LOC105374246	0	0	1
MCCC1	467	0	467
LOC124906309	6	0	6
LOC105374247	0	0	0
LAMP3	0	0	0
MCF2L2	26	153	24
LOC124906310	0	0	0
B3GNT5	398	8	541
LOC107986160	41	0	41
SNHG33	39	0	39
SNORA63D	0	0	0
LOC124900564	0	0	0
SNORA63E	7	0	7
KLHL6	0	0	0
KLHL6-AS1	0	0	0
LOC105374248	0	0	0
LOC107986162	1	12	2
KLHL24	372	2	383
YEATS2	1042	6	1171
YEATS2-AS1	10	143	2
MAP6D1	24	1	24
PARL	621	0	621
MIR4448	0	0	0
ABCC5	1132	1	1131
ABCC5-AS1	1	0	1
LOC124909468	0	0	0
HTR3D	1	0	1
HTR3C	0	0	0
HTR3E-AS1	0	4	0
HTR3E	4	0	8
EIF2B5-DT	16	25	11
EIF2B5	911	3	928
DVL3	1746	1	1745
AP2M1	8235	6	8230
ABCF3	1335	0	1335
VWA5B2	5	5	1
MIR1224	0	0	0
ALG3	2472	4	2469
EEF1AKMT4-ECE2	0	0	0
EEF1AKMT4	69	0	69
CAMK2N2	314	6	308
ECE2	0	0	0
PSMD2	5261	7	5254
EIF4G1	9784	5	9779
SNORD66	0	0	0
FAM131A	237	7	236
CLCN2	204	2	210
LOC124906311	2	0	2
POLR2H	1083	8	1078
THPO	30	2	29
CHRD	156	1	155
LINC02054	3	0	3
LINC01839	0	0	0
LINC01840	0	0	0
LOC124909469	0	0	0
EPHB3	8	0	8
MAGEF1	586	0	586
LOC107986163	12	0	12
LINC02069	0	0	0
LOC105374253	0	0	0
VPS8	587	0	587
C3orf70	0	0	0
EHHADH-AS1	0	1	0
EHHADH	5	0	6
MIR5588	0	0	0
LOC124900548	6	0	6
MAP3K13	179	19	167
LOC124906361	0	0	0
LOC124906312	6	0	6
LOC101929018	14	0	19
TMEM41A	326	0	327
TMEM41A-DT	7	0	7
LIPH	107	2	105
SENP2	926	1	925
IGF2BP2	262	0	262
IGF2BP2-AS1	0	0	0
LOC124906313	0	0	0
MIR548AQ	0	0	0
TRA2B	2312	2	2310
NMRAL2P	14	0	14
ETV5	525	0	525
LOC124909470	5	0	5
ETV5-AS1	0	0	0
LOC105374257	0	0	0
DGKG	0	0	0
LINC02020	0	0	0
LINC02052	0	0	0
LINC02051	0	0	0
CRYGS	25	0	25
TBCCD1	192	1	191
DNAJB11	1703	0	1703
AHSG	0	0	0
FETUB	0	0	0
HRG-AS1	0	0	0
HRG	0	0	0
KNG1	0	0	0
EIF4A2	5014	2	5017
SNORD2	1	0	1
SNORA63B	0	0	0
MIR1248	0	0	0
SNORA81	2	0	2
SNORA63	1	0	1
SNORA4	2	0	2
RFC4	1311	5	1311
LINC02043	43	0	43
ADIPOQ	0	0	0
ADIPOQ-AS1	0	0	0
ST6GAL1	474	7	468
LOC124906314	0	0	0
RPL39L	258	0	259
LOC101929106	0	0	0
RTP1	0	0	0
MASP1	0	0	0
LOC105374260	0	0	0
LOC101929130	0	0	0
RTP4	0	0	0
LOC124905594	0	0	0
LINC02041	1	1	0
LOC124909471	0	0	0
LOC105374262	0	0	0
SST	0	0	0
RTP2	0	0	0
LOC100131635	1	1	0
BCL6	1337	2	1371
BCL6-AS1	1	36	1
LOC105374263	0	0	0
LOC105374264	0	0	0
LOC124906315	0	0	0
LOC105374265	0	0	0
LINC01991	0	0	0
LOC107986166	0	0	0
LPP-AS2	13	3	30
LPP	666	19	667
FLJ42393	0	0	0
LPP-AS1	0	0	0
LOC124906316	0	0	0
MIR28	0	0	0
TPRG1-AS1	4	0	4
TPRG1	1	0	4
LOC107986167	1	1	0
TPRG1-AS2	0	3	0
LOC105374270	0	0	0
TP63	6	0	6
MIR944	0	0	0
P3H2	1339	0	1342
P3H2-AS1	6	3	6
CLDN16	0	0	0
CLDN1	0	0	0
TMEM207	0	0	0
IL1RAP	778	0	778
LINC02013	0	0	0
GMNC	0	0	0
SNAR-I	0	0	0
LOC107986171	0	0	0
OSTN	0	0	0
OSTN-AS1	0	0	0
UTS2B	1	0	1
CCDC50	870	0	870
PYDC2-AS1	0	0	0
PYDC2	0	0	0
LOC124909472	0	0	0
LOC105374275	0	0	0
LOC124909473	0	0	0
LOC105374276	0	0	0
LOC105374277	0	0	0
LOC124906318	0	0	0
FGF12	0	0	0
LOC124906320	0	0	0
FGF12-AS1	0	0	0
FGF12-AS2	0	0	0
FGF12-AS3	0	0	0
LOC124906347	0	0	0
LOC124906319	0	0	0
LOC107986056	0	0	0
MB21D2	194	0	194
LOC105374280	0	0	0
PLAAT1	0	0	0
MGC2889	0	0	0
ATP13A5	0	0	0
ATP13A5-AS1	0	0	0
ATP13A4	0	0	0
ATP13A4-AS1	0	0	0
OPA1	1166	0	1220
OPA1-AS1	0	52	0
LOC102724808	0	2	0
LOC105374282	0	0	0
LOC105374283	0	0	0
LOC105374284	0	0	0
LINC02038	0	0	0
LOC105374286	0	0	0
LOC105374287	1	0	1
LINC02026	0	0	0
DPPA2P3	0	0	0
LINC02028	0	0	0
LOC102724877	3	0	3
HES1	638	0	638
LOC107986172	0	0	0
LINC02036	3	0	3
LINC02037	1	0	1
LINC02048	9	2	7
LINC00887	147	0	147
CPN2	0	0	0
LRRC15	6	0	6
GP5	0	0	0
ATP13A3	1861	6	1859
ATP13A3-DT	0	0	4
TMEM44-AS1	118	45	92
TMEM44	186	29	272
LOC105374291	10	55	5
TMEM44-AS2	11	152	14
LSG1	698	0	817
LOC124909474	0	58	0
FAM43A	95	0	153
LOC105374292	0	0	0
LINC01968	0	0	0
LINC01972	0	0	0
LOC107986173	0	0	0
LOC105374294	0	0	0
LOC105374295	0	0	0
XXYLT1	616	1	617
XXYLT1-AS1	0	0	0
LOC124909476	3	2	1
MIR3137	0	0	0
XXYLT1-AS2	1	1	0
LOC105374296	0	0	0
LOC124909475	4	6	0
ACAP2	788	0	788
PPP1R2	1366	0	1366
APOD	1	1	0
LOC105374297	0	0	0
SDHAP2	0	0	0
MIR570HG	0	0	0
LOC124909477	0	0	0
MIR570	0	0	0
MUC20	0	0	0
MUC4	0	0	0
LOC124905352	0	0	0
LINC01983	0	0	0
LOC107984010	2	0	2
TNK2	855	0	885
MIR6829	0	0	0
TNK2-AS1	12	41	2
LOC124906253	173	1	177
LOC124906254	5	9	0
SDHAP1	269	0	269
LOC124909478	0	0	0
TFRC	7540	0	7540
LINC00885	0	0	0
ZDHHC19	0	0	0
LOC124909479	0	0	0
LOC105374304	6	0	6
SLC51A	11	11	0
PCYT1A	695	0	695
DYNLT2B	6	0	6
TM4SF19-DYNLT2B	0	0	0
LOC107986031	9	0	9
TM4SF19-AS1	8	60	0
TM4SF19	0	0	7
UBXN7	802	3	809
UBXN7-AS1	1	8	3
RNF168	424	0	424
LOC105374306	8	0	8
LOC105374307	0	0	0
SMCO1	0	0	0
WDR53	234	0	236
FBXO45	403	2	403
LINC01063	0	0	0
NRROS	0	0	0
CEP19	51	0	51
PIGX	360	0	360
PAK2	1284	0	1284
SENP5	620	0	620
NCBP2	1311	17	1418
NCBP2-AS1	0	120	2
NCBP2AS2	496	3	493
PIGZ	31	1	30
LOC124906255	18	0	18
MELTF	472	10	601
MELTF-AS1	14	136	17
DLG1	746	3	750
MIR4797	0	0	0
DLG1-AS1	2	4	5
LOC101926923	0	0	0
LOC105374308	0	0	0
LOC105374309	2	0	2
LINC02012	0	0	0
BDH1	3	0	3
SDHAP4	242	0	242
LOC112268458	28	0	28
LOC124909481	16	0	16
LOC124906331	2	0	2
RUBCN	229	0	231
MIR922	0	0	0
FYTTD1	962	4	960
LRCH3	415	2	482
LOC124909482	0	36	0
LOC105374310	2	34	0
DRC9	88	2	89
LOC124906330	41	40	2
RPL35A	3072	0	3073
LMLN	152	0	169
LMLN-AS1	0	17	0
ANKRD18DP	0	0	0
FAM157A	0	0	0
LOC124905354	0	0	0
LOC105379426	2	2	12
LOC101928669	30	30	13
LOC124905316	3	1	3
ZNF595	3	1	2
LOC124900641	0	0	0
ZNF718	0	0	0
ZNF876P	0	0	0
LOC124900642	0	0	0
ZNF732	0	0	0
LOC105374336	0	0	0
ZNF141	0	0	0
MIR571	0	0	0
ABCA11P	29	0	29
ZNF721	90	0	90
PIGG	765	0	765
TMEM271	0	0	0
LOC105374338	0	0	0
LOC124900162	0	0	0
PDE6B	0	0	0
PDE6B-AS1	0	0	0
ATP5ME	181	1	187
MYL5	206	175	67
SLC49A3	86	19	122
LOC124900643	0	26	6
PCGF3	420	65	429
LOC124900172	0	0	0
PCGF3-AS2	0	0	0
LOC107986246	4	0	4
LOC124900644	0	0	0
LOC124900163	12	5	7
PCGF3-AS1	22	8	14
CPLX1	96	1	95
LOC105374339	2	2	0
LOC105374340	0	0	0
GAK	1206	2	1204
LOC105374341	0	0	0
TMEM175	248	1	247
DGKQ	238	3	240
LOC124900645	1	6	0
SLC26A1	29	46	17
IDUA	164	3	194
LOC124900646	2	0	3
FGFRL1	975	2	973
LOC105374343	0	0	0
RNF212	437	0	442
LOC124900647	42	3	79
LOC105374344	0	0	0
TMED11P	0	0	0
LOC124900184	0	0	0
LOC124900837	1	0	1
SPON2	15	8	7
LOC100130872	1	36	3
LOC124900164	0	2	0
CTBP1-AS	26	709	0
CTBP1	730	56	1395
CTBP1-DT	132	0	170
LOC105374347	0	0	0
LOC105374346	1	0	1
MAEA	986	2	984
UVSSA	200	7	193
NKX1-1	0	0	0
LOC105374348	0	0	0
FAM53A	19	0	19
LOC105374349	0	0	0
SLBP	1293	0	1293
TMEM129	376	7	478
TACC3	1119	107	1410
LOC112268460	5	292	2
LOC124900648	1	0	1
FGFR3	369	0	369
LETM1	935	0	935
NSD2	1481	7	1474
SCARNA22	0	0	0
NELFA	467	0	467
MIR943	0	0	0
LOC124900839	1	0	5
NICOL1	281	4	281
NAT8L	571	2	569
POLN	50	0	50
HAUS3	175	0	175
MXD4	728	3	725
MIR4800	0	0	0
ZFYVE28	160	0	176
LOC124900649	4	22	0
LOC105374352	2	0	4
LOC107986249	1	0	1
CFAP99	1	0	1
LOC105374353	0	0	0
LOC107986250	13	0	13
RNF4	1429	0	1429
FAM193A	427	2	425
TNIP2	457	1	456
LOC102723763	0	0	0
SH3BP2	936	0	936
ADD1	1287	0	1287
SLC75A1	918	1	917
NOP14-AS1	73	206	77
NOP14	616	21	806
GRK4	29	0	30
HTT-AS	0	0	0
HTT	1169	0	1169
MSANTD1	8	0	8
RGS12	119	0	119
HGFAC	0	0	0
DOK7	0	0	0
LOC105374355	0	0	0
LRPAP1	1880	1	1879
LOC124900650	0	0	0
LINC00955	0	0	0
LOC112268461	0	0	0
LOC105374357	0	0	0
LINC02171	0	0	0
ADRA2C	0	0	0
LOC124900651	0	0	0
LOC124900652	0	0	0
FAM86EP	68	0	68
LOC105374358	2	0	2
LOC105374359	0	0	0
LOC101928217	0	0	0
LOC107986252	0	0	0
OTOP1	0	0	0
TMEM128	159	0	159
LYAR	413	0	413
ZBTB49	39	0	39
LOC112268462	0	0	0
NSG1	1	5	0
STX18	406	5	410
STX18-IT1	0	0	0
LOC107986254	0	0	0
LOC124900165	7	0	7
STX18-AS1	5	0	5
LINC03091	0	0	0
SNORD162	0	0	0
LOC101928279	5	0	5
LINC01396	0	0	0
MSX1	266	0	266
LOC101928306	0	0	0
LOC107986218	0	0	0
CYTL1	0	0	0
STK32B	1	0	1
LOC107986256	0	0	0
LINC01587	6	1	5
EVC2	0	0	0
LOC124900166	0	0	0
EVC	365	0	482
CRMP1	0	117	0
C4orf50	0	0	0
MIR378D1	0	0	0
JAKMIP1	0	0	0
LOC128125818	0	0	0
JAKMIP1-DT	0	0	0
WFS1	721	1	720
PPP2R2C	1	0	1
LOC105374365	0	0	0
MAN2B2	737	3	734
LOC124900653	5	1	6
MRFAP1	3206	3	3205
LINC02482	5	7	3
MRFAP1L2	213	0	218
LINC02481	14	0	14
S100P	1235	0	1235
MRFAP1L1	523	0	523
LOC105378240	0	0	0
BLOC1S4	431	0	431
LOC105374367	12	0	12
KIAA0232	456	0	456
TBC1D14	184	0	624
LOC100129931	0	440	0
CFAP184	19	0	19
TADA2B	196	3	193
GRPEL1	740	2	738
LOC105374368	6	6	0
LOC105374370	0	0	0
LINC02447	0	0	0
SORCS2	730	12	718
LOC105374371	0	0	0
MIR4798	0	0	0
PSAPL1	1	0	1
MIR4274	0	0	0
LOC124900655	0	0	0
LOC124900654	2	0	2
AFAP1-AS1	8	365	0
AFAP1	3278	0	3695
LOC124900656	0	0	0
LOC389199	0	60	0
ABLIM2	223	5	218
LOC124900657	105	5	100
MIR95	0	0	0
SH3TC1	496	0	496
LOC105374373	0	0	0
HTRA3	0	0	0
LINC02517	0	0	0
LOC124900658	0	0	0
ACOX3	156	0	156
TRMT44	213	0	213
GPR78	0	0	0
CPZ	0	2	0
LOC124900659	0	0	2
LOC101928532	0	0	0
HMX1	0	0	0
LOC105369250	1	1	0
LOC124900663	0	0	0
FAM90A26	0	0	0
LOC124900661	0	0	0
USP17L10	0	0	0
USP17L11	0	0	0
USP17L12	0	0	0
USP17L13	0	0	0
USP17L15	0	0	0
USP17L17	0	0	0
USP17L18	0	0	0
USP17L19	0	0	0
USP17L20	0	0	0
USP17L21	0	0	0
USP17L22	0	0	0
USP17L24	0	0	0
USP17L25	0	0	0
USP17L26	0	0	0
USP17L5	0	0	0
USP17L27	0	0	0
USP17L28	0	0	0
USP17L29	0	0	0
USP17L9P	0	0	0
USP17L30	0	0	0
USP17L6P	0	0	0
DEFB131A	0	0	0
LOC124900662	0	0	0
MIR548I2	0	0	0
LOC124900660	0	0	0
SLC2A9	0	0	0
DRD5	0	0	0
SLC2A9-AS1	0	0	0
LOC124900664	0	0	0
LOC124900665	0	0	0
WDR1	2011	2	2009
MIR3138	1	0	1
LOC124900666	0	0	0
LOC124900667	0	0	0
LOC107986260	0	0	0
ZNF518B	0	0	0
CLNK	0	0	0
LOC105374482	0	0	0
LOC105374481	0	0	0
LOC105374480	0	0	0
LINC02498	0	0	0
LOC105374479	0	0	0
LOC105374488	0	0	0
MIR572	0	0	0
HS3ST1	0	0	0
LOC107986178	0	0	0
LINC02360	0	0	0
MIR12113	0	0	0
LOC105374489	0	0	0
LOC107986179	0	0	0
LINC02270	0	0	0
LOC105374492	0	0	0
LOC105374490	0	0	0
LOC107986181	0	0	0
LOC105374493	0	0	0
LOC124900668	2	0	2
RAB28	197	0	197
LOC105374495	0	0	0
LOC124900669	0	0	0
LINC01097	0	0	0
NKX3-2	0	0	0
LINC01096	0	0	0
BOD1L1	903	0	903
MIR5091	1	0	1
LINC01182	1	0	1
LOC101929048	0	0	0
LOC107986182	3	0	3
LINC01085	1	0	1
LOC124900670	0	0	0
LINC00504	2	0	2
LOC105374496	0	0	0
CPEB2-DT	0	0	0
LOC105374498	0	0	0
CPEB2	146	0	146
C1QTNF7-AS1	0	0	0
LOC124900673	0	0	0
C1QTNF7	0	0	0
LOC107986185	0	0	0
CC2D2A	154	3	153
LOC124900672	0	2	0
LOC124900671	0	0	0
FBXL5	674	0	674
FAM200B	213	1	212
BST1	6	0	6
LOC107986186	0	0	0
CD38	2	0	2
FGFBP1	41	0	41
FGFBP2	0	0	0
PROM1	1	0	1
LOC124900884	0	0	0
LOC107986261	0	0	0
LOC105374502	0	0	0
TAPT1	146	0	146
LOC107986187	0	0	0
TAPT1-AS1	9	1	8
LOC124900674	0	0	0
LOC105374505	0	0	0
LOC124900675	0	0	0
LDB2	0	0	0
LOC124900604	0	0	0
LOC107986188	0	0	0
LOC105374507	0	0	0
LINC02493	0	0	0
LOC107986219	0	0	0
SNORA75B	0	0	0
LOC124900676	0	0	0
QDPR	204	0	204
CLRN2	0	0	0
LOC124900895	0	0	0
LAP3	733	2	731
MED28-DT	1	1	0
MED28	499	0	635
FAM184B	7	143	0
DCAF16	370	0	370
NCAPG	935	72	1134
LCORL	222	241	252
LOC107986220	0	0	0
LOC107986262	0	0	0
LOC105374510	0	0	0
LOC107986263	3	0	3
LINC02438	4	0	4
LOC105374511	8	0	8
LOC105374513	0	0	0
LOC105374514	0	0	0
SLIT2	0	0	0
SLIT2-IT1	0	0	0
MIR218-1	0	0	0
LOC105374515	0	0	0
PACRGL	101	0	150
KCNIP4	2	51	0
MIR7978	0	0	0
LOC124900677	0	0	0
LOC105374516	0	0	0
KCNIP4-IT1	0	0	0
LOC100505912	2	0	2
LOC124900906	0	1	0
LOC124900841	21	0	21
ADGRA3	613	1	613
MIR12115	0	0	0
GBA3	0	0	0
LOC105374521	0	0	0
LOC105374524	0	0	0
LOC105374523	0	0	0
LOC105374528	0	0	0
LOC124900680	0	0	0
PPARGC1A-AS1	0	0	0
PPARGC1A	417	0	417
LOC124900679	2	2	0
LOC124900678	0	0	0
LOC124900681	0	0	0
MIR573	5	0	5
DHX15	2552	0	2552
LOC124900682	0	0	0
LINC02473	1	0	1
LOC124900683	0	0	0
SOD3	0	0	0
CCDC149	0	0	0
LOC102723675	0	0	0
LGI2	0	0	0
LOC124900684	0	0	0
LOC105374534	0	0	0
SEPSECS	166	0	166
SEPSECS-DT	2	0	3
LOC105374535	7	2	6
PI4K2B	404	0	404
LOC124900685	0	0	0
ZCCHC4	186	0	186
LOC124900686	0	0	0
ANAPC4	340	0	340
LOC105374536	0	0	0
LOC101929161	0	0	0
LOC124900687	0	0	0
SLC34A2	0	0	0
SEL1L3	976	2	974
LOC102723733	0	0	1
LOC124900688	0	0	0
LOC105374538	0	1	1
SMIM20	150	1	150
LOC124900689	0	0	0
LINC02357	0	0	0
RBPJ	691	5	686
LOC105374541	0	0	0
LOC105374545	0	0	0
LOC124900690	0	0	0
LOC105374542	0	0	0
CCKAR	0	0	0
TBC1D19	80	2	78
LOC124900179	0	0	0
STIM2-AS1	2	0	2
STIM2	278	1	277
LINC02261	0	0	0
LOC124900842	0	0	0
LOC105374547	0	0	0
LOC105374548	0	0	0
LOC105374549	0	0	0
LOC105374550	0	0	0
LOC105374552	0	0	0
LOC105374553	0	0	0
LOC105374557	0	0	0
LOC107986269	0	0	0
LOC124900843	0	0	0
LOC107986268	0	0	0
LOC105374556	0	0	0
LOC105374558	0	0	0
LOC105374559	0	0	0
MIR4275	0	0	0
LINC02364	0	0	0
LINC02472	0	0	0
LOC124900885	0	0	0
LOC107986221	0	0	0
LOC105374562	0	0	0
LOC124900844	12	2	10
PCDH7	1650	1	1649
LINC02497	0	0	0
LOC105374564	0	0	0
LINC02501	0	0	0
LOC105374566	0	0	0
LOC107986222	0	0	0
LINC02506	0	0	0
LOC105377651	0	0	0
LOC124900845	0	0	0
LOC102723846	0	0	0
LINC02353	0	0	0
LOC107986223	0	0	0
LOC124900831	0	0	0
LOC124900832	0	0	0
LOC105374391	0	0	0
LOC105374392	0	0	0
LOC101928622	0	0	0
LINC02484	0	0	0
LOC107986270	0	0	0
LOC107986271	0	0	0
LOC105378262	0	0	0
LOC107986272	0	0	0
LOC124900893	0	0	0
LOC124900846	0	0	0
LOC105374396	0	0	0
LOC105374397	0	0	0
LOC124900847	0	0	0
ARAP2	94	0	95
LOC439933	0	1	0
DTHD1	0	0	0
LOC105374399	0	0	0
MIR1255B1	0	0	0
LINC02505	0	0	0
LINC02616	31	1	30
LOC101928721	0	0	0
LOC105374402	0	0	0
MIR4801	0	0	0
NWD2	0	0	0
PGCKA1	1	2	1
LOC124900691	0	0	0
RELL1	48	0	50
LOC105374404	0	0	0
LOC105374406	0	0	0
PGM2	452	0	452
TBC1D1	376	0	376
PTTG2	0	0	0
LOC124900692	0	0	0
LOC124900693	14	2	12
LOC105374408	0	0	0
LOC124900694	0	0	0
LOC105374409	0	0	0
LINC02513	0	0	0
LINC01258	0	0	0
LINC01259	0	0	0
LINC02278	0	0	0
KLF3-AS1	10	35	13
KLF3	579	6	611
LOC105374413	0	0	0
TLR10	2	0	2
TLR1	25	0	25
LOC124900695	3	0	3
TLR6	152	0	152
FAM114A1	645	0	645
MIR574	0	0	0
TMEM156	133	0	133
KLHL5	1087	0	1087
LOC105374418	0	0	0
WDR19	435	1	434
RFC1	1239	1	1238
KLB	2	2	0
MIR5591	0	0	0
RPL9	7956	8	7948
LIAS	147	0	147
WDR5CP	1	0	1
UGDH	357	0	357
UGDH-AS1	13	1	12
SMIM14	461	0	461
SMIM14-DT	4	0	4
UBE2K	1359	0	1359
PDS5A	2116	0	2116
LOC344967	1	0	1
N4BP2	75	0	75
RHOH	0	0	0
LINC02265	0	0	0
CHRNA9	609	2	607
RBM47	625	1	685
RBM47-AS1	0	61	0
MIR4802	0	0	0
NSUN7	1	8	1
APBB2	496	1	503
LOC124900907	0	0	0
UCHL1-DT	0	0	0
UCHL1	6	0	6
LIMCH1	3721	2	3721
LOC105374423	4	5	0
LIMCH1-AS1	0	1	0
PHOX2B	0	0	0
PHOX2B-AS1	0	0	0
LINC00682	0	0	0
LOC124900696	0	0	0
LOC105374426	0	0	0
TMEM33	962	0	962
DCAF4L1	16	0	16
SLC30A9	911	1	910
BEND4	0	0	0
LOC124900697	0	0	0
LOC105374428	0	0	0
SHISA3	0	0	0
ATP8A1	6	0	6
LOC124900698	0	0	0
ATP8A1-DT	0	0	0
LOC105374430	0	0	0
GRXCR1	0	0	0
LOC105374432	0	0	0
LOC105374434	0	0	0
LOC105374433	0	0	0
LINC02383	0	0	0
LOC124900848	0	0	0
LOC124900849	0	0	0
LOC105374438	0	0	0
LINC02475	0	0	0
KCTD8	0	0	0
LOC107986275	0	0	0
YIPF7	1	0	1
GUF1	320	9	312
GNPDA2	266	27	240
LOC105374439	0	0	0
LOC112268465	0	0	0
LOC105374440	0	0	0
LOC105374441	0	0	0
LOC124900850	0	0	0
GABRG1	0	0	0
GABRA2	0	0	0
COX7B2	0	0	0
GABRA4	0	0	0
GABRB1	0	0	0
LOC124900908	0	0	0
COMMD8	163	0	163
LOC107986277	0	0	0
ATP10D	317	0	317
CORIN	12	0	12
LOC105374444	7	2	5
MIR8053	0	0	0
LOC101927179	1	50	0
NFXL1	172	0	231
LOC101927157	0	10	0
CNGA1	1	0	1
NIPAL1	28	0	28
TXK	3	0	3
TEC	90	0	90
LOC105374445	7	0	7
SLAIN2	468	0	468
SLC10A4	0	0	0
ZAR1	0	5	0
FRYL	518	0	523
OCIAD1	1439	0	1448
OCIAD1-AS1	5	14	0
OCIAD2	159	0	159
LOC124900176	0	0	0
CWH43	0	0	0
LOC101927209	0	0	0
DCUN1D4	728	1	727
LRRC66	0	0	0
SGCB	0	0	0
LINC02480	0	0	0
SPATA18	0	0	0
LOC107986279	0	0	0
LOC124900897	0	0	0
USP46	217	0	217
USP46-DT	8	0	8
DANCR	424	0	424
MIR4449	0	0	0
SNORA26	7	0	7
ERVMER34-1	0	0	0
LOC124900185	0	0	0
LOC107986281	0	0	0
LINC01618	0	0	0
LOC124900700	0	0	0
RASL11B	2	1	1
SCFD2	161	2	159
SCFD2-AS1	0	0	0
LOC124900701	0	0	0
LOC105377654	0	72	0
FIP1L1	460	2	615
LNX1	21	102	4
LNX1-AS1	0	0	0
LNX1-AS2	3	0	3
LOC100506444	0	0	0
LOC124900702	0	0	0
RPL21P44	0	0	0
CHIC2	62	0	62
GSX2	0	0	0
LOC124900899	0	0	0
PDGFRA	0	0	0
LINC02283	0	0	0
LINC02260	0	0	0
KIT	0	0	0
LOC105377657	0	0	0
LINC02358	0	0	0
LOC124900703	0	0	0
KDR	0	0	0
SRD5A3	613	0	613
SRD5A3-AS1	3	5	0
LINC02928	6	1	7
TMEM165	1845	18	1847
CLOCK	477	22	476
LOC124900704	1	1	1
PDCL2	0	0	0
NMU	0	0	0
LOC105377660	1	1	0
EXOC1L	0	0	0
LOC105377661	0	0	0
EXOC1	346	0	405
EXOC1-AS1	5	64	0
CEP135	78	0	78
LOC124900705	0	0	0
CRACD	263	4	259
LOC101928760	0	0	0
LOC124900707	0	0	0
AASDH	195	1	194
PPAT	733	9	725
PAICS	6543	16	6619
LOC124900706	11	85	19
SRP72	2196	3	2195
ARL9	1	0	2
LOC105377665	0	1	0
SPMAP2L	0	0	0
HOPX	0	0	0
LOC124900708	0	0	0
LOC105377666	0	0	0
CHAER1	0	0	0
LOC105377668	0	0	0
SPINK2	0	0	0
REST	474	0	474
NOA1	724	0	724
POLR2B	1874	25	2025
IGFBP7	236	154	593
LOC124900898	0	0	0
IGFBP7-AS1	0	334	1
LOC107986283	0	0	0
LINC02380	0	0	0
LOC124900904	0	0	0
LOC105377670	0	0	0
LINC02494	0	0	0
LOC124900833	0	0	0
LOC107986228	0	0	0
LOC105377672	0	0	0
LOC105377246	0	0	0
LINC02429	0	0	0
LINC02619	0	0	0
LINC02496	0	0	0
MIR548AG1	0	0	0
LINC02271	0	0	0
LOC124900173	0	0	0
ADGRL3	0	0	0
ADGRL3-AS1	0	0	0
LOC101927145	0	0	0
LOC124900709	0	0	0
LOC105377253	0	0	0
LOC105377254	0	0	0
LOC124900851	0	0	0
TECRL	0	0	0
LOC107986284	0	0	0
LOC105377255	0	0	0
LINC02232	0	0	0
LINC02835	0	0	0
LOC124900852	0	0	0
EPHA5	149	16	153
EPHA5-AS1	4	8	16
LOC105377258	0	0	0
LOC105377259	0	0	0
LOC105377260	0	0	0
LOC105377261	0	0	0
MIR1269A	0	0	0
LOC105377262	0	0	0
LOC101927237	0	0	0
CENPC	212	0	212
STAP1	0	0	0
UBA6	801	2	799
UBA6-DT	70	0	70
GNRHR	2	2	0
LOC124900175	0	0	0
LOC102724780	7	0	7
TMPRSS11D	1	1	0
TMPRSS11A	0	0	0
TMPRSS11GP	0	0	0
TMPRSS11F	0	0	0
LOC550113	0	0	0
SYT14P1	0	0	0
FTLP10	0	0	0
TMPRSS11BNL	0	0	0
TMPRSS11B	0	0	0
YTHDC1	0	0	0
TMPRSS11E	0	0	0
UGT2B17	2	0	2
UGT2B15	0	0	0
UGT2B10	0	0	0
LOC124900853	0	0	0
UGT2A3	0	0	0
LOC105377265	0	0	0
UGT2B7	0	0	0
LOC105377267	0	0	0
UGT2B11	0	0	0
UGT2B28	0	0	0
UGT2B4	0	0	0
UGT2A1	0	0	0
UGT2A2	0	0	0
SULT1B1	0	0	0
SULT1E1	1	1	0
CSN1S1	0	0	0
CSN2	0	0	0
LOC105377269	0	0	0
STATH	0	0	0
HTN3	0	0	0
HTN1	0	0	0
CSN1S2AP	0	0	0
CSN1S2BP	0	0	0
PRR27	0	0	0
LOC105377270	0	0	0
ODAM	0	0	0
FDCSP	0	0	0
CSN3	0	0	0
CABS1	0	0	0
SMR3A	0	0	0
SMR3B	0	0	0
OPRPN	0	0	0
MUC7	0	0	0
AMTN	0	0	0
AMBN	0	0	0
ENAM	0	0	0
JCHAIN	0	0	0
LOC101927297	0	0	0
UTP3	608	0	608
RUFY3	253	9	244
LOC124900900	0	0	0
GRSF1	2061	4	2058
LOC124900710	0	1	0
LOC124900887	1	1	0
LOC124900711	0	0	2
MOB1B	173	2	173
DCK	338	0	338
SLC4A4	0	0	0
LOC124900712	0	0	0
LOC124900836	0	0	0
LOC107986285	0	0	0
LOC105377271	0	0	0
GC	0	0	0
NPFFR2	0	0	0
ADAMTS3	2	0	2
LOC105377273	0	0	0
LOC107986286	0	0	0
COX18	164	0	164
LOC112268467	0	0	0
ANKRD17	2012	0	2012
LOC124900713	0	0	0
ANKRD17-DT	3	0	3
LOC124900180	0	0	0
ALB	0	0	0
AFP	0	0	0
AFM	0	0	0
LINC02499	0	0	0
LOC107986287	1	1	0
RASSF6	2	0	2
INKILN	0	0	0
UMLILO	0	0	0
CXCL8	2	0	2
CXCL6	0	0	0
PF4V1	0	0	0
CXCL1	1	0	1
PF4	0	0	0
PPBP	0	0	0
CXCL5	0	0	0
LOC124900715	0	0	0
CXCL3	8	0	8
LOC105377275	5	0	5
PPBPP2	0	0	0
CXCL2	68	0	68
MTHFD2L	140	6	134
LOC105377277	0	0	0
LOC105377276	0	0	0
EPGN	131	0	131
EREG	0	0	0
AREG	13	0	13
LOC107986229	0	0	0
LOC124900716	0	0	0
BTC	0	0	0
LOC105377278	0	0	0
LOC105377282	0	0	0
LOC105377280	0	0	0
PARM1	0	0	0
PARM1-AS1	0	0	0
LOC107986289	0	0	0
LINC02562	0	0	0
LOC100506253	0	0	0
LINC02483	0	0	0
LOC107986230	0	0	0
RCHY1	174	1	174
THAP6	155	0	159
LOC124900717	1	4	0
ODAPH	0	0	0
CDKL2	1	0	1
G3BP2	1141	1	1140
USO1	1096	0	1096
LOC105377284	0	0	0
PPEF2	0	0	0
LOC105377285	0	0	0
NAAA	13	0	13
SDAD1	529	0	529
SDAD1-AS1	0	0	0
CXCL9	0	0	0
ART3	0	0	0
CXCL10	9	0	9
CXCL11	100	0	100
NUP54	583	0	583
LOC124900718	10	9	10
SCARB2	2258	0	2267
FAM47E	0	0	0
LOC105377286	0	0	0
FAM47E-STBD1	0	0	0
STBD1	11	5	6
CCDC158	4	4	0
LOC124900891	0	0	0
SHROOM3	627	0	711
MIR4450	0	0	0
MIR548AH	0	0	0
LOC105377290	5	5	0
SHROOM3-AS1	3	87	0
LOC124900719	0	0	0
LOC124900866	0	0	0
SOWAHB	1	0	1
LOC105377294	0	0	0
SEPTIN11	117	0	128
LOC105377291	3	11	3
CCNI	2321	1	2320
LOC101928864	1	45	1
CCNG2	369	0	414
LOC107986292	0	0	0
LOC105377295	0	0	0
CXCL13	0	0	0
LOC105377296	0	0	0
LOC105377297	0	0	0
CNOT6L	418	0	418
MRPL1	150	0	185
LOC102724916	2	37	0
FRAS1	0	0	0
LOC107986293	0	0	0
SNORD161	0	0	0
ANXA3	246	0	246
LOC124900721	0	0	0
LOC124900901	0	0	0
LINC01094	3	2	1
LOC101928893	0	0	0
BMP2K-DT	0	0	0
BMP2K	104	6	308
LOC124900722	1	0	1
LOC105377299	0	0	0
PAQR3	235	207	238
LINC01088	0	0	0
LOC124900723	0	0	0
NAA11	0	0	0
LOC105377300	0	0	0
GK2	0	0	0
LINC00989	0	0	0
LOC107986294	0	0	0
LINC02469	0	0	0
LOC105377302	0	0	0
PCAT4	0	0	0
LOC124900174	0	0	0
ANTXR2	0	0	0
LOC124900724	0	0	0
PRDM8-AS1	0	0	0
PRDM8	0	0	0
LOC124900725	0	0	0
FGF5	0	0	0
CFAP299	0	0	0
LOC105377305	0	0	0
BMP3	0	0	0
PRKG2	2	0	2
PRKG2-AS1	0	0	0
LOC124900726	0	0	0
RASGEF1B	0	0	0
LOC105377306	0	0	0
LOC105377308	0	0	0
VAMP9P	0	0	0
HNRNPD	3213	4	3209
HNRNPD-DT	14	0	14
LOC124900890	0	0	0
HNRNPDL	3620	2	3618
ENOPH1	593	0	593
LOC105377310	0	0	0
TMEM150C	0	0	0
LINC00575	0	0	0
SCD5	1	0	1
LOC124900727	0	0	0
MIR575	0	0	0
SEC31A	3805	3	3802
THAP9-AS1	946	2	948
SNORD143	17	0	17
SNORD144	8	0	8
THAP9	90	15	85
LIN54	434	0	434
COPS4	811	0	811
PLAC8	891	0	891
LOC124900167	3	0	3
COQ2	423	1	422
HPSE	453	1	452
LOC105377313	0	0	0
HELQ	149	0	149
MRPS18C	24	44	411
ABRAXAS1	57	392	96
GPAT3	50	0	50
LOC105377315	0	0	0
LINC02994	0	0	0
NKX6-1	0	0	0
LOC102723338	0	0	0
CDS1	0	0	0
LOC124900854	0	0	0
WDFY3	517	0	529
WDFY3-AS1	0	12	0
WDFY3-AS2	12	0	12
ARHGAP24	121	0	121
LOC105377319	1	0	1
LOC124900728	2	0	2
MIR4451	0	0	0
MAPK10	5	1	4
MAPK10-AS1	0	0	0
MIR4452	0	0	0
PTPN13	0	0	0
SLC10A6	0	0	0
C4orf36	14	0	14
AFF1-AS1	8	0	8
AFF1	1321	7	1319
LOC105377320	0	0	0
KLHL8	253	0	253
MIR5705	0	0	0
HSD17B13	2	0	2
HSD17B11	397	0	397
NUDT9	503	0	503
SCPPPQ1	0	0	0
SPARCL1	2	2	0
LOC124900729	0	0	0
DMP1-AS1	0	0	0
DSPP	0	0	0
DMP1	0	0	0
IBSP	0	0	0
MEPE	0	0	0
LOC124900730	0	0	0
SPP1	0	0	0
PKD2	350	0	350
ABCG2	1375	0	1375
LOC124900867	0	0	0
PPM1K	103	0	103
PPM1K-DT	0	0	0
LOC124900731	3	0	3
LOC105377326	0	0	0
HERC6	2	2	1
LOC102723458	27	0	28
HERC5	2237	1	2236
PYURF	0	0	0
PIGY	0	0	0
PIGY-DT	0	0	0
HERC3	430	0	430
NAP1L5	0	0	0
FAM13A-AS1	36	224	60
FAM13A	517	35	730
LOC124900732	2	1	1
LOC105377327	0	0	0
TIGD2	278	1	277
LOC124900834	0	0	0
GPRIN3	0	0	0
LOC105377328	0	0	0
LOC124900855	0	0	0
LOC105377329	0	0	0
LOC124900602	19	12	19
SNCA	140	0	152
LOC124900856	2	0	2
SNCA-AS1	0	0	0
MMRN1	0	0	0
LOC105377331	0	0	0
CCSER1	0	0	0
LOC124900733	0	0	0
LOC112268468	0	0	0
LNCPRESS2	0	0	0
GRID2	0	0	0
ATOH1	0	0	0
SMARCAD1-DT	0	0	0
LOC124900734	0	0	0
SMARCAD1	536	0	536
HPGDS	0	0	0
PDLIM5	1361	0	1362
BMPR1B-DT	0	1	0
BMPR1B	37	0	37
LOC124900735	0	0	0
UNC5C	1	1	0
LOC124900736	0	0	0
UNC5C-AS1	0	0	0
PDHA2	0	0	0
LINC02267	0	0	0
LOC124900737	0	0	0
STPG2-AS1	0	0	0
STPG2	0	0	0
LOC105377340	0	0	0
RAP1GDS1	565	0	565
TSPAN5	0	0	0
LOC112267901	0	0	0
TSPAN5-DT	0	0	0
LOC105377343	1	0	1
EIF4E	724	0	724
METAP1	1016	1	1015
MIR3684	0	0	0
LOC124900738	0	0	0
ADH5	1911	1	1910
LOC100507053	1	0	1
LOC124900739	0	0	0
ADH4	0	0	0
PCNAP1	0	0	0
ADH6	0	0	0
ADH1A	0	0	0
ADH1B	0	0	0
ADH1C	0	0	0
LOC102723576	0	0	0
ADH7	0	0	0
C4orf17	0	0	0
TRMT10A	75	0	75
MTTP	3	0	3
C4orf54	0	0	0
DAPP1	0	0	0
LAMTOR3	343	0	343
DNAJB14	368	1	367
H2AZ1	4408	2	4406
H2AZ1-DT	1	1	0
LOC107986232	0	0	0
DDIT4L	0	0	0
DDIT4L-AS1	0	0	0
SNORA101A	0	0	0
EMCN	0	0	0
LOC124900740	0	0	0
LOC105377345	0	0	0
LINC01216	0	0	0
LINC01217	0	0	0
LINC01218	0	0	0
PPP3CA	860	7	855
MIR8066	0	0	0
MIR1255A	0	0	0
PPP3CA-DT	49	0	51
LOC124900741	0	0	0
LOC107986297	0	0	0
BANK1	0	0	0
SLC39A8	1769	0	1769
NFKB1-AS1	8	0	8
NFKB1	424	3	456
LOC124900742	0	0	0
LOC105377347	7	38	4
MANBA	687	0	687
LOC102723704	0	861	0
LOC124900743	0	0	0
UBE2D3	2122	5	2985
UBE2D3-AS1	9	5	10
LOC124900903	0	0	0
CISD2	271	0	461
SLC9B1	0	189	0
SLC9B2	183	1	182
BDH2	380	1	379
CENPE	532	0	532
LINC02428	0	0	0
TACR3-AS1	15	14	1
TACR3	3	3	0
LINC02503	0	0	0
LOC105377350	0	0	0
LOC124900744	0	0	0
CXXC4	0	0	0
CXXC4-AS1	0	0	0
LOC124900745	0	0	0
LOC124900746	0	0	0
LOC105377351	0	0	0
LOC124900868	8	7	8
TET2	296	2	301
TET2-AS1	0	0	0
PPA2	1036	0	1036
LOC105377352	0	0	0
ARHGEF38	2	3	0
ARHGEF38-IT1	0	0	0
INTS12	219	0	293
LOC124900748	0	63	0
LOC124900747	0	5	0
GSTCD	243	0	282
LOC107986190	0	0	0
GSTCD-AS1	0	0	0
LOC124900749	8	47	0
NPNT	1	0	1
LOC101929577	1	0	1
TBCK	169	74	181
LOC124900750	0	0	0
AIMP1	830	12	904
GIMD1	0	0	0
LINC02173	0	0	0
LOC105377356	0	0	0
DKK2	0	0	0
LOC102725220	0	0	0
LOC105377358	0	0	0
PAPSS1	444	0	444
SGMS2	346	3	380
CYP2U1-AS1	0	0	0
LOC107986298	10	38	9
LOC124900751	0	0	0
CYP2U1	1	1	0
LOC107986299	0	0	0
HADH	1152	0	1152
LEF1	1	1	0
LEF1-AS1	0	0	0
LOC124900752	0	0	0
LOC124900753	0	0	0
RPL34-DT	0	0	0
LOC101929621	0	0	0
RPL34	2713	0	2713
OSTC	1017	0	1017
ETNPPL	85	0	85
COL25A1	10	0	10
LOC124900756	0	0	0
LOC124900754	0	0	0
COL25A1-DT	0	0	0
SEC24B-AS1	8	0	8
SEC24B	661	0	661
MIR576	0	0	0
MCUB	179	1	260
LOC124900755	0	0	0
CASP6	156	83	155
PLA2G12A	299	0	299
CFI	856	0	856
LOC124900757	0	0	0
GAR1-DT	1	0	1
GAR1	221	0	221
RRH	2	0	2
LRIT3	6	0	6
EGF	23	0	23
ELOVL6	664	2	662
LOC124900759	0	0	0
LOC105377362	0	0	0
LOC124900892	0	0	0
ENPEP	4	0	4
PANCR	0	0	0
LOC105377363	0	0	0
PITX2	0	0	0
LOC124900857	0	0	0
MIR297	0	0	0
LOC105377364	0	0	0
LOC105377366	0	0	0
LOC105377367	0	0	0
LINC02945	19	0	19
LOC105377369	0	0	0
LOC105377370	0	0	0
FAM241A	363	0	363
AP1AR-DT	9	48	9
AP1AR	304	3	349
TIFA	300	0	300
ALPK1	231	0	231
NEUROG2	0	0	0
NEUROG2-AS1	0	0	0
LOC124900760	0	0	0
ZGRF1	206	0	206
H3P14	0	0	0
LARP7	335	0	540
MIR302CHG	1	205	0
MIR367	0	0	0
MIR302D	0	0	0
MIR302A	0	0	0
MIR302C	0	0	0
MIR302B	0	0	0
ANK2	0	0	0
LOC102723896	0	0	0
LOC124900761	0	0	0
ANK2-AS1	0	0	0
MIR1243	0	0	0
MIR8082	0	0	0
LOC105377374	0	0	0
CAMK2D	140	0	140
LOC105377375	0	0	0
ARSJ	120	0	121
LOC107986305	2	2	2
LOC124900762	0	1	0
LOC105377376	0	0	0
LOC107986235	2	0	2
LOC105377378	0	0	0
LOC105377379	2	0	2
LOC105377380	0	0	0
UGT8	199	0	199
MIR577	0	0	0
LOC124900763	1	1	0
LOC105377382	0	0	0
NDST4	0	0	0
LOC124900764	0	0	0
LOC124900835	0	0	0
LOC105377383	0	0	0
MIR1973	0	0	0
LOC105377384	0	0	0
LOC105377385	0	0	0
LOC107986306	0	0	0
LOC105377387	0	0	0
LOC105377388	0	0	0
TRAM1L1	0	0	0
LINC02262	0	0	0
LINC02263	0	0	0
LINC01378	0	0	0
LOC102723914	0	0	0
LINC02264	0	0	0
NDST3	1	0	1
LOC107986307	0	0	0
LOC105377392	0	0	0
LOC124900765	0	0	0
SNHG8	225	0	225
SNORA24	2	0	2
PRSS12	2	2	0
LOC124900766	0	0	0
LOC105379403	0	0	0
LOC124900767	0	0	0
CEP170P1	0	0	0
LOC729218	221	0	221
LOC124900768	0	0	0
METTL14-DT	3	0	3
METTL14	256	0	256
SEC24D	715	5	710
SYNPO2	7	0	7
LOC105377393	0	0	0
SYNPO2-AS1	0	0	0
LOC102723967	0	0	0
LOC105377395	0	0	0
MYOZ2	0	0	0
LOC105379404	0	0	0
LOC101929762	0	0	0
USP53	230	0	230
ARLN	508	1	507
FABP2	0	0	0
LOC107986193	0	0	0
LINC01061	46	0	46
GTF2IP12	6	0	6
SEPTIN7P14	44	0	79
PDE5A	26	61	0
LOC124900187	0	0	0
LOC107986192	0	0	0
LOC105377397	0	0	0
LINC01365	0	0	0
LINC02502	0	0	0
LOC124900769	0	0	0
LOC124900770	0	0	0
MAD2L1	798	0	799
MAD2L1-DT	3	1	3
LOC124900771	0	0	0
PRDM5	0	0	0
LOC105377399	0	0	0
NDNF	0	0	0
NDNF-AS1	0	0	0
TNIP3	0	0	0
QRFPR	0	0	0
LOC107986309	0	0	0
LOC107986310	0	0	0
LOC105377401	0	0	0
LOC105377402	0	0	0
ANXA5	4622	0	4622
SMIM43	0	0	0
PP12613	0	0	0
EXOSC9	721	182	821
CCNA2	1010	114	1178
BBS7	181	0	181
BBS7-DT	0	0	0
TRPC3	0	0	0
LOC102724158	0	0	0
LOC112268469	4	0	4
BLTP1	487	0	487
ADAD1	0	0	0
IL2	0	0	0
IL21	0	0	0
IL21-AS1	0	0	0
BBS12	151	1	150
CETN4P	4	0	4
FGF2	738	62	1023
LOC124900773	2	0	2
NUDT6	41	287	101
AFG2A	234	0	234
LOC105377404	3	3	0
LOC124900772	1	0	1
LOC124900774	0	0	0
SPRY1	175	1	174
TRC-GCA2-1	0	0	0
LINC02435	0	0	0
LOC105377405	0	0	0
LINC01091	0	0	0
LOC124900775	0	0	0
LOC124900776	0	0	0
LOC105377407	0	0	0
LOC105377406	0	0	0
LOC105377408	0	0	0
LINC02516	0	0	0
ANKRD50	315	0	315
FAT4	145	0	145
MIR2054	0	0	0
LINC02379	0	0	0
LOC105377409	0	0	0
LOC105377410	0	0	0
LOC124900777	0	0	0
LOC105377411	0	0	0
LOC102724210	2	0	2
LOC107986312	0	0	0
LOC105377412	0	0	0
INTU	76	0	76
SLC25A31	0	0	0
LOC105377414	0	0	0
HSPA4L	842	2	840
LOC112268470	0	0	0
PLK4	331	0	331
MFSD8	185	0	185
ABHD18	136	0	136
LARP1B	265	1	264
PGRMC2	1640	0	1640
LINC02615	38	0	38
LOC101927259	0	0	0
LINC03140	0	0	0
LOC124900905	0	0	0
JADE1	392	11	606
SCLT1	168	221	172
C4orf33	146	0	146
LOC105377416	0	0	0
LOC105377417	0	0	0
LOC124900779	0	0	0
LINC02466	0	0	0
LINC02465	0	0	0
LOC105377418	0	0	0
LINC02479	0	0	0
LOC105377422	0	0	0
LOC105377423	0	0	0
LINC02377	0	0	0
LOC124900860	0	0	0
LOC124900859	0	0	0
SNHG27	0	0	0
LOC105377425	0	0	0
LOC105377428	0	0	0
LINC01256	0	0	0
LOC124900861	0	0	0
LOC124900862	0	0	0
LOC105377431	0	0	0
PCDH10-DT	0	0	0
PCDH10	2	0	2
LOC124900863	3	0	3
PABPC4L	80	0	80
LINC02462	0	0	0
LOC105377436	0	0	0
LOC105377438	0	0	0
LOC105377437	0	0	0
LINC02485	0	0	0
LOC124900883	0	0	0
LINC00613	0	0	0
LOC124900864	0	0	0
LINC02511	0	0	0
LINC02510	0	0	0
LOC105377442	0	0	0
PCDH18	0	0	0
LINC02172	0	0	0
LOC101927414	0	0	0
LOC107986314	0	0	0
LOC105377444	0	0	0
LOC105377445	0	0	0
LOC107986315	0	0	0
LOC105377447	0	0	0
LINC00616	0	0	0
SLC7A11-AS1	0	1	0
SLC7A11	67	0	68
LINC00498	0	0	0
LINC00499	0	0	0
LOC105377448	0	0	0
NOCT	147	1	147
LOC124900780	5	1	5
ELF2	506	14	492
LOC105379412	0	0	0
MGARP	3	0	3
NDUFC1	254	0	254
NAA15	1046	2	1044
LOC124900188	0	0	0
RAB33B	65	11	65
RAB33B-AS1	0	4	7
SETD7	695	0	695
LOC105377451	2	2	0
LOC105377622	67	0	67
QKILA	0	0	0
MGST2	471	6	472
MAML3	39	2	44
LOC124900781	0	0	0
LOC124900782	0	0	0
LOC105377452	0	0	0
LOC124900783	0	0	0
MAML3-AS1	0	0	0
LOC124900784	0	0	0
SCOC	0	0	0
SCOC-AS1	0	0	0
LOC124900785	0	0	0
CLGN	0	0	0
MGAT4D	0	0	0
ELMOD2	315	0	315
UCP1	0	0	0
TBC1D9	343	0	343
TNRC18P1	1	0	1
TBC1D9-AS1	0	0	0
LOC124900786	0	0	0
RNF150	36	0	36
ZNF330	487	0	487
LOC124900902	0	0	0
LINC02432	0	0	0
LINC02276	0	0	0
IL15	165	1	164
INPP4B	0	0	0
LOC101927613	0	0	0
LOC105377457	0	0	0
USP38-DT	3	0	3
LOC124900788	0	0	0
USP38	306	0	306
LOC124900789	0	5	0
GAB1	218	0	223
MIR3139	0	0	0
SMARCA5-AS1	1	177	2
SMARCA5	2197	1	2374
GUSBP5	0	0	0
FREM3	0	0	0
LOC105377458	0	0	0
LOC105377459	0	0	0
GYPE	0	0	0
LOC101927636	0	0	0
LOC124900790	0	0	0
GYPB	0	0	0
LOC105377460	0	0	0
GYPA	0	0	0
LOC105377462	0	0	0
HHIP-AS1	0	0	0
HHIP	0	0	0
LOC124900791	0	0	0
LOC124900792	0	0	0
LOC124900793	0	0	0
ANAPC10	91	38	91
ABCE1	815	0	853
OTUD4	523	3	520
LOC124900794	0	0	0
LOC105377465	0	0	0
LINC02266	0	0	0
SMAD1	202	3	283
SMAD1-AS2	0	0	0
SMAD1-AS1	0	84	0
LOC285422	0	0	0
LINC02491	0	0	0
MMAA	55	0	55
C4orf51	0	0	0
ZNF827	0	0	0
LOC105377468	0	0	0
LOC105377469	0	0	0
LINC01095	0	0	0
LSM6	38	0	38
REELD1	1	0	1
SLC10A7	94	0	94
LOC105377472	0	0	0
MIR7849	0	0	0
POU4F2	0	0	0
TTC29	0	0	0
LOC105377474	0	0	0
TTC29-AS1	0	0	0
LOC105377475	0	0	0
LOC105377476	0	0	0
MIR548G	0	0	0
EDNRA	0	0	0
LOC124900795	0	0	0
LOC124900796	0	0	0
LINC02507	0	0	0
TMEM184C-DT	0	0	0
TMEM184C	333	17	317
PRMT9	130	0	131
ARHGAP10	245	0	245
MIR4799	0	0	0
NR3C2	19	0	19
LOC102724672	0	0	0
LOC124900798	0	0	0
LOC107986195	0	0	0
LOC105377483	0	0	0
LOC124900797	0	0	0
LOC105377481	0	0	0
LOC105377480	0	0	0
LINC02430	0	0	0
LINC02355	0	0	0
LOC107986320	0	0	0
IQCM	0	0	0
LOC105377479	0	0	0
DCLK2	170	1	169
LRBA	914	2	912
LRBA-AS1	0	0	0
MAB21L2	0	0	0
RPS3A	0	0	0
SNORD73B	0	0	0
SNORD73A	0	0	0
SH3D19	0	0	0
SH3D19-AS1	0	0	0
LOC105377485	0	0	0
LOC124900799	2	0	2
PRSS48	0	0	0
FHIP1A-DT	8	0	8
FHIP1A	429	5	427
GATB	375	0	497
LOC107986197	10	126	3
LOC127898557	0	0	0
LOC105377488	0	0	0
LOC102724700	0	0	0
LOC127898556	0	0	0
LINC03074	1	0	1
LINC02273	0	0	0
LOC124900800	0	0	0
LOC105377489	0	0	0
LOC105377490	0	0	0
LOC105377492	0	0	0
FBXW7	122	0	130
FBXW7-AS1	0	8	0
MIR3140	0	0	0
MIR4453HG	49	0	49
MIR4453	0	0	0
TMEM154	0	0	0
LOC105377495	0	0	0
TIGD4	0	0	0
ARFIP1	220	1	219
FHDC1	187	0	187
LOC729870	11	2	9
TRIM2	211	0	211
LOC105377496	0	0	0
ANXA2P1	0	0	0
MND1	180	0	180
TMEM131L	324	3	321
LOC105377498	0	0	0
LOC100419170	0	0	0
TLR2	1	0	1
RNF175	0	0	0
LOC105377499	0	0	0
SFRP2	0	0	0
LOC101927947	0	0	0
DCHS2	0	0	0
PLRG1	604	0	604
FGB	0	0	0
FGA	2	0	2
FGG	4	0	4
LOC124900169	0	0	0
LRAT	0	0	0
LOC105377500	0	0	0
RBM46	0	0	0
LOC105377501	0	0	0
NPY2R	0	0	0
NPY2R-AS1	0	0	0
LOC105377502	0	0	0
MAP9	0	0	0
MAP9-AS1	0	0	0
LOC105377503	0	0	0
LOC105377505	0	0	0
LOC105377504	0	0	0
GUCY1A1	0	0	0
LOC105377506	0	0	0
GUCY1B1	0	0	0
ASIC5	0	0	0
LOC105377507	0	0	0
TDO2	0	0	0
CTSO	0	0	0
LOC102724785	0	0	0
LOC105377508	0	0	0
LINC02272	0	0	0
PDGFC	1	0	1
GLRB	29	0	29
GRIA2	0	0	0
LOC107986238	0	0	0
LINC02433	0	0	0
LOC105377509	0	0	0
LOC124900801	0	0	0
GASK1B	0	0	0
GASK1B-AS1	0	0	0
LOC101928007	0	0	0
TMEM144	0	0	0
LOC105377510	0	0	0
RXFP1-AS1	0	0	0
RXFP1	7	0	7
C4orf46	286	0	286
ETFDH	382	134	417
LOC124900922	0	0	0
PPID	331	47	453
FNIP2	99	0	99
SPMIP2	0	0	0
RAPGEF2	532	0	532
MIR3688-1	0	0	0
MIR3688-2	0	0	0
LOC107986324	0	0	0
LOC105379457	0	0	0
LINC02233	0	0	0
LOC107986239	0	0	0
LINC02477	0	0	0
LOC105377513	0	0	0
LOC105377514	0	0	0
LOC105377515	0	0	0
FSTL5	5	0	5
FSTL5-AS1	0	0	0
LOC124900803	0	0	0
LOC124900804	0	0	0
LOC105377516	0	0	0
MIR4454	0	0	0
NAF1	358	1	357
LOC101928081	0	0	0
LOC105377517	0	0	0
NPY1R	0	0	0
NPY5R	1	0	1
TKTL2	0	0	0
LOC124900805	7	93	4
TMA16	261	0	351
MARCHF1	60	60	0
LOC107986325	0	0	0
SMIM31	0	0	0
APELA	0	0	0
TRIM61	0	0	0
FAM218A	0	0	0
TRIM60	0	0	0
TRIM75	0	0	0
TMEM192	253	0	253
KLHL2	351	0	351
GK3	0	0	0
LOC124900915	0	0	0
MSMO1	767	0	767
LOC105377519	0	0	0
CPE	1	0	1
MIR578	0	0	0
LOC105377520	0	0	0
LOC124900806	0	0	0
LINC01179	0	0	0
LOC101928131	0	0	0
LOC105377521	0	0	0
TLL1	404	1	403
SPOCK3	0	0	0
LOC105377523	0	0	0
ANXA10	5	3	2
LOC124900170	0	0	0
LOC105377524	22	0	22
DDX60	2640	1	2639
LOC124900910	0	0	0
DDX60L	688	0	688
LOC124900181	0	0	0
LOC107986198	14	12	2
PALLD	1570	2	1648
LOC124900807	0	0	0
PALLD-AS1	1	1	0
LOC124900808	1	1	0
LOC124900809	0	0	0
LOC102723331	8	8	1
CBR4	310	78	311
LOC107986200	0	0	0
CBR4-DT	0	0	0
LOC105377527	2	0	2
SH3RF1	371	0	371
LOC105377529	0	0	0
NEK1	162	1	161
CLCN3	829	0	829
HPF1	282	0	282
LOC107986240	0	0	0
LOC124900810	0	0	0
LOC105377530	0	0	0
LINC02275	0	0	0
MFAP3L	78	0	78
LOC101928198	0	0	0
AADAT	1	0	2
LOC107986326	0	1	0
LINC01612	0	0	0
LINC02512	0	0	0
LINC02382	0	0	0
LOC124900869	0	0	0
LINC02431	0	0	0
MIR6082	0	0	0
LOC105377534	0	0	0
LINC02504	0	0	0
LOC105377535	0	0	0
LINC02174	0	0	0
LOC441052	0	0	0
GALNTL6	13	1	12
LOC124900811	0	0	0
GALNTL6-AS1	0	0	0
LOC107986201	0	0	0
GALNT7-DT	44	62	50
GALNT7	1594	11	1651
LOC124900812	12	12	0
MIR548T	0	0	0
HMGB2	1579	2	1577
SAP30-DT	41	1	41
SAP30	427	4	424
SCRG1	0	1	0
LOC112268474	3	0	4
LOC112267917	12	0	12
LOC101928409	2	0	2
LOC124900815	0	0	0
HAND2	0	0	0
HAND2-AS1	0	0	0
LOC124900816	0	0	0
LOC107986203	0	0	0
LINC02269	0	0	0
LOC105377543	0	0	0
LOC105377544	0	0	0
LOC105377546	0	0	0
LOC107986204	0	0	0
LINC02268	2	0	2
FBXO8	205	5	211
CEP44	311	19	303
LOC105377547	0	0	0
MIR4276	0	0	0
HPGD	0	0	0
LOC105377548	0	0	0
LOC124900870	0	0	0
LOC105377549	0	0	0
LOC105377551	0	0	0
GLRA3	4	0	4
LOC101928551	0	0	0
ADAM29	0	0	0
LOC124900871	0	0	0
LOC105377552	0	0	0
LOC124900872	0	0	0
GPM6A	0	0	0
GPM6A-DT	0	0	0
LOC107984113	0	0	0
WDR17	0	0	0
SPATA4	1	0	1
ASB5	0	0	0
SPCS3-AS1	2	130	5
SPCS3	1214	5	1342
LOC124900817	0	0	0
HAFML	0	0	0
VEGFC	0	0	0
LINC02509	0	0	0
LOC105377557	0	0	0
NEIL3	179	0	179
LOC105377558	2	2	0
AGA	192	1	192
AGA-DT	3	0	4
LOC124900889	0	0	0
LOC105377559	0	0	0
LINC01098	0	0	0
LOC105377560	0	0	0
LINC01099	0	0	0
LOC105377561	0	0	0
LOC105377562	0	0	0
LOC124900186	0	0	0
LOC105377563	0	0	0
LOC124900818	0	0	0
LOC124900623	0	0	0
LOC124900819	0	0	0
LOC105377567	0	0	0
LOC105377565	0	0	0
LOC124900820	0	0	0
LOC105377568	0	0	0
LOC124900821	0	0	0
LINC00290	0	0	0
LINC02500	0	0	0
LOC107986205	0	0	0
LOC124900822	0	0	0
TENM3	847	3	847
TENM3-AS2	0	0	0
TENM3-AS1	73	0	76
MIR1305	0	0	0
LOC105377572	0	0	0
LOC105377571	0	0	0
LOC105377576	16	0	16
DCTD	574	0	574
LOC105377577	0	0	0
LOC107986327	0	0	0
LOC112268472	0	0	0
LOC107986328	0	0	0
CIBAR1P2	0	0	0
LOC105377578	0	0	0
WWC2-AS2	26	3	24
WWC2	828	0	885
WWC2-AS1	0	0	0
LOC124900896	0	0	0
CLDN22	0	56	0
CLDN24	1	0	1
LOC124900894	0	0	0
CDKN2AIP	653	1	652
LOC124900823	4	4	0
ING2-DT	11	2	9
ING2	307	1	306
LOC101929996	0	0	0
LOC105377580	0	0	0
LOC124900911	0	0	0
RWDD4	330	0	330
TRAPPC11	619	0	619
LOC105377581	3	0	3
LOC124900824	0	0	0
STOX2	416	4	412
LOC107986330	1	0	1
LOC124900826	0	0	0
ENPP6	1	1	0
LOC105377582	0	0	0
LOC105377584	0	0	0
LOC124900825	0	0	0
MYL12BP2	0	0	0
LINC02363	0	0	0
LINC02362	0	0	0
IRF2	448	0	448
IRF2-DT	40	10	30
LINC02427	0	0	0
LINC02365	0	0	0
CASP3	397	0	397
PRIMPOL	131	41	173
CENPU	515	43	555
ACSL1	753	0	753
SLED1	0	0	0
LOC105377587	0	0	0
MIR3945HG	0	0	0
MIR3945	0	0	0
LINC01093	0	0	0
MIR4455	0	0	0
LINC02437	0	0	0
HELT	0	0	0
LINC02436	0	0	0
LOC105377588	0	0	0
SLC25A4	835	26	809
CFAP97	494	26	495
SNX25	460	5	540
LOC124900827	0	41	0
LRP2BP	49	57	21
ANKRD37	3	58	48
UFSP2	164	25	276
CFAP96	38	60	38
CCDC110	4	1	3
LOC105377590	1	0	1
PDLIM3	0	0	0
SORBS2	194	0	217
SORBS2-AS1	2	25	0
LOC101928929	0	0	0
LOC124900909	0	0	0
LOC124900828	0	0	0
LOC124900830	0	0	0
LOC124900829	0	0	0
TLR3	25	0	25
FAM149A	0	0	0
LOC124900171	0	0	0
FLJ38576	0	0	0
CYP4V2	0	0	0
KLKB1	0	0	0
LOC124900873	0	0	0
F11	0	0	0
F11-AS1	0	0	0
LOC124900874	0	0	0
LOC105377596	0	0	0
MTNR1A	0	0	0
FAT1	1708	0	1708
LOC107986334	0	0	0
LOC124900875	0	0	0
LOC124900877	0	0	0
LOC102723906	0	0	0
LOC105377599	0	0	0
LOC124900876	0	0	0
LOC124900878	0	0	0
LINC02374	0	0	0
LOC107986335	0	0	0
LOC339975	0	0	0
LINC02514	0	0	0
LINC02515	0	0	0
LINC02492	0	0	0
LOC105377604	0	0	0
LOC124900879	0	0	0
LOC105377603	0	0	0
LOC107983963	0	0	0
LOC124900880	0	0	0
LOC124900881	0	0	0
ZFP42	2	0	2
TRIML2	143	0	143
LOC107986337	0	0	0
TRIML1	3	3	0
LINC02434	73	0	73
LOC105377607	6	0	6
LOC105377608	0	0	0
LOC105377609	0	0	0
LINC01060	0	0	0
LOC101930028	0	0	0
LINC02508	0	0	0
LOC105377611	0	0	0
LOC105377612	0	0	0
LOC105377613	0	0	0
LOC124900838	0	0	0
LOC105377614	0	0	0
LOC105377615	0	0	0
LINC01262	0	0	0
LOC105377616	0	0	0
FRG1-DT	0	0	0
LOC124900882	0	0	0
LOC105377619	0	0	0
LINC01596	0	0	0
FRG1	0	0	0
FRG2	0	0	0
DBET	0	0	0
LOC107986338	0	0	0
DUX4	0	0	0
LOC124900509	7	4	3
ANKRD20A12P	0	0	0
LOC124900928	0	0	0
LOC105374602	0	0	0
PLEKHG4B	2	1	1
LRRC14B	1	0	1
LOC124900929	0	0	0
CCDC127	811	1	810
SDHA	14040	9	14031
PDCD6-DT	9	0	9
PDCD6-AHRR	0	0	0
PDCD6	2417	0	2417
AHRR	5	5	0
EXOC3-AS1	106	1	106
EXOC3	2724	6	2719
LOC124900930	4	0	4
SLC9A3	225	614	118
SLC9A3-OT1	0	0	0
SLC9A3-AS1	253	0	760
LOC107986395	0	0	0
MIR4456	0	0	0
LOC105374606	0	0	0
LOC105374607	0	0	0
LOC105374608	0	0	0
CEP72-DT	0	0	0
CEP72	1910	61	1991
TPPP	130	140	132
LOC101929898	15	4	11
ZDHHC11B	92	2	90
ZDHHC11	1131	4	1127
BRD9	2311	137	2223
TRIP13	4687	11	4725
LOC124900931	0	0	0
LINC02982	0	0	0
LOC124900932	0	0	0
NKD2	0	0	0
SLC12A7	111	0	111
MIR4635	0	0	0
LOC107986396	0	0	0
LOC124900189	0	0	0
TERLR1	0	0	0
SLC6A19	0	0	0
SLC6A18	0	0	0
TERT	32	0	32
MIR4457	0	0	0
CLPTM1L	2614	2	2612
LINC01511	0	0	0
SLC6A3	0	0	0
LPCAT1	77	0	176
LOC124901162	0	99	0
MIR6075	0	0	0
LOC124901161	13	0	18
LOC107986397	0	11	0
SDHAP3	246	0	248
PDCD6P1	210	0	210
LOC105374614	0	0	0
MIR4277	0	0	0
LOC101929003	7	7	0
MRPL36	1133	470	1133
NDUFS6	1118	0	1588
LINC02116	0	0	0
LOC124901163	0	0	0
LOC124901164	0	0	0
IRX4	0	0	0
IRX4-AS1	0	0	0
CTD-2194D22.4	0	0	0
LOC124901165	0	0	0
LOC105374618	0	0	0
LOC124901166	0	0	0
LOC100506858	0	0	0
LOC124901167	0	0	0
LSINCT5	0	0	0
IRX2	0	0	0
IRX2-DT	0	0	0
LOC105374620	0	0	0
LOC107983966	0	0	0
LOC107984098	0	0	0
LOC105374621	0	0	0
LINC01377	0	0	0
LINC01019	0	0	0
LINC02162	0	0	0
LINC01017	0	0	0
IRX1	0	0	0
LOC107986399	0	0	0
LOC105374625	0	0	0
LOC105374626	0	0	0
LINC02063	0	0	0
LOC124901168	0	0	0
LOC124901169	0	0	0
LOC107986400	0	0	0
LINC02114	0	0	0
LOC105374629	0	0	0
LOC105374630	0	0	0
LINC01020	0	0	0
LINC02121	0	0	0
ADAMTS16-DT	0	0	0
ADAMTS16	4	2	4
ADAMTS16-AS1	0	0	0
LOC101929200	23	3	22
ICE1	2349	2	2347
LOC105374634	0	0	0
LOC105374636	0	0	0
LINC02145	0	0	0
MED10	0	0	0
LOC124900933	1	0	1
UBE2QL1	0	0	0
LOC105374639	0	0	0
LINC01018	0	0	0
NSUN2	6156	3	6155
SRD5A1	1397	6	1395
LOC124900934	0	0	0
LINC02102	6	0	8
TENT4A	1745	1	1744
LOC107986401	6	0	6
LOC102724943	30	0	30
LINC02236	1	0	1
MIR4278	0	0	0
LOC105374641	4	0	4
LOC105374642	0	0	0
LINC02196	0	0	0
LOC124900935	0	0	0
LOC105374643	0	0	0
LOC442132	0	0	0
LOC105379638	0	0	0
LINC02123	0	0	0
LOC105374645	0	0	0
LINC02142	0	0	0
LOC107986403	0	0	0
ADCY2	0	0	0
LOC105374646	0	0	0
CFAP90	0	0	0
MTRR	1959	151	1950
FASTKD3	451	0	593
LOC124900936	13	0	13
LOC124900937	0	0	0
LOC102723339	0	0	0
LINC02226	0	0	0
MIR4458HG	217	0	217
MIR4458	0	0	0
LOC105374647	0	0	0
LOC101929307	0	0	0
LINC02199	0	0	0
SEMA5A	2	0	2
MIR4636	0	0	0
LOC124901170	0	0	0
SEMA5A-AS1	0	0	0
SNHG18	0	0	0
SNORD123	0	0	0
LOC101929359	0	0	0
TAS2R1	0	0	0
LOC124900938	0	0	0
LINC02112	0	0	0
LOC105374649	0	0	0
LINC02221	0	0	0
LOC107986405	0	0	0
LOC124900939	1	0	1
ATPSCKMT	199	1	198
CCT5	15726	5	15721
CMBL	2783	1	2782
LOC105374651	8	2	6
MARCHF6-DT	62	0	68
MARCHF6	5452	8	5450
MIR10397	0	0	0
ROPN1L-AS1	0	0	0
ROPN1L	2	0	2
LOC124900940	0	0	0
MIR6131	0	0	0
LINC02212	0	0	0
LINC02213	0	0	0
ANKRD33B	156	2	154
DAP	3519	4	3911
DAP-DT	0	396	0
CTD-2154B17.1	0	0	0
LOC105374654	0	0	0
CTNND2	0	0	0
LOC105374656	0	0	0
LOC105374655	37	0	37
LINC01194	43	0	43
LOC124900941	1	1	0
LOC105374657	6	6	0
LINC02220	0	0	0
LOC105374659	0	0	0
LOC105374660	0	0	0
LOC124900942	0	0	0
DNAH5	38	0	38
DNAH5-AS1	0	0	0
TRIO	2623	5	2618
LOC124900943	2	0	2
SNORD170	0	0	0
OTULINL	1579	0	1579
SNORD141B	25	0	25
OTULIN-DT	29	3	26
OTULIN	1562	7	1564
ANKH	1327	145	1542
LOC100130744	2	0	2
LOC124900944	8	5	3
MIR4637	0	0	0
LOC105374661	0	0	0
LOC107986376	0	0	0
LOC124900197	0	0	0
LINC02149	0	0	0
LOC124900945	0	0	0
FBXL7	0	0	0
CTD-2350J17.1	0	0	0
LOC124900946	0	0	0
LOC107986343	0	0	0
MIR887	0	0	0
LOC107986406	0	0	0
MARCHF11	0	0	0
MARCHF11-AS1	0	0	0
LOC105379640	0	0	0
MARCHF11-DT	0	0	0
LINC02150	1	0	1
ZNF622	1610	1	1609
RETREG1	46	0	46
RETREG1-AS1	0	0	0
MYO10	3243	1	3242
LOC124900947	3	0	3
BASP1-AS1	170	13	206
MIR10522	0	0	0
LOC105374664	12	12	0
BASP1	18128	508	17669
LINC02111	16	16	0
LINC02217	0	0	0
LINC02218	0	0	0
H3Y2	0	0	0
TAF11L2	0	0	0
TAF11L3	0	0	0
TAF11L4	0	0	0
TAF11L5	0	0	0
TAF11L6	0	0	0
TAF11L7	0	0	0
TAF11L8	0	0	0
TAF11L9	0	0	0
TAF11L10	0	0	0
TAF11L11	0	0	0
TAF11L12	0	0	0
TAF11L13	0	0	0
TAF11L14	0	0	0
H3Y1	0	0	0
LOC105374666	9	0	9
LINC02223	0	0	0
LOC124900199	0	0	0
LINC02100	17	0	17
LOC124901212	0	0	0
LOC105374669	0	0	0
CDH18	0	0	0
LOC105374672	0	0	0
LOC124900948	0	0	0
CDH18-AS1	0	0	0
LINC02241	0	0	0
LINC02146	0	0	0
LOC105374673	0	0	0
LOC105374678	0	0	0
LOC102723561	0	0	0
LOC124900950	1	0	1
LOC124900951	0	0	0
GUSBP1	5	0	5
LOC124900949	0	0	0
LOC105374685	0	0	0
CDH12	8	1	9
LOC105374683	0	0	0
SNORA105A	2	0	2
LOC107986345	0	0	0
PMCHL1	0	0	0
LOC105374682	0	2	0
LOC105374681	0	0	0
LOC101929617	0	0	0
LOC105374686	0	0	0
LOC105374687	0	0	0
LOC105374688	0	0	0
LOC124901171	0	0	0
PRDM9	0	0	0
LOC124901158	0	0	0
LOC107986377	0	0	0
LOC124901172	0	0	0
LINC02899	1	1	0
LOC124901173	58	0	58
LOC105374689	19	0	19
CDH10	3077	2	3196
LOC124901174	0	119	2
LINC02239	2	2	0
LINC02228	0	0	0
LINC02211	0	0	0
LOC124901175	0	0	0
LOC124901176	1	0	1
TRK-CTT9-1	0	0	0
LOC124901159	0	0	0
CDH9	0	0	0
LOC105374695	0	0	0
PURPL	575	0	575
LOC124901177	3	0	3
LOC105374696	0	0	0
LINC02103	0	0	0
LOC105374701	0	0	0
LOC107986409	0	0	0
LOC124901178	1	1	0
LSP1P3	0	0	0
LOC101929645	0	0	0
LOC105374699	0	0	0
LINC02109	0	0	0
LINC02064	0	0	0
LOC105374702	0	0	0
LOC105374703	0	0	0
LOC105374704	0	0	0
LOC105374705	0	0	0
LOC105374706	0	0	0
LOC105374707	8	0	10
LOC124901160	0	2	0
LOC124901179	0	0	0
LOC124900952	0	0	0
CDH6	0	0	0
LOC105374709	0	0	0
DROSHA	2042	0	2042
C5orf22	1276	0	1276
PDZD2	116	17	116
LOC124901200	0	0	0
LOC124900953	5	0	5
LOC107986346	0	0	0
MIR4279	0	0	0
LOC105374711	29	16	30
GOLPH3	4109	88	4021
MTMR12	828	0	828
ZFR	2266	1	2265
MIR579	0	0	0
LOC124900954	0	0	0
SUB1	3762	1	3761
LINC02061	0	0	0
NPR3	1452	6	1446
LOC124900956	2	0	3
LOC124900955	0	1	0
LINC02120	0	0	0
LOC105374715	0	0	0
LINC02160	0	0	0
LOC124900637	0	0	0
TARS1-DT	58	0	60
TARS1	9015	5	9012
LOC105374717	0	0	0
ADAMTS12	0	0	0
RXFP3	0	0	0
SLC45A2	0	0	0
AMACR	5	0	5
C1QTNF3-AMACR	2	0	2
C1QTNF3	53	0	53
LOC646652	1	1	0
LOC105374719	0	0	0
LOC124900957	0	0	0
LOC124900958	0	0	0
LOC105374721	0	0	0
RAI14-DT	1	0	1
RAI14	649	2	647
LOC124900960	0	0	0
TTC23L-AS1	0	0	0
TTC23L	62	216	0
LOC124900959	0	0	0
RAD1	1646	42	1786
BRIX1	4	3	114
LOC124900961	91	411	5
DNAJC21	1677	5	1754
AGXT2	0	0	0
PRLR	0	0	0
LOC124901220	0	0	0
SPEF2	24	0	24
LOC105374724	0	0	0
IL7R	298	0	298
CAPSL	1	0	1
CAPSL-DT	0	0	0
UGT3A1	1	0	1
UGT3A2	0	0	0
LMBRD2	818	2	816
MIR580	2	0	2
SKP2	1611	153	1628
NADK2	1301	40	1470
NADK2-AS1	10	10	0
LOC124900962	0	39	0
RANBP3L	15	8	7
LOC124900963	0	0	0
SLC1A3	1872	0	1872
SLC1A3-AS1	20	20	0
NIPBL-DT	325	1	324
NIPBL	2598	21	2577
CPLANE1	1119	15	1116
CPLANE1-AS1	6	0	18
NUP155	3372	10	3362
WDR70	931	0	931
GDNF	0	0	0
GDNF-AS1	0	0	0
LINC02117	0	0	0
LINC02110	0	0	0
LINC02107	0	0	0
LOC105374730	0	0	0
LINC02119	0	0	0
LOC124900966	0	0	0
EGFLAM	746	9	850
EGFLAM-AS4	0	0	0
EGFLAM-AS2	0	0	0
EGFLAM-AS1	0	0	0
EGFLAM-AS5	23	5	19
LOC124900965	2	110	3
LIFR	2146	33	2144
LIFR-AS1	21	5	60
MIR3650	0	0	0
LOC105374735	0	0	0
OSMR-DT	130	3	130
LINC01265	0	0	0
LOC107986414	97	1	98
OSMR	7960	140	7963
RICTOR	1500	23	1619
FYB1	2	0	2
C9	0	0	0
DAB2	2002	0	2002
LINC02104	9	0	9
LINC00603	0	0	0
LINC00604	0	0	0
LOC105374736	2	0	2
LOC124900967	0	0	0
LOC105374737	0	0	0
LOC124900196	0	0	0
PTGER4	179	120	126
TTC33	552	2	614
PRKAA1	1925	1	2040
LOC124900968	23	139	0
LOC124900202	0	0	0
RPL37	11025	5	11020
SNORD72	2	0	2
CARD6	38	0	38
C7	0	0	0
MROH2B	0	0	0
LOC105374739	0	0	0
C6	0	0	0
LOC124900969	0	0	0
LOC102723740	0	0	0
PLCXD3	0	0	0
LOC105374740	0	0	0
OXCT1	4482	2	4759
LOC102723752	33	38	0
OXCT1-AS1	11	270	12
RIMOC1	1686	0	1686
FBXO4	465	2	463
LINC02996	0	0	0
GHR	2	0	2
CCDC152	0	6	0
SELENOP	2	0	8
LOC124900970	0	0	0
LOC124900971	0	0	0
LOC105374745	0	0	0
FLJ32255	6	0	10
LOC105374746	16	10	10
ANXA2R-OT1	250	34	347
LOC105374748	35	84	40
ANXA2R	59	17	58
ANXA2R-AS1	67	7	76
LOC100132356	66	39	34
LOC100506639	42	16	88
LOC124900972	5	5	1
ZNF131	1434	0	1434
NIM1K	10	0	10
HMGCS1	1400	0	1400
CCL28	13	0	13
TMEM267	402	1	406
C5orf34-AS1	1	124	3
C5orf34	460	8	697
LOC124900190	28	94	25
PAIP1	3283	2	3281
NNT-AS1	71	17	83
NNT	687	13	703
FGF10	0	0	0
FGF10-AS1	0	0	0
LINC02224	0	0	0
MRPS30-DT	59	0	59
MRPS30	2279	5	2274
LOC124901180	0	0	0
HCN1	0	0	0
EMB	0	0	0
PARP8	0	0	0
LOC124901181	0	0	0
LINC02106	0	0	0
LOC107986379	1	0	1
LOC124901206	0	0	0
ISL1-DT	24	0	24
ISL1	100	0	100
LOC105378959	0	0	0
LINC02118	0	0	0
LOC105378961	0	0	0
LOC105378962	0	0	0
PELO-AS1	5	422	2
ITGA1	1595	1	1761
PELO	681	2	1087
ITGA2-AS1	1	168	0
ITGA2	1147	5	1142
LOC124900974	3	0	3
MOCS2	480	7	473
MOCS2-DT	36	0	36
LOC107986380	0	0	0
LOC105378965	0	0	0
FST	7	0	7
NDUFS4	507	1	506
LOC124900975	3	0	3
LINC02105	0	0	0
ARL15	159	0	159
MIR581	0	0	0
LINC01033	0	0	0
HSPB3	19	0	19
SNX18	21	0	21
LINC02998	0	0	0
LOC105378969	0	0	0
LOC124900976	0	0	0
ESM1	0	0	0
LOC102467081	0	0	0
GZMK	0	0	0
LOC105378971	0	0	0
GZMA	0	0	0
CDC20B	0	0	0
GPX8	1054	0	1054
MIR449A	0	0	0
MIR449B	0	0	0
MIR449C	0	0	0
MCIDAS	106	3	126
LOC124900978	34	46	12
CCNO	512	2	510
CCNO-DT	8	56	5
DHX29	770	2	820
MTREX	1264	149	1420
LOC124900979	7	7	0
LOC107986415	0	0	0
LOC124900977	1	0	1
PLPP1	273	159	419
MIR5687	0	0	0
RNF138P1	7	3	4
LOC124900980	0	0	0
SLC38A9	260	0	260
DDX4	0	0	0
IL31RA	0	0	0
IL6ST	2484	2	2482
IL6ST-DT	5	0	5
LOC124901197	0	0	0
LOC105378976	0	0	0
ANKRD55	0	0	0
LOC101928419	3	0	3
LOC105378977	0	0	0
LINC01948	0	0	0
C5orf67	0	0	0
LOC105378979	0	0	2
MAP3K1	221	2	221
LOC105378980	0	0	0
SETD9	107	33	106
MIER3	606	13	625
LOC124900981	0	0	0
GPBP1	1411	0	1411
LOC107986381	0	0	0
RMEL3	1	0	1
ACTBL2	3	0	3
LNCBRM	0	0	0
LOC124901182	0	0	0
LOC101928505	2	0	2
LINC02225	0	0	0
LOC124901183	2	0	2
LOC124901202	0	0	0
LINC02101	0	0	0
LOC105378983	0	0	0
LOC105378984	0	0	0
PLK2	2209	0	2209
GAPT	0	0	0
MIR548AE2	0	0	0
LINC02108	0	0	0
RAB3C	0	0	0
PDE4D	2914	66	2853
PDE4D-AS1	0	0	0
LOC107986347	0	0	0
MIR582	0	0	0
LOC105378988	5	0	10
LOC107986350	0	0	0
PART1	0	0	0
DEPDC1B	207	0	207
LOC124900982	1	0	1
ELOVL7	2	0	2
ERCC8	129	0	154
ERCC8-AS1	4	29	0
NDUFAF2	276	6	270
SMIM15	585	1	679
SMIM15-AS1	0	95	0
LINC02057	3	0	3
LOC105378993	0	0	0
LOC105378994	0	0	0
ZSWIM6	543	0	543
LOC105378997	0	0	0
LINC03122	1	0	1
LINC03152	0	0	0
LINC03123	0	0	0
LOC124900983	0	0	0
LOC105378995	0	0	0
LOC105378998	0	0	0
LOC124900610	0	0	0
KIF2A	971	250	1211
DIMT1	170	250	410
IPO11	252	0	252
IPO11-LRRC70	0	0	0
LRRC70	8	0	8
LOC107986416	0	0	0
LOC105378999	0	0	0
HTR1A	0	0	0
RNF180	0	0	0
RGS7BP	0	0	0
LOC124900984	0	0	0
SHISAL2B	0	1	0
SREK1IP1	477	0	478
LOC124900985	4	0	4
CWC27	495	0	495
LOC107986419	0	0	0
ADAMTS6	288	0	288
LOC124900986	121	0	121
CENPK	461	0	461
PPWD1	464	9	455
TRIM23	176	4	172
TRAPPC13	363	10	372
SHLD3	38	0	38
SGTB	164	11	172
NLN	694	0	694
ERBIN	1454	0	1454
LOC100303749	0	0	0
LOC124900212	0	0	0
LOC124900987	21	0	21
SREK1	1291	4	1287
LOC401191	2	0	2
LINC02065	2	2	0
LOC124901219	0	0	0
LOC124901205	0	0	0
LOC105379004	0	0	0
LOC124900988	0	0	0
LOC105379003	0	0	0
LOC105379002	0	0	0
LINC02229	0	0	0
MAST4	198	0	198
MAST4-AS1	7	0	7
CD180	3	0	3
TILRLS	0	0	0
LOC124900989	0	0	0
LOC101928819	0	0	0
LINC02242	0	0	0
LINC02997	0	0	0
LOC105379007	0	0	0
LOC107986420	0	0	0
LOC124900990	0	0	0
LINC02219	0	0	0
PIK3R1	0	0	0
LOC105379013	0	0	0
LOC105379012	0	0	0
LOC105379011	0	0	0
LOC105379010	0	0	0
LOC124900991	0	0	0
LOC124900198	0	0	0
LOC105379015	0	0	0
LOC107984116	0	0	0
LINC02198	0	0	0
SLC30A5	821	0	821
SNORA50D	0	0	0
CCNB1	2969	2	2967
LOC124901203	8	8	0
LOC112267932	7	0	8
CENPH	563	1	563
KGD4	118	0	118
CDK7	1	0	1
CCDC125	29	0	29
AK6	0	0	0
TAF9	0	0	0
RAD17	3	2	4
MARVELD2	3	0	3
LOC101928924	0	0	0
OCLN	0	0	0
SNORD13B-1	0	0	0
GTF2H2C	0	0	0
GUSBP3	0	0	0
LOC124900997	0	0	0
LOC105379623	0	0	0
LOC124900996	0	0	0
SERF1B	0	0	0
LOC107986372	0	0	0
SMN2	0	0	0
GUSBP14	1	0	1
LOC124900998	0	0	0
LOC105379021	0	0	0
GTF2H2B	2	0	2
GUSBP15	1	0	1
LOC441081	0	0	0
LOC124900992	0	0	0
LOC124900995	0	0	0
LOC105379020	0	0	0
LOC107986355	0	0	0
GUSBP16	4	0	4
LOC101929599	0	0	0
SERF1A	0	0	0
LOC107986373	0	0	0
SMN1	1	0	1
SMN1-AS1	0	0	0
NAIP	1	0	1
LOC112267942	0	0	0
GTF2H2	2	0	2
OCLNP1	0	0	0
SNORD13B-2	0	0	0
LOC124900994	0	0	0
GUSBP17	0	0	0
LOC124900993	0	0	0
LOC105379016	0	0	0
LINC02197	0	0	0
LOC105379025	0	0	0
PMCHL2	0	0	0
LOC107987420	0	0	0
BDP1	0	0	0
LOC124900999	0	0	0
MCCC2	1738	1	1737
CARTPT	0	0	0
LOC105379027	0	0	0
LOC107986382	0	0	0
LOC124901000	0	0	0
LOC105379028	3	0	3
MAP1B	7	4	3
MIR4803	0	0	0
MRPS27	3131	0	3131
LOC107986422	1	0	1
PTCD2	649	2	647
ZNF366	1	0	1
LOC102503427	0	0	0
TNPO1-DT	2	1	1
TNPO1	3313	4	3309
MIR4804	0	0	0
FCHO2-DT	6	0	6
FCHO2	509	0	509
LOC124901001	0	0	0
TMEM171	0	0	0
LOC105379030	0	0	0
TMEM174	0	0	0
LOC340090	0	0	0
LOC124901002	0	0	0
LOC105379031	0	0	0
LINC02230	0	0	0
LOC107986383	1	0	1
FOXD1	1	0	1
LINC01386	0	0	0
BTF3-DT	7	0	7
BTF3	8197	0	8197
ANKRA2	173	0	173
UTP15	428	0	428
ARHGEF28	221	0	221
LOC107986423	0	0	0
LOC105379034	0	0	0
LOC124901003	0	0	0
LINC02122	0	0	0
LOC105379035	0	0	0
LOC124901004	0	0	0
LINC01335	0	0	0
LINC01333	0	0	0
LINC01331	0	0	0
LOC124901005	0	0	0
ENC1	5	0	5
HEXB	3479	6	3509
GFM2	1304	39	1301
NSA2	1689	1	1705
FAM169A	9	26	0
FAM169A-AS1	0	0	0
LOC124900209	0	0	0
LOC105379039	0	0	0
LOC105379040	0	0	0
GCNT4	0	0	0
ANKRD31	4	0	4
LOC124901006	0	0	0
LOC124901007	0	0	0
HMGCR	1393	3	1390
CERT1	363	0	363
POLK	408	0	408
ANKDD1B	1	0	1
POC5	154	0	154
LOC441087	1	0	1
SV2C	0	0	0
SV2C-AS1	0	0	0
SV2C-AS2	0	0	0
IQGAP2	0	0	0
LOC101929109	0	0	0
F2RL2	0	0	0
NCRUPAR	0	0	0
F2R	91	0	91
LOC124901199	0	0	0
F2RL1	17	0	17
S100Z	0	0	0
CRHBP	0	0	0
AGGF1	601	4	597
ZBED3	614	1	638
SNORA47	0	0	0
PDE8B	676	52	626
ZBED3-AS1	10	0	10
LOC124901008	0	0	0
WDR41	637	15	624
LOC124901009	0	0	0
OTP	0	0	0
OTP-AS1	0	0	0
TBCA	1050	4	1046
LOC101929154	0	0	0
AP3B1	1461	0	1461
LOC124901010	0	0	0
SCAMP1-AS1	92	7	93
SCAMP1	1030	9	1029
LHFPL2	633	7	626
LOC124900191	4	2	2
ARSB	238	7	231
DMGDH	1	0	1
BHMT2	0	0	0
BHMT	1	1	0
LOC124901012	0	0	0
LOC124901011	6	0	9
LOC124900205	0	0	0
JMY	418	5	416
LOC102724530	0	0	0
LOC101929201	1	0	1
HOMER1	167	1	166
LOC107986426	0	0	0
LOC124901013	0	0	0
LOC105379047	0	0	0
LOC124901014	1	0	1
TENT2	571	0	571
CMYA5	16	0	16
LOC102724557	0	0	0
LOC105379048	1	1	0
LINC01455	0	0	0
MTX3	461	0	461
THBS4	1	0	1
THBS4-AS1	0	0	0
SERINC5	158	0	158
LOC124901201	0	0	0
LOC644936	0	0	0
LOC124900204	0	0	0
LOC124901015	0	0	0
SPZ1	0	0	0
CRSP8P	1	0	1
ZFYVE16	867	215	701
FAM151B-DT	12	2	59
FAM151B	22	0	22
ANKRD34B	0	0	0
LINC01337	1	0	1
DHFR	1341	10	1347
MSH3	315	6	325
LOC107986428	13	0	13
RASGRF2-AS1	0	0	0
RASGRF2	14	16	0
LOC124901017	2	0	2
CKMT2	7	7	0
CKMT2-AS1	33	0	35
ZCCHC9	154	0	330
ACOT12	2	178	0
SSBP2	154	0	154
LOC107986384	0	0	0
LOC107986385	0	0	0
LOC124901018	0	0	0
ATG10	172	0	174
RPS23	8472	14	8460
ATP6AP1L	115	0	115
LOC124901019	0	0	0
LOC105379050	0	0	0
LOC124901020	0	0	0
MIR3977	0	0	0
LINC01338	0	0	0
LOC107986430	0	0	0
LOC105379051	0	0	0
LOC105379052	7	0	7
TMEM167A	1741	1	1740
SCARNA18	0	0	0
XRCC4	181	2	179
LOC105379053	0	0	0
VCAN	0	0	0
VCAN-AS1	0	0	0
LOC124901021	0	0	0
HAPLN1	0	0	0
LOC107986386	0	0	0
EDIL3	205	5	220
EDIL3-DT	2	15	7
LOC105379059	0	0	0
LOC101929321	0	0	0
LOC105379061	0	0	0
LOC105379062	2	1	1
LOC105379063	0	0	0
NBPF22P	0	0	0
LOC105379064	0	0	0
COX7C	2498	0	2498
SNORD138	1	0	1
LINC02059	0	0	0
MIR4280HG	0	0	0
LOC645261	0	0	0
LOC105379065	0	0	0
MIR4280	0	0	0
LOC101929380	0	0	0
LINC01949	0	0	0
RASA1	377	61	509
LOC124901022	3	0	3
CCNH	699	204	688
LOC644285	9	0	9
LOC105379066	0	0	0
LINC02144	0	0	0
LINC02488	0	0	0
LOC124901023	0	0	0
LOC105379070	0	0	0
TMEM161B	489	0	489
TMEM161B-DT	97	0	99
LOC124900200	0	0	0
LINC02060	1	3	0
MIR9-2HG	0	0	0
MIR9-2	0	0	0
MEF2C-AS2	0	0	0
GSCAR	0	0	0
MEF2C	0	0	0
MEF2C-AS1	0	0	0
LOC105379074	0	0	0
LOC105379073	0	0	0
LOC107986387	0	0	0
LINC02161	0	0	0
LOC124901184	0	0	0
LOC102724637	0	0	0
MIR3660	0	0	0
LINC01339	0	0	0
CETN3	196	0	196
LOC731157	0	0	0
MBLAC2	128	1	147
POLR3G	367	19	368
LYSMD3	288	0	288
ADGRV1	16	0	16
LOC105379077	0	0	0
LOC107986432	1	0	1
LOC107986433	0	0	0
LUCAT1	76	0	76
ARRDC3	1098	3	1095
ARRDC3-AS1	10	0	10
LOC107986434	4	0	4
LOC105379078	0	0	0
LOC105379080	0	0	0
LOC105379082	0	0	0
LINC02058	0	0	0
LOC107986388	0	0	0
LOC124901025	0	0	0
LOC105379083	0	0	0
NR2F1-AS1	93	518	125
LOC124901026	0	0	0
NR2F1	654	40	1164
LOC124901027	0	0	0
ARB2A	330	10	328
MIR2277	0	0	0
LOC124901028	1	1	0
POU5F2	5	0	5
LOC105379087	1	7	2
KIAA0825	198	9	211
SLF1	1650	24	1648
MCTP1	239	164	75
MCTP1-AS1	0	0	0
LOC105379085	0	0	0
LOC105379089	0	0	0
FAM81B	0	0	0
SKIC3	1686	0	1686
ARSK	149	0	149
GPR150	0	0	0
LOC112267933	0	0	0
RFESD	8	0	28
SPATA9	10	95	10
LOC105379090	0	0	0
RHOBTB3	1111	8	1178
GLRX	605	0	605
LOC124901029	2	1	2
LOC102724720	12	0	12
LINC01554	12	0	13
LOC105379091	7	0	7
ELL2	2814	4	2892
CAST	5133	96	7306
LOC101929710	0	0	0
LOC105379096	1	1	0
MIR583	0	0	0
LOC105379675	0	0	0
LOC124901032	0	0	0
LOC107986365	0	0	0
LOC124901034	1	0	1
PCSK1	389	0	389
LOC107986363	14	0	14
ERAP1	646	2289	668
LOC124901031	24	102	22
LOC124901033	0	21	3
ERAP2	82	1	81
LOC124901030	0	0	0
LNPEP	624	0	624
LIX1-AS1	1	0	1
LIX1	0	0	0
RIOK2	511	0	511
LINC01340	0	0	0
LINC02234	0	0	0
LINC01846	0	0	0
RGMB	303	19	295
RGMB-AS1	0	0	11
LOC105379099	0	0	0
CHD1	998	4	1010
CHD1-DT	0	12	4
LOC100289230	32	0	32
LOC107986436	0	0	0
LINC02113	0	0	0
LOC105379101	0	0	0
GUSBP19	0	0	0
LOC105379100	0	0	0
FAM174A-DT	1	0	1
FAM174A	350	0	350
ST8SIA4	0	0	0
MIR548P	0	0	0
LOC107986437	0	0	0
LOC107986438	0	0	0
LOC105379102	0	0	0
SLCO4C1	0	0	0
SLCO6A1	0	0	0
LOC124901035	0	0	0
LOC124901036	0	0	0
LINC00492	0	0	0
LINC00491	0	0	0
LOC105379104	0	0	0
PAM	4373	2	4371
LOC105379105	0	0	0
GIN1	128	0	128
PPIP5K2	461	0	461
LOC124901037	0	0	0
MACIR	558	0	558
LINC02115	0	0	0
NUDT12	199	0	199
LOC105379107	0	0	0
LOC101930276	0	0	0
NIHCOLE	13	0	13
LOC105379109	0	0	0
RAB9BP1	0	0	0
LOC105379110	0	0	0
LINC01950	0	0	0
EFNA5	215	0	215
LOC124901038	0	0	0
LOC124901039	0	0	0
FBXL17	225	0	225
LOC105379114	0	0	0
LOC107986440	0	0	0
LINC01023	14	8	6
FER	532	2	541
LOC124901040	2	13	0
LOC285638	2	0	2
PJA2	1248	0	1248
LOC105379117	0	0	0
MAN2A1-DT	5	44	4
MAN2A1	911	0	954
LINC01848	0	0	0
LOC105379119	0	0	0
TMEM232	4	0	4
MIR548F3	0	0	0
LOC124900207	0	0	0
SLC25A46	839	0	839
LOC105379121	0	0	0
TSLP	0	0	0
WDR36	750	0	750
CAMK4	1	0	1
STARD4	513	1	537
STARD4-AS1	49	161	17
LOC105369177	0	0	0
LOC124901042	1	0	1
NREP	405	3	506
LOC105379122	0	0	0
NREP-AS1	0	0	0
EPB41L4A	697	135	695
EPB41L4A-AS1	352	7	369
SNORA13	0	0	0
LOC124901044	0	68	0
LOC101927023	0	0	0
EPB41L4A-DT	14	28	27
LOC124901043	0	0	0
LINC02200	0	0	0
LOC102467216	0	0	0
APC	754	0	754
SRP19	471	5	467
REEP5	1150	5	1148
LOC105379123	3	1	4
LOC105379126	0	0	0
DCP2	383	5	382
MCC	218	4	219
LOC124901045	0	1	0
LOC107986366	0	0	0
TSSK1B	0	0	0
LOC124901046	1	0	1
YTHDC2	893	1	892
LOC107986441	0	0	0
LOC105379127	0	0	0
LOC124901047	0	0	0
KCNN2	0	0	0
LOC101927078	0	0	0
LINC01957	0	0	0
TRIM36	67	0	67
PGGT1B	360	1	359
CCDC112	129	0	129
LOC105379129	0	0	0
LOC105379130	0	0	0
FEM1C	407	0	407
TMED7-TICAM2	0	0	0
TICAM2	0	0	0
TICAM2-AS1	1	2	0
TMED7	1107	0	1107
LOC102467217	0	0	0
LOC124901048	0	0	0
CDO1	0	0	0
LOC124901049	5	207	0
ATG12	515	1	716
AP3S1	960	0	960
LINCADL	0	0	0
LVRN	2	0	2
ARL14EPL	1	0	1
COMMD10	165	11	154
MIR12130	0	0	0
LOC101927190	0	0	0
SEMA6A	9	10	0
SEMA6A-AS1	0	0	1
SEMA6A-AS2	0	0	0
LINC02214	0	0	0
LOC105379133	2	0	2
LOC105379136	0	0	0
LOC105379135	0	0	0
LOC105379134	0	0	0
LOC105379137	0	0	0
LOC107986375	0	0	0
LOC105379138	0	0	0
LOC105379139	0	0	0
LINC00992	1	0	1
LOC124900192	1	0	1
LOC124901050	0	0	0
LINC02147	0	0	0
LOC124901051	0	0	0
LINC02148	0	0	0
LINC02208	0	0	0
LINC02216	0	0	0
LINC02215	0	0	0
LOC124901052	1	0	1
DTWD2	171	0	171
MIR1244-2	19	0	19
DMXL1-DT	3	2	1
LOC124901209	0	0	0
DMXL1	533	0	533
MIR5706	0	0	0
TNFAIP8	502	0	502
LOC102723444	3	1	2
HSD17B4	2252	0	2252
LOC107986444	1	0	1
LOC124901198	0	0	0
FAM170A	1	0	1
LOC105379144	0	0	0
LOC124901053	0	0	0
LOC124901054	0	0	0
PRR16	0	0	0
LOC105379147	0	0	0
LOC102467226	0	0	0
LOC105379150	0	0	0
LOC105379149	0	0	0
FTMT	0	0	0
LOC105379148	0	0	0
SRFBP1	166	1399	178
LOX	2212	46	3577
ZNF474-AS1	0	0	0
ZNF474	1	0	1
ZNF475	0	0	0
SNCAIP	0	0	0
SNCAIP-AS2	0	0	0
SNCAIP-AS3	0	0	0
LOC107986446	0	0	0
LOC105379151	0	0	0
LOC101927357	0	0	0
LINC02201	0	0	0
SNX2	1625	1	1624
LOC105379154	7	4	4
SNX24	288	109	292
LOC124901213	3	4	0
PPIC	108	3	216
PPIC-AS1	1	0	1
PRDM6-AS1	11	9	9
PRDM6	55	3	59
CEP120	373	0	373
CSNK1G3	381	1	380
LINC01170	0	0	0
LOC101927397	0	0	0
LOC107986448	0	0	0
LOC105379155	0	0	0
ZNF608	0	0	0
LOC105379156	0	0	0
LOC105379157	0	0	0
LOC107986391	0	0	0
LOC124901055	0	0	0
LOC105379158	0	0	0
LOC101927421	0	0	0
LOC124901056	0	0	0
LINC02240	0	0	0
LINC02039	0	0	0
LOC101927488	0	0	0
GRAMD2B	809	0	809
LOC101927514	0	0	0
ALDH7A1	1448	0	1448
PHAX	635	0	635
SPMIP10	0	0	0
LOC105379162	0	0	0
LMNB1-DT	0	0	0
LMNB1	1711	2	1709
MARCHF3	17	5	12
LOC105379163	1	0	1
C5orf63	0	0	0
LOC105379198	0	0	0
MEGF10	0	0	0
LOC124901057	0	0	0
LOC105379199	0	0	0
PRRC1	944	0	944
LOC124901058	1	1	0
CTXN3	0	0	0
LOC105379164	0	0	0
CCDC192	0	6	0
LOC124901059	4	4	0
SLC12A2-DT	93	0	99
SLC12A2	208	2	206
FBN2	2	0	2
LOC105379167	0	0	0
LOC105379168	0	0	0
SLC27A6	0	0	0
LOC102723638	0	0	0
LOC124901060	6	243	3
ISOC1	615	0	855
MIR4633	1	0	1
LOC102723654	2	0	2
LOC105379169	0	0	0
MIR4460	0	0	0
ADAMTS19-AS1	0	0	0
ADAMTS19	0	0	0
MINAR2	0	0	0
CHSY3-AS1	0	0	0
CHSY3	0	0	0
LOC105379171	0	0	0
LOC107986449	0	0	0
LOC105379172	0	0	0
HINT1	2881	0	2881
LYRM7	173	0	173
LOC124901061	0	1	0
CDC42SE2	853	4	853
LOC105379173	6	6	3
RAPGEF6	301	1	300
FNIP1	315	0	315
MEIKIN	0	0	0
ACSL6	1	0	1
ACSL6-AS1	0	0	0
LOC124901062	0	0	0
LOC105379174	0	0	0
IL3	0	0	0
CSF2	0	0	0
P4HA2-AS1	2	146	0
P4HA2	1116	0	1260
MIR6830	0	0	0
PDLIM4	3	0	3
LOC124901063	0	0	0
SLC22A4	123	26	197
MIR3936HG	40	142	57
MIR3936	6	0	6
SLC22A5	703	1	761
CARINH	68	1	69
LINC02863	2	2	0
IRF1	647	2	647
IL5	0	0	0
RAD50	880	0	1079
TH2LCRR	3	202	0
IL13	0	0	0
IL4	0	0	0
LOC105379176	0	0	0
KIF3A	174	0	174
CCNI2	1	5	0
SEPTIN8	589	1	592
SOWAHA	0	0	0
SHROOM1	325	5	320
LOC124901190	0	0	0
GDF9	10	104	13
UQCRQ	1191	3	1295
LEAP2	10	0	10
AFF4	1738	5	1733
AFF4-DT	4	0	4
ZCCHC10	200	0	200
HSPA4	4603	4	4599
LOC105379178	0	0	0
FSTL4	0	0	0
CTB-49A3.2	0	0	0
FSTL4-AS1	0	0	0
LOC124901068	0	0	0
CTB-3M24.3	0	0	0
MIR1289-2	0	0	0
LOC124901066	0	0	0
LOC124901210	0	0	0
WSPAR	0	0	0
LOC105379182	0	0	0
C5orf15	1247	0	1248
LOC105379183	1	1	1
VDAC1	7963	14	7949
LOC124901069	1	0	1
TCF7	6	0	6
SKP1	4060	0	4060
PPP2CA	3039	1	3614
MIR3661	0	579	0
PPP2CA-DT	12	2	10
CDKL3	47	109	42
UBE2B	493	1	596
CDKN2AIPNL	584	0	584
LINC02999	0	0	0
LINC01843	8	0	8
LOC124901070	5	0	6
JADE2	879	15	865
LOC124901191	3	3	0
SAR1B	700	1	699
SEC24A	515	8	507
LOC124901192	0	0	0
CAMLG	267	0	267
DDX46	2310	0	2310
C5orf24	893	0	893
TXNDC15	620	0	622
LOC124901071	0	2	0
PCBD2	114	0	114
CATSPER3	18	0	18
PITX1	1885	8	1903
PITX1-AS1	108	1114	77
EPIST	2	2	0
LOC124901072	1	0	1
LINC02900	0	0	0
MACROH2A1	2354	36	3375
DCANP1	0	0	0
TIFAB	0	0	0
LOC124901073	0	0	0
NEUROG1	0	0	0
CXCL14	0	0	0
SLC25A48	0	0	0
SLC25A48-AS1	0	0	0
MIR5692C1	0	0	0
LOC107986453	0	0	0
LOC124901074	0	0	0
IL9	0	0	0
FBXL21P	0	0	0
LECT2	0	0	0
LOC105379189	0	0	0
TGFBI	1812	1	1811
VTRNA2-1	0	0	0
SMAD5-AS1	2	0	7
SMAD5	783	7	781
SMIM32	0	0	0
TRPC7	0	0	0
TRPC7-AS1	1	0	1
TRPC7-AS2	0	0	0
LOC124901075	0	0	0
LOC124901076	3	0	3
CTB-1I21.1	62	0	62
SPOCK1	903	0	903
LOC105379192	0	0	0
KLHL3	60	0	60
MIR874	0	0	0
HNRNPA0	4030	9	4021
NPY6R	3	3	0
PKD2L2-DT	6	0	17
LOC107986368	1	2	0
MYOT	3	14	0
PKD2L2	1	134	0
FAM13B	413	0	559
FAM13B-AS1	5	13	5
LOC124901077	0	0	0
WNT8A	0	0	0
NME5	0	0	0
LOC124901208	0	0	0
BRD8	1499	0	1499
KIF20A	1814	3	1826
CDC23	702	19	698
GFRA3	4	0	4
CDC25C	214	43	214
LOC100128966	0	0	0
FAM53C	999	0	1042
KDM3B	1493	2	1491
REEP2	0	0	0
EGR1	1041	1	1040
LOC124901078	0	0	0
ETF1	3046	1	3045
HSPA9	9260	5	10612
SNORD63B	5	0	5
SNORD63	5	0	5
LOC105379193	0	1356	1
LOC124901196	0	0	0
CTNNA1-AS1	9	1	9
CTNNA1	8045	9	8037
LRRTM2	1	1	0
SIL1	734	0	963
LOC124901079	2	231	0
LOC124901080	0	0	0
LOC124901081	1	20	0
MATR3	4654	2	4652
SNHG4	474	0	492
SNORA74D	1	0	1
SNORA74A	0	0	0
PAIP2	1917	0	1917
SLC23A1	53	6	47
MZB1	5	1	5
PROB1	75	2	73
SPATA24	95	67	28
DNAJC18	0	0	0
LOC124901082	1	0	2
ECSCR	0	0	0
SMIM33	0	0	0
STING1	0	0	0
LOC124901083	4	0	4
UBE2D2	1005	0	1005
CXXC5	862	0	911
CXXC5-AS1	0	49	0
LOC124901084	0	0	0
LOC124901085	0	0	0
PSD2-AS1	0	0	0
PSD2	0	0	0
NRG2	2	0	2
LOC124900193	21	24	3
MALINC1	1	0	1
PURA	415	4	418
IGIP	160	0	160
LOC124901086	0	0	0
LOC101929719	2	0	2
CYSTM1	1214	1	1213
PFDN1	930	0	930
HBEGF	73	0	73
SLC4A9	4	1	4
ANKHD1-DT	27	0	28
LOC124901087	1	0	1
ANKHD1-EIF4EBP3	2	1	1
ANKHD1	33	2	31
EIF4EBP3	5	0	5
SRA1	792	7	786
APBB3	353	22	351
MIR6831	0	0	0
SLC35A4	0	0	0
LOC131768270	0	0	0
LOC112267855	0	0	0
LOC124900208	0	0	0
TMCO6	283	732	303
CD14	12	0	12
NDUFA2	13	30	740
IK	2240	0	2276
MIR3655	0	0	0
LOC124901088	5	119	2
WDR55	471	24	847
DND1	161	447	34
HARS1	1128	13	1115
HARS2	841	0	841
ZMAT2	1141	0	1141
LOC105378198	0	0	0
VTRNA1-1	0	0	0
VTRNA1-2	0	0	0
VTRNA1-3	0	0	0
PCDHA1	0	0	0
PCDHA2	0	0	0
PCDHA3	0	0	0
PCDHA4	0	0	0
PCDHA5	0	0	0
PCDHA6	0	0	0
PCDHA7	0	0	0
PCDHA8	0	0	0
PCDHA9	0	0	0
PCDHA10	0	0	0
LOC112267934	0	0	0
PCDHA11	0	0	0
PCDHA12	0	0	0
PCDHA13	0	0	0
PCDHAC1	0	0	0
PCDHAC2	0	0	0
LOC124901090	0	0	0
PCDHB1-AS1	0	0	0
PCDHB1	0	0	0
PCDHB2	0	0	0
PCDHB3	0	0	0
PCDHB4	0	0	0
PCDHB5	0	0	0
PCDHB6	0	0	0
PCDHB17P	0	0	0
PCDHB7	0	0	0
PCDHB8	0	0	0
PCDHB16	0	0	0
PCDHB9	0	0	0
PCDHB10	0	0	0
PCDHB11	0	0	0
PCDHB12	0	0	0
PCDHB13	0	0	0
PCDHB14	0	0	0
PCDHB18P	0	0	0
PCDHB19P	0	0	0
PCDHB15	0	0	0
LOC105378199	0	0	0
SLC25A2	0	0	0
TAF7	1498	1	1497
PCDHGA1	15	1	14
PCDHGA2	0	0	0
PCDHGA3	0	0	0
PCDHGB1	1	0	1
PCDHGA4	0	0	0
PCDHGB2	0	0	0
PCDHGA5	1	0	1
PCDHGB3	1	0	1
PCDHGA6	1	0	1
PCDHGA7	0	0	0
PCDHGB4	0	0	0
PCDHGA8	0	0	0
PCDHGB5	0	0	0
PCDHGA9	0	0	0
PCDHGB6	0	0	0
PCDHGA10	8	0	8
PCDHGB7	0	0	0
PCDHGA11	1	0	1
PCDHGB8P	0	0	0
PCDHGA12	0	0	0
PCDHGC3	0	0	0
PCDHGC4	0	0	0
PCDHGC5	0	0	0
DIAPH1	2889	0	3209
LOC124901091	3	323	0
DIAPH1-AS1	1	1	0
HDAC3	942	2	940
RELL2	40	52	76
FCHSD1	212	37	263
ARAP3	477	0	477
LOC124901092	0	0	0
LOC124901093	0	0	0
LOC124901094	0	0	0
LOC107986454	1	0	1
PCDH1	747	0	747
LOC729080	2	0	2
DELE1	988	2	986
PCDH12	25	17	10
RNF14	711	0	718
LOC124901095	1	6	0
GNPDA1	582	0	582
LOC105378204	0	0	0
NDFIP1	1685	0	1687
LOC107986455	1	3	0
LOC124901096	12	0	12
SPRY4	23	0	23
SPRY4-IT1	0	0	0
SPRY4-AS1	1	0	1
FGF1	1	0	1
LOC124901195	0	0	0
LINC01844	0	0	0
ARHGAP26	341	0	354
ARHGAP26-AS1	0	0	0
LOC107986457	0	0	0
LOC124901097	0	13	0
LOC124901098	0	0	0
ARHGAP26-IT1	0	0	0
LOC124901099	2	2	0
LOC124901100	1	0	1
NR3C1	1299	0	1299
LOC128966704	10	10	0
LOC105378208	0	0	0
LOC105378209	0	0	0
LOC105378210	0	0	0
MIR5197	0	0	0
HMHB1	0	0	0
YIPF5	680	0	680
KCTD16	3	0	3
PRELID2	1	0	1
LOC105378211	0	0	0
GRXCR2	0	0	0
LOC107986458	7	7	0
SH3RF2	210	0	211
LOC107986459	0	0	0
PLAC8L1	9	1	9
LARS1	2873	1	2872
RBM27-POU4F3	0	0	0
RBM27	286	0	286
POU4F3	0	0	0
LOC105378213	0	0	0
TCERG1	1665	1	1664
GPR151	1	0	1
PPP2R2B-AS2	0	0	0
PPP2R2B	93	0	93
LOC107986461	0	0	0
PPP2R2B-IT1	0	0	0
LOC105378214	0	0	0
STK32A-AS1	0	0	0
STK32A	0	0	0
DPYSL3	0	0	0
JAKMIP2-AS1	0	0	0
JAKMIP2	0	0	0
LOC105378218	0	0	0
SPINK1	5	0	16
LOC124901101	6	17	0
SCGB3A2	146	0	146
C5orf46	3	0	3
SPINK5	47	0	47
LOC124901185	0	0	0
SPINK14	0	0	0
SPINK6	98	0	98
MARCOL	94	0	95
FBXO38-DT	47	128	2
SPINK13	148	0	227
SPINK7	1	1	0
SPINK9	0	0	0
FBXO38	783	1	782
HTR4	0	0	0
LOC107986462	0	0	0
ADRB2	19	0	19
SH3TC2	40	0	40
MIR584	0	0	0
SH3TC2-DT	0	0	0
ABLIM3	8	0	8
LOC124901102	0	0	0
AFAP1L1	220	0	220
LOC124901103	0	0	0
GRPEL2	334	0	365
GRPEL2-AS1	0	31	0
PCYOX1L	198	0	198
IL17B	0	0	0
LOC101927046	0	0	0
CARMN	0	0	0
MIR143	0	0	0
MIR145	0	0	0
CSNK1A1	1665	4	1662
LOC124901105	0	0	0
ARHGEF37	268	0	269
LOC124901104	1	1	0
LOC124901221	0	0	0
LOC105378224	0	0	0
PPARGC1B	318	0	318
MIR378A	0	0	0
PDE6A	0	0	0
MFFP2	0	0	0
SLC26A2	263	0	263
TIGD6	98	0	100
HMGXB3	1356	6	1353
LOC124901207	14	14	0
CSF1R	190	0	191
PDGFRB	157	0	157
CDX1	0	0	0
SLC6A7	0	0	0
CAMK2A	28	0	28
ARSI	19	0	19
LOC105378225	0	0	0
LOC105378226	0	0	0
TCOF1	1922	2	1920
CD74	0	0	0
LOC124901106	0	0	0
RPS14	11491	4	11488
NDST1-AS1	1	14	1
NDST1	1516	1	1530
LOC124901211	0	0	0
SYNPO	1531	1	1530
LOC124901108	0	0	0
LOC124901107	2	2	0
MYOZ3	2	0	2
MYOZ3-AS1	0	0	0
RBM22	929	0	929
DCTN4	979	0	979
LOC124901110	0	0	0
SMIM3	0	0	0
IRGM	1	1	0
LOC124901113	0	0	0
LOC124901111	0	0	0
ZNF300	233	0	233
LOC124901112	0	0	0
ZNF300P1	1	0	1
LOC124901114	0	0	0
LOC105378228	0	0	0
GPX3	6	6	0
TNIP1	1511	1	1510
ANXA6	1345	0	1345
LOC107986463	0	0	0
CCDC69	0	0	0
LOC105378230	0	0	0
LOC124901115	0	0	0
GM2A	695	0	695
SLC36A3	0	0	0
SLC36A2	0	0	0
SLC36A1	106	0	106
LOC105378234	0	0	0
FAT2	6	5	1
MIR6499	0	0	0
LOC105378231	0	0	0
LOC124901116	0	0	0
SPARC	22	0	23
CLMAT3	1	2	0
ATOX1	235	0	238
ATOX1-AS1	1	4	0
LOC100652758	36	62	39
G3BP1	2414	3	2476
GLRA1	1	1	0
LINC01933	0	0	0
LOC105378236	0	0	0
LOC105378237	0	0	0
NMUR2	0	0	0
LINC01470	0	0	0
LOC124901117	0	0	0
GRIA1	0	0	0
LINC01861	0	0	0
LOC107986464	0	0	0
LOC107983980	0	0	0
FAM114A2	271	0	271
MFAP3	770	0	770
LOC124901118	0	0	0
GALNT10	704	15	690
LOC107986465	6	0	6
MIR1294	0	0	0
SAP30L-AS1	7	0	8
SAP30L	575	0	575
HAND1	0	0	0
MIR3141	0	0	0
LARP1	3311	4	3313
MIR1303	1	0	1
LOC112267936	7	2	6
FAXDC2	65	20	51
MIR378H	3	0	3
CNOT8	1826	0	1827
LOC124901119	3	3	0
GEMIN5	751	0	751
MRPL22	524	0	524
KIF4B	1	0	1
LOC105378239	0	0	0
SGCD	0	0	0
LOC124901120	0	0	0
LOC105377673	0	0	0
PPP1R2B	1	0	1
TIMD4	0	0	0
HAVCR1	0	0	0
HAVCR2	0	0	0
MED7	169	0	169
GARIN3	0	0	0
ITK	0	0	0
CYFIP2	0	0	0
FNDC9	0	0	0
NIPAL4-DT	0	0	0
NIPAL4	0	0	0
ADAM19	0	0	0
LOC124901121	0	0	0
SOX30	0	0	0
LOC105377675	0	0	0
C5orf52	0	0	0
LOC105377676	0	0	0
THG1L	166	0	166
LSM11	344	0	344
CLINT1	1634	0	1634
LOC107986466	0	0	0
LOC105377677	0	0	0
LOC105377678	0	0	0
LINC02227	0	0	0
LOC124901122	0	0	0
EBF1	60	1	59
LINC02202	0	0	0
LOC107986467	3	0	3
RNF145	1723	6	1729
LOC107986468	0	6	6
LINC01932	0	0	0
LOC124900203	0	0	0
UBLCP1	384	0	384
LOC105377683	0	0	0
IL12B	0	0	0
IL12B-AS1	0	0	0
LINC01845	0	0	0
LOC124901123	0	0	0
LOC105377685	0	0	0
LOC105377684	0	0	0
LOC105377687	0	0	0
LOC105377688	0	0	0
LINC01847	0	0	0
ADRA1B	0	0	0
LOC101927790	0	0	0
TTC1	700	0	702
LOC124901124	9	0	9
PWWP2A	295	5	292
FABP6	3	0	3
FABP6-AS1	0	0	0
CCNJL	21	0	21
LOC105377691	0	0	0
C1QTNF2	3	0	3
FAM200C	67	0	67
SLU7	842	0	842
PTTG1	1737	0	1737
MIR3142HG	0	0	0
MIR3142	0	0	0
MIR146A	0	0	0
ATP10B	0	0	0
LINC02159	0	0	0
LOC105377693	0	0	0
GABRB2	0	0	0
LOC105377694	0	0	0
GABRA6	0	0	0
GABRA6-AS1	0	0	0
LOC105377696	0	0	0
GABRA1	0	0	0
LINC01202	0	0	0
GABRG2	0	0	0
LOC105377697	0	0	0
LOC105377698	0	0	0
LOC105377699	0	0	0
LOC105377700	0	0	0
LOC124901125	0	0	0
CCNG1	1990	276	1996
NUDCD2	325	15	592
HMMR	510	2	730
HMMR-AS1	1	221	2
MAT2B	1203	0	1203
LOC102724458	0	0	0
LINC03000	0	0	0
LINC02143	0	0	0
LOC102546299	0	0	0
LOC105377702	0	0	0
LINC01938	0	0	0
LOC105377705	0	0	0
LOC105377706	0	0	0
LINC01947	0	0	0
TENM2	6	7	2
LOC101927908	0	0	0
TENM2-AS2	0	0	0
LOC124901126	0	0	0
TENM2-AS4	0	0	0
TENM2-AS3	2	0	2
MIR12125	0	0	0
LOC124901128	0	0	1
TENM2-AS1	6	0	8
WWC1	1414	2	1412
LOC124901129	0	0	0
RARS1	2742	4	2738
FBLL1	2	0	2
PANK3	2078	0	2078
MIR103A1	0	0	0
MIR103B1	0	0	0
SLIT3	1	1	0
SLIT3-AS2	0	0	0
MIR218-2	0	0	0
LOC105377713	0	0	0
LOC107986472	0	0	0
LOC124901130	0	0	0
SLIT3-AS1	0	0	0
LOC105377712	0	0	0
MIR585	0	0	0
LOC124901131	0	0	0
LOC105377714	1	0	1
LOC105377715	0	0	0
SPDL1	1677	0	1677
DOCK2	2	0	2
INSYN2B	0	0	0
MIR378E	0	0	0
FOXI1	0	0	0
LINC01187	0	0	0
C5orf58	0	0	0
LCP2	0	0	0
LOC100128059	0	0	0
LINC01366	1	0	1
KCNIP1	0	0	0
KCNMB1	0	0	0
KCNIP1-OT1	0	0	0
LOC124901132	0	0	0
KCNIP1-AS1	0	0	0
LOC107986473	0	0	0
LOC107986474	0	0	0
LOC107986475	0	0	0
GABRP	1	0	1
RANBP17	180	4	176
LOC124901133	0	0	0
TLX3	217	1	216
SNORA70J	0	0	0
MIR3912	0	0	0
NPM1	18632	7	18625
FGF18	2	0	2
LOC105377721	0	0	0
LOC105377720	3	0	3
LOC105377722	0	0	0
LOC107986392	0	0	0
LOC124901134	0	0	0
LOC105377724	0	0	0
LOC105377723	0	0	0
SMIM23	0	0	0
LOC105377725	1	0	1
LOC107986476	0	0	0
FBXW11	1124	0	1124
STK10	667	1	666
EFCAB9	1	0	1
UBTD2	413	0	413
LOC124900201	0	0	0
LOC100288254	0	0	0
SH3PXD2B	1165	3	1162
LOC105377727	0	0	0
LOC107984004	0	0	0
LINC01944	0	0	0
LOC105377729	0	0	0
LOC107986478	0	0	0
NEURL1B	111	0	111
MIR5003	0	0	0
LOC107986479	0	0	0
LOC101928093	0	0	0
DUSP1	8461	3	8458
LOC105377730	1	0	1
ERGIC1	6531	4	6527
LOC124901135	1	1	0
MIR10523	0	0	0
RPL26L1	340	4	339
RPL26L1-AS1	14	4	13
ATP6V0E1	1301	1	1300
SNORA74B	0	0	0
CREBRF	78	0	78
BNIP1	110	0	110
NKX2-5	0	0	0
LOC105377731	0	0	0
LOC124901136	1	0	1
MIR12118	0	0	0
STC2	319	0	319
LOC124901137	1	0	1
MIR8056	0	0	0
LOC105377732	0	0	0
LOC105377733	0	0	0
LINC02995	3	3	0
BOD1	449	0	449
LINC01863	0	0	0
LINC01942	1	1	0
LINC01484	10	0	10
LOC107984118	14	0	14
LOC124901138	0	0	0
LOC107986482	0	0	0
LINC01485	0	0	0
CPEB4	472	1	471
C5orf47	0	0	0
NSG2	0	0	0
LOC102724551	0	0	0
LOC124901139	0	0	0
LINC01411	19	0	19
LOC105377739	0	0	0
LOC105377740	1	0	1
MSX2	0	0	0
MIR4634	0	0	0
LOC105377742	0	0	0
LINC01951	0	0	0
LOC107986484	0	0	0
DRD1	0	0	0
LOC124901204	0	0	0
SFXN1	1501	1	1500
HRH2	0	0	0
LOC105377743	0	0	0
LOC124901140	0	0	0
CPLX2	0	0	0
LOC105377744	0	0	0
THOC3	624	0	624
THOC3-AS1	0	0	0
LOC124900194	0	0	0
LOC124901141	0	0	0
LOC100996385	0	0	0
FAM153B	0	0	0
LOC107986487	0	0	0
CEP192P1	0	0	0
SIMC1	25	0	25
KIAA1191	1644	1	1643
ARL10	1	0	1
MIR1271	0	0	0
NOP16	768	0	769
HIGD2A	1295	7	1289
CLTB	713	4	709
FAF2	1471	1	1470
LOC124901142	0	0	0
RNF44	844	4	846
LOC124901143	7	13	0
CDHR2	7	23	0
GPRIN1	362	0	378
SNCB	0	0	0
MIR4281	0	0	0
EIF4E1B	0	0	0
TSPAN17	709	0	709
LOC124901144	1	0	1
LINC01574	0	0	0
UNC5A	118	0	118
HK3	0	0	0
UIMC1	539	0	539
LOC124901145	1	0	1
ZNF346	267	0	267
FGFR4	451	0	451
NSD1	1376	4	1372
RAB24	356	13	343
PRELID1	1170	2	2880
MXD3	254	1716	250
LMAN2	4247	1	4246
RGS14	98	0	98
SLC34A1	0	0	0
PFN3	0	0	0
F12	103	0	103
GRK6	532	22	510
PRR7-AS1	10	7	21
PRR7	338	25	331
DBN1	1801	0	1801
PDLIM7	1555	4	1551
DOK3	122	2	120
DDX41	2177	3	2174
FAM193B	692	6	689
FAM193B-DT	1	0	4
TMED9	2845	2	2843
B4GALT7	377	0	380
SIMC1P1	2	5	0
LOC107986489	0	0	0
FAM153A	0	0	0
LOC105377752	0	0	0
LOC105377753	0	0	0
LOC728554	0	0	0
LOC124901146	0	0	0
LOC100128340	0	0	0
PROP1	0	0	0
FAM153CP	5	1	4
LOC124901147	13	0	13
LOC105377754	0	0	0
N4BP3	518	0	518
RMND5B	763	976	850
NHP2	623	103	1583
GMCL2	0	0	0
HNRNPAB	3085	43	3800
PHYKPL	375	788	345
LOC112267937	0	0	0
COL23A1	0	0	0
LOC105377757	0	0	0
LOC124901148	0	0	0
CLK4	242	0	242
MSANTD5	0	0	0
ZNF354A	38	0	38
AACSP1	0	0	0
ZNF354B	89	0	89
LOC107986493	0	0	0
ZFP2	1	0	1
ZNF454-DT	0	0	0
ZNF454	0	0	0
GRM6	0	0	0
ZNF879	0	0	0
ZNF354C	0	0	0
ADAMTS2	1	0	1
LOC124900195	0	0	0
LOC105377759	0	0	0
LOC124901149	0	0	0
LOC107986494	0	0	0
LOC124901224	0	0	0
LOC128966623	0	0	0
LOC100289470	0	0	0
LOC105377762	5	0	5
RUFY1	2	0	2
RUFY1-AS1	0	0	0
HNRNPH1	263	0	263
SPATA31J1	1	0	1
LOC100502572	0	0	0
LOC105377763	1	0	1
CBY3	0	0	0
CANX	908	0	908
MAML1	14	0	14
LTC4S	0	0	0
MGAT4B	13	1	12
MIR1229	0	0	0
SQSTM1	3	0	3
MRNIP	0	0	0
MRNIP-DT	0	0	0
TBC1D9B	87	0	87
RNF130	403	0	597
LOC124901150	1	195	0
MIR340	0	0	0
RASGEF1C	10	0	10
MAPK9	911	1	910
LOC124901151	34	0	34
GFPT2	834	0	834
LOC124901152	12	0	12
LOC124901153	1	0	1
LOC102725231	31	0	31
CNOT6	1111	3	1108
SCGB3A1	0	0	0
LOC124901154	0	0	0
FLT4	2	0	2
LINC02222	0	0	0
OR2Y1	0	0	0
MGAT1	1395	8	1387
ZFP62	356	0	356
HEIH	0	0	0
LINC00847	34	40	34
LOC124901155	0	0	0
BTNL8	0	0	0
BTNL3	0	0	0
BTNL9	0	0	0
MIR8089	0	0	0
TRV-CAC1-2	0	0	0
TRL-AAG1-1	0	0	0
TRL-AAG1-2	0	0	0
TRV-CAC1-3	0	0	0
OR2V1	0	0	0
OR2V2	0	0	0
TRV-AAC1-2	0	0	0
TRV-AAC1-3	0	0	0
TRV-CAC1-4	0	0	0
TRL-AAG1-3	0	0	0
TRL-AAG2-1	0	0	0
TRV-AAC2-1	0	0	0
TRP-TGG3-1	0	0	0
LINC01962	7	5	4
TRT-TGT6-1	0	0	0
TRIM7-AS2	12	146	25
TRIM7	188	24	333
TRIM7-AS1	2	8	5
TRA-TGC3-1	1	1	0
TRK-CTT2-2	0	0	0
TRV-AAC1-4	0	0	0
TRK-CTT2-3	0	0	0
TRV-CAC1-5	1	1	0
MIR4638	0	0	0
TRIM41	917	10	907
RACK1	22135	9	22139
SNORD96A	30	0	30
SNORD95	10	0	10
CTC-338M12.4	54	37	109
TRIM52	328	236	173
TRIM52-AS1	32	3	31
LOC100132062	0	0	0
OR4F3	0	0	0
LOC124901156	0	0	2
LOC124901157	0	2	0
LOC107986552	0	0	0
SEPTIN14P6	0	0	0
LIRIL2R	0	0	0
LINC03066	0	0	0
LOC105374870	0	0	0
DUSP22	298	0	298
IRF4	0	0	0
EXOC2	780	0	780
HUS1B	4	0	4
LOC105374873	0	0	0
LOC101927691	0	0	0
LOC124901236	0	0	0
LINC01622	1	0	1
LOC124901237	1	1	0
LOC124901532	0	0	0
LOC105374879	2	0	2
FOXQ1	0	0	0
FOXF2-DT	45	151	50
FOXF2	231	7	470
MIR6720	0	0	0
LOC102723944	39	1	38
LOC105374883	1	0	1
LOC124901238	0	0	0
LOC107986555	1	0	1
FOXCUT	8	8	0
FOXC1	714	4	710
GMDS	701	0	701
LOC107986514	4	2	2
LOC124901239	2	0	2
LOC107986512	0	0	0
GMDS-DT	25	0	25
LINC01600	9	3	6
LINC02521	1	0	1
MYLK4	9	585	9
LOC124901240	0	0	0
WRNIP1	861	4	1442
LOC124901241	3	3	0
SERPINB1	2342	2	2340
MIR4645	0	0	0
SERPINB9P1	78	0	78
SERPINB9-AS1	0	0	0
SERPINB9	0	0	0
SERPINB6	4395	2	4393
LINC01011	34	31	93
NQO2-AS1	12	64	43
NQO2	1367	9	1991
HTATSF1P2	122	734	33
LOC101927759	79	0	80
LOC124901242	2	0	2
RIPK1	617	26	774
LOC107986556	0	184	0
BPHL	267	1	267
TUBB2A	61	1	60
LOC105374889	1	1	0
LINC02525	0	0	0
TUBB2B	0	0	0
LOC100422781	0	0	0
PSMG4	367	3	366
SLC22A23	180	51	141
LOC105374890	0	0	0
LOC643327	0	10	0
LOC100507336	5	0	5
PXDC1	624	22	602
LOC124901244	0	0	0
FAM50B	51	0	51
LOC107986557	0	0	0
TGILR	10	0	10
LOC124901245	81	3	78
PRP4K	2210	0	2210
FAM217A	0	0	0
TEX56P	13	1532	0
ECI2	521	0	2040
ECI2-DT	4	0	4
LOC107986559	0	0	0
LOC124901246	3	0	3
LOC102724096	0	0	0
LOC101927888	0	0	0
LOC107986560	0	0	0
LOC105374894	0	0	0
LOC107986561	0	0	0
LOC124901247	1	1	0
LINC02533	0	0	0
KU-MEL-3	0	0	0
CDYL	769	2	767
CDYL-AS1	0	0	0
LOC105374897	11	0	11
RPP40	95	2	109
LYRM4-AS1	13	15	15
LOC124901248	1	0	1
LYRM4	387	10	377
PPP1R3G	12	1	11
MIR3691	0	0	0
LOC124901249	0	0	1
FARS2	445	0	445
FARS2-AS1	0	0	0
LOC101927950	0	0	0
LOC124901250	1	0	1
LOC124901251	0	0	0
LOC124901252	0	0	0
LOC107986516	4	0	4
LOC105374898	0	0	0
NRN1	0	0	0
F13A1	0	0	0
MIR7853	0	0	0
MIR5683	0	0	0
LOC124901253	0	0	0
LY86-AS1	2	0	2
LY86	0	0	0
LOC101928004	9	0	9
LOC101928047	1	0	1
LOC105374901	0	0	0
LOC124901254	0	0	0
LOC105374903	7	1	6
LINC03055	40	0	40
LOC105374904	0	0	0
RREB1	1387	3	1384
SSR1	5121	3	5118
CAGE1	1	2	0
RIOK1	467	0	468
LOC102724234	0	0	0
DSP-AS1	50	3	49
DSP	9230	5	9228
SNRNP48	778	2	776
LOC105374906	9	0	9
BMP6	960	373	1064
BLOC1S5-TXNDC5	0	91	0
TXNDC5	34	0	34
PIP5K1P1	1	1	0
EEF1E1-BLOC1S5	0	0	0
BLOC1S5	0	0	0
EEF1E1	81	0	81
SCARNA27	3	0	3
LOC105374910	5	0	5
LOC105374911	0	0	0
SLC35B3	397	0	397
LOC100506207	3	0	3
HULC	0	0	0
LOC112267952	0	0	0
LOC105374914	0	0	0
LOC107986562	0	0	0
LOC124901255	0	0	0
LOC124901484	0	0	0
OFCC1	0	0	0
LOC105374919	0	0	0
LOC124900218	0	0	0
LOC105374918	0	0	0
LOC105374920	0	0	0
LOC105374921	0	0	0
LOC124901485	2	0	2
TFAP2A	1562	58	2535
TFAP2A-AS2	135	805	45
TFAP2A-AS1	58	276	72
LOC107986564	2	0	2
LINC00518	21	5	29
MIR5689HG	0	8	5
MIR5689	0	0	0
LINC02522	1	0	1
LOC101928146	0	0	0
GCNT2	0	0	0
C6orf52	0	0	0
PAK1IP1	0	0	0
TMEM14C	0	0	0
TMEM14B-DT	16	14	4
TMEM14B	1457	0	1473
MAK	22	32	4
GCM2	0	0	0
SYCP2L	2	0	2
LOC101928191	0	0	0
ELOVL2	0	0	0
ELOVL2-AS1	0	0	0
SMIM13	843	4	839
ERVFRD-1	2	2	0
NEDD9	305	1	304
LOC124901256	3	0	3
LOC105374925	2	0	2
LOC105374927	0	0	0
LOC105374928	2	0	2
LOC105374929	0	0	0
TMEM170B	246	0	246
LOC340184	0	0	0
LOC124900221	0	0	0
ADTRP	16	0	16
LOC124901258	3	3	0
LOC107986567	0	1	0
LOC124901257	0	0	1
LOC102724379	1	1	0
LOC107986570	0	0	0
LOC101928253	0	0	0
HIVEP1	576	0	576
EDN1	133	5	128
LOC124901260	0	0	0
LOC105374931	0	0	0
LINC02530	0	0	0
LOC107984015	0	0	0
PHACTR1	2	3	0
LOC105374935	0	0	0
LOC105374934	0	0	0
LOC124901262	0	0	0
LOC105374933	1	0	1
TBC1D7-LOC100130357	0	0	0
LOC100130357	7	0	7
TBC1D7	3	0	3
LOC124901261	0	0	0
LOC105374936	0	0	0
GFOD1	593	2	618
GFOD1-AS1	0	27	0
LOC105374937	29	3	29
SIRT5	92	33	212
LOC105374938	3	22	0
LOC124901263	0	83	35
NOL7	1321	323	1351
RANBP9	822	37	1138
LOC124901523	0	0	0
LOC124901264	0	0	0
MCUR1	882	4	1062
LOC107986571	3	182	5
RNF182	227	0	227
LOC105374939	0	0	0
LOC124901265	0	0	0
CD83	890	1	889
LOC105374940	0	0	0
LINC01108	0	0	0
LOC124901266	0	0	0
LOC105374943	0	0	0
LOC105374942	0	0	0
LOC101928331	6	0	6
LOC101928354	0	0	0
LOC102724463	0	0	0
LOC105374945	0	0	0
LOC105374946	0	0	0
JARID2-DT	27	0	27
JARID2	602	4	598
JARID2-AS1	1	0	1
DTNBP1	149	0	305
LOC105374947	5	159	2
DTNBP1-AS1	2	2	0
LOC102724520	0	0	0
LOC105374948	0	0	0
LOC105374949	0	0	0
LINC02543	0	0	0
MYLIP	182	1	181
MIR4639	0	0	0
GMPR	0	0	0
ATXN1	374	0	374
LOC127903862	0	0	0
ATXN1-AS1	53	1	52
LOC124901268	0	0	0
LOC107986573	0	0	0
LOC105374951	0	0	0
LOC124901269	0	0	0
LOC101928463	0	0	0
STMND1	0	0	0
RBM24	0	0	0
CAP2	365	0	365
LOC101928491	1	1	0
LOC102724591	0	0	0
FAM8A1	460	0	460
NUP153	1420	43	1468
NUP153-AS1	6	50	47
KIF13A	1571	1	1596
LOC105374953	1	27	0
NHLRC1	0	0	0
TPMT	708	0	708
KDM1B	452	3	451
DEK	3876	7	3887
LOC124901270	2	16	2
RNF144B	65	0	65
LOC124901544	0	0	0
LOC124901271	0	0	0
LOC105374955	0	0	0
MIR548A1HG	0	0	0
MIR548A1	0	0	0
LOC105374957	0	0	0
TRQ-CTG1-1	0	0	0
LOC105374958	0	0	0
LOC101928519	0	0	0
LOC105374961	0	0	0
LOC107986575	3	0	3
LOC105374960	0	0	0
LNC-LBCS	5	0	5
LOC105374963	0	0	0
ID4	0	0	0
LOC105374965	3	0	3
MBOAT1	305	0	305
LOC101928573	0	0	0
LOC124901272	0	0	0
LOC124901482	4	12	12
E2F3	814	8	826
E2F3-IT1	0	0	0
CDKAL1	233	0	266
LOC124901273	0	0	0
LOC105374968	1	0	1
LOC105374966	0	0	0
LOC107986578	0	33	0
LINC00581	0	0	0
LOC107986579	2	0	2
SOX4	573	9	564
LOC124901483	0	0	0
CASC15	2	0	2
LOC124901274	0	0	0
LOC105374970	0	0	0
NBAT1	0	0	0
LOC124901275	0	0	0
PRL	0	0	0
LOC105374971	0	0	0
HDGFL1	0	0	0
LINC03005	0	0	0
LOC105374973	0	0	0
LOC102724736	0	0	0
LOC105374974	0	0	0
LOC105374976	0	0	0
LOC102724749	0	0	0
LOC105374975	0	0	0
LOC124901276	0	0	0
NRSN1	0	0	0
LOC124900220	0	0	0
DCDC2	0	0	0
KAAG1	0	0	0
MRS2	561	1	923
GPLD1	8	387	7
ALDH5A1	74	0	150
LOC124901277	0	53	0
KIAA0319	29	0	29
TDP2	694	0	695
ACOT13	760	81	704
LOC124901279	13	11	3
LOC124901278	0	0	0
C6orf62	2334	13	2344
LINC02828	0	0	0
GMNN	1385	0	1385
LOC124901280	0	0	0
ARMH2	0	0	0
RIPOR2	10	0	10
LOC105374981	0	0	0
LOC102724765	0	0	0
CMAHP	191	0	191
LOC124901282	0	0	0
UBE2D3P5	0	0	0
LOC124901283	0	0	0
LOC101928663	0	0	0
CARMIL1	882	3	879
LOC124901281	0	0	0
SCGN	0	0	0
LOC124901284	0	0	0
SLC17A1	0	0	0
H2AC1	0	0	0
H2BC1	0	0	0
H2AC2P	0	0	0
SLC17A4	0	0	0
LOC124901285	0	0	0
SLC17A3	0	0	0
SLC17A2	0	0	0
TRIM38	499	0	499
LINC02980	40	2	38
H1-1	0	0	0
H3C1	6	0	6
H4C1	0	0	0
H4C2	0	0	0
H3C2	79	0	79
H2AC4	3	0	3
H2BC3	1	2	0
H3C3	0	0	0
H1-2	1088	4	1084
HFE-AS1	0	42	1
HFE	247	1	289
H4C3	4	0	4
H1-6	0	0	0
H2BC4	42	0	44
H2AC6	203	2	203
H1-4	13	0	13
H2BC5	150	1	149
H2BC6-AS1	15	14	1
H2BC6	1	1	0
H4C4	1	0	1
H3C4	25	10	15
H2AC7	2	0	2
H2BC7	9	0	10
H4C5	14	7	7
H2BC8	37	0	37
H2AC8	68	0	68
H3C6	13	0	13
H1-3	1	1	0
H4C6	0	0	0
H4C7	0	0	0
H3C7	1	1	0
H2BC9	63	1	62
LOC105374986	1	0	1
H3C8	52	0	52
H2BC10	0	0	0
H4C8	21	0	21
LOC124901287	8	0	8
TRX-CAT1-2	0	0	0
TRR-TCG4-1	0	0	0
TRS-GCT6-1	0	0	0
TRQ-TTG3-1	0	0	0
TRQ-TTG3-2	0	0	0
TRS-TGA3-1	0	0	0
TRX-CAT1-3	1	0	1
TRW-CCA3-1	0	0	0
TRR-TCG2-1	0	0	0
LOC101928743	0	0	0
TRS-AGA2-1	0	0	0
TRR-ACG1-1	0	0	0
TRX-CAT1-4	0	0	0
TRW-CCA3-2	0	0	0
LOC124901288	0	0	0
BTN3A2	976	0	976
BTN2A2	128	0	128
BTN3A1	781	1	780
BTN2A3P	51	1	50
BTN3A3	448	0	448
BTN2A1	1	0	1
LOC285819	0	0	0
LOC107986583	0	0	0
BTN1A1	0	0	0
TRL-CAG1-7	0	0	0
HCG11	0	0	0
TRT-AGT2-1	0	0	0
TRR-ACG1-2	0	0	0
TRV-CAC1-6	0	0	0
HMGN4	0	0	0
TRA-CGC1-1	0	0	0
TRI-AAT5-1	0	0	0
TRP-AGG2-2	0	0	0
TRK-CTT2-4	0	0	0
TRY-GTA1-1	0	0	0
LOC105374988	0	0	0
TRA-AGC11-1	0	0	0
TRY-GTA8-1	0	0	0
TRY-GTA3-1	0	0	0
TRY-GTA6-1	0	0	0
ABT1	226	0	226
LOC105374989	0	0	0
ZNF322	67	0	67
LOC102724851	0	0	0
TRA-AGC14-1	0	0	0
TRA-AGC12-1	0	0	0
TRA-AGC10-1	0	0	0
LOC105374991	0	0	0
TRM-CAT5-1	0	0	0
TRNAA-AGC	0	0	0
TRI-AAT7-1	0	0	0
TRA-AGC9-1	0	0	0
TRM-CAT4-1	0	0	0
TRM-CAT4-2	0	0	0
TRI-AAT6-1	0	0	0
TRM-CAT4-3	0	0	0
TRNAA-AGC_1	0	0	0
TRI-AAT7-2	0	0	0
LOC105374992	0	0	0
LOC124901289	0	0	0
TRNAA-AGC_2	0	0	0
TRM-CAT5-2	0	0	0
TRNAA-AGC_3	0	0	0
LOC124901290	0	0	0
TRNAA-AGC_4	0	0	0
TRA-AGC14-2	0	0	0
GUSBP2	11	0	11
LINC00240	10	0	10
LARRPM	21	2	19
TRI-TAT2-2	0	0	0
TRP-CGG2-1	0	0	0
TRS-GCT1-1	0	0	0
H2BC11	38	0	38
H2AC11	45	0	45
H2BC12	960	10	950
H4C9	50	20	30
H2AC12	2	0	2
MIR3143	0	0	0
TRH-GTG1-5	0	0	0
TRT-AGT6-1	0	0	0
TRI-AAT5-2	0	0	0
TRV-CAC6-1	0	0	0
TRS-CGA2-1	0	0	0
TRR-ACG2-2	0	0	0
TRR-ACG2-3	0	0	0
LOC124901293	0	0	0
TRL-TAA4-1	0	0	0
TRV-AAC5-1	0	0	0
TRI-AAT5-3	0	0	0
PRSS16	125	0	125
TRI-AAT9-1	0	0	0
TRI-AAT3-1	0	0	0
TRV-CAC2-1	0	0	0
TRV-TAC4-1	0	0	0
TRQ-CTG5-1	0	0	0
TRS-GCT2-1	0	0	0
POM121L2	0	0	0
LOC105375107	0	0	0
VN1R10P	0	0	0
TRX-CAT1-5	0	0	0
TRK-TTT6-1	0	0	0
ZNF204P	0	0	0
ZNF391	3	0	3
ZNF184	103	0	103
LOC105375001	2	0	2
TRS-AGA2-2	1	1	0
TRD-GTC2-6	2	0	2
TRS-AGA2-3	0	0	0
TRS-AGA2-4	0	0	0
TRD-GTC2-7	0	0	0
TRS-TGA4-1	0	0	0
TRQ-CTG1-2	0	0	0
TRS-AGA3-1	0	0	0
TRS-AGA1-1	0	0	0
TRS-TGA2-1	0	0	0
TRQ-CTG2-1	0	0	0
TRS-AGA4-1	0	0	0
TRR-TCT5-1	0	0	0
TRK-TTT9-1	0	0	0
TRD-GTC3-1	0	0	0
TRK-TTT4-1	0	0	0
TRX-CAT1-6	0	0	0
TRL-CAA3-1	0	0	0
TRL-CAA2-1	0	0	0
TRT-CGT5-1	0	0	0
TRI-TAT2-3	0	0	0
TRV-AAC3-1	0	0	0
LOC124901292	0	0	0
TRI-AAT8-1	0	0	0
TRR-ACG2-4	0	0	0
TRS-CGA3-1	0	0	0
TRV-AAC4-1	0	0	0
TRT-AGT2-2	0	0	0
TRI-AAT2-1	0	0	0
LINC01012	1	0	1
LOC124901291	1	0	1
TRL-TAA2-1	0	0	0
TRT-AGT4-1	0	0	0
TRV-AAC1-5	0	0	0
LOC100131289	0	0	0
TRQ-CTG6-1	0	0	0
TRQ-TTG3-3	0	0	0
H2BC13	5	0	5
H2AC13	27	0	27
H3C10	43	0	43
H2AC14	0	0	0
H2BC14	0	0	0
H4C11	2	0	2
H4C12	18	0	18
H2AC15	17	0	19
H2BC15	27	2	27
H2AC16	5	1	4
H1-5	1	0	1
H3C11	0	0	0
H4C13	0	0	0
H3C12	8	0	8
H2AC17	32	0	32
H2BC17	10	0	10
TRX-CAT1-7	0	0	0
TRG-GCC2-3	0	0	0
OR2B2	0	0	0
OR2B6	10	0	10
LOC124901506	0	1	0
OR2B8	0	0	0
ZNF165	49	9	40
ZSCAN12P1	32	21	14
ZSCAN16-AS1	68	37	73
ZSCAN16	46	5	79
ZKSCAN8	836	0	836
ZKSCAN8P1	50	0	50
TRS-GCT5-1	0	0	0
TOB2P1	42	0	42
ZSCAN9	259	0	259
ZKSCAN4	147	1	146
NKAPL	0	0	0
ZSCAN26	176	0	176
PGBD1	172	0	172
ZSCAN31	95	1	94
ZKSCAN3	149	0	149
ZSCAN12	315	0	315
LOC105374998	1	0	1
ZSCAN23	0	0	0
TRT-TGT1-1	0	0	0
TRL-AAG4-1	1	0	1
LOC124901294	6	0	6
TRT-CGT1-1	0	0	0
LOC124901295	0	0	0
GPX6	0	0	0
GPX5	0	0	0
TRI-TAT3-1	0	0	0
LOC107986586	0	0	0
TRR-TCG5-1	0	0	0
SCAND3	9	0	9
ZBED9-AS1	0	0	0
TRQ-TTG2-1	0	0	0
TRS-GCT4-1	0	0	0
TRA-AGC3-1	0	0	0
LOC105374996	0	0	0
TRA-TGC2-1	0	0	0
TRT-CGT3-1	0	0	0
LINC00533	0	0	0
TRA-AGC4-1	0	0	0
TRA-CGC2-1	0	0	0
TRA-AGC5-1	0	0	0
TRA-AGC7-1	0	0	0
TRT-AGT3-1	0	0	0
TRA-CGC4-1	0	0	0
TRV-AAC6-1	0	0	0
TRR-CCG1-1	0	0	0
TRK-TTT7-1	0	0	0
TRA-TGC6-1	0	0	0
TRF-GAA6-1	0	0	0
TRF-GAA5-1	0	0	0
TRA-TGC1-1	0	0	0
TRF-GAA1-1	0	0	0
TRA-AGC1-1	0	0	0
TRA-TGC7-1	0	0	0
TRF-GAA3-1	0	0	0
TRA-AGC6-1	0	0	0
TRA-TGC5-1	0	0	0
TRF-GAA4-1	0	0	0
LOC124901296	2	0	2
TRA-AGC2-1	0	0	0
LINC01623	0	0	0
TRA-AGC2-2	0	0	0
TRR-CCG1-2	0	0	0
TRL-CAA1-1	0	0	0
HCG14	0	0	0
TRIM27	0	0	0
TRL-CAA1-2	0	0	0
TRQ-CTG1-3	0	0	0
TRL-AAG2-2	0	0	0
LINC01556	0	0	0
TRM-CAT3-1	0	0	0
TRK-TTT3-3	0	0	0
TRM-CAT3-2	0	0	0
TRF-GAA1-2	0	0	0
TRE-CTC1-6	0	0	0
HCG15	0	0	0
TRL-AAG3-1	0	0	0
ZNF311	0	0	0
LOC105375002	0	0	0
OR2W1-AS1	0	0	0
OR2W1	0	0	0
OR2B3	0	0	0
OR2J1	0	0	0
OR2J3	0	0	0
OR2J2	0	0	0
LOC124901297	0	0	0
LINC03003	0	0	0
LOC105375006	0	0	0
LOC105375005	0	0	0
OR14J1	0	0	0
OR5V1	0	0	0
OR12D3	0	0	0
OR12D2	0	0	0
OR12D1	0	0	0
OR11A1	0	0	0
OR10C1	0	0	0
LOC105379641	0	0	0
OR2H1	0	0	0
LOC105375008	0	0	0
MAS1L	0	0	0
LOC124901486	0	0	0
LINC02829	0	0	0
LINC01015	0	0	0
OR2I1	0	0	0
UBD	0	0	0
SNORD32B	0	0	0
OR2H2	0	0	0
GABBR1	0	0	0
MOG	0	0	0
ZFP57	0	0	0
HLA-F	0	0	0
HLA-F-AS1	0	0	0
IFITM4P	0	0	0
HCG4	0	0	0
HLA-V	0	0	0
HLA-G	0	0	0
LOC105375010	0	0	0
HCP5B	0	0	0
HLA-H	0	0	0
HCG4B	0	0	0
LOC124901298	0	3	0
HLA-A	140	0	140
HCG9	0	0	0
POLR1HASP	0	0	0
HLA-J	0	0	0
POLR1H	0	0	0
PPP1R11	0	0	0
RNF39	0	0	0
TRIM31	0	0	0
TRIM31-AS1	0	0	0
LOC124900227	0	0	0
TRIM40	0	0	0
TRIM10	0	0	0
TRIM15	0	0	0
TRIM26	0	0	0
HCG17	0	0	0
HLA-L	0	0	0
HCG18	0	0	0
TRIM39	0	0	0
TRIM39-RPP21	0	0	0
RPP21	0	0	0
LOC105375012	0	0	0
HLA-E	0	0	0
LINC02569	0	0	0
GNL1	0	0	0
PRR3	0	0	0
ABCF1	0	0	0
MIR877	0	0	0
PPP1R10	0	0	0
MRPS18B	0	0	0
ATAT1	0	0	0
C6orf136	0	0	0
DHX16	0	0	0
PPP1R18	0	0	0
NRM	0	0	0
MDC1	0	0	0
MDC1-AS1	0	0	0
TUBB	0	0	0
FLOT1	0	0	0
IER3-AS1	0	0	0
IER3	1	0	1
HCG20	0	0	0
LINC00243	0	0	0
LINC02570	0	0	0
DDR1	0	0	0
MIR4640	0	0	0
GTF2H4	0	0	0
VARS2	0	0	0
SFTA2	0	0	0
LOC124901299	0	0	0
MUCL3	0	0	0
HCG21	0	0	0
MUC21	0	0	0
MUC22	0	0	0
HCG22	0	0	0
C6orf15	0	0	0
PSORS1C1	10	0	10
CDSN	0	0	0
PSORS1C2	1	1	0
CCHCR1	97	1	96
TCF19	18	0	18
POU5F1	0	0	0
PSORS1C3	0	0	0
HCG27	0	0	0
HLA-C	2	0	2
LINC02571	0	0	0
LOC112267902	0	0	0
HLA-B	5	0	5
MIR6891	0	0	0
LOC124901300	0	0	0
MICA-AS1	0	1	0
MICA	71	0	72
LINC01149	0	0	0
HCP5	0	0	0
HCG26	0	0	0
MICB-DT	0	0	0
MICB	0	0	0
MCCD1	0	0	0
ATP6V1G2-DDX39B	0	0	0
DDX39B	0	0	0
SNORD117	0	0	0
SNORD84	0	0	0
DDX39B-AS1	0	0	0
ATP6V1G2	0	0	0
NFKBIL1	0	0	0
LOC100287329	0	0	0
LTA	0	0	0
TNF	0	0	0
LTB	0	0	0
LST1	0	0	0
NCR3	0	0	0
AIF1	0	0	0
PRRC2A	0	0	0
SNORA38	0	0	0
MIR6832	0	0	0
BAG6	0	0	0
APOM	0	0	0
C6orf47	0	0	0
GPANK1	0	0	0
CSNK2B	0	0	0
LY6G5B	0	0	0
LY6G5C	0	0	0
LOC105375019	0	0	0
ABHD16A	0	0	0
LOC105375018	0	0	0
MIR4646	0	0	0
LY6G6F-LY6G6D	0	0	0
LY6G6F	0	0	0
LY6G6E	0	0	0
LY6G6D	0	0	0
LY6G6C	0	0	0
MPIG6B	0	0	0
DDAH2	0	0	0
CLIC1	0	0	0
MSH5-SAPCD1	0	0	0
MSH5	0	0	0
SAPCD1	0	0	0
SAPCD1-AS1	0	0	0
VWA7	0	0	0
VARS1	0	0	0
LSM2	0	0	0
HSPA1L	0	0	0
HSPA1A	0	0	0
HSPA1B	0	0	0
SNHG32	0	0	0
SNORD48	0	0	0
SNORD52	0	0	0
NEU1	0	0	0
SLC44A4	0	0	0
EHMT2-AS1	0	0	0
EHMT2	0	0	0
C2	0	0	0
ZBTB12	0	0	0
C2-AS1	0	0	0
CFB	3	0	3
NELFE	5	0	5
MIR1236	0	0	0
SKIC2	0	0	0
DXO	0	0	0
WHR1	0	0	0
C4A	0	0	0
CYP21A1P	0	0	0
TNXA	0	0	0
C4B	0	0	0
CYP21A2	0	0	0
TNXB	0	0	0
ATF6B	0	0	0
FKBPL	0	0	0
PRRT1	0	0	0
LOC100507547	0	0	0
PPT2	0	0	0
PPT2-EGFL8	0	0	0
EGFL8	0	0	0
AGPAT1	0	0	0
MIR6721	0	0	0
RNF5	0	0	0
MIR6833	0	0	0
AGER	0	0	0
PBX2	0	0	0
GPSM3	0	0	0
NOTCH4	0	0	0
TSBP1-AS1	0	0	0
TSBP1	0	0	0
HCG23	0	0	0
BTNL2	0	0	0
HLA-DRA	0	0	0
HLA-DRB5	0	0	0
HLA-DRB6	0	0	0
HLA-DRB1	0	0	0
HLA-DQA1-AS1	0	0	0
HLA-DQA1	0	0	0
HLA-DQB1	0	0	0
HLA-DQB1-AS1	0	0	0
LOC102725019	0	0	0
HLA-DQA2	0	0	0
MIR3135B	0	0	0
HLA-DQB2	0	0	0
HLA-DOB	0	0	0
TAP2	0	0	0
PSMB8	0	0	0
PSMB8-AS1	0	0	0
TAP1	0	0	0
PSMB9	0	0	0
LOC100294145	0	0	0
HLA-DMB	0	0	0
HLA-DMA	0	0	0
LOC124901302	0	0	0
BRD2	0	0	0
HLA-DOA	0	0	0
HLA-DPA1	0	0	0
HLA-DPB1	0	0	0
HLA-DPB2	0	0	0
LOC105375021	0	0	0
HCG24	0	0	0
COL11A2	0	0	0
RXRB	0	0	0
SLC39A7	0	0	0
HSD17B8	0	0	0
MIR219A1	0	0	0
RING1	0	0	0
LOC105375022	0	0	0
HCG25	0	0	0
VPS52	0	0	0
RPS18	0	0	0
B3GALT4	0	0	0
WDR46	0	0	0
MIR6873	0	0	0
PFDN6	0	0	0
MIR6834	0	0	0
RGL2	2	0	2
TAPBP	0	0	0
ZBTB22	0	0	0
DAXX	26	0	26
LOC124901303	0	0	0
SMIM40	0	0	0
KIFC1	0	0	0
PHF1	0	0	0
CUTA	0	0	0
SYNGAP1	10	0	21
SYNGAP1-AS1	0	11	0
MIR5004	0	0	0
ZBTB9	0	0	0
LOC107986537	0	0	0
BAK1	796	0	796
GGNBP1	0	0	0
LINC00336	0	0	0
ITPR3	6238	56	6190
LOC124901305	0	0	5
ITPR3-AS1	2	11	1
UQCC2	254	5	257
MIR3934	13	13	0
LOC124901304	6	0	6
IP6K3	0	0	0
LEMD2	956	6	950
LOC105375024	0	0	0
MLN	0	0	0
LOC105375025	0	0	0
LOC124901306	0	0	0
LOC105375027	0	0	0
LINC01016	1	0	1
LOC105375026	0	0	0
MIR7159	0	0	0
LOC107986590	0	0	0
LOC124901307	0	0	0
LOC124901308	0	0	0
MIR1275	0	0	0
GRM4	0	0	0
LOC124901225	87	0	87
HMGA1	5942	11	5931
MIR6835	2	0	2
SMIM29	129	0	129
SMIM29-AS1	3	1	2
NUDT3	1072	8	1064
RPS10-NUDT3	0	0	0
RPS10	7	0	7
PACSIN1	0	0	0
SPDEF	10	0	10
ILRUN	2186	8	2379
LOC124901535	0	0	0
LOC105375028	1	0	1
LOC124901540	0	0	0
ILRUN-AS1	10	194	17
SNRPC	1203	0	1203
BLTP3A	852	4	849
TAF11	632	4	629
ANKS1A	620	2	618
TCP11	0	0	0
LOC112267955	0	0	0
SCUBE3	2	6	0
SCUBE3-AS1	19	0	23
ZNF76	522	0	522
DEF6	7	0	7
PPARD	521	0	521
FANCE	838	0	838
RPL10A	10745	4	10741
MIR7111	0	0	0
TEAD3	453	0	453
TULP1	1	1	1
LOC124901309	0	1	0
LINC03135	0	0	0
LOC124901310	0	0	0
FKBP5	1509	0	1509
LOC124900228	0	0	0
MIR5690	0	0	0
LOC285847	0	6	0
ARMC12	15	0	21
CLPSL2	0	0	0
CLPSL1	0	0	0
CLPS	0	0	0
LHFPL5	2	0	2
SRPK1	1991	1	1990
LOC124901311	3	0	3
SLC26A8	0	1	0
LOC105375035	0	0	1
LOC105375034	0	0	0
MAPK14	1176	0	1176
MAPK13	107	0	107
BRPF3-AS1	11	9	11
BRPF3	440	1	448
LOC105375036	0	0	0
PNPLA1	14	0	14
BNIP5	0	0	0
ETV7	0	0	0
ETV7-AS1	0	0	0
PXT1	0	1	0
KCTD20	1598	3	1597
STK38	1030	0	1031
SRSF3	4618	1	4617
MIR3925	0	0	0
LOC105375038	1	0	1
PANDAR	1	1	0
CDKN1A	6905	7	6903
DINOL	2	2	5
RAB44	1	0	1
CPNE5	16	0	16
PPIL1	551	0	680
C6orf89	1196	129	1196
PI16	0	0	0
MTCH1	3479	1	3478
FGD2	0	0	0
PIM1	910	8	902
TMEM217B	0	0	0
TMEM217	13	0	13
LOC124901537	0	0	0
TBC1D22B	282	8	313
LOC105375040	0	0	0
RNF8	464	0	464
CMTR1	735	1	737
LOC107986531	0	3	0
CCDC167	119	3	116
LINC02520	0	0	0
LOC124901312	0	0	0
MIR4462	0	0	0
LOC124901313	0	0	0
MDGA1	7	0	7
ZFAND3-DT	0	0	0
ZFAND3	701	0	701
LOC124901314	10	0	10
BTBD9	11	4	7
LOC124901315	4	0	4
LOC105375045	0	0	0
BTBD9-AS1	0	0	0
LOC105375044	0	0	0
GLO1	3501	0	3501
DNAH8-DT	0	0	0
DNAH8	0	0	0
LOC124900223	0	0	0
DNAH8-AS1	0	0	0
GLP1R	0	0	0
MIR9983	0	0	0
LOC105375046	0	0	0
SAYSD1	66	0	66
KCNK5	270	0	270
KCNK17	0	0	0
LOC105375047	0	0	0
KCNK16	0	0	0
KIF6	0	0	0
LOC107986594	0	0	0
DAAM2	0	0	0
LOC124901487	0	0	0
DAAM2-AS1	0	0	0
MOCS1	0	0	0
LOC102723789	0	0	0
LOC105375049	0	0	0
LOC105375050	0	0	0
LINC00951	0	0	0
TDRG1	0	0	0
LRFN2	0	0	0
LOC105379699	0	0	0
LOC105375051	0	0	0
LOC101929535	0	0	0
LOC105375052	0	0	0
LOC105375053	0	0	0
LOC101929555	0	0	0
UNC5CL	35	0	35
TSPO2	0	0	0
APOBEC2	1	2	0
OARD1	317	44	316
NFYA	366	0	408
ADCY10P1	4	0	4
TREML1	0	0	0
TREM2	0	0	0
LOC107986595	0	0	0
TREML2	0	0	0
TREML3P	0	0	0
LOC105375055	0	0	0
TREML4	0	0	0
TREML5P	0	0	0
TREM1	0	0	0
NCR2	0	0	0
LOC100505711	0	0	0
LOC107986538	1	0	1
LOC112267957	3	0	3
LINC01276	1	1	0
FOXP4-AS1	29	0	29
FOXP4	426	0	426
MIR4641	0	0	0
MDFI	0	0	0
TFEB	400	0	400
MIR10398	0	0	0
PGC	0	0	0
FRS3	103	0	103
PRICKLE4	414	12	402
TOMM6	1907	3	1905
USP49	378	32	347
LOC124900222	0	0	0
MED20	309	0	309
BYSL	922	1	921
CCND3	2392	3	2389
LOC105375059	0	0	0
TAF8	412	0	412
C6orf132	0	0	0
GUCA1ANB-GUCA1A	0	0	0
CIMIP3	0	0	0
GUCA1A	0	0	0
GUCA1B	2	0	2
MRPS10	793	0	793
LOC105375061	3	6	0
TRERF1	507	2	508
LOC124901316	16	16	0
LOC124900214	1	0	1
LOC107986596	0	0	0
LOC124901534	0	0	0
LOC124901317	1	0	1
UBR2	1042	0	1042
PRPH2	0	0	0
ATP6V0CP3	0	0	0
TBCC	580	0	581
BICRAL	300	1	300
LOC401261	25	0	25
RPL7L1	2319	0	2319
PEX39	88	2	86
PTCRA	0	0	0
CNPY3	678	7	671
CNPY3-GNMT	0	0	0
LINC02976	29	0	29
GNMT	11	8	3
PEX6	560	9	555
LOC124900215	3	0	3
PPP2R5D	614	157	1294
MEA1	450	898	586
KLHDC3	1563	0	1760
RRP36	916	0	919
CUL7	753	54	929
LOC124901318	3	214	16
MRPL2	839	0	839
KLC4	295	1	379
KLC4-AS1	0	85	0
PTK7	0	0	0
SRF	887	2	885
CUL9	771	8	763
DNPH1	1003	1	1002
TTBK1	0	0	0
SLC22A7	0	0	0
LOC124901319	0	0	0
CRIP3	0	0	0
ZNF318	541	0	552
LOC124901227	1	11	1
LOC105375065	0	0	0
ABCC10	242	1	246
MIR6780B	0	0	0
DLK2	19	20	4
TJAP1	643	1	642
LRRC73	22	0	22
YIPF3	1952	0	1952
POLR1C	732	230	622
XPO5	1756	5	1872
LOC124901522	0	0	0
LOC124900224	0	0	0
POLH	628	22	608
GTPBP2	1762	3	1761
MAD2L1BP	527	2	526
RSPH9	5	623	1
MRPS18A	269	1	887
LOC124901320	0	0	0
VEGFA	2127	2	2125
LOC105375070	0	0	0
LOC105375069	0	0	0
LINC02537	0	0	0
LOC105375068	0	0	0
LINC01512	0	0	0
LOC124901321	36	37	151
SCIRT	67	350	121
LINC03040	978	8	1206
MRPL14	719	0	725
TMEM63B	1226	10	1432
LOC107986599	0	210	0
CAPN11	2	0	2
LOC105375072	0	0	0
MYMX	0	0	0
SLC29A1	965	0	965
HSP90AB1	23771	16	23755
SLC35B2	2628	1	2627
MIR4647	0	0	0
NFKBIE	188	0	188
TMEM151B	2	0	2
DRC5	26	0	26
AARS2	493	0	550
LOC124901322	0	57	0
SPATS1	1	1	0
LOC124901323	1	65	2
CDC5L	939	1	1004
MIR4642	0	0	0
LOC105375074	1	0	1
LOC105375075	0	0	0
LOC124901325	0	0	0
LOC101929770	1	14	0
SUPT3H	65	0	78
MIR586	0	0	0
RUNX2	46	0	47
LOC124901324	5	2	4
RUNX2-AS1	0	0	0
LOC124901518	0	0	0
CLIC5	1	0	1
LOC124901326	0	0	0
ENPP4	0	0	0
ENPP5	0	0	0
LOC105375079	0	0	0
RCAN2	0	0	0
LOC101926915	0	0	0
RCAN2-DT	0	0	0
CYP39A1	11	0	11
SLC25A27	111	0	111
TDRD6-AS1	0	0	0
TDRD6	13	0	13
PLA2G7	0	0	0
ANKRD66	0	0	0
MEP1A	0	0	0
ADGRF5	0	0	0
LOC124901488	0	0	0
ADGRF5-AS1	0	0	0
LOC105375080	0	0	0
LOC124901489	0	0	0
ADGRF1	0	0	0
LOC105375081	0	0	0
TNFRSF21	258	0	258
LOC105375082	0	0	0
CD2AP-DT	0	7	0
CD2AP	742	0	749
ADGRF2P	0	0	0
ADGRF4	19	0	19
OPN5	0	0	0
LOC107986601	0	0	0
PTCHD4	5	0	5
LOC107986602	0	0	0
LOC124901478	0	0	0
MMUT	569	0	569
CENPQ	420	0	420
GLYATL3	0	0	0
C6orf141	0	0	0
RHAG	0	0	0
CRISP2	0	0	0
CRISP3	0	0	0
PGK2	0	0	0
LOC101927020	0	0	0
LOC101927048	0	0	0
CRISP1	0	0	0
DEFB133	0	0	0
DEFB114	0	0	0
DEFB113	0	0	0
DEFB110	0	0	0
DEFB112	0	0	0
LOC100505985	0	0	0
LOC124901479	0	0	0
TFAP2D	0	0	0
LOC105375084	0	0	0
LOC124901490	0	0	0
TFAP2B	0	0	0
LOC105375085	0	0	0
LOC124900230	0	0	0
PKHD1	0	0	0
LOC101927082	0	0	0
LOC124900615	0	0	0
LOC105375087	0	0	0
LOC124901327	0	0	0
MIR206	0	0	0
LINCMD1	0	0	0
MIR133B	0	0	0
IL17A	0	0	0
LOC102724327	0	0	0
IL17F	0	0	0
LOC124901328	0	0	0
MCM3	5144	3	5141
LOC124901329	1	0	1
PAQR8	48	0	48
LOC124901331	2	14	4
EFHC1	318	4	330
TRAM2	1441	1	1440
TRAM2-AS1	43	0	43
LOC124901330	0	0	0
LOC730101	42	0	42
TMEM14A	389	0	389
GSTA7P	0	0	0
GSTA2	0	0	0
GSTA1	0	0	0
GSTA5	0	0	0
LOC105375091	0	0	0
GSTA3	0	0	0
GSTA4	50	0	50
RN7SK	19	0	19
CILK1	314	0	314
LOC128092246	0	0	0
FBXO9	1274	1	1273
LOC128031835	0	0	0
GCM1	3	0	3
LOC124901332	1	0	1
ELOVL5	2809	11	2798
MIR5685	1	1	0
RPS16P5	0	0	0
GCLC-AS1	1	2	0
GCLC	564	0	565
KILH	0	0	0
LINC01564	0	0	0
KLHL31	29	4	25
LOC124901334	0	0	0
LOC124901333	3	0	3
LRRC1	169	0	169
LOC101927189	0	0	0
MLIP-IT1	0	0	0
MLIP	0	0	0
MLIP-AS1	0	0	0
LOC105375097	0	0	0
LOC124901335	0	0	0
LOC105375098	0	0	0
TINAG	0	0	0
TINAG-AS1	0	0	0
LOC107986606	2	0	2
FAM83B	435	4	431
HCRTR2	0	0	0
LOC124901491	0	0	0
GFRAL	0	0	0
HMGCLL1	0	0	0
BMP5	3	0	3
LOC107986539	0	0	0
LOC105375100	0	0	0
COL21A1	0	0	0
DST	2504	3	2501
DST-AS1	0	0	0
BEND6	53	2	51
KIAA1586	310	1	309
ZNF451	789	0	789
ZNF451-AS1	3	3	0
BAG2	978	269	1060
RAB23	306	89	570
PRIM2	658	2	658
LINC03001	0	0	0
MIR548U	0	0	0
LOC105375103	0	0	0
TRI-AAT1-1	0	0	0
LOC105375102	0	0	0
TRA-AGC24-1	0	0	0
TRNAI-AAU	0	0	0
LOC105375101	0	0	0
TRA-AGC13-2	0	0	0
TRM-CAT7-1	0	0	0
LOC101927268	1	0	1
TRA-AGC12-3	0	0	0
GUSBP4	30	0	30
LINC00680-GUSBP4	0	0	0
LINC00680	20	0	20
LOC101927293	0	0	0
LOC124901336	0	0	0
KHDRBS2	0	0	0
FKBP1C	4	0	4
LGSN	102	2	100
PTP4A1	29	4	32
LOC124901228	0	0	0
LOC128125822	118	0	118
PHF3	940	4	954
EYS	19	33	4
SCAT8	8	0	8
LOC105377836	0	0	0
LOC107986608	0	0	0
LOC105377837	0	0	0
LOC107986607	0	0	0
ZC3H11C	23	0	23
SLC25A51P1	0	0	0
LOC105377838	0	0	0
LOC105377840	0	0	0
LOC105377839	0	0	0
LOC105377841	0	0	0
LOC107986540	0	0	0
LOC124900229	0	0	0
LOC105377843	0	0	0
LOC105377842	0	0	0
LOC105377845	0	0	0
LOC107986610	0	0	0
LOC105377844	0	0	0
LOC102723883	0	0	0
LOC105377846	0	0	0
LINC02549	0	0	0
ADGRB3-DT	0	0	0
ADGRB3	0	0	0
LOC127898563	0	0	0
LOC124901492	0	0	0
LMBRD1	558	0	558
LOC124901337	1	0	1
COL19A1	0	0	0
COL9A1	0	0	0
LOC105377848	1	0	1
LOC105377847	1	3	1
LINC01610	0	0	3
FAM135A-AS1	1	0	1
FAM135A	186	0	186
SDHAF4	69	0	69
SMAP1	125	1	908
B3GAT2	7	791	0
LOC105377850	0	0	0
LOC124901229	0	0	0
LOC124901508	0	0	0
LOC124901338	2	0	2
LOC124901339	3	0	3
OGFRL1	529	3	526
MIR30C2	2	0	2
MIR30A	0	0	0
LINC00472	219	5	216
LINC01626	4	0	6
LOC105377853	0	0	0
RIMS1	474	119	355
LOC107986611	0	0	0
KCNQ5-DT	0	0	0
KCNQ5	0	0	0
KCNQ5-IT1	0	0	0
LOC124901340	0	0	0
LOC105377855	0	0	0
MIR4282	0	0	0
KCNQ5-AS1	0	0	0
LOC122539213	0	0	0
KHDC1L	0	0	0
KHDC1	0	0	0
KHDC1-AS1	13	13	10
C6orf147	5	0	5
DPPA5	0	0	0
KHDC3L	0	0	0
OOEP	4	0	4
OOEP-AS1	0	0	0
LOC124901538	0	0	0
DDX43	0	0	0
CGAS	396	5	391
MTO1	714	2	712
EEF1A1	160281	54	160240
EEF1A1-AS1	23	32	4
SLC17A5	705	0	705
CD109	2833	1	2837
CD109-AS1	16	5	16
LOC101928516	0	0	0
LOC105377858	0	0	0
COL12A1	5701	3	5698
SNORD156	0	0	0
COX7A2	1604	1	1603
TMEM30A	1618	0	1618
LOC124901344	15	0	15
TMEM30A-DT	10	0	11
FILIP1	7	3	5
LOC101928540	1	0	1
LOC124901509	0	0	0
MIR4463	0	0	0
LOC124901343	0	0	0
SENP6	943	0	943
MYO6	589	0	589
LOC124901542	0	0	0
IMPG1	1	1	0
LINC02540	0	0	0
LOC105377861	0	0	0
LOC105377862	0	0	0
LOC124901345	0	0	0
LOC101928570	0	0	0
LOC105377864	2	0	2
HTR1B	0	0	0
LOC124901493	0	0	0
MEI4	0	0	0
LOC105377865	0	0	0
MIR10524	0	0	0
LOC107986613	0	0	0
IRAK1BP1	16	34	16
PHIP	1282	1	1322
LOC124901346	14	21	0
LOC124901347	0	0	0
HMGN3	933	14	1463
HMGN3-AS1	17	531	30
LCAL1	1	0	1
LOC100506851	0	3	0
LOC105377867	0	0	0
LCA5	24	4	27
LOC124901348	0	0	0
SH3BGRL2	1	0	5
LOC124901349	0	0	0
LINC01621	0	0	0
LOC107986614	0	0	0
ELOVL4	0	0	0
LOC124901350	0	0	0
LOC124901351	0	0	0
TTK	823	0	823
BCKDHB	576	0	576
LOC112267962	0	0	0
LOC105377869	0	0	0
LOC105377871	6	0	6
TENT5A	2510	1	2509
LOC105377873	6	0	7
LOC124900219	0	1	0
LINC01526	0	0	0
LINC02542	5	0	5
LOC107986617	0	0	0
IBTK	0	0	0
LOC105377874	0	0	0
LOC105377875	0	0	0
TPBG	0	0	0
LOC124901352	0	0	0
LOC105377876	0	0	0
LOC105377877	0	0	0
UBE3D	76	0	76
DOP1A	78	374	155
PGM3	641	81	1012
RWDD2A	201	0	202
ME1	306	0	306
PRSS35	0	0	0
SNAP91	0	0	0
LOC105377879	0	0	0
RIPPLY2	0	0	0
RIPPLY2-CYB5R4	0	0	0
CYB5R4	0	0	0
LINC02857	0	0	0
MRAP2	0	0	0
CEP162	235	0	235
LOC107986621	0	0	0
LOC107986620	0	0	0
LOC107986619	0	0	0
LINC01611	0	0	0
TBX18-AS1	0	0	0
TBX18	0	0	0
LOC124901353	0	0	0
LOC124901494	0	0	0
LOC105377881	0	0	0
LINC02535	0	0	0
NT5E	396	0	396
SNX14	748	0	748
SYNCRIP	3159	0	3159
SNHG5	185	0	185
SNORD50A	0	0	0
SNORD50B	5	0	5
LOC101928842	0	0	0
HTR1E	0	0	0
LOC124901354	0	0	0
CGA	96	0	96
LOC124901355	2	0	2
ZNF292	472	0	472
LOC124901356	1	0	1
GJB7	2	2	0
SMIM8	67	0	67
C6orf163	3	0	3
LINC01590	9	0	9
CFAP206	7	0	7
LOC124901357	0	0	0
SLC35A1	225	2	223
RARS2	476	0	476
ORC3	585	48	583
AKIRIN2	269	2	313
LOC124901528	0	0	0
LOC101928911	0	0	0
LOC105377882	0	0	0
LOC107986541	0	0	0
SPACA1	0	0	0
CNR1	0	0	0
LOC105377884	0	0	0
LOC105377885	0	0	0
LOC124901358	0	0	0
LOC101928936	0	0	0
RNGTT	331	0	331
PNRC1-DT	1	0	1
PNRC1	1892	0	1892
PM20D2	341	0	357
SRSF12	0	0	0
LOC101929004	22	16	22
GABRR1	0	0	0
GABRR2	3	0	3
UBE2J1	572	0	572
RRAGD	0	0	0
LOC124901360	0	0	0
ANKRD6	0	19	0
LOC105377889	0	0	0
LOC124901359	0	0	0
LYRM2	267	0	286
MDN1-AS1	1	72	1
MDN1	839	0	911
LOC124901536	0	0	0
CASP8AP2	0	0	0
GJA10	0	0	0
BACH2	2	0	2
LOC105377890	0	0	0
LOC124901361	0	0	0
LOC105377891	0	0	0
MIR4464	0	0	0
LOC124901362	0	0	0
MAP3K7	561	0	605
LOC124901363	1	44	1
LOC107986623	0	0	0
LOC105377893	0	0	0
LOC107986624	0	0	0
MIR4643	0	0	0
CASC6	0	0	0
LOC105377894	0	0	0
LOC124901505	0	0	0
LOC107986625	0	0	0
LINC02531	6	0	6
LOC124901495	0	0	0
LOC124901507	0	0	0
LOC105377897	0	0	0
EPHA7	0	0	0
LOC105377899	0	0	0
TSG1	0	0	0
LOC124901496	0	0	0
LOC105377901	0	0	0
MANEA-DT	6	0	6
MANEA	106	0	106
LOC107986543	0	0	0
LOC107986626	0	0	0
FUT9	0	0	0
LOC105377905	0	0	0
UFL1-AS1	17	0	17
UFL1	368	0	368
FHL5	0	0	0
LOC105377908	0	0	0
GPR63	0	0	0
NDUFAF4	196	0	196
KLHL32	0	0	0
MMS22L	301	0	301
LOC101927314	0	0	0
LOC105377909	0	0	0
LOC107986627	0	0	0
MIR2113	0	0	0
LOC105377910	0	0	0
PNKY	1	0	1
POU3F2	12	3	9
LOC124901364	0	1	0
FBXL4	267	0	267
MIR548AI	0	0	0
FAXC	78	0	78
COQ3	307	0	307
PNISR	1393	4	1434
PNISR-AS1	30	41	34
USP45	211	10	201
LOC124901365	2	13	2
TSTD3	44	283	51
CCNC	530	17	790
PRDM13	0	0	0
MCHR2	0	0	0
MCHR2-AS1	0	0	0
LOC105377911	0	0	0
SIM1	0	0	0
SIM1-AS1	0	0	0
ASCC3	935	0	935
LOC107984041	5	0	5
LOC124901545	0	0	0
GRIK2	33	0	33
LOC101927388	0	0	0
LOC105377913	0	0	0
LOC105377916	0	0	0
LOC124900225	0	0	0
LOC105377917	0	0	0
LOC102724443	0	0	0
LOC105377918	0	0	0
HACE1	215	0	215
LIN28B-AS1	0	0	0
LIN28B	0	0	0
POPDC1	0	0	0
POPDC1-AS1	0	0	0
POPDC3	0	0	0
PREP	956	1	1125
PREP-AS1	12	182	0
LOC105377921	0	0	0
LINC02836	0	0	0
LOC105377923	0	0	0
PRDM1	376	0	376
ATG5	853	0	853
CRYBG1	542	16	531
LOC105377924	0	1	0
LOC101927405	0	0	0
RTN4IP1	323	0	330
QRSL1	528	3	528
LINC02526	0	0	0
LOC105377927	0	0	0
LINC02532	0	0	0
MIR587	0	0	0
LOC105377928	0	0	0
CD24	4775	0	4775
MTRES1	199	0	199
BEND3	168	0	168
PDSS2	255	0	255
LOC124901366	0	0	0
SOBP	0	0	0
LOC124901367	0	0	0
SCML4	0	0	0
SEC63	2354	2	2352
LOC105377929	0	0	0
OSTM1	406	0	406
LOC124901368	0	0	0
OSTM1-AS1	0	0	0
NR2E1	0	0	0
LOC124901369	0	0	0
SNX3	1606	0	1606
LOC124901529	0	0	0
AFG1L	94	0	95
LOC124901371	0	0	0
LOC124901370	3	4	0
LOC124901372	0	0	0
FOXO3	667	0	667
LOC107986629	1	0	1
LINC00222	0	0	0
ARMC2	25	113	23
LOC124901373	9	0	9
LOC124901481	3	0	3
ARMC2-AS1	0	0	0
SESN1	475	2	584
CEP57L1	424	1	423
CCDC162P	5	1	4
LOC124901374	0	0	0
LOC124901530	0	0	0
CD164	2344	7	2337
PPIL6	31	68	31
SMPD2	188	1	255
MICAL1	33	5	28
ZBTB24	221	0	221
ZBTB24-DT	0	0	0
AK9	100	0	100
FIG4	369	0	369
GPR6	0	0	0
LOC107986631	0	0	0
WASF1	594	0	594
CDC40	501	0	501
METTL24	0	0	0
LOC105377937	0	0	0
LOC102724586	0	0	0
DDO	27	0	27
LOC105377936	0	0	0
SLC22A16	0	0	0
LOC105377938	0	0	0
LOC105377940	0	0	0
LOC105377939	0	0	0
LOC105377941	0	0	0
CDK19	344	0	348
AMD1	2423	9	2418
SNORA40C	0	0	0
GTF3C6	562	0	562
LOC124901533	0	0	0
RPF2	500	0	500
LOC124901375	0	0	0
GSTM2P1	0	0	0
SLC16A10	0	0	0
SNORD166	0	0	0
LOC124901377	0	0	0
SLC60A2-DT	0	0	0
LOC124901378	0	0	0
SLC60A2	248	0	248
LOC124901376	9	1	8
REV3L	796	8	790
TRAF3IP2-AS1	29	11	27
LOC107986522	6	1	5
TRAF3IP2	887	5	889
LOC105377944	1	0	1
LOC124901539	0	0	0
FYN	2891	2	3366
LOC105377945	2	479	0
LOC102724646	8	0	8
LINC02527	1	0	1
LOC105377947	0	0	0
CCN6	3	3	0
TUBE1	182	0	182
FAM229B	72	0	72
LAMA4	6	1	6
LOC107986633	0	1	0
LAMA4-AS1	0	0	0
LOC107986632	17	0	17
RFPL4B	0	0	0
LOC101927664	0	0	0
LOC124901541	0	0	0
LOC105377949	0	0	0
LOC107986634	0	0	0
LOC105377950	0	0	0
LOC107986635	0	0	0
LOC107986636	0	0	0
LOC105377952	0	0	0
LOC105377956	0	0	0
LOC105377953	0	0	0
LOC105377955	0	0	0
LOC107986637	0	0	0
LOC124901497	0	0	0
LINC02518	0	0	0
LOC124901379	0	0	0
LOC124901380	0	0	0
LINC02541	0	0	0
LOC124901381	0	0	0
MARCKS	1503	15	1488
MROCKI	0	0	0
LOC124901382	0	0	0
LINC02880	0	0	0
HDAC2	2901	0	2901
HDAC2-AS2	1	0	1
LOC124901384	0	0	0
HS3ST5	0	0	0
LOC124901383	0	0	0
LOC107986638	0	0	0
LNCPOIR	0	0	0
LOC107986639	0	0	0
LOC105377960	0	0	0
LOC105377961	0	0	0
LINC02534	0	0	0
LOC124901385	0	0	0
FRK	119	0	119
TPI1P3	1	0	1
NT5DC1	610	2	608
COL10A1	5	5	0
TSPYL4	140	0	140
DSE	54	2	58
TSPYL1	735	8	728
LOC100287467	2	7	0
CALHM6-AS1	0	0	0
CALHM6	0	0	0
TRAPPC3L	1	0	1
CALHM5	42	0	42
CALHM4	3	0	3
RWDD1	796	0	796
RSPH4A	5	6	2
LOC124901386	1	0	4
ZUP1	226	0	226
KPNA5	131	1	130
FAM162B	0	0	0
LOC105377963	0	0	0
GPRC6A	0	0	0
RFX6	0	0	0
LOC105377964	0	0	0
VGLL2	0	0	0
ROS1	2	0	2
DCBLD1	1046	89	1045
GOPC	1006	1	1093
LOC101927919	13	0	13
NUS1	1033	0	1033
LOC124901480	0	0	0
SLC35F1	0	0	0
LOC105377967	0	0	0
LOC107986523	0	0	0
LOC124901387	0	0	0
CEP85L	76	0	78
LOC105377971	0	0	0
BRD7P3	0	0	0
PLN	0	0	0
LOC107986524	0	2	0
LOC124901388	0	0	0
SELENOKP3	0	0	0
MCM9	165	135	185
ASF1A	284	12	418
LOC124901389	0	8	1
FAM184A	0	0	0
MIR548B	0	0	0
MAN1A1	243	0	243
LOC285762	0	0	0
LOC107986525	0	0	0
LOC105377975	0	0	0
LOC105377972	0	0	0
LOC124901390	0	0	0
MIR3144	0	0	0
LOC105377977	0	0	0
TBC1D32	0	0	0
GJA1	3	0	3
LOC105377979	0	0	0
HSF2	309	0	309
SERINC1	1182	0	1182
PKIB	3	0	3
LOC124901391	0	0	0
FABP7	0	0	0
SMPDL3A	159	0	159
LOC124901392	0	0	0
CLVS2	0	0	0
TRDN	0	0	0
LOC124901393	0	0	0
LOC105377984	0	0	0
TRDN-AS1	0	0	0
LOC105377982	0	0	0
LOC105377981	0	0	0
NKAIN2	1	1	0
RNF217-AS1	6	41	12
RNF217	351	6	392
LOC124901394	0	0	0
TPD52L1	1318	3	1315
LOC100126584	1	0	1
LOC124901395	9	32	0
HDDC2	664	0	687
LOC107986640	0	0	0
LOC102723341	0	0	0
HEY2-AS1	2	0	2
LINC02523	0	0	0
HEY2	90	0	90
TRE-CTC1-7	0	0	0
NCOA7	1019	1	1018
NCOA7-AS1	0	0	0
LOC124901397	1	1	0
HINT3	377	0	377
TRMT11	309	0	309
CENPW	182	0	182
MIR588	0	0	0
LOC105377992	0	0	0
LOC105377993	0	0	0
LOC105377989	1	4	1
LOC105377991	0	0	0
RSPO3	5	0	9
LOC124901398	0	0	0
RNF146	244	4	241
ECHDC1	980	9	972
LOC105377994	1	1	0
SOGA3-KIAA0408	0	0	0
KIAA0408	0	0	0
LOC124901399	0	0	0
MTCL3	0	0	0
LOC107986642	0	0	0
C6orf58	0	0	0
LOC105377995	0	0	0
LOC105377996	0	0	0
LINC02536	0	0	0
LOC124901400	0	0	0
THEMIS	0	0	0
PTPRK	0	0	0
PTPRK-AS1	0	0	0
LOC124900216	0	0	0
LOC124901543	0	0	0
LOC105377998	0	0	0
LAMA2	15	0	20
LOC124901401	0	2	0
LOC102723409	2	3	2
ARHGAP18	132	0	132
TMEM244	0	0	0
LOC105377999	0	0	0
L3MBTL3	54	0	54
SAMD3	0	0	0
LOC112267974	0	0	0
TMEM200A	0	0	0
LOC105378002	0	0	0
LOC105378003	0	0	0
SMLR1	0	0	0
EPB41L2	1034	0	1034
LOC105378004	0	0	0
LOC102723445	0	0	0
AKAP7	47	1	46
LOC105378005	0	0	0
ARG1	1	1	0
MED23	301	0	301
ENPP3	0	0	0
OR2A4	0	0	0
CTAGE9	0	0	0
MIR548H5	0	0	0
ENPP1	0	0	0
CCN2-AS1	0	0	0
CCN2	431	0	431
MIR548AJ1	0	0	0
LINC01013	0	0	0
MOXD1	3	0	3
STX7	324	0	324
TAAR9	0	0	0
TAAR8	0	0	0
TAAR6	0	0	0
TAAR5	0	0	0
TAAR3P	0	0	0
TAAR2	0	0	0
TAAR1	0	0	0
VNN1	0	0	0
VNN3P	0	0	0
VNN2	0	0	0
SLC18B1	386	0	386
LOC107986644	1	0	1
RPS12	8189	2	8187
SNORD101	13	0	13
SNORD100	0	0	0
SNORA33	15	0	15
LOC105378008	0	0	0
LINC00326	0	0	0
LOC124901231	1	49	13
EYA4	859	13	995
LOC124901403	5	0	5
EYA4-AS2	1	42	0
TARID	32	56	27
LOC124901402	0	0	0
LINC01312	0	0	0
TCF21	7	5	7
TBPL1	112	0	131
LOC128092253	0	0	0
SLC2A12	0	19	0
LOC124901404	0	0	0
HMGA1P7	0	0	0
SGK1	15973	4	15969
LOC124901531	0	0	0
LOC105378009	134	134	0
CT69	1	1	0
LINC01010	4	0	4
LINC03002	3	3	0
LOC101928277	0	0	0
ALDH8A1	14	0	14
HBS1L	901	0	901
MIR3662	0	0	0
LOC124901405	0	0	0
LOC124901406	0	0	0
LOC105378010	0	0	0
MYB	23	0	27
LOC105378011	1	5	0
MIR548A2	0	0	0
AHI1	451	0	451
LOC124901407	0	0	0
AHI1-DT	6	0	6
LINC02524	0	0	0
LOC105378012	0	0	0
LOC101928326	0	0	0
PDE7B	140	0	140
LOC101928373	0	0	0
PDE7B-AS1	1	0	1
MTFR2	166	0	166
BCLAF1	1933	3	1930
LOC124901408	0	0	0
MAP7	1617	0	1617
MAP7-AS1	5	5	0
MAP3K5	388	0	388
MAP3K5-AS1	0	0	0
LOC124901410	0	0	0
MAP3K5-AS2	0	0	0
PEX7	87	0	87
LOC124900226	0	0	0
SLC35D3	0	0	0
NHEG1	0	0	0
IL20RA	0	0	0
IL22RA2	0	0	0
IFNGR1	933	0	933
LOC105378017	0	0	0
LOC102723633	0	0	0
OLIG3	0	0	0
LINC03004	0	0	1
LOC105378018	0	1	0
LOC124901411	1	1	0
LINC02539	1	0	1
WAKMAR2	98	4	102
TNFAIP3	522	4	526
SIMALR	1	0	1
LINC02865	0	0	0
LOC105378021	0	0	0
PERP	1904	0	1904
ARFGEF3	37	0	37
PBOV1	0	0	0
SMIM28	0	0	0
HEBP2	314	0	314
NHSL1	58	14	61
MIR3145	0	0	0
NHSL1-AS1	0	0	0
LOC124900217	9	3	16
CCDC28A-AS1	3	2	3
CCDC28A	119	0	121
ECT2L	1	2	0
LOC124901516	0	0	0
LOC107986650	0	0	0
REPS1	327	0	328
ABRACL	0	0	0
HECA	195	0	207
TXLNB	1	13	0
LOC102723690	0	0	0
CITED2	4424	5	4419
LOC107986651	2	6	0
LINC01625	4	0	8
LOC105378023	0	0	0
LOC105378024	2	0	2
FILNC1	0	0	0
LINC02941	0	0	0
LOC103352541	0	0	0
LOC107986652	0	0	0
LOC124901412	0	0	0
LOC105378025	0	0	0
MIR3668	0	0	0
LOC105378027	4	7	0
LOC124901414	0	0	0
LOC105378026	0	0	0
MIR4465	0	0	0
LOC102723724	123	0	133
LOC124901413	34	41	0
LOC105378029	0	0	0
LOC124901415	0	0	0
LOC105378030	0	0	0
LOC105378031	0	0	0
LOC107986654	0	0	0
NMBR	0	0	0
GJE1	0	0	0
VTA1	755	0	755
LINC02919	0	0	0
ADGRG6	876	0	876
LOC153910	0	0	0
HIVEP2	371	0	371
HIVEP2-DT	1	0	1
LINC01277	0	0	0
AIG1	93	0	124
LOC124901416	0	31	0
LOC107986656	0	0	0
ADAT2	349	0	349
PEX3	417	0	417
FUCA2	1603	1	2057
LOC124901417	2	456	1
LOC105378035	11	0	11
PHACTR2	233	0	233
PHACTR2-AS1	0	0	0
LTV1	510	0	510
ZC2HC1B	0	0	0
PLAGL1	1333	1	1332
HYMAI	10	0	10
SF3B5	1097	0	1097
LOC105378036	0	0	0
STX11	105	0	105
TRL-TAA1-1	0	0	0
UTRN	573	2	571
LOC124901418	2	2	0
SNORA98	0	0	0
TRQ-TTG4-1	0	0	0
EPM2A	63	1	62
EPM2A-DT	2	133	4
LOC105378039	0	0	0
LOC124901419	7	0	7
FBXO30	524	1	523
SHPRH	134	7	262
LOC124901420	0	0	0
GRM1	1	0	1
RAB32	357	0	357
ADGB-DT	0	0	0
ADGB	0	0	0
LOC105378040	0	0	0
KATNBL1P6	0	0	0
STXBP5-AS1	1	23	0
LUADT1	0	0	0
LOC124901422	0	0	0
STXBP5	350	0	417
LOC124901421	1	46	0
LOC105378043	0	0	0
SAMD5	0	0	0
LOC105378044	0	0	0
LOC124901423	0	0	0
SASH1	177	0	177
LOC124901425	3	0	3
UST	438	0	482
LOC107986659	0	0	0
UST-AS1	0	44	0
LOC124901424	0	0	0
UST-AS2	1	0	1
LOC124901426	0	0	0
TAB2	944	0	944
TAB2-AS1	0	0	0
SUMO4	1	0	1
ZC3H12D	51	1	50
PPIL4	289	0	289
GINM1	665	1	664
RPS18P9	16	0	16
LOC124901526	0	0	1
KATNA1	284	8	277
LATS1	340	1	348
LOC645967	1	8	2
NUP43	629	1	628
PCMT1	1223	0	1223
LOC107986660	4	4	0
RAET1E-LRP11	21	2	19
LRP11	29	4	269
LOC124901427	4	187	0
RAET1E-AS1	0	312	5
RAET1E	178	0	178
RAET1G	1	1	0
LOC105378052	0	0	0
ULBP2	7	0	7
ULBP1	17	0	17
RAET1K	19	0	19
RAET1L	11	0	11
ULBP3	91	0	91
LOC124901428	0	0	0
PPP1R14C	0	0	0
LOC124901527	0	0	0
LOC105378054	0	0	0
IYD	0	0	0
LOC124901429	0	0	0
PLEKHG1	198	6	192
LOC124901430	0	0	0
LOC124901431	3	2	1
MTHFD1L	1607	0	1607
ARL4AP5	0	0	0
LOC124901432	0	0	0
MIR12131	0	0	0
LOC102723831	0	0	0
AKAP12	0	0	0
ZBTB2	295	0	310
LOC124901232	39	16	38
RMND1	256	1	255
LOC124901433	5	0	5
DCPH1	558	0	558
LOC124901434	5	0	5
CCDC170	0	0	0
LOC124901436	0	0	0
LOC107986528	0	0	0
LOC124901435	0	0	0
ESR1	10	0	10
LOC107986529	13	11	2
SYNE1	64	0	66
SYNE1-AS1	0	2	0
SYNE1-AS2	0	0	0
LOC105378061	0	0	0
MYCT1	0	0	0
VIP	0	0	0
LINC02840	0	0	0
LOC124901440	0	0	0
LOC124901439	0	0	0
FBXO5	388	0	388
MTRF1L	298	18	280
RGS17	10	10	0
LOC105378066	0	0	0
LOC107986661	0	0	0
OPRM1	0	0	0
IPCEF1	0	0	0
LOC105378067	0	0	0
CNKSR3	115	0	115
LOC101928868	6	0	6
SCAF8	601	0	601
MIR1273C	0	0	0
TIAM2	4	25	1
TFB1M	266	1	287
CLDN20	1	1	0
NOX3	0	0	0
LOC105378068	0	0	0
LOC105378069	0	0	0
LOC105378072	0	0	0
LOC101928923	0	0	0
LOC124901443	0	0	0
MIR1202	0	0	0
LOC124901442	0	0	0
LOC124901441	0	0	0
LOC105378071	0	0	0
SNORD28B	0	0	0
LOC105378073	0	0	0
LOC124901444	0	0	0
ARID1B	504	11	505
LOC115308161	0	8	4
MIR4466	0	0	0
LOC124901445	0	0	0
LOC105378075	0	0	0
TMEM242	172	0	172
TMEM242-DT	0	0	0
LOC105378076	0	0	0
LOC124901446	8	1	7
ZDHHC14	117	0	117
MIR3692	0	0	0
LOC107986663	0	0	0
SNX9	1036	0	1036
SNX9-AS1	1	1	0
SYNJ2	258	1	257
SYNJ2-IT1	0	0	0
SERAC1	132	0	132
GTF2H5	147	0	147
TULP4	154	0	154
LOC124901447	0	0	0
SNORA116	0	0	0
TMEM181	508	9	499
MIR7161	0	0	0
DYNLT1	574	1	573
SYTL3	27	0	29
MIR3918	0	2	0
EZR	3212	0	3486
EZR-AS1	0	274	0
OSTCP1	0	0	0
LOC124901448	1	0	1
LINC02901	14	1	13
RSPH3	134	0	156
TAGAP-AS1	1	22	1
TAGAP	0	0	0
LOC112267968	0	0	0
LOC124901449	0	0	0
FNDC1-AS1	0	0	0
FNDC1	0	0	0
FNDC1-IT1	0	0	0
LOC105378084	0	0	0
LINC02529	0	0	0
LOC101929142	0	0	0
LOC105378085	0	0	0
LOC124901450	0	0	0
SOD2	2768	117	2799
WTAP	548	41	655
SOD2-OT1	2	0	2
ACAT2	521	333	1018
TCP1	3985	317	4299
SNORA20	0	0	0
SNORA29	1	0	1
MRPL18	806	0	807
PNLDC1	0	0	0
MAS1	0	0	0
IGF2R	2662	0	2662
AIRN	0	0	0
LOC124901451	3	0	3
CHP1P2	17	0	17
LOC124901452	1	1	0
SLC22A1	51	0	51
SLC22A2	1	0	1
LOC105378088	1116	0	1116
SLC22A3	323	2	328
LOC124901453	45	48	4
LPAL2	1	1	0
LOC124901454	0	0	0
LPA	0	0	0
PLG	0	0	0
LOC112267969	0	0	0
LOC105378093	0	0	0
LOC102724087	0	0	0
MAP3K4-AS1	1	6	3
MAP3K4	180	2	186
AGPAT4	1	0	1
LOC124901455	1	0	1
AGPAT4-IT1	0	0	0
LOC105378094	0	0	0
PRKN	0	0	0
LOC124901457	0	0	0
LOC124901456	0	0	0
LOC105378098	0	0	0
LNCR-SMAL	0	0	0
LOC105369171	0	0	0
PACRG	0	0	0
PACRG-AS2	0	0	0
PACRG-AS3	0	0	0
LOC105378095	0	0	0
PACRG-AS1	0	0	0
DKFZp451B082	0	0	0
LOC105378099	0	0	0
LOC105378100	0	0	0
LOC124901234	0	4	0
CAHM	0	0	4
QKI	636	1	635
LOC102724152	0	0	0
LOC124901498	0	0	0
LOC105378104	0	0	0
LOC124901499	0	0	0
LOC105378102	0	0	0
LOC105378106	0	0	0
LOC105378109	0	0	0
LOC105379712	0	0	0
LOC107986667	0	0	0
MEAT6	0	0	0
LOC124901500	0	0	0
C6orf118	1	0	1
LOC105378113	0	0	0
PDE10A	583	0	605
LOC105378116	1	23	0
LOC105378115	4	2	2
LOC124901458	15	15	0
LINC00473	1527	1	1526
LINC00602	6	698	8
LOC105378117	1	0	1
LOC729681	1	1	0
TBXT	0	0	0
LNCDAT	0	0	0
LOC101929297	0	0	0
LOC107986668	0	0	0
LOC105378118	0	0	0
PRR18	0	0	0
LOC107986669	0	0	0
SFT2D1	334	1	333
LOC100289495	0	0	0
MPC1	172	0	172
MPC1-DT	1	0	1
RPS6KA2	4	0	4
LOC124901460	0	0	0
RPS6KA2-IT1	0	0	0
MIR1913	0	0	0
RAMACL	20	0	20
LOC107986671	0	0	0
LOC124901459	0	0	0
LOC124901461	0	0	0
RPS6KA2-AS1	0	0	0
RNASET2	212	0	212
LOC105378120	2	0	2
MIR3939	0	0	0
CEP43	204	0	204
CCR6	0	0	0
LOC107986672	0	0	0
LOC112267970	0	0	0
GPR31	0	0	0
LOC105378123	0	0	0
TCP10L2	0	0	0
LOC124901462	0	0	0
HPAT5	0	0	0
LOC102724220	0	0	0
LOC102725048	0	0	0
UNC93A	0	0	0
TTLL2	0	0	0
TCP10L3	0	0	0
LOC105378126	0	0	0
LOC105378127	0	0	0
LOC105378128	0	0	0
LOC107986546	0	0	0
LOC124901463	0	0	0
LOC105378129	0	0	0
LOC124901464	0	0	0
LOC105378130	0	0	0
LOC105378131	0	0	0
LINC02538	0	0	0
LOC124901465	0	0	0
LINC02487	0	0	0
LOC107986547	0	0	0
LINC01558	0	0	0
LOC441179	0	0	0
AFDN-DT	0	0	0
AFDN	360	0	360
LOC107986673	3	0	3
HGC6.3	0	0	0
KIF25-AS1	0	0	0
KIF25	0	0	0
LOC105378135	0	0	0
FRMD1	0	0	0
LOC107986548	0	0	0
LOC105378137	0	0	0
LOC124901501	0	0	0
LOC101929420	0	0	0
DACT2	0	0	0
LOC105378139	0	0	0
LOC107986549	0	0	0
LOC105378140	0	0	0
LOC105378141	0	0	0
SMOC2	0	0	0
LOC124901466	0	0	0
LOC124901467	0	0	0
LOC124901468	0	0	0
LOC105378142	0	0	0
LOC105378143	0	0	0
LOC107986550	0	0	0
LOC105378144	0	0	0
LOC105378146	0	0	0
LOC105378145	0	0	0
LOC101929460	0	0	0
LOC102724357	0	0	0
LOC124901469	0	0	0
LINC01615	0	0	0
LINC02544	0	0	0
THBS2-AS1	0	0	0
THBS2	3	2	1
LOC124901470	0	0	0
LOC105378148	0	0	0
LOC124901472	0	0	0
LINC02519	0	0	0
LOC124901473	0	0	0
WDR27	359	0	360
LOC124901471	1	1	0
C6orf120	305	270	412
PHF10	420	127	669
DYNLT2	3	0	3
ERMARD	0	0	0
LINC00242	0	0	0
LINC00574	0	0	0
LOC105378149	0	0	0
LOC107986674	0	0	0
LOC107986675	0	0	0
LOC100131532	0	0	0
LOC105378150	0	0	0
LOC101929614	1	2	0
LOC105378153	18	0	19
LOC102724511	0	0	0
LOC154449	0	0	0
LOC285804	0	0	0
LINC01624	0	0	0
DLL1	0	0	0
FAM120B	2	0	2
MIR4644	0	0	0
LOC124901474	0	0	0
LOC124901475	0	0	0
LOC107986676	0	0	0
LOC124901477	0	0	0
LOC124901235	0	0	0
LOC124901476	0	0	0
LOC105378157	0	0	0
PSMB1	2570	0	2570
TBP	411	0	411
PDCD2	1059	4	1055
LOC101929692	0	0	0
LOC102723872	0	0	0
FAM157D	0	0	0
LOC105375113	0	0	0
LOC101929756	0	0	0
LOC105375114	0	0	0
LINC03015	0	0	0
LINC03014	0	0	0
LOC105375116	0	0	0
LOC105375115	0	0	0
LOC124901806	0	0	0
LOC124901808	0	0	0
FAM20C	0	0	0
LOC124901807	0	0	0
FOXL3	0	0	0
FOXL3-OT1	0	0	0
LOC105375118	3	0	3
LOC124901809	0	0	0
LOC442497	0	0	0
LOC116435278	0	10	0
LOC112267991	1	0	11
LOC124901566	0	0	0
PDGFA	288	14	285
PDGFA-DT	141	1	151
PRKAR1B	458	123	479
PRKAR1B-AS2	1	1	0
PRKAR1B-AS1	0	0	0
LOC105375119	2	0	2
DNAAF5	1390	23	1511
LOC124901567	1	0	1
SUN1	2180	1	2179
LOC124901568	11	10	1
GET4	767	0	767
ADAP1	119	5	114
LOC124901569	0	0	0
COX19	316	0	316
CHLSN	658	0	663
CYP2W1	4	7	0
LOC124901570	1	1	0
MIR339	0	0	0
GPR146	101	7	95
CHLSN-AS1	3	1	2
GPER1	306	2	305
LOC102723758	18	18	0
ZFAND2A	330	0	331
ZFAND2A-DT	131	9	123
UNCX	0	0	0
MICALL2	637	0	637
MICALL2-DT	4	4	0
INTS1	3514	2	3512
LOC124901572	1	1	0
MAFK	1622	33	2184
LOC100128653	48	49	0
TMEM184A	807	563	838
PSMG3	1180	0	1187
PSMG3-AS1	39	10	36
LOC105375123	0	0	0
TFAMP1	0	0	0
LOC105375303	0	0	0
ELFN1	15	2	13
LNCRI	0	0	0
LOC124901819	2	0	2
LOC105375124	5	0	5
ELFN1-AS1	126	0	126
MAD1L1	431	0	484
LOC100127955	3	3	0
MIR4655	0	0	0
LOC124901573	0	53	0
SNORA114	0	0	0
LOC105375127	0	0	0
LOC105375126	0	0	0
MRM2	795	1	794
NUDT1	357	6	352
SNX8	729	2	729
MIR6836	0	0	0
EIF3B	5190	11	5180
CHST12	411	0	411
GRIFIN	0	0	0
LOC107986759	0	0	0
LFNG	258	0	258
MIR4648	0	0	0
BRAT1	1300	5	1295
IQCE	708	1	719
LOC107986760	0	12	0
TTYH3	1140	1	1139
AMZ1	47	232	5
GNA12	497	0	687
CARD11	0	0	0
CARD11-AS1	0	0	0
LOC105375130	0	0	0
LOC100129603	0	0	0
LOC124901574	0	0	0
LOC124901575	0	0	0
SDK1-AS1	0	0	0
SDK1	0	0	0
LOC124901577	0	0	0
LOC124901576	0	0	0
LOC105375131	0	0	0
LOC124901578	0	0	0
LOC124901579	0	0	0
LOC105375133	0	0	0
LOC124901580	4	0	4
FOXK1	821	0	821
LOC124901581	0	0	0
AP5Z1	611	0	611
MIR4656	0	0	0
RADIL	3	3	0
SNORD165	0	0	0
PAPOLB	0	0	0
MMD2	0	0	0
RNF216P1	339	1	338
RBAK-RBAKDN	0	0	0
RBAK	481	0	481
RBAKDN	1	0	1
ZNF890P	1	0	1
WIPI2	1137	2	1135
SLC29A4	101	5	101
TNRC18	2376	4	2377
TNRC18-AS1	6	6	0
LINC02983	1	1	1
LINC03073	0	0	1
FBXL18	566	0	566
LOC124901847	0	0	0
MIR589	7	0	7
LOC221946	2	2	0
ACTB	37506	19	37487
FSCN1	8234	0	8234
RNF216	834	1	833
RNF216-IT1	0	0	0
MIR6874	0	0	0
ZNF815P	31	0	31
OCM	0	0	0
CCZ1	282	1	282
RSPH10B	0	0	1
PMS2	526	0	527
AIMP2	561	88	1160
SNORA80D	2	2	0
EIF2AK1	4286	615	4358
ANKRD61	17	17	0
USP42	355	2	354
CYTH3	501	0	501
FAM220A	0	0	0
SMIM10L3	0	0	0
RAC1	2643	0	2643
DAGLB	749	6	743
KDELR2	4411	1	4410
GRID2IP	1	0	2
LOC101927325	0	1	0
ZDHHC4	645	0	667
LOC124901582	0	25	0
INTS15	265	0	268
ZNF853	1	0	1
ZNF316	614	0	614
LOC124901583	0	0	0
ZNF12	338	0	338
SPDYE20P	0	0	0
PMS2CL	138	0	138
RSPH10B2	130	0	130
CCZ1B	403	0	403
LOC112267992	0	0	0
LOC107986763	0	0	0
LOC105375138	0	0	0
LOC124901585	0	0	0
MIR3683	0	0	0
LOC100131257	0	0	0
LOC124901584	0	0	0
C1GALT1	477	0	477
LINC03016	3	0	3
LOC107986764	0	0	0
COL28A1	4	0	4
MIOS-DT	3	0	3
MIOS	334	0	334
RPA3	562	54	568
UMAD1	355	6	409
LOC105379719	1	0	1
LOC124901586	0	0	0
GLCCI1-DT	1	0	3
GLCCI1	662	2	662
LOC105375142	0	0	0
ICA1	3	0	3
LOC124901587	0	0	0
ICA1-AS1	0	0	0
NXPH1	0	0	0
LOC105375144	0	0	0
LOC105375148	2	0	2
PER3P1	0	0	0
LOC105375145	0	0	0
LOC105375147	0	0	0
LOC105375146	0	0	0
LOC105375149	0	0	0
LOC105375150	0	0	0
LOC124901860	0	0	0
MGC4859	0	0	0
LOC124901588	0	0	0
LOC107986766	0	0	0
LOC124900231	0	0	0
LOC100131472	0	0	0
COXFA4	2430	3	2427
LOC107986767	0	0	0
PHF14	566	0	566
LOC124901590	0	0	0
THSD7A	0	0	0
LOC105375151	0	0	0
LOC124901589	0	0	0
TMEM106B	874	1	873
VWDE	150	0	150
LOC105375154	8	0	8
LOC105375155	0	0	0
LOC105375156	2	0	2
C7orf78	11	0	11
LOC107986768	0	0	0
SCIN	0	0	0
LOC105375157	0	0	0
ARL4A	602	0	602
LOC124900237	0	0	0
LOC105375158	0	0	0
LOC107986770	0	0	0
LOC105375161	0	0	0
ETV1	0	0	0
LOC105375162	3	0	3
DGKB	0	0	0
LOC105375164	0	0	0
AGMO	0	0	0
LOC124901592	0	0	0
LOC124901591	0	0	0
MEOX2	0	0	0
LOC105375166	0	0	0
LINC02587	0	0	0
LOC101927558	0	0	0
LOC105375167	0	0	0
CRPPA	0	0	0
CRPPA-AS1	0	0	0
LOC105375168	0	0	0
SOSTDC1	0	0	0
LRRC72	0	0	0
ANKMY2	599	0	672
LOC105375169	2	75	0
BZW2	2871	1	2870
TSPAN13	1378	0	1378
LOC124901593	13	0	13
AGR2	110	0	110
AGR3	0	0	0
LOC124901594	2	0	2
LOC105375170	0	0	0
LOC124901595	0	0	0
LOC124901596	0	0	0
LOC107986772	0	0	0
LOC101927609	4	25	8
AHR	385	4	410
LOC105375171	0	0	0
LINC02888	1	0	1
LOC105375172	1	0	1
LINC02889	1	0	1
SNX13	643	0	643
PRPS1L1	1	0	1
HDAC9	5	0	5
MIR1302-6	0	0	0
LOC124901598	0	0	0
HDAC9-AS1	0	0	0
LOC124901597	0	0	0
TWIST1	0	0	0
FERD3L	0	0	0
LOC107986773	0	0	0
LOC105375179	0	0	0
LOC105375180	0	0	0
POLR1F	619	0	619
MIR3146	0	0	0
TMEM196	0	0	0
LOC107986774	0	0	0
LOC105379720	0	0	0
MACC1-OT1	0	0	0
LOC105375181	0	0	0
MACC1	0	0	0
MACC1-AS1	0	0	0
GIRGL	0	0	0
LOC101927769	0	0	0
ITGB8-AS1	10	10	19
ITGB8	317	12	324
LOC124900239	1	0	1
ABCB5	0	0	0
SP8	14	0	14
RPL23P8	2	0	2
LINC01162	0	0	0
SP4	81	0	81
MIR1183	0	0	0
DNAH11	13	279	4
LOC105375183	0	0	0
LOC124901599	0	0	0
LOC107986775	0	0	0
CDCA7L	410	0	680
RAPGEF5	0	0	0
STEAP1B	0	0	0
STEAP1B-AS1	4	0	4
LOC401312	0	0	0
IL6-AS1	0	22	0
IL6	68	0	90
TOMM7	837	0	837
LOC112267993	0	0	0
SNHG26	17	0	17
SNORD93	0	0	0
LOC107986776	0	0	0
LOC124901600	0	0	0
HYCC1	443	0	443
LOC105375185	0	0	0
LOC105375186	1	0	1
KLHL7-DT	4	0	4
KLHL7	454	7	447
NUP42	597	0	597
LOC101927890	0	0	0
GPNMB	129	0	129
MALSU1	808	594	803
IGF2BP3	498	22	1065
SNORD65C	0	0	0
RPS2P32	42	0	42
TRA2A	758	0	758
CLK2P1	0	0	0
LOC105375187	0	0	0
CCDC126	174	0	174
FAM221A	0	0	0
STK31	0	0	0
LOC124901835	0	0	0
LOC105375188	0	0	0
LOC107986777	0	0	0
LOC124901831	0	0	0
NPY	0	0	0
LOC124901601	0	0	0
PALS2	770	0	770
GSDME	1385	2	1383
LOC124901820	0	0	0
OSBPL3	1243	16	1227
CYCS	3416	0	3416
SPMIP4	20	5	15
LOC124901603	0	0	0
LOC124901602	0	0	0
LOC105375191	0	0	0
NPVF	0	0	0
LOC124901858	0	0	0
LOC105375193	0	0	0
LOC105375195	0	0	0
LOC105375194	0	0	0
LOC124901604	0	0	0
LOC105375196	0	0	0
LINC03007	0	0	0
LOC100506236	0	0	0
LOC105375199	0	0	0
LOC105375200	0	0	0
MIR148A	0	0	0
LOC105375198	0	0	0
NFE2L3	91	92	1
HNRNPA2B1	19539	2	19539
CBX3	4527	2	4525
SNX10	125	2	157
SNX10-AS1	0	39	0
LINC02981	1	0	6
LOC105375202	0	0	0
KIAA0087	0	0	0
LOC124901605	0	0	0
LINC03095	0	0	0
LOC101928077	2	0	2
LINC02860	0	0	0
SKAP2	431	0	431
LOC124901606	0	0	0
HOXA1	22	0	22
HOTAIRM1	196	3	195
HOXA2	4	0	6
HOXA3	24	2	26
HOXA-AS2	0	6	1
HOXA4	4	0	5
HOXA-AS3	0	4	1
HOXA5	141	0	141
HOXA6	4	0	8
HOXA7	0	1	0
HOXA10-HOXA9	0	0	0
HOXA9	7	0	7
HOXA10-AS	5	185	42
MIR196B	0	5	0
HOXA10	70	30	245
HOXA11	168	51	126
HOXA11-AS	137	1	145
HOXA13	147	0	147
HOTTIP	1	0	1
EVX1-AS	0	0	0
EVX1	0	0	0
LOC107986733	2	0	2
LOC105375206	0	0	0
LOC105375207	0	0	0
HIBADH	1754	1	1755
LOC107986699	1	0	1
TSL	0	0	0
LOC105375211	0	2	0
TAX1BP1-AS1	0	119	0
TAX1BP1	1586	0	1712
JAZF1	604	23	627
LOC105375208	0	0	0
JAZF1-AS1	1	38	2
CREB5	29	0	29
TRIL	0	0	0
CPVL-AS2	2	0	2
CPVL	0	0	0
CPVL-AS1	0	0	0
LOC128966558	0	0	0
CHN2	0	2	0
CHN2-AS1	0	0	0
PRR15-DT	9	0	11
PRR15	2	0	2
MIR550A3HG	342	0	342
MIR550A3	0	0	0
ZNRF2P2	0	2	5
DPY19L2P3	5	12	10
WIPF3	0	0	0
LOC124901827	0	0	0
SCRN1	6	0	6
FKBP14-AS1	1	34	0
FKBP14	214	0	247
PLEKHA8	377	0	387
LOC105375216	1	11	0
MTURN	151	0	151
LOC105375217	1	1	0
LOC124901607	3	0	3
LOC105375218	1	1	0
ZNRF2	301	0	301
MIR550A1	0	0	0
MIR550B1	0	0	0
DKFZP586I1420	109	0	109
LINC01176	17	0	17
NOD1	319	7	312
GGCT	1039	0	1039
GARS1-DT	142	0	142
GARS1	2151	9	2142
LOC124901609	5	0	5
CRHR2	0	0	0
LOC124901608	0	0	0
LOC105375220	0	0	0
LOC105375219	0	0	0
INMT-MINDY4	0	0	0
INMT	2	0	2
MINDY4	0	0	0
AQP1	27	0	27
GHRHR	0	0	0
LOC105375222	0	0	0
LOC105375221	0	0	0
ADCYAP1R1	0	0	0
LOC107986781	0	0	0
LOC107986782	0	0	0
NEUROD6	0	0	0
LOC105375224	0	0	0
ITPRID1	0	0	0
PDE1C	0	0	0
PPP1R17	0	0	0
LOC100130673	0	0	0
LSM5	513	0	513
AVL9	855	18	912
DPY19L1P1	24	68	31
ZNRF2P1	49	9	40
MIR550A2	0	0	0
MIR550B2	0	0	0
LINC00997	196	0	196
DPY19L1P2	6	0	6
KBTBD2	734	1	733
RP9P	109	0	109
FKBP9	1751	7	1744
NT5C3A	697	0	697
LOC124901610	3	65	3
RP9	44	0	102
BBS9	96	0	96
LOC124901611	1	0	1
FLJ20712	0	0	0
LOC124901612	0	0	0
LOC124901613	0	0	0
BMPER	1	0	1
NPSR1-AS1	0	0	0
NPSR1	0	0	0
DPY19L1	734	2	732
MIR548N	1	0	1
LOC102724723	0	0	0
LOC105375228	0	0	0
DPY19L2P1	0	0	0
TBX20	3	0	3
LOC401324	0	0	0
LOC105375230	0	0	0
LOC124901614	0	0	0
LOC101928421	2	0	2
HERPUD2	210	0	210
HERPUD2-AS1	89	0	89
LINC03013	0	0	0
LOC124901615	1	0	1
SEPTIN7-DT	6	0	6
SEPTIN7	2122	0	2122
LOC107986734	0	0	0
LOC105375233	0	0	0
LOC124901616	0	0	0
LOC124901617	0	0	0
LOC101928618	0	0	0
EEPD1	19	0	19
MATCAP2	407	122	407
ANLN	2360	0	2482
AOAH	0	0	0
AOAH-IT1	0	0	0
ELMO1	1	0	1
LOC105375235	0	0	0
MIR1200	0	0	0
ELMO1-AS1	0	0	0
LOC124901833	0	0	0
GPR141	20	0	20
NME8	0	0	0
SFRP4	2	0	2
EPDR1	357	0	357
LOC105375236	0	0	0
STARD3NL	346	0	346
TARP	16	0	16
TRG-AS1	0	0	0
AMPH	0	0	0
CFAP144P1	0	0	0
VPS41	508	0	508
POU6F2	0	0	0
POU6F2-AS2	0	0	0
LOC105375239	0	0	0
SNORA20B	0	0	0
POU6F2-AS1	0	0	0
LOC105375238	0	0	0
LOC105375237	0	0	0
YAE1-DT	0	0	0
YAE1	160	0	160
LOC107986785	12	0	12
RALA	598	0	598
LINC00265	51	0	51
LOC101928688	0	0	0
CDK13-DT	9	0	9
CDK13	826	6	820
MPLKIP	713	0	713
SUGCT	4	0	4
LOC105375245	0	0	0
SUGCT-AS1	0	0	0
LOC105375244	0	0	0
LOC105375243	0	0	0
LOC112267984	0	0	0
LOC105375242	0	0	0
LINC01450	0	0	0
LINC01449	0	0	0
LOC105375241	0	0	0
LOC105375246	0	0	0
LOC107986787	0	0	0
LOC105379725	0	0	0
LOC105375247	0	0	0
LOC107986789	0	0	0
INHBA	2	0	2
INHBA-AS1	0	0	0
LOC124901618	0	0	0
GLI3	178	0	178
LOC105375249	0	0	0
LOC105375250	0	0	0
LOC105375251	0	0	0
LINC01448	0	0	0
LOC107986735	0	0	0
C7orf25	241	0	241
PSMA2	2235	0	2235
MRPL32	625	2	623
LOC105375253	0	0	0
LOC107986790	0	0	0
HECW1	81	1	90
HECW1-IT1	0	0	0
MIR3943	0	0	0
LOC124901619	0	4	0
LOC102724903	0	0	0
LUARIS	18	13	11
STK17A	616	119	1748
COA1	1069	1162	1158
BLVRA	1044	1	1043
URGCP-MRPS24	0	0	0
MRPS24	0	0	0
LOC124901620	10	7	8
URGCP	1014	5	1023
UBE2D4	71	18	229
POLR2J4	124	135	129
SPDYE1	11	14	0
RASA4CP	4	2	4
LINC00957	9	0	11
DBNL	1464	7	1488
MIR6837	1	0	1
PGAM2	0	31	0
POLM	237	0	237
MIR6838	0	0	0
AEBP1	1	2	1
MIR4649	0	0	0
POLD2	3082	2	3082
MYL7	0	0	0
GCK	0	0	0
LOC105375258	0	0	0
LOC105375257	0	0	0
YKT6	1146	0	1146
CAMK2B	2	0	2
LOC124901621	0	0	0
NUDCD3	676	1	675
NPC1L1	7	0	7
DDX56	2089	1	2088
TMED4	2687	28	2659
OGDH	5711	12	5699
LOC124901622	1	0	1
ZMIZ2	1377	3	1374
LOC105375259	33	1	33
PPIA	30993	11	30983
H2AZ2	2422	0	2422
H2AZ2-DT	1	0	1
PURB	801	3	798
MIR4657	0	0	0
LOC105375262	0	0	0
MYO1G	42	0	42
SNHG15	633	0	633
SNORA9	46	0	46
LOC102723334	13	4	17
CCM2	481	6	483
NACAD	4	0	4
TBRG4	2536	0	2536
SNORA5A	0	0	0
SNORA5C	11	0	11
SNORA5B	5	0	5
RAMP3	0	0	0
LOC124901623	0	0	0
LOC107986736	0	0	0
LOC124901624	0	0	0
ADCY1	1	2	0
SEPTIN7P2	233	0	234
GTF2IP13	9	0	11
LOC124901625	0	2	0
LOC730234	9	0	9
LOC112267918	57	0	57
CCDC201	0	0	0
IGFBP1	0	0	0
IGFBP3	938	1	937
LOC102723446	0	0	1
LOC105375264	0	1	0
LOC105375266	0	0	0
LOC730338	0	0	0
LOC124901626	0	0	0
LOC105375267	0	0	0
LOC105375268	0	0	0
LOC124901627	0	0	0
LOC124901628	4	0	4
TNS3	1728	1	1727
LOC124901629	10	0	10
SNORD151	0	0	0
LINC01447	1	0	1
LINC02902	0	0	0
LINC00525	20	0	20
PKD1L1	156	0	156
PKD1L1-AS1	0	0	0
HUS1	246	0	246
LOC105375270	0	0	0
SUN3	4	0	4
C7orf57	0	0	0
UPP1	433	1	432
LOC105375271	0	0	0
ABCA13	0	0	0
LOC105375272	0	0	0
LINC02838	0	0	0
CDC14C	0	0	0
LOC124901804	0	0	0
VWC2	0	0	0
ZPBP	0	0	0
LOC124901630	0	0	0
SPMIP7	0	0	0
IKZF1	0	0	0
LOC124901631	0	0	0
FIGNL1	419	0	419
DDC	0	0	0
DDC-AS1	0	0	0
GRB10	935	2	933
LOC124901632	0	0	0
LOC124900241	0	0	0
COBL	1418	1	1417
LOC124901633	10	0	10
LOC107986794	0	0	0
LOC102723533	1	0	1
LOC105375277	0	0	0
LOC105375278	0	0	0
LOC124901634	0	0	0
LOC107986738	0	0	0
LOC124900240	0	0	0
LOC124901810	0	0	0
LOC107986796	0	0	0
LOC101928257	0	0	0
LOC124901805	0	0	0
POM121L12	0	0	0
LOC105375282	0	0	0
GS1-278J22.2	0	0	0
LINC01446	17	0	17
LINC02854	0	0	0
LINC01445	0	0	0
LOC124901829	0	0	0
VSTM2A	0	0	0
VSTM2A-OT1	0	0	0
LOC124901635	0	0	0
SEC61G	713	1	712
SEC61G-DT	0	0	0
LOC124901636	291	0	291
LOC105375284	2	1	2
EGFR	2581	1	2641
EGFR-AS1	3	63	0
ELDR	1	1	0
LANCL2	140	3	137
VOPP1	464	0	464
VOPP1-DT	0	0	0
FKBP9P1	2	0	2
LOC101060341	5	0	5
LOC102723656	2	0	2
SEPTIN14	0	0	0
ZNF713	9	0	9
MRPS17	323	0	323
NIPSNAP2	1055	0	1055
PSPH	367	0	367
CCT6A	5394	1	5393
SNORA22B	3	0	3
SNORA15	0	0	0
SUMF2	2756	8	2984
PHKG1	25	241	18
CHCHD2	6252	6	6246
NUPR2	0	0	0
LOC105375288	0	0	0
LOC107986800	4	0	4
LOC105375292	0	0	0
LOC101930109	2	0	2
LOC650226	0	0	0
LOC100240728	0	0	0
LOC124901640	0	0	0
DKFZp434L192	0	0	0
LOC101928401	0	0	0
LOC105375291	0	0	0
LOC102723684	0	0	0
LOC105375289	0	0	0
LOC401357	1	0	1
LOC124901637	0	0	0
LOC124901639	0	0	0
LOC124901638	0	0	0
LOC105375294	0	0	0
LOC105375295	0	0	0
LOC100130849	0	0	0
MIR4283-1	0	0	0
ZNF479	0	0	0
GUSBP10	0	0	0
LOC105375297	0	0	0
LOC105375298	0	0	0
LOC105375299	0	0	0
MIR3147HG	0	0	0
MIR3147	0	0	0
ZNF716	0	0	0
LOC105375300	0	0	0
LOC105375301	0	0	0
LOC105375302	0	0	0
LOC102723842	0	0	0
LOC124901826	0	0	0
ZNF733P	0	0	0
LOC102724738	0	0	0
LOC100287704	0	0	0
LINC03075	0	0	0
LOC101929050	0	0	0
LOC124901641	0	0	0
LOC100287834	0	0	0
MIR4283-2	0	0	0
LOC105375313	0	0	0
LOC105375314	0	0	0
LOC105375315	0	0	0
LOC124901649	0	0	0
LOC124901797	0	0	0
LOC124901645	0	0	0
LOC124901650	0	0	0
LOC124901798	0	0	0
LOC124901644	0	0	0
LOC124901647	0	0	0
LOC124901652	0	0	0
LOC124901648	0	0	0
LOC124901651	0	0	0
LOC124901646	0	0	0
LOC124901643	0	0	0
LOC124901654	0	0	0
LINC02848	0	0	0
LOC124901653	0	0	0
LOC105375318	0	0	0
ZNF722	1	0	1
LINC01005	0	0	0
LOC105375317	0	0	0
ZNF727	0	0	0
LOC124901655	0	0	0
ZNF735	0	0	0
LOC105375319	0	0	0
ZNF679	0	0	0
LOC105375323	0	0	0
LOC105375322	0	0	0
ZNF736	139	0	139
LOC105375321	8	0	8
LOC105375324	0	0	0
YWHAEP1	1	0	1
LOC124901658	0	0	0
ZNF680	195	0	195
LOC124901657	0	0	0
LOC100128885	0	0	0
LOC641746	1	0	1
LOC124901656	0	0	0
LOC105375326	0	0	0
ZNF107	233	0	233
MIR6839	0	0	0
ZNF138	101	1	100
ZNF273	52	0	52
LOC441239	0	0	0
ZNF117	0	0	0
ERV3-1-ZNF117	0	0	0
ERV3-1	41	0	41
LOC105375330	0	0	0
LOC105375329	0	0	0
CCT6P3	64	13	51
LOC124901663	4	2	2
SNORA22C	0	0	0
SNORA15B-1	0	0	0
LOC124901662	0	0	0
INTS4P1	5	0	5
LOC124901661	0	0	0
LOC105375334	0	0	0
ZNF92	125	0	125
LOC124901660	0	0	0
LOC101929322	0	0	0
LINC03006	47	39	63
INTS4P2	6	17	0
CCT6P1	103	28	119
SNORA22	1	0	1
SNORA15B-2	0	0	0
LOC124901659	1	0	1
LINC03129	0	0	0
VKORC1L1	984	3	981
GUSB	1787	0	1787
LOC105375336	0	0	0
ASL	592	0	592
CRCP	399	0	399
TPST1	26	0	26
LINC00174	123	0	123
LINC03011	26	0	26
RABGEF1P1	362	2	360
KCTD7	173	0	173
LOC100996437	19	0	19
RABGEF1	492	97	658
LOC107986707	1	0	1
GTF2IRD1P1	3	263	3
GTF2IP23	14	0	14
LINC02604	81	0	81
TMEM248	2037	0	2037
SBDS	1182	0	1182
TYW1	394	4	391
LOC124901664	0	0	0
MIR4650-1	0	0	0
LOC124901666	0	1	0
LOC124901665	6	4	2
PMS2P4	44	0	44
SPDYE21	5	5	0
STAG3L4	180	0	180
LINC01372	9	0	9
LOC105375337	2	0	2
LOC105375340	0	0	0
LOC107986741	0	0	0
LOC102723427	0	0	0
LOC105375341	0	0	0
LOC105375342	0	0	0
LOC105375343	0	0	0
LOC105375344	0	0	0
LOC105375345	0	0	0
LOC124901667	0	0	0
LOC105375346	0	0	0
CT66	0	0	0
AUTS2	54	0	54
LOC124901669	0	0	0
LOC124901668	0	0	0
LOC107986709	0	0	0
LOC105375347	0	0	0
GALNT17	0	0	0
MIR3914-1	0	0	0
MIR3914-2	0	0	0
CALN1	0	0	0
TYW1B	30	0	30
MIR4650-2	0	0	0
SBDSP1	322	0	322
SPDYE7P	0	0	0
POM121	1184	445	1176
NSUN5P2	49	15	433
LOC124901671	10	0	10
TRIM74	2	0	20
FKBP6P1	10	28	0
LOC124901672	27	37	0
STAG3L3	70	2	80
PMS2P7	31	0	33
SPDYE8	0	0	0
SPDYE11	0	0	0
SPDYE9	0	0	0
SPDYE10	0	14	0
GTF2IP4	357	0	371
NCF1B	0	0	0
NSUN5	902	10	907
TRIM50	0	0	0
FKBP6	1	0	1
FZD9	38	0	38
BAZ1B	2721	5	2716
BCL7B	436	0	436
TBL2	927	0	927
MLXIPL	575	4	571
VPS37D	33	0	33
DNAJC30	264	0	264
BUD23	1883	0	1883
STX1A	158	0	189
LOC105375350	1	32	0
MIR4284	0	0	0
BICDL3P	0	1	0
ABHD11	236	0	237
CLDN3	5	5	0
CLDN4	146	28	118
METTL27	102	0	102
TMEM270	0	0	0
ELN	1	1	1
ELN-AS1	0	0	1
LIMK1	574	0	574
EIF4H	7993	2	7991
MIR590	5	0	5
LAT2	9	5	4
RFC2	1109	2	1107
LOC107986742	0	0	0
CLIP2	61	0	61
GTF2IRD1	1490	2	1488
WBSCR23	0	0	0
MIR10525	11	0	11
GTF2I	572	0	1192
GTF2I-AS1	0	620	0
NCF1	0	0	0
GTF2IRD2	20	1	20
LOC124901673	53	102	1
STAG3L2	89	0	138
PMS2P5	40	0	80
SPDYE12	28	68	0
LOC105375352	0	0	0
CASTOR2	410	2	433
RCC1L	1015	24	1016
GTF2IRD2B	122	0	123
NCF1C	0	0	0
GTF2IP1	166	0	175
LOC107986710	0	1	0
SPDYE14	0	0	0
SPDYE13	0	0	0
SPDYE15	0	5	0
PMS2P2	0	0	2
STAG3L1	9	0	15
LOC124901677	3	10	0
FKBP6P2	12	16	0
TRIM73	1	0	5
LOC124901676	4	0	4
NSUN5P1	437	13	448
POM121C	865	39	850
SPDYE5	14	17	0
PMS2P3	66	0	69
HIP1	1120	0	1120
CCL26	30	0	30
CCL24	0	0	0
RHBDD2	1890	1	1889
LOC124901680	0	0	0
POR	5968	9	5968
MIR4651	0	0	0
SNORA14A	3	0	3
TMEM120A	756	9	756
STYXL1	205	0	205
MDH2	5268	1	5267
GTF2IP7	16	0	16
LOC124901854	0	0	0
LOC124901674	1	0	1
SRRM3	67	0	67
LOC124901679	0	0	0
HSPB1	10329	9	10320
FPASL	3	0	3
YWHAG	3702	5	3697
SSC4D	45	55	62
ZP3	193	19	246
DTX2	321	4	335
FDPSP2	1	14	5
LOC124901675	0	23	6
UPK3B	4	6	27
SPDYE16	0	0	0
LINC03009	0	0	0
POMZP3	0	0	0
LOC105375358	0	0	0
DTX2P1-UPK3BP1-PMS2P11	34	1	34
SPDYE17	0	1	0
PMS2P9	8	2	8
SPDYE18	7	5	4
FAM185BP	5	1	4
CCDC146	18	0	18
LOC124901678	0	0	0
FGL2	0	0	0
CCDC146-AS1	0	0	0
LOC102723791	0	0	0
GSAP	19	0	19
LOC101927243	0	0	0
LOC124901830	0	0	0
LOC124901681	13	0	13
PTPN12	1038	1	1037
LOC105375363	1	4	1
APTR	78	25	91
RSBN1L	299	9	324
TMEM60	290	0	290
PHTF2	740	0	740
LOC124901682	0	0	0
DDX3ILA1	0	0	0
MAGI2	0	0	0
LOC124901684	0	0	0
RPL13AP17	0	0	0
LOC124901683	0	0	0
MAGI2-AS2	0	0	0
LOC105375366	0	0	0
MAGI2-AS3	0	0	0
LOC105375369	0	0	0
LOC105375370	0	0	0
LOC105375371	0	0	0
LOC105375372	0	0	0
GNAI1	1128	0	1128
LOC107986743	0	0	0
LOC107986744	0	0	0
LOC105375373	0	0	0
LOC101927269	0	0	0
GNAT3	0	0	0
LOC107986812	0	0	0
LOC124901685	0	0	0
CD36	20	0	20
SEMA3C	787	0	787
LOC124901686	1	0	1
LOC105369146	0	0	0
LOC100128317	0	0	0
HGF	0	0	0
CACNA2D1	0	0	0
CACNA2D1-AS1	0	0	0
LOC124901687	0	0	0
LOC107986813	0	0	0
LOC124901688	0	0	0
LOC105375376	0	0	0
PCLO	0	0	0
LOC105375377	0	0	0
SEMA3E	0	0	0
LOC105375378	0	0	0
LOC107986745	0	0	0
SEMA3A	0	0	0
LINC03017	0	0	0
SEMA3D	1	0	1
LINC00972	0	0	0
GRM3	0	0	0
GRM3-AS1	0	0	0
ELAPOR2	0	0	0
LOC124901689	0	0	0
DMTF1-AS1	5	10	12
DMTF1	945	89	944
TMEM243	191	18	444
LOC105375384	28	218	6
TP53TG1	0	0	0
CROT	0	0	0
ABCB4	0	0	0
ABCB1	9	0	9
LOC124901834	0	0	0
RUNDC3B	1	1	0
SLC25A40	348	0	348
DBF4	501	0	501
LOC124901690	0	0	0
ADAM22	12	8	4
LOC105375386	0	0	0
SRI	840	0	1103
LOC124901691	3	0	4
SRI-AS1	1	265	0
STEAP4	6360	0	6360
LOC124901692	0	0	0
LOC107986815	0	0	0
LOC124900238	0	0	0
LOC107986816	0	0	0
ZNF804B	0	0	0
TEX47	0	0	0
LOC105375387	0	0	0
LOC107986817	0	0	0
STEAP2-AS1	0	0	0
DPY19L2P4	0	0	0
STEAP1	1	0	1
STEAP2	0	0	0
LOC107986819	3	0	3
CFAP69	8	0	8
FAM237B	0	0	0
LOC107986715	1	1	0
LOC101927446	0	0	0
GTPBP10	255	0	255
LOC101409256	2	0	2
CLDN12	504	0	504
PTTG1IP2	0	0	0
LOC124901693	0	0	0
CDK14	56	0	56
LOC124901839	0	0	0
LOC124901694	2	0	2
FZD1	162	0	162
LOC124901695	0	0	0
LINC02932	2	0	2
LOC107986716	0	0	0
LOC101927473	0	0	0
LOC124901697	1	0	1
LOC124901696	1	0	1
MTERF1	190	0	190
LOC112267986	3	0	3
LOC124901698	1	0	1
AKAP9	721	6	715
CYP51A1	1201	2	1213
CYP51A1-AS1	0	12	2
LRRD1	0	0	0
KRIT1	480	3	479
MIR1285-1	3	0	3
ANKIB1	813	0	815
TMBIM7P	0	0	0
GATAD1	490	189	504
ERVW-1	0	0	0
PEX1	271	27	447
RBM48	253	0	253
FAM133B	251	0	251
LOC105375397	0	0	0
CDK6	823	1	824
LOC112268009	9	0	9
CDK6-AS1	0	1	1
SAMD9	755	0	755
SAMD9L	125	0	125
HEPACAM2	3	0	3
VPS50	561	0	561
CALCR	0	0	0
MIR653	0	0	0
MIR489	0	0	0
LOC105375400	0	0	0
MIR4652	0	0	0
LOC124901811	0	0	0
TFPI2	0	0	0
TFPI2-DT	0	0	0
GNGT1	0	0	0
LOC105375402	0	0	0
GNG11	457	1	456
BET1	545	0	545
BET1-AS1	23	23	0
LOC130890646	0	0	0
LOC124901812	0	0	0
LOC112267858	0	0	0
LOC107986821	0	0	0
COL1A2-AS1	0	0	0
COL1A2	2	0	2
CASD1	206	8	198
LOC105375404	3	3	0
SGCE	505	0	505
PEG10	1766	2	1764
PPP1R9A	248	0	248
PPP1R9A-AS1	3	0	3
LOC124901848	0	0	0
PON1	11	0	11
PON3	0	0	0
LOC107986822	15	15	0
PON2	7318	2	7316
ASB4	6	0	6
LOC107986823	0	0	0
LOC124901699	1	0	1
PDK4	1572	1	1571
PDK4-AS1	7	0	7
LOC107986746	0	0	0
LOC105375409	0	0	0
DYNC1I1	0	0	0
LOC124901700	0	0	0
LOC124901701	0	0	0
SLC25A13	1161	0	1161
MIR591	0	0	0
LOC105375410	0	0	0
LOC124901702	0	0	0
LOC105375411	0	0	0
SEM1	529	0	529
LOC105375412	0	0	0
LOC107986825	0	0	0
LOC105375414	0	0	0
LOC124901703	0	0	0
DLX6-AS1	0	0	0
DLX6	0	0	0
DLX5	0	0	0
SDHAF3	137	0	137
LOC107984034	1	0	1
LOC124901704	1	1	0
LOC107986826	0	0	0
LOC105375416	0	0	0
TAC1	0	0	0
ASNS	4	0	4
CZ1P-ASNS	1	0	1
MIR5692A1	0	0	0
MIR5692C2	0	0	0
CCZ1P-OR7E38P	97	0	97
OCM2	0	0	0
LMTK2	721	1	720
BHLHA15	1	1	1
TECPR1	246	0	247
LOC124901706	9	0	9
LOC124901705	0	0	0
BRI3	448	547	449
BAIAP2L1	878	14	1412
NPTX2	0	0	0
LOC105375419	0	0	0
LOC105375418	0	0	0
TMEM130	0	0	0
TRRAP	1616	1	1615
MIR3609	0	0	0
SCARNA28	0	0	0
LOC124901832	0	0	0
LOC101927550	22	114	25
SMURF1	622	18	721
KPNA7	0	0	0
MYH16	8	8	0
LOC105375421	1	0	1
ARPC1A	2019	3	2016
ARPC1B	4825	17	4905
PDAP1	2122	108	2111
BUD31	196	95	706
MIR12119	0	0	0
LOC124901707	5	0	5
LOC124901841	2	2	0
ATP5MF-PTCD1	0	0	0
PTCD1	1	0	2
CPSF4	696	15	683
ATP5MF	109	0	109
TRW-CCA5-1	0	0	0
ZNF789	193	16	202
ZNF394	255	23	257
ZKSCAN5	285	0	285
FAM200A	139	2	145
LOC105375422	0	0	0
ZNF655	478	9	477
TMEM225B	5	0	5
ZSCAN25	274	3	285
CYP3A5	33	16	30
CYP3A7-CYP3A51P	0	0	0
CYP3A7	0	0	0
CYP3A4	0	0	0
CYP3A4-AS1	2	0	2
CYP3A43	0	0	0
OR2AE1	0	0	0
TRIM4	141	0	141
LOC101927610	0	0	0
GJC3	0	0	0
LOC124900245	0	0	0
AZGP1	0	0	0
AZGP1P1	0	0	0
LOC105375423	0	0	0
ZKSCAN1	673	0	673
ZSCAN21	74	6	180
ZNF3	411	109	414
COPS6	2639	1	2638
MCM7	5245	12	5813
MIR25	30	0	30
MIR93	0	0	0
MIR106B	0	0	0
AP4M1	254	1256	297
TAF6	1006	143	1684
CNPY4	192	4	277
MBLAC1	36	8	41
LAMTOR4	477	0	477
TRAPPC14	316	3	313
MIR4658	0	0	0
GAL3ST4	4	0	4
GPC2	90	0	90
STAG3	69	253	7
CASTOR3P	314	1	505
PVRIG	14	15	0
LOC105375426	2	0	2
SPDYE3	85	162	0
PMS2P1	134	62	216
STAG3L5P-PVRIG2P-PILRB	208	0	208
STAG3L5P	2	0	2
PVRIG2P	0	0	0
MIR6840	0	0	0
PILRB	8	0	8
PILRA	21	0	21
ZCWPW1	20	1	19
MEPCE	1351	0	1351
PPP1R35	709	7	705
PPP1R35-AS1	0	0	3
TSC22D4-C7ORF61	0	0	0
SPACDR	1	0	1
TSC22D4	123	1	122
NYAP1	12	4	8
LOC107986829	0	0	0
AGFG2	952	0	952
LOC124901708	0	0	0
SAP25	10	0	10
LRCH4	494	0	494
FBXO24	4	0	9
PCOLCE-AS1	0	5	0
PCOLCE	134	0	134
MOSPD3	298	0	298
TFR2	89	0	106
LOC124901709	0	17	0
LOC124901710	2	0	2
ACTL6B	0	0	0
LOC105375429	0	0	0
GNB2	3481	3	3478
GIGYF1	1197	1	1196
POP7	579	0	579
EPO	0	0	0
ZAN	0	0	0
EPHB4	1654	3	1745
SLC12A9	582	102	577
SLC12A9-AS1	0	0	3
TRIP6	2023	4	2019
MIR6875	0	0	0
SRRT	2563	21	2546
UFSP1	52	0	56
ACHE	3	1	2
LOC105375431	0	0	0
MUC3A	6	0	6
LOC124900622	0	0	0
MUC12	0	0	0
MUC12-AS1	0	0	0
MUC17	0	0	0
TRIM56	1068	4	1064
SERPINE1	600	0	600
AP1S1	1496	1	1495
MIR4653	1	0	1
VGF	44	0	44
NAT16	36	0	36
MOGAT3	0	0	0
PLOD3	3256	3	3253
ZNHIT1	845	2	843
CLDN15	213	0	213
FIS1	705	3	702
LNCPRESS1	0	0	0
EMSLR	45	4	53
IFT22	292	23	281
COL26A1	25	0	25
LINC01007	0	0	0
LOC107986832	0	0	0
MYL10	0	0	0
CUX1	1719	5	1714
LOC124900244	0	0	0
LOC124901711	0	0	0
SH2B2	217	0	217
MIR4285	0	0	0
LOC107986717	0	0	0
SPDYE6	14	14	0
LOC100630923	1	0	1
LOC100289561	7	0	7
PRKRIP1	24	0	24
MIR548O	0	0	0
LOC105375433	1	131	0
ORAI2	51	21	48
ALKBH4	138	6	154
LRWD1	406	4	407
MIR5090	0	0	0
MIR4467	3	0	3
POLR2J	379	10	370
RASA4B	14	2	30
LOC124901715	0	18	0
POLR2J3-UPK3BL2	0	0	0
UPK3BL2	1	0	1
SPDYE2	23	28	0
POLR2J3	0	0	0
LOC124901712	0	0	0
RASA4	19	0	20
LOC124901714	0	1	0
POLR2J2-UPK3BL1	0	0	0
UPK3BL1	0	0	0
SPDYE2B	1	1	0
POLR2J2	0	0	0
RASA4DP	3	0	7
LOC124901713	3	4	3
FAM185A	112	0	112
FBXL13	7	3	4
LRRC17	3	0	3
NFE4	0	0	0
ARMC10	155	1	154
NAPEPLD	0	1	0
RPL19P12	0	0	0
LOC105375434	0	0	1
DPY19L2P2	0	0	0
PMPCB	1318	245	1414
DNAJC2	788	121	1009
PSMC2	1783	1	1783
SLC26A5	2	2	0
SLC26A5-AS1	0	0	0
RELN	0	0	0
LOC105375435	0	0	0
ORC5	440	0	440
LHFPL3	0	0	0
LHFPL3-AS1	0	0	0
LHFPL3-AS2	0	0	0
LOC101927902	0	0	0
LINC01004	130	0	130
KMT2E-AS1	121	2	119
KMT2E	866	74	806
SRPK2	949	21	1083
LOC124901717	1	140	2
LOC124901718	0	0	0
PUS7	653	0	653
RINT1	293	0	457
EFCAB10	3	167	0
EFCAB10-AS1	20	0	20
ATXN7L1	73	0	73
CDHR3	0	0	0
LOC107986833	0	0	0
SYPL1	1696	1	1695
LOC124901719	0	0	0
NAMPT	2152	2	2151
NAMPT-AS1	0	0	1
CTB-30L5.1	0	0	0
LOC105375440	0	0	0
CCDC71L	252	7	245
LINC02577	2	0	2
PIK3CG	0	0	0
PRKAR2B	0	0	0
PRKAR2B-AS1	0	0	0
HBP1	0	0	0
COG5	0	0	0
LOC124901720	0	0	0
LOC124901721	0	0	0
GPR22	0	0	0
DUS4L-BCAP29	0	0	0
DUS4L	0	0	0
BCAP29	0	0	0
SLC26A4-AS1	0	0	0
SLC26A4	6	0	6
CBLL1-AS1	13	8	13
CBLL1	516	1	523
SLC26A3	1	1	0
LOC105375444	0	0	0
LOC105375445	0	0	0
DLD	1365	0	1367
LAMB1	2138	9	2131
LAMB4	0	0	0
LOC107986834	0	0	0
LOC107986835	0	0	0
LOC105375446	0	0	0
NRCAM	0	0	0
LOC102724363	0	0	0
PNPLA8	498	0	498
LOC124901722	0	0	0
THAP5	268	0	268
DNAJB9	232	0	232
LOC105375448	0	0	0
LOC107986836	0	0	0
LINC02903	0	0	0
EIF3IP1	0	0	0
LOC105375451	1	0	1
LOC105375450	0	0	0
LOC105375452	0	0	0
LOC124901723	0	0	0
IMMP2L	221	0	221
LOC124901724	1	0	1
LRRN3	0	0	0
LOC124901725	46	0	46
LOC124900232	7	0	7
DOCK4	141	0	142
LOC124901727	0	0	0
LOC124901726	0	1	0
DOCK4-AS1	0	0	0
ZNF277	352	0	352
ZNF277-AS1	4	4	0
LOC105375456	1	0	5
LOC105375457	8	0	8
IFRD1	818	0	818
LOC128031837	0	0	0
LSMEM1	36	0	36
LINC03076	0	0	0
LOC101928012	0	0	0
TMEM168	0	0	0
LOC124901729	0	0	0
SAMTOR	104	0	104
HRAT17	0	0	0
GPR85	0	0	0
LOC107986837	0	0	0
SMIM30	501	0	501
LOC124901813	0	0	0
LOC124901814	0	0	0
PPP1R3A	0	0	0
FOXP2	156	0	156
MIR3666	2	0	2
MDFIC	438	0	438
LINC01393	0	0	0
LINC01392	1	1	0
SNORA25B	0	0	0
LOC100506489	0	0	0
LOC105375461	0	0	0
LOC105375462	0	0	0
LOC102724407	0	0	0
TFEC	0	0	0
TES	1017	0	1178
LOC124901730	19	177	3
LOC102724434	1	0	1
LOC105375463	0	0	0
LOC124900233	0	0	0
CAV2-DT	4	0	4
CAV2	854	1	853
CAV1	1858	3	1855
COMETT	0	0	0
MET	2826	1	2825
LOC124901731	0	0	0
CAPZA2	1923	1	1922
LOC105375465	0	0	0
ST7-AS1	13	67	29
ST7	195	4	367
ST7-OT4	1	10	3
MIR6132	0	0	0
ST7-AS2	0	113	0
LOC124901732	0	0	0
ST7-OT3	0	0	0
LOC105375466	0	0	0
WNT2	0	0	0
LOC124900596	0	0	0
LOC105375467	0	0	0
ASZ1	2	0	2
LOC105375468	0	0	0
CFTR	0	0	0
CFTR-AS1	0	0	0
CFTR-AS2	0	0	0
CTTNBP2	1	0	1
LOC105375469	0	0	0
LOC105375470	0	0	0
LSM8	492	0	492
ANKRD7	0	0	0
LOC102724495	0	0	0
LOC124901815	0	0	0
LOC105375471	0	0	0
LOC105375472	0	0	0
LOC107986747	0	0	0
LOC105375473	0	0	0
LOC124901816	0	0	0
LINC02476	3	0	3
LOC107986840	0	0	0
LOC105375477	0	0	0
KCND2	0	0	0
TSPAN12	280	0	282
LOC124901733	3	5	0
ING3	142	0	142
LOC124901734	3	3	0
CPED1	4	0	4
LOC124901735	1	0	1
WNT16	10	10	0
FAM3C	373	0	373
LOC124901737	0	0	0
LOC124901736	0	0	0
LOC105375478	0	0	0
PTPRZ1	0	0	0
AASS	0	0	0
LOC102724527	0	0	0
FEZF1	0	0	0
FEZF1-AS1	0	0	0
CADPS2	0	0	0
LOC105375481	0	0	0
LOC124901739	0	0	0
RNF133	0	0	0
RNF148	0	0	0
LOC124901738	0	0	0
LOC105375482	0	0	0
TAS2R16	0	0	0
SLC13A1	0	0	0
IQUB	1	0	1
LOC124901740	0	0	0
NDUFA5	506	0	506
ASB15	0	0	0
ASB15-AS1	0	0	0
LMOD2	1	1	0
WASL	812	4	809
WASL-DT	68	0	69
HYAL4	14	2	12
HYAL6P	1	1	0
SPAM1	0	0	0
LOC105375483	0	0	0
TMEM229A	0	0	0
LOC124901741	0	0	0
LOC105375484	0	0	0
LOC107986841	0	0	0
LOC101928211	0	0	0
LOC102724577	0	0	0
SSU72L6	0	0	0
GPR37	705	1	704
LINC03043	0	0	0
POT1	651	0	652
POT1-AS1	17	1	17
LINC02830	1	0	1
LOC101928283	0	0	0
LOC101928254	0	0	0
LOC100506664	0	0	0
LOC105375487	0	0	0
LOC105375488	0	0	0
GRM8	0	0	0
LOC101928357	0	0	0
LOC107986843	0	0	0
MIR592	0	0	0
LOC124901742	0	0	0
GRM8-AS1	0	0	0
ZNF800	500	1	499
LINC03012	0	0	0
LOC105375490	3	9	0
GCC1	315	0	315
ARF5	1611	0	1918
LOC105375489	2	291	0
FSCN3	3	0	3
PAX4	0	0	0
SND1-DT	0	0	0
SND1	5386	1	5385
SND1-IT1	1	0	1
LRRC4	0	0	0
LOC124901743	0	0	0
MIR593	0	0	0
LOC105375493	0	0	0
LOC124901744	0	0	0
MIR129-1	0	0	0
LEP	0	0	0
RBM28	718	0	718
PRRT4	1	0	1
LOC107986845	0	10	0
IMPDH1	2298	3	2305
EFCAB3P1	48	0	48
HILPDA	79	0	79
METTL2B	508	0	508
LINC01000	877	0	877
GARIN1A	26	0	26
GARIN1B	0	0	0
CALU	4829	1	4973
OPN1SW	0	145	0
TRP-AGG2-3	0	0	0
CCDC136	1	0	1
FLNC	2	0	2
FLNC-AS1	0	0	2
ATP6V1F	809	4	807
SPMIP1	27	0	27
KCP	5	0	5
LOC105375497	0	0	0
IRF5	2	2	0
TNPO3	1211	11	1210
TPI1P2	5	0	15
LOC124901836	0	0	0
LOC124901863	0	0	0
LOC407835	1	0	1
TSPAN33	16	0	16
SMO	0	0	0
AHCYL2	402	0	407
LOC124900234	1	0	1
LOC105375500	3	0	3
LOC107986847	0	5	0
STRIP2	440	2	438
SMKR1	6	0	6
NRF1	253	0	253
LOC105375501	1	0	1
MIR182	0	0	0
MIR96	0	0	0
MIR183	0	0	0
UBE2H	2092	6	2086
UBE2H-DT	0	119	0
ZC3HC1	470	0	589
KLHDC10	565	0	565
LINC03008	0	0	0
TMEM209	602	0	604
LOC124901745	5	5	0
SSMEM1	0	2	0
CPA2	2	0	2
CPA4	1512	2	1510
LOC105375503	18	22	0
LOC124901842	0	0	4
LOC124901837	0	0	0
CPA5	1	0	1
LOC105375504	1	1	0
CPA1	0	0	0
CEP41	120	0	120
LOC105375505	0	0	0
MESTIT1	0	31	0
MEST	266	1	296
MIR335	0	0	0
COPG2	517	1	516
COPG2IT1	3	0	3
LOC124901746	0	0	0
TSGA13	0	0	0
KLF14	13	0	13
LOC105375508	2	1	1
LOC105375509	0	0	0
MIR29A	0	0	0
MIR29B1	0	0	0
LINC-PINT	119	2	118
LINC00513	2	0	2
MKLN1	1116	0	1117
MKLN1-AS	73	1	72
LOC124901747	12	0	12
PODXL	3400	2	3398
LOC107986849	1	0	1
LOC101928782	0	0	0
PLXNA4	2	0	2
PLXNA4-AS2	0	0	0
PLXNA4-AS1	0	0	0
LOC105375511	0	0	0
LOC102724906	0	0	0
FLJ40288	0	0	0
LOC124900236	0	0	0
LOC100506937	0	0	0
CHCHD3	764	0	764
MIR3654	86	0	86
LOC105375512	0	0	0
EXOC4	1113	0	1233
MIR6133	0	0	0
LOC124901748	0	121	0
LOC124901749	0	0	0
LOC101928861	0	0	0
LOC105375514	0	0	0
LRGUK	8	0	8
SLC35B4	549	0	549
LOC105375518	0	0	0
LOC105375517	0	0	0
LINC03060	8	0	8
AKR1B1	6220	6	6214
AKR1B10	11	0	11
LOC105375520	6	8	0
AKR1B15	5	0	7
LOC124901750	2	8	2
BPGM	210	0	212
CALD1	1683	1	1688
AGBL3	46	1	45
CYREN	273	18	366
TMEM140	141	236	16
WDR91	141	0	141
MIR6509	0	0	0
STRA8	0	0	0
LOC107984123	0	0	0
CNOT4	367	0	367
NUP205	2786	1	2785
STMP1	384	0	384
SLC13A4	7	31	0
LOC105375521	30	0	54
FAM180A	0	0	0
LOC105375522	0	0	0
MTPN	2368	4	2364
LOC105375523	1	0	1
LOC105375524	0	0	0
LOC124901850	0	0	0
CHRM2	0	0	0
LOC349160	0	0	0
MIR490	0	0	0
LOC105375525	0	0	0
PTN	2	0	2
LOC124900235	0	0	0
LOC105375527	0	0	0
DGKI	3	0	3
CREB3L2	1312	0	1312
CREB3L2-AS1	0	0	0
LOC124901752	0	0	0
LOC124901753	0	0	0
AKR1D1	0	0	0
LOC124901828	0	0	0
MIR4468	0	0	0
LOC107986749	2	0	2
LOC124900243	0	0	0
LOC124901754	0	0	0
TRIM24	1019	7	1012
LOC124901843	0	0	0
LOC124901755	3	0	3
SVOPL	117	0	117
LOC124900246	0	0	0
ATP6V0A4	40	1	39
TMEM213	2	2	0
KIAA1549	1105	1	1104
ZC3HAV1L	346	23	340
LOC107986852	12	0	29
ZC3HAV1	6610	6	6604
MIR10399	0	0	0
IFT56	272	0	272
LOC124901756	1	0	1
UBN2	837	21	816
LUC7L2	154	4	150
FMC1	2	0	2
TRR-CCT4-1	0	0	0
FMC1-LUC7L2	0	0	0
LOC100129148	0	622	1
KLRG2	0	0	0
CLEC2L	0	0	0
HIPK2	2	0	2
LOC105375530	0	0	0
TBXAS1	0	0	0
LOC107986853	1	0	1
LOC105375532	0	0	0
PARP12	942	0	942
LOC124901757	0	0	0
KDM7A	196	0	196
KDM7A-DT	55	1	54
LOC107986854	0	0	0
LOC105375534	0	0	0
LOC124901758	3	0	3
SLC37A3	516	0	516
LOC124901838	2	0	2
LOC124901759	0	0	0
RAB19	0	0	0
MKRN1	2319	5	2314
DENND2A	9	0	9
LOC105375535	0	0	0
ADCK2	586	2	585
NDUFB2-AS1	11	594	12
NDUFB2	143	4	737
BRAF	563	6	558
LOC105375536	1	0	1
LOC107986720	0	0	0
MRPS33	469	0	469
LOC107986719	0	0	0
LOC105375537	0	0	0
TMEM178B	414	0	414
LOC124901760	1	0	1
AGK-DT	3	3	0
AGK	77	0	77
DENND11	0	0	0
WEE2-AS1	0	1	0
WEE2	0	0	0
SSBP1	378	0	379
TAS2R3	0	0	0
TAS2R4	8	1	7
TAS2R5	17	0	17
PRSS37	2	2	0
OR9A4	0	0	0
CLEC5A	0	0	0
LOC124901761	0	0	0
TAS2R38	0	0	0
MGAM	0	0	0
MGAM2	0	0	0
MOXD2P	0	0	0
PRSS58	0	0	0
PRSS59P	0	0	0
LOC105375539	0	0	0
LOC107986855	0	0	0
MIR11400	0	0	0
PRSS1	0	0	0
LOC124901763	0	0	0
PRSS2	0	0	0
LOC124901762	0	0	0
LOC105375541	0	0	0
EPHB6	0	0	0
TRPV6	0	0	0
TRPV5	0	0	0
LOC105375542	0	0	0
LLCFC1	0	0	0
KEL	0	0	0
OR9A2	0	0	0
LOC105375544	0	0	0
OR6V1	0	0	0
OR6W1P	0	0	0
PIP	0	0	0
TAS2R39	0	0	0
LOC124901764	0	0	0
TAS2R40	0	0	0
LOC105375546	0	0	0
TMEM139-AS1	1	99	1
GSTK1	2505	1	2504
TMEM139	466	0	565
CASP2	1102	1	1101
CLCN1	7	0	7
FAM131B	7	1	6
FAM131B-AS1	0	0	0
FAM131B-AS2	83	3	80
ZYX	0	0	0
MIR6892	0	0	0
EPHA1	0	0	0
EPHA1-AS1	0	0	0
TAS2R60	0	0	0
TAS2R41	0	0	0
LOC105375547	0	0	0
OR10AC1	0	0	0
CTAGE15	0	0	0
LOC101928466	13	0	13
TCAF2	38	1	37
CTAGE6	0	0	0
TCAF2P1	1	1	2
LOC154761	0	1	3
LOC112267988	0	0	1
TCAF1	43	1	43
LOC105375549	0	0	0
OR2F2	0	0	0
OR2F1	0	0	0
OR6B1	0	0	0
OR2A5	0	0	0
OR2A25	0	0	0
OR2A12	0	0	0
OR2A2	0	0	0
OR2A14	0	0	0
CTAGE4	12	4	8
ARHGEF35	44	1	63
ARHGEF35-AS1	2	19	3
OR2A42	0	0	0
OR2A1-AS1	1	0	1
OR2A20P	0	0	0
OR2A7	0	0	0
ARHGEF34P	14	0	14
CTAGE8	0	0	0
OR2A9P	0	0	0
OR2A1	0	0	0
ARHGEF5	25	0	25
LOC124901817	0	0	0
NOBOX	0	0	0
TPK1	17	1	16
LOC105375552	0	0	0
LOC105375553	0	0	0
LOC124901765	0	0	0
CNTNAP2	0	0	0
CNTNAP2-AS1	0	0	0
MIR548F4	0	0	0
LOC107986721	0	0	0
LOC105375556	0	0	0
LOC105375554	0	0	0
LOC124901859	0	0	0
LOC124901766	0	0	0
C7orf33	0	0	0
LOC124901818	0	0	0
LOC105375557	0	0	0
CUL1	1761	20	1741
EZH2	1450	0	1450
LOC124901767	3	0	3
RNY5	0	0	0
RNY4	0	0	0
LOC124901768	1	0	1
RNY3	0	0	0
RNY1	0	0	0
GHET1	4	0	4
PDIA4	4057	0	4057
ZNF786	116	7	109
ZNF425	49	2	47
ZNF398	321	0	321
LOC107986856	0	0	0
ZNF282	821	0	821
ZNF212	276	1	275
LOC124901769	0	18	0
ZNF783	164	0	182
LOC155060	296	0	296
TRC-GCA1-1	0	0	0
TRC-GCA9-2	0	0	0
TRC-GCA13-1	0	0	0
LOC124901770	0	0	0
TRC-GCA18-1	0	0	0
TRC-GCA10-1	0	0	0
LOC105375559	0	0	0
LOC101928733	0	0	0
TRC-GCA11-1	0	0	0
ZNF777	418	2	416
ZNF746	518	2	516
TRC-GCA16-1	8	8	0
ZNF767P	237	0	237
TRC-GCA22-1	2	2	0
TRC-GCA15-1	0	0	0
TRC-GCA3-1	0	0	0
TRC-GCA23-1	0	0	0
TRC-GCA20-1	0	0	0
TRS-AGA5-1	0	0	0
TRC-GCA19-1	0	0	0
TRC-GCA9-3	0	0	0
TRC-GCA12-1	0	0	0
TRC-GCA21-1	0	0	0
TRC-GCA17-1	0	0	0
TRC-GCA9-4	0	0	0
KRABD3	78	0	78
LOC124901771	0	0	0
ZNF467	257	4	254
SSPOP	64	0	65
ZNF862	284	0	284
ATP6V0E2-AS1	0	0	0
ATP6V0E2	0	0	0
ACTR3C	75	103	85
LOC124901772	0	0	0
LOC100134040	0	0	0
LRRC61	412	12	513
ZBED10P	190	0	190
RARRES2	0	0	0
LOC107986858	5	0	5
REPIN1-AS1	10	1159	17
REPIN1	1984	14	3136
ZNF775	36	0	38
ZNF775-AS1	0	2	0
LOC728743	41	2	39
LOC124901773	0	0	0
LINC00996	0	0	0
GIMAP8	1	0	1
GIMAP7	0	0	0
LOC107986860	0	0	0
GIMAP4	0	0	0
GIMAP6	0	0	0
LOC124901774	0	0	0
GIMAP2	1	0	1
GIMAP1-GIMAP5	0	0	0
GIMAP1	0	0	0
GIMAP5	0	0	0
LOC105375566	0	0	0
TMEM176B	0	0	0
TMEM176A	0	0	0
LOC105375567	0	0	0
LOC124901775	0	0	0
AOC1	0	0	0
KCNH2	0	0	0
LOC124901776	0	0	0
NOS3	0	0	1
ATG9B	2	1	2
LOC124901777	0	0	0
ABCB8	942	7	935
ASIC3	160	8	152
CDK5	586	0	586
SLC4A2	5417	13	5404
LOC128092247	0	0	0
FASTK	2152	1	2151
TMUB1	1149	1	1148
AGAP3	1424	0	1424
LOC124901778	19	0	19
GBX1	0	0	0
ASB10	0	0	0
DRC11L	0	0	0
ABCF2-H2BK1	5	0	5
H2BK1	1	0	1
ABCF2	322	2	320
CHPF2	1067	2	1073
MIR671	0	0	0
SMARCD3	262	51	476
LOC124901779	6	226	27
NUB1	590	1	1215
WDR86	50	674	2
WDR86-AS1	0	0	0
CRYGN	1	0	1
LOC124901780	1	1	0
MIR3907	0	0	0
RHEB	2613	0	2613
PRKAG2	138	3	145
PRKAG2-AS2	3	3	0
PRKAG2-AS1	38	9	39
LOC105375570	0	0	0
LOC105375571	0	0	0
GALNTL5	0	0	0
GALNT11	588	8	603
LOC124901844	0	0	0
LOC731075	12	24	11
KMT2C	841	6	835
FABP5P3	0	0	0
LINC01003	75	0	75
LOC124901846	0	0	0
LOC124900247	0	0	0
XRCC2	394	2	392
ACTR3B	262	0	262
LOC102723686	0	0	0
LOC105375577	0	0	0
LINC01287	0	0	0
LOC105375578	0	0	0
LOC105375579	0	0	0
LOC107986750	0	0	0
DPP6	0	0	0
LOC107986722	0	0	0
LOC101929998	0	0	0
LOC105375582	0	0	0
LOC105375581	0	0	0
LOC105375580	0	0	0
PAXIP1-AS2	30	251	26
PAXIP1	315	20	542
LOC124901781	6	0	6
PAXIP1-DT	141	0	141
HTR5A-AS1	0	0	0
HTR5A	0	0	0
LOC105375584	0	0	0
LOC124901782	0	0	0
LOC124901783	4	3	8
LOC124901786	0	0	0
LOC124901784	0	5	2
LOC124901785	4	0	6
LOC124901787	0	2	0
LOC105375587	2	1	1
LOC105375588	0	0	0
LOC105375589	0	0	0
INSIG1-DT	21	309	24
INSIG1	956	3	1270
LOC105375592	5	8	2
BLACE	0	0	0
LOC105375593	0	0	0
LINC03010	0	0	0
LOC105375594	0	0	0
EN2-DT	0	0	0
EN2	0	0	0
CNPY1	0	0	0
RBM33-DT	30	0	30
RBM33	1174	1	1173
SHH	0	0	0
LOC124901788	0	0	0
LOC389602	2	0	2
LOC105375597	0	0	0
LOC124901789	0	0	0
LOC105375603	0	0	0
LOC105375602	0	0	0
LOC105375601	0	0	0
LOC124901790	0	0	0
LOC124901791	0	0	0
LOC105375599	0	0	0
LOC285889	0	0	0
LOC124901792	0	0	0
RNF32-DT	0	0	2
LOC112268012	0	0	0
LINC00244	2	2	0
RNF32	16	106	1
RNF32-AS1	50	1	93
LMBR1	524	2	566
LOC102723795	1	0	1
LOC105375604	0	0	0
LOC105375605	0	0	0
NOM1	468	0	468
MNX1	99	0	101
MNX1-AS2	7	9	0
MNX1-AS1	29	0	29
LOC105375607	0	0	0
UBE3C	2047	0	2047
LOC124901803	2	1	1
DNAJB6	1419	0	1419
LOC101927914	0	0	0
LOC105375610	0	0	0
PTPRN2	0	0	0
MIR153-2	0	0	0
LOC105375615	0	0	0
LOC105375614	0	0	0
PTPRN2-AS1	0	0	0
LOC105375613	0	0	0
MIR595	0	0	0
LOC124901793	0	0	0
LINC01022	0	0	0
MIR5707	0	0	0
NCAPG2	1848	0	1848
ESYT2	3150	0	3150
DYNC2I1	774	1	773
LOC124901796	1	0	1
LOC124901794	21	0	21
LOC124901795	311	0	311
LINC00689	131	15	116
VIPR2	378	119	259
LOC101927506	6	0	6
OR4F21	0	0	0
LOC124902051	1	0	1
RPL23AP53	48	0	52
ZNF596	60	4	60
LOC101927566	0	0	0
LOC124902052	0	0	0
LOC105377773	0	0	0
FAM87A	0	0	0
FBXO25	24	0	24
TDRP	0	0	0
ERICH1	326	0	326
LOC124902055	0	0	0
LOC124902053	0	0	0
LOC124902054	1	0	1
LOC124902044	0	0	0
DLGAP2	0	0	0
LOC401442	0	0	0
LOC105377777	0	0	0
LOC124900249	0	0	0
LOC286083	0	0	0
LOC124901869	0	0	0
LOC105379585	0	0	0
LOC105377775	0	0	0
LOC105379586	0	0	0
DLGAP2-AS1	0	0	0
LOC124901870	0	0	0
LOC105377778	0	0	0
CLN8	0	0	0
CLN8-AS1	0	0	0
MIR3674	0	0	0
LOC105377779	0	0	0
MIR596	0	0	0
ARHGEF10	0	0	0
LOC100131395	0	0	0
KBTBD11-AS1	0	0	0
KBTBD11-OT1	0	0	0
KBTBD11	0	0	0
MYOM2	0	0	0
MIR7160	0	0	0
LOC105377781	0	0	0
LOC105377782	0	0	0
LOC105377783	0	0	0
LOC105377784	0	0	0
LINC03021	0	0	0
LOC107986865	0	0	0
LOC105377785	0	4	0
LOC124901871	0	0	0
CSMD1	168	0	172
LOC105377791	0	0	0
LOC105377790	0	0	0
LOC105377789	0	0	0
LOC107986907	0	0	0
LOC124900260	0	0	0
LOC105377793	0	0	0
LOC105377794	0	0	0
LOC124902045	0	0	0
LOC107986908	0	0	0
LOC105377795	0	0	0
LOC105377796	0	0	0
LOC105377797	0	0	0
MCPH1-DT	0	0	0
MCPH1	1	0	32
ANGPT2	8	14	1
MCPH1-AS1	0	6	0
MIR8055	0	0	0
AGPAT5	0	0	0
MIR4659A	0	0	0
MIR4659B	0	0	0
LOC124901872	0	0	0
LOC107986909	0	0	0
XKR5	0	0	0
GS1-24F4.2	0	0	0
DEFB1	1	0	1
DEFA6	0	0	0
DEFA4	0	0	0
DEFA8P	0	0	0
DEFA9P	0	0	0
DEFA10P	0	0	0
LOC124901873	0	0	0
DEFA1	0	0	0
DEFT1P	0	0	0
LOC124901874	0	0	0
DEFA1B	0	0	0
DEFT1P2	0	0	0
LOC124901875	0	0	0
DEFA3	0	0	0
DEFA11P	0	0	0
DEFA5	0	0	0
LOC105377799	0	0	0
LOC105377803	0	0	0
LOC101928095	0	0	0
LOC124901876	0	0	0
LOC124901878	0	0	0
FAM90A15	0	0	0
LINC00965	0	0	0
FAM90A3	0	0	0
LOC124901877	0	0	0
FAM90A13	0	0	0
FAM90A5	0	0	0
FAM90A20	0	0	0
FAM66B	0	0	0
DEFB109B	0	0	0
USP17L1	0	0	0
USP17L4	0	0	0
ZNF705G	0	0	0
DEFB4B	0	0	0
DEFB103B	0	0	0
SPAG11B	0	0	0
DEFB104B	0	0	0
DEFB106B	0	0	0
DEFB105B	0	0	0
DEFB107B	0	0	0
LOC105377801	0	0	0
PRR23D1	0	0	0
FAM90A7	0	0	0
LOC105377800	0	0	0
LOC128966594	0	0	0
FAM90A22	0	0	0
FAM90A23	0	0	0
LOC107986910	0	0	0
LOC101929400	0	0	0
FAM90A14	0	0	0
FAM90A18	0	0	0
FAM90A16	0	0	0
FAM90A8	0	0	0
FAM90A17	0	0	0
FAM90A19	0	0	0
FAM90A9	0	0	0
FAM90A10	0	0	0
PRR23D2	0	0	0
DEFB107A	0	0	0
DEFB105A	0	0	0
DEFB106A	0	0	0
DEFB104A	0	0	0
SPAG11A	0	0	0
DEFB103A	0	0	0
DEFB4A	0	0	0
ZNF705B	0	0	0
FAM66E	0	0	0
USP17L8	0	0	0
USP17L3	0	0	0
FAM90A11	0	0	0
FAM90A24	0	0	0
FAM90A12	0	0	0
LOC124900617	0	0	0
MIR548I3	0	0	0
FAM85B	0	0	0
FAM86B3P	1	1	0
PRAG1	28	0	28
LOC124901879	2	2	0
LOC105379222	0	0	0
LINC02949	0	0	0
LINC02950	0	0	0
LOC107986913	0	0	0
LOC105379224	0	0	0
LOC124901881	0	0	0
LOC105379225	0	0	0
CLDN23	7	0	7
MFHAS1	55	0	55
LOC124900259	0	0	0
LOC124901866	0	0	0
LOC105379227	0	0	0
ERI1	93	0	93
MIR4660	0	0	0
SNORD3I	0	0	0
LOC112268402	0	0	0
PPP1R3B	7	0	7
PPP1R3B-AS1	0	0	0
PPP1R3B-DT	0	0	0
LOC101929128	0	0	0
LOC124901883	0	0	0
LOC157273	0	0	0
LOC105379228	0	0	0
LOC105379231	0	0	0
LOC105379230	0	0	0
LOC124901884	0	0	0
TNKS	4	0	4
MIR597	0	0	0
LOC124902085	0	0	0
LOC124902056	0	0	0
MIR124-1HG	0	0	0
MIR124-1	0	0	0
LOC124902057	0	0	0
LOC124902082	0	0	0
LOC105379235	0	0	0
MSRA-DT	0	0	0
MSRA	0	0	0
LOC124901885	0	0	0
LOC124901886	0	0	0
LINC03022	0	0	0
LOC124901887	0	0	0
PRSS51	0	0	0
PRSS55	0	0	0
LOC105379237	0	0	0
RP1L1	1	0	1
MIR4286	0	0	0
C8orf74	0	0	0
SOX7	0	0	0
SOX7-AS1	0	0	0
PINX1	34	0	34
MIR1322	0	0	0
PINX1-DT	0	0	0
LOC101929248	0	0	0
LOC112268022	0	0	0
XKR6	0	0	0
MIR598	0	0	0
LOC101929269	0	0	0
LINC00529	0	0	0
MTMR9	0	0	0
MTMR9-AS1	0	0	0
SLC35G5	0	0	0
TDH	0	0	0
TDH-AS1	0	0	0
FAM167A-AS1	0	0	0
FAM167A	10	0	10
BLK	0	0	0
BLK-AS1	0	0	0
LINC00208	0	0	0
LOC105379242	0	0	0
GATA4	0	0	0
SNORA99	0	0	0
LINC02905	0	0	0
LOC124901888	0	7	0
NEIL2	4	0	15
LOC105379243	0	4	0
FDFT1	7	0	7
CTSB	7	1	6
LOC105379244	0	0	0
LOC112268017	0	0	0
DEFB136	0	0	0
DEFB135	0	0	0
DEFB134	0	0	0
LOC105379245	0	0	0
LOC105379246	0	0	0
DEFB130B	0	0	0
ZNF705D	0	0	0
FAM66D	0	0	0
LOC392196	0	0	0
USP17L7	0	0	0
USP17L2	0	0	0
FAM90A2P	0	0	0
FAM86B1	8	0	8
FAM85A	1	1	0
DEFB130A	0	0	0
FAM66A	0	0	0
LOC649352	0	0	0
DEFB109A	0	0	0
FAM90A25P	0	0	0
FAM86B2	11	0	11
FAM86B2-DT	3	0	3
LOC729732	0	0	0
MIR5692A2	0	0	0
LONRF1	9	0	9
MIR3926-1	0	0	0
MIR3926-2	0	0	0
LINC03019	0	0	0
LINC00681	0	0	0
LOC105379289	0	0	0
TRMT9B	0	0	0
LOC124901889	0	0	0
DLC1	0	0	0
LOC101930149	0	0	0
LOC124901890	0	0	0
C8orf48	0	0	0
LOC102725080	0	0	0
LOC105379292	0	0	0
SGCZ	0	0	0
LOC124902058	0	0	0
MIR383	0	0	0
LOC124902059	0	0	0
TUSC3	31	0	31
LOC124902060	0	0	0
MSR1	0	0	0
LOC101929028	0	0	0
LOC105379297	0	0	0
FGF20	0	0	0
MICU3	0	0	0
ZDHHC2	253	0	256
LOC107986918	0	0	0
CNOT7	905	25	883
VPS37A	381	0	481
MTMR7	1	101	0
LOC102724838	0	0	0
SLC7A2	503	0	503
PDGFRL	26	0	26
LOC107986919	0	0	0
MTUS1	1064	2	1176
LOC124901891	5	118	0
MIR548V	0	0	0
MTUS1-DT	27	0	28
LOC124901893	1	1	0
FGL1	10	0	10
LOC124901892	0	0	0
LOC124901867	2	17	6
PCM1	970	4	987
LOC124901894	0	0	0
ASAH1	1062	4	1066
ASAH1-AS1	5	5	8
NAT1	31	0	31
NAT2	0	0	0
PSD3	324	0	324
LOC124901896	0	0	0
PSD3-AS1	0	0	0
LOC124901897	0	0	0
LOC124901895	0	0	0
LOC107986868	0	0	0
LOC124900256	0	0	0
LOC105379303	1	1	0
LOC124901898	1	0	1
LOC105379301	1	0	1
LOC100128993	0	0	0
LOC105379300	0	0	0
LOC105379306	0	0	0
SH2D4A	627	0	643
CSGALNACT1	913	113	816
LOC124901900	1	1	0
CSGALNACT1-AS1	7	0	7
LOC107986920	3	0	3
INTS10	1207	2	1205
LOC124901901	0	0	0
LOC105379309	0	0	0
LOC107986921	0	0	0
LPL	171	0	171
LOC105379311	0	0	0
LOC105379312	0	0	0
SLC18A1	0	0	0
ATP6V1B2	645	0	645
LZTS1	0	0	0
LZTS1-AS1	0	0	0
LOC105379314	0	0	0
SNORD3F	0	0	0
LOC105379315	0	0	0
LOC105379316	0	0	0
LINC03023	0	0	0
LINC02153	0	0	0
LOC124901902	0	0	0
LINC03093	0	0	0
LOC107986922	0	0	0
GFRA2	0	0	0
DOK2	0	0	0
XPO7	1250	0	1250
LOC124901903	0	0	0
NPM2	0	0	0
LOC124902091	0	0	0
FGF17	0	0	0
DMTN	413	0	413
FHIP2B	778	37	741
NUDT18	109	0	109
HR	1315	1	1314
HRURF	0	0	0
REEP4	851	2	849
LGI3	0	0	0
SFTPC	3	0	3
BMP1	2573	2	2571
LOC124901904	3	2	1
PHYHIP	211	19	192
MIR320A	1	0	1
POLR3D	422	0	425
PIWIL2-DT	6	9	0
PIWIL2	1	0	1
SLC39A14	1237	0	1237
PPP3CC	231	0	231
LOC124901905	0	0	0
SORBS3	1068	1	1067
PDLIM2	419	2	417
C8orf58	85	0	193
LOC107986876	1	165	1
CCAR2	1566	121	1585
BIN3	77	1	159
BIN3-IT1	0	0	0
LOC107986924	0	0	0
EGR3	5	0	5
LOC105379321	1	0	1
LOC107986926	0	0	0
PEBP4	0	0	0
LOC124901908	0	0	0
LOC107986925	0	0	0
LOC105379325	0	0	0
LOC124901906	0	0	0
PEBP4-AS1	0	0	0
LOC124901907	0	0	0
RHOBTB2	1022	55	1036
RHOBTB2-AS1	0	24	1
TNFRSF10B	2269	6	2307
TNFRSF10B-AS1	0	0	0
LOC254896	17	0	17
TNFRSF10C	10	0	10
TNFRSF10D	238	0	238
TNFRSF10A	206	7	202
TNFRSF10A-DT	86	0	89
CHMP7	503	0	503
R3HCC1	197	1	196
LOXL2	3877	3	4505
LOXL2-AS1	5	636	0
ENTPD4	362	0	362
ENTPD4-DT	12	0	13
LOC105379327	0	1	0
SLC25A37	671	0	671
LOC107986930	0	0	0
NKX3-1	1	0	1
NKX2-6	0	0	0
LOC101929258	0	0	0
STC1	17	0	17
LOC107986931	0	0	0
LOC105379328	0	0	0
ADAM28	0	0	0
ADAM7-AS1	0	0	0
ADAMDEC1	0	0	0
ADAM7	0	0	0
ADAM7-AS2	0	0	0
LOC107986932	0	0	0
LOC107986882	0	0	0
LOC105379329	0	0	0
NEFM	0	0	0
LOC112268023	0	0	0
NEFL	0	0	0
MIR6841	0	0	0
LOC105379330	0	0	0
LOC124901911	0	0	0
LOC124901912	6	0	6
DOCK5	1357	1	1356
MIR6876	0	0	0
LOC105379331	0	0	0
GNRH1	34	2	32
KCTD9	706	8	698
LOC124901913	0	0	0
CDCA2	552	0	552
LOC107986933	0	0	0
LOC105379333	0	0	0
LOC105379332	0	0	0
LOC124901915	0	0	0
EBF2	0	0	0
LOC102723395	0	0	0
LOC124901914	0	0	0
LOC105379335	0	0	0
LOC105379336	0	0	0
PPP2R2A	811	0	811
SDAD1P1	35	1	35
BNIP3L	1501	0	1502
LOC124901868	5	0	5
PNMA2	0	0	0
DPYSL2	687	0	687
LOC124901916	0	0	0
ADRA1A	0	0	0
LOC124901918	0	0	0
LOC124901917	0	0	0
LOC105379339	0	0	0
MIR548H4	0	0	0
LOC105379340	0	0	0
STMN4	0	0	0
TRIM35	244	0	244
PTK2B	211	1	210
MIR6842	0	0	0
CHRNA2	0	0	0
EPHX2	0	0	0
LOC124901919	0	0	0
CLU	6864	2	6862
MIR6843	0	0	0
SCARA3	700	131	700
LOC124901921	0	0	0
LOC124901920	7	0	7
MIR3622B	0	0	0
MIR3622A	0	0	0
CCDC25	465	3	639
LOC107986934	1	46	1
ESCO2	360	1047	341
PBK	522	4	1546
SCARA5	91	2	89
MIR4287	0	0	0
LOC105379342	6	0	6
NUGGC	0	0	0
ELP3	490	0	490
LOC105379343	0	0	0
PNOC	0	0	0
ZNF395	862	0	862
FBXO16	2	0	2
FZD3	99	0	99
MIR4288	0	0	0
EXTL3	493	0	493
EXTL3-AS1	1	0	1
INTS9	186	0	186
HMBOX1	53	3	53
LOC105379346	6	8	1
KIF13B	223	0	223
LOC124901922	0	0	0
LOC124901923	4	0	4
DUSP4	504	0	504
LOC124901924	1	0	1
LOC105379349	0	0	0
LOC107986883	0	0	0
LOC107986935	0	0	0
LOC105379350	0	0	0
LINC02948	0	0	0
LOC124901925	0	0	0
LOC105379352	0	0	0
LOC124901926	1	0	1
LINC00589	0	0	0
LINC02099	0	0	0
LOC101929470	1	0	1
LOC107986884	0	0	0
LOC105379354	0	0	0
LINC02209	0	0	0
MIR3148	0	0	0
SARAF	2243	18	2225
LEPROTL1	613	0	613
MBOAT4	0	0	0
DCTN6-DT	3	110	3
DCTN6	387	0	497
LOC124901927	0	0	0
LOC124901928	0	0	0
RBPMS-AS1	5	31	10
RBPMS	188	26	273
LOC112268025	1	0	1
LOC124901929	0	58	0
GTF2E2	456	0	457
SMIM18	9	10	0
GSR	1492	2	1490
UBXN8	309	0	309
LOC105379356	1	2	2
LOC105379355	3	1	5
PPP2CB	1235	0	1235
TEX15	378	0	378
LOC105379357	0	0	0
PURG	0	0	0
WRN	313	0	313
LOC105379358	4	0	4
LOC101929492	0	0	0
LOC105379360	0	0	0
NRG1	2	0	2
NRG1-IT1	0	0	0
LOC105379361	0	0	0
NRG1-IT3	0	0	0
LOC128092250	0	0	0
LOC105379362	22	0	22
POFUT3	386	0	386
MAK16	238	42	400
TTI2	167	162	209
SNORD13	0	0	0
RNF122	90	1	89
DUSP26	0	0	0
LOC105379364	0	0	0
LOC105379366	0	0	0
LOC101929881	0	0	0
LINC01288	0	0	0
LOC105379368	0	0	0
LOC105379369	0	0	0
UNC5D	0	0	0
LOC101929550	0	0	0
LOC124902062	0	0	0
LOC105379370	0	0	0
LOC105379371	0	0	0
KCNU1	6	0	6
LOC105379375	0	0	0
LOC105379376	0	0	0
LOC105379377	6	0	6
LOC100507403	0	0	0
LOC124901930	0	0	0
LINC01605	5	0	5
LOC105379379	0	0	0
LOC105379378	0	0	0
LOC105379380	0	0	0
LOC124901931	0	0	0
LOC124901932	0	2	0
LOC124901933	2	0	9
ZNF703	616	10	611
LOC101929622	0	0	0
LOC102723701	0	11	0
ERLIN2	582	0	596
LOC728024	1	1	1
LOC124901934	3	42	1
PLPBP	279	0	317
LOC105379381	0	0	0
ADGRA2	237	85	302
BRF2	84	65	169
RAB11FIP1	625	3	622
GOT1L1	0	0	0
ADRB3	0	0	0
EIF4EBP1	962	0	962
ASH2L	460	1	459
STAR	0	0	0
LOC105379382	0	3	0
LSM1	265	2	270
BAG4	291	2	293
DDHD2	552	474	577
PLPP5	14	23	164
NSD3	524	16	834
LETM2	43	6	37
LOC102723716	2	2	0
FGFR1	201	0	201
LINC03042	0	0	0
LOC124901935	0	0	0
LOC105379384	0	0	0
RNF5P1	1	0	1
LOC124901936	0	0	0
TACC1	211	0	211
LOC124901937	7	2	7
PLEKHA2	469	0	471
HTRA4	0	0	0
TM2D2	400	38	400
ADAM9	1199	1	1236
SNORD38D	0	0	0
ADAM32	2	0	2
ADAM5	0	0	0
ADAM3A	0	0	0
LOC100130964	0	0	0
ADAM18	0	0	0
ADAM2	0	0	0
IDO1	4	0	4
IDO2	0	0	0
LINC02866	1	1	0
TCIM	243	0	243
SIRLNT	0	0	0
LOC105379388	0	0	0
ZMAT4	0	0	0
LOC107986938	0	0	0
LOC105379389	0	0	0
LOC105379390	0	0	0
LOC105379771	0	0	0
SFRP1	0	0	0
MIR548AO	0	0	0
SNORD65B	0	0	0
LOC105379391	0	0	0
LOC124901938	0	0	0
GOLGA7	448	0	448
GINS4	385	1	440
GPAT4-AS1	0	56	0
LOC124901939	1	0	1
GPAT4	868	1	867
NKX6-3	0	0	0
ANK1	15	0	15
MIR486-1	0	0	0
MIR486-2	0	0	0
LOC105379392	2	0	2
KAT6A	258	0	258
LOC124900271	0	0	0
KAT6A-AS1	0	0	0
LOC107986939	0	0	0
AP3M2	190	0	190
PLAT	33	3	30
LOC124902095	0	0	0
IKBKB-DT	1	0	1
IKBKB	612	0	612
LOC105379395	5	0	5
POLB	270	0	270
DKK4	0	0	0
VDAC3	1444	0	1444
SLC20A2	189	57	201
SMIM19	80	12	137
LOC124900250	0	0	0
CHRNB3	0	0	0
LOC105379396	0	0	0
CHRNA6	0	0	0
THAP1	59	1	85
LOC124901940	0	26	1
RNF170	165	0	165
MIR4469	0	0	0
HOOK3	274	0	274
FNTA	662	2	660
POMK	37	0	37
HGSNAT	1141	6	1135
POTEA	0	0	0
LOC124902100	0	0	0
LOC105379397	0	0	0
ASNSP1	0	0	0
LOC124901941	0	0	0
LOC105375811	0	0	0
LOC124901942	0	0	0
LOC105375812	0	0	0
LINC00293	0	0	0
LOC105375813	0	0	0
LOC105375814	0	0	0
LOC105375815	0	0	0
LOC105375816	0	0	0
LOC105375817	0	0	0
LOC107986885	0	0	0
LOC124900251	0	0	0
LOC100287846	0	0	0
IGLV8OR8-1	0	0	0
SPIDR	883	68	815
LOC107986940	0	0	0
CEBPD	1241	13	1228
PRKDC	9554	1	9553
LOC105375818	0	0	0
MCM4	4943	3	4940
UBE2V2-AS1	0	0	0
UBE2V2	1424	0	1424
LOC107986941	0	0	0
LOC105375820	0	0	0
LOC105375821	0	0	0
LINC02947	0	0	0
LOC112268027	0	0	0
LOC101929268	2	0	2
LOC124901943	0	0	0
LINC02847	0	0	0
LINC03054	0	0	0
CLXN	0	0	0
LOC105375825	1	0	1
SNAI2	271	0	272
LOC107986942	6	1	6
PPDPFL	931	0	931
LOC105375826	0	0	0
LOC100507464	0	0	0
SNTG1	0	0	0
LOC124900619	0	0	0
LOC105375829	0	0	0
LOC105375828	0	0	0
LOC105375830	0	0	0
LOC124902078	0	0	0
LOC105375831	0	0	0
PXDNL	0	0	0
LOC105375833	0	0	0
PCMTD1	508	1	508
PCMTD1-DT	44	3	42
LOC124901944	1	0	1
ST18	0	0	0
LOC124901945	0	0	0
ST18-AS3	0	0	0
ALKAL1	0	0	0
RB1CC1	858	8	850
LOC105375835	2	0	2
LOC107986943	0	0	0
NPBWR1	0	0	0
LOC105375836	0	0	0
OPRK1	0	0	0
LOC124901946	0	0	0
LOC124901947	0	0	0
LINC02984	0	0	0
ATP6V1H	1107	0	1107
RGS20	63	2	61
LYPLA1-TCEA1	0	0	0
TCEA1	0	1	28
LOC133039971	9	202	7
LYPLA1	398	2	396
MRPL15	667	0	667
RNU105C	0	0	0
LOC105375840	0	0	0
LOC105375841	0	0	0
SOX17	0	0	0
LOC100129098	0	0	0
RP1	3	0	3
LOC105375842	0	0	0
LOC107986886	0	0	0
LOC107986887	0	0	0
XKR4	0	0	0
LOC105375844	0	0	0
SBF1P1	0	0	0
XKR4-AS1	0	0	0
LOC105375845	0	0	0
LOC105375846	6	0	6
TMEM68	293	0	293
TGS1	525	1	524
LYN	615	0	615
SNORA1B	0	0	0
RPS20	8103	1	8102
SNORD54	1	0	1
CERNA3	1	0	1
MOS	0	0	0
PLAG1	135	0	135
CHCHD7	416	0	416
SDR16C5	313	0	313
SDR16C6P	0	0	0
LOC105375849	0	0	0
LOC124901948	0	0	0
PENK	0	0	0
PENK-AS1	0	0	0
LOC101929398	1	0	1
LINC00968	5	0	5
LOC105375850	0	0	0
LOC105375851	0	0	0
LOC105375852	0	0	0
BPNT2	2782	12	2770
LINC01606	0	0	0
LOC286177	0	0	0
LINC00588	0	0	0
LOC101929488	0	0	0
LOC107986888	0	0	0
LOC105375855	0	0	0
LINC03018	0	0	0
LOC105375856	2	0	2
LINC01602	0	0	0
FAM110B	59	0	59
LOC107986945	0	0	0
LINC03133	0	0	0
UBXN2B	439	0	439
CYP7A1	0	0	0
SDCBP	3289	2	3287
NSMAF	467	13	454
LOC124902083	0	0	0
LOC105375858	0	0	0
TOX	0	0	0
TOX-DT	0	0	0
LOC124900267	0	0	0
LOC105375860	0	0	0
LOC105375859	0	0	0
LOC105375861	0	0	0
LOC105375863	0	0	0
CA8	0	0	0
LOC105375864	1	0	1
LINC01301	1	0	3
LOC124901949	3	5	0
RAB2A	1478	1	1477
LOC124901950	0	0	0
CHD7	679	0	679
LOC124901951	0	0	0
LOC105375938	0	0	0
CLVS1	0	388	0
LOC100130298	0	0	0
LOC105375870	0	0	0
ASPH	5879	1	6266
MIR4470	0	0	0
LINC02842	0	0	0
LOC105375871	0	0	0
LINC02155	0	0	0
LOC124901952	0	0	0
NKAIN3	0	0	0
LOC107986946	0	0	0
GGH	1488	1	1487
TTPA	0	0	0
YTHDF3-DT	18	0	18
YTHDF3	1120	5	1115
LOC105375873	0	0	0
LOC105375875	0	0	0
LOC105375874	0	0	0
LOC102724612	0	0	0
LOC124902063	0	0	0
LOC105375876	0	0	0
LINC01289	0	0	0
LINC01414	0	0	0
LOC105375877	0	0	0
MIR124-2HG	0	0	0
MIR124-2	0	0	0
BHLHE22-AS1	0	0	0
LOC124900252	0	0	0
BHLHE22	0	0	0
CYP7B1	0	0	0
LOC105375879	0	0	0
LOC105375878	0	0	0
LOC105375880	0	0	0
LINC00251	0	0	0
LOC105375881	0	0	0
LINC01299	0	0	0
ARMC1	491	1	490
MTFR1	1076	226	1004
PDE7A	389	16	534
LOC107986949	10	5	5
PDE7A-DT	2	6	1
LOC107986950	0	0	0
LOC105375883	0	0	0
DNAJC5B	0	0	0
TRIM55	1	0	1
TRY-GTA5-1	0	0	0
TRY-GTA5-2	0	0	0
TRA-AGC8-2	0	0	0
CRH	0	0	0
LOC112268029	0	0	0
LOC124901954	0	0	0
LINC00967	0	0	0
LOC102724687	1	1	0
RRS1-DT	0	1	0
RRS1	780	2	779
ADHFE1	6	0	6
VXN	5	0	5
LOC124901955	0	0	0
MYBL1	333	0	333
LOC105375884	25	1	24
VCPIP1	421	0	421
C8orf44-SGK3	1	0	1
C8orf44	52	0	52
SGK3	5	5	0
PTTG3P	0	0	0
MCMDC2	9	229	0
SNHG6	571	0	791
SNORD87	3	0	3
TCF24	0	0	0
PPP1R42	0	0	0
LOC105375885	0	0	0
COPS5	1170	0	1170
CSPP1	380	8	447
LOC124901956	3	1	2
ARFGEF1	655	74	658
ARFGEF1-DT	0	1	1
CPA6	0	0	0
LOC105375886	0	0	0
PREX2	0	0	0
LOC105375888	0	0	0
LOC124901957	0	0	0
C8orf34-AS1	0	0	0
C8orf34	0	0	0
LOC107986951	3	0	3
LINC01592	0	0	0
LOC124901958	2	0	2
LINC01603	0	0	0
SULF1	30	0	30
SLCO5A1	0	0	0
LOC105375889	0	0	0
SLCO5A1-AS1	0	0	0
PRDM14	0	0	0
NCOA2	437	1	436
LINC03020	0	0	0
LOC105375890	0	0	0
TRAM1	3581	2	3579
LOC124902090	0	0	0
LACTB2-AS1	1	235	1
LACTB2	126	0	361
XKR9	1	0	1
LOC124901960	0	0	0
LOC124901959	0	0	0
EYA1	0	0	0
LOC105375894	0	0	0
LOC124901961	0	0	0
LOC102724772	0	0	0
LOC105375892	0	0	0
LOC107986890	0	0	0
LOC124900257	0	0	0
MSC	0	0	0
MSC-AS1	2	0	4
TRPA1	0	2	0
LOC124901962	0	0	0
TRPA2P	0	0	0
LOC105375897	0	0	0
KCNB2	0	0	0
LOC101926908	0	0	0
LOC124901963	0	0	0
KCNB2-AS1	0	0	0
TERF1	501	0	501
SBSPON	33	19	14
LOC107986891	0	0	0
LOC105375901	0	0	0
C8orf89	0	0	0
RPL7	16807	7	16801
RDH10	410	0	411
RDH10-AS1	7	7	0
LOC105375899	0	0	0
STAU2-AS1	2	0	2
STAU2	648	4	644
UBE2W	438	0	438
LINC01617	0	0	0
ELOC	819	0	819
TMEM70	635	1	634
LY96	0	0	0
LOC105375903	0	0	0
JPH1	408	1	407
GDAP1	190	0	190
MIR5681A	0	0	0
MIR5681B	0	0	0
MIR2052HG	1	0	1
LINC03071	0	0	0
MIR2052	0	0	0
PI15	0	0	0
CRISPLD1	1	0	1
LOC124901964	1	0	1
LOC105375905	1	0	1
CASC9	88	0	88
HNF4G	11	0	11
LOC124902089	0	0	0
LOC105375906	11	0	11
LOC102724858	43	0	43
LINC01109	0	0	0
LINC01111	0	0	0
LOC107986952	0	0	0
ZFHX4-AS1	0	0	0
ZFHX4	2	2	0
MIR3149	2	0	2
PEX2	372	7	365
LOC105375909	0	0	0
LOC102724874	0	0	0
LOC105375911	0	0	0
PKIA	0	0	0
PKIA-AS1	0	0	0
ZC2HC1A	39	0	42
IL7	0	3	0
C4orf46P3	0	0	0
MITA1	1	0	1
LINC02605	0	0	0
LOC105375912	0	0	0
LOC105375913	0	0	0
LOC107986892	0	0	0
LOC105375915	0	0	0
MIR12123	0	0	0
STMN2	0	0	0
LOC105375916	0	0	0
LOC124901965	0	0	0
LOC107986893	0	0	0
HEY1	909	2	908
LINC01607	4	3	2
LOC101927040	1	1	0
LOC124902076	0	0	0
LOC124901966	0	0	0
TPD52-MRPS28	0	0	0
MRPS28	15	0	15
TPD52	1901	0	1901
LOC105375919	0	0	0
LOC105375918	0	0	0
LOC105375920	0	0	0
MIR5708	0	0	0
LOC124900264	0	0	0
LOC105375922	0	0	0
LOC105375921	0	0	5
ZBTB10	428	20	413
LINC02986	48	0	48
ZNF704	287	0	287
LOC107986894	0	0	0
PAG1	44	0	44
LOC124901967	0	0	0
LOC105375924	0	0	0
LNMICC	0	0	0
FABP5	0	0	0
LOC105375925	0	0	0
LOC105375926	0	0	0
PMP2	0	0	0
FABP9	0	0	0
LOC101927118	0	0	0
FABP4	2	0	2
FABP12	0	0	0
IMPA1P1	3	0	3
IMPA1	549	0	549
SLC10A5	13	0	13
ZFAND1	574	0	574
CHMP4C	132	0	132
SNX16	88	0	88
LINC02235	2	0	2
LINC02839	0	0	0
LOC105375930	0	0	0
LOC124902064	0	0	0
LOC105375931	0	0	0
LOC107986953	0	0	0
LOC101927141	0	0	0
LINC01419	0	0	0
LOC105375932	0	0	0
LOC124901968	0	0	0
RALYL	0	0	0
LOC105375933	0	0	0
LRRCC1	0	0	0
E2F5-DT	0	0	0
E2F5	5	15	3
RBIS	394	0	407
LOC124901969	1	0	1
LOC105375936	0	0	0
CA13	0	0	0
CA1	0	0	0
LOC124901970	0	0	0
CA3	0	0	0
CA3-AS1	0	0	0
CA2	0	0	0
LOC105375937	0	0	0
LOC101929601	0	0	0
LOC101929627	0	0	0
REXO1L2P	0	0	0
LOC124902048	0	0	0
LINC02849	0	0	0
LOC124901971	0	0	0
LOC107986954	1	0	1
PSKH2	0	0	0
ATP6V0D2	0	0	0
LOC105375623	0	0	0
SLC7A13	0	0	0
WWP1-AS1	15	49	14
WWP1	994	11	1038
RMDN1	645	41	611
CPNE3	991	1	990
CNGB3	0	0	0
CNGB3-AS1	0	0	0
CNBD1	0	0	0
LOC105375626	0	0	0
DCAF4L2	149	0	149
LOC124901972	0	0	0
LOC105375628	0	0	0
MMP16	0	0	0
LOC105375630	0	0	0
LOC105375629	0	0	0
LOC124901973	0	0	0
LOC105375631	1	0	1
LOC112268015	0	0	0
PARAIL	36	0	36
RIPK2	395	2	393
LOC124901974	30	6	37
OSGIN2	614	8	619
NBN	621	0	621
DECR1	691	0	691
CALB1	0	0	0
LOC124901976	0	0	0
LINC00534	0	0	0
LOC124901975	1	0	1
LOC107986955	0	0	0
LINC01030	0	0	0
TMEM64	558	0	558
LOC124906712	4	0	4
LOC105375633	0	0	0
NECAB1	0	0	0
LOC105375635	0	0	0
LOC105375634	0	0	0
C8orf88	0	0	0
PIP4P2	0	0	0
OTUD6B-AS1	228	0	228
OTUD6B	278	0	278
LRRC69	10	0	10
MIR4661	0	0	0
SLC26A7	0	0	0
LOC105375637	0	0	0
LOC124902088	0	0	0
RUNX1T1	0	0	0
LOC105375638	0	0	0
LOC124901977	0	0	0
LOC105375639	0	0	0
LOC102724710	0	0	0
LOC101926956	0	0	0
FLJ46284	0	0	0
LOC124901978	5	0	5
TRIQK	267	1	266
MIR8084	0	0	0
LINC02906	0	0	0
LOC105375644	0	0	0
LOC105375643	0	0	0
LOC107986956	0	0	0
LOC105375642	0	0	0
CIBAR1-DT	0	0	0
LOC105375641	0	0	0
CIBAR1	8	265	0
RBM12B	490	0	756
RBM12B-AS1	0	9	0
RBM12B-DT	2	0	2
TMEM67	112	1	111
MIR378D2HG	3	0	3
MIR378D2	0	0	0
PDP1	302	1	301
LOC124901979	0	0	0
CDH17	0	0	0
LOC105375647	0	0	0
LOC105375648	0	0	0
GEM	2	0	2
LOC107986896	0	0	0
RAD54B	415	0	415
FSBP	0	0	0
VIRMA	1037	0	1037
VIRMA-DT	3	0	3
LINC02894	0	0	0
ESRP1	0	0	0
DPY19L4	429	1	428
INTS8	762	347	787
CCNE2	215	55	541
NDUFAF6	282	0	293
LOC124902084	0	0	0
TP53INP1	315	3	314
LOC124901981	0	0	0
MIR3150BHG	0	0	0
LOC124901980	0	0	0
MIR3150B	0	0	0
MIR3150A	0	0	0
PLEKHF2	169	0	169
LOC124901982	1	0	1
LINC01298	0	0	0
CFAP418	119	0	120
CFAP418-AS1	0	1	0
TRS-AGA2-5	4	4	0
LOC107986957	0	0	0
SRSF3P2	0	0	0
LOC124901983	0	0	0
GDF6	2	0	2
LOC124901984	0	0	0
UQCRB	1120	1	2727
UQCRB-AS1	5	1613	0
MTERF3	353	0	353
PTDSS1	2369	0	2369
LOC105375652	0	0	0
LOC102724804	0	0	0
LOC105375653	0	0	0
SDC2	808	0	808
LOC124900253	0	0	0
CPQ	112	0	112
LOC124901985	0	0	0
LOC101927066	0	0	0
LOC105375655	6	1	5
TSPYL5	0	0	0
SNORD3H	0	0	0
LOC105375657	0	0	0
MTDH	2307	0	2307
LOC124901986	9	5	8
LAPTM4B	8159	1	8162
MATN2	512	0	512
LOC124901987	0	0	0
RPL30	5123	2	5121
SNORA72	20	0	20
ERICH5	0	0	0
RIDA	280	0	280
POP1	470	0	470
NIPAL2-AS1	0	0	0
NIPAL2	29	0	29
LOC105375659	0	0	0
STK3	436	0	436
LOC124901988	0	0	0
MIR9903	0	0	0
KCNS2	0	0	0
ATP5PFP3	0	0	0
LOC112268016	2	0	2
OSR2	228	0	228
LOC107986872	2	0	2
VPS13B-DT	12	0	12
VPS13B	578	0	578
MIR599	0	0	0
MIR875	0	0	0
LOC124901989	0	0	0
COX6C	1107	1	1106
RGS22	0	0	0
SNORD77B	0	0	0
FBXO43	143	1	142
POLR2K	815	0	815
SPAG1	157	1	171
LOC105375669	3	18	0
RNF19A	1061	4	1058
LOC124901991	77	2	76
MIR4471	0	0	0
LOC124901990	0	0	0
LOC105375670	1	0	1
LOC124901992	6	0	6
ANKRD46	222	0	222
SNX31	0	0	0
LOC105375671	0	0	0
LOC105375672	0	0	0
PABPC1	16775	9	16766
MIR7705	0	0	0
YWHAZ	11050	2	11048
LOC401471	0	0	0
SLEAR	0	0	0
LINC03044	5	0	5
LINC03090	0	0	0
LOC105375676	0	0	0
ZNNT1	16	0	16
ZNF706	629	5	624
LOC107984005	0	0	0
LINC02844	0	0	0
LOC124901993	0	0	0
LOC124901994	0	0	0
NACA4P	0	0	0
LINC02845	0	0	0
LOC107986897	0	0	0
GRHL2-DT	0	0	0
GRHL2	0	0	0
NCALD	8	0	8
LOC124902079	0	0	0
LOC124901996	0	0	0
LOC104054148	0	0	0
LOC124901997	0	0	0
MIR5680	0	0	0
RRM2B	605	0	605
UBR5-DT	14	2	13
UBR5	2703	13	2703
LOC105375683	0	12	0
LINC03047	1	1	0
LOC124901998	0	0	0
LOC105375684	1	1	0
ODF1	0	0	0
KLF10	2061	0	2061
LOC101927245	29	1	36
LOC105375686	0	0	0
LOC105375685	2	7	3
LOC124901999	3	0	3
GASAL1	129	0	129
AZIN1	1317	2	1315
MAILR	20	0	21
LOC124902000	0	1	0
ATP6V1C1	1364	0	1364
LINC01181	0	0	0
BAALC-AS2	0	0	0
BAALC	0	0	0
MIR3151	0	0	0
BAALC-AS1	0	0	0
LOC105369147	11	1	12
FZD6	783	1	784
SNORD173	0	0	0
CTHRC1	0	0	0
SLC25A32	598	4	594
DCAF13	869	0	869
LOC105375690	0	0	0
RIMS2	0	0	0
LOC124902094	0	0	0
LOC105375689	0	0	0
LOC107984007	0	0	0
LOC105375688	0	0	0
LOC124902065	0	0	0
LOC107986899	0	0	0
DCSTAMP	0	0	0
DPYS	0	0	0
LOC105375692	0	0	0
LOC105375691	0	0	0
MIR548A3	0	0	0
LRP12	41	0	41
LOC105375694	0	0	0
LOC105375693	0	0	0
LINC03084	0	0	0
ZFPM2	1	1	0
LOC124902002	0	0	0
LOC124902001	0	0	0
LOC105375696	0	0	0
ZFPM2-AS1	52	0	52
LOC124902003	0	0	0
OXR1	521	2	519
OXR1-AS1	6	0	6
ABRA	0	0	0
LOC124902004	0	0	0
LOC124902066	0	0	0
LOC105375701	0	0	0
ANGPT1	158	0	158
LOC124902067	5	5	0
LOC105375703	0	0	0
RSPO2	0	0	0
EIF3E	6719	0	6719
LOC105375704	0	0	0
EMC2	681	0	681
TMEM74	8	0	8
LOC102723368	0	0	0
LOC101927413	24	0	24
LOC107984017	1	0	1
TRHR	0	0	0
NUDCD1	726	0	726
ENY2	631	0	631
PKHD1L1	0	0	0
EBAG9	281	0	281
EBAG9UORF	0	0	0
SYBU	277	2	275
SYBU-AS1	1	1	0
KCNV1	0	0	0
LINC01608	0	0	0
LINC01609	0	0	0
LOC107986965	0	0	0
LOC105375705	0	0	0
LOC107986964	0	0	0
LINC02237	0	0	0
LOC105375707	0	0	0
CSMD3	0	0	0
LOC124902087	0	0	0
MIR2053	0	0	0
LOC107986966	0	0	0
LOC105375709	0	0	0
LOC105375710	6	0	6
LOC107986901	0	0	0
TRPS1	303	0	303
TRPS1-AS1	0	0	0
LOC107986968	0	0	0
LOC107986902	0	0	0
LOC107986903	0	0	0
LINC00536	0	0	0
LOC124902005	0	0	0
LOC102723447	0	0	0
LOC105375711	0	0	0
LOC105375712	0	0	0
EIF3H	4249	3	4246
LOC105375713	1	1	0
LOC124902006	3	0	3
UTP23	210	0	210
LOC112268030	42	738	4
RAD21	5118	4	5851
RAD21-AS1	5	43	5
MIR3610	0	0	0
AARD	4	0	4
LOC105375715	0	0	0
SLC30A8	0	0	0
LOC105375716	0	0	0
LOC105375719	0	0	0
LOC105375717	0	0	0
MED30	79	0	79
LOC105375721	3	0	3
LOC107986970	0	0	0
EXT1	868	0	868
SNORD168	0	0	0
SAMD12	17	0	17
LOC105375724	0	0	0
SAMD12-AS1	0	0	0
LOC124902007	0	0	0
LOC105375723	0	0	0
LOC124902008	0	0	0
TNFRSF11B	0	0	0
COLEC10	0	0	0
LOC101927513	0	0	0
LOC105375725	0	0	0
MAL2	771	0	1083
MAL2-AS1	4	316	0
MIR548AZ	0	0	0
LOC124902009	2	0	2
LOC124900266	0	0	0
CCN3	229	0	229
ENPP2	0	0	0
LOC105375727	0	0	0
TAF2	635	0	635
LOC105375728	3	111	26
DSCC1	253	23	363
DEPTOR	66	1	65
LOC105375730	0	0	0
COL14A1	0	0	0
MRPL13	849	0	849
MTBP	168	0	168
SNTB1	277	15	310
SNTB1-AS2	0	0	0
SNTB1-AS1	16	38	26
LOC124902010	0	0	0
LOC105375731	0	0	0
HAS2	50	4	50
HAS2-AS1	20	0	24
LINC02855	0	0	0
LOC105375733	0	0	0
SMILR	0	0	0
LOC107986972	0	0	0
LINC01151	0	0	2
LOC124902081	0	2	0
LOC107986904	0	0	0
ZHX2-AS1	3	1	3
ZHX2	87	0	88
LOC124902011	0	0	0
LOC124902013	0	375	1
DERL1	967	4	1339
TBC1D31	414	0	414
TRM-CAT1-1	0	0	0
FAM83A	3393	10	3586
LOC124902101	0	1	0
FAM83A-AS2	5	147	9
FAM83A-AS1	1	51	1
MIR4663	0	0	0
C8orf76	11	0	11
ZHX1-C8orf76	1	0	1
ZHX1	641	0	641
LOC124902080	0	0	0
ATAD2	1760	0	1760
MIR548AA1	0	4	0
MIR548D1	0	0	0
NTAQ1	208	0	208
FBXO32	42	0	42
KLHL38	13	0	13
LOC105375738	0	0	0
ANXA13	0	0	0
LOC105375739	0	0	0
FAM91A1	752	0	752
FER1L6	0	0	0
LOC124902014	0	0	0
FER1L6-AS1	2	0	2
FER1L6-AS2	0	0	0
LOC124902015	0	0	0
LOC101927588	0	0	0
TMEM65	540	0	540
TYW2	69	0	69
RNF139-DT	2	2	0
RNF139	0	0	0
TATDN1	0	0	0
MIR6844	0	0	0
NDUFB9	0	0	0
MTSS1	0	0	0
LOC105375740	21	0	21
LOC124902016	0	0	0
LOC105375741	0	0	0
MIR4662B	0	0	0
MIR4662A	0	0	0
LOC105375743	0	0	0
LOC105375742	0	0	0
LINC00964	0	0	0
ZNF572	18	0	18
SQLE-DT	0	0	0
SQLE	693	3	690
WASHC5	827	0	1009
WASHC5-AS1	3	185	0
NSMCE2	408	0	408
TRIB1	889	0	889
TRIB1AL	0	0	0
LINC02964	0	0	0
LOC105375747	0	0	0
LOC124902017	0	0	0
LINC00861	0	0	0
LOC101927657	0	0	0
LOC105375750	0	0	0
LRATD2	255	3	255
LOC105375751	0	0	3
LOC105375753	0	0	0
PCAT1	0	0	0
PCAT2	5	0	5
PRNCR1	1	1	0
CASC19	99	1	98
CCAT1	1842	4	1839
CASC21	2	1	2
CASC8	53	2	51
CCAT2	2	2	0
POU5F1B	24	1	23
LOC105375754	14	0	14
CASC11	2	0	2
MYC	5756	1	5755
PVT1	433	2	431
MIR1204	0	0	0
LINC02912	4	4	0
MIR1205	0	0	0
MIR1206	2	0	2
MIR1207	0	0	0
MIR1208	0	0	0
LOC124902020	11	0	11
LINC00824	0	0	0
LOC124902021	0	0	0
LINC00976	0	0	0
LOC124902023	0	0	0
LINC00977	0	0	0
LOC124902022	0	0	0
LOC124902024	0	0	0
CCDC26	0	0	0
MIR3686	0	0	0
GSDMC	9	0	9
CYRIB	1365	3	1362
LOC124902025	1	0	1
MIR5194	0	0	0
ASAP1	1189	0	1198
ASAP1-IT2	0	0	0
LOC124900269	0	0	0
LOC124902027	0	0	0
ASAP1-IT1	0	0	0
LOC124902026	0	9	0
LOC105375758	0	0	0
ADCY8	0	0	0
LOC105375762	0	0	0
LOC105375761	0	0	0
LOC124902068	0	0	0
LOC105375760	0	0	0
LOC105375759	0	0	0
IADEN	0	0	0
LOC105375763	0	0	0
LOC107986976	0	0	0
EFR3A	935	1	934
OC90	0	0	0
HHLA1	0	0	0
KCNQ3	0	0	0
LOC105375765	0	0	0
LOC124902028	0	0	0
HPYR1	0	0	0
DNAAF11	0	0	0
LOC105375767	0	0	0
TMEM71	0	0	0
PHF20L1	509	0	509
TG	0	0	0
LOC105375768	0	0	0
SLA	0	0	0
MIR7848	0	0	0
PTCSC1	0	0	0
LOC105375769	0	0	0
CCN4	5	0	7
LOC102723635	0	2	0
NDRG1	10011	2	10009
LOC105375771	0	4	2
LOC105375772	7	2	11
ST3GAL1	586	4	602
ST3GAL1-DT	48	19	49
LOC124900268	0	0	0
LINC03024	0	0	0
LOC101927798	0	0	0
LOC101927822	0	0	0
LOC124902070	0	0	0
ZFAT	202	0	230
ZFAT-AS1	0	28	0
LOC124902072	0	0	0
LOC124902071	0	0	0
MIR30B	0	0	0
MIR30D	0	0	0
NCRNA00250	2	0	2
LOC101927845	1	0	1
LINC01591	0	0	0
LOC101927872	0	0	0
KHDRBS3	1	0	1
LOC124902046	0	0	0
LOC107986978	0	0	0
LOC107986979	0	0	0
LOC105375775	0	0	0
LOC124900255	0	0	0
LINC02055	75	0	75
LOC124902073	0	0	0
LOC107986905	5	0	5
LOC101927915	0	0	0
LOC105375776	0	0	0
LOC401478	0	0	0
FAM135B	0	0	0
COL22A1	0	0	0
KCNK9	2	0	2
TRAPPC9	696	2	694
LOC107986981	0	0	0
LOC105375781	0	0	0
C8orf17	0	0	0
PEG13	2	0	2
LOC124902029	0	0	0
LOC105375779	1	1	0
LOC105375782	2	0	2
CHRAC1	887	2	886
AGO2	1678	8	1687
LOC107986982	5	0	5
ERICD	18	16	18
PTK2	2094	2	2092
MIR151A	0	0	0
LOC105375783	0	0	0
LOC124902030	1	0	1
LOC105375784	0	0	0
DENND3-AS1	14	0	14
DENND3	890	19	873
LOC105375785	2	0	4
SLC45A4	880	4	893
SLC45A4-AS1	0	17	0
LINC01300	0	0	0
GPR20	0	0	0
LOC101928037	0	0	0
ASTILCS	0	0	0
PTP4A3	0	0	0
MROH5	0	0	0
LOC107983985	0	0	0
LOC105375789	0	0	0
LOC124900270	0	0	0
LOC124902031	0	0	0
LOC105375791	0	0	0
C8orf90	0	0	0
LOC124902074	0	0	0
MIR1302-7	0	0	0
LOC124902047	0	0	0
MIR4472-1	0	0	0
LOC105375792	0	0	0
LINC00051	0	0	0
TSNARE1	37	1	36
ADGRB1	1	0	1
LOC124902075	0	0	0
ARC	15	0	15
LOC101928087	0	0	0
JRK	662	0	662
PSCA	1240	110	1130
LOC124902032	37	2	36
LY6K	1582	40	3139
LNCOC1	39	1570	67
THEM6	1095	4	1093
SLURP1	0	0	0
LYPD2	0	0	0
SLURP2-AS1	0	0	0
LYNX1-SLURP2	0	0	0
SLURP2	0	0	0
LYNX1	0	0	0
LY6D	5	0	5
GML	0	0	0
CYP11B1	0	0	0
CYP11B2	0	0	0
LOC105375794	0	0	0
LY6E-DT	11	0	11
CDC42P3	0	0	0
LY6E	0	0	0
LOC124902034	0	0	0
LY6S-AS1	0	0	0
LY6S	0	0	0
LY6L	0	0	0
LY6H	0	0	0
LOC124902035	0	0	0
LOC107986906	0	0	0
GPIHBP1	17	17	0
LOC124902036	6	0	6
ZFP41	207	0	207
GLI4	458	2	456
MINCR	162	0	162
ZNF696	215	1	214
LOC124902037	1	0	1
TOP1MT	426	30	396
RHPN1	629	17	629
RHPN1-AS1	10	0	27
MAFA-AS1	11	1	10
MAFA	81	0	81
ZC3H3	564	1	563
SNORD149	2	0	2
GSDMD	0	0	0
LOC100310756	0	0	0
MROH6	0	0	0
NAPRT	0	0	0
EEF1D	10	0	10
TIGD5	0	0	0
PYCR3	0	0	0
GFUS	38	0	38
LOC105375798	5	2	3
ZNF623	19	1	19
LOC124902077	0	1	0
LOC105375799	0	0	0
ZNF707	0	0	0
LINC02878	0	0	0
CCDC166	0	0	0
LOC101928160	0	0	0
MAPK15	0	0	0
FAM83H	0	0	0
MIR4664	0	0	0
IQANK1	0	0	0
LOC105375800	0	0	0
SCRIB	0	0	0
MIR937	0	0	0
PUF60	8	1	198
LOC107986985	39	196	53
NRBP2	827	14	829
MIR6845	3	0	3
EPPK1	662	6	656
PLEC	11824	22	11803
LOC124902040	1	2	0
MIR661	0	0	0
PARP10	798	2	796
GRINA	5580	4	5576
SPATC1	11	11	0
SMPD5	3	3	0
OPLAH	765	0	765
LOC124902039	1	1	0
MIR6846	0	0	0
EXOSC4	0	5	805
LOC124902038	35	835	19
MIR6847	0	0	0
GPAA1	3460	3	3457
CYC1	5024	9	5015
SHARPIN	936	1	941
MAF1	2026	45	1987
WDR97	24	0	24
HGH1	797	1	796
MROH1	814	17	798
BOP1	1929	75	1855
MIR7112	0	0	0
SCX	20	0	20
HSF1	0	0	0
DGAT1	0	0	0
LOC124902050	0	0	0
MIR6848	0	0	0
SCRT1	0	0	0
CATSPERQ	0	0	0
FBXL6	1	0	1
SLC52A2	0	0	0
LOC101928902	0	0	0
ADCK5	0	0	0
CPSF1	0	0	0
MIR939	0	0	0
MIR1234	0	0	0
MIR6849	0	0	0
SLC39A4	0	2	0
LOC124902041	0	0	2
VPS28	23	0	23
TONSL	792	7	1161
TONSL-AS1	6	383	2
MIR6893	0	0	0
TMEM276-ZFTRAF1	0	0	0
ZFTRAF1	19	0	19
MIR10400	0	0	0
TMEM276	35	122	35
KIFC2	725	5	1090
FOXH1	26	245	29
PPP1R16A	880	24	1776
LOC101928953	38	966	35
GPT	87	6	124
SLC33A2	1523	7	1524
RECQL4	2032	44	1996
LRRC14	574	58	1223
LRRC24	0	660	42
C8orf82	357	6	351
ARHGAP39	424	0	424
LOC100996662	0	0	0
ZNF251	1	0	1
LOC107986986	15	15	0
LOC105375805	2	0	2
ZNF34	59	0	59
RPL8	31306	15	31291
MIR6850	0	0	0
ZNF517	92	98	44
LOC100130027	33	12	71
ZNF7	339	11	445
COMMD5	590	140	567
ZNF250	200	5	197
LOC124902042	0	2	0
ZNF16	140	0	140
ZNF252P	277	0	287
TMED10P1	5	6	0
ZNF252P-AS1	13	5	13
C8orf33	2	0	2
DDX11L5	0	1	0
WASHC1	286	1	286
MIR1302-9HG	0	0	0
MIR1302-9	0	0	0
FAM138C	0	0	0
LOC124902106	0	0	0
PGM5P3-AS1	0	0	0
LINC01388	0	0	0
FOXD4	6	0	6
ZNG1A	359	0	359
LOC105375942	2	0	2
LOC105375943	0	0	0
DOCK8	79	0	102
DOCK8-AS1	0	0	0
LOC105375945	0	0	0
LOC124902108	3	0	3
DOCK8-AS2	0	23	0
KANK1	1300	6	1311
LOC105375947	11	17	11
KANK1-AS1	0	0	0
LOC107987042	3	3	0
LOC124902109	0	0	0
LOC105375949	0	0	0
DMRT1	0	0	0
DMRT3	0	0	0
LINC-ADAIN	0	0	0
DMRT2	1	0	1
LOC102723803	0	0	0
LOC105375951	0	0	0
LOC105375952	0	0	0
SMARCA2	1238	0	1238
LOC107987043	8	8	0
LOC105375955	0	0	0
LOC101930053	8	0	8
LOC105375956	0	0	0
VLDLR-AS1	0	38	0
VLDLR	509	6	757
LOC105375957	46	218	44
KCNV2	8	8	0
PUM3	665	0	665
LINC01231	0	0	0
LOC105375959	0	0	0
RFX3	53	0	53
LOC124902110	1	0	1
RFX3-DT	2	0	2
LOC105375962	0	0	0
GLIS3	31	2	34
GLIS3-AS1	0	3	0
LOC105375964	0	0	0
LOC124902111	0	0	0
GLIS3-AS2	0	0	0
SLC1A1	192	0	194
SPATA6L	3	3	0
PLPP6	161	0	161
CDC37L1-DT	1	0	1
CDC37L1	376	3	373
AK3	658	1	657
LOC124902112	0	0	0
RCL1	385	0	385
MIR101-2	0	0	0
LOC124902113	15	0	15
JAK2	300	0	300
INSL6	0	0	0
INSL4	140	0	140
RLN2	0	0	0
RLN1	0	0	0
PLGRKT	163	0	163
CD274	5	0	5
INCR1	40	2	38
PDCD1LG2	16	2	14
RIC1	976	43	964
LOC124902115	0	30	0
ERMP1	1904	4	1901
BRD10	346	0	351
LOC124902341	0	0	0
MLANA	4	6	0
MIR4665	0	3	0
RANBP6	848	0	848
LOC124902116	4	1	3
IL33	7	0	7
LOC107987046	0	0	0
TPD52L3	0	0	0
UHRF2	864	0	864
GLDC	15	0	15
LINC02851	1	0	1
LOC124902117	0	0	0
KDM4C	476	2	474
LOC105375969	2	0	2
LOC105375970	0	0	0
LOC102723994	0	0	0
LOC124902118	0	0	0
DMAC1	354	0	354
LOC105375971	0	0	0
PTPRD	0	0	0
PTPRD-AS1	0	0	0
LOC105375972	0	0	0
PTPRD-DT	0	0	0
LINC03131	4	0	4
LOC102724027	0	0	0
LOC105375974	0	0	0
LOC105375975	0	0	0
LOC101929446	0	0	0
LOC105375976	0	0	0
TYRP1	0	1	0
LURAP1L-AS1	0	0	1
LURAP1L	280	0	280
SNORD137	0	0	0
MPDZ	650	0	650
LINC01235	0	0	0
LOC105375977	0	0	0
LOC101929507	0	0	0
LOC124902326	0	0	0
LINC00583	0	0	0
NFIB	533	0	533
NFIB-AS1	6	0	6
TRH-GTG1-6	0	0	0
LOC124902121	0	0	0
LOC124902120	0	0	0
ZDHHC21	0	0	0
CER1	0	0	0
FREM1	0	0	0
LOC105375979	0	0	0
LOC124902122	0	0	0
LOC105375980	0	0	0
LOC389705	0	0	0
LOC124902123	0	0	0
TTC39B	28	0	28
SNAPC3	622	806	684
PSIP1	1743	98	2513
CCDC171	32	3	29
LOC107987049	0	0	0
LINC03041	0	0	0
LOC124902124	0	0	0
LOC124902125	0	0	0
BNC2	225	1	225
BNC2-AS1	17	0	18
LOC124902126	0	0	0
LOC105375983	0	0	0
CNTLN	219	0	219
LOC107987051	3	0	3
SH3GL2	567	0	567
LOC105375987	0	0	0
ADAMTSL1	3	4	3
LOC107986990	0	0	0
LOC105369293	1	1	0
MIR3152	0	0	0
LOC102724102	0	1	3
LOC124902127	0	0	0
LOC105375985	0	0	0
SAXO1	3	0	3
RRAGA	1539	1	1538
HAUS6	2148	3	2145
SCARNA8	1	0	1
PLIN2	3320	2	3318
DENND4C	782	35	747
RPS6	20149	18	20131
ACER2	53	0	53
MAP1LC3BP1	0	0	0
LOC105375988	0	0	0
SLC24A2	0	0	0
LOC124902128	0	0	0
MLLT3	968	0	968
LOC124902129	5	5	0
MIR4473	1	0	1
MIR4474	0	0	0
FOCAD	886	1	887
FOCAD-AS1	2	2	2
MIR491	0	0	0
SNORA30B	0	0	0
HACD4	10	10	0
LOC105375989	0	0	0
IFNB1	1	0	1
IFNW1	0	0	0
IFNA21	0	0	0
IFNA4	0	0	0
IFNA7	0	0	0
IFNA10	0	0	0
IFNA16	0	0	0
IFNA17	0	0	0
IFNA14	0	0	0
LOC107987053	1	0	1
IFNA22P	0	0	0
IFNA5	0	0	0
KLHL9	769	1	768
IFNA6	0	0	0
IFNA13	0	0	0
IFNA2	0	0	0
IFNA8	0	0	0
IFNA1	0	0	0
MIR31HG	58	0	58
IFNE	10	0	10
MIR31	0	0	0
LOC124900282	0	0	0
LOC107987026	0	0	0
MTAP	1115	0	1115
CDKN2A-AS1	2	4	0
CDKN2A	4108	27	4139
LOC124902130	100	0	100
CDKN2B-AS1	116	35	139
CDKN2B	844	8	836
DMRTA1	92	0	92
LINC01239	8	0	8
LOC107987054	0	0	0
LOC105375990	0	0	0
LOC124902131	0	0	0
LOC124902132	0	0	0
LOC105369298	0	0	0
LOC101929563	3	0	3
ELAVL2	65	0	65
LOC105375992	5	1	4
LOC105375993	0	0	0
LOC124902327	0	0	0
LOC105375994	0	0	0
IZUMO3	0	0	0
LOC107987056	0	0	0
LOC105375996	0	0	0
LOC105375997	0	0	0
TUSC1	383	9	374
LINC01241	0	0	0
LINC03106	0	0	0
LOC107987027	0	0	0
LOC105375999	0	0	0
LOC124902133	0	0	0
LOC105369289	0	0	0
LOC105376000	4	0	4
LOC107987028	0	0	0
CAAP1	486	1	485
PLAA	951	0	1011
IFT74	187	60	188
IFT74-AS1	0	1	0
LRRC19	0	0	0
LOC124902134	3	0	3
TEK	7	0	7
REXO6P	6	0	6
EQTN	3	0	3
MOB3B	375	0	396
IFNK	0	0	0
LOC124902107	4	21	4
C9orf72	146	0	146
LOC105376002	0	0	0
LOC124902135	0	0	0
LINGO2	30	0	30
LOC105376004	0	0	0
LOC124902136	0	0	0
LOC105376003	0	0	0
MIR876	0	0	0
MIR873	0	0	0
LOC105376005	0	0	0
LOC124902344	0	0	0
LINC01242	0	0	0
LOC107987029	0	0	0
LOC105376009	0	0	0
LINC01243	0	0	0
LOC105376010	1	0	1
LOC105376013	0	0	0
LOC124902137	33	0	33
LOC105376011	0	0	0
LOC107987059	2	3	0
ACO1	1591	90	1508
RIGI	1134	6	1959
LOC101060445	37	410	26
LOC124902138	32	456	0
TOPORS	534	16	563
SMIM27	10	41	16
NDUFB6	553	0	553
LOC105376015	0	0	0
TAF1L	1	0	1
LOC105376017	1	0	1
LOC105376016	0	0	0
TMEM215	0	0	0
LOC107987060	1	0	1
APTX	803	3	804
LOC124902140	1	1	1
LOC124902139	8	0	8
DNAJA1	4451	2	4452
SMU1	1067	0	1067
B4GALT1	3584	3	3790
MIR12117	0	0	0
LOC124902141	9	0	9
B4GALT1-AS1	13	210	12
SPINK4	90	5	85
BAG1	9324	27	9298
CHMP5	2125	0	2126
NFX1	1729	1	1855
LOC105376018	0	127	0
LOC124902142	0	0	0
AQP7	30	1	32
LOC105376020	9	2	10
AQP3	6766	1	6765
NOL6	1317	0	1317
MIR6851	0	0	0
LOC107987061	0	0	0
SUGT1P1	27	1	26
ANKRD18B	129	0	129
ANXA2P2	31	0	31
PTENP1	0	0	0
PTENP1-AS	0	0	0
LOC124902143	0	0	0
UBE2R2-AS1	5	2	5
PRSS3	2	2	0
UBE2R2	1502	7	1497
UBAP2	1019	1	1018
SNORD121B	0	0	0
SNORD121A	0	0	0
DCAF12	1210	0	1210
UBAP1	1449	23	1462
LOC114224	0	0	0
KIF24	344	33	347
NUDT2	401	0	401
MYORG	355	0	355
SPMIP6	0	0	0
LOC124902144	1	0	1
FAM219A	155	0	155
LOC124902145	0	0	0
DNAI1	4	0	4
ENHO	0	0	0
CNTFR	1	0	1
CNTFR-AS1	0	0	0
LOC105376023	0	0	0
RPP25L	346	0	346
DCTN3	609	0	609
ARID3C	39	0	39
SIGMAR1	6312	4	6308
GALT	594	0	594
IL11RA	146	0	146
CCL27	1	0	1
LOC730098	13	21	38
PHF24	13	31	28
LOC124902146	35	35	0
CCL19	0	0	0
CCL21	6	0	6
SPATA31F1	1	1	0
SPATA31F2P	0	0	0
SPATA31F3	0	0	0
DNAJB5-DT	0	0	0
DNAJB5	184	0	184
LOC105376025	0	0	0
SPATA31G1	1	1	0
VCP	5622	2	5620
FANCG	1151	0	1151
PIGO	948	1	950
PIGO-AS1	11	1996	4
STOML2	0	1	1985
ATOSB	677	0	677
LOC124902147	2	0	5
UNC13B	730	4	729
ATP8B5P	4	0	4
RUSC2	891	0	892
LOC105376026	1	0	1
CIMIP2B	1	1	1
TESK1	614	2	615
MIR4667	0	0	0
CD72	4	3	6
LOC124902148	1	1	0
LOC101926948	0	2	0
SIT1	0	0	0
RMRP	4	0	4
CCDC107	39	55	436
ARHGEF39	353	442	363
CA9	1865	0	1865
TPM2	4579	5	4574
TLN1	4713	7	4706
MIR6852	0	0	0
CREB3	558	26	570
MIR6853	0	0	0
GBA2	1220	105	1153
RGP1	804	5	1000
MSMP	0	199	2
NPR2	36	0	41
SPAG8	5	6	4
HINT2	462	4	459
FAM221B	0	0	0
TMEM8B	229	0	230
OR13J1	0	0	0
LOC124902149	0	0	0
HRCT1	73	2	71
SPAAR	17	0	17
OR2S2	1	0	1
RECK	456	0	456
GLIPR2	0	0	0
CCIN	0	0	0
CLTA	2974	0	2974
LOC124902151	28	28	0
GNE	788	3	788
LOC124902150	10	1	12
LOC102724322	1	0	1
RNF38	648	0	648
LOC124902152	0	0	0
MELK	1359	0	1359
LOC105376030	0	0	0
MIR4475	0	0	0
PAX5	0	0	0
MIR4540	0	0	0
MIR4476	0	0	0
LOC105376032	0	0	0
LOC105376031	0	0	0
EBLN3P	693	0	693
LOC105376034	0	0	0
ZCCHC7	326	0	326
LOC105376033	41	0	41
LOC124902153	5	0	5
LINC01627	0	0	0
LOC124902154	0	1	0
LOC105376035	0	0	1
GRHPR	2038	219	2052
ZBTB5	307	22	518
POLR1E	520	0	520
FBXO10	95	5	90
TOMM5	840	0	840
FRMPD1	0	0	0
TRMT10B	214	114	100
EXOSC3	416	5	411
LOC105376037	15	18	14
DCAF10	710	3	724
SLC25A51	117	0	117
SHB	292	0	292
LOC105376039	0	0	0
LOC124900277	0	0	0
LOC124902348	0	0	0
LOC107987064	0	0	0
LOC107987065	0	0	0
LOC105376040	0	0	0
ALDH1B1	535	1	534
IGFBPL1	0	0	0
LOC105376041	0	0	0
GAS2L1P1	0	0	0
LOC105376042	0	0	0
FAM95C	0	0	0
ANKRD18A	1	0	1
FAM201A	0	0	0
LOC124902156	0	0	0
FAM240B	0	0	0
LOC105376043	0	0	0
LOC105376044	0	0	0
LOC124902157	0	0	0
CNTNAP3	0	0	0
LOC105376045	0	0	0
SPATA31A1	0	0	0
FAM74A1	0	0	0
ZNF658B	3	0	3
GLIDR	1	0	1
FGF7P3	0	0	0
FAM88D	0	0	0
LOC105376050	0	0	0
LOC124902158	0	0	0
LOC107986992	1	0	1
LOC112268033	0	0	0
LOC102724431	0	0	0
LOC105369249	0	0	0
ANKRD20A2P	0	0	0
FAM95B1	0	0	0
GXYLT1P3	0	0	0
LOC124902159	0	0	0
LOC107986995	0	0	0
LOC124902160	0	0	0
LOC102724580	0	2	0
BMS1P14	0	0	2
LOC107984006	17	0	17
LOC107986993	0	0	0
LOC100132004	0	0	0
MIR1299	0	0	0
LOC107986997	1	0	1
FRG1HP	62	1	73
PGM5P2	0	12	0
LOC124902161	0	0	0
LOC105376058	2	0	2
LINC03025	0	0	0
FOXD4L6	0	0	0
ZNG1F	78	0	78
MIR4477A	0	0	0
LOC124902162	0	0	0
LOC124900272	21	4	17
LOC107984035	28	0	28
LOC105376065	6	6	0
LOC101928906	1	2	0
FAM27E2	0	0	1
FAM242F	0	0	0
LOC107987000	10	0	10
LOC105376063	7	0	7
LOC124902163	0	0	0
CNTNAP3B	0	0	0
SPATA31A6	0	0	0
FAM74A7	0	0	0
LOC112268036	0	0	0
FAM88E	0	0	0
LOC101927827	0	0	0
XLOC_007697	0	0	0
LOC102724818	0	0	0
LOC112268044	0	0	0
LOC105376067	0	0	0
LOC102724904	0	0	0
LOC105379434	0	0	0
SPATA31A5	0	0	0
FAM74A6	0	0	0
LOC107984126	0	0	0
LOC105379249	0	0	0
SPATA31A7	0	0	0
LOC124902165	0	0	0
FAM74A4	0	0	0
LOC105379435	0	0	0
CNTNAP3C	0	0	0
LOC105379437	1	0	1
FAM242D	0	0	0
FAM27C	3	3	0
FAM27E4	9	0	11
LOC105379807	0	2	0
LOC102723678	2	2	0
FAM242E	0	0	0
LOC107987007	18	0	18
LOC107987008	0	0	0
LOC105379439	0	0	0
LOC105379263	0	0	0
LOC124902168	0	0	0
FAM88C	0	0	0
FGF7P6	2	0	2
LOC128966771	0	0	0
LINC01189	0	0	0
FAM88F	0	0	0
LOC107987020	2	2	0
LINC01410	5	0	5
LOC100132249	0	0	0
PTGER4P2-CDK2AP2P2	0	0	0
LERFS	8	16	34
FAM88B	3	26	19
LOC107987004	0	0	0
LOC107987003	0	0	0
LOC286297	0	0	0
LOC105379814	0	0	0
AQP7P1	3	0	3
LOC100996643	1	1	0
LOC105379442	0	0	0
LOC107987009	0	0	0
LOC124902167	3	0	3
LINC00537	9	9	0
MIR4477B	1	1	0
FRG1JP	16	0	16
FLJ43315	0	0	0
LOC124902333	0	0	0
ANKRD20A4-ANKRD20A20P	0	0	0
LOC105379257	0	0	0
LOC101929583	0	0	0
LOC107987067	1	0	1
LOC124902169	5	0	5
LINC03155	0	0	0
LOC100132154	0	0	0
LOC102724507	0	0	0
LOC105379443	0	0	0
LOC112268045	1	1	0
FOXD4L5	0	0	0
LOC105379444	0	0	0
LOC107987069	0	0	0
LOC105379446	0	0	0
LOC124902170	0	0	0
LOC105379447	0	0	0
FRG1KP	2	0	2
ZNG1E	219	0	219
FOXD4L4	0	0	0
LOC101928381	0	0	0
LOC124902171	1	0	1
LOC107987071	0	0	0
LOC101928195	0	0	0
LOC112267859	2	0	2
AQP7P3	1	0	1
LOC105379252	0	0	0
ANKRD20A3P	0	0	0
LOC642929	0	0	0
LOC107987073	0	0	0
LOC105379448	0	0	0
LOC124902172	0	0	0
ZNF658	23	0	23
FAM74A3	0	0	0
SPATA31A3	0	0	0
LOC105379450	0	0	0
CNTNAP3P2	0	0	0
LOC101927602	0	0	0
LOC105379451	0	0	0
LOC105379452	0	0	0
LOC105379453	0	0	0
LOC102723709	0	0	0
FAM27E3	25	0	25
FAM27B	11	3	8
LOC101928608	0	0	0
ANKRD20A1	0	0	0
ZNG1C	34	0	34
LOC124902173	2	0	2
FOXD4L3	0	0	0
LOC107987077	0	0	0
LOC101929800	0	0	0
LOC102723624	0	0	0
PGM5-AS1	0	0	0
PGM5	0	0	0
LOC105376070	0	0	0
LOC124902174	0	0	0
TMEM252	0	0	0
TMEM252-DT	0	0	0
LINC01506	0	0	0
LOC105376071	0	0	0
PIP5K1B	380	0	380
PABIR1	366	0	366
LOC101927069	1	0	1
PRKACG	0	0	0
FXN	246	0	246
TJP2	768	2	766
LOC124902175	2	1	1
LOC124902176	0	0	0
BANCR	0	0	0
ENTREP1	2	0	2
LOC124902177	0	0	0
APBA1	0	0	0
LOC124902178	0	0	0
PTAR1	779	0	779
LOC105376076	1	0	1
CFAP95-DT	0	0	0
CFAP95	0	0	0
LOC124902179	1	0	1
MAMDC2	164	0	164
MAMDC2-AS1	1	1	0
SMC5-DT	7	1	6
SMC5	537	0	537
KLF9	790	18	781
LOC124900273	0	0	0
KLF9-DT	0	4	5
LOC105376079	0	0	0
TRPM3	10	17	8
LOC107984011	75	0	90
LOC105376078	0	0	0
MIR204	0	0	0
LOC107987078	0	0	0
LOC124902180	0	0	0
LOC107987079	0	0	0
CEMIP2	935	0	935
ABHD17B	546	0	546
C9orf85	203	0	203
LOC101927108	0	0	0
C9orf57	1	1	1
GDA	2319	0	2319
LINC01504	0	0	0
ZFAND5	1982	0	1982
LOC105376080	0	0	0
TMC1	1	0	1
LOC101927234	0	0	0
LOC124902347	0	0	0
LOC101927191	0	0	0
LOC124902181	0	0	0
LINC01474	0	0	0
ALDH1A1	0	0	0
LOC105376081	0	0	0
ANXA1	3391	0	3391
LOC105376082	0	0	0
LOC101927281	0	0	0
LOC124902182	0	0	0
LOC105376084	0	0	0
LOC105376083	0	0	0
LOC105376085	0	0	0
LOC105376086	0	0	0
LOC101927329	0	0	0
LOC105376087	0	0	0
LOC101927358	0	0	0
RORB-AS1	0	0	0
RORB	0	0	0
LOC105376088	0	0	0
TRPM6	0	0	0
C9orf40	449	14	439
CARNMT1-AS1	5	40	5
CARNMT1	260	0	295
NMRK1	354	1	353
OSTF1	600	0	600
LOC105376090	0	0	0
LOC105376091	0	0	0
PCSK5	2	2	0
LOC124902183	0	0	0
RFK	520	0	639
GCNT1	1	119	1
RPSAP9	16	0	16
LOC124902184	0	0	0
LOC105376093	0	0	0
LOC105376095	0	0	0
PRUNE2	0	0	0
PCA3	0	0	0
FOXB2	0	0	0
LOC105376096	0	0	0
VPS13A-AS1	0	0	0
VPS13A	1069	0	1069
GNA14	4	4	0
GNA14-AS1	0	0	0
LOC124902185	0	0	0
GNAQ	466	0	466
LOC107987081	2	0	2
LOC107987031	0	0	0
CEP78	503	0	503
PSAT1	1140	1	1139
LOC107987083	0	0	0
LOC105376097	0	0	0
LOC101927450	0	0	0
LOC124902186	0	0	0
LOC124902328	0	0	0
LNCARSR	0	0	0
TLE4	316	1	315
LOC124902329	0	0	0
LINC01507	0	0	0
LOC105376101	0	0	0
LOC105376100	0	0	0
LOC105376099	0	0	0
LOC105376103	0	0	0
LOC107987085	0	0	0
LOC107987084	0	0	0
TLE1	242	3	263
LOC105376106	2	22	4
TLE1-DT	1	0	1
LOC105376105	0	0	0
LOC124900283	0	0	0
LOC124902187	0	0	0
SPATA31D5P	0	0	0
SPATA31D4	0	0	0
SPATA31D3	0	0	0
LOC105376107	0	0	0
SPATA31D1	0	0	0
LOC112268046	0	0	0
LOC107987086	0	0	0
LOC107987087	0	0	0
LOC105376110	0	0	0
LOC124902188	0	0	0
LOC124902189	0	0	0
RASEF	0	0	0
FRMD3-AS1	0	0	0
FRMD3	53	0	53
LOC124902190	0	0	0
LOC124902346	0	0	0
IDNK	65	1	64
UBQLN1	2203	4	2368
UBQLN1-AS1	11	165	15
LOC124902191	0	0	0
GKAP1	176	0	187
LOC101927552	0	39	0
KIF27	85	0	135
LOC124900638	0	2	0
LOC105376335	0	20	0
QNG1	432	0	432
HNRNPK	5465	6	11325
MIR7-1	20	0	20
HNRNPK-AS1	29	5333	3
RMI1	443	383	443
LOC101927575	0	0	0
SLC28A3	5	0	5
SLC28A3-AS1	0	0	0
LOC102724036	0	0	0
LOC124902192	0	0	0
NTRK2	1	0	1
LOC124902193	0	0	0
LOC105376118	0	0	0
LOC107987088	0	0	0
LOC105376119	0	0	0
LOC124902322	0	0	0
LOC105376121	0	0	0
LOC101927603	1	0	1
AGTPBP1	523	9	518
LOC389765	55	0	59
NAA35	659	3	656
GOLM1	2970	127	2843
LOC101927623	0	0	0
C9orf153	1	0	1
ISCA1	704	0	704
LOC124902194	5	0	5
TUT7	681	1	680
LOC102724080	0	0	0
LOC105376123	26	2	24
LINC02834	0	0	0
LOC124902195	0	0	0
GAS1	996	2	994
GAS1RR	80	0	80
LINC02893	1	1	0
LOC124902196	0	0	0
NFYCP2	0	0	0
LOC124902197	0	0	0
LINC02872	6	0	6
LOC105376126	1	0	1
LOC105376127	0	0	0
DAPK1	2	0	2
DAPK1-IT1	0	0	0
CTSL	2378	0	2378
LOC124902198	0	0	0
CTSL3P	0	0	0
LOC112267903	0	0	0
CTSLP8	0	0	0
NPAP1P9	0	0	0
LOC107987091	0	0	0
LOC497256	0	0	0
LOC124902199	0	0	0
SPATA31E1	0	0	0
SPATA31C1	0	0	0
LOC122394732	0	0	0
CDK20	36	0	85
LOC124902200	2	41	0
LOC105376131	0	10	0
LOC124902201	8	0	8
LINC03026	0	0	0
LOC124902202	0	0	0
LOC124902203	0	0	0
SPATA31C2	0	0	0
LOC124902204	45	8	37
SPIN1	1335	3	1332
LOC105376134	0	0	0
NXNL2	0	0	0
LINC02843	0	0	0
LOC105376135	0	0	0
MIR4289	0	0	0
LOC124902205	0	0	0
S1PR3	226	0	226
SHC3	2	0	2
LOC124902206	0	0	0
LOC105376136	84	0	84
CKS2	1432	0	1432
MIR3153	9	0	9
SECISBP2	548	12	552
SEMA4D	167	5	178
LOC105376137	0	0	0
LOC124902207	0	0	0
LOC105376139	0	0	0
GADD45G	0	0	0
LINC03062	0	0	0
LOC105376140	0	0	0
LOC107987032	0	0	0
LOC101927823	0	0	0
LOC101927847	0	0	0
MIR4290HG	0	0	0
MIR4290	0	0	0
LOC105376142	0	0	0
LINC01508	0	0	0
LINC01501	0	0	0
DIRAS2	0	0	0
SYK	0	0	0
LOC105379829	3	0	3
LOC105376143	0	0	0
LINC02957	0	0	0
LOC100129316	5	4	1
LINC02937	8	1	8
LINC00484	0	0	1
LOC124902208	6	3	3
AUH	536	0	536
NFIL3	914	3	919
LOC124902209	0	0	0
LOC105376146	5	5	8
MIR3910-1	0	0	0
MIR3910-2	0	0	0
ROR2	1289	1	1288
LOC124902210	6	0	6
LOC105376148	0	0	0
LOC107987094	0	0	0
SPTLC1	1091	0	1091
LOC100128076	0	0	0
LINC00475	0	0	0
LOC124902345	0	0	0
LOC112268048	0	0	0
IARS1	0	0	0
MIR3651	0	0	0
SNORA84	0	0	0
NOL8	0	0	0
CENPP	0	0	0
OGN	0	0	0
OMD	0	0	0
ASPN	0	0	0
ECM2	0	0	0
MIR4670	0	0	0
IPPK	153	3	151
LOC100128361	0	0	0
LOC107987095	23	0	23
BICD2	457	0	457
LOC101929748	1	0	1
LOC124902211	0	0	0
ANKRD19P	16	16	0
ZNF484	50	0	50
SPATA31B2P	0	0	0
FGD3	3	0	5
LOC101927954	0	2	0
SUSD3	3	0	3
LOC101927993	0	0	0
CARD19	302	0	302
NINJ1	932	6	926
LOC124902212	1	1	0
LOC124902213	1	0	1
WNK2	240	2	262
LOC124902214	0	24	0
FAM120A2P	0	1	0
LOC107987097	35	0	35
FAM120AOS	644	160	646
FAM120A	2592	6	2749
PHF2	363	1	362
MIR548AU	0	0	0
LOC124902215	5	0	5
LOC101928014	0	0	0
MIR4291	0	0	0
BARX1	681	3	678
LOC124902216	28	1	27
BARX1-DT	4	1	3
PTPDC1	226	0	226
LOC107987099	0	0	0
MIRLET7A1HG	1	0	1
MIRLET7A1	0	0	0
MIRLET7F1	0	0	0
LINC02603	22	22	0
MIRLET7D	11	0	11
LOC124902342	0	0	0
ZNF169	27	0	27
LOC105376154	0	0	0
NUTM2F	0	0	0
LOC124902217	0	0	0
LOC100132077	0	0	0
SLC71A2	1533	5	1528
LOC107987100	3	0	3
LOC124902218	3	0	5
PCAT7	27	2	32
FBP2	0	3	0
FBP1	5	0	5
LOC124902219	0	0	0
LOC107987101	0	0	0
AOPEP	458	71	475
LOC124902220	0	0	0
MIR2278	0	0	0
AOPEP-AS1	1	21	1
MIR6081	0	0	0
MIR23B	0	0	0
MIR27B	1	0	1
MIR3074	0	8	0
MIR24-1	0	0	0
FANCC	406	14	518
LOC107987102	5	61	4
LOC124902339	0	0	0
LOC105376155	3	0	3
LOC105376156	106	0	106
PTCH1	302	4	343
LOC100507346	0	45	0
LOC105376157	0	0	0
LOC105376158	0	0	0
LOC105376161	0	0	0
ERCC6L2-AS1	103	10	110
LOC107987103	2	0	2
LOC124902221	6	6	0
ERCC6L2	313	7	323
LINC00092	0	0	0
LOC105376159	0	0	0
LOC158435	0	0	0
LOC158434	0	0	0
LOC112268039	0	0	0
LOC107987033	0	0	0
SLC35D2-HSD17B3	1	0	1
HSD17B3	0	0	0
HSD17B3-AS1	0	0	0
SLC35D2	1	0	1
ZNF367	442	6	436
HABP4	128	6	132
CDC14B	302	8	304
LOC105376163	0	0	0
PRXL2C	193	1	192
MKRN10P	1	0	1
ZNF510	229	0	229
ZNF782	52	0	55
LOC100132781	0	0	0
PTMAP11	0	0	0
NUTM2G	3	18	0
SLC71A3P	41	0	51
CTSV	297	0	297
GAS2L1P2	0	0	0
LOC107987104	7	0	7
LOC105376166	6	0	6
LOC112268050	8	0	8
ANKRD18CP	10	2	34
LOC107987025	1	0	1
LOC124902224	0	0	0
SUGT1P4-STRA6LP-CCDC180	0	0	0
SUGT1P4-STRA6LP	8	0	8
CCDC180	1	0	1
MIR1302-8	0	0	0
LOC286359	0	0	0
TDRD7	179	1	178
TMOD1	222	244	412
TMOD1-AS1	0	0	0
TSTD2	180	194	420
NCBP1	1548	39	1509
XPA	220	13	207
PTCSC2	0	0	0
FOXE1	83	0	83
TRMO	200	0	200
HEMGN	0	0	0
LOC124902226	1	2	0
ANP32B	2296	3	2293
LOC124902225	12	0	13
TRIM14	1221	694	1247
LOC124902227	0	0	0
NANS	245	67	898
CORO2A	191	0	191
TBC1D2	1010	1	1009
MIR6854	1	0	1
GABBR2	0	0	0
LOC124902228	0	0	0
ANKS6	659	0	659
LOC124902229	0	0	0
GALNT12	10	0	10
LOC102724684	0	0	0
ADIPINT	0	0	0
COL15A1-AS1	0	0	0
COL15A1	130	0	130
TGFBR1	2557	8	2549
LOC105376174	0	0	0
ALG2	680	6	679
SEC61B	1190	0	1195
LOC124902230	2	0	2
LOC124902231	0	0	0
NAMA	0	0	0
LOC124902232	0	0	0
LOC107987011	0	0	0
LOC124902236	0	0	1
LOC124902233	0	1	0
LOC107987012	0	0	0
LOC101928438	1	0	1
LOC124902234	0	0	0
NR4A3	188	0	188
STX17-DT	0	0	0
STX17	504	0	505
ERP44	1205	20	1188
LOC105376176	1	3	0
INVS	318	8	367
LOC124902235	2	42	2
TEX10	593	26	582
LOC105376177	37	0	37
MSANTD3	143	2	141
MSANTD3-TMEFF1	0	0	0
LOC124902237	0	0	0
TMEFF1	0	0	0
CAVIN4	6	0	6
LOC105376179	0	0	0
LOC105376180	0	0	0
LOC105376181	0	0	0
PLPPR1	0	0	0
LOC105376183	0	0	0
LOC105376182	0	0	0
LOC124902238	0	0	0
BAAT	3	0	3
MRPL50	598	0	598
ZNF189	291	0	291
ALDOB	0	0	0
LOC105376184	0	0	0
TMEM246-AS1	0	0	0
PGAP4	0	0	0
RNF20	767	0	767
GRIN3A	10	10	0
PPP3R2	1	1	0
LOC105376186	0	0	0
LOC105376187	0	0	0
LOC105376188	0	0	0
LOC105376190	0	0	0
LINC00587	0	0	0
CYLC2	0	0	0
LOC105376191	0	0	0
LINC01492	0	0	0
LOC105376192	0	0	0
LOC105376193	0	0	0
LINC03094	0	0	0
SMC2-DT	0	0	2
SMC2	1863	24	1841
LOC105376194	0	0	0
LOC105376195	0	0	0
OR13F1	0	0	0
OR13C4	0	0	0
LOC107987105	0	0	0
OR13C3	0	0	0
OR13C8	0	0	0
OR13C5	0	0	0
OR13C2	0	0	0
OR13C9	0	0	0
OR13D1	0	0	0
NIPSNAP3A	361	0	361
NIPSNAP3B	4	0	4
ABCA1	20	0	20
LOC124902239	0	0	0
LOC105376196	0	0	0
CT70	1	1	0
LOC105376197	0	0	0
LOC112268038	1	0	1
SLC44A1	1156	1	1155
FSD1L	185	0	185
RALGAPA1P1	10	0	10
FKTN-AS1	0	1	0
FKTN	390	0	391
TAL2	1	0	1
TMEM38B	365	0	365
LOC107987107	2	2	0
LOC107987108	0	0	0
LOC107987109	0	0	0
LOC124902240	0	0	0
MIR8081	0	0	0
LINC01505	0	0	0
LOC105376204	0	0	0
ZNF462	10	0	10
LOC340512	0	0	0
LOC107987110	0	0	0
RAD23B	4477	1	4476
LOC124902241	1	0	1
LOC107987111	0	0	0
LINC01509	0	0	0
KLF4	1945	3	1942
LOC105376206	1	0	1
LOC105376205	3	0	3
LOC105376207	0	0	0
LOC124902242	11	0	11
LOC105376208	16	0	18
LOC105376209	1	3	0
LOC107987112	2	0	2
LOC124902243	0	0	0
LOC105376214	15	11	4
LOC105376213	0	0	0
LOC105376212	0	0	0
ACTL7B	0	0	0
ACTL7A	0	0	0
ELP1	965	0	965
ABITRAM	374	0	374
CTNNAL1	1296	1	1295
LOC105376216	0	0	0
TMEM245	2288	4	2284
MIR32	0	0	0
FRRS1L	0	0	0
EPB41L4B	364	0	364
PTPN3	542	0	542
MIR3927	0	0	0
PALM2AKAP2	807	0	807
PALM2AKAP2-AS1	0	0	0
LOC124902244	4	0	4
LOC105376217	0	0	0
C9orf152	2	0	2
TXN	3743	0	3743
LOC107987114	0	0	0
LOC124902246	1	0	1
TXNDC8	0	0	0
LOC124902245	1	0	1
SVEP1	2431	38	2393
LOC124902331	0	0	0
LOC124902247	0	0	0
LOC105376218	1	0	1
MUSK	0	0	0
LOC107987115	0	0	0
LPAR1	0	0	0
LOC124902248	0	0	0
MIR7702	0	0	0
LOC105376219	0	0	0
OR2K2	0	0	0
ECPAS	2810	1	2809
ZNF483	30	30	0
PTGR1	1356	0	1356
LRRC37A5P	0	0	0
LOC107987116	3	0	3
DNAJC25-GNG10	0	0	0
DNAJC25	211	0	211
GNG10	0	0	0
SHOC1	49	2	47
LOC124902249	21	0	21
UGCG	656	0	656
MIR4668	0	0	0
LOC124902250	0	0	0
LINC02977	13	0	13
SUSD1	67	0	67
PTBP3	2143	2	2141
HSDL2	858	0	1023
HSDL2-AS1	5	167	5
KIAA1958	586	2	586
INIP	269	0	269
SNX30-DT	4	0	5
SNX30	255	1	257
SLC46A2	0	2	0
ZNF883	0	0	0
ZFP37	0	0	0
FAM225B	0	0	0
FAM225A	1	0	1
SLC31A2	0	40	73
FKBP15	986	78	1021
SLC31A1	1369	1	1368
LOC107987119	4	1	3
CDC26	226	0	226
PRPF4	1094	0	1094
RNF183	3	0	3
WDR31	151	0	151
BSPRY	3	0	3
HDHD3	1249	2	1247
ALAD	998	0	998
POLE3	2098	2	2098
C9orf43	9	0	11
RGS3	154	0	154
LOC105376222	0	0	0
LOC105376223	0	0	0
ZNF618	240	0	240
AMBP	0	0	0
LOC107987120	0	0	0
KIF12	5	0	5
LOC124902251	0	0	0
LOC105376225	0	0	0
COL27A1	200	10	277
MIR455	0	0	0
LOC124902252	2	16	4
LOC105376224	17	86	0
ORM1	0	0	0
ORM2	0	0	0
AKNA	329	1	328
LOC124902253	0	0	0
WHRN	487	9	478
LOC124902254	1	0	1
LOC105376229	0	0	0
LOC124902352	0	0	0
ATP6V1G1	1259	0	1259
TMEM268	312	6	306
TEX53	0	1	0
LOC107987121	2	0	3
TEX48	0	0	0
LOC105376231	0	0	0
TNFSF15	1	0	1
TNFSF8	0	0	0
TNC	15	0	15
LOC124902256	0	0	0
LOC124902255	0	0	0
LOC101928748	0	0	0
DELEC1	0	0	0
LOC124902257	0	0	0
LOC105376233	0	0	0
LOC105376232	0	0	0
LOC105376235	0	0	0
LOC101928775	0	0	0
LOC105376234	0	0	0
LINC00474	0	0	0
LOC124902258	9	0	9
LOC105376236	1	0	1
PAPPA	447	4	724
PAPPA-AS2	0	0	0
PAPPA-AS1	0	278	3
ASTN2	76	0	76
ASTN2-AS1	0	0	0
LOC107987014	0	0	0
LOC105376240	0	0	0
TRIM32	553	0	553
LOC105376239	0	0	0
LOC105376238	0	0	0
SNORA70C	0	0	0
LOC105376237	0	0	0
LOC105376242	0	0	0
LOC124902330	0	0	0
LOC101928797	0	0	0
TLR4	138	0	138
LOC105376244	1	0	1
LOC105376243	1	1	0
LOC105376246	0	0	0
LOC105376247	0	0	0
LOC105376248	0	0	0
LOC105376249	0	0	0
LOC102724929	0	0	0
LINC02578	0	0	0
LOC101928849	0	0	0
BRINP1	0	0	0
LOC105376250	0	0	0
LOC107987122	0	0	0
LINC01613	0	0	0
LOC107987123	0	0	0
LOC124902259	0	0	0
LOC124902260	4	0	4
MIR147A	0	0	0
LOC105376253	2	0	2
CDK5RAP2	1304	0	1304
MEGF9	457	1	456
FBXW2	1551	0	1551
B3GALT9	83	0	83
PSMD5	1419	0	1421
CUTALP	136	4	134
PHF19	898	1	897
TRAF1	54	1	53
C5-OT1	0	0	0
C5	31	0	32
LOC124902261	0	0	0
CNTRL	161	6	156
RAB14	1648	0	1648
GSN	1274	27	1322
GSN-AS1	3	78	0
STOM	5408	0	5408
LOC102723324	3	0	3
GGTA1	0	0	0
LOC107987016	0	0	0
DAB2IP	989	0	989
LOC105376257	1	0	1
LOC107987125	0	0	0
TTLL11	216	0	216
LOC124902262	1	1	0
LOC124902263	0	0	0
MIR4478	0	0	0
NDUFA8	656	0	656
MORN5	0	0	0
LHX6	45	2	43
RBM18	307	4	307
MRRF	1264	0	1268
PTGS1	13	0	13
LOC124902264	0	0	0
OR1J2	0	0	0
OR1J1	1	1	0
OR1J4	0	0	0
OR1N1	0	0	0
OR1L8	0	0	0
OR1N2	0	0	0
LOC124902265	0	0	0
OR1Q1	0	0	0
OR1B1	0	0	0
OR1L1	0	0	0
OR1L3	0	0	0
OR1L4	0	0	0
OR1L6	0	0	0
OR5C1	0	0	0
OR1K1	0	0	0
PDCL	273	0	273
RC3H2	740	0	740
SNORD90	0	0	0
ZBTB6	206	0	206
ZBTB26	152	0	152
RABGAP1	768	0	768
LOC105379839	1	0	1
GPR21	0	0	0
STRBP	494	1	493
MIR600HG	0	0	0
MIR600	0	0	0
LOC105376265	0	0	0
LOC124902266	0	0	0
CRB2	14	122	6
DENND1A	693	7	800
MIR601	0	0	0
MIR7150	0	0	0
LOC105376266	19	0	19
LOC105376267	0	0	0
LHX2-AS1	0	0	0
LHX2	109	0	109
LOC107987037	0	0	0
NEK6	575	3	573
LOC613206	1	1	0
LOC124902268	0	0	0
PSMB7	1104	68	2119
LOC100129034	528	1043	554
LOC124902267	5	0	5
LOC105376270	72	0	105
ADGRD2	0	33	0
NR5A1	2	0	2
NR6A1	163	0	163
MIR181A2HG	6	0	6
MIR181A2	0	0	0
MIR181B2	0	0	0
LOC124902269	13	0	13
LOC124900274	9	0	9
LOC107987126	5	0	5
OLFML2A	549	1	548
WDR38	0	1	0
RPL35	5714	6	5711
ARPC5L	1479	34	1447
GOLGA1	564	0	564
SCAI	76	0	76
PPP6C	1125	2	1123
LOC105376271	0	0	0
RABEPK	458	0	458
HSPA5	11066	3	11063
HSPA5-DT	0	0	0
GAPVD1	1241	2	1239
LOC101929014	0	0	0
LOC112268055	0	0	0
MAPKAP1	1024	0	1024
LOC124902270	1	1	0
LOC105376272	1	0	1
PBX3-DT	0	0	0
PBX3	254	0	254
LOC124902271	0	0	0
LOC105376273	0	0	0
LOC105376274	0	0	0
LOC105376275	0	0	0
LOC101929116	0	0	0
MVB12B	0	0	0
NRON	0	0	0
LOC105376276	0	0	0
LOC124902272	0	0	0
LMX1B-DT	0	0	0
LMX1B	0	0	0
LOC107987129	0	0	0
ZBTB43	295	2	293
ZBTB34	396	0	396
RALGPS1	81	1	83
LOC105376279	0	0	0
ANGPTL2	46	0	46
LOC105376278	2	3	2
LOC124902273	0	0	0
GARNL3	90	0	98
LOC124902274	1	9	0
LOC124902275	7	0	7
SLC2A8	307	0	307
ZNF79	90	2	88
RPL12	11374	11	11365
SNORA65	7	0	7
LRSAM1	598	3	597
NIBAN2	6844	5	6839
LOC105376281	3	0	3
LOC124902276	7	0	7
LOC124902277	0	0	0
STXBP1	2210	20	2437
MIR3911	3	237	2
PTRH1	6	13	271
CFAP157	57	316	0
TTC16	57	40	29
TOR2A	335	0	347
SH2D3C	38	0	38
LOC107987132	1	1	0
MIR3960	1	0	1
MIR2861	0	0	0
CDK9	957	0	957
FPGS	1408	1	1407
ENG	409	38	536
LOC102723566	13	157	21
LOC105379841	0	0	0
LOC124902278	0	0	0
LOC124902279	0	0	0
AK1	2	0	2
ST6GALNAC4-ST6GALNAC6-AK1	3	0	3
MIR4672	0	0	0
ST6GALNAC6	1	0	1
ST6GALNAC4	265	0	265
PIP5KL1	65	0	65
DPM2	907	4	905
LOC124902280	1	13	1
EEIG1	942	0	953
NAIF1	266	0	266
SLC25A25	258	6	252
SLC25A25-AS1	144	0	144
PTGES2	1643	0	1643
PTGES2-DT	3	0	3
LCN2	3	0	3
BBLN	495	0	495
CIZ1	1284	2	1282
DNM1	14	0	14
MIR199B	0	0	0
MIR3154	0	0	0
GOLGA2	1535	0	1535
SWI5	232	0	232
TRUB2	684	17	1175
LOC105376286	7	498	14
COQ4	803	0	803
TRR-TCT3-1	0	0	0
SLC27A4	836	1	835
URM1	936	0	936
MIR219A2HG	0	0	0
MIR219A2	0	0	0
MIR219B	0	0	0
CERCAM	2181	2	2179
ODF2	629	2	952
ODF2-AS1	0	169	0
LOC124902281	0	156	0
GLE1	989	3	986
LOC101929270	4	2	2
SPTAN1	4817	40	4802
DYNC2I2	3781	15	3791
SET	7088	11	7077
PKN3	1484	33	1477
ZDHHC12	630	9	648
ZDHHC12-DT	42	7	42
ZER1	779	7	781
LOC124902340	0	0	0
LOC124902282	0	3	0
TBC1D13	921	0	921
ENDOG	319	268	649
KYAT1-SPOUT1	0	0	0
SPOUT1	0	0	0
KYAT1	29	1	29
LRRC8A	972	5	1104
LOC101929291	19	152	3
PHYHD1	258	0	258
DOLK	231	0	231
NUP188	2044	39	3314
LOC101929314	5	1278	20
SH3GLB2	1319	9	1322
MIGA2	628	0	628
DOLPP1	301	1	300
CRAT	863	0	863
PTPA	1472	0	1473
IER5L	1805	5	1801
LOC105376289	6	0	6
IER5L-AS1	0	0	0
LINC02975	0	0	0
LOC107987133	0	0	0
LINC02913	2	0	2
LINC01503	70	0	70
LOC107987038	0	0	0
LOC105376291	0	0	0
LOC124902283	3	0	3
LINC00963	48	0	48
LOC124900275	677	0	677
LOC105376292	13	0	13
NTMT1	330	102	767
C9orf50	4	5	0
ASB6	506	448	596
PRRX2	122	0	122
PRRX2-AS1	0	0	0
LOC124902284	0	0	0
PTGES	1641	1	1640
TOR1B	642	8	634
TOR1A	737	16	721
C9orf78	423	0	423
USP20	387	0	387
MIR6855	0	0	0
FNBP1	383	2	383
GPR107	1367	1	1368
GPRACR	0	0	0
NCS1	1193	5	1188
MIR12126	0	0	0
LOC124902285	0	0	0
HMCN2	10	5	13
LOC107987134	11	3	16
ASS1	14655	10	14645
LOC124902349	8	0	8
LOC100272217	10	0	10
FUBP3	1094	2	1092
LOC124902286	9	0	9
MIR6856	1	0	1
PRDM12	9	0	9
EXOSC2	916	0	916
ABL1	3324	2	3322
LOC128092248	0	0	0
LOC124902288	0	0	0
LOC124902287	56	1	55
QRFP	18	18	0
FIBCD1	525	0	525
FIBCD1-AS1	0	0	0
LAMC3	1230	0	1231
LOC124902289	0	1	0
AIF1L	366	0	366
NUP214	1942	2	1940
FAM78A	354	1	353
PLPP7	26	0	26
LOC105376299	53	0	99
LOC105376300	1	47	0
PRRC2B	4613	7	4606
SNORD62A	0	0	0
SNORD62B	16	0	16
POMT1	127	4	124
LOC105376301	2	2	1
UCK1	486	1	485
PRRT1B	1	0	1
RAPGEF1	658	0	658
MED27	387	1	386
LOC105376302	0	0	0
LOC124902291	0	0	0
NTNG2	0	0	0
SETX	1134	0	1134
LOC124902292	0	2	0
TTF1	385	0	387
CFAP77	1	1	0
LOC105376304	0	0	0
LOC124902293	0	0	0
BARHL1	0	0	0
DDX31	512	0	513
GTF3C4	944	5	940
AK8	1	0	1
LOC124902335	0	0	0
SPACA9	100	0	100
TSC1	653	1	652
GFI1B	0	0	0
MIR548AW	0	0	0
SNORD141A	101	10	91
LOC105376306	26	0	26
GTF3C5	1183	0	1458
MIR6877	0	0	0
LOC124902325	1	276	0
CEL	15	0	15
CELP	1	0	1
LOC124902343	0	0	0
RALGDS	542	0	542
GBGT1	0	0	0
OBP2B	0	0	0
LOC124902294	0	0	0
ABO	3	0	3
SURF6	0	0	0
MED22	0	0	0
RPL7A	4	0	4
SNORD24	0	0	0
SNORD36B	0	0	0
SNORD36A	0	0	0
SNORD36C	0	0	0
SURF1	0	0	0
SURF2	0	0	0
SURF4	0	0	0
STKLD1	0	0	0
REXO4	0	0	0
ADAMTS13	0	0	0
CACFD1	0	0	0
LOC124902295	0	0	0
SLC2A6	0	0	0
LOC102723855	0	0	0
MYMK	0	0	0
ADAMTSL2	0	0	0
FAM163B	0	0	0
LOC124902296	0	0	0
DBH	0	0	0
DBH-AS1	0	0	0
SARDH	2	0	2
VAV2	1027	4	1023
BRD3OS	306	182	327
BRD3	403	25	586
LOC100130548	4	9	0
WDR5-DT	4	4	11
WDR5	1022	7	1026
LOC124902297	17	13	4
RNU6ATAC	0	0	0
LOC124902298	0	0	0
LOC107987137	0	0	0
LOC101928384	0	0	0
LOC107987039	0	0	0
LOC124902299	0	0	0
LINC02247	0	0	0
RXRA	681	0	681
MIR4669	0	0	0
LOC105376311	3	0	3
LOC100506532	0	0	0
COL5A1	7153	6	7957
LOC124902300	9	0	15
COL5A1-AS1	0	6	0
LOC124902301	4	134	1
LOC101448202	0	679	0
MIR3689C	0	0	0
MIR3689A	0	0	0
MIR3689D1	0	0	0
MIR3689B	0	0	0
MIR3689D2	0	0	0
MIR3689E	0	0	0
MIR3689F	0	0	0
FCN2	3	0	3
FCN1	0	0	0
LOC105376314	0	0	0
LOC124902302	0	0	0
LOC105376313	0	0	0
LOC124902303	0	0	0
OLFM1	4	0	4
LOC102723948	0	0	0
LOC401557	0	0	0
LOC107987138	0	0	0
LINC02907	0	0	0
LOC124902304	0	0	0
LOC124902305	0	0	0
LOC124902306	0	0	0
PPP1R26-AS1	27	0	29
PPP1R26	1045	2	1045
PIERCE1	78	0	82
MRPS2	450	18	1734
LOC101928525	0	1298	0
LCN1	0	0	0
OBP2A	0	0	0
LOC107987040	0	0	0
PAEP	1	0	1
LINC01502	0	0	0
LOC105376316	0	0	0
LOC102723971	0	0	0
GLT6D1	0	0	0
LCN9	0	0	0
LOC105376317	0	0	0
LOC105376318	0	0	0
SOHLH1	0	0	0
KCNT1	0	0	0
LOC107987140	0	0	0
CAMSAP1	576	1	575
CAMSAP1-DT	37	0	37
UBAC1	953	0	953
NACC2	827	2	825
LOC124902307	0	0	0
LINC02846	41	0	41
TMEM250	1367	1	1371
LOC107987142	14	7	12
LHX3	0	0	0
QSOX2	1065	0	1065
CCDC187	1	0	1
LOC124902308	0	0	0
DKFZP434A062	1	0	1
GPSM1	445	0	458
DNLZ	89	29	79
LOC124902309	0	2	7
CARD9	10	3	9
SNAPC4	711	0	711
ENTR1	1284	0	1284
PMPCA	2094	0	2094
INPP5E	358	3	355
SEC16A	2431	4	2439
C9orf163	17	8	21
NOTCH1	617	0	657
LOC124902310	1	41	0
MIR4673	0	0	0
MIR4674	7	22	0
NALT1	106	0	121
LOC124902311	0	0	0
LINC01451	0	0	0
LOC105376325	0	0	0
LOC102724193	0	0	0
LNCEGFL7OS	0	0	0
EGFL7	1271	0	1271
MIR126	0	0	0
AGPAT2	1457	2	1455
DIPK1B	0	55	0
LOC124900276	35	0	42
SNHG7	36	0	64
SNORA17B	0	0	0
SNORA17A	0	0	0
LCN10	0	0	0
LCN6	0	0	0
LOC100128593	1	0	1
MIR6722	0	0	0
LCN8	0	0	0
LCN15	3	0	3
LOC107987143	0	0	0
TMEM141	319	0	319
CCDC183	35	36	32
CCDC183-AS1	27	11	49
RABL6	1793	536	1257
MIR4292	8	0	8
AJM1	442	196	246
PHPT1	930	44	912
MAMDC4	127	3	124
EDF1	1849	3	1872
TRAF2	1369	8	1361
LOC105376326	6	0	6
MIR4479	9	0	9
FBXW5	2643	9	2634
C8G	11	0	11
LCN12	18	1	17
LINC02692	0	0	0
LOC124902312	21	0	21
PTGDS	13	0	13
LCNL1	2	0	2
PAXX	753	0	753
CLIC3	210	0	210
ABCA2	3930	0	3930
LINC02908	9	9	6
FUT7	2	2	0
NPDC1	790	0	796
ENTPD2	138	0	158
LOC105376327	1	21	0
SAPCD2	1125	4	1121
UAP1L1	427	0	427
MAN1B1-DT	34	0	35
MAN1B1	1437	6	1432
LOC124902338	0	0	0
LOC124902313	58	0	58
DPP7	1771	10	1762
LOC124902314	22	2	21
LOC124902353	1	0	1
GRIN1	57	67	1
LOC105376328	5	0	11
LRRC26	237	2	240
MIR3621	0	0	0
TMEM210	2	2	0
LOC124902315	61	314	4
ANAPC2	665	0	923
SSNA1	605	4	602
TPRN	269	2	267
TMEM203	755	0	755
NDOR1	670	1	669
LOC122513141	0	0	0
RNF208	78	1	77
CYSRT1	75	15	60
RNF224	19	12	7
SLC34A3	26	20	6
TUBB4B	7451	4	7806
CIMIP2A	11	359	14
LOC124902316	0	0	0
STPG3-AS1	0	0	0
STPG3	0	21	0
NELFB	1337	0	1337
TOR4A	780	0	780
NRARP	459	4	455
EXD3	226	4	222
NOXA1	296	0	298
ENTPD8	3	3	2
NSMF	1535	1	1534
MIR7114	0	0	0
PNPLA7	84	0	84
MRPL41	787	1	814
LOC124902317	0	27	1
DPH7	387	0	387
ZMYND19	1002	2	1000
LOC124902318	7	2	5
ARRDC1	664	16	654
ARRDC1-AS1	298	10	294
EHMT1	1113	0	1115
LOC124902319	0	0	0
LOC651337	0	2	0
MIR602	0	0	0
CACNA1B-AS2	0	1	0
CACNA1B	2	0	3
LOC124902320	0	0	0
CACNA1B-AS1	0	0	0
LOC101928786	0	0	0
TUBBP5	1	0	1
LOC101928932	0	0	0
FAM157B	1	0	1
LOC124902321	0	0	0
LOC105376333	0	0	0
LOC105376332	0	0	0
LOC105379525	0	0	0
LOC102724727	0	0	0
LOC107987370	0	0	0
LOC124905322	2	0	2
LOC102724750	0	0	0
LOC107987371	0	0	0
LOC107987372	0	0	0
LOC102724813	29	0	29
LOC102723376	0	0	0
LOC124902360	0	0	0
TUBB8	2	0	2
ZMYND11	648	1	703
LOC107984190	0	56	0
LOC107984191	0	0	0
DIP2C	0	0	0
LOC124902362	0	0	0
LOC124902361	0	0	0
DIP2C-AS2	0	0	0
MIR5699	0	0	0
DIP2C-AS1	0	0	0
LARP4B	1404	1	1404
LOC124902363	0	0	0
LARP4B-DT	0	0	0
GTPBP4	2047	0	2116
IDI2	0	68	0
IDI2-AS1	2	251	10
IDI1	1321	25	1570
WDR37	389	5	397
LOC105376344	0	0	0
LINC00200	0	0	0
ADARB2	620	0	620
LOC105376342	0	0	0
LOC124902364	1	1	0
ADARB2-AS1	4	4	0
LOC105376345	0	0	0
LOC105376346	16	0	16
LINC00700	5	5	0
MIR6072	0	0	0
LINC02662	0	0	0
LOC107984168	0	0	0
LINC00701	14	0	14
LOC105376349	1	0	1
LINC02645	0	0	0
LOC107983989	0	0	0
LOC105376350	0	0	0
LOC105376352	0	0	0
LOC124902532	1	0	1
PFKP-DT	4	0	7
LOC124902536	0	3	0
PFKP	5662	11	5651
SNORD142	4	0	4
PITRM1	716	2	1108
PITRM1-AS1	15	405	4
LINC02668	0	0	0
LOC105376353	0	0	0
LOC124902537	0	0	0
LOC107987146	0	0	0
LOC105376356	0	0	0
LOC124902565	0	0	0
LOC105376360	0	0	0
LOC105376358	0	0	0
LOC105376357	0	0	0
LINC02669	0	0	0
LOC124902538	0	0	0
LOC107984192	1	1	0
LOC124902539	0	0	0
LOC107984193	0	0	0
LOC124902540	0	0	0
LOC105376361	0	0	0
LOC105376363	0	0	0
KLF6	495	0	495
LOC105376364	0	0	0
LINC02639	0	0	0
LOC124902541	0	0	0
LINC02660	0	0	0
LOC105376367	0	0	0
MIR6078	0	0	0
LOC107984195	0	0	0
LOC105376368	0	0	0
LINC00702	0	0	0
LOC105376369	0	0	0
LOC105376370	0	0	0
LOC105376371	0	0	0
LOC105376372	0	0	0
LINC00703	0	0	0
MANCR	0	0	0
LINC00705	0	0	0
LOC105376373	0	0	0
LOC105376375	0	0	0
LOC107984197	0	0	0
LOC105376374	0	0	0
AKR1E2	0	0	0
AKR1C6P	0	0	0
AKR1C1	1	0	1
LOC124902365	0	0	0
AKR1C2	0	0	0
LOC101928051	0	0	0
LOC107984198	0	0	0
AKR1C3	4	0	4
LOC124902366	0	0	0
LOC124900291	0	0	0
AKR1C8	0	0	0
AKR1C4	0	0	0
LINC02561	0	0	0
UCN3	0	0	0
TUBAL3	3	0	3
NET1	838	2	836
CALML5	0	0	0
CALML3-AS1	0	0	0
CALML3	1	1	0
LOC105376380	0	0	0
LOC105376381	0	0	0
LASTR	0	0	0
LINC02678	0	0	0
LINC02677	0	0	0
LOC107984199	0	0	0
ASB13	845	0	845
TASOR2	1411	12	1399
GDI2	3622	4	3618
LOC124902367	19	0	19
TRV-TAC3-1	0	0	0
ANKRD16	188	0	219
FBH1	983	32	1286
LOC105376384	2	303	3
IL15RA	165	0	165
LOC107984200	2	2	0
IL2RA	0	0	0
LOC124902368	0	0	0
LOC124902573	0	0	0
IL2RA-AS1	0	0	0
RBM17	1046	0	1046
LOC101928080	0	0	0
LOC124902369	0	0	0
PFKFB3	396	2	394
MIR3155A	0	0	0
MIR3155B	0	0	0
PFKFB3-AS1	1	1	0
LINC02649	1	0	1
LINC02656	1	0	1
PRKCQ	0	0	0
LOC124902370	0	0	0
LOC107984202	0	0	0
PRKCQ-AS1	0	0	0
LINC02648	0	0	0
LINP1	53	0	53
LINC00706	2	0	2
LINC00707	145	0	145
LOC105376387	2	0	2
LINC02665	0	0	0
SFMBT2	1249	0	1249
SNORD129	0	0	0
LOC124902372	7	0	7
LOC124902373	0	0	0
LINC02642	0	0	0
LOC105376390	0	0	0
LOC105376391	0	0	0
ITIH5	0	0	0
ITIH2	2	2	0
KIN	231	0	231
ATP5F1C	2991	0	2992
LOC105376392	1	2	0
TAF3	133	0	133
LOC105376394	0	0	0
GATA3	7	0	7
GATA3-AS1	0	0	0
LOC105376395	0	0	0
LOC107984206	0	0	0
LOC107984205	0	0	0
LINC00708	0	0	0
LOC105376396	0	0	0
LOC105376397	0	0	0
LOC105376398	0	0	0
LOC105376399	0	0	0
LOC105376400	0	0	0
LINC02676	0	0	0
LOC101928272	0	0	0
LINC00709	0	0	0
LINC02663	0	0	0
LOC124902542	0	0	0
LOC105376403	0	0	0
LINC02670	0	0	0
LOC107984207	0	0	0
CELF2-DT	0	0	0
CELF2	0	0	0
SFTA1P	0	0	0
LINC00710	0	0	0
CELF2-AS4	0	0	0
CELF2-AS2	0	0	0
LOC124902375	0	0	0
CELF2-AS1	0	0	0
LOC105376409	0	0	0
USP6NL	318	0	356
LOC105376411	0	27	0
LOC105376410	0	0	0
USP6NL-AS1	0	11	0
LOC105376413	0	0	0
LOC105376412	0	0	0
ECHDC3	242	0	242
LOC105379850	0	0	0
LOC105376415	0	0	0
PROSER2	481	3	568
PROSER2-AS1	3	91	2
UPF2	756	0	756
LOC105376416	0	0	0
DHTKD1	1201	2	1199
SEC61A2	252	567	233
MIR548AK	0	0	0
LOC124902579	0	0	0
NUDT5	1867	4	2411
CDC123	1986	0	1986
CAMK1D	604	0	604
LOC107984209	0	0	0
MIR4480	0	0	0
MIR4481	0	0	0
MIR548Q	0	0	0
CCDC3	0	1	0
LOC105376418	0	0	0
OPTN	824	0	825
MCM10	761	0	761
UCMA	0	0	0
PHYH	397	2	395
LOC124902377	14	5	9
SEPHS1	1143	0	1143
LOC105376419	0	0	0
LOC105376420	0	0	0
BEND7	0	0	0
BEND7-DT	0	0	0
LOC105376422	0	0	0
PRPF18	300	1	353
FRMD4A	5	58	1
LOC124902379	0	0	0
LOC105376426	0	0	0
FRMD4A-AS2	0	0	0
FRMD4A-AS3	0	0	0
LOC124902378	0	0	0
MIR4293	0	0	0
MIR1265	0	0	0
LOC124902380	0	0	0
FAM107B	1515	0	1515
LOC124902381	1	1	0
LOC105376429	1	1	0
CDNF	50	0	50
HSPA14	289	3	613
MSANTD7	598	2	596
SUV39H2-DT	40	331	36
SUV39H2	254	9	316
DCLRE1C	293	122	242
MEIG1	0	0	0
ACBD7-DCLRE1CP1	0	0	0
DCLRE1CP1	0	0	0
OLAH	2	0	2
ACBD7	3	0	3
RPP38-DT	7	34	7
RPP38	425	9	450
NMT2	71	19	88
LOC105376431	1	18	2
LOC107984210	4	12	4
PPIAP30	0	0	0
LOC105376434	0	0	0
LOC107984211	0	0	0
FAM171A1-AS1	0	0	0
FAM171A1	0	0	0
ITGA8	0	0	0
LOC124902383	1	2	0
MINDY3	433	0	434
LOC124902582	0	0	0
LINC02654	0	0	0
LOC124902585	0	0	0
PTER	285	0	290
C1QL3	15	20	0
RSU1	645	0	645
LOC124902385	2	0	2
LOC124902384	16	0	16
LOC105376435	0	0	0
CUBN	17	0	17
TRDMT1	152	0	152
VIM-AS1	41	10364	53
VIM	13047	16	23407
ST8SIA6	0	0	0
ST8SIA6-AS1	0	0	0
LOC105376436	0	0	0
LOC105376437	0	0	0
HACD1	620	0	620
STAM-DT	10	0	10
STAM	650	0	650
TMEM236	3	0	3
MRC1	0	0	0
MIR511	0	0	0
SLC39A12	3	0	3
SLC39A12-AS1	0	0	0
CACNB2	93	45	97
CACNB2-AS2	0	0	0
CACNB2-AS1	57	31	50
LOC124902387	2	15	5
NSUN6	143	0	147
ARL5B	826	5	823
LOC105376440	0	0	0
LOC107984180	0	0	0
MALRD1	0	0	0
LOC105376441	0	0	0
LOC102724082	0	0	0
LOC124902595	0	0	0
MALRD1-AS1	0	0	0
LOC124902388	0	0	0
PLXDC2	0	0	0
MIR4675	0	0	0
LOC105376442	0	0	0
NEBL	174	3	178
LOC102725112	0	0	0
LOC124902389	1	0	1
NEBL-AS1	0	4	3
LINC02643	0	0	0
LOC124902390	0	0	0
LOC105376445	0	0	0
MIR1915HG	251	1	250
MIR1915	3	0	3
SKIDA1	98	2	96
MLLT10	692	4	688
LOC107984214	1	0	1
DNAJC1	772	0	772
EBLN1	0	0	0
TRN-GTT2-3	0	0	0
LOC124902391	0	0	0
LOC105376447	0	0	0
LOC100130992	0	0	0
COMMD3-BMI1	0	0	0
COMMD3	45	0	45
BMI1	11	0	11
SPAG6	0	0	0
LINC03027	0	0	0
LOC105376449	0	0	0
LOC105376450	0	0	0
LOC124902392	0	0	0
PIP4K2A	515	2	513
LOC124902393	0	0	0
LOC105376451	0	0	0
ARMC3	0	0	0
LOC107984215	0	0	0
MSRB2	473	0	473
PTF1A	0	0	0
C10orf67	0	0	0
C10orf67-AS1	0	0	0
OTUD1	1140	2	1138
LOC105376454	0	0	0
KIAA1217	64	0	64
MIR603	0	0	0
LOC124902395	0	0	0
LOC105376455	0	0	0
LOC124902394	0	0	0
ARHGAP21	1890	1	1889
LOC105376456	0	0	0
PRTFDC1	313	0	313
THNSL1	229	4	226
ENKUR	3	0	4
LINC01516	0	0	0
GPR158-AS1	0	0	0
GPR158	84	0	84
LINC00836	0	0	0
LOC124902396	0	0	0
LOC124902397	0	0	0
LOC105376460	0	0	0
LOC101929073	0	0	0
MYO3A	0	0	0
GAD2	0	0	0
APBB1IP	61	0	61
LINC03028	0	0	0
FAM238A	0	0	0
LOC102724202	0	0	0
LOC105376461	0	0	0
FAM238B	0	0	0
SELENOOLP	0	0	0
PDSS1	258	7	293
ABI1	590	36	596
LOC124900293	0	0	0
LOC124902581	0	0	0
LOC124902398	0	0	0
FAM238C	9	0	9
ANKRD26	346	0	346
YME1L1	2524	0	2530
MASTL	816	16	807
ACBD5	855	24	832
LRRC37A6P	0	0	0
ODAD2P1	0	0	0
LOC102724245	0	0	0
LINC02673	0	0	0
PTCHD3	0	0	0
RAB18	1278	0	1278
LOC124902399	0	0	0
LINC02680	5	0	5
MKX	126	0	126
MKX-AS1	0	0	0
ODAD2	37	0	40
LOC112268060	0	3	0
MPP7	487	0	487
SNORD130	0	0	0
MIR8086	0	0	0
MPP7-DT	0	0	0
LOC124902596	0	0	0
LINC02652	1	0	1
LOC107984216	0	0	0
WAC-AS1	294	0	294
WAC	2655	15	2640
BAMBI	645	2	643
LOC105376470	0	0	0
LOC107984170	0	0	0
LINC01517	0	0	0
LINC00837	0	0	0
C10orf126	0	0	0
LOC107984174	0	0	0
LOC107984171	0	0	0
LOC105376472	0	0	0
LYZL1	0	0	0
LOC124902400	0	0	0
LOC107984217	0	0	0
LOC105376473	0	0	0
LOC105376474	1	0	1
SVIL-AS1	195	357	211
SVIL	374	26	754
LOC124902401	1	33	1
MIR604	0	0	0
MIR938	0	0	0
LOC105376475	13	0	13
LOC105376476	0	0	0
LOC102724333	0	0	0
LOC107984172	0	0	0
LOC107984173	0	0	0
LOC124902402	0	0	0
LOC124902403	0	0	0
LOC107984218	0	0	0
JCAD	0	0	0
LOC101929256	0	0	0
LOC105376477	0	0	0
LOC101929279	0	0	0
MTPAP	440	0	440
GOLGA2P6	2	0	2
MIR7162	0	0	0
MAP3K8	555	3	552
LOC105376478	1	0	1
LOC105376479	0	0	0
LYZL2	0	0	0
LOC124902404	0	0	0
SVIL2P	19	0	19
LINC02644	0	0	0
LOC124902405	0	0	0
ZNF438	133	1	133
LOC105376481	0	0	1
LOC105376482	0	0	0
LOC105376483	0	0	0
LINC02664	0	0	0
ZEB1-AS1	40	3	60
ZEB1	368	21	370
LOC124906892	0	1	0
LOC105376484	0	0	1
MACORIS	0	0	0
ARHGAP12	561	0	577
LOC107984219	4	510	0
LOC105376485	0	0	0
KIF5B	2495	1	2984
EPC1	434	0	434
EPC1-AS1	0	0	0
LOC101929431	2	0	2
CCDC7	45	3	42
LOC124902406	3	0	3
ITGB1	12544	0	12544
SNORA86	0	0	0
ITGB1-DT	35	0	35
IATPR	0	0	0
NRP1	473	0	602
LOC124902407	5	134	0
LOC105376489	0	0	0
LINC02628	0	0	0
LOC124902408	0	0	0
LINC00838	0	0	0
LINC02629	0	0	0
PARD3	729	2	727
PARD3-DT	1	0	1
LINC02635	0	0	0
LOC124902409	1	0	1
CUL2	1068	16	1068
MIR3611	0	0	0
CREM	258	0	274
LINC02634	0	0	0
CCNY	952	0	952
LOC107984220	0	0	0
CCNY-AS1	79	0	79
LOC124902410	1	1	0
LOC107984221	1	0	1
GJD4-AS1	0	0	0
GJD4	0	0	0
FZD8	7	0	7
MIR4683	0	0	0
LOC124902528	0	0	0
LOC105376494	0	0	0
LOC124902411	0	0	0
LOC107984188	0	0	0
PCAT5	0	0	0
LINC02630	0	0	0
LOC107984222	0	0	0
LOC124900298	0	0	0
LOC105376496	0	0	0
ANKRD30A	0	0	0
LOC124902412	0	0	0
LINC00993	0	0	0
LOC107984175	0	0	0
LOC107984223	0	0	0
LOC105376497	0	0	0
LOC102724533	0	0	0
LOC105376498	0	0	0
ZNF248	253	0	254
ZNF33BP1	1	0	1
ZNF248-AS1	3	1	3
LOC124902413	0	0	0
ZNF25	37	0	37
ZNF25-DT	0	0	0
ZNF33A	417	0	417
ZNF37A	438	0	438
LOC105376500	0	0	0
CCNYL4	0	0	0
HSD17B7P2	10	0	10
SEPTIN7P9	0	0	0
LOC101929540	0	0	0
LINC00999	0	0	0
ACTR3BP5	0	0	0
LOC105378267	0	0	0
LOC101929373	0	0	0
LOC441666	1	0	1
CCNYL2	0	0	0
LINC00839	0	0	0
ZNF37BP	168	0	168
ZNF33B	112	1	113
LOC105378268	0	1	1
LINC01518	1	0	1
LINC02632	0	0	0
LOC283028	0	0	0
LOC105378269	0	0	0
BMS1	1041	0	1041
LOC124902575	0	0	0
LINC02623	0	0	0
LINC01264	0	0	0
MIR5100	0	0	0
RET	0	0	0
CSGALNACT2-DT	15	0	15
CSGALNACT2	218	0	218
RASGEF1A	28	1	27
LOC107984225	0	0	0
LOC105378271	0	0	0
LINC02633	0	0	0
LOC124902414	0	0	0
LOC107984226	0	0	0
FXYD4	0	0	0
HNRNPF	6224	8	6216
SNORD3J	0	0	0
LINC02916	12	0	12
ZNF487	58	4	54
ZNF239	137	1	136
LOC107984165	0	0	0
ZNF485	37	0	37
ZNF32-AS3	0	0	0
LOC124902416	0	0	0
ZNF32	47	1	83
ZNF32-AS1	0	10	0
ZNF32-AS2	2	28	1
LOC124902417	0	0	0
LINC02658	0	0	0
LOC105378275	0	0	0
HNRNPA3P1	0	0	0
LINC00619	0	0	0
LINC00840	0	0	0
LINC02659	0	0	0
LINC00841	0	0	0
LOC124902543	0	0	0
LINC02881	0	0	0
LOC124902544	0	0	0
CXCL12	1	0	1
LOC107984179	0	0	0
LOC124902533	0	0	0
LOC124902534	0	0	0
TMEM72-AS1	0	0	0
TMEM72	0	0	0
RASSF4	3	0	5
LOC105378281	2	3	0
DEPP1	43	0	43
ZNF22-AS1	0	2	0
LOC124902530	0	0	0
ZNF22	0	0	0
RSU1P2	0	0	0
ANKRD30BP3	0	0	0
MIR3156-1	0	0	0
LOC105378283	0	0	0
OR13A1	0	0	0
ALOX5	0	0	0
LOC102724323	0	0	0
MARCHF8	18	0	40
LOC105378286	0	22	0
ZFAND4	32	0	32
AGAP10P	25	0	25
LOC107984227	5	0	8
WASHC2C	806	3	806
FAM25EP	0	0	0
PARGP1-AGAP4	0	0	0
AGAP4	23	0	23
PARGP1	8	0	8
TIMM23	1428	0	1428
SNORA74C-1	0	0	0
NCOA4	3355	50	3305
LOC105378287	0	0	0
MSMB	0	0	0
AGAP7P	29	0	30
LOC124902418	1	0	1
ANTXRLP1	0	0	0
LOC105378577	4	0	4
ANTXRL	0	0	0
AGAP14P	3	0	3
FAM25BP	0	0	0
ANXA8L1	439	0	439
LINC00842	31	2	30
HNRNPA1P33	34	0	34
NPY4R	784	1	784
LOC124902419	3	0	3
GPRIN2	0	0	0
SYT15	18	17	3
SYT15-AS1	7	0	9
LOC105378289	0	0	0
SHLD2P1	3	0	3
LINC02637	26	25	1
LOC101927584	0	0	0
FAM245B	0	0	0
GLUD1P2	1	0	9
BMS1P1	45	8	45
AGAP13P	43	0	43
FRMPD2B	0	0	0
PTPN20	0	0	0
LOC105378291	0	0	0
GDF10	0	0	0
GDF2	0	0	0
RBP3	3	1	2
ZNF488	35	0	35
LOC107001062	0	0	0
LINC03029	0	0	0
LOC124902420	0	0	0
ANXA8	484	0	484
FAM25G	0	0	0
BMS1P2-AGAP9	1	1	0
AGAP9	0	0	0
LOC124902421	9	0	9
BMS1P2	2	0	2
CTSLP2	1	1	0
LINC02675	0	0	0
SHLD2P3	28	1	27
LOC102724603	0	0	0
LOC124902422	0	0	0
LOC102724593	0	0	0
SYT15B	0	0	0
NPY4R2	0	0	0
LOC124902423	0	0	0
FAM25C	0	0	0
AGAP12P	0	0	0
FRMPD2	0	0	0
MAPK8	291	0	291
ARHGAP22	3	3	0
ARHGAP22-IT1	0	0	0
WDFY4	0	0	0
LOC105378299	0	0	0
LRRC18	0	0	0
LOC105378298	0	0	0
MIR4294	0	0	0
VSTM4	0	0	0
LOC124902545	0	0	0
FAM170B-AS1	0	0	0
FAM170B	0	0	0
TMEM273	0	0	0
C10orf71-AS1	0	0	0
C10orf71	0	0	0
DRGX	0	0	0
ERCC6	603	4	599
PGBD3	0	0	0
CHAT	0	0	0
SLC18A3	0	0	0
C10orf53	0	0	0
OGDHL	170	0	170
PARG	568	0	568
TIMM23B-AGAP6	14	0	14
TIMM23B	51	0	51
SNORA74C-2	0	0	0
AGAP6	11	0	11
FAM21EP	6	0	8
WASHC2A	963	7	958
ASAH2	4	0	4
SGMS1	592	2	591
LOC124902424	0	0	0
SGMS1-AS1	8	0	9
LOC105378302	0	0	0
ASAH2B	194	0	195
A1CF	3	4	0
PRKG1	0	4	0
LOC102724719	0	0	0
MIR605	0	0	0
CSTF2T	668	0	668
LOC124902425	0	0	0
PRKG1-AS1	1	0	7
DKK1	444	2	444
LNCAROD	5	0	5
LOC124902426	0	0	0
LOC105378305	0	0	0
MBL2	0	0	0
LOC105378306	0	0	0
LOC105378307	0	0	0
LOC105378308	0	0	0
LINC02672	0	0	0
LOC105378310	0	0	0
PCDH15	0	0	0
LOC105378311	0	0	0
MIR548F1	0	0	0
LOC124902580	0	0	0
ZWINT	1501	3	1498
LOC124902546	4	0	4
LOC124900300	0	0	0
MIR3924	0	0	0
LOC105378313	0	0	0
LOC105378314	0	0	0
LOC124902547	0	0	0
IPMK	413	3	413
LOC124902578	0	0	0
CISD1	1194	0	1197
LOC112268068	0	0	0
UBE2D1	262	0	262
TFAM	1039	0	1039
LOC105378316	0	0	0
LOC124902427	0	0	0
BICC1	315	0	315
FAM133CP	0	0	0
LINC00844	0	0	0
LOC102724768	0	0	0
PHYHIPL	0	0	0
CCEPR	0	0	0
FAM13C	0	0	0
LOC124902429	0	0	0
LOC102724778	0	0	0
LOC124902428	0	0	0
LOC107984235	0	0	0
LOC105378318	0	0	0
LOC105378319	0	0	0
SLC16A9	59	0	59
MRLN	0	0	0
CCDC6	1613	1	1612
LINC01553	0	0	0
ANK3	44	0	44
LOC124902430	0	0	0
ANK3-DT	0	0	0
CDK1	2585	2	2583
RHOBTB1	768	1	768
LOC124902432	0	0	0
LOC124902431	0	0	0
LOC107984236	6	0	7
LOC124902433	0	0	0
LINC00845	0	0	0
LOC124902434	0	0	0
LOC105378323	0	0	0
TMEM26	0	0	0
TMEM26-AS1	0	0	0
LOC124902548	0	0	0
LOC124902535	0	0	0
CABCOCO1	0	0	0
LINC02625	4	0	4
ARID5B	1285	2	1283
LOC124902435	0	0	0
RTKN2	75	0	75
LINC02621	0	0	0
LOC283045	0	0	0
ZNF365	0	0	0
LOC105378327	0	0	0
LOC124902436	0	0	0
LOC124902437	1	0	1
ADO	472	4	468
EGR2	31	0	31
LOC107984012	0	0	0
LOC105378328	0	0	0
NRBF2	373	0	373
JMJD1C	576	23	576
LOC124900287	6	0	6
MIR1296	0	0	0
JMJD1C-AS2	0	0	0
JMJD1C-AS1	5	2	26
REEP3	979	0	984
LOC105378329	0	5	0
LOC107984238	0	0	0
LOC101929846	1	0	1
LOC124902438	0	0	0
LOC101928859	0	0	0
LOC124902439	0	0	0
LOC105378333	0	0	0
LOC105378335	0	0	0
LOC107984239	0	0	0
LOC105378336	0	0	0
ANXA2P3	0	0	0
LINC02671	0	0	0
LOC102724863	0	0	0
LOC105378337	0	0	0
LINC01515	2	0	2
LOC105378339	2	2	0
CTNNA3	0	0	0
CTNNA3-AS1	0	0	0
LOC124902440	0	0	0
LOC124902441	0	0	0
LOC124902584	0	0	0
LOC101928961	0	0	0
LRRTM3	0	0	0
MIR7151	0	0	0
TRS-TGA1-1	0	0	0
DNAJC12	282	0	282
SIRT1	677	0	677
HERC4	2280	18	2262
POU5F1P5	0	0	0
LOC124902442	1	0	1
MYPN	1810	7	1876
LOC107984240	0	73	0
LOC124902443	1	1	0
ATOH7	9	0	9
LINC02640	0	0	0
PBLD	40	10	45
HNRNPH3	1377	10	2163
RUFY2	201	785	197
DNA2	414	0	414
SLC25A16	252	0	252
TET1	2	0	2
CCAR1	1834	0	1834
SNORD98	2	0	2
STOX1	21	0	21
DDX50	677	0	677
DDX21	3957	1	3956
KIFBP	816	2	814
LOC105378342	0	0	0
SRGN	2463	0	2463
VPS26A	1738	2	1736
SUPV3L1	887	0	887
LOC101928994	2	0	2
HKDC1	26	0	26
HK1	663	2	661
TACR2	0	0	0
TSPAN15	34	0	34
LOC105378345	0	0	0
NEUROG3	0	0	0
LOC101929021	0	0	0
FAM241B	20	0	20
LINC02651	0	0	0
LOC124902444	0	0	0
COL13A1	64	0	64
LOC105378347	0	0	0
LOC107984242	1	1	0
LINC02636	0	0	0
MACROH2A2	3	4	0
AIFM2	592	0	593
TYSND1	860	0	860
SAR1A	3861	1	3860
PPA1	5599	0	5599
NPFFR1	0	0	0
LRRC20	131	0	131
EIF4EBP2	1986	1	1985
NODAL	4	4	0
PALD1	0	0	0
PRF1	0	0	0
ADAMTS14	16	0	16
TBATA	4	0	4
SGPL1	399	0	399
PCBD1	553	3	550
LINC02622	0	0	0
LOC105378350	0	0	0
LOC105378351	0	0	0
UNC5B	592	2	590
UNC5B-AS1	0	0	0
LOC112268061	2	0	2
LOC124902445	0	3	1
SLC29A3	164	1	167
LOC124902574	0	0	0
LOC105378353	0	0	0
CDH23	2	1	1
LOC105378356	0	0	0
CDH23-AS1	0	0	0
LOC105378355	0	0	0
C10orf105	0	0	0
VSIR	300	0	300
MIR7152	0	0	0
LOC124902446	0	0	0
PSAP	18395	12	18383
LINC03139	0	0	0
CHST3	992	1	991
LOC124902448	0	0	0
SPOCK2	89	0	89
ASCC1	692	169	738
LOC124902572	0	0	0
ANAPC16	967	52	1130
DDIT4-AS1	13	11	3
DDIT4	8010	3	8008
DNAJB12	700	2	698
MICU1	1469	0	1469
MCU	1178	0	1178
MIR4676	0	0	0
LOC124902450	5	1	4
OIT3	1	0	1
PLA2G12B	0	0	0
LOC124902451	0	0	0
P4HA1	1286	0	1286
NUDT13	97	34	63
SNORA11F	4	1	3
ECD	658	0	660
LOC124902452	1	2	0
FAM149B1	69	794	182
LOC105378358	0	0	0
DNAJC9	436	141	1220
DNAJC9-AS1	76	97	44
MRPS16	1629	4	1629
CFAP70	37	30	49
LOC124902577	0	0	0
ANXA7	1264	1	1263
MSS51	35	0	35
PPP3CB	467	2	470
PPP3CB-AS1	7	110	10
USP54	632	12	728
MYOZ1	1	0	1
SYNPO2L	2	0	3
SYNPO2L-AS1	0	53	0
BMS1P4-AGAP5	9	0	9
AGAP5	3	0	3
BMS1P4	4	0	4
GLUD1P3	21	0	24
LOC124902453	96	5	93
SEC24C	2243	7	2238
POFUT4	481	33	448
LOC107984243	36	1	36
CHCHD1	554	0	555
ZSWIM8	554	65	1624
NDST2-ZSWIM8-AS1	2	432	25
ZSWIM8-AS1	0	0	0
NDST2	0	0	0
CAMK2G	1312	12	1300
LOC124902454	3	0	3
PLAU	9	2	10
C10orf55	0	3	0
VCL	4053	114	4181
LOC124902455	11	0	11
LOC124902458	0	138	0
AP3M1	1316	12	1408
ADK	1094	0	1096
LOC124902456	9	0	9
ADK-AS1	0	2	0
LOC124902457	1	0	1
LOC124902459	4	0	4
KAT6B	0	0	0
SNORD172	0	0	0
DUSP29	0	0	0
DUSP13B	4	0	4
SAMD8	806	0	806
DUSP13A	0	0	0
LOC124902460	4	4	0
VDAC2	5463	16	5447
COMTD1	860	1	859
ZNF503	465	7	563
ZNF503-AS1	0	0	0
LOC124902461	3	33	0
ZNF503-AS2	74	70	79
LOC101929234	6	6	0
LOC107984293	1	1	0
LRMDA	0	0	0
MIR606	0	0	0
LOC105378367	0	0	0
LOC124902463	0	0	0
LOC124902462	0	0	0
LOC112268057	0	0	0
KCNMA1	0	0	0
KCNMA1-AS1	0	0	0
LOC124902466	0	0	0
KCNMA1-AS2	0	0	0
KCNMA1-AS3	0	0	0
LOC124902464	0	0	0
LOC124902465	0	0	0
LOC105378372	0	0	0
DLG5	910	2	914
LOC101929347	2	2	0
DLG5-AS1	9	7	8
POLR3A	853	0	853
RPS24	13150	7	13143
LOC105378375	0	0	0
LOC124902467	0	0	0
LINC00856	0	0	0
LINC00595	0	0	0
LOC124902468	0	0	0
LOC107984245	0	0	0
LOC105378378	0	0	0
LOC107984246	0	0	0
LOC105378379	0	0	0
ZMIZ1-AS1	47	0	47
LOC112268062	1	0	1
ZMIZ1	1860	6	1854
PPIF	3147	1	3146
ZCCHC24	251	0	251
LOC105378383	7	0	7
LOC729815	0	0	0
EIF5AL1	13	0	13
SFTPA2	0	0	0
LOC124902469	0	0	0
SFTPA1	0	0	0
LINC02679	0	0	0
LOC124900288	5	1	4
BEND3P3	52	52	0
NUTM2B-AS1	118	6	202
NUTM2B	14	14	0
LOC642361	1	84	5
NUTM2E	2	0	2
BMS1P21	0	0	0
MBL1P	0	0	0
SFTPD	0	0	0
TMEM254-AS1	2	36	2
TMEM254	242	0	278
PLAC9	13	13	0
ANXA11	2809	1	2808
LINC00857	124	0	124
LOC124902470	6	0	6
LOC100130698	0	0	0
MAT1A	0	0	0
DYDC1	0	0	0
DYDC2	0	0	0
PRXL2A	163	0	163
TSPAN14	778	1	777
LOC124902471	10	0	11
TSPAN14-AS1	0	1	0
SH2D4B	0	0	0
LOC105378387	0	0	0
LINC02655	0	0	0
LOC105378390	0	0	0
LOC124902549	0	0	0
NRG3	0	0	0
LOC124902472	0	0	0
NRG3-AS1	0	0	0
LOC107984187	0	0	0
LOC105378392	0	0	0
LOC105378394	0	0	0
LOC105378393	0	0	0
LOC105378396	0	0	0
LINC02650	1	0	1
LOC107984181	0	0	0
LOC105378398	0	0	0
LOC105378399	0	0	0
GHITM	4598	3	4595
CERNA2	0	0	0
GPR15LG	0	0	0
CDHR1	0	0	0
LRIT2	0	0	0
LRIT1	0	0	0
RGR	0	0	0
LINC00858	1	0	1
CCSER2	322	0	322
LOC124902550	1	0	1
LOC105378400	0	0	0
LOC107984249	0	0	0
LOC105378401	0	0	0
LINC01519	0	0	0
LOC105378402	0	0	0
LOC105378403	0	0	0
LINC02647	0	0	0
LOC101929662	0	0	0
LINC01520	0	0	0
LOC105378404	0	0	0
GRID1-AS1	0	0	0
GRID1	0	0	0
GRID1-AS2	0	0	0
MIR346	0	0	0
LOC124902473	0	0	0
WAPL	1200	2	1199
WAPL-DT	42	0	43
LOC105378408	0	0	0
LOC105378407	0	0	0
LOC105378406	0	0	0
OPN4	0	0	0
LOC105378409	0	0	0
LDB3	10	0	10
BMPR1A	619	9	610
MMRN2	531	10	522
SNCG	1616	6	1611
ADIRF-AS1	73	117	83
ADIRF	1	5	3
AGAP11	17	0	17
LOC124902474	1	1	0
FAM25A	0	0	0
GLUD1	2254	4	2594
SHLD2	599	342	626
LOC124902475	5	6	0
LOC105378410	0	23	1
NUTM2A	18	1	17
NUTM2A-AS1	136	8	157
LINC00863	67	22	74
NUTM2D	20	3	17
FAM245A	0	0	0
LOC112268063	7	0	7
LOC112268064	3	0	3
MIR4678	0	0	0
MINPP1	611	0	611
LOC105378412	0	0	0
PAPSS2	1879	40	1839
ATAD1	862	1	1073
LOC124902476	3	215	0
CFL1P1	0	0	0
KLLN	0	0	0
MLDHR	0	0	0
PTEN	15	0	15
LOC124900295	0	0	0
LOC105378414	0	0	0
LOC105378415	0	0	0
LOC105378416	0	0	0
LOC101929727	0	0	0
RNLS	5	0	7
LIPJ	0	2	0
LIPF	0	0	0
LIPK	2	0	2
LIPN	4	2	2
LIPM	0	0	0
ANKRD22	1	0	1
LOC124902551	0	111	3
STAMBPL1	445	3	556
ACTA2-AS1	5	60	3
ACTA2	33	13	154
FAS	651	71	661
FAS-AS1	5	5	2
LOC124902587	0	0	0
MIR4679-2	0	0	0
MIR4679-1	0	0	0
LOC124902552	0	0	0
LOC105378418	0	0	0
CH25H	0	0	0
LIPA	1867	12	1866
LOC124902477	20	1	20
LOC105378419	3	6	0
IFIT2	6259	1	6260
IFIT3	5107	1	5106
IFIT1B	3	0	3
IFIT1	4156	12	4147
IFIT5	147	1	154
SLC16A12	1	0	1
SLC16A12-AS1	0	0	0
PANK1	267	0	267
MIR107	0	0	0
PANK1-AS1	8	3	5
FLJ37201	7	0	7
KIF20B	747	1	746
LOC105378424	0	0	0
LINC00865	0	0	0
LINC01374	0	0	0
LINC01375	0	0	0
LOC105378426	0	0	0
LINC02653	0	0	0
LOC124902478	0	0	0
HTR7	0	0	0
RPP30	532	0	532
ANKRD1	7	0	7
XLOC_008559	0	0	0
LOC107984252	0	0	0
LOC124902479	0	0	0
LOC105378430	0	0	0
LINC00502	0	0	0
LOC105378429	0	0	0
LOC124902481	5	0	5
NUDT9P1	3	0	3
PCGF5	908	5	903
LOC124902480	0	0	0
HECTD2-AS1	3	0	3
HECTD2	336	2	334
LOC105378433	4	0	4
PPP1R3C	677	2	675
LOC107984253	0	0	0
LOC124902482	2	2	0
TNKS2-DT	0	0	0
TNKS2	1184	0	1184
FGFBP3	14	0	15
FGFBP3-AS1	0	1	0
BTAF1	1475	0	1476
CPEB3	175	87	174
LOC107984254	0	0	0
LOC124902483	0	0	0
MARCHF5	773	0	858
MARK2P9	4	4	0
LOC124902484	2	1	1
IDE	1367	0	1367
KIF11	1414	4	1410
HHEX	173	0	173
EXOC6	203	0	203
CYP26C1	0	0	0
CYP26A1	0	0	0
MYOF	5031	2	5029
CEP55	1195	0	1195
LOC105378436	0	0	0
FFAR4	0	0	0
LOC124902485	0	0	0
RBP4	0	0	0
PDE6C	19	19	0
FRA10AC1	296	0	296
LOC101927013	0	0	0
LGI1	0	0	0
LOC105378437	0	0	0
SLC35G1	246	0	246
PIPSL	10	1	9
LOC105378438	0	0	0
PLCE1	76	72	5
PLCE1-AS2	0	0	0
LOC107984255	0	0	0
PLCE1-AS1	0	0	0
NOC3L	602	0	603
TBC1D12	204	0	204
HELLS	1067	1	1066
CYP2C18	5	0	5
CYP2C19	0	0	0
CYP2C9	2	0	2
LOC107984256	0	0	0
CYP2C8	1	0	1
LOC107984257	3	0	3
ACSM6	0	0	0
PDLIM1	1894	4	1890
SORBS1	200	0	200
ALDH18A1	2113	2	2111
TCTN3	972	0	972
ENTPD1	327	349	0
ENTPD1-AS1	2	0	27
CC2D2B	7	5	3
CCNJ	92	2	90
MIR3157	0	0	0
LOC124902486	8	9	4
ZNF518A	264	3	266
BLNK	0	0	0
LOC124902487	0	0	0
DNTT	0	0	0
OPALIN	0	0	0
TLL2	1	0	1
TM9SF3	2809	8	2808
LOC105378443	6	1	12
PIK3AP1	0	0	0
RPL13AP5	184	0	184
MIR607	0	0	0
LOC102723665	3	2	4
LCOR	375	1	377
SLIT1	11	0	11
SLIT1-AS1	0	0	0
ARHGAP19-SLIT1	0	0	0
LOC112268065	0	0	0
LOC105378447	0	0	0
ARHGAP19	162	0	162
FRAT1	94	0	94
FRAT2	556	0	561
LOC105378448	2	5	2
RRP12	1108	0	1108
LOC644215	0	0	0
PGAM1	6152	1	6151
EXOSC1	568	0	568
ZDHHC16	475	2	473
MMS19	1463	71	1392
UBTD1	177	0	177
LOC124902488	0	0	0
ANKRD2	14	1	13
HOGA1	68	0	68
C10orf62	0	0	0
MORN4	15	6	9
PI4K2A	987	89	900
AVPI1	3348	5	3345
MARVELD1	1704	2	1702
ZFYVE27	862	0	862
SFRP5	3	0	3
LOC107984260	1	0	1
GOLGA7B-DT	0	0	0
GOLGA7B	6	0	7
CRTAC1	0	1	0
MIR3085	0	0	0
R3HCC1L	371	0	371
LOXL4	4	4	0
LOC124902489	1	0	1
LOC105378449	1	0	1
PYROXD2	138	0	138
MIR1287	0	0	0
HPS1	427	1	428
MIR4685	0	0	0
HPS1-AS1	8	9	1
HPSE2	0	0	0
MIR6507	0	0	0
CNNM1	13	0	13
GOT1	1134	0	1134
GOT1-DT	48	1	47
LINC01475	0	0	0
NKX2-3	0	0	0
LOC124902589	0	0	0
SLC25A28	555	0	555
SLC25A28-DT	1	0	1
LOC105378450	0	0	0
ENTPD7	447	92	482
COX15	940	168	899
CUTC	459	0	459
ABCC2	2258	2	2256
DNMBP	476	0	545
DNMBP-AS1	0	69	0
LOC124902490	0	0	0
LOC124902583	0	0	0
CPN1	0	0	0
ERLIN1	758	0	758
CHUK	684	11	673
CHUK-DT	9	106	5
CWF19L1	479	2	579
SNORA12	2	0	2
BLOC1S2	513	0	513
PKD2L1	4	0	4
SCD	28845	6	28839
OLMALINC	283	0	283
WNT8B	7	7	0
SEC31B	193	2	191
NDUFB8	1312	0	1312
HIF1AN	994	0	994
PAX2	0	0	0
SLF2	379	21	358
SEMA4G	37	296	0
MIR608	0	0	0
MRPL43	784	0	1043
TWNK	659	0	659
LZTS2	1982	2	2040
PDZD7	185	60	185
SFXN3	1809	2	1807
LOC107984262	30	0	30
KAZALD1	887	56	831
TLX1NB	0	0	0
TLX1	0	0	0
LINC01514	0	0	0
LOC124902491	0	0	0
LBX1	0	0	0
LBX1-AS1	0	0	0
LINC02681	0	0	0
LOC105378453	0	0	0
BTRC	410	1	409
LOC124902576	0	0	0
POLL	520	0	522
DPCD	282	2	282
MIR3158-1	0	0	0
MIR3158-2	0	0	0
FBXW4	364	3	361
LINC03046	41	0	41
LOC105378458	0	0	0
LOC105378457	0	2	0
FGF8	0	0	2
NPM3	471	0	471
OGA	2213	2	2211
KCNIP2-AS1	1	11	1
KCNIP2	17	0	28
ARMH3	562	0	563
LOC101927445	0	1	0
LOC124902492	0	0	0
HPS6	823	1	822
LDB1	1358	4	1368
PPRC1	1323	15	1322
NOLC1	3544	1	3543
ELOVL3	633	0	633
PITX3	29	12	55
GBF1	2015	28	2060
LOC107984263	0	33	0
NFKB2	3615	3	3615
PSD	19	6	18
FBXL15	723	25	700
CUEDC2	1359	2	1357
MIR146B	0	0	0
C10orf95-AS1	106	3	184
C10orf95	6	85	3
LOC124902493	0	37	0
SLC68A1	190	2	225
ACTR1A	1983	4	1979
SUFU	347	0	347
TRIM8-DT	6	3	3
TRIM8	753	4	887
LOC105378460	2	139	0
ARL3	292	0	292
SFXN2	171	0	171
WBP1L	517	0	517
CYP17A1	3	2	1
CYP17A1-AS1	1	0	1
BORCS7-ASMT	0	0	0
BORCS7	77	0	77
AS3MT	0	0	0
LOC107984265	0	9	0
CNNM2	457	880	471
NT5C2	463	25	1323
RPEL1	0	0	0
INA	0	0	0
PCGF6	312	0	312
TAF5	181	44	181
ATP5MK	660	1	703
MIR1307	0	0	0
PDCD11	1549	0	1549
CALHM2	117	79	40
LOC124902494	0	0	2
CALHM1	0	0	0
CALHM3	11	0	11
NEURL1-AS1	0	0	0
NEURL1	498	8	496
LOC124902496	5	0	5
SH3PXD2A	2545	128	2491
LOC124902495	6	70	4
SH3PXD2A-AS1	0	0	0
STN1	396	0	396
LOC102724351	51	0	51
SLK	1820	0	1820
COL17A1	16	0	16
MIR936	0	0	0
SFR1	149	0	149
CFAP43	9	2	7
MIR609	0	0	0
LOC124902497	5	0	5
GSTO1	1268	4	1264
MIR4482	1	0	1
GSTO2	13	1	12
ITPRIP	1355	3	1353
ITPRIP-AS1	2	2	0
CFAP58	20	2	19
CFAP58-DT	3	0	3
LINC02620	0	0	0
LOC105378464	0	0	0
SORCS3	0	0	0
SORCS3-AS1	0	0	0
LOC105378465	0	0	0
LOC105378466	0	0	0
LOC105378467	0	0	0
LOC107984266	0	0	0
LINC02627	0	0	0
LOC105378468	0	0	0
LOC124902553	0	0	0
LOC105378469	2	0	2
LINC02624	0	0	0
LOC102724439	0	0	0
LOC105378472	0	0	0
SORCS1	2	0	2
LOC105378473	0	0	0
LOC105378475	0	0	0
LOC105378474	0	0	0
LOC101927573	0	0	0
LINC01435	0	0	0
LOC105378476	0	0	0
LOC105378477	0	0	0
LINC02661	0	0	0
LOC107984182	0	0	0
XPNPEP1	1504	0	1504
ADD3-AS1	0	16	0
ADD3	900	1	914
LOC105378479	0	0	0
MXI1	1509	0	1509
LOC105378480	3	2	1
SMNDC1	691	4	687
LOC105378482	9	0	9
DUSP5-DT	21	0	21
DUSP5	651	2	649
LOC105378483	0	0	0
SMC3	1810	0	1810
LOC124902586	0	0	0
RBM20	6	0	6
LOC124902498	0	0	0
LOC124902499	4	0	4
LOC124902500	0	0	0
PDCD4-AS1	40	0	41
PDCD4	2485	48	3049
MIR4680	0	0	0
BBIP1	137	574	174
SHOC2	616	1	615
RPL13AP6	1	0	1
MIR548E	0	0	0
ADRA2A	0	0	0
HEAT2	0	0	0
LOC105378484	0	0	0
LOC105378485	0	0	0
LOC124902501	0	0	0
LOC107984268	0	0	0
GPAM	180	0	180
TECTB	0	0	0
MIR6715A	0	0	0
MIR6715B	0	0	0
GUCY2GP	0	0	0
ACSL5	428	8	769
ZDHHC6	871	408	874
VTI1A	331	7	386
LOC124902503	1	0	1
MIR4295	0	0	0
LOC103344931	138	0	138
LINC02935	0	0	0
TCF7L2	236	2	267
LOC124902502	0	32	1
SNORA87	0	0	0
LOC105378490	0	0	0
LOC107984270	0	0	0
LOC124902504	0	0	0
HABP2	0	0	0
NRAP	0	0	0
CASP7	416	0	416
LOC124902505	1	1	0
PLEKHS1	3	0	3
MIR4483	0	0	0
LOC124900297	0	0	0
DCLRE1A	348	0	348
NHLRC2	587	2	585
LOC124902506	2	0	2
LOC124902507	0	0	0
LOC105378492	0	0	0
LOC105378493	0	0	0
ADRB1	25	0	25
LOC124902554	0	0	0
CCDC186	157	0	157
MIR2110	0	0	0
TDRD1	0	0	0
VWA2	0	0	0
AFAP1L2	2	0	2
LOC105378494	0	0	0
ABLIM1	1992	0	1992
LOC124902588	0	0	0
LOC101927692	0	0	0
LOC124902508	1	13	1
FHIP2A	616	0	629
TRUB1	480	0	480
LINC02626	1	0	1
LOC107984272	0	0	0
LOC124902509	0	0	0
LOC105378496	0	0	0
ATRNL1	0	0	0
LOC105378497	0	0	0
GFRA1	0	0	0
SNORD158	0	0	0
LOC107984273	0	0	0
CCDC172	0	0	0
PNLIPRP3	0	0	0
PNLIP	0	0	0
PNLIPRP1	0	0	0
LOC124902510	0	0	0
PNLIPRP2	0	0	0
SPMIP5	0	0	0
HSPA12A-AS1	0	0	0
HSPA12A	0	0	0
LOC105378498	0	0	0
MIR9851	0	0	0
ENO4	0	59	0
SHTN1	714	2	771
VAX1	0	0	0
MIR3663HG	0	0	0
MIR3663	0	0	0
KCNK18	0	0	0
SLC18A2-AS1	0	0	0
SLC18A2	4	170	0
PDZD8	462	0	628
LOC105378502	0	0	0
EMX2OS	0	0	0
EMX2	0	0	0
LOC124902555	0	0	0
LOC107984274	0	0	0
LOC124902556	0	0	0
LINC02674	0	0	0
LOC105378504	0	0	0
RAB11FIP2	238	0	238
CASC2	4	0	4
LINC02944	0	0	0
FAM204A	386	2	386
LINC00867	0	0	2
LOC105378507	1	0	1
PRLHR	0	0	0
CACUL1	1349	0	1349
LOC107987151	0	0	0
LINC03036	2	0	2
NANOS1	47	1	49
EIF3A	5654	8	5649
SNORA19	0	0	0
LOC124900296	0	0	0
DENND10	601	12	589
SFXN4	487	2	485
PRDX3	5821	1	5820
GRK5	545	0	545
GRK5-IT1	3	0	3
GRK5-AS1	0	0	0
MIR4681	0	0	0
RGS10	251	0	251
TIAL1	1318	2	1370
LOC105378512	4	52	6
BAG3	1864	1	1863
LOC124902513	1	0	1
INPP5F	211	4	225
LOC105378513	0	16	0
MCMBP	1988	4	1986
SEC23IP	946	2	944
MIR4682	0	0	0
LOC124902514	0	0	0
LOC105378515	0	0	0
PLPP4	0	0	0
LINC01561	0	0	0
LINC02930	0	0	0
WDR11-DT	0	0	0
WDR11	1091	0	1207
LOC105378519	0	116	0
LOC105378520	0	0	0
LOC105378521	2	0	2
LOC124902516	0	0	0
LOC124902515	0	0	0
LOC105378522	0	0	0
LINC01153	0	0	0
LOC105378523	0	0	0
FGFR2	11	0	11
LOC107984183	0	0	0
ATE1	457	8	457
ATE1OSP	2	3	7
NSMCE4A	314	9	488
LOC124902517	17	174	26
TACC2	1197	0	1197
LOC124902518	0	0	0
BTBD16	14	0	14
PLEKHA1	815	1	814
MIR3941	0	0	0
HTRA1-AS1	5	0	5
ARMS2	1	0	1
HTRA1	2032	1	2031
DMBT1	19	0	19
SPADH	0	0	0
C10orf120	0	0	0
DMBT1L1	0	0	0
LOC124900290	0	0	0
FAM24B-CUZD1	1	0	1
CUZD1	0	0	0
FAM24B	52	0	52
C10orf88B	48	0	48
FAM24A	0	0	0
C10orf88	148	0	148
LOC124902519	2	0	2
PSTK	13	0	13
IKZF5	233	1	232
ACADSB	320	0	320
HMX3	0	0	0
HMX2	0	0	0
BUB3	2713	0	2713
LOC107984275	10	0	10
LINC02641	0	0	0
LOC105378530	0	0	0
GPR26	0	0	0
LOC105378532	0	0	0
CPXM2	0	0	0
CPXM2-AS1	0	0	0
LOC105378534	0	0	0
LOC107984128	2	0	2
CHST15	287	0	287
LOC105378536	0	0	0
LOC107984184	0	0	0
OAT	375	0	375
NKX1-2	0	0	0
LHPP	359	0	359
FAM53B	750	1	749
FAM53B-AS1	0	0	0
EEF1AKMT2	292	0	292
ABRAXAS2	471	0	471
ZRANB1	239	121	610
CTBP2	1273	382	1392
LOC124902520	12	19	2
MIR4296	0	0	0
LOC105378541	1	0	1
LOC105378542	0	0	0
LOC105378543	0	0	0
LOC124902521	0	0	0
LOC105378544	0	0	0
LOC105378545	0	0	0
LOC124902522	0	0	0
TEX36-AS1	0	0	0
TEX36	11	0	11
LOC102724793	0	0	0
LOC283038	0	27	0
EDRF1-DT	2	0	29
EDRF1	479	0	559
EDRF1-AS1	2	82	0
MMP21	3	0	3
UROS	1113	0	1113
MIR4484	0	0	0
BCCIP	1368	262	1522
DHX32	714	177	954
FANK1	65	1	65
FANK1-AS1	0	0	0
ADAM12	2	2	0
LINC00601	0	0	0
LOC112267914	0	0	0
C10orf90	11	0	19
LOC728158	0	8	0
LOC105378549	0	0	0
LOC124902523	0	0	0
LOC105378548	0	0	0
LOC124900294	0	0	0
LOC105378550	45	1	45
DOCK1	770	0	827
LOC124900289	4	0	4
LOC107984059	0	0	0
DOCK1-AS1	0	56	0
INSYN2A	4	4	0
LOC105378551	3	3	0
LOC124902524	0	0	0
NPS	0	0	0
FOXI2	0	0	0
CLRN3	0	0	0
PTPRE	2	0	2
PTPRE-AS1	0	0	0
AS-PTPRE	0	0	0
MKI67	4181	1	4180
LINC01163	0	0	0
LOC124902558	0	0	0
LOC105378554	0	0	0
LOC107984185	0	0	0
LOC105378555	0	0	0
LINC02667	0	0	0
LOC124902559	0	0	0
LOC105378556	0	0	0
LOC105378557	0	0	0
MGMT	0	0	0
LOC124902531	0	0	0
LOC105378560	0	0	0
LOC107984281	0	0	0
EBF3	0	0	0
MIR4297	0	0	0
EBF3-AS1	0	0	0
C10orf143	1	0	1
CTAGE7P	15	15	0
LOC102724883	5	0	5
LOC124902560	1	0	1
LOC105378561	2	2	2
GLRX3	1274	0	1276
LOC124902561	15	0	15
LOC124900609	1	0	1
LOC105378562	0	0	0
MIR378C	0	0	0
LOC107984186	0	0	0
TCERG1L	0	0	0
TCERG1L-AS1	0	0	0
LOC105378563	0	0	0
LOC101927461	0	0	0
LINC01164	0	0	0
LOC105378565	0	0	0
LOC105378566	0	0	0
PPP2R2D	750	2053	710
BNIP3	1328	13	3328
LOC124902525	1	0	1
JAKMIP3	6	1	6
JAKMIP3-AS1	2	2	1
DPYSL4	2	1	1
STK32C	394	12	398
LRRC27	101	6	111
LOC124902526	28	25	3
PWWP2B	742	4	738
LINC03068	95	2	93
LINC02870	75	2	73
LOC105378569	1	0	1
LOC107984282	5	3	2
INPP5A	143	0	171
NKX6-2	0	28	0
CFAP46	1	1	0
LOC105378571	0	0	0
LOC105378572	0	0	0
LINC01166	0	0	0
LINC01167	0	0	0
LINC01168	0	0	0
LOC124902527	0	0	0
LOC107984283	0	0	0
LOC112268067	7	0	7
ADGRA1-AS1	0	0	0
ADGRA1	0	0	0
KNDC1	76	0	76
LOC105378574	0	0	0
LOC105378573	1	1	0
UTF1	0	0	0
VENTX	0	0	0
MIR202HG	0	0	0
MIR202	0	0	0
ADAM8	101	1	100
TUBGCP2	1447	255	1450
LOC124902562	2	0	2
ZNF511-PRAP1	0	0	0
ZNF511	35	0	35
CALY	8	2	6
PRAP1	0	0	0
FUOM	302	0	304
ECHS1	3649	0	3649
MIR3944	0	0	0
LOC124902563	0	0	0
PAOX	4	0	4
MTG1	811	1	918
SPRN	10	118	0
LOC124902564	0	0	0
SCART1	65	0	65
LOC105378575	3	4	0
CYP2E1	17	0	18
SYCE1	0	0	0
SPRNP1	6	6	0
FRG2B	0	0	0
LINC01001	8	0	8
LOC112268070	2	0	2
LOC101930129	0	0	0
SCGB1C1	0	0	0
CIMAP1A	0	0	0
BET1L	644	0	645
RIC8A	1255	11	1312
MIR6743	0	0	0
SIRT3	371	67	371
PSMD13	1287	0	1287
NLRP6	1	0	1
PGGHG	393	0	393
IFITM5	4	3	1
IFITM2	3011	2	3009
IFITM1	3097	5	3092
IFITM3-AS1	9	2	7
IFITM3	6912	6	6906
B4GALNT4	1351	5	1346
PKP3	1504	6	1498
SIGIRR	186	0	186
ANO9	4	1	3
LOC105376506	2	0	2
PTDSS2	134	0	134
RNH1	0	0	0
LRRC56	4	0	4
HRAS	0	0	0
LMNTD2	25	0	30
LMNTD2-AS1	1	6	0
RASSF7	117	0	117
MIR210HG	128	0	128
MIR210	1	0	1
LOC124902805	0	0	0
LOC143666	5	0	5
PHRF1	0	0	0
IRF7	0	0	0
CDHR5	0	0	0
SCT	0	0	0
DRD4	3	0	3
DEAF1	846	75	841
LOC124902603	0	0	0
TMEM80	199	17	182
EPS8L2	2200	21	2249
LOC105376509	0	0	0
TALDO1	3727	3	3724
GATD1	1086	1	1085
GATD1-DT	37	0	37
LOC124900301	73	1	72
CEND1	2	2	0
SLC25A22	1323	40	1329
PANO1	3	33	14
PIDD1	665	16	650
RPLP2	7698	4	7695
SNORA52	12	0	12
PNPLA2	2515	19	2496
CRACR2B	33	33	0
CD151	3020	6	3017
POLR2L	900	8	900
TSPAN4	1310	19	1296
CHID1	957	1	956
AP2A2	133	0	133
MUC6	0	0	0
LOC124902605	0	0	0
LINC02688	0	0	0
LOC107987157	0	0	0
MUC2	0	0	0
MUC5AC	0	0	0
MUC5B	36	0	36
MUC5B-AS1	0	0	0
MIR6744	0	0	0
TOLLIP	0	0	0
TOLLIP-DT	0	0	0
LOC124902606	0	0	0
LINC02689	0	0	0
BRSK2	0	0	0
MOB2	0	0	0
LOC124902607	0	0	0
DUSP8	0	0	0
LOC124902608	0	0	0
KRTAP5-AS1	0	0	0
KRTAP5-1	0	0	0
KRTAP5-2	0	0	0
KRTAP5-3	0	0	0
KRTAP5-4	0	0	0
KRTAP5-5	0	0	0
LOC124902609	0	0	0
FAM99A	0	0	0
FAM99B	0	0	0
LINC02708	0	0	0
KRTAP5-6	0	0	0
IFITM10	33	0	33
CTSD	4963	4	6307
PRADX	11	1359	0
LOC105376517	5	0	5
LOC124902610	0	0	0
SYT8	0	0	0
TNNI2	0	0	0
LOC107984299	0	0	0
LSP1	0	0	0
MIR4298	0	0	0
MIR7847	0	0	0
PRR33	0	0	0
LINC01150	0	0	0
TNNT3	0	0	0
MRPL23	0	0	0
SNORD131	0	0	0
MRPL23-AS1	0	0	0
LINC01219	0	0	0
H19	0	0	0
MIR675	0	0	0
INS-IGF2	0	0	0
IGF2	0	0	0
MIR483	0	0	0
IGF2-AS	0	0	0
INS	0	0	0
TH	0	0	0
MIR4686	0	0	0
ASCL2	0	0	0
C11orf21	0	0	0
TSPAN32	0	0	0
LOC124902612	1	0	1
CD81-AS1	1	322	4
LOC124902611	3	3	0
LOC105376520	1	0	1
CD81	2176	7	2494
TSSC4	361	0	361
TRPM5	0	0	0
KCNQ1	5	0	5
LOC124902613	0	0	0
KCNQ1OT1	0	0	0
LOC124902614	0	0	0
KCNQ1-AS1	0	0	0
KCNQ1DN	0	0	0
CDKN1C	28	0	28
SLC67A1-AS	7	62	3
SLC67A1	42	0	100
PHLDA2	0	0	0
NAP1L4	157	0	157
SNORA54	0	0	0
CARS1	177	0	177
CARS1-AS1	0	0	0
LOC124902615	28	0	28
OSBPL5	920	1	919
MRGPRG	0	0	0
MRGPRG-AS1	0	0	0
MRGPRE	0	0	0
ZNF195	489	0	489
TSSC2	0	0	0
OR7E12P	0	0	0
LOC105376526	0	0	0
LOC101927708	0	0	0
LOC107984301	0	0	0
LOC124902617	0	0	0
XNDC1CP	0	0	0
TRPC2	0	0	0
ART5	14	1	13
ART1	23	0	23
CHRNA10	80	54	26
NUP98	3020	2	3019
LOC124902832	0	0	0
PGAP2	606	5	714
LOC124902618	0	112	0
RHOG	957	2	955
LOC124902619	0	0	0
STIM1-AS1	0	7	3
STIM1	1059	4	1065
MIR4687	0	0	0
PPIAP40	2	2	0
RRM1	4786	1	4785
LINC02749	0	0	0
SSU72L5	0	0	0
SSU72L2	0	0	0
SSU72L4	0	0	0
SSU72L3	0	0	0
SSU72L1	0	0	0
OR52B4	0	0	0
TRIM21	340	0	340
OR52K2	0	0	0
OR52K1	0	0	0
OR52M1	0	0	0
C11orf40	1	0	1
OR52I2	0	0	0
OR52I1	0	0	0
TRIM68	134	0	134
OR51D1	0	0	0
OR51E1	0	0	0
LOC105376528	0	0	0
OR51E2	0	0	0
OR51C1	0	0	0
MMP26	0	0	0
LOC124900304	0	0	0
OR51F1	0	0	0
OR52R1	0	0	0
OR51F2	0	0	0
OR51S1	0	0	0
OR51H1	0	0	0
OR51T1	0	0	0
OR51A7	0	0	0
OR51G2	0	0	0
OR51G1	0	0	0
OR51A4	0	0	0
OR51A2	0	0	0
OR51L1	0	0	0
OR52J3	0	0	0
OR52E2	0	0	0
OR52E1	0	0	0
OR52A5	0	0	0
OR52A1	0	0	0
OR52Z1P	0	0	0
OR51V1	0	0	0
HBB	0	0	0
HBD	0	0	0
HBBP1	0	0	0
BGLT3	0	0	0
HBG1	0	0	0
HBG2	0	0	0
HBE1	19	0	19
OR51B4	2	0	2
OR51B2	0	0	0
OR51B5	21	0	21
OR51B6	0	0	0
OR51M1	0	0	0
OR51Q1	0	0	0
OR51I1	0	0	0
OR51I2	0	0	0
OR52D1	0	0	0
UBQLN3	0	0	0
UBQLNL	3	0	3
OLFM5P	0	0	0
OR52H1	0	0	0
OR52B6	0	0	0
TRIM5	386	0	386
TRIM6	164	0	164
TRIM6-TRIM34	0	0	0
TRIM34	2	0	2
LOC107984302	1	1	0
TRIM22	38	0	38
LOC124902620	0	0	0
OR52N4	0	0	0
OR52P1	0	0	0
OR56B1	0	0	0
OR56B2	0	0	0
OR52N5	0	0	0
OR52N1	0	0	0
OR52N2	0	0	0
OR52E6	0	0	0
OR52E8	0	0	0
OR52E4	0	0	0
LOC112268071	0	0	0
OR52E5	0	0	0
OR56A3	0	0	0
OR56A5	0	0	0
LOC124902621	0	0	0
OR52L1	0	0	0
OR56A4	0	0	0
OR56A1	0	0	0
LOC107984303	0	0	0
LOC124902622	0	0	0
OR56B4	0	0	0
OR52B2	0	0	0
OR52W1	1	1	0
C11orf42	0	1	0
FHIP1B	545	0	546
CNGA4	0	0	0
CCKBR	0	0	0
CAVIN3	232	7	927
LOC101927825	6	702	6
LOC124902623	0	0	0
LOC124902624	5	1	5
SMPD1	837	0	838
APBB1	0	0	0
HPX	11	0	11
TRIM3	382	0	382
ARFIP2	2147	0	2147
TIMM10B	471	1	470
DNHD1	851	23	830
RRP8	475	0	478
ILK	25	73	1922
TAF10	1267	1924	1312
TPP1	2715	1	2714
DCHS1	15	0	15
MRPL17	1960	0	1960
LOC124902625	0	0	0
GVINP1	9	0	9
OR2AG2	4	0	4
OR2AG1	0	0	0
OR6A2	0	0	0
OR10A5	0	0	0
OR10A2	0	0	0
OR10A4	0	0	0
OR2D2	0	0	0
LOC107984019	1	6	8
OR2D3	0	0	0
ZNF215	82	8	117
LOC102724711	3	33	0
ZNF214	16	12	4
NLRP14	8	0	8
RBMXL2	0	0	0
MIR302E	0	0	0
SYT9	3	4	0
SYT9-AS1	0	0	1
OLFML1	258	0	258
LOC124902806	1	8	1
PPFIBP2	154	0	177
LOC105376535	0	16	0
CYB5R2	2	2	0
LOC105376533	0	0	0
OVCH2	0	0	0
LOC124902626	0	0	0
OR5P2	0	0	0
OR5P3	0	0	0
OR5E1P	0	0	0
LOC283299	0	0	0
LOC107984307	0	0	0
OR10A6	0	0	0
OR10A3	0	0	0
NLRP10	0	0	0
EIF3F	2881	1	2880
CASC23	0	0	0
TUB	0	0	0
LOC124902627	0	0	0
TUB-AS1	0	0	0
RIC3	4	0	4
RIC3-DT	0	0	0
LMO1	173	0	181
LOC105376536	1	9	0
STK33	0	0	0
LOC124900315	0	0	0
TRIM66	302	13064	291
RPL27A	5609	7	18654
SNORA3A	35	0	35
SNORA3B	14	0	14
DENND2B	1034	6	1028
LOC107984308	0	0	0
DENND2B-AS1	0	0	0
AKIP1	1051	1	1058
C11orf16	3	11	0
ASCL3	3	3	0
TMEM9B	797	21	811
TMEM9B-AS1	43	18	60
NRIP3	0	0	0
NRIP3-DT	0	0	0
SCUBE2	5	0	5
MIR5691	0	0	0
KRT8P41	0	0	0
LOC105376542	4	0	4
DENND5A	1441	0	1441
TRL-CAA5-1	0	0	0
TMEM41B	397	0	397
IPO7	6594	2	6592
SNORA23	1	0	1
ZNF143-AS1	68	0	68
ZNF143	380	0	380
WEE1	1238	2	1236
LOC124902827	6	0	6
LOC124902628	0	0	0
SWAP70	923	2	921
LINC02709	13	0	13
SBF2-AS1	52	112	77
SBF2	909	49	1005
LOC105369149	0	0	1
LOC124902802	5	5	0
LOC101928008	0	2	0
ADM	3135	0	3135
CAND1.11	5	0	5
AMPD3	28	2	26
MIR4485	0	0	0
RNF141	594	6	588
IRAG1-AS1	0	0	0
LYVE1	0	0	0
IRAG1	3	0	3
CTR9	1591	1	1590
EIF4G2	15000	9	14991
SNORD97	3	0	3
LOC101928053	10	7	3
ZBED5	1329	0	1329
ZBED5-AS1	62	1	61
LOC124902629	22	0	22
LOC107984309	5	2	5
LOC105379882	0	0	2
LINC02752	0	0	0
LOC105376548	0	0	0
LOC124902630	0	0	0
LOC124902631	0	0	0
GALNT18	0	0	0
LOC124902633	0	0	0
CSNK2A3	0	0	0
LOC107983976	0	0	0
GALNT18-AS1	0	0	0
LOC105376553	0	0	0
MIR4299	0	0	0
MIR8070	0	0	0
LOC107984311	0	0	0
USP47	1500	0	1500
DKK3	4	0	4
LINC02547	0	0	0
LINC02989	0	0	0
MICAL2	297	1	296
MIR6124	0	0	0
LOC124902634	0	0	0
PARVA	1379	3	1376
LOC105376556	0	0	0
TEAD1	3242	4	3238
LOC107984313	0	0	0
TEAD1-AS1	1	1	0
LINC00958	211	0	211
RASSF10-DT	386	0	386
RASSF10	2	1	1
LOC105376558	0	0	0
LOC124902635	0	0	0
BMAL1	538	14	524
LOC124902636	6	6	0
BTBD10	414	0	414
PTH	0	0	0
FAR1	1113	1	1112
LINC02548	0	0	0
LINC02545	0	0	0
LINC02683	0	0	0
SPON1	20	21	0
LOC124902637	0	0	0
RRAS2	925	1	925
COPB1	4407	3	4404
PSMA1	3914	1	3913
PDE3B	311	38	305
LOC107984315	1	1	0
LOC124902639	0	0	0
CYP2R1	204	11	225
CALCA	0	0	0
CALCB	0	0	0
INSC	0	0	0
LINC02751	0	0	0
LOC105376568	0	0	0
LOC105376567	0	0	0
LOC107984370	0	0	0
LOC124902800	0	0	0
LINC02682	0	0	0
SOX6	0	0	0
MIR6073	0	0	0
LOC105376572	0	0	0
LOC124900593	0	0	0
LOC105376571	0	0	0
C11orf58	1427	0	1427
PLEKHA7	290	0	290
SNORD147	0	0	0
OR7E14P	0	0	0
RPS13	4455	3	4452
SNORD14A	7	0	7
SNORD14B	10	0	10
PIK3C2A	910	0	910
NUCB2	881	0	881
LOC124902640	51	0	51
LOC105376576	0	0	0
NCR3LG1	122	1	121
KCNJ11	0	0	0
ABCC8	0	0	0
LOC124902641	0	0	0
USH1C	29	0	29
OTOG	0	0	0
LINC02729	0	0	0
MYOD1	0	0	0
KCNC1	0	0	0
SERGEF	173	0	173
LOC124902642	1	0	2
LOC107984317	0	1	0
TPH1	0	0	0
SAAL1	254	0	254
SAA3P	0	0	0
MRGPRX3	0	0	0
MRGPRX4	0	0	0
SLC25A51P4	0	0	0
SAA2-SAA4	0	0	0
SAA4	0	0	0
SAA2	1	0	1
SAA1	0	0	0
HPS5	0	0	0
GTF2H1	0	0	0
LOC105376577	0	0	0
MIR3159	0	0	0
LDHA	0	0	0
LDHC	0	0	0
LDHAL6A	2	2	0
TSG101	509	1	508
UEVLD	274	0	274
LOC112268073	2	2	0
MISFA	2	47	2
SPTY2D1	274	2	321
LOC105376578	0	2	0
TMEM86A	1	0	2
IGSF22	0	1	0
IGSF22-AS1	0	0	0
PTPN5	0	0	0
MRGPRX1	0	0	0
MRGPRX2	0	0	0
ZDHHC13	240	2	238
CSRP3	0	0	0
CSRP3-AS1	2	0	2
E2F8	149	0	149
NAV2	1086	2	1196
NAV2-AS5	0	0	0
NAV2-AS4	0	0	0
MIR4486	0	0	0
LOC124900310	0	0	0
LEISA1	10	4	10
MIR4694	0	0	0
NAV2-AS3	0	0	0
LOC124902644	2	10	2
NAV2-AS2	0	83	0
LOC107984418	2	2	0
LOC124902643	0	0	0
DBX1	0	0	0
LOC105376583	0	0	0
HTATIP2	1396	1	1395
PRMT3	509	1	508
LOC124902808	1	0	1
LOC105376584	0	0	0
SLC6A5	0	0	0
NELL1	0	0	0
LOC105376585	0	0	0
NELL1-AS1	0	0	0
LOC102723370	0	0	0
LOC105376587	0	0	0
LOC124902645	0	0	0
ANO5	0	0	0
SLC17A6-DT	0	0	0
SLC17A6	0	0	0
LINC01495	0	0	0
LOC105376588	0	0	0
FANCF	102	0	102
GAS2	2	0	2
SVIP	125	0	125
LINC02718	1	0	1
CCDC179	0	0	0
LOC124902646	0	0	0
MIR8054	0	0	0
LINC02726	0	0	0
LOC124902647	0	0	0
LOC107984378	0	0	0
LINC02686	0	0	0
LOC105376595	0	0	0
LUZP2	0	0	0
LINC02699	0	0	0
ANO3	0	0	0
ANO3-AS1	0	0	0
LOC105376598	0	0	0
MUC15	0	0	0
LOC124902648	0	0	0
LOC107987160	0	0	0
SLC5A12	0	0	0
LOC124902649	0	0	0
LOC124902650	0	0	0
FIBIN	0	0	0
BBOX1	0	0	0
BBOX1-AS1	0	0	0
LOC124902651	0	0	0
LOC105376600	0	0	0
LOC105376601	29	0	29
CCDC34	563	1	562
LGR4	2695	4	2695
LGR4-AS1	2	3	3
LIN7C	567	0	567
BDNF-AS	3	104	7
MIR8087	0	0	0
LINC00678	0	0	0
BDNF	232	4	336
LOC124902652	2	0	2
LOC124902653	0	0	0
LOC124902654	0	0	0
LOC124902655	1	0	1
KIF18A	459	0	459
MIR610	0	0	0
METTL15	311	0	311
MIR8068	0	0	0
LINC02758	1	0	1
LOC105376604	1	1	0
LINC02742	0	0	0
LINC02755	9	0	9
LINC02546	0	0	0
LINC01616	0	0	0
KCNA4	2	2	0
LOC107984321	0	0	0
ARL14EP-DT	0	0	0
FSHB	0	0	0
ARL14EP	325	0	325
LOC102723403	0	0	0
MPPED2	0	0	0
MPPED2-AS1	0	0	0
LINC02859	0	0	0
LOC101928338	0	0	0
LOC107984419	0	0	0
DCDC1	1	0	1
LOC124902656	0	0	0
LOC105376611	0	0	0
DNAJC24	206	34	243
IMMP1L	35	50	56
ELP4	345	47	343
ELP4-AS1	1	1	0
PAX6	273	11	307
PAX6-AS1	0	0	0
PAUPAR	0	0	0
LOC107984420	0	0	0
LOC124902657	0	0	0
LOC124902658	1	1	0
LINC03031	3	0	3
LOC105376613	0	0	0
LOC101928385	1	0	1
LOC124902847	0	0	0
RCN1	16821	1	16820
LOC107984322	0	0	0
SNORA88	0	0	0
WT1	0	0	0
WT1-AS	0	0	0
EIF3M	3112	0	3125
CCDC73	10	40	10
PRRG4	186	1	212
QSER1	1423	1	1494
LOC105376615	0	72	0
DEPDC7	263	0	263
TCP11L1	142	0	142
LINC00294	373	0	373
CSTF3	770	6	764
CSTF3-DT	2	0	2
HIPK3	1119	1	1118
KIAA1549L	0	0	0
LOC105376617	0	0	0
C11orf91	6	0	6
CD59	5809	0	5809
FBXO3	458	0	458
FBXO3-DT	0	0	0
LINC02722	4	0	4
LINC02721	0	0	0
LMO2	9	0	9
LOC105376621	0	0	0
LOC124902659	0	0	0
LOC101929918	6	472	8
CAPRIN1	7931	4	8401
LOC124902660	0	0	0
NAT10	1448	0	1448
ABTB2	681	29	652
LOC105376622	0	0	0
CAT	1759	0	1759
ELF5	3	0	3
LINC02707	1	0	1
EHF	126	2	124
LOC102723568	4	2	2
LOC105376625	0	0	0
LOC105376624	2	0	2
APIP	282	2	282
PDHX	1623	2	1623
MIR1343	0	0	0
LOC105376626	14	10	4
LOC105376627	0	0	0
CD44-DT	4	0	4
CD44	3854	3	4635
SNORD164	0	0	0
CD44-AS1	8	791	2
SLC1A2	0	0	0
SLC1A2-AS1	0	0	0
SLC1A2-AS2	0	0	0
PAMR1	0	0	0
FJX1	99	4	95
TRIM44	2626	1	2625
LOC124902661	1	0	1
LDLRAD3	296	2	299
MIR3973	0	0	0
LOC101928510	0	0	0
COMMD9	845	12	838
PRR5L	533	0	533
TRAF6	192	2	190
RAG1	6	0	6
RAG2	2	29	0
IFTAP	27	0	54
LOC107984325	0	0	0
LOC107984326	0	0	0
LOC105376631	0	0	0
LOC105376632	0	0	0
LINC02760	0	0	0
LOC105376634	3	0	3
LINC02759	0	0	0
LOC105376635	0	0	0
LINC01493	0	0	0
LOC101928563	15	0	15
LOC107984362	0	0	0
LOC105376636	0	0	0
LOC105376637	0	0	0
LRRC4C	0	0	0
LINC02741	0	0	0
LINC01499	0	0	0
LOC105376639	0	0	0
LINC02745	0	0	0
LOC105376641	0	0	0
LINC02740	0	0	0
LOC105376642	0	0	0
LOC124902662	0	0	0
HNRNPKP3	0	0	0
API5	1967	0	1967
TTC17	1394	0	1394
HSD17B12	232	0	272
MIR670	0	0	0
LOC124902807	0	0	0
MIR670HG	0	0	0
MIR129-2	0	0	0
LOC107984328	1	41	0
LOC105376644	0	0	0
ALKBH3	201	0	201
SEC14L1P1	11	0	11
ALKBH3-AS1	2	3	0
ACCSL	1	0	2
LOC124902663	0	0	0
C11orf96	0	0	0
ACCS	69	0	69
EXT2	1348	1	1347
ALX4	2	2	0
LOC105376645	0	0	0
LOC105376646	0	0	0
CD82	227	3	312
CD82-AS1	0	86	2
LINC02704	0	0	0
TSPAN18-AS1	0	0	0
TSPAN18	0	4	0
LOC124902664	0	0	0
TP53I11	387	2	389
LOC105376649	0	0	0
LINC02685	0	0	0
LOC105376650	0	0	0
PRDM11	184	2	186
LOC105376652	3	2	5
SYT13	3	0	3
LINC02696	0	0	0
LINC02687	0	0	0
LOC105376654	0	0	0
LOC105376655	0	0	0
LOC105376656	0	0	0
LOC124902665	0	0	0
CHST1	0	0	0
LOC124902666	0	0	0
MIR7154	0	0	0
LOC100507384	0	0	0
LOC124902667	0	0	0
LINC02690	0	0	0
LINC02716	3	0	3
SLC35C1	1327	0	1327
CRY2	303	0	303
MAPK8IP1	46	13	35
LOC124902668	0	0	0
FREY1	3	0	5
PEX16	685	0	685
LARGE2	1	0	1
PHF21A	1430	2	1428
LOC105376661	4	0	4
LOC101928894	0	0	0
LINC02710	0	0	0
LOC124902669	20	0	20
LINC02489	0	0	0
CREB3L1	30	0	30
DGKZ	1180	1	1179
MIR4688	0	0	0
MDK	22	0	22
CHRM4	18	0	18
AMBRA1	819	1	818
MIR3160-1	0	0	0
MIR3160-2	0	0	0
HARBI1	60	112	60
ATG13	1067	0	1179
ARHGAP1	1023	2	1021
ZNF408	306	0	306
F2	0	0	0
CKAP5	2786	1	2785
MIR5582	0	0	0
LOC124900314	0	0	0
SNORD67	0	0	0
LRP4-AS1	3	15	3
LRP4	130	0	145
CSTPP1	391	49	540
LOC124902670	1	0	1
LOC124902671	7	2	5
LOC124902672	17	154	14
ARFGAP2	1362	13	1396
PACSIN3	1927	6	1921
MIR6745	0	0	0
DDB2	1513	58	1463
ACP2	1282	24	1484
NR1H3	889	218	889
MADD	1515	0	1515
MADD-AS1	0	0	0
MYBPC3	5	0	5
SPI1	0	0	0
SLC39A13-AS1	1	1	1
MIR4487	0	0	0
SLC39A13	478	3	476
PSMC3	2476	2	2474
LOC124902673	0	0	0
RAPSN	2	0	2
CELF1	2124	50	2115
PTPMT1	1147	2	1214
KBTBD4	0	28	0
NDUFS3	0	0	0
FAM180B	0	0	0
C1QTNF4	0	0	0
MTCH2	0	0	0
AGBL2	0	0	0
FNBP4	0	0	0
NUP160	143	0	143
PTPRJ	992	1	991
MIR3161	0	0	0
OR4B1	0	0	0
OR4X2	0	0	0
OR4X1	0	0	0
OR4S1	0	0	0
OR4C3	0	0	0
OR4C5	0	0	0
OR4A47	0	0	0
TRIM51G	0	0	0
TRIM49B	0	0	0
TRIM64C	0	0	0
FOLH1	0	0	0
GRM5P1	0	0	0
OR4C13	0	0	0
OR4C12	0	0	0
OR4C45	0	0	0
LOC101060224	0	0	0
LOC124902811	0	0	0
SEPTIN7P11	0	0	0
LINC02750	0	0	0
LOC646813	0	0	0
OR4C46	0	0	0
OR4A5	0	0	0
TRIM48	0	0	0
TRIM51HP	0	0	0
OR4A16	0	0	0
OR4A15	0	0	0
OR4C15	0	0	0
OR4C16	0	0	0
OR4C11	0	0	0
OR4P4	0	0	0
OR4S2	0	0	0
OR4C6	0	0	0
OR5D3	0	0	0
OR5D13	0	0	0
OR5D14	0	0	0
OR5L1	0	0	0
OR5D18	0	0	0
OR5L2	0	0	0
OR5D16	0	0	0
TRIM51	0	0	0
OR5W2	0	0	0
OR5I1	0	0	0
OR10AG1	0	0	0
OR7E5P	0	0	0
OR5F1	0	0	0
OR5AS1	0	0	0
OR8I2	0	0	0
OR8H2	0	0	0
OR8H3	0	0	0
OR8J3	0	0	0
OR8K5	0	0	0
OR5J2	0	0	0
OR8J2	0	0	0
OR5T2	0	0	0
OR5T3	0	0	0
OR5T1	0	0	0
OR8H1	0	0	0
OR8K3	0	0	0
OR8K1	0	0	0
OR8J1	0	0	0
OR8U1	0	0	0
OR5AL1	0	0	0
OR8U3	0	0	0
OR5M9	0	0	0
OR5M3	0	0	0
OR5M8	0	0	0
OR5M11	0	0	0
OR5M10	0	0	0
OR5M1	0	0	0
OR5AP2	0	0	0
OR5AR1	0	0	0
OR9G1	0	0	0
OR9G4	0	0	0
MIR6128	0	0	0
LINC02735	0	0	0
LOC105369310	0	0	0
OR5AK2	0	0	0
OR5AK4P	0	0	0
LOC105369309	0	0	0
LRRC55	0	0	0
APLNR	0	0	0
LOC107984364	0	0	0
TNKS1BP1	2444	3	2441
SSRP1	5458	3	5457
LOC124902831	9	0	9
P2RX3	128	16	114
PRG3	0	0	0
PRG2	64	0	64
SLC43A3	9936	4	9932
RTN4RL2	2491	5	2486
SLC43A1	108	0	108
TIMM10	381	0	381
SMTNL1	0	0	0
UBE2L6	1	0	1
SERPING1	65	0	65
MIR130AHG	3	0	3
MIR130A	0	0	0
YPEL4	5	2	3
CLP1	417	0	417
ZDHHC5	1918	2	1916
MED19	256	4	252
TMX2-CTNND1	2	0	2
TMX2	1266	1	1265
SELENOH	1208	0	1210
BTBD18	0	2	0
CTNND1	10	0	10
LOC107984365	0	0	0
LOC107984331	0	0	0
OR9Q1	0	0	0
OR6Q1	0	0	0
LOC124902674	0	0	0
OR9I1	0	0	0
OR9Q2	0	0	0
OR1S2	0	0	0
OR1S1	0	0	0
OR10Q1	0	0	0
OR10W1	0	0	0
OR5B17	0	0	0
OR5B3	0	0	0
OR5B2	0	0	0
OR5B12	0	0	0
LOC105369313	0	0	0
OR5B21	0	0	0
LPXN	80	19	64
ZFP91	1372	0	1372
ZFP91-CNTF	0	0	0
CNTF	2	0	2
GLYAT	0	0	0
GLYATL2	3	0	3
GLYATL1	0	0	0
GLYATL1-AS1	0	0	0
GLYATL1B	0	0	0
LOC105369315	0	0	0
FAM111B	526	0	526
FAM111A-DT	34	0	36
FAM111A	177	2	177
LOC124902601	1	34	1
DTX4	912	2	1015
LOC124902675	4	74	1
MPEG1	0	0	0
OR5AN1	0	0	0
OR5A2	0	0	0
OR5A1	0	0	0
OR4D6	0	0	0
OR4D10	0	0	0
LOC124902818	0	0	0
OR4D11	0	0	0
OR4D9	0	0	0
LOC102723575	0	1	0
TRV-TAC1-1	0	0	0
TRV-TAC2-1	0	0	0
TRR-TCT3-2	0	0	0
TRL-TAA3-1	0	0	0
TRK-TTT5-1	0	0	0
TRF-GAA1-3	2	2	0
LINC02739	9	0	10
TRK-TTT3-4	0	0	0
TRF-GAA2-1	0	0	0
OSBP	1248	5	1243
MIR3162	0	0	0
LOC101927226	10	0	12
PATL1	1326	3	1325
PATL1-DT	2	0	2
OR10V1	0	0	0
OR10V2P	0	0	0
STX3	359	0	359
MRPL16	1386	1	1385
CBLIF	0	0	0
TCN1	3	0	3
OOSP3	1	0	1
OOSP1	0	0	0
OOSP4A	0	0	0
OOSP4B	0	0	0
OOSP2	0	0	0
MS4A3	0	0	0
MS4A2	0	0	0
LINC02705	0	0	0
MS4A6A	0	0	0
MS4A4E	0	0	0
MIR6503	0	0	0
MS4A4A	0	0	0
MS4A6E	0	0	0
MS4A7	0	0	0
MS4A14	0	0	0
MS4A5	0	0	0
MS4A1	0	0	0
MS4A12	0	0	0
MS4A13	0	0	0
LOC105369321	0	0	0
LINC00301	0	0	0
MS4A8	0	0	0
MS4A18	0	0	0
MS4A15	0	0	0
MS4A10	0	0	0
LOC105369322	1	0	1
CCDC86-AS1	0	134	0
CCDC86	1085	2	1309
PTGDR2	8	0	8
ZP1	1	0	1
PRPF19	3290	1	3289
PRPF19-DT	4	0	4
TMEM109-DT	0	26	0
TMEM109	1806	1	1831
LOC124902676	10	10	5
TMEM132A	2434	3	2491
SLC15A3	81	56	80
CD6	0	0	0
LOC105369326	0	0	0
LOC105369325	0	0	0
LINC02954	0	0	0
LOC124902677	0	0	0
CD5	0	0	0
VPS37C	316	0	316
LOC124902678	0	0	0
PGA3	0	0	0
PGA4	0	0	0
PGA5	0	0	0
VWCE	84	0	84
DDB1	7404	3	7407
TKFC	2147	808	2163
CYB561A3	1174	39	1961
TMEM138	1284	1	1291
TMEM216	67	0	68
CPSF7	2308	9	2300
SDHAF2	908	0	908
SAXO4	22	0	22
LOC105369329	0	0	0
MIR4488	0	0	0
LRRC10B	0	0	0
SYT7	954	0	954
LOC105369331	7	0	7
LOC101927495	1	0	1
RPLP0P2	0	0	0
DAGLA	213	0	213
MYRF	38	26	12
MYRF-AS1	0	0	0
TMEM258	221	0	221
MIR611	0	0	0
FEN1	3783	31	3753
FADS1	3013	81	3240
MIR1908	0	0	0
FADS2	899	236	971
LOC124902680	38	0	38
LOC124902679	1	0	1
FADS3	2212	2	2210
MIR6746	0	0	0
RAB3IL1	308	0	308
BEST1	7	22445	18
LOC107984334	0	0	2
FTH1	0	36	71370
LOC399900	36	6637	19
LINC02733	7	7	0
LOC124902681	0	0	0
INCENP	1106	1	1105
SCGB1D1	0	0	0
SCGB2A1	0	0	0
SCGB1D2	0	0	0
SCGB2A2	0	0	0
SCGB1D4	0	0	0
ASRGL1	99	0	99
LOC124902682	1	1	0
LOC102723765	0	0	1
SCGB1A1	0	1	0
AHNAK	8244	1	8243
EEF1G	34277	13	34264
MIR6747	0	0	0
TUT1	716	51	665
MTA2	3027	20	3007
EML3	1139	11	1139
ROM1	35	1	45
B3GAT3	726	0	726
GANAB	4723	0	4723
INTS5	689	0	689
LBHD1	73	159	152
C11orf98	0	0	3
CSKMT	20	85	12
SNORA57	0	0	0
UQCC3	11	50	164
UBXN1	1330	0	1330
LRRN4CL	3	0	3
HNRNPUL2-BSCL2	0	0	0
BSCL2	9	0	17
GNG3	27	82	0
HNRNPUL2	268	0	268
TTC9C	376	0	376
ZBTB3	39	0	39
POLR2G	459	0	459
TMEM223	213	138	220
TAF6L	315	45	299
TMEM179B	238	19	329
MIR6748	0	0	0
NXF1	1175	1	1174
MIR6514	0	0	0
STX5	453	1	452
STX5-DT	0	165	0
TEX54	0	0	0
WDR74	342	2	505
RNU2-2	0	0	0
SNHG1	1065	0	1065
SNORD22	27	0	27
SNORD31	49	0	49
SNORD30	0	0	0
SNORD29	0	0	0
LOC124900306	37	0	37
SNORD28	11	0	11
SNORD27	2	0	2
SNORD26	0	0	0
SNORD25	0	0	0
SLC3A2	20403	7	20396
CHRM1	2	0	4
CHRM1-AS1	0	2	0
LOC105369333	0	0	0
SLC22A6	0	0	0
SLC22A8	0	0	0
SLC22A24	0	0	0
SLC22A25	0	0	0
LOC105369334	0	0	0
SLC22A10	0	0	0
SLC22A9	0	0	0
PLAAT5	0	0	0
LOC124902684	0	0	0
LGALS12	0	0	0
PLAAT4	268	0	268
PLAAT2	99	0	99
PLAAT3	429	0	430
LOC105369335	1	2	0
LNCROPM	1	72	0
ATL3	1124	1	1194
RTN3	2431	2	2429
ZFTA	429	0	429
SPINDOC	356	0	356
MARK2	492	0	492
RCOR2	8	0	8
NAA40	435	0	435
COX8A	1470	3	1467
OTUB1	986	1	985
MACROD1	786	8	791
LOC124902685	0	0	0
FLRT1	11	22	0
LOC105369339	14	2	14
LOC124902686	30	1	45
STIP1	4086	20	4082
FERMT3	6	13	6
TRPT1	271	0	285
NUDT22	255	7	417
LOC124902687	3	169	5
DNAJC4	191	5	186
VEGFB	744	0	744
FKBP2	0	0	0
LOC114841035	0	0	0
PPP1R14B	1586	21	1577
PPP1R14B-AS1	92	55	49
PLCB3	1079	6	1073
BAD	262	6	259
GPR137	639	2	640
KCNK4	1	0	1
KCNK4-CATSPERZ	0	0	0
CATSPERZ	0	0	0
ESRRA	1179	80	1340
TRMT112	1163	168	1241
PRDX5	3246	1	3250
LOC102723878	0	0	0
CCDC88B	188	2	186
MIR7155	0	0	0
RPS6KA4	647	0	647
MIR1237	0	0	0
LOC124902688	0	0	0
LINC02723	0	0	0
LOC105369341	0	0	0
LOC124902689	0	0	0
LINC02724	0	0	0
LOC124902690	0	0	0
SLC22A11	0	0	0
SLC22A12	0	0	0
NRXN2	0	0	0
NRXN2-AS1	0	0	0
RASGRP2	0	0	0
PYGM	3	0	3
SF1	2834	2	2832
MAP4K2	654	0	654
MEN1	871	1	870
CDC42BPG	145	1	144
EHD1	833	10	823
MIR10392	0	0	0
MIR194-2HG	0	0	0
MIR192	0	0	0
MIR194-2	0	0	0
ATG2A	874	0	874
MIR6750	0	0	0
MIR6749	0	0	0
PPP2R5B	402	0	402
GPHA2	0	0	0
MAJIN	0	0	0
BATF2	4	0	4
ARL2-SNX15	0	0	0
ARL2	202	1	201
MIR6879	0	0	0
SNX15	0	0	0
SAC3D1	837	0	837
NAALADL1	5	5	0
CDCA5	864	4	863
ZFPL1	335	3	336
CATSPERH	1	2	0
VPS51	977	2	975
TM7SF2	61	0	61
ZNHIT2	248	5	243
FAU	2632	0	2634
MRPL49	674	8	673
SYVN1	586	0	591
MIR6751	0	0	0
SPDYC	3	0	3
CAPN1-AS1	16	24	30
CAPN1	2210	19	2229
SLC22A20P	6	0	6
POLA2	652	28	972
LOC105369344	67	342	73
CDC42EP2	498	0	498
LOC124902691	17	0	17
DPF2	1078	9	1069
TIGD3	48	8	40
FRMD8	1117	67	1115
SLC25A45	201	3	263
NEAT1	19089	9	19080
MIR612	0	0	0
FAUP4	170	0	170
ENEMAL	3	0	3
LINC02736	0	0	0
MALAT1	46	4	6447
TALAM1	0	6541	1
MASCRNA	0	0	0
SCYL1	2058	12	2186
LTBP3	2153	129	2164
ZNRD2-DT	24	5	22
ZNRD2	307	0	310
FAM89B	531	1	530
EHBP1L1	2019	5	2330
LOC124902692	0	316	0
KCNK7	7	0	7
MAP3K11	1381	0	1381
PCNX3	1162	1	1161
MIR4690	0	0	0
SIPA1	1448	3	1445
MIR4489	4	0	4
RELA	1595	11	1596
RELA-DT	23	6	29
KAT5	297	343	565
RNASEH2C	722	279	1054
AP5B1	1403	1	1402
OVOL1	0	0	0
LOC124902693	0	0	0
OVOL1-AS1	0	0	0
SNX32	0	0	0
CFL1	9024	8	9019
MUS81	581	6	582
EFEMP2	31	5	30
CTSW	3	4	0
FIBP	1096	0	1097
CCDC85B	1127	5	1122
FOSL1	249	9	240
C11orf68	337	4	333
DRAP1	1015	2	1013
LOC105369350	0	0	0
TSGA10IP	0	0	0
SART1	1048	5	1043
EIF1AD	467	2	465
BANF1	2007	1	2006
CST6	0	0	0
CATSPER1	3	0	3
GAL3ST3	0	0	0
SF3B2	3383	2	3381
SNORD13F	0	0	0
PACS1	1286	2	1284
LOC124902833	0	0	0
LOC105369354	6	0	6
KLC2	579	5	1327
LOC124902694	0	61	1
KLC2-AS1	10	641	3
KLC2-AS2	1	77	0
RAB1B	1920	1	2754
LOC107984340	3	838	0
CNIH2	25	0	25
YIF1A	1368	0	1369
TMEM151A	1	0	1
CD248	6	2	4
RIN1	1005	1	1004
BRMS1	792	4	788
B4GAT1	626	0	627
B4GAT1-DT	0	229	1
TRS-GCT3-1	0	0	0
SLC29A2	649	6	872
NPAS4	0	0	0
LOC124900311	0	0	0
MRPL11	734	0	736
PELI3	233	6	291
DPP3-DT	16	73	9
DPP3	962	1	963
BBS1	273	10	311
ZDHHC24	678	46	680
ACTN3	1	1	0
CTSF	455	0	455
CCDC87	6	0	6
CCS	341	0	341
RBM14-RBM4	0	0	0
RBM14	1201	0	1201
RBM4	339	43	470
RBM4B	163	142	195
SPTBN2	1357	6	1351
TOP6BL	336	29	307
RCE1	358	42	317
PC	5005	4	5017
LRFN4	2133	63	2085
MIR3163	0	0	0
C11orf86	1182	1	1181
SYT12	1778	1	1777
MIR6860	0	0	0
RHOD	344	0	344
LOC107984341	0	0	0
KDM2A	774	1	773
LOC124902695	0	0	0
LOC124902839	0	0	0
GRK2	1083	0	1083
ANKRD13D	364	0	364
SSH3	425	0	425
LOC100130987	32	0	33
POLD4	322	1	322
CLCF1	134	7	127
RAD9A	282	301	333
PPP1CA	1971	54	2269
TBC1D10C	18	18	0
CARNS1	15	12	3
RPS6KB2	1450	1	1454
CORO1B	1840	4	1836
PTPRCAP	0	0	0
GPR152	0	0	0
CABP4	2	0	2
TMEM134	420	4	416
AIP	453	1	452
MIR6752	0	0	0
PITPNM1	1535	4	1531
CDK2AP2	584	0	584
CABP2	0	0	0
GSTP1	0	0	0
NDUFV1-DT	0	0	0
NDUFV1	2320	3	2317
DOC2GP	3	0	3
LOC124902696	2	0	2
NUDT8	81	0	81
TBX10	0	0	0
ACY3	0	0	0
ALDH3B2	0	0	0
LOC105369358	0	0	0
FAM86C2P	123	0	123
LOC112268076	0	0	0
LINC02754	0	0	0
LOC124900601	1	0	1
LOC124902697	0	0	0
UNC93B1	642	0	642
ALDH3B1	2348	2	2346
GLTC1	41	41	0
NDUFS8	1107	0	1107
MIR7113	1	0	1
MIR4691	3	0	3
TCIRG1	1392	158	1411
MIR6753	1	0	1
CHKA	366	21	522
CHKA-DT	6	0	6
KMT5B	251	0	251
C11orf24	562	0	562
LOC105369363	7	0	7
LRP5	2008	3	2005
LOC124900302	11	0	11
LOC124902698	0	0	0
PPP6R3	1099	0	1099
LOC107984343	0	271	0
GAL	267	2	536
TESMIN	56	0	56
CPT1A	1313	0	1313
LOC124902699	4	4	0
LOC124902700	0	0	0
LINC02701	3	2	1
MRPL21	298	0	298
IGHMBP2	326	0	326
MRGPRD	0	0	0
MRGPRF	0	0	0
MRGPRF-AS1	0	0	0
LOC124902701	0	0	0
LOC124902702	0	0	0
TPCN2	224	0	224
MIR3164	1	0	1
LOC338694	0	0	0
SMIM38	13	0	13
LOC105369366	0	0	0
LOC105369367	2	0	2
LOC105369368	0	0	0
MYEOV	19	0	19
LOC105369370	7	0	7
LINC02953	0	0	0
LINC02952	0	0	0
LOC124902703	0	0	0
LINC02747	0	0	0
LINC01488	0	0	0
CCND1	1990	3	1989
LOC124902704	1	0	1
LTO1	147	0	149
FGF19	0	0	0
FGF4	0	0	0
FGF3	0	0	0
LOC107984368	0	0	0
ANO1	0	0	0
LINC02753	0	0	0
LOC105369371	0	0	0
LINC02584	0	0	0
LOC101928473	0	0	0
FADD	574	0	574
LOC124902705	4	4	0
PPFIA1	0	0	0
MIR548K	0	0	0
LOC107984346	0	0	0
LOC105369373	0	0	0
CTTN-DT	0	0	0
CTTN	0	0	0
SHANK2	0	0	0
SHANK2-AS1	0	0	0
SHANK2-AS3	0	0	0
MIR3664	0	0	0
LOC124902706	0	0	0
ACTE1P	1	0	1
DHCR7	1332	13	1331
DHCR7-DT	3	0	13
NADSYN1	667	0	667
MIR6754	0	0	0
KRTAP5-7	0	0	0
KRTAP5-8	0	0	0
KRTAP5-9	0	0	0
KRTAP5-10	0	0	0
KRTAP5-11	0	0	0
FAM86C1P	16	0	50
ALG1L9P	5	39	0
XNDC1N-ZNF705EP-ALG1L9P	23	18	5
ZNF705EP	5	4	1
DEFB108B	0	0	0
XNDC1N	6	0	6
DEFB131B	0	1	0
RNF121	243	0	243
IL18BP	102	597	107
NUMA1	1433	64	2753
NUMA1-AS1	4	776	10
MIR3165	0	0	0
LRTOMT	2	167	0
LRRC51	16	4	12
LAMTOR1	622	1	621
TOMT	0	0	0
ANAPC15	24	2	190
FOLR3	5	0	5
FOLR1-AS1	0	1	0
FOLR1	6969	1	6969
FOLR2	4	2	2
INPPL1	6396	5	6393
PHOX2A	0	2	0
CLPB	632	4	802
LOC124902708	1	175	0
LOC112268077	0	0	0
LOC105369376	3	0	3
LINC01537	43	25	18
PDE2A	2521	6	2864
PDE2A-AS2	0	348	1
LOC105369377	0	0	0
MIR139	0	0	0
PDE2A-AS1	0	0	0
ARAP1	1505	1	1632
ARAP1-AS2	0	128	0
STARD10	86	3	83
MIR4692	0	0	0
LOC107984421	25	0	25
ATG16L2	347	79	357
FCHSD2	267	17	339
IUR1	0	0	0
LOC124902709	7	0	7
P2RY2	73	0	73
LOC105369382	0	0	0
P2RY6	380	1	379
ARHGEF17-AS1	2	32	9
ARHGEF17	717	7	749
LOC124902710	4	0	4
RELT	486	0	487
FAM168A	940	39	902
PLEKHB1	2	2	0
RAB6A	1570	7	1567
LOC124902711	6	1	9
MRPL48	467	7	460
COA4	1198	0	1209
PAAF1	364	11	364
DNAJB13	18	11	7
UCP2	3611	2	3609
UCP3	53	0	53
C2CD3	558	3	558
PPME1	1849	0	1852
LOC105369383	2	0	2
P4HA3	119	3	128
LOC124902824	7	6	1
P4HA3-AS1	0	12	0
LOC112268078	0	8	0
PGM2L1	339	0	347
MIR548AL	0	0	0
KCNE3	0	0	0
LOC107984356	0	0	0
LIPT2	19	8	39
LIPT2-AS1	31	20	39
LOC124902712	0	0	0
LOC105369386	1	1	0
POLD3	1199	0	1199
CHRDL2	26	1	25
LOC124902713	7	7	0
LOC124902714	0	0	0
LOC124900308	0	0	0
MIR4696	0	0	0
RNF169	588	32	999
LOC124902715	0	0	0
XRRA1	93	419	117
LOC107984352	0	0	0
SPCS2	1184	0	1184
NEU3	455	0	455
OR2AT4	0	0	0
LOC107984358	0	0	0
SLCO2B1	1	0	1
TPBGL-AS1	0	0	0
LOC124902716	0	0	0
LOC124902717	0	0	0
TPBGL	0	0	0
ARRB1	480	0	480
MIR326	0	0	0
RPS3	20943	11	20932
SNORD15A	0	0	0
SNORD15B	3	0	3
KLHL35	142	2	140
GDPD5	583	2	581
LOC105369389	0	0	0
SERPINH1	8156	8	8148
MAP6-AS1	0	0	0
MAP6	0	0	0
LOC105369392	0	0	0
MOGAT2	0	0	0
DGAT2-DT	0	0	0
DGAT2	304	0	304
UVRAG-DT	0	0	0
UVRAG	712	2	710
WNT11	16	8	12
LOC112268079	0	0	8
LINC02761	0	4	0
TRP-AGG2-4	0	0	0
TRP-TGG2-1	0	0	0
LOC105369395	0	0	0
THAP12	551	0	551
GVQW3	117	0	117
EMSY-DT	82	0	82
EMSY	624	0	624
LINC02757	3	0	3
LRRC32-AS1	1	6	0
LRRC32	36	0	41
GUCY2EP	119	0	119
LOC105369397	18	4	14
LOC124902719	86	0	86
TSKU	2120	7	2115
TSKU-AS1	10	0	12
LOC124902720	1	0	1
ACER3	355	0	363
ACER3-AS1	0	8	0
B3GNT6	0	0	0
LOC105369399	0	0	0
LOC105369400	0	0	0
CAPN5	57	0	57
OMP	1	0	1
MYO7A	37	0	37
GDPD4	0	0	0
PAK1	521	0	521
LOC124902722	0	0	0
LINC03030	2	2	0
AQP11	11	11	0
CLNS1A	1246	0	1246
LOC107984369	0	0	0
RSF1	977	43	981
RSF1-IT1	0	0	0
AAMDC	83	130	124
INTS4	379	3	500
NDUFC2-KCTD14	0	0	0
KCTD14	0	0	0
LOC124902723	1	0	1
THRSP	1	0	2
NDUFC2	50	1	50
LOC105369401	0	0	0
ALG8	1150	0	1150
KCTD21-AS1	19	85	19
KCTD21	210	0	295
USP35	213	9	234
GAB2	145	37	138
LOC105369402	0	0	0
LINC02728	7	0	7
NARS2	435	0	435
LOC105369403	0	0	0
NARS2-AS1	0	0	0
TENM4	14	0	14
LOC124902724	0	0	0
TENM4-AS1	0	0	0
MIR708	0	0	0
MIR5579	0	0	0
LOC105369405	0	0	0
LOC105369406	0	0	0
LOC105369408	0	0	0
LOC105369409	0	0	0
LINC02720	0	0	0
MIR4300HG	0	0	0
MIR4300	0	0	0
LOC105369410	0	0	0
FAM181B	0	0	0
LINC02734	2	2	0
PRCP	2516	0	2516
LOC124902840	0	0	0
LOC124902602	0	0	0
DDIAS	592	0	593
RAB30	757	1	756
SNORA70E	0	0	0
RAB30-DT	10	0	45
LINC02951	7	42	0
LOC124902725	0	0	0
LOC124902726	0	0	0
PCF11	756	65	932
ANKRD42-DT	44	153	45
PCF11-AS1	1	33	55
ANKRD42	243	242	223
CCDC90B	316	0	572
CCDC90B-AS1	1	34	1
LOC105369420	1	0	1
DLG2	159	1	159
LOC107984425	31	1	30
DLG2-AS2	3	0	4
LOC124902729	0	0	0
LOC105369416	0	0	0
LOC124902727	0	0	0
TMEM126B	963	2	961
TMEM126A	443	15	428
CREBZF	2383	0	2383
CCDC89	0	0	0
SYTL2	17	0	17
CCDC83	1	1	0
PICALM	3310	1	3309
LOC124902730	19	0	19
LOC124902731	3	0	3
LOC124902829	0	0	0
LINC02695	1	0	1
EED	739	1	738
MIR6755	0	0	0
HIKESHI	405	0	405
LOC105369421	1	1	0
CCDC81	2	0	2
ME3	403	6	397
LOC102724775	1	0	1
PRSS23	9656	199	9760
OR7E2P	0	0	0
PRSS23-AS1	9	1	8
FZD4	1167	116	1352
FZD4-DT	11	0	11
LOC105369422	5	1	4
TMEM135	886	0	886
LOC107984361	0	0	0
LINC02711	0	0	0
RAB38	0	0	0
MIR3166	0	0	0
CTSC	3759	2	3757
LOC101929174	13	0	13
GRM5-AS1	0	0	0
GRM5	0	0	0
TYR	0	0	0
NOX4	1	0	1
FOLH1B	0	0	0
TRIM77	0	0	0
TRIM49	0	0	0
TRIM64GP	0	0	0
TRIM64B	0	0	0
TRIM49D1	0	0	0
TRIM49D2	0	0	0
TRIM64	0	0	0
TRIM51EP	0	0	0
TRIM53AP	0	0	0
TRIM49C	0	0	0
UBTFL1	0	0	0
LOC124900309	0	0	0
NAALAD2	0	0	0
CHORDC1	0	0	0
LOC124902812	0	0	0
DISC1FP1	0	0	0
MIR4490	0	0	0
MIR1261	0	0	0
LINC02748	0	0	0
LOC107984371	0	0	0
LINC02756	0	0	0
LOC105369429	0	0	0
FAT3	0	0	0
LOC124902732	0	0	0
LINC02746	0	0	0
LOC124902733	0	0	0
MTNR1B	0	0	0
SLC36A4	341	0	341
LOC112268080	0	0	0
DEUP1	0	0	0
LOC124902734	0	0	0
SMCO4	363	0	363
CEP295	1258	138	1240
SCARNA9	0	0	0
TAF1D	1913	27	1997
SNORA25	3	0	3
SNORA32	47	0	47
SNORD6	27	0	27
SNORA1	21	0	21
SNORA8	48	0	48
SNORD5	0	0	0
SNORA18	0	0	0
MIR1304	17	0	17
SNORA40	203	1	202
C11orf54	517	2	515
MED17	932	0	932
LOC124902836	0	0	0
VSTM5	0	0	0
HEPHL1	5	4	4
LOC124902735	0	0	3
PANX1	344	0	344
LOC105369435	1	0	1
IZUMO1R	0	0	0
GPR83	2	0	2
MRE11	1025	0	1025
MIR548L	0	0	0
ANKRD49	323	0	323
C11orf97	0	0	0
FUT4	9	0	15
PIWIL4-AS1	0	6	0
PIWIL4	2	0	2
LINC02700	0	0	0
AMOTL1	964	1	963
CWC15	708	0	708
KDM4D	52	0	52
KDM4E	0	0	0
LOC107984375	0	0	0
KDM4F	0	0	0
SRSF8	597	2	595
ENDOD1	422	0	422
LNCRNA-IUR	0	0	0
SESN3	852	4	852
LOC100129203	11	0	15
LOC105369439	0	0	0
LOC105369440	0	0	0
LOC105369441	0	0	0
LOC107984377	0	0	0
FAM76B	347	0	348
CEP57	1558	28	1531
MTMR2	1297	32	1265
MAML2	98	0	99
MIR1260B	0	1	0
CCDC82	343	0	343
JRKL	258	0	258
JRKL-AS1	0	0	0
LINC02737	0	0	0
LOC105369448	0	0	0
LINC02553	0	0	0
LOC105369450	0	0	0
LOC105369451	0	0	0
LOC105369452	0	0	0
LOC105369453	0	0	0
LINC02713	0	0	0
LOC105369455	0	0	0
CNTN5	0	0	0
LOC107984431	0	0	0
LOC105369456	0	0	0
LOC124902736	0	0	0
ARHGAP42-AS1	2	15	4
ARHGAP42	313	3	327
LOC105369457	0	0	0
SNORD13I	0	0	0
PGR	0	0	0
PGR-AS1	0	0	0
LOC105369458	0	0	0
LOC124902737	0	0	0
TRPC6	0	0	0
MIR3920	0	0	0
LOC124902738	0	0	0
ANGPTL5	4	0	4
CEP126	62	5	57
CFAP300	1	0	1
LOC124902830	0	0	0
YAP1-DT	15	18	20
YAP1	2306	22	2307
LOC105369460	5	0	5
LOC124902739	4	0	4
BIRC3	210	0	210
BIRC2	707	0	707
TMEM123	2885	0	2888
TMEM123-DT	7	5	5
LOC124902740	0	0	0
LOC102723838	0	0	0
MMP7	6	0	6
MMP20	0	0	0
MMP20-AS1	0	0	0
MMP27	0	0	0
MMP8	0	0	0
MMP10	0	0	0
WTAPP1	0	0	0
MMP1	0	0	0
MMP3	0	0	0
LOC124902741	0	1	0
MMP12	0	0	1
MMP13	0	0	0
DCUN1D5	651	0	651
DYNC2H1	130	0	130
LOC105369463	0	0	0
LOC102723862	0	0	0
MIR4693	0	0	0
PDGFDDN	0	0	0
PDGFD	0	0	0
DDI1	0	0	0
LOC102723879	0	0	0
LINC02552	0	0	0
LOC105369466	0	0	0
LOC107984380	0	0	0
CASP12	0	0	0
CASP4LP	0	0	0
CASP4	4	0	60
LOC124902813	0	56	0
CASP5	1	0	1
LOC124902742	2	3	1
CASP1	468	1	469
CARD16	172	0	172
LOC107984381	0	0	0
CASP1P2	2	0	2
CARD17P	2	0	2
CARD18	0	0	0
LOC105369468	0	0	0
LOC105369469	0	0	0
GRIA4	1	3	0
LOC124902743	2	0	3
MSANTD4	235	0	235
KBTBD3	41	0	41
AASDHPPT	758	0	758
LINC02719	0	0	0
LOC101928535	0	0	0
LOC105369474	0	0	0
LOC124902744	0	0	0
GUCY1A2	118	3	115
LOC112268081	0	0	0
LOC105369475	0	0	0
LOC105369477	9	0	9
LOC124902745	0	0	0
CWF19L2	222	0	222
ALKBH8	81	0	81
ELMOD1	0	0	0
SLN	0	0	0
SLC35F2	690	0	690
LOC124902746	2	0	2
LOC124902747	0	0	0
RAB39A	0	0	0
CUL5	350	7	343
LOC124902748	0	0	0
ACAT1	1651	1	1650
NPAT	358	0	358
ATM	505	2	551
C11orf65	6	52	2
POGLUT3	576	2	620
LOC124902749	0	44	0
LOC112267909	7	0	9
EXPH5	82	0	82
DDX10	376	0	377
LOC124902750	0	1	0
C11orf87	0	0	0
LINC02715	0	0	0
LOC105369483	0	0	0
LOC105369484	0	0	0
ZC3H12C	223	0	223
RDX	2224	0	2224
LOC124902752	0	0	0
LINC02732	73	0	73
LOC107984385	2	2	0
FDX1	332	1	331
ARHGAP20	0	0	0
LOC124902753	0	0	0
LOC124902754	0	0	0
LOC105369488	0	0	0
LOC105369489	0	0	0
LINC02550	0	0	0
LOC102723966	0	0	0
POU2AF2	3	0	3
COLCA1	0	0	0
POU2AF3	0	0	0
LOC105369491	0	0	0
LOC124902755	0	0	0
MIR4491	0	0	0
POU2AF1	0	0	0
BTG4	0	0	0
LOC100132078	0	0	0
LOC107984386	0	0	0
LOC644277	0	0	0
MIR34BHG	0	0	0
MIR34B	0	0	0
MIR34C	0	0	0
HOATZ	0	0	0
LAYN	0	0	0
SIK2	1244	37	1357
PPP2R1B	1602	154	1598
ALG9	572	2	570
LOC124902756	3	2	1
FDXACB1	35	10	35
CFAP68	101	0	111
CRYAB	51	0	51
HSPB2	2	0	2
HSPB2-C11orf52	0	0	0
C11orf52	0	0	0
DIXDC1	388	2	387
DLAT	1593	0	1630
PIH1D2	29	37	29
NKAPD1	662	70	621
TIMM8B	414	16	427
SDHD	1266	0	1266
IL18	702	0	703
TEX12-AS1	0	0	0
TEX12	0	0	0
BCO2	101	0	101
PTS	430	0	430
PLET1	0	1	0
LOC100132686	0	0	1
LINC02762	3	0	3
LOC107984388	0	0	0
LOC107984389	0	0	0
LINC02763	0	0	0
LINC02764	0	0	0
LOC124902757	0	0	0
LOC105369496	0	0	0
LOC124902801	0	0	0
LOC105369498	0	0	0
NCAM1-AS2	0	0	0
NCAM1	1	0	1
NCAM1-AS1	0	0	0
TTC12-DT	0	0	0
TTC12	168	0	168
ANKK1	1	0	1
DRD2	0	0	0
MIR4301	0	0	0
LOC105369501	0	0	0
LOC107984390	0	0	0
LOC124902758	0	0	0
TMPRSS5	3	0	3
ZW10	233	0	233
CLDN25	0	0	0
USP28	660	0	660
LOC124902821	0	0	0
HTR3B	0	0	0
HTR3A	3	0	3
LOC124902760	0	0	0
LOC124902759	0	0	0
LOC124902761	0	0	0
ZBTB16	1	0	1
NNMT	1456	0	1456
LOC101928940	0	0	0
LOC107984391	0	0	0
C11orf71	67	8	62
RBM7	358	0	361
REXO2	913	0	913
NXPE2	1	0	1
NXPE1	0	0	0
LOC124902825	0	0	0
NXPE4	0	0	0
LOC105369506	0	0	0
CADM1	407	0	407
LOC105369509	0	0	0
CADM1-AS1	0	0	0
LOC105369511	0	0	0
LOC124902826	0	0	0
LINC02698	0	0	0
LOC101928985	0	0	0
LINC00900	0	0	0
LOC107987165	0	0	0
LINC02703	0	0	0
LOC105369513	0	0	0
LOC107984393	0	0	0
LOC107987166	0	0	0
LOC124902834	0	0	0
LINC02151	0	0	0
LOC107984372	0	0	0
LINC02702	0	0	0
BUD13	202	0	202
BUD13-DT	1	1	2
ZPR1	370	1	371
APOA5	0	0	0
LNC-RHL1	0	0	0
APOA4	0	0	0
APOC3	1	0	1
APOA1	0	0	0
APOA1-AS	0	0	0
SIK3	661	0	661
LOC124902763	0	0	0
PAFAH1B2	884	0	884
SIDT2	587	11	718
LOC100652768	30	166	14
TAGLN	40	501	57
PCSK7	491	19	984
RNF214	188	26	198
LOC124900313	2	0	2
BACE1	284	77	278
BACE1-AS	7	27	15
CEP164	504	0	504
DSCAML1	0	0	0
LOC105369515	0	0	0
FXYD6-FXYD2	0	0	0
FXYD2	0	0	0
FXYD6-AS1	0	0	0
FXYD6	0	0	0
TMPRSS13	0	0	0
IL10RA	0	0	0
SMIM35	0	0	0
TMPRSS4	0	0	0
LOC105369517	0	0	0
SCN4B	0	0	0
SCN2B	2	0	2
JAML	0	0	0
MPZL3	55	0	55
MPZL2	371	1	370
CD3E	0	0	0
CD3D	0	0	0
CD3G	0	0	0
UBE4A	600	0	664
LOC100131626	1	64	1
ATP5MG	1238	0	1238
KMT2A	874	0	938
TTC36-AS1	0	65	0
TTC36	0	0	1
TMEM25	6	0	6
IFT46	41	6	49
LOC124902764	0	9	0
ARCN1	1989	2	2003
LOC124902765	2	10	3
PHLDB1	500	0	637
MIR6716	0	0	0
TREH	0	137	0
LOC105369519	0	0	0
LOC124902766	433	17	416
DDX6	1470	12	1458
CXCR5	0	1283	0
LOC124902767	4	0	4
BCL9L	2055	7	3333
MIR4492	3	3	0
UPK2	3	0	5
FOXR1	0	0	0
LOC124902768	1	0	1
CENATAC-DT	0	0	0
CENATAC	0	0	0
RPL23AP64	0	0	0
RPS25	0	0	0
TRAPPC4	0	0	0
SLC37A4	105	0	105
HYOU1	0	0	0
HYOU1-AS1	0	0	0
LOC124902769	2	0	2
VPS11	0	0	0
HMBS	638	1	637
DPAGT1	704	6	698
H2AX	0	0	0
C2CD2L	175	1	174
HINFP	228	1	227
ABCG4	1	0	1
NLRX1	624	0	624
NHERF4	0	0	0
DRC12	16	0	16
SNORD150	0	0	0
CBL	576	6	570
MCAM	5894	1	5893
MIR6756	0	0	0
RNF26	1015	2	1013
C1QTNF5	0	0	0
MFRP	0	0	0
USP2	214	2	214
USP2-AS1	15	0	22
THY1	2	7	0
LOC124902770	0	0	0
LOC107984398	0	0	0
LOC105369520	0	0	0
NECTIN1	249	0	249
LOC124900303	0	0	0
NECTIN1-AS1	0	0	0
NECTIN1-DT	3	0	3
LOC124902771	0	0	0
LOC124902772	0	0	0
LOC105369526	0	0	0
LINC02744	0	0	0
LOC105369527	0	0	0
LOC105378956	0	0	0
TRIM29	1975	5	2203
LOC105369529	0	233	0
LOC107984399	0	0	0
LOC124902773	0	0	0
LOC105369530	0	0	0
OAF	1407	3	1404
POU2F3	44	0	44
POU2F3-AS1	0	0	0
LOC105369531	0	0	0
TLCD5	3	0	3
ARHGEF12	1654	0	1654
GRIK4	0	0	0
LOC105369532	0	0	0
LOC101929227	0	0	0
LOC101929208	0	0	0
TBCEL-TECTA	0	0	0
TBCEL	219	0	219
TECTA	0	0	0
LOC105369533	0	0	0
LOC105369534	0	0	0
SC5D	299	0	299
SORL1-AS1	0	0	0
SORL1	1	0	1
LOC105369535	0	0	0
LOC107984402	0	0	0
MIR100HG	67	0	67
MIR125B1	0	0	0
BLID	0	0	0
MIRLET7A2	0	0	0
MIR10526	0	0	0
MIR100	0	0	0
TRK-TTT2-1	0	0	0
UBASH3B	374	0	374
LOC124902828	0	0	0
CRTAM	0	0	0
JHY	0	0	0
LOC124902774	0	0	0
BSX	0	0	0
SAE1P1	0	0	0
HSPA8	16218	6	16214
SNORD14E	1	0	1
SNORD14D	0	0	0
SNORD14C	0	0	0
LOC124902775	27	320	28
CLMP	1654	4	1968
LOC105369540	0	0	0
LOC105369539	0	0	0
LOC124900305	0	0	0
LINC02727	0	0	0
GRAMD1B	2499	1	2637
MIR4493	0	0	0
LOC124902776	9	138	10
SCN3B	1	0	1
LOC124902777	1	0	1
LOC105369543	0	0	0
ZNF202	125	0	125
OR6X1	0	0	0
LOC105369544	0	0	0
OR6M1	0	0	0
TMEM225	0	0	0
OR8D4	0	0	0
OR4D5	0	0	0
OR6T1	0	0	0
OR10S1	0	0	0
OR10G6	0	0	0
OR10G4	0	0	0
OR10G9	0	0	0
OR10G8	0	0	0
OR10G7	0	0	0
LOC105369545	0	0	0
VWA5A	1533	1	1532
LOC124902778	0	0	0
OR10D3	0	0	0
OR8G3	1	1	0
LOC102724410	2	0	2
OR8G2P	0	0	0
OR8G1	0	0	0
OR8G5	2	2	0
OR8D1	0	0	0
LOC112268069	0	0	0
OR8D2	0	0	0
OR8B2	0	0	0
OR8B3	0	0	0
LOC107984404	0	0	0
OR8B4	0	0	0
OR8B8	0	0	0
OR8B12	0	0	0
OR8A1	0	0	0
PANX3	0	0	0
LOC124902779	0	52	0
TBRG1	209	19	388
SIAE	646	170	661
SPA17	28	0	67
LOC124902780	0	0	0
LOC107984405	0	0	0
NRGN	7	0	108
NRGN-AS1	2	102	1
VSIG2	1	1	0
ESAM	45	1	44
ESAM-AS1	30	1	29
MSANTD2	170	7	163
MSANTD2-AS1	3	0	3
ROBO3	0	0	0
ROBO4	0	0	0
LOC107984406	0	0	0
HEPACAM	0	0	0
HEPN1	0	0	0
CCDC15-DT	0	0	0
CCDC15	0	0	0
SLC37A2	6	6	0
TMEM218	159	0	159
PKNOX2-DT	0	0	0
PKNOX2	0	0	0
PKNOX2-AS1	0	0	0
FEZ1	0	0	0
LOC403312	0	0	0
STT3A-AS1	0	0	0
EI24	1430	1	1429
STT3A	2092	3	2089
CHEK1	712	10	715
LOC118567325	0	1	9
ACRV1	1	4	0
LOC105369551	2	0	2
PATE1	0	0	0
PATE2	0	0	0
PATE3	0	0	0
PATE4	0	0	0
LINC03136	0	0	0
HYLS1	0	0	0
PUS3	190	0	190
DDX25	2	3	0
DDX25-AS1	0	0	1
VSIG10L2	55	1	54
CDON	329	5	324
LOC124902782	0	0	0
LOC107984407	0	0	0
LOC124902784	0	0	0
LOC105369591	0	0	0
LOC124902783	0	0	0
RPUSD4	390	1	389
FAM118B	91	48	168
SRPRA	2947	88	2984
FOXRED1	854	0	854
TIRAP	99	3	110
TIRAP-AS1	28	147	6
DCPS	562	22	651
GSEC	116	5	113
ST3GAL4	1230	1	1230
KIRREL3	24	24	1
KIRREL3-AS1	8	0	8
KIRREL3-AS4	12	0	12
LOC124902785	0	0	0
LOC105369561	0	0	0
LOC105369559	0	0	0
KIRREL3-AS2	0	0	0
MIR3167	0	0	0
LOC105369558	0	0	0
KIRREL3-AS3	0	0	0
LOC101929473	0	0	0
LOC105369562	0	0	0
LOC107984379	0	0	0
LINC02712	0	0	0
LOC107984373	0	0	0
LOC107984374	0	0	0
LINC02725	0	0	0
LINC02098	0	0	0
LOC124902786	0	0	0
LOC124902787	0	0	0
LOC124902788	0	0	0
LOC124902789	0	0	0
ETS1	215	0	215
MIR6090	0	0	0
ETS1-AS1	0	0	0
LOC124902790	0	0	0
LOC105369565	0	0	0
LOC105369568	0	0	0
LOC101929538	0	0	0
FLI1	0	0	0
SENCR	0	0	0
KCNJ1	0	0	0
LOC107984409	0	0	0
KCNJ5	0	0	0
KCNJ5-AS1	2	0	2
TP53AIP1	1	0	1
ARHGAP32	206	0	206
LOC399975	27	0	27
LOC124902791	0	0	0
LOC105369571	0	0	0
LOC105369572	0	0	0
BARX2	0	0	0
LINC01395	1	0	1
LOC124902792	0	0	0
LOC124902793	1	0	1
TMEM45B	11	6	5
NFRKB	915	0	915
PRDM10	156	0	159
PRDM10-DT	0	3	0
LOC107984432	1	0	1
APLP2	9178	10	9168
ST14	563	3	560
ZBTB44	412	0	412
ZBTB44-DT	0	0	0
ADAMTS8	2	2	0
ADAMTS15	231	0	231
LOC105369574	2	0	2
MIR8052	0	0	0
LINC02873	0	0	0
LOC105369575	3	0	3
LOC105369576	0	0	0
LINC02551	0	0	0
SNX19	547	0	547
LOC105369577	0	0	0
LOC107984411	0	0	0
LOC105369579	0	0	0
LOC105369578	0	0	0
LOC107984412	0	0	0
LOC124902794	0	0	0
NTM	0	0	0
NTM-AS2	0	0	0
NTM-AS1	0	0	0
NTM-AS3	0	0	0
LOC124902795	0	0	0
NTM-IT	0	0	0
OPCML	0	0	0
LOC105369580	0	0	0
LOC124902796	0	0	0
OPCML-IT1	0	0	0
LOC124902835	0	0	0
LINC02743	0	0	0
SPATA19	0	0	0
IGSF9B	29	0	29
MIR4697	0	0	0
LINC02730	0	0	0
LINC02731	0	0	0
JAM3	0	56	1
LOC124902797	0	0	0
NCAPD3	1981	122	2028
SNORD153	0	0	0
VPS26B	523	9	645
THYN1	275	0	275
ACAD8	384	0	384
GLB1L3	0	0	0
GLB1L2	2	0	2
LOC124902798	0	0	0
B3GAT1	0	0	0
B3GAT1-DT	0	0	0
LOC124902799	0	0	0
LOC105369583	0	0	0
LINC02706	0	0	0
LINC02714	0	0	0
LINC02697	0	0	0
LOC100507548	0	0	0
LINC02717	0	0	0
LOC105369587	0	0	0
LINC02684	0	0	0
WASH8P	0	0	0
LOC107987170	0	0	0
FAM138D	0	0	0
IQSEC3	1	0	1
IQSEC3-AS2	0	0	0
IQSEC3-AS3	0	0	0
IQSEC3-AS1	0	0	0
SLC6A12	7	0	7
SLC6A12-AS1	0	0	0
SLC6A13	1	0	1
LOC102723544	0	0	0
KDM5A	922	0	931
CCDC77	659	10	658
LOC105369594	2	0	2
B4GALNT3	2	1	1
LOC124902853	0	0	0
LOC124902852	0	0	0
NINJ2	204	22	186
LOC105369595	0	0	0
NINJ2-AS1	76	1	79
LINC02455	0	0	0
LOC101929432	0	0	0
WNK1	7356	29	7329
RAD52	221	1	246
LOC124902855	1	20	0
ERC1	1287	5	1287
LOC124902857	0	0	0
LOC124902854	1	0	1
LOC107987182	0	0	0
LOC124902856	3	0	3
LINC00942	4	0	4
LOC107984507	0	0	0
FBXL14	426	1	425
WNT5B	0	0	0
MIR3649	0	0	0
ADIPOR2	0	0	0
CACNA2D4	0	0	0
LOC105369602	0	0	0
LOC105369601	0	0	0
LRTM2	0	0	0
LOC124902858	0	0	0
LINC00940	0	0	0
DCP1B	0	0	0
CACNA1C	0	0	0
CACNA1C-IT1	0	0	0
CACNA1C-IT2	0	0	0
LOC107984131	0	0	0
CACNA1C-AS4	0	0	0
CACNA1C-IT3	0	0	0
CACNA1C-AS2	0	0	0
CACNA1C-AS1	0	0	0
LINC02371	2	2	0
ITFG2-AS1	6	41	16
FKBP4	4661	14	4669
ITFG2	103	1083	158
NRIP2	17	33	0
TEX52	14	14	0
FOXM1	2019	48	3075
RHNO1	814	4	813
LOC124902860	8	0	8
TULP3	814	0	814
LOC124903097	0	0	0
LOC124902859	14	115	18
TEAD4	502	6	615
TSPAN9	252	2	250
TSPAN9-IT1	0	0	0
LOC124902861	0	0	0
LOC100128253	0	0	0
LINC02827	0	0	0
LINC02417	0	0	0
PRMT8	0	0	0
LOC105369607	0	0	0
LOC124902862	0	0	0
THCAT155	0	0	0
CRACR2A	0	0	0
LOC107984495	0	0	0
PARP11	0	0	0
PARP11-AS1	0	0	0
LOC105369608	0	0	0
LINC03141	0	0	0
LOC124900317	0	0	0
LOC105369612	0	0	0
CCND2-AS1	0	0	0
CCND2	0	0	0
TIGAR	766	0	766
FGF23	0	0	0
FGF6	0	0	0
FERRY3	519	2	517
RAD51AP1	880	0	880
DYRK4	31	0	31
AKAP3	2	0	2
NDUFA9	1928	0	1928
GAU1	2	2	0
GALNT8	2	0	2
LOC124902863	0	0	0
KCNA6-AS1	0	0	0
KCNA6	0	0	0
KCNA1	0	0	0
LOC100507560	0	0	0
KCNA5	0	0	0
LOC105369617	0	0	0
LOC124902864	0	0	0
LOC105369616	0	0	0
LINC02443	0	0	0
LOC105369618	0	0	0
NTF3	0	0	0
LOC124902865	0	0	0
ANO2	1	0	1
LOC105369621	0	0	0
VWF	2	0	2
SNORA120	0	0	0
LOC124902866	5	1	4
LOC105369623	0	0	0
LOC105369622	0	0	0
CD9	3302	0	3302
LOC105369625	0	0	0
PLEKHG6	50	9	41
TNFRSF1A	4532	1	4531
LOC112268088	3	130	0
SCNN1A	941	35	1448
LOC107984500	7	346	0
LOC105369626	2	1	1
LTBR	3398	59	3417
CD27-AS1	41	0	46
CD27	5	10	0
TAPBPL	87	64	60
VAMP1	222	1	253
MRPL51	1342	1	1341
NCAPD2	3795	30	3777
SCARNA10	0	0	0
GAPDH-DT	26	22	27
GAPDH	132716	84	132643
IFFO1	16	1	15
NOP2	2828	1	2830
CHD4-AS1	19	935	9
CHD4	5141	10	6057
SCARNA11	0	0	0
LOC124902867	0	0	0
LOC105369631	0	7	0
LPAR5	81	1	83
ACRBP	3	0	3
ING4	593	1	592
ZNF384	1373	0	1373
PIANP	12	12	0
COPS7A	1439	2	1437
MLF2	5221	2	5219
PTMS	2826	22	2804
LAG3	8	0	8
CD4	1	0	1
GPR162	2	0	2
P3H3	0	0	0
GNB3	4	123	0
CDCA3	617	0	736
USP5	2657	4	2653
TPI1	23526	12	23517
SPSB2	266	7	262
LOC105369632	14	15	0
RPL13P5	29	0	30
DSTNP2	80	0	80
LRRC23	158	0	158
ENO2	4	2	5
LOC124902868	49	51	7
ATN1	4597	8	4595
C12orf57	1818	75	1743
RNU7-1	3	2	1
PTPN6	273	4	269
LOC105369634	0	0	0
MIR200CHG	0	0	0
MIR200C	0	0	0
MIR141	0	0	0
PHB2	6446	4	6442
SCARNA12	11	0	11
EMG1	1119	2218	1216
LPCAT3	640	151	2804
C1S	3456	0	3456
C1R	0	0	0
C1RL	0	0	0
C1RL-AS1	0	0	0
RBP5	0	0	0
CLSTN3	0	0	0
LOC124902869	0	0	0
PEX5	0	0	0
ACSM4	0	1	0
CD163L1	12	0	13
LOC101927882	0	0	0
CD163	0	0	0
LOC124902870	0	0	0
APOBEC1	0	0	0
GDF3	0	0	0
DPPA3	0	0	0
CLEC4C	0	0	0
NANOGNB	0	0	0
NANOG	0	0	0
SLC2A14	3	1	2
SLC2A3	6732	2	6730
LOC124902871	117	0	117
FOXJ2	614	5	609
C3AR1	2	2	0
NECAP1	615	0	615
CLEC4A	4	0	4
POU5F1P3	0	0	0
ZNF705A	1	0	1
FAM66C	0	0	0
FAM90A1	0	0	0
FAM86FP	38	0	83
LINC02449	4	49	0
LOC112268090	0	0	0
LOC107987171	0	0	0
LINC00937	0	0	0
CLEC6A	0	0	0
CLEC4D	0	0	0
CLEC4E	0	0	0
LOC124902872	0	0	0
LOC105369645	0	0	0
LOC124900334	0	0	0
AICDA	0	0	0
MFAP5	305	0	305
RIMKLB	1864	3	1938
A2ML1-AS1	0	77	0
LINC02972	8	0	8
A2ML1	0	0	0
PHC1	164	592	190
M6PR	1457	26	2049
KLRG1	111	0	162
LINC00612	5	4	2
A2M-AS1	41	10	47
A2M	45	7	54
PZP	630	676	4
A2MP1	39	167	45
MIR1244-3	6	5	1
LINC00987	114	28	259
LOC642846	541	9	532
LOC105369649	1	1	0
LINC02367	9	19	10
LOC101928030	0	0	0
LOC728715	83	3	100
LOC105369647	1	1	0
DDX12P	604	4	711
LOC124902873	4	114	0
OVOS1P	55	0	56
KLRB1	0	1	0
LOC374443	0	0	1
LOC105369728	0	0	0
CLEC2D	4	0	4
CLECL1	0	0	0
LINC02390	0	0	0
CD69	0	0	0
KLRF1	0	0	0
CLEC2B	15	0	15
CLEC2A	0	0	0
KLRF2	0	0	0
LINC02470	0	0	0
CLEC12A-AS1	0	0	0
CLEC12A	0	0	0
LOC124902874	0	0	0
CLEC1B	0	0	0
CLEC12B	0	0	0
LOC102724020	0	0	0
CLEC9A	0	0	0
CLEC1A	0	0	0
LOC105369655	0	0	0
CLEC7A	0	0	0
OLR1	890	40	897
TMEM52B	78	7	118
GABARAPL1	2545	5	2643
GABARAPL1-AS1	65	168	0
KLRD1	0	0	0
LOC124902875	0	0	0
LOC105369656	0	0	0
LINC02617	1	0	1
LINC02598	1	0	1
KLRK1-AS1	2	1	1
KLRC4-KLRK1	0	0	0
KLRK1	0	0	0
KLRC4	0	0	0
KLRC3	9	0	9
KLRC2	2	0	2
KLRC1	0	0	0
LOC105369657	0	0	0
EIF2S3B	6	0	6
LOC105369658	0	0	0
LINC02446	0	0	0
LOC105376675	9	0	9
KLRA1P	67	0	67
MAGOHB	458	0	458
STYK1	1	0	1
YBX3	5928	25	7679
LOC124902876	0	1754	22
LOC112268104	0	0	0
LINC02366	0	0	0
TAS2R7	0	0	0
TAS2R8	0	0	0
TAS2R9	0	0	0
TAS2R10	0	0	0
PRH1-PRR4	0	0	0
PRR4	0	0	0
PRH1	0	0	0
TAS2R13	0	0	0
PRH2	0	0	0
PRH1-TAS2R14	0	0	0
TAS2R14	0	0	0
TAS2R50	0	0	0
TAS2R20	0	0	0
TAS2R19	0	0	0
TAS2R31	0	0	0
TAS2R46	0	0	0
TAS2R43	0	0	0
TAS2R30	0	0	0
SMIM10L1	0	0	0
TAS2R42	0	0	0
LOC107987435	0	0	0
PRB3	0	0	0
PRB4	0	0	0
PRB1	0	0	0
PRB2	0	0	0
LOC124902878	0	0	0
LOC440084	0	0	0
LOC124902877	0	1	0
LINC01252	0	0	1
ETV6	336	0	336
LOC124902879	1	0	1
BCL2L14	0	0	0
MIR1244-4	0	0	0
LRP6	0	0	0
MANSC1	0	0	0
LOH12CR2	0	0	0
BORCS5	0	0	0
DUSP16	0	0	0
LOC107984486	0	0	0
CREBL2	880	0	880
LOC124902880	4	0	4
GPR19	7	9	3
CDKN1B	1846	1	1850
LOC105369663	4	1	3
APOLD1	95	0	95
MIR613	0	0	0
DDX47	1998	1	1997
RPL13AP20	24	1	23
LOC124902881	1	0	1
GPRC5A	9547	5	9542
MIR614	0	0	0
GPRC5D-AS1	62	7	57
GPRC5D	21	21	0
LOC124903100	0	0	0
HEBP1	654	3	653
HTR7P1	9	0	9
FAM234B	241	0	241
GSG1	1	0	1
LOC105369666	2	0	2
LOC124902882	0	0	0
EMP1	452	0	452
LINC01559	0	0	0
GRIN2B	0	0	0
LOC105369668	1	0	1
LOC105369667	0	0	0
LOC124902883	0	0	0
LOC124902884	1	5	0
ATF7IP	539	0	543
PLBD1	0	0	0
PLBD1-AS2	0	0	0
PLBD1-AS1	0	0	0
GUCY2C	0	0	0
GUCY2C-AS1	4	5	0
LOC105369669	16	0	17
H4C16	1	0	1
H2AJ	822	3	819
WBP11	2126	0	2126
C12orf60	66	0	67
SMCO3	4	5	0
ART4	0	0	0
MGP	278	1	277
LOC124902885	0	0	0
ERP27	0	0	0
ARHGDIB	20	0	20
PDE6H	2	0	2
LINC01489	0	0	0
RERG	169	0	202
RERG-IT1	0	0	0
RERG-AS1	0	0	0
LOC124902887	4	2	2
LOC124902886	3	36	0
LOC105369673	1	0	1
PTPRO	0	0	0
LOC105369672	0	0	0
EPS8	33	0	33
LOC102724146	4	0	4
STRAP	3801	0	3801
DERA	973	0	973
LOC101928362	0	0	0
SLC15A5	0	0	0
MGST1	3207	0	3207
LMO3	2	2	0
LOC105369677	0	0	0
SKP1P2	0	0	0
LINC02378	0	0	0
LOC124902888	0	0	0
LOC124902889	0	0	0
MIR3974	0	0	0
RERGL	0	0	0
PIK3C2G	0	0	0
LOC124902890	0	0	0
LOC124902891	0	0	0
PLCZ1	0	0	0
CAPZA3	0	0	0
LOC102724227	0	0	0
LOC107984527	0	0	0
PLEKHA5	335	0	335
LOC124902892	0	0	0
AEBP2	1183	3	1180
LOC101928387	71	0	71
LOC105369682	0	0	0
LINC02398	1	0	1
LOC124902893	1	0	1
LOC105369685	0	0	0
LINC02468	4	4	0
LOC105369686	0	0	0
LOC105369687	2	0	2
LOC105369688	0	0	0
PDE3A-AS1	14	105	16
PDE3A	2505	11	2601
SLCO1C1	21	0	21
SLCO1B3	17	0	17
SLCO1B3-SLCO1B7	6	0	6
LOC124902894	4	0	4
SLCO1B1	0	0	0
LOC124902895	0	0	0
SLCO1A2	1	0	1
IAPP	0	0	0
PYROXD1	306	705	506
RECQL	679	218	1366
GOLT1B	966	0	966
SPX	1	0	1
GYS2	0	0	0
LOC124902896	0	0	0
LDHB	25817	10	25807
KCNJ8-AS1	0	0	0
LOC102724261	0	0	0
KCNJ8	0	0	0
ABCC9	0	0	0
CMAS	733	0	733
LOC105369690	1	1	0
SULT6B2P	0	0	0
ST8SIA1	0	0	0
LOC112268093	0	0	0
LOC105369151	0	0	0
C2CD5	548	0	548
C2CD5-AS1	0	0	0
ETNK1-DT	0	0	0
ETNK1	698	0	698
LINC02955	0	0	0
SOX5	0	0	0
LOC105369697	0	0	0
MIR920	0	0	0
SOX5-AS1	0	0	0
LINC00477	0	0	0
LOC105369698	0	0	0
LOC124902897	0	0	0
BCAT1	0	0	0
BCAT1-AS1	0	0	0
LOC124902898	0	0	0
BCAT1-DT	0	0	0
LINC02909	0	0	0
IRAG2	2	2	0
DNAI7	4	0	4
ETFRF1	206	1	205
KRAS	1217	15	1203
LOC124902899	2	3	0
LOC105369701	0	0	0
LOC124902900	0	0	0
LMNTD1	5	0	5
MIR4302	0	0	0
RASSF8-AS1	42	0	44
RASSF8	1068	15	1055
LOC107984501	0	0	0
LOC124902901	2	1	1
BHLHE41	308	0	348
SSPN	2	40	4
SSPN-AS1	0	2	0
LOC105369705	0	0	0
LOC105369704	0	0	0
ITPR2-AS2	2	2	0
LOC107984482	1	0	1
ITPR2	588	0	588
LOC124902903	0	0	0
LOC124902902	0	0	0
INTS13	1309	0	1309
FGFR1OP2	375	7	370
TM7SF3	2781	1	2782
MED21	802	0	802
C12orf71	2	2	0
STK38L	625	0	625
LOC124902905	0	0	0
LOC124902906	0	0	0
BMAL2	99	0	113
BMAL2-AS1	0	14	0
SMCO2	2	0	2
PPFIBP1	1406	0	1406
MRPS35-DT	1	3	0
REP15	11	0	11
MRPS35	1585	0	1587
MANSC4	3	4	4
KLHL42	706	2	709
LOC105369709	0	0	0
PTHLH	1	0	1
LOC105369710	0	0	0
LOC107984462	0	0	0
LOC729291	14	26	20
CCDC91	341	6	367
LOC105369711	0	0	0
LOC124902907	0	0	0
LOC101928735	0	0	0
LOC124902908	0	0	0
FAR2	68	69	0
FAR2-AS1	5	0	6
ERGIC2	1207	0	1207
OVCH1-AS1	2	2	0
OVCH1	8	0	8
TMTC1	1416	2	1415
LOC105369714	7	8	0
LOC124902909	0	0	0
LOC105369715	0	0	0
LOC105369716	0	0	0
LINC02386	0	0	0
LOC105369718	0	0	0
LOC105369719	0	0	0
IPO8	1296	0	1296
CAPRIN2	620	0	620
LOC645485	0	0	0
LINC00941	1	0	1
LOC107984476	0	0	0
LOC124902911	1	0	1
TSPAN11	4	8	0
TSPAN11-AS1	2	0	6
DDX11-AS1	33	2	34
DDX11	1833	3	1833
OVOS2P	0	0	0
LOC124902912	0	0	0
SINHCAF	0	0	0
FLJ13224	0	0	0
LINC02387	0	0	0
LOC124903091	0	0	0
DENND5B	1243	1	1242
LOC124903111	4	4	0
DENND5B-AS1	14	5	9
LOC124902913	0	0	0
ETFBKMT	54	55	56
AMN1	33	7	83
LOC105369722	0	0	0
AMN1-AS1	9	0	9
LOC105369724	1	0	1
LOC107984470	0	0	0
H3-5	4	0	4
LINC02422	0	0	0
LOC105369725	7	0	7
RESF1	320	0	320
BICD1-AS1	0	19	0
BICD1	261	0	280
FGD4	138	0	138
LOC124902914	0	0	0
DNM1L	2286	44	2242
YARS2	770	4	766
PKP2	362	0	362
SYT10	0	0	0
LOC105369726	0	0	0
ALG10	112	0	112
LOC124902915	0	0	0
LINC02963	0	0	0
LOC107984469	0	0	0
LOC124902916	0	0	0
ALG10B	308	0	308
LOC124902917	0	0	0
CPNE8	524	24	529
CPNE8-AS1	10	6	33
LOC107984484	0	0	0
LINC02406	0	0	0
KIF21A	712	0	715
LOC101927019	2	5	0
LOC124902919	0	0	0
ABCD2	0	0	0
LOC124902918	0	0	0
REDIC1	0	17	0
SLC2A13	317	0	334
LOC124900327	0	0	0
LOC112268095	0	0	0
LRRK2-DT	0	0	0
LINC02471	0	0	0
LOC105369735	0	0	0
LINC01779	0	0	0
LRRK2	0	0	0
LOC105369736	0	0	0
MUC19	0	0	0
CNTN1	2	1	1
LOC124903069	0	0	0
PDZRN4	0	0	0
PDZRN4-AS1	0	0	0
LOC107984498	0	0	0
LINC02400	0	0	0
LOC105378247	4	0	4
GXYLT1	392	1	391
YAF2	357	0	357
LOC124902920	5	0	5
LOC124902921	0	0	0
ZCRB1	742	0	742
MIR7851	0	0	0
PPHLN1	1454	0	1454
PRICKLE1	3	3	0
LINC02402	0	0	0
LINC02451	0	0	0
LINC02450	0	0	0
LINC02461	0	0	0
ADAMTS20	0	0	0
PUS7L	423	1	422
IRAK4	443	0	443
TWF1	2694	1	2700
TMEM117	138	17	128
LOC124902922	1	0	1
NELL2	0	0	0
DBX2	0	0	0
LOC105369742	0	0	0
DBX2-AS1	0	0	0
RACGAP1P1	0	0	0
PLEKHA8P1	100	0	100
ANO6	1325	0	1326
LOC105369743	0	1	0
LOC105369744	0	0	0
LINC00938	131	0	131
ARID2	727	0	754
LOC105369745	0	27	0
SCAF11	2473	1	2472
SLC38A1	6451	0	6453
LOC105378248	15	2	15
SLC38A2	9688	1	9688
SLC38A2-AS1	0	1	0
SLC38A4-AS1	23	4	19
LOC124902923	0	0	0
SLC38A4	1	0	1
LOC124902924	0	0	0
LOC124902925	0	0	0
LOC107984466	1	0	1
AMIGO2	354	8	381
PCED1B	128	29	134
MIR4698	0	0	0
PCED1B-AS1	3	3	0
LOC105369746	0	0	0
LOC105369747	2	0	2
LOC124900322	0	0	0
LINC02416	0	0	0
MIR4494	0	0	0
LINC02156	0	0	0
RPAP3	713	0	713
RPAP3-DT	5	0	5
ENDOU	3	2	1
RAPGEF3	26	9	19
SLC48A1	220	4	219
HDAC7	1381	4	1407
LOC124902926	1	30	0
LINC02354	7	0	7
VDR	278	2	276
TMEM106C	3447	0	3447
COL2A1	1	0	1
LOC105369752	0	0	0
LOC105369750	0	0	0
LOC124902927	0	0	0
SENP1	514	7	556
LOC101927180	1	1	0
PFKM	3256	42	3266
MIR6505	0	0	0
ASB8	408	19	392
CCDC184	0	0	0
LOC102725258	1	0	1
OR10AD1	0	0	0
LOC105369753	0	0	0
H1-7	1	1	0
ZNF641	483	1	482
C12orf54	1	0	1
ANP32D	0	0	0
OR8S1	0	0	0
OR5BS1	0	0	0
LALBA	0	0	0
LOC124902928	0	0	0
KANSL2	590	0	590
SNORA2C	1	0	1
MIR1291	0	0	0
SNORA2A	1	0	1
SNORA2B	2	0	2
CCNT1	1158	0	1158
SPMIP11	7	182	0
ADCY6	1272	4	1444
MIR4701	0	0	0
ADCY6-DT	1	0	4
LOC101927241	1	20	4
CACNB3	498	4	517
DDX23	2257	3	2408
LOC105369755	2	154	2
RND1	2	0	2
DRC2	40	40	0
FKBP11	206	0	206
ARF3	922	0	922
LOC124903110	0	0	0
WNT10B	202	0	202
WNT1	0	0	0
LOC105369757	0	0	0
LOC105369756	0	0	0
DDN	15	0	15
DDN-AS1	0	82	2
PRKAG1	1402	2	1470
KMT2D	2140	4	2150
RHEBL1	317	2	315
DHH	1	0	3
DHH-AS1	0	2	0
LMBR1L	533	0	533
TUBA1B	25944	11	25944
TUBA1B-AS1	0	0	0
TUBA1A	290	7	283
TUBA1C	8564	10	8565
TROAP-AS1	8	127	0
PRPH	10	0	12
TROAP	1155	0	1274
C1QL4	31	3	30
DNAJC22	131	0	131
SPATS2	980	0	980
LOC100335030	10	0	10
KCNH3	20	17	16
LOC105369761	2	1	3
MCRS1	1059	0	1070
FAM186B	12	10	3
PRPF40B	91	32	257
FMNL3	127	168	156
LOC124902929	2	0	2
TMBIM6	13115	3	13112
NCKAP5L	956	0	956
BCDIN3D-AS1	24	158	17
BCDIN3D	37	6	182
FAIM2	0	0	0
LINC02396	0	0	0
LINC02395	4	0	4
LOC124902930	0	1	0
LOC105369763	0	0	1
AQP2	2	2	0
AQP5-AS1	0	0	0
AQP5	1	0	1
LOC105369764	0	3	0
AQP6	4	5	7
RACGAP1	2254	0	2259
ASIC1	46	0	46
SMARCD1	1189	0	1189
GPD1	21	10	11
COX14	480	0	480
CERS5	478	11	533
LOC124902931	3	67	2
LIMA1	2828	0	2828
MIR1293	0	0	0
LOC107984505	9	0	9
FAM186A	0	0	0
LARP4	1941	0	1941
SNORD133	0	0	0
DIP2B	1434	2	1564
LOC124902932	1	132	1
ATF1	732	5	727
TMPRSS12	1	0	1
TMT1A	1051	2	1049
HIGD1C	7	7	2
SLC11A2	1765	2	1766
LETMD1	1322	77	1327
CSRNP2	359	12	429
TFCP2	566	1	565
LOC124902933	0	0	0
POU6F1	252	0	252
DAZAP2	3793	84	3818
SMAGP	115	64	160
BIN2	0	0	0
LOC105369767	0	0	0
CELA1	0	0	0
GALNT6	1417	1	1418
SLC4A8	23	1	24
SLC4A8-AS1	0	0	0
SCN8A	18	0	18
TMDD1	0	0	0
FIGNL2	0	0	0
FIGNL2-DT	0	0	0
ANKRD33	0	0	0
ACVRL1	54	0	54
ACVR1B	454	0	454
TAMALIN-AS1	3	7	0
TAMALIN	12	0	16
LOC124902934	2	0	2
NR4A1	1645	0	2409
LOC107984510	2	1	1
NR4A1AS	0	764	0
ATG101	1039	1	1038
SMIM41	0	0	0
OR7E47P	0	0	0
SMIM41-AS1	0	0	0
KRT80	1645	0	1645
LINC02874	0	1	1
LINC00592	8	1	9
KRT7	6338	5	10467
KRT7-AS	57	4147	4
KRT87P	5	39	3
KRT86-AS2	5	1	4
KRT86	62	29	35
KRT81	47	2	47
LOC124902935	0	0	0
KRT83	0	0	0
KRT85	0	0	0
KRT84	0	0	0
KRT82	0	0	0
KRT75	0	0	0
KRT6B	0	0	0
KRT6C	0	0	0
KRT6A	5	0	5
KRT5	1	1	0
KRT71	0	0	0
KRT74	0	0	0
KRT72	0	0	0
KRT73	0	0	0
KRT73-AS1	0	0	0
KRT2	0	0	0
KRT1	0	0	0
KRT77	0	0	0
KRT76	0	0	0
KRT3	0	0	0
KRT4	0	0	0
KRT79	0	0	0
KRT78	1	0	1
KRT8	27436	9024	27460
MIR9898	1	0	1
KRT18	15035	69	24014
EIF4B	14137	33	14104
TNS2-AS1	63	109	84
TNS2	1403	29	1505
MIR6757	1	0	1
SPRYD3	478	1	479
IGFBP6	18	0	18
SOAT2	1	1	0
LOC124902936	0	0	0
CSAD	591	28	596
ZNF740	1058	11	1085
ITGB7	3	4	4
RARG	1095	0	1095
LOC122455340	0	0	0
SLC61A1	739	4	735
ESPL1	278	0	278
PFDN5	0	0	0
MYG1	93	0	93
AAAS	0	0	0
SP7	0	0	0
SP1	2062	1	2061
AMHR2	3	0	3
PRR13	2648	0	2648
PCBP2	5804	24	6181
PCBP2-OT1	0	0	0
MAP3K12	431	559	434
TARBP2	708	16	853
ATF7-NPFF	0	0	0
NPFF	2	0	2
ATF7	381	0	611
ATF7-AS1	0	279	0
LOC124902937	1	1	0
LOC124902938	0	0	0
ATP5MC2	3933	3	3930
CALCOCO1	859	1	858
LOC105369774	0	0	0
LOC105378250	2	0	2
CISTR	0	0	0
HOXC13-AS	30	86	37
HOXC13	457	10	540
LOC105369775	0	0	0
HOXC12	2	0	2
HOTAIR	718	6	719
HOXC11	374	11	370
HOXC-AS3	6	165	17
HOXC10	702	14	864
MIR196A2	3	0	3
HOXC-AS2	17	16	1
HOXC-AS1	31	15	26
HOXC9	214	10	214
HOXC8	24	0	24
LOC124902939	5	35	2
HOXC4	346	1	345
HOXC5	20	0	20
HOXC6	222	0	222
MIR615	0	0	0
FLJ12825	12	13	6
LOC100240735	2	0	2
LOC100240734	1	0	1
FAM242C	4	2	14
LINC02381	9	14	3
SMUG1-AS1	10	8	2
SMUG1	598	0	599
LOC102724030	2	2	0
LOC105369777	1	0	1
CBX5	4034	0	4034
MIR3198-2	0	0	0
SCAT2	40	37	3
HNRNPA1	18205	11	18194
NFE2	377	0	377
COPZ1	1526	2	3940
MIR148B	0	0	0
GPR84	0	2414	2
GPR84-AS1	0	483	0
ZNF385A	1460	2	1458
ITGA5	8621	3	9101
GTSF1	0	0	0
NCKAP1L	0	0	0
PDE1B	0	0	0
PPP1R1A	0	0	0
GLYCAM1	0	0	0
LACRT	0	0	0
DCD	0	0	0
MUCL1	0	0	0
TESPA1	0	0	0
LOC107984515	0	0	0
NEUROD4	0	0	0
LOC101927484	0	0	0
OR9K2	0	0	0
OR10A7	0	0	0
OR6C74	0	0	0
OR6C6	0	0	0
OR6C1	0	0	0
OR6C3	0	0	0
OR6C75	0	0	0
OR6C65	0	0	0
OR6C76	0	0	0
LOC124902940	0	0	0
OR6C2	0	0	0
OR6C70	0	0	0
OR6C68	0	0	0
OR6C4	0	0	0
OR2AP1	0	0	0
OR10P1	0	0	0
TMT1B	2	0	2
ITGA7	18	0	18
BLOC1S1-RDH5	0	0	0
BLOC1S1	13	0	13
RDH5	8	0	8
CD63	7169	89	7256
CD63-AS1	37	88	86
GDF11	361	35	379
SARNP	1035	27	1061
ORMDL2	634	318	680
DNAJC14	668	214	941
TMEM198B	227	2	455
MMP19	23	107	23
LOC124903120	0	0	0
PYM1	721	3	723
LOC124902941	17	0	17
DGKA	182	4	183
PMEL	57	0	57
CDK2	2194	1	2193
RAB5B	2545	0	2545
SUOX	360	0	360
IKZF4	53	5	50
LOC105369781	0	2	0
RPS26	4133	3	4130
ERBB3	250	0	250
LOC105369782	0	3	0
PA2G4	6661	1	6663
RPL41	3599	3	3596
ZC3H10	139	2	137
ESYT1	2894	4	3540
LOC124902943	7	882	4
MYL6B-AS1	0	105	0
LOC124902942	0	0	0
MYL6B	380	0	485
MYL6	5915	5	5913
SMARCC2	2556	10	2549
TRS-CGA4-1	0	0	0
LOC107984468	0	0	0
RNF41	699	1	698
NABP2	614	0	614
SLC39A5	0	4	0
ANKRD52	2523	6	2521
COQ10A	463	0	463
CS	4201	2	4199
CNPY2	1321	2	2157
CNPY2-AS1	24	861	3
PAN2	591	14	577
IL23A	28	22	6
STAT2	1073	2	1071
APOF	0	0	0
TIMELESS	1717	1	1716
MIP	0	0	0
SPRYD4	326	1	356
GLS2	3	34	0
LOC124902944	0	0	0
SNORA105C	2	0	2
RBMS2	1440	68	1475
BAZ2A	2484	37	2550
ATP5F1B	23772	11	23761
SNORD59B	0	0	0
SNORD59A	0	0	0
PTGES3	5338	0	5338
NACA	10985	3	10982
PRIM1	438	7	438
HSD17B6	65	0	72
LOC124900330	0	0	0
SDR9C7	0	0	0
RDH16	3	0	3
LOC124902945	0	0	0
ACKR5	0	0	0
ZBTB39	304	0	304
TAC3	5	0	5
MYO1A	32	0	32
NEMP1	1044	1	1043
NAB2	517	23	517
STAT6	2723	5	2850
LOC124902946	7	115	1
LRP1	6305	4	6330
LRP1-AS	0	29	0
MIR1228	0	0	0
NXPH4	889	3	886
SHMT2	5352	14	5350
COXFA4L2	1286	1	1297
STAC3	18	4	14
R3HDM2	464	0	464
R3HDM2-DT	0	0	0
INHBC	2	1	1
INHBE	1	15	1
LOC124902947	11	0	26
GLI1	39	3	36
ARHGAP9	0	0	0
MARS1	2169	6	2195
MIR6758	0	0	0
DDIT3	91	30	93
LOC128125814	0	0	0
MIR616	3	0	3
MBD6	674	7	697
DCTN2	2101	27	2104
KIF5A	1	0	1
PIP4K2C	967	0	967
DTX3	0	0	0
ARHGEF25	1	0	1
LOC101927583	0	0	0
SLC26A10P	0	0	0
B4GALNT1	2	0	2
OS9	3817	0	3817
AGAP2	5	306	6
AGAP2-AS1	2	1	308
TSPAN31	266	1361	306
CDK4	1476	63	2804
MIR6759	0	0	0
MARCHF9	326	2	324
CYP27B1	103	0	103
METTL1	190	0	190
EEF1AKMT3	210	1	209
TSFM	1235	2	1256
AVIL	73	67	29
CTDSP2	3088	1	3087
MIR26A2	0	0	0
CTDSP2-AS1	0	0	0
LOC283387	1	4	1
LOC124902948	1	0	1
LOC101927608	0	0	4
GIHCG	29	0	29
ATP23	0	0	0
LOC105369784	0	0	0
LINC02403	0	0	0
LOC105369786	0	0	0
LOC105369787	1	0	1
LOC105369788	0	0	0
LOC105369789	0	0	0
LINC02388	0	0	0
LOC124902949	0	0	0
LOC100506869	0	0	0
LRIG3	263	2	261
LRIG3-DT	0	0	0
LINC02448	2	0	2
SLC16A7	0	0	0
LOC100996696	0	0	0
LOC124903070	0	0	0
LOC124903071	0	0	0
LOC105369793	0	0	0
TAFA2	1	0	1
LOC124902950	0	0	0
MIR6125	0	0	0
USP15	1104	0	1104
MON2	810	3	809
MON2-AS1	0	0	0
LINC01465	10	3	14
MIRLET7IHG	27	7	27
MIRLET7I	1	0	1
PPM1H	913	2	913
LOC124903103	0	0	0
LOC105369795	0	0	0
AVPR1A	0	0	0
LINC03056	0	0	0
LOC105369797	0	0	0
DPY19L2	0	0	0
RXYLT1	208	0	281
RXYLT1-AS1	0	73	0
MIR10527	0	0	0
SRGAP1	410	5	405
LOC105369801	0	0	0
LOC105369798	0	0	0
KICS2	195	4	193
LOC124902952	2	1	3
C12orf56	0	0	0
LOC124903101	0	0	0
XPOT	2945	1	2944
TBK1	713	1	712
LOC105369803	0	0	0
RASSF3	392	0	393
LOC124903098	0	0	0
LOC107984521	0	0	0
RASSF3-DT	0	0	0
MIR548Z	0	0	0
MIR548C	0	0	0
GNS	6261	3	6261
TBC1D30	172	2	172
LOC124903113	0	0	0
LINC02389	0	0	0
LINC02231	0	0	0
LOC107984522	0	0	0
WIF1	0	0	0
LOC124902953	1	0	1
LEMD3	442	0	442
MSRB3	441	0	441
LOC124902954	0	0	0
MSRB3-AS1	0	0	0
LOC105369809	1	0	1
LOC105369187	0	0	0
LOC105369808	0	0	0
LINC02454	0	0	0
LOC105369806	0	0	0
RPSAP52	0	0	0
HMGA2	1	0	1
HMGA2-AS1	0	0	0
HMGA2-AS2	0	0	0
MIR6074	0	0	0
LINC02425	0	0	0
LLPH	487	0	487
LLPH-DT	16	0	16
TMBIM4	335	13	322
IRAK3	1	0	1
MIR6502	0	0	0
HELB	36	0	36
LOC124903104	12	0	12
GRIP1	4	4	0
LOC105369811	0	0	0
LOC124902956	0	0	0
LOC102724421	0	0	0
CAND1	3183	1	3182
LOC124902957	10	0	10
LOC105369813	0	0	0
LOC105369812	0	0	0
LOC124903072	0	0	0
LINC02420	0	0	0
LINC02408	0	0	0
LINC02442	0	0	0
DYRK2	555	0	555
LOC105369816	11	0	11
LOC124902958	2	2	0
LINC02421	0	0	0
LINC01479	0	0	0
IFNG-AS1	0	0	0
IFNG	0	0	0
LOC105369818	0	0	0
IL26	0	0	0
IL22	0	0	0
MDM1	262	0	262
LOC105369819	2	0	2
LINC02384	0	0	0
RAP1B	1506	1	1505
SNORA70G	0	0	0
LOC100507250	1	0	1
NUP107	1552	1	1551
SLC35E3	211	2	209
SZRD1P1	0	0	0
MDM2	1611	42	1766
CPM	1471	199	1469
TODL	2	0	2
CPSF6	2009	0	2089
MIR1279	0	80	0
LYZ	0	0	0
YEATS4	361	0	361
LINC02373	2	0	2
FRS2	540	0	540
SNORA113	0	0	0
MIR3913-1	0	0	0
MIR3913-2	0	0	0
CCT2	4333	0	4333
LRRC10	0	0	0
LOC105369823	0	0	0
BEST3	3	0	3
LOC101928002	0	0	0
RAB3IP	380	0	380
MYRFL	1	0	1
LOC124902959	0	0	0
LINC02821	0	0	0
PRANCR	18	6	58
CNOT2	1140	41	1145
KCNMB4	212	0	212
PTPRB-AS1	156	11	307
PTPRB	20	164	18
PTPRR	67	6	68
LOC124902960	0	5	2
LOC124902961	0	0	0
TSPAN8	649	0	649
LOC105369831	0	0	0
LOC105369832	0	0	0
LOC124902962	0	0	0
LGR5	0	0	0
LOC105369833	0	0	0
LOC124902963	0	0	0
LOC124902964	1	0	1
ZFC3H1	1527	33	1494
LOC124900332	0	0	0
THAP2	111	1	110
LOC124902965	1	0	1
TMEM19	439	0	439
LOC107984530	0	0	0
RAB21	707	0	707
TBC1D15	917	0	917
MRS2P2	0	0	0
TPH2	0	0	0
TRHDE	0	0	0
TRHDE-AS1	0	0	0
LOC105369838	0	0	0
LINC02444	0	0	0
LOC105369839	0	0	0
LOC124902966	0	0	0
LINC02445	0	0	0
LOC124900319	0	0	0
LINC02394	0	0	0
LINC02882	0	0	0
LOC107987178	0	0	0
LOC124902967	0	0	0
ATXN7L3B	767	1	766
LOC101929967	0	0	0
LOC105369842	0	0	0
LOC105369843	0	0	0
KCNC2	0	0	0
LOC100130268	0	0	0
CAPS2-AS1	0	0	0
CAPS2	42	1	44
GLIPR1L1	0	3	0
LOC124902968	4	0	4
GLIPR1L2	7	0	7
GLIPR1	19	381	2
GLIPR1-AS1	59	0	60
KRR1	591	1	943
LOC105369844	0	0	0
LOC107984533	0	0	0
LOC105369846	0	0	0
LOC124902969	0	0	0
LOC105369847	0	0	0
PHLDA1	66	0	112
PHLDA1-AS1	0	46	0
PHLDA1-DT	4	4	0
NAP1L1	5959	0	5959
LOC124902970	1	0	1
LNCOG	0	0	0
BBS10	196	0	196
OSBPL8	666	0	666
LOC105369850	7	0	7
LOC105369851	0	0	0
ZDHHC17	381	3	378
CSRP2	577	0	579
LOC124902971	3	3	2
E2F7	534	0	534
LOC105369853	0	0	0
LOC124903107	0	0	0
LINC02464	0	0	0
LOC124902972	0	0	0
NAV3	3	0	3
LINC02424	0	0	0
LOC105369859	0	0	0
SYT1	13	3	10
LOC105369863	0	0	0
LOC124902973	0	0	0
MIR1252	0	0	0
PAWR	1328	0	1466
PPP1R12A-AS2	2	196	0
PPP1R12A	1127	2	1181
LOC124902974	0	0	0
PPP1R12A-AS1	8	0	8
OTOGL	3	0	3
PTPRQ	2	0	3
LOC124902975	0	0	0
LOC105369867	0	1	0
MYF6	0	0	0
MYF5	0	0	0
LINC01490	0	0	0
LIN7A	0	0	0
MIR617	0	0	0
MIR618	0	0	0
ACSS3	0	0	0
ACSS3-AS1	0	0	0
MIR4699	0	0	0
PPFIA2	0	0	0
PPFIA2-AS1	0	0	0
LOC105369872	0	0	0
PPFIA2-AS2	0	0	0
LINC02426	0	0	0
LOC105369873	0	0	0
CCDC59	317	4	323
METTL25	34	6	38
LOC107987180	0	0	0
LOC107984487	0	0	0
TMTC2	0	0	0
LOC105369874	0	0	0
LOC107984536	0	0	0
LOC124902976	0	0	0
LOC124903066	0	0	0
LOC105369875	0	0	0
SLC6A15	1	0	1
LOC102724680	0	0	0
TSPAN19	0	0	0
LRRIQ1	2	0	2
ALX1	0	0	0
LINC02820	4	0	4
LOC107984537	0	0	0
LOC124903073	0	0	0
RASSF9	459	0	459
NTS	463	0	463
MGAT4C	0	0	0
LOC105369877	0	0	0
MIR3059	0	0	0
LOC105369878	0	0	0
LOC105369879	0	0	0
LOC107984478	0	0	0
LOC105369880	0	0	0
LOC105369881	3	0	3
LINC02258	0	0	0
MKRN9P	0	0	0
C12orf50	0	0	0
LOC107984542	0	1	0
RLIG1	259	43	317
CEP290	262	59	306
LOC124902977	18	21	0
TMTC3	328	0	328
LOC124902978	8	0	8
KITLG	954	0	954
LOC124902979	1	0	1
LOC105369885	15	0	15
LOC105369886	0	0	0
LOC105369887	0	0	0
LINC02458	0	0	0
LOC105378255	0	0	0
DUSP6	63	2	61
POC1B-DUSP6	0	0	0
LOC124902980	0	0	0
LOC124902981	2	2	0
POC1B	245	2	243
LOC105369889	0	0	0
POC1B-GALNT4	0	0	0
GALNT4	3	0	3
POC1B-AS1	3	0	6
ATP2B1	1925	2	1935
ATP2B1-AS1	43	10	45
LOC107984543	0	0	0
LOC105369890	2	1	1
LINC02399	1	0	1
LOC105369892	0	0	0
LINC02392	0	0	0
LOC124902982	0	0	0
LINC02822	0	0	0
LOC105369895	0	0	0
LOC124903074	0	0	0
LINC00615	0	0	0
CCER1	0	0	0
EPYC	0	0	0
KERA	0	0	0
LUM	37	0	37
DCN	1126	0	1126
LOC124903075	0	0	0
LOC105369896	0	0	0
LOC107984544	0	0	0
LINC02823	0	0	0
LINC02404	0	0	0
LOC105369901	0	0	0
LINC01619	7	0	7
BTG1	1598	5	1593
BTG1-DT	3	0	3
LINC02391	0	0	0
LOC105369902	0	0	0
LOC107984467	0	0	0
CLLU1-AS1	0	0	0
CLLU1	0	0	0
LINC02397	0	0	0
LOC105369904	0	0	0
LOC105369905	0	0	0
LOC124902983	0	0	0
PLEKHG7	0	0	0
EEA1	235	0	254
LOC124902984	0	19	0
LINC02413	0	0	0
LOC643339	0	0	0
LOC105369908	0	0	0
LINC02412	0	0	0
LOC124903102	0	0	0
LOC124900325	0	0	0
LOC124903116	0	0	0
NUDT4	696	37	702
UBE2N	1438	10	1471
MRPL42	1178	2	1176
LOC124902985	0	0	0
SOCS2-AS1	10	9	11
SOCS2	301	1	310
CRADD	154	1	153
CRADD-AS1	0	0	0
LOC105369911	2	2	0
LOC105369912	0	0	0
LOC105369913	0	0	0
LOC124902986	0	0	0
PLXNC1	12	21	0
PLXNC1-AS1	0	0	0
LOC124902987	0	0	0
CEP83	187	0	196
CEP83-DT	2	0	2
LOC102724960	0	0	0
LNCHR1	0	0	0
MIR5700	0	0	0
TMCC3	24	0	24
MIR7844	0	0	0
LOC105369914	0	0	0
LOC124902989	0	0	0
MIR492	0	0	0
KRT19P2	0	0	0
LOC105369915	1	0	1
NDUFA12	510	0	510
NR2C1	709	0	709
FGD6	693	0	693
VEZT	752	0	752
MIR331	2	0	2
MIR3685	25	0	25
LOC105369917	0	0	0
LOC107984545	0	0	0
METAP2	2455	2	2453
USP44	0	0	0
PGAM1P5	10	3	7
NTN4	362	3	359
LOC105369919	3	0	3
SNRPF-DT	1	0	1
LINC02410	0	0	0
SNRPF	598	1	598
CCDC38	5	3	3
AMDHD1	31	0	31
HAL	3	0	3
LOC102723340	30	302	0
LTA4H	1135	0	1407
TRD-GTC2-8	0	0	0
LOC124902990	0	0	0
LOC105369923	0	0	0
LINC02452	0	0	0
ELK3	273	6	267
LOC124902991	1	1	0
CDK17	653	0	653
CFAP54	7	0	7
NEDD1	370	0	370
LOC124902992	0	0	0
LOC124902993	0	0	0
LOC105369928	0	0	0
LOC105369927	0	0	0
LOC101928912	0	0	0
LINC02409	0	0	0
LOC105369930	0	0	0
RMST	0	0	0
MIR1251	0	0	0
MIR135A2	0	0	0
PAFAH1B2P2	0	0	0
MIR4495	0	0	0
MIR4303	0	0	0
LOC105369932	0	0	0
LOC105369933	0	0	0
SLC9A7P1	0	0	0
LOC124902994	0	0	0
LINC02453	3	0	3
TRD-GTC1-1	0	0	0
TRW-CCA4-1	0	0	0
TMPO-AS1	62	378	128
TMPO	2817	69	3192
SLC25A3	11674	4	11670
SNORA53	4	0	4
IKBIP	948	1	947
APAF1	433	1	553
ANKS1B	20	120	21
LOC101928937	0	0	0
GARIN6	0	0	0
BLTP3B	425	0	425
BLTP3B-DT	0	0	0
GOLGA2P5	591	0	591
MIR1827	0	0	0
ACTR6	433	0	433
DEPDC4	28	5	23
SCYL2	711	0	711
SLC17A8	0	0	0
LOC124903108	0	0	0
NR1H4	0	0	0
GAS2L3	253	0	253
ANO4	64	0	64
SLC5A8	0	0	0
UTP20	811	12	800
LOC124903119	0	0	0
ARL1	942	2	941
SPIC	0	0	0
LOC105369935	0	0	0
MYBPC1	0	0	0
LOC105369938	0	0	0
LOC105369937	0	0	0
LOC124902996	0	0	0
CHPT1	521	0	587
SYCP3	5	69	2
LOC124902997	1	0	1
GNPTAB	966	6	960
LOC124903105	0	0	0
DRAM1	781	0	781
DRAM1-AS1	2	0	2
WASHC3	175	2	173
NUP37	641	2	639
PARPBP	217	0	409
PMCH	1	193	0
LOC124902998	18	0	18
LINC02456	7	0	7
IGF1	0	0	0
LINC00485	0	0	0
PAH	0	0	0
LOC124902999	0	0	0
LOC112267865	0	0	0
ASCL1	0	0	0
C12orf42	0	0	0
LOC124903096	0	0	0
C12orf42-AS1	0	0	0
LOC105369945	0	0	0
LINC02401	0	0	0
STAB2	13	13	0
LOC124900318	0	0	0
LOC105369946	0	0	0
LOC124903106	0	0	0
NT5DC3	93	0	95
LOC124903000	0	2	0
LOC107984433	2	8	4
TTC41P	5	2	13
LOC124903001	1	1	0
HSP90B1	18524	11	18541
MIR3652	0	0	0
UQCC6	216	42	202
TDG	896	11	886
GLT8D2	784	4	781
HCFC2	153	1	152
NFYB	601	0	601
LOC105369947	0	0	0
LINC02385	2	2	0
TXNRD1	6217	1	6216
TXNRD1-AS1	19	0	19
EID3	28	0	28
LOC105369949	4	0	4
LOC124903003	0	0	0
CHST11	330	0	330
MIR3922	0	0	0
SLC41A2	304	0	304
LOC105369952	0	78	1
NOPCHAP1	206	1	284
ALDH1L2	57	4	54
LOC124903005	1	1	1
LOC414300	2	0	2
WASHC4	981	0	981
APPL2	324	17	307
C12orf75-AS1	0	0	0
C12orf75	54	0	54
LOC105369957	0	0	0
LOC105369956	0	0	0
LOC105369955	0	0	0
LOC105369958	1	0	1
LOC124903006	2	0	2
CASC18	0	0	1
LOC105369959	0	0	0
LOC107984435	0	1	0
LOC105369960	0	0	0
NUAK1	211	0	211
LOC124903007	0	0	0
CKAP4	3438	3	3435
LOC124903008	13	0	13
TCP11L2	52	1	51
POLR3B	395	6	389
LOC100287944	0	10	0
RFX4	1	1	0
LOC100505978	0	0	0
RIC8B	329	1	340
LOC105369961	2	4	0
TMEM263-DT	33	1	32
TMEM263	1332	0	1333
MTERF2	329	19	311
CRY1	344	0	344
LOC124903009	0	0	0
ABTB3	0	0	0
LOC124900324	0	0	0
PWP1	1073	2	1120
LOC124903010	0	48	0
PRDM4	488	3	585
PRDM4-AS1	8	105	2
ASCL4	0	0	0
LOC105369963	0	0	0
LOC728739	0	0	0
LOC105369964	0	0	0
WSCD2	0	0	0
LOC124903076	0	0	0
LOC105369965	0	0	0
LOC124903077	0	0	0
LOC124903078	0	0	0
CMKLR1	0	0	0
LINC01498	0	0	0
FICD	75	0	75
SART3	1234	1	1233
ISCU	1324	0	1324
TMEM119	0	0	0
SELPLG	34	0	34
LOC105369968	4	976	1
MIR4496	0	0	0
CORO1C	938	1	1910
LOC105369969	0	0	0
LOC124900333	0	0	0
SSH1	689	0	711
LOC101929204	2	24	0
MIR619	0	0	0
DAO	0	0	0
LOC124903011	0	0	0
SVOP	0	0	0
LOC105378256	0	0	0
USP30	227	11	232
USP30-AS1	0	8	8
ALKBH2	274	0	276
UNG	1186	5	1183
ACACB	305	0	305
LOC105369974	0	0	0
FOXN4	31	0	31
MYO1H	6	5	3
LINC01486	0	0	0
KCTD10	1075	0	1077
UBE3B	872	2	870
MMAB	332	2	490
MVK	306	159	307
FAM222A	73	0	73
FAM222A-AS1	1	0	1
TRPV4	0	0	0
MIR4497	0	0	0
LOC105369975	0	0	0
GLTP	316	1	315
TCHP	315	0	315
LOC124903012	0	0	0
GIT2	651	2	703
LOC124903013	0	54	0
ANKRD13A	694	23	688
C12orf76	102	0	119
LOC105369976	0	0	0
IFT81	480	0	480
ATP2A2	6319	6	6313
LOC124903014	7	0	7
ANAPC7	1153	2	1151
ARPC3	2960	3	2957
GPN3	536	54	539
FAM216A	317	13	361
LOC124903016	2	0	2
VPS29	754	9	1176
LOC124903015	60	542	0
LOC124903099	0	0	23
RAD9B	16	108	17
PPTC7	781	1	888
TCTN1	334	2	351
HVCN1	0	17	2
LOC124903017	0	0	0
PPP1CC	2900	2	2898
CCDC63	0	0	0
MYL2	0	0	0
VHRT	0	0	0
LINC01404	0	0	0
LOC105369981	0	0	0
CUX2	0	0	0
LOC124903018	0	0	0
LOC105369983	0	0	0
MIR6760	0	0	0
PHETA1	198	0	198
LINC02356	1	0	1
SH2B3	389	4	387
LOC124903019	2	3	1
ATXN2	932	1	932
LOC124903094	0	0	0
ATXN2-AS	2	0	3
BRAP	434	0	434
LOC124903020	0	0	0
ACAD10	378	1	377
ALDH2	17	1	16
MIR6761	0	0	0
MAPKAPK5-AS1	209	173	209
MAPKAPK5	671	6	838
TMEM116	98	0	98
ERP29	1742	8	3720
LOC124903021	42	2009	17
NAA25	1067	0	1067
MIR3657	0	0	0
LOC124903022	0	0	0
TRAFD1	1665	1	1664
HECTD4	895	1	894
MIR6861	0	0	0
RPL6	15553	3	15550
PTPN11	1760	2	1758
LOC124903023	0	0	0
LOC124903024	2	0	2
RPH3A	0	0	0
MIR1302-1	0	0	0
OAS1	1431	0	1431
OAS3	1613	1	1612
OAS2	407	0	407
DTX1	0	0	0
RASAL1	1	0	1
CFAP73	3	742	3
DDX54	1752	4	2477
MIR7106	0	0	3
RITA1	973	0	974
DRC10	20	2	19
TPCN1	1765	2	1763
MIR6762	0	0	0
SLC8B1	707	1	706
LOC105369989	0	0	0
PLBD2	1687	0	1691
SDS	2	6	0
SDSL	160	0	160
LHX5	0	0	0
LHX5-AS1	0	0	0
LOC105369990	0	0	0
LOC105369991	0	0	0
LINC01234	61	0	61
RBM19	759	0	760
LOC124903025	0	1	0
LOC105369993	0	0	0
LOC105369994	0	0	0
LOC105369995	0	0	0
LINC02459	0	0	0
TBX5	0	0	0
TBX5-AS1	0	0	0
LOC105369998	0	0	0
LOC124903026	0	0	0
TBX3	1243	1	1242
TBX3-AS1	1	1	0
LOC105369999	0	0	0
LOC124900329	0	0	0
LOC124903079	7	0	7
LOC124903080	0	0	0
LOC102723639	0	0	0
LOC124903081	0	0	0
LOC124903082	0	0	0
LOC105370003	0	0	0
LOC105370002	0	0	0
LINC02463	1	0	1
LOC124900323	0	0	0
MED13L	731	1	730
MIR620	0	0	0
LOC105370005	0	0	0
MIR4472-2	0	0	0
LOC105370007	1	0	1
LOC105370008	0	0	0
LINC02457	0	0	0
LINC00173	24	0	24
MAP1LC3B2	1	0	1
LOC124903028	0	1	0
LINC03088	0	0	1
SPRING1	868	1	867
RNFT2	56	0	56
HRK	183	1	182
FBXW8	252	3	261
LOC100506551	5	17	0
TESC	262	0	265
TESC-AS1	0	3	0
LOC105370010	0	0	0
FBXO21	1980	1	1979
NOS1	0	0	0
KSR2	1	1	0
LOC105370012	0	0	0
LOC105370011	0	0	0
RFC5	1151	927	1157
WSB2	357	31	1259
LOC124903030	3	3	0
VSIG10	517	7	510
LOC124903029	43	0	43
LOC101928274	53	0	53
PEBP1	3901	1	3900
TAOK3	778	0	778
LOC124903031	3	0	3
SUDS3	948	3	945
LINC02460	0	0	0
LINC02423	0	0	0
LINC02440	0	0	0
LOC105370017	0	0	0
LOC107984472	0	0	0
LINC02439	0	0	0
LOC105370018	0	0	0
LOC105370019	0	0	0
LOC124900328	0	0	0
LOC105370020	0	0	0
SRRM4	0	0	0
SRRM4-AS1	0	0	0
LOC105370021	0	0	0
LOC112268101	0	0	0
LOC105370024	0	0	0
HSPB8	428	1	427
HSPB8-AS1	0	0	0
LOC105370026	0	0	0
LOC105370025	0	0	0
LOC124903032	0	0	0
LINC00934	0	0	0
CCDC60	0	0	0
PRKAB1-AS1	0	54	0
TMEM233	0	0	0
PRKAB1	234	0	330
LOC124903033	6	48	0
CIT	857	3	854
MIR1178	0	0	0
LOC112268087	0	0	0
BICDL1	550	0	550
LOC124903114	1	0	1
RAB35	1200	2	1199
RAB35-AS1	70	0	71
GCN1	6047	1	6046
MIR4498	0	0	0
RPLP0	37576	16	37560
PXN-AS1	21	363	50
PXN	1770	45	2698
LOC124903034	21	596	6
RNU4-2	0	0	0
SIRT4	29	1	28
RNU4-1	0	0	0
PLA2G1B	0	0	0
MSI1	0	0	0
COX6A1	3842	1	3841
TRIAP1	553	1	552
GATC	631	976	622
SRSF9	907	57	1820
DYNLL1	2267	3	2267
NRAV	186	0	186
COQ5	460	0	460
RNF10	2071	5	2066
LOC128071547	0	0	0
POP5	498	0	498
CABP1-DT	1	0	1
CABP1	0	0	0
LOC105370029	0	3	0
MLEC	2547	4	2548
LOC124903035	19	20	1
LOC124903036	0	38	0
UNC119B	597	1	634
MIR4700	0	0	0
ACADS	749	0	749
SPPL3	642	2	640
XLOC_009911	0	0	0
HNF1A-AS1	0	0	0
HNF1A	0	43	0
C12orf43	290	0	333
OASL	22388	11	22377
LOC105378258	0	0	0
LOC105370031	0	0	0
LOC124900320	0	0	0
LOC105370030	0	0	0
LOC105370032	0	0	0
P2RX7	1	0	1
P2RX4	204	0	204
CAMKK2	722	0	722
ANAPC5	3595	1	3594
LOC124903037	0	0	0
RNF34	603	12	591
KDM2B	333	38	298
MIR7107	0	0	0
KDM2B-DT	0	0	3
ORAI1	0	0	0
MORN3	0	0	0
LOC105370034	0	0	0
TMEM120B	469	2137	531
RHOF	67	121	2145
SETD1B	1325	18	1311
LINC01089	240	1	243
HPD	4307	5	7486
TIALD	3	3185	2
PSMD9	732	0	732
CFAP251	16	0	16
LOC124903038	0	0	0
BCL7A	44	0	44
LINC02985	0	0	0
MLXIP	600	0	600
LRRC43	3	3	0
IL31	0	0	0
B3GNT4	27	727	20
DIABLO	236	2	954
LOC128125816	0	0	0
LOC101593348	2	0	2
VPS33A	747	0	747
CLIP1	1489	1	1492
CLIP1-AS1	0	4	0
ZCCHC8	545	1	544
RSRC2	1078	1	1077
KNTC1	1633	0	1633
MIR9902-1	0	0	0
HCAR2	37	1	36
MIR9902-2	0	0	0
HCAR3	58	0	58
HCAR1	0	0	0
DENR	786	0	786
CCDC62	27	0	27
LOC124903040	1	21	0
HIP1R	2043	3	2060
LOC124903039	1	1	2
VPS37B	882	10	875
ABCB9	270	42	271
OGFOD2	367	1	409
ARL6IP4	1829	2	1827
PITPNM2	768	0	768
MIR4304	0	0	0
PITPNM2-AS1	0	0	0
MPHOSPH9	683	3	683
MTRFR	306	32	277
CDK2AP1	1847	14	1833
SBNO1	1111	0	1111
MIR8072	0	0	0
SBNO1-AS1	28	0	29
KMT5A	730	0	731
RILPL2	227	1	227
LOC124903041	0	0	0
SNRNP35	290	114	295
RILPL1	263	9	373
MIR3908	0	0	0
LOC124903042	10	0	10
TMED2-DT	5	0	5
TMED2	3638	0	3638
DDX55	463	2	835
LOC105370041	3	231	0
SNORA9B	1	0	1
EIF2B1	1193	148	1192
GTF2H3	413	0	413
TCTN2	216	1	215
ATP6V0A2	381	0	381
LOC105370042	3	3	0
DNAH10	0	0	0
LOC105370044	0	0	0
LOC124903043	0	0	0
DNAH10OS	0	0	0
CCDC92	71	0	71
ZNF664-RFLNA	0	0	0
ZNF664	904	0	904
RFLNA	0	0	0
NCOR2	4248	16	4232
MIR6880	0	0	0
LOC124903044	16	0	16
LOC105370047	6	6	0
LOC101927436	2	0	2
LOC124903045	0	0	0
SCARB1	7672	2	7670
LOC124903046	1	1	0
LOC105370050	2	2	0
UBC	14225	4	14221
MIR5188	2	0	2
TRA-TGC3-2	0	0	0
TRD-GTC2-9	0	0	0
TRF-GAA1-4	0	0	0
TRD-GTC2-10	1	0	1
TRA-TGC4-1	0	0	0
DHX37	718	5	713
BRI3BP	837	0	1033
THRIL	0	196	0
LOC105370052	0	0	1
AACS	1257	2	1256
LOC105370053	0	0	0
TMEM132B	0	0	0
LOC105370054	0	0	0
LOC107984445	0	0	0
LOC105370055	0	0	0
LOC124903047	0	0	0
LINC00939	0	0	0
LINC02826	0	0	0
LOC105370058	0	0	0
LOC105370056	0	0	0
LINC02359	0	0	0
LOC107984447	0	0	0
LOC105379613	0	0	0
LOC101927531	0	0	0
LOC107984448	0	0	0
LINC02825	0	0	0
LOC124903048	0	0	0
LINC02350	0	0	0
LINC02347	0	0	0
LOC100996671	0	0	0
LINC02824	0	0	0
LINC00944	0	0	0
LINC00943	0	0	0
LINC02372	0	0	0
LOC105370061	0	0	0
LINC02405	17	0	17
LOC105370063	1	1	0
LOC107984449	9	0	16
LOC107984450	0	6	0
LOC105370062	0	1	0
LOC105370064	0	0	0
LOC124903049	4	0	4
LINC02376	0	0	0
LOC124903050	0	0	0
LINC02375	0	0	0
LOC105370066	0	0	0
LOC105370067	0	0	0
LOC124903051	0	0	0
LINC02411	0	0	0
LOC105370068	0	0	0
LOC105370069	0	0	0
LOC124903052	0	0	0
LINC02393	0	0	0
LINC00508	0	0	0
LINC00507	0	0	0
LINC02441	0	0	0
LOC105370071	0	0	0
LINC02369	0	0	0
LINC02368	0	0	0
LOC107987176	0	0	0
TMEM132C	0	0	0
MIR3612	0	0	0
SLC15A4	411	0	420
LOC124903083	2	9	2
LOC100128276	0	0	0
GLT1D1	0	0	0
LOC124903084	0	0	0
LOC105370073	0	0	0
TMEM132D	0	0	0
LOC124903086	0	0	0
TMEM132D-AS1	5	0	5
TMEM132D-AS2	0	0	0
LOC105370074	0	0	0
LOC124903085	0	0	0
LOC105370076	0	0	0
LOC124903087	0	0	0
LINC02418	0	0	0
LOC105370077	0	0	0
LINC02419	0	0	0
LOC124903088	278	6	272
FZD10-AS1	459	109	350
FZD10	392	0	392
LOC107984480	1	0	1
LOC101927786	0	0	0
PIWIL1	0	0	0
RIMBP2	0	0	0
LOC105370080	1	1	0
STX2	278	0	278
LOC124903053	0	0	0
RAN	9531	4	9527
ADGRD1	430	0	472
LOC124903054	0	19	0
ADGRD1-AS1	0	23	0
LOC107984452	1	1	0
LINC01257	0	0	0
LOC105370082	267	1	266
LOC107987177	0	0	0
LOC100128002	0	0	0
LINC02415	0	0	0
LOC124903055	0	0	0
LINC02370	0	0	0
LOC124903090	10	1	9
LOC101929974	0	0	0
LOC124903056	0	0	0
LOC105370084	0	0	0
LINC02414	0	0	0
LOC105370086	0	0	0
LOC100996701	0	0	0
LOC124903057	0	0	0
LOC105370087	0	0	0
SFSWAP	1206	1	1205
LOC105370088	2	0	2
MMP17	63	0	63
LOC124903058	3	0	3
LOC124903059	0	0	0
ULK1	2323	6	2317
PUS1-AS1	19	0	19
PUS1	836	9	827
EP400	1228	0	1228
SNORA49	0	0	0
EP400P1	29	0	29
LOC107987169	0	0	0
DDX51	0	0	0
NOC4L	0	0	0
LINC02361	0	0	0
GALNT9	0	0	0
LOC105370091	0	0	0
GALNT9-AS1	0	0	0
LOC101928416	0	0	0
LOC105370092	0	0	0
LOC112268102	0	0	0
LOC124903060	0	0	0
MUC8	3	0	3
FBRSL1	820	2	818
LOC124903061	16	0	16
MIR6763	1	0	1
LOC124903062	0	0	0
LOC105370094	0	0	0
LRCOL1	0	0	0
P2RX2	10	10	0
POLE	2535	2	2533
PXMP2	317	0	319
LOC124903063	7	2	7
PGAM5	1137	0	1137
ANKLE2	2100	0	2100
GOLGA3	822	9	813
CHFR	5	0	5
CHFR-DT	0	0	0
LOC124903065	0	0	0
ZNF605	169	1	168
LOC124903064	0	0	0
ZNF26	80	0	80
ZNF84-DT	0	0	0
ZNF84	236	0	236
ZNF140	15	36	54
ZNF891	111	40	146
ZNF10	44	0	44
ZNF268	85	0	85
ANHX	0	0	0
FAM230C	0	0	0
LOC124903275	0	0	0
LINC00349	0	0	0
LINC00417	0	0	0
ANKRD20A9P	0	0	0
LINC00408	0	0	0
LINC00442	0	0	0
LOC107984132	0	0	0
TUBA3C	0	0	0
LOC101928697	0	0	0
LOC124900335	0	0	0
ANKRD26P3	0	0	0
LINC00421	0	0	0
TPTE2	0	0	0
TPTE2-AS1	0	0	0
MPHOSPH8	331	31	458
PSPC1	705	148	715
ZMYM5	111	0	111
ZMYM2	960	0	960
LOC124903265	0	0	0
LINC01072	0	0	0
LOC105370101	0	0	0
LOC124903128	0	0	0
GJA3	0	0	0
LOC107984553	0	0	0
GJB2	0	0	0
GJB6	0	0	0
LOC105370102	0	0	0
CRYL1	72	0	72
MIR4499	0	0	0
LOC105370103	1	0	1
IFT88	146	0	146
IL17D	17	15	2
EEF1AKMT1	63	0	63
XPO4	666	0	666
LOC124903129	0	0	0
LINC00367	0	0	0
LOC124903269	0	0	0
LATS2	448	6	442
LOC105370104	0	0	0
LOC124900339	0	0	0
SAP18	964	1	963
SKA3	426	0	426
MRPL57	454	2	452
LINC01046	0	0	0
LOC105370105	0	0	0
LOC101928764	1	0	1
MIPEPP3	7	42	7
LINC00539	1	1	0
GRK6P1	0	0	0
ZDHHC20	767	2	810
LOC124903130	1	2	0
LOC124903131	0	0	2
MICU2	341	0	341
LOC124903270	0	0	0
FGF9	0	0	0
LOC124903132	0	0	0
LINC00424	0	0	0
LOC105370108	0	0	0
LINC00540	0	0	0
LOC107984599	0	0	0
LOC124903133	0	0	0
LINC00621	0	0	0
LOC105370109	0	0	0
BASP1P1	0	0	0
LOC124903230	0	0	0
LOC105370111	0	0	0
LOC105370112	0	0	0
LOC124903134	0	0	0
SGCG	0	0	0
LINC00362	0	0	0
LOC107984585	1	0	1
SACS	507	0	507
SACS-AS1	0	0	0
LINC00327	0	0	0
LOC124903135	0	0	0
TNFRSF19	0	0	0
LOC105370113	0	0	0
MIPEP	501	0	502
PCOTH	0	1	10
C1QTNF9B	2	10	0
ANKRD20A19P	0	0	0
LOC105370115	0	0	0
SPATA13	116	0	116
LOC124903136	0	0	0
MIR2276	0	0	0
SPATA13-AS1	1	1	0
C1QTNF9	0	0	0
LINC00566	0	0	0
PARP4	1778	0	1799
LOC105370117	1	21	1
LOC105370295	0	0	0
LOC101927375	0	0	0
TPTE2P6	0	0	0
LOC107984610	0	0	0
ATP12A	0	0	0
LOC105370118	0	0	0
RNF17	13	13	0
CPAP	374	0	374
TPTE2P1	0	0	0
LOC105370119	0	0	0
LOC124900613	0	0	0
PABPC3	1	0	1
LOC105370120	0	0	0
AMER2	0	0	0
LINC00463	0	0	0
LINC01053	0	0	0
LOC105370121	0	0	0
MTMR6	316	0	316
NUP58	963	0	963
ATP8A2	0	0	0
LOC105370122	0	0	0
SHISA2	0	0	0
LINC00415	0	0	0
RNF6	304	1	303
CDK8	267	0	267
WASF3	0	0	0
LOC107984597	0	0	0
GPR12	0	0	0
LOC105370124	5	0	5
USP12	940	0	940
USP12-AS1	0	0	0
USP12-DT	13	0	13
LOC124903137	3	3	0
LINC00412	0	0	0
RPL21	7734	1	7733
SNORD102	14	0	14
SNORA27	13	0	13
RASL11A	254	0	254
LOC105370126	0	0	0
LOC124903138	0	0	0
GTF3A	890	59	908
MTIF3	255	26	306
LNX2	189	37	187
POLR1D	1098	0	1133
LOC105370129	0	0	0
GSX1	0	0	0
PLUT	0	0	0
LOC124903139	3	0	3
LOC105370130	0	0	0
PDX1	0	0	0
LINC00543	0	0	0
CDX2	0	0	0
URAD	0	0	0
LOC105370132	0	0	0
FLT3	0	0	0
PAN3-AS1	7	12	12
PAN3	380	5	413
LOC124903140	13	34	0
FLT1	0	0	0
LOC124903141	0	0	0
LOC124903142	0	0	0
LOC105370135	0	0	0
POMP	1164	0	1164
LOC124903143	1	0	1
SLC46A3	2	2	0
MTUS2	124	3	123
LOC124903144	0	0	0
MTUS2-AS2	0	0	0
MTUS2-AS1	0	0	0
SLC7A1	1111	3	1110
LOC102723345	0	0	0
LOC105370139	0	0	0
UBL3	503	1	502
LINC00297	0	0	0
LINC00572	0	0	0
LINC00544	0	0	0
LINC00365	0	0	0
LINC00384	0	0	0
LINC00385	0	0	0
KATNAL1	225	1	224
LOC102723381	0	0	0
LINC00427	1	1	0
LOC124903145	2	0	2
LINC00426	0	0	0
LINC01058	1	0	1
UBE2L5	0	0	0
LOC107984577	2	0	2
HMGB1	3611	5	3606
USPL1	255	0	255
TRN-GTT2-4	0	0	0
ALOX5AP	8	0	8
LOC124903146	0	0	0
LINC00398	0	0	0
LINC00545	0	0	0
TEX26-AS1	0	0	0
MEDAG	0	0	0
TEX26	0	0	0
TEX26-AS2	0	0	0
LINC01066	0	0	0
LOC124903147	0	0	0
LOC102723392	0	0	0
HSPH1	1643	2	1641
LOC105370148	0	0	0
B3GLCT	177	7	170
LOC124903148	0	0	0
LOC105370150	0	0	0
RXFP2	0	0	0
LOC105370152	0	0	0
LOC124903150	0	0	0
EEF1DP3	0	0	0
LOC124900336	0	0	0
LOC124903149	0	0	0
FRY-AS1	0	0	0
FRY	52	0	52
ZAR1L	0	0	0
BRCA2	253	1	252
N4BP2L1	9	0	9
LOC124903256	0	0	0
N4BP2L2	697	0	697
MICOS10P1	0	0	0
N4BP2L2-IT2	0	0	0
PDS5B-DT	0	0	0
PDS5B	591	0	591
LINC00423	0	0	0
LOC124903151	0	0	0
KL	0	0	0
STARD13	86	6	80
STARD13-AS	0	0	0
LINC02344	0	0	0
LOC124903152	0	0	0
LOC102723406	15	14	1
LOC107984551	0	0	0
RFC3	1110	3	1107
LOC105370156	0	0	0
LOC107984589	0	0	0
LOC124903153	1	0	1
LOC124900343	0	0	0
LOC124903154	0	0	0
LINC02343	0	0	0
LINC00457	0	0	0
LOC105370159	0	0	0
LOC107987189	0	0	0
LOC124903231	0	0	0
NBEA	4	0	4
LOC124903232	0	0	0
MAB21L1	0	0	0
LOC105370161	0	0	0
LOC124903224	0	0	0
LINC00445	0	0	0
DCLK1	0	0	0
LOC105370163	0	0	0
LOC107984604	0	0	0
CCDC169-SOHLH2	0	0	0
SOHLH2	6	0	6
CCDC169	30	0	30
SPART	1071	5	1079
SPART-AS1	1	11	3
CCNA1	0	0	0
LOC124903155	0	0	0
LOC124903157	0	0	0
SERTM1	0	0	0
LOC102723490	3	0	3
LOC124903156	0	0	0
LOC124903158	0	0	0
RFXAP	82	0	82
SMAD9	15	15	0
ALG5	291	0	291
EXOSC8	599	33	619
SUPT20H	696	22	727
CSNK1A1L	0	0	0
LOC105377814	0	0	0
LOC124903159	0	0	0
LINC01048	0	0	0
LINC00547	0	0	0
POSTN	2	0	2
TRPC4	0	0	0
LOC124903160	0	0	0
LINC02334	0	0	0
LINC00571	0	0	2
UFM1	605	5	602
LINC00437	0	0	0
LOC105370167	0	0	0
LINC00366	0	0	0
FREM2	0	0	0
FREM2-AS1	0	0	0
STOML3	0	0	0
PROSER1	470	1	469
NHLRC3	221	0	221
LOC105370169	1	0	1
LOC105370168	0	0	0
LOC107984579	0	0	0
LOC124903161	0	0	0
LOC107984580	0	0	0
LHFPL6	0	0	0
LOC124903266	0	0	0
LOC105370170	0	0	0
LOC112268119	0	0	0
COG6	257	0	257
MIR4305	0	0	0
LOC124903255	0	0	0
LOC105370171	0	0	0
LOC107984569	0	0	0
LOC124903162	0	0	0
LINC00332	0	0	0
LINC00548	0	0	0
LINC00598	0	0	0
FOXO1	316	0	316
MIR320D1	0	0	0
MRPS31	272	0	272
SLC25A15	200	0	248
TPTE2P5	1	49	0
MIR621	0	0	0
SUGT1P3	0	0	0
ELF1	484	4	482
TRE-TTC1-2	0	0	0
WBP4	141	0	143
MIR3168	0	0	0
KBTBD6	452	0	452
KBTBD6-DT	10	0	10
LOC124903260	0	0	0
KBTBD7	190	0	190
MTRF1	155	0	155
LOC105370173	0	0	0
NAA16	316	0	316
OR7E37P	0	0	0
RGCC	0	0	0
LOC105370174	1	1	0
LOC105370175	0	0	0
VWA8	476	1	475
MIR5006	0	0	0
VWA8-AS1	1	0	1
LOC105370176	0	0	0
DGKH	309	5	304
AKAP11	333	2	331
LINC02341	0	0	0
TNFSF11	0	0	0
LOC124903163	0	0	0
LOC124903164	0	0	0
FAM216B	0	0	0
LOC107984611	0	0	0
LINC01050	1	0	1
LINC00428	0	0	0
EPSTI1	9	1	8
LOC124903165	0	0	0
LOC105370178	0	0	0
LOC105370179	0	0	0
DNAJC15	676	0	676
LINC00400	0	0	0
ENOX1	104	0	104
ENOX1-AS2	0	0	0
LOC124903166	0	0	0
CCDC122	18	0	23
LACC1	37	5	37
LOC105370182	0	0	0
NRAD1	2	0	2
LINC00390	2	0	2
SMIM2-AS1	9	1	18
SMIM2	0	8	0
SMIM2-IT1	1	0	2
MIR8079	0	0	0
LOC107984552	11	0	11
LOC105370297	0	0	0
SERP2	0	0	0
TUSC8	0	0	0
TSC22D1	3224	0	3263
LOC124903167	0	2	0
TSC22D1-AS1	1	37	1
LOC124903261	0	0	0
LINC00407	0	0	0
LOC105370185	8	0	8
LINC00330	3	0	3
LOC105370187	0	0	0
LOC107984619	0	0	0
TRE-TTC2-1	0	0	0
NUFIP1	178	0	178
GPALPP1	271	0	271
LOC105370188	0	0	0
LOC107984596	0	0	0
LOC101929259	0	0	0
GTF2F2	370	0	370
KCTD4	0	0	0
LOC124903168	0	0	0
LOC105370190	0	0	0
TPT1	15227	7	15220
SNORA31B	0	0	0
SNORA31	2	0	2
TPT1-AS1	48	5	43
LOC124903169	0	0	0
SLC25A30	108	0	110
SLC25A30-AS1	0	2	0
COG3	348	2	346
ERICH6B	0	0	0
LINC01055	0	0	0
CBY2	0	0	0
SIAH3	0	0	0
LOC105370191	0	0	0
ZC3H13	684	0	684
CPB2-AS1	0	0	1
CPB2	1	2	0
LCP1	1	0	1
LOC107984578	0	0	0
LOC105370192	0	0	0
LRRC63	0	0	0
LOC124903262	0	0	0
LOC105370194	0	0	0
LOC124903170	0	0	0
LINC00563	0	0	0
RUBCNL	0	0	0
LINC01198	0	0	0
LOC112268117	0	0	0
LOC124903171	0	0	0
LRCH1	195	0	195
LOC107984563	0	0	0
ESD	585	0	585
HTR2A	0	0	0
HTR2A-AS1	0	0	0
LOC105370195	2	0	2
LOC105370196	2	0	2
LINC00562	9	0	9
SUCLA2	926	0	926
SUCLA2-AS1	5	6	0
LOC124903172	1	30	41
NUDT15	257	36	285
MED4	202	0	505
MED4-AS1	2	305	0
LOC105370198	0	0	0
ITM2B	4024	8	4016
RB1-DT	1	0	1
RB1	1140	0	1201
LOC112268118	0	61	0
LPAR6	10	9	1
RCBTB2	51	0	51
LOC124903173	9	0	9
LOC124903174	0	0	0
LINC01077	0	0	0
LINC00462	0	0	0
LOC105370202	0	0	0
CYSLTR2	2	0	2
LOC107984559	0	0	0
FNDC3A	2389	112	2277
MLNR	0	0	0
LOC105370203	5	0	5
CDADC1	139	0	139
CAB39L	57	0	57
SETDB2-PHF11	0	0	0
SETDB2	41	0	41
PHF11	1	0	1
RCBTB1	287	0	287
LOC105370204	0	0	0
ARL11	0	0	0
LOC105370205	3	0	3
EBPL	827	0	827
KPNA3	895	0	895
CTAGE10P	0	0	0
SPRYD7	236	1	235
DLEU2	62	12	78
MIR3613	1	0	1
TRIM13	137	18	148
KCNRG	2	0	2
MIR16-1	0	0	0
MIR15A	0	0	0
DLEU1	172	0	172
ST13P4	3	0	3
LOC124900337	0	0	0
DLEU1-AS1	0	0	0
LOC107984568	0	0	0
DLEU7	1	1	0
DLEU7-AS1	0	0	0
RNASEH2B-AS1	0	0	0
RNASEH2B	274	0	274
GUCY1B2	12	0	12
C13orf42	0	0	0
LOC107984554	0	0	0
FAM124A	2	0	2
INTS6	751	3	793
SERPINE3	5	50	0
MIR5693	0	0	0
INTS6-AS1	14	0	14
LOC124903175	0	0	0
MIR4703	0	0	0
WDFY2	459	3	548
LOC124903177	0	26	0
DHRS12	51	70	44
LOC107984561	6	7	8
TMEM272	1	0	1
CCDC70	0	0	0
ATP7B	165	0	165
ALG11	47	0	47
UTP14C	0	0	0
NEK5	3	6	0
LOC101929657	0	0	0
NEK3	98	1	107
LOC124903176	6	16	0
MRPS31P5	55	0	55
TPTE2P2	0	0	0
LINC02333	0	0	0
LOC105370207	0	0	0
THSD1	19	0	19
VPS36	549	1	548
CKAP2-DT	6	0	7
CKAP2	1013	2	1012
LINC00345	10	8	2
TPTE2P3	1	1	0
HNRNPA1L2	124	0	124
SUGT1-DT	27	0	27
SUGT1	718	0	718
CNMD	0	0	0
MIR759	0	0	0
PCDH8	0	0	0
OLFM4	0	0	0
LINC01065	0	0	0
LOC105370210	0	0	0
LINC00558	0	0	0
LINC00458	0	0	0
MIR1297	0	0	0
LOC105370213	0	0	0
LOC124903233	0	0	0
LINC02335	0	0	0
MIR5007	0	0	0
LOC105370214	0	0	0
LOC124903268	0	0	0
LOC124903235	0	0	0
PRR20A	0	0	0
PRR20B	0	0	0
PRR20C	0	0	0
PRR20D	0	0	0
PRR20E	0	0	0
LOC105370216	0	0	0
LOC105370217	0	0	0
PCDH17	271	2	269
LINC02338	0	0	0
LINC00374	0	0	0
LOC105370218	0	0	0
LOC105370219	0	0	0
LOC105370220	0	0	0
LOC105370221	1	0	1
LOC105370224	2	0	2
LOC105370223	0	0	0
LOC105370222	0	0	0
LOC107984625	0	0	0
DIAPH3	773	0	806
DIAPH3-AS1	3	36	0
DIAPH3-AS2	0	0	0
LOC105370227	1	0	1
LINC00434	0	0	0
LOC105370228	0	0	0
TDRD3	354	2	352
LOC124903178	0	0	0
LOC105370230	0	0	0
LINC00378	0	0	0
LINC01442	0	0	0
LOC102723910	0	0	0
MIR3169	0	0	0
PCDH20	0	0	0
LINC02339	0	0	0
LOC105370231	0	0	0
LINC00358	0	0	0
LINC01075	0	0	0
LINC01074	0	0	0
LINC00459	0	0	0
LOC105370232	0	0	0
LINC00448	0	0	0
LOC105370234	0	0	0
LINC00376	0	0	0
LOC124903236	0	0	0
LOC105370237	0	0	0
LOC105370236	0	0	0
LINC00395	0	0	0
LOC105370235	0	0	0
OR7E156P	0	0	0
LOC112267897	0	0	0
LOC102723968	0	0	0
LOC647264	0	0	0
LOC105377815	0	0	0
LINC00355	17	0	17
LOC124903237	0	0	0
LOC105370238	0	0	0
LOC107987190	0	0	0
LOC105370239	0	0	0
LOC105370240	0	0	0
LOC105370241	0	0	0
LINC01052	0	0	0
LOC105370243	0	0	0
LOC105370244	0	0	0
MIR548X2	0	0	0
LOC105370245	0	0	0
LOC124903225	0	0	0
MIR4704	0	0	0
LOC124903179	0	0	0
PCDH9	9	1	10
PCDH9-AS1	0	2	0
LOC105370247	0	0	0
PCDH9-AS2	0	0	0
PCDH9-AS3	0	0	0
PCDH9-AS4	0	0	0
LOC105370246	0	0	0
LINC00364	0	0	0
LOC105370248	0	0	0
LOC105370249	0	0	0
LOC105370250	0	0	0
LOC107984622	0	0	0
LOC124903238	0	0	0
LOC105370251	0	0	0
LOC101927072	0	0	0
LOC124903239	0	0	0
LINC00550	0	0	0
LOC105370254	0	0	0
LINC02342	0	0	0
LINC00383	0	0	0
KLHL1	0	0	0
ATXN8OS	0	0	0
LOC105370255	0	0	0
LINC00348	0	0	0
DACH1	0	0	0
LOC124900345	0	0	0
LOC124903181	0	0	0
LOC124900344	0	0	0
MZT1	510	0	510
BORA	165	50	351
DIS3	1028	205	1059
PIBF1	341	0	341
KLF5	1784	0	1784
LOC105377816	0	0	0
LINC00393	0	0	0
LINC00392	0	0	0
LOC128966561	0	0	0
LOC105370256	5	0	5
KLF12	341	0	341
LOC124903182	0	0	0
LINC00402	0	0	0
LOC105370259	0	0	0
LOC100288208	0	0	0
LINC00381	0	0	0
LOC107987191	0	0	0
LINC00347	0	0	0
LOC105370260	0	0	0
LOC107984620	0	0	0
CTAGE11P	0	0	0
LINC01078	0	0	0
TBC1D4	594	0	594
COMMD6	314	0	314
UCHL3	293	0	425
LMO7-AS1	4	134	2
LMO7	4996	2	4994
LMO7DN	0	0	0
LMO7DN-IT1	0	0	0
LINC00561	0	0	0
LOC105370262	0	0	0
LOC105370261	0	0	0
LOC105370263	0	0	0
LOC105370264	0	0	0
LOC124903183	0	0	0
LOC105370266	0	0	0
LOC112268120	0	0	0
LOC105370265	0	0	0
LOC107984587	0	0	0
KCTD12	195	5	190
BTF3P11	0	0	0
LOC105370269	0	0	0
ACOD1	0	0	0
CLN5	257	25	237
FBXL3	377	3	379
MYCBP2	1037	1	1173
MYCBP2-AS1	0	137	0
MYCBP2-AS2	0	0	0
LOC124903184	0	0	0
LOC127898562	0	0	0
LOC107984564	0	0	0
LOC124903185	0	0	0
LOC124903186	0	0	0
LOC105370271	0	0	0
SCEL	0	0	0
SCEL-AS1	0	0	0
LOC100129307	0	0	0
SLAIN1	0	0	0
MIR3665	0	0	0
EDNRB-AS1	0	0	0
EDNRB	27	0	27
LINC01069	0	0	0
LINC00446	0	0	0
OBI1-AS1	1	230	0
LOC780529	0	0	0
POU4F1	2	0	2
OBI1	179	0	408
LOC105370272	0	0	0
LINC00331	0	0	0
LOC105370273	0	0	0
RBM26	1265	1	1264
RBM26-AS1	17	0	19
LOC105370274	0	2	0
NDFIP2-AS1	0	1	0
NDFIP2	1209	0	1210
LINC01068	0	0	0
LOC124903226	0	0	0
LINC01038	0	0	0
LINC00382	0	0	0
LINC01080	0	0	0
LOC105370275	0	0	0
LOC101927238	0	0	0
SPRY2	387	6	381
LOC105370276	0	0	0
LOC124903240	0	0	0
LOC105370278	0	0	0
LOC124903241	0	0	0
LINC00377	0	0	0
LINC00564	0	0	0
LOC105370281	0	0	0
LOC105370282	0	0	0
LOC105370283	0	0	0
LOC105370284	0	0	0
LOC105370285	0	0	0
LOC124903242	0	0	0
LOC105370286	0	0	0
SLITRK1	0	0	0
LOC105370287	0	0	0
LINC00333	0	0	0
LOC105370289	0	0	0
SNORA107	0	0	0
LOC105370290	0	0	0
LINC00375	0	0	0
LOC105370291	0	0	0
LOC105370292	0	0	0
LINC00351	0	0	0
SLITRK6	0	0	0
LOC124903227	0	0	0
LOC105370299	0	0	0
LOC105370300	0	0	0
LINC00430	0	0	0
LOC105370301	0	0	0
LOC105370302	2	3	0
MIR4500HG	0	0	1
LOC124900338	6	27	6
MIR4500	1	0	1
LOC124903229	0	0	0
SLITRK5	318	6	340
LOC112268106	58	8	51
LINC00397	10	0	11
LOC105370304	0	0	0
LINC00373	0	0	0
LOC124903243	0	0	0
LINC00433	0	0	0
LINC00560	0	0	0
LOC105370307	0	0	0
LINC01047	0	0	0
LINC00440	0	0	0
LOC107984621	0	0	0
LINC01040	0	0	0
LINC00353	0	0	0
LINC02336	0	0	0
LOC124903257	0	0	0
LINC00559	0	0	0
MIR622	0	0	0
LOC124903228	0	0	0
LOC105370310	0	0	0
LINC01049	0	0	0
LOC107984572	0	0	0
LOC105370311	5	0	5
LINC00410	0	0	0
LINC00380	0	0	0
LOC105370312	0	0	0
LOC124903187	0	0	0
LINC00379	0	0	0
LOC124903188	0	0	0
LOC105370313	0	0	0
LOC105370314	0	0	0
MIR17HG	69	0	69
MIR17	0	0	0
MIR18A	0	0	0
MIR19A	0	0	0
MIR20A	0	0	0
MIR19B1	0	0	0
MIR92A1	0	0	0
LOC124903189	0	0	0
GPC5	322	0	322
GPC5-AS2	0	0	0
GPC5-IT1	1	0	1
MIR548AS	0	0	0
LOC124903190	0	0	0
LOC105370315	0	0	0
GPC5-AS1	0	0	0
LOC105370317	0	0	0
LINC00363	0	0	0
GPC6	0	0	0
GPC6-AS2	0	0	0
GPC6-AS1	0	0	0
DCT	0	0	0
LOC124903191	1	0	1
TRF-GAA1-5	0	0	0
TGDS	203	0	203
GPR180	349	0	349
LINC00391	0	0	0
SOX21	0	0	0
SOX21-AS1	0	0	0
LOC112268114	0	0	0
LOC101927284	0	0	0
LINC00557	0	0	0
ABCC4	1498	5	1516
SNORD13G	0	0	0
LOC124903192	1	1	0
LOC102724149	9	18	14
LOC124903193	0	0	0
CLDN10	0	0	0
CLDN10-AS1	0	0	0
DZIP1	0	0	0
LOC124903194	0	0	0
DNAJC3-DT	38	0	38
DNAJC3	522	0	522
UGGT2	790	0	790
HS6ST3	0	0	0
MIR4501	0	0	0
LOC124903195	0	0	0
LINC00359	0	0	0
OXGR1	0	0	0
LOC124903264	0	0	0
LOC124903196	0	0	0
LOC124903197	0	0	0
MBNL2	641	0	641
LINC00456	0	0	0
LOC107984573	2	2	0
LOC101927385	9	9	0
RAP2A	410	0	410
LOC105370324	0	0	0
LOC105370325	0	0	0
LOC124903259	0	0	0
IPO5	4322	1	4321
LOC105370328	0	0	0
LOC107984566	0	0	0
FARP1	772	695	1482
RNF113B	0	0	0
MIR3170	0	0	0
LOC105370327	0	0	0
FARP1-AS1	7	168	2
STK24	734	569	1407
STK24-AS1	5	1	4
SLC15A1	0	0	0
LOC105370330	0	0	0
DOCK9	864	6	866
DOCK9-AS1	1	1	0
DOCK9-DT	10	2	16
UBAC2-AS1	29	0	29
UBAC2	1298	0	1299
GPR18	1	2	0
LOC124903198	0	0	0
GPR183	4	4	0
FKSG29	0	0	0
MIR623	0	0	0
LNCARGI	0	0	0
LINC01232	5	0	5
LINC00449	5	2	3
TM9SF2	2921	1	2920
LINC01039	0	0	0
LOC105370332	0	0	0
CLYBL	107	0	149
MIR4306	0	0	0
LOC124903199	2	0	2
CLYBL-AS2	0	0	0
CLYBL-AS1	0	0	0
CLYBL-AS3	0	42	0
LOC124903263	0	0	0
ZIC5	258	18	240
ZIC2	402	2	400
LINC00554	0	0	0
LOC124903200	0	0	0
PCCA-DT	84	0	84
PCCA	278	3	312
LOC105370335	0	0	0
LOC124903201	0	0	0
PCCA-AS1	0	0	0
LOC107984574	0	0	0
GGACT	56	35	58
TMTC4	457	0	457
NALCN-AS1	0	17	0
LINC00411	0	0	0
NALCN	114	0	131
LOC124903202	0	0	0
ITGBL1	0	0	0
FGF14	1	1	0
MIR2681	0	0	0
MIR4705	0	0	0
LOC107984615	0	0	0
FGF14-IT1	0	0	0
FGF14-AS1	0	0	0
FGF14-AS2	0	0	0
LOC107984588	4	0	4
TPP2	1061	0	1061
METTL21C	2	2	0
LOC124903258	0	0	0
LRTM3	2	0	2
LOC105370337	0	151	0
TEX30	161	0	311
POGLUT2	374	0	374
BIVM	222	0	222
BIVM-ERCC5	0	0	0
ERCC5	18	3	15
METTL21EP	4	0	4
SLC10A2	0	0	0
LOC105370338	0	0	0
LOC105370339	0	0	0
LINC01309	0	0	0
LOC124903203	0	0	0
LOC124903204	0	0	0
LOC105370340	0	0	0
LOC107984624	0	0	0
LOC107984606	0	0	0
LOC107984607	0	0	0
LOC107984608	0	0	0
LOC105370342	0	0	0
LOC105370343	0	0	0
LOC107984609	0	0	0
LOC105370344	0	0	0
DAOA-AS1	0	0	0
DAOA	0	0	0
LOC105370345	0	0	0
LINC00343	0	0	0
LOC124903244	0	0	0
LOC124903245	0	0	0
LOC107984626	0	0	0
LINC00460	0	0	0
LOC124903246	0	0	0
LOC105370346	0	0	0
LOC124903247	0	0	0
EFNB2	15	0	15
ARGLU1	1606	0	1606
ARGLU1-DT	0	0	0
LINC00443	0	0	0
LOC107984627	0	0	0
LOC105370349	0	0	0
LOC124903248	0	0	0
LOC124903205	0	0	0
NALF1	0	0	0
SNORD31B	0	0	0
LOC105370353	0	0	0
LOC112268110	0	0	0
MIR1267	0	0	0
NALF1-IT1	0	0	0
LOC124903206	0	0	0
LIG4	175	0	176
ABHD13	241	1	241
TNFSF13B	1	0	1
LOC105370355	0	0	0
MYO16	16	9	9
MYO16-AS2	0	1	0
LOC124903208	0	0	0
LOC105370356	4	0	4
MYO16-AS1	10	0	11
LOC124903207	113	0	122
LINC03061	944	41	913
LOC130494219	16	0	16
LINC00370	1	0	1
LOC105370359	0	0	0
LINC00399	0	0	0
LOC107984602	0	0	0
LOC124903210	0	0	0
LOC101927627	0	0	0
LINC00676	0	0	0
IRS2	1431	7	1427
LOC124903211	59	0	59
LOC105370360	2	0	5
LINC03082	0	0	0
LINC00396	0	0	0
LINC03032	0	0	0
LOC101927712	1	0	1
COL4A1	1750	5	1749
LOC124903212	0	0	0
COL4A2	5390	5	6337
MIR8073	0	0	0
LOC124903267	0	0	0
COL4A2-AS2	1	196	0
COL4A2-AS1	1	754	0
RAB20	882	3	879
NAXD-AS1	8	52	8
NAXD	818	4	866
CARS2	1753	9	1749
ING1	523	3	525
LOC107984613	0	0	0
LINC00567	0	0	0
LOC105370362	0	0	0
LOC105370363	4	0	4
PRECSIT	26	0	26
ANKRD10	1296	2	1294
LOC105370364	0	0	0
LINC00431	3	0	3
LOC124903213	0	0	0
LINC00368	0	0	0
ARHGEF7-AS2	0	0	0
ARHGEF7	741	0	741
ARHGEF7-AS1	0	0	0
LOC101060553	1	0	1
TEX29	0	0	0
LOC105370365	0	0	0
LOC107984618	0	0	0
LINC02337	0	0	0
LOC107983958	0	0	0
LOC105370366	0	0	0
LOC102724489	0	0	0
LOC102724510	0	0	0
LINC00354	0	0	0
SOX1-OT	0	0	0
LOC105378193	0	0	0
LOC124900341	0	0	0
SOX1	0	0	0
LINC00404	0	0	0
LOC100506016	0	0	0
LOC105370370	0	0	0
LINC01070	0	0	0
LOC124903249	0	0	0
LOC101928730	0	0	0
LOC107984555	0	0	0
LINC01043	0	0	0
LINC01044	0	0	0
LOC124903250	0	0	0
LOC105370373	0	0	0
SPACA7	0	0	0
LOC105370372	0	0	0
TUBGCP3	434	0	434
LOC124903251	1	0	1
ATP11AUN	1	1	0
LOC102725228	11	0	11
ATP11A	1178	1	1177
ATP11A-AS1	0	0	0
LOC124903253	0	0	0
LOC124903252	3	0	3
MCF2L	89	0	89
LOC124903214	0	0	0
MCF2L-AS1	0	0	0
LOC107984591	0	0	0
F7	0	0	0
F10	8	8	0
F10-AS1	0	0	0
LOC124903215	1	0	1
F10-AS2	4	0	4
LOC124903216	0	0	0
PROZ	3	9	0
PCID2	1480	7	1604
CUL4A	2860	119	2866
MIR8075	0	0	0
LAMP1	6452	3	6449
GRTP1	181	38	184
LOC124903217	0	0	0
GRTP1-AS1	3	44	0
LOC124903218	0	0	0
ADPRHL1	266	6	260
DCUN1D2	379	3	376
SLC9D1	1275	0	1275
TFDP1	2610	0	2610
LOC124903219	13	0	13
GRK1	0	0	0
ATP4B	0	0	0
LOC105377805	0	0	0
LINC00552	0	0	0
TMEM255B	5	4	1
GAS6-AS1	39	3	59
LOC124903220	0	2	0
GAS6	85	41	69
GAS6-DT	3	0	3
LINC00454	0	0	0
LINC00452	0	0	0
C13orf46	11	0	11
SWINGN	0	0	0
RASA3	0	0	0
RASA3-IT1	0	0	0
LOC124903221	0	0	0
LOC107987192	0	0	0
CFAP97D2	0	0	0
CDC16	865	0	1103
MIR548AR	15	0	15
LOC105370384	10	248	1
MIR4502	0	0	0
UPF3A	1024	0	1025
LOC124903222	1	0	1
CHAMP1	1000	0	1000
LINC01054	0	0	0
LOC112268113	5	0	5
OR11H12	0	0	0
LINC02297	0	0	0
POTEM	0	0	0
LOC100508046	0	0	0
DUXAP9	44	0	45
BMS1P18	0	1	0
LNCRNA-ATB	2	0	2
LINC01297-DUXAP10-NBEAP6	0	0	0
DUXAP10	0	0	0
BMS1P17	0	0	0
LINC01297	0	0	0
POTEG	0	0	0
LOC101929572	0	0	0
LOC124903277	0	0	0
OR11H2	0	0	0
OR4Q3	0	0	0
LOC124903431	0	0	0
OR4M1	0	0	0
OR4N2	0	0	0
OR4K3	0	0	0
OR4K2	0	0	0
LOC124903278	0	0	0
OR4K1	0	0	0
OR4K5	0	0	0
OR4K15	0	0	0
OR4Q2	0	0	0
OR4K14	0	0	0
OR4K13	0	0	0
OR4L1	0	0	0
OR4K17	0	0	0
OR4N5	0	0	0
OR11G2	0	0	0
OR11H6	0	0	0
OR11H7	0	0	0
OR11H4	0	0	0
LOC124903279	0	0	0
TTC5	0	0	0
CCNB1IP1	0	0	0
SNORA79B	0	0	0
SNORD126	0	0	0
RPPH1	0	0	0
PARP2	0	0	0
TEP1	0	0	0
KLHL33	0	0	0
OSGEP	0	0	0
APEX1	0	0	0
PIP4P1	0	0	0
PNP	0	0	0
RNASE10	0	0	0
RNASE9	0	0	0
RNASE11	0	0	0
RNASE11-AS1	0	0	0
RNASE12	0	0	0
TRP-AGG2-5	0	0	0
LOC124903280	0	0	0
TRL-AAG2-3	0	0	0
TRP-AGG2-6	0	0	0
TRT-TGT3-1	0	0	0
TRL-TAG2-1	0	0	0
TRT-TGT4-1	0	0	0
TRP-TGG1-1	0	0	0
OR6S1	0	0	0
TRY-GTA5-3	0	0	0
LOC124903281	0	0	0
TRY-GTA4-1	0	0	0
TRY-GTA7-1	0	0	0
TRY-GTA5-4	0	0	0
TRT-TGT5-1	0	0	0
TRY-GTA5-5	0	0	0
TRP-TGG3-2	0	0	0
ANG	17	0	24
RNASE4	97	0	109
EGILA	3	196	2
LOC124903282	0	0	0
LOC107984671	0	0	0
EDDM3A	0	0	0
EDDM3B	0	0	0
RNASE6	0	0	0
LOC105370397	0	0	0
RNASE1	0	0	0
LOC100507513	0	0	0
RNASE3	0	0	0
RNASE2CP	0	0	0
RNASE2	0	0	0
METTL17	590	2	1036
LOC101929718	1	449	0
SLC39A2	0	0	0
NDRG2	75	0	77
MIR6717	0	0	0
TPPP2	0	2	0
RNASE13	0	0	0
RNASE7	0	0	0
LOC105370398	0	0	0
RNASE8	0	0	0
ARHGEF40	422	28	426
ZNF219	816	8	855
TMEM253	38	31	22
LOC105378175	1	1	0
OR5AU1	0	0	0
LINC00641	166	0	166
HNRNPC	7580	1	7579
RPGRIP1	6	12	0
SUPT16H	2150	2	2154
LOC107984643	0	166	0
CHD8	1060	3	1223
SNORD9	1	0	1
SNORD8	0	0	0
LOC124903283	0	0	0
RAB2B	192	0	192
TOX4	704	145	770
METTL3	596	79	728
SALL2	0	0	0
OR10G3	0	0	0
OR10G2	0	0	0
OR4E2	0	0	0
OR4E1	0	0	0
LOC124903284	0	0	0
LOC107984649	0	0	0
TRD-AS1	0	0	0
LINC02332	0	0	0
LOC105370399	0	0	0
DAD1	970	0	970
ABHD4	338	0	341
OR6J1	0	3	0
OXA1L-DT	4	0	4
LOC124900351	0	0	0
OXA1L	2716	2	2717
SLC7A7	13	14	2
MRPL52	263	0	263
MMP14	2	0	2
LRP10	2811	5	2806
REM2	7	5	2
RBM23	1041	0	1041
PRMT5-AS1	2	698	2
PRMT5	293	2	1659
LOC124903285	0	577	0
PRMT5-DT	0	0	0
TRR-ACG1-3	0	0	0
HAUS4	531	1	530
MIR4707	0	0	0
AJUBA	506	0	507
LOC124903287	1	2	0
AJUBA-DT	11	69	14
C14orf93	120	12	186
LOC124903286	0	5	1
PSMB5	1915	1	1914
PSMB11	0	0	0
CDH24	429	2	429
LOC105370705	5	22	5
ACIN1	2191	273	2706
LOC124903288	2	511	0
C14orf119	447	0	708
CIROP	0	1	0
CEBPE	1	0	1
SLC7A8	14	0	14
RNF212B	0	2	0
LOC105370406	0	0	0
HOMEZ	333	0	335
PPP1R3E	127	5	123
BCL2L2-PABPN1	4	0	4
BCL2L2	416	0	416
PABPN1	30	0	30
SLC22A17	0	0	0
EFS	0	0	0
IL25	0	0	0
CMTM5	0	0	0
MYH6	0	0	0
MIR208A	0	0	0
MYH7	0	0	0
MHRT	0	0	0
MIR208B	0	0	0
NGDN	512	0	512
THTPA	199	52	213
ZFHX2	14	0	14
LOC124903289	0	0	0
AP1G2	230	148	608
AP1G2-AS1	7	288	107
JPH4	0	0	0
DHRS2	56	0	56
LOC105370407	0	0	0
LOC105370408	0	0	0
LOC105370410	0	0	0
LOC105370409	0	0	0
LINC00596	0	0	0
LOC105370411	0	0	0
DHRS4-AS1	0	0	0
DHRS4	0	0	0
LOC124903290	0	0	0
DHRS4L2	0	0	0
DHRS4L1	0	0	0
CARMIL3	0	0	0
LOC105370412	0	0	0
CPNE6	0	0	0
NRL	0	0	0
PCK2	0	0	0
DCAF11	0	0	0
FITM1	0	0	0
PSME1	0	0	0
EMC9	0	0	0
PSME2	0	0	0
MIR7703	0	0	0
RNF31	0	0	0
IRF9	0	0	0
REC8	0	0	0
IPO4	0	0	0
TM9SF1	0	0	0
TSSK4	0	0	0
CHMP4A	0	0	0
NEDD8-MDP1	0	0	0
MDP1	0	0	0
NEDD8	0	0	0
GMPR2	0	0	0
TINF2	0	0	0
TGM1	0	0	0
RABGGTA	0	8	0
NOP9	2	0	14
DHRS1	0	1	0
CIDEB	0	0	0
LTB4R2	0	0	0
LTB4R	0	0	0
ADCY4	0	0	0
RIPK3	0	0	0
LOC124903291	0	0	0
NFATC4	0	0	0
LOC124903292	0	0	0
NYNRIN	17	0	17
KHNYN	557	417	794
CBLN3	24	0	32
SDR39U1	11	259	398
LOC101927045	14	0	14
CMA1	0	0	0
CTSG	0	0	0
GZMH	0	0	0
GZMB	0	0	0
GZMH-AS1	0	0	0
STXBP6	2	0	2
LOC124903293	0	0	0
LOC124903294	0	0	0
LOC124903295	0	0	0
LINC02286	0	0	0
LOC105370415	0	0	0
LOC112268135	0	0	0
LOC124900350	0	0	0
LINC02306	0	0	0
LOC105370418	0	0	0
NOVA1	0	0	0
NOVA1-DT	0	0	0
LINC02294	0	0	0
LINC02293	0	0	0
LOC124903296	0	0	0
MIR4307HG	0	0	0
MIR4307	0	0	0
LOC105370419	1	0	1
LOC105370420	2	0	2
LOC105370421	0	0	0
MIR3171HG	0	0	0
LINC00645	1	1	0
MIR3171	0	0	0
LOC107984684	0	0	0
LINC02300	0	0	0
FOXG1-AS1	0	0	0
FOXG1	0	0	0
LINC01551	0	0	0
LINC02282	0	0	0
LINC02281	0	0	0
LINC02327	11	0	11
LOC107984685	6	0	6
LINC02326	2	2	0
LOC102724934	0	0	0
PRKD1	0	0	0
LOC124903297	0	0	0
LOC105370429	0	0	0
LOC112267868	15	0	15
LOC105370430	0	0	0
G2E3-AS1	5	5	0
LOC105370432	0	0	0
G2E3	183	0	183
SCFD1	574	1	573
COCH	0	65	0
COCH-AS1	0	0	0
STRN3	223	0	288
MIR624	0	0	0
AP4S1	45	0	45
HECTD1	1486	2	1484
HEATR5A	1240	0	1240
HEATR5A-DT	6	4	2
DTD2	220	0	220
GPR33	0	0	0
LOC105370438	0	0	0
NUBPL-DT	0	0	0
NUBPL	125	0	125
LINC02313	0	0	0
LOC105370440	0	0	0
ARHGAP5-AS1	43	0	43
ARHGAP5	884	1	883
RNU6-7	0	0	0
RNU6-8	2	0	2
AKAP6	18	0	18
LOC124903298	0	0	0
NPAS3	0	0	0
LOC124903299	0	0	0
LOC124903300	0	0	0
SNORA89	0	0	0
EGLN3	560	0	560
LOC102724945	0	0	0
LOC105370446	0	0	0
EGLN3-AS1	0	0	0
LOC105370444	0	0	0
SPTSSA	2264	0	2264
EAPP	340	0	340
LOC105370447	0	0	0
LOC112268123	0	0	0
LOC105370449	0	0	0
SNX6	1119	0	1119
LOC107984628	0	0	0
CFL2	914	0	914
BAZ1A	652	22	666
BAZ1A-AS1	23	15	44
SRP54-AS1	16	0	16
IGBP1P1	0	0	0
SRP54	1234	0	1234
FAM177A1	206	4	202
LOC101927178	0	27	0
PPP2R3C	142	8	215
PRORP-PSMA6	0	0	0
PRORP	74	0	74
PSMA6	1	0	1
NFKBIA	1031	2	1031
LOC124903301	0	0	0
LOC107984681	0	0	2
LOC105370450	0	0	0
INSM2	0	0	0
RALGAPA1	472	0	472
SNORA101B	0	0	0
LOC124903425	0	0	0
BRMS1L	135	0	135
LOC105370452	0	0	0
LINC00609	0	0	0
PTCSC3	0	0	0
LOC124903302	0	0	0
LOC107984003	0	0	0
MBIP	220	1	219
SFTA3	0	0	0
NKX2-1	20	0	32
NKX2-1-AS1	0	17	0
LOC105370453	0	0	0
NKX2-8	21	0	21
LOC105370455	0	0	0
PAX9	50	2	62
SLC25A21	10	37	13
LOC107984668	0	0	0
MIR4503	0	0	0
SLC25A21-AS1	21	1	46
MIPOL1	104	0	104
LOC107984702	1	1	0
FOXA1	362	3	360
TTC6	27	1	27
LINC00517	5	0	5
LOC105370456	0	0	0
LOC124903303	0	0	0
SSTR1	0	0	0
CLEC14A	0	0	0
LOC112268136	0	0	0
LOC124903304	1	0	1
LINC00639	3	0	3
LOC105370457	0	0	0
LOC102723516	0	0	0
SEC23A	1349	0	1363
SEC23A-AS1	2	14	2
LOC105370459	0	61	0
GEMIN2	120	0	181
TRAPPC6B	242	1	241
PNN-AS1	1	221	1
PNN	3173	1	3393
MIA2	720	10	724
MIA2-AS1	3	6	11
FBXO33	234	4	237
LOC105370461	10	7	10
LOC105370460	0	0	0
LOC112267899	2	0	2
LOC105370464	0	0	0
LOC105370463	0	0	0
LOC105370462	0	0	0
LOC105370465	0	0	0
LOC105370466	0	0	0
LOC105370467	0	0	0
LINC02315	0	0	0
LRFN5-DT	0	0	0
LOC124900349	0	0	0
LRFN5	0	0	0
LOC124903305	0	0	0
LOC124903306	0	0	0
LOC105370470	0	0	0
LOC124903307	0	0	0
LINC02307	0	0	0
LINC02277	0	0	0
FSCB	0	0	0
LOC105370473	0	0	0
LOC105370472	0	0	0
LINC02302	0	0	0
DORIP1	43	4	39
LOC101927418	0	0	0
KLHL28	97	0	97
TOGARAM1	82	0	82
PRPF39-DT	0	0	0
PRPF39	587	328	585
LOC124903416	0	0	0
SNORD127	0	0	0
FKBP3	674	1	999
FANCM	164	2	162
MIS18BP1	598	2	596
LOC107984674	0	0	0
LOC105370475	1	0	1
LOC105370476	0	0	0
LOC124903308	1	0	1
LOC107984644	0	0	0
LINC02303	0	0	0
LOC105370478	0	0	0
LOC105378177	0	0	0
LINC00871	0	0	0
LOC124903309	0	0	0
LOC105370480	0	0	0
LOC105370481	0	0	0
RPL10L	0	0	0
MDGA2	47	0	47
MIR548Y	0	0	0
LINC00648	0	0	0
LOC101927483	0	0	0
LOC105370482	0	0	0
LOC124903310	0	0	0
LOC124903311	0	0	0
LOC105378178	0	0	0
LOC107984701	0	0	0
RPS29	1069	1	1070
RN7SL1	101	0	102
LRR1	442	3	441
RPL36AL	1113	0	1113
MGAT2	539	0	539
DNAAF2	235	0	235
POLE2	227	3	224
KLHDC1	0	0	0
KLHDC2	337	302	477
NEMF	376	152	663
RN7SL3	0	0	0
LOC105378179	11	2	9
RN7SL2	0	0	0
ARF6	1428	3	1425
LOC100506446	0	0	0
MIR6076	0	0	0
LOC105370485	0	2	0
LINC01588	25	5	22
LINC01599	1	0	1
VCPKMT	158	0	158
SOS2	351	0	351
L2HGDH	375	0	376
MIR4504	0	0	0
DMAC2L	45	36	79
CDKL1	51	59	61
MAP4K5	561	1	561
LOC124903312	2	0	2
ATL1	30	17	15
SAV1	468	2	467
NIN	318	0	358
LOC124903313	0	37	0
LOC105370489	0	3	0
LOC124903423	0	0	0
ABHD12B	5	5	0
PYGL	1158	0	1158
LOC124903314	2	0	2
LOC400212	7	0	7
TRIM9	0	0	0
TMX1	772	0	772
LOC124900346	0	0	0
LOC124903315	0	0	0
LINC00519	0	0	0
LINC00640	0	0	0
LOC124900595	0	0	0
LOC105370495	0	0	0
LINC02310	0	0	0
FRMD6	183	3	181
FRMD6-AS2	0	0	0
FRMD6-AS1	0	0	1
LOC101927598	0	0	0
GNG2	0	0	0
LOC102723604	0	0	0
LOC105370497	0	1	0
RTRAF	1741	0	1755
NID2	3	15	1
LOC105378180	0	0	0
LINC02319	1	1	0
PTGDR	0	0	0
PTGER2	0	0	0
TXNDC16	165	0	165
GPR137C	49	0	49
ERO1A	1543	0	1543
PSMC6	872	1	871
STYX	282	1	282
GNPNAT1	1158	2	1157
LOC105370500	3	3	0
FERMT2	1566	1	1565
DDHD1	205	1	205
DDHD1-DT	1	0	2
LOC105370502	0	0	0
LOC105370504	10	0	10
LOC124903316	0	0	0
LINC02331	0	0	0
LOC107984676	1	1	0
MIR5580	0	0	0
BMP4	16	0	16
LOC124903317	0	0	0
LOC105370507	0	0	0
LOC105370505	0	0	0
CDKN3	281	0	281
CNIH1	1164	0	1164
GMFB	876	0	876
CGRRF1	60	0	60
SAMD4A	243	5	238
LOC112268133	10	0	10
SAMD4A-AS1	0	0	0
GCH1	396	6	390
MIR4308	0	0	0
WDHD1	632	0	632
SOCS4	552	1	551
MAPK1IP1L	1663	0	1663
LOC124903318	25	0	25
LOC124903319	2	0	2
LGALS3	4754	4	4750
DLGAP5	740	1	739
LOC105370508	2	0	2
LOC107984708	0	0	0
FBXO34-AS1	0	3	0
FBXO34	536	8	531
ATG14	491	18	473
TBPL2	0	0	0
KTN1-AS1	20	1	20
KTN1	3893	1	3893
LOC124903320	0	0	0
RPL13AP3	1	0	1
LINC00520	1	0	1
LOC105370511	0	0	0
LOC102723670	3	0	3
LOC105370512	0	0	0
LOC105370513	0	0	0
PELI2	2	0	2
LINC02284	0	0	0
LOC101927690	0	0	0
TMEM260	238	0	238
LOC124903322	0	0	0
OTX2	0	0	0
OTX2-AS1	0	0	0
LOC124903323	0	0	0
LOC124903324	0	0	0
EXOC5	568	2	566
AP5M1	444	0	444
NAA30	276	0	276
CCDC198	0	0	0
LOC105370519	0	0	0
SLC35F4	0	0	0
SLC35F4-AS1	0	0	0
ARMH4	0	0	0
ACTR10	736	0	736
TRK-CTT1-1	0	0	0
PSMA3	1410	30	1391
PSMA3-AS1	218	2	228
LINC00216	3	4	0
ARID4A	199	0	199
TOMM20L-DT	0	0	0
TOMM20L	3	10	0
TIMM9	297	0	312
KIAA0586	279	8	279
DACT1	0	0	0
LOC102723725	0	0	0
LINC01500	0	0	0
LOC124903325	1	0	1
LOC107984692	0	0	0
LOC107984642	0	0	0
DAAM1	119	4	117
GPR135	87	0	87
L3HYPDH	218	1	219
JKAMP	818	0	823
LOC124903326	2	0	2
CCDC175	0	2	0
RTN1	0	0	0
MIR5586	0	0	0
LRRC9	0	0	0
PCNX4-DT	0	0	0
PCNX4	457	102	443
DHRS7	360	2	446
LOC101927702	0	0	0
PPM1A	484	0	484
LINC02322	0	0	0
C14orf39	0	0	0
SIX6	0	0	0
SALRNA1	0	0	0
SIX1	76	0	122
MIR9718	0	46	0
SIX4	315	0	315
MNAT1	362	0	362
TRMT5	337	33	334
SLC38A6	156	1	185
LOC101927756	3	3	0
PRKCH	19	1	18
TMEM30B	0	0	0
PRKCH-AS1	0	0	0
PRKCH-AS2	1	1	0
LINC01303	5	2	7
LINC03033	9	2	11
HIF1A-AS1	3	294	7
HIF1A	2766	4	4948
HIF1A-AS3	7	7	0
HIF1A-AS2	2	1890	0
SNAPC1	94	0	94
SYT16	0	0	0
SERTAD4BP	0	0	0
LINC00644	0	0	0
LOC105370529	0	0	0
LOC105370528	0	0	0
KCNH5	111	0	111
LOC105370531	0	0	0
LOC105370530	0	0	0
RHOJ	0	0	0
GPHB5	0	0	0
PPP2R5E	586	0	626
LOC124903414	0	0	0
LOC112268140	0	40	0
WDR89	178	2	178
LOC105370532	0	0	2
SGPP1	0	0	0
LOC124903327	0	0	0
SYNE2	1546	1	1545
MIR548H1	0	0	0
ESR2	18	13	9
LOC124903328	0	0	4
TEX21P	0	0	0
MTHFD1	2368	46	2951
ZBTB25	348	646	381
AKAP5	42	7	35
ZBTB1	590	14	624
HSPA2-AS1	0	3	0
HSPA2	188	0	188
PPP1R36	1	0	1
PLEKHG3	776	1	885
SPTB	18	113	15
MIR7855	0	0	0
LOC105370534	0	0	0
CHURC1-FNTB	0	0	0
CHURC1	476	0	476
GPX2	0	0	0
RAB15	18	18	0
LOC107984655	0	27	0
FNTB	0	0	3
MAX	272	0	392
MIR4706	0	0	0
MAX-AS1	1	120	0
LOC124903329	0	0	0
LINC02324	0	0	0
MIR4708	0	0	0
FUT8	257	1	259
FUT8-AS1	1	2	2
MIR625	0	0	0
LOC107984641	0	0	0
LINC02290	0	0	0
CCDC196	0	0	0
GPHN	269	1	268
LOC124903332	2	0	2
LOC105370538	0	0	0
GARIN2	0	0	0
LOC124903330	5	2	3
PALS1	589	27	562
ATP6V1D	702	0	702
EIF2S1	1594	5	1589
PLEK2	82	0	82
MIR5694	0	0	0
LOC105370542	0	0	0
TMEM229B	1	0	1
PLEKHH1	367	23	381
PIGH	160	15	182
ARG2	3	269	5
LOC124903331	3	0	3
VTI1B	502	6	765
RDH11	1099	0	1099
RDH12	2	3	0
ZFYVE26	421	0	422
RAD51B	61	0	64
LOC105370546	0	0	0
LOC101927971	0	0	0
LOC124903334	12	3	9
LOC124903335	4	1	4
LOC107984016	1	0	1
LOC100996664	0	0	0
RAD51B-AS1	2	2	2
LOC105370547	0	0	0
LOC107984709	1	0	1
ZFP36L1	931	0	931
ACTN1	2691	1	2690
LOC124903336	3	0	3
ACTN1-DT	0	0	0
DCAF5	469	0	469
GALNT16-AS1	0	0	0
EXD2	226	0	226
GALNT16	4	4	0
LOC105370549	0	0	0
ERH	1147	3	1149
SLC39A9	843	8	840
PLEKHD1	1	0	1
CCDC177	98	0	98
SUSD6	289	0	289
LOC100289511	15	385	1
SRSF5	2317	0	2688
SLC10A1	1	1	0
LOC124900353	0	0	0
LOC100506358	0	0	0
SMOC1	2688	1	2687
SNORD169	2	0	2
SLC8A3	0	0	0
LOC646548	0	0	0
LOC107984686	0	0	0
LOC124903338	0	0	0
ADAM21P1	1	0	1
LOC101928046	0	0	0
LOC105370552	0	0	0
SYNJ2BP-COX16	0	0	0
COX16	2	0	2
LOC124903340	1	1	0
SYNJ2BP	188	2	186
LOC124903339	0	0	0
ADAM21	30	0	30
ADAM20P1	6	0	6
ADAM20	19	0	19
LOC105370556	0	0	0
MED6	388	0	388
TTC9-DT	0	0	0
TTC9	29	0	29
LINC01269	0	0	0
MAP3K9	237	4	239
MAP3K9-DT	13	2	17
LOC124903341	0	0	0
PCNX1	1025	5	1020
LOC105370557	1	1	0
LOC105370706	0	0	0
LOC107984654	0	9	0
SIPA1L1-AS1	2	0	12
SIPA1L1	292	1	339
SNORD56B	0	0	0
LOC145474	0	0	0
LOC124903342	2	49	0
RGS6	0	0	0
LOC124903404	0	0	0
LOC124903343	0	0	0
LOC105370559	1	0	1
MIR7843	0	0	0
DPF3	19	0	19
LOC107984711	0	0	0
DCAF4	134	0	134
TRC-GCA8-1	0	0	0
ZFYVE1	216	0	216
RBM25-AS1	8	76	8
RBM25	1300	1	1375
PSEN1	591	0	591
PAPLN	744	16	752
PAPLN-AS1	0	24	0
NUMB	859	19	840
LOC101928143	1	0	1
HEATR4	3	31	2
ACOT1	138	8	132
RIOX1	0	0	0
LOC124903344	1	0	2
ACOT2	781	71	710
ACOT4	0	0	0
ACOT6	0	0	0
DNAL1	100	0	100
PNMA1	485	0	485
MIDEAS	600	6	611
LOC124903345	0	13	0
MIR4505	0	0	0
MIDEAS-AS1	18	0	22
LOC124903424	0	0	0
LINC02274	32	0	32
PTGR2	281	2	279
ZNF410	630	1	630
FAM161B	39	3	38
COQ6	30	55	313
ENTPD5	236	303	271
BBOF1	32	56	57
ALDH6A1	210	25	264
LIN52	169	0	169
LOC105370563	0	0	0
LOC105370564	0	0	0
VSX2	0	0	0
ABCD4	262	0	262
VRTN	0	0	0
SYNDIG1L	4	0	4
NPC2	863	1	862
MIR4709	0	0	0
ISCA2	221	1	220
LTBP2	77	3	75
LOC124903347	0	0	0
LOC124903346	1	2	0
LOC101928352	0	0	0
LOC105370567	12	0	12
AREL1	616	0	616
FCF1	442	0	442
YLPM1	526	1	525
LOC105370569	2	0	2
PROX2	1	8	0
LOC124903348	1	0	8
DLST	1431	0	1431
RPS6KL1	122	2	120
PGF	5	0	5
LOC107984690	0	0	0
EIF2B2	437	9	428
MLH3	335	1	334
ACYP1	93	0	93
ZC2HC1C	11	1	10
NEK9	1449	0	1449
TMED10	4356	7	4349
FOS	8759	7	8752
LINC01220	3	0	3
JDP2-AS1	5	0	6
JDP2	286	1	286
LOC105370572	0	0	0
BATF	1	0	1
LOC107984653	0	0	0
FLVCR2-AS1	0	40	0
FLVCR2	112	0	152
ERG28	526	0	526
TTLL5	480	0	480
TGFB3	135	2	133
IFT43	197	0	197
LOC105370573	8	8	0
GPATCH2L	335	0	335
LOC105370575	0	0	0
ESRRB	0	0	0
LOC105370576	0	0	0
LOC105370577	0	0	0
VASH1	2	64	0
VASH1-AS1	1	0	53
ANGEL1	242	0	242
LRRC74A	0	0	0
LOC124903349	2	0	2
LINC01629	0	0	0
IRF2BPL	642	7	874
LOC107984638	9	234	14
LOC105370579	7	3	4
LINC02288	0	0	0
LINC02289	0	0	0
LOC124903350	0	0	0
CIPC	220	0	220
ZDHHC22	0	0	0
TMEM63C	14	0	14
LOC124903351	0	0	0
NGB	0	0	0
MIR1260A	0	0	0
POMT2	478	3	475
GSTZ1	258	0	261
TMED8	355	23	335
SAMD15	8	1	7
NOXRED1	17	1	16
VIPAS39	208	0	208
AHSA1	1172	1	1171
ISM2	0	0	0
SPTLC2	414	0	414
ALKBH1	199	0	199
SLIRP	294	0	294
SNW1	1121	1	1179
SLIRP-OT1	1	59	1
ADCK1	134	0	134
LOC105370581	0	0	0
NRXN3	63	0	63
NRXN3-AS2	0	0	0
NRXN3-AS1	0	0	0
LOC105370588	0	0	0
LOC124903352	0	0	0
LOC105370586	0	0	0
LOC124903354	0	0	0
NRXN3-AS3	0	0	0
LOC105370582	0	0	0
LOC107984630	1	0	1
LOC112267892	0	0	0
LOC105370590	0	0	0
LOC105370591	0	0	0
LOC105370593	0	0	0
DIO2	1146	0	1166
DIO2-AS1	0	20	0
CEP128	132	0	132
TSHR	2	0	2
TSHR-AS1	1	0	1
LOC105370594	3	0	3
GTF2A1	492	3	492
SNORA79	1	0	1
GTF2A1-AS1	8	0	11
STON2	223	0	223
LINC02308	0	0	0
SEL1L	658	0	658
LINC01467	2	0	2
LINC02311	0	0	0
LOC107984704	0	0	0
LOC105370598	0	0	0
LOC105370599	0	0	0
LOC124903428	0	0	0
LINC02301	0	0	0
LOC105370600	0	0	0
LOC107984645	0	0	0
LOC105370601	0	0	0
LINC02305	0	0	0
LOC124903401	0	0	0
LOC124903402	0	0	0
LOC105370603	0	0	0
LOC105370604	0	0	0
SNORD3P3	0	0	0
LINC02329	0	0	0
LINC00911	0	0	0
FLRT2-AS1	0	0	0
FLRT2	0	0	0
LINC02328	2	0	2
LINC02316	0	0	0
LINC02309	0	0	0
LINC01148	0	0	0
LOC105370608	0	0	0
LINC02296	0	0	0
LINC02330	0	0	0
GALC	0	0	0
LOC124903355	0	0	0
GPR65	0	0	0
LINC01147	0	0	0
HISLA	0	0	0
LOC107984699	0	0	0
KCNK10-AS1	0	0	0
KCNK10	0	0	0
SPATA7	99	13	98
PTPN21	170	0	182
LOC105370614	0	0	0
LOC124903405	0	0	0
ZC3H14	593	2	727
EML5	1	136	1
TTC8	230	0	230
TRA-AGC15-1	0	0	0
LOC124903356	0	0	0
LOC105370615	0	0	0
LOC124903357	0	0	0
FOXN3	336	2	334
FOXN3-AS3	0	0	0
FOXN3-AS1	34	0	34
LOC107984635	0	0	0
FOXN3-AS2	0	0	0
LOC105370617	0	0	0
LOC105370616	0	0	0
EFCAB11	90	1	89
LOC124903358	0	0	0
TDP1	287	0	287
LOC124903406	0	0	0
KCNK13	0	0	0
PSMC1	397	18	1174
NRDE2	174	785	184
LOC105370618	0	0	0
CALM1	1840	1	1839
LINC02317	0	0	0
LINC00642	0	0	0
LOC124903359	0	0	0
LOC105370619	0	0	0
TTC7B	23	0	25
TTC7B-AS1	0	2	0
TTC7B-AS2	0	0	0
LOC124903360	0	0	0
LINC02321	0	0	0
RPS6KA5	49	3	52
DGLUCY	5	3	8
SNORA11B	0	0	0
GPR68	0	0	0
CCDC88C	153	0	153
LOC107984673	0	0	0
LOC105370624	8	0	8
CCDC88C-DT	2	0	2
LOC112268126	8	0	8
LOC124903361	0	0	0
PPP4R3A	830	0	830
LOC101928957	0	0	0
CATSPERB	0	0	0
LOC124903436	0	0	0
TC2N	0	0	0
LOC124903362	0	0	0
FBLN5	396	0	396
TRIP11	356	3	354
LOC124903363	2	5	3
ATXN3	124	1	128
NDUFB1	142	0	143
CPSF2	1026	3	1024
LOC105370627	0	0	0
SLC24A4	0	0	0
RIN3	0	0	0
LOC124903365	0	0	0
LOC124903364	0	0	0
LGMN	1225	0	1225
GOLGA5	480	0	480
LINC02833	0	0	0
LINC02287	0	0	0
CHGA	0	0	0
ITPK1	1	0	1
LOC124903366	0	0	0
ITPK1-AS1	0	0	0
MOAP1	0	0	0
LYSET	0	0	0
GON7	0	0	0
UBR7	0	0	0
BTBD7	0	0	0
UNC79	0	0	0
COX8C	0	0	0
LOC124903367	0	0	0
PRIMA1	0	0	0
LOC105370631	0	0	0
FAM181A-AS1	0	0	0
FAM181A	0	0	0
ASB2	0	0	0
MIR4506	0	0	0
LOC107984663	0	0	0
CCDC197	0	0	0
LOC124903368	0	0	0
OTUB2	0	0	0
DDX24	0	0	0
IFI27L1	0	0	0
IFI27	0	0	0
IFI27L2	0	0	0
LOC105370634	0	0	0
PPP4R4	0	0	0
SERPINA10	0	0	0
SERPINA6	0	0	0
SERPINA2	0	0	0
SERPINA1	0	0	0
SERPINA11	0	0	0
LOC105370635	0	0	0
SERPINA9	0	0	0
SERPINA12	0	0	0
LOC124903410	0	0	0
SERPINA4	0	0	0
SERPINA5	0	0	0
LOC112268127	0	0	0
LOC124903411	0	0	0
SERPINA3	0	0	0
SERPINA13P	0	0	0
GSC	0	0	0
GSC-DT	0	0	0
LOC107984693	0	0	0
LOC124903369	0	0	0
LOC124903370	0	0	0
LINC02279	0	0	0
LOC107984646	0	0	0
DICER1	704	12	700
MIR3173	0	0	0
DICER1-AS1	30	0	38
CLMN	288	0	288
LOC105370637	0	0	0
LINC02292	0	0	0
LOC124903371	0	0	0
LOC107984710	0	0	0
LOC105370638	0	0	0
LOC105370639	0	0	0
LOC105370640	0	0	0
SYNE3	177	0	177
SYNE3-AS1	1	0	1
SNHG10	82	2	81
SCARNA13	0	0	0
GLRX5	626	1	626
LINC02318	0	0	0
LOC105370643	0	0	0
TCL6	0	0	0
LOC124903372	2	0	2
TCL1B	0	0	0
LOC124903373	0	0	0
TCL1A	0	0	0
LOC107984703	0	0	0
LOC105370644	0	0	0
TUNAR	0	0	0
C14orf132	0	0	0
LOC124903374	0	0	0
BDKRB2	48	0	48
BDKRB1	8	0	8
BDKRB1-AS1	1	1	0
ATG2B	315	0	315
GSKIP	281	0	281
AK7	8	0	8
LOC124903276	0	0	0
PAPOLA-DT	14	0	15
PAPOLA	2165	1	2165
LOC105370645	0	0	0
LINC02299	0	0	0
VRK1	259	0	259
LINC00618	1	0	1
LOC124903376	0	0	0
LOC105370647	0	0	0
LINC02304	0	0	0
LINC02325	0	0	0
LOC124903378	0	0	0
LINC02291	0	0	0
LOC124903377	0	0	0
LOC105370650	0	0	0
LOC105370651	0	0	0
LINC02312	0	0	0
LINC01550	0	0	0
LOC107984706	0	0	0
LOC105370655	0	0	0
LOC105370654	0	0	0
LOC105370653	0	0	0
LINC02295	0	0	0
LOC107987207	0	0	0
LOC105370656	0	0	0
LOC105370657	0	0	0
LINC02914	0	0	0
LOC124903403	0	0	0
LOC105370658	0	0	0
LOC107984696	0	0	0
LOC105370659	0	0	0
BCL11B	0	0	0
LOC124903412	0	0	0
LOC105370660	0	0	0
SETD3	882	3	879
CCNK	115	70	641
CCDC85C	639	552	683
LOC105370661	0	0	0
HHIPL1	3	2	1
CYP46A1	0	0	0
EML1	195	2	193
LOC102724682	6	0	6
EVL	637	0	856
LOC124903379	0	0	0
MIR151B	0	0	0
MIR342	0	0	0
LOC124903381	0	146	0
DEGS2	0	73	0
LOC124903380	0	0	0
YY1-DT	8	0	8
YY1	1480	20	1826
MIR6764	1	0	1
SLC25A29	1156	366	1156
MIR345	0	0	0
SLC25A47	0	0	0
WARS1	6063	1	6062
WDR25	243	2	241
LOC105370664	15	0	15
LOC124903383	0	0	0
BEGAIN	263	20	941
LOC124903382	36	733	1
LOC124903384	28	28	0
LINC00523	0	0	0
LOC105370668	0	0	0
LOC124903385	0	0	0
LOC105370669	0	0	0
DLK1	0	0	0
MIR2392	0	0	0
MEG3	0	0	0
MIR770	0	0	0
MIR493	0	0	0
MIR337	0	0	0
MIR665	0	0	0
RTL1	0	0	0
MIR431	0	0	0
MIR433	0	0	0
MIR127	0	0	0
MIR432	0	0	0
MIR136	0	0	0
MEG8	0	0	0
SNORD112	0	0	0
MIR370	0	0	0
SNORD113-1	0	0	0
SNORD113-2	0	0	0
SNORD113-3	0	0	0
SNORD113-4	0	0	0
SNORD113-5	0	0	0
SNORD113-6	0	0	0
SNORD113-7	0	0	0
SNORD113-8	0	0	0
SNORD113-9	0	0	0
SNORD114-1	0	0	0
SNORD114-2	0	0	0
SNORD114-3	0	0	0
SNORD114-4	0	0	0
SNORD114-5	0	0	0
LOC124903418	0	0	0
SNORD114-6	0	0	0
SNORD114-7	0	0	0
SNORD114-8	0	0	0
SNORD114-9	0	0	0
SNORD114-10	0	0	0
SNORD114-11	0	0	0
SNORD114-12	0	0	0
SNORD114-13	0	0	0
SNORD114-14	0	0	0
SNORD114-15	0	0	0
SNORD114-16	0	0	0
SNORD114-17	0	0	0
SNORD114-18	0	0	0
SNORD114-19	0	0	0
LOC124903419	0	0	0
LOC124903420	0	0	0
SNORD114-20	0	0	0
SNORD114-21	0	0	0
SNORD114-22	0	0	0
SNORD114-23	0	0	0
SNORD114-24	0	0	0
SNORD114-25	0	0	0
SNORD114-26	0	0	0
SNORD114-27	0	0	0
SNORD114-28	0	0	0
SNORD114-29	0	0	0
SNORD114-30	0	0	0
SNORD114-31	0	0	0
LOC124903422	0	0	0
LOC124903421	0	0	0
LOC124903407	0	0	0
MIR379	0	0	0
MIR411	0	0	0
MIR299	0	0	0
MIR380	0	0	0
MIR1197	0	0	0
MIR323A	0	0	0
MIR758	0	0	0
MIR329-1	0	0	0
MIR329-2	0	0	0
MIR494	0	0	0
MIR1193	0	0	0
MIR543	0	0	0
MIR495	0	0	0
MIR376C	0	0	0
MIR376A2	0	0	0
MIR654	0	0	0
MIR376B	0	0	0
MIR376A1	0	0	0
MIR300	0	0	0
MIR1185-1	0	0	0
MIR1185-2	0	0	0
MIR381HG	0	0	0
MIR381	0	0	0
MIR487B	0	0	0
MIR539	0	0	0
MIR889	0	0	0
MIR544A	0	0	0
MIR655	0	0	0
MIR487A	0	0	0
MIR382	0	0	0
MIR134	0	0	0
MIR668	0	0	0
MIR485	0	0	0
MIR323B	0	0	0
MIR154	0	0	0
MIR496	0	0	0
MIR377	0	0	0
MIR541	0	0	0
MIR409	0	0	0
MIR412	0	0	0
MIR369	0	0	0
MIR410	0	0	0
MIR656	0	0	0
MEG9	0	0	0
LOC105370670	0	0	0
LOC124903386	0	0	0
LINC02285	0	0	0
LOC124903435	0	0	0
LOC124903387	0	0	0
LOC107984697	0	0	0
LINC00524	0	0	0
LINC02314	0	0	0
LINC03117	23	0	23
LOC105370673	0	0	0
LOC105370674	0	0	0
DIO3OS	19	1	18
MIR1247	0	0	0
DIO3	13	0	13
LOC105370675	0	0	0
LINC02320	0	0	0
LINC00239	0	0	0
PPP2R5C	953	0	953
LOC107984658	56	0	56
LOC124903388	7	0	7
DYNC1H1	5003	2	5571
LOC107984661	0	570	0
HSP90AA1	10059	7	10056
WDR20	152	10	203
LOC105370677	7	21	2
MOK	152	56	137
TRI-AAT5-4	0	0	0
ZNF839	260	6	254
CINP	316	0	316
LOC124903427	0	0	0
TECPR2	214	29	226
LOC124903389	0	0	0
ANKRD9	1290	12	1319
LOC105370679	2	2	0
LOC105370680	2	0	2
MIR4309	0	0	0
LINC02323	47	0	47
RCOR1	1085	0	1085
LOC124903390	28	0	28
TRAF3	277	2	275
LOC124903426	0	0	0
AMN	9	9	0
CDC42BPB	1975	1	1974
LBHD2	6	0	6
EXOC3L4	69	3	66
LINC00677	0	0	0
TNFAIP2	3173	5	3168
LOC105370685	0	0	0
LINC00605	0	0	0
LOC124903391	192	130	62
LOC105370686	0	0	0
LOC105378183	0	0	0
EIF5-DT	2	149	3
EIF5	1962	3	2109
SNORA28	0	0	0
MARK3	871	0	871
LOC112268130	8	8	0
CKB	9529	18	9511
TRMT61A	255	0	255
LOC124903392	5	0	5
BAG5	785	2	783
COA8	218	0	218
LOC105370688	0	0	0
KLC1	997	14	986
XRCC3	500	34	469
ZFYVE21	150	2	217
PPP1R13B	150	67	152
LOC124900347	0	0	0
PPP1R13B-DT	0	0	0
LOC105370689	0	0	0
ATP5MJ	608	0	608
TDRD9	638	0	638
RD3L	0	0	0
LOC124903408	13	0	13
ASPG	33	0	33
MIR203A	0	0	3
MIR203B	0	3	0
KIF26A-DT	17	26	17
KIF26A	1035	1	1060
LOC124903393	1	0	1
LINC02691	1	0	1
LOC124903394	0	0	0
LOC124903395	0	0	0
C14orf180	0	0	0
TMEM179	0	0	0
LINC02280	0	0	0
MIR4710	0	0	0
INF2	2414	14	2400
ADSS1	181	1	396
LOC124903396	5	96	1
LOC107984670	0	126	0
LOC107987209	35	587	1
SIVA1	55	0	607
LOC102723342	2	17	3
AKT1	1546	7	1556
ZBTB42	83	0	83
VESTAR	4	0	4
LOC124903397	1	0	3
CEP170B	903	6	899
MIR12121	0	0	0
PLD4	0	630	0
AHNAK2	4231	4	4857
CLBA1	138	10	128
CDCA4	737	0	737
LOC124903398	0	0	0
GPR132	0	0	0
LINC02298	0	0	0
JAG2	1005	0	1005
MIR6765	0	0	0
NUDT14	87	0	87
BRF1	381	41	399
BTBD6	144	0	184
PACS2	365	21	363
TEX22	13	0	13
MTA1-DT	19	0	19
MTA1	1090	0	1090
CRIP2	1589	5	1584
CRIP1	1027	2	1025
TEDC1	414	3	411
TMEM121	1	0	1
LOC105370697	0	0	0
LOC105370698	0	0	0
MIR8071-1	0	0	0
MIR8071-2	0	0	0
ELK2AP	0	0	0
LOC105378184	0	0	0
MIR4539	0	0	0
MIR4507	0	0	0
MIR4538	0	0	0
MIR4537	0	0	0
FAM30A	0	0	0
ADAM6	0	0	0
LOC105370700	0	0	0
LINC00226	0	0	0
LOC124903400	0	0	0
LINC00221	0	0	0
LOC102724977	0	0	0
LOC124903399	0	0	0
MIR5195	0	0	0
LOC105379271	36	1	38
LOC105379272	36	34	5
LOC124905323	1	0	1
LOC105379274	28	87	0
MAFIP	165	0	224
LOC112268314	0	0	0
LOC124905324	0	0	0
LOC105379527	29	0	29
LOC102723407	0	0	0
FAM30B	0	0	0
LOC105379203	0	0	0
CHEK2P2	0	0	0
LOC124903442	0	0	0
HERC2P3	11	0	11
GOLGA6L6	0	0	0
GOLGA8CP	0	0	0
NBEAP1	0	0	0
LOC124903443	0	0	0
MIR3118-2	0	0	0
POTEB2	0	0	0
MIR5701-1	0	0	0
LINC01193	0	0	0
FAM30C	0	0	0
LOC105379205	0	0	0
LOC105370714	0	0	0
LOC124900633	0	0	0
LOC646214	0	0	0
LOC112268154	0	0	0
CXADRP2	0	0	0
POTEB3	0	0	0
MIR3118-3	0	0	0
LOC124900632	0	0	0
LOC105369227	0	0	0
MIR5701-2	0	0	0
LINC02203	0	0	0
LOC124903610	0	0	0
OR4M2B	0	0	0
OR4N4C	0	0	0
LOC102724737	39	0	39
LOC102724760	0	0	0
IGHV1OR15-3	0	0	0
LOC102724971	0	0	0
LOC105379208	0	0	0
LOC105379207	0	0	0
MIR3118-4	0	0	0
POTEB	0	0	0
NF1P2	0	0	0
MIR5701-3	0	0	0
OR4M2-OT1	0	0	0
LOC124903611	0	0	0
OR4M2	0	0	0
OR4N4	0	0	0
OR4N3P	0	0	0
LOC107984743	0	0	0
IGHV1OR15-1	0	0	0
LOC642131	0	0	0
LOC107983983	0	0	0
MIR1268A	0	0	0
LOC101928039	0	0	0
LOC124903445	0	0	0
REREP3	0	0	0
GOLGA8EP	0	0	0
LOC124900355	0	0	0
GOLGA6L22	0	0	0
HERC2P7	1	0	1
HERC2P2	561	1	560
LOC101927846	0	0	0
GOLGA8IP	0	0	0
WHAMMP3	34	0	34
LOC283683	0	0	0
NIPA1	63	0	63
NIPA2	53	11	179
CYFIP1	4	126	15
TUBGCP5	0	0	0
GOLGA6L1	0	0	0
GOLGA8DP	0	0	0
MIR4509-1	0	0	0
LOC102723534	0	0	0
LOC102723564	8	0	8
GOLGA6L26	0	0	0
LOC105376698	0	0	0
GOLGA8S	0	0	0
LOC105370726	0	0	0
LOC124903446	0	0	0
LOC105370728	0	0	0
GOLGA6L2	0	0	0
LOC105370729	0	0	0
MIR4508	0	0	0
MKRN3	11	0	11
LOC124903576	0	0	0
MAGEL2	0	0	0
NDN	0	0	0
LOC124903577	0	0	0
LOC124903447	0	0	0
LOC107984787	0	0	0
PWRN4	0	0	0
LOC105370733	0	0	0
LOC105370732	0	0	0
PWRN2	0	0	0
LOC102723749	0	0	0
LOC102725165	0	0	0
PWRN3	0	0	0
PWRN1	0	0	0
NPAP1	0	0	0
SNHG14	0	0	0
SNRPN	0	0	0
LOC124903612	0	0	0
SNURF	0	0	0
PWARSN	0	0	0
SNORD107	0	0	0
PWAR5	0	0	0
SNORD64	0	0	0
SNORD108	0	0	0
PWAR6	0	0	0
SNORD109A	0	0	0
SNORD116-1	0	0	0
SNORD116-2	0	0	0
SNORD116-3	0	0	0
SNORD116-4	0	0	0
SNORD116-5	0	0	0
LOC128966705	0	0	0
SNORD116-6	0	0	0
SNORD116-7	0	0	0
SNORD116-8	0	0	0
SNORD116-9	0	0	0
SNORD116-10	0	0	0
SNORD116-11	0	0	0
SNORD116-12	0	0	0
SNORD116-13	0	0	0
SNORD116-14	0	0	0
SNORD116-15	0	0	0
SNORD116-16	0	0	0
SNORD116-17	0	0	0
SNORD116-18	0	0	0
SNORD116-19	0	0	0
SNORD116-20	0	0	0
SNORD116-21	0	0	0
SNORD116-22	0	0	0
SNORD116-23	0	0	0
SNORD116-24	0	0	0
SNORD116-25	0	0	0
SNORD116-26	0	0	0
SNORD116-27	0	0	0
SNORD116-28	0	0	0
SNORD116-29	0	0	0
SNORD116-30	0	0	0
IPW	0	0	0
PWAR1	0	0	0
SNORD115-1	0	0	0
SNORD115-2	0	0	0
SNORD115-3	0	0	0
SNORD115-4	0	0	0
SNORD115-5	0	0	0
SNORD115-6	0	0	0
SNORD115-7	0	0	0
SNORD115-8	0	0	0
SNORD115-9	0	0	0
SNORD115-10	0	0	0
SNORD115-11	0	0	0
SNORD115-12	0	0	0
SNORD115-13	0	0	0
SNORD115-14	0	0	0
SNORD115-15	0	0	0
SNORD115-16	0	0	0
SNORD115-17	0	0	0
SNORD115-18	0	0	0
SNORD115-19	0	0	0
SNORD115-20	0	0	0
SNORD115-21	0	0	0
SNORD115-22	0	0	0
PWAR4	0	0	0
SNORD115-23	0	0	0
SNORD115-24	0	0	0
SNORD115-25	0	0	0
SNORD115-26	0	0	0
SNORD115-27	0	0	0
SNORD115-28	0	0	0
SNORD115-29	0	0	0
SNORD115-30	0	0	0
SNORD115-31	0	0	0
SNORD115-32	0	0	0
SNORD115-33	0	0	0
SNORD115-34	0	0	0
SNORD115-35	0	0	0
SNORD115-36	0	0	0
SNORD115-37	0	0	0
SNORD115-38	0	0	0
SNORD115-39	0	0	0
SNORD115-40	0	0	0
SNORD115-41	0	0	0
SNORD115-42	0	0	0
SNORD115-43	0	0	0
SNORD115-44	0	0	0
SNORD115-45	0	0	0
SNORD115-46	0	0	0
SNORD115-47	0	0	0
SNORD115-48	0	0	0
SNORD109B	0	0	0
UBE3A	799	1	798
LINC02250	0	0	0
LOC107984789	0	0	0
LOC124903448	0	0	0
ATP10A	0	0	0
LOC107984770	0	0	0
MIR4715	0	0	0
ATP10A-DT	0	0	0
LINC02346	0	0	0
LOC124900363	0	0	0
TRE-TTC2-2	0	0	0
LOC105370739	0	0	0
LINC00929	0	0	0
LOC124903568	0	0	0
LINC02248	0	0	0
LOC105370740	0	0	0
GABRB3	1	0	1
LOC124903578	0	0	0
LOC112268151	0	0	0
GABRA5	0	0	0
GABRG3	0	0	0
LOC124903449	0	0	0
LOC107984766	0	0	0
GABRG3-AS1	0	0	0
OCA2	0	0	0
HERC2	99	0	99
GOLGA6L24	0	0	0
GOLGA8F	0	0	0
MIR4509-2	0	0	0
LOC101059997	0	0	0
MIR4509-3	0	0	0
GOLGA8G	0	0	0
GOLGA6L25	0	0	0
HERC2P11	0	0	0
LOC124903450	0	0	0
HERC2P9	1	0	1
GOLGA8M	0	0	0
LOC107984746	0	0	0
WHAMMP2	0	0	0
LOC100289656	0	0	0
PDCD6IPP2	0	0	0
GOLGA6L7	0	0	0
APBA2	0	0	0
ENTREP2	0	0	0
NSMCE3	0	0	0
LCIIAR	0	0	0
LOC105370743	0	0	0
TJP1	9	0	9
LOC124903451	0	0	0
GOLGA8J	0	0	0
ULK4P3	0	0	0
LOC124900359	0	0	0
GOLGA8T	0	0	0
LOC105370746	0	0	0
LOC105370747	0	0	0
LINC02249	0	0	0
CHRFAM7A	0	0	0
LOC105370751	0	0	0
LOC124900357	0	0	0
GOLGA8R	0	0	0
LOC101927788	0	0	0
LOC105376704	0	0	0
WHAMMP4	25	0	25
LOC124903452	0	0	0
GOLGA8Q	0	0	0
DNM1P50	0	0	0
ULK4P2	0	0	0
LOC124900358	0	0	0
ARHGAP11B-DT	0	0	0
GOLGA8H	0	0	0
ARHGAP11B	0	0	0
LOC100288637	40	0	40
LOC101930434	0	0	0
LOC124903453	0	0	0
HERC2P10	2	0	2
FAN1	31	0	57
MTMR10	32	29	29
TRPM1	0	0	0
TRPM1-AS1	0	0	0
MIR211	0	0	0
LINC02352	0	0	0
LOC124903454	0	0	0
LINC03034	0	0	0
KLF13	297	0	297
LOC105370939	0	0	0
OTUD7A	13	0	13
LOC105370753	0	0	0
LOC124903455	0	0	0
LOC124900362	0	0	0
LOC124903441	0	0	0
CHRNA7	0	0	0
LOC102724078	0	0	0
LOC105376709	0	0	0
LOC112268159	0	0	0
GOLGA8K	0	0	0
LOC107987221	0	0	0
LOC124903457	0	0	0
ULK4P1	0	0	0
LOC124900356	0	0	0
GOLGA8O	0	0	0
LOC124903456	1	0	1
LOC105376710	0	0	0
LOC100653133	0	0	0
WHAMMP1	0	0	0
LINC02256	0	0	0
ARHGAP11A-DT	0	0	0
GOLGA8N	0	0	0
ARHGAP11A	0	0	0
ARHGAP11A-SCG5	0	0	0
SCG5	0	0	0
LOC124903458	1	0	1
SCG5-AS1	0	0	0
LOC105370756	0	0	0
GREM1	0	0	0
GREM1-AS1	0	0	0
FMN1	0	0	0
LOC107984089	0	0	0
LOC124903606	0	0	0
LOC124903460	0	0	0
LOC124900367	0	0	0
LOC124903459	1	0	1
LOC105370759	0	0	0
TMCO5B	0	0	0
RYR3-DT	0	0	0
RYR3	2	48	0
AVEN	228	1	273
CHRM5	1	1	0
EMC7	1424	0	1424
PGBD4	62	2	60
KATNBL1	209	0	209
EMC4	605	23	1092
SLC12A6	874	487	951
LOC124903461	1	55	0
NOP10	0	0	0
NUTM1	1	1	0
LPCAT4	4	0	4
GOLGA8A	122	0	122
MIR1233-1	0	0	0
GOLGA8B	807	0	807
MIR1233-2	0	0	0
LOC124903462	0	0	0
LINC02252	0	0	0
LOC124903463	0	0	0
GJD2	0	0	0
GJD2-DT	0	0	0
ACTC1	0	0	0
LOC107984776	0	0	0
AQR	996	0	996
ZNF770	892	0	892
LOC105370764	0	0	0
LOC105370763	0	0	0
LOC105370765	0	0	0
NANOGP8	0	0	0
DPH6	126	0	126
ANP32AP1	0	0	0
MIR3942	0	0	0
LOC124903464	0	0	0
DPH6-DT	0	0	0
LOC105370766	0	0	0
MIR4510	0	0	0
LINC02853	0	0	0
LOC102724214	0	0	0
LOC105370767	0	0	0
LOC105370769	0	0	0
LOC105370768	0	0	0
LOC105370770	0	0	0
CDIN1	95	0	95
LOC124903466	0	0	0
CSNK1A1P1	0	0	0
LOC124903595	0	0	0
LOC145845	0	0	0
MEIS2	357	2	383
MIR8063	0	0	0
LOC124903465	47	26	49
LOC105370772	0	0	0
LOC105370773	0	0	0
TMCO5A	0	0	0
LINC02345	0	0	0
LINC01852	0	0	0
SPRED1	309	0	309
FAM98B	767	0	767
RASGRP1	8	15	0
LOC105370774	9	0	16
LOC105370775	0	0	0
LINC02694	0	0	0
LOC105370776	0	0	0
LOC102724253	0	0	0
LOC105370777	0	0	0
LOC105370781	0	0	0
LOC124900600	0	0	0
LOC105370780	0	0	0
LOC124903467	0	0	0
LINC02915	0	0	0
LOC124903468	0	0	0
LOC105370783	0	0	0
LOC124903469	0	0	0
LOC105370784	0	0	0
LOC124903470	0	0	0
THBS1	237	8	234
THBS1-IT1	2	0	2
FSIP1	10	6	10
LOC105370785	0	0	0
LOC105370941	21	0	22
GPR176	112	0	112
GPR176-DT	2	0	2
EIF2AK4	1113	14	1099
LOC124903607	0	0	0
SRP14	940	0	4339
LOC124903471	17	3416	0
SRP14-DT	77	0	78
LOC105370787	3	3	1
BMF	325	0	325
BUB1B	1047	0	1047
LOC107984763	1	1	0
BUB1B-PAK6	1	0	1
PAK6	0	0	0
PAK6-AS1	0	0	0
ANKRD63	1	0	1
PLCB2	48	0	48
LOC112268152	1	0	1
INAFM2	85	1	84
CCDC9B	604	0	604
PHGR1	0	0	0
DISP2	12	1	12
LOC124903472	2	1	2
KNSTRN	1124	0	1124
IVD	1188	1	1187
BAHD1	725	1	724
LOC124903473	0	0	0
CHST14	148	0	148
CCDC32	129	0	129
MRPL42P5	0	0	0
RPUSD2	375	0	375
TRS-GCT4-2	0	0	0
KNL1	609	0	609
LOC124903601	0	0	0
RAD51-AS1	8	3	11
RAD51	545	3	548
RMDN3	724	1	723
LOC124903474	1	1	0
GCHFR	11	22	785
DNAJC17	190	819	243
C15orf62	53	29	27
ZFYVE19	892	37	929
PPP1R14D	3	0	3
SPINT1-AS1	0	0	0
SPINT1	9	0	9
RHOV	2096	3	2646
LOC124903475	3	553	3
VPS18	1147	5	1142
LOC105370943	6	0	6
DLL4	24	0	24
CHAC1	50	0	50
LOC105370789	0	0	0
INO80	810	1	1108
LOC124903476	1	238	0
LOC105376713	0	0	0
INO80-AS1	1	63	0
EXD1	0	0	0
CHP1	3153	0	3153
OIP5-AS1	2695	239	2636
OIP5	286	0	466
NUSAP1	2613	0	2613
NDUFAF1	369	0	369
RTF1	1092	0	1092
LOC105370790	0	0	0
ITPKA	80	0	80
LTK	21	1	20
RPAP1	1123	0	1123
TYRO3	1000	0	1000
LOC105370791	0	0	0
MGA	1009	1	1008
MIR626	0	0	0
MAPKBP1	411	0	411
JMJD7-PLA2G4B	0	0	0
JMJD7	19	0	19
PLA2G4B	9	0	9
SPTBN5	64	10	57
MIR4310	0	0	0
LOC105370792	0	79	0
EHD4	550	0	705
EHD4-AS1	1	1	0
LOC124903477	0	77	0
PLA2G4E-AS1	0	0	0
PLA2G4E	4	4	0
LOC105370793	0	0	0
PLA2G4D	0	0	0
PLA2G4F	0	0	0
VPS39	1048	0	1048
MIR627	0	0	0
VPS39-DT	0	96	0
TMEM87A	660	5	818
GANC	251	62	256
CAPN3	97	0	98
LOC105370794	0	1	0
ZNF106	1214	2	1214
SNAP23	462	3	588
LRRC57	237	132	232
HAUS2	562	0	562
STARD9	209	16	198
LOC124903605	0	0	0
CDAN1	330	8	327
TTBK2	202	2	259
TTBK2-AS1	0	58	3
UBR1	685	0	685
TMEM62	477	1	476
LOC124903478	1	159	0
CCNDBP1	496	0	654
EPB42	0	0	0
TGM5	0	0	0
TGM7	0	0	0
LCMT2	261	8	296
MAPDA	347	35	355
ZSCAN29	277	10	267
TUBGCP4	457	348	1156
TP53BP1	956	708	1295
MAP1A	7	0	7
PPIP5K1	460	0	460
CKMT1B	108	0	108
STRC	14	0	14
LOC124903598	0	0	0
CATSPER2	8	0	8
PPIP5K1P1-CATSPER2	9	0	9
CKMT1A	32	0	32
STRCP1	2	1	1
LOC124903599	0	0	0
CATSPER2P1	13	0	14
PDIA3	11587	35	11620
ELL3	39	52	57
SERF2	173	1	619
SERF2-C15ORF63	0	0	0
MIR1282	0	3295	2
SERINC4	52	190	4
HYPK	10	10	3
MFAP1	1287	0	1288
WDR76	611	0	611
FRMD5	7	7	0
PIN4P1	3	3	0
GOLM2	1082	0	1082
LOC124903479	0	0	0
CTDSPL2	926	3	925
EIF3J-DT	103	1	104
EIF3J	1830	7	1873
SPG11	1006	125	931
PATL2	6	0	6
B2M	2175	2	2173
MIR10393	0	0	0
RNF4BP	0	0	0
TRIM69	0	0	0
SORD2P	47	0	47
LOC105370798	0	0	0
TERB2	0	0	0
SORD	728	1	727
DUOX2	2	0	2
DUOXA2	0	0	0
DUOXA1	2	0	2
DUOX1	7	9	0
LOC124903480	0	0	2
SHF	14	8	7
LOC124903481	8	0	9
TRH-GTG1-7	0	0	0
TRH-GTG1-8	0	0	0
TRH-GTG1-9	0	0	0
LOC124900370	0	0	0
SLC28A2-AS1	0	0	0
SLC28A2	0	0	0
LOC107984732	0	0	0
LOC124903482	0	0	0
GATM	3	0	3
AFG2B	524	1	523
COXFA4L3	0	0	0
MIR147B	0	0	0
LOC107987223	0	0	0
SLC30A4-AS1	4	70	8
LOC124903483	2	3	9
SLC30A4	51	8	111
LOC124903596	0	0	0
HMGN2P46	1	4	1
SNORA41B	0	0	0
BLOC1S6	454	4	450
SQOR	1621	0	1621
LOC124903484	4	0	4
LOC105370802	1	0	1
LOC124900365	0	0	0
LOC107984794	0	0	0
LOC124900371	0	0	0
LOC105370803	0	0	0
LOC107984733	0	0	0
SEMA6D	276	1	275
LOC124900620	0	0	0
LOC105370804	0	0	0
LINC01491	0	0	0
LOC124900354	3	0	3
LOC102724553	0	0	0
LOC107984792	0	0	0
LOC105370805	0	0	0
LOC124903485	0	0	0
SLC24A5	0	0	0
MYEF2	0	0	0
CTXN2	0	0	0
CTXN2-AS1	0	0	0
SLC12A1	0	0	0
LOC128966560	0	0	0
DUT-AS1	4	618	6
LOC124903486	0	0	0
DUT	1525	11	2134
FBN1	3496	1	3516
LOC124903488	0	21	0
FBN1-DT	9	0	9
CEP152	600	0	607
LOC124903487	0	7	0
SHC4	6	0	6
EID1	3289	2	3287
SECISBP2L	651	0	651
LOC124903489	2	0	2
COPS2	1763	0	1763
GALK2	199	2	308
NDUFAF4P1	3	0	3
MIR4716	0	0	0
FAM227B	61	172	31
FGF7	165	0	196
LOC105370811	0	0	0
DTWD1	771	0	771
ATP8B4	224	0	227
LOC102724587	0	3	0
SLC27A2	1521	1	1521
HDC	50	8	43
GABPB1	353	23	417
GABPB1-IT1	35	1	218
GABPB1-AS1	94	249	118
MIR4712	12	0	12
USP8	903	2	1127
USP50	4	230	0
TRPM7	1249	0	1249
LOC128092252	0	0	0
SPPL2A	983	0	983
LOC124903490	1	0	1
AP4E1	472	18	454
DCAF13P3	1	0	1
MIR4713HG	0	0	0
TNFAIP8L3	0	0	0
LOC124903491	0	0	0
LOC124903492	0	0	0
CYP19A1	26	0	26
MIR4713	0	0	0
LOC124903493	0	0	0
MIR7973-2	0	0	0
MIR7973-1	0	0	0
LOC112268146	0	0	0
GLDN	2	0	2
DMXL2	730	0	730
LOC105370816	1	1	0
SCG3	0	0	0
LYSMD2	195	1	194
TMOD2	0	0	0
TMOD3	1668	0	1668
LOC100422556	3	0	3
LOC112268148	6	90	4
LEO1	989	4	1073
MAPK6	1202	1	1201
MAPK6-DT	2	0	2
LOC112268150	21	4	17
LOC124903494	0	0	0
BCL2L10	0	0	0
GNB5	631	2	631
CERNA1	3	128	5
MYO5C	612	1	841
LOC105370820	0	102	0
MIR1266	0	0	0
LOC105370819	0	0	0
MYO5A	377	0	377
ARPP19	2552	1	2551
ATOSA	344	0	344
LOC105370821	2	0	2
ONECUT1	0	0	0
LOC105370824	0	0	0
LOC101928499	0	0	0
LOC107983981	0	0	0
LOC105370823	0	0	0
LINC02490	0	0	0
LOC105370826	0	0	0
WDR72	3	0	3
UNC13C	0	0	0
LOC105370827	0	0	0
LOC124903495	0	0	0
LOC105370829	0	0	0
RSL24D1	1473	0	1473
RAB27A	457	0	457
PIGBOS1	77	0	77
PIGB	289	33	408
DNAAF4-CCPG1	0	0	0
CCPG1	204	0	204
MIR628	0	0	0
PIERCE2	45	0	46
DNAAF4	1	2	0
LOC124903496	0	0	0
PYGO1	0	0	0
LOC124903497	0	0	0
PRTG	248	1	247
NEDD4	756	0	756
LOC124903604	0	0	0
RFX7	510	9	501
LOC124903498	1	0	1
LOC124903569	0	0	0
TEX9	0	0	1
MNS1	0	1	0
LOC105370832	0	0	0
ZNF280D	398	0	398
TCF12-DT	2	2	4
LINC03065	0	0	2
TCF12	984	2	984
SNORD13D	0	0	0
LINC00926	27	0	27
LINC01413	0	0	0
CGNL1	0	0	0
GCOM1	0	0	0
MYZAP	16	0	16
POLR2M	6	0	6
LOC105370834	1	0	1
ALDH1A2	0	0	0
ALDH1A2-AS1	0	0	0
AQP9	0	0	0
LOC124903499	0	0	0
LIPC	0	0	0
LIPC-AS1	0	0	0
ADAM10	1718	0	1718
LOC124903600	1	0	1
HSP90AB4P	0	0	0
MINDY2-DT	4	0	4
MINDY2	314	0	314
SLTM	1434	0	1434
RNF111	485	2	483
CCNB2	1118	32	1086
MYO1E	6499	20	6487
MIR2116	0	0	0
LDHAL6B	6	14	0
FAM81A	384	0	384
GCNT3	116	0	116
GTF2A2	857	0	857
BNIP2	1073	3	1070
FOXB1	10	0	10
LOC105370838	0	0	0
LOC105370839	0	0	0
LOC105370840	0	0	0
ANXA2	12450	3	12447
ICE2	648	0	648
RORA-AS1	9	0	13
RORA	4	8	0
LOC105370846	0	0	0
RORA-AS2	0	0	0
RORA-AS4	0	0	0
LOC124903500	0	0	0
LOC102724802	0	0	0
LOC107984805	0	0	0
LOC105370841	0	0	0
LOC105370847	0	0	0
LOC107984782	0	0	0
LOC101928850	0	0	0
LOC107984783	0	0	0
LINC02349	0	0	0
LOC124903501	1	1	0
VPS13C	803	0	803
VPS13C-DT	3	0	3
C2CD4A	0	0	0
C2CD4B	0	0	0
LOC124903502	0	0	0
LOC107984784	0	0	0
GOLGA2P11	0	0	0
LOC102724938	0	0	0
MIR8067	0	0	0
MIR6085	0	0	0
LOC124903503	0	0	0
TLN2	366	0	525
MGC15885	0	0	0
LOC105370855	0	0	0
MIR190A	0	0	0
LOC105370854	2	161	0
TPM1	652	1	791
TPM1-AS	1	139	2
LOC107984798	0	0	0
LACTB	782	0	782
RPS27L	1087	3	1084
LOC101928972	0	0	0
RAB8B	550	0	550
LOC124903504	0	0	0
APH1B	122	0	122
LOC124903506	0	0	0
LOC124903505	0	0	0
CA12	0	0	0
LINC02568	0	0	0
USP3	599	10	841
USP3-AS1	10	260	5
FBXL22	19	4	17
HERC1	979	0	979
MIR422A	0	0	0
DAPK2	217	0	233
LOC101928988	0	16	0
CIAO2A	1630	0	1630
SNX1	1886	3	1883
SNX22	27	7057	12
PPIB	1592	10	8624
CSNK1G1	379	0	379
LOC124900364	0	0	0
PCLAF	1747	1	1746
TRIP4	359	1	358
LOC105370861	0	0	0
ZNF609	1081	0	1081
LOC101930091	0	0	0
OAZ2	1297	5	1293
LOC124903507	4	3	2
RBPMS2	217	0	217
MIR1272	0	0	0
PIF1	306	0	306
LOC124903508	5	5	0
PLEKHO2	163	1	162
ANKDD1A	54	37	27
SPG21	1905	2	1913
MTFMT	227	0	227
SLC51B	0	0	4
RASL12	0	4	0
KBTBD13	0	0	0
UBAP1L	54	0	54
PDCD7	290	0	290
CLPX	1065	0	1065
LOC124903509	0	0	0
CILP	2	0	2
PARP16	160	0	160
SNORA24B	0	0	0
RNU5A-1	1	0	1
RNU5B-1	0	0	0
IGDCC3	0	0	0
IGDCC4	1	0	1
LOC124903510	0	0	0
DPP8	561	2	559
HACD3	2050	0	2050
LOC124903602	1	1	0
INTS14	645	1	644
SLC24A1	109	68	92
LOC102723464	1	1	2
DENND4A	295	6	338
SNORD13E	1	1	0
MIR4511	1	0	1
LOC105370866	2	0	2
TRQ-CTG1-4	0	0	0
RAB11A	1931	0	1931
MEGF11	2	2	0
LOC105370867	0	0	0
MIR4311	0	0	0
DIS3L-AS1	3	3	3
DIS3L	594	68	529
TIPIN	227	0	227
SCARNA14	0	0	0
MAP2K1	1176	40	1635
SNAPC5	455	472	482
MIR4512	3	0	3
RPL4	38408	16	38392
SNORD18C	4	0	4
SNORD18B	5	0	5
SNORD16	0	0	0
SNORD18A	0	0	0
ZWILCH	784	0	1122
LCTL	12	350	0
LINC01169	1	1	0
SMAD6	1410	0	1410
LOC105370869	0	0	0
LOC105376718	12	0	12
SMASR	0	0	0
SMAD3-DT	2	2	0
SMAD3	747	0	747
SMAD3-AS1	0	0	0
AAGAB	1076	0	1076
IQCH	45	8	51
IQCH-AS1	38	92	42
LOC124903511	0	2	0
C15orf61	20	2	102
MAP2K5-DT	16	0	16
MAP2K5	372	2	370
LOC124903512	0	0	0
LOC124903570	2	0	2
SKOR1	17	0	20
LOC105370870	0	3	0
SKOR1-AS1	0	0	0
RNU6-1	0	0	0
PIAS1	661	38	864
LOC105370871	31	145	0
CALML4	65	100	92
CLN6	776	0	776
FEM1B	691	0	691
ITGA11	1	1	0
LOC124903513	0	0	0
LOC105370873	0	0	0
CORO2B	0	0	0
LOC124903514	0	0	0
ANP32A	2795	1	2794
MIR4312	0	0	0
ANP32A-IT1	6	0	6
SPESP1-NOX5	0	0	0
SPESP1	0	0	0
NOX5	0	0	0
LOC124903515	0	0	0
EWSAT1	28	0	28
LOC124903516	0	0	0
GLCE	986	0	986
PAQR5-DT	2	0	2
PAQR5	556	2	714
LOC124900368	0	0	0
KIF23-AS1	6	216	6
KIF23	1334	4	1386
RPLP1	13953	6	13947
LINC02896	33	0	33
LOC124903594	0	0	0
DRAIC	5	0	7
LOC124903517	1	2	1
PCAT29	0	0	0
LOC107984788	0	0	0
LINC00593	0	0	0
LOC101929129	0	0	0
LOC124903518	1	0	1
TLE3	2143	1	2142
MIR629	0	0	0
LOC107984734	0	0	0
LOC105370878	0	0	0
LOC124903519	3	0	3
LINC02205	0	0	0
LOC107984781	0	0	0
LINC02204	5	0	5
SALRNA3	0	0	0
LOC107984791	0	0	0
SALRNA2	0	0	0
UACA	650	1	649
LARP6	102	0	104
LRRC49	34	2	34
THAP10	50	1	49
LOC105370886	1	0	1
THSD4	438	1	442
CT62	0	4	0
THSD4-AS1	0	0	0
LOC105370884	0	0	0
LOC124903521	1	3	0
LOC124903520	1	0	3
LOC107984716	0	0	0
THSD4-AS2	3	3	0
NR2E3	11	2	9
MYO9A	332	5	337
LOC107984713	0	1	0
MYO9A-AS1	0	6	0
SENP8	28	1	31
LOC124903522	1	4	0
GRAMD2A	96	0	99
PKM	40488	28	40460
PARP6	503	0	503
LOC105370887	0	0	0
CELF6	17	0	17
HEXA	1839	3	1839
HEXA-AS1	2	2	3
TMEM202	0	0	0
TMEM202-AS1	4	0	4
ARIH1	1297	6	1291
MIR630	0	0	0
LINC02259	0	0	0
LOC112268145	0	0	0
GOLGA6B	3	0	3
HIGD2B	2	0	2
BBS4	537	3	534
ADPGK	868	1	991
ADPGK-AS1	0	124	0
LOC107984801	0	0	0
NEO1	112	0	112
MIR12135	0	0	0
HCN4	9	0	9
LOC105370890	0	0	0
LOC124903571	0	0	0
REC114	0	1	0
NPTN	1911	2	1912
NPTN-IT1	15	0	15
LOC105370891	1	0	1
CD276	3536	2	3536
INSYN1	83	0	83
INSYN1-AS1	0	0	0
LOC105370892	0	0	0
LOC102723657	0	0	0
TBC1D21	0	0	0
LOXL1-AS1	0	1	0
LOXL1	0	0	1
STOML1	125	0	125
PML	802	0	802
GOLGA6A	0	0	0
LOC107987224	0	0	0
COMMD4P2	0	0	0
ISLR2	0	0	0
LOC283731	0	0	0
LOC124903523	0	0	0
ISLR	0	0	0
STRA6	0	4	0
CCDC33	0	0	4
LOC105370893	0	0	0
CCDC33-AS1	0	0	0
CYP11A1	0	0	0
PPIAP46	0	0	0
LOC124903524	0	0	0
LINC02255	0	0	0
SEMA7A	0	0	0
MIR6881	0	0	0
UBL7	0	0	0
UBL7-DT	0	0	0
LOC101929333	0	0	0
LOC124900366	0	0	0
LOC124903526	0	0	0
LOC102723714	0	0	0
LOC124903528	0	0	0
ARID3B	234	1	258
LOC124903527	15	40	0
CLK3-AS1	35	31	12
CLK3	1133	0	1141
EDC3	842	0	842
CYP1A1	89	0	89
CYP1A2	0	0	0
CSK	828	0	828
MIR4513	0	0	0
LMAN1L	94	0	94
CPLX3	104	1	103
LOC105370897	1	0	1
ULK3	877	0	877
MIR6882	1	0	1
SCAMP2	1004	2	1002
MPI	759	492	981
FAM219B	178	239	653
COX5A	2281	0	2281
RPP25	1129	9	1120
SCAMP5	44	0	44
PPCDC	140	0	140
LOC124903529	1	0	1
LOC124900369	0	0	0
LOC124903530	1	0	1
LOC107984772	1	1	0
C15orf39	1255	0	1255
TRCG1P	1	1	0
GOLGA6C	2	0	2
GOLGA6D	0	0	0
COMMD4	1376	0	1376
NEIL1	134	372	56
MIR631	2	9	4
MAN2C1	761	11	1033
SIN3A	1251	3	1248
PTPN9	462	4	510
LOC105370902	0	52	0
SNUPN	373	0	373
IMP3	1492	0	1492
SNX33	1169	2	1167
CSPG4	3477	11	3466
CIMAP1C	46	0	46
DNM1P35	1	0	1
LOC101929408	0	0	0
MIR4313	0	0	0
GOLGA6EP	0	0	0
UBE2Q2	187	1	186
FBXO22	704	142	725
NRG4	167	67	263
TMEM266	33	4	50
LOC124903531	0	0	0
LOC101929439	2	18	5
ETFA	1957	0	1957
TYRO3P	1	0	1
ISL2	109	0	109
LOC124903532	0	0	0
SCAPER	277	1	276
MIR3713	0	0	0
RCN2	1249	1	1248
LOC105370904	0	0	0
PSTPIP1	0	0	0
TSPAN3	1879	0	1879
PEAK1	417	18	417
LINC00597	0	0	0
HMG20A	504	2	520
LOC101929457	0	0	0
LOC105370906	0	0	0
LINGO1	0	0	0
LINGO1-AS1	0	0	0
LINGO1-AS2	0	0	0
LOC141374963	0	0	0
GOLGA6FP	2	4	0
LOC124903533	0	0	2
COMMD4P1	1	0	1
LOC91450	0	0	0
TBC1D2B	411	0	411
SH2D7	0	0	0
CIB2	1	0	1
LOC124903534	5	0	5
IDH3A	557	4	1586
ACSBG1	13	1032	14
DNAJA4-DT	0	0	0
DNAJA4	1	7	0
LOC105370910	5	0	9
SKIC8	1016	0	1016
CRABP1	0	0	0
LOC105370912	2	0	2
IREB2	1499	0	1499
HYKK	76	2	74
PSMA4	3134	3	3131
CHRNA5	243	0	317
CHRNA3	4	78	0
CHRNB4	0	0	0
LOC105370913	0	0	0
LOC646938	0	0	0
LOC112268143	0	0	0
ADAMTS7	39	0	39
TRK-CTT1-2	0	0	0
LOC124903535	1	1	0
MORF4L1	4442	0	4442
CTSH	0	0	0
RASGRF1	0	0	0
LOC100129540	0	0	0
LOC105370917	0	0	0
LOC107984750	0	0	0
ANKRD34C-AS1	0	0	0
MIR184	0	0	0
ANKRD34C	0	0	0
TMED3	1241	1	1240
MINAR1	33	0	33
LOC105370918	2	2	0
LOC105370919	0	0	0
TRC-GCA5-1	0	0	0
LOC124903536	6	0	6
ST20-MTHFS	0	0	1
MTHFS	0	0	0
ST20	5	16	38
ST20-AS1	33	84	41
BCL2A1	0	0	0
ZFAND6	1225	0	1225
FAH	412	0	412
CTXND1	2	2	0
LINC00927	0	0	0
ARNT2-DT	0	0	0
ARNT2	348	2	365
LOC124903537	0	0	0
ARNT2-AS3	0	0	0
ARNT2-AS1	4	43	3
MIR5572	0	0	0
ABHD17C	1430	1	1429
CEMIP	43	25	29
LOC124903539	0	0	0
MIR549A	0	0	0
MESD	423	1	433
MIR4514	0	0	0
TLNRD1	439	2	437
LOC128071545	0	0	0
LOC124903540	1	0	1
CFAP161	0	0	0
IL16	0	21	0
STARD5	3	0	24
TMC3-AS1	0	0	0
TMC3	0	0	0
LOC102723985	0	0	0
LOC105370921	0	0	0
LOC124903541	0	0	0
LINC01418	0	0	0
LOC105370922	0	0	0
LOC105370923	0	0	0
MEX3B	68	0	68
LINC01583	0	0	0
LOC105370924	0	0	0
EFL1	627	3	624
SAXO2	5	0	5
ADAMTS7P1	0	0	0
GOLGA6L10	0	0	0
UBE2Q2P2	0	0	0
GOLGA6L9	12	0	12
LOC102724034	0	0	0
GOLGA2P10	173	0	173
LOC105370926	0	0	0
GOLGA6L17P	0	0	0
RPS17	2	0	2
CPEB1	5	0	6
CPEB1-AS1	0	1	0
AP3B2	98	0	98
LOC338963	0	0	0
ACTG1P17	16	0	16
SNHG21	56	0	103
FSD2	27	85	0
SCARNA15	0	0	11
WHAMM	181	1	193
HOMER2	0	13	0
LOC105370928	0	0	0
RAMAC	12	1	266
C15orf40	264	255	264
LOC124903542	0	0	0
BTBD1	1564	4	1560
MIR4515	0	0	0
LOC124903543	0	0	0
TM6SF1	0	0	0
HDGFL3	0	0	0
BNC1	0	0	0
BNC1-AS1	0	0	0
LOC105370933	0	0	0
LOC105370934	0	0	0
SH3GL3	0	0	0
ADAMTSL3	0	0	0
LOC105370935	0	0	0
EFL1P1	0	0	0
DNM1P41	1	0	1
LOC124903544	0	0	0
UBE2Q2P16	0	0	0
LOC440300	0	0	0
GOLGA2P7	0	0	0
LOC105376724	0	0	0
GOLGA6L4	6	0	6
LOC105370936	0	0	0
LOC105376722	0	0	0
LOC103171574	3	3	0
LOC102724117	0	0	0
LOC102724135	13	0	13
LOC105370946	0	0	0
GOLGA6L5P	0	0	0
UBE2Q2P1	0	0	0
LINC00933	0	0	0
LOC105370947	0	4	0
ZSCAN2	0	0	4
SCAND2P	0	1	0
WDR73	0	0	1
NMB	0	0	0
SEC11A	1860	1	1859
ZNF592	593	2	591
ALPK3	22	0	22
SLC28A1	0	0	0
PDE8A	519	4	633
LOC124903545	2	120	0
LOC727751	39	0	39
LOC101929479	0	0	0
LOC105370948	0	0	0
GOLGA6L3P	0	0	0
MIR7706	0	0	0
AKAP13	1143	6	1137
LOC124903546	2	2	0
LINC02883	0	0	0
KLHL25	121	0	121
MIR1276	2	0	2
MIR548AP	0	0	0
LOC105370952	0	0	0
LOC105370953	0	0	0
AGBL1	0	0	0
LINC01584	0	0	0
AGBL1-AS1	1	1	0
LOC105370954	0	0	0
LOC102724452	0	0	0
LOC105370955	0	0	0
LOC107984735	0	0	0
LOC102724465	0	0	0
LINC00052	36	0	36
LOC124903579	1	0	1
LOC124903580	0	0	0
NTRK3	0	0	0
MIR11181	0	0	0
NTRK3-AS1	0	0	0
LOC105370957	0	0	0
LOC105370958	0	0	0
LOC105370959	0	0	0
MRPL46	526	0	526
MRPS11	878	0	878
DET1	90	1	91
LOC124903547	0	2	0
LINC01586	0	0	0
AEN	930	1	929
MIR1179	0	0	0
MIR7-2	0	0	0
MIR3529	0	0	0
ISG20	461	0	461
LOC105370960	0	0	0
ACAN	0	0	0
HAPLN3	5	0	5
MFGE8	277	0	277
ABHD2	772	0	776
CARMAL	0	0	0
LOC124903573	2	5	1
RLBP1	0	0	0
FANCI	1508	290	2455
LOC124903548	3	514	0
POLG	1141	444	1433
MIR6766	0	0	0
POLGARF	0	0	0
POLG-DT	5	41	3
TRR-TCG1-1	0	0	0
LOC124903549	0	0	0
MIR9-3HG	0	0	0
MIR9-3	0	0	0
LOC107984777	0	0	0
LOC105371031	0	0	0
LOC105370964	0	0	0
LOC112268153	0	0	0
RHCG	0	0	0
LINC00928	0	0	0
TICRR	566	0	612
KIF7	109	122	33
PLIN1	60	0	60
PEX11A	402	1	403
WDR93	3	4	1
MESP1	139	0	139
LOC124903550	0	0	0
MESP2	5	0	5
ANPEP	5	0	5
LOC124903551	6	0	6
ARPIN-AP3S2	0	0	0
AP3S2	2	0	2
LOC124903552	5	162	0
MIR5094	0	0	0
MIR5009	0	0	0
ARPIN	630	0	630
ZNF710	352	122	309
MIR3174	1	0	1
ZNF710-AS1	0	57	22
IDH2	992	0	1164
IDH2-DT	0	172	0
SEMA4B	2209	2	2207
CIB1	1535	271	1541
GDPGP1	70	1	69
TTLL13	5	0	5
NGRN	1320	6	1591
PERPP2	61	0	61
GABARAPL3	1	0	1
ZNF774	56	0	56
IQGAP1	6326	0	6326
CRTC3	2186	3	2489
LOC124903555	9	145	0
LOC124903554	8	0	8
CRTC3-AS1	4	177	2
LINC01585	0	0	0
BLM	509	0	509
LOC124903590	0	0	0
LOC105370969	0	0	0
FURIN	4644	6	4638
FES	9	3	6
MAN2A2	1089	9	1080
HDDC3	245	2	253
UNC45A	947	21	1250
RCCD1-AS1	7	309	12
RCCD1	907	1	906
PRC1	1907	3	2998
PRC1-AS1	1	1095	0
LOC124903556	3	1	3
VPS33B	404	16	389
LOC105370970	0	0	0
VPS33B-DT	9	0	9
SV2B	1	0	1
LOC105370972	0	0	0
LOC107984778	0	0	0
CRAT37	0	0	0
LOC105370973	0	0	0
LOC105370974	0	0	0
SLCO3A1	690	0	690
LOC124903557	1	0	1
LOC107987227	0	0	0
ST8SIA2	0	0	0
LOC104613533	0	0	0
C15orf32	0	0	0
LINC00930	0	0	0
FAM174B	3	0	3
LOC124903559	0	0	0
LOC101926994	24	0	24
ASB9P1	1	1	0
LOC124903558	9	2	7
CHASERR	544	3	541
CHD2	1556	1	1555
MIR3175	0	0	0
RGMA	1	1	0
LOC101927025	0	0	0
LOC105370980	0	0	0
LOC105370982	0	0	0
LOC124900612	0	0	0
LOC107983974	0	0	0
LINC02207	0	0	0
LINC01579	0	0	0
LINC01580	0	0	0
LINC01581	0	0	0
LOC105369203	0	0	0
LOC105370984	2	1	1
MCTP2	1274	1	1273
LINC02852	0	0	0
LOC105370986	0	0	0
LOC105370987	0	0	0
LOC105370988	0	0	0
LOC440311	1	0	1
LOC105370989	0	0	0
LOC105370991	0	0	0
LOC124903581	0	0	0
LOC105370990	0	0	0
LETR1	0	0	0
LINC00924	0	0	0
LOC105370993	0	0	0
LOC105370995	0	0	0
LOC124903582	0	0	0
LOC112268156	0	0	0
LOC105370998	0	0	0
LOC105369212	0	0	0
NR2F2-AS1	8	2	6
LOC124903583	3	0	3
LOC105370997	0	0	0
LOC124903584	1	1	0
NR2F2	446	3	443
MIR1469	1	0	1
SCDAL	1	0	1
LOC101927263	3	0	3
LOC105371001	0	0	0
LOC105371002	0	0	0
SPATA8-AS1	0	0	0
SPATA8	0	0	0
LOC105371004	0	0	0
LOC105371005	0	0	0
LINC02253	0	0	0
LOC105371006	0	0	0
LINC02254	0	0	0
LOC101927310	0	0	0
LOC105371007	0	0	0
LINC00923	0	0	0
LOC124903585	0	0	0
ARRDC4	69	0	69
LOC105371009	0	0	0
LINC02251	0	0	0
LINC01582	0	0	0
LOC105371010	0	0	0
LINC02351	0	0	0
FAM169BP	0	0	0
IRAIN	11	29	16
IGF1R	1724	87	1671
LOC124903560	7	7	0
MIR4714	0	0	0
LOC124903561	18	6	12
PGPEP1L	0	0	0
LUNAR1	7	0	7
SYNM-AS1	0	22	0
SYNM	610	175	625
TTC23	132	5	338
TTC23-AS1	0	0	0
LRRC28	128	0	128
HSP90B2P	8	0	8
LINC02244	0	0	1
LOC105371017	1	1	1
LINC03080	33	0	33
LOC107984790	2	0	2
LOC105371019	0	0	0
MEF2A	640	4	846
LYSMD4	163	206	167
LOC105371020	0	0	0
DNM1P46	0	0	0
LOC124903563	0	0	0
LOC400464	0	0	0
ADAMTS17	0	0	0
LOC105371022	0	0	0
SPATA41	0	0	0
LOC105371021	0	0	0
CERS3-AS1	0	0	0
CERS3	2	0	2
PRKXP1	20	0	23
LOC102723335	0	3	0
LINS1	188	0	188
ASB7	318	0	318
LOC105371024	0	0	0
LOC440313	0	0	0
GCAWKR	75	0	75
LOC124903575	13	5	13
ALDH1A3	101	8	509
ALDH1A3-AS1	28	419	22
LRRK1	682	3	760
LRRK1-AS1	11	87	2
LOC124903565	0	0	0
LOC124903564	3	3	0
CHSY1	519	2	517
LOC107984727	0	0	0
SELENOS	619	0	619
SNRPA1	1464	2	1463
SNRPA1-DT	5	182	18
PCSK6	355	17	493
LOC100507472	1	0	1
PCSK6-AS1	0	0	0
LOC124903566	9	0	9
LOC107987228	16	1	17
LOC124903567	0	0	0
LINC02348	3	0	3
TM2D3	252	0	252
TARS3	137	1	136
LOC124903609	0	0	0
UBE2Q2P13	0	0	0
OR4F6	0	0	0
OR4F15	0	0	0
OR4F13P	0	0	0
LOC105376730	0	0	0
FAM138E	0	0	0
MIR1302-10	0	0	0
WASH3P	0	0	0
MIR6859-3	0	0	0
DDX11L9	0	0	0
LOC102723461	0	0	0
LOC124905326	0	0	0
LOC124905325	0	0	0
LOC102723502	0	0	0
LOC124905327	0	0	0
LOC105369218	0	0	0
LOC124900616	0	0	0
LOC124905328	0	0	0
LOC102723532	0	0	0
LOC107987381	0	0	0
LOC102723573	0	0	0
DDX11L10	0	0	0
MIR6859-4	0	0	0
WASIR2	0	0	0
POLR3K	690	11	681
SNRNP25	1048	2	1048
RHBDF1	587	3	585
LOC124903617	5	1	4
MPG	585	15	1190
NPRL3	1131	612	1138
HBZ	0	0	0
LOC107983982	0	0	0
HBM	0	0	0
HBA2	1	0	1
HBA1	0	0	0
HBQ1	2	2	0
LUC7L	784	1	783
FAM234A	3295	4	3293
RGS11	2	5	1
ARHGDIG	0	0	0
PDIA2	0	0	0
AXIN1	925	1	924
MRPL28	1987	0	1987
PGAP6	1245	7	1240
LOC100134368	12	3	11
NME4	2506	18	2488
DECR2	0	0	0
RAB11FIP3	16	0	16
LOC107987417	8	8	0
LINC00235	0	0	0
CAPN15	2574	2	2572
MIR5587	3	0	3
MIR3176	0	0	0
PRR35	0	0	0
NHLRC4	3	1	2
PIGQ	1915	3	1912
RAB40C	1713	26	1688
LOC124903618	27	28	0
WFIKKN1	307	1	307
METTL26	2296	5	2292
TRG-CCC2-2	0	0	0
LOC100287175	17	0	17
MCRIP2	1241	12	1253
LOC105371038	0	24	5
WDR90	2669	6	2668
RHOT2	2511	5	2506
RHBDL1	90	0	90
STUB1-DT	3	0	3
STUB1	1176	989	2928
JMJD8	563	1756	1548
WDR24	808	37	771
FBXL16	954	3	951
METRN	2094	10	2084
ANTKMT	529	1	531
CCDC78	190	21	174
HAGHL	536	48	491
CIAO3	630	31	600
MSLN	6422	10	6412
MIR662	23	1	22
RPUSD1	780	5	775
CHTF18	1197	1	1201
GNG13	8	13	0
LMF1	187	0	220
LOC124903619	1	0	1
LOC107984876	0	0	0
LMF1-AS1	0	33	0
LOC124903620	0	0	0
CEROX1	0	0	0
SOX8	0	0	0
SSTR5-AS1	10	0	13
SSTR5	43	11	37
C1QTNF8	8	0	10
LOC107984906	1	0	1
LOC105371042	0	0	0
CACNA1H	31	0	34
LOC124903622	2	0	2
LOC124903623	0	1	0
TPSG1	1	2	1
LOC124903621	0	0	0
TPSB2	0	0	0
TPSAB1	0	0	0
TPSD1	0	0	0
UBE2I-AS1	1	1	0
UBE2I	2516	1	2515
BAIAP3	38	229	38
TSR3	1080	0	1309
GNPTG	983	194	1062
UNKL	362	84	551
UNKL-AS1	0	0	0
UQCC4	383	1	382
LOC105371044	0	0	0
PERCC1	1	1	0
CCDC154	20	1	19
CLCN7	2224	1	2223
PTX4	0	0	0
TELO2	1488	1	1489
IFT140	820	17	807
TMEM204	0	0	0
LOC105371046	0	2	0
CRAMP1	586	0	586
JPT2	2359	0	2359
MAPK8IP3	1259	5	1257
MAPK8IP3-AS1	0	0	0
MIR3177	0	0	0
NME3	580	1	582
MRPS34	808	9	2244
EME2	232	2276	291
SPSB3	17	82	825
NUBP2	1438	0	1438
IGFALS	7	3	4
HAGH	1108	19	1102
FAHD1	690	0	706
MEIOB	0	3	0
LINC00254	0	0	0
LINC02124	0	0	0
HS3ST6	0	0	0
MSRB1	0	0	0
LOC124903625	0	0	0
RPL3L	0	0	0
NDUFB10	0	0	0
RPS2	0	0	0
SNORA10	0	0	0
SNORA64	0	0	0
SNHG9	0	0	0
SNORA78	0	0	0
RNF151	0	0	0
TBL3	0	0	0
NOXO1	0	0	0
GFER	0	0	0
SYNGR3	0	0	0
ZNF598	45	0	45
LOC124903626	1	0	1
NPW	0	0	0
NHERF2	178	0	178
NTHL1	553	1	552
TSC2	1719	275	1718
PKD1	1584	21	2074
MIR1225	0	0	0
PKD1-AS1	18	252	3
MIR6511B1	0	0	0
MIR4516	0	0	0
MIR3180-5	0	0	0
RAB26	1315	3	1312
SNHG19	168	0	168
SNORD60	0	0	0
TRAF7	2631	4	3580
CASKIN1	11	949	15
MLST8	1645	37	1716
BRICD5	93	74	127
PGP	2419	1	2418
E4F1	1198	5	1193
DNASE1L2	57	11	46
ECI1	2604	4	2605
ECI1-AS1	37	33	4
LOC107984839	0	60	0
RNPS1	3604	6	3654
MIR3677HG	38	28	10
MIR3677	6	0	6
MIR940	0	0	0
MIR4717	0	0	0
ABCA3	56	0	56
ABCA17P	5	2	3
CCNF	714	6	895
MIR6767	0	0	0
LOC105371050	6	186	7
TEDC2	405	3	404
MIR6768	0	0	0
TEDC2-AS1	12	5	9
NTN3	7	4	3
TBC1D24	313	0	313
ATP6V0C	3017	2	3015
AMDHD2	778	1	1204
CEMP1	0	426	1
MIR3178	0	0	0
PDPK1	757	39	718
LOC652276	42	2	40
FLJ42627	166	0	166
ERVK13-1	202	2	200
LOC124903627	0	0	0
KCTD5	545	0	545
PRSS27	111	0	111
SRRM2-AS1	24	17	24
SRRM2	10244	3	10258
ELOB	1783	1	1782
PRSS33	0	0	0
SNORA3C	0	0	0
PRSS41	1	0	1
PRSS21	2262	0	2262
ZG16B	0	0	0
LOC124903628	0	0	0
PRSS30P	0	0	0
PRSS22	0	0	0
LOC101929566	0	0	0
FLYWCH2	1987	2	1985
FLYWCH1	1714	13	1711
FLYWCH1-AS1	20	18	12
KREMEN2	752	71	681
PAQR4	1406	236	1878
PKMYT1	1234	482	1461
GREP1	7	2	6
CLDN9	11	0	11
CLDN6	0	0	0
TNFRSF12A	1264	2	1262
HCFC1R1	526	98	708
THOC6	343	189	439
BICDL2	0	5	0
LOC100128770	1	1	0
MMP25	5	51	0
MMP25-AS1	27	0	27
LOC124900372	32	0	42
IL32	28	0	28
ZSCAN10	0	0	0
LOC124903629	7	3	4
ZNF205-AS1	2	59	3
ZNF205	172	7	225
ZNF213-AS1	131	2	129
ZNF213	257	4	253
CASP16P	3	3	0
TRR-CCG1-3	0	0	0
TRR-CCT3-1	0	0	0
TRK-CTT3-1	10	0	10
TRP-TGG3-3	0	0	0
TRK-CTT8-1	0	0	0
TRP-CGG1-2	0	0	0
TRK-CTT2-5	0	0	0
TRK-CTT5-1	1	0	1
TRP-AGG2-7	3	0	3
TRP-TGG3-4	0	0	0
TRP-TGG3-5	0	0	0
OR1F1	20	0	20
TRP-AGG2-8	0	0	0
TRK-CTT4-1	0	0	0
TRP-AGG1-1	0	0	0
OR1F2P	1	0	1
ZNF200	347	0	347
MEFV	7	0	7
LINC00921	27	0	27
ZNF263	536	0	540
TIGD7	5	10	0
ZNF75A	30	0	30
OR2C1	1	0	1
LOC105371059	3	61	0
ZSCAN32	299	0	357
ZNF174	266	0	266
ZNF597	143	5	139
NAA60	1217	0	1445
MIR6126	0	227	0
C16orf90	0	0	0
CLUAP1	291	1	291
NLRC3	21	22	0
LOC101929732	0	0	0
LOC124903632	0	0	0
LOC105371060	4	6	0
SLX4	258	0	260
DNASE1	78	2680	234
LOC124903631	2	87	17
TRAP1	1333	86	6366
LOC124903630	185	2559	1
CREBBP	1171	3	1168
TRIDDENT	47	0	47
ADCY9	788	9	832
LOC124903633	7	59	1
LOC124900373	1	0	1
LOC105371062	8	6	2
SRL	1	0	1
LINC01569	80	0	80
TFAP4	262	0	269
LOC124903634	4	11	0
GLIS2	70	1	69
GLIS2-AS1	0	0	0
CORO7-PAM16	0	0	0
PAM16	0	0	0
CORO7	0	0	0
VASN	0	0	0
LOC124903635	0	0	0
DNAJA3	0	0	0
NMRAL1	0	0	0
HMOX2	0	0	0
LOC124903636	0	0	0
CDIP1	10	2	50
C16orf96	5	42	5
UBALD1	606	4	602
MGRN1	1219	1	1218
MIR6769A	0	0	0
NUDT16L1	255	5	250
ANKS3	422	2	421
DNAAF8	21	6	18
ZNF500	273	4	271
SEPTIN12	3	0	3
SMIM22	3	3	0
ROGDI	640	1	639
GLYR1	1675	1	1674
LOC124903638	3	0	3
UBN1	1319	150	1169
PPL	1954	1	2073
LOC124903637	0	120	0
LOC105371064	1	1	0
SEC14L5	4	0	4
NAGPA	478	0	549
NAGPA-AS1	2	71	3
C16orf89	4	5	2
ALG1	405	178	612
EEF2KMT	191	211	365
LOC107984828	0	0	0
LOC105371067	0	0	0
LINC02164	0	0	0
RBFOX1	0	0	0
LINC01570	0	0	0
MIR8065	0	0	0
LOC105371068	0	0	0
LOC124903640	0	0	0
LOC105371069	5	0	5
LOC124903641	0	0	0
LINC02152	0	0	0
LOC105371072	0	0	0
TMEM114	0	0	0
METTL22	321	0	321
ABAT	11	0	11
LOC107984840	0	0	0
TMEM186	343	2	341
PMM2	1050	14	1036
LOC100130283	10	750	15
CARHSP1	1328	23	2060
CARHSP1-DT	0	0	0
LITAFD	0	0	0
USP7	2047	2	2045
USP7-AS1	1	0	1
HAPSTR1	1449	2	1447
LOC105371075	0	0	0
LINC02177	0	0	0
LINC01177	0	0	0
LINC01195	0	0	0
LOC101927026	0	0	0
LOC132205950	0	0	0
GRIN2A	0	0	0
LOC105371077	0	0	0
LOC105371076	0	0	0
LOC107984900	0	0	0
LOC105371078	0	0	0
ATF7IP2	92	6	86
LOC107984877	99	9	90
LINC01290	1	0	1
EMP2	3262	3	3259
TEKT5	2	0	2
LOC105371079	0	0	0
NUBP1	217	4	658
TVP23A	20	463	2
CIITA	100	589	14
DEXI	0	3	500
CLEC16A	905	1	904
LOC105371081	1	1	0
LOC107984859	1	0	1
LOC105371082	28	0	30
SOCS1	6	0	6
TNP2	0	0	0
PRM3	0	0	0
PRM2	0	0	0
PRM1	0	0	0
LOC124903805	0	0	0
MIR548H2	0	0	0
LOC105371083	8	0	8
RMI2	554	0	554
LOC400499	91	74	21
LOC101927131	0	2	0
LITAF	2853	1	2852
LOC124903643	0	0	0
SNN	244	6	245
TXNDC11	992	5	994
TXNDC11-AS1	0	0	0
ZC3H7A	1084	0	1084
BCAR4	0	0	0
RSL1D1	4661	1	4660
GSPT1	4683	22	4661
NPIPB2	1	0	1
TNFRSF17	0	0	0
SNX29	257	2	255
LOC642696	0	0	0
LOC124900383	0	0	0
SNX29-AS2	0	0	0
LOC105371087	0	0	0
LOC124903644	0	0	0
SNX29-AS3	1	1	0
LOC105371088	0	0	0
CPPED1	249	0	249
MIR4718	0	0	0
LOC105371090	0	0	0
LOC124900378	0	0	0
SHISA9	0	0	0
LOC105371092	0	0	0
LOC105371091	0	0	0
LOC107984137	0	0	0
LOC124903645	0	0	0
LOC124903646	0	0	0
LOC105371093	3	23	0
LOC124903647	0	0	0
ERCC4	263	0	283
MRTFB	582	0	582
LINC02185	0	0	0
LINC02186	0	0	0
TRT-CGT2-1	1	0	1
MIR193BHG	131	3	128
MIR193B	0	0	0
MIR365A	0	0	0
LINC02130	0	0	0
LINC03107	0	0	0
PARN	0	0	0
LOC105371094	0	0	0
LOC107984865	0	0	0
BFAR	0	0	0
PLA2G10	0	0	0
NPIPA3	0	0	0
LOC100652777	0	0	0
NPIPA2	0	0	0
ABCC6P2	0	0	0
NOMO1	80	0	80
LOC101927469	7	0	7
MIR3179-1	0	0	0
MIR3670-1	0	0	0
MIR3180-1	0	0	0
PKD1P3-NPIPA1	144	0	180
LOC100288162	0	36	0
MIR6511A1	0	0	0
MIR6770-1	0	0	0
NPIPA1	0	0	0
PDXDC1	202	0	202
MIR1972-1	0	0	0
NTAN1	0	0	0
RRN3	3	0	3
LOC100505915	1	21	0
PKD1P6-NPIPP1	52	0	72
MIR6511B2	0	0	0
MIR3180-4	0	0	0
LOC105371096	0	0	0
LOC105371097	0	0	0
NPIPA5	9	0	9
MPV17L-BMERB1	0	0	0
MPV17L	22	0	22
BMERB1	0	0	0
LOC105371102	0	0	0
MARF1	1	0	1
MIR6506	0	0	0
LOC124903649	0	0	0
MIR484	0	0	0
NDE1	0	0	0
MYH11	0	0	0
LOC124903650	0	0	0
LOC124903651	0	0	0
CEP20	1	0	1
LOC107984869	0	0	0
ABCC1	129	0	129
ABCC6	13	0	13
LOC105371100	0	0	0
NOMO3	5	0	5
LOC105371099	0	0	0
MIR3179-2	0	0	0
MIR3670-2	0	0	0
MIR3180-2	0	0	0
LOC131696449	0	0	0
PKD1P1	0	0	0
MIR6511A2	0	0	0
MIR6770-2	0	0	0
NPIPA6	0	0	0
MIR6511A3	0	0	0
NPIPA7	0	0	0
LOC105371105	0	0	0
LOC124903652	0	0	0
LOC124903653	0	0	0
XYLT1	0	0	0
LOC102723692	0	0	0
LOC124903654	0	0	0
LOC107987234	0	0	0
LOC105371106	0	0	0
LOC107984893	0	0	0
LOC105371108	0	0	0
LOC105376751	0	0	0
PKD1P4-NPIPA8	31	0	31
NPIPA8	0	0	0
MIR6511A4	0	0	0
NPIPA9	0	0	0
PKD1P5-LOC105376752	74	0	74
MIR6770-3	0	0	0
LOC112268172	0	0	0
MIR3180-3	0	0	0
MIR3670-3	0	0	0
MIR3179-3	0	0	0
LOC102723728	0	0	0
MIR3670-4	0	0	0
LOC105379460	0	0	0
MIR3179-4	0	0	0
NOMO2	893	0	893
ABCC6P1	0	0	0
LOC124903655	0	0	0
RPS15A	7868	5	7863
ARL6IP1	3227	1	3226
SMG1	1362	6	1364
LOC124903799	0	0	0
SMG1-DT	0	5	3
TMC7	203	1	238
COQ7-DT	4	50	3
COQ7	180	2	191
LOC124903656	39	0	39
ITPRIPL2	1824	101	1723
LOC124903657	1	0	1
SYT17	111	0	168
LOC124903658	0	57	0
CLEC19A	0	0	0
LINC02858	0	0	0
LOC105371114	1	0	1
TMC5	126	9	155
TMC5-AS1	0	38	0
GDE1	2541	4	2537
CCP110	298	0	298
VPS35L	21	4	17
KNOP1	666	3	664
IQCK	61	1	101
IQCK-AS1	0	0	0
GPRC5B	3	40	3
LOC105371116	0	0	0
LOC105371117	0	0	0
LOC124903660	0	0	0
GPR139	0	0	0
LOC102723396	0	0	0
GP2	0	0	0
UMOD	0	0	0
PDILT	0	0	0
ACSM5	0	0	0
LOC105371119	0	0	0
ACSM2A	0	0	0
ACSM2B	0	0	0
LOC105371120	0	0	0
LOC107984831	0	0	0
ACSM1	0	0	0
ACSM3	0	99	0
THUMPD1	390	0	390
ERI2	137	0	243
REXO5	251	7	293
LOC105371121	0	42	0
DCUN1D3	200	0	209
LYRM1	203	9	203
DNAH3	3	0	3
LOC107984888	0	0	0
LDAF1	135	0	135
ZP2	0	0	0
LOC105371123	0	0	0
ANKS4B	0	0	0
CRYM	0	0	0
LOC105371125	0	0	0
ABCA15P	2	0	2
SNX29P1	1	0	1
NPIPB3	47	0	47
LOC100190986	0	0	0
SMG1P3	22	3	22
LOC124903800	0	0	0
LOC124903662	0	2	1
MIR3680-1	0	0	0
SLC7A5P2	1	0	1
LOC101927814	0	0	0
METTL9	0	0	0
IGSF6	0	0	0
LOC124903663	0	0	0
OTOA	0	0	0
LOC105371126	0	0	0
RRN3P1	0	0	0
LOC112268174	0	0	0
NPIPB4	37	0	37
LOC124903801	0	0	0
UQCRC2	7	0	11
PDZD9	0	4	0
MOSMO	2	0	4
LOC124903665	0	0	0
LOC105371129	0	2	0
VWA3A	0	0	0
SDR42E2	0	0	0
LOC124903666	0	0	0
TRL-TAG3-1	0	0	0
EEF2K	1	0	1
TRL-AAG2-4	0	0	0
POLR3E	2	0	2
LOC124903664	0	0	0
CDR2	0	0	0
CDR2-DT	0	0	0
SLC68A2P	0	0	0
RRN3P3	0	0	0
SMG1P1	0	0	0
LOC124903802	0	0	0
NPIPB5	0	0	0
LOC105371131	0	0	0
OTOAP1	0	0	0
LOC112268175	0	0	0
LINC02890	0	0	0
LOC107984851	0	0	0
HS3ST2	0	0	0
LOC112268176	0	0	0
USP31	297	2	295
SCNN1G	0	0	0
SCNN1B	0	0	0
COG7	337	6	377
LOC124903667	2	40	8
GGA2	1394	0	1394
EARS2	135	0	135
UBFD1	1325	2	1323
NDUFAB1	1270	0	1270
PALB2	364	0	364
DCTN5	1400	0	1400
PLK1	1959	0	1970
ERN2	0	11	0
CHP2	0	0	0
PRKCB	20	0	20
MIR1273H	0	0	0
LINC02194	0	0	0
CACNG3	4	0	4
LOC124900377	0	0	0
LOC105371143	1	0	1
RBBP6	996	0	996
TNRC6A	28	0	28
LINC01567	0	0	0
SLC5A11	0	0	0
ARHGAP17	0	0	0
LCMT1P1	11	0	11
LINC02175	0	0	0
LCMT1-AS1	10	0	10
LCMT1	283	0	283
LCMT1-AS2	0	0	0
AQP8	2	0	2
ZKSCAN2	63	0	65
ZKSCAN2-DT	31	2	31
LINC02191	0	0	0
LOC105371147	0	0	0
LOC105369297	0	0	0
HS3ST4	0	0	0
MIR548W	0	0	0
LOC105371149	0	0	0
LOC105371150	0	0	0
LOC102723536	0	0	0
LINC02195	0	0	0
LOC105371153	0	0	0
LOC105371154	0	0	0
C16orf82	0	0	0
LOC105371155	0	0	0
LINC02129	0	0	0
KDM8	27	6	21
NSMCE1	494	0	500
NSMCE1-DT	0	6	0
IL4R	1314	2	1312
IL21R	0	0	0
LOC124903668	0	0	0
IL21R-AS1	0	0	0
GTF3C1	2238	2	2236
KATNIP	419	1	434
LOC107984874	0	0	0
LOC100128079	2	18	0
LOC105371157	0	0	0
GSG1L	0	0	0
LOC124903669	0	0	0
XPO6	2667	1	2666
SBK1	5	0	5
LOC124903670	25	0	25
NPIPB6	14	0	14
EIF3CL	17	1	17
MIR6862-1	0	0	0
LOC124903790	0	0	0
NPIPB7	1	0	1
CLN3	961	2	961
APOBR	20	1	21
IL27	1	0	1
NUPR1	461	2	459
SGF29	181	8	173
SULT1A2	54	0	54
SULT1A1	456	0	490
LOC107984835	12	63	0
LOC124903674	0	0	17
NPIPB8	12	0	12
LOC124903791	0	0	0
EIF3C	374	0	375
MIR6862-2	0	0	0
LOC124903761	0	0	0
NPIPB9	4	0	4
LOC124903792	0	0	0
LOC124903672	21	8	16
ATXN2L	2374	15	2362
TUFM	4208	3	4206
MIR4721	0	0	0
SH2B1	626	3	624
ATP2A1	155	32	159
ATP2A1-AS1	3	9	24
RABEP2	197	2	201
CD19	22	3	19
NFATC2IP	728	0	858
NFATC2IP-AS1	39	169	0
MIR4517	2	0	2
SPNS1	1311	0	1311
LAT	40	0	40
LOC124903793	0	0	0
RRN3P2	0	0	0
LOC101928215	0	0	0
LOC124903671	0	0	0
LOC101928188	0	0	0
LOC102723708	0	0	0
LOC124903676	0	0	0
LOC105371159	0	0	0
SNX29P2	0	0	0
NPIPB11	43	0	43
SMG1P6	19	0	19
LOC124903796	0	0	0
BOLA2-SMG1P6	0	0	0
LOC606724	0	0	0
BOLA2	0	0	0
SLX1B	0	0	0
SLX1B-SULT1A4	0	0	0
SULT1A4	0	0	0
LOC388242	0	0	0
NPIPB12	19	0	19
LOC124903797	0	0	0
SMG1P2	62	0	62
LOC105371168	4	1	3
MIR3680-2	0	0	0
SPN	0	0	0
QPRT	52	0	52
C16orf54	2	0	2
LOC124903673	0	0	0
ZG16	1	0	1
LOC124903675	0	0	0
LOC105371167	1	1	0
KIF22	1629	1	1628
MAZ	2090	17	3276
MVP-DT	25	1408	16
PRRT2	4	4	0
PAGR1	374	6	550
MVP	4183	2	4181
CDIPT	968	0	968
CDIPTOSP	10	0	10
SEZ6L2	1525	0	1525
ASPHD1	731	5	740
KCTD13	245	20	239
KCTD13-DT	39	0	39
TMEM219	928	0	928
LOC124903762	0	0	0
TAOK2	1121	0	1121
HIRIP3	346	30	322
INO80E	752	0	841
DOC2A	0	83	0
C16orf92	0	3	0
TLCD3B	6	0	9
LOC112694756	69	0	69
ALDOA	19	1	18
PPP4C	1282	2	1280
TBX6	18	0	18
YPEL3	367	0	367
YPEL3-DT	5	31	4
GDPD3	127	0	157
MAPK3	1183	0	1183
CORO1A-AS1	0	0	0
CORO1A	3	0	3
BOLA2B	0	0	0
SLX1A	1	0	1
SLX1A-SULT1A3	1	0	1
SULT1A3	0	0	0
LOC613038	21	0	21
LOC101929894	0	1	0
NPIPB13	10	0	11
LOC124903798	0	0	0
SMG1P5	12	1	11
CD2BP2	791	1	793
CD2BP2-DT	27	618	52
TBC1D10B	165	31	774
MYL11	2	0	2
SEPTIN1	21	0	62
ZNF48	233	42	232
ZNF771	101	8	93
SNORA80C	1	0	1
DCTPP1	1008	4	1004
SEPHS2	1136	0	1136
ITGAL	0	0	0
ITGAL-AS1	0	0	0
MIR4518	0	0	0
ZNF768	714	1	713
ZNF747	186	0	186
ZNF747-DT	37	0	37
LOC124903677	0	0	0
ZNF764	180	0	180
ZNF688	109	1	108
ZNF785	201	4	197
ZNF689	313	0	313
LOC124903678	1	0	1
PRR14	467	1	466
FBRS	936	1	935
LOC730183	26	5	25
SRCAP	1840	1	1843
SNORA30	0	0	0
TMEM265	49	0	49
PHKG2	826	124	830
CFAP119	3	13	218
RNF40	2115	78	2113
ZNF629	339	0	339
LOC124903679	20	0	20
BCL7C	123	9	518
MIR4519	6	7	0
MIR762HG	51	233	52
MIR762	0	162	3
CTF1	10	0	10
FBXL19-AS1	119	18	146
FBXL19	994	28	1011
ORAI3	578	0	578
SETD1A	1245	6	1239
HSD3B7	984	19	966
STX1B	158	1	158
STX4	590	0	590
ZNF668	423	1	473
ZNF646	762	124	767
PRSS53	160	5	235
VKORC1	3239	2	3237
LOC124903680	1	0	1
BCKDK	1785	2	1783
KAT8	451	2	451
PRSS8	137	0	137
PRSS36	34	4	30
FUS	7193	5	7188
PYCARD	0	2	0
PYCARD-AS1	0	0	0
TRIM72	3	0	3
PYDC1	0	0	0
ITGAM	9	0	9
ITGAX	5	0	5
ITGAD	8	8	0
COX6A2	0	0	0
ZNF843	3	0	7
ARMC5	333	56	281
TGFB1I1	0	0	0
SLC5A2	19	653	0
RUSF1	951	2	1584
RUSF1-DT	4	0	5
AHSP	0	0	0
LINC02190	0	0	0
FRG2KP	0	0	0
YBX3P1	3	0	3
CLUHP3	85	0	85
KRABD5	151	0	151
LOC107983990	2	0	2
VN1R3	0	0	0
ZNF267	110	0	110
LOC124903681	0	0	0
LOC105371174	0	0	0
LOC102725101	0	0	0
HERC2P4	3	0	3
LOC105379466	0	0	0
TP53TG3D	0	0	0
LOC100507221	0	0	0
LOC390705	0	0	0
LOC105371191	0	0	0
FAM153DP	0	0	0
LOC107984013	0	0	0
TP53TG3	0	0	0
LOC105371177	0	0	0
SLC6A10P	0	0	0
IGHV3OR16-8	0	0	0
TP53TG3C	0	0	0
LOC124903683	0	0	0
TP53TG3E	0	0	0
LOC105369266	0	0	0
TP53TG3B	0	0	0
LOC105379473	0	0	0
TP53TG3F	0	0	0
LOC105379474	0	0	0
LOC101929031	0	0	0
LOC107984855	0	0	0
LOC107984083	0	0	0
LOC102724207	0	0	0
ENPP7P13	0	0	0
IGHV3OR16-17	0	0	0
LOC105369183	0	0	0
LINC00273	0	0	0
MIR9901	0	0	0
CCNYL1B	0	0	0
LOC124903767	0	0	0
LOC102724523	0	0	0
LINC02184	0	0	0
LOC162137	0	0	0
LOC107984902	0	0	0
CCNYL3	0	0	0
LOC105371197	0	0	0
UBE2MP1	1	0	1
LOC112268173	0	0	0
LOC105371200	0	0	0
LOC124903769	0	0	0
LOC124903768	0	0	0
LOC105371199	0	0	0
LOC105371198	0	0	0
LINC01566	0	0	0
LOC105371201	0	0	0
LOC105371203	0	0	0
FRG2DP	0	0	0
TP53TG3HP	0	0	0
LOC105371204	2	0	2
LINC02167	0	0	0
ANKRD26P1	0	0	0
SHCBP1	1011	0	1011
VPS35	2300	0	2300
ORC6	503	4	499
MYLK3	385	1	384
C16orf87	326	0	326
GPT2	447	0	447
SNORD148	0	0	0
DNAJA2	1149	0	1149
DNAJA2-DT	2	0	2
NETO2	680	0	680
LOC124903806	0	0	0
ITFG1-AS1	1	376	1
ITFG1	776	0	1346
ITFG1-AS2	5	199	0
PHKB	1168	0	1168
LOC105371236	0	0	0
LINC02192	0	0	0
LINC02133	1	0	1
LOC124903685	0	0	0
LOC105371237	0	0	0
LINC02134	0	0	0
LOC124903686	0	0	0
ABCC12	0	0	0
ABCC11	1	47	1
LONP2	779	243	845
SIAH1	74	25	311
LOC124903786	0	0	0
N4BP1	774	0	774
LOC124903687	1	0	1
LOC105371240	1	0	1
LOC124903794	0	0	0
LOC105371241	0	0	0
LOC102724847	0	0	0
CBLN1	0	0	0
SYNAGE	0	0	0
LOC105371243	0	0	0
LOC124903689	0	0	0
LOC105371244	0	0	0
C16orf78	0	0	0
LINC02179	0	0	0
ZNF423	0	0	0
ADAM3B	0	0	0
CNEP1R1	133	0	133
HEATR3-AS1	0	30	0
HEATR3	331	0	361
TENT4B	251	2	249
ADCY7	152	95	179
MIR6771	0	0	0
BRD7	931	75	978
LOC124903785	0	0	0
LINC02178	2	0	2
LOC124903770	0	0	0
LOC124903772	0	0	0
LOC124903771	0	0	0
NKD1	0	0	0
NKD1-AS1	0	0	0
SNX20	0	0	0
LOC101927272	0	0	0
NOD2	0	0	0
CYLD-AS1	1	0	1
CYLD	501	0	501
MIR3181	0	0	0
CYLD-AS2	0	0	0
LINC02168	0	0	0
LINC02128	0	0	0
LOC124903775	0	0	0
LINC02127	0	0	0
LOC107984903	0	0	0
LOC107984887	0	0	0
LOC105371253	0	0	0
SALL1	0	0	0
LOC107984886	0	0	0
LOC105371256	0	0	0
LOC102723323	0	0	0
LOC107984892	0	0	0
HNRNPA1L3	26	0	26
LOC105371257	0	0	0
LINC01571	0	0	0
LOC124903765	0	0	0
LOC105371259	0	0	0
LINC02911	0	0	0
LINC00919	0	0	0
LINC02180	0	0	0
LOC105371261	0	0	0
CASC22	0	0	0
LOC107983961	0	0	0
LOC107984901	0	0	0
LOC105371262	0	0	0
TOX3	0	0	0
CASC16	0	0	0
LOC105371265	0	0	0
LINC03064	0	0	0
CHD9NB	13	0	13
CHD9	684	0	684
LOC124903784	0	0	0
MPHOSPH10P1	0	0	0
LOC102723373	0	0	0
RBL2	781	9	901
AKTIP	122	122	129
LOC124903690	0	0	0
LOC105371268	0	0	0
LOC105371269	0	0	0
RPGRIP1L	153	0	153
FTO	832	0	832
LOC124903691	0	0	0
FTO-IT1	1	0	1
LOC105371271	14	0	14
LINC02169	0	0	0
IRX3	1508	5	1503
LINC02140	0	0	0
LOC105371272	0	0	0
LINC02183	0	0	0
LOC105371274	0	0	0
LOC101927480	0	0	0
LOC105371275	2	0	2
LOC105371276	0	0	0
CRNDE	202	0	202
IRX5	347	2	345
LOC124903692	1	1	0
LOC105371277	2	0	2
LOC105371278	0	0	0
IRX6	0	0	0
LOC105371279	0	0	0
MMP2-AS1	0	0	0
MMP2	0	0	0
LPCAT2	319	0	319
CAPNS2	0	0	0
LOC124903693	0	0	0
SLC6A2	0	0	0
LOC105371280	0	0	0
CES1P2	4	0	4
CES1P1	0	0	0
CES1	2	0	2
CES5A	0	0	0
LOC124903694	0	0	0
LOC107984815	0	0	0
LOC105371281	0	0	0
GNAO1-DT	0	0	0
LOC102725116	0	0	0
GNAO1	213	0	213
GNAO1-AS1	0	0	0
MIR3935	0	0	0
AMFR	1221	1	1220
NUDT21	1518	0	1518
OGFOD1	785	3	1001
BBS2	563	217	565
LOC105371283	0	0	0
MT4	0	0	0
LOC124903782	0	0	0
MT3	0	0	0
LOC124903695	2	1	1
MT2A	218	0	218
MT1L	0	0	0
MT1E	0	0	0
MT1M	0	0	0
MT1JP	0	0	0
MT1A	0	0	0
MT1DP	0	0	0
MT1B	0	0	0
MT1F	3	0	3
LOC101927536	0	0	0
MT1G	0	0	0
MT1H	0	0	0
MT1IP	0	0	0
MT1X	56	0	56
NUP93-DT	1	0	1
LOC105371287	0	0	0
NUP93	1640	0	1640
MIR138-2	0	0	0
SLC12A3	4197	0	4197
MIR6863	1	0	1
HERPUD1	1133	0	1133
CETP	14	12	2
LOC124903696	8	0	8
NLRC5	1657	1	1656
CPNE2	520	4	516
PSME3IP1	1716	0	1716
RSPRY1	449	3	446
ARL2BP	477	4	601
LOC124903697	12	133	7
PLLP	606	1	605
TRL-CAG2-1	0	0	0
TRL-CAG2-2	0	0	0
CCL22	2	0	2
CX3CL1	2	0	2
CCL17	0	0	0
CIAPIN1	1370	1	1369
COQ9	1257	0	1257
POLR2C	795	1	795
DOK4	535	3	533
CCDC102A	222	0	256
ADGRG5	3	34	6
LOC105371291	2	3	2
LOC107984889	0	0	0
ADGRG1	842	8	834
ADGRG3	104	0	104
DRC7	3	0	3
LOC107984852	8	0	9
KATNB1	704	1	704
KIFC3	2753	6	2747
MIR6772	0	0	0
LOC388282	2	1	1
CNGB1	26	1	25
SPMIP8	3	0	3
ZNF319	333	0	337
USB1	1330	4	1330
MMP15	3745	1	3744
CFAP20	375	0	657
LOC101927556	0	449	0
CSNK2A2	835	0	1002
LOC105371293	0	0	0
CFAP263	219	1	251
PRSS54	0	33	0
GINS3	311	31	280
LINC02137	0	0	0
NDRG4	15	15	0
SETD6	382	1290	441
CNOT1	3444	71	4722
SNORA46	0	0	0
SNORA50A	0	0	0
SLC38A7	820	0	820
GOT2	4100	2	4098
LOC107984867	1	0	1
LOC105371296	0	0	0
LOC107984824	0	0	0
LOC105371298	0	0	0
APOOP5	0	0	0
LINC02141	0	0	0
LOC105371300	0	0	0
LOC105371299	0	0	0
LOC101927605	0	0	0
LOC107984812	0	0	0
LOC105371301	0	0	0
LOC105371302	0	0	0
CDH8	6	0	7
CDH8-AS1	2	2	1
LOC124903777	0	0	0
LOC124903778	0	0	0
LOC124903803	0	0	0
LOC105371306	0	0	0
LOC102723560	0	0	0
LOC105371307	0	0	0
LOC105371308	0	0	0
LINC02165	0	0	0
LOC105371309	0	0	0
LOC105371310	0	0	0
LOC105371311	0	0	0
LOC107984894	0	0	0
LOC107984822	0	0	0
LOC124903779	0	0	0
LOC105371313	0	0	0
CDH11	0	0	0
LINC02126	0	0	0
LOC124903780	1	0	2
LINC00922	0	1	0
LOC107984823	0	0	0
LOC105371316	0	0	0
LOC105371317	0	0	0
LOC105371318	0	0	0
CDH5	1	0	1
LINC00920	21	0	21
BEAN1	3	6	4
LOC124903698	13	2	14
BEAN1-AS1	0	0	0
TK2	538	0	538
CKLF	9	16	8
CKLF-CMTM1	0	0	0
CMTM1	6	0	6
CMTM2	2	4	0
CMTM4	591	3	607
CMTM3	2	2	0
DYNC1LI2	1259	2	1259
DYNC1LI2-DT	3	0	5
TERB1	2	0	2
NAE1	1412	0	1412
LOC124903699	1	0	3
CA7	1	3	0
PDP2	353	0	353
LOC124903700	4	0	4
LOC107984821	0	0	0
CDH16	4	0	4
RRAD	16	0	16
CIAO2B	595	2	595
CES2	1067	4	1065
LOC107984881	0	0	0
CES3	121	0	121
CES4A	0	0	0
CBFB	733	5	728
PHAF1	340	17	378
B3GNT9	47	44	58
TRADD	420	1	422
FBXL8	208	6	205
HSF4	340	0	340
NOL3	783	17	785
MATCAP1	485	5	499
EXOC3L1	39	26	13
E2F4	1002	0	1002
ELMO3	73	1	75
MIR328	0	3	0
FBXL9P	13	0	13
TMEM208	585	0	585
FHOD1	967	3	965
SLC9A5	19	6	28
LOC124903701	34	14	50
PLEKHG4	255	16	255
KCTD19	1	2	1
LRRC36	0	0	0
TPPP3	0	0	0
ZDHHC1	3	0	3
LOC124903702	0	0	0
HSD11B2	63	0	63
ATP6V0D1	1184	1	1183
ATP6V0D1-DT	27	1	26
AGRP	2	0	2
LOC100505942	38	1	67
RIPOR1	1533	43	1520
LOC124903703	4	0	4
CTCF-DT	3	0	3
CTCF	743	0	743
CARMIL2	8	6	8
ACD	544	0	550
PARD6A	39	1	38
ENKD1	294	4	292
C16orf86	21	1	22
GFOD2	235	0	235
RANBP10	477	0	477
TSNAXIP1	18	0	18
CENPT	646	46	646
THAP11	667	6	661
NUTF2	1279	0	1325
EDC4	1526	1	1525
NRN1L	1	0	1
PSKH1	540	2	546
CTRL	36	12	32
PSMB10	583	9	574
LCAT	162	9	153
SLC12A4	1596	5	1591
DPEP3	0	0	0
DPEP2	1	0	1
DPEP2NB	0	0	0
DDX28	361	0	361
DUS2	337	0	337
NFATC3	1013	250	836
LOC124900379	0	0	0
ESRP2	919	19	973
MIR6773	0	0	0
PLA2G15	501	1	500
LOC124903704	1	17	0
SLC7A6	493	319	1688
SLC7A6OS	117	1196	419
PRMT7	2169	0	2360
LOC124903789	0	0	0
SMPD3	6	197	0
LOC124903705	0	0	0
LOC105371321	0	0	0
ZFP90	62	0	62
LOC124903808	0	0	0
CDH3-AS1	0	0	0
CDH3	26	0	26
CDH1	11	0	11
TANGO6	384	0	384
HAS3	72	650	72
DERPC	0	0	0
CHTF8	0	0	0
UTP4	562	0	563
SNTB2	1015	0	1015
VPS4A	1398	262	1186
COG8	466	11	492
PDF	78	0	78
NIP7	351	0	351
TMED6	9	3	6
TERF2	529	0	529
CYB5B	3575	1	3574
LOC105371325	0	0	0
MIR1538	0	0	0
NFAT5	875	6	869
SNORD13H	0	0	0
NQO1	1151	1	1388
NQO1-AS1	0	236	0
NQO1-DT	32	707	36
NOB1	663	10	1362
WWP2	653	1	652
MIR140	2	0	2
CLEC18A	3	1	2
PDXDC2P-NPIPB14P	305	1	304
MIR1972-2	0	0	0
LOC124903706	2	0	2
PDPR	769	0	803
LOC400541	0	34	0
CLEC18C	3	0	3
LOC105371328	1	0	1
SMG1P7	81	0	81
LOC124903795	0	0	0
EXOSC6	470	0	470
AARS1	4995	0	4995
DDX19B	216	8	367
DDX19A-DT	7	153	14
DDX19A	976	2	974
ST3GAL2	713	9	704
LOC124903707	2	2	0
LOC124903708	2	1	2
FCSK	533	10	525
COG4	1431	5	1427
SF3B3	4122	1	4121
SNORD111B	0	0	0
SNORD111	0	0	0
IL34	3	0	3
MTSS2	986	2	984
VAC14	864	2	966
VAC14-AS1	0	104	0
TRG-GCC3-1	0	0	0
TRG-GCC2-4	1	0	1
TRG-GCC2-5	0	0	0
HYDIN	1	0	1
CMTR2	23	0	23
LOC102723786	0	0	0
LOC102725168	0	0	0
CALB2	0	0	0
LOC105371332	0	0	0
LINC02136	0	0	0
TRM-CAT2-1	0	0	0
TLE7	0	0	0
ZNF23	126	0	128
LOC124903709	3	4	1
ZNF19	19	0	19
LOC105371335	0	0	0
CHST4	1	0	1
LOC124903710	0	0	0
TAT-AS1	0	0	0
TAT	0	0	0
LOC105371334	0	0	0
MARVELD3	3	17	0
LOC124903711	0	0	9
PHLPP2	425	0	425
LOC124903712	0	0	0
SNORA70D	0	0	0
AP1G1	1301	0	1325
SNORD71	0	0	0
LOC124903713	0	0	0
LOC124903714	0	24	0
ATXN1L	844	0	844
ZNF821	114	13	109
IST1	1808	0	1831
PKD1L3	0	15	0
DHODH	321	21	300
HP	0	0	0
HPR	0	0	0
TXNL4B	221	10	221
DHX38	1430	20	1420
PMFBP1	34	0	34
LOC105371341	1	1	0
LOC124903720	0	0	0
LINC01572	22	0	30
LOC124903718	4	12	0
ZFHX3-AS1	11	17	19
ZFHX3	684	42	676
LOC124903715	0	0	0
LOC124903719	9	6	7
HCCAT5	5	0	10
ZFHX3-AS3	10	0	10
LOHAN2	0	0	0
TRK-TTT1-1	0	0	0
LOC124903717	0	0	0
LOC102723876	0	0	0
LOC105371342	0	0	0
LOC124903721	0	0	0
LOC107984856	0	0	0
LOC124903722	0	0	0
PSMD7-DT	0	0	0
PSMD7	1769	44	1725
PCHILR	8	8	0
PDPR2P	51	0	51
NPIPB15	76	0	76
LOC105376772	2	0	2
CLEC18B	3	1	2
LOC107984827	0	0	0
GLG1	3026	3	3023
RFWD3	1540	0	1540
MLKL	612	0	612
FA2H	608	0	608
LOC105371343	0	0	0
WDR59	667	0	667
ZNRF1	527	20	507
LDHD	167	2	165
ZFP1	28	0	28
CTRB2	0	0	0
CTRB1	0	0	0
LOC100506281	0	0	0
BCAR1	306	2	304
LOC105371344	1	1	0
CFDP1	481	2	479
LOC124900382	1	0	1
LOC124903723	1	0	1
TMEM170A	198	0	198
CHST6	0	0	0
CHST5	5	0	5
TMEM231	192	2	190
GABARAPL2	904	0	904
ADAT1	397	0	397
KARS1	2599	3	2600
TERF2IP	666	7	663
CPHXL2	0	0	0
DUXB	2	1	1
CPHXL	0	0	0
LOC105371348	0	0	0
LOC105371347	0	0	0
LOC105371349	0	0	0
CNTNAP4	179	0	179
LINC02125	0	0	0
LOC105376774	0	0	0
MIR4719	0	0	0
LOC124903724	0	0	0
LOC124903725	4	0	4
MON1B	517	0	517
SYCE1L	5	0	7
LOC124903726	0	2	0
ADAMTS18	0	0	0
LOC124903727	0	0	0
LOC105376775	0	0	0
LINC02131	0	0	0
NUDT7	14	0	14
LOC107984878	0	0	0
VAT1L	0	0	0
LOC105371351	0	0	0
CLEC3A	0	0	0
LOC107984897	0	0	0
WWOX	50	1	58
WWOX-AS1	0	0	0
LOC124903728	0	0	0
WWOX-AS2	1	1	0
LOC105371354	0	0	0
LOC112268165	0	0	0
LOC107984806	0	0	0
MAF	0	9	0
LOC124903729	0	0	0
LOC101928230	0	0	0
LOC105371356	0	0	0
MAFTRR	0	0	0
LINC01229	0	0	0
LINC01228	0	0	0
LOC105371357	0	0	0
LOC105371358	0	0	0
DYNLRB2-AS1	3	0	3
DYNLRB2	5	0	5
LINC01227	2	0	2
CDYL2	1663	0	1663
ARLNC1	152	0	152
CMC2	0	0	0
CENPN	0	0	0
CENPN-AS1	0	0	0
ATMIN	0	0	0
C16orf46	0	0	0
C16orf46-AS1	0	0	0
GCSH	0	0	0
PKD1L2	0	0	0
BCO1	2	0	2
GAN	223	0	223
MIR4720	0	0	0
CMIP	546	2	544
MIR7854	0	0	0
MIR6504	0	0	0
LOC105371362	3	3	0
LOC100129617	0	0	0
PLCG2	369	0	369
LOC105369213	0	0	0
LOC124903731	1	1	0
SDR42E1	0	0	0
LOC112268169	0	0	0
HSD17B2	0	0	0
HSD17B2-AS1	0	0	0
MPHOSPH6	252	0	252
LOC101928392	0	0	0
CDH13	0	0	0
MIR8058	0	0	0
LOC101928446	0	0	0
LOC124903733	0	0	0
LOC101928417	0	0	0
CDH13-AS1	0	0	0
MIR3182	0	0	0
LOC124900603	0	0	0
CEDORA	0	0	0
CDH13-AS2	0	0	0
HSBP1	1343	1	1342
MLYCD	139	1	145
LOC105371372	7	14	0
OSGIN1	27	1	26
NECAB2	1	1	0
SLC38A8	0	0	0
MBTPS1	1861	1	1861
MBTPS1-DT	24	0	25
HSDL1	554	0	554
DNAAF1	10	3	11
TAF1C	970	1	973
ADAD2	0	0	0
ADAD2-AS1	0	0	0
KCNG4	0	0	0
LOC124903734	1	0	1
WFDC1	347	0	347
ATP2C2	13	28	1
ATP2C2-AS1	13	0	29
MEAK7	429	2	427
LOC124903736	4	0	4
LOC124903735	1	0	1
COTL1	2573	1	2572
LOC105371376	0	2	0
KLHL36	398	0	400
USP10	1507	0	1507
LOC124903737	4	1	3
LOC105371378	0	0	0
CRISPLD2	8	0	8
LINC02176	0	0	0
ZDHHC7	1059	0	1059
KIAA0513	272	0	272
CIBAR2	0	0	0
LOC105371381	0	0	0
LINC02139	0	0	0
LOC105371382	0	0	0
GSE1	1780	64	1718
MIR12128	0	0	0
LINC00311	0	0	0
MIR5093	0	0	0
LOC101928502	0	0	0
LOC107984830	4	0	4
LOC124903738	0	0	0
LOC124903739	2	0	2
GSE1-AS1	1	1	0
GINS2	764	1	765
LOC124903740	7	0	7
C16orf74	212	0	212
MIR1910	0	0	0
EMC8	636	4	637
LOC101928557	0	3	0
COX4I1	5227	5	5224
IRF8	0	0	0
MIR6774	0	0	0
LINC02132	0	0	0
LOC105371388	0	0	0
LOC124903741	0	0	0
LOC105371389	0	0	0
LOC105376778	0	0	0
LOC124903742	0	0	0
LOC124903743	0	0	0
LINC01082	0	0	0
LOC124903744	0	0	0
LINC01081	0	0	0
LINC02135	0	0	0
LOC124903745	0	0	0
LINC00917	2	0	2
FENDRR	6	0	6
FOXF1	0	0	0
MTHFSD	418	0	419
FLJ30679	2	0	2
FOXC2-AS1	2	50	10
FOXC2	255	12	302
FOXL1	76	0	76
LINC02189	0	0	0
LINC02188	0	0	0
LOC105371392	0	0	0
LOC107984819	1	0	1
LOC124903746	0	0	0
LINC02181	0	0	0
LOC105371394	0	0	0
LOC101928708	0	0	0
LOC101928682	0	0	0
C16orf95	61	0	62
LOC124903787	3	3	0
C16orf95-DT	6	1	6
FBXO31	613	0	614
LOC124903747	2	1	4
TRM-CAT6-1	0	0	0
MAP1LC3B	1410	1	1409
ZCCHC14	549	8	541
ZCCHC14-DT	2	0	2
LOC124903748	0	0	0
LOC124903749	1	0	1
LOC124903750	1	1	0
JPH3	4	9	0
LOC100129215	15	0	16
KLHDC4	1049	3	1054
LOC124903752	89	0	89
LOC124903751	151	1	150
LOC105371399	4	6	5
LOC102724467	39	6	36
SLC7A5	67100	171	75274
MIR6775	6	1	5
SLC7A5-AS1	79	8331	101
MIR11401	6	3	3
CA5A	2	0	2
BANP	660	4	656
LOC124903754	0	0	0
LOC400553	0	0	0
ZNF469	1	0	1
LOC105371401	0	0	0
LINC02182	0	0	0
LOC124900374	0	0	0
LOC107984862	0	0	0
LOC112268182	0	0	0
ZFPM1	303	18	286
MIR5189	0	0	0
LOC107984890	9	0	9
ZFPM1-AS1	13	3	11
ZC3H18-DT	3	0	3
ZC3H18	1401	13	1388
LOC124903755	0	0	0
IL17C	0	0	0
CYBA	5317	9	5308
MVD	928	3	925
SNAI3-AS1	78	0	78
SNAI3	15	9	6
RNF166	463	0	463
CTU2	287	54	276
PIEZO1	12219	23	12865
MIR4722	0	0	0
HSALR1	1	627	0
PIEZO1-AS1	3	3	0
CDT1	2145	6	2141
APRT	2150	8	2144
GALNS	1303	38	1265
LOC107983950	2	0	3
TRAPPC2L	966	3	964
PABPN1L	3	1	2
CBFA2T3	195	0	227
LOC101927793	7	34	5
LOC102724632	4	4	0
LOC105371409	76	12	64
LOC107984871	1	0	2
LOC100129697	1	2	1
LOC124903756	0	0	0
LOC105371411	1	1	0
LOC105371412	0	0	0
ACSF3	1162	0	1162
LINC00304	9	0	9
LINC02138	4	0	4
CDH15	3	1	2
SLC22A31	2	0	2
ZNF778-DT	51	0	51
ZNF778	485	0	485
LOC124903766	8	0	8
ANKRD11	2316	9	2364
LOC124903757	282	313	21
LOC105371414	0	0	0
LOC128462377	0	0	0
LOC100287036	6	1	5
LOC101927817	1	19	0
LOC101930112	27	0	27
LOC101927863	19	4	17
SPG7	2011	2	2011
RPL13	18220	13	18207
SNORD68	0	0	0
CPNE7	302	3	299
DPEP1	1	1	0
LOC124903758	1	14	0
CHMP1A	1800	2	1811
SPATA33	190	0	190
LINC02166	14	75	14
CDK10	962	6	1031
SPATA2L	212	0	212
VPS9D1	254	226	320
VPS9D1-AS1	120	111	280
ZNF276	398	729	836
FANCA	1648	454	2345
SPIRE2	1293	6	1545
LOC124903760	5	0	5
LOC112268179	5	258	6
TCF25	2069	0	2070
LOC124903759	135	4	131
MC1R	257	7	250
TUBB3	515	0	515
DEF8	793	7	786
SNORA119	2	0	2
CENPBD1P	104	0	108
AFG3L1P	390	4	390
DBNDD1	198	11	207
DRC4	210	16	573
GAS8-AS1	5	6	0
URAHP	8	357	9
PRDM7	0	0	0
LOC105376786	0	0	0
FAM157C	1	0	1
LOC105376781	7	0	7
LOC101927999	117	5	112
LINC02193	1	0	1
LOC107987240	0	0	0
LOC102723655	0	0	0
LOC124905329	0	0	0
LOC105379545	0	0	0
LOC107987382	0	0	0
LOC105379535	0	0	0
LOC105379533	0	0	0
LOC102723713	0	0	0
LOC105379537	0	0	0
LOC112268315	0	0	0
LOC102723753	25	0	25
LOC107987384	0	0	0
SLC6A10PB	1	0	1
LOC105379539	0	0	0
LOC105379540	0	0	0
LOC112268316	0	0	0
LOC102724014	0	0	0
LOC102723841	0	0	0
LOC105379544	0	0	0
LOC102723869	0	0	0
LOC102724052	0	0	0
LOC105379547	0	0	0
LOC107987386	0	0	0
LOC124907782	0	0	0
LOC102723890	0	0	0
LINC02887	1	0	1
LOC124904108	0	0	0
LOC101929823	0	0	0
LOC101929828	0	0	0
SCGB1C2	0	0	0
DOC2B	0	0	0
LINC02091	0	0	0
LOC124903889	0	0	0
RPH3AL	3	0	3
RPH3AL-AS1	0	0	0
LOC105371425	0	0	0
LOC105371430	0	0	0
LIAT1	0	0	0
RFLNB	0	0	0
VPS53	4	0	4
VPS53-AS1	0	0	0
LOC124903891	0	0	0
LOC124903893	0	0	0
TLCD3A	859	41	819
GEMIN4	1410	9	1404
DBIL5P	1	0	3
GLOD4	746	1	745
MRM3	533	5	528
NXN	1088	2	1086
LOC124903894	2	0	2
LOC101927727	0	0	0
TIMM22	0	0	0
ABR	2	0	2
LOC105371481	0	0	0
MIR3183	0	0	0
LOC124903895	0	0	0
LOC105371480	1	0	1
ABR-AS1	0	0	0
BHLHA9	0	0	0
TRARG1	0	0	0
YWHAE	0	0	0
CRK	69	0	69
CRK-AS1	0	0	0
MYO1C	4889	1	4888
LOC105371483	0	17	0
INPP5K	471	1	487
PITPNA-AS1	3	7	100
PITPNA	1556	99	1561
SLC43A2	36	0	36
LOC124904121	0	0	0
SCARF1	0	0	0
RILP	0	0	0
PRPF8	0	0	0
TLCD2	2	0	2
MIR22HG	0	0	0
MIR22	0	0	0
WDR81	231	0	231
SERPINF2	0	0	0
SERPINF1	52	49	3
SMYD4	416	0	416
RPA1	3924	6	3918
RTN4RL1	104	0	104
LOC105371486	0	0	0
RTN4RL1-AS1	0	0	0
DPH1	441	3	438
OVCA2	11	0	11
LOC124903896	2	0	2
MIR132	0	0	0
MIR212	0	0	0
HIC1	22	232	12
SMG6	316	1	540
LOC107984988	4	4	0
SMG6-AS1	2	2	0
LOC101927839	0	0	0
SRR	182	1189	260
TSR1	1502	146	2620
SNORD91B	0	0	0
SNORD91A	0	0	0
SGSM2	1508	26	1631
LOC101927864	4	151	2
MNT	777	0	777
LOC284009	7	2	5
METTL16	619	0	619
PAFAH1B1	1585	1	1584
LOC124904127	0	0	0
LOC105371490	0	0	0
CLUH	3484	6	3480
MIR6776	0	0	0
LOC105371592	71	3	70
CCDC92B	28	7	21
MIR1253	0	0	0
RAP1GAP2	1252	1	1310
RAP1GAP2-AS1	0	59	0
OR1D5	0	0	0
OR1D2	0	0	0
OR1G1	0	0	0
LOC100288728	0	0	0
OR1A2	0	0	0
OR1A1	0	0	0
OR1D4	0	0	0
OR3A2	0	0	0
OR3A1	0	0	0
OR3A4P	0	0	0
OR1R1	0	0	0
OR1E1	0	0	0
OR3A3	0	0	0
OR1E2	0	0	0
SPATA22	0	0	0
ASPA	0	0	0
TRPV3	0	0	0
TRPV1	250	0	250
SHPK	287	0	291
CTNS	325	142	302
LOC105371493	62	32	68
P2RX5-TAX1BP3	18	521	9
TAX1BP3	1	1	0
EMC6	0	3	517
P2RX5	168	0	168
ITGAE	25	11	14
HASPIN	289	3	287
NCBP3	612	0	612
LOC124903897	0	0	0
CAMKK1	420	0	420
P2RX1	4	0	4
ATP2A3	82	1	81
LINC01975	0	0	0
ZZEF1	1271	1	1272
LOC124904128	0	0	0
CYB5D2	265	7	367
LOC124903898	3	110	0
ANKFY1	1540	1	1539
UBE2G1	1244	0	1244
SPNS3	0	0	0
LOC124903899	1	0	1
SPNS2-AS1	0	0	0
SPNS2	25	61	0
MYBBP1A	2241	5	2272
GGT6	0	0	0
SMTNL2	0	0	0
LINC01996	0	0	0
LOC105371498	0	0	0
ALOX15	2	0	2
LOC105371499	0	0	0
PELP1	2401	1	2402
PELP1-DT	11	2	11
ARRB2	419	1	418
MED11	224	0	234
CXCL16	44	12	45
ZMYND15	1	3	1
TM4SF5	1	0	1
VMO1	11	0	12
GLTPD2	39	38	2
PSMB6	1227	0	1227
C17orf114	3	0	3
PLD2	585	1	584
MINK1	2831	4	2974
CHRNE	5	157	3
C17orf107	2	2	8
GP1BA	34	35	0
SLC25A11	1497	2	1501
RNF167	2304	7	2302
PFN1	10276	11	10300
ENO3	793	82	746
SPAG7	642	0	642
LOC124900387	15	0	15
CAMTA2	531	9	602
MIR6864	0	0	0
MIR6865	0	0	0
LOC124903901	1	81	0
CAMTA2-AS1	1	1	26
INCA1	7	32	1
KIF1C	2268	2	2577
KIF1C-AS1	3	314	1
LOC105371501	1	0	1
SLC52A1	0	0	0
ZFP3-DT	0	0	0
ZFP3	0	0	0
ZNF232	171	68	170
ZNF232-AS1	27	0	94
USP6	0	19	0
ZNF594	116	0	135
ZNF594-DT	7	0	27
SCIMP	0	20	0
RABEP1	1111	259	1385
LOC105371505	8	76	9
NUP88	1472	211	1717
RPAIN	422	44	436
C1QBP	4064	20	4102
DHX33	941	2	939
DHX33-DT	0	0	0
DERL2	767	37	768
MIS12	559	1	596
LOC728392	0	0	0
LOC124900388	0	0	0
NLRP1	19	0	21
LOC101928044	0	0	0
LOC124903902	0	2	0
LOC105371507	0	0	0
LOC124903903	0	0	0
LOC339166	0	0	0
WSCD1	0	0	0
LOC105371508	0	0	0
LOC124903904	0	0	0
LOC105371509	1	0	1
AIPL1	0	0	0
LOC107985017	2	183	1
PIMREG	241	30	422
PITPNM3	722	0	750
KIAA0753	531	0	531
LOC122526780	9	0	9
TXNDC17	637	177	754
MED31	61	121	234
C17orf100	29	0	31
MIR4520-1	0	0	0
MIR4520-2	0	0	0
ALOX15P1	5	0	5
SLC13A5	0	2	0
XAF1	8	0	8
LOC124903905	0	0	0
FBXO39	0	0	0
TEKT1	3	0	3
ALOX12P2	0	0	0
LOC124903907	47	0	47
LOC124903908	1	0	1
LOC124903906	1	1	0
ALOX12-AS1	12	0	44
ALOX12	58	86	0
RNASEK-C17orf49	0	4	0
RNASEK	12	0	12
BACC1	0	0	0
MIR497HG	4	227	7
MIR195	0	0	0
MIR497	0	0	0
BCL6B	34	0	34
SLC16A13	167	0	167
SLC16A11	2	2	0
LOC124903909	1	0	1
CLEC10A	0	0	0
ASGR2	0	0	0
LOC105371512	0	0	0
LOC124903910	0	0	0
LOC124903911	0	0	0
ASGR1	3	0	3
DLG4	421	1118	446
ACADVL	7512	37	8669
MIR324	1	52	0
DVL2	1015	2	1013
PHF23	1269	2	1267
GABARAP	1161	0	1161
CTDNEP1	1056	0	1056
ELP5	0	0	0
CLDN7	0	0	0
SLC2A4	0	0	0
YBX2	0	0	0
LOC124903912	0	0	0
EIF5A	2	0	2
GPS2	0	0	0
NEURL4	0	0	0
ACAP1	0	0	0
KCTD11	0	0	0
TMEM95	0	0	0
TNK1	0	0	0
TMEM256-PLSCR3	0	0	0
PLSCR3	0	0	0
TMEM256	0	0	0
NLGN2	0	0	0
SPEM1	0	0	0
SPEM2	0	0	0
SPEM3	0	0	0
TMEM102	0	0	0
FGF11	0	0	0
CHRNB1	0	0	0
ZBTB4	0	0	0
SLC35G6	0	0	0
POLR2A	367	0	367
TNFSF12-TNFSF13	0	0	0
TNFSF12	0	0	0
TNFSF13	108	5	103
SENP3	38	0	38
SENP3-EIF4A1	2	0	2
EIF4A1	0	0	0
SNORA48	3	0	3
SNORD10	13	0	13
SNORA67	2	0	2
CD68	495	23	516
MPDU1-AS1	163	276	225
MPDU1	860	43	1112
SOX15	13	8	7
FXR2	1806	12	1795
SHBG	7	172	8
SAT2	264	0	436
ATP1B2	7	0	7
TP53	929	0	1011
WRAP53	663	92	653
EFNB3	1	0	1
DNAH2	40	0	40
RPL29P2	0	0	0
KDM6B	419	1	572
LOC124904106	1	30	0
LOC107987244	2	126	1
TMEM88	8	0	8
NAA38	673	5	673
CYB5D1	796	32	768
CHD3	5494	5	5490
SCARNA21	2	0	2
RNF227	118	0	118
KCNAB3	8	0	8
TRAPPC1	696	0	698
CNTROB	766	3	765
GUCY2D	0	0	0
ALOX15B	11	0	11
ALOX12B	10	11	4
LOC107985075	2	0	7
MIR4314	0	0	0
ALOXE3	24	0	24
TRK-TTT3-5	0	0	0
TRQ-CTG1-5	0	0	0
TRL-TAG1-1	0	0	0
HES7	809	2	810
TRR-TCT2-1	0	2	0
TRG-GCC2-6	0	1	0
TRS-CGA1-1	0	0	0
TRT-AGT5-1	0	0	0
PER1	1327	1	1326
MIR6883	0	0	0
VAMP2	364	0	364
TMEM107	192	0	304
SNORD118	0	0	0
LOC105371520	10	122	0
TRW-CCA3-3	10	10	0
TRS-GCT4-3	0	0	0
MIR4521	0	0	0
TRT-AGT1-1	0	0	0
TRI-AAT5-5	0	0	0
BORCS6	352	2	350
LOC124903913	0	0	0
AURKB	840	1	839
LINC00324	9	0	9
TRW-CCA1-1	0	0	0
TRG-TCC3-1	1	0	1
TRD-GTC2-11	0	0	0
TRP-CGG1-3	0	0	0
CTC1	407	5	402
TRT-AGT1-2	0	0	0
TRS-AGA2-6	0	0	0
TRI-AAT4-1	0	0	0
PFAS	1608	0	1608
SLC25A35	545	296	650
RANGRF	0	109	291
LOC124903915	0	0	0
LOC124903914	2	0	2
ARHGEF15	0	0	0
LOC124900396	0	0	0
LOC124903916	0	0	0
ODF4	0	0	0
LOC100128288	0	0	0
KRABD2	58	0	58
RPL26	12270	2	12268
RNF222	2	2	0
NDEL1	732	5	732
MYH10	465	16	581
LOC107987245	18	56	16
LOC102724262	2	73	2
LOC105371525	0	0	0
LOC105371526	0	0	0
CCDC42	0	0	0
LOC105371529	0	0	0
SPDYE4	0	0	0
LOC105371530	0	0	0
LOC124903918	0	0	0
MFSD6L	0	0	0
PIK3R6	0	0	0
LOC107985071	0	0	0
LOC124903919	0	0	0
PIK3R5	0	0	0
LOC124903922	0	0	0
LOC124903920	0	0	0
LOC124903921	0	0	0
PIK3R5-DT	0	0	0
NTN1	0	0	0
LOC101928266	0	0	0
LOC124903923	0	0	0
STX8	143	0	143
CFAP52	10	8	2
LOC124903924	8	4	10
USP43	155	0	174
LOC107985011	2	20	1
DHRS7C	11	6	5
GSG1L2	0	1	0
LOC124903925	5	0	6
GLP2R	1199	0	1199
RCVRN	2	2	0
GAS7	17	0	17
LOC107985004	0	0	0
MYH13	2	0	2
MYHAS	1	0	1
MYH8	0	0	0
MYH4	0	0	0
MYH1	0	0	0
MYH2	0	0	0
MYH3	55	0	76
LOC124903927	0	21	0
SCO1	1376	0	1376
ADPRM	84	1	92
TMEM220	46	19	65
MAGOH2P	3	1	2
TMEM220-AS1	4	29	4
TMEM238L	0	0	0
PIRT	0	0	0
LOC124903926	0	0	0
LOC105371536	0	0	0
SHISA6	0	0	0
LOC124903929	0	0	0
DNAH9	0	0	0
LOC101928350	0	0	0
LOC124903928	5	0	5
ZNF18	72	0	72
MAP2K4	603	0	603
MIR744	0	0	0
LINC00670	0	0	0
LOC105371540	0	0	0
MYOCD	0	0	0
MYOCD-AS1	0	0	0
ARHGAP44-AS1	0	0	0
ARHGAP44	1	5	0
MIR1269B	0	0	0
ELAC2	2638	2	2640
LINC02093	0	0	0
LOC124904097	0	0	0
LOC105371543	0	0	0
HS3ST3A1	0	0	0
MIR548H3	0	0	0
LOC105371544	0	0	0
LOC107985014	3	0	3
LOC100506974	1	0	1
CDRT15P1	12	12	0
COX10-DT	104	0	104
COX10	487	0	487
CDRT15	2	2	0
HS3ST3B1	0	0	0
MGC12916	0	0	0
LROMI1	0	0	0
LOC107984996	0	0	0
LOC105371545	0	0	0
LINC02096	0	0	0
LOC101928475	0	0	0
CDRT7	0	0	0
CDRT8	0	0	0
LOC107984976	0	0	0
LOC105371547	0	0	0
PMP22	2460	0	2465
MIR4731	0	0	0
LOC124903931	5	5	5
LOC124903932	0	0	0
TEKT3	0	0	0
TVP23C-CDRT4	0	0	0
CDRT4	0	0	0
CDRT3	0	0	0
TVP23C	24	0	24
FBXW10B	39	0	39
TRIM16	651	0	651
ZNF286A-TBC1D26	0	0	0
ZNF286A	84	0	84
TBC1D26-AS1	0	0	0
TBC1D26	0	0	0
LOC105371559	0	0	0
CDRT15P2	0	0	0
MEIS3P1	0	0	0
LOC124903935	0	0	0
LINC02087	0	0	0
LOC105371557	0	0	0
ADORA2B	5	5	0
ZSWIM7	176	0	176
TTC19	760	18	747
NCOR1	1889	13	1881
SNORD163	0	0	0
PIGL	136	0	136
MIR1288	0	0	0
CENPV	759	2	757
LOC124903937	1	0	1
UBB	11586	9	11577
TRPV2	3	0	3
SNHG29	2649	0	3584
SNORD49B	0	0	0
SNORD49A	1	0	1
SNORD65	0	0	0
LRRC75A	30	940	25
LOC124903936	5	0	5
LOC124903940	2	0	2
LOC124903941	0	0	0
LOC105371554	4	0	4
ZNF287	0	0	0
ZNF624	18	0	18
LOC124903934	0	0	0
CCDC144A	0	0	0
USP32P1	1	0	1
FAM106C	0	0	0
LOC105371552	0	0	0
KRT16P2	0	0	0
LOC105371551	0	0	0
KRT17P1	6	0	6
LOC124903939	6	0	6
TBC1D27P	0	0	0
TNFRSF13B	0	0	0
LOC284191	0	0	0
LINC02090	0	0	0
LOC124903938	0	0	0
MPRIP	3007	2	3005
PLD6	155	3	152
FLCN	327	0	327
COPS3	1454	8	1446
NT5M	101	1	100
MED9	287	0	287
RASD1	5	1	4
PEMT	537	6	531
SMCR2	1	0	1
RAI1	1407	5	1408
LOC124903943	31	32	0
RAI1-AS1	0	0	0
LOC124903942	1	1	0
SMCR5	2	2	0
SREBF1	6142	6	6141
MIR6777	0	0	0
MIR33B	0	0	0
TOM1L2	413	1	412
DRC3	20	28	0
LOC107984989	0	0	0
ATPAF2	283	1	291
GID4	310	0	310
DRG2	638	3	724
LOC105371566	1	90	0
MYO15A	2	0	3
LOC124904129	0	0	0
LOC124903944	0	1	0
LOC105371567	0	0	0
ALKBH5	1946	2	1944
LLGL1	504	0	504
FLII	0	0	0
MIEF2	0	0	0
TOP3A	0	0	0
SMCR8	0	0	0
SHMT1	0	0	0
MIR6778	0	0	0
EVPLL	0	0	0
LINC02076	0	0	0
KRT17P5	0	0	0
KRT17P2	0	0	0
LOC105371570	0	0	0
KRT16P1	0	0	0
LOC105371569	0	0	0
LGALS9C	0	0	0
USP32P2	107	0	107
FAM106A	6	0	6
CCDC144BP	11	0	11
LOC107985051	1	1	0
TBC1D28	0	0	0
LOC124903945	0	0	0
ZNF286B	11	0	11
FOXO3B	14	0	14
TRIM16L	420	0	420
FBXW10	3	0	3
TVP23B	696	0	696
LOC101929141	0	0	0
PRPSAP2	510	0	510
LOC124904114	0	0	0
SLC5A10	10	194	7
FAM83G	473	0	657
GRAP	4	0	11
SNORD3B-1	2	0	2
SNORD3B-2	0	0	0
LOC102724624	2	0	2
SNORD3D	0	0	0
LOC124903946	0	0	0
GRAPL	0	0	0
GRAPL-AS1	0	0	0
SNORD3A	4	0	4
SNORD3C	0	0	0
LOC388436	0	0	0
EPN2	406	14	864
EPN2-IT1	0	0	0
EPN2-AS1	0	0	0
B9D1	305	460	322
MIR1180	3	0	3
LOC105371573	3	5	0
MAPK7	493	3	495
MFAP4	3	4	1
LOC124903947	0	0	0
RNF112	29	0	29
LINC02094	0	0	0
LOC105371574	0	0	0
TRW-CCA2-1	0	0	0
SLC47A1	113	2	140
SNORA59B	0	0	0
LOC105371578	1	28	2
SLC47A1P2	2	2	0
ALDH3A2	1757	0	1757
SLC47A2	0	2	0
LOC124903948	0	0	2
ALDH3A1	171	0	171
ULK2	0	0	0
TRG-CCC3-1	0	0	0
AKAP10	662	0	662
SPECC1-DT	1	0	1
SPECC1	3006	1	3005
LOC100131943	0	0	0
CCDC144CP	12	0	12
USP32P3	285	0	285
FAM106B	4	0	4
NOS2P3	15	0	15
LGALS9B	1	0	1
KRT16P3	0	0	0
LOC100996294	0	0	0
LOC105371580	0	0	0
CDRT15L2	0	0	0
LINC02088	0	0	0
LOC100287072	0	0	0
LOC105371583	0	0	0
CCDC144NL	0	0	0
CCDC144NL-AS1	4	0	4
LOC124900389	0	54	0
LOC339260	0	0	0
USP22	3136	4	3186
LINC01563	0	0	0
DHRS7B	424	1	423
TMEM11	808	0	813
TMEM11-DT	13	6	12
NATD1	265	6	259
MAP2K3	795	0	795
KCNJ12	84	0	84
LOC124903950	0	0	0
LOC124903951	0	0	0
LOC105371589	0	0	0
LINC02693	364	0	364
LOC124903953	0	0	0
LOC101930665	0	0	0
KCNJ18	0	0	0
UBBP4	63	0	63
LINC02002	0	0	0
LOC105371597	0	0	0
FAM27E5	0	0	0
LOC105377824	0	0	0
LOC107987246	0	0	0
FLJ36000	0	0	0
LOC124903954	0	0	0
LOC124904098	0	0	0
LOC124903955	0	0	0
LOC105371703	0	0	0
LOC105371704	0	0	0
LOC124903956	0	0	0
MIR4522	0	0	0
WSB1	1338	0	1338
LINC03146	12	11	1
LOC124903959	15	14	1
LOC124903958	12	2	10
LOC105371705	0	0	0
TBC1D3P5	0	0	0
KSR1	402	1	401
LOC124903960	19	1	18
LGALS9	16	0	16
NOS2	0	0	0
LOC124903961	0	0	0
LYRM9	47	0	47
LINC01992	0	0	0
LOC124903962	0	0	0
LOC124900393	0	0	0
LOC105371709	0	0	0
NLK	245	0	245
LOC102724517	17	0	17
LOC105371711	4	0	4
LOC105371710	2	3	1
PYY2	13	1	14
LOC105371712	0	0	0
PPY2P	0	0	0
LOC101926984	15	0	15
KRT18P55	1	0	1
TMEM97	1308	113	1354
IFT20	235	57	337
TNFAIP1	1827	69	1969
POLDIP2	2354	178	3161
LOC124903963	0	770	3
VMA12	629	2	637
MIR4723	0	0	0
SEBOX	1	11	0
VTN	3338	4	3334
SARM1	129	891	262
SLC46A1	303	185	1141
LOC124903964	5	0	5
SLC13A2	0	0	0
FOXN1	20	0	20
UNC119	499	1	498
PIGS	2213	0	2213
ALDOC	1220	0	1220
SPAG5	3078	1	3079
SPAG5-AS1	6	903	8
RSKR	89	3	86
BLTP2	2796	11	3688
SDF2	530	6	529
SUPT6H	3525	2	3528
PROCA1	62	1	61
RAB34	2172	8	2164
RPL23A	10778	5	10775
SNORD42B	8	1	7
SNORD4A	14	0	14
SNORD42A	4	0	4
SNORD4B	0	0	0
TLCD1	502	5	501
NEK8	149	0	151
TRAF4	2439	3	2436
FAM222B	647	5	643
LOC124903965	0	0	0
ERAL1	1457	0	1458
LOC124903966	0	0	0
MIR451A	0	0	0
MIR451B	0	0	0
MIR144	0	0	0
MIR4732	0	0	0
FLOT2	2950	0	2950
DHRS13	582	0	582
PHF12	997	1	1000
LOC101927018	2	6	0
LOC105371716	2	0	2
SEZ6	1	1	0
PIPOX	6	1	5
MYO18A	1778	5	1773
LOC124903967	1	0	1
CRYBA1	0	0	0
NUFIP2	3333	3	3330
TAOK1	1502	1	1501
MIR4523	0	0	0
ABHD15	283	0	339
TP53I13	673	366	608
GIT1	1348	4	1591
ANKRD13B	645	13	634
CORO6	898	0	898
SSH2	554	5	597
SSH2-AS1	0	0	0
LOC124900390	3	0	3
LOC124904117	0	0	0
EFCAB5	17	47	20
NSRP1	672	1	671
MIR423	0	0	0
MIR3184	0	1	0
SLC6A4	0	0	1
LOC124903970	0	1	0
LOC105371720	0	0	0
BLMH	661	1	661
LOC124903971	4	0	5
LOC105371721	1	1	0
TMIGD1	0	0	0
CPD	2530	0	2530
GOSR1	768	1	767
TBC1D29P	1	1	0
LOC101927093	0	0	0
SMURF2P1-LRRC37BP1	338	0	338
LOC124903978	0	0	0
SH3GL1P2	3	3	0
LOC105371723	3	0	3
SUZ12P1	182	38	182
CRLF3	191	36	193
ATAD5	323	8	315
TEFM	220	45	175
ADAP2	0	0	0
RNF135	0	0	0
DPRXP4	0	0	0
LOC107984974	0	0	0
LOC646030	0	0	0
MIR4733HG	0	0	0
LOC124903974	0	0	0
MIR4733	0	0	0
NF1	0	0	0
LOC101927057	0	0	0
OMG	0	0	0
EVI2B	0	0	0
EVI2A	0	0	0
RAB11FIP4	48	0	48
LOC124903977	0	0	0
LOC105371725	0	0	0
MIR4724	0	0	0
TRT-CGT4-1	0	0	0
MIR193A	7	4	3
MIR365BHG	0	0	0
MIR4725	0	0	0
MIR365B	0	0	0
LOC124903975	0	0	0
COPRS	519	0	519
UTP6	1168	0	1168
SUZ12	1206	0	1206
LOC124903972	0	8	0
LRRC37B	105	1	112
SH3GL1P1	13	0	13
VILMIR	0	0	0
LOC102724625	0	0	0
LOC105371730	17	51	64
RHOT1	753	47	804
ARGFXP2	1	1	0
LOC124903979	0	0	0
LOC105371731	0	0	0
RHBDL3	0	0	0
LOC124903980	0	0	0
C17orf75	268	0	268
MIR632	0	0	0
ZNF207	2718	1	2717
PSMD11	1661	0	1661
CDK5R1	39	0	39
MYO1D	1	0	1
LOC124903982	0	0	0
LOC105371734	0	0	0
LOC107985012	0	0	0
LOC124903981	0	0	0
MYO1D-DT	0	0	0
H2BN1	0	0	0
TMEM98	0	0	0
SPACA3	0	0	0
ASIC2	0	0	0
ASIC2-AS2	0	0	0
LOC124903985	0	0	0
AA06	0	0	0
LOC112268206	0	0	0
ASIC2-AS1	0	0	0
LOC124903984	0	0	0
LOC124903983	0	0	0
LOC107985038	0	0	0
LOC107987247	0	0	0
LOC107985035	0	0	0
LOC107985036	0	0	0
LOC105371735	0	0	0
LINC01989	0	0	0
CCL2	2	0	2
CCL7	0	0	0
CCL11	0	0	0
CCL8	0	0	0
CCL13	0	0	0
CCL1	0	0	0
LOC124903986	0	0	0
LOC105371738	0	0	0
LOC105371739	0	0	0
TMEM132E-DT	0	0	0
TMEM132E	0	0	0
LOC105371740	0	0	0
LOC124903987	0	0	0
LOC105371742	1	0	1
CCT6B	5	0	8
ZNF830	216	0	216
LIG3	443	90	592
RFFL	28	133	32
RAD51L3-RFFL	0	0	0
LOC124904123	0	0	0
RAD51D	295	0	295
FNDC8	2	79	0
NLE1	554	0	631
UNC45B	0	0	0
SLC35G3	0	0	0
LOC105371932	29	30	22
SLFN5	1043	1	1065
SLFN11	0	0	0
LOC105371933	0	0	0
SLFN12	5	0	5
SLFN13	0	0	0
SLFN12L	0	0	0
SLFN14	0	0	0
LOC107985033	0	0	0
SNHG30	193	0	193
SNORD7	0	0	0
PEX12	123	0	123
AP2B1	4973	2	4971
RASL10B	31	0	31
GAS2L2	3	0	3
MMP28	39	0	39
C17orf50	4	4	0
TAF15	0	0	0
HEATR9	0	0	0
LOC105371745	0	0	0
CCL5	2	0	2
LRRC37A8P	0	0	0
RDM1	0	0	0
LYZL6	0	0	0
CCL16	0	0	0
CCL14	0	0	0
CCL15-CCL14	0	0	0
CCL15	0	0	0
LOC107985068	0	0	0
CCL23	0	0	0
LOC105371746	0	0	0
CCL18	0	0	0
CCL3-AS1	0	0	0
CCL3	0	0	0
CCL4	0	0	0
LOC101927369	0	0	0
LOC107985055	0	0	0
TBC1D3B	0	0	0
LOC128966684	0	0	0
LOC128966706	0	0	0
CCL3L3	0	0	0
CCL4L2	0	0	0
LOC105371747	0	0	0
TBC1D3I	0	0	0
LOC102724956	0	0	0
LOC101060212	0	0	0
TBC1D3G	0	0	0
LOC102723414	0	0	0
TBC1D3H	0	0	0
TBC1D3F	0	0	0
LOC105371749	0	0	0
ZNHIT3	0	0	0
MYO19	3	0	3
PIGW	0	0	0
GGNBP2	0	0	0
DHRS11	0	0	0
LOC107985031	0	0	0
MRM1	2	0	2
LOC105371750	0	0	0
LOC105371751	0	0	0
LHX1-DT	0	0	0
LHX1	0	0	0
AATF	0	0	0
MIR2909	0	0	0
LOC105371753	0	0	0
ACACA	14	0	14
SNORA90	0	0	0
C17orf78	0	0	0
TADA2A	30	0	30
DUSP14	1	0	1
SYNRG	0	0	0
DDX52	174	0	174
MIR378J	0	0	0
LOC105371756	1	0	1
HNF1B	0	0	0
LOC124903989	0	0	0
LOC105371754	0	0	0
LOC105371757	0	0	0
YWHAEP7	1	0	1
TBC1D3K	0	0	0
LOC102723608	0	0	0
TBC1D3L	74	1	74
TBC1D3D	9	0	10
LOC102723819	0	0	0
TBC1D3C	0	0	0
LOC101929950	2	0	2
TBC1D3E	6	0	7
LOC102723851	0	1	0
LOC102723933	0	0	0
TBC1D3	1	0	1
NPEPPSP1	23	0	23
LOC105371760	0	0	0
MRPL45	0	0	0
GPR179	0	0	0
LOC124903991	0	0	0
SOCS7	53	0	53
ARHGAP23	89	1	88
LOC101929494	0	0	0
SRCIN1	0	0	0
LOC105371761	0	0	0
LOC124903992	0	0	0
EPOP	0	0	0
LOC105371763	0	0	0
MIR4734	0	0	0
MLLT6	0	0	0
LOC124903993	0	0	0
LOC105371762	0	0	0
MIR4726	0	0	0
CISD3	0	0	0
PCGF2	1	0	1
LOC100287808	0	0	0
TRN-GTT2-5	0	0	0
PSMB3	0	0	0
PIP4K2B	0	0	0
CWC25	0	0	0
MIR4727	0	0	0
SPMAP1	0	0	0
LOC124903994	0	8	0
RPL23	5976	0	5984
SNORA21B	19	0	19
SNORA21	3	0	3
TRC-GCA14-1	0	0	0
TRC-GCA2-2	0	0	0
TRC-GCA4-1	0	0	0
LASP1	4870	2	4868
MIR6779	0	0	0
LASP1NB	14	0	14
FBXO47	2	0	2
LOC105371767	1	0	1
LINC02079	0	0	0
LRRC37A11P	2	0	2
RDM1P5	7	1	11
PLXDC1	19	6	18
LOC124903995	1	0	1
TRC-GCA2-3	0	0	0
TRC-GCA2-4	0	0	0
ARL5C	0	0	0
CACNB1	2	0	5
CACNB1-AS1	0	3	0
LOC124903996	5	5387	0
RPL19	18007	10	23379
STAC2	42	0	42
LOC101929578	5	0	5
FBXL20	299	0	299
MIR548BC	0	0	0
MED1	1252	34	1218
CDK12	944	0	944
LOC124904107	0	0	0
LOC105371770	30	29	1
LOC105371771	0	0	0
NEUROD2	0	0	0
LOC124903997	4	0	4
PPP1R1B	0	0	0
LOC124903998	0	115	0
STARD3	566	0	681
TCAP	8	0	8
PNMT	0	0	0
PGAP3	140	0	140
ERBB2	1053	4	1071
MIR4728	1	0	1
MIEN1	440	19	443
GRB7	281	0	281
IKZF3	0	0	0
ZPBP2	0	0	0
GSDMB	164	0	164
ORMDL3	501	0	501
LOC124903999	0	0	0
LRRC3C	0	0	0
GSDMA	0	0	0
PSMD3	1697	2	2419
LOC124904000	28	750	2
PSMD3-AS1	0	0	0
CSF3	0	0	0
MED24	1331	2	1329
MIR6884	0	0	0
SNORD124	0	0	0
THRA	863	81	957
NR1D1	317	101	392
LOC124904001	6	3	3
MSL1	1853	17	1836
CASC3	1059	4	1056
MIR6866	0	0	0
RAPGEFL1	97	0	97
MIR6867	0	0	0
WIPF2	916	1	915
CDC6	2308	1	2307
RARA	729	52	800
LOC105371934	1	72	0
RARA-AS1	8	8	52
GJD3	6	200	6
GJD3-AS1	20	0	220
TOP2A	5063	2	5061
IGFBP4	7	0	7
TNS4	3914	5	3909
LOC105371773	8	0	8
LOC107985090	0	0	0
CCR7	18	14	4
SMARCE1	1111	1	1110
KRT222	0	0	0
LOC105371775	0	0	0
KRT24	0	0	0
KRT25	0	0	0
KRT26	0	0	0
KRT27	0	0	0
KRT28	0	0	0
LOC105371776	0	0	0
KRT10	438	30	454
KRT10-AS1	196	25	217
LOC105371777	0	0	0
KRT12	0	0	0
KRT20	0	0	0
KRT23	0	0	0
LOC107985072	0	0	0
KRT39	0	0	0
KRT40	0	0	0
KRTAP3-3	0	0	0
KRTAP3-2	0	0	0
KRTAP3-1	0	0	0
KRTAP1-5	0	0	0
KRTAP1-4	0	0	0
KRTAP1-3	0	0	0
KRTAP1-1	0	0	0
KRTAP2-1	0	0	0
KRTAP2-2	0	0	0
KRTAP2-3	0	0	0
KRTAP2-4	0	0	0
KRTAP4-7	0	0	0
KRTAP4-8	0	0	0
KRTAP4-16	0	0	0
KRTAP4-9	0	0	0
LOC124904002	0	0	0
KRTAP4-11	0	0	0
KRTAP4-12	0	0	0
KRTAP4-6	0	0	0
KRTAP4-5	0	0	0
KRTAP4-4	0	0	0
KRTAP4-3	0	0	0
KRTAP4-2	0	0	0
KRTAP4-1	0	0	0
KRTAP9-1	0	0	0
KRTAP9-2	0	0	0
KRTAP9-3	0	0	0
KRTAP9-8	0	0	0
KRTAP9-4	0	0	0
KRTAP9-9	0	0	0
KRTAP9-6	0	0	0
KRTAP9-7	0	0	0
KRTAP29-1	0	0	0
KRTAP16-1	0	0	0
KRTAP17-1	0	0	0
KRT33A	0	0	0
LOC105371778	0	0	0
KRT33B	0	0	0
KRT34	0	0	0
KRT31	0	0	0
LOC100505782	0	0	0
KRT37	0	0	0
KRT38	0	0	0
KRT32	0	0	0
KRT35	0	0	0
KRT36	0	0	0
KRT13	0	0	0
KRT15	29	0	29
MIR6510	0	0	0
KRT19	6	0	6
LINC00974	0	0	0
KRT9	3	0	3
KRT14	4	0	4
LOC124904003	0	0	0
KRT16	183	0	183
KRT17	4959	7	4952
KRT42P	1	0	1
LOC124904004	6	0	6
EIF1	4142	0	4142
GAST	0	0	0
HAP1	3	0	3
JUP	7151	4	7147
P3H4	2070	3	2067
FKBP10	6994	7	6987
NT5C3B	687	0	701
KLHL10	1	14	1
KLHL11	307	0	307
ACLY	5934	6	5931
LOC124904005	17	20	0
ODAD4	3	3	0
CNP	1305	423	1297
DNAJC7	1630	13	2043
NKIRAS2	869	14	874
ZNF385C	0	8	0
C17orf113	0	0	0
DHX58	875	1	874
KAT2A	1899	2	1897
HSPB9	1	1	0
RAB5C	2513	2	2513
RAB5C-AS1	1	2	1
KCNH4	8	0	8
HCRT	0	0	0
GHDC	382	0	382
STAT5B	1780	17	1778
STAT5A	779	2	792
STAT3	2514	1	2513
CAVIN1	3872	2	4180
LOC102725238	8	309	9
ATP6V0A1	930	0	930
MIR548AT	0	0	0
MIR5010	0	0	0
NAGLU	1783	5	1778
HSD17B1-AS1	44	16	367
HSD17B1	3	323	19
COASY	3723	5	3718
MLX	859	295	1020
PSMC3IP	192	170	478
RETREG3	557	0	557
TUBG1	2496	2	2494
TUBG2	378	4	374
PLEKHH3	1643	0	1643
CCR10	8	1	7
CNTNAP1	45	5	41
EZH1	349	0	350
MIR6780A	0	0	0
RAMP2-AS1	0	0	0
RAMP2	0	0	0
VPS25	915	0	915
WNK4	59	2	57
COA3	589	0	589
CNTD1	8	213	0
BECN1	395	1	599
MIR6781	0	0	0
PSME3	2910	1	2909
AOC2	123	0	123
AOC3	153	0	153
AOC4P	0	0	0
LINC00671	0	0	0
G6PC1	0	0	0
LOC124900400	0	0	0
PTGES3L-AARSD1	4	0	4
AARSD1	0	0	0
PTGES3L	12	0	12
RUNDC1	525	0	709
LOC124904006	63	5901	3
RPL27	696	2	6351
IFI35	525	1	524
VAT1	3285	0	3285
RND2	1	1	0
BRCA1	975	0	975
NBR2	113	0	113
LOC101929767	29	7	22
LOC124900391	228	18	227
NBR1	2312	1	2329
TMEM106A	0	0	0
CCDC200	1	1	0
RNU2-1	0	0	0
LOC124904135	0	0	0
LOC124904136	0	0	0
LOC124904137	0	0	0
LOC124904138	0	0	0
LOC124904139	0	0	0
LOC124904140	0	0	0
LOC124904146	0	0	0
LOC124904141	0	0	0
LOC124904142	0	0	0
LOC124904145	0	0	0
LOC124904143	0	0	0
LOC124904144	0	0	0
LOC124904147	0	0	0
LOC105371785	15	7	8
LINC00910	77	4	74
LOC124904007	2	2	1
ARL4D	591	0	591
MIR2117HG	0	0	0
MIR2117	0	0	0
DHX8	1496	75	1503
LOC124904112	0	0	0
ETV4	347	12	417
LOC124904008	2	0	2
MEOX1	454	0	454
LINC02594	18	0	18
LOC107985085	0	0	0
SOST	0	0	0
DUSP3	1007	1	1006
CFAP97D1	1	0	1
MPP3	305	0	305
LOC107984979	1	0	1
CD300LG	0	0	0
LOC107985077	0	0	0
MPP2	175	0	175
LOC105371787	0	0	0
FAM215A	0	0	0
LOC107985086	0	0	0
LOC102724183	0	0	0
LINC01976	0	0	0
PPY	0	0	0
PYY	0	0	0
NAGS	13	9	4
TMEM101	521	1	520
LSM12	477	0	477
G6PC3	1836	1	1836
HDAC5	916	20	897
LOC105371789	1	1	0
HROB	362	1	361
ASB16	45	176	2
ASB16-AS1	68	2	199
TMUB2	694	15	693
ATXN7L3	1463	3	1489
ATXN7L3-AS1	38	39	25
UBTF	2225	25	2211
MIR6782	0	0	0
SLC4A1	0	0	0
LOC105371790	0	0	0
RUNDC3A-AS1	2	0	2
RUNDC3A	4	3	1
SLC25A39	5785	6	5779
LOC124904009	124	16	108
GRN	11304	4	11300
FAM171A2	517	0	517
ITGA2B	29	0	29
GPATCH8	1201	0	1201
LOC105371791	0	0	0
FZD2	700	1	699
LINC01180	0	0	0
MEIOC	39	41	0
CCDC43	490	1	681
LOC105371792	2	184	0
LOC124904010	7	4	8
DBF4B	533	0	617
LOC107985044	0	84	0
ADAM11	152	4	148
GJC1	555	0	555
HIGD1B	5	12	0
EFTUD2	3705	4	3710
DNAAF19	75	1	89
GFAP	1	62	1
FAM187A	0	0	0
LOC105371793	1	5	0
KIF18B	1179	0	1183
MIR6783	0	0	0
C1QL1	1309	2	1307
LOC107987243	9	0	9
DCAKD	366	0	366
NMT1	2288	23	2267
PLCD3	3214	5	3211
MIR6784	0	0	0
ACBD4	275	3	272
HEXIM1	807	67	1650
HEXIM2-AS1	0	882	32
HEXIM2	41	62	209
HEXIM2-AS2	19	192	54
FMNL1-DT	188	21	198
FMNL1	1548	137	1972
FMNL1-AS1	13	485	58
MAP3K14-AS1	59	71	72
SPATA32	3	4	0
MAP3K14	509	23	559
LOC105371796	0	0	0
ARHGAP27	0	0	0
LOC124904016	0	0	0
PLEKHM1	0	0	0
MIR4315-1	0	0	0
LOC105369225	0	0	0
LRRC37A4P	0	0	0
MAPK8IP1P2	0	0	0
LINC02210	0	0	0
LINC02210-CRHR1	0	0	0
LOC105371802	0	0	0
LOC107985028	0	0	0
CRHR1	0	0	0
MAPT-AS1	0	0	0
SPPL2C	0	0	0
MAPT	0	0	0
MAPT-IT1	0	0	0
LOC105371800	0	0	0
STH	0	0	0
KANSL1	1	0	1
LOC107985027	0	0	0
KANSL1-AS1	0	0	0
LRRC37A	1	5	6
LOC124904014	0	0	0
ARL17B	8	7	11
LRRC37A2	17	22	18
NSFP1	0	0	0
ARL17A	0	3	0
NSF	0	0	0
WNT3	0	0	0
LOC101929777	0	0	0
WNT9B	0	0	0
LINC01974	0	0	0
LOC112268191	0	0	0
GOSR2-DT	1	0	1
GOSR2	683	0	683
MIR5089	0	0	0
RPRML	4	4	0
LOC101927060	208	2	226
LOC124904015	1	1	0
CDC27	1254	0	1254
MYL4	0	0	0
ITGB3	3	0	3
LOC107985029	0	0	0
EFCAB13-DT	8	0	8
EFCAB13	54	16	38
MRPL45P2	77	0	77
NPEPPS	1980	5	3227
KPNB1-DT	22	1267	7
KPNB1	5032	2	5030
TBKBP1	0	0	0
TBX21	0	0	0
OSBPL7	193	0	193
MRPL10	730	2	731
LRRC46	2	2	3
SCRN2	604	0	604
SP6	108	0	108
SP2-DT	13	0	13
SP2	243	7	236
SP2-AS1	25	1	24
PNPO	762	0	762
PRR15L	1	1	0
CDK5RAP3	1506	0	1506
LOC124904017	0	0	0
COPZ2	4	0	4
MIR10226	0	0	0
MIR152	0	0	0
NFE2L1-DT	1	0	1
NFE2L1	2261	1	2260
CBX1	1367	0	1367
SNX11	348	0	348
SKAP1	0	0	0
LOC124904018	0	0	0
MIR1203	0	0	0
SKAP1-AS2	0	0	0
LOC124904151	0	0	0
LOC101927166	0	0	0
LOC124904019	0	0	0
LOC105371808	0	0	0
HOXB1	0	0	0
HOXB2	6	0	6
HOXB-AS1	2	33	0
HOXB3	75	0	107
HOXB-AS2	1	2	0
HOXB4	2	0	2
MIR10A	1	0	1
HOXBLINC	0	0	0
HOXB-AS3	32	111	0
HOXB5	62	0	74
HOXB6	126	0	192
HOXB7	294	1	293
HOXB8	0	0	0
HOXB9	2	0	2
HOXB-AS4	0	0	0
MIR196A1	1	0	1
LINC03057	0	0	0
LINC02086	0	0	0
PRAC2	0	0	0
PRAC1	0	0	0
MIR3185	0	0	0
HOXB13	120	0	120
LOC105371811	0	0	0
LOC105371812	2	0	2
TTLL6	9	0	9
LOC105371813	0	0	0
CALCOCO2	946	0	946
LOC105371814	1	1	1
LOC124900395	0	0	0
ATP5MC1	1486	1	1485
UBE2Z	1715	0	1717
SNF8	884	75	810
LOC124904116	0	0	0
GIP	0	0	0
IGF2BP1	1451	6	1445
LOC124904020	2	2	0
B4GALNT2	0	0	0
LOC124904021	0	0	0
TRQ-TTG1-1	0	0	0
GNGT2	0	0	0
ABI3	0	0	0
PHOSPHO1	3	0	3
LOC124904022	0	0	0
FLJ40194	0	0	0
ZNF652	493	0	493
MIR6129	0	0	0
LOC124904111	0	0	0
ZNF652-AS1	3	0	3
PHB1	3570	0	3570
LINC02075	0	0	0
NGFR	0	1	0
NGFR-AS1	0	0	1
MIR6165	0	0	0
NXPH3	0	0	0
SPOP	444	0	444
LOC107984999	0	0	0
SLC35B1	1093	1	1092
FAM117A	9	0	9
KAT7	642	0	642
TAC4	2	2	0
FLJ45513	1	0	1
DLX4	389	0	389
DLX3	260	0	260
PICART1	18	2	17
ITGA3	5121	7	5115
LOC124904024	5	1	4
PDK2	528	4	962
PDK2-AS1	19	8	13
SAMD14	4	432	8
PPP1R9B	1442	2	1440
LOC124904025	0	0	0
LOC105371818	1	0	1
SGCA	24	0	24
H1-9P	0	0	0
COL1A1	2348	4	2344
TILAM	0	0	0
LOC124904130	2	0	2
LOC105371822	0	0	0
LOC124904028	0	0	0
TMEM92	205	1	204
TMEM92-AS1	15	1	14
XYLT2	724	4	720
MRPL27	537	1	537
EME1	495	437	524
LRRC59	3208	44	4443
LRRC59-AS1	1	809	6
ACSF2	1534	0	1604
CHAD	20	90	0
RSAD1	549	2	547
MYCBPAP	1	0	1
EPN3	3	3	0
LOC105371824	2	0	2
SPATA20	995	0	995
CACNA1G-AS1	1	1	0
CACNA1G	111	0	115
LOC101927253	0	4	0
ABCC3	1978	6	1972
ANKRD40	574	0	574
LUC7L3	3869	1	3868
ANKRD40CL	0	0	0
MIR8059	0	0	0
WFIKKN2	0	0	0
TOB1	3775	17	3774
TOB1-AS1	9	2	23
LOC105371825	6	0	6
LOC124904102	2	0	2
LOC124904029	1	0	1
SPAG9	2145	1	2144
LOC124904125	0	0	0
NME1-NME2	0	0	0
NME1	155	0	155
NME2	7	0	7
MBTD1	374	335	376
UTP18	902	4	1235
LINC02071	0	0	0
LINC02072	0	0	0
LINC02073	0	0	0
CA10	0	0	0
LOC105371829	0	0	0
LINC01982	0	0	0
LINC02089	0	0	0
LOC107984983	0	0	0
LINC02876	0	0	0
LOC107984982	0	0	0
LOC124904030	0	0	0
KIF2B	0	0	0
LOC107985001	0	0	0
LOC124904031	0	0	0
LOC124904033	0	2	0
TOM1L1	571	67	933
LOC124904032	1	0	1
COX11	624	447	605
STXBP4	197	0	198
LOC107985002	0	0	0
HLF	7	0	7
MMD	404	2	402
SMIM36	0	0	0
LOC124904034	0	0	0
LOC102724732	0	0	0
LOC101927389	0	0	0
LOC124904099	0	0	0
TMEM100	0	0	0
PCTP	128	0	128
ANKFN1	1	0	1
LOC124904035	0	0	0
LOC112268194	0	0	0
NOG	803	3	800
C17orf67	49	0	49
DGKE	172	0	172
LOC124904036	0	0	0
LOC124904037	0	0	0
MTVR2	1	0	1
TRIM25	1759	0	1759
MIR3614	0	0	0
COIL	634	0	634
LOC105371836	0	0	0
SCPEP1	1094	1	1093
RNF126P1	0	0	0
AKAP1-DT	5	0	5
AKAP1	1319	1	1318
LOC101927510	2	8	4
MSI2	1505	2	1513
LOC101927557	0	0	0
LOC107984993	3	0	3
MSI2-AS1	0	0	0
CCDC182	0	0	0
MRPS23	623	0	623
CUEDC1	577	2	575
CUEDC1-AS1	0	0	0
VEZF1	505	0	513
LOC101929185	2	215	5
SRSF1	4763	11	4962
LOC105371840	0	0	0
DYNLL2-DT	0	0	0
DYNLL2	686	0	686
OR4D1	0	0	0
MSX2P1	0	0	0
OR4D2	0	0	0
EPX	3	3	0
MKS1	306	0	306
LOC105371841	0	0	0
LPO	0	0	0
LOC124904038	0	0	0
MPO	0	0	0
TSPOAP1	0	0	0
TSPOAP1-AS1	0	505	2
MIR142HG	0	0	0
MIR142	0	0	0
MIR4736	0	0	0
SUPT4H1	319	4	822
RNF43	81	0	81
HSF5	0	0	0
MTMR4	576	3	573
SEPTIN4-AS1	0	4	2
SEPTIN4	3	1	6
TEX14	16	1	19
LOC107985048	0	2	0
LOC105371842	0	0	0
LOC124904122	0	0	0
IGBP1C	5	0	5
RAD51C	527	0	527
LOC105371843	1	1	0
PPM1E	2	10	0
TRIM37	821	2	827
LOC124904039	29	7	22
SKA2	436	1	435
MIR454	0	0	0
MIR301A	0	0	0
PRR11	648	0	648
SMG8	531	0	531
GDPD1	73	0	73
YPEL2	102	0	102
MIR4729	0	0	0
LINC01476	0	0	0
LOC124904040	0	0	0
LOC105371845	0	0	0
LOC105371847	0	0	0
DHX40	1309	0	1309
CLTC	7584	53	7531
PTRH2	752	2	750
VMP1	4719	0	4719
MIR21	0	0	0
TUBD1	166	0	166
RPS6KB1	771	0	774
RNFT1	197	0	197
TBC1D3P1-DHX40P1	1	0	6
RNFT1-DT	3	5	3
LOC105371848	0	0	0
HEATR6	443	1	442
MIR4737	0	0	0
HEATR6-DT	0	119	1
WFDC21P	29	1	148
LOC653653	0	0	0
LOC100996660	29	0	29
CA4	0	165	0
USP32	757	0	922
SCARNA20	0	0	0
LOC105371850	0	0	0
CHCT1	0	0	0
APPBP2	477	0	477
LINC01999	0	0	0
PPM1D	326	0	326
BCAS3	197	1	233
LOC124904118	0	0	0
BCAS3-AS1	0	37	0
LOC124904041	1	0	1
LOC101927855	0	0	0
TBX2-AS1	10	1	9
TBX2	4	0	4
LINC02875	0	0	0
TBX4	0	0	0
LOC124904042	0	0	0
NACA2	4	0	4
BRIP1	467	0	467
INTS2	206	0	206
MED13	874	0	874
TBC1D3P2	0	0	0
LOC105371853	0	0	0
LOC105371936	0	0	0
EFCAB3	0	0	0
LOC105371854	0	0	0
METTL2A	376	0	376
LOC112268200	0	0	0
TLK2	471	10	461
LOC107985020	0	0	0
MRC2	390	1	389
MARCHF10	8	6	2
MARCHF10-AS1	0	0	0
MARCHF10-DT	0	0	0
MIR633	0	0	0
TANC2	1013	8	1005
LOC105371856	0	0	0
CYB561	1002	6	996
ACE	2	0	2
KCNH6	0	0	0
DCAF7	1582	2	1580
TACO1	461	0	461
MAP3K3	493	4	519
LOC101927898	0	2	1
LIMD2	28	28	29
LOC729683	5	7	1
STRADA	353	0	354
CCDC47	2988	3	2987
DDX42	2261	3	2262
FTSJ3	2063	217	2062
PSMC5	1828	6	2036
SMARCD2	1387	2	1385
TCAM1P	2	0	2
CSH2	0	0	0
GH2	0	0	0
CSH1	0	0	0
CSHL1	0	0	0
LOC112268204	0	0	0
GH1	0	0	0
CD79B	1	0	1
SCN4A	43	0	43
LOC105371858	0	0	0
PRR29-AS1	0	0	0
PRR29	0	2	0
ICAM2	0	0	2
ERN1	216	0	216
SNHG25	0	0	0
SNORD104	1	0	1
SNORA50C	13	0	13
TEX2	612	22	590
PECAM1	138	6	132
MILR1	65	76	61
POLG2	202	0	274
DDX5	8904	6	8932
MIR3064	43	0	43
MIR5047	550	0	550
CEP95	519	38	515
SMURF2	483	1	482
ARHGAP27P1-BPTFP1-KPNA2P3	107	0	161
LOC101929240	25	79	0
ARHGAP27P1	57	0	57
MIR6080	0	16	0
PLEKHM1P1	70	0	70
MIR4315-2	0	0	0
LOC105371860	0	0	0
LOC105376844	0	1	0
LRRC37A3	15	0	16
LOC107985000	12	0	12
AMZ2P1	108	0	108
LOC124904044	0	0	0
GNA13	897	0	897
LOC105371864	1	0	1
LOC100507002	24	0	24
RGS9	19	0	19
LINC02563	0	0	0
AXIN2	1	0	1
CEP112	4	0	4
LOC105371867	0	0	0
APOH	0	0	0
PRKCA	867	0	867
PRKCA-AS1	0	0	0
MIR634	0	0	0
CACNG5	0	0	0
CACNG4	0	0	0
CACNG1	0	0	0
HELZ	754	1	757
HELZ-AS1	0	3	1
LOC124900398	0	0	0
PSMD12	1397	0	1397
PITPNC1	563	2	725
LOC124904047	0	0	0
LOC124904124	0	0	0
LOC124904046	1	1	0
MIR548D2	0	1	0
MIR548AA2	0	0	1
LOC124904045	0	0	0
LOC101928045	1	165	0
NOL11	1166	0	1166
SNORA38B	1	0	1
BPTF	979	0	979
C17orf58	210	3	207
TRR-CCG2-1	0	0	0
KPNA2	6139	2	6137
LOC124904048	6	0	6
LINC00674	538	0	538
LOC105371870	2	0	2
ARHGAP27P2	0	0	0
AMZ2	734	8	726
ARSG	305	173	322
SLC16A6	673	11	665
PRKAR1A	4600	3	4597
WIPI1	92	53	226
MIR635	9	4	5
FAM20A	32	20	12
LINC01482	1	0	1
LOC124904049	0	0	0
LOC105371874	0	0	0
LOC124904050	0	0	0
ABCA8	1	0	1
ABCA9	1	0	1
ABCA9-AS1	0	0	0
LOC124904051	0	0	0
ABCA6	11	0	11
MIR4524B	0	0	0
MIR4524A	0	0	0
ABCA10	18	0	18
PRO1804	0	0	0
ABCA5	838	0	838
LOC105371878	1	0	1
LOC105371879	0	0	0
MAP2K6	2137	3	2145
MAP2K6-AS1	6	17	0
LINC01483	0	0	0
LINC01497	0	0	0
LOC105371881	0	0	0
LOC112267896	0	0	0
LOC124904053	0	0	0
LINC01028	0	0	0
KCNJ16	7	0	7
LOC124904052	0	0	0
LOC105371882	0	0	0
KCNJ2-AS1	0	0	0
KCNJ2	15	0	15
LOC124904100	0	0	0
LOC105371884	0	0	0
LOC124904104	0	0	0
CASC17	0	0	0
LOC124904109	0	0	0
LOC107985015	0	0	0
ROCR	0	0	0
LINC01152	0	0	0
LOC102723517	0	0	0
SOX9-AS1	0	0	0
LINC02097	0	0	0
SOX9	0	0	0
LOC124900392	0	0	0
LINC02003	0	0	0
LINC00673	110	1	109
LINC00511	2	0	2
LOC107985005	0	0	0
LOC105371887	0	0	0
SLC39A11	283	0	283
LOC124904115	3	0	3
SSTR2	9	9	0
COG1	699	241	715
VCF1	615	77	795
MTNAP1	364	4	458
CPSF4L	1	98	1
CDC42EP4	2722	3	2719
SDK2	5	0	5
SDK2-AS1	0	0	0
LOC124904054	0	0	0
LOC100134391	0	0	0
LINC00469	0	0	0
LINC02092	0	0	0
LOC107985081	0	0	0
LOC105371888	0	0	0
LINC02074	0	0	0
RPL38	2816	1	2824
MGC16275	3	8	4
TTYH2	72	0	72
DNAI2	0	0	0
LOC105371891	0	0	0
KIF19	0	0	0
LOC107985078	0	0	0
BTBD17	0	0	0
GPR142	0	0	0
LOC124904055	0	0	0
GPRC5C	0	0	0
LOC124904056	0	0	0
CD300A	0	0	0
LOC107985074	0	0	0
CD300LB	0	0	0
CD300C	0	0	0
CD300H	0	0	0
CD300LD	0	0	0
CD300LD-AS1	0	0	0
LOC101928343	0	0	0
CD300E	0	0	0
RAB37-AS1	0	0	0
RAB37	0	0	0
CD300LF	0	0	0
LOC124904057	0	0	0
SLC9A3R1-AS1	2	1792	5
MIR3615	0	0	0
NHERF1	2677	4	4028
NAT9	517	3	514
SLC38A12	695	0	696
GRIN2C	25	23	3
FDXR	701	0	701
FADS6	0	0	0
USH1G	0	0	0
OTOP2	0	0	0
OTOP3	0	0	0
HID1	0	0	0
HID1-AS1	0	0	0
LOC124904058	12	0	12
CDR2L	1308	4	1304
MRPL58	597	0	597
KCTD2	909	3	907
TRR-CCT1-1	0	0	0
TRR-CCT2-1	0	0	0
TRR-TCG3-1	0	0	0
ATP5PD	2779	18	2762
SLC16A5	783	0	783
ARMC7	248	49	243
NT5C	989	0	1033
JPT1	436	0	1838
LOC107985034	55	1455	3
SUMO2	2151	0	2151
NUP85	2414	6	2409
GGA3	950	94	919
MRPS7	1756	67	1910
MIF4GD	557	141	575
MIF4GD-DT	49	325	67
SLC25A19	325	20	648
LOC124904059	0	0	0
GRB2	3014	0	3014
LOC124904060	0	0	0
MIR3678	0	0	0
TMEM94	1820	35	1829
MIR6785	0	0	0
CASKIN2	1038	13	1069
TSEN54	1086	36	1050
LLGL2	1285	4	1281
MYO15B	34	7	27
RECQL5	609	2	758
SMIM5	5	18	0
ERLN	0	0	0
LOC107985013	0	138	0
SAP30BP	1190	1	1189
SAP30BP-AS1	0	0	0
ITGB4	239	10	231
GALK1	1278	2	1278
H3-3B	9778	3	9775
MIR4738	0	0	0
UNK	863	6	857
UNC13D	1437	0	1437
WBP2	3161	0	3161
TRIM47	1866	3	1863
TRIM65	1090	0	1090
MRPL38	1680	1	1679
FBF1	573	2	571
ACOX1	967	1	967
TEN1-CDK3	1	0	1
TEN1	0	0	0
LOC124904061	2	207	2
CDK3	0	0	0
EVPL	954	3	951
SRP68	2382	0	2382
GALR2	17	0	17
ZACN	1	698	0
EXOC7	1180	1	1876
MIR6868	0	0	0
LOC101928447	0	0	0
FOXJ1	0	0	0
RNF157-AS1	0	3	0
RNF157	5	0	8
LOC105371896	3	2	1
UBALD2	586	1	585
QRICH2	186	0	186
PRPSAP1	851	0	851
LOC124904120	0	0	0
SPHK1	1481	1	1480
UBE2O	1010	3	1010
AANAT	8	5	6
RHBDF2	680	0	680
CYGB	54	1	62
PRCD	29	21	17
SNHG16	3059	1	3060
SNORD1C	5	0	5
SNORD1B	3	0	3
SNORD1A	12	0	12
ST6GALNAC2	25	7	20
LOC122455342	0	0	0
ST6GALNAC1	0	0	0
LOC105274304	1	0	10
MXRA7	1849	19	1839
JMJD6	1813	1	1813
METTL23	926	5	924
SRSF2	4406	26	6003
MIR636	0	0	5
MFSD11	401	2916	416
LINC02080	0	0	0
LOC107985089	0	0	0
LINC00868	0	0	0
MGAT5B	896	0	896
LOC105371899	0	0	0
SNHG20	120	0	120
SEC14L1	2064	1	2064
SCARNA16	0	0	0
MIR6516	0	0	0
LOC105371901	0	1	0
LACAT1	0	0	0
SEPTIN9-DT	0	4	0
SEPTIN9	5011	1	5016
LOC124904062	1	1	0
MIR4316	0	0	0
LOC112268199	6	8	0
LOC112268198	4	0	4
LOC105371903	2	2	0
LOC400622	0	0	0
LOC100507351	0	0	0
LOC124904103	0	0	0
LOC107985079	0	0	0
LINC01987	0	0	0
LOC105371908	0	0	0
LINC01973	0	0	0
LOC107985087	0	0	0
LOC105371909	0	0	0
TNRC6C	38	25	38
TMC6	2166	2	2190
TMC8	13	0	14
C17orf99	0	0	0
SYNGR2	2228	0	2228
TK1	3025	28	3018
AFMID	355	0	376
BIRC5	1384	1	1383
TMEM235	0	0	0
LOC105371910	1	1	0
LINC01993	0	0	0
LOC105371912	48	0	48
LOC124904064	1	0	1
SOCS3	849	2	849
SOCS3-DT	28	4	26
PGS1	662	2	838
LOC124900399	0	0	0
DNAH17	33	213	11
DNAH17-AS1	5	0	18
LOC124904065	0	0	0
SCAT1	1	0	1
LOC124904066	2	0	2
CYTH1	1023	0	1023
USP36	1652	4	1652
LOC124904067	50	1	53
TIMP2	5781	3	5778
LOC124904068	2	1	1
CEP295NL	3	0	3
LGALS3BP	18139	8	18131
CANT1	1505	0	1505
C1QTNF1-AS1	131	0	131
C1QTNF1	880	8	872
ENGASE	620	0	620
RBFOX3	15	15	0
LOC124904069	0	0	0
MIR4739	0	0	0
LINC02078	1	0	1
ENPP7	0	0	0
LOC124904070	153	0	153
CBX2	1690	2	1688
CBX8	907	0	907
LOC124904071	0	0	0
LINC01977	5	1	4
CBX4	2304	6	2298
LINC01979	12	1	13
LINC01978	6	7	1
TBC1D16	1168	2	1166
LOC124904073	0	0	0
LOC124904072	0	0	0
CCDC40	0	0	0
LOC124904074	0	0	0
MIR1268B	0	0	0
GAA	0	0	0
EIF4A3	0	0	0
CARD14	0	22	0
SGSH	773	10	787
SLC26A11	621	1	622
RNF213	5511	25	5727
RNF213-AS1	2	240	3
ENDOV	309	0	309
MIR4730	0	0	0
NPTX1	11570	16	11554
RPTOR	3029	17	3172
LOC105371922	0	0	0
LOC101928855	0	0	0
LOC124904076	20	1	19
LOC124904075	43	144	45
LOC400627	1	15	0
CHMP6	215	0	215
LOC124904077	105	0	105
LOC124904078	4	4	0
BAIAP2-DT	233	3	230
BAIAP2	605	2	607
AATK	89	8	86
MIR657	0	0	0
MIR3065	0	0	0
MIR338	0	0	0
LOC124904079	3	0	4
MIR1250	0	0	0
LOC124904080	12	0	12
PVALEF	3	3	0
CEP131	553	0	553
TEPSIN	145	1	624
TEPSIN-AS1	9	314	0
LOC124904081	6	112	0
NDUFAF8	975	1	974
SLC38A10	3846	19	3827
LOC124904082	5	2	3
LINC00482	133	0	133
TMEM105	22	1	21
RENO1	59	0	59
LOC124904083	0	0	0
LINC03048	0	0	0
BAHCC1	143	0	143
MIR4740	0	0	0
MIR3186	0	0	0
LOC124904084	0	0	0
LINC01971	0	0	0
ACTG1	2	0	2
FSCN2	39	0	39
FAAP100	920	79	857
LOC124904085	19	399	29
NPLOC4	3413	15	3792
TSPAN10	140	0	141
PDE6G	14	0	14
OXLD1	1176	1	1175
CCDC137	1052	4	1048
ARL16	448	4	447
HGS	3495	19	3479
MIR6786	0	0	0
MRPL12	2975	1	2974
SLC25A10	2206	4	2202
LOC105371929	17	0	17
LOC105376789	0	0	0
GCGR	0	0	0
MCRIP1	0	0	0
PPP1R27	0	0	0
P4HB	20765	7	20758
LOC124904086	21	32	21
ARHGDIA	4560	6	4586
ALYREF	1486	3	2309
ANAPC11	940	828	938
PCYT2	679	8	706
NPB	0	33	2
SIRT7	733	1	732
MAFG	1246	14	1354
MAFG-AS1	0	109	0
MILIP	34	1	46
PYCR1	2704	1	2703
MYADML2	2	2	0
NOTUM	45	1	44
LOC124904087	0	0	0
LOC105371939	0	0	0
ASPSCR1	841	0	841
CENPX	1488	1	1487
LRRC45	864	0	864
RAC3	132	0	132
DCXR	773	2	771
DCXR-DT	1	0	1
RFNG	610	1	697
GPS1	3549	92	3549
DUS1L	2173	11	2166
FASN	20366	15	20351
SNORD134	1	0	1
CCDC57	1065	10	1055
SLC16A3	14737	9	17121
MIR6787	0	0	0
CSNK1D	3565	2742	3221
LOC124904089	58	0	63
LINC01970	23	0	23
CD7	17	0	17
SECTM1	1195	3	1192
TEX19	27	0	27
UTS2R	1	1	0
LOC124904092	5	5	0
OGFOD3	227	63	463
LOC124904090	4	138	2
HEXD	363	144	405
HEXD-IT1	2	2	0
LOC124904091	1	0	1
CYBC1	1426	13	1436
NARF-AS2	34	23	41
NARF	1051	7	1074
TRX-CAT1-8	0	0	0
FOXK2	1384	0	1727
FOXK2-AS1	11	354	0
WDR45B	2644	2	2642
RAB40B	191	3	188
MIR4525	0	0	0
LOC124904093	0	0	0
LOC101929552	0	0	0
FN3KRP	825	4	821
FN3K	56	0	56
TBCD	819	10	982
ZNF750	0	0	0
LOC124904096	1	164	0
LOC124904095	1	0	1
QTGAL	16	2	24
LOC124904094	0	0	0
METRNL	229	1	228
LOC101930496	0	0	0
LOC101929650	0	0	0
LOC124904105	0	0	0
LOC105371948	0	0	0
LOC100505909	0	0	0
RPL23AP87	0	0	0
MGC70870	0	0	0
LOC105379281	0	0	0
LINC02564	0	0	0
LOC124904234	0	0	0
LOC105371950	0	0	0
TUBB8B	2	0	2
ROCK1P1	8	0	8
MIR8078	0	0	0
LOC105371951	0	0	0
USP14	1959	32	1973
THOC1	614	18	642
COLEC12	0	0	0
LOC107985155	0	0	0
LINC01925	0	0	0
CETN1	0	0	0
CLUL1	1	8	1
LOC105371952	1	0	1
TYMSOS	24	689	140
TYMS	147	132	2620
ENOSF1	1189	1816	1186
YES1	1263	2	1261
LOC124904340	0	0	0
ADCYAP1	0	0	0
LINC01904	0	0	0
LOC107985165	0	0	0
LOC105371953	25	4	21
LINC00470	46	0	46
LOC105371954	19	0	19
LOC105371960	0	0	0
LOC105371959	0	0	0
LOC105371958	0	0	0
LOC105371957	0	0	0
LOC105371956	0	0	0
LOC105371961	0	0	0
LOC124904235	0	0	0
METTL4	266	0	266
LOC124904380	0	0	0
NDC80	568	0	568
CBX3P2	17	0	17
SMCHD1	1277	0	1277
EMILIN2	1	1	0
LPIN2	883	0	883
CHORDC1P4	1	0	1
LPIN2-AS2	0	0	0
LOC124904236	2	0	2
LOC124900407	0	0	0
MYOM1	99	2	99
MYL12A	1094	2	3351
MYL12-AS1	21	4024	3
MYL12B	3705	3	5426
LINC01895	100	0	100
TGIF1	2704	9	2707
LOC124904237	10	20	2
LOC105371965	0	0	0
GAPLINC	3	0	3
DLGAP1	0	2	0
LOC124904373	0	0	0
DLGAP1-AS1	192	0	192
DLGAP1-AS2	42	0	42
DLGAP1-AS6	15	0	17
LOC124904368	0	0	0
LOC124904238	0	0	0
DLGAP1-AS3	0	0	0
MIR6718	0	0	0
DLGAP1-AS4	0	0	0
LOC124904239	0	0	0
DLGAP1-AS5	0	0	0
LOC105371968	0	0	0
LINC01892	0	0	0
AKAIN1	0	0	0
LOC124904341	0	0	0
LINC00526	24	0	24
LINC00667	244	1	243
ZBTB14	207	0	207
LOC107985144	0	0	0
LOC105371970	0	0	0
EPB41L3	5	0	5
LOC107985145	0	0	0
MIR3976HG	0	0	0
MIR3976	0	0	0
TMEM200C	0	0	0
LOC121725015	0	0	0
L3MBTL4	0	0	0
L3MBTL4-AS1	0	0	0
LOC124904240	0	0	0
MIR4317	0	0	0
LINC01387	0	0	0
LOC105371972	0	0	0
LOC107985176	0	0	0
ARHGAP28-AS1	0	7	3
ARHGAP28	287	3	294
LINC00668	29	0	29
LAMA1	1694	0	2048
LOC101927188	3	357	0
LRRC30	0	0	0
LOC105371973	0	0	0
LOC105371974	0	0	0
LOC124900409	0	0	0
LOC105371975	0	0	0
LOC112577592	0	0	0
LOC105371976	0	0	0
PTPRM	1168	2	1166
LOC124904242	0	0	0
LOC124904381	0	0	0
LOC107985119	0	0	0
LOC100192426	0	0	0
LOC124904241	12	0	12
RAB12	283	5	408
RAB12-AS1	3	133	0
GACAT2	0	0	8
MTCL1	468	9	467
LOC124904243	0	0	0
NDUFV2	1184	0	1184
NDUFV2-AS1	15	11	4
ANKRD12	163	0	163
LOC124904369	0	0	0
TWSG1-DT	1	0	1
TWSG1	312	0	312
LOC105371980	0	0	0
RALBP1	856	1	855
PPP4R1	1078	8	1074
PPP4R1-AS1	0	0	4
LINC02856	0	0	0
LOC124904244	1	0	1
RAB31	2802	2	2800
LOC105371981	2	0	2
TXNDC2	6	0	6
LOC105371982	2	2	0
LOC124904245	6	1	8
VAPA	2305	4	2304
LOC124904246	0	0	0
LOC105371983	0	0	0
LOC105371984	0	0	0
LOC124904247	0	0	0
LOC105371985	0	0	0
LOC105371986	0	0	0
LOC105371989	0	0	0
LOC124904370	0	0	0
LINC01254	0	0	0
LOC105371988	0	0	0
APCDD1	0	0	0
NAPG	309	0	309
LOC124904248	0	0	0
LINC01887	0	0	0
LOC107987262	0	0	0
LOC101927410	1	1	0
PIEZO2	2422	1	2421
MIR6788	0	0	0
LOC124904249	12	0	12
LOC105371993	0	0	0
LOC107985173	0	0	0
LOC124904250	0	0	0
LOC105371995	0	0	0
LINC01928	0	0	0
LINC01255	0	0	0
SLC35G4	0	0	0
MIR7153	0	0	0
GNAL	319	224	613
CHMP1B	1513	12	1501
LOC124904251	26	3	32
LOC124904252	8	45	6
MPPE1	298	275	489
LOC101927511	7	3	4
IMPA2	4004	1	4003
ANKRD62	0	0	0
C18orf61	0	0	0
LOC124904253	0	0	0
CIDEA	0	0	0
LOC105371996	0	0	0
TUBB6	2723	353	2726
AFG3L2	616	28	1143
LOC107985154	4	187	1
PRELID3A	51	0	51
LOC105371998	3	60	4
SPIRE1	343	5	399
LOC124904371	0	0	0
PSMG2	644	1	644
CEP76	175	1	175
LINC01882	2	0	2
PTPN2	372	1	371
SEH1L	461	0	461
CEP192	659	2	657
LOC124904254	0	0	0
LOC124904255	0	0	0
LDLRAD4	3	3	0
C18orf15	0	0	0
LDLRAD4-AS1	0	0	0
MIR5190	0	0	0
LDLRAD4-AS3	0	0	0
MIR4526	0	0	0
FAM210A	418	0	418
RNMT	890	0	890
MC5R	0	0	0
MC2R	0	0	0
LOC124904257	0	0	0
ZNF519	77	0	77
ANKRD20A5P	0	0	0
CYP4F35P	0	0	0
LOC105372003	0	0	0
CXADRP3	0	0	0
POTEC	0	0	0
LOC105372004	0	0	0
GTF2IP8	0	0	0
LOC105372006	0	0	0
LOC105372005	0	0	0
LOC105372007	0	0	0
ANKRD30B	0	0	0
LOC105372008	0	0	0
MIR3156-2	0	0	0
LINC01906	0	0	0
LOC105372010	0	0	0
LINC01443	0	0	0
LINC01444	0	0	0
LOC644669	0	0	0
ROCK1	797	0	797
LOC107985161	0	0	0
GREB1L-DT	0	0	0
GREB1L	329	2	329
GREB1L-AS1	0	2	0
LOC124900410	0	0	0
ESCO1	410	0	410
SNRPD1	875	2	873
ABHD3	480	0	480
MIR320C1	0	0	0
MIB1	722	1	721
LOC124900411	0	0	0
LOC124904362	0	0	0
MIR133A1HG	0	0	0
MIR133A1	0	0	0
MIR1-2	0	0	0
LOC105372016	0	0	0
LINC01900	0	0	0
LOC124904259	0	0	0
GATA6-AS1	18	0	18
GATA6	282	1	281
LOC105372017	0	0	0
LOC105372018	0	0	0
LOC124904367	0	0	0
LOC101927548	0	0	0
LOC105372019	4	0	4
CTAGE1	0	0	0
LOC124904261	0	0	0
LOC124904260	0	0	0
LOC124904265	0	0	0
LOC124904262	2	0	2
LOC124904264	7	4	3
RBBP8-AS1	1	0	6
LOC124904263	0	0	0
LOC124904378	0	0	0
RBBP8	842	5	842
MIR4741	0	0	0
LOC124904266	0	0	0
CABLES1	611	4	609
SLC35D4	160	1	161
RIOK3	877	0	877
RMC1	233	124	341
NPC1	1195	137	1290
ANKRD29	207	0	207
LAMA3	1144	0	1144
LINC02958	28	3	25
TTC39C	851	4	862
TTC39C-AS1	11	23	3
CABYR	32	26	13
OSBPL1A	850	1	877
MIR320C2	0	0	0
LOC124904267	0	0	0
LOC124904268	6	26	1
IMPACT	281	0	281
HRH4	0	0	0
LOC105372026	0	0	0
LINC01915	0	0	0
LOC105372027	0	0	0
LOC105372028	0	0	0
LOC105372029	0	0	0
LINC01894	1	0	1
LOC107985141	0	0	0
ZNF521	148	0	148
LOC124904269	0	0	0
LOC124904270	0	0	0
LOC105372031	0	0	0
LOC124904271	0	0	0
SS18	1188	1	1187
PSMA8	0	0	0
TAF4B	143	0	143
LOC107985142	0	0	0
LINC01543	1	0	1
LOC124904274	0	0	0
KCTD1	272	1	290
LOC124904273	0	18	1
MIR8057	0	0	0
LOC102725227	2	4	3
PCAT18	1	4	2
LOC124904272	0	0	0
LOC105372035	0	0	0
AQP4	0	0	0
AQP4-AS1	0	0	0
CHST9	0	0	0
LOC124904275	0	0	0
LOC105372036	0	0	0
LINC01908	0	0	0
LOC105372038	0	0	0
LOC105372040	0	0	0
LOC105372041	0	0	0
LOC107985126	0	0	0
LOC105372042	0	0	0
CDH2-AS1	0	0	2
CDH2	0	2	0
LOC105372043	0	0	0
LOC124904343	0	0	0
LINC02879	2	0	2
LOC105372044	0	0	0
LOC105372045	0	0	0
LOC124904344	20	0	20
MIR302F	0	0	0
LOC105372046	0	0	0
LOC105372047	0	0	0
DSC3	0	0	0
LOC124904345	0	0	0
DSC2	662	2	660
DSCAS	2	0	3
DSC1	0	1	0
LOC105372049	0	0	0
LOC124904346	0	0	0
DSG1	0	0	0
DSG1-AS1	0	0	0
DSG4	0	0	0
DSG3	0	0	0
DSG2	1847	1	2059
DSG2-AS1	0	213	0
TTR	0	0	0
LOC124904277	0	0	0
B4GALT6	17	3	14
SLC25A52	0	0	0
TRAPPC8	488	2	486
RNF125	173	0	173
LOC124904278	0	5	1
RNF138	310	1	315
LOC124904366	0	0	0
MEP1B	0	0	0
GAREM1	181	0	181
WBP11P1	0	0	0
KLHL14	0	0	0
LOC112268208	0	0	0
LOC105372055	0	0	0
LOC105372058	0	0	0
LOC107985186	0	0	0
CCDC178	0	0	0
LOC105372059	0	0	0
ASXL3	0	0	0
LOC124904347	0	0	0
NOL4	0	0	0
LOC124904279	0	0	0
LOC124904280	0	0	0
DTNA	109	0	121
LOC124904281	0	0	0
DTNA-AS1	0	12	0
LOC105372061	0	0	0
LOC124904282	0	0	0
MAPRE2	178	0	178
ZNF397	197	32	192
ZSCAN30	174	12	189
ZNF271P	136	0	136
ZNF24	985	3	1011
LOC124904283	0	28	1
ZNF396	0	0	0
LOC105372063	0	0	0
LOC124904284	3	0	3
ZNF24TR	2	0	2
INO80C	181	2	179
GALNT1	991	1	1189
MIR3975	0	0	0
LOC105372065	0	0	0
LOC124904285	0	0	0
LOC105372064	17	216	0
MIR187	0	0	0
MIR3929	0	0	0
LOC105372066	0	0	0
RMP24	206	0	206
RPRD1A	1050	1	1049
SLC39A6	1684	0	1684
ELP2	1569	58	1581
COSMOC	4	26	56
MOCOS	1220	1	1227
LOC124904286	33	0	33
FHOD3	29	41	0
LOC105372071	0	0	0
TPGS2	1172	2	1182
KIAA1328	75	0	75
LOC105372069	0	0	0
LOC124904287	2	0	2
CELF4	2	2	0
LOC105372068	0	0	0
SNORA111	0	0	0
LOC124904288	0	0	0
LOC124904289	0	0	0
LOC107985118	0	0	0
MIR4318	0	0	0
LOC102724417	0	0	0
LOC105372073	0	0	0
LOC105372074	0	0	0
LOC112268212	0	0	0
LOC124904338	0	0	0
LOC105372076	0	0	0
LOC105372077	0	0	0
MIR924HG	53	0	54
LOC101927879	0	1	0
MIR924	0	0	0
LOC101927857	2	2	0
MIR5583-2	0	0	0
MIR5583-1	0	0	0
LINC01901	0	0	0
LINC01902	0	0	0
LOC124904349	0	0	0
LOC105372081	0	0	0
LINC01477	0	0	0
LOC105372082	0	0	0
LOC107985132	0	0	0
LOC124904364	0	0	0
LOC105372084	0	0	0
LOC107985168	0	0	0
KC6	0	0	0
LOC105372083	0	0	0
LOC105372085	0	0	0
PIK3C3	653	0	653
LOC124904350	0	0	0
LINC00907	1	0	1
LOC124904351	0	0	0
RIT2	0	0	0
SYT4	0	0	0
LOC105372088	0	0	0
LOC105372087	0	0	0
LINC01478	0	0	0
LOC124904291	0	0	0
LINC01601	0	0	0
LOC124904290	0	0	0
LOC105372089	0	0	0
SETBP1-DT	4	0	4
SETBP1	81	0	81
MIR4319	0	0	0
LOC105372091	0	0	0
LOC101927961	0	0	0
SLC14A2	1	0	1
SLC14A2-AS1	0	0	0
LOC105372093	0	0	0
LOC105372092	0	0	0
SLC14A1	1	1	0
EPG5	414	0	414
SIGLEC15	0	0	0
PSTPIP2	1	0	1
ATP5F1A	9241	2	9239
TRK-CTT6-1	0	0	0
HAUS1	326	0	326
ARK2N	411	2	409
ARK2C	241	0	243
LOC105372095	0	0	0
LOC124904293	0	2	0
LOXHD1	0	0	0
LOC105372096	0	0	0
ST8SIA5	1	0	1
ST8SIA5-DT	6	6	0
PIAS2	475	0	475
LOC124904294	0	0	0
KATNAL2	65	15	71
ELOA2	0	0	0
LOC105372098	10	13	17
HDHD2	271	4	268
IER3IP1	487	2	485
SKOR2	0	0	0
LOC124904295	0	0	0
MIR4527HG	0	0	0
MIR4527	0	0	0
LOC105372100	0	0	0
SMAD2	1792	0	1792
LOC124904297	6	1	5
LOC105372101	0	0	0
ZBTB7C	11	5	6
ZBTB7C-AS1	0	0	0
ZBTB7C-AS2	0	0	0
LOC124904352	0	0	0
LOC124904353	2	2	0
CTIF	0	0	0
MIR4743	0	0	0
LOC105372107	0	0	0
LOC107985147	0	0	0
LOC105372106	0	0	0
CTIF-AS1	0	0	0
LOC124904355	0	0	0
SMAD7	358	2	356
LOC105372108	5	0	5
DYM-AS1	1	0	1
DYM	434	0	434
MIR4744	0	0	0
LOC124904298	0	0	0
C18orf32	12	0	12
RPL17-C18orf32	0	0	0
MIR1539	0	0	0
RPL17	12	0	12
SNORD58C	11	0	11
SNORD58A	7	0	7
SNORD58B	0	0	0
LINC02837	0	0	0
LIPG	0	0	0
LOC105372112	0	0	0
LOC112268210	0	0	0
ACAA2	1893	0	1893
SNHG22	4	98	2
SCARNA17	4	0	4
MYO5B	539	2	633
LOC124904299	0	0	0
MIR4320	1	0	1
CFAP53	49	0	49
LOC124904300	26	0	26
MBD1	1001	1	1000
CXXC1	1766	0	1766
LOC124904301	0	0	0
LOC105372114	0	0	0
SKA1	0	0	0
LOC105372115	0	0	0
MAPK4	375	0	375
LOC124904302	1	0	1
LOC105372116	0	0	0
MRO	15	0	15
ME2	969	1	968
ELAC1	32	0	49
LOC107985152	9	23	3
LOC124904303	7	0	7
SMAD4	723	5	718
MEX3C	269	0	269
LINC01630	0	0	0
LOC124904365	0	0	0
LOC105372120	0	0	0
LOC105372121	0	0	0
DCC	0	0	0
MIR4528	0	0	0
LOC124904305	0	0	0
LOC124904304	0	0	0
LINC01919	0	0	0
LINC01917	0	0	0
MBD2	1304	3	1301
SNORA37	0	0	0
LOC124904306	0	0	0
LOC124904307	0	0	0
POLI	125	0	125
STARD6	0	0	0
C18orf54	85	0	85
DYNAP	0	0	0
LOC124904308	0	0	0
RAB27B	498	0	498
CCDC68	182	0	182
LOC107985125	0	0	0
LINC03035	0	0	0
LINC01929	0	0	0
TCF4	1	0	1
TCF4-AS1	0	0	0
MIR4529	0	0	0
LOC105372126	0	0	0
LOC105372130	0	0	0
LINC01415	0	0	0
LOC107985183	0	0	0
LOC105372131	0	0	0
LINC01416	0	0	0
LINC03092	0	0	0
LINC03069	0	0	0
LINC01905	0	0	0
LOC124904363	0	0	0
LINC01539	0	0	0
LOC105372132	0	0	0
LOC105372135	0	0	0
TXNL1	619	0	619
WDR7	150	0	150
WDR7-OT1	1	0	1
LOC105372136	0	0	0
LINC-ROR	0	0	0
BOD1L2	0	0	0
LINC02565	0	0	0
ST8SIA3	0	0	0
ONECUT2	256	0	256
FECH	497	0	497
NARS1	2433	0	2433
ATP8B1-AS1	36	0	43
ATP8B1	8	17	2
LOC105372141	16	0	20
LOC124904310	1	0	1
LOC105372140	4	0	4
LINC01897	0	0	0
NEDD4L	530	0	530
LOC105372143	0	0	0
MIR122HG	0	0	0
MIR122	0	0	0
MIR3591	0	0	0
ALPK2	334	1	333
ALPK2-AS1	0	0	0
SNORA108	0	0	0
LINC03110	0	0	0
MALT1-AS1	9	56	10
MALT1	867	1	923
LOC105372146	0	0	0
LINC01926	0	0	0
LOC124900406	0	0	0
ZNF532	439	1	438
OACYLP	1	0	1
SEC11C	183	0	183
GRP	0	0	0
RAX	0	0	0
CPLX4	0	0	0
LMAN1	3776	2	3774
LOC107985156	0	0	0
CCBE1	3	0	3
PMAIP1	695	1	694
LOC105372151	0	0	0
LOC105372152	0	0	0
LINC03111	0	0	0
LOC105372155	0	0	0
MC4R	0	0	0
LOC124904313	0	0	0
LOC105372156	0	0	0
CDH20	0	0	0
LOC124904314	0	0	0
LOC105372157	0	0	0
LINC01544	0	0	0
LOC124904315	0	0	0
RNF152	0	0	0
LOC105372159	0	0	0
LOC112268209	0	0	0
PIGN	627	0	627
RELCH	497	0	497
TNFRSF11A	198	0	198
ZCCHC2	335	1	334
PHLPP1	360	3	357
LOC105372160	0	0	0
LOC105372161	0	0	0
BCL2	213	0	213
KDSR	914	1	927
LOC124904317	7	0	7
KDSR-DT	8	17	5
VPS4B	544	3	603
LOC124904316	1	62	0
SERPINB5	2788	2	2787
SERPINB12	12	0	12
SERPINB13	2	0	2
SERPINB4	24	0	24
SERPINB3	129	1	128
SERPINB11	0	0	0
LOC124904318	0	0	0
SERPINB7	3	0	3
LOC124904356	0	0	0
SERPINB2	4	0	4
SERPINB10	0	0	0
HMSD	0	0	0
LOC105372165	0	12	0
SERPINB8	123	0	135
LINC00305	0	0	0
LINC01924	0	0	0
LOC124904357	0	0	0
LINC01538	0	0	0
LOC105372166	0	0	0
LOC105372167	0	0	0
LOC107985178	0	0	0
LOC101927404	0	0	0
LOC105372168	0	0	0
LINC01916	0	0	0
LOC105372169	0	0	0
CDH7	0	0	0
LOC105372170	0	0	0
CDH19	0	0	0
LOC124904320	0	0	0
MIR5011	0	0	0
DSEL	0	0	0
DSEL-AS1	0	0	0
LOC105372174	0	0	0
LOC105372173	0	0	0
LOC105372172	0	0	0
LINC01903	0	0	0
LINC01912	0	0	0
TMX3	602	0	602
CCDC102B	7	0	7
LOC107985134	0	0	0
LOC107985136	0	0	0
DOK6	0	0	0
LOC105372179	0	0	0
LOC107985138	0	0	0
CD226	10	0	10
RTTN	387	0	387
LOC105372180	0	0	0
LOC124904321	0	0	0
LOC107985158	0	0	0
SOCS6	473	1	472
LINC01909	5	2	6
LIVAR	1	1	3
LINC01910	0	0	0
LOC105376872	0	0	0
GTSCR1	0	0	0
LOC124904322	0	0	0
LOC105372185	0	0	0
LOC105372188	0	0	0
LOC105372187	0	0	0
LOC107985179	0	0	0
LINC01541	0	0	0
LOC105372186	0	0	0
LINC01899	0	0	0
LOC105376873	0	0	0
LOC102725148	0	0	0
LOC105372189	0	0	0
CBLN2	0	0	0
NETO1	0	0	0
MIR548AV	0	0	0
NETO1-DT	0	0	0
LINC02864	113	0	113
LINC02582	18	0	18
LOC105372190	0	0	0
LOC105372191	0	0	0
LOC124904358	0	0	0
FBXO15	0	0	0
TIMM21	426	0	426
CYB5A	1	0	1
C18orf63	0	0	0
LINC01922	0	0	0
DIPK1C	0	0	0
CNDP2	786	0	786
CNDP1	1	0	1
LOC124904324	0	0	0
ZNF407-AS1	62	0	62
ZNF407	158	0	158
LOC124904323	0	0	0
LOC124904325	0	0	0
LOC124904326	0	0	0
LOC105376874	0	0	0
PTGR3	385	0	385
TSHZ1	136	0	136
LOC105372200	0	0	0
SMIM21	0	0	0
LOC124900405	0	0	0
LOC107985177	0	0	0
LOC105372201	0	0	0
LOC105372202	0	0	0
LINC01898	0	0	0
LOC105372203	0	0	0
LOC124904339	0	0	0
LOC105372204	0	0	0
LOC339298	0	0	0
LOC124904360	0	0	0
LOC105372206	0	0	0
LINC01893	0	0	0
LOC105372210	0	0	0
LOC105372209	0	0	0
LOC105372211	0	0	0
ZNF516	0	0	0
ZNF516-AS1	0	0	0
ZNF516-DT	0	0	0
LINC00908	0	0	0
LINC00683	0	0	0
LINC01927	0	0	0
LOC107985151	0	0	0
LOC105372212	0	0	0
LINC01879	0	0	0
LOC105372213	0	0	0
LOC124904327	0	0	0
ZNF236-DT	5	0	5
ZNF236	198	0	198
LOC105372214	0	0	0
MBP	152	1	152
MBP-AS1	0	1	0
LOC124904328	1	0	1
LOC124904329	0	0	0
GALR1	0	0	0
LOC107985171	0	0	0
LOC107985172	0	0	0
LOC107985129	0	0	0
LINC01029	0	0	0
LOC105372219	0	0	0
LOC105372220	0	0	0
LOC105372221	0	0	0
LOC124904330	0	0	0
LOC105372224	0	0	0
LINC01896	0	0	0
SALL3	0	0	0
LOC105372225	0	0	0
ATP9B	264	0	264
LOC124904331	0	0	0
LOC105372226	0	0	0
LOC124904332	0	0	0
LOC107985149	1	0	1
NFATC1	62	0	67
LOC124904333	0	0	0
LOC124904334	1	0	1
LOC101927897	0	5	0
LOC107985162	0	0	0
LOC102723506	0	0	0
LOC284240	0	0	0
LOC124904335	0	0	0
LOC105372228	0	0	0
CTDP1-DT	0	0	0
CTDP1	230	1	229
KCNG2	2	2	0
SLC66A2	493	0	493
LOC124904336	9	0	9
HSBP1L1	455	1	455
TXNL4A	1035	0	1036
RBFA	297	0	297
RBFADN	3	0	3
ADNP2	386	0	386
PARD6G-AS1	9	0	9
PARD6G	80	69	11
LOC124904337	0	0	0
WASH5P	38	0	38
LOC105376912	0	0	0
MIR1302-11	0	0	0
FAM138F	0	0	0
OR4F17	0	0	0
LINC01002	0	0	0
LOC101928344	2	0	2
LOC107985295	0	0	0
PLPP2	1891	2	1889
LOC124904605	1	1	0
MIER2	530	0	530
SPMAP2	0	0	0
LOC124904606	0	0	0
C2CD4C	20	0	20
LOC124904607	0	0	0
SHC2	0	0	0
CIMAP1D	2	0	2
LOC124904608	6	1	5
MADCAM1	3	3	0
MADCAM1-AS1	5	272	8
TPGS1	156	3	428
CDC34	1272	1	1271
GZMM	1	0	1
BSG-AS1	47	115	124
BSG	29945	98	30039
HCN2	857	15	1461
LOC107987266	14	621	12
POLRMT	2616	56	2747
LOC105372234	90	160	120
FGF22	3	1	2
RNF126	1459	1	1458
FSTL3	19330	15	19315
PRSS57	3	0	3
PALM	1042	0	1042
MISP	2425	0	2425
LOC101928450	76	22	58
LINC01836	152	1	155
PTBP1	7746	6	7740
MIR4745	0	0	0
PLPPR3	10	1	10
MIR3187	0	1	0
AZU1	0	0	0
PRTN3	0	0	0
ELANE	2	0	2
CFD	6	2	4
MED16	372	133	239
RNU6-9	0	0	0
R3HDM4	861	0	861
KISS1R	0	0	0
ARID3A	275	0	275
WDR18	1050	0	1050
GRIN3B	10	187	0
TMEM259	4035	4	4208
RNU6-2	1	0	1
CNN2	2391	0	2391
ABCA7	2910	1	2909
ARHGAP45	1027	146	948
POLR2E	3142	28	3181
GPX4	5942	2	5940
SBNO2	84	2	98
LOC102723798	8	19	0
LOC102725180	14	9	7
STK11	84	31	70
CBARP	230	1	263
CBARP-DT	0	17	0
ATP5F1D	4088	3	4085
LOC102723811	5	3	2
MIDN	1723	0	1723
LOC107985303	19	4	28
LOC105372236	8	27	3
CIRBP-AS1	79	33	46
CIRBP	1395	138	1259
FAM174C	889	1	888
EFNA2	50	1	49
PWWP3A	1101	1	1100
TRF-GAA1-6	0	0	0
TRN-GTT2-6	0	0	0
NDUFS7	1805	23	1782
GAMT	1279	0	1279
DAZAP1	2783	5	2778
RPS15	11299	4	11295
APC2	651	601	53
C19orf25	212	0	215
PCSK4	161	0	161
REEP6	1180	1	1179
ADAMTSL5	314	0	411
LOC124904609	9	106	0
LOC107985337	0	0	0
PLK5	3	0	3
MEX3D	339	1	338
MBD3	2000	0	2000
UQCR11	1408	1	1407
TCF3	1528	0	1528
ONECUT3	1	0	1
LOC101928543	0	0	0
ATP8B3	276	0	276
REXO1	582	3	659
MIR1909	0	0	0
LOC100288123	12	92	0
KLF16	637	0	637
ABHD17A	1463	1	1462
SCAMP4	963	0	963
ADAT3	178	0	178
LOC105372238	0	2	0
CSNK1G2	1828	2	1834
CSNK1G2-AS1	0	6	0
BTBD2	1415	51	1732
LOC124904610	80	384	64
LOC107985278	7	0	7
MKNK2	2802	4	2798
MOB3A	739	5	736
IZUMO4	19	2	19
AP3D1	2880	1	2880
DOT1L	1646	74	1971
DOT1L-AS1	0	136	0
PLEKHJ1	592	228	619
MIR1227	0	0	0
MIR6789	0	0	0
SF3A2	1265	2	1263
AMH	370	0	370
MIR4321	0	0	0
JSRP1	9	1	8
LOC105372240	0	0	0
OAZ1	9702	12	9690
PEAK3	0	0	0
LINGO3	0	0	0
LOC101928572	0	0	0
LSM7	437	0	437
SPPL2B	1013	0	1013
TMPRSS9	5	44	0
LOC124904612	11	0	21
TIMM13	1188	2	1215
LMNB2	2128	1	2127
MIR7108	0	0	0
LINC01775	0	0	0
GADD45B	562	0	562
LOC124904614	0	0	0
GNG7	7	0	7
LOC124904789	0	0	0
MIR7850	0	0	0
DIRAS1	309	0	309
SLC39A3	763	2	761
SGTA	1408	2	1406
THOP1	2869	2	2867
ZNF554	127	0	127
ZNF555	101	0	101
ZNF556	72	0	72
ZNF57	145	5	140
ZNF77	86	0	86
TLE6	719	0	719
TLE2	2544	2	2542
TLE5	6264	10	6254
LOC105372242	0	0	0
GNA11	1100	0	1100
LOC124904615	0	0	0
GNA15	4	0	4
GNA15-DT	3	0	3
S1PR4	16	6	10
NCLN	2543	3	2540
CELF5	17	0	21
LOC105372244	0	4	0
NFIC	1896	0	1896
SMIM24	3	2	1
SMIM44	0	0	0
LOC105372246	0	66	0
DOHH	199	0	334
LOC105372245	1	70	0
FZR1	934	25	917
LOC124904617	13	8	6
MFSD12	4747	10	4949
TEKTIP1	290	494	1
LOC124904618	47	952	38
HMG20B	3868	37	4785
GIPC3	532	9	523
TBXA2R	271	2	269
CACTIN-AS1	19	318	88
CACTIN	344	142	588
PIP5K1C	815	0	815
TJP3	645	20	636
APBA3	366	9	368
LOC105372248	0	0	0
MRPL54	236	0	236
RAX2	0	0	0
MATK	1085	0	1085
ZFR2	0	0	0
ATCAY	0	0	0
NMRK2	1	1	0
DAPK3	911	1	910
MIR637	3	0	3
EEF2	56163	32	56131
SNORD37	0	0	0
PIAS4	667	2	665
ZBTB7A	585	3	582
MAP2K2	3350	3	3347
CREB3L3	2	0	2
SIRT6	417	0	417
ANKRD24	15	0	15
EBI3	10	0	10
YJU2	391	0	391
SHD	2	0	2
TMIGD2	0	0	0
FSD1	3	0	3
STAP2	0	0	0
MPND	134	1	135
SH3GL1	2174	25	2151
CHAF1A	2099	1520	2139
UBXN6	179	72	1682
MIR4746	0	0	0
HDGFL2	1162	8	1158
PLIN4	2073	22	2055
PLIN5	22	3	19
LRG1	839	0	840
SEMA6B	59	2	57
LOC105372249	0	0	0
TNFAIP8L1	244	8	236
MYDGF	3287	2	3285
DPP9	1054	6	1488
DPP9-AS1	16	376	0
LOC105372250	1	78	5
TRG-TCC1-1	0	0	0
TRV-CAC3-1	0	0	0
MIR7-3HG	0	0	0
MIR7-3	0	0	0
LOC124904620	1	0	1
FEM1A	735	1	735
TICAM1	1005	1	1004
PLIN3	4189	2	4187
ARRDC5	1	0	1
UHRF1	1752	6	1746
MIR4747	0	0	0
KDM4B	907	2	905
PTPRS-AS1	0	0	0
PTPRS	2246	2	2244
LOC105372253	0	0	0
LOC105372252	0	0	0
ZNRF4	0	0	0
LOC124904622	0	0	0
TINCR	1220	3	1217
SAFB2	1351	3	1350
SAFB	2460	4	2458
LOC107985320	9	8	1
MICOS13	431	0	431
HSD11B1L	58	0	58
RPL36	1663	46	1667
LONP1	5318	19	5349
CATSPERD	0	0	0
PRR22	41	0	41
DUS3L	471	0	471
NRTN	82	0	82
FUT6	0	0	0
FUT3	0	0	0
LOC101928844	0	0	0
FUT5	0	0	0
NDUFA11	6	0	6
VMAC	0	0	0
CAPS	6	2	6
RANBP3	1039	0	1041
RANBP3-DT	5	1	4
RFX2	138	0	138
RFX2-AS1	0	0	0
LOC105372255	1	0	1
ACSBG2	7	6	1
MLLT1	2201	3	2198
ACER1	0	0	0
CLPP	1772	4	1768
ALKBH7	593	3	596
PSPN	11	5	11
GTF2F1	1756	6	1750
MIR6885	0	0	0
MIR6790	0	0	0
LOC390877	0	0	0
KHSRP	4804	4	4800
MIR3940	0	0	0
SLC25A41	40	1	39
SLC25A23	2839	8	2831
CRB3	9	0	10
DENND1C	33	7	27
TUBB4A	0	0	0
TNFSF9	2923	0	2923
CD70	1338	0	1338
TNFSF14	9	0	9
C3	11689	6	11683
GPR108	2037	0	2037
MIR6791	0	0	0
TRIP10	2234	10	2230
LOC124904623	12	9	7
SH2D3A	427	21	408
VAV1	240	2	238
ADGRE1	8	0	8
LOC105372256	0	0	0
ADGRE4P	0	0	0
MARK2P21	0	0	0
LOC112268245	0	0	0
MBD3L2B	0	0	0
MBD3L5	0	0	0
MBD3L4	0	0	0
MBD3L2	0	0	0
MBD3L3	0	0	0
ZNF557	134	4	130
LOC124904625	15	0	15
INSR	405	0	405
LOC124904626	0	0	0
ARHGEF18	1357	198	1284
ARHGEF18-AS1	6	0	6
PEX11G	31	3	156
SAXO5	48	28	23
ZNF358	806	0	806
LOC105372261	2	205	2
MCOLN1	1030	12	1223
PNPLA6	1958	9	1949
CAMSAP3	510	0	510
MIR6792	0	0	0
XAB2	1513	1	1513
STXBP2	1318	2	1316
PET100	11	5	11
PCP2	12	9	14
RPS27AP19	0	0	0
RETN	0	0	0
MCEMP1	2	2	0
TRAPPC5	1140	3	1138
FCER2	0	0	0
LOC105372262	0	0	0
CLEC4G	0	0	0
CD209	0	0	0
CLEC4M	0	0	0
LOC105372263	0	0	0
CLEC4GP1	0	0	0
LOC124904628	0	0	0
EVI5L	925	0	925
PRR36	5	0	5
LYPLA2P2	0	0	0
LRRC8E	385	8	377
LOC124904630	0	0	0
MAP2K7	608	1	607
TGFBR3L	58	9	49
SNAPC2	153	1	152
CTXN1	382	7	662
LOC124904629	1	298	7
TIMM44	703	0	720
ELAVL1	1784	0	1784
LOC105372266	20	0	20
CCL25	0	0	0
FBN3	7	0	7
CERS4	31	0	31
LOC107985282	0	0	0
CD320	1955	1	1954
NDUFA7	657	0	657
RPS28	4194	9	4238
KANK3	22	48	27
ANGPTL4	2890	8	2883
RAB11B-AS1	18	227	57
LOC124904632	67	5	62
MIR4999	1	0	1
RAB11B	1168	38	1395
MARCHF2	225	0	225
HNRNPM	5133	1	5132
PRAM1	3	0	3
ZNF414	276	1	275
MYO1F	19	0	19
LOC124904633	4	0	4
ADAMTS10	714	5	709
NFILZ	0	0	0
ACTL9	0	0	0
OR2Z1	0	0	0
ZNF558	0	0	0
MBD3L1	0	0	0
MUC16	0	0	0
OR1M1	2	0	2
OR7G2	0	0	0
OR7G1	0	0	0
OR7G3	0	0	0
ZNF317	393	0	393
OR7D2	1	0	1
OR7E24	0	0	0
OR7D4	0	0	0
ZNF699	21	0	21
ZNF559	40	0	40
ZNF559-ZNF177	0	0	0
ZNF177	0	0	0
LOC112268250	1	0	1
ZNF266	519	0	519
LOC105372269	2	0	2
ZNF560	0	0	0
LOC105372268	0	0	0
ZNF426	60	0	60
ZNF426-DT	6	0	6
ZNF121	602	0	602
LOC105376914	0	0	0
ZNF561	333	0	333
ZNF561-AS1	25	0	26
ZNF562	458	11	448
ZNF812P	0	0	0
LOC105372270	0	0	0
ZNF846	49	0	49
LOC100505555	0	0	0
LOC124904635	0	0	0
FBXL12	443	2	441
LOC124900430	1	0	1
UBL5	731	0	731
PIN1-DT	1	1	0
PIN1	937	2	935
OLFM2	159	1	158
LOC124904636	0	0	0
COL5A3	12	0	12
RDH8	0	0	0
MIR5589	0	0	0
C3P1	1	1	0
SHFL	258	3	428
ANGPTL6	20	172	21
PPAN	102	0	102
PPAN-P2RY11	0	0	0
SNORD105	0	0	0
SNORD105B	0	0	0
P2RY11	0	0	0
EIF3G	2125	36	2395
DNMT1	4183	4	4179
S1PR2	106	0	106
MIR4322	0	0	0
MRPL4	1402	2	1409
LIMASI	1	11	0
ICAM1	1198	3	1545
ICAM4-AS1	2	352	2
ICAM4	0	0	3
ICAM5	862	0	862
FDX2-ZGLP1	0	0	0
ZGLP1	0	0	0
FDX2	0	0	0
RAVER1	1955	3	1952
ICAM3	223	56	167
TYK2	1937	4	1933
CDC37	2751	1	2750
MIR1181	0	0	0
PDE4A	216	0	216
KEAP1	1096	0	1096
S1PR5	122	0	122
ATG4D	551	46	645
MIR1238	0	0	0
KRI1	1120	95	1165
CDKN2D	117	0	117
AP1M2	310	0	310
SLC44A2	2555	0	2555
ILF3-DT	131	16	115
ILF3	6771	0	6771
QTRT1	783	2	781
DNM2	3250	5	3553
MIR638	0	0	0
LOC124904637	1	258	0
MIR4748	0	0	0
MIR199A1	1	1	0
MIR6793	0	0	0
TMED1	676	188	539
C19orf38	15	0	15
HIKESHIP2	0	0	0
CARM1	1033	183	1263
YIPF2	372	239	546
TIMM29	289	0	289
SMARCA4	3363	7	3356
LDLR-AS1	4	85	3
LDLR	1628	6	1706
MIR6886	0	0	0
SPC24	712	0	712
KANK2	1754	1	1753
DOCK6	459	3	461
DOCK6-AS1	11	6	6
ANGPTL8	1	4	0
TSPAN16	0	0	0
TSPAN16-AS1	4	0	4
RAB3D	357	0	357
TMEM205	838	1	838
CCDC159	25	0	26
PLPPR2	1100	0	1100
SWSAP1	51	2	49
EPOR	568	5	563
RGL3	507	0	507
ODAD3	16	633	16
PRKCSH	4957	1	5590
ELAVL3	0	0	0
ZNF653	120	0	120
MIR7974	0	0	0
ECSIT	855	0	855
CNN1	0	0	0
ELOF1	724	0	724
ACP5	2	1	2
LOC124904638	1	0	2
ZNF627	124	0	124
HNRNPA1P10	19	9	10
ZNF833P	14	0	14
ZNF823	61	0	61
ZNF441	27	0	27
LOC124904639	0	0	0
ZNF491	0	0	0
ZNF440	78	0	78
ZNF439	1	0	1
ZNF69	0	0	0
ZNF700	304	0	304
ZNF763	4	0	4
ZNF433-AS1	0	0	0
ZNF433	0	0	0
ZNF878	0	0	0
ZNF844	0	0	0
ZNF788P	0	0	0
ZNF625-ZNF20	0	0	0
ZNF20	0	0	0
ZNF625	0	0	0
ZNF136	91	0	91
LOC100289333	4	1	4
ZNF44	169	3	167
ZNF563	0	0	0
ZNF442	0	0	0
ZNF799	72	0	72
ZNF443	80	0	80
ZNF709	1	0	1
ZNF564	72	0	72
LINC02926	1	0	1
ZNF490	58	0	58
ZNF791	291	0	329
LOC105372279	1	38	1
MAN2B1	1770	0	1770
WDR83	162	1156	249
WDR83OS	169	13	1192
DHPS	1176	116	1267
GNG14	5	5	0
FBXW9	287	0	287
TNPO2	1636	3	1633
SNORD135	0	0	0
SNORD41	0	0	0
TRIR	2378	2	2376
GET3	2162	0	2162
BEST2	4	3	1
HOOK2	692	2518	693
MIR5684	0	0	0
JUNB	9471	11	11979
PRDX2	7128	7	7122
THSD8	7	4	4
RNASEH2A	1910	0	1910
RTBDN	30	18	44
RTBDN-AS1	20	20	31
MAST1	193	3	191
MIR6794	0	0	0
DNASE2	2122	1	2122
KLF1	0	0	0
GCDH	400	1	402
SYCE2	51	17	37
MIR5695	0	0	0
FARSA	2962	4	3571
FARSA-AS1	2	613	2
CALR	15475	11	15464
MIR6515	0	0	0
RAD23A	1532	22	1999
GADD45GIP1	1747	471	1765
DAND5	2	0	2
NFIX	11	0	11
NFIX-AS1	0	0	0
LYL1	0	0	0
LOC105372282	0	0	0
TRMT1	1727	2	1727
NACC1	2767	8	2761
STX10	1374	4	1370
IER2	8455	6	8449
CACNA1A	12	3	9
LOC107985287	0	0	0
LOC105372284	0	0	0
YJU2B	602	1	601
MRI1	1418	2	1416
C19orf53	1771	0	1771
ZSWIM4	0	0	0
LOC107985334	0	0	0
MIR23AHG	4	0	4
MIR24-2	0	0	0
MIR27A	0	0	0
MIR23A	0	0	0
NANOS3	0	0	0
MIR181C	0	0	0
MIR181D	0	0	0
BRME1	0	0	0
CC2D1A	0	0	0
PODNL1	0	0	0
DCAF15	0	0	0
RFX1	0	0	0
RLN3	0	0	0
IL27RA	0	0	0
PALM3	0	0	0
MISP3	0	0	0
MIR1199	0	0	0
C19orf67	0	0	0
SAMD1	0	0	0
PRKACA	0	0	0
SMIM46	0	0	0
LOC124904642	0	0	0
ASF1B	0	0	0
ADGRL1-AS1	0	0	0
ADGRL1	4	0	4
LINC01841	0	0	0
LINC01842	0	0	0
ADGRE5	2256	0	2256
DDX39A	1987	2	1985
PKN1	2124	2	2122
PTGER1	1	0	1
GIPC1	2053	2	2051
DNAJB1	1894	1	1895
TECR	3131	3	3130
MIR639	0	0	0
NDUFB7	1191	0	1191
CLEC17A	0	0	0
ADGRE3	0	0	0
SNORA104	141	2	139
ZNF333	27	46	29
ADGRE2	105	3	150
OR7C1	0	0	0
OR7A5	0	0	0
OR7A10	0	0	0
OR7A17	0	0	0
OR7C2	0	0	0
SLC1A6	0	0	0
TEKTL1	0	0	0
CASP14	19	0	19
OR1I1	0	0	0
SYDE1	1437	3	1434
HACL2	895	5	890
ILVBL-AS1	6	6	0
NOTCH3	11	0	11
MIR6795	0	0	0
EPHX3	5	0	5
BRD4	1103	0	1103
LOC124904643	4	91	5
AKAP8	694	1	785
AKAP8L	990	1	989
WIZ	1119	2	1117
MIR1470	0	0	0
RASAL3	0	0	0
PGLYRP2	0	0	0
CYP4F22	0	0	0
LOC124904644	0	0	0
CYP4F8	0	0	0
CYP4F3	0	0	0
CYP4F12	92	0	92
OR10H2	0	0	0
OR10H3	0	0	0
CYP4F24P	0	0	0
OR10H5	0	0	0
OR10H1	0	0	0
LOC124900418	0	0	0
UCA1	1	0	1
CLEC4OP	0	0	0
CYP4F2	0	0	0
CYP4F11	0	0	0
OR10H4	0	0	0
LOC105372291	0	0	0
LINC00661	0	0	0
LINC00905	0	0	0
LINC01855	0	0	0
TPM4	2432	12	2420
RAB8A	1173	0	1501
HSH2D-AS1	3	331	0
HSH2D	15	0	15
CIB3	0	0	0
FAM32A	881	0	881
AP1M1	1045	0	1045
KLF2-DT	0	0	0
KLF2	139	0	139
EPS15L1	546	0	546
CALR3	0	0	0
C19orf44	101	585	149
CHERP	856	57	1432
SLC35E1	1003	0	1003
LOC105372295	4	23	5
MED26	240	3	261
LOC105372296	8	0	8
SMIM7	483	0	483
LOC124904647	6	0	6
TMEM38A	49	0	49
NWD1	2	2	0
LOC124904648	0	0	0
SIN3B	1442	1	1441
F2RL3	4	0	4
CPAMD8	10	0	10
HAUS8	283	0	283
MYO9B	1147	3	1144
SNORA118	0	0	0
USE1	259	0	259
OCEL1	426	0	426
NR2F6	3434	8	3426
USHBP1	2	0	2
BABAM1	1533	2	1531
ANKLE1	49	0	49
ABHD8	356	82	505
MRPL34	1514	177	1568
DDA1	1258	1	1259
ANO8	870	3	869
GTPBP3	803	4	799
PLVAP	2	0	2
LOC105372298	0	0	0
CCDC194	32	0	32
BST2	6939	1	6938
BISPR	91	0	91
MVB12A	817	0	817
TMEM221	0	0	0
NXNL1	1	1	0
SLC27A1	362	17	386
PGLS-DT	3	600	12
PGLS	661	2	1227
NIBAN3	2	0	2
COLGALT1	4014	4	4010
UNC13A	193	0	193
MAP1S	919	2	1007
FCHO1-AS1	0	90	2
FCHO1	276	0	276
B3GNT3	62	1	61
INSL3	3	0	3
JAK3	264	2	262
RPL18A	18870	5	18865
SNORA68	26	0	26
SLC5A5	3	2	1
CCDC124	1257	4	1253
KCNN1	35	5	30
ARRDC2	704	0	704
IL12RB1	3	0	3
MAST3	420	0	476
LOC124904650	0	56	0
PIK3R2	2959	1	2958
IFI30	6024	1	6023
MPV17L2	524	1	524
RAB3A	65	0	66
LOC102725254	1	0	1
PDE4C	17	1	16
CIST1	0	0	0
IQCN	35	0	35
JUND	3257	30	3227
MIR3188	0	0	0
LOC124904652	20	0	20
LOC124904653	9	2	7
LSM4	2697	11	3668
LOC105372300	13	986	10
LOC124904654	8	0	8
PGPEP1	312	0	312
GDF15	891	0	891
MIR3189	13	0	13
LRRC25	0	0	0
SSBP4	1729	4	1810
ISYNA1	67	83	69
ELL	422	1	421
FKBP8	5367	4	5363
KXD1	1223	0	1223
UBA52	8550	3	8547
REX1BD	566	8	558
CRLF1	689	6	683
TMEM59L	91	0	91
KLHL26	291	0	291
CRTC1	198	0	198
COMP	0	0	0
UPF1	2274	0	2274
CERS1	5	0	5
GDF1	0	0	0
COPE	2494	3	2491
DDX49	941	0	941
HOMER3	1115	5	1120
HOMER3-AS1	1	9	2
SUGP2	2080	45	2082
ARMC6	571	8	610
LOC124904655	3	3	0
SLC25A42	104	0	104
TMEM161A	957	1	956
BORCS8-MEF2B	0	0	0
MEF2B	2	0	2
BORCS8	52	0	52
RFXANK	608	119	751
NR2C2AP	254	146	366
NCAN	0	0	0
HAPLN4	0	0	0
TM6SF2	0	0	0
SUGP1	463	0	463
MAU2	932	2	931
LOC124904656	0	27	1
GATAD2A	1214	3	1238
MIR640	0	0	0
TSSK6	57	1	56
NDUFA13	1505	2	1503
YJEFN3	198	0	198
CILP2	22	0	22
PBX4	58	0	58
LPAR2	170	0	170
GMIP	363	0	363
ATP13A1	2747	3	2744
ZNF101	156	3	154
ZNF14	46	0	47
LOC101060187	0	0	0
LINC00663	9	0	9
ZNF56P	4	0	4
ZNF506	6	6	0
LOC124904664	0	0	0
ZNF253	0	0	0
ZNF93	0	0	0
LOC124904665	0	0	0
ZNF682	0	0	0
LOC105372308	0	0	0
LOC105372309	0	0	0
ZNF90	0	0	0
LOC105372310	4	4	0
LOC124904662	0	0	0
LOC124904667	0	0	0
ZNF486	0	0	0
LOC102724427	0	0	0
LOC105372314	0	0	0
LOC124904660	0	0	0
ZNF826P	0	0	0
MIR1270	0	0	0
LOC124904663	0	0	0
LOC105372317	0	0	0
LOC105372316	0	0	0
ZNF737	1	0	1
LOC105372318	0	0	0
ZNF626	12	0	12
LOC105372319	0	0	0
ZNF66	2	0	2
ZNF85	0	0	0
LOC112268247	0	0	0
ZNF430	57	0	57
ZNF714	187	0	187
ZNF431	247	0	247
ZNF708	33	0	33
ZNF738	134	0	134
ZNF493	63	0	63
LOC105372321	0	0	0
LINC00664	0	0	0
ZNF429	1	0	1
LOC124904670	0	0	0
LOC101929007	0	0	0
LOC105372323	0	0	0
LOC400682	0	0	0
ZNF100	0	0	0
CCNYL6	0	0	0
ZNF43	0	0	0
LOC105372324	0	0	0
LOC105372326	0	0	0
LOC105372325	0	0	0
ZNF208	2	0	2
LOC124904672	0	0	0
LOC112268248	0	0	0
ZNF257	2	0	2
ZNF676	0	0	0
ZNF729	0	0	0
LOC105372330	0	0	0
ZNF98	0	0	0
LOC105376917	0	0	0
LOC101929124	0	0	0
LINC01233	0	0	0
LOC105372331	0	0	0
GOLGA2P9	0	0	0
LOC100996349	0	0	0
LINC01785	0	0	0
ZNF492	0	0	0
ZNF99	0	0	0
ZNF723	0	0	0
LOC105372332	0	0	0
ZNF728	0	0	0
LINC01859	0	0	0
LINC01858	0	0	0
ZNF730	0	0	0
ZNF724	0	0	0
IPO5P1	0	0	0
ZNF91	118	0	118
LOC124904675	0	0	0
LOC124904674	0	0	0
LOC107985285	0	0	0
LINC01224	0	0	0
LOC105372335	0	0	0
LOC105372334	0	0	0
LOC105372337	1	0	1
LOC105372338	57	1	56
LOC105372339	0	0	0
ZNF675	145	0	145
ZNF681	0	0	0
RPSA2	2198	0	2198
LOC124904677	0	0	0
ZNF726	5	0	5
ZNF276-AS1	0	0	0
ZNF254	93	0	93
LINC03085	3	0	3
HAVCR1P1	0	0	0
LOC124904678	0	0	0
LOC105372345	6	0	6
LINC00662	40	23	58
LINC02987	83	18	106
LOC105372348	0	0	0
LOC105372347	0	0	0
LOC105372346	0	0	0
LOC100420587	0	0	0
LOC105372349	0	0	0
LOC124904681	0	0	0
ERVE-5	1	0	1
LOC124904679	0	0	0
LOC124904797	0	0	0
LINC00906	0	0	0
LOC102724958	0	0	0
LINC01532	0	0	0
LOC124904682	0	0	0
UQCRFS1	2277	1	2276
UQCRFS1-DT	0	0	0
VSTM2B-DT	0	0	0
LOC124904683	0	0	0
VSTM2B	0	0	0
POP4	555	0	555
LOC105372353	15	0	15
PLEKHF1	139	0	139
C19orf12	288	0	288
LOC107985345	0	0	0
CCNE1	591	0	591
URI1	1051	0	1051
LOC107985271	0	0	0
ZNF536	0	0	0
ZNF536-AS1	0	0	0
LOC105372354	0	0	0
LINC01834	0	0	0
LOC105372355	0	0	0
LOC124900621	0	0	0
LOC105372356	0	0	0
LOC105372358	0	0	0
TSHZ3	0	0	0
LINC01791	0	0	0
TSHZ3-AS1	0	0	0
LOC124904794	0	0	0
LINC02841	0	0	0
LINC03103	0	0	0
LOC105372361	0	0	0
LOC105372362	0	0	0
LINC01837	0	0	0
LOC105372364	0	0	0
LINC01533	0	0	0
LOC105376899	0	0	0
LINC01782	0	0	0
LOC124904688	0	0	0
ZNF507	478	3	475
LOC124904689	0	0	0
DPY19L3-DT	8	0	8
DPY19L3	328	0	328
PDCD5	706	2	704
ANKRD27	573	1	572
SNORA68B	0	0	0
RGS9BP	6	0	6
NUDT19-DT	9	68	25
NUDT19	298	17	366
LOC124904690	11	2	10
TDRD12	0	0	0
SLC7A9	1	0	1
CEP89	179	0	179
FAAP24	125	0	126
RHPN2	438	1	438
GPATCH1	216	1	215
WDR88	2	17	2
LOC124904691	6	0	23
TRT-AGT1-3	0	0	0
LRP3	547	0	551
SLC7A10	0	4	0
CEBPA	1223	3	1220
CEBPA-DT	7	0	7
CEBPG	656	0	656
PEPD	713	1	909
LOC124904692	3	200	0
LOC105372370	0	0	0
LOC100996681	0	0	0
CHST8	0	0	0
KCTD15	976	7	969
LOC124904693	0	0	0
SUNO1	0	0	0
LOC105372371	0	0	0
LSM14A	58	0	58
GARRE1	140	0	140
GPI	881	0	881
PDCD2L	0	0	0
LOC124904695	0	0	0
UBA2	0	0	0
WTIP	0	0	0
ZNF807P	0	0	0
LOC105372374	0	0	0
SCGB1B2P	2	0	2
SCGB2B2	3	0	3
SCGB2B3P	0	0	0
ZNF302	149	4	149
ZNF181	121	12	109
LOC124904698	0	0	0
ZNF599	16	0	16
LOC124904696	0	0	0
LINC01801	0	0	0
LINC02965	0	0	0
LINC03049	0	0	0
LINC00904	0	0	0
LINC01838	0	0	0
ZNF30-AS1	0	0	0
ZNF30	41	0	41
ZNF792	63	0	65
LOC124904699	0	2	0
LOC124904700	0	0	0
GRAMD1A	2171	1	2170
SCN1B	21	0	21
HPN	1	0	1
HPN-AS1	0	4	0
LOC124904701	8	0	12
FXYD3	101	0	102
MIR6887	0	0	0
LGI4	23	3	23
FXYD1	3	2	1
FXYD7	0	0	0
FXYD5	2556	5	2553
LOC105372379	0	0	0
FAM187B	0	0	0
LSR	351	4	347
LOC105372380	1	0	1
USF2	1710	0	1710
HAMP	0	0	0
MAG	7	0	7
CD22	24	0	24
MIR5196	0	0	0
FFAR1	1	0	1
FFAR3	0	0	0
GPR42	0	0	0
LINC01531	1	0	1
LOC101927522	2	0	2
FFAR2	1	0	1
KRTDAP	0	0	0
LOC124904703	0	0	0
DMKN	11	0	11
SBSN	0	0	0
GAPDHS	66	124	0
TMEM147-AS1	65	935	122
TMEM147	1023	1	1956
ATP4A	0	0	0
LOC124904704	0	0	0
PMIS2	0	0	0
LINC01766	0	0	0
HAUS5-DT	0	0	0
HAUS5	683	0	683
RBM42	1742	1	1741
ETV2	17	0	17
COX6B1	1930	1	1929
UPK1A	4	0	4
UPK1A-AS1	1	0	1
ZBTB32	16	11	5
KMT2B	1183	1	1189
IGFLR1	165	7	165
U2AF1L4	161	1	162
PSENEN	508	2	508
LIN37	138	0	138
HSPB6	7	0	7
PROSER3	277	0	277
ARHGAP33	82	0	82
TEX14BP	0	0	0
PRODH2	0	0	0
NPHS1	10	0	10
KIRREL2	0	0	0
LOC107985317	0	0	0
APLP1	747	0	760
LOC124904705	0	13	0
NFKBID	132	2	132
HCST	5	0	7
TYROBP	0	0	0
LRFN3	224	0	224
LOC105372383	0	0	0
SDHAF1	329	0	329
SYNE4	9	5	4
ALKBH6	462	0	462
LOC101927572	3	4	10
CLIP3	33	10	36
THAP8	67	2	65
WDR62	942	2	940
OVOL3	8	2	6
POLR2I	226	8	283
TBCB	826	71	820
LOC105372385	5	6	0
CAPNS1	4087	2	4088
COX7A1	0	2	0
ZNF565	34	3	36
ZNF146	1125	6	1211
LOC107985304	1	87	0
LOC124904707	382	1	381
CYKILR	4	0	4
LINC00665	18	0	18
ZFP14	25	0	25
ZFP82	49	0	49
ACOT4P1	0	0	0
ZNF566	98	0	98
ZNF566-AS1	34	0	34
ZNF260	237	0	237
ZNF529	162	13	154
ZNF529-AS1	22	5	22
ZNF382	7	0	7
ZNF461	4	0	4
ZNF567	67	4	65
ZNF567-DT	1	0	3
ZNF850	14	2	12
LOC728485	0	0	0
ZNF790-AS1	0	0	0
ZNF790	0	0	0
ZNF345	0	0	0
ZNF829	17	0	17
ZNF568	11	0	11
ZNF420	102	0	102
LOC105372390	5	0	5
ZNF585A	0	0	0
ZNF585B	0	0	0
ZNF383	115	0	115
LINC01535	0	0	0
LOC284412	4	0	4
ZNF875	134	0	134
ZNF527	30	0	30
ZNF569	40	0	40
ZNF570	2	0	2
ZNF793-AS1	0	0	0
ZNF793	0	0	0
LOC124904708	0	0	0
ZNF571-AS1	2	4	0
ZNF540	9	0	9
ZNF571	15	0	17
ZFP30	27	0	27
ZNF781	0	0	0
ZNF607	87	0	87
ZNF573	8	0	8
LOC105372394	4	4	0
LOC644554	0	0	0
WDR87BP	0	0	0
LOC105372395	0	0	0
WDR87	0	0	0
LOC107985301	0	0	0
SIPA1L3	533	0	533
LOC105372396	0	0	0
SNORD152	0	0	0
DPF1	51	4	47
PPP1R14A	0	0	0
SPINT2	68	2	66
YIF1B	1364	448	1398
C19orf33	0	35	447
KCNK6	6	0	6
CATSPERG	1	0	1
LOC124904798	0	0	0
PSMD8	1498	1	1497
GGN	29	25	4
SPRED3	60	0	60
FAM98C	192	0	193
RASGRP4	0	1	0
RYR1	7	0	7
LOC124904710	0	0	0
MAP4K1	0	0	2
MAP4K1-AS1	0	2	0
EIF3K	0	0	0
ACTN4	0	0	0
LOC107985291	0	0	0
CAPN12	0	0	0
LOC124904711	0	0	0
LGALS7	0	0	0
LGALS7B	0	0	0
LGALS4	0	0	0
ECH1	8	0	8
LOC124904712	0	0	0
HNRNPL	0	0	0
RINL	0	0	0
SIRT2	0	0	0
NFKBIB	0	0	0
CCER2	0	0	0
SARS2	0	0	0
MRPS12	0	0	0
LOC124904713	2	0	2
FBXO17	0	0	0
FBXO27	58	0	58
ACP7	0	0	0
PAK4	1300	3	1297
PAK4-AS1	1	1	0
LOC124904716	0	0	0
NCCRP1	65	1	64
SYCN	0	0	0
LOC124904717	0	0	0
IFNL3	0	0	0
IFNL4	0	0	0
IFNL2	0	0	0
IFNL1	0	0	0
LRFN1	0	0	0
GMFG	0	0	0
SAMD4B	1292	2	1297
PAF1	1221	8	1220
MED29	728	0	728
ZFP36	1861	3	1858
MIR4530	0	0	0
TRI-TAT1-1	0	0	0
PLEKHG2	535	1	534
RPS16	13815	6	13809
SUPT5H	3066	0	3066
SNORD175	2	0	2
TIMM50	1181	0	1181
LOC124904718	17	0	17
DLL3	31	0	31
SELENOV	0	0	0
EID2B	117	0	117
EID2	549	11	538
LOC105372399	0	0	0
LGALS13	0	0	0
LOC100129935	0	0	0
LGALS16	0	0	0
LGALS17A	0	0	0
LGALS14	0	0	0
CLC	0	0	0
LEUTX	0	0	0
LOC124904719	0	0	0
DYRK1B	0	0	0
MIR6719	0	0	0
FBL	0	0	0
FCGBP	0	0	0
LOC124904722	0	0	0
LOC124904720	0	0	0
PSMC4	0	0	0
ZNF546	0	0	0
ZNF780B	0	0	0
ZNF780A	0	0	0
MAP3K10	543	3	540
TTC9B	13	13	0
CCNP	15	0	15
AKT2	2202	3	2199
LOC107985289	5	0	5
MIR641	5	0	5
C19orf47	362	1	362
PLD3	2836	0	2837
MIR6796	0	0	0
HIPK4	0	0	0
PRX	176	0	176
SERTAD1	278	0	278
SERTAD3	460	0	469
SERTAD3-AS1	1	10	0
BLVRB	1774	1	1773
SPTBN4	11	1	10
SHKBP1	1548	0	1548
LTBP4	2607	1	2606
NUMBL	738	3	735
COQ8B	688	2	688
ITPKC	268	2	268
ACTMAP	441	0	442
SNRPA	2298	5	2294
MIA	2	0	2
MIA-RAB4B	0	0	0
RAB4B-EGLN2	0	0	0
RAB4B	0	0	0
EGLN2	5	0	5
CYP2T1P	1	1	0
CYP2A6	6	6	0
CYP2A7	0	0	0
CYP2G1P	0	0	0
CYP2B7P	0	0	0
CYP2B6	0	0	0
CYP2A13	0	0	0
CYP2F1	0	0	0
LOC124904790	1	1	0
CYP2S1	396	1	395
AXL	1731	1	1730
HNRNPUL1	4849	10	4935
LOC105372401	13	95	17
CCDC97	745	4	744
TGFB1	1091	2	1089
B9D2	47	4	93
TMEM91	26	47	29
EXOSC5	757	0	757
BCKDHA	2078	2	2076
B3GNT8	3	2	1
DMAC2	582	5	577
ERICH4	0	0	0
LOC107985329	0	0	0
PCAT19	0	0	0
LINC01480	0	0	0
CEACAM21	0	0	0
LOC105372404	0	0	0
CEACAM4	0	0	0
LOC105372405	0	0	0
CEACAM7	0	0	0
CEACAM5	0	0	0
CEACAM6	0	0	0
LOC112268252	0	0	0
CEACAM3	0	0	0
LYPD4	0	0	0
DMRTC2	0	0	0
RPS19	14025	4	14021
MIR6797	2	0	2
CD79A	1	0	1
ARHGEF1	1282	1	1284
ERFL	6	3	6
RABAC1	1094	1	1093
ATP1A3	11	0	11
GRIK5	19	0	19
ZNF574	404	0	404
POU2F2	3	0	3
LNROP	0	0	0
MIR4323	0	0	0
POU2F2-AS2	0	0	0
DEDD2	646	3	643
ZNF526	301	1	300
GSK3A	1390	43	1347
ERF	1663	1	1662
CIC	1675	0	1675
PAFAH1B3	251	28	739
PRR19	55	488	83
TMEM145	0	0	0
MEGF8	1267	5	1262
MIR8077	0	0	0
CNFN	75	1	75
LOC101930071	0	0	3
LIPE-AS1	32	0	35
LIPE	2	12	1
CXCL17	2	1	1
CEACAM1	66	14	60
LOC105372407	1	0	1
CEACAM8	0	0	0
PSG3	0	0	0
PSG8	0	0	0
PSG8-AS1	0	0	0
PSG10P	1	0	1
PSG1	6	0	6
PSG6	0	0	0
PSG7	0	0	0
PSG11	0	0	0
PSG2	0	0	0
PSG11-AS1	0	3	0
PSG5	8	0	11
PSG4	17	0	17
LOC284344	0	0	0
PSG9	2	0	2
LINC03078	33	3	30
PRG1	0	0	0
CD177	114	0	114
TEX101	0	0	0
LYPD3	2504	3	2501
PHLDB3	189	0	189
ETHE1	715	2	715
ZNF575	19	3	18
XRCC1	555	0	594
PINLYP	2	40	1
IRGQ	466	0	466
ZNF576	243	0	243
ZNF428	94	9	297
SRRM5	19	140	23
LOC105372411	0	31	3
CADM4	126	1	149
PLAUR	1136	10	1370
LOC124904724	7	238	13
LOC105372412	13	0	13
IRGC	1	1	0
SMG9	611	1	610
KCNN4	986	0	986
LYPD5	0	0	0
ZNF283	150	0	150
ZNF404	9	1	8
LOC100505715	5	0	5
ZNF45-AS1	2	13	0
ZNF45	137	1	147
ZNF221	101	0	101
ZNF155	38	9	76
ZNF230-DT	2	42	9
ZNF230	105	0	105
ZNF222-DT	0	0	0
ZNF222	55	0	55
ZNF223	34	0	34
ZNF284	42	0	42
ZNF224	97	4	284
ZNF225-AS1	2	189	4
ZNF225	77	2	75
ZNF234	69	0	69
ZNF226	253	0	253
ZNF227	73	10	88
LOC124904726	10	21	14
ZNF233	7	4	3
ZNF235	35	0	35
ZNF112	50	0	50
ZNF285	0	0	0
ZNF229	0	0	0
ZNF180	155	0	155
CEACAM20	1	0	1
CEACAM22P	6	0	6
IGSF23	4	1	3
PVR	1970	17	1953
MIR4531	0	0	0
CEACAM19	111	7	104
LOC107985306	5	4	1
CEACAM16-AS1	43	3	46
CEACAM16	0	6	0
BCL3	983	1	982
MIR8085	0	0	0
CBLC	0	0	0
BCAM	10	0	10
NECTIN2	1366	3	1363
TOMM40	2789	5	2784
APOE	21	0	21
APOC1	0	0	0
APOC1P1	0	0	0
APOC4	0	0	0
APOC4-APOC2	0	0	0
APOC2	0	0	0
CLPTM1	2719	2	2717
RELB	298	0	298
CLASRP	778	0	778
ZNF296	85	10	116
GEMIN7	104	41	493
GEMIN7-AS1	17	397	0
PPP1R37	473	1	472
NKPD1	8	1	7
LOC105372420	1	1	0
TRAPPC6A	186	0	186
BLOC1S3	289	1	288
EXOC3L2	0	0	0
MARK4	401	2	399
CKM	0	0	0
KLC3	16	166	22
ERCC2	644	7	809
PPP1R13L	1561	2	1559
POLR1G	51	276	312
ERCC1	710	265	982
MIR6088	0	0	0
FOSB	1404	5	1399
TRU-TCA1-1	0	0	0
RTN2	651	3	651
PPM1N	14	4	19
LOC107985314	7	15	5
VASP	2049	0	2060
LOC107985315	0	3	0
OPA3	540	1	539
GPR4	0	0	0
EML2	2613	369	2710
MIR330	0	0	0
EML2-AS1	28	99	395
GIPR	20	0	20
MIR642A	0	0	0
MIR642B	0	0	0
SNRPD2	2475	2	2473
QPCTL	1004	1	1003
FBXO46	1123	3	1120
MEIOSIN	0	0	0
SIX5	921	101	1053
DM1-AS	12	839	43
DMPK	1774	36	2370
DMWD	740	0	740
RSPH6A	0	0	0
SYMPK	2685	3	2682
FOXA3	0	0	0
IRF2BP1	933	0	933
MYPOP	155	0	155
NANOS2	0	0	0
NOVA2	0	0	0
CCDC61	115	0	115
MIR769	0	0	0
PGLYRP1	4	4	0
LOC105372421	6	0	6
IGFL4	8	8	0
IGFL2	66	107	18
IGFL3	0	0	0
LOC105372424	21	0	21
IGFL2-AS1	103	1	161
LOC93429	0	0	0
IGFL1	1	0	1
LOC124904728	0	0	0
HIF3A	2	0	2
PPP5C	1674	0	1689
PPP5C-AS1	59	74	0
CCDC8	0	0	0
PNMA8C	0	0	0
PNMA8A	0	0	0
PNMA8B	0	0	0
PPP5D1P	2	0	2
CALM3	1876	7	3400
LOC124904729	14	1526	5
PTGIR	0	14	0
GNG8	1	0	1
DACT3	3	0	3
DACT3-AS1	2	2	0
PRKD2	666	0	666
MIR320E	2	0	2
LOC107987269	4	0	4
STRN4	1912	2	1910
FKRP	167	0	167
SLC1A5	1977	28	1949
SNAR-E	0	0	0
AP2S1	1511	1	1510
LOC124904791	15	23	13
ARHGAP35	1371	0	1392
NPAS1	41	0	41
TMEM160	690	0	690
ZC3H4	734	0	734
SAE1	2189	0	2189
LOC124904730	3	0	3
BBC3	169	0	169
MIR3190	0	8	0
MIR3191	0	0	5
LOC124904731	5	0	5
CCDC9	283	0	283
INAFM1	0	0	0
C5AR1	291	0	291
C5AR2	539	0	539
DHX34	710	0	710
MEIS3	460	1	459
SLC8A2	3	0	3
KPTN	148	2	148
NAPA-AS1	6	357	36
NAPA	1045	16	1400
ZNF541	0	0	0
BICRA-AS2	4	2	11
BICRA	402	7	404
EHD2	3156	1	3155
LOC124904733	3	3	0
NOP53	4138	3	4144
SNORD23	24	0	24
NOP53-AS1	2	13	0
SELENOW	880	0	880
TPRX1	0	0	0
CRX	0	0	0
TPRX2	0	0	0
LINC01595	0	0	0
SULT2A1	0	0	0
SNAR-A12	0	0	0
SNAR-C5	0	0	0
SNAR-A1	0	0	0
SNAR-A3	0	0	0
SNAR-C2	0	0	0
SNAR-A2	0	0	0
SNAR-C4	0	0	0
SNAR-A13	0	0	0
SNAR-C3	0	0	0
SNAR-C1	0	0	0
BSPH1	0	0	0
ELSPBP1	4	0	4
CABP5	0	0	0
PLA2G4C	32	0	46
PLA2G4C-AS1	1	15	0
LIG1	1676	0	1676
LIG1-AS1	1	1	0
ZSWIM9	198	4	195
CARD8	147	9	154
LOC124904734	0	1	1
CARD8-AS1	3	12	4
ZNF114-AS1	0	0	0
ZNF114	0	0	0
ODAD1	13	20	14
LOC124904735	16	1	31
EMP3	1315	2	1313
TMEM143	286	0	286
SYNGR4	10	0	10
KDELR1	3409	8	3401
GRIN2D	663	18	645
GRWD1	1155	0	1155
KCNJ14	38	0	47
LOC105372430	0	137	0
CYTH2	767	4	891
LMTK3	179	2	177
SULT2B1	29	0	29
FAM83E	1	0	1
SPACA4	0	0	0
RPL18	10136	1	10135
SPHK2	259	1	299
DBP	416	41	416
CA11	493	0	534
SEC1P	1	42	0
NTN5	5	0	5
LOC105372431	2	0	2
FUT2	3	7	0
LOC105447645	0	0	1
MAMSTR	6	0	9
RASIP1	1855	3	1852
LOC124904737	5	5	0
IZUMO1	3	0	3
FUT1	33	0	33
FGF21	1	0	1
BCAT2	1105	1	1133
LOC105372432	4	33	0
HSD17B14	23	0	23
PLEKHA4	105	0	105
PPP1R15A	698	0	698
TULP2	0	0	0
NUCB1	3350	8	5036
NUCB1-AS1	0	1691	3
DHDH	1	0	1
BAX	738	0	738
FTL	11387	7	11380
GYS1	2395	2	2395
RUVBL2	2582	1	2581
MIR6798	0	0	0
LHB	1	1	0
SAXO3	0	2	0
LOC124904738	5	0	7
CGB3	0	0	0
SNAR-G2	0	0	0
CGB2	0	0	0
CGB1	0	0	0
SNAR-G1	0	0	0
CGB5	0	0	0
CGB8	0	0	0
CGB7	0	0	0
NTF4	0	0	0
KCNA7	0	0	0
SNRNP70	4916	20	4896
LIN7B	57	1	61
C19orf73	12	4	13
PPFIA3	389	2	387
HRC	1	0	1
TRPM4	294	0	294
LOC107985340	2	0	2
SLC6A16	121	0	122
MIR4324	1	0	1
CD37	28	37	0
TEAD2	539	0	549
DKKL1	5	2	5
LOC101928295	0	0	0
KASH5	0	0	0
LOC124904740	0	0	0
PTH2	2	0	2
GFY	19	1	18
SLC17A7	6	0	6
PIH1D1	1540	0	1551
ALDH16A1	985	14	982
FLT3LG	23	0	23
RPL13A	40852	18	40836
SNORD32A	5	0	5
SNORD33	0	0	0
SNORD34	0	0	0
SNORD35A	4	0	4
RPS11	12046	5	12041
SNORD35B	5	0	5
MIR150	0	0	0
FCGRT	1	0	1
RCN3	369	0	369
NOSIP	916	2	914
PRRG2	28	0	28
PRR12	1038	1	1037
RRAS	600	9	591
SCAF1	1918	8	1910
IRF3	1310	6	1595
BCL2L12	806	304	793
PRMT1	2456	1	2455
MIR5088	0	0	0
ADM5	27	0	27
CPT1C	96	1	95
TSKS	8	5	5
LOC105372434	0	0	2
AP2A1	2602	1	3553
MIR6799	0	0	0
LOC124904742	0	832	0
FUZ	5	127	0
LOC105372435	0	0	2
MED25	1053	10	1318
MIR6800	0	0	0
PTOV1-AS1	7	267	15
PTOV1	1056	190	2277
MIR4749	0	1	0
PTOV1-AS2	57	1354	127
PNKP	832	0	834
AKT1S1	1610	74	1608
TBC1D17	74	0	544
LOC124904743	23	442	0
MIR4750	0	0	0
IL4I1	4	0	4
NUP62	1760	1	1759
ATF5	131	170	202
MIR4751	0	0	0
SIGLEC11	0	0	0
LOC124904802	0	0	0
LOC124904745	0	0	0
SIGLEC16	1	1	0
VRK3	402	0	402
ZNF473	270	0	297
ZNF473-AS1	5	32	0
ZNF473CR	3	0	3
SNAR-A4	0	0	0
SNAR-A14	0	0	0
SNAR-A5	0	0	0
SNAR-A6	0	0	0
SNAR-A7	0	0	0
SNAR-A8	0	0	0
SNAR-A9	0	0	0
SNAR-A10	0	0	0
SNAR-A11	0	0	0
SNAR-B1	0	0	0
LOC105372436	0	0	0
SNAR-B2	0	0	0
SNAR-D	0	0	0
IZUMO2	0	0	0
LOC124904746	17	0	17
MYH14	7	0	7
KCNC3	0	0	0
LOC105372437	0	0	0
NAPSB	0	0	0
NAPSA	0	0	0
NR1H2	1542	3	1539
POLD1	2167	4	2163
SPIB	0	0	0
MYBPC2	0	0	0
GARIN5A	4	284	9
EMC10	1321	5	1607
MYREM	0	2	0
JOSD2	186	1	185
LOC124904747	0	0	0
ASPDH	9	9	0
LRRC4B	1	1	0
SNAR-F	0	0	0
SYT3	0	1	0
C19orf81	6	0	9
SHANK1	0	2	0
CLEC11A	0	0	0
GPR32	0	0	0
SMIM47	1	0	1
LOC105372439	4	0	4
ACP4	7	7	0
C19orf48P	1778	1	1782
SNORD88B	4	0	4
SNORD88A	0	0	0
SNORD88C	0	0	0
TMEM277P	7	5	7
KLK1	0	0	0
KLK15	0	0	0
LOC105372441	0	0	0
KLK3	0	0	0
KLK2	0	0	0
KLKP1	0	0	0
KLK4	0	0	0
PPIAP59	0	0	0
KLK5	0	0	0
LOC105372442	0	0	0
KLK6	0	0	0
KLK7	0	0	0
KLK8	0	0	0
KLK9	0	0	0
KLK10	0	0	0
KLK11	0	0	0
KLK12	0	0	0
KLK13	0	0	0
KLK14	4	0	4
CTU1	206	2	204
SIGLEC9	0	0	0
LOC124904749	0	0	0
SIGLEC7	0	0	0
LOC101928517	0	0	0
SIGLEC17P	0	0	0
LOC107985327	0	0	0
MIR8074	0	0	0
LOC124904751	0	0	0
CD33	2	0	2
SIGLECL1	0	0	0
LINC01872	0	0	0
LOC107985326	0	0	0
IGLON5	4	3	1
VSIG10L	53	9	59
VSIG10L-AS1	0	7	8
ETFB	2646	4	2642
CLDND2	47	2	45
NKG7	1	7	0
LOC124904752	2	0	8
LIM2	0	0	0
LIM2-AS1	0	0	0
C19orf84	1	0	1
SIGLEC10	1	2	0
SIGLEC10-AS1	0	0	1
SIGLEC8	0	0	0
CEACAM18	0	0	0
SIGLEC12	0	0	0
SIGLEC6	0	0	0
ZNF175	114	0	118
LINC01530	0	4	0
SIGLEC5	0	0	0
LOC124904753	0	0	0
SIGLEC14	0	0	0
LOC124904796	0	0	0
SPACA6	207	17	225
SPACA6-AS1	0	29	7
MIR99B	0	0	0
MIRLET7E	0	0	0
MIR125A	0	0	0
HAS1	0	0	0
LOC124904754	0	0	0
FPR1	1	0	1
FPR2	0	0	0
LOC105372448	0	0	0
FPR3	0	0	0
ZNF577	0	0	0
ZNF649-AS1	0	0	0
ZNF649	0	0	0
ZNF613	9	0	9
ZNF350-AS1	1	0	1
ZNF350	76	1	75
ZNF615	0	0	0
LOC124904755	0	3	0
ZNF614	36	0	40
LOC112268244	1	1	1
ZNF432	154	0	154
ZNF841	100	0	100
ZNF616	113	0	113
ZNF836	19	0	19
PPP2R1A	5235	3	5232
MIR6801	0	0	0
LOC105372449	2	0	2
LOC124904763	0	3	2
ZNF766	200	2	203
MIR643	0	0	0
ZNF480	168	0	168
ZNF610	0	0	0
ZNF880	0	0	0
ZNF528-AS1	0	0	0
ZNF528	0	0	0
ZNF534	0	0	0
ZNF578	0	0	0
ZNF808	19	0	19
ZNF701	0	0	0
ZNF137P	0	0	0
LOC137778871	0	0	0
ZNF83	0	0	0
LOC122539214	0	0	0
ZNF611	11	0	11
LOC124904760	0	0	0
LOC105372452	0	0	0
ZNF600	33	0	33
ZNF28	122	0	122
ZNF468	81	0	81
ZNF320	255	0	255
ZNF888	68	1	68
ZNF888-AS1	2	3	0
ZNF816-ZNF321P	0	0	0
ZNF321P	0	0	0
LOC124904761	4	4	0
ZNF816	69	0	69
ZNF702P	0	0	0
LOC105372453	0	0	0
LOC124904758	0	0	0
ERVV-1	0	0	0
ERVV-2	8	0	8
LOC124904762	0	0	0
ZNF160	238	0	238
ZNF415	0	0	0
ZNF347	0	0	0
ZNF665	0	0	0
LOC124904792	0	0	0
ZNF818P	0	0	0
ZNF677	0	0	0
VN1R2	0	0	0
VN1R4	0	0	0
FAM90A27P	0	0	0
BIRC8	0	0	0
LOC107987270	0	0	0
ZNF845	101	0	101
ZNF525	3	0	3
ZNF765-ZNF761	0	0	0
ZNF765	68	0	68
TPM3P9	94	1	93
ZNF761	5	0	5
ZNF813	0	0	0
ZNF331	327	5	322
LOC284379	0	0	0
DPRX	0	0	0
LOC107985342	0	0	0
MIR512-1	0	0	0
MIR512-2	0	0	0
MIR1323	0	0	0
MIR498	0	0	0
MIR520E	0	0	0
MIR515-1	0	0	0
MIR519E	0	0	0
MIR520F	0	0	0
MIR515-2	0	0	0
MIR519C	0	0	0
MIR1283-1	0	0	0
MIR520A	0	0	0
MIR526B	0	0	0
MIR519B	0	0	0
MIR525	0	0	0
MIR523	0	0	0
MIR518F	0	0	0
LOC107985346	0	0	0
MIR520B	0	0	0
MIR518B	0	0	0
MIR526A1	0	0	0
MIR520C	0	0	0
MIR518C	0	0	0
MIR524	0	0	0
MIR517A	0	0	0
MIR519D	0	0	0
MIR521-2	0	0	0
MIR520D	0	0	0
MIR517B	0	0	0
MIR520G	0	0	0
MIR516B2	0	0	0
MIR526A2	0	0	0
MIR518E	0	0	0
MIR518A1	0	0	0
MIR518D	0	0	0
MIR516B1	0	0	0
LOC124904765	0	0	0
MIR518A2	0	0	0
MIR517C	0	0	0
MIR520H	0	0	0
MIR521-1	0	0	0
MIR522	0	0	0
MIR519A1	0	0	0
MIR527	0	0	0
LOC124904766	0	0	0
MIR516A1	0	0	0
MIR1283-2	0	0	0
MIR516A2	0	0	0
MIR519A2	0	0	0
LOC124904767	0	0	0
MIR371A	0	0	0
MIR371B	0	0	0
MIR372	0	0	0
MIR373	0	0	0
NLRP12	0	0	0
MYADM-AS1	5	6	0
MYADM	1194	0	1195
PRKCG	18	0	18
CACNG7	1	0	1
CACNG8	34	3	31
MIR935	0	0	0
CACNG6	56	0	56
VSTM1	0	0	0
TARM1	0	0	0
OSCAR	0	0	0
NDUFA3	0	0	0
TFPT	0	0	0
PRPF31	16	1	15
PRPF31-AS1	0	0	0
CNOT3	59	0	81
LOC102724273	0	22	0
LENG1	0	0	0
TMC4	0	0	0
MBOAT7	147	1	146
TSEN34	0	0	0
RPS9	0	0	0
LILRB3	0	0	0
LOC124904768	0	0	0
LOC107985279	0	0	0
LILRA6	0	0	0
LOC107987463	0	0	0
LILRB5	0	0	0
LILRB2	0	0	0
MIR4752	0	0	0
LILRA5	0	0	0
LILRA4	0	0	0
LAIR1	2	0	2
TTYH1	0	0	0
LOC124904770	0	0	0
LENG8-AS1	6	0	6
LENG8	1	0	1
LENG9	0	0	0
CDC42EP5	0	0	0
LAIR2	0	0	0
LOC105372460	0	0	0
KIR3DX1	0	0	0
LOC105372461	0	0	0
LOC107985347	0	0	0
LILRA2	0	0	0
LILRA1	0	0	0
LILRB1	0	0	0
MIR8061	0	0	0
LILRB4	0	0	0
LILRP2	0	0	0
KIR3DL3	0	0	0
KIR2DL3	0	0	0
LOC101928804	0	0	0
KIR2DL1	0	0	0
KIR2DL4	0	0	0
KIR3DL1	0	0	0
KIR2DS4	0	0	0
KIR3DL2	0	0	0
FCAR	0	0	0
NCR1	0	0	0
NLRP7	0	0	0
NLRP2	0	0	0
GP6-AS1	0	0	0
GP6	0	0	0
RDH13	0	0	0
EPS8L1	85	0	85
PPP1R12C	948	2	946
MIR7975	0	0	0
TNNT1	1368	0	1368
TNNI3	13	0	13
DNAAF3	158	72	365
DNAAF3-AS1	15	225	69
LOC124904795	0	0	0
SYT5	0	0	0
PTPRH	306	0	306
LOC124904771	4	2	2
TMEM86B	41	0	41
PPP6R1	2090	5	2085
MIR6804	0	0	0
MIR6802	0	0	0
MIR6803	0	0	0
HSPBP1	940	0	940
BRSK1	34	0	34
TMEM150B	0	0	0
KMT5C	585	2	583
COX6B2	7	2	5
GARIN5B	4	0	4
IL11	17	0	18
TMEM190	7	8	0
TMEM238	462	3	459
RPL28	6631	11	6620
MIR6805	0	0	0
UBE2S	2255	5	2250
SNORD157	7	1	6
LOC105372462	2	0	2
SHISA7	0	0	0
ISOC2	1000	1	999
C19orf85	1	0	1
ZNF628	306	14	292
NAT14	68	1	67
SSC5D	423	5	418
SBK2	62	0	62
SBK3	34	0	34
ZNF579	801	1	800
FIZ1	455	0	456
ZNF524	276	2	275
ZNF865	478	8	470
ZNF784	80	8	72
ZNF581	247	0	247
LOC107983998	34	2	32
ZNF580	605	0	605
CCDC106	23	2	21
U2AF2	3342	4	3338
EPN1	1808	8	1806
NLRP9	0	6	0
LOC105372465	0	0	0
RFPL4A	0	0	0
RFPL4AL1	0	0	0
NLRP11	0	0	0
NLRP4	0	0	0
NLRP13	0	0	0
NLRP8	0	0	0
NLRP5	0	0	0
LINC01864	1	0	1
ZNF787	791	0	791
LOC124904773	6	0	6
LOC124904772	1	0	1
ZNF444	607	3	604
GALP	0	0	0
ZSCAN5B	0	0	0
ZSCAN5C	0	0	0
ZSCAN5A	65	1	78
LOC124904774	4	0	4
LOC124904775	1	0	1
LOC124900420	8	9	0
EDDM13	0	0	0
ZSCAN5A-AS1	0	10	0
LOC105372468	3	0	4
ZNF542P	0	0	0
ZNF582	0	0	0
ZNF582-DT	0	0	0
ZNF583	22	0	22
ZNF667	0	0	0
ZNF667-AS1	0	0	0
LOC105372471	0	0	0
LOC124904776	0	0	0
ZNF471	0	0	0
ZFP28-DT	0	0	0
ZFP28	0	0	0
ZNF470-DT	0	0	0
ZNF470	0	0	0
LOC124904777	0	0	0
ZNF71-SMIM17	0	0	0
ZNF71	32	0	32
SMIM17	0	0	0
ZNF835	0	0	0
LOC105372473	0	0	0
LOC105372472	0	0	0
ZIM2-AS1	0	0	0
ZIM2	0	0	0
PEG3	0	0	0
PEG3-AS1	0	0	0
MIMT1	0	0	0
LOC124904779	0	0	0
LOC105372475	0	0	0
USP29	0	0	0
LOC124904804	0	0	0
ZIM3	0	0	0
DUXA	0	0	0
LOC124904780	0	0	0
ZNF264	217	0	217
AURKC	9	1	8
ZNF805	125	0	125
ZNF460-AS1	5	0	6
ZNF460	23	1	23
ZNF543	59	0	59
ZNF304	177	0	177
ZNF547	45	0	45
TRAPPC2B	19	0	19
ZNF548	181	0	181
ZNF17	33	0	33
ZNF749	91	0	91
VN1R1	9	7	2
ZNF772	10	0	10
ZNF419	84	0	84
ZNF773	6	0	6
ZNF549	0	0	0
ZNF550	157	0	157
LOC124904781	0	0	0
ZNF416	59	0	59
ZIK1	0	0	0
ZNF530	107	0	107
ZNF134	114	0	114
ZNF211	95	0	95
ZSCAN4	0	0	0
ZNF551	35	0	36
ZNF154	4	5	0
LOC124904783	0	0	0
ZNF671	2	2	0
ZNF776	163	0	163
ZNF586	107	1	107
ZNF552	114	5	110
FKBP1AP1	1	1	0
ZNF587B	188	1	187
ZNF587	390	2	394
LOC124904782	1	6	0
UBE2CP5	21	1	20
ZNF814	193	66	129
ZNF417	91	0	91
ZNF418	0	0	0
ZNF256	0	0	0
C19orf18	0	0	0
ZNF606	19	0	19
ZNF606-AS1	1	0	1
VN2R19P	0	0	0
ZSCAN1	0	0	0
ZNF135	0	0	0
ZSCAN18	0	0	0
ZNF329	65	0	65
LOC124904784	0	0	0
ZNF274	304	0	304
LOC105372479	1	1	0
ZNF544	382	31	414
ZNF8-DT	44	57	51
ZNF8	296	0	296
ZNF8-ERVK3-1	10	0	10
ERVK3-1	3	3	0
LOC105372480	2	105	79
ZSCAN22	108	18	112
MIR6806	0	0	0
A1BG	1	0	3
A1BG-AS1	1	11	0
ZNF497	57	1	70
ZNF497-AS1	0	5	1
ZNF837	55	1	67
LOC124904788	6	17	2
LOC105372484	0	0	0
MIR4754	3	5	0
RPS5	3710	0	3712
MIR10394	0	0	0
RNF225	0	0	0
LINC02560	0	0	0
ZNF584	241	7	234
ZNF584-DT	199	5	194
ZNF324B	112	0	112
ZNF132	39	39	0
ZNF132-DT	7	0	7
ZNF324	223	34	189
ZNF446	123	23	106
LOC112268251	6	7	5
SLC27A5	117	6	117
LOC105372485	8	0	14
ZBTB45	403	173	230
TRIM28	7492	3	7489
MIR6807	0	0	0
CHMP2A	1443	3	1440
UBE2M	2281	15	2266
MZF1-AS1	34	185	17
MZF1	614	4	778
CENPBD2P	402	0	402
LOC107987272	21	0	21
DEFB125	0	0	0
DEFB126	0	0	0
DEFB127	0	0	0
DEFB128	0	0	0
DEFB129	0	0	0
DEFB132	0	0	0
C20orf96	0	0	0
ZCCHC3	328	10	318
NRSN2-AS1	26	0	26
SOX12	742	2	740
LOC101929937	1	2	3
NRSN2	10	2	12
TRIB3	621	0	621
RBCK1	1021	4	1017
TBC1D20	579	0	579
CSNK2A1	1523	0	1523
TCF15	0	0	0
SRXN1	776	0	941
LOC107985423	2	165	2
SCRT2	0	0	0
SLC52A3	1	0	1
FAM110A	68	0	68
ANGPT4	0	0	0
LOC124904854	0	0	0
LOC105372492	0	0	0
RSPO4	0	0	0
PSMF1	827	0	829
LOC105372493	0	0	0
LOC124904855	4	0	4
TMEM74B	10	11	1
C20orf202	14	0	14
RAD21L1	3	0	3
SNPH	127	0	127
FKBP1A-SDCBP2	0	0	0
SDCBP2	0	0	0
LOC124904856	0	6	0
SDCBP2-AS1	35	17	19
FKBP1A	1985	3	1982
MIR6869	0	0	0
LOC105372497	0	0	0
NSFL1C	708	1	707
SIRPB2	0	0	0
LOC105372499	0	0	0
LOC105372498	0	0	0
SIRPD	0	0	0
LOC107985409	0	0	0
SIRPB1	0	0	0
SIRPG	0	0	0
SIRPG-AS1	0	0	0
SIRPB3P	0	0	0
LOC124904858	0	0	0
LOC100289473	0	0	0
LOC105372501	0	0	0
LOC124904857	0	0	0
LOC102724545	0	0	0
SIRPA	15	0	15
PDYN-AS1	0	0	0
PDYN	0	0	0
STK35	520	5	515
LOC124900458	43	0	43
LOC124904859	0	0	0
LOC105372502	0	0	0
LINC03086	0	0	0
LOC124904860	0	0	0
LOC105372503	2	0	3
TGM3	0	1	0
TGM6	0	0	0
SNRPB	3611	1	3610
SNORD119	0	0	0
ZNF343	154	0	154
LOC105372504	0	0	0
TMC2	3	3	0
LOC105372505	1	0	1
NOP56	2166	2	2164
MIR1292	0	0	0
SNORD110	10	0	10
SNORA51	5	0	5
SNORD86	0	0	0
SNORD56	0	0	0
SNORD57	0	0	0
IDH3B	1248	0	1248
IDH3B-DT	0	0	0
LOC105372507	0	0	0
EBF4	6	0	6
CPXM1	2	0	3
C20orf141	13	1	13
TMEM239	26	0	26
PCED1A	650	1	650
VPS16	339	0	340
PTPRA	526	0	526
GNRH2	1	1	0
MRPS26	674	1	673
LOC101929098	0	2	0
OXT	0	0	2
AVP	0	0	0
UBOX5-AS1	3	32	0
UBOX5	96	0	125
FASTKD5	503	0	503
LZTS3	177	0	177
LOC107985414	6	4	2
DDRGK1	490	0	490
ITPA	659	14	647
SLC4A11	199	1	200
DNAAF9	10	0	10
LOC124904983	0	0	0
LOC105372508	0	0	0
LOC105372509	0	0	0
ATRN	834	0	834
GFRA4	0	0	0
ADAM33	0	0	0
SIGLEC1	4	0	4
HSPA12B	9	9	0
ADISSP	477	0	477
SPEF1	2	0	2
CENPB	2145	5	2140
CDC25B	2263	2	2261
LINC01730	2	1	1
AP5S1	164	0	164
MAVS	1524	4	1520
PANK2-AS1	9	1	15
PANK2	424	810	485
MIR103A2	0	0	2
MIR103B2	0	2	0
RNF24	704	64	1505
SMOX	422	0	423
LOC124904861	0	1	0
LINC01433	16	0	16
ADRA1D	0	0	0
LOC124904862	0	0	0
LOC105372510	0	0	0
PRNP	716	1	715
PRND	0	0	0
PRNT	0	0	0
LOC105372511	0	0	0
RASSF2	0	0	0
LOC107985392	0	0	0
SLC23A2	277	0	277
TMEM230	836	0	836
PCNA	1705	3	3309
PCNA-AS1	0	1604	3
LOC124900464	0	0	0
CDS2	405	0	405
PROKR2	0	0	0
LINC00658	0	0	0
LOC107985411	0	0	0
LOC643406	0	0	0
LOC124904863	0	0	0
LINC00654	2	0	2
LINC01729	0	0	0
GPCPD1	1022	0	1022
LOC124904864	2	1	1
LOC105372514	0	0	0
SHLD1	19	0	19
CHGB	0	0	0
TRMT6	447	0	447
MCM8	570	0	570
MCM8-AS1	16	16	0
CRLS1	554	2	552
LRRN4	1	0	1
LOC124904865	0	0	0
FERMT1	224	0	224
LOC124904866	0	0	0
CASC20	0	0	0
LINC01713	0	0	0
LOC105372517	1	0	1
BMP2	2231	8	2223
LINC01428	0	0	0
LINC01751	0	0	0
LINC01706	0	0	0
MIR8062	0	0	0
LOC105372518	0	0	0
HAO1	0	0	0
TMX4	514	0	514
TMX4-AS1	3	0	3
PLCB1	13	0	13
PLCB1-IT1	0	0	0
LOC124900459	2	0	2
LOC124904867	0	0	0
LOC124904868	0	0	0
LOC105372521	0	0	0
RNU105B	0	0	0
LOC105372522	0	0	0
PLCB4	0	0	0
LAMP5-AS1	0	0	0
LAMP5	0	0	0
PAK5	0	0	0
LOC105372523	0	0	0
LOC101929348	0	0	0
PARAL1	1	1	0
SNAP25-AS1	5	4	10
ANKEF1	205	1	204
LOC105372524	4	3	8
LOC124904959	2	0	2
SNAP25	446	2	446
MKKS	380	0	380
LOC128706665	0	0	0
LOC128706666	0	0	0
SLX4IP	109	0	109
JAG1	390	5	385
MIR6870	0	0	0
LINC01752	0	0	0
LOC107985398	0	0	0
LOC101929413	0	0	0
LINC02871	0	0	0
LOC105372527	0	0	0
LOC105372528	0	0	0
LOC124904960	0	0	0
LOC339593	0	0	0
LOC105372529	0	0	0
LOC107985384	0	0	0
LOC105372530	0	0	0
LINC00687	0	0	0
BTBD3	2946	2	3145
BTBD3-AS1	10	211	0
LOC124904869	0	0	0
LOC107985406	0	0	0
LOC124904870	0	0	0
LOC107985407	0	0	0
LOC124904871	0	0	0
LOC105372532	0	0	0
LINC01722	0	0	0
LOC102606466	0	0	0
LOC105372535	0	0	0
LINC01723	0	0	0
SPTLC3	211	0	211
TASP1	114	2	114
ISM1	23	0	25
ISM1-AS1	0	0	0
LOC124904872	0	0	0
ESF1	255	0	255
NDUFAF5	105	0	105
SEL1L2	0	0	0
MACROD2	0	0	0
FLRT3	3	0	3
LOC124904873	0	0	0
MACROD2-IT1	0	0	0
MACROD2-AS1	0	0	0
LOC613266	0	0	0
LOC124904874	0	0	0
KIF16B	145	2	143
LOC124904875	2	0	2
LOC105372541	0	0	0
LOC105372542	0	0	0
SNRPB2	590	0	590
OTOR	0	0	0
LOC105372544	0	0	0
LOC105372545	0	0	0
PCSK2	0	0	0
LOC105372546	0	0	0
BFSP1	15	0	15
DSTN	2920	3	2917
RRBP1	2275	31	2244
BANF2	0	0	0
LOC105372547	0	0	0
LOC107985440	0	0	0
LOC105372548	0	0	0
SNX5	1057	0	1193
SNORD17	7	0	7
MGME1	603	139	600
OVOL2	0	0	0
KAT14	100	0	100
PET117	0	0	0
LOC124904876	0	0	0
LOC105372551	0	0	0
ZNF133	81	0	224
ZNF133-AS1	16	159	0
LOC124904978	0	0	0
LOC107985418	0	0	0
LINC00851	0	0	0
DZANK1	23	0	27
LOC124904877	0	4	0
POLR3F	209	2	207
MIR3192	0	0	0
RBBP9	397	0	397
SEC23B	1734	0	1734
SMIM26	170	0	170
LOC124904878	0	0	0
DTD1	306	0	306
DTD1-AS1	0	0	0
LINC00652	0	4	0
LCDR	12	0	16
SCP2D1-AS1	0	0	0
SCP2D1	0	0	0
LOC102724734	0	0	0
LOC107985442	0	0	0
LOC101929547	0	0	0
SLC24A3	0	0	0
LOC124904879	0	0	0
SLC24A3-AS1	0	0	0
RIN2	207	0	207
NAA20	516	3	513
CRNKL1	264	2	262
CFAP61	0	0	0
LOC124904880	0	0	0
LOC105372554	0	0	0
CFAP61-AS1	0	0	0
INSM1	0	0	0
RALGAPA2	347	0	347
LOC105372555	0	0	0
LINC03083	0	0	0
LINC00237	0	0	0
KIZ	473	1	472
KIZ-AS1	14	14	0
XRN2	2002	9	1993
NKX2-4	0	0	0
LOC105372558	0	0	0
LOC112268271	0	0	0
NKX2-2	0	0	0
BETALINC1	0	0	0
LINC01727	0	0	0
LINC01726	0	0	0
PAX1	0	0	0
LINC01432	0	0	0
LOC105372560	0	0	0
LOC105372561	0	0	0
LINC01427	0	0	0
LOC284788	0	0	0
LOC105372562	0	0	0
LOC105372563	0	0	0
LOC105372564	0	0	0
LINC00261	0	0	0
FOXA2	0	0	0
LNCNEF	0	0	0
LINC01747	0	0	0
LOC124904963	0	0	0
LOC124904962	0	0	0
LOC105372567	0	0	0
LOC105372568	0	0	0
LOC107985449	0	0	0
LOC101929707	1	0	1
SSTR4	0	0	0
THBD	0	0	0
LOC124904964	0	0	0
CD93	0	0	0
LINC00656	0	0	0
LINC03125	12	0	12
NXT1-AS1	1	0	1
LOC105372571	1	0	1
NXT1	232	0	232
LINC01431	2	1	1
GZF1	201	22	179
NAPB	247	0	247
CSTL1	0	0	0
CST11	0	0	0
CST8	0	0	0
CST13P	0	0	0
CST9L	0	0	0
CST9	0	0	0
CST3	1535	3	1532
LOC124904965	0	0	0
LOC107985383	0	0	0
CST4	0	0	0
LOC105372574	0	0	0
LOC124904966	0	0	0
CST1	0	0	0
LOC107985432	0	0	0
LOC105372575	0	0	0
CST2	0	0	0
CST5	0	0	0
GGTLC1	0	0	0
LOC107985438	0	0	0
WAKMAR1	0	0	0
LINC01721	0	0	0
LOC105372577	0	0	0
SYNDIG1	0	0	0
LOC107985402	0	0	0
LOC124904881	0	0	0
LINC02967	0	0	0
CST7	0	0	0
APMAP	883	0	883
ACSS1	0	0	0
LOC124904882	0	0	0
VSX1	0	0	0
LOC284798	0	0	0
LOC101926889	2	0	2
ENTPD6	654	2	652
LOC105372579	5	5	0
PYGB	871	5	866
ABHD12	1159	7	1152
LOC105372581	0	0	0
GINS1	530	0	530
NINL	206	0	206
NANP	193	0	193
ZNF337-AS1	9	84	31
ZNF337	305	34	377
LOC107985400	9	0	9
LOC105372582	2	0	2
FAM182B	23	0	23
LOC101926935	0	0	0
LINC01733	0	0	0
LOC100134868	0	0	0
FAM182A	0	0	0
NCOR1P1	0	0	0
MIR663AHG	0	0	0
MIR663A	0	0	0
LOC124904967	0	0	0
FRG1CP	13	0	13
FRG1DP	21	0	21
LOC105379476	0	0	0
FRG2EP	0	0	0
LOC105379477	0	0	0
FRG1EP	32	0	32
FAM242B	0	0	0
LOC124904968	4	0	4
LINC01597	0	0	0
LOC107985433	0	0	0
LOC105372586	0	0	0
FAM242A	0	0	0
FRG1BP	75	1	74
MLLT10P1	0	0	0
LOC105379481	0	0	0
LOC102723636	0	0	0
LOC107987280	2	0	2
LOC112268265	0	0	0
ANKRD20A21P	0	0	0
LOC124904986	0	0	0
LOC124904970	27	0	27
DEFB115	0	0	0
DEFB116	0	0	0
DEFB118	0	0	0
LOC124900462	0	0	0
DEFB119	0	0	0
DEFB121	0	0	0
DEFB122	0	0	0
DEFB123	0	0	0
DEFB124	0	0	0
REM1	0	0	0
LINC00028	0	0	0
HM13	2304	2	2311
MCTS2	72	0	72
HM13-AS1	2	12	0
LOC107985416	0	0	1
LOC105372588	7	11	0
ID1	5667	1	5670
MIR3193	0	0	0
COX4I2	0	0	0
BCL2L1	564	0	564
LOC124904883	0	0	0
BCL2L1-AS1	1	1	0
TPX2	3398	0	3398
MYLK2	9	0	9
FOXS1	1	0	1
DUSP15	0	0	0
TTLL9	2	7	2
PDRG1	384	2	389
XKR7	0	0	0
CCM2L	4	0	4
HCK	0	0	0
TM9SF4	1891	0	1891
TSPY26P	0	0	0
PLAGL2	603	0	603
POFUT1	879	0	1032
LOC124904884	11	164	0
MIR1825	0	0	0
LOC124904885	0	0	0
KIF3B	817	0	817
ASXL1	1746	0	1746
NOL4L	394	4	396
LOC124904886	3	0	3
LOC101929698	0	6	0
LOC105372592	0	0	0
NOL4L-AS1	0	0	0
NOL4L-DT	0	0	0
C20orf203	1	0	1
COMMD7	388	2	386
DNMT3B	575	0	575
MAPRE1	1827	0	1827
LOC119746555	72	0	72
EFCAB8	1	0	1
LOC124904887	0	0	0
SUN5	0	0	0
BPIFB2	0	0	0
BPIFB6	0	0	0
BPIFB3	0	0	0
BPIFB4	6	0	6
LOC105372714	0	0	0
BPIFA2	7	0	7
BPIFA4P	0	0	0
BPIFA3	0	0	0
BPIFA1	0	0	0
LOC105372593	0	0	0
BPIFB1	0	0	0
LOC124904888	0	0	0
LOC105372594	0	0	0
CDK5RAP1	670	0	670
LOC124904889	20	307	7
SNTA1	335	2	627
CBFA2T2	476	12	464
NECAB3	1320	0	1321
C20orf144	0	1	0
ACTL10	3	3	0
E2F1	1327	3	1324
PXMP4	122	0	122
LOC124904890	0	0	0
ZNF341	129	1	128
ZNF341-AS1	4	4	0
CHMP4B	1509	1	1508
RALY-AS1	18	0	18
RALY	1956	3	1953
MIR4755	0	0	0
EIF2S2	2655	3	2652
ASIP	0	0	0
AHCY	4024	1	4023
ITCH	577	0	577
MIR644A	0	0	0
DYNLRB1	1025	1	1024
MAP1LC3A	0	0	0
PIGU	384	0	384
LOC105372599	1	0	1
TP53INP2	408	0	408
NCOA6	977	0	977
HMGB3P1	0	0	0
GGT7	2	0	2
ACSS2	820	8	813
GSS	1568	3	1566
MYH7B	23	23	9
MIR499A	0	0	0
MIR499B	0	0	0
TRPC4AP	2035	1	2043
MMP24-AS1-EDEM2	6	0	6
EDEM2	2	0	2
LOC124900460	2	0	2
PROCR	523	3	520
MMP24	64	90	67
MMP24OS	130	19	204
EIF6	1971	0	1971
FAM83C-AS1	0	0	0
FAM83C	0	0	0
UQCC1	670	0	670
GDF5-AS1	0	0	0
GDF5	0	0	0
MIR1289-1	1	0	1
CEP250	1016	1	1124
CEP250-AS1	0	109	0
C20orf173	2	2	0
ERGIC3	3486	1	3485
FER1L4	3	0	4
LOC124904891	0	1	0
SPAG4	28	1	27
CPNE1	1393	0	1393
RBM12	1111	0	1111
NFS1	1088	15	1087
ROMO1	375	1	388
RBM39	4411	0	4411
LOC124904980	0	0	0
PHF20	1451	3	1448
SCAND1	720	53	880
CNBD2	1	195	19
NORAD	2645	0	2645
EPB41L1	760	1	870
EPB41L1-AS1	0	0	0
LOC124904893	0	0	0
LOC124904892	0	0	0
LOC105372602	0	112	0
AAR2	580	0	581
DLGAP4	705	2	704
DLGAP4-AS1	0	0	1
MYL9	9	0	9
TGIF2	591	2	589
TGIF2-RAB5IF	0	0	0
RAB5IF	154	0	154
SLA2	1	486	3
NDRG3	1001	2	999
DSN1	680	0	680
LOC124904894	0	0	0
MTCL2	1128	1	1127
TLDC2	0	66	0
SAMHD1	337	0	403
RBL1	223	0	223
MROH8	0	0	0
RPN2	0	0	0
GHRH	0	0	0
MANBAL	0	0	0
LOC105372606	0	0	0
SRC	0	0	0
BLCAP	1082	2	1106
NNAT	14	40	0
LINC01746	0	0	0
LINC00489	0	0	0
LOC100287792	0	0	0
LOC105372609	0	0	0
CTNNBL1	833	0	833
LOC124904895	13	0	13
LOC124904896	0	0	0
VSTM2L	0	0	0
TTI1	924	2	922
RPRD1B	549	0	550
LOC124904898	1	0	1
LOC124904897	43	0	43
LOC124904899	0	0	0
TGM2	48	2	47
KIAA1755	1	0	1
LOC124904900	0	0	0
LOC149684	0	0	0
BPI	0	0	0
LBP	0	0	0
LOC124904901	31	0	31
SNHG17	207	0	379
LOC124904974	29	0	29
SNORA71B	7	0	7
SNORA71A	6	0	6
SNORA71C	1	0	1
LOC124904958	2	174	0
SNORA71D	0	0	0
LOC124904975	0	0	0
SNHG11	121	0	121
SNORA71E	3	0	3
SNORA60	8	0	8
RALGAPB	1045	0	1045
MIR548O2	0	0	0
ADIG	0	0	0
ARHGAP40	2	0	2
SLC32A1	0	0	0
ACTR5	214	0	214
LOC124904902	3	0	3
PPP1R16B	0	0	0
FAM83D	1080	0	1080
DHX35	331	0	331
LOC107985448	0	0	0
LINC01734	0	0	0
LOC102724950	0	0	0
LOC105372614	0	0	0
LOC105372613	0	0	0
LINC01370	0	0	0
LOC105372616	0	0	0
LOC105372617	0	0	0
LOC105372618	0	0	0
LOC102724968	0	0	0
LOC107985435	0	0	0
LOC105372620	0	0	0
MAFB	269	3	266
LOC101927098	0	0	0
SNORD154	0	0	0
LOC100128988	0	0	0
LOC105372621	1	0	1
TOP1	1296	1	1585
PLCG1-AS1	0	319	0
LOC124904903	0	1	0
PLCG1	823	2	863
MIR6871	0	0	0
ZHX3	520	5	517
LPIN3	343	2	406
EMILIN3	0	65	0
CHD6	879	0	879
LOC124904904	4	0	4
LOC124904905	2	2	0
LOC124900463	0	0	0
LOC101927182	0	0	0
LOC105372622	0	0	0
PTPRT	0	0	0
LOC105372624	0	0	0
LOC101927159	0	0	0
LOC105372623	0	0	0
PTPRT-AS1	0	0	0
PTPRT-DT	0	0	0
LOC124900461	0	0	0
SRSF6	2677	1	2676
L3MBTL1	125	1	124
SGK2	9	0	9
IFT52	177	0	177
LOC124904906	0	0	0
MYBL2	4707	4	4703
GTSF1L	0	0	0
LOC101927200	0	0	0
LOC105372625	0	0	0
LOC124904907	0	0	0
LOC124904908	0	0	0
LINC01728	0	0	0
TOX2	154	0	154
JPH2	727	1	726
LOC124904909	2	0	2
OSER1	762	3	762
OSER1-DT	18	0	21
GDAP1L1	1	1	0
LOC124904910	0	0	0
FITM2	219	0	219
R3HDML	0	0	0
R3HDML-AS1	0	0	0
HNF4A	10	0	10
HNF4A-AS1	0	0	0
MIR3646	0	0	0
LINC01430	0	0	0
LINC01620	0	0	0
TTPAL	228	3	225
SERINC3	2030	2	2028
PKIG	57	1	56
ADA	1060	0	1060
LINC01260	90	0	90
LOC124904911	0	0	0
KCNK15-AS1	3	2	1
CCN5	6366	5	6361
KCNK15	0	2	0
RIMS4	60	0	62
YWHAB	3667	0	3667
PABPC1L	446	0	446
TOMM34	781	15	907
LOC124904912	12	145	8
STK4-DT	3	0	3
STK4	730	0	730
KCNS1	3	3	0
WFDC5	0	0	0
WFDC12	1	1	0
LOC101929863	0	0	0
PI3	22	0	22
LINC02597	0	0	0
SEMG1	0	0	0
SEMG2	0	0	0
LOC105372630	0	0	0
LOC124904913	10	0	10
SLPI	1104	0	1104
MATN4	7	0	7
RBPJL	0	0	0
SDC4	989	0	989
SYS1	216	1	225
LOC124904914	2	51	5
SYS1-DBNDD2	0	0	0
TP53TG5	11	21	0
LOC107985404	0	6	0
DBNDD2	1	0	4
LOC107985405	2	596	1
PIGT	2282	7	2870
MIR6812	0	0	0
LOC105372631	11	0	11
WFDC2	0	0	0
LOC107987282	0	0	0
SPINT3	0	0	0
WFDC6	0	0	0
EPPIN-WFDC6	0	0	0
EPPIN	0	0	0
WFDC8	0	0	0
WFDC9	0	0	0
WFDC10A	0	0	0
WFDC11	0	0	0
WFDC10B	0	0	0
WFDC13	0	0	0
MIR3617	0	0	0
SPINT4	0	0	0
LOC124904915	0	0	0
WFDC3	14	0	14
DNTTIP1	487	0	487
UBE2C	1102	0	1102
TNNC2	3	0	3
SNX21	284	109	266
ACOT8	343	41	393
ZSWIM3	121	0	121
ZSWIM1	278	19	259
SPATA25	11	1	10
NEURL2	0	1	0
CTSA	5240	4	6064
PLTP	26	825	28
LOC107985388	9	95	11
PCIF1	793	6	884
ZNF335	892	1	891
MMP9	4	30	2
SLC12A5-AS1	4	11	34
SLC12A5	19	3	29
NCOA5	502	0	502
CD40	0	0	0
CDH22	0	0	0
LOC124904916	0	0	0
SLC35H1	787	0	787
LOC124904917	5	67	0
ELMO2	670	0	732
LOC105372633	0	0	0
ZNF663P	0	0	0
ZNF334	0	0	0
MKRN7P	0	0	0
OCSTAMP	0	0	0
SLC13A3	3	0	3
TP53RK	246	1	384
TP53RK-DT	0	138	1
SLC2A10	0	0	0
LOC124904918	0	0	0
LOC124904919	0	0	0
EYA2	0	0	0
EYA2-AS1	0	0	0
MIR3616	0	0	0
ZMYND8	1122	0	1122
LOC100131496	1	1	0
LOC101927377	2	2	0
LINC01754	0	0	0
NCOA3	1191	0	1191
SULF2	14	14	0
LOC124904922	0	0	0
LOC124904920	0	0	0
LOC124904921	0	0	0
LOC107985401	0	0	0
LOC105372636	0	0	0
LOC105372637	0	0	0
LINC01522	0	0	0
LINC01523	0	0	0
LOC107985436	0	0	0
LOC107985437	0	0	0
LOC105372639	1	0	1
LOC124904923	0	0	0
LOC105372640	0	0	0
LOC105372641	0	0	0
LOC124904924	0	0	0
LINC00494	0	0	0
LOC105372643	0	0	0
LOC105372645	0	0	0
LOC107985439	0	0	0
LOC105372647	0	0	0
LOC105372646	0	0	0
PREX1	454	0	454
ARFGEF2	1048	0	1048
CSE1L-DT	0	0	0
CSE1L	3288	1	3287
STAU1	2080	1	2079
DDX27	1203	2	1202
ZNFX1	2332	1	2332
ZFAS1	838	0	838
SNORD12C	0	0	0
SNORD12B	4	0	4
SNORD12	4	0	4
LOC124904925	0	0	0
LOC105372649	0	0	0
KCNB1	0	0	0
PTGIS	0	0	0
LOC101927486	0	0	0
LOC105372651	0	0	0
LOC124904926	10	0	10
B4GALT5	2444	1	2443
LOC105372652	0	0	0
SLC9A8	558	0	558
MIR12122	0	0	0
SPATA2	278	0	278
LOC105372653	5	0	5
RNF114	1613	1	1612
LOC124904976	0	0	0
SNAI1	330	0	330
SCREEM1	2	2	0
TRERNA1	0	0	0
LOC105372655	0	0	0
PEDS1-UBE2V1	0	0	0
UBE2V1	32	2	30
PEDS1	575	0	575
LOC124904927	0	0	0
LINC01275	11	0	11
LINC01273	21	0	22
CEBPB-AS1	8	6270	22
CEBPB	1486	23	7746
LOC107985386	2	0	2
LOC105372656	8	1	7
PELATON	27	0	27
LINC01270	99	6	229
LINC01271	69	156	49
LOC105372657	0	0	0
LOC124904928	3	0	3
PTPN1	1564	2	1562
MIR645	0	0	0
RIPOR3	5	3	2
MIR1302-5	0	0	0
RIPOR3-AS1	0	0	0
LOC105372659	0	0	0
PARD6B	77	0	77
BCAS4	7	0	7
LOC124904929	1	0	1
ADNP	2051	3	2099
ADNP-AS1	4	49	6
DPM1	727	4	723
MOCS3	262	0	262
KCNG1	0	0	0
LOC105372661	0	0	0
LOC105372662	0	0	0
LOC124904930	2	0	2
LOC105372663	0	0	0
NFATC2	0	0	0
MIR3194	0	0	0
ATP9A	762	0	762
SALL4	443	0	443
LINC01429	26	0	26
LOC105372664	4	4	0
ZFP64	365	0	365
LOC105372666	0	0	0
LOC107985427	0	0	0
LOC105372667	0	0	0
LOC124904931	0	0	0
LOC105372665	0	0	0
LINC01524	0	0	0
LOC105376985	0	0	0
LOC105372668	0	0	0
LOC124904932	4	0	4
TSHZ2	405	1	404
LOC105372670	12	12	0
TSHZ2-AS1	1	1	0
LOC105372671	0	0	0
ZNF217-AS1	7	7	0
ZNF217	750	1	749
LOC105372672	0	0	0
LOC124904933	0	0	0
LOC124904934	0	0	0
LOC124904935	0	0	0
SUMO1P1	0	0	0
BCAS1-AS1	0	0	0
BCAS1	0	0	0
MIR4756	0	0	0
CYP24A1	2	0	2
LOC105372675	0	0	0
LOC124904937	0	12	0
PFDN4	246	0	258
LOC107985385	0	0	0
DOK5	0	0	0
LINC01441	0	0	0
LINC01440	0	0	0
LOC105372676	0	0	0
LOC107984001	0	0	0
LOC105372677	0	0	0
LOC105372678	0	0	0
CBLN4	0	0	0
LOC105376989	0	0	0
LOC105372680	0	0	0
MC3R	0	0	0
FAM210B	116	0	116
AURKA	1972	1	1973
CSTF1	973	2	973
CASS4	0	0	0
RTF2	1226	0	1226
LOC124904979	0	0	0
GCNT7	0	0	0
FAM209A	0	0	0
FAM209B	0	0	0
LOC124904971	0	0	0
LINC01716	0	0	0
TFAP2C	350	0	350
LOC105372683	3	0	3
LOC105372685	0	0	0
LOC105372686	0	0	0
BMP7	0	0	0
BMP7-AS1	0	0	0
LOC112268270	0	0	0
LOC105372687	0	0	0
MIR4325	0	0	0
SPO11	0	0	0
RAE1	494	0	769
LOC124904938	28	303	0
RBM38-AS1	0	154	1
RBM38	482	1	636
LOC124904939	0	0	0
LOC105372688	0	0	0
CTCFL	0	0	0
LOC124904940	0	0	0
LOC124904941	0	0	0
PCK1	0	0	0
ZBP1	0	0	0
PMEPA1	407	7	415
NKILA	11	9	17
LOC105372692	16	0	16
LOC105372693	0	0	0
LINC01742	1	0	1
LOC107987284	0	0	0
LOC107985434	0	0	0
CIMIP1	0	0	0
LOC105372694	0	0	0
ANKRD60	0	0	0
PPP4R1L	32	0	32
RAB22A	616	0	616
VAPB	908	2	906
APCDD1L	0	0	0
APCDD1L-DT	0	0	0
LINC01711	0	0	0
LOC107985410	0	0	0
STX16-NPEPL1	0	0	0
STX16	1158	0	1158
NPEPL1	1	0	1
LOC124904942	6	0	6
LOC105372695	0	0	0
MIR296	1	0	1
MIR298	0	0	0
GNAS-AS1	0	0	0
GNAS	29165	35	29133
LOC101927932	2	0	5
LOC107985382	0	0	0
NELFCD	2290	68	2231
CTSZ	12790	22	12777
TUBB1	21	65	1
ATP5F1E	46	0	82
SLMO2-ATP5E	0	0	0
PRELID3B	2688	0	2688
LOC124904943	6	0	6
ZNF831	1000	13	987
EDN3	2	0	2
PHACTR3	1	1	0
PHACTR3-AS1	0	0	0
SYCP2	263	0	263
FAM217B	145	49	146
PPP1R3D	222	0	271
CDH26	6	0	6
LINC02910	0	0	0
LOC729296	0	0	0
MIR646HG	0	0	0
LOC105372698	0	0	0
MIR646	0	0	0
LOC105372697	0	0	0
LOC101928048	0	0	0
LOC124904944	0	0	0
MIR4533	0	0	0
LOC124904945	0	0	0
MIR548AG2	0	0	0
LOC105372699	0	0	0
LOC105372700	0	0	0
LINC01718	0	0	0
LOC105372701	0	0	0
CDH4	1	1	0
LOC105372703	0	0	0
CDH4-AS2	0	0	0
CDH4-AS1	0	0	0
MIR1257	0	0	0
TAF4	94	0	101
LOC105372704	0	0	0
MIR3195	0	7	0
LOC105372705	7	0	7
LOC105372706	1	0	1
LSM14B	652	0	652
PSMA7	2459	4	2455
SS18L1	387	7	380
MTG2	852	0	852
HRH3	2	2	0
LOC105369209	4	0	4
OSBPL2	478	1	477
ADRM1	1811	105	1712
LAMA5	14477	18	14940
MIR4758	0	0	0
LOC124904946	5	327	0
LAMA5-AS1	4	133	7
LOC105372708	4	0	4
RPS21-DT	47	6	46
RPS21	2811	4	2812
CABLES2	209	1	208
LOC105372709	37	0	37
RBBP8NL	0	0	0
LOC105372710	0	0	0
GATA5	42	0	42
LOC105372711	0	0	0
LOC124904947	0	0	0
LOC105376995	0	0	0
CRMA	0	0	0
MIR1-1HG	0	0	0
MIR1-1	0	0	0
MIR133A2	0	0	0
LINC02970	193	11	182
LOC124904948	0	0	0
LOC124904949	0	0	0
SLCO4A1	1597	1	2241
SLCO4A1-AS2	11	8	3
SLCO4A1-AS1	9	654	0
NTSR1	8	8	0
NTSR1-AS1	23	0	23
LINC00659	18	1	17
LOC105372716	3	0	3
MRGBP	529	6	532
OGFR-AS1	10	12	7
OGFR	840	10	830
COL9A3	690	12	724
TCFL5	728	41	793
LOC105372717	83	258	120
DIDO1	1137	50	1325
SNORA117	0	0	0
GID8	625	0	628
SLC17A9	0	0	0
BHLHE23	0	0	0
LOC105372718	0	0	0
LINC00029	0	0	0
LINC01056	0	0	0
LINC01749	0	0	0
HAR1B	0	0	0
HAR1A	0	0	0
LOC105372719	0	0	0
LOC105376996	0	0	0
LOC124904952	0	0	0
MIR124-3	0	0	0
YTHDF1	890	2	888
BIRC7	92	0	92
MIR3196	0	0	0
NKAIN4	0	3	0
LOC124904950	7	0	10
FLJ16779	0	0	0
ARFGAP1	1621	2	1619
MIR4326	1	0	1
COL20A1	2	0	2
CHRNA4	3	0	3
LOC100130587	0	0	0
LOC124904953	0	0	0
KCNQ2	1	0	1
LOC105372724	0	0	0
LOC105372721	0	0	0
KCNQ2-AS1	0	0	0
EEF1A2	0	0	0
LOC124904955	0	0	0
LOC105372725	0	0	0
LOC102723814	18	7	13
PPDPF	1092	3	1092
PTK6	193	14	180
SRMS	7	6	1
FNDC11	2	0	2
HELZ2	635	0	635
GMEB2	699	6	697
MHENCR	146	0	150
STMN3	1	0	1
RTEL1-TNFRSF6B	0	1	0
RTEL1	5	1	4
LOC124904954	2	40	0
TNFRSF6B	0	0	0
ARFRP1	374	4	382
ZGPAT	307	3	311
LIME1	155	0	155
SLC2A4RG	1244	4	1253
ZBTB46	112	54	161
ZBTB46-AS2	0	40	9
LOC124904956	3	0	3
ZBTB46-AS1	0	0	0
C20orf181	0	0	0
ABHD16B-AS1	58	0	165
ABHD16B	0	105	0
TPD52L2	1781	5	1778
DNAJC5	1665	1	1664
LOC124904951	4	0	4
MIR941-1	0	0	0
MIR941-2	0	0	0
MIR941-3	0	0	0
MIR941-4	0	0	0
MIR941-5	0	0	0
UCKL1	610	3	692
MIR1914	0	0	0
MIR647	1	0	1
UCKL1-AS1	1	113	1
ZNF512B	511	0	539
SAMD10	247	5	242
PRPF6	1671	0	1671
C20orf204	8	0	8
SOX18	136	0	136
TCEA2	495	1	494
RGS19	168	0	168
MIR6813	0	0	0
OPRL1	5	0	5
LKAAEAR1	0	0	0
NPBWR2	0	0	0
LOC105372727	0	0	0
MYT1	0	0	0
PCMTD2	125	0	125
LOC124904957	0	0	0
SEPTIN14P20	0	0	0
LOC105379484	0	0	0
LOC124905051	0	0	0
LOC102723996	78	0	78
LOC124905052	0	0	0
LOC124900468	0	0	0
LOC107987292	0	0	0
CH507-9B2.8	0	0	0
LOC101928576	2	2	0
LOC102724023	144	0	144
LOC102724159	206	0	206
LOC102724200	79	0	79
LINC01670	0	0	0
LOC105379488	0	0	0
LINC03104	0	0	0
LOC124904990	0	0	0
LOC102724334	0	0	0
LOC102724354	14	0	14
LOC102724370	0	0	0
CH507-42P11.6	10	0	10
LOC102724428	2150	0	2150
LOC107987288	1	0	1
LOC124905049	4	0	4
LOC102724701	2	0	2
CH507-145C22.1	0	0	0
LOC102724560	59	0	59
LOC102724594	26	0	33
LOC102724652	0	7	0
LOC106780825	0	0	0
LOC110091777	0	0	0
MIR8069-1	0	0	0
LOC105379499	9	0	9
LOC102724843	0	0	0
LOC124904989	0	0	0
LOC105379502	0	0	0
LINC03105	0	0	0
LOC124904991	0	0	0
LOC102723360	0	0	0
LOC102723553	8	0	8
LOC102723451	0	0	0
LOC105379504	1	0	1
LOC107983987	0	0	0
LOC102723475	0	0	0
LOC124900474	0	0	0
LOC105379505	0	0	0
LOC124904992	0	0	0
LOC124904993	1	0	1
MIR6724-1	0	0	0
RNA45SN2	4	0	4
MIR3648-1	0	0	0
RNA18SN2	0	0	0
RNA5-8SN2	0	0	0
RNA28SN2	0	0	0
CDC27P9	0	0	0
MIR6724-2	0	0	0
MIR6724-3	0	0	0
RNA45SN3	2	0	2
RNA18SN3	0	0	0
RNA5-8SN3	0	0	0
RNA28SN3	0	0	0
CDC27P10	1	1	0
MIR6724-4	0	0	0
RNA45SN1	0	0	0
MIR10396B	0	0	0
RNA18SN1	0	0	0
RNA5-8SN1	0	0	0
RNA28SN1	0	0	0
LINC01666	0	2	6
LOC124904994	0	6	2
LOC124904996	62	0	62
MIR3648-2	0	0	0
MIR10396A	0	0	0
LOC101927615	0	0	0
TEKT4P2	34	0	34
LOC101930100	5	0	7
LOC101927345	13	4	11
NCOR1P4	0	0	0
LOC105379514	0	0	0
LOC124904997	0	0	0
LINC01667	23	0	23
LOC105372734	0	0	0
LOC105372733	1	0	1
BAGE2	0	0	0
TPTE	0	0	0
ANKRD30BP2	0	0	0
MIR3156-3	0	0	0
LINC01674	0	0	0
POTED	0	0	0
MIR3118-1	0	0	0
LOC107985482	0	0	0
LOC112268283	0	0	0
MIR8069	0	0	0
CYP4F29P	0	0	0
LOC110091776	0	0	0
ANKRD20A11P	0	0	0
LOC105377134	11	0	11
LIPI	6	6	0
RBM11	0	0	0
ABCC13	0	0	0
HSPA13	522	0	544
LOC105369304	1	22	1
LOC124905053	0	0	0
SAMSN1	0	0	0
SAMSN1-AS1	0	0	0
LOC105372738	0	0	0
LOC124905054	0	0	0
ASMER1	34	0	34
NRIP1	428	0	428
LINC02920	0	0	0
LOC107985483	0	0	0
LOC124905047	0	0	0
LOC105369292	0	0	0
LOC101927745	12	0	12
LOC124905055	0	0	0
LOC105369302	0	0	0
LOC124905056	0	0	0
LOC124905073	0	0	0
USP25	971	0	971
MIR99AHG	66	0	66
SNORD74B	0	0	0
MIR99A	0	0	0
MIRLET7C	0	0	0
MIR125B2	0	0	0
LOC124904998	0	0	0
LOC105372740	0	0	0
LOC107985511	0	0	0
LINC01549	0	0	0
TRG-GCC1-5	0	0	0
CXADR	520	2	552
BTG3	524	61	509
BTG3-AS1	0	12	0
LOC124904999	0	0	0
LOC124900465	0	0	0
C21orf91-OT1	1	0	1
C21orf91	178	0	178
LINC03147	0	0	0
CHODL	0	0	0
LOC124905000	0	0	0
TMPRSS15	0	0	0
MIR548XHG	0	0	0
MIR548X	0	0	0
LOC107985490	0	0	0
LOC124905048	0	0	0
LINC01683	0	0	0
LOC105372745	0	0	0
LINC02573	0	0	0
LINC00320	0	0	0
LOC124905057	0	0	0
NCAM2	78	0	78
LINC00317	0	0	0
LINC01425	0	0	0
LINC01687	5	0	8
LINC00308	0	3	0
LOC107985508	3	0	3
LOC107985494	0	0	0
MIR6130	0	0	0
D21S2088E	0	0	0
LOC105372747	0	0	0
LOC107985512	0	0	0
LOC105372749	0	0	0
LOC105372750	0	0	0
LINC01689	0	0	0
LINC01684	0	0	0
LINC01692	0	0	0
LOC107985516	0	0	0
LINC00158	0	0	0
LOC105372753	0	0	0
MIR155HG	0	0	0
MIR155	0	0	0
LINC00515	7	0	7
MRPL39	597	1	596
JAM2	8	9	0
LOC124905001	0	0	0
LOC124905002	0	0	0
ATP5PF	1032	20	1246
GABPA	437	216	455
LOC105372757	0	0	0
LOC105372756	0	0	0
APP	7450	3	7447
LOC124900466	3	0	3
APP-DT	0	0	0
CYYR1-AS1	0	0	0
LOC105372758	0	0	0
LOC107985474	0	0	0
CYYR1	0	0	0
ADAMTS1	176	0	176
LOC105372760	1	1	0
ADAMTS5	178	0	178
MIR4759	0	0	0
LOC124905050	1	0	1
LOC102724355	0	0	0
LOC105372759	0	0	0
LOC124905003	0	0	0
LOC105372762	0	0	0
LINC01673	0	0	0
LINC00113	0	0	0
LINC00314	0	0	0
LINC01697	0	0	0
LINC01695	1	0	1
LINC00161	0	0	0
HEMK2	101	0	101
LOC124905004	0	0	0
LTN1	0	0	0
LOC105372766	0	0	0
RWDD2B	0	0	0
LOC124905005	0	0	0
USP16	0	0	0
CCT8	0	0	0
MAP3K7CL	0	0	0
LOC105372767	0	0	0
LOC124905065	0	0	0
LINC00189	0	0	0
LOC124905007	0	0	0
LOC105369299	3	0	3
BACH1	531	0	533
BACH1-IT2	0	0	0
LOC124905071	0	0	0
LOC107985486	5	0	5
LOC105372770	0	0	0
BACH1-IT3	0	0	0
GRIK1	7	10	0
LOC124905006	0	0	0
LOC105372768	0	0	1
GRIK1-AS2	3	0	3
GRIK1-AS3	0	0	0
GRIK1-AS1	1	0	1
CLDN17	0	0	0
LINC00307	0	0	0
CLDN8	0	0	0
KRTAP24-1	0	0	0
KRTAP25-1	0	0	0
KRTAP26-1	0	0	0
KRTAP27-1	0	0	0
KRTAP23-1	0	0	0
KRTAP13-2	0	0	0
MIR4327	0	0	0
LOC105372772	0	0	0
KRTAP13-1	0	0	0
KRTAP13-3	0	0	0
KRTAP13-4	0	0	0
KRTAP15-1	0	0	0
KRTAP19-1	0	0	0
KRTAP19-2	0	0	0
KRTAP19-3	0	0	0
KRTAP19-4	0	0	0
KRTAP19-5	0	0	0
KRTAP19-6	0	0	0
KRTAP19-7	0	0	0
KRTAP22-2	0	0	0
KRTAP6-3	0	0	0
KRTAP6-2	0	0	0
KRTAP22-1	0	0	0
KRTAP6-1	0	0	0
KRTAP20-1	0	0	0
KRTAP20-4	0	0	0
KRTAP20-2	0	0	0
KRTAP20-3	0	0	0
LOC105372773	0	0	0
KRTAP21-3	0	0	0
KRTAP21-2	0	0	0
KRTAP21-1	0	0	0
KRTAP8-1	0	0	0
KRTAP7-1	0	0	0
KRTAP11-1	0	0	0
LOC105372776	0	0	0
LOC105372775	0	0	0
LOC105372774	0	0	0
KRTAP19-8	0	0	0
TIAM1	0	0	0
LOC105372777	0	0	0
TIAM1-AS1	0	0	0
LOC107985488	0	0	0
SOD1-DT	4	957	4
SOD1	871	26	1802
LOC124900469	3	0	3
SCAF4	509	0	509
LOC124905008	1	0	1
HUNK	1	0	1
LINC00159	0	0	0
MIS18A	238	0	241
MIS18A-AS1	3	6	0
MRAP	2	172	1
LOC124905009	0	0	0
MRAP-AS1	0	0	0
URB1	951	4	1117
SNORA80A	0	0	0
URB1-AS1	28	0	28
EVA1C	865	12	853
CFAP298-TCP10L	1	0	1
TCP10L	2	0	2
CFAP298	102	0	102
SYNJ1	455	1	454
LOC124905011	3	2	1
PAXBP1-AS1	18	98	5
PAXBP1	580	2	758
LOC124905010	63	158	0
EPCIP-AS1	0	0	0
EPCIP	0	0	0
LOC124900470	0	0	0
LOC124905012	0	0	0
LOC105377136	0	0	0
LINC01690	0	0	0
OLIG2	0	0	0
LINC00945	0	0	0
OLIG1	0	0	0
LOC101928107	0	0	0
LINC01548	0	0	0
LOC105372787	0	0	0
IFNAR2-IL10RB	0	0	0
IFNAR2	277	0	283
IL10RB-DT	5	12	0
IL10RB	15	0	15
IFNAR1	700	27	673
IFNGR2	172	0	172
TMEM50B	7	0	7
DNAJC28	0	0	0
GART	2228	0	2228
SON	3752	9	3744
MIR6501	0	0	0
DONSON	908	8	901
CRYZL1	279	0	279
ITSN1	1552	2	1550
ATP5PO	2853	0	2853
LINC00649	0	0	0
LOC124905013	0	0	0
LOC101928126	0	0	0
LOC105372790	0	0	0
LOC105372789	0	0	0
MRPS6	170	0	170
SLC5A3	436	0	436
LINC00310	1	0	1
LOC105372791	0	0	3
KCNE2	0	2	0
SMIM11	0	0	0
C21orf140	0	0	0
LOC105372793	0	0	0
SMIM34	0	0	0
KCNE1	0	0	0
LOC124900475	0	0	0
RCAN1	407	0	407
CLIC6	0	0	0
LINC00160	4	0	4
LOC107985515	0	0	0
LINC01426	3	0	3
RUNX1	652	5	647
RUNX1-AS1	3	1	2
RUNX1-IT1	0	0	0
LOC124905015	0	0	0
LOC100506403	0	0	0
MIR802	0	0	0
PPP1R2P2	0	0	0
LOC101928269	0	0	0
LINC01436	0	0	0
SETD4	249	1	249
SETD4-AS1	0	0	1
CBR1-AS1	5	710	4
CBR1	577	0	1285
LOC105369306	0	0	0
CBR3-AS1	19	45	22
CBR3	124	4	168
DOP1B	199	1	198
LOC124905016	1	0	1
LOC124905072	0	0	0
MORC3	271	1	270
CHAF1B	588	0	588
CLDN14-AS1	12	0	13
CLDN14	0	1	0
LOC105369308	4	1	3
SIM2	97	16	126
LOC107985492	6	1	5
HLCS	305	49	309
LOC105369305	10	10	0
HLCS-AS1	9	5	12
RIPPLY3	0	0	0
LOC124905017	0	0	0
PIGP	249	0	249
TTC3	1709	2	1867
TTC3-AS1	0	160	0
DSCR9	4	2	2
VPS26C	534	11	523
LOC124905018	1	0	1
LOC124905019	0	0	0
DYRK1A	688	8	681
LOC105372797	0	1	0
KCNJ6-AS1	0	0	0
LOC105372798	2	2	0
KCNJ6	0	0	0
LOC101928368	0	0	0
DSCR4	0	0	0
DSCR8	1	0	1
LOC124905020	0	0	0
LOC124905070	0	0	0
DSCR10	0	0	0
KCNJ15	0	0	0
LOC105372801	0	0	0
LINC01423	0	0	0
LOC107985513	1	1	0
ERG	163	0	163
LOC105372802	10	0	10
LINC00114	0	0	0
LOC107985480	1	0	1
ETS2	3163	4	3159
LOC101928398	0	0	0
ETS2-AS1	4	0	4
LINC01700	0	0	0
LINC02940	11	1	10
LINC02943	3	1	2
PSMG1	1180	1	1179
BRWD1	1070	7	1063
BRWD1-AS2	19	0	19
BRWD1-AS1	1	0	1
HMGN1	4172	3	4169
LOC124905074	22	0	22
LOC105372804	0	0	0
GET1-SH3BGR	0	0	0
GET1	161	0	163
LCA5L	45	24	35
SH3BGR	2	0	2
MIR6508	0	0	0
B3GALT5-AS1	0	0	0
B3GALT5	0	0	0
LOC107985499	0	0	0
IGSF5	0	0	0
LOC107985500	0	0	0
PCP4	0	0	0
DSCAM	0	0	0
MIR4760	0	0	0
DSCAM-AS1	0	0	0
LOC105369294	0	0	0
LOC124900473	0	0	0
DSCAM-IT1	0	0	0
LINC00323	3	0	3
MIR3197	3	0	3
BACE2	5601	1	5600
PLAC4	82	15	67
FAM3B	7	0	7
MX2	1	0	1
MX1	2	0	2
TMPRSS2	0	0	0
LOC124905021	0	0	0
LOC124900472	0	0	0
LOC105372809	0	0	0
PCSEAT	0	0	0
LOC105372812	0	0	0
LOC107985478	0	0	0
LOC105372813	0	0	0
LINC00111	0	0	0
LINC00479	2	0	2
LINC00112	0	0	0
RIPK4	105	0	105
MIR6814	0	0	0
LOC102724800	8	0	8
PRDM15	555	0	555
C2CD2	325	0	325
SNORA91	0	0	0
ZBTB21	402	1	405
ZNF295-AS1	0	4	0
LOC107985502	0	0	0
UMODL1	0	0	0
UMODL1-AS1	0	0	0
ABCG1	3	0	3
LOC105372814	0	0	0
TFF3	0	0	0
TFF2	0	0	0
LOC105372815	0	1	0
TFF1	0	0	1
TMPRSS3	719	0	719
UBASH3A	0	0	0
RSPH1	2	0	2
RSPH1-DT	0	0	0
SLC37A1	452	2	497
LOC107987299	3	49	0
LOC101928212	2	2	1
LINC01671	13	0	13
LOC101928255	3	0	3
PDE9A	224	0	224
PDE9A-AS1	0	0	0
LOC107985504	0	0	0
LINC01668	2	2	0
WDR4	468	2	467
LOC105372817	10	0	11
NDUFV3	709	1	708
ERVH48-1	15	2	13
LOC124905022	5	0	5
LOC124905023	88	0	88
MIR5692B	0	0	0
LOC124905024	0	0	0
PKNOX1	315	1	314
CBS	438	1	437
U2AF1	30	0	30
LOC101928369	6	0	6
FRGCA	0	0	0
LOC107987300	1	0	1
CRYAA	0	0	0
LOC105372821	0	0	0
LOC124905025	0	0	0
LOC124905026	0	0	0
LINC00322	17	0	17
LOC124905027	87	0	87
LINC01679	19	19	0
LINC03039	24	0	24
LOC124905028	6	0	6
SIK1	1129	0	1129
LOC124905029	18	3	15
HSF2BP	66	94	71
LINC00319	0	1	4
LOC124900467	0	0	0
LINC00313	0	0	0
LOC102723380	4	4	0
H2BC12L	0	0	0
MIR6070	0	0	0
RRP1B	1788	5	1785
LOC124905030	17	1	16
LOC124905031	10	0	10
LOC124905032	1	0	1
PDXK	5124	6	5118
LOC105372824	21	0	21
CSTB	2135	2	2134
LOC105372825	3	3	0
RRP1	996	2	995
AATBC	2	2	0
LOC124905033	11	0	11
AGPAT3	1134	0	1134
LOC124905034	3	0	3
LOC105372826	0	0	0
LOC105372829	0	0	0
TRAPPC10	372	7	365
PWP2	192	4	188
GATD3	246	1	245
LINC01678	0	0	0
LOC124905035	4	0	4
LOC105377139	0	0	0
LOC105372832	0	0	0
LOC102725065	2	0	2
ICOSLG	61	0	61
DNMT3L	18	8	20
DNMT3L-AS1	0	10	0
AIRE	10	10	0
PFKL	3820	1	3819
CFAP410	371	130	241
TRPM2	226	53	201
TRPM2-AS	25	3	50
LOC124905069	0	0	0
LOC124905068	1	0	1
LRRC3-DT	0	0	0
LRRC3	113	0	113
HEPFAL	2	0	2
LOC124905037	1	0	1
LINC02575	3	0	3
TSPEAR	2	5	0
TSPEAR-AS1	3	3	0
TSPEAR-AS2	6	0	6
LOC124905038	6	0	9
KRTAP10-1	0	0	0
KRTAP10-2	0	0	0
KRTAP10-3	0	0	0
KRTAP10-4	0	0	0
KRTAP10-5	0	0	0
KRTAP10-6	0	0	0
KRTAP10-7	0	0	0
KRTAP10-8	0	0	0
KRTAP10-9	0	0	0
KRTAP10-10	0	0	0
KRTAP10-11	0	0	0
KRTAP12-4	0	0	0
KRTAP12-3	0	0	0
KRTAP12-2	0	0	0
KRTAP12-1	0	0	0
KRTAP10-12	0	0	0
UBE2G2	1200	1	1199
LINC01424	22	2	20
SUMO3	1058	0	1058
PTTG1IP	4283	2	4281
LOC124905039	31	0	31
ITGB2	89	2	89
LOC107987303	0	0	0
ITGB2-AS1	4	0	6
LINC01547	53	0	76
SLX9	746	27	742
LINC00163	4	3	1
LINC00165	84	0	84
PICSAR	286	4	282
LOC105372836	62	29	33
SSR4P1	83	26	57
ADARB1	2587	3	2584
LINC00334	0	0	0
LOC124905062	0	0	0
POFUT2	482	2	480
LINC00205	196	0	196
LOC124905040	2	0	2
LINC00316	0	0	0
LOC105372839	0	0	0
LOC124905041	0	0	0
BNAT1	0	0	0
COL18A1	0	0	0
COL18A1-AS2	0	0	0
COL18A1-AS1	0	0	0
LOC124905042	0	0	0
MIR6815	0	0	0
SLC19A1	2	0	2
LOC107985485	0	0	0
LINC01694	0	0	0
PCBP3	0	0	0
PCBP3-AS1	0	0	0
LOC124905044	0	0	0
LOC101928796	0	0	0
LOC105372841	1	1	0
COL6A1	257	0	257
LOC105372842	0	0	0
COL6A2-DT	0	0	0
COL6A2	10	0	10
LOC124905043	0	0	0
FTCD	1	0	1
FTCD-AS1	0	0	0
SPATC1L	0	0	0
LOC124905045	0	0	0
LSS	113	0	113
SNORD159	0	0	0
MCM3AP-AS1	68	394	64
MCM3AP	1071	74	1391
YBEY	255	16	246
C21orf58	517	0	527
PCNT	1317	15	1309
LOC128092249	0	0	0
LOC124905046	68	3	65
DIP2A	851	0	851
DIP2A-IT1	1	0	1
S100B	0	0	0
PRMT2	512	0	512
LOC124905058	17	0	17
LOC124905154	0	0	0
LOC105379418	0	0	0
FRG1FP	8	0	8
LOC107984037	3	0	3
LOC102723769	0	0	0
LOC107987323	13	0	13
LOC105379516	1	0	1
LOC105379428	0	0	0
LOC124905168	0	0	0
OR11H1	0	0	0
LOC112268291	0	0	0
POTEH	0	0	0
POTEH-AS1	0	0	0
PSLNR	0	0	0
DUXAP8	70	0	70
BMS1P22	16	16	0
LOC124905169	0	0	0
CCT8L2	0	0	0
TPTEP1	0	0	0
ANKRD62P1-PARP4P3	0	0	0
LINC01665	0	0	0
XKR3	0	0	0
HSFY1P1	0	0	0
GAB4	0	0	0
CECR7	69	0	69
IL17RA	493	0	493
TMEM121B	3	0	3
LINC01664	0	0	0
HDHD5	1086	3	1084
HDHD5-AS1	5	0	6
ADA2	0	0	0
LOC107985573	0	0	0
CECR3	0	0	0
CECR2	0	0	0
SLC25A18	29	28	3
LOC105372850	0	0	0
LOC101929372	1	0	3
ATP6V1E1	2894	0	2894
BCL2L13	1154	5	1149
BID	395	39	356
MIR3198-1	0	0	0
LINC00528	1	0	1
MICAL3	1339	0	1339
LOC124905075	0	0	0
MIR648	0	0	0
LINC01634	0	0	0
LOC105372853	7	7	0
PEX26	1071	6	1065
TUBA8	30	0	30
LOC124905076	2	1	1
USP18	205	0	205
FAM230D	0	0	0
LOC105372858	0	0	0
LOC105379518	0	0	0
FAM247D	0	0	0
FAM230J	0	0	0
LOC107987325	0	0	0
FAM230A	1	1	0
FAM247B	0	0	0
GGTLC3	0	0	0
TMEM191B	1	0	1
PI4KAP1	149	0	149
LOC124905077	1	1	0
LOC124905174	0	0	0
LOC124900482	0	0	0
RIMBP3	29	0	29
FAM246B	0	0	0
FAM230E	0	0	0
FAM247C	0	0	0
GGT3P	1	0	1
POM121L15P	1	1	0
LOC102724728	0	0	0
FAM230F	0	0	0
DGCR6	214	0	214
PRODH	55	11	44
LOC122455341	0	0	0
DGCR5	84	40	44
FAM246C	0	0	0
DGCR2	1090	1	1089
DGCR11	10	0	10
LOC124905078	8	0	8
ESS2	465	3	486
TSSK2	0	24	0
LOC112268297	0	0	0
GSC2	0	0	0
LINC01311	50	1	49
SLC25A1	3802	3	3799
CLTCL1	708	5	829
LOC112268289	6	132	0
LOC124900485	0	0	0
LOC105372859	4	156	0
HIRA	865	1	1016
MRPL40	693	0	693
C22orf39	272	1	386
UFD1-AS1	43	148	19
UFD1	844	8	843
CDC45	1044	1	1044
CLDN5	2	2	0
LINC00895	0	0	0
LOC124905079	0	0	0
SEPTIN5	0	0	0
SEPT5-GP1BB	0	0	0
GP1BB	0	0	0
LOC105372861	2	0	2
TBX1	472	11	465
GNB1L	140	3	141
RTL10	781	0	781
LOC124905080	9	0	9
TXNRD2	1220	81	1226
LOC124905081	0	0	0
COMT	1015	8	1095
MIR4761	0	0	0
ARVCF	194	10	185
LOC124905082	0	0	0
TANGO2	370	0	370
MIR185	0	0	0
DGCR8	665	1	664
MIR3618	0	0	0
MIR1306	0	0	0
TRMT2A	735	3	1003
MIR6816	0	0	0
RANBP1	2639	270	2640
SNORA77B	0	0	0
ZDHHC8	714	1	713
CCDC188	0	0	0
LINC02891	3	0	3
LOC105372862	33	1	61
LINC00896	66	93	4
LOC124905083	1	0	1
LOC105372863	0	0	0
RTN4R	274	0	274
MIR1286	0	0	0
DGCR6L	553	1	552
FAM230G	0	0	0
LOC124905153	0	0	0
ZNF74	190	0	190
SCARF2	160	0	160
LOC107985588	3	3	0
KLHL22	296	1	295
LOC124905085	1	1	0
LOC101928824	12	0	12
MED15	2164	1	2163
LOC124905084	0	0	0
POM121L4P	0	0	0
LOC107985584	2	2	0
TMEM191A	22	1	21
PI4KA	1451	6	1449
SERPIND1	0	0	0
SNAP29	682	0	686
CRKL	2966	0	2966
LINC01637	0	0	0
AIFM3	2	2	0
LZTR1	791	1	790
THAP7	566	0	624
THAP7-AS1	56	58	60
TUBA3FP	0	4	0
P2RX6	121	0	121
SLC7A4	9	9	0
MIR649	1	1	0
P2RX6P	11	0	11
LRRC74B	4	0	4
BCRP2	55	0	55
FAM230B	0	0	0
FAM247A	0	0	0
GGT2P	0	0	0
POM121L8P	10	10	0
FAM230H	0	0	0
LINC01651	0	0	0
FAM246A	0	0	0
RIMBP3B	4	0	4
LOC124900483	0	0	0
LOC124905172	0	0	0
HIC2	225	0	225
TMEM191C	9	3	6
PI4KAP2	320	0	320
LOC124905173	0	0	0
LOC124900484	0	0	0
RIMBP3C	0	0	0
UBE2L3	2429	7	2422
YDJC	996	38	958
CCDC116	7	3	4
SDF2L1	755	2	753
LOC107985532	15	0	15
MIR301B	0	0	0
MIR130B	0	0	0
PPIL2	720	1	807
YPEL1	4	87	5
MAPK1	1811	0	1811
PPM1F	868	0	960
PPM1F-AS1	2	92	2
TOP3B	773	3	770
PRAMENP	0	0	0
LOC102724653	0	0	0
VPREB1	0	0	0
LOC124905087	33	0	33
LOC105372952	21	0	21
BMS1P20	129	0	129
LOC101929255	0	0	0
ZNF280B	0	0	0
ZNF280A	0	0	0
PRAME	0	0	0
LL22NC03-63E9.3	0	0	0
POM121L1P	8	8	0
GGTLC2	0	0	0
LOC112267890	0	0	0
LL22NC03-102D1.18	0	0	0
LOC105372948	0	0	0
MIR650	0	0	0
LOC124905086	0	0	0
LOC102724638	0	0	0
MIR5571	0	0	0
IGLL5	0	0	0
LOC105372947	0	0	0
RSPH14	0	12	0
GNAZ	35	0	35
LOC124905170	0	0	0
RAB36	0	0	0
BCR	683	0	825
FBXW4P1	4	0	4
LOC107985554	0	130	0
LINC02556	0	0	0
CES5AP1	0	0	0
ZDHHC8BP	0	0	0
LINC01659	0	0	0
FAM230I	0	0	0
LINC02557	0	0	0
LOC107985580	0	0	0
LOC124900476	0	0	0
PCAT14	0	0	0
LOC105372957	0	0	0
IGLL1	0	0	0
DRICH1	22	0	22
LOC124905089	3	0	3
GUSBP11	188	0	241
RGL4	88	141	0
LOC124905088	0	0	0
ZNF70	74	0	74
VPREB3	9	0	9
C22orf15	4	4	0
CHCHD10	0	0	0
LOC107985577	0	0	0
MMP11	0	0	0
SMARCB1	0	0	0
DERL3	0	0	0
SLC2A11	0	0	0
MIF-AS1	0	0	0
MIF	0	0	0
LOC100652871	0	0	0
GSTT2B	175	0	175
DDTL	0	0	0
DDT	5	5	0
GSTT2	9	0	9
GSTT4	0	0	0
LOC105372959	0	0	0
CABIN1	1317	0	1317
SUSD2	131	0	131
LOC124905090	0	0	0
GGT5	27	0	27
POM121L9P	4	4	0
SPECC1L-ADORA2A	0	0	0
SPECC1L	296	0	296
LOC105372960	1	1	0
ADORA2A	6	0	6
ADORA2A-AS1	12	17	0
UPB1	0	0	0
GUCD1	1198	15	1218
SNRPD3	2512	22	2525
LOC124905091	14	14	0
GGT1	256	0	256
LRRC75B	11	0	11
BCRP3	0	0	2
POM121L10P	6	8	0
LOC124905092	0	0	0
LOC105372962	0	0	0
PIWIL3	1	0	1
TOP1P2	0	0	0
SGSM1	9	0	9
LOC124900481	0	0	0
LHFPL7	0	0	0
KIAA1671	898	0	899
KIAA1671-AS1	0	1	0
CRYBB3	25	0	25
CRYBB2	8	0	8
LOC105372969	0	0	0
IGLL3P	0	0	0
LRP5L	180	0	180
LOC124905095	0	0	0
LOC124905093	0	0	0
CRYBB2P1	349	0	349
MIR6817	0	0	0
LOC124905094	26	0	26
GRK3-AS1	0	3	0
GRK3	53	0	56
MYO18B	1	0	1
MYO18B-AS1	0	0	0
LOC102724801	0	0	0
LINC02559	0	0	0
LOC105372971	0	0	0
SEZ6L	0	0	0
SEZ6L-AS1	0	0	0
LOC124905096	0	0	0
ASPHD2	0	8	0
HPS4	523	1	530
SRRD	187	174	339
TFIP11	520	176	670
TFIP11-DT	87	0	87
TPST2	366	0	366
MIR548J	0	0	0
CRYBA4	0	0	0
CRYBB1	0	0	0
MIAT	11	0	11
MIATNB	13	0	13
LOC110091768	4	0	4
LINC01422	0	0	0
LOC107985582	1	0	1
LOC284898	0	0	0
LOC107985534	0	0	0
LOC105372977	0	0	0
LINC01638	0	0	0
LINC02554	0	0	0
LOC105372979	0	0	0
LOC102724900	0	0	0
LOC105372980	0	0	0
LOC105372981	1	0	1
LOC124905098	0	0	0
CPMER	0	0	0
MN1	1285	1	1284
LOC107985529	1	0	1
PITPNB	1507	1	1506
TTC28-AS1	113	46	128
MIR3199-1	0	0	0
MIR3199-2	0	0	0
TTC28	615	23	653
LOC124905171	0	0	0
MIR5739	0	0	0
LOC101929594	3	0	3
CHEK2	1688	1	1688
HSCB	324	5	320
CCDC117	725	0	725
XBP1	3479	3	3476
LOC107985549	11	0	11
ZNRF3	598	0	598
ZNRF3-AS1	0	0	0
C22orf31	0	0	0
KREMEN1	472	0	472
LOC101929638	0	0	0
EMID1	0	0	0
LOC124905099	0	0	0
LOC105372985	0	0	0
RHBDD3	553	1	553
EWSR1	4678	7	4672
GAS2L1	1206	0	1206
RASL10A	1	0	1
AP1B1	2260	0	2260
SNORD125	9	0	9
RFPL1	0	14	0
LOC102723305	2	0	5
RFPL1S	20	0	31
LOC107985541	15	0	15
NEFH	363	10	353
THOC5	712	0	712
NIPSNAP1	2379	0	2379
NF2	881	0	881
CABP7-DT	0	0	0
CABP7	4	127	0
ZMAT5	77	0	200
UQCR10	1190	2	1188
ASCC2	1007	1	1006
MTMR3	646	2	679
MIR6818	0	0	0
HORMAD2-AS1	0	35	0
HORMAD2	0	0	0
LOC105372988	0	0	0
LIF-AS1	0	0	0
LIF	66	0	74
LIF-AS2	0	8	0
OSM	0	0	0
CASTOR1	95	0	95
TBC1D10A	420	1	419
SF3A1	1890	4	1966
CCDC157	33	164	53
KIAA1656	13	34	78
RNF215	170	1	173
SEC14L2	171	7	164
MTFP1	510	1	509
LOC105372990	1	0	1
SEC14L3	3	3	1
LOC105372991	0	0	1
SDC4P	0	0	0
LOC107985579	0	0	0
SEC14L4	179	0	179
SEC14L6	0	0	0
GAL3ST1	23	0	23
PES1	2822	1	2821
TCN2	4	0	4
SLC35E4	83	13	86
DUSP18	23	4	35
OSBP2	2349	38	2966
MIR3200	0	0	0
LOC105372994	2	1	1
LOC107985544	17	645	27
MORC2-AS1	0	36	0
MORC2	927	1	962
TUG1	2303	1	2302
SMTN	1022	12	1010
SELENOM	582	0	582
LOC105372995	0	0	0
LOC124905100	0	0	0
INPP5J	714	3	711
PLA2G3	97	0	97
MIR3928	0	0	0
RNF185	768	1	767
LIMK2	249	2	247
PIK3IP1	52	8	44
LOC105372997	0	0	0
PATZ1	537	0	537
PIK3IP1-DT	5	5	0
LINC01521	47	12	35
DRG1	1527	2	1525
EIF4ENIF1	625	60	565
SFI1	902	45	899
PISD	763	5	800
MIR7109	0	0	0
PRR14L	851	1	850
DEPDC5	360	0	360
LOC105372998	0	0	0
LOC124905102	0	0	0
YWHAH-AS1	0	0	0
YWHAH	1256	0	1256
LOC124900477	5	0	5
LOC124905158	1	0	1
LINC02558	0	0	0
SLC5A1	0	0	0
LOC105373000	0	0	0
AP1B1P1	0	0	0
C22orf42	0	0	0
RFPL2	0	0	0
SLC5A4-AS1	6	0	6
SLC5A4	0	0	0
LOC107985561	0	0	0
RFPL3	0	4	0
RFPL3S	5	0	9
LOC339666	3	3	0
RTCB	1649	1	1648
BPIFC	0	0	0
FBXO7	2278	0	2278
SYN3	2	1	2
LOC124905103	83	0	84
SYN3-AS1	25	0	25
LOC107985545	0	0	0
LOC105373002	0	0	0
TIMP3	1126	2	1124
LOC124905104	3	0	3
LARGE1	0	0	0
LINC01640	0	0	0
LOC124905107	0	0	0
LARGE1-AS2	0	0	0
LOC124905106	0	0	0
MIR4764	0	0	0
LOC105373007	0	0	0
SNORA50B	0	0	0
LARGE-AS1	0	0	0
LARGE1-AS1	0	0	0
LINC01643	0	0	0
LL22NC03-13G6.2	0	0	0
LOC124905108	0	0	0
LOC105373012	0	0	0
LOC105373013	0	0	0
LINC02885	0	0	0
LOC105373014	0	0	0
LOC124905109	0	0	0
LOC105373015	0	0	0
ISX	0	0	0
LOC124905110	0	0	0
LINC01399	1	0	1
LOC105373017	2	2	0
HMGXB4	574	0	574
TOM1	769	0	769
MIR3909	0	0	0
MIR6069	0	0	0
HMOX1	646	0	646
MCM5	4094	0	4094
RASD2	166	165	10
LOC107985590	26	0	35
MB	209	0	209
LOC284912	1	1	0
APOL6	1424	1	1423
APOL5	1	1	0
RBFOX2	84	0	84
APOL3	149	0	149
APOL4	2	0	2
APOL2	851	1	850
APOL1	400	1	399
MYH9	8736	6	8730
MIR6819	0	0	0
MYH9-DT	2	1	1
LOC124905111	0	0	0
TXN2	1286	0	1286
FOXRED2	1211	3	1396
LOC105373020	0	188	0
EIF3D	5405	1	5404
CACNG2	0	0	0
CACNG2-DT	7	7	0
LOC124905112	0	0	0
IFT27	52	0	52
PVALB	0	0	0
NCF4-AS1	0	0	0
NCF4	0	0	0
LOC105373022	0	0	0
CSF2RB	0	0	0
LOC105373023	0	0	0
LOC124900478	1	0	1
LL22NC01-81G9.3	0	0	0
CIMIP4	0	0	0
TST	1157	3	1158
MPST	1400	3	1401
LOC112268295	4	0	4
KCTD17	0	0	0
TMPRSS6	0	0	0
LOC124905113	0	0	0
IL2RB	15	3	14
IL2RB-AS1	65	881	17
C1QTNF6	2039	14	2856
SSTR3	0	0	0
RAC2	0	0	0
LOC107985576	0	0	0
CYTH4	3	0	3
LOC105373024	0	0	0
ELFN2	347	2	345
LOC100506271	2	1	1
LOC124905114	0	0	0
MFNG	32	0	32
CARD10	920	0	920
CDC42EP1	2068	1	2067
LGALS2	11	11	0
GGA1	837	0	837
SH3BP1	17	4	76
PDXP-DT	0	59	4
PDXP	869	0	869
LGALS1	4682	1	4681
NOL12	393	1	392
TRIOBP	959	4	960
LOC124905115	2	4	3
LOC102724378	12	0	12
LOC124905159	0	0	0
H1-0	2027	3	2024
GCAT	559	0	559
GALR3	4	0	4
ANKRD54	485	7	479
MIR658	0	0	0
MIR659	1	0	1
EIF3L	6666	2	6665
MICALL1	648	3	650
C22orf23	98	98	5
POLR2F	551	0	551
MIR6820	3	0	3
SOX10	0	0	0
MIR4534	0	0	0
POLR2F-AS1	0	0	0
PICK1	567	0	567
SLC16A8	27	28	0
LOC105373027	7	0	8
BAIAP2L2	50	35	15
PLA2G6	263	1	262
MAFF	288	9	295
TMEM184B	1579	13	1712
SNORA92	2	0	2
TMEM184B-AS1	0	130	0
TPTEP2-CSNK1E	1	0	1
CSNK1E	10	2	8
TPTEP2	0	0	0
LOC105373030	3	0	3
LOC101927183	0	0	0
KCNJ4	0	0	0
LOC105373029	0	0	0
LOC124905116	0	0	0
KDELR3	264	15	263
DDX17	6899	4	6909
DMC1	2	0	2
LOC105373031	2	0	2
FAM227A	112	0	112
CBY1	245	51	196
TOMM22-DT	12	0	14
TOMM22	360	1	361
JOSD1	1227	27	1202
GTPBP1	1680	742	2004
SUN2	368	350	1084
DNAL4	121	0	121
NPTXR	393	0	393
CBX6	1163	0	1163
LOC105373032	0	0	0
APOBEC3A	1	0	1
LOC105373033	0	0	0
LOC124905118	0	0	0
APOBEC3B	525	1	746
APOBEC3B-AS1	0	227	0
APOBEC3C	993	0	993
APOBEC3D	6	0	6
APOBEC3F	0	0	0
LOC107985563	0	1	0
APOBEC3G	0	0	0
LOC101927202	0	0	0
APOBEC3H	10	0	10
CBX7	221	0	221
PDGFB	968	3	965
LOC124905119	0	0	0
RPL3	36239	13	36227
SNORD83B	11	0	11
SNORD83A	21	0	21
SNORD139	6	0	6
SNORD43	13	0	13
SYNGR1	0	0	0
TAB1	549	0	549
LOC100506472	40	0	40
MGAT3	2	0	2
MGAT3-AS1	1	1	0
MIEF1	1402	0	1402
LOC105373035	3	0	3
MIURF	0	0	0
ATF4	4979	1	4978
RPS19BP1	759	0	759
LOC124905120	0	0	0
CACNA1I	2	0	2
ENTHD1	0	0	0
GRAP2	0	0	0
TMA7B	0	0	0
LOC124905155	0	0	0
FAM83F	65	0	66
TNRC6B-DT	1	1	1
TNRC6B	630	5	625
LOC124905121	0	0	0
ADSL	1494	0	1494
SGSM3	1611	8	1603
MRTFA	963	8	955
MRTFA-AS1	0	0	0
LOC105373037	0	0	0
LOC124905122	2	0	2
LOC124905123	1	1	0
MCHR1	0	0	0
SLC25A17	784	0	784
MIR4766	0	0	0
ST13	4343	0	4343
XPNPEP3	357	0	376
DNAJB7	4	23	0
LOC124905124	0	0	0
LOC124905157	0	0	0
RBX1	821	0	821
SNORD140	0	0	0
MIR1281	0	0	0
EP300	1212	1	1211
EP300-AS1	46	0	46
L3MBTL2	678	0	1092
L3MBTL2-AS1	2	222	0
CHADL	0	194	0
RANGAP1	2975	5	2970
MIR6889	0	0	0
ZC3H7B	1562	1	1561
TEF	211	0	211
LOC100996598	0	0	0
LOC105373042	1	1	0
TOB2	1115	4	1112
LOC105373043	10	4	7
PHF5A	445	0	445
ACO2	1591	202	2730
POLR3H	482	1167	656
LOC105373044	0	0	0
CSDC2	17	0	17
PMM1	408	0	408
DESI1	1342	0	1342
XRCC6	11493	4	11489
SNU13	2582	7	2580
LOC107985567	42	0	42
C22orf46P	431	1	435
MEI1	3	2	1
CCDC134	83	2	337
SREBF2-AS1	3	417	3
SREBF2	4668	4	4825
MIR33A	0	0	0
SHISA8	0	0	0
LOC124905125	35	0	35
TNFRSF13C	87	0	87
MIR378I	0	0	0
CENPM	316	1	517
SMIM45	14	201	15
SEPTIN3	5	0	5
WBP2NL	2	0	2
NAGA	501	0	501
LOC107985551	3	0	3
PHETA2	59	0	59
SMDT1	0	0	0
NDUFA6	0	0	0
NDUFA6-DT	0	2	0
CYP2D6	3	1	4
CYP2D7	0	0	0
LOC105377203	0	0	0
TCF20	26	7	26
OGFRP1	5	1	11
LINC01315	138	0	138
LOC124905126	4	0	4
NFAM1	14	0	14
LOC101927344	5	0	5
SERHL	0	303	1
LOC101927372	1	0	3
RRP7A	987	1	1299
LOC124900479	30	40	0
SERHL2	115	163	0
RRP7BP	238	0	286
POLDIP3	2119	2	2117
LOC124905127	4	0	4
RNU12	0	0	0
CYB5R3	5229	2	5227
ATP5MGL	1	0	1
A4GALT	667	0	667
ARFGAP3	933	0	933
PACSIN2	1227	1	1352
LOC101927393	25	144	7
LOC124905128	0	0	0
TTLL1-AS1	1	11	0
TTLL1	41	0	51
BIK	35	1	34
MCAT	603	1	602
TSPO	2787	3	2784
TTLL12	2409	4	2405
SCUBE1	1	0	1
SCUBE1-AS2	0	0	0
LOC124905129	0	0	0
SCUBE1-AS1	0	0	0
LOC105373053	0	0	0
LINC01639	0	0	0
MPPED1	0	0	0
EFCAB6-AS1	0	0	0
EFCAB6	0	0	0
LOC101927474	0	0	0
LOC124905130	0	0	0
EFCAB6-DT	0	0	0
SULT4A1	0	0	0
PNPLA5	0	0	0
PNPLA3	146	0	146
SAMM50	1346	1	1345
PARVB	873	0	873
LOC124905131	19	0	19
TRU-TCA2-1	0	0	0
PARVG	1	0	1
SHISAL1	423	0	423
LOC101927499	0	0	0
LINC01656	0	0	0
RTL6	1640	2	1638
LOC105373059	0	0	0
LINC00207	0	0	0
LINC00229	0	0	0
LOC105373060	0	0	0
LOC124905132	0	0	0
PRR5	171	0	171
PRR5-ARHGAP8	0	0	0
ARHGAP8	0	0	0
LOC105373062	6	5	1
LOC124905133	2	0	2
PHF21B	0	0	0
LOC101927551	0	0	0
NUP50-DT	235	2	235
NUP50	1719	1	1721
LOC105373064	6	5	2
KIAA0930	1252	1	1251
MIR1249	0	0	0
UPK3A	0	0	0
FAM118A	250	0	250
SMC1B	3	3	0
RIBC2	0	0	0
LOC107985537	0	0	0
LOC105373066	11	0	11
FBLN1	10987	7	10980
LINC01589	6	1	5
LOC105373069	6	1	5
LOC105373067	2	2	0
LOC105373068	0	0	0
ATXN10	3315	5	3310
MIR4762	0	0	0
LOC105373071	13	0	13
LOC107985535	0	0	0
WNT7B	869	1	868
LOC730668	10	0	10
LOC124905134	27	2	25
LOC124905136	11	0	11
LINC00899	34	8	36
LOC124905135	43	3	50
PRR34	21	16	20
PRR34-AS1	12	0	26
LINC02939	4	3	1
MIRLET7BHG	0	0	0
LOC112268288	6	0	6
MIR3619	0	0	0
MIRLET7A3	0	0	0
MIR4763	0	0	0
MIRLET7B	0	0	0
LOC124905137	0	0	0
LOC124905138	0	0	0
PPARA	232	0	232
LOC105373074	0	0	0
CDPF1	208	0	208
PKDREJ	3	1	2
TTC38	852	1	851
GTSE1-DT	7	0	7
GTSE1	773	1	772
TRMU	892	4	888
CELSR1	1519	0	1519
LINC02925	15	4	11
LOC105373075	0	0	0
GRAMD4	290	2	288
CERK	820	1	819
LOC105373077	6	0	6
TBC1D22A-DT	109	0	109
TBC1D22A	543	1	542
TBC1D22A-AS1	0	0	0
LOC105369161	10	0	10
LOC124905141	0	0	0
LOC124905139	0	0	0
LOC124905140	0	0	0
LOC339685	0	0	0
LINC01644	0	0	0
LINC00898	0	0	0
EPIC1	6	0	6
LOC124905150	0	0	0
LOC107985536	0	0	0
LOC107985581	0	0	0
MIR3201	0	0	0
LOC105373080	0	0	0
LOC105373081	0	0	0
LOC124905142	0	0	0
TAFA5	0	0	0
LOC284933	0	0	0
LOC124900480	0	0	0
MIR4535	0	0	0
LINC01310	0	0	0
NHIP	0	0	0
LOC105373086	0	0	0
LOC124905143	0	0	0
MIR3667HG	0	0	0
MIR3667	0	0	0
LOC124905144	0	0	0
LOC124905145	0	0	0
LOC124905146	0	0	0
BRD1	695	0	695
LOC105377205	0	0	1
LOC124905156	2	0	2
LOC105373091	0	0	0
ZBED4	535	12	526
LOC124905147	0	1	0
ALG12	455	17	445
CRELD2	687	31	663
PIM3	2751	2	2749
MIR6821	0	0	0
IL17REL	18	3	15
TTLL8	1	0	1
MLC1	0	0	0
MOV10L1	1	0	1
PANX2	101	1	100
TRABD	1389	5	1628
TRABD-AS1	10	243	11
SELENOO	851	18	1280
SELENOO-AS1	123	555	15
TUBGCP6	884	2	882
HDAC10	538	5	533
MAPK12	447	0	447
MAPK11	563	0	563
PLXNB2	7701	3	7698
DENND6B	84	7	90
LOC105373096	3	15	1
PPP6R2	1081	95	1072
MIR12114	1	0	1
SBF1	2677	14	2749
ADM2	65	0	65
MIOX	0	0	0
LMF2	1839	2	1837
NCAPH2	997	598	1053
SCO2	28	82	577
TYMP	3482	7	3475
CIMAP1B	433	19	414
LOC102724608	0	12	2
KLHDC7B-DT	3	148	14
KLHDC7B	428	1	572
SYCE3	2	0	2
LOC107985568	3	23	3
CHKB-CPT1B	0	0	0
CPT1B	3	0	3
CHKB	0	0	0
CHKB-DT	68	0	68
MAPK8IP2	123	0	123
ARSA	825	0	825
LOC124905149	5	0	5
SHANK3	0	0	0
LOC105373100	0	0	0
ACR	0	0	0
RPL23AP82	109	19	110
RABL2B	224	8	236
LOC102724751	7	0	15
LOC124905330	0	6	0
LOC102724151	0	0	0
LOC102724197	0	0	0
LOC105379548	0	0	0
LOC107987389	0	0	0
LOC107987392	4	1	3
RNA45SN4	35	0	50
RNA18SN4	0	0	0
RNA5-8SN4	0	0	0
RNA28SN4	0	0	0
LOC105379549	27	3	24
LOC107987393	8	0	8
LOC124905331	78	103	2
PLCXD1	0	0	0
GTPBP6	0	0	0
LINC00685	0	0	0
PPP2R3B	0	0	0
LOC102724521	0	0	0
SHOX	0	0	0
CRLF2	0	0	0
CSF2RA	0	0	0
LOC124905238	0	0	0
MIR3690	0	0	0
IL3RA	0	0	0
LOC101928032	0	0	0
SLC25A6	0	0	0
LOC124900597	1	0	1
LINC00106	0	0	0
ASMTL-AS1	0	0	0
ASMTL	0	0	0
P2RY8	0	0	0
AKAP17A	0	0	0
ASMT	0	0	0
LINC02968	0	0	0
LOC105379413	0	0	0
LOC107985677	0	0	0
DHRSX	0	0	0
LOC124905239	0	0	0
ZBED1	0	0	0
LINC03112	0	0	0
MIR6089	0	0	0
CD99P1	0	0	0
LINC00102	0	0	0
CD99	0	0	0
XG	0	0	0
GYG2	6	0	6
ARSD	0	0	0
ARSD-AS1	0	0	0
ARSL	0	0	0
ARSH	0	0	0
ARSF	0	0	0
LINC01546	0	0	0
MXRA5	0	0	0
SNORA48B	0	0	0
PRKX	522	0	522
PRKX-AS1	0	0	0
LOC389906	156	8	148
LOC124900487	150	3	147
TRI-GAT1-1	0	0	0
FAM239A	88	0	88
TRI-GAT1-2	0	0	0
FAM239B	12	0	12
TRI-GAT1-3	0	0	0
FAM239C	5	0	5
LOC101928201	0	0	0
LOC124900497	0	0	0
LINC03070	0	0	0
NLGN4X	637	0	637
LOC105373156	0	0	0
MIR4770	0	0	0
VCX3A	0	0	0
LOC124905240	0	0	0
PUDP	539	7	589
LOC107987331	0	0	0
STS	880	56	876
MIR4767	0	0	0
LOC124905241	0	0	0
VCX	0	0	0
PNPLA4	268	1	271
LOC107985675	23	3	24
MIR651	0	0	0
VCX2	0	0	0
LOC107985676	0	0	0
VCX3B	0	0	0
LINC03113	0	0	0
ANOS1	0	0	0
FAM9A	0	0	0
LINC03114	0	0	0
FAM9B	1	0	1
LOC124905242	0	0	0
LOC107985634	0	0	0
TBL1X	1061	1	1061
GPR143	1	2	0
LOC105373126	2	0	2
SHROOM2	0	0	0
CLDN34	0	0	0
WWC3	0	0	0
CLCN4	2	0	2
MID1	620	1	643
LOC124905245	3	23	4
HCCS-DT	18	0	18
LOC124905244	0	0	0
LOC124905243	1	1	0
HCCS	1438	0	1438
ARHGAP6	1	0	1
AMELX	0	0	0
MIR548AX	0	0	0
LOC124905246	0	0	0
LOC105373131	0	0	0
MSL3-DT	0	0	0
MSL3	760	1	759
FRMPD4	0	0	0
FRMPD4-AS1	0	0	0
PRPS2	1331	0	1331
TLR7	1	0	1
TLR8-AS1	0	0	0
TLR8	0	0	0
TMSB4X	13461	11	13450
FAM9C	0	0	0
LOC105373133	0	0	0
LOC105373134	0	0	0
LINC02154	1	0	1
GS1-600G8.3	0	0	0
ATXN3L	0	0	0
LINC01203	0	0	0
LOC124905248	0	0	0
EGFL6	0	0	0
MIR6086	0	0	0
LOC107985657	0	2	5
TCEANC	51	5	53
LOC107985656	19	0	19
RAB9A	1488	0	1488
TRAPPC2	259	9	276
OFD1	859	97	831
GPM6B	49	47	45
GEMIN8	284	1	283
UBE2E4P	1	0	1
GLRA2	0	0	0
LOC107985686	2	0	2
FANCB	183	0	183
MOSPD2	556	0	556
ASB9	238	0	238
ASB11	0	0	0
PIGA	828	0	828
PIR-FIGF	0	0	0
VEGFD	1	0	1
PIR	10	0	10
BMX	1	1	0
ACE2	83	0	83
ACE2-DT	1	0	1
CLTRN	0	15	6
CA5BP1	401	0	401
CA5BP1-CA5B	1	0	1
LOC124905268	0	0	0
CA5B	0	0	0
INE2	0	55	0
ZRSR2	330	2	330
AP1S2	291	5	288
GRPR	1	0	2
MAGEB17-AS1	0	1	5
MAGEB17	4	9	0
LOC124905249	0	0	0
CTPS2	830	0	830
MIR548AM	0	0	0
S100G	0	0	0
SYAP1	1871	2	1869
LOC124905250	0	0	0
TXLNG	1557	17	1834
LOC124905251	25	227	11
RBBP7	11849	77	11853
REPS2	455	1	454
LOC124905266	0	0	0
LOC124905252	0	0	0
LOC124905270	0	0	0
NHS	635	5	630
MIR4768	0	0	0
LOC101928389	0	0	0
NHS-AS1	1	0	1
LOC105373142	1	1	0
SCML1	1185	2	1183
RAI2	2	0	2
LINC01456	0	0	0
BEND2	0	0	0
SCML2	418	0	418
LOC124905253	0	0	0
CDKL5	611	0	623
RS1	2	12	2
TRV-TAC1-2	0	0	0
PPEF1	407	0	407
PPEF1-AS1	0	0	0
LOC124905254	15	0	15
PHKA2-AS1	108	239	364
PHKA2	1040	602	933
LOC101928415	21	6	17
ADGRG2	774	8	768
PDHA1	7190	56	8309
MAP3K15	99	1139	135
SH3KBP1	1215	1	1214
LOC124905255	0	0	0
BCLAF3	171	0	171
LOC124905256	0	0	0
LOC729609	0	0	0
MAP7D2	7	0	7
MIR23C	0	0	0
EIF1AX	2684	0	2684
SCARNA9L	0	0	0
EIF1AX-AS1	0	0	0
RPS6KA3	1602	4	1598
LOC124905257	0	0	0
LOC124905258	0	0	0
LOC105373146	0	0	0
CNKSR2	0	0	0
KLHL34	0	0	0
SMPX	4	0	4
MBTPS2	1647	0	1647
YY2	111	0	111
LOC124905259	27	0	27
SMS	3332	2	3330
PHEX	7	0	9
PHEX-AS1	0	0	0
PTCHD1-AS	0	2	0
CBLL2	0	0	0
DDX53	0	0	0
PTCHD1	0	0	0
LOC124905276	0	0	0
PRDX4	3535	2	3533
ACOT9	1308	1	1307
SAT1-DT	6	0	6
SAT1	2430	1	2429
LOC127933115	0	0	0
APOO	898	0	907
CXorf58	0	9	0
KLHL15	706	0	706
EIF2S3	12556	7	12549
LOC124905261	9	0	9
LOC124905260	6	0	6
LOC124900492	0	0	0
ZFX-AS1	7	7	0
ZFX	1308	3	1305
SUPT20HL2	0	0	0
SUPT20HL1	0	0	0
PDK3	577	0	577
PCYT1B	0	0	0
PCYT1B-AS1	0	0	0
LOC124905262	0	0	0
POLA1	2249	0	2249
SCARNA23	0	0	0
LOC124905263	14	0	14
ARX	0	0	0
LOC107985652	0	0	0
LOC107985707	0	0	0
MAGEB18	0	0	0
MAGEB6B	0	0	0
MAGEB6	2	0	2
MAGEB5	0	0	0
VENTXP1	0	0	0
LOC124905231	0	0	0
LOC105373150	14	0	14
PPP4R3C	0	0	0
DCAF8L2	0	0	0
MAGEB10	0	0	0
DCAF8L1	0	0	0
LOC105373151	0	0	0
LOC105373152	0	0	0
MIR6134	0	0	0
IL1RAPL1	0	0	0
MIR4666B	0	0	0
LOC107985632	0	0	0
MAGEB2	3	0	3
MAGEB3	0	0	0
MAGEB4	0	0	0
MAGEB1	0	0	0
NR0B1	0	0	0
TASL	0	0	0
GK	169	0	208
GK-AS1	2	41	0
TAB3	716	1	715
TAB3-AS1	11	11	0
FTHL17	0	0	0
DMD	1504	0	1504
LOC124905175	0	0	0
MIR3915	0	0	0
MIR548F5	0	0	0
LOC124905283	0	0	0
LOC105373153	0	0	0
FAM47A	0	0	0
LOC107985674	0	0	0
TMEM47	0	0	0
FAM47B	0	0	0
MAGEB16	0	0	0
CFAP47	0	0	0
LOC101928627	0	0	0
LOC105373155	0	0	0
FAM47C	0	0	0
FTHL18P	0	0	0
PRRG1	583	0	583
LANCL3	1	0	1
XK	106	0	106
CYBB	27	0	27
DYNLT3	944	0	944
SYTL5	0	0	0
H2AP	0	0	0
H2AL3	0	0	0
MIR548AJ2	0	0	0
SRPX	3	0	3
LOC124905176	0	0	0
RPGR	114	0	114
OTC	0	0	0
TSPAN7	0	0	0
MID1IP1-AS1	17	176	4
MID1IP1	2913	10	3066
LOC124905178	0	0	0
LOC124905177	0	0	0
LOC105373175	0	0	0
LINC01281	0	0	0
LINC01282	0	0	0
LOC105373176	0	0	0
LINC01283	0	0	0
MIR3937	0	0	0
LOC105373178	0	0	0
LOC105373177	0	0	0
MIR1587	0	0	0
LOC105373180	19	0	19
LINC03053	5	3	2
BCOR	2595	12	2583
LOC107985687	26	2	24
LINC03099	22	0	22
LOC124905275	0	0	0
LOC105373182	2	0	2
ATP6AP2	2952	0	2952
MPC1L	0	0	0
CXorf38	683	0	683
MED14	2093	1	2107
MED14OS	1	15	1
TNIP2P1	0	0	0
USP9X	4259	1	4258
LINC02601	7	2	5
DDX3X	8184	6	8178
NYX	1	0	1
CASK	331	0	473
CASK-AS1	0	118	0
LOC124905180	6	28	2
GPR34	2	2	0
GPR82	0	0	0
LOC124905181	0	0	0
LOC105373186	0	0	0
PPP1R2C	0	0	0
LOC105373188	0	0	0
PINCR	2	0	2
MAOA	6	0	6
MAOB	12	0	12
NDP	0	0	0
NDP-AS1	0	0	0
EFHC2	3	0	3
FUNDC1	308	0	308
DUSP21	0	0	0
LOC105373190	0	0	0
KDM6A	404	0	404
DIPK2B	0	0	0
LOC105373191	0	0	0
LINC01204	0	0	0
MFFP3	0	0	0
MIR222HG	47	0	47
MIR221	0	0	0
MIR222	0	0	0
LINC02595	1	0	1
LOC124900502	0	0	0
LINC01186	6	0	6
KRABD4	219	0	219
ZNF674	42	7	35
LOC124900488	2	0	2
ZNF674-AS1	69	0	69
CHST7	1	0	1
SLC9A7	25	2	24
LOC124905182	0	1	0
RP2	283	1	282
LINC01545	0	0	0
JADE3	771	0	771
RGN	2	0	2
LOC105373193	0	3	2
LOC107985720	7	2	10
NDUFB11	2208	95	2217
RBM10	1399	10	1493
UBA1	10655	2	10653
LOC105373194	13	79	6
INE1	1	4	21
CDK16	2724	3	2768
USP11	1056	0	1056
LOC124905277	0	0	0
LOC124905264	0	0	0
ZNF157	0	0	0
SNORA11C	0	0	0
ZNF41	190	6	193
LINC01560	35	3	40
LOC124905183	3	0	3
LOC124905184	5	81	7
ARAF	1595	2	1676
SYN1	2	0	2
TIMP1	5720	5	5715
MIR4769	0	0	0
CFP	15	0	15
ELK1	1197	0	1197
UXT	193	0	638
UXT-AS1	0	445	0
CXXC1P1	0	0	0
ZNF81	186	0	186
ZNF182	0	0	0
SPACA5	0	0	0
ZNF630-AS1	0	0	0
ZNF630	0	0	0
LOC124905272	0	0	0
SSX6P	0	0	0
SPACA5B	0	0	0
SSX5	0	0	0
SSX1	0	0	0
SSX9P	0	0	0
SSX3	0	0	0
SSX4	0	0	0
SSX4B	0	0	0
SLC38A5	1474	1	1473
LOC124905185	4	336	4
FTSJ1	1529	0	1865
PORCN-DT	14	1	14
PORCN	506	1	506
EBP	2344	4	2340
TBC1D25	509	0	509
RBM3	2283	16	2267
WDR13	1444	2	1442
LOC107985695	0	0	0
LOC124905186	0	0	0
WAS	6	0	6
LOC124905187	3	0	3
SUV39H1	1104	1	1103
GLOD5	0	0	0
GATA1	0	0	0
HDAC6	1113	0	1113
ERAS	0	0	0
PCSK1N	0	0	0
TIMM17B	0	0	0
PQBP1	0	0	0
SLC35A2	0	0	0
PIM2	0	0	0
OTUD5	0	0	0
KCND1	0	0	0
GRIPAP1	0	0	0
TFE3	0	0	0
CCDC120	0	0	0
PRAF2	0	0	0
WDR45	0	0	0
GPKOW	0	0	0
LOC105373195	0	0	0
MAGIX	0	0	0
PLP2	3821	67	5434
PRICKLE3	897	1618	959
SYP	7	0	8
SYP-AS1	0	1	0
CACNA1F	0	0	0
CCDC22	505	1	521
FOXP3	7	18	6
FLICR	0	0	0
PPP1R3F	271	0	271
GAGE10	0	0	0
LOC124905188	1	0	1
GAGE12J	0	0	0
GAGE13	0	0	0
GAGE12B	0	0	0
GAGE12C	0	0	0
GAGE12D	0	0	0
GAGE12E	0	0	0
GAGE12F	0	0	0
GAGE12G	0	0	0
GAGE12H	0	0	0
GAGE2A	37	0	37
GAGE1	301	0	301
PAGE1	1287	0	1287
PAGE4	0	0	0
USP27X-DT	3	0	3
USP27X	11	0	11
CLCN5	256	0	256
MIR532	0	0	0
MIR188	0	0	0
MIR500A	0	0	0
MIR362	0	0	0
MIR501	0	0	0
MIR500B	0	0	0
MIR660	0	0	0
MIR502	0	0	0
AKAP4	0	0	0
CCNB3	5	0	5
DGKK	0	0	0
SHROOM4	0	0	0
BMP15	0	0	0
ASMER2	0	0	0
LINC01284	0	0	0
LOC105373204	0	0	0
NUDT10	0	0	0
EZHIP	0	0	0
NUDT11	0	0	0
LINC01496	0	0	0
CENPVL3	0	0	0
LOC105373205	0	0	0
CENPVL2	0	0	0
CENPVL1	0	0	0
GSPT2	0	0	0
MAGED1	22	0	22
LOC401589	0	0	0
LOC105377208	0	0	0
MAGED4B	0	0	0
SNORA11E	0	0	0
MAGED4	0	0	0
SNORA11D	0	0	0
LOC105377209	0	0	0
MIR8088	0	0	0
LOC124905189	0	0	0
XAGE2	0	0	0
XAGE1A	0	0	0
XAGE1B	0	0	0
LOC107985659	0	0	0
SSX8P	0	0	0
SSX7	0	0	0
SSX2	13	0	13
SSX2B	1	0	1
SPANXN5	0	0	0
XAGE5	0	0	0
XAGE3	0	0	0
FAM156B	1	0	1
LOC124905190	5	0	5
FAM156A	6	0	6
GPR173	0	0	0
TSPYL2	832	1	831
KANTR	38	2	36
KDM5C	3166	6	3160
MIR6895	0	0	0
MIR6894	0	0	0
IQSEC2	602	1	601
LOC124905191	13	0	13
SMC1A	4351	2	4349
MIR6857	0	0	0
RIBC1	25	0	25
HSD17B10	2246	5	2241
HUWE1	7114	6	7108
MIR98	0	0	0
MIRLET7F2	0	0	0
PHF8	465	3	462
FAM120C	219	1	218
WNK3	2	2	0
TSR2	402	298	460
FGD1	436	69	723
GNL3L	766	0	766
ITIH6	0	0	0
MAGED2	1684	0	1684
SNORA11	2	0	2
TRO	1	1	0
SNORA11G	0	0	0
PFKFB1	3	0	3
APEX2	1656	1	1655
ALAS2	5	5	0
PAGE2B	4	0	4
PAGE2	0	0	0
VCF2	147	0	147
SNORA109	0	0	0
PAGE5	0	0	0
PAGE3	0	0	0
LOC100421746	0	0	0
MIR4536-2	0	0	0
MIR4536-1	0	0	0
MAGEH1	0	0	0
USP51	0	0	0
LOC101928692	0	0	0
FOXR2	0	0	0
XAGE-4	0	0	0
RRAGB	181	0	181
KLF8	2	0	2
LOC124905192	0	0	0
LOC124905193	0	0	0
LOC124900486	0	0	0
UBQLN2	774	6	768
LOC124905194	1	0	1
NBDY	491	0	491
UQCRBP1	0	0	0
SPIN3	219	0	219
SPIN2B	101	0	101
FAAH2	361	0	361
SPIN2A	2	2	0
ZXDB	606	2	604
LOC107985708	1	1	0
NLRP2B	0	0	0
LOC124905232	0	0	0
ZXDA	103	8	95
LOC105377211	1	0	1
LOC105377212	1	0	1
SPIN4-AS1	0	18	0
SPIN4	190	0	208
LINC01278	264	0	264
ARHGEF9	258	0	258
ARHGEF9-IT1	0	0	0
LOC128031833	0	0	0
MIR1468	0	0	0
AMER1	348	0	348
LOC112268307	0	0	0
ASB12	0	0	0
MTMR8	0	0	0
PFN5P	0	0	0
LOC124905195	0	0	0
LOC105373239	0	0	0
ZC4H2	0	0	0
ZC3H12B	38	40	2
LAS1L	1516	0	1520
FRMD8P1	0	0	0
MSN	8329	0	8329
MIR223HG	0	0	0
MIR223	0	0	0
VSIG4	0	0	0
HEPH	0	0	0
EDA2R	47	0	47
LOC105373240	0	0	0
AR	0	0	0
NXTAR	2	0	2
OPHN1	359	0	359
YIPF6	983	0	983
STARD8	298	0	298
EFNB1	199	0	199
LOC102723911	0	0	0
LOC105373242	0	0	0
LOC124905196	0	0	0
LOC107985646	0	0	0
PJA1	45	0	45
LINC00269	0	0	0
NALF2	0	0	0
EDA	0	0	0
MIR676	0	0	0
AWAT2	0	0	0
OTUD6A	0	0	0
IGBP1	1520	1	1537
LOC107985683	6	24	0
DGAT2L6	0	0	0
AWAT1	0	0	0
P2RY4	1	0	1
ARR3	3	3	0
RAB41	11	13	0
PDZD11	626	0	629
KIF4A	1189	5	1185
GDPD2	0	0	1
LOC105373244	0	1	0
DLG3	497	0	502
DLG3-AS1	0	5	0
TEX11	0	0	0
SNORD3E	0	0	0
SLC7A3	0	0	0
SNX12	1101	3	1098
FOXO4	362	1	361
CXorf65	1	0	1
IL2RG	85	0	85
MED12	1442	4	1442
LOC124905197	57	60	1
NLGN3	141	0	141
LOC107985688	0	0	0
GJB1	0	0	0
ZMYM3	1562	4	1561
LOC105373247	4	1	5
NONO	9130	2	9128
ITGB1BP2	5	0	5
LOC124905198	0	0	0
TAF1	636	0	636
INGX	0	0	0
OGT	3468	2	3466
GCNA	42	0	42
CXCR3	1	1	0
LOC100129291	0	0	0
LOC101059915	0	0	0
LINC00891	0	0	0
CXorf49	0	0	0
CXorf49B	0	0	0
LOC100132741	0	0	0
LOC101060274	0	0	0
NHSL2	0	0	0
RPS26P11	0	0	0
RTL5	1	0	1
PIN4	166	0	166
ERCC6L	127	0	127
RPS4X	19192	8	19184
CITED1	10	0	11
LOC105373250	1	1	1
HDAC8	496	0	496
PHKA1	404	0	404
PHKA1-AS1	0	0	0
LOC124905290	0	0	0
DMRTC1B	0	0	0
FAM226B	0	0	0
FAM236B	0	0	0
FAM236D	0	0	0
DMRTC1	0	0	0
FAM236C	0	0	0
FAM236A	0	0	0
FAM226A	0	0	0
PABPC1L2B-AS1	0	0	0
PABPC1L2B	0	0	0
PABPC1L2A	0	0	0
LOC101928380	0	0	0
NAP1L6P	0	0	0
NAP1L2	0	0	0
CDX4	0	0	0
MAP2K4P1	0	0	0
CHIC1	0	0	0
TSIX	0	0	0
XIST	0	0	0
JPX	69	0	69
FTX	13	6	7
MIR421	0	0	0
MIR374B	0	0	0
MIR374C	0	0	0
MIR545	0	0	0
MIR374A	0	0	0
LOC124905199	1	0	1
ZCCHC13	0	0	0
LOC105373252	0	0	0
SLC16A2	67	0	67
RLIM	1790	1	1789
NEXMIF	0	0	0
ABCB7	780	0	780
UPRT	164	0	164
LOC124905200	0	0	0
ZDHHC15	0	0	0
LOC107985664	0	0	0
TTC3P1	0	0	0
MAGEE2	0	0	0
PBDC1	2	0	2
MAGEE1	0	0	0
MIR325HG	0	0	0
MIR384	0	0	0
MIR325	0	0	0
LOC105373254	0	0	0
FGF16	0	0	0
ATRX	1075	0	1075
MAGT1	1535	1	1534
COX7B	2353	0	2353
ATP7A	407	0	407
PGAM4	0	0	0
LOC124905201	0	0	0
PGK1	24516	14	24503
TAF9B	725	478	248
LOC107985669	0	0	0
CYSLTR1	0	0	0
LOC107985670	0	0	0
RTL3	0	0	0
LPAR4	0	0	0
MIR4328	0	0	0
P2RY10	0	0	0
GPR174	0	0	0
ITM2A	0	0	0
LOC105373282	0	0	0
TBX22	0	0	0
CHMP1B2P	0	0	0
TENT5D	0	0	0
BRWD3	667	1	668
LOC124905202	16	1	17
LOC124900504	0	0	0
HMGN5	402	0	402
SH3BGRL	179	0	179
LOC124905203	0	0	0
LOC105373284	0	0	0
LOC105373285	0	0	0
LOC105373286	0	0	0
EIF3JP1	0	0	0
LOC124900496	0	0	0
LOC105373287	0	0	0
LOC105373288	0	0	0
LOC107985635	0	0	0
POU3F4	0	0	0
CYLC1	0	0	0
RPS6KA6	0	0	0
MIR548I4	0	0	0
HDX	0	0	0
UBE2DNL	0	0	0
APOOL	343	0	471
SATL1	1	129	0
LOC101928128	0	0	0
ZNF711	0	0	0
POF1B	4	0	4
MIR1321	0	0	0
CHM	368	0	368
MIR361	0	0	0
DACH2	0	0	0
KLHL4	0	0	0
LOC124905233	117	0	117
LOC124900505	0	0	0
LOC107985713	0	0	0
CPXCR1	0	0	0
LOC107985653	0	0	0
LOC102724150	0	0	0
TGIF2LX	0	0	0
LOC105373292	0	0	0
LOC107985700	0	0	0
PABPC5-AS1	0	0	0
PABPC5	0	0	0
LOC105373293	0	0	0
PCDH11X	0	0	0
NAP1L3	0	0	0
FAM133A	29	0	29
LOC124900491	0	0	0
LOC107985704	0	0	0
LOC107985647	0	0	0
LOC107985710	0	0	0
MIR548M	0	0	0
LOC124905234	0	0	0
BRDTP1	0	0	0
LOC105373294	0	0	0
LOC107985714	0	0	0
LOC105373296	0	0	0
DIAPH2	0	0	0
RPA4	0	0	0
DIAPH2-AS1	0	0	0
ERVFC1	0	0	0
LINC03077	16	0	16
PCDH19	0	0	0
TNMD	0	0	0
LOC105373298	0	0	0
TSPAN6	466	0	466
SRPX2	16	44	18
SYTL4	46	2	90
CSTF2	668	1	667
LOC124900498	0	0	0
NOX1	12	12	0
XKRX	21	0	21
ARL13A	1	2	0
TRMT2B	390	2	389
TMEM35A	0	0	0
CENPI	359	0	359
DRP2	47	0	47
TAF7L	4	3	1
TIMM8A	207	0	207
BTK	0	0	0
RPL36A-HNRNPH2	0	0	0
RPL36A	3	0	3
GLA	1441	0	1441
HNRNPH2	0	0	0
ARMCX4	1	1	0
ARMCX1	0	0	0
ARMCX6	0	0	0
ARMCX3	2	0	2
ARMCX2	0	0	0
NXF5	0	0	0
ZMAT1	0	0	0
TCEAL2	0	0	0
TCEAL6	0	0	0
LOC105373299	0	0	0
BEX5	0	0	0
TCP11X1	0	0	0
NXF2	0	0	0
NXF2B	0	0	0
TCP11X2	0	0	0
TMSB15A	0	0	0
NXF4	0	0	0
ARMCX5	0	0	0
ARMCX5-GPRASP2	1	0	1
GPRASP1	0	0	0
GPRASP2	0	0	0
GPRASP3	0	0	0
LINC00630	55	0	55
RAB40AL	0	0	0
BEX1	0	0	0
NXF3	0	0	0
BEX4	0	0	0
TCEAL8	613	0	613
TCEAL5	0	0	0
BEX2	0	0	0
TCEAL7	0	0	0
LOC124905204	6	385	11
TCEAL9	895	5	1280
BEX3	2433	4	2429
LL0XNC01-250H12.3	22	0	39
RAB40A	10	24	2
LINC02589	1	1	1
TCEAL4	1077	3	1074
TCEAL3	2	0	2
TCEAL1	398	1	397
MORF4L2	7487	3	7576
MORF4L2-AS1	8	89	11
GLRA4	0	0	0
TMEM31	0	0	0
RAB9B	0	0	0
PLP1	0	0	0
TMSB15B-AS1	0	0	0
TMSB15B	0	0	0
H2BW4P	0	0	0
LOC107987334	0	0	0
H2BW1	0	0	0
H2BW2	0	0	0
LOC107985662	0	0	0
H2BW3P	0	0	0
TMSB15C	0	0	0
SLC25A53	2	0	2
ZCCHC18	0	0	0
LOC286437	24	0	24
FAM199X	1330	0	1330
ESX1	0	0	0
IL1RAPL2	1	0	1
TEX13A	0	0	0
LOC107985680	0	0	0
LOC105373303	0	0	0
NRK	0	0	0
LOC105373304	0	0	0
LOC105373305	0	0	0
SERPINA7	0	0	0
PWWP3B	0	0	0
RADX	0	0	0
MIR548AN	0	0	0
LOC124905235	0	0	0
RNF128	0	0	0
TBC1D8B	2	0	2
RIPPLY1	0	0	0
CLDN2	1	1	0
MORC4	646	0	646
RBM41	671	0	671
NUP62CL	181	0	181
DNAAF6	2	0	2
FRMPD3	0	0	0
FRMPD3-AS1	0	0	0
PRPS1	2078	3	2075
TSC22D3	507	0	507
NCBP2L	0	0	0
MID2	80	0	80
LOC101928335	0	0	0
LOC112267910	0	0	0
TEX13B	0	0	0
VSIG1	0	0	0
PSMD10	975	0	1294
ATG4A	314	320	313
COL4A6	531	1	530
LOC124905205	0	0	0
COL4A5	3800	2	3798
IRS4	0	0	0
IRS4-AS1	0	0	0
GUCY2F	0	0	0
NXT2	221	0	221
KCNE5	10	0	10
ACSL4	2474	0	2515
LOC105373311	9	47	3
TMEM164	436	0	436
MIR652	0	0	0
MIR3978	0	0	0
LOC124905230	0	0	0
AMMECR1	776	0	776
SNORD96B	0	0	0
LOC105373312	1	0	1
GNG5B	6	2	4
RTL9	2	0	2
CRIPTO3	0	0	0
CHRDL1	1	0	1
PAK3	0	0	0
CAPN6	0	0	0
DCX	0	0	0
SERTM2	0	0	0
ALG13	430	6	424
TRPC5	0	0	0
TRPC5OS	0	0	0
RTL4	0	0	0
LHFPL1	0	0	0
AMOT	0	0	0
MIR4329	0	0	0
LOC107985651	0	0	0
LOC101928437	0	0	0
XACT	0	0	0
LOC124905236	0	0	0
LOC124905291	0	0	0
LOC102724491	0	0	0
LOC124900490	0	0	0
HTR2C	0	0	0
SNORA35	0	0	0
MIR764	0	0	0
MIR1912	0	0	0
MIR1264	0	0	0
MIR1298	0	0	0
LOC105373313	0	0	0
MIR1911	0	0	0
MIR448	0	0	0
IL13RA2	0	0	0
LRCH2	1	0	1
SNORA35B	0	0	0
RBMXL3	0	0	0
LUZP4	0	0	0
LOC107985681	0	0	0
LOC124905206	39	0	39
PLS3-AS1	31	0	31
PLS3	5066	4	5062
DANT2	1	0	1
DANT1	0	0	0
AGTR2	0	0	0
SLC6A14	28	28	0
CT83	142	0	142
LOC105373320	0	0	0
LOC100126447	0	0	0
KLHL13	605	0	605
WDR44	1173	0	1173
MIR1277	0	0	0
DOCK11	326	0	326
LOC124905207	0	0	0
IL13RA1	2139	0	2139
LOC124900501	0	0	0
ZCCHC12	1	0	1
LINC01285	0	0	0
LONRF3	177	0	177
CT47C1	0	0	0
KIAA1210	0	0	0
PGRMC1	2550	0	2551
AKAP17BP	0	1	0
LINC03098	0	0	0
SLC25A43	383	0	383
SLC25A5-AS1	47	2783	27
SLC25A5	5646	8	8400
STEEP1	317	0	317
LOC124905208	0	0	0
UBE2A	0	0	0
NKRF	0	0	0
SEPTIN6	117	0	117
MIR766	0	0	0
SOWAHD	4	4	0
RPL39	3900	0	3904
SNORA69	16	0	16
LOC107985694	9	7	18
UPF3B	657	10	659
RNF113A	417	4	417
NDUFA1	652	8	648
AKAP14	0	1	0
NKAP	525	0	526
LOC124905209	1	0	1
RHOXF1P1	0	0	0
RHOXF1-AS1	22	0	22
RHOXF2B	0	0	0
RHOXF1	2	2	0
LINC01402	0	0	0
RHOXF2	0	0	0
NKAPP1	34	4	30
ZBTB33	812	2	810
TMEM255A	3	2	1
ATP1B4	0	0	0
LAMP2	2081	0	2081
CUL4B	1891	0	1891
LOC124905273	0	0	0
LOC124905210	5	3	2
MCTS1	4	0	4
C1GALT1C1	0	0	0
CT47B1	0	0	0
CT47A12	0	0	0
CT47A11	0	0	0
CT47A10	0	0	0
CT47A9	0	0	0
CT47A8	0	0	0
CT47A7	0	0	0
CT47A6	0	0	0
CT47A5	0	0	0
CT47A4	0	0	0
CT47A3	0	0	0
CT47A2	0	0	0
CT47A1	0	0	0
LOC105373328	0	0	0
GLUD2	0	0	0
MIR3672	0	0	0
UBE2V1P16	0	0	0
LOC101928359	0	0	0
LOC124905292	0	0	0
GRIA3	0	0	0
THOC2	1907	0	1907
XIAP	490	1	489
STAG2-AS1	2	0	5
STAG2	2201	7	2197
LOC124905280	0	0	0
TEX13D	0	0	0
SH2D1A	0	0	0
TENM1	5	0	5
LOC105373331	0	0	0
LOC124905282	0	0	0
LOC124905211	0	0	0
TEX13C	0	0	0
LOC124905212	0	0	0
LOC101928495	0	0	0
DCAF12L2	0	0	0
LOC107985648	0	0	0
DCAF12L1	0	0	0
PRR32	0	0	0
LOC107985666	0	0	0
LOC107985650	0	0	0
LOC107985709	0	0	0
LOC105373332	0	0	0
LOC105373333	0	0	0
ACTRT1	0	0	0
LOC107985698	0	0	0
LOC107985699	0	0	0
LOC124905213	0	0	0
LOC107985684	0	0	0
SMARCA1	13	0	13
LOC124900503	0	0	0
OCRL	1226	0	1226
APLN	2	0	2
LOC105373334	2	0	2
LOC124905214	0	0	0
XPNPEP2	0	0	0
LOC124905215	2	0	2
SASH3	1	1	0
ZDHHC9	1133	0	1133
UTP14A	1008	1	1100
LOC105373335	0	93	0
BCORL1	523	0	563
LOC124905216	0	40	0
ELF4	1327	2	1329
RAB33A	3	4	3
AIFM1	2327	4	2323
ZNF280C	91	0	91
LOC112268303	0	0	0
SLC25A14	172	0	172
GPR119	1	0	1
RBMX2	301	0	301
DENND10P1	1	0	1
LOC105373336	0	0	0
ENOX2	234	0	234
ENOX2-AS1	0	0	0
LOC124905217	0	0	0
LINC01201	0	0	0
ARHGAP36	0	0	0
IGSF1	16	0	16
LOC102723546	85	0	91
LOC107985705	2	8	0
OR13H1	0	0	0
LOC124905218	2	0	2
FIRRE	166	0	166
STK26	1908	2	1906
FRMD7	0	0	0
RAP2C	699	1	699
RAP2C-AS1	5	3	3
MBNL3	762	0	762
HS6ST2	0	0	0
HS6ST2-AS1	0	0	0
LOC124905219	0	0	0
USP26	0	0	0
LOC124900495	0	0	0
TFDP3	0	0	0
GPC4	0	0	0
GPC3	0	0	0
GPC3-AS1	0	0	0
LOC124905220	0	0	0
MIR106AHG	0	0	0
MIR363	0	0	0
MIR92A2	0	0	0
MIR19B2	0	0	0
MIR20B	0	0	0
MIR18B	0	0	0
MIR106A	0	0	0
CCDC160	0	0	0
PHF6	1181	0	1181
HPRT1	1022	0	1022
MIR450B	0	0	0
MIR450A1	0	0	0
MIR450A2	0	0	0
MIR542	0	0	0
MIR503HG	49	1	48
MIR503	2	0	2
MIR424	0	0	0
LINC00629	12	0	12
PLAC1	10	0	10
PABIR2	1190	5	1244
PABIR3	269	57	271
MOSPD1	852	0	852
LINC02243	4	0	4
SMIM10	591	1	590
RTL8B	252	4	253
RTL8C	1603	2	1606
RTL8A	1043	0	1043
SMIM10L2B	2	0	2
ETDB	0	0	0
SMIM10L2B-AS1	0	0	0
CT55	1	1	0
ZNF75D	175	0	179
ETDA	1	1	0
ETDC	0	0	0
LOC105373342	2	6	0
ZNF449	175	0	175
LOC100506790	1	0	1
SMIM10L2A	0	0	0
INTS6L-AS1	0	0	0
INTS6L	0	0	0
SAGE2P	0	0	0
CT45A1	0	0	0
CT45A3	0	0	0
CT45A5	0	0	0
CT45A6	0	0	0
CT45A2	0	0	0
CT45A7	0	0	0
CT45A8	0	0	0
CT45A9	0	0	0
CT45A10	9	0	9
SAGE1	54	0	54
MMGT1	686	3	691
SLC9A6	457	5	460
LOC124905271	0	0	0
FHL1	136	7	129
MAP7D3	636	0	636
ADGRG4	1	0	1
BRS3	1	1	0
HTATSF1	1989	0	1989
VGLL1	0	0	0
MIR934	0	0	0
LINC00892	0	0	0
CD40LG	0	0	0
ARHGEF6	2	0	2
RBMX	3224	1	3223
SNORD61	0	0	0
GPR101	0	0	0
LINC02931	0	0	0
ZIC3	0	0	0
FGF13	24	0	24
MIR504	0	0	0
FGF13-AS1	0	0	0
LOC124905222	0	0	0
SRD5A1P1	1	0	1
F9	0	0	0
MCF2	68	0	68
LOC124905269	0	0	0
ATP11C	1240	0	1240
MIR505	0	0	0
CXorf66	0	0	0
LOC728660	0	0	0
HAPSTR2	0	0	0
LOC105373343	0	0	0
LOC124905265	0	0	0
SOX3	0	0	0
LOC105373344	0	0	0
LOC101928833	0	0	0
LINC00632	0	0	0
MIR320D2	0	0	0
SPANXB1	0	0	0
LDOC1	227	0	227
SPANXC	0	0	0
SPANXA2-OT1	0	0	0
SPANXA1	0	0	0
SPANXA2	0	0	0
LOC645188	0	0	0
SPANXD	0	0	0
MAGEC3	0	0	0
MAGEC1	0	0	0
MAGEC2	0	0	0
LOC105373345	3	0	3
LOC124905278	0	0	0
SPANXN4	0	0	0
SPANXN3	0	0	0
SLITRK4	0	0	0
SPANXN2	0	0	0
UBE2NL	0	0	0
SPANXN1	0	0	0
SLITRK2	0	0	0
LOC107985703	0	0	0
MIR892C	0	0	0
MIR890	0	0	0
MIR888	0	0	0
MIR892A	0	0	0
MIR892B	0	0	0
MIR891B	0	0	0
MIR891A	0	0	0
LOC101928808	0	0	0
CXorf51B	0	0	0
CXorf51A	0	0	0
LOC101928832	0	0	0
LOC105373347	0	0	0
MIR513C	0	0	0
MIR513B	0	0	0
MIR513A1	0	0	0
MIR513A2	0	0	0
MIR506	0	0	0
MIR507	0	0	0
MIR508	0	0	0
MIR514B	0	0	0
MIR509-2	0	0	0
MIR509-3	0	0	0
MIR509-1	0	0	0
MIR510	0	0	0
MIR514A1	0	0	0
MIR514A2	0	0	0
LOC101928863	0	0	0
MIR514A3	0	0	0
LOC105373348	0	0	0
LOC105373349	0	0	0
FMR1-AS1	0	0	0
FMR1	948	0	948
FMR1NB	0	0	0
AFF2	0	0	0
LOC122319696	0	0	0
LOC107985667	0	0	0
IDS	331	0	331
EOLA1-DT	26	0	34
EOLA1	323	8	329
HSFX3	1	7	0
MAGEA9B	0	0	0
HSFX2	0	0	0
TMEM185A	150	0	150
MAGEA11	1	0	1
HSFX1	1	0	1
MAGEA9	0	0	0
LINC00850	0	0	0
MAGEA8-AS1	2	0	2
MAGEA8	0	0	0
EOLA2	377	0	398
HSFX4	0	19	0
EOLA2-DT	30	2	30
MIR2114	0	0	0
MAMLD1	1075	1	1074
LOC124905223	24	0	24
MTM1	138	0	138
MTMR1	644	2	642
CD99L2	782	0	782
LINC02927	0	0	0
HMGB3	800	0	800
MIR4330	0	0	0
GPR50-AS1	0	0	0
GPR50	0	0	0
VMA21	1040	1	1039
LOC105373367	0	0	0
LOC105377213	1	0	1
PASD1	51	0	51
PRRG3	0	0	0
FATE1	1	0	1
CNGA2	0	0	0
MAGEA4-AS1	0	0	0
MAGEA4	0	0	0
GABRE	1686	0	1686
MIR224	16	0	16
MIR452	1	0	1
LOC105373369	19	0	19
LOC100533997	0	0	0
MAGEA5P	0	0	0
MAGEA10	1	0	1
GABRA3	249	0	249
MIR105-1	0	0	0
MIR767	0	0	0
MIR105-2	0	0	0
MAGEA3-DT	0	0	0
GABRQ	0	0	0
MAGEA3	0	0	0
CSAG2	0	0	0
LOC124905224	0	0	0
MAGEA2B	0	0	0
CSAG1	2	0	2
MAGEA12	177	0	177
CSAG4	0	0	0
MAGEA2	0	0	0
CSAG3	0	0	0
MAGEA6	0	0	0
MAGEA6-DT	0	0	0
CETN2	0	0	0
NSDHL	0	0	0
ZNF185	0	0	0
LOC124905237	0	0	0
LOC105373372	0	0	0
PNMA5	0	0	0
PNMA3	0	0	0
PNMA6A	0	0	0
LOC124905225	0	0	0
MAGEA1	692	0	692
LOC105373373	0	0	0
PWWP4	0	0	0
PNMA6F	0	0	0
ZNF275	139	0	139
MIR12129	0	0	0
LOC124905279	0	0	0
LOC105373378	0	0	0
PNMA6E	0	0	0
LOC105373379	0	0	0
ZFP92	0	0	0
TREX2	9	0	9
HAUS7	341	0	341
ECMXP	0	0	0
BGN	0	0	0
ATP2B3	0	0	0
CCNQ	262	0	262
LOC105373383	12	0	12
DUSP9	468	0	468
PNCK	6	0	6
SLC6A8	571	3	568
BCAP31	4047	1	4057
ABCD1	1042	14	1417
PLXNB3-AS1	13	392	1
PLXNB3	260	0	262
LOC124905227	14	0	36
SRPK3	1	23	0
IDH3G	1363	20	1811
SSR4	3394	450	3412
PDZD4	1	1	0
L1CAM	5779	4	5780
L1CAM-AS1	0	5	0
AVPR2	15	5	10
ARHGAP4	895	2	893
NAA10	1383	0	1383
RENBP	5	0	5
HCFC1	2538	7	2531
HCFC1-AS1	0	0	0
TMEM187	281	0	281
MIR3202-1	0	0	0
MIR3202-2	0	0	0
IRAK1	2742	1	2741
MIR718	0	0	0
MECP2	1104	1	1103
OPN1LW	0	0	0
OPN1MW	0	0	0
OPN1MW2	0	0	0
OPN1MW3	0	0	0
TEX28	0	0	0
TKTL1	1	0	1
LOC105373386	0	0	0
FLNA	19945	15	19932
EMD	1569	4	1567
LOC124905228	83	7291	18
RPL10	11734	239	18944
SNORA70	102	0	102
DNASE1L1	535	183	814
TAFAZZIN	663	60	843
ATP6AP1-DT	17	0	17
ATP6AP1	4053	6	4049
GDI1	1313	1	1312
FAM50A	1603	0	1603
MIR6858	0	0	0
PLXNA3	325	2	325
LAGE3	632	2	632
UBL4A	1703	1	1702
SLC10A3	852	0	852
FAM3A	704	0	704
LOC124905229	1	1	0
G6PD	4111	17	4109
IKBKG	530	2	541
FAM223A	0	0	0
CTAG1A	0	0	0
CTAG1B	0	0	0
FAM223B	0	0	0
CTAG2	2623	2	2621
LOC105373387	76	0	76
GAB3	0	0	0
DKC1	1931	0	1931
SNORA36A	0	0	0
MIR664B	0	0	0
SNORA56	0	0	0
MPP1	328	0	328
SMIM9	0	0	0
F8	90	0	90
H2AB1	0	0	0
F8A1	99	0	103
MIR1184-1	0	4	0
FUNDC2	941	0	941
CMC4	54	0	54
MTCP1	77	0	77
BRCC3	578	1	578
VBP1	820	0	820
RAB39B	0	0	0
CLIC2	10	0	10
LOC101927830	0	0	0
H2AB2	0	0	0
F8A2	0	0	0
MIR1184-2	0	0	0
F8A3	0	0	0
MIR1184-3	0	0	0
H2AB3	0	0	0
TMLHE-AS1	4	1	3
TMLHE	221	0	221
SPRY3	1	1	0
VAMP7	0	0	0
IL9R	0	0	0
WASIR1	0	0	0
DDX11L16	0	0	0
LOC124905300	0	0	0
PLCXD1_1	2	0	2
GTPBP6_1	0	0	0
LINC00685_1	0	0	0
PPP2R3B_1	0	0	0
LOC102724521_1	0	0	0
SHOX_1	0	0	0
CRLF2_1	0	0	0
CSF2RA_1	0	0	0
LOC124905238_1	0	0	0
MIR3690_1	0	0	0
IL3RA_1	0	0	0
LOC101928032_1	0	0	0
SLC25A6_1	0	0	0
LOC124900597_1	0	0	0
LINC00106_1	0	0	0
ASMTL-AS1_1	0	0	0
ASMTL_1	0	0	0
P2RY8_1	0	0	0
AKAP17A_1	0	0	0
ASMT_1	0	0	0
LINC02968_1	0	0	0
LOC105379413_1	0	0	0
LOC107985677_1	0	0	0
DHRSX_1	0	0	0
LOC124905239_1	0	0	0
ZBED1_1	0	0	0
LINC03112_1	0	0	0
MIR6089_1	0	0	0
CD99P1_1	0	0	0
LINC00102_1	0	0	0
CD99_1	0	0	0
XGY2	0	0	0
SRY	0	0	0
RPS4Y1	1	0	1
ZFY	1	0	1
ZFY-AS1	0	0	0
LINC00278	0	0	0
TGIF2LY	0	0	0
LOC105377227	0	0	0
MIR9985	0	0	0
PCDH11Y	0	0	0
TTTY23B	0	0	0
TSPY2	0	0	0
FAM197Y9	0	0	0
LINC00280	0	0	0
LOC107987353	0	0	0
TTTY1B	0	0	0
TTTY2B	0	0	0
TTTY21B	0	0	0
TTTY7	0	0	0
TTTY8B	0	0	0
AMELY	0	0	0
TBL1Y	0	0	0
PRKY	0	0	0
LOC107987338	0	0	0
TTTY16	0	0	0
LOC107987339	0	0	0
TTTY12	0	0	0
LOC105377229	0	0	0
LOC105377231	0	0	0
LOC105377232	0	0	0
LOC107987354	0	0	0
LINC00279	0	0	0
LOC107987340	0	0	0
TTTY18	0	0	0
LOC105377234	0	0	0
TTTY19	0	0	0
LOC105377235	0	0	0
TTTY11	0	0	0
LOC105379264	0	0	0
LOC105379265	0	0	0
LOC105379266	0	0	0
LOC105379267	0	0	0
RBMY1A3P	0	0	0
TTTY20	0	0	0
TSPY4	0	0	0
FAM197Y8	0	0	0
TSPY8	0	0	0
FAM197Y7	0	0	0
FAM197Y6	0	0	0
TSPY3	0	0	0
FAM197Y5	0	0	0
TSPY1	0	0	0
FAM197Y4	0	0	0
TSPY9	0	0	0
FAM197Y3	0	0	0
FAM197Y2	0	0	0
TSPY10	0	0	0
RBMY3AP	0	0	0
TTTY8	0	0	0
TTTY7B	0	0	0
TTTY21	0	0	0
TTTY2	0	0	0
TTTY1	0	0	0
LOC107987342	0	0	0
TTTY22	0	0	0
TTTY23	0	0	0
LOC105379273	1	0	1
LOC107987343	0	0	0
GYG2P1	0	0	0
LOC112268311	0	0	0
TTTY15	0	0	0
USP9Y	0	0	0
DDX3Y	0	0	0
LOC112268312	0	0	0
UTY	0	0	0
MIR12120	0	0	0
TMSB4Y	0	0	0
VCY	0	0	0
VCY1B	0	0	0
NLGN4Y	5	0	5
NLGN4Y-AS1	0	0	0
LOC107987355	0	0	0
LOC124900508	0	0	0
FAM41AY1	0	0	0
LOC105377217	0	0	0
FAM224B	0	0	0
LOC105377218	0	0	0
LOC124905302	0	0	0
XKRY	0	0	0
CDY2B	0	0	0
CDY2A	0	0	0
XKRYP7	0	0	0
LOC124905303	0	0	0
LOC105377219	0	0	0
FAM224A	0	0	0
LOC105377220	0	0	0
FAM41AY2	0	0	0
LOC124905304	0	0	0
HSFY1	0	0	0
TTTY9B	0	0	0
TTTY9A	0	0	0
HSFY2	0	0	0
LOC124905305	0	0	0
TTTY14	0	0	0
LOC124905306	0	0	0
BCORP1	0	0	0
LOC102723934	0	0	0
LOC105377223	0	0	0
TXLNGY	0	0	0
KDM5D	0	0	0
KDM5D-DT	0	0	0
TTTY10	0	0	0
EIF1AY	0	0	0
RPS4Y2	0	0	0
LOC105377225	0	0	0
LOC107987346	0	0	0
LOC107987347	0	0	0
PRORY	0	0	0
RBMY2EP	0	0	0
RBMY1B	0	0	0
RBMY1A1	0	0	0
TTTY13	0	0	0
LOC105377236	0	0	0
LOC105377237	0	0	0
RBMY1D	0	0	0
RBMY1E	0	0	0
LOC107987356	0	0	0
PRY2	0	0	0
LOC102725532	0	0	0
TTTY6B	0	0	0
RBMY1F	0	0	0
TTTY5	0	0	0
RBMY2FP	0	0	0
LOC100652931	0	0	0
RBMY1J	0	0	0
LOC101929148	0	0	0
TTTY6	0	0	0
PRY	0	0	0
LOC107987357	0	0	0
LOC107987348	0	0	0
TTTY17A	0	0	0
TTTY4	0	0	0
BPY2	0	0	0
LOC105377238	0	0	0
DAZ1	0	0	0
DAZ2	0	0	0
LOC105377239	0	0	0
LOC124900506	0	0	0
REREP1Y	0	0	0
LOC107987349	0	0	0
TTTY3B	0	0	0
CDY1B	0	0	0
GOLGA2P2Y	0	0	0
LOC107987350	0	0	0
TTTY17B	0	0	0
TTTY4B	0	0	0
BPY2B	0	0	0
LOC105377241	0	0	0
DAZ3	0	0	0
DAZ4	0	0	0
LOC105377242	0	0	0
BPY2C	0	0	0
TTTY4C	0	0	0
TTTY17C	0	0	0
SEPTIN14P23	1	0	1
GOLGA2P3Y	0	0	0
CSPG4P1Y	0	0	0
CDY1	0	0	0
TTTY3	0	0	0
LOC107987352	0	0	0
REREP2Y	0	0	0
LOC124900507	0	0	0
LOC105377244	0	0	0
SPRY3_1	0	0	0
VAMP7_1	0	0	0
IL9R_1	0	0	0
WASIR1_1	0	0	0
DDX11L16_1	0	0	0
LOC102724902	0	0	0
LOC389831	0	0	0
LOC105379275	0	0	0
LOC124905312	0	0	0
LOC283788	43	0	43
LOC105379420	0	0	0
LOC100507395	0	0	0
LOC100507412	40	0	40
RNA45SN5	0	0	0
RNA18SN5	0	0	0
RNA5-8SN5	0	0	0
RNA28SN5	0	0	0
LOC100287610	1	0	1
LOC100505874	0	0	0
LOC124900598	0	0	0
LOC101927555	0	0	0
LOC107987359	0	0	0
LOC100288966	0	0	0
LOC124905313	0	0	0
LOC102725051	13	8	5
LOC107984150	0	0	0
LOC102723347	19	3	16
LOC102723382	6	6	0
LOC124905334	0	0	0
LOC102723393	0	0	0
LOC105379554	0	0	0
LOC112268317	36	0	36
LOC101929819	6	0	6
LOC105379557	0	0	0
LOC105379561	2	0	2
LOC124905335	0	0	0
LOC105379562	0	0	0
LOC124905337	0	0	0
LOC102723847	51	0	51
LOC105379565	0	0	0
LOC105379417	1	0	1
LOC105379566	18	0	18
LOC107987401	8	3	5
LOC101927088	2	2	0
LOC100233156	33	0	33
LOC389834	91	0	91
LOC124905310	17	0	17
LINC01784_1	0	0	0
PRAMEF11_1	0	0	0
HNRNPCL1_1	0	0	0
PRAMEF2_1	0	0	0
PRAMEF4_1	0	0	0
PRAMEF10_1	0	0	0
PRAMEF7_1	0	0	0
PRAMEF6_1	0	0	0
PRAMEF22	0	0	0
PRAMEF27_1	0	0	0
HNRNPCL3_1	0	0	0
PRAMEF25_1	0	0	0
PRAMEF34P_1	0	0	0
HNRNPCL2_1	0	0	0
PRAMEF36P_1	0	0	0
PRAMEF26_1	0	0	0
HNRNPCL4_1	0	0	0
PRAMEF9_1	0	0	0
PRAMEF13_1	0	0	0
PRAMEF18_1	0	0	0
PRAMEF5_1	0	0	0
PRAMEF8_1	0	0	0
PRAMEF33_1	0	0	0
PRAMEF22_1	0	0	0
PRAMEF27_2	0	0	0
HNRNPCL3_2	0	0	0
PRAMEF25_2	0	0	0
PRAMEF34P_2	0	0	0
HNRNPCL2_2	0	0	0
PRAMEF36P_2	0	0	0
PRAMEF26_2	0	0	0
HNRNPCL4_2	0	0	0
PRAMEF9_2	0	0	0
PRAMEF18_2	0	0	0
PRAMEF5_2	0	0	0
PRAMEF8_2	0	0	0
PRAMEF33_2	0	0	0
ARHGEF19_1	0	0	0
ANO7L1_1	0	0	0
CPLANE2_1	0	0	0
FBXO42_1	1	0	1
SZRD1_1	0	0	166
SPATA21_1	0	166	0
NECAP2_1	2	0	2
LINC01772_1	0	0	0
CROCCP3_1	0	0	0
RNU1-1_1	0	0	0
TRN-GTT5-1_1	0	0	0
LINC01783_1	0	0	0
TRE-TTC4-1_1	0	0	0
TRNAG-CCC	0	0	0
LOC124905558	3	0	3
LOC128966566	0	0	0
LOC124905552	2	0	2
LOC124905574	0	0	0
TRNAN-GUU	0	0	0
LOC124905561	0	0	0
TRNAE-UUC_1	0	0	0
TRNAG-CCC_1	0	0	0
LOC124905553	7	0	7
LOC124905562	0	0	0
LOC124905557	18	0	18
LINC01719_1	0	0	0
LOC102724250	19	0	19
LOC124905572	32	0	33
LOC124905560	0	2	0
LOC124905559	8	0	10
RNVU1-7_1	0	0	0
TRNAN-GUU_1	0	0	0
LOC124905554	1	1	0
TRNAE-UUC_2	0	0	0
LOC124905556	0	0	0
MST1L_1	0	0	0
RNU1-4_1	0	0	0
TRNAN-GUU_2	0	0	0
LOC124905563	0	0	0
TRNAE-UUC_3	0	0	0
TRG-CCC5-1_1	0	0	0
ESPNP_1	1	0	1
LOC124905571	2	0	2
TRG-CCC4-1_1	0	0	0
LOC124903857_1	0	0	0
RNU1-3_1	0	0	0
LOC102724562_1	2	0	2
LOC440570_1	0	0	0
TRNAE-UUC_4	0	0	0
TRNAN-GUU_3	0	0	0
LOC105379524	1	0	1
RNVU1-18_1	0	0	0
LOC124900583	3	0	5
LOC124905569	4	3	3
LOC124905564_1	31	0	31
LOC124905570	0	0	0
LOC124905565	0	0	0
TRNAG-CCC_2	0	0	0
LOC124905566	0	0	0
LOC107985736	2	5	2
RNVU1-28_1	0	0	0
MST1P2_1	8	0	16
CROCCP2_1	32	11	25
NBPF1_1	8	0	8
MIR3675_1	0	0	0
TRG-CCC1-2_1	0	0	0
LINC03126_1	0	0	0
TRE-TTC3-1_1	0	0	0
LOC105376805_1	0	0	0
TRN-GTT4-1_1	0	0	0
RNU1-2_1	0	0	0
CROCC_1	13	0	13
MFAP2_1	0	0	0
LOC105376806_1	0	0	0
ATP13A2_1	0	0	0
SDHB_1	266	0	266
PADI2_1	0	0	0
LOC124903861_1	0	0	0
LOC105376808_1	0	0	0
LINC02783_1	0	0	0
PADI1_1	0	0	0
PADI3_1	0	0	0
MIR3972_1	0	0	0
PADI4_1	0	0	0
PADI6_1	0	0	0
RCC2_1	0	0	0
RCC2-AS1_1	0	0	0
LOC124904837_1	0	0	0
LINC01355_1	0	0	0
HNRNPR_1	0	0	0
ZNF436_1	0	0	0
ZNF436-AS1_1	0	0	0
TCEA3_1	0	0	0
LOC124903875_1	0	0	0
ASAP3_1	0	0	0
E2F2_1	0	0	0
LOC101928163_1	0	0	0
LOC124903876_1	0	0	0
LOC105376859_1	0	0	0
ID3_1	0	0	0
RPS6KA1_1	0	0	0
MIR1976_1	0	0	0
LOC124904769_1	0	0	0
LOC124904813_1	0	0	0
DNAJC8_1	0	0	0
ATP5IF1_1	0	0	0
SESN2_1	0	0	0
MED18_1	1	0	1
SCMH1-DT_1	0	0	0
FOXO6_1	77	1	76
FOXO6-AS1_1	0	0	0
VAV3-AS1_1	0	0	0
LINC02785_1	0	0	0
SLC25A24_1	3	0	3
NBPF6_1	0	0	0
LOC124905418	0	0	0
LOC124905416	2	0	2
LOC124905417	0	0	0
NBPF4_1	3	0	3
SLC16A1_1	0	0	0
AKR7A2P1_1	0	0	0
SLC16A1-AS1_1	0	0	0
LOC107985189_1	0	0	0
LRIG2-DT_1	0	0	0
LOC101929788_1	0	0	0
NBPF8_1	925	1	927
LOC124905549	1	0	1
PFN1P2_1	4	7	0
PDE4DIPP2_1	36	0	36
LOC107985524_1	0	0	0
NBPF26_1	0	0	0
NOTCH2NLR_1	0	0	0
TRN-GTT7-1_1	0	0	0
RNVU1-19_1	0	0	0
PPIAL4A_1	0	0	0
MIR9-1HG_1	1	0	1
MEF2D_1	0	0	0
IQGAP3_1	0	0	0
LOC124904843_1	0	0	0
TTC24_1	0	0	0
NAXE_1	0	0	0
GPATCH4_1	192	1	191
HAPLN2_1	0	0	0
LOC101928177_1	0	0	0
BCAN_1	0	0	0
BCAN-AS2_1	0	0	0
FCER1A_1	0	0	0
OR10J3_1	0	0	0
OR10J1_1	0	0	0
OR10J4_1	0	0	0
LINC02819_1	0	0	0
LOC105371674_1	0	0	0
KCNT2_1	0	0	0
LOC124904597_1	0	0	0
MIR4735_1	0	0	0
CFH_1	14	0	14
CFHR4_1	4	4	0
LOC105371675_1	2	0	2
CFHR2_1	0	0	0
CFHR5_1	0	0	0
F13B_1	0	0	0
SERTAD4-AS1_1	0	0	0
SERTAD4_1	0	0	0
LINC02602_1	0	0	0
HHAT_1	0	0	0
TRIM17_1	0	0	0
H3-4_1	0	0	0
H2AC25_1	0	0	0
H2BC26_1	0	0	0
MIR4666A_1	0	0	0
RNF187_1	0	0	0
BTNL10P_1	0	0	0
LOC105373124_1	0	0	0
LOC124905422	0	0	0
LOC124905433	0	0	0
LOC124905436	0	0	0
LOC124905437	0	0	0
LOC124905438	0	0	0
LOC124905424	0	0	0
LOC124905425	0	0	0
LOC124905426	0	0	0
LOC124905427	0	0	0
LOC124905428	0	0	0
LOC124905429	0	0	0
LOC124905430	0	0	0
LOC124905431	0	0	0
LOC124905432	0	0	0
LOC124905434	0	0	0
LOC124905435	0	0	0
RNA5S1_1	0	0	0
RNA5S2_1	0	0	0
RNA5S3_1	0	0	0
RNA5S4_1	0	0	0
RNA5S5_1	0	0	0
RNA5S6_1	0	0	0
RNA5S7_1	0	0	0
RHOU_1	0	0	0
RNA5S8_1	0	0	0
RNA5S9_1	0	0	0
RNA5S10_1	0	0	0
RNA5S11_1	0	0	0
RNA5S12_1	0	0	0
RNA5S13_1	0	0	0
RNA5S14_1	0	0	0
RNA5S15_1	0	0	0
RNA5S16_1	0	0	0
DUSP5P1_1	6	0	6
RNA5S17_1	0	0	0
LOC124905421	28	1	27
TBCE_1	5	0	5
B3GALNT2_1	0	0	0
GNG4_1	0	0	0
VN1R5_1	0	0	0
LOC105373273_1	0	0	0
ZNF496_1	0	0	0
ZNF496-DT_1	0	0	0
NLRP3_1	0	0	0
OR2T4_1	0	0	0
OR2T6_1	0	0	0
OR2T1_1	0	0	0
OR2T7_1	0	0	0
OR2T2_1	0	0	0
LOC105373279_1	0	0	0
OR2T3_1	0	0	0
LOC124905550	0	0	0
OR2T29_1	0	0	0
LOC105373277_1	0	0	0
OR2G6_1	0	0	0
OR2T5_1	0	0	0
OR2T34_1	0	0	0
OR2T10_1	0	0	0
OR2T11_1	0	0	0
OR2T35_1	0	0	0
OR2T27_1	0	0	0
OR14I1_1	0	0	0
APOB_1	0	0	0
LOC124905593_1	0	0	0
TDRD15_1	0	0	0
LINC01822_1	0	0	0
LOC105374804_1	0	0	0
ALMS1_1	0	0	0
ALMS1-IT1_1	0	0	0
NAT8_1	0	0	0
ALMS1P1_1	0	0	0
LOC112268418_1	0	0	0
NAT8B_1	0	0	0
LOC124905592_1	0	0	0
TPRKB_1	0	0	0
DUSP11_1	0	0	0
C2orf78_1	0	0	0
TCF7L1_1	0	0	0
TCF7L1-IT1_1	0	0	0
LOC102724579_1	0	0	0
TGOLN2_1	601	0	601
RETSAT_1	205	0	205
ELMOD3_1	0	0	0
LOC105377636	0	0	0
LOC107987467	0	0	0
LOC105374859	0	0	0
LOC105374858	0	0	0
LOC105374857	0	0	0
LOC124900624	0	0	0
PROM2_1	0	0	0
KCNIP3_1	8	0	8
FAHD2A_1	16	0	16
LOC105373490	0	0	0
TRIM43_1	0	0	0
LINC03052_1	0	0	0
TRIM43B_1	0	0	0
LOC124905589_1	0	0	0
LOC101926959_1	0	0	0
GPAT2_1	0	0	0
FAHD2B_1	0	0	0
ANKRD36_1	0	0	0
LOC100506076_1	0	0	0
APPAT_1	19	0	19
ANKRD36B_1	0	0	0
LOC105373499_1	0	0	0
COX5B_1	0	0	0
ACTR1B_1	0	0	0
C2orf92_1	0	0	0
LOC124900516_1	0	0	0
ZAP70_1	0	0	0
TMEM131_1	0	0	0
LOC124905591_1	0	0	0
LINC02572_1	0	0	0
LOC105373616_1	0	0	0
PLAC9P1_1	0	0	0
LINC01856_1	0	0	0
RAB6C-AS1_1	0	0	0
RAB6C_1	0	0	0
FAR2P1_1	1	0	1
POTEF_1	0	0	0
POTEF-AS1_1	0	0	0
MED15P9_1	0	0	0
CCDC74B_1	0	0	0
SMPD4_1	3	0	3
MZT2B_1	0	0	0
MIR4784_1	0	0	0
TUBA3E_1	0	0	0
DYNC1I2_1	0	0	0
SLC25A12_1	2	0	2
LOC105373740_1	0	0	0
HAT1_1	3	0	240
LOC124905590_1	0	237	0
METAP1D_1	0	0	0
DLX1_1	0	0	0
LOC105373791_1	0	0	0
COL3A1_1	28	0	28
MIR1245A_1	0	0	0
MIR1245B_1	0	0	0
MIR3606_1	0	0	0
INO80D_1	0	0	0
INO80D-AS1_1	0	0	0
NDUFS1_1	0	0	0
GCSHP3_1	0	0	0
EEF1B2_1	0	0	0
SNORD51_1	0	0	0
SNORA41_1	0	0	0
CMKLR2_1	0	0	0
CMKLR2-AS_1	0	0	0
ZDBF2_1	0	0	0
LOC105373854_1	0	0	0
LOC124905439_1	0	0	0
LOC100507443_1	0	0	0
CRYGD_1	0	0	0
CRYGC_1	0	0	0
INPP5D_1	0	0	0
ATG16L1_1	0	0	0
SCARNA5_1	0	0	0
SCARNA6_1	0	0	0
SAG_1	0	0	0
DGKD_1	0	0	0
LOC100287387_1	0	0	0
TWIST2_1	0	0	0
LOC150935_1	0	0	0
NDUFA10_1	0	0	0
PLCL2UT_1	0	0	0
PLCL2_1	0	0	0
LOC105376972_1	4	0	4
MIR3714_1	0	0	0
PLCL2-AS1_1	0	0	0
CNOT10_1	0	0	0
CNOT10-AS1_1	0	0	0
TRIM71_1	0	0	0
APRG1_1	0	0	0
ITGA9_1	0	0	0
ITGA9-AS1_1	0	0	0
CTDSPL_1	0	0	0
LOC101928529_1	0	0	0
ZNF852_1	0	0	0
ZKSCAN7_1	0	0	0
ZKSCAN7-AS1_1	0	0	0
ZNF660-ZNF197_1	0	0	0
ZNF660_1	0	0	0
ZNF197-AS1_1	0	0	0
ZNF197_1	0	0	0
ZNF35_1	0	0	0
LOC124905403_1	0	0	0
ZNF502_1	0	0	0
LOC105377056_1	0	0	0
ZNF501_1	0	0	0
KIAA1143_1	0	0	0
KIF15_1	0	0	0
MIR564_1	0	0	0
TMEM42_1	0	0	0
TGM4_1	0	0	0
ZDHHC3_1	0	0	0
MAGI1_1	0	0	0
LOC105377128_1	0	0	0
SLC25A26_1	0	0	0
LOC107986095_1	0	0	0
LRIG1_1	0	0	0
RYBP_1	43	0	43
LOC105377160_1	0	0	0
LOC124905404_1	0	0	0
LOC105377161_1	0	0	0
LOC102724817_1	0	0	0
LOC105377162_1	0	0	0
LOC124905452_1	0	0	0
FAM86DP_1	2	0	2
LINC02018_1	0	0	0
LINC00971_1	0	0	0
LINC02025_1	0	0	0
LOC105377193_1	0	0	0
CADM2_1	0	0	0
LOC101930420_1	0	0	0
LINC00879_1	0	0	0
C3orf52_1	0	0	0
GCSAM_1	0	0	0
TBILA_1	0	0	0
SLC9C1_1	0	0	0
RUVBL1_1	0	1	0
EEFSEC_1	51	0	52
MIR4789_1	0	0	0
NAALADL2_1	0	0	0
LOC101929106_1	0	0	0
RTP1_1	0	0	0
MASP1_1	0	0	0
LOC105374260_1	0	0	0
LOC101929130_1	0	0	0
RTP4_1	0	0	0
LOC124905594_1	0	0	0
LINC02041_1	0	0	0
LOC105374262_1	0	0	0
LOC105374348_1	0	0	0
LOC105374349_1	0	0	0
FAM53A_1	0	0	0
LOC101928532_1	0	0	0
HMX1_1	0	0	0
LOC105374498_1	0	0	0
CPEB2-DT_1	0	0	0
CPEB2_1	0	0	0
C1QTNF7-AS1_1	0	0	0
GBA3_1	0	0	0
LOC105374521_1	0	0	0
LOC101927209_1	0	0	0
ANKRD20A12P_1	0	0	0
LOC105377672_1	0	0	0
LINC02619_1	0	0	0
LOC105377260_1	0	0	0
LOC105377261_1	0	0	0
CSN2_1	0	0	0
LOC105377269_1	0	0	0
STATH_1	0	0	0
HTN3_1	0	0	0
HTN1_1	0	0	0
CSN1S2AP_1	0	0	0
CSN1S2BP_1	0	0	0
PRR27_1	0	0	0
LOC105377270_1	0	0	0
RPS3A_1	0	0	0
SNORD73B_1	0	0	0
SNORD73A_1	0	0	0
SH3D19_1	0	0	0
SH3D19-AS1_1	0	0	0
LOC105377485_1	0	0	0
PRSS48_1	0	0	0
LOC101927947_1	0	0	0
DCHS2_1	0	0	0
LOC105377611_1	0	0	0
LOC105377612_1	0	0	0
FRG1-DT_1	0	0	0
FRG1_1	0	0	0
FRG2_1	0	0	0
DBET_1	0	0	0
LOC124905412	0	0	0
FRG1-DT_2	0	0	0
FRG1_2	0	0	0
FRG2_2	0	0	0
DBET_2	0	0	0
LOC124905408	0	0	0
LOC124905411	0	0	0
LOC124905410	0	0	0
LOC124905409	0	0	0
DUX4_1	0	0	0
AK6_1	0	0	0
TAF9_1	0	0	0
RAD17_1	1	0	1
MARVELD2_1	0	0	0
LOC101928924_1	0	0	0
OCLN_1	0	0	0
SNORD13B-1_1	0	0	0
GTF2H2C_1	2	0	2
LOC101929599_1	0	0	0
LINC02197_1	0	0	0
SMN2_1	0	0	0
SERF1B_1	0	0	0
LOC128966726	0	0	0
LOC105369228	0	0	0
LOC124905599	0	0	0
LOC105379023	0	0	0
LOC112268330	0	0	0
GUSBP3_1	0	0	0
LOC105379623_1	0	0	0
LOC124900626	0	0	0
GUSBP17_1	0	0	0
LOC441081_1	0	0	0
LOC107987433	0	0	0
LOC124905596	0	0	0
NAIP_1	2	0	2
GTF2H2B_1	0	0	0
LOC124905598	0	0	0
SMN1_1	0	0	0
SERF1A_1	0	0	0
LOC107986373_1	0	0	0
GUSBP16_1	2	0	2
GUSBP19_1	0	0	0
LOC105379025_1	0	0	0
PMCHL1_1	0	0	0
LOC107987420_1	0	0	0
BDP1_1	0	0	0
LOC124900999_1	0	0	0
MCCC2_1	0	0	0
LOC105374625_1	0	0	0
LINC02145_1	0	0	0
MED10_1	0	0	0
UBE2QL1_1	0	0	0
LOC105374639_1	0	0	0
LOC102723561_1	0	0	0
GUSBP1_1	17	0	17
LOC107987432	0	0	0
LOC124900629	4	0	4
LOC124905413	0	0	0
LOC112268347	0	0	0
LOC646652_1	0	0	0
LOC105374685_1	0	0	0
PRDM9_1	0	0	0
DNAJC18_1	0	0	0
LOC124905454	0	0	0
ECSCR_1	1	0	1
SMIM33_1	0	0	0
STING1_1	0	0	0
PCDHA1_1	0	0	0
PCDHA2_1	0	0	0
PCDHA3_1	0	0	0
PCDHA4_1	0	0	0
PCDHA5_1	0	0	0
PCDHA6_1	0	0	0
PCDHA7_1	0	0	0
PCDHA8_1	0	0	0
PCDHA9_1	0	0	0
PCDHA10_1	0	0	0
LOC112267934_1	0	0	0
PCDHA11_1	0	0	0
PCDHA12_1	0	0	0
PCDHA13_1	0	0	0
PCDHAC1_1	0	0	0
PCDHAC2_1	0	0	0
PCDHB1-AS1_1	0	0	0
PCDHB1_1	0	0	0
PCDHB2_1	0	0	0
PCDHB3_1	0	0	0
PCDHB4_1	0	0	0
PCDHB5_1	0	0	0
PCDHB6_1	0	0	0
PCDHB17P_1	0	0	0
PCDHB7_1	0	0	0
PCDHB8_1	0	0	0
PCDHB16_1	0	0	0
PCDHB9_1	0	0	0
PCDHB10_1	0	0	0
PCDHB11_1	0	0	0
PCDHB12_1	0	0	0
PCDHB13_1	0	0	0
PCDHB14_1	0	0	0
PCDHB18P_1	0	0	0
PCDHB19P_1	0	0	0
PCDHB15_1	0	0	0
LOC105378199_1	0	0	0
ADAMTS2_1	0	0	0
LOC105377759_1	0	0	0
LOC124901149_1	0	0	0
LOC107986494_1	0	0	0
LOC124901224_1	0	0	0
LOC100289470_1	0	0	0
RUFY1_1	1	0	1
RUFY1-AS1_1	0	0	0
HNRNPH1_1	95	0	95
LOC100502572_1	0	0	0
SPATA31J1_1	2	0	2
LOC105377763_1	0	0	0
CBY3_1	0	0	0
CANX_1	838	0	838
MAML1_1	46	0	46
LTC4S_1	0	0	0
MGAT4B_1	0	1	0
MIR1229_1	0	0	0
LOC128966721	21	0	21
SQSTM1_1	0	0	0
MRNIP_1	0	0	0
MRNIP-DT_1	0	0	0
TBC1D9B_1	0	0	0
LOC124901156_1	0	0	0
LOC101928146_1	0	0	0
GCNT2_1	1	0	1
C6orf52_1	0	0	0
PAK1IP1_1	0	0	0
TMEM14C_1	0	0	0
BTN2A1_1	0	0	0
LOC285819_1	0	0	0
LOC107986583_1	0	0	0
BTN1A1_1	0	0	0
TRL-CAG1-7_1	0	0	0
HCG11_1	0	0	0
TRT-AGT2-1_1	0	0	0
TRR-ACG1-2_1	0	0	0
TRV-CAC1-6_1	0	0	0
HMGN4_1	0	0	0
TRA-CGC1-1_1	0	0	0
TRI-AAT5-1_1	0	0	0
TRP-AGG2-2_1	0	0	0
TRK-CTT2-4_1	0	0	0
TRY-GTA1-1_1	0	0	0
LOC105374988_1	0	0	0
TRA-AGC11-1_1	0	0	0
TRY-GTA8-1_1	0	0	0
TRY-GTA3-1_1	0	0	0
TRY-GTA6-1_1	0	0	0
ABT1_1	0	0	0
LOC105374989_1	0	0	0
ZNF322_1	3	0	3
LOC102724851_1	2	0	2
TRA-AGC14-1_1	0	0	0
TRA-AGC12-1_1	0	0	0
TRA-AGC10-1_1	0	0	0
LOC105374991_1	0	0	0
TRM-CAT5-1_1	0	0	0
TRNAA-AGC_5	0	0	0
TRI-AAT7-2_1	0	0	0
LOC124905602	0	0	0
TRM-CAT4-2_1	0	0	0
TRM-CAT4-1_1	0	0	0
TRI-AAT7-1_1	0	0	0
LOC105374992_1	0	0	0
LOC124901289_1	0	0	0
TRNAA-AGC_6	0	0	0
TRM-CAT5-2_1	0	0	0
LOC124901290_1	0	0	0
TRNAA-AGC_7	0	0	0
TRNAA-AGC_8	0	0	0
TRA-AGC14-2_1	0	0	0
IBTK_1	33	0	33
LOC105377874_1	0	0	0
LOC105377875_1	0	0	0
TPBG_1	0	0	0
CASP8AP2_1	64	0	64
MDN1_1	0	0	0
LOC124901536_1	0	0	0
GJA10_1	0	0	0
BACH2_1	0	0	0
FAM157D_1	0	0	0
LOC105375113_1	0	0	0
LOC101929756_1	0	0	0
LOC105375114_1	0	0	0
LINC03015_1	0	0	0
LINC03014_1	0	0	0
LOC105375116_1	0	0	0
LOC105375115_1	0	0	0
FAM20C_1	0	0	0
LOC124901807_1	0	0	0
LINC01445_1	0	0	0
LOC124901829_1	0	0	0
LOC112268371	0	0	0
SMURF1_1	0	0	0
KPNA7_1	0	0	0
PRKAR2B_1	0	0	0
HBP1_1	0	0	0
COG5_1	35	0	35
LOC124901720_1	0	0	0
LOC124901721_1	0	0	0
GPR22_1	0	0	0
DUS4L-BCAP29_1	0	0	0
DUS4L_1	0	0	0
BCAP29_1	0	0	0
FAM131B-AS2_1	0	0	0
ZYX_1	0	0	0
FAM131B_1	0	0	0
MIR6892_1	0	0	0
EPHA1_1	0	0	0
EPHA1-AS1_1	0	0	0
TAS2R60_1	0	0	0
TAS2R41_1	0	0	0
LOC105375547_1	0	0	0
OR10AC1_1	0	0	0
CTAGE15_1	0	0	0
LOC101928466_1	0	0	0
TCAF2_1	0	0	0
CTAGE6_1	0	0	0
TCAF2P1_1	0	0	0
LOC154761_1	2	0	2
LOC112267988_1	0	0	0
TCAF1_1	2	0	2
LOC105375549_1	0	0	0
OR2F2_1	0	0	0
OR2F1_1	0	0	0
OR6B1_1	0	0	0
OR2A5_1	0	0	0
LOC105375548	0	0	0
OR2A25_1	0	0	0
OR2A12_1	0	0	0
OR2A2_1	0	0	0
OR2A14_1	0	0	0
CTAGE4_1	18	0	18
ARHGEF35_1	1	0	1
ARHGEF35-AS1_1	0	0	0
OR2A42_1	0	0	0
OR2A1-AS1_1	0	0	0
OR2A20P_1	0	0	0
OR2A7_1	0	0	0
ARHGEF34P_1	0	0	0
CTAGE8_1	0	0	0
OR2A9P_1	0	0	0
OR2A1_1	0	0	0
LOC107987545	27	1	26
LOC112268384	1	1	0
ARHGEF5_1	4	0	4
LOC124905440	1	1	0
NOBOX_1	0	0	0
TPK1_1	0	0	0
DPP6_1	0	0	0
MCPH1-DT_1	0	0	0
MCPH1_1	0	0	0
MCPH1_2	0	0	0
MCPH1-AS1_1	0	0	0
MIR8055_1	0	0	0
AGPAT5_1	0	0	0
MIR4659A_1	0	0	0
MIR4659B_1	0	0	0
LOC124901872_1	0	0	0
LOC107986909_1	0	0	0
XKR5_1	0	0	0
GS1-24F4.2_1	0	0	0
DEFB1_1	4	0	4
DEFA6_1	0	0	0
DEFA4_1	0	0	0
DEFA8P_1	0	0	0
DEFA9P_1	0	0	0
DEFA10P_1	0	0	0
LOC124901873_1	0	0	0
DEFA1_1	0	0	0
DEFT1P_1	0	0	0
LOC124901874_1	0	0	0
DEFA1B_1	0	0	0
DEFT1P2_1	0	0	0
LOC124901875_1	0	0	0
DEFA3_1	0	0	0
DEFA11P_1	0	0	0
DEFA5_1	0	0	0
LOC105377799_1	0	0	0
LOC105377803_1	0	0	0
LOC101928095_1	0	0	0
LOC112268400	0	0	0
FAM90A19_1	0	0	0
FAM90A9_1	0	0	0
FAM90A10_1	0	0	0
PRR23D2_1	0	0	0
LOC105379216	0	0	0
DEFB107A_1	0	0	0
DEFB105A_1	0	0	0
DEFB106A_1	0	0	0
DEFB104A_1	0	0	0
SPAG11A_1	0	0	0
DEFB103A_1	0	0	0
DEFB4A_1	0	0	0
ZNF705B_1	0	0	0
FAM66E_1	0	0	0
USP17L8_1	0	0	0
USP17L3_1	0	0	0
FAM90A20_1	0	0	0
LINC00965_1	0	0	0
FAM90A11_1	0	0	0
FAM90A24_1	0	0	0
LOC124905443	0	0	0
FAM90A12_1	0	0	0
LOC124905441	0	0	0
FAM85A_1	1	0	1
FAM66A_1	0	0	0
LOC124905442	0	0	0
LOC649352_1	0	0	0
ZNF705D_1	0	0	0
DEFB130A_1	0	0	0
LOC105379246_1	0	0	0
LOC105379245_1	0	0	0
DEFB134_1	0	0	0
DEFB135_1	0	0	0
DEFB136_1	0	0	0
LOC105379244_1	0	0	0
CTSB_1	1121	10	1111
FDFT1_1	448	0	448
LOC105379243_1	0	0	0
NEIL2_1	2	0	2
LINC02905_1	0	0	0
GATA4_1	0	0	0
SNORA99_1	0	0	0
LOC124905444	0	0	0
LOC105379242_1	0	0	0
LINC00208_1	0	0	0
BLK_1	0	0	0
BLK-AS1_1	0	0	0
FAM167A_1	27	0	27
FAM167A-AS1_1	0	0	0
TDH_1	0	0	0
TDH-AS1_1	0	0	0
MTMR9_1	8	0	8
SLC35G5_1	0	0	0
MTMR9-AS1_1	0	0	0
LINC00529_1	0	0	0
XKR6_1	0	0	0
LOC101929269_1	0	0	0
MIR598_1	0	0	0
LOC112268405	0	0	0
LOC101929248_1	0	0	0
PINX1-DT_1	0	0	0
PINX1_1	1	0	1
MIR1322_1	0	0	0
SOX7-AS1_1	0	0	0
SOX7_1	0	0	0
C8orf74_1	0	0	0
MIR4286_1	0	0	0
RP1L1_1	0	0	0
LOC105379237_1	0	0	0
PRSS55_1	0	0	0
PRSS51_1	0	0	0
LINC03022_1	0	0	0
MSRA_1	0	0	0
LOC105379235_1	0	0	0
MSRA-DT_1	0	0	0
LOC124902082_1	0	0	0
MIR124-1_1	0	0	0
MIR124-1HG_1	0	0	0
LOC124902085_1	0	0	0
TNKS_1	26	0	26
MIR597_1	0	0	0
LOC105379231_1	0	0	0
LOC124901884_1	0	0	0
LOC105379230_1	0	0	0
LOC105379228_1	0	0	0
LOC157273_1	0	0	0
LOC112268404	0	0	0
LOC101929128_1	0	0	0
PPP1R3B-DT_1	0	0	0
PPP1R3B_1	0	0	0
LOC112268402_1	0	0	0
ERI1_1	14	0	14
SNORD3I_1	0	0	0
MIR4660_1	0	0	0
LOC105379227_1	0	0	0
LOC124905446	0	0	0
LOC124901866_1	0	0	0
LOC124900259_1	0	0	0
LOC124905445	0	0	1
MFHAS1_1	30	1	30
CLDN23_1	0	0	0
LOC105379225_1	0	0	0
LOC105379224_1	0	0	0
LOC107986913_1	0	0	0
LINC02950_1	0	0	0
LINC02949_1	0	0	0
LOC105379222_1	0	0	0
PRAG1_1	0	0	0
LOC124901879_1	0	0	0
FAM86B3P_1	0	0	0
FAM85B_1	0	0	0
LOC124905449	1	0	1
LOC124905447	0	0	0
LOC124905448	0	0	0
LOC112268390	0	0	0
LOC128966725	0	0	0
FAM90A23_1	0	0	0
FAM90A17_1	0	0	0
FAM90A16_1	0	0	0
LOC128966567	0	0	0
FAM90A7_1	0	0	0
PRR23D1_1	1	0	1
LOC105377801_1	0	0	0
DEFB107B_1	0	0	0
DEFB105B_1	0	0	0
DEFB106B_1	0	0	0
DEFB104B_1	0	0	0
SPAG11B_1	0	0	0
DEFB103B_1	0	0	0
DEFB4B_1	0	0	0
ZNF705G_1	0	0	0
USP17L7_1	0	0	0
USP17L1_1	0	0	0
FAM90A25P_1	1	0	1
FAM90A2P_1	1	0	1
LOC128966724	0	10	0
FAM86B2_1	33	0	43
FAM86B2-DT_1	2	0	2
LOC729732_1	0	0	0
MIR5692A2_1	0	0	0
LONRF1_1	34	0	34
MIR3926-1_1	0	0	0
MIR3926-2_1	0	0	0
LINC03019_1	0	0	0
LINC00681_1	0	0	0
LOC105379289_1	0	0	0
TRMT9B_1	0	0	0
LOC124901889_1	0	0	0
DLC1_1	0	0	0
LOC107986922_1	0	0	0
LOC107986941_1	0	0	0
LOC112268372	0	0	0
RNF139-DT_1	0	0	0
RNF139_1	0	0	0
TATDN1_1	0	0	0
MIR6844_1	0	0	0
NDUFB9_1	0	0	0
MTSS1_1	0	0	0
GSDMC_1	0	0	0
LINC01300_1	0	0	0
GPR20_1	0	0	0
LOC101928037_1	0	0	0
ASTILCS_1	0	0	0
PTP4A3_1	0	0	0
MROH5_1	0	0	0
LOC107983985_1	0	0	0
LOC105375789_1	0	0	0
LOC124900270_1	0	0	0
LOC105375791_1	0	0	0
C8orf90_1	0	0	0
BOP1_1	0	0	0
HSF1_1	0	0	0
DGAT1_1	0	0	0
LOC124902050_1	0	0	0
MIR6848_1	0	0	0
SCRT1_1	0	0	0
CATSPERQ_1	0	0	0
FBXL6_1	0	0	0
SLC52A2_1	0	0	0
LOC101928902_1	0	0	0
ADCK5_1	0	0	0
CPSF1_1	0	0	0
MIR939_1	0	0	0
MIR1234_1	0	0	0
MIR6849_1	0	0	0
SLC39A4_1	1	1	0
VPS28_1	416	1	415
TONSL_1	0	0	0
LOC124905603	0	0	0
C8orf33_1	0	0	0
LOC105379435_1	0	0	0
CNTNAP3_1	0	0	0
LOC101927042	0	0	0
LOC124905604	0	0	0
LOC105376134_1	0	0	0
NXNL2_1	1	0	1
LINC02843_1	0	0	0
LOC105376135_1	0	0	0
MIR4289_1	0	0	0
IARS1_1	0	0	0
MIR3651_1	0	0	0
SNORA84_1	0	0	0
NOL8_1	0	0	0
CENPP_1	0	0	0
OGN_1	0	0	0
OMD_1	0	0	0
ASPN_1	0	0	0
ECM2_1	0	0	0
MIR4670_1	0	0	0
IPPK_1	0	0	0
LOC100128361_1	0	0	0
OBP2B_1	0	0	0
LOC124902294_1	0	0	0
ABO_1	0	0	0
LCN1_1	0	0	0
SURF6_1	0	0	0
MED22_1	0	0	0
RPL7A_1	0	0	0
SNORD24_1	0	0	0
SNORD36B_1	0	0	0
SNORD36A_1	0	0	0
SNORD36C_1	0	0	0
SURF1_1	0	0	0
SURF2_1	0	0	0
SURF4_1	0	0	0
STKLD1_1	0	0	0
REXO4_1	0	0	0
ADAMTS13_1	0	0	0
CACFD1_1	0	0	0
SLC2A6_1	0	0	0
LOC102723855_1	0	0	0
HSD17B7P2_1	0	0	0
SEPTIN7P9_1	0	0	0
LOC101929540_1	0	0	0
LINC00999_1	0	0	0
ACTR3BP5_1	0	0	0
LOC102724593_1	0	0	0
SYT15B_1	0	0	0
GPRIN2_1	1	0	1
NPY4R2_1	0	0	0
ANXA8_1	32	0	32
FAM25C_1	0	0	0
AGAP12P_1	0	0	0
LOC124905455	0	0	0
LINC01515_1	0	0	0
KAT6B_1	0	0	0
SNORD172_1	0	0	0
DUSP29_1	0	0	0
ATAD1_1	0	0	0
CFL1P1_1	0	0	0
KLLN_1	0	0	0
MLDHR_1	0	0	0
PTEN_1	17	0	17
LOC124900295_1	0	0	0
PNLIPRP1_1	0	0	0
PNLIPRP2_1	0	0	0
SPMIP5_1	0	0	0
HSPA12A-AS1_1	0	0	0
HSPA12A_1	0	0	0
LOC105378498_1	0	0	0
LOC105378536_1	0	0	0
MUC6_1	2	2	0
LOC124902605_1	0	0	0
LINC02688_1	0	0	0
LOC107987157_1	0	0	0
MUC2_1	0	0	0
MUC5AC_1	0	0	0
TOLLIP_1	0	0	0
TOLLIP-DT_1	0	0	0
LINC02689_1	0	0	0
BRSK2_1	0	0	0
MOB2_1	52	0	52
LOC124902607_1	0	0	0
DUSP8_1	0	0	0
LOC124902608_1	0	0	0
KRTAP5-AS1_1	0	0	0
KRTAP5-1_1	0	0	0
KRTAP5-2_1	0	0	0
KRTAP5-3_1	0	0	0
KRTAP5-4_1	0	0	0
KRTAP5-5_1	0	0	0
FAM99A_1	0	0	0
FAM99B_1	0	0	0
LINC02708_1	0	0	0
SYT8_1	0	0	0
TNNI2_1	0	0	0
LOC107984299_1	0	0	0
LSP1_1	0	0	0
MIR4298_1	0	0	0
MIR7847_1	0	0	0
PRR33_1	0	0	0
TNNT3_1	0	0	0
LINC01150_1	0	0	0
MRPL23_1	0	0	0
SNORD131_1	0	0	0
MRPL23-AS1_1	0	0	0
LINC01219_1	0	0	0
H19_1	0	0	0
MIR675_1	0	0	0
OR51L1_1	0	0	0
OR52J3_1	0	0	0
OR52E2_1	0	0	0
OR52E1_1	0	0	0
OR5P2_1	0	0	0
OR5P3_1	0	0	0
OR5E1P_1	0	0	0
LOC283299_1	0	0	0
LOC107984307_1	0	0	0
OR10A6_1	0	0	0
OR10A3_1	0	0	0
NLRP10_1	0	0	0
SAA1_1	0	0	0
HPS5_1	0	0	0
GTF2H1_1	0	0	0
LOC105376577_1	0	0	0
MIR3159_1	0	0	0
LDHA_1	0	0	0
LDHC_1	0	0	0
PTPMT1_1	0	0	0
KBTBD4_1	0	0	0
NDUFS3_1	0	0	0
FAM180B_1	0	0	0
C1QTNF4_1	0	0	0
MTCH2_1	0	0	0
AGBL2_1	0	0	0
FNBP4_1	0	0	0
NUP160_1	0	0	0
GRM5P1_1	0	0	0
OR4C12_1	0	0	0
OR4C45_1	0	0	0
LOC101060224_1	0	0	0
OR8J2_1	0	0	0
OR5T2_1	0	0	0
OR5T3_1	0	0	0
OR5T1_1	0	0	0
OR8H1_1	0	0	0
OR8K3_1	0	0	0
OR8K1_1	0	0	0
OR8J1_1	0	0	0
OR8U1_1	0	0	0
OR5AL1_1	0	0	0
OR8U3_1	0	0	0
OR5M9_1	0	0	0
OR5M3_1	0	0	0
OR5M8_1	0	0	0
OOSP1_1	0	0	0
OOSP4A_1	0	0	0
OOSP4B_1	0	0	0
OOSP2_1	0	0	0
MS4A3_1	0	0	0
PPFIA1_1	0	0	0
MIR548K_1	0	0	0
LOC107984346_1	0	0	0
LOC105369373_1	0	0	0
CTTN-DT_1	0	0	0
CTTN_1	0	0	0
LOC124905456	0	0	0
RAB38_1	0	0	0
LOC124900309_1	0	0	0
NAALAD2_1	0	0	0
CHORDC1_1	0	0	0
FAT3_1	0	0	0
LOC107984380_1	0	0	0
CASP12_1	0	0	0
CASP4LP_1	0	0	0
CASP4_1	0	0	0
FOXR1_1	0	0	0
CENATAC-DT_1	0	0	0
CENATAC_1	0	0	0
RPL23AP64_1	0	0	0
RPS25_1	0	0	0
TRAPPC4_1	0	0	0
SLC37A4_1	2	0	2
HYOU1_1	0	0	0
HYOU1-AS1_1	0	0	0
VPS11_1	0	0	0
HMBS_1	0	0	0
ERC1_1	0	0	0
LOC124902857_1	0	0	0
MIR3649_1	0	0	0
ADIPOR2_1	0	0	0
CACNA2D4_1	0	0	0
LOC105369602_1	0	0	0
LOC105369601_1	0	0	0
LRTM2_1	0	0	0
LOC124902858_1	0	0	0
LINC00940_1	0	0	0
DCP1B_1	0	0	0
CACNA1C_1	0	0	0
CACNA1C-IT1_1	0	0	0
CACNA1C-IT2_1	0	0	0
LOC107984131_1	0	0	0
CACNA1C-AS4_1	0	0	0
CACNA1C-IT3_1	0	0	0
CACNA1C-AS2_1	0	0	0
CACNA1C-AS1_1	0	0	0
C1R_1	0	0	0
C1RL_1	0	0	0
C1RL-AS1_1	0	0	0
RBP5_1	0	0	0
CLSTN3_1	0	0	0
PEX5_1	0	0	0
BCL2L14_1	0	0	0
MIR1244-4_1	0	0	0
LRP6_1	0	0	0
MANSC1_1	0	0	0
LOH12CR2_1	0	0	0
BORCS5_1	0	0	0
DUSP16_1	4	0	4
ESPL1_1	0	0	0
PFDN5_1	1	0	1
MYG1-AS1	0	0	0
MYG1_1	132	1	131
AAAS_1	0	0	0
SP7_1	0	0	0
LOC112268407	0	0	0
LOC105369878_1	0	0	0
ORAI1_1	142	0	142
MORN3_1	0	0	0
BCL7A_1	0	0	0
LINC02985_1	0	0	0
MLXIP_1	0	0	0
LINC02405_1	0	0	0
LOC105370062_1	5	5	0
EP400P1_1	0	0	0
LOC124905457	0	0	0
DDX51_1	0	0	0
NOC4L_1	0	0	0
LINC02361_1	0	0	0
GALNT9_1	0	0	0
LOC105370091_1	0	0	0
GALNT9-AS1_1	0	0	0
LOC101928416_1	0	0	0
LOC124905463	0	0	0
LOC105379280	44	0	44
LOC124905459	0	0	0
LOC105379491	0	0	0
LOC124905460	17	0	17
LOC124905464	1	0	1
LOC128966556	2	0	2
BAGE5	0	0	0
FAM230C_1	0	0	0
LOC105379278	0	0	0
LINC00411_1	0	0	0
NALCN-AS1_1	0	0	0
MYO16_1	0	0	0
ATP4B_1	0	0	0
GRK1_1	0	0	0
LOC105377805_1	0	0	0
LINC00552_1	0	0	0
C13orf46_1	1	0	1
RASA3_1	0	0	0
RASA3-IT1_1	0	0	0
LOC124903221_1	0	0	0
LOC107987192_1	0	0	0
LOC124905466	0	0	0
LOC124905468	0	0	0
LOC124905469	0	0	0
LOC389831_1	0	0	0
LOC124905471	0	0	0
LOC124905472	0	0	0
OR4N2_1	0	0	0
OR4K3_1	0	0	0
OR4K2_1	0	0	0
LOC124903278_1	0	0	0
OR4K1_1	0	0	0
OR4K5_1	0	0	0
OR4K15_1	0	0	0
OR4Q2_1	0	0	0
OR4K14_1	0	0	0
OR4K13_1	0	0	0
OR4L1_1	0	0	0
OR4K17_1	0	0	0
OR4N5_1	0	0	0
OR11G2_1	0	0	0
OR11H6_1	0	0	0
OR11H7_1	0	0	0
OR11H4_1	0	0	0
TTC5_1	0	0	0
CCNB1IP1_1	0	0	0
SNORA79B_1	0	0	0
SNORD126_1	0	0	0
RPPH1_1	0	0	0
PARP2_1	0	0	0
TEP1_1	0	0	0
KLHL33_1	0	0	0
OSGEP_1	0	0	0
APEX1_1	0	0	0
PIP4P1_1	0	0	0
PNP_1	0	0	0
RNASE10_1	0	0	0
LOC105370410_1	0	0	0
LOC105370409_1	0	0	0
LINC00596_1	0	0	0
LOC105370411_1	0	0	0
DHRS4-AS1_1	0	0	0
DHRS4_1	0	0	0
DHRS4L2_1	8	0	8
DHRS4L1_1	0	0	0
CARMIL3_1	0	0	0
LOC105370412_1	0	0	0
CPNE6_1	0	0	0
NRL_1	0	0	0
PCK2_1	0	0	0
DCAF11_1	0	0	0
FITM1_1	0	0	0
PSME1_1	0	0	0
EMC9_1	0	0	0
PSME2_1	0	0	0
MIR7703_1	0	0	0
RNF31_1	0	0	0
IRF9_1	0	0	0
REC8_1	0	0	0
IPO4_1	0	0	0
TM9SF1_1	0	0	0
TSSK4_1	0	0	0
CHMP4A_1	0	0	0
NEDD8-MDP1_1	0	0	0
MDP1_1	0	0	0
NEDD8_1	0	0	0
GMPR2_1	0	0	0
TINF2_1	0	0	0
TGM1_1	0	0	0
RABGGTA_1	0	0	0
DHRS1_1	0	0	0
NOP9_1	0	0	0
CIDEB_1	0	0	0
LTB4R2_1	0	0	0
LTB4R_1	0	0	0
ADCY4_1	0	0	0
RIPK3_1	0	0	0
NFATC4_1	0	0	0
LOC124903292_1	0	0	0
LINC00871_1	0	0	0
LOC124903309_1	0	0	0
SGPP1_1	0	0	0
OCA2_1	0	0	0
HERC2_1	3	1	3
LOC124905371	0	0	0
GOLGA6L24_1	0	0	0
GOLGA8F_1	0	0	0
MIR4509-2_1	0	0	0
LOC101059997_1	0	0	0
MIR4509-3_1	0	0	0
GOLGA8G_1	0	0	0
GOLGA6L25_1	0	0	0
HERC2P11_1	0	0	0
LOC124903450_1	0	0	1
HERC2P9_1	0	0	0
GOLGA8M_1	0	0	0
LOC107984746_1	0	0	0
WHAMMP2_1	0	0	0
LOC100289656_1	0	0	0
PDCD6IPP2_1	0	0	0
GOLGA6L7_1	0	0	0
APBA2_1	0	0	0
ENTREP2_1	0	0	0
NSMCE3_1	0	0	0
LCIIAR_1	0	0	0
LOC105370743_1	0	0	0
TJP1_1	0	0	0
GOLGA8J_1	0	0	0
ULK4P3_1	0	0	0
LOC124900359_1	0	0	0
GOLGA8T_1	0	0	0
LOC101929922	0	0	0
LOC105370746_1	0	0	0
LOC105370747_1	0	0	0
LINC02249_1	0	0	0
CHRFAM7A_1	0	0	0
LOC105370751_1	0	0	0
LOC124900358_1	0	0	0
ULK4P2_1	0	0	0
DNM1P50_1	0	0	0
GOLGA8Q_1	0	0	0
LOC124903452_1	0	0	0
WHAMMP4_1	8	0	8
LOC105376704_1	1	0	1
GOLGA8R_1	0	0	0
ULK4P1_1	0	0	0
LOC124900357_1	0	0	0
ARHGAP11B-DT_1	0	0	0
GOLGA8H_1	0	0	0
ARHGAP11B_1	0	0	0
LOC100288637_1	0	0	0
LOC101930434_1	0	0	0
LOC124905372	0	0	0
LOC124900565	0	0	0
LOC124903453_1	0	0	0
HERC2P10_1	0	0	0
FAN1_1	0	0	0
MTMR10_1	0	0	0
TRPM1_1	0	0	0
TRPM1-AS1_1	0	0	0
MIR211_1	0	0	0
LOC107984779	0	0	0
LINC02352_1	0	0	0
LOC107984092	0	0	0
LINC03034_1	0	0	0
KLF13_1	0	0	0
LOC105370939_1	0	0	0
OTUD7A_1	0	0	0
LOC124900362_1	0	0	0
LOC124903441_1	0	0	0
CHRNA7_1	0	0	0
LOC102724078_1	0	0	0
LOC101060588	0	0	0
WHAMMP1_1	0	0	0
LINC02256_1	0	0	0
ARHGAP11A-DT_1	0	0	0
GOLGA8N_1	0	0	0
ARHGAP11A_1	0	0	0
ARHGAP11A-SCG5_1	0	0	0
SCG5_1	0	0	0
SCG5-AS1_1	0	0	0
GREM1_1	0	0	0
GREM1-AS1_1	0	0	0
FMN1_1	0	0	0
LOC107984089_1	0	0	0
LOC124903606_1	0	0	0
LOC100507412_1	0	0	0
LOC124905531	0	0	0
LOC124905524	2	0	2
LOC128966565	0	0	0
LOC124905525	0	0	0
LOC124905526	0	0	0
LOC124905527	4	0	4
LOC105379279	0	0	0
LOC124905529	0	0	0
FAM30B_1	0	0	0
LOC105379203_1	0	0	0
LOC124905484	0	0	0
CHEK2P2_1	0	0	0
LOC124903442_1	0	0	0
HERC2P3_1	3	0	3
GOLGA6L6_1	0	0	0
GOLGA8CP_1	0	0	0
LOC124905498	0	0	0
NBEAP1_1	0	0	0
LOC105370714_1	0	0	0
LOC124905495	0	0	0
LOC124905496	0	0	0
LOC124903443_1	0	0	0
MIR3118-2_1	0	0	0
POTEB2_1	0	0	0
MIR5701-1_1	0	0	0
LINC01193_1	0	0	0
OR4M2-OT1_1	0	0	0
LOC124905520	0	0	0
OR4M2_1	0	0	0
OR4N4_1	0	0	0
OR4N3P_1	0	0	0
IGHV1OR15-1_1	0	0	0
LOC642131_1	0	0	0
LOC124905475	0	0	0
MIR1268A_1	0	0	0
LOC124905490	0	0	0
REREP3_1	0	0	0
LOC124905499	21	0	21
LOC124905500	0	0	0
LOC124905491	0	0	0
LOC124905476	0	0	0
LOC124905489	0	0	0
LOC124905488	0	0	0
LOC124900633_1	0	0	0
LOC124905497	0	0	0
LOC646214_1	1	0	1
LOC124905492	0	0	0
LOC124905493	0	0	0
LOC124905494	0	0	0
CXADRP2_1	0	0	0
POTEB3_1	0	0	0
MIR3118-3_1	0	0	0
LOC124900632_1	0	0	0
MIR5701-2_1	0	0	0
LINC02203_1	0	0	0
LOC124903610_1	0	0	0
OR4M2B_1	0	0	0
OR4N4C_1	0	0	0
LOC107987218	0	0	0
LOC102724737_1	0	0	0
LOC102724760_1	0	0	0
IGHV1OR15-3_1	0	0	0
LOC102724971_1	0	0	0
LOC101928039_1	0	0	0
LOC124905501	0	0	0
LOC124905503	0	0	0
LOC124905479	0	0	0
LOC124905504	0	0	0
LOC124905506	0	0	0
LOC124905507	0	0	0
LOC124905508	0	0	0
LOC124905509	0	0	0
FAM30C_1	0	0	0
LOC124905510	0	0	0
LOC124905511	0	0	0
MIR5701-3_1	0	0	0
NF1P2_1	0	0	0
POTEB_1	0	0	0
LOC124905519	0	0	0
MIR3118-4_1	0	0	0
LOC124905513	0	0	0
LOC124905514	1	0	1
LOC124905518	0	0	0
LOC124905517	0	0	0
LOC105370715	0	0	0
LOC124905515	0	0	0
LOC124905516	0	0	0
GOLGA8EP_1	0	0	0
GOLGA6L22_1	0	0	0
HERC2P7_1	0	0	0
HERC2P2_1	169	0	169
LOC101927846_1	0	0	0
GOLGA8IP_1	0	0	0
WHAMMP3_1	8	0	8
LOC283683_1	0	0	0
NIPA1_1	62	0	62
NIPA2_1	32	4	108
CYFIP1_1	3	76	7
TUBGCP5_1	0	0	0
GOLGA6L1_1	0	0	0
GOLGA8DP_1	0	0	0
MIR4509-1_1	0	0	0
LOC124907502	0	0	0
LOC124905482	0	0	0
LOC102723534_1	0	0	0
LOC102723564_1	0	0	0
GOLGA6L26_1	0	0	0
GOLGA8S_1	0	0	0
LOC105370726_1	0	0	0
LOC105370728_1	0	0	0
GOLGA6L2_1	0	0	0
LOC105370729_1	0	0	0
LOC105370730	0	0	0
LOC107984793	0	0	0
MIR4508_1	0	0	0
MKRN3_1	0	0	0
MAGEL2_1	0	0	0
NDN_1	0	0	0
LOC107984787_1	0	0	0
PWRN4_1	0	0	0
LOC105370732_1	0	0	0
PWRN2_1	0	0	0
PWRN1_1	0	0	0
LOC102723749_1	0	0	0
LOC102725165_1	0	0	0
PWRN3_1	0	0	0
GOLGA8J_2	0	0	0
ULK4P3_2	0	0	0
LOC124900566	0	0	0
GOLGA8K_1	0	0	0
LOC112268159_1	0	0	0
LOC105376709_1	0	0	0
LOC107984151	3	0	3
CHRNA7_2	0	0	0
ARHGAP11B_2	0	0	0
ARHGAP11B-DT_2	0	0	0
GOLGA8H_2	0	0	0
ULK4P1_2	0	0	0
LOC124900356_1	0	0	0
GOLGA8O_1	0	0	0
LOC124905406	0	0	0
LOC100653133_1	0	0	0
WHAMMP1_2	3	0	3
LINC02256_2	1	0	1
ARHGAP11A-DT_2	3	1	2
GOLGA8N_2	21	0	21
ARHGAP11A_2	89	2	87
ARHGAP11A-SCG5_2	0	0	0
SCG5_2	0	0	0
SCG5-AS1_2	0	0	0
LOC105370756_1	0	0	0
GREM1_2	0	0	0
GREM1-AS1_2	0	0	0
FMN1_2	0	0	0
SLC12A6_1	0	0	0
NOP10_1	0	0	0
NUTM1_1	1	1	0
LPCAT4_1	6	0	6
GOLGA8A_1	404	0	404
ISLR_1	0	0	0
STRA6_1	0	0	0
CCDC33_1	0	0	0
LOC105370893_1	0	0	0
CYP11A1_1	0	0	0
PPIAP46_1	0	0	0
LINC02255_1	0	0	0
SEMA7A_1	0	0	0
MIR6881_1	0	0	0
UBL7_1	0	0	0
UBL7-DT_1	0	0	0
LOC101929333_1	0	0	0
LOC124900366_1	0	0	0
SH3GL3_1	0	0	0
ADAMTSL3_1	0	0	0
LOC105370935_1	0	0	0
EFL1P1_1	0	0	0
DNM1P41_1	0	0	0
LOC124903544_1	0	0	0
UBE2Q2P16_1	0	0	0
LOC440300_1	0	0	0
GOLGA2P7_1	0	0	0
LOC105376724_1	0	0	0
GOLGA6L4_1	3	0	3
LOC105376722_1	0	0	0
LOC124905605	0	0	0
LOC103171574_1	0	0	0
LOC102724117_1	0	0	0
LOC102724135_1	9	0	9
LOC105370946_1	0	0	0
GOLGA6L5P_1	0	0	0
GOLGA6L3P_1	0	0	0
UBE2Q2P1_1	0	0	0
LINC00933_1	0	0	0
LOC105370947_1	0	0	0
ZSCAN2_1	0	0	0
SCAND2P_1	0	0	0
WDR73_1	0	0	0
NMB_1	0	0	0
FAM138E_1	0	0	0
MIR1302-10_1	0	0	0
WASH3P_1	0	0	0
MIR6859-3_1	0	0	0
DDX11L9_1	0	0	0
LOC102723897	6	0	6
LOC124905473	0	0	0
MSRB1_1	0	0	0
RPL3L_1	0	0	0
NDUFB10_1	0	0	0
RPS2_1	0	0	0
SNORA10_1	0	0	0
SNORA64_1	0	0	0
SNHG9_1	0	0	0
SNORA78_1	0	0	0
RNF151_1	0	0	0
TBL3_1	0	0	0
NOXO1_1	0	0	0
GFER_1	0	0	0
SYNGR3_1	0	0	0
ZNF598_1	62	0	62
NPW_1	0	0	0
PRSS21_1	0	0	0
ZG16B_1	1	0	1
PRSS30P_1	0	0	0
PRSS22_1	0	0	0
LOC101929566_1	0	0	0
XYLT1_1	0	0	0
LOC102723692_1	0	0	0
LOC124903654_1	0	0	0
LOC107987234_1	0	0	0
LDAF1_1	0	0	0
ZP2_1	0	0	0
LOC105371123_1	0	0	0
ANKS4B_1	0	0	0
CRYM_1	0	0	0
LOC105371125_1	0	0	0
ABCA15P_1	0	0	0
SNX29P1_1	0	0	0
NPIPB3_1	19	0	19
LOC100190986_1	0	0	0
SMG1P3_1	12	1	11
LOC124903800_1	0	0	0
MIR3680-2_1	0	0	0
LOC105371132	0	0	0
LOC124900576	0	0	0
LOC105371131_1	0	0	3
NPIPB5_1	1	3	1
SMG1P1_1	0	0	0
LOC124905420	0	0	0
RRN3P3_1	0	0	0
SLC68A2P_1	0	0	0
CDR2-DT_1	0	0	0
CDR2_1	64	0	64
POLR3E_1	0	0	0
TRL-AAG2-4_1	0	0	0
EEF2K_1	39	0	39
TRL-TAG3-1_1	0	0	0
SDR42E2_1	0	0	0
VWA3A_1	0	0	0
LOC105371129_1	0	0	0
MOSMO_1	0	0	0
PDZD9_1	0	0	0
UQCRC2_1	6	0	6
LOC124903801_1	0	0	0
NPIPB4_1	1	0	1
LOC112268174_1	0	0	0
RRN3P1_1	2	0	2
LOC105371126_1	0	0	0
OTOA_1	0	0	0
METTL9_1	0	0	0
IGSF6_1	0	0	0
LOC101927814_1	0	0	0
LOC124900577	0	0	0
SLC7A5P2_1	0	0	0
SMG1P2_1	1	0	1
MIR3680-1_1	0	0	0
SMG1P6_1	0	0	0
LOC124905419	0	0	0
NPIPB11_1	39	0	39
LOC128966723	0	0	0
LOC100505915_1	5	5	0
OTOAP1_1	0	0	0
LOC112268175_1	0	0	0
LINC02890_1	0	0	0
LOC112268374	0	0	0
TNRC6A_1	0	0	0
SLC5A11_1	0	0	0
ARHGAP17_1	0	0	0
HYDIN_1	0	0	0
LOC107987474	0	0	0
CMTR2_1	9	0	10
LOC102723786_1	0	1	0
LOC102725168_1	0	0	0
CALB2_1	0	0	0
LOC105371332_1	0	0	0
ZFP1_1	0	0	0
CTRB2_1	0	0	0
CTRB1_1	0	0	0
LOC100506281_1	0	0	0
BCAR1_1	144	0	144
CMC2_1	0	0	0
CENPN_1	0	0	0
CENPN-AS1_1	0	0	0
ATMIN_1	0	0	0
C16orf46_1	0	0	0
C16orf46-AS1_1	0	0	0
GCSH_1	0	0	0
PKD1L2_1	2	0	2
BCO1_1	0	0	0
LOC105371430_1	0	0	0
LIAT1_1	0	0	0
RFLNB_1	0	0	0
VPS53_1	0	0	0
VPS53-AS1_1	0	0	0
CTDNEP1_1	0	0	0
ELP5_1	0	0	0
CLDN7_1	0	0	0
SLC2A4_1	0	0	0
YBX2_1	0	0	0
EIF5A_1	1	0	1
GPS2_1	0	0	0
NEURL4_1	0	0	0
ACAP1_1	0	0	0
KCTD11_1	0	0	0
TMEM95_1	0	0	0
TNK1_1	0	0	0
TMEM256-PLSCR3_1	0	0	0
PLSCR3_1	0	0	0
TMEM256_1	0	0	0
NLGN2_1	0	0	0
SPEM1_1	0	0	0
SPEM2_1	0	0	0
SPEM3_1	0	0	0
TMEM102_1	0	0	0
FGF11_1	0	0	0
CHRNB1_1	0	0	0
ZBTB4_1	3	0	3
SLC35G6_1	0	0	0
POLR2A_1	4	0	4
LLGL1_1	0	0	0
FLII_1	0	0	0
MIEF2_1	0	0	0
TOP3A_1	0	0	0
SMCR8_1	0	0	0
SHMT1_1	0	0	0
MIR6778_1	0	0	0
LOC124905415	0	0	0
EVPLL_1	0	0	0
LINC02076_1	0	0	0
KRT17P5_1	0	0	0
KRT17P2_1	0	0	0
LOC105371570_1	0	0	0
KRT16P1_1	0	0	0
LOC105371569_1	0	0	0
LGALS9C_1	0	0	0
ADAP2_1	0	0	0
RNF135_1	0	0	0
DPRXP4_1	0	0	0
LOC107984974_1	0	0	0
LOC646030_1	0	0	0
MIR4733HG_1	0	0	0
MIR4733_1	0	0	0
NF1_1	65	0	65
LOC101927057_1	0	0	0
OMG_1	0	0	0
EVI2B_1	0	0	0
EVI2A_1	0	0	0
RAB11FIP4_1	0	0	0
KRTAP2-2_1	0	0	0
KRTAP2-3_1	0	0	0
KRTAP2-4_1	0	0	0
KRTAP4-7_1	0	0	0
KRTAP4-8_1	0	0	0
KRTAP4-16_1	0	0	0
KRTAP4-9_1	0	0	0
KRTAP4-11_1	0	0	0
KRTAP4-12_1	0	0	0
KRTAP4-6_1	0	0	0
KRTAP4-5_1	0	0	0
KRTAP4-4_1	0	0	0
KRTAP4-3_1	0	0	0
KRTAP4-2_1	0	0	0
KRTAP4-1_1	0	0	0
KRTAP9-1_1	0	0	0
KRTAP9-2_1	0	0	0
KRTAP9-3_1	0	0	0
KRTAP9-8_1	0	0	0
KRTAP9-4_1	0	0	0
KRTAP9-9_1	0	0	0
KRTAP9-7_1	0	0	0
KRTAP29-1_1	0	0	0
KRTAP16-1_1	0	0	0
KRTAP17-1_1	0	0	0
KRT33A_1	0	0	0
LOC105371778_1	0	0	0
KRT33B_1	0	0	0
KRT34_1	0	0	0
KRT31_1	0	0	0
LOC100505782_1	0	0	0
KRT37_1	0	0	0
LINC01982_1	0	0	0
GPRC5C_1	0	0	0
CD300A_1	0	0	0
LOC107985074_1	0	0	0
CD300LB_1	0	0	0
CD300C_1	0	0	0
CD300H_1	0	0	0
CD300LD_1	0	0	0
CD300LD-AS1_1	0	0	0
LOC124905606	0	0	0
TBC1D16_1	0	0	0
CCDC40_1	0	0	0
LOC124904074_1	0	0	0
MIR1268B_1	0	0	0
GAA_1	0	0	0
EIF4A3_1	0	0	0
CARD14_1	0	1	0
LOC124905607	0	0	1
SGSH_1	0	0	0
RENO1_1	0	0	0
LINC03048_1	0	0	0
BAHCC1_1	49	0	77
MIR4740_1	0	0	0
MIR3186_1	2	2	0
LOC105371926	0	28	0
LINC01971_1	0	0	0
ACTG1_1	0	0	0
FSCN2_1	0	0	0
LOC105376789_1	0	0	0
GCGR_1	0	0	0
MCRIP1_1	0	0	0
PPP1R27_1	0	0	0
LOC101930496_1	0	0	0
LOC101929650_1	0	0	0
LOC105371948_1	0	0	0
LOC100505909_1	0	0	0
RPL23AP87_1	0	0	0
LOC105371959_1	0	0	0
LOC124905450	0	0	0
CTAGE1_1	0	0	0
LOC124904260_1	0	0	0
LOC124904265_1	0	0	0
SLC14A2-AS1_1	0	0	0
LOC112268408	0	0	0
CTIF_1	0	0	0
MIR4743_1	0	0	0
LOC105372107_1	0	0	0
LOC107985147_1	0	0	0
LOC105372106_1	0	0	0
CTIF-AS1_1	0	0	0
LOC124904355_1	0	0	0
LOC107985185	0	0	0
LOC105376872_1	0	0	0
GARRE1_1	0	0	0
GPI_1	353	3	350
PDCD2L_1	0	0	0
UBA2_1	0	0	0
WTIP_1	0	0	0
ZNF807P_1	0	0	0
LOC124905609	0	0	0
NRTN_1	0	0	0
FUT6_1	0	0	0
FUT3_1	0	0	0
LOC101928844_1	0	0	0
FUT5_1	0	0	0
NDUFA11_1	0	0	0
VMAC_1	0	0	0
CAPS_1	0	0	0
ZNF558_1	0	0	0
MBD3L1_1	0	0	0
MUC16_1	550	0	550
ZSWIM4_1	0	0	0
LOC107985334_1	0	0	0
MIR23AHG_1	0	0	0
MIR24-2_1	0	0	0
MIR27A_1	0	0	0
MIR23A_1	0	0	0
NANOS3_1	0	0	0
MIR181C_1	0	0	0
MIR181D_1	0	0	0
BRME1_1	0	0	0
CC2D1A_1	0	0	0
PODNL1_1	0	0	0
DCAF15_1	0	0	0
RFX1_1	0	0	0
RLN3_1	0	0	0
IL27RA_1	0	0	0
PALM3_1	0	0	0
MISP3_1	0	0	0
MIR1199_1	0	0	0
C19orf67_1	0	0	0
SAMD1_1	64	4	60
PRKACA_1	0	0	0
SMIM46_1	0	0	0
ASF1B_1	0	0	0
ADGRL1-AS1_1	0	0	0
ADGRL1_1	0	0	0
MAP4K1_1	0	0	0
MAP4K1-AS1_1	0	0	0
EIF3K_1	0	0	0
ACTN4_1	0	0	0
LOC107985291_1	0	0	0
CAPN12_1	0	0	0
LOC124904711_1	0	0	0
LGALS7_1	0	0	0
LGALS7B_1	0	0	0
LGALS4_1	0	0	0
ECH1_1	0	0	0
LOC124904712_1	0	0	0
HNRNPL_1	3	0	3
RINL_1	0	0	0
SIRT2_1	0	0	0
NFKBIB_1	0	0	0
CCER2_1	2	0	2
SARS2_1	0	0	0
MRPS12_1	0	0	0
FBXO17_1	0	0	0
LOC124904717_1	0	0	0
IFNL3_1	0	0	0
IFNL4_1	0	0	0
IFNL2_1	0	0	0
IFNL1_1	0	0	0
LRFN1_1	0	0	0
GMFG_1	0	0	0
SAMD4B_1	0	0	0
LEUTX_1	0	0	0
DYRK1B_1	0	0	0
MIR6719_1	0	0	0
FBL_1	0	0	0
FCGBP_1	0	0	0
LOC124904720_1	0	0	0
PSMC4_1	0	0	0
ZNF546_1	0	0	0
ZNF780B_1	0	0	0
ZNF780A_1	0	0	0
LILRP2_1	0	0	0
KIR3DL3_1	0	0	0
KIR2DL3_1	0	0	0
LOC101928804_1	0	0	0
KIR2DL1_1	0	0	0
KIR2DL4_1	0	0	0
KIR3DL1_1	0	0	0
KIR2DS4_1	0	0	0
KIR3DL2_1	0	0	0
LILRP2_2	0	0	0
KIR3DL3_2	0	0	0
KIR2DL3_2	0	0	0
LOC101928804_2	0	0	0
KIR2DL1_2	0	0	0
KIR2DL4_2	0	0	0
KIR3DL1_2	0	0	0
KIR2DS4_2	0	0	0
KIR3DL2_2	0	0	0
LILRP2_3	0	0	0
KIR3DL3_3	0	0	0
KIR2DL3_3	0	0	0
LOC101928804_3	0	0	0
KIR2DL1_3	0	0	0
KIR2DL4_3	0	0	0
KIR3DL1_3	0	0	0
KIR2DS4_3	0	0	0
KIR3DL2_3	0	0	0
LILRP2_4	0	0	0
KIR3DL3_4	0	0	0
KIR2DL3_4	0	0	0
LOC101928804_4	0	0	0
KIR2DL1_4	0	0	0
LOC112268354	0	0	0
LOC112268355	0	0	0
KIR2DL5B	0	0	0
KIR2DS3	0	0	0
LOC112267881	0	0	0
LOC124900568	0	0	0
KIR3DS1	0	0	0
LOC124900569	0	0	0
KIR2DS5	0	0	0
KIR2DS1	0	0	0
KIR3DL2_4	0	0	0
LILRP2_5	0	0	0
KIR3DL3_5	0	0	0
KIR2DL3_5	0	0	0
LOC101928804_5	0	0	0
KIR2DL1_5	0	0	0
KIR2DL4_4	0	0	0
KIR2DL5A	0	0	0
LOC128966550	0	0	0
KIR2DS1_1	0	0	0
KIR3DL2_5	0	0	0
FCAR_1	0	0	0
NCR1_1	0	0	0
LILRP2_6	0	0	0
KIR3DL3_6	0	0	0
KIR2DL3_6	0	0	0
LOC101928804_6	0	0	0
KIR2DL1_6	0	0	0
KIR2DL4_5	0	0	0
KIR3DL1_4	0	0	0
KIR2DS4_4	0	0	0
KIR3DL2_6	0	0	0
LILRP2_7	0	0	0
KIR3DL3_7	0	0	0
LOC124900570	0	0	0
LOC101928804_7	0	0	0
KIR2DL1_7	0	0	0
KIR2DL4_6	0	0	0
KIR3DL1_5	0	0	0
KIR2DS4_5	0	0	0
KIR3DL2_7	0	0	0
LILRP2_8	0	0	0
KIR3DL3_8	0	0	0
KIR2DL3_7	0	0	0
LOC101928804_8	0	0	0
KIR2DL1_8	0	0	0
KIR2DL4_7	0	0	0
KIR3DL1_6	0	0	0
KIR2DS4_6	0	0	0
KIR3DL2_8	0	0	0
LILRP2_9	0	0	0
KIR3DL3_9	0	0	0
KIR2DL3_8	0	0	0
LOC101928804_9	0	0	0
LOC124900571	0	0	0
KIR3DL2_9	0	0	0
LILRP2_10	0	0	0
KIR3DL3_10	0	0	0
KIR2DL3_9	0	0	0
LOC101928804_10	0	0	0
KIR2DL1_9	0	0	0
KIR2DL4_8	0	0	0
KIR3DL1_7	0	0	0
KIR2DS4_7	0	0	0
KIR3DL2_10	0	0	0
LILRP2_11	0	0	0
LOC124900573	0	0	0
KIR2DL2	0	0	0
LOC101928804_11	0	0	0
KIR2DL4_9	0	0	0
LOC124900572	0	0	0
LOC102725023	0	0	0
KIR2DS1_2	0	0	0
KIR3DL2_11	0	0	0
LILRP2_12	0	0	0
KIR3DL3_11	0	0	0
KIR2DL3_10	0	0	0
LOC101928804_12	0	0	0
LOC112268362	0	0	0
LOC124900630	0	0	0
LILRP2_13	0	0	0
KIR3DL3_12	0	0	0
KIR2DL3_11	0	0	0
LOC101928804_13	0	0	0
LOC128966555	0	0	0
KIR2DL4_10	0	0	0
KIR3DL1_8	0	0	0
KIR2DS4_8	0	0	0
KIR3DL2_12	0	0	0
LILRP2_14	0	0	0
KIR3DL3_13	0	0	0
LOC128966722	0	0	0
KIR2DL4_11	0	0	0
KIR3DL1_9	0	0	0
KIR2DS4_9	0	0	0
KIR3DL2_13	0	0	0
NCR1_2	0	0	0
FCAR_2	0	0	0
KIR3DL2_14	0	0	0
KIR2DS1_3	0	0	0
LOC128966554	0	0	0
LOC124900574	0	0	0
KIR2DS2	0	0	0
KIR3DL3_14	0	0	0
NDUFAF5_1	0	0	0
SEL1L2_1	0	0	0
MACROD2_1	0	0	0
MROH8_1	1	1	0
RPN2_1	0	0	0
GHRH_1	0	0	0
MANBAL_1	0	0	0
LOC105372606_1	0	0	0
SRC_1	0	0	0
LOC124905537	0	0	0
LOC124905534	0	0	0
LOC102723360_1	18	0	18
LOC124905538	2	2	0
LOC124905532	0	0	0
LOC124905533	0	0	0
MIR6724-3_1	0	0	0
RNA45SN3_1	0	0	0
RNA18SN3_1	0	0	0
RNA5-8SN3_1	0	0	0
RNA28SN3_1	0	0	0
CDC27P10_1	0	0	0
MIR6724-4_1	0	0	0
RNA45SN1_1	0	0	0
MIR10396B_1	0	0	0
RNA18SN1_1	0	0	0
RNA5-8SN1_1	0	0	0
RNA28SN1_1	0	0	0
LOC105379507	1	0	1
LOC124905004_1	0	0	0
LTN1_1	0	0	0
LOC105372766_1	0	0	0
RWDD2B_1	0	0	0
LOC124905005_1	0	0	0
USP16_1	0	0	0
CCT8_1	0	0	0
MAP3K7CL_1	0	0	0
LOC105372767_1	0	0	0
LOC124905065_1	0	0	0
LINC00189_1	0	0	0
PCP4_1	0	0	0
DSCAM_1	0	0	0
MIR4760_1	0	0	0
DSCAM-AS1_1	0	0	0
LOC105369294_1	0	0	0
LOC124900473_1	0	0	0
DSCAM-IT1_1	0	0	0
BNAT1_1	0	0	0
COL18A1_1	3	1	2
COL18A1-AS2_1	0	0	0
COL18A1-AS1_1	0	0	0
LOC124905042_1	0	0	0
MIR6815_1	0	0	0
SLC19A1_1	0	0	0
LOC124905540	0	0	0
LOC124905539	0	0	0
LOC124905542	8	0	8
LOC124905543	0	0	0
LOC124905544	0	0	0
LOC124905545	3	0	3
LOC124905548	0	0	0
LOC124905547	0	0	0
LOC124905169_1	0	0	0
NDUFA6_1	75	0	75
NDUFA6-DT_1	0	0	0
CYP2D7_1	1	0	1
TCF20_1	0	0	0
LOC124900628	0	0	0
CYP2D7_2	0	0	0
TCF20_2	0	0	0
NDUFA6-DT_2	0	0	0
CYP2D6_1	0	0	0
LOC107987479	0	0	0
LOC107987478	0	0	0
LOC112268342	0	0	0
CYP2D7_3	0	0	0
TCF20_3	0	0	0
NDUFA6-DT_3	0	0	0
CYP2D6_2	0	0	0
LOC101929829	0	0	0
LOC107987464	0	0	0
CYP2D7_4	0	0	0
TCF20_4	0	0	0
NDUFA6-DT_4	0	0	0
CYP2D6_3	0	0	0
LOC102723722	0	0	0
CYP2D7_5	1	0	1
TCF20_5	0	0	0
SHANK3_1	10	0	10
LOC105373100_1	0	0	0
ACR_1	0	0	0
TIMM17B_1	0	0	0
PQBP1_1	0	0	0
SLC35A2_1	0	0	0
PIM2_1	0	0	0
OTUD5_1	0	0	0
KCND1_1	0	0	0
GRIPAP1_1	0	0	0
TFE3_1	0	0	0
CCDC120_1	53	0	53
PRAF2_1	0	0	0
WDR45_1	0	0	0
GPKOW_1	0	0	0
LOC105373195_1	0	0	0
MAGIX_1	0	0	0
CCNB3_1	0	0	0
TCEAL2_1	0	0	0
TCEAL6_1	0	0	0
LOC105373299_1	0	0	0
BEX5_1	0	0	0
STEEP1_1	0	0	0
UBE2A_1	0	0	0
NKRF_1	28	0	28
SEPTIN6_1	0	0	0
MIR766_1	0	0	0
MCTS1_1	0	0	0
C1GALT1C1_1	0	0	0
CT47B1_1	0	0	0
CT47A11_1	0	0	0
CT47A5_1	0	0	0
CT47A4_1	0	0	0
CT47A3_1	0	0	0
CT47A2_1	0	0	0
CT47A1_1	0	0	0
GLUD2_1	0	0	0
SPANXN2_1	0	0	0
UBE2NL_1	0	0	0
MIR105-1_1	0	0	0
MIR767_1	0	0	0
MIR105-2_1	0	0	0
LOC124905610	0	0	0
GABRQ_1	0	0	0
MAGEA6_1	316	0	316
CSAG3_1	0	0	0
MAGEA2_1	0	0	0
CSAG4_1	18	0	18
MAGEA12_1	3	0	3
CSAG1_1	452	1	451
MAGEA2B_1	0	1	0
CSAG2_1	0	0	1
MAGEA3_1	9	0	9
LOC124905611	0	0	0
CETN2_1	0	0	0
NSDHL_1	0	0	0
ZNF185_1	0	0	0
LOC105373372_1	0	0	0
PNMA5_1	0	0	0
LOC105379264_1	0	0	0
LOC105379265_1	0	0	0
LOC105379266_1	0	0	0
LOC105379267_1	0	0	0
RBMY1A3P_1	0	0	0
TTTY20_1	0	0	0
TSPY4_1	0	0	0
FAM197Y8_1	0	0	0
TSPY8_1	0	0	0
FAM197Y7_1	0	0	0
FAM197Y6_1	0	0	0
TSPY3_1	0	0	0
LOC124905645	0	0	0
LOC124909293	0	0	0
LOC124905646	0	0	0
TSPY2_1	0	0	0
LOC124905637	0	0	0
LOC124905624	0	0	0
LOC124905634	0	0	0
LOC124905626	0	0	0
FAM197Y9_1	0	0	0
LOC124905625	0	0	0
LOC124905639	0	0	0
LOC124908978	0	0	0
LOC124905638	0	0	0
LOC124905628	0	0	0
LOC124905649	0	0	0
LOC124905613	0	0	0
LOC124905640	0	0	0
LOC124905629	0	0	0
LOC124905635	0	0	0
LOC124905622	0	0	0
LOC124905644	0	0	0
LOC124905614	0	0	0
LOC124905647	0	0	0
TSPY9_1	0	0	0
LOC124905633	0	0	0
LOC124905618	0	0	0
LOC124905642	0	0	0
LOC128966655	0	0	0
LOC124905650	0	0	0
LOC128966595	0	0	0
LOC124905641	0	0	0
LOC124905627	0	0	0
LOC124905636	0	0	0
LOC124905619	0	0	0
LOC124905631	0	0	0
LOC124908980	0	0	0
LOC124905643	0	0	0
LOC124909294	0	0	0
LOC124905648	0	0	0
LOC124905623	0	0	0
FAM197Y5_1	0	0	0
TSPY1_1	0	0	0
FAM197Y4_1	0	0	0
LOC124909015	0	0	0
FAM197Y3_1	0	0	0
FAM197Y2_1	0	0	0
TSPY10_1	0	0	0
RBMY3AP_1	0	0	0
TTTY13_1	0	0	0
LOC105369226	0	0	0
PLCH2_1	0	0	0
PANK4_1	0	0	0
HES5_1	0	0	0
TNFRSF14-AS1_1	0	0	0
TNFRSF14_1	0	0	0
LOC100996583_1	0	0	0
PRXL2B_1	0	0	0
MMEL1_1	0	0	0
MMEL1-AS1_1	0	0	0
TTC34_1	0	0	0
LOC105378602_1	0	0	0
LOC105378601_1	0	0	0
LOC112268220_1	0	0	0
LOC107985732_1	0	0	0
LOC105378600_1	0	0	0
LOC105378598_1	0	0	0
LOC107984904_1	0	0	0
LOC105378599_1	0	0	0
PRAMEF34P_3	0	0	0
HNRNPCL2_3	0	0	0
PRAMEF36P_3	0	0	0
PRAMEF26_3	0	0	0
PRAMEF9_3	0	0	0
HNRNPCL4_3	0	0	0
PRAMEF13_2	0	0	0
PRAMEF18_3	0	0	0
PRAMEF5_3	0	0	0
PRAMEF8_3	0	0	0
PRAMEF33_3	0	0	0
LOC107987405	0	0	0
RNVU1-26_1	0	0	0
RNVU1-2A_1	0	0	0
LOC105379574_1	0	0	0
RNVU1-28_2	0	0	0
TRN-GTT2-8_1	0	0	0
PPIAL4F_1	0	0	0
LINC01632_1	0	0	0
LOC105371215_1	0	0	0
KMT2CP1_1	0	0	0
INTS3_1	0	0	0
LOC124904820_1	0	0	0
SLC27A3_1	0	0	0
LOC124904426_1	0	0	0
LOC343052_1	0	0	0
LOC124904425_1	0	0	0
GATAD2B_1	0	0	0
MTX1_1	1	1	0
GBA1LP_1	2	0	2
GBA1_1	1	0	1
ENTREP3_1	0	0	0
SCAMP3_1	0	0	0
CLK2_1	0	0	0
HCN3_1	0	0	0
PKLR_1	0	0	0
LOC105371677_1	0	0	0
ATP6V1G3_1	0	0	0
PTPRC_1	0	0	0
PTPRC-AS1_1	0	0	0
LOC100132287_1	0	0	0
LINC01347_1	0	0	0
LOC124904568_1	0	0	0
CEP170_1	0	0	0
SDCCAG8_1	0	0	0
MIR4677_1	0	0	0
AKT3_1	0	0	0
AKT3-IT1_1	0	0	0
KIF26B_1	0	0	0
LOC105373265_1	0	0	0
OR2T4_2	0	0	0
OR2T6_2	0	0	0
OR2T1_2	0	0	0
OR2T7_2	0	0	0
OR2T2_2	0	0	0
LOC105373279_2	0	0	0
OR2T3_2	0	0	0
OR2T5_2	0	0	0
OR2G6_2	0	0	0
LINC01115_1	0	0	0
SNTG2_1	0	0	0
SNTG2_2	0	0	0
TPO_1	0	0	0
LALTOP_1	0	0	0
TRAPPC12_1	0	0	0
TRAPPC12-AS1_1	0	0	0
LOC112268321_1	0	0	0
ADI1_1	0	0	0
CRIM1_1	0	0	0
CRIM1-DT_1	0	0	0
LOC102724983	49	0	49
LINC03124_1	0	0	0
CDRT15P3_1	1	0	1
KIF5C_1	0	0	0
NOSTRIN_1	0	1	0
SPC25_1	19	0	20
G6PC2_1	0	0	0
ABCB11_1	0	0	0
GAL3ST2_1	0	0	0
LOC124905349_1	0	0	0
NEU4_1	0	0	0
LOC124905350_1	0	0	0
PDCD1_1	0	0	0
LOC105373977_1	0	0	0
RTP5_1	0	0	0
LOC105373978_1	0	0	0
LINC01237_1	0	0	0
FAM240C_1	0	0	0
LINC01237_2	0	0	0
LINC01238_1	0	0	0
LOC285097_1	0	0	0
LOC105373980_1	0	0	0
LINC01880_1	0	0	0
LINC03100_1	0	0	0
LINC01881_1	0	0	0
TAMM41_1	0	0	0
LOC101927829_1	0	0	0
LOC105379578	0	0	0
LOC105374312_1	0	0	0
MIR548I1_1	0	0	0
LOC124905353	0	0	0
LINC02614_1	0	0	0
LOC105374157_1	0	0	0
LINC02066_1	0	0	0
AADACL2_1	0	0	0
AADACL2-AS1_1	0	0	0
DHX36_1	0	0	0
ARHGEF26_1	0	0	0
LOC105374167_1	0	0	0
LOC107987407	0	0	0
LINC01839_1	0	0	0
LINC02054_1	0	0	0
LOC124905351	0	0	0
LOC105374297_1	0	0	0
SDHAP2_1	0	0	0
MIR570HG_1	0	0	0
MIR570_1	0	0	0
MUC20_1	0	0	0
MUC4_1	0	0	0
LOC124905352_1	0	0	0
BDH1_1	0	0	0
LINC02012_1	0	0	0
LOC105374309_1	0	0	0
LOC105379576	0	0	0
LOC105374308_1	0	0	0
FAM157A_1	0	0	0
LOC124905354_1	0	0	0
ANKRD18DP_1	0	0	0
KCNIP4_1	0	0	0
LOC105374516_1	0	0	0
LOC107986270_1	0	0	0
LOC107986271_1	0	0	0
LOC105378262_1	0	0	0
YTHDC1_1	0	0	0
TMPRSS11E_1	0	0	0
UGT2B15_1	0	0	0
UGT2B10_1	0	0	0
LOC124900853_1	0	0	0
UGT2A3_1	0	0	0
LOC101929773	0	0	0
MAD2L1-DT_1	0	0	0
ASIC5_1	0	0	0
LOC105377507_1	0	0	0
TDO2_1	0	0	0
CTSO_1	0	0	0
LOC105379580	0	0	0
LOC105377608_1	0	0	0
LOC105377609_1	0	0	0
LINC01060_1	0	0	0
LOC105377616_1	0	0	0
FRG1-DT_3	0	0	0
LOC105377619_1	0	0	0
LINC01596_1	0	0	0
CEP72_1	0	0	0
CEP72-DT_1	0	0	0
LOC105374608_1	0	0	0
LOC105374607_1	0	0	0
LOC105374606_1	0	0	0
MIR4456_1	0	0	0
SLC9A3_1	0	0	0
LINC02982_1	0	0	0
NKD2_1	0	0	0
SLC12A7_1	33	0	33
MIR4635_1	0	0	0
LOC107986396_1	0	0	0
LPCAT1_1	1	0	1
SLC6A3_1	0	0	0
LINC01511_1	0	0	0
CLPTM1L_1	37	0	37
LOC105374657_1	0	0	0
LOC101929645_1	0	0	0
LOC105374699_1	0	0	0
LINC02109_1	0	0	0
ADAMTS12_1	0	0	0
RXFP3_1	0	0	0
SLC45A2_1	0	0	0
KGD4_1	1	0	1
CDK7_1	5	0	5
CCDC125_1	17	0	17
AK6_2	0	0	0
TAF9_2	0	0	0
RAD17_2	1	0	1
MARVELD2_2	0	0	0
LOC101928924_2	0	0	0
OCLN_2	2	0	2
SNORD13B-1_2	0	0	0
GTF2H2C_2	3	0	3
NAIP_2	0	0	0
LOC112267942_1	0	0	0
SMN1_2	0	0	0
SMN1-AS1_1	0	0	0
SERF1A_2	0	0	0
LOC128966712	0	0	0
LOC112268327	0	0	0
GUSBP14_1	0	0	0
LOC101929599_2	0	0	0
GUSBP3_2	0	0	0
GUSBP1_2	0	0	0
LOC107987419	0	0	0
LOC107986355_1	0	0	0
GUSBP16_2	0	0	0
GUSBP19_2	0	0	0
GTF2H2C_2_1	0	0	0
OCLNP1_1	0	0	0
SNORD13B-2_1	0	0	0
LINC02197_2	0	0	0
LOC105379025_2	0	0	0
PMCHL2_1	0	0	0
LOC107987420_2	0	0	0
BDP1_2	0	0	0
LOC124900999_2	0	0	0
MCCC2_2	0	0	0
LOC105379085_1	0	0	0
LOC101927421_1	0	0	0
LOC105377697_1	0	0	0
LOC105377753_1	0	0	0
LOC728554_1	0	0	0
LOC100128340_1	0	0	0
PROP1_1	0	0	0
TRV-AAC6-1_1	0	0	0
TRR-CCG1-1_1	0	0	0
TRK-TTT7-1_1	0	0	0
TRA-TGC6-1_1	0	0	0
TRF-GAA6-1_1	0	0	0
TRF-GAA5-1_1	0	0	0
TRA-TGC1-1_1	0	0	0
TRF-GAA1-1_1	0	0	0
TRA-AGC1-1_1	0	0	0
TRA-TGC7-1_1	0	0	0
TRF-GAA3-1_1	0	0	0
TRA-AGC6-1_1	0	0	0
TRA-TGC5-1_1	0	0	0
TRF-GAA4-1_1	0	0	0
TRA-AGC2-1_1	0	0	0
LINC01623_1	0	0	0
TRA-AGC2-2_1	0	0	0
TRR-CCG1-2_1	0	0	0
TRL-CAA1-1_1	0	0	0
HCG14_1	0	0	0
TRIM27_1	0	0	0
TRF-GAA1-2_1	0	0	0
TRE-CTC1-6_1	0	0	0
HCG15_1	0	0	0
TRL-AAG3-1_1	0	0	0
ZNF311_1	0	0	0
LOC105375002_1	0	0	0
OR2W1_1	0	0	0
OR2B3_1	0	0	0
OR2J1_1	0	0	0
OR2J3_1	0	0	0
OR2J2_1	0	0	0
LINC03003_1	0	0	0
OR14J1_1	0	0	0
OR11A1_1	0	0	0
OR10C1_1	0	0	0
LOC105379641_1	0	0	0
OR2H1_1	0	0	0
LOC105375008_1	0	0	0
LOC124905338	0	0	0
MAS1L_1	0	0	0
LINC02829_1	0	0	0
LINC01015_1	0	0	0
OR2I1_1	0	0	0
UBD_1	0	0	0
SNORD32B_1	0	0	0
OR2H2_1	0	0	0
GABBR1_1	0	0	0
MOG_1	0	0	0
ZFP57_1	0	0	0
HCG4_1	0	0	0
HLA-V_1	0	0	0
HLA-G_1	0	0	0
LOC105375010_1	0	0	0
HCP5B_1	0	0	0
LOC124905339	0	0	0
HLA-H_1	0	0	0
LOC124905340	0	0	0
HCG4B_1	0	0	0
LOC124901298_1	0	0	0
HLA-A_1	0	0	0
POLR1HASP_1	0	0	0
HLA-J_1	0	0	0
POLR1H_1	0	0	0
PPP1R11_1	0	0	0
RNF39_1	0	0	0
TRIM31_1	0	0	0
TRIM31-AS1_1	0	0	0
LOC124900227_1	0	0	0
TRIM40_1	0	0	0
TRIM10_1	0	0	0
TRIM15_1	0	0	0
TRIM26_1	0	0	0
HCG17_1	0	0	0
HCG18_1	0	0	0
TRIM39_1	0	0	0
TRIM39-RPP21_1	0	0	0
RPP21_1	0	0	0
LINC02569_1	0	0	0
GNL1_1	0	0	0
DHX16_1	0	0	0
PPP1R18_1	0	0	0
NRM_1	0	0	0
MDC1_1	0	0	0
MDC1-AS1_1	0	0	0
TUBB_1	0	0	0
FLOT1_1	4	0	4
DDR1_1	0	0	0
MUC21_1	0	0	0
MUC22_1	0	0	0
HCG22_1	0	0	0
MICB-DT_1	0	0	0
MICB_1	0	0	0
MCCD1_1	0	0	0
ATP6V1G2-DDX39B_1	0	0	0
DDX39B_1	0	0	0
SNORD117_1	0	0	0
TNF_1	0	0	0
LTB_1	0	0	0
LST1_1	0	0	0
NCR3_1	0	0	0
MSH5-SAPCD1_1	0	0	0
MSH5_1	0	0	0
SAPCD1_1	0	0	0
SAPCD1-AS1_1	0	0	0
VWA7_1	0	0	0
VARS1_1	0	0	0
LSM2_1	0	0	0
HSPA1L_1	0	0	0
HSPA1A_1	0	0	0
HSPA1B_1	0	0	0
SNHG32_1	0	0	0
SNORD48_1	0	0	0
SNORD52_1	0	0	0
NEU1_1	0	0	0
SLC44A4_1	0	0	0
EHMT2-AS1_1	0	0	0
EHMT2_1	0	0	0
TNXB_1	0	0	0
PRRT1_1	0	0	0
LOC100507547_1	0	0	0
PPT2_1	0	0	0
PPT2-EGFL8_1	0	0	0
EGFL8_1	0	0	0
AGPAT1_1	0	0	0
MIR6721_1	0	0	0
RNF5_1	0	0	0
MIR6833_1	0	0	0
AGER_1	0	0	0
PBX2_1	0	0	0
GPSM3_1	0	0	0
NOTCH4_1	0	0	0
TSBP1_1	0	0	0
TSBP1-AS1_1	0	0	0
HCG23_1	0	0	0
BTNL2_1	0	0	0
HLA-DRB3	0	0	0
LOC102725019_1	0	0	0
HLA-DQA2_1	0	0	0
MIR3135B_1	0	0	0
HLA-DQB2_1	0	0	0
HLA-DOB_1	0	0	0
TAP2_1	0	0	0
PSMB8_1	0	0	0
PSMB8-AS1_1	0	0	0
TAP1_1	0	0	0
PSMB9_1	0	0	0
LOC100294145_1	0	0	0
HLA-DMB_1	0	0	0
HLA-DMA_1	0	0	0
LOC124901302_1	0	0	0
HLA-DPA1_1	0	0	0
HLA-DPB1_1	0	0	0
HLA-DPB2_1	0	0	0
LOC105375021_1	0	0	0
SLC25A51P1_1	0	0	0
LOC105377867_1	0	0	0
LOC100506851_1	0	0	0
LINC02536_1	0	0	0
LOC124901400_1	0	0	0
THEMIS_1	0	0	0
PTPRK_1	0	0	1
PTPRK-AS1_1	0	1	0
LOC124900216_1	0	0	0
LOC101929297_1	0	0	0
LOC107986668_1	0	0	0
LOC105378118_1	0	0	0
LOC105378144_1	0	0	0
LOC105378146_1	0	0	0
DYNLT2_1	0	0	0
ERMARD_1	0	0	0
LINC00242_1	0	0	0
LINC00574_1	0	0	0
LOC105378149_1	0	0	0
LINC01624_1	0	0	0
LOC285804_1	0	0	0
DLL1_1	0	0	0
FAM120B_1	8	0	8
MIR4644_1	0	0	0
LOC124901474_1	1	1	0
LOC124901475_1	0	0	0
LOC107986676_1	0	0	0
LOC124901235_1	0	0	0
LOC105378157_1	0	0	0
LOC105375113_2	0	0	0
LOC101929756_2	0	0	0
LINC03015_2	1	0	1
LINC03014_2	0	0	0
LOC105375116_2	0	0	0
LOC105375115_2	0	0	0
FAM20C_2	0	0	0
DTX2_1	7	0	7
UPK3B_1	59	0	59
SPDYE16_1	0	0	0
LINC03009_1	0	0	0
POMZP3_1	0	0	0
DPY19L2P2_1	0	0	0
LOC105375434_1	0	0	0
NAPEPLD_1	0	0	0
RPL19P12_1	0	0	0
ARMC10_1	0	0	0
AGK_1	0	0	0
DENND11_1	0	0	0
WEE2-AS1_1	0	0	0
WEE2_1	0	0	0
SSBP1_1	0	0	0
MGAM_1	0	0	0
MGAM2_1	0	0	0
MOXD2P_1	0	0	0
PRSS58_1	0	0	0
PRSS59P_1	0	0	0
LOC105375539_1	0	0	0
MIR11400_1	0	0	0
LOC105379749	0	0	0
PRSS1_1	0	0	0
PRSS3P2	0	0	0
PRSS2_1	0	0	0
LOC124905356	0	0	0
EPHB6_1	0	0	0
TRPV6_1	0	0	0
TRPV5_1	0	0	0
LOC105375542_1	0	0	0
LLCFC1_1	0	0	0
KEL_1	0	0	0
OR9A2_1	0	0	0
OR6V1_1	0	0	0
OR6W1P_1	0	0	0
CNTNAP2_1	0	0	0
LOC124901859_1	0	0	0
LOC107986864	0	0	0
LOC105379583	0	0	0
ERICH1_1	0	0	0
DLGAP2_1	0	0	0
LOC401442_1	0	0	0
LOC105377777_1	0	0	0
DLGAP2_2	0	0	0
LOC124900249_1	0	0	0
LOC286083_1	0	0	0
LOC105377776	0	0	0
LOC105379585_1	0	0	0
LOC105377775_1	0	0	0
LOC105379586_1	0	0	0
DLGAP2_3	0	0	0
DLGAP2-AS1_1	0	0	0
MIR596_1	0	0	0
ARHGEF10_1	0	0	0
LOC100131395_1	0	0	0
KBTBD11_1	0	0	0
KBTBD11-AS1_1	0	0	0
KBTBD11-OT1_1	0	0	0
MYOM2_1	0	0	0
MIR7160_1	0	0	0
LOC105377781_1	0	0	0
LOC105377782_1	0	0	0
LOC105377783_1	0	0	0
LOC105377784_1	0	0	0
LINC03021_1	0	0	0
LOC105377785_1	0	0	0
DEFB109B_1	0	0	0
LOC649352_2	0	0	0
FAM66D_1	0	0	0
ZNF705G_2	0	0	0
DEFB4B_2	0	0	0
DEFB103B_2	0	0	0
SPAG11B_2	0	0	0
DEFB104B_2	0	0	0
DEFB106B_2	0	0	0
DEFB105B_2	0	0	0
DEFB107B_2	0	0	0
LOC105377801_2	0	0	0
PRR23D1_2	0	0	0
FAM90A7_2	0	0	0
LOC105377800_1	0	0	0
LOC128966594_1	0	0	0
FAM90A22_1	0	0	0
FAM90A23_2	0	0	0
LOC107986910_1	0	0	0
ADAM9_1	0	0	0
ADAM32_1	0	0	0
ADAM5_1	0	0	0
LOC100130964_1	0	0	0
ADAM18_1	0	0	0
ADAM2_1	0	0	0
LINC01606_1	0	0	0
LOC286177_1	0	0	0
LINC00588_1	0	0	0
LINC00824_1	0	0	0
LINC01300_2	0	0	0
GPR20_2	0	0	0
LOC101928037_2	0	0	0
ASTILCS_2	0	0	0
PTP4A3_2	0	0	0
MROH5_2	0	0	0
LOC107983985_2	0	0	0
LOC124900270_2	0	0	0
MIR1302-7_1	0	0	0
LY6E-DT_1	2	0	2
LY6E_1	0	0	0
LOC124902034_1	0	0	0
LY6S-AS1_1	0	0	0
LY6S_1	0	0	0
LOC124905357	0	0	0
LY6L_1	0	0	0
LY6H_1	0	0	0
ZC3H3_1	0	0	0
GSDMD_1	0	0	0
LOC100310756_1	0	0	0
MROH6_1	0	0	0
NAPRT_1	0	0	0
EEF1D_1	0	0	0
TIGD5_1	0	0	0
PYCR3_1	0	0	0
LOC105375798_1	1	0	1
GFUS_1	27	0	27
ZNF623_1	19	0	19
LOC124902077_1	0	0	0
LOC105375799_1	0	0	0
ZNF707_1	0	0	0
LINC02878_1	0	0	0
CCDC166_1	0	0	0
LOC101928160_1	0	0	0
MAPK15_1	0	0	0
FAM83H_1	0	0	0
MIR4664_1	0	0	0
IQANK1_1	0	0	0
LOC105375800_1	0	0	0
SCRIB_1	0	0	0
MIR937_1	0	0	0
PUF60_1	0	0	0
LOC100996662_1	0	0	0
ZNF251_1	0	0	0
LOC107986986_1	0	0	0
LOC101929802	0	0	0
APBA1_1	0	0	0
MAMDC2_1	0	0	0
MAMDC2-AS1_1	0	0	0
PLPPR1_1	0	0	0
LOC105376183_1	0	0	0
LOC105376182_1	0	0	0
BAAT_1	0	0	0
ODAD2P1_1	0	0	0
LINC02673_1	0	0	0
PTCHD3_1	0	0	0
LOC105378267_1	0	0	0
LOC101929373_1	0	0	0
LOC105378283_1	0	0	0
OR13A1_1	0	0	0
ALOX5_1	0	0	0
LOC102724323_1	0	0	0
MARCHF8_1	0	0	0
PTDSS2_1	0	0	0
RNH1_1	0	0	0
LRRC56_1	6	0	6
HRAS_1	0	0	0
LMNTD2_1	16	0	20
LMNTD2-AS1_1	0	4	0
RASSF7_1	0	0	0
MIR210HG_1	3	0	3
MIR210_1	0	0	0
LOC124902805_1	0	1	0
LOC143666_1	2	0	3
PHRF1_1	104	0	104
IRF7_1	0	0	0
CDHR5_1	0	0	0
SCT_1	0	0	0
DRD4_1	0	0	0
DEAF1_1	0	0	0
DUSP8_2	0	0	0
LOC124902608_2	0	0	0
KRTAP5-AS1_2	0	0	0
KRTAP5-1_2	0	0	0
KRTAP5-2_2	0	0	0
KRTAP5-3_2	0	0	0
KRTAP5-4_2	0	0	0
KRTAP5-5_2	0	0	0
FAM99A_2	0	0	0
FAM99B_2	0	0	0
LINC02708_2	0	0	0
KCNQ1_1	0	0	0
LOC124902614_1	0	0	0
LOC107987412	0	0	0
KCNQ1-AS1_1	0	0	0
KCNQ1DN_1	0	0	0
CDKN1C_1	1	1	0
LOC107987413	0	0	0
SLC67A1-AS_1	0	140	0
SLC67A1_1	174	1	313
PHLDA2_1	0	0	0
NAP1L4_1	9	0	9
SNORA54_1	0	0	0
CARS1_1	3	0	3
CARS1-AS1_1	0	0	0
OR5P2_2	0	0	0
OR5P3_2	0	0	0
OR5E1P_2	0	0	0
LOC283299_2	0	0	0
LOC107984307_2	0	0	0
OR10A6_2	0	0	0
OR10A3_2	0	0	0
NLRP10_2	0	0	0
OR8J2_2	0	0	0
OR5T2_2	0	0	0
OR5T3_2	0	0	0
OR5T1_2	0	0	0
OR8H1_2	0	0	0
OR8K3_2	0	0	0
OR8K1_2	0	0	0
OR8J1_2	0	0	0
OR8U8	0	0	0
OR8U9	0	0	0
OR9G1_1	0	0	0
OR9G9	0	0	0
OR9G4_1	0	0	0
MIR6128_1	0	0	0
LOC107987426	0	0	0
LOC105369366_1	0	0	0
LOC338694_1	0	0	0
LOC105369367_1	0	0	0
LINC02697_1	0	0	0
WASH8P_1	0	0	0
FAM138D_1	0	0	0
IQSEC3_1	0	0	0
IQSEC3-AS2_1	0	0	0
IQSEC3-AS3_1	0	0	0
IQSEC3-AS1_1	0	0	0
TAS2R7_1	0	0	0
TAS2R8_1	0	0	0
TAS2R9_1	0	0	0
TAS2R10_1	0	0	0
PRH1-PRR4_1	0	0	0
PRR4_1	0	0	0
PRH1_1	0	0	0
TAS2R13_1	0	0	0
PRH2_1	0	0	0
PRH1-TAS2R14_1	0	0	0
TAS2R14_1	0	0	0
TAS2R50_1	0	0	0
TAS2R20_1	0	0	0
TAS2R19_1	0	0	0
TAS2R31_1	0	0	0
TAS2R46_1	0	0	0
TAS2R43_1	0	0	0
TAS2R45	0	0	0
TAS2R30_1	0	0	0
SMIM10L1_1	0	0	0
LOC124905358	0	0	0
PRB2_1	0	0	0
LINC02367_1	0	0	0
OVOS2P_1	0	0	1
LOC124902912_1	0	1	0
SINHCAF_1	0	0	0
FLJ13224_1	0	0	0
LOC105369784_1	0	0	0
LINC02403_1	0	0	0
ATP23_1	0	0	0
GIHCG_1	1	0	1
LOC107987421	0	0	0
SLC5A8_1	0	0	0
ANO4_1	1	0	1
DNAH10_1	0	0	0
LOC124903043_1	0	0	0
DNAH10OS_1	0	0	0
CCDC92_1	0	0	0
LOC105379613_1	0	0	0
LOC101927531_1	0	0	0
LOC107984448_1	0	0	0
LINC02825_1	0	0	0
LOC101927786_1	0	0	0
PIWIL1_1	0	0	0
LINC00417_1	0	0	0
ANKRD20A9P_1	0	0	0
ATP8A2_1	0	0	0
LOC105370370_1	0	0	0
LINC01070_1	0	0	0
LOC101928730_1	0	0	0
LOC107984555_1	0	0	0
LINC01043_1	0	0	0
LINC01044_1	0	0	0
LOC105370373_1	0	0	0
SPACA7_1	0	0	0
LOC105370372_1	0	0	0
TUBGCP3_1	0	0	0
GRK1_2	0	0	0
LOC105377805_2	0	0	0
LINC00552_2	0	0	0
LOC101928957_1	0	0	0
CATSPERB_1	0	0	0
LOC124903436_1	0	0	0
TC2N_1	0	0	0
LINC02833_1	0	0	0
LINC02287_1	0	0	0
CHGA_1	0	0	0
ITPK1_1	0	0	0
ITPK1-AS1_1	0	0	0
MOAP1_1	0	0	0
LYSET_1	0	0	0
GON7_1	0	0	0
UBR7_1	0	0	0
BTBD7_1	0	0	0
UNC79_1	0	0	0
COX8C_1	0	0	0
PRIMA1_1	0	0	0
LOC105370631_1	0	0	0
FAM181A-AS1_1	0	0	0
FAM181A_1	0	0	0
ASB2_1	0	0	0
MIR4506_1	0	0	0
LOC107984663_1	0	0	0
CCDC197_1	0	0	0
LOC124903368_1	0	0	0
OTUB2_1	0	0	0
DDX24_1	0	0	0
IFI27L1_1	0	0	0
IFI27_1	0	0	0
IFI27L2_1	0	0	0
LOC105370634_1	0	0	0
PPP4R4_1	0	0	0
SERPINA10_1	0	0	0
SERPINA6_1	0	0	0
SERPINA2_1	0	0	0
SERPINA1_1	0	0	0
LOC124903395_1	0	0	0
C14orf180_1	0	0	0
TMEM179_1	0	0	0
LOC105370697_1	0	0	0
LOC105370698_1	0	0	0
LOC107987414	0	0	0
MIR8071-1_1	0	0	0
MIR8071-2_1	0	0	0
ELK2AP_1	0	0	0
LOC105378184_1	0	0	0
MIR4539_1	0	0	0
MIR4507_1	0	0	0
MIR4538_1	0	0	0
MIR4537_1	0	0	0
FAM30A_1	0	0	0
ADAM6_1	0	0	0
LOC107984634	0	0	0
LOC105370700_1	0	0	0
LINC00226_1	0	0	0
LINC00221_1	0	0	0
LOC102724977_1	0	0	0
MIR5195_1	0	0	0
LOC105370714_2	0	0	0
LOC124900633_2	0	0	0
LOC646214_2	0	0	0
LOC105379593	0	0	0
LOC112268154_1	0	0	0
CXADRP2_2	0	0	0
POTEB3_2	0	0	0
MIR3118-3_2	0	0	0
LOC105369227_1	0	0	0
LOC124900634	0	0	0
MIR5701-2_2	0	0	0
LOC124905359	0	0	0
LINC02203_2	0	0	0
LOC124903610_2	0	0	0
OR4M2B_2	0	0	0
FAM30C_2	0	0	0
LOC107987218_1	0	0	0
LOC102724737_2	0	0	0
GOLGA8EP_2	0	0	0
LOC124907501	0	0	0
HERC2P7_2	0	0	0
HERC2P2_2	90	0	90
LOC101927846_2	0	0	0
GOLGA8IP_2	0	0	0
CYFIP1_2	78	0	78
TUBGCP5_2	1	0	1
GOLGA6L1_2	0	0	0
GOLGA8DP_2	0	0	0
MIR4509-1_2	0	0	0
LOC107987422	10	0	10
LOC124905362	0	0	0
GOLGA6L24_2	0	0	0
GOLGA8F_2	0	0	0
MIR4509-2_2	0	0	0
LOC101059997_2	0	0	0
MIR4509-3_2	0	0	0
GOLGA8G_2	0	0	0
GOLGA6L25_2	0	0	0
HERC2P11_2	0	0	0
LOC124905363	0	0	0
PATL2_1	1	0	1
B2M_1	0	0	0
MIR10393_1	0	0	0
RNF4BP_1	0	0	0
TRIM69_1	0	0	0
SORD2P_1	4	0	4
LOC105370798_1	0	0	0
MEGF11_1	0	0	0
LOC105370867_1	0	0	0
MIR4311_1	0	0	0
DIS3L-AS1_1	0	0	0
ADAMTS7P1_1	0	0	0
GOLGA6L10_1	0	0	0
LOC727751_1	0	0	0
LOC101929479_1	1	0	2
LOC105379597	0	0	0
LOC440300_2	1	22	1
UBE2Q2P16_2	1	0	1
LOC103171574_2	0	0	0
DNM1P41_2	0	0	0
GOLGA6L4_2	1	0	1
UBE2Q2P2_1	0	0	0
GOLGA6L9_1	39	0	39
LOC102724034_1	0	0	0
LOC128966709	0	0	0
GOLGA2P10_1	40	0	40
LOC105370926_1	0	0	0
GOLGA6L17P_1	0	0	0
RPS17_1	0	0	0
CPEB1_1	0	0	0
DECR2_1	0	0	0
RAB11FIP3_1	0	0	0
LOC107987417_1	0	0	0
LINC00235_1	0	0	0
CAPN15_1	0	0	0
LINC00254_1	0	0	0
LINC02124_1	0	0	0
HS3ST6_1	0	0	0
GLIS2_1	65	9	56
GLIS2-AS1_1	0	0	0
CORO7-PAM16_1	0	0	0
PAM16_1	0	0	0
CORO7_1	0	0	0
VASN_1	0	0	0
LOC124903635_1	0	0	0
DNAJA3_1	0	0	0
NMRAL1_1	0	0	0
HMOX2_1	0	0	0
LOC124903636_1	0	0	0
CDIP1_1	0	0	0
PARN_1	0	0	0
LOC105371094_1	0	0	0
LOC107984865_1	0	0	0
BFAR_1	0	0	0
PLA2G10_1	0	0	0
NPIPA3_1	0	0	0
LOC105371097_1	0	0	0
LOC105371096_1	0	0	0
MIR3180-4_1	0	0	0
PDXDC1_1	102	0	102
MIR4516_1	0	0	0
PKD1P6-NPIPP1_1	125	0	125
MIR6511B2_1	0	0	0
NPIPA8_1	0	0	0
LOC100505915_2	1	16	0
RRN3_1	3	0	3
NTAN1_1	0	0	0
MIR1972-2_1	0	0	0
PKD1_1	45	1	86
NPIPA9_1	21	1	22
MIR6770-1_1	0	0	0
LOC100288162_1	0	42	0
MIR6511A1_1	0	0	0
LOC102724992	0	0	0
MIR3180-3_1	0	0	0
MIR3670-3_1	0	0	0
MIR3179-3_1	0	0	0
LOC124905360	0	1	0
NPIPA1_1	19	1	20
LOC124900586	35	2	33
MIR1972-1_1	0	0	0
MIR3180-1_1	0	0	0
MIR3670-1_1	0	0	0
MIR3179-1_1	0	0	0
NOMO1_1	10	0	10
ABCC6P2_1	0	0	0
ABCC6P1_1	0	0	0
NPIPA5_1	3	0	3
MPV17L-BMERB1_1	0	0	0
MPV17L_1	32	0	32
BMERB1_1	0	0	0
LOC105371102_1	0	0	0
MARF1_1	0	0	0
MIR6506_1	0	0	0
LOC124903649_1	0	0	0
MIR484_1	0	0	0
NDE1_1	21	0	21
MYH11_1	0	0	0
LOC124903650_1	0	0	0
LOC124903651_1	0	0	0
CEP20_1	39	0	39
LOC107984869_1	0	0	0
ABCC1_1	106	0	106
ABCC6_1	13	0	13
LOC105371100_1	0	0	0
NOMO3_1	3	0	3
LOC105371099_1	0	0	0
MIR3179-2_1	0	0	0
MIR3670-2_1	0	0	0
MIR3180-2_1	0	0	0
LOC131696449_1	0	0	0
PKD1P1_1	0	0	0
MIR6511A2_1	0	0	0
MIR6770-2_1	0	0	0
NPIPA6_1	0	0	0
MIR6511A3_1	0	0	0
NPIPA7_1	0	0	0
LOC105371105_1	0	0	0
LOC107987423	0	0	0
CES1_1	0	0	0
CES5A_1	0	0	0
SNTB2_1	0	0	0
UTP4_1	0	0	0
LOC124904108_1	0	0	0
LOC101929823_1	0	0	0
LOC101929828_1	0	0	0
SCGB1C2_1	0	0	0
DOC2B_1	0	0	0
LINC02091_1	0	0	0
LOC101929045	0	0	0
RPH3AL_1	1	0	1
RPH3AL-AS1_1	0	0	0
NXN_1	0	0	0
TIMM22_1	0	0	0
ABR_1	0	0	0
LOC105371481_1	0	0	0
MIR3183_1	0	0	0
LOC105371480_1	1	0	1
ABR-AS1_1	0	0	0
YWHAE_1	0	0	0
CRK_1	0	0	0
CRK-AS1_1	0	0	0
SLC43A2_1	0	0	0
LOC124904121_1	0	0	0
SCARF1_1	0	0	0
RILP_1	0	0	0
PRPF8_1	0	0	0
TLCD2_1	0	0	0
MIR22HG_1	0	0	0
MIR22_1	0	0	0
WDR81_1	45	0	45
SERPINF2_1	0	0	0
SERPINF1_1	0	0	0
MMP28_1	0	0	0
TAF15_1	0	0	0
HEATR9_1	0	0	0
LOC105371745_1	0	0	0
CCL5_1	1	0	1
LRRC37A8P_1	0	0	0
RDM1_1	0	0	0
LYZL6_1	0	0	0
CCL16_1	0	0	0
CCL14_1	0	0	0
CCL15-CCL14_1	0	0	0
CCL15_1	0	0	0
CCL23_1	0	0	0
CCL18_1	0	0	0
CCL3-AS1_1	0	0	0
CCL3_1	0	0	0
CCL4_1	0	0	0
LOC101927369_1	0	0	0
TBC1D3B_1	0	0	0
LOC128966710	0	0	0
LOC128966684_1	0	0	0
CCL3L3_1	0	0	0
CCL4L2_1	0	0	0
LOC105371747_1	0	0	0
TBC1D3I_1	0	0	0
LOC102724956_1	0	0	0
LOC101060212_1	0	0	0
TBC1D3G_1	0	0	0
LOC102723414_1	0	0	0
TBC1D3H_1	0	0	0
TBC1D3F_1	0	0	0
LOC105371749_1	0	0	0
ZNHIT3_1	0	0	0
MYO19_1	0	0	0
PIGW_1	0	0	0
GGNBP2_1	0	0	0
DHRS11_1	0	0	0
LOC107985031_1	0	0	0
MRM1_1	4	0	4
LOC105376836	0	0	0
LOC105371751_1	0	0	0
LOC105379600	0	0	0
LOC105371750_1	1	0	1
LHX1-DT_1	1	3	1
LHX1_1	0	0	3
AATF_1	0	0	0
MIR2909_1	0	0	0
LOC105371753_1	0	0	0
ACACA_1	11	0	11
SNORA90_1	0	0	0
C17orf78_1	0	0	0
TADA2A_1	1	0	1
DUSP14_1	73	0	73
SYNRG_1	0	0	0
LOC105371755	0	0	0
DDX52_1	2	0	2
MIR378J_1	0	0	0
LOC105371756_1	0	0	0
HNF1B_1	0	0	0
LOC107985009	0	0	0
LOC105371754_1	0	0	0
LOC105371757_1	0	0	0
YWHAEP7_1	0	0	0
LOC102723851_1	0	0	0
TBC1D3E_1	0	0	0
LOC102723933_1	0	0	0
TBC1D3_1	0	0	0
NPEPPSP1_1	72	0	72
LOC105371760_1	0	0	0
MRPL45_1	342	1	341
GPR179_1	0	0	0
SOCS7_1	0	0	0
ARHGAP23_1	42	1	41
LOC101929494_1	0	0	0
SRCIN1_1	0	0	0
LOC105371761_1	0	0	0
EPOP_1	0	0	0
LOC105371763_1	0	0	0
MIR4734_1	0	0	0
MLLT6_1	0	0	0
LOC105371762_1	0	0	0
MIR4726_1	0	0	0
CISD3_1	0	0	0
PCGF2_1	0	0	0
LOC100287808_1	0	0	0
TRN-GTT2-5_1	0	0	0
PSMB3_1	0	0	0
PIP4K2B_1	0	0	0
CWC25_1	0	0	0
MIR4727_1	0	0	0
SPMAP1_1	0	0	0
LOC105371777_1	0	0	0
KRT12_1	0	0	0
KRT20_1	0	0	0
KRT23_1	0	0	0
LOC107985072_1	0	0	0
KRT39_1	0	0	0
KRT40_1	0	0	0
KRTAP3-3_1	0	0	0
KRTAP3-2_1	0	0	0
KRTAP3-1_1	0	0	0
KRTAP1-5_1	0	0	0
KRTAP1-4_1	0	0	0
KRTAP1-3_1	0	0	0
KRTAP1-1_1	0	0	0
KRTAP2-1_1	0	0	0
KRTAP2-2_2	0	0	0
KRTAP2-3_2	0	0	0
KRTAP2-4_2	0	0	0
LOC100996750	0	0	0
KRTAP4-8_2	0	0	0
KRTAP4-16_2	0	0	0
KRTAP4-9_2	0	0	0
KRTAP4-11_2	0	0	0
KRTAP4-12_2	0	0	0
KRTAP29-1_2	0	0	0
KRTAP9-6_1	0	0	0
KRTAP9-9_2	0	0	0
KRTAP9-4_2	0	0	0
KRTAP9-8_2	0	0	0
KRTAP9-3_2	0	0	0
KRTAP9-2_2	0	0	0
KRT37_2	0	0	0
LOC100505782_2	0	0	0
KRT31_2	0	0	0
LOC100653049	0	0	0
KRT34_2	0	0	0
KRT33B_2	0	0	0
LOC105371778_2	0	0	0
KRT33A_2	0	0	0
KRTAP17-1_2	0	0	0
KRTAP16-1_2	0	0	0
LOC105371796_1	0	0	0
ARHGAP27_1	22	0	22
PLEKHM1_1	1	0	1
MIR4315-1_1	0	0	0
LOC101929774	2	0	2
LRRC37A2_1	0	0	0
NSFP1_1	0	0	0
LOC100996709	1	0	1
LRRC37A_1	0	0	0
LOC124904014_1	0	0	0
LOC105371799	0	0	0
KANSL1_1	1	0	1
KANSL1-AS1_1	0	0	0
MAPT_1	0	0	0
STH_1	0	0	0
LOC124905347	0	0	0
LOC105371800_1	0	0	0
MAPT-IT1_1	0	0	0
MAPT-AS1_1	0	0	0
SPPL2C_1	0	0	0
LINC02210-CRHR1_1	0	0	0
CRHR1_1	0	0	0
LOC105371802_1	0	0	0
LINC02210_1	4	0	4
MAPK8IP1P2_1	0	0	0
LOC124905345	0	0	0
LRRC37A3_1	0	0	0
LOC107984142	0	0	0
LOC124905346	0	0	0
LOC124905344	0	0	0
LOC101929775	0	0	0
LOC107984156	0	0	0
NSF_1	0	0	0
WNT3_1	0	0	0
LOC101929777_1	0	0	0
LACAT1_1	0	0	0
SEPTIN9-DT_1	0	0	0
LOC107984143	0	0	0
SEPTIN9_1	0	0	0
METRNL_1	94	1	93
LOC124904094_1	0	0	0
QTGAL_1	1	38	3
TBCD_1	359	5	393
LOC124904095_1	2	0	3
LOC105372114_1	0	0	0
SKA1_1	0	0	0
DSEL_1	0	0	0
LOC105372219_1	0	0	0
LOC105372220_1	0	0	0
LOC105372221_1	0	0	0
LINC01896_1	0	0	0
SALL3_1	0	0	0
LOC105372225_1	0	0	0
LOC284240_1	0	0	0
LOC124904335_1	0	0	0
LOC105372228_1	0	0	0
CTDP1-DT_1	0	0	0
CTDP1_1	0	0	0
LOC128966711	0	0	0
AZU1_1	0	0	0
PRTN3_1	0	0	0
ELANE_1	11	0	11
CFD_1	4	1	3
MED16_1	136	94	42
SBNO2_1	0	0	0
LOC105372319_1	0	0	0
ZNF66_1	3	0	3
ZNF85_1	0	0	0
LOC112268247_1	0	0	0
ZNF430_1	0	0	0
LOC400682_1	0	0	0
ZNF100_1	0	0	0
CCNYL6_1	0	0	0
ZNF43_1	0	0	0
ZNF676_1	0	0	0
LSM14A_1	8	0	8
GARRE1_2	0	0	0
GARRE1_3	0	0	0
GPI_2	0	0	0
CEACAM7_1	0	0	0
LOC105372405_1	0	0	0
CEACAM4_1	0	0	0
CEACAM21_1	0	0	0
LINC01480_1	0	0	0
PCAT19_1	0	0	0
VSTM1_1	0	0	0
TARM1_1	0	0	0
OSCAR_1	0	0	0
NDUFA3_1	0	0	0
TFPT_1	0	0	0
PRPF31_1	0	0	0
PRPF31-AS1_1	0	0	0
CNOT3_1	0	0	0
LOC102724273_1	0	0	0
LENG1_1	0	0	0
TMC4_1	0	0	0
MBOAT7_1	0	0	0
TSEN34_1	0	0	0
RPS9_1	2	0	2
LOC124905364	0	0	0
LOC107987425	0	0	0
LOC107985279_1	0	0	0
LILRA6_1	0	0	0
LOC107987463_1	0	0	0
LILRB5_1	0	0	0
LILRB2_1	0	0	0
MIR4752_1	0	0	0
LILRA3	0	0	0
LILRA5_1	0	0	0
TTYH1_1	0	0	0
LENG8-AS1_1	0	0	0
LENG8_1	0	0	0
LENG9_1	0	0	0
CDC42EP5_1	0	0	0
LAIR2_1	0	0	0
LOC105372460_1	0	0	0
KIR3DX1_1	0	0	0
LOC105372461_1	0	0	0
LILRA2_1	0	0	0
LILRA1_1	0	0	0
LILRB1_1	0	0	0
LILRB4_1	0	0	0
MIR8061_1	0	0	0
LILRP2_15	0	0	0
KIR3DL3_15	0	0	0
KIR2DL3_12	0	0	0
LOC101928804_14	0	0	0
KIR2DL1_10	0	0	0
NCR1_3	0	0	0
NLRP7_1	0	0	0
NLRP2_1	0	0	0
GP6-AS1_1	0	0	0
GP6_1	0	0	0
RDH13_1	0	0	0
EPS8L1_1	0	0	0
LOC107985440_1	0	0	0
CDH4_1	5	5	0
MIR1257_1	0	0	0
TAF4_1	0	0	0
LOC105372704_1	0	0	0
KCNQ2_1	0	0	0
LOC105372721_1	0	0	0
OPRL1_1	0	0	0
NPBWR2_1	0	0	0
LOC105372727_1	0	0	0
MYT1_1	0	0	0
PCMTD2_1	0	0	0
LOC107985511_1	0	0	0
LOC107987418	0	0	0
BTG3_1	0	0	0
BTG3-AS1_1	0	0	0
LOC100134423	0	0	0
LINC00308_1	0	1	0
LOC105379618	0	0	1
PAXBP1_1	0	0	0
EPCIP-AS1_1	0	0	0
EPCIP_1	0	0	0
IFNGR2_1	0	0	0
TMEM50B_1	0	0	0
DNAJC28_1	0	0	0
GART_1	0	0	0
FTCD_1	0	0	0
FTCD-AS1_1	0	0	0
SPATC1L_1	0	0	0
LSS_1	0	0	0
SNORD159_1	0	0	0
IGLV5-45_1	0	0	0
LOC102724999	0	0	0
IGLV7-43_1	0	0	0
IGLV5-39	0	0	0
LOC105379605	0	0	0
LOC102725003	0	0	0
IGLV5-37_1	0	0	0
LOC105379603	0	0	0
ZNF280B_1	0	0	0
LOC105379602	0	0	0
ZNF280A_1	0	0	0
LOC105379601	0	0	0
PRAME_1	0	0	0
LL22NC03-63E9.3_1	0	0	0
CES5AP1_1	0	0	0
ZDHHC8BP_1	0	0	0
LINC01659_1	0	0	0
FAM230I_1	0	0	0
LOC124905361	0	0	0
LINC02557_1	0	0	0
C22orf15_1	0	0	0
CHCHD10_1	0	0	0
LOC107985577_1	0	0	0
MMP11_1	0	0	0
SMARCB1_1	0	0	0
DERL3_1	0	0	0
SLC2A11_1	0	0	0
MIF-AS1_1	0	0	0
MIF_1	0	0	0
LOC100652871_1	0	0	0
GSTT2B_1	1	0	1
DDTL_1	1	0	1
DDT_1	0	2	2
GSTT2_1	15	0	17
GSTT4_1	0	0	0
LOC391322	68	2	68
GSTT1-AS1	4	2	4
GSTT1	652	1	653
GSTTP2	0	0	0
LOC105372959_1	0	0	0
CABIN1_1	0	0	0
APOL5_1	0	0	0
RBFOX2_1	47	0	47
PVALB_1	0	0	0
NCF4-AS1_1	0	0	0
NCF4_1	0	0	0
LOC105373032_1	0	0	0
APOBEC3A_B	0	0	0
PHETA2_1	0	0	0
SMDT1_1	0	0	0
NDUFA6_2	0	0	0
NDUFA6-DT_5	0	0	0
CYP2D7_6	0	0	0
TCF20_6	0	0	0
LINC00685_2	1	0	1
PPP2R3B_2	0	0	0
LOC102723840	0	0	0
TBX22_1	0	0	0
OR2T4_3	0	0	0
OR2T6_3	0	0	0
OR2T1_3	0	0	0
OR2T7_3	0	0	0
OR2T2_3	0	0	0
LOC105373279_3	0	0	0
OR2T3_3	0	0	0
OR2T5_3	0	0	0
OR2G6_3	0	0	0
LOC105374866	0	0	0
LOC128966714	0	0	0
LOC124905368_1	0	0	0
LINC01237_3	0	0	0
LINC01238_2	0	0	0
LOC285097_2	0	0	0
LOC105373980_2	0	0	0
LINC01880_2	0	0	0
LINC03100_2	0	0	0
LINC01881_2	0	0	0
MUC4_2	0	0	0
MUC20_2	0	0	0
LOC124905369	0	0	0
MIR570HG_2	0	0	0
MIR570_2	0	0	0
SDHAP2_2	0	0	0
LOC105374297_2	0	0	0
LOC105377616_2	0	0	0
FRG1-DT_4	0	0	0
LOC105377619_2	0	0	0
LINC01596_2	0	0	0
FRG1_3	0	0	0
FRG2_3	0	0	0
LOC105379623_2	0	0	0
GUSBP3_3	0	0	0
GUSBP15_1	0	0	0
LOC112268330_1	0	0	0
LOC105379023_1	0	0	0
LOC105369228_1	0	0	0
SERF1B_2	0	0	0
LOC107986372_1	0	0	0
SMN2_2	0	0	0
SERF1A_3	0	0	0
LOC107986373_2	0	0	0
SMN1_3	0	0	0
SMN1-AS1_2	0	0	0
NAIP_3	1	0	1
GTF2H2_1	0	0	0
LOC107987433_1	0	0	0
GUSBP17_2	0	0	0
LOC441081_2	0	0	0
LINC02197_3	0	0	0
LOC105379025_3	0	0	0
PMCHL2_2	0	0	0
LOC107987420_3	0	0	0
BDP1_3	0	0	0
LOC124900999_3	0	0	0
MCCC2_3	0	0	0
LOC105377753_2	0	0	0
LOC728554_2	0	0	0
LOC124901146_1	0	0	0
LOC100128340_2	0	0	0
PROP1_2	0	0	0
GPX6_1	0	0	0
GPX5_1	0	0	0
TRI-TAT3-1_1	0	0	0
LOC107986586_1	0	0	0
TRR-TCG5-1_1	0	0	0
SCAND3_1	3	0	3
ZBED9-AS1_1	0	0	0
TRQ-TTG2-1_1	0	0	0
TRS-GCT4-1_1	0	0	0
TRA-AGC3-1_1	0	0	0
LOC105374996_1	2	2	0
TRA-TGC2-1_1	0	0	0
TRT-CGT3-1_1	0	0	0
LINC00533_1	2	2	0
TRA-AGC4-1_1	0	0	0
TRA-CGC2-1_1	0	0	0
TRA-CGC5-1	0	0	0
TRA-AGC5-1_1	0	0	0
TRA-AGC7-1_1	0	0	0
TRT-AGT3-1_1	0	0	0
TRA-CGC4-1_1	2	0	2
TRV-AAC6-1_2	0	0	0
TRR-CCG1-1_2	0	0	0
TRK-TTT7-1_2	0	0	0
TRA-TGC6-1_2	0	0	0
TRF-GAA6-1_2	0	0	0
TRF-GAA5-1_2	0	0	0
TRA-TGC1-1_2	0	0	0
TRF-GAA1-1_2	0	0	0
TRA-AGC1-1_2	0	0	0
TRA-TGC7-1_2	0	0	0
TRF-GAA3-1_2	0	0	0
TRA-AGC6-1_2	0	0	0
TRA-TGC5-1_2	0	0	0
TRF-GAA4-1_2	0	0	0
TRA-AGC2-1_2	0	0	0
LINC01623_2	0	0	0
TRA-AGC2-2_2	0	0	0
TRR-CCG1-2_2	0	0	0
TRL-CAA1-1_2	0	0	0
HCG14_2	0	0	0
TRIM27_2	0	0	0
TRL-CAA1-2_1	0	0	0
TRQ-CTG1-3_1	0	0	0
TRL-AAG2-2_1	0	0	0
LINC01556_1	0	0	0
TRM-CAT3-1_1	0	0	0
TRK-TTT3-3_1	0	0	0
TRM-CAT3-2_1	0	0	0
TRF-GAA1-2_2	0	0	0
TRE-CTC1-6_2	0	0	0
HCG15_2	0	0	0
TRL-AAG3-1_2	0	0	0
ZNF311_2	0	0	0
LOC105375002_2	0	0	0
OR2W1-AS1_1	0	0	0
OR2W1_2	0	0	0
OR2B3_2	0	0	0
OR2J1_2	0	0	0
OR2J3_2	0	0	0
OR2J2_2	0	0	0
LINC03003_2	0	0	0
LOC105375006_1	0	0	0
LOC105375005_1	0	0	0
OR14J1_2	0	0	0
OR5V1_1	0	0	0
OR12D3_1	0	0	0
OR12D2_1	0	0	0
OR12D1_1	0	0	0
OR11A1_2	0	0	0
OR10C1_2	0	0	0
LOC105379641_2	0	0	0
OR2H1_2	0	0	0
LOC105375008_2	0	0	0
LOC124905365	0	0	0
MAS1L_2	0	0	0
LINC02829_2	0	0	0
LINC01015_2	0	0	0
OR2I1_2	0	0	0
UBD_2	0	0	0
SNORD32B_2	0	0	0
OR2H2_2	0	0	0
GABBR1_2	0	0	0
MOG_2	0	0	0
ZFP57_2	0	0	0
HLA-F_1	0	0	0
HLA-F-AS1_1	0	0	0
IFITM4P_1	0	0	0
LOC107987427	0	0	0
HCG4_2	0	0	0
HLA-V_2	0	0	0
HLA-G_2	0	0	0
LOC124905366	20	1	19
LOC105375010_2	0	0	0
HCP5B_2	0	0	0
HLA-H_2	0	0	0
HCG4B_2	0	0	0
HLA-A_2	0	0	0
HCG9_1	0	0	0
POLR1HASP_2	0	0	0
HLA-J_2	0	0	0
POLR1H_2	0	0	0
PPP1R11_2	0	0	0
RNF39_2	0	0	0
TRIM31_2	0	0	0
TRIM31-AS1_2	0	0	0
LOC124900227_2	0	0	0
TRIM40_2	0	0	0
TRIM10_2	0	0	0
TRIM15_2	0	0	0
TRIM26_2	5	0	5
HCG17_2	0	0	0
HLA-L_1	0	0	0
HCG18_2	1	0	1
TRIM39_2	0	0	0
TRIM39-RPP21_2	0	0	0
RPP21_2	0	0	0
LOC105375012_1	0	0	0
HLA-E_1	0	0	0
LINC02569_2	0	0	0
GNL1_2	0	0	0
PRR3_1	0	0	0
ABCF1-DT	0	0	0
ABCF1_1	0	0	0
MIR877_1	0	0	0
PPP1R10_1	0	0	0
MRPS18B_1	0	0	0
ATAT1_1	0	0	0
C6orf136_1	0	0	0
DHX16_2	0	0	0
PPP1R18_2	2	0	2
NRM_2	0	0	0
MDC1_2	0	0	0
MDC1-AS1_2	0	0	0
TUBB_2	826	0	826
FLOT1_2	3	0	3
IER3-AS1_1	0	0	0
IER3_1	0	0	0
HCG20_1	0	0	0
LINC00243_1	0	0	0
LINC02570_1	0	0	0
DDR1_2	2	0	2
MIR4640_1	0	0	0
GTF2H4_1	0	0	0
VARS2_1	0	0	0
SFTA2_1	0	0	0
LOC124901299_1	0	0	0
MUCL3_1	0	0	0
HCG21_1	0	0	0
MUC21_2	0	0	0
MUC22_2	0	0	0
HCG22_2	0	0	0
C6orf15_1	0	0	0
PSORS1C1_1	0	0	0
CDSN_1	0	0	0
PSORS1C2_1	0	0	0
CCHCR1_1	0	0	0
TCF19_1	0	0	0
POU5F1_1	0	0	0
PSORS1C3_1	0	0	0
HCG27_1	0	0	0
HLA-C_1	0	0	0
LOC112267902_1	0	0	0
HLA-B_1	13	0	13
MIR6891_1	0	0	0
LOC124905367	0	0	0
LOC107987429	0	0	0
LOC124901300_1	0	0	0
MICA-AS1_1	0	0	0
MICA_1	0	0	0
LINC01149_1	0	0	0
HCP5_1	0	0	0
HCG26_1	0	0	0
MICB-DT_2	9	4	5
MICB_2	0	0	0
MCCD1_2	0	0	0
ATP6V1G2-DDX39B_2	0	0	0
DDX39B_2	0	0	0
SNORD117_2	0	0	0
SNORD84_1	0	0	0
DDX39B-AS1_1	0	0	0
ATP6V1G2_1	0	0	0
NFKBIL1_1	0	0	0
LOC100287329_1	0	0	0
LTA_1	0	0	0
TNF_2	0	0	0
LTB_2	0	0	0
LST1_2	0	0	0
NCR3_2	0	0	0
AIF1_1	0	0	0
PRRC2A_1	0	0	0
SNORA38_1	0	0	0
MIR6832_1	0	0	0
BAG6_1	0	0	0
APOM_1	0	0	0
C6orf47_1	0	0	0
GPANK1_1	0	0	0
CSNK2B_1	0	0	0
LY6G5B_1	0	0	0
LY6G5C_1	0	0	0
LOC105375019_1	0	0	0
ABHD16A_1	0	0	0
LOC105375018_1	0	0	0
MIR4646_1	0	0	0
LY6G6F-LY6G6D_1	0	0	0
LY6G6F_1	0	0	0
LY6G6E_1	0	0	0
LY6G6D_1	0	0	0
LY6G6C_1	0	0	0
MPIG6B_1	0	0	0
DDAH2_1	0	0	0
CLIC1_1	0	0	0
LOC105375020	0	0	0
MSH5-SAPCD1_2	0	0	0
MSH5_2	0	0	0
SAPCD1_2	0	0	0
SAPCD1-AS1_2	0	4	7
VWA7_2	0	0	0
VARS1_2	0	0	0
LSM2_2	0	0	0
HSPA1L_2	0	0	0
HSPA1A_2	0	0	0
HSPA1B_2	0	0	0
SNHG32_2	0	0	0
SNORD48_2	0	0	0
SNORD52_2	0	0	0
NEU1_2	1	0	1
SLC44A4_2	0	0	0
EHMT2-AS1_2	0	0	0
EHMT2_2	0	0	0
C2_1	0	0	0
ZBTB12_1	0	0	0
C2-AS1_1	0	0	0
CFB_1	0	0	0
NELFE_1	0	0	0
SKIC2_1	0	0	0
DXO_1	0	0	0
WHR1_1	0	0	0
C4B_1	0	0	0
CYP21A2_1	0	0	0
TNXB_2	0	0	0
ATF6B_1	0	0	0
FKBPL_1	0	0	0
PRRT1_2	0	0	0
LOC100507547_2	0	0	0
PPT2_2	0	0	0
PPT2-EGFL8_2	0	0	0
EGFL8_2	0	0	0
AGPAT1_2	0	0	0
MIR6721_2	0	0	0
RNF5_2	1	0	1
MIR6833_2	0	0	0
AGER_2	0	0	0
PBX2_2	0	0	0
GPSM3_2	0	0	0
NOTCH4_2	0	0	0
TSBP1-AS1_2	0	0	0
TSBP1_2	0	0	0
HCG23_2	0	0	0
BTNL2_2	0	0	0
HLA-DRA_1	0	0	0
HLA-DRB3_1	0	0	0
HLA-DRB1_1	0	0	0
HLA-DQA1_1	0	0	0
HLA-DQB1_1	0	0	0
LOC102725019_2	0	0	0
HLA-DQA2_2	0	0	0
MIR3135B_2	0	0	0
HLA-DQB2_2	0	0	0
HLA-DOB_2	0	0	0
TAP2_2	4	0	4
PSMB8_2	0	0	0
PSMB8-AS1_2	0	0	0
TAP1_2	0	0	0
PSMB9_2	0	0	0
LOC100294145_2	0	0	0
HLA-DMB_2	1	0	1
HLA-DMA_2	0	0	0
LOC124901302_2	0	0	0
BRD2_1	0	0	0
HLA-DOA_1	0	0	0
HLA-DPA1_2	0	0	0
HLA-DPB1_2	0	0	0
HLA-DPB2_2	0	0	0
LOC105375021_2	0	0	0
HCG24_1	0	0	0
COL11A2_1	0	0	0
RXRB_1	2	0	2
SLC39A7_1	0	0	0
HSD17B8_1	0	0	0
MIR219A1_1	0	0	0
RING1_1	0	0	0
LOC105375022_1	0	0	0
HCG25_1	0	0	0
VPS52_1	0	0	0
RPS18_1	0	0	0
B3GALT4_1	0	0	0
WDR46_1	0	0	0
MIR6873_1	0	0	0
PFDN6_1	0	0	0
MIR6834_1	0	0	0
RGL2_1	0	0	0
TAPBP_1	0	0	0
ZBTB22_1	0	0	0
DAXX_1	0	0	0
SMIM40_1	0	0	0
LOC102723872_1	0	0	0
FAM157D_2	0	0	0
LOC105375113_3	0	0	0
LOC101929756_3	0	0	0
LOC105375114_2	0	0	0
LINC03015_3	0	0	0
LINC03014_3	0	0	0
LOC105375116_3	0	0	0
LOC105375115_3	0	0	0
FAM20C_3	0	0	0
LOC105379627	0	0	0
LOC105377775_2	0	0	0
LOC105379586_2	0	0	0
DLGAP2_4	0	0	0
DLGAP2-AS1_2	0	0	0
AP2A2_1	0	0	0
MUC6_2	0	0	0
DUSP8_3	0	0	0
LOC124902608_3	0	0	0
KRTAP5-AS1_3	0	0	0
KRTAP5-1_3	0	0	0
KRTAP5-2_3	0	0	0
KRTAP5-3_3	0	0	0
KRTAP5-4_3	0	0	0
KRTAP5-5_3	0	0	0
FAM99A_3	0	0	0
FAM99B_3	0	0	0
LOC124905370	0	0	0
LINC02708_3	0	0	0
KRTAP5-6_1	0	0	0
IFITM10_1	0	0	0
TAS2R7_2	0	0	0
TAS2R8_2	0	0	0
TAS2R9_2	0	0	0
TAS2R10_2	0	0	0
PRH1-PRR4_2	0	8	0
PRR4_2	0	0	0
PRH1_2	0	0	0
TAS2R13_2	0	0	0
PRH2_2	0	0	0
PRH1-TAS2R14_2	0	0	0
TAS2R14_2	0	0	0
TAS2R50_2	0	0	0
TAS2R20_2	11	0	11
TAS2R19_2	2	0	2
TAS2R31_2	2	0	2
TAS2R46_2	0	0	0
TAS2R45_1	0	0	0
TAS2R30_2	0	0	0
SMIM10L1_2	115	21	242
TAS2R42_1	0	0	0
LOC107987435_1	0	0	0
PRB3_1	0	0	0
PRB4_1	0	0	0
PRB1_1	0	0	0
TUBGCP5_3	0	0	0
GOLGA6L1_3	0	0	0
GOLGA8DP_3	0	0	0
MIR4509-1_3	0	0	0
OCA2_2	0	0	0
HERC2_2	0	0	0
LOC124905371_1	0	0	0
GOLGA6L24_3	0	0	0
GOLGA8F_3	0	0	0
MIR4509-2_3	0	0	0
LOC101059997_3	0	0	0
MIR4509-3_3	0	0	0
GOLGA8G_3	0	0	0
GOLGA6L25_3	0	0	0
HERC2P11_3	0	0	0
LOC124903450_2	0	0	0
HERC2P9_2	0	0	0
GOLGA8M_2	0	0	0
LOC107984746_2	0	0	0
WHAMMP2_2	0	0	0
LOC100289656_2	0	0	0
PDCD6IPP2_2	0	0	0
APBA2_2	0	0	0
ENTREP2_2	0	0	0
NSMCE3_2	0	0	0
LCIIAR_2	0	0	0
LOC105370743_2	0	0	0
TJP1_2	0	0	0
GOLGA8J_3	0	0	0
ULK4P3_3	0	0	0
LOC124900359_2	0	0	0
GOLGA8T_2	0	0	0
LOC101929922_1	0	0	0
LOC105370746_2	0	0	0
LOC105370747_2	0	0	0
LINC02249_2	0	0	0
CHRFAM7A_2	0	0	0
LOC105370751_2	0	0	0
LOC124900358_2	0	0	0
ULK4P2_2	0	0	0
DNM1P50_2	0	0	0
GOLGA8Q_2	0	0	0
LOC124903452_2	0	0	0
LOC105376704_2	0	0	0
GOLGA8R_2	0	0	0
ULK4P1_3	0	0	0
LOC124900357_2	0	0	0
ARHGAP11B-DT_3	0	0	0
GOLGA8H_3	0	0	0
ARHGAP11B_3	0	0	0
LOC100288637_2	0	0	0
LOC101930434_2	0	0	0
LOC124905372_1	0	0	0
LOC124900565_1	0	0	0
LOC124903453_2	0	0	0
HERC2P10_2	0	0	0
FAN1_2	0	0	0
MTMR10_2	0	0	0
TRPM1_2	0	0	0
TRPM1-AS1_2	0	0	0
MIR211_2	0	0	0
LOC107984779_1	0	0	0
LINC02352_2	0	0	0
LOC107984092_1	0	0	0
LINC03034_2	0	0	0
KLF13_2	0	0	0
LOC105370939_2	0	0	0
OTUD7A_2	0	0	0
LOC124900362_2	0	0	0
LOC124903441_2	0	0	0
CHRNA7_3	0	0	0
LOC102724078_2	0	0	0
LOC101060588_1	0	0	0
WHAMMP1_3	0	0	0
LINC02256_3	0	0	0
ARHGAP11A-DT_3	0	0	0
GOLGA8N_3	0	0	0
ARHGAP11A_3	0	0	0
ARHGAP11A-SCG5_3	0	0	0
SCG5_3	0	0	0
SCG5-AS1_3	0	0	0
LOC105370756_2	0	0	0
GREM1_3	0	0	0
GREM1-AS1_3	0	0	0
FMN1_3	0	0	0
LOC107984089_2	0	0	0
LOC124903606_2	0	0	0
RPH3AL_2	0	0	0
LOC105371425_1	0	0	0
RPH3AL-AS1_2	0	0	0
NXN_2	0	0	0
TIMM22_2	0	0	0
ABR_2	0	0	0
LOC105371481_2	0	0	0
MIR3183_2	0	0	0
CCL18_2	0	0	0
CCL3-AS1_2	0	0	0
CCL3_2	0	0	0
CCL4_2	0	0	0
LOC101927369_2	0	0	0
TBC1D3B_2	0	0	0
LOC128966715	0	0	0
LOC128966684_2	0	0	0
CCL3L3_2	0	0	0
CCL4L2_2	0	0	0
LOC105379635	0	0	0
TBC1D3G_2	0	0	0
LOC124905374	0	0	0
CCL3L1	0	0	0
CCL4L1	0	0	0
LOC105371747_2	0	0	0
TBC1D3I_2	0	0	0
LOC102724956_2	0	0	0
KRTAP29-1_3	0	0	0
KRTAP9-7_2	0	0	0
KRTAP9-6_2	0	0	0
KRTAP9-9_3	0	0	0
KRTAP9-4_3	0	0	0
KRTAP9-2_3	0	0	0
LOC105371796_2	0	0	0
ARHGAP27_2	0	0	0
PLEKHM1_2	0	0	0
MIR4315-1_2	0	0	0
LOC105369225_1	0	0	0
LRRC37A3_2	0	0	0
LRRC37A4P_1	0	0	0
MAPK8IP1P2_2	0	0	0
LINC02210_2	0	0	0
LINC02210-CRHR1_2	0	0	0
LOC105371802_2	0	0	0
LOC107985028_1	0	0	0
CRHR1_2	0	0	0
MAPT-AS1_2	0	0	0
SPPL2C_2	0	0	0
MAPT_2	0	0	0
MAPT-IT1_2	0	0	0
LOC105371800_2	0	0	0
STH_2	0	0	0
KANSL1_2	50	0	50
LOC107985027_1	0	0	0
KANSL1-AS1_2	0	0	0
LOC124904014_2	0	0	0
ARL17A_1	56	25	67
LOC124905376	0	0	0
LRRC37A2_2	28	23	41
LOC124905375	0	0	0
NSF_2	2	0	2
WNT3_2	2	0	2
LOC101929777_2	0	0	0
WNT9B_1	0	0	0
LOC105372219_2	0	0	0
LOC105372220_2	0	0	0
LOC105372221_2	0	0	0
LINC01896_2	0	0	0
SALL3_2	0	0	0
LOC105372225_2	0	0	0
VSTM1_2	0	0	0
TARM1_2	0	0	0
OSCAR_2	0	0	0
NDUFA3_2	0	0	0
TFPT_2	0	0	0
PRPF31_2	0	0	0
PRPF31-AS1_2	0	0	0
CNOT3_2	0	0	0
LOC102724273_2	0	0	0
LENG1_2	0	0	0
TMC4_2	0	0	0
MBOAT7_2	0	0	0
TSEN34_2	0	0	0
RPS9_2	0	0	0
LOC124905378	0	0	0
LOC124905377	0	0	0
MIR4752_2	0	0	0
LILRA3_1	0	0	0
LILRA5_2	0	0	0
LILRA4_1	0	0	0
LAIR1_1	0	0	0
KIR2DL2_1	0	0	0
KIR2DL4_12	0	0	0
KIR3DS1_1	0	0	0
KIR2DL5A_1	0	0	0
KIR2DS5_1	0	0	0
KIR2DS1_4	0	0	0
KIR3DL2_15	0	0	0
FCAR_3	0	0	0
NCR1_4	0	0	0
NLRP7_2	0	0	0
NLRP2_2	0	0	0
GP6-AS1_2	0	0	0
GP6_2	0	0	0
RDH13_2	0	0	0
EPS8L1_2	0	0	0
PHETA2_2	0	0	0
SMDT1_2	0	0	0
NDUFA6_3	0	0	0
NDUFA6-DT_6	0	0	0
CYP2D6_4	0	0	0
LOC101929829_1	0	0	0
LOC102723722_1	0	0	0
PPP2R3B_3	94	0	94
LOC102723840_1	0	0	0
MUC4_3	0	0	0
MUC20_3	0	0	0
MIR570HG_3	0	0	0
MIR570_3	0	0	0
SDHAP2_3	0	0	0
LOC105374297_3	0	0	0
LOC105377614_1	0	0	0
LOC105377615_1	0	0	0
LINC01262_1	0	0	0
LOC107987311	0	0	0
LOC105377616_3	0	0	0
FRG1-DT_5	0	0	0
LOC105377619_3	0	0	0
LINC01596_3	0	0	0
TRV-AAC6-1_3	0	0	0
TRR-CCG1-1_3	0	0	0
TRK-TTT7-1_3	0	0	0
TRA-TGC6-1_3	0	0	0
TRF-GAA6-1_3	0	0	0
TRF-GAA5-1_3	0	0	0
TRA-TGC1-1_3	0	0	0
TRF-GAA1-1_3	0	0	0
TRA-AGC1-1_3	0	0	0
TRA-TGC7-1_3	0	0	0
TRF-GAA3-1_3	0	0	0
TRA-AGC6-1_3	0	0	0
TRA-TGC5-1_3	0	0	0
TRF-GAA4-1_3	0	0	0
TRA-AGC2-1_3	0	0	0
LINC01623_3	0	0	0
TRA-AGC2-2_3	0	0	0
TRF-GAA1-2_3	0	0	0
TRE-CTC1-6_3	0	0	0
HCG15_3	0	0	0
TRL-AAG3-1_3	0	0	0
ZNF311_3	0	0	0
LOC105375002_3	0	0	0
OR2W1-AS1_2	0	0	0
OR2W1_3	0	0	0
OR2B3_3	0	0	0
OR2J1_3	0	0	0
OR2J3_3	0	0	0
OR2J2_3	0	0	0
LINC03003_3	0	0	0
LOC105375005_2	0	0	0
OR14J1_3	0	0	0
OR12D3_2	0	0	0
OR12D2_2	0	0	0
OR12D1_2	0	0	0
OR11A1_3	0	0	0
OR10C1_3	0	0	0
LOC105379641_3	0	0	0
OR2H1_3	0	0	0
LOC105375008_3	0	0	0
LOC124905379	0	0	0
MAS1L_3	0	0	0
LOC124901486_1	0	0	0
LINC02829_3	0	0	0
LINC01015_3	0	0	0
OR2I1_3	0	0	0
UBD_3	0	0	0
SNORD32B_3	0	0	0
OR2H2_3	0	0	0
GABBR1_3	0	0	0
MOG_3	0	0	0
ZFP57_3	0	0	0
HLA-F_2	0	0	0
HLA-F-AS1_2	0	0	0
IFITM4P_2	0	0	0
LOC107987440	0	0	0
HCG4_3	0	0	0
HLA-V_3	0	0	0
HLA-G_3	0	0	0
LOC105375010_3	0	0	0
HCP5B_3	0	0	0
LOC124905380	0	0	0
HLA-H_3	0	0	0
HCG4B_3	2	2	0
HLA-A_3	20	1	19
HCG9_2	0	0	0
POLR1HASP_3	0	0	0
HLA-J_3	0	0	0
POLR1H_3	0	0	0
PPP1R11_3	0	0	0
RNF39_3	0	0	0
TRIM31_3	0	0	0
TRIM31-AS1_3	0	0	0
LOC124900227_3	0	0	0
TRIM40_3	0	0	0
TRIM10_3	0	0	0
TRIM15_3	0	0	0
TRIM26_3	0	0	0
HCG17_3	0	0	0
HLA-L_2	0	0	0
HCG18_3	0	0	0
TRIM39_3	0	0	0
TRIM39-RPP21_3	0	0	0
RPP21_3	0	0	0
LOC105375012_2	0	0	0
HLA-E_2	0	0	0
LINC02569_3	0	0	0
GNL1_3	0	0	0
PRR3_2	0	0	0
ABCF1_2	0	0	0
MIR877_2	0	0	0
PPP1R10_2	0	0	0
MRPS18B_2	0	0	0
ATAT1_2	0	0	0
C6orf136_2	0	0	0
DHX16_3	0	0	0
PPP1R18_3	0	0	0
NRM_3	0	0	0
MDC1_3	0	0	0
MDC1-AS1_3	0	0	0
TUBB_3	0	0	0
FLOT1_3	0	0	0
IER3-AS1_2	0	0	0
IER3_2	0	0	0
HCG20_2	0	0	0
LINC00243_2	0	0	0
LINC02570_2	0	0	0
DDR1_3	3	0	3
MIR4640_2	0	0	0
GTF2H4_2	1	0	1
VARS2_2	0	0	0
SFTA2_2	0	0	0
LOC124901299_2	0	0	0
MUCL3_2	0	0	0
HCG21_2	0	0	0
MUC21_3	0	0	0
MUC22_3	0	0	0
HCG22_3	0	0	0
C6orf15_2	0	0	0
PSORS1C1_2	5	0	7
CDSN_2	0	1	0
PSORS1C2_2	3	4	0
CCHCR1_2	0	0	0
TCF19_2	0	0	0
POU5F1_2	0	0	0
PSORS1C3_2	0	0	0
HCG27_2	0	0	0
HLA-C_2	4387	4	4383
LINC02571_1	0	0	0
LOC112267902_2	0	0	0
HCG26_2	0	0	0
MICB-DT_3	0	0	0
MICB_3	0	0	0
MCCD1_3	0	0	0
ATP6V1G2-DDX39B_3	0	0	0
DDX39B_3	0	0	0
SNORD117_3	0	0	0
SNORD84_2	0	0	0
DDX39B-AS1_2	0	0	0
ATP6V1G2_2	0	0	0
NFKBIL1_2	0	0	0
LOC100287329_2	0	0	0
LTA_2	0	0	0
TNF_3	0	0	0
LTB_3	0	0	0
LST1_3	0	0	0
NCR3_3	0	0	0
AIF1_2	0	0	0
PRRC2A_2	0	0	0
SNORA38_2	0	0	0
MIR6832_2	0	0	0
BAG6_2	0	0	0
APOM_2	0	0	0
C6orf47_2	0	0	0
GPANK1_2	0	0	0
CSNK2B_2	0	0	0
LY6G5B_2	0	0	0
LY6G5C_2	0	0	0
LOC105375019_2	0	0	0
ABHD16A_2	0	0	0
LOC105375018_2	0	0	0
MIR4646_2	0	0	0
LY6G6F-LY6G6D_2	0	0	0
LY6G6F_2	0	0	0
LY6G6E_2	0	0	0
LY6G6D_2	0	0	0
LY6G6C_2	0	0	0
MPIG6B_2	0	0	0
DDAH2_2	0	0	0
CLIC1_2	0	0	0
MSH5-SAPCD1_3	0	0	0
MSH5_3	0	0	0
SAPCD1_3	0	0	0
SAPCD1-AS1_3	0	0	0
VWA7_3	0	0	0
VARS1_3	0	0	0
LSM2_3	0	0	0
HSPA1L_3	0	0	0
HSPA1A_3	0	0	0
HSPA1B_3	0	0	0
SNHG32_3	0	0	0
SNORD48_3	0	0	0
SNORD52_3	0	0	0
NEU1_3	0	0	0
SLC44A4_3	0	0	0
EHMT2-AS1_3	0	0	0
EHMT2_3	0	0	0
C2_2	0	0	0
ZBTB12_2	0	0	0
C2-AS1_2	0	0	0
CFB_2	0	0	0
NELFE_2	0	0	0
MIR1236_1	0	0	0
SKIC2_2	0	0	0
DXO_2	0	0	0
WHR1_2	0	0	0
C4A_1	0	0	0
CYP21A1P_1	1	0	1
TNXA_1	2	0	2
C4B_2	0	0	0
CYP21A2_2	0	0	0
TNXB_3	0	0	0
LOC124905381	0	0	0
ATF6B_2	0	0	0
FKBPL_2	0	0	0
PRRT1_3	0	0	0
LOC100507547_3	0	0	0
PPT2_3	0	0	0
PPT2-EGFL8_3	0	0	0
TSBP1-AS1_3	0	0	0
TSBP1_3	0	0	0
HCG23_3	0	0	0
BTNL2_3	0	0	0
HLA-DRA_2	0	0	0
HLA-DRB1_2	0	0	0
HLA-DQA1_2	0	0	0
HLA-DQB1_2	0	0	0
HLA-DQB1-AS1_1	0	0	0
LOC102725019_3	0	0	0
HLA-DQA2_3	0	0	0
MIR3135B_3	0	0	0
HLA-DQB2_3	0	0	0
HLA-DOB_3	0	0	0
TAP2_3	0	0	0
PSMB8_3	0	0	0
PSMB8-AS1_3	0	0	0
TAP1_3	0	0	0
PSMB9_3	0	0	0
LOC124905382	0	0	0
LOC100294145_3	0	0	0
LOC124905383	0	0	0
HLA-DMB_3	0	0	0
BRD2_2	5	0	5
HLA-DMA_3	1	0	1
HLA-DOA_2	0	0	0
HLA-DPA1_3	0	0	0
HLA-DPB1_3	0	0	0
HLA-DPB2_3	0	0	0
LOC105375021_3	0	0	0
HCG24_2	0	0	0
COL11A2_2	0	0	0
RXRB_2	0	0	0
SLC39A7_2	0	0	0
HSD17B8_2	0	0	0
MIR219A1_2	0	0	0
RING1_2	0	0	0
LOC105375022_2	0	0	0
HCG25_2	0	0	0
VPS52_2	0	0	0
RPS18_2	0	0	0
B3GALT4_2	0	0	0
WDR46_2	0	0	0
MIR6873_2	0	0	0
PFDN6_2	0	0	0
MIR6834_2	0	0	0
RGL2_2	0	0	0
TAPBP_2	0	0	0
ZBTB22_2	0	0	0
DAXX_2	0	0	0
SMIM40_2	0	0	0
DLGAP2-AS1_3	0	0	0
DLGAP2_5	0	0	0
LOC124901870_1	0	0	0
LOC105377778_1	0	0	0
CLN8_1	0	0	0
CLN8-AS1_1	0	0	0
MIR3674_1	0	0	0
LOC105377779_1	0	0	0
AP2A2_2	0	0	0
MUC6_3	0	0	0
LOC124905385	0	0	0
LOC124902605_2	0	0	0
LINC02688_2	0	0	0
LOC107987157_2	0	0	0
MUC2_2	0	0	0
VSTM1_3	0	0	0
TARM1_3	0	0	0
OSCAR_3	0	0	0
NDUFA3_3	0	0	0
TFPT_3	0	0	0
LOC124905386	0	0	0
PRPF31_3	0	0	0
PRPF31-AS1_3	0	0	0
CNOT3_3	0	0	0
LOC102724273_3	0	0	0
LENG1_3	0	0	0
TMC4_3	0	0	0
MBOAT7_3	0	0	0
TSEN34_3	0	0	0
RPS9_3	0	0	0
LOC107987441	0	0	0
LOC112267881_1	0	0	0
KIR3DL1_10	0	0	0
KIR2DS4_10	0	0	0
KIR3DL2_16	0	0	0
NCR1_5	0	0	0
NLRP7_3	0	0	0
NLRP2_3	0	0	0
GP6-AS1_3	0	0	0
GP6_3	0	0	0
RDH13_3	0	0	0
EPS8L1_3	0	0	0
PHETA2_3	0	0	0
SMDT1_3	0	0	0
NDUFA6_4	0	0	0
NDUFA6-DT_7	0	0	0
CYP2D6_5	4	0	4
LOC102723722_2	0	0	0
CYP2D7_7	3	0	3
LOC105377203_1	1	0	1
TCF20_7	0	0	0
MUC4_4	0	0	0
MUC20_4	0	0	0
LOC124905391	0	0	0
MIR570HG_4	0	0	0
MIR570_4	0	0	0
SDHAP2_4	0	0	0
LOC105374297_4	0	0	0
LOC105374298	0	0	0
TRV-AAC6-1_4	0	0	0
TRR-CCG1-1_4	0	0	0
TRK-TTT7-1_4	0	0	0
TRA-TGC6-1_4	0	0	0
TRF-GAA6-1_4	0	0	0
TRF-GAA5-1_4	0	0	0
TRA-TGC1-1_4	0	0	0
TRF-GAA1-1_4	0	0	0
TRA-AGC1-1_4	0	0	0
TRA-TGC7-1_4	0	0	0
TRF-GAA3-1_4	0	0	0
TRA-AGC6-1_4	0	0	0
TRA-TGC5-1_4	0	0	0
TRF-GAA4-1_4	0	0	0
TRA-AGC2-1_4	0	0	0
LINC01623_4	0	0	0
TRA-AGC2-2_4	0	0	0
TRIM27_3	0	0	0
TRL-CAA1-2_2	0	0	0
TRQ-CTG1-3_2	0	0	0
TRL-AAG2-2_2	0	0	0
LINC01556_2	0	0	0
TRM-CAT3-1_2	0	0	0
TRK-TTT3-3_2	0	0	0
TRM-CAT3-2_2	0	0	0
TRF-GAA1-2_4	0	0	0
TRE-CTC1-6_4	0	0	0
HCG15_4	0	0	0
TRL-AAG3-1_4	0	0	0
ZNF311_4	0	0	0
LOC105375002_4	0	0	0
OR2W1-AS1_3	0	0	0
OR2W1_4	0	0	0
OR2B3_4	0	0	0
OR2J1_4	0	0	0
OR2J3_4	0	0	0
OR2J2_4	0	0	0
LINC03003_4	0	0	0
LOC105375005_3	0	0	0
OR14J1_4	0	0	0
OR5V1_2	0	0	0
OR12D3_3	0	0	0
OR12D2_3	0	0	0
OR12D1_3	0	0	0
OR11A1_4	0	0	0
OR10C1_4	0	0	0
LOC105379641_4	0	0	0
OR2H1_4	0	0	0
LOC105375008_4	0	0	0
LOC124905387	0	0	0
MAS1L_4	0	0	0
LINC02829_4	0	0	0
LINC01015_4	0	0	0
OR2I1_4	0	0	0
UBD_4	0	0	0
SNORD32B_4	0	0	0
OR2H2_4	0	0	0
GABBR1_4	0	0	0
MOG_4	0	0	0
ZFP57_4	0	0	0
HLA-F_3	0	0	0
HLA-F-AS1_3	0	0	0
IFITM4P_3	0	0	0
LOC107987443	0	0	0
HCG4_4	0	0	0
HLA-V_4	0	0	0
HLA-G_4	0	0	0
LOC105375010_4	0	0	0
HCP5B_4	0	0	0
LOC124905390	0	7	0
HLA-H_4	0	0	0
HCG4B_4	0	0	0
HLA-A_4	54	0	54
HCG9_3	0	0	0
POLR1HASP_4	0	0	0
HLA-J_4	0	0	0
POLR1H_4	0	0	0
PPP1R11_4	0	0	0
RNF39_4	0	0	0
TRIM31_4	0	0	0
TRIM31-AS1_4	0	0	0
LOC124900227_4	0	0	0
TRIM40_4	0	0	0
TRIM10_4	0	0	0
TRIM15_4	0	0	0
TRIM26_4	32	0	32
HCG17_4	0	0	0
HLA-L_3	0	0	0
HCG18_4	189	0	189
TRIM39_4	1	0	1
TRIM39-RPP21_4	0	0	0
RPP21_4	0	0	0
LOC105375012_3	0	0	0
HLA-E_3	0	0	0
LINC02569_4	0	0	0
GNL1_4	0	0	0
PRR3_3	0	0	0
ABCF1_3	0	0	0
MIR877_3	0	0	0
PPP1R10_3	0	0	0
MRPS18B_3	0	0	0
ATAT1_3	0	0	0
C6orf136_3	0	0	0
DHX16_4	0	0	0
PPP1R18_4	0	0	0
NRM_4	0	0	0
MDC1_4	0	0	0
MDC1-AS1_4	0	0	0
TUBB_4	0	0	0
FLOT1_4	0	0	0
IER3-AS1_3	0	0	0
IER3_3	0	0	0
HCG20_3	0	0	0
LINC00243_3	0	0	0
LINC02570_3	0	0	0
DDR1_4	0	0	0
MIR4640_3	0	0	0
GTF2H4_3	0	0	0
VARS2_3	0	0	0
SFTA2_3	0	0	0
MUC21_4	0	0	0
MUC22_4	0	0	0
HCG22_4	0	0	0
C6orf15_3	0	0	0
PSORS1C1_3	0	0	0
CDSN_3	0	0	0
PSORS1C2_3	0	0	0
CCHCR1_3	1	1	0
TCF19_3	0	0	0
POU5F1_3	0	0	0
PSORS1C3_3	0	0	0
HLA-C_3	3812	17	3795
LINC02571_2	0	0	0
HLA-B_2	2	0	2
MIR6891_2	0	0	0
LOC124901300_2	0	0	0
MICA-AS1_2	0	1	0
MICA_2	11	0	12
LINC01149_2	0	0	0
MICB_4	0	0	0
MCCD1_4	0	0	0
ATP6V1G2-DDX39B_4	0	0	0
DDX39B_4	0	0	0
SNORD117_4	0	0	0
SNORD84_3	0	0	0
DDX39B-AS1_3	0	0	0
ATP6V1G2_3	0	0	0
NFKBIL1_3	0	0	0
LOC100287329_3	0	0	0
LTA_3	0	0	0
TNF_4	0	0	0
LTB_4	0	0	0
LST1_4	0	0	0
NCR3_4	0	0	0
PRRC2A_3	0	0	0
SNORA38_3	0	0	0
MIR6832_3	0	0	0
BAG6_3	0	0	0
APOM_3	0	0	0
C6orf47_3	0	0	0
GPANK1_3	0	0	0
CSNK2B_3	0	0	0
LY6G5B_3	0	0	0
LY6G5C_3	0	0	0
LOC105375019_3	0	0	0
ABHD16A_3	0	0	0
MIR4646_3	0	0	0
LY6G6F-LY6G6D_3	0	0	0
LY6G6F_3	0	0	0
LY6G6E_3	0	0	0
LY6G6D_3	0	0	0
LY6G6C_3	0	0	0
MPIG6B_3	0	0	0
DDAH2_3	0	0	0
CLIC1_3	0	0	0
LOC105375020_1	0	0	0
MSH5-SAPCD1_4	0	0	0
MSH5_4	0	0	0
NEU1_4	0	0	0
C2_3	6	2	5
C2-AS1_3	0	0	1
CFB_3	392	0	392
TNXB_4	0	0	0
LOC124905388	0	0	0
PRRT1_4	0	0	0
LOC100507547_4	1	55	4
PPT2_4	0	3	0
PPT2-EGFL8_4	0	0	0
EGFL8_3	0	0	0
AGPAT1_3	264	9	264
MIR6721_3	0	0	0
RNF5_3	0	0	0
MIR6833_3	0	0	0
AGER_3	0	0	0
PBX2_3	8	0	8
GPSM3_3	0	0	0
NOTCH4_3	0	0	0
TSBP1-AS1_4	0	0	0
TSBP1_4	0	0	0
HCG23_4	0	0	0
BTNL2_4	0	0	0
HLA-DRA_3	0	0	0
HLA-DRB4	0	0	0
HLA-DRB1_3	0	0	0
HLA-DQA1_3	0	0	0
HLA-DQB1_3	0	0	0
LOC102725019_4	0	0	0
HLA-DQA2_4	0	0	0
MIR3135B_4	0	0	0
HLA-DQB2_4	0	0	0
TAP2_4	0	0	0
PSMB8_4	0	0	0
PSMB8-AS1_4	0	0	0
TAP1_4	0	0	0
PSMB9_4	0	0	0
LOC124905389	0	0	0
LOC100294145_4	0	0	0
HLA-DMB_4	0	0	0
HLA-DMA_4	0	0	0
LOC124901302_3	3	0	3
BRD2_3	383	0	383
HLA-DOA_3	0	0	0
HLA-DPA1_4	0	0	0
HLA-DPB1_4	0	0	0
HLA-DPB2_4	0	0	0
LOC105375021_4	0	0	0
HCG24_3	0	0	0
COL11A2_3	0	0	0
RXRB_3	0	0	0
SLC39A7_3	0	0	0
HSD17B8_3	0	0	0
MIR219A1_3	0	0	0
RING1_3	0	0	0
LOC105375022_3	0	0	0
HCG25_3	0	0	0
VPS52_3	0	0	0
VSTM1_4	0	0	0
TARM1_4	0	0	0
OSCAR_4	0	0	0
NDUFA3_4	0	0	0
TFPT_4	0	0	0
PRPF31_4	0	0	0
PRPF31-AS1_4	0	0	0
CNOT3_4	0	0	0
LOC102724273_4	0	0	0
LENG1_4	0	0	0
TMC4_4	0	0	0
MBOAT7_4	0	0	0
TSEN34_4	0	0	0
RPS9_4	0	0	0
LOC112268336	0	0	0
KIR3DL3_16	0	0	0
LOC101928804_15	0	0	0
KIR2DS1_5	0	0	0
KIR3DL2_17	0	0	0
NCR1_6	0	0	0
NLRP7_4	0	0	0
NLRP2_4	0	0	0
GP6-AS1_4	0	0	0
GP6_4	0	0	0
RDH13_4	0	0	0
EPS8L1_4	0	0	0
LOC105374297_5	0	0	0
SDHAP2_5	0	0	0
MIR570HG_5	0	0	0
MIR570_5	0	0	0
MUC20_5	0	0	0
MUC4_5	0	0	0
LOC124905352_2	0	0	0
TRV-AAC6-1_5	0	0	0
TRR-CCG1-1_5	0	0	0
TRK-TTT7-1_5	0	0	0
TRA-TGC6-1_5	0	0	0
TRF-GAA6-1_5	0	0	0
TRF-GAA5-1_5	0	0	0
TRA-TGC1-1_5	0	0	0
TRF-GAA1-1_5	0	0	0
TRA-AGC1-1_5	0	0	0
TRA-TGC7-1_5	0	0	0
TRF-GAA3-1_5	0	0	0
TRA-AGC6-1_5	0	0	0
TRA-TGC5-1_5	0	0	0
TRF-GAA4-1_5	0	0	0
TRA-AGC2-1_5	0	0	0
LINC01623_5	0	0	0
TRA-AGC2-2_5	0	0	0
TRR-CCG1-2_3	0	0	0
TRL-CAA1-1_3	0	0	0
HCG14_3	0	0	0
TRIM27_4	0	0	0
TRL-CAA1-2_3	0	0	0
TRQ-CTG1-3_3	0	0	0
TRL-AAG2-2_3	0	0	0
LINC01556_3	0	0	0
TRM-CAT3-1_3	0	0	0
TRK-TTT3-3_3	0	0	0
TRM-CAT3-2_3	0	0	0
LOC105375002_5	0	0	0
OR2W1-AS1_4	0	0	0
OR2W1_5	0	0	0
OR2B3_5	0	0	0
OR2J1_5	0	0	0
OR2J3_5	0	0	0
OR2J2_5	0	0	0
LINC03003_5	0	0	0
OR14J1_5	0	0	0
LOC105375005_4	0	0	0
OR5V1_3	0	0	0
OR12D3_4	0	0	0
OR12D2_4	0	0	0
OR12D1_4	0	0	0
OR11A1_5	0	0	0
OR10C1_5	0	0	0
OR2H1_5	0	0	0
LOC105375008_5	0	0	0
LOC124905392	0	0	0
MAS1L_5	0	0	0
LOC124901486_2	0	0	0
LINC02829_5	0	0	0
LINC01015_5	0	0	0
OR2I1_5	0	0	0
UBD_5	0	0	0
SNORD32B_5	0	0	0
OR2H2_5	0	0	0
GABBR1_5	0	0	0
MOG_5	0	0	0
ZFP57_5	0	0	0
HLA-F_4	0	0	0
HLA-F-AS1_4	0	0	0
IFITM4P_4	0	0	0
LOC107987447	0	0	0
HCG4_5	0	0	0
HLA-V_5	0	0	0
HLA-G_5	0	0	0
LOC105375010_5	0	0	0
HCP5B_5	0	0	0
HLA-H_5	0	0	0
HLA-A_5	0	0	0
HCG9_4	0	0	0
POLR1HASP_5	0	0	0
HLA-J_5	0	0	0
POLR1H_5	0	0	0
PPP1R11_5	0	0	0
RNF39_5	0	0	0
TRIM31_5	0	0	0
TRIM31-AS1_5	0	0	0
LOC124900227_5	0	0	0
TRIM40_5	0	0	0
TRIM10_5	0	0	0
TRIM15_5	0	0	0
TRIM26_5	0	0	0
LOC105375012_4	0	0	0
HLA-E_4	0	0	0
LINC02569_5	0	0	0
GNL1_5	0	0	0
PRR3_4	0	0	0
ABCF1_4	0	0	0
MIR877_4	0	0	0
PPP1R10_4	0	0	0
MRPS18B_4	0	0	0
ATAT1_4	0	0	0
C6orf136_4	0	0	0
DHX16_5	0	0	0
PPP1R18_5	0	0	0
NRM_5	0	0	0
MDC1_5	0	0	0
MDC1-AS1_5	0	0	0
TUBB_5	0	0	0
FLOT1_5	0	0	0
LINC02570_4	0	0	0
DDR1_5	1	0	1
MIR4640_4	0	0	0
GTF2H4_4	0	0	0
VARS2_4	0	0	0
SFTA2_4	0	0	0
LOC124901299_3	0	0	0
MUCL3_3	0	0	0
HCG21_3	0	0	0
MUC21_5	0	0	0
MUC22_5	0	0	0
HCG22_5	0	0	0
C6orf15_4	0	0	0
PSORS1C1_4	0	0	0
CDSN_4	0	0	0
PSORS1C2_4	0	0	0
CCHCR1_4	0	0	0
TCF19_4	0	0	0
POU5F1_4	0	0	0
PSORS1C3_4	1	0	1
HCG27_3	11	1	10
HLA-C_4	10	0	10
LOC112267902_3	0	0	0
HLA-B_3	903	0	903
HCP5_2	0	0	0
HCG26_3	0	0	0
MICB-DT_4	0	8	2
MICB_5	122	2	130
MCCD1_5	0	0	0
ATP6V1G2-DDX39B_5	1	1	5
DDX39B_5	0	0	0
SNORD117_5	0	0	0
SNORD84_4	0	0	0
DDX39B-AS1_4	1	6	0
ATP6V1G2_4	0	0	0
NFKBIL1_4	0	0	0
LOC100287329_4	0	0	0
LTA_4	0	0	0
TNF_5	0	0	0
LTB_5	0	0	0
LST1_5	0	0	0
NCR3_5	0	0	0
AIF1_3	0	0	0
PRRC2A_4	1	0	1
SNORA38_4	0	0	0
MIR6832_4	0	0	0
BAG6_4	0	0	0
APOM_4	0	0	0
C6orf47_4	0	0	0
GPANK1_4	0	0	0
CSNK2B_4	0	0	0
LY6G5B_4	0	0	0
LY6G5C_4	0	0	0
LOC105375019_4	0	0	0
ABHD16A_4	0	0	0
LOC105375018_3	0	0	0
MIR4646_4	0	0	0
LY6G6F-LY6G6D_4	0	0	0
LY6G6F_4	0	0	0
LY6G6E_4	0	0	0
LY6G6D_4	0	0	0
LY6G6C_4	0	0	0
MPIG6B_4	0	0	0
DDAH2_4	0	0	0
CLIC1_4	0	0	0
MSH5-SAPCD1_5	0	0	0
MSH5_5	0	0	0
SAPCD1_4	0	0	0
SAPCD1-AS1_4	0	0	0
VWA7_4	0	0	0
VARS1_4	0	0	0
LSM2_4	0	0	0
NEU1_5	0	0	0
SLC44A4_4	0	0	0
EHMT2-AS1_4	0	0	0
EHMT2_4	0	0	0
C2_4	0	0	0
ZBTB12_3	0	0	0
C2-AS1_4	0	0	0
CFB_4	0	0	0
NELFE_3	0	0	0
MIR1236_2	0	0	0
SKIC2_3	0	0	0
DXO_3	0	0	0
WHR1_3	0	0	0
TNXA_2	0	0	0
LOC110384692	0	0	0
CYP21A2_3	0	0	0
TNXB_5	0	0	0
ATF6B_3	0	0	0
FKBPL_3	0	0	0
PRRT1_5	0	0	0
LOC100507547_5	0	0	0
PPT2_5	0	0	0
PPT2-EGFL8_5	0	0	0
EGFL8_4	0	0	0
AGPAT1_4	0	0	0
MIR6721_4	0	0	0
RNF5_4	0	0	0
MIR6833_4	0	0	0
AGER_4	0	0	0
PBX2_4	0	0	0
GPSM3_4	0	0	0
NOTCH4_4	0	0	0
TSBP1-AS1_5	0	0	0
TSBP1_5	0	0	0
HCG23_5	0	0	0
BTNL2_5	0	0	0
HLA-DRA_4	0	0	0
HLA-DRB4_1	0	0	0
HLA-DQA1_4	0	0	0
HLA-DQB1_4	0	0	0
HLA-DQB1-AS1_2	0	0	0
LOC102725019_5	0	0	0
HLA-DQA2_5	0	0	0
MIR3135B_5	0	0	0
HLA-DQB2_5	0	0	0
HLA-DOB_4	0	0	0
TAP2_5	0	0	0
PSMB8_5	0	0	0
PSMB8-AS1_5	0	0	0
TAP1_5	0	0	0
PSMB9_5	0	0	0
LOC100294145_5	0	0	0
HLA-DMB_5	0	0	0
HLA-DMA_5	0	0	0
LOC128966717	0	0	0
LOC124901302_4	0	0	0
BRD2_4	0	0	0
HLA-DOA_4	0	0	0
HLA-DPA1_5	0	0	0
HLA-DPB1_5	0	0	0
HLA-DPB2_5	0	0	0
COL11A2_4	0	0	0
RXRB_4	13	0	13
SLC39A7_4	0	0	0
HSD17B8_4	0	0	0
MIR219A1_4	0	0	0
RING1_4	0	0	0
LOC105375022_4	0	0	0
HCG25_4	0	0	0
VPS52_4	0	0	0
RPS18_3	0	0	0
B3GALT4_3	0	0	0
WDR46_3	0	0	0
MIR6873_3	0	0	0
PFDN6_3	0	0	0
MIR6834_3	0	0	0
RGL2_3	0	0	0
TAPBP_3	0	0	0
ZBTB22_3	0	0	0
DAXX_3	1	0	1
SMIM40_3	0	0	0
VSTM1_5	0	0	0
TARM1_5	0	0	0
OSCAR_5	0	0	0
NDUFA3_5	0	0	0
TFPT_5	0	0	0
PRPF31_5	0	0	0
PRPF31-AS1_5	0	0	0
CNOT3_5	0	0	0
LOC102724273_5	0	0	0
LENG1_5	0	0	0
TMC4_5	0	0	0
MBOAT7_5	0	0	0
TSEN34_5	0	0	0
RPS9_5	0	0	0
LOC112268337	0	0	0
KIR2DS4_11	0	0	0
KIR3DL2_18	0	0	0
NCR1_7	0	0	0
NLRP7_5	0	0	0
NLRP2_5	0	0	0
GP6-AS1_5	0	0	0
GP6_5	0	0	0
RDH13_5	0	0	0
EPS8L1_5	0	0	0
MUC4_6	0	0	0
MUC20_6	0	0	0
LOC124905398	0	0	0
MIR570HG_6	0	0	0
LOC112268339	0	0	0
MIR570_6	0	0	0
SDHAP2_6	0	0	0
LOC105374297_6	0	0	0
TRV-AAC6-1_6	0	0	0
TRR-CCG1-1_6	0	0	0
TRK-TTT7-1_6	0	0	0
TRA-TGC6-1_6	0	0	0
TRF-GAA6-1_6	0	0	0
TRF-GAA5-1_6	0	0	0
TRA-TGC1-1_6	0	0	0
TRF-GAA1-1_6	0	0	0
TRA-AGC1-1_6	0	0	0
TRA-TGC7-1_6	0	0	0
TRF-GAA3-1_6	0	0	0
TRA-AGC6-1_6	0	0	0
TRA-TGC5-1_6	0	0	0
TRF-GAA4-1_6	0	0	0
TRA-AGC2-1_6	0	0	0
LINC01623_6	0	0	0
TRA-AGC2-2_6	0	0	0
TRR-CCG1-2_4	0	0	0
TRL-CAA1-1_4	0	0	0
HCG14_4	0	0	0
TRIM27_5	0	0	0
TRL-CAA1-2_4	0	0	0
TRQ-CTG1-3_4	0	0	0
TRL-AAG2-2_4	0	0	0
LINC01556_4	0	0	0
TRM-CAT3-1_4	0	0	0
TRK-TTT3-3_4	0	0	0
TRM-CAT3-2_4	0	0	0
TRF-GAA1-2_5	0	0	0
TRE-CTC1-6_5	0	0	0
HCG15_5	0	0	0
TRL-AAG3-1_5	0	0	0
ZNF311_5	0	0	0
LOC105375002_6	0	0	0
OR2W1-AS1_5	0	0	0
OR2W1_6	0	0	0
OR2B3_6	0	0	0
OR2J1_6	0	0	0
OR2J3_6	0	0	0
OR2J2_6	0	0	0
OR12D1_5	0	0	0
OR11A1_6	0	0	0
OR10C1_6	0	0	0
LOC105379641_5	0	0	0
OR2H1_6	0	0	0
LOC105375008_6	0	0	0
LOC124905393	0	0	0
MAS1L_6	0	0	0
LINC02829_6	0	0	0
LINC01015_6	0	0	0
OR2I1_6	0	0	0
UBD_6	0	0	0
SNORD32B_6	0	0	0
OR2H2_6	0	0	0
GABBR1_6	0	0	0
MOG_6	0	0	0
ZFP57_6	0	0	0
HLA-F_5	0	0	0
HLA-F-AS1_5	0	0	0
IFITM4P_5	0	0	0
LOC107987452	0	0	0
HCG4_6	0	0	0
HLA-V_6	0	0	0
HLA-G_6	0	0	0
HCP5B_6	0	0	0
LOC124905394	0	0	0
HLA-H_6	0	0	0
HCG4B_5	0	1	0
HLA-A_6	4261	1	4261
HCG9_5	0	0	0
POLR1HASP_6	16	0	16
HLA-J_6	0	0	0
POLR1H_6	28	0	28
PPP1R11_6	159	0	160
RNF39_6	49	50	0
TRIM31_6	0	0	0
TRIM31-AS1_6	0	0	0
LOC124900227_6	0	0	0
TRIM40_6	0	0	0
TRIM10_6	0	0	0
TRIM15_6	0	0	0
TRIM26_6	0	0	0
HCG17_5	0	0	0
HLA-L_4	0	0	0
HCG18_5	0	0	0
TRIM39_5	0	0	0
TRIM39-RPP21_5	0	0	0
RPP21_5	0	0	0
LOC105375012_5	0	0	0
HLA-E_5	0	0	0
LINC02569_6	0	0	0
GNL1_6	0	0	0
PRR3_5	0	0	0
ABCF1_5	0	0	0
MIR877_5	0	0	0
PPP1R10_5	0	0	0
MRPS18B_5	0	0	0
ATAT1_5	0	0	0
C6orf136_5	0	0	0
DHX16_6	0	0	0
PPP1R18_6	1	0	1
NRM_6	0	0	0
MDC1_6	0	0	0
MDC1-AS1_6	0	0	0
TUBB_6	11	0	11
FLOT1_6	0	0	0
IER3-AS1_4	0	0	0
IER3_4	0	0	0
HCG20_4	0	0	0
LOC124905395	0	0	0
LINC00243_4	0	0	0
LINC02570_5	0	0	0
DDR1_6	0	0	0
MIR4640_5	0	0	0
GTF2H4_5	0	0	0
VARS2_5	0	0	0
SFTA2_5	0	0	0
LOC124901299_4	0	0	0
MUCL3_4	0	0	0
HCG21_4	0	0	0
MUC21_6	0	0	0
MUC22_6	0	0	0
HCG22_6	0	0	0
C6orf15_5	0	0	0
PSORS1C1_5	4	0	7
CDSN_5	3	6	0
PSORS1C2_5	7	7	0
CCHCR1_5	0	0	0
TCF19_5	0	0	0
POU5F1_5	0	0	0
PSORS1C3_5	0	0	0
HCG27_4	0	0	0
HLA-C_5	0	0	0
LINC02571_3	0	0	0
HLA-B_4	2	0	2
LOC105379656	0	0	0
LOC124901300_3	0	0	0
MICA-AS1_3	9	0	9
MICA_3	1	0	1
HCG26_4	0	0	0
MICB-DT_5	0	0	0
MICB_6	0	0	0
MCCD1_6	0	0	0
ATP6V1G2-DDX39B_6	0	0	0
DDX39B_6	0	0	0
SNORD117_6	0	0	0
SNORD84_5	0	0	0
DDX39B-AS1_5	0	0	0
ATP6V1G2_5	0	0	0
NFKBIL1_5	0	0	0
LOC100287329_5	0	0	0
LTA_5	0	0	0
TNF_6	0	0	0
LTB_6	0	0	0
LST1_6	0	0	0
NCR3_6	0	0	0
AIF1_4	0	0	0
PRRC2A_5	0	0	0
SNORA38_5	0	0	0
MIR6832_5	0	0	0
BAG6_5	0	0	0
APOM_5	0	0	0
C6orf47_5	0	0	0
GPANK1_5	0	0	0
CSNK2B_5	0	0	0
LY6G5B_5	0	0	0
LY6G5C_5	0	0	0
LOC105375019_5	0	0	0
ABHD16A_5	0	0	0
LOC105375018_4	0	0	0
MIR4646_5	0	0	0
LY6G6F-LY6G6D_5	0	0	0
LY6G6F_5	0	0	0
LY6G6E_5	0	0	0
LY6G6D_5	0	0	0
LY6G6C_5	0	0	0
MPIG6B_5	0	0	0
DDAH2_5	0	0	0
CLIC1_5	0	0	0
LOC105375020_2	0	0	0
MSH5-SAPCD1_6	0	0	0
MSH5_6	0	0	0
VARS1_5	0	0	0
LSM2_5	1	0	1
HSPA1L_4	0	0	0
HSPA1A_4	300	3	297
HSPA1B_4	94	0	94
SNHG32_4	0	0	0
SNORD48_4	0	0	0
SNORD52_4	0	0	0
NEU1_6	0	0	0
SLC44A4_5	0	0	0
EHMT2-AS1_5	0	0	0
EHMT2_5	0	0	0
C2_5	0	0	0
ZBTB12_4	14	0	14
C2-AS1_5	0	0	0
CFB_5	1	0	1
NELFE_4	0	0	0
MIR1236_3	0	0	0
SKIC2_4	0	0	0
DXO_4	0	0	0
WHR1_4	0	0	0
C4A_2	3	0	3
CYP21A2_4	0	0	0
TNXB_6	0	0	0
PRRT1_6	0	0	0
LOC100507547_6	0	0	0
PPT2_6	0	0	0
PPT2-EGFL8_6	0	0	0
EGFL8_5	0	0	0
AGPAT1_5	0	0	0
MIR6721_5	0	0	0
RNF5_5	0	0	0
MIR6833_5	0	0	0
AGER_5	0	0	0
PBX2_5	0	0	0
GPSM3_5	0	0	0
NOTCH4_5	0	0	0
TSBP1-AS1_6	0	0	0
TSBP1_6	0	0	0
HCG23_6	0	0	0
BTNL2_6	0	0	0
HLA-DRA_5	0	0	0
HLA-DRB3_2	0	0	0
HLA-DRB1_4	0	0	0
HLA-DQA1_5	0	0	0
HLA-DQB1_5	0	0	0
LOC102725019_6	0	0	0
HLA-DQA2_6	0	0	0
MIR3135B_6	0	0	0
HLA-DQB2_6	0	0	0
TAP2_6	0	0	0
PSMB8_6	0	0	0
PSMB8-AS1_6	0	0	0
TAP1_6	0	0	0
PSMB9_6	0	0	0
LOC124905396	0	0	0
LOC100294145_6	0	0	0
HLA-DMB_6	0	0	0
HLA-DMA_6	0	0	0
LOC124901302_5	0	0	0
BRD2_5	6	0	6
HLA-DOA_5	0	0	0
HLA-DPA1_6	0	0	0
HLA-DPB1_6	0	0	0
HLA-DPB2_6	0	0	0
LOC105375021_5	0	0	0
HCG24_4	0	0	0
COL11A2_5	0	0	0
RXRB_5	0	0	0
SLC39A7_5	0	0	0
HSD17B8_5	0	0	0
MIR219A1_5	0	0	0
RING1_5	0	0	0
LOC105375022_5	0	0	0
HCG25_5	0	0	0
VPS52_5	0	0	0
RPS18_4	1	0	1
B3GALT4_4	0	0	0
WDR46_4	0	0	0
MIR6873_4	0	0	0
PFDN6_4	0	0	0
MIR6834_4	0	0	0
RGL2_4	5	0	5
TAPBP_4	13	0	13
ZBTB22_4	0	0	0
DAXX_4	2	0	2
SMIM40_4	0	0	0
KIFC1_1	0	0	0
VSTM1_6	0	0	0
TARM1_6	0	0	0
OSCAR_6	0	0	0
NDUFA3_6	0	0	0
TFPT_6	0	0	0
LOC124905399	0	0	0
PRPF31_6	0	0	0
PRPF31-AS1_6	0	0	0
CNOT3_6	0	0	0
LOC102724273_6	0	0	0
LENG1_6	0	0	0
TMC4_6	0	0	0
MBOAT7_6	0	0	0
TSEN34_6	0	0	0
RPS9_6	0	0	0
LOC112268340	0	0	0
KIR3DL3_17	0	0	0
KIR2DL3_13	0	0	0
LOC101928804_16	0	0	0
KIR2DL1_11	0	0	0
KIR3DL2_19	0	0	0
NCR1_8	0	0	0
NLRP7_6	0	0	0
NLRP2_6	0	0	0
GP6-AS1_6	0	0	0
GP6_6	0	0	0
RDH13_6	0	0	0
EPS8L1_6	0	0	0
MUC4_7	0	0	0
MUC20_7	0	0	0
LOC124905401	0	0	0
MIR570HG_7	0	0	0
MIR570_7	0	0	0
SDHAP2_7	0	0	0
LOC105374297_7	0	0	0
TRA-AGC5-1_2	0	0	0
TRA-AGC7-1_2	0	0	0
TRT-AGT3-1_2	0	0	0
TRA-CGC4-1_2	0	0	0
TRV-AAC6-1_7	0	0	0
TRR-CCG1-1_7	0	0	0
TRK-TTT7-1_7	0	0	0
TRA-TGC6-1_7	0	0	0
TRF-GAA6-1_7	0	0	0
TRF-GAA5-1_7	0	0	0
TRA-TGC1-1_7	0	0	0
TRF-GAA1-1_7	0	0	0
TRA-AGC1-1_7	0	0	0
TRA-TGC7-1_7	0	0	0
TRF-GAA3-1_7	0	0	0
TRA-AGC6-1_7	0	0	0
TRA-TGC5-1_7	0	0	0
TRF-GAA4-1_7	0	0	0
TRA-AGC2-1_7	0	0	0
LINC01623_7	0	0	0
TRA-AGC2-2_7	0	0	0
TRR-CCG1-2_5	0	0	0
TRL-CAA1-1_5	0	0	0
HCG14_5	0	0	0
TRIM27_6	0	0	0
TRL-CAA1-2_5	0	0	0
TRQ-CTG1-3_5	0	0	0
TRL-AAG2-2_5	0	0	0
LINC01556_5	0	0	0
TRM-CAT3-1_5	0	0	0
TRK-TTT3-3_5	0	0	0
TRM-CAT3-2_5	0	0	0
TRF-GAA1-2_6	0	0	0
TRE-CTC1-6_6	0	0	0
HCG15_6	0	0	0
TRL-AAG3-1_6	0	0	0
ZNF311_6	8	0	8
LOC105375002_7	0	0	0
OR2W1-AS1_6	0	0	0
OR2W1_7	0	0	0
OR2B3_7	0	0	0
OR2J1_7	0	0	0
OR2J3_7	0	0	0
OR2J2_7	0	0	0
LINC03003_6	0	0	0
LOC105375005_5	0	0	0
OR14J1_6	0	0	0
OR5V1_4	0	0	0
OR12D3_5	0	0	0
OR12D2_5	0	0	0
OR12D1_6	0	0	0
OR11A1_7	0	0	0
OR10C1_7	0	0	0
OR2H1_7	0	0	0
LOC105375008_7	0	0	0
LOC124905400	0	0	0
MAS1L_7	0	0	0
LINC02829_7	0	0	0
LINC01015_7	0	0	0
OR2I1_7	0	0	0
GABBR1_7	0	0	0
MOG_7	0	0	0
ZFP57_7	0	0	0
HLA-F_6	0	0	0
HLA-F-AS1_6	0	0	0
IFITM4P_6	0	0	0
LOC105379663	0	0	0
HCG4_7	0	0	0
HLA-V_7	0	0	0
HLA-G_7	0	0	0
LOC105375010_6	0	0	0
HCP5B_7	0	0	0
HLA-H_7	0	0	0
HCG4B_6	0	0	0
HLA-A_7	10	0	10
HCG9_6	0	0	0
POLR1HASP_7	0	0	0
HLA-J_7	0	0	0
POLR1H_7	0	0	0
PPP1R11_7	0	0	0
RNF39_7	0	0	0
TRIM31_7	0	0	0
TRIM31-AS1_7	0	0	0
LOC124900227_7	0	0	0
TRIM40_7	0	0	0
TRIM10_7	0	0	0
TRIM15_7	0	0	0
TRIM26_7	0	0	0
HCG17_6	0	0	0
HLA-L_5	0	0	0
HCG18_6	0	0	0
TRIM39_6	0	0	0
TRIM39-RPP21_6	0	0	0
RPP21_6	0	0	0
LOC105375012_6	0	0	0
HLA-E_6	0	0	0
LINC02569_7	0	0	0
GNL1_7	0	0	0
PRR3_6	0	0	0
ABCF1_6	0	0	0
MIR877_6	0	0	0
PPP1R10_6	0	0	0
MRPS18B_6	0	0	0
ATAT1_6	0	0	0
C6orf136_6	0	0	0
DHX16_7	0	0	0
LOC107987457	0	0	0
MDC1_7	0	0	0
MDC1-AS1_7	0	0	0
TUBB_7	0	0	0
FLOT1_7	0	0	0
IER3-AS1_5	0	0	0
IER3_5	0	0	0
HCG20_5	0	0	0
LINC00243_5	1	0	1
MUC22_7	0	0	0
HCG22_7	0	0	0
TCF19_6	0	0	0
POU5F1_6	0	0	0
PSORS1C3_6	1	0	1
HCG27_5	0	0	0
HLA-C_6	0	0	0
LINC02571_4	0	0	0
HLA-B_5	0	0	0
MIR6891_3	0	0	0
LOC105379664	0	0	0
LOC124901300_4	0	0	0
MICA-AS1_4	0	0	0
MICA_4	0	0	0
LINC01149_3	0	0	0
HCP5_3	0	0	0
HCG26_5	5	0	5
MICB-DT_6	0	0	0
MICB_7	0	0	0
MCCD1_7	0	0	0
ATP6V1G2-DDX39B_7	0	0	0
DDX39B_7	0	0	0
SNORD117_7	0	0	0
SNORD84_6	0	0	0
DDX39B-AS1_6	0	0	0
ATP6V1G2_6	0	0	0
NFKBIL1_6	0	0	0
LOC100287329_6	0	0	0
LTA_6	0	0	0
TNF_7	0	0	0
LTB_7	0	0	0
LST1_7	0	0	0
NCR3_7	0	0	0
AIF1_5	0	0	0
PRRC2A_6	0	0	0
SNORA38_6	0	0	0
MIR6832_6	0	0	0
BAG6_6	0	0	0
APOM_6	0	0	0
C6orf47_6	0	0	0
GPANK1_6	0	0	0
CSNK2B_6	0	0	0
LY6G5B_6	0	0	0
LY6G5C_6	0	0	0
LOC105375019_6	0	0	0
ABHD16A_6	0	0	0
LOC105375018_5	0	0	0
MIR4646_6	0	0	0
LY6G6F-LY6G6D_6	0	0	0
LY6G6F_6	0	0	0
LY6G6E_6	0	0	0
LY6G6D_6	0	0	0
LY6G6C_6	0	0	0
MPIG6B_6	0	0	0
DDAH2_6	0	0	0
CLIC1_6	0	0	0
MSH5-SAPCD1_7	0	0	0
MSH5_7	0	0	0
SAPCD1_5	0	0	0
SAPCD1-AS1_5	0	0	0
VWA7_5	0	0	0
VARS1_6	0	0	0
NEU1_7	0	0	0
SLC44A4_6	0	0	0
EHMT2-AS1_6	0	0	0
EHMT2_6	0	0	0
C2_6	0	0	0
C2-AS1_6	0	0	0
CFB_6	0	0	0
NELFE_5	0	0	0
MIR1236_4	0	0	0
SKIC2_5	0	0	0
DXO_5	0	0	0
WHR1_5	0	0	0
C4B_2_1	0	0	0
CYP21A1P_2	0	0	0
TNXA_3	0	0	0
C4B_3	0	0	0
CYP21A2_5	0	0	0
TNXB_7	0	0	0
PRRT1_7	0	0	0
LOC100507547_7	0	0	0
PPT2_7	0	0	0
PPT2-EGFL8_7	0	0	0
EGFL8_6	0	0	0
AGPAT1_6	0	0	0
MIR6721_6	0	0	0
RNF5_6	0	0	0
MIR6833_6	0	0	0
AGER_6	0	0	0
PBX2_6	1	0	1
GPSM3_6	0	0	0
NOTCH4_6	0	0	0
TSBP1-AS1_7	0	0	0
TSBP1_7	0	0	0
HCG23_7	0	0	0
BTNL2_7	0	0	0
HLA-DRA_6	0	0	0
HLA-DRB4_2	0	0	0
HLA-DRB1_5	0	0	0
HLA-DQA1_6	0	0	0
HLA-DQB1_6	0	0	0
LOC102725019_7	0	0	0
HLA-DQA2_7	0	0	0
MIR3135B_7	0	0	0
HLA-DQB2_7	0	0	0
HLA-DOB_5	0	0	0
TAP2_7	0	0	0
PSMB8_7	0	0	0
PSMB8-AS1_7	0	0	0
TAP1_7	0	0	0
PSMB9_7	0	0	0
LOC100294145_7	0	0	0
HLA-DMB_7	0	0	0
HLA-DMA_7	0	0	0
LOC124901302_6	0	0	0
BRD2_6	0	0	0
HLA-DOA_6	0	0	0
HLA-DPA1_7	0	0	0
HLA-DPB1_7	0	0	0
HLA-DPB2_7	0	0	0
LOC105375021_6	0	0	0
COL11A2_6	0	0	0
LOC105375022_6	0	0	0
HCG25_6	0	0	0
VPS52_6	0	0	0
RPS18_5	0	0	0
SMIM40_5	0	0	0
KIFC1_2	2	0	2
PHF1_1	83	0	83
CUTA_1	0	0	0
SYNGAP1_1	12	1	11
SYNGAP1-AS1_1	0	0	0
MIR5004_1	0	0	0
ZBTB9_1	20	0	20
VSTM1_7	0	0	0
TARM1_7	0	0	0
OSCAR_7	0	0	0
NDUFA3_7	0	0	0
TFPT_7	0	0	0
PRPF31_7	0	0	0
PRPF31-AS1_7	0	0	0
CNOT3_7	0	0	0
LOC102724273_7	0	0	0
LENG1_7	0	0	0
TMC4_7	0	0	0
MBOAT7_7	0	0	0
TSEN34_7	0	0	0
RPS9_7	116	0	116
LOC124905402	0	0	0
LOC102725035	0	0	0
LOC107985279_2	0	0	0
LILRA6_2	0	0	0
LOC107987463_2	0	0	0
LILRB5_2	0	0	0
LAIR1_2	3	0	3
LILRB2_2	0	0	0
TTYH1_2	0	0	0
LENG8-AS1_2	0	0	0
LENG8_2	0	0	0
LENG9_2	0	0	0
CDC42EP5_2	0	0	0
LAIR2_2	0	0	0
LOC105372460_2	0	0	0
KIR3DX1_2	0	0	0
LOC105372461_2	0	0	0
LOC107985347_1	0	0	0
LILRA2_2	0	0	0
LILRA1_2	0	0	0
LILRB1_2	0	0	0
LILRB4_2	0	0	0
MIR8061_2	0	0	0
LOC102724290	0	0	0
LILRP2_16	0	0	0
KIR3DL3_18	0	0	0
KIR2DL3_14	0	0	0
LOC101928804_17	0	0	0
KIR2DL1_12	0	0	0
KIR2DL4_13	0	0	0
KIR3DL1_11	0	0	0
KIR2DS4_12	0	0	0
KIR3DL2_20	0	0	0
FCAR_4	0	0	0
NCR1_9	0	0	0
NLRP7_7	0	0	0
NLRP2_7	0	0	0
GP6-AS1_7	0	0	0
GP6_7	0	0	0
RDH13_7	0	0	0
EPS8L1_7	0	0	0
HLA-DRA_7	0	0	0
BTNL2_8	0	0	0
TSBP1-AS1_8	0	0	0
HCG23_8	0	0	0
VSTM1_8	0	0	0
TARM1_8	0	0	0
OSCAR_8	0	0	0
NDUFA3_8	0	0	0
TFPT_8	0	0	0
PRPF31_8	0	0	0
PRPF31-AS1_8	0	0	0
CNOT3_8	0	0	0
LOC102724273_8	0	0	0
LENG1_8	0	0	0
TMC4_8	0	0	0
MBOAT7_8	0	0	0
TSEN34_8	0	0	0
RPS9_8	0	0	0
LOC124905652	0	0	0
LILRA6_3	0	0	0
LOC124905651	0	0	0
LOC107987463_3	0	0	0
LILRB5_3	0	0	0
LILRB2_3	0	0	0
MIR4752_3	0	0	0
LILRA3_2	0	0	0
LILRA5_3	0	0	0
LILRA4_2	0	0	0
LAIR1_3	0	0	0
LOC107987461	0	0	0
LILRB4_3	0	0	0
MIR8061_3	0	0	0
LILRP2_17	0	0	0
KIR3DL3_19	0	0	0
KIR2DS2_1	0	0	0
KIR2DL2_2	0	0	0
NCR1_10	0	0	0
NLRP7_8	0	0	0
NLRP2_8	0	0	0
GP6-AS1_8	0	0	0
GP6_8	0	0	0
RDH13_8	0	0	0
EPS8L1_8	0	0	0
VSTM1_9	0	0	0
TARM1_9	0	0	0
OSCAR_9	0	0	0
NDUFA3_9	0	0	0
TFPT_9	0	0	0
LOC124905653	0	0	0
PRPF31_9	0	0	0
PRPF31-AS1_9	0	0	0
CNOT3_9	0	0	0
LOC102724273_9	0	0	0
LENG1_9	0	0	0
TMC4_9	0	0	0
MBOAT7_9	0	0	0
TSEN34_9	0	0	0
RPS9_9	0	0	0
LOC124905654	0	0	0
LOC107987462	0	0	0
LOC107985279_3	0	0	0
LILRA6_4	0	0	0
LOC107987463_4	0	0	0
LILRB5_4	0	0	0
LILRB2_4	0	0	0
MIR4752_4	0	0	0
LILRA3_3	0	0	0
LILRA5_4	0	0	0
LILRA4_3	0	0	0
LAIR1_4	1	0	1
TTYH1_3	0	0	0
LENG8-AS1_3	0	0	0
LENG8_3	0	0	0
LENG9_3	0	0	0
CDC42EP5_3	0	0	0
LAIR2_3	0	0	0
LOC105372460_3	0	0	0
KIR3DX1_3	0	0	0
LOC105372461_3	0	0	0
LOC107985347_2	0	0	0
LILRA2_3	0	0	0
LILRA1_3	0	0	0
LILRB1_3	0	0	0
LILRB4_4	0	0	0
MIR8061_4	0	0	0
LILRP2_18	0	0	0
KIR3DL3_20	0	0	0
KIR2DL3_15	0	0	0
LOC101928804_18	0	0	0
KIR2DL1_13	0	0	0
KIR2DL4_14	0	0	0
KIR3DL1_12	0	0	0
KIR2DS4_13	0	0	0
KIR3DL2_21	0	0	0
FCAR_5	0	0	0
NCR1_11	0	0	0
NLRP7_9	0	0	0
NLRP2_9	0	0	0
GP6-AS1_9	0	0	0
GP6_9	0	0	0
RDH13_9	0	0	0
EPS8L1_9	0	0	0
KIR3DL2_22	0	0	0
KIR2DS1_6	0	0	0
LOC102725023_1	0	0	0
KIR2DL5A_2	0	0	0
KIR3DS1_2	0	0	0
KIR2DL4_15	0	0	0
KIR2DL1_14	0	0	0
LOC101928804_19	0	0	0
KIR2DS3_1	0	0	0
KIR2DL5B_1	0	0	0
KIR2DS2_2	0	0	0
KIR3DL3_21	0	0	0
LILRP2_19	0	0	0
KIR3DL2_23	0	0	0
KIR2DS4_14	0	0	0
KIR3DL1_13	0	0	0
KIR2DL4_16	0	0	0
KIR2DL1_15	0	0	0
LOC101928804_20	0	0	0
KIR2DL3_16	0	0	0
KIR3DL3_22	0	0	0
LILRP2_20	0	0	0
KIR3DL2_24	0	0	0
KIR2DS4_15	0	0	0
KIR3DL1_14	0	0	0
KIR2DL4_17	0	0	0
LOC128966727	0	0	0
KIR2DL2_3	0	0	0
KIR2DS2_3	0	0	0
KIR3DL3_23	0	0	0
LILRP2_21	0	0	0
KIR3DL2_25	0	0	0
KIR2DS4_16	0	0	0
KIR3DL1_15	0	0	0
KIR2DL4_18	0	0	0
KIR2DL1_16	0	0	0
LOC101928804_21	0	0	0
KIR2DL3_17	0	0	0
KIR3DL3_24	0	0	0
LILRP2_22	0	0	0
KIR3DL2_26	0	0	0
KIR2DS4_17	0	0	0
KIR3DL1_16	0	0	0
KIR2DL4_19	0	0	0
KIR2DL1_17	0	0	0
LOC101928804_22	0	0	0
KIR2DS3_2	0	0	0
KIR2DL5B_2	0	0	0
KIR2DS2_4	0	0	0
KIR3DL3_25	0	0	0
LILRP2_23	0	0	0
KIR3DL2_27	0	0	0
KIR2DS1_7	0	0	0
KIR2DS3_3	0	0	0
KIR2DL5A_3	0	0	0
KIR3DS1_3	0	0	0
KIR2DL4_20	0	0	0
KIR2DL1_18	0	0	0
LOC101928804_23	0	0	0
KIR2DL3_18	0	0	0
KIR3DL3_26	0	0	0
LILRP2_24	0	0	0
KIR3DL2_28	0	0	0
KIR2DS4_18	0	0	0
KIR3DL1_17	0	0	0
KIR2DL4_21	0	0	0
LOC128966728	0	0	0
KIR2DL2_4	0	0	0
KIR2DS2_5	0	0	0
KIR3DL3_27	0	0	0
LILRP2_25	0	0	0
KIR3DL2_29	0	0	0
KIR2DS4_19	0	0	0
KIR3DL1_18	0	0	0
KIR2DL4_22	0	0	0
KIR2DL1_19	0	0	0
LOC101928804_24	0	0	0
KIR2DL3_19	0	0	0
KIR3DL3_28	0	0	0
LILRP2_26	0	0	0
KIR3DL2_30	0	0	0
KIR2DS1_8	0	0	0
KIR2DS5_2	0	0	0
KIR2DL5A_4	0	0	0
KIR3DS1_4	0	0	0
KIR2DL4_23	0	0	0
LOC128966729	0	0	0
KIR2DL2_5	0	0	0
KIR2DS2_6	0	0	0
KIR3DL3_29	0	0	0
LILRP2_27	0	0	0
KIR3DL2_31	0	0	0
KIR2DS4_20	0	0	0
KIR3DL1_19	0	0	0
KIR2DL4_24	0	0	0
KIR2DL1_20	0	0	0
LOC101928804_25	0	0	0
KIR2DL3_20	0	0	0
KIR3DL3_30	0	0	0
LILRP2_28	0	0	0
KIR3DL2_32	0	0	0
KIR2DS4_21	0	0	0
KIR3DL1_20	0	0	0
KIR2DL4_25	0	0	0
KIR2DL1_21	0	0	0
LOC101928804_26	0	0	0
KIR2DS5_3	0	0	0
KIR2DL5B_3	0	0	0
KIR2DS2_7	0	0	0
KIR3DL3_31	0	0	0
LILRP2_29	0	0	0
KIR3DL2_33	0	0	0
KIR2DS4_22	0	0	0
KIR3DL1_21	0	0	0
KIR2DL4_26	0	0	0
KIR2DL1_22	0	0	0
LOC101928804_27	0	0	0
KIR2DL3_21	0	0	0
KIR3DL3_32	0	0	0
LILRP2_30	0	0	0
KIR3DL2_34	0	0	0
KIR2DS1_9	0	0	0
KIR2DS3_4	0	0	0
KIR2DL5A_5	0	0	0
KIR3DS1_5	0	0	0
KIR2DL4_27	0	0	0
LOC128966730	0	0	0
KIR2DL2_6	0	0	0
KIR2DS2_8	0	0	0
KIR3DL3_33	0	0	0
LILRP2_31	0	0	0
KIR3DL3_34	0	0	0
KIR2DL3_22	0	0	0
LOC101928804_28	0	0	0
KIR2DL1_23	0	0	0
KIR2DL4_28	0	0	0
KIR3DL1_22	0	0	0
KIR2DS4_23	0	0	0
KIR3DL2_35	0	0	0
FCAR_6	0	0	0
NCR1_12	0	0	0
LILRP2_32	0	0	0
KIR3DL3_35	0	0	0
KIR2DL3_23	0	0	0
LOC101928804_29	0	0	0
KIR2DL1_24	0	0	0
KIR2DL4_29	0	0	0
KIR3DL1_23	0	0	0
KIR3DL2_36	0	0	0
KIR2DS4_24	0	0	0
KIR3DL1_24	0	0	0
KIR2DL4_30	0	0	0
KIR2DL1_25	0	0	0
LOC101928804_30	0	0	0
KIR2DL3_24	0	0	0
KIR3DL3_36	0	0	0
LILRP2_33	0	0	0
LILRP2_34	0	0	0
KIR3DL3_37	0	0	0
KIR2DL3_25	0	0	0
LOC101928804_31	0	0	0
KIR2DL1_26	0	0	0
KIR2DL4_31	0	0	0
KIR3DL1_25	0	0	0
KIR2DS4_25	0	0	0
KIR3DL2_37	0	0	0
FCAR_7	0	0	0
NCR1_13	0	0	0
LILRP2_35	0	0	0
KIR3DL3_38	0	0	0
KIR2DS2_9	0	0	0
KIR2DL5B_4	0	0	0
KIR2DS3_5	0	0	0
LOC101928804_32	0	0	0
KIR2DL1_27	0	0	0
KIR2DL4_32	0	0	0
KIR3DS1_6	0	0	0
KIR2DL5A_6	0	0	0
LOC102725023_2	0	0	0
KIR2DS1_10	0	0	0
KIR3DL2_38	0	0	0
FCAR_8	0	0	0
NCR1_14	0	0	0
KIR3DL3_39	0	0	0
KIR2DL3_26	0	0	0
LOC101928804_33	0	0	0
KIR2DL1_28	0	0	0
KIR2DL4_33	0	0	0
KIR3DL1_26	0	0	0
KIR2DS4_26	0	0	0
KIR3DL2_39	0	0	0
FCAR_9	0	0	0
NCR1_15	0	0	0
LILRP2_36	0	0	0
KIR3DL3_40	0	0	0
KIR2DS2_10	0	0	0
KIR2DL2_7	0	0	0
LOC128966731	0	0	0
KIR2DL4_34	0	0	0
KIR3DL1_27	0	0	0
KIR2DS4_27	0	0	0
KIR3DL2_40	0	0	0
FCAR_10	0	0	0
NCR1_16	0	0	0
KIR3DL3_41	0	0	0
KIR2DL3_27	0	0	0
LOC101928804_34	0	0	0
KIR2DL1_29	0	0	0
KIR2DL4_35	0	0	0
KIR3DL1_28	0	0	0
KIR2DS4_28	0	0	0
KIR3DL2_41	0	0	0
FCAR_11	0	0	0
NCR1_17	0	0	0
KIR3DL2_42	0	0	0
KIR2DS4_29	0	0	0
KIR3DL1_29	0	0	0
KIR2DL4_36	0	0	0
LOC128966732	0	0	0
KIR2DL1_30	0	0	0
LOC101928804_35	0	0	0
KIR2DS5_4	0	0	0
KIR2DL5B_5	0	0	0
KIR2DL3_28	0	0	0
KIR3DL3_42	0	0	0
LILRP2_37	0	0	0
KIR3DL2_43	0	0	0
KIR2DS4_30	0	0	0
KIR3DL1_30	0	0	0
KIR2DL4_37	0	0	0
KIR2DL1_31	0	0	0
LOC101928804_36	0	0	0
KIR2DL3_29	0	0	0
KIR3DL3_43	0	0	0
LILRP2_38	0	0	0
KIR3DL2_44	0	0	0
KIR2DS4_31	0	0	0
KIR3DL1_31	0	0	0
KIR2DL4_38	0	0	0
KIR2DL1_32	0	0	0
LOC101928804_37	0	0	0
KIR2DS5_5	0	0	0
KIR2DL5B_6	0	0	0
KIR2DS2_11	0	0	0
KIR3DL3_44	0	0	0
LILRP2_39	0	0	0
KIR3DL2_45	0	0	0
KIR2DS4_32	0	0	0
KIR3DL1_32	0	0	0
KIR2DL4_39	0	0	0
KIR2DL1_33	0	0	0
LOC101928804_38	0	0	0
KIR2DL3_30	0	0	0
KIR3DL3_45	0	0	0
LILRP2_40	0	0	0
KIR3DL2_46	0	0	0
KIR2DS1_11	0	0	0
KIR2DS5_6	0	0	0
KIR2DL5A_7	0	0	0
KIR3DS1_7	0	0	0
KIR2DL4_40	0	0	0
LOC128966733	0	0	0
KIR2DL2_8	0	0	0
KIR2DS2_12	0	0	0
KIR3DL3_46	0	0	0
LILRP2_41	0	0	0
TRNF	0	0	0
RNR1	9978	2	9977
TRNV	0	0	0
RNR2	165467	58	165410
TRNL1	0	0	0
ND1	67888	129	67763
TRNI	0	0	0
TRNQ	0	196	7
TRNM	0	0	0
ND2	68179	101	68081
TRNW	0	0	0
TRNA	0	5	1
TRNN	0	5	0
TRNC	0	0	0
TRNY	0	1469	1
COX1	349562	226	376970
TRNS1	0	18446	16
TRND	0	0	0
COX2	118043	121	117925
TRNK	0	0	0
ATP8	42	0	42
ATP6	59415	151	59267
COX3	102113	649	101465
TRNG	0	0	0
ND3	3134	226	2908
TRNR	0	0	0
ND4L	7447	20	7428
ND4	222429	844	221591
TRNH	0	0	0
TRNS2	0	0	0
TRNL2	0	0	0
ND5	67663	5235	80716
ND6	10678	27975	943
TRNE	0	73	5
CYTB	75738	237	75709
TRNT	0	3	23
TRNP	2341	2457	5
