N_unmapped	810285	810285	810285
N_multimapping	1630511	1630511	1630511
N_noFeature	869404	18463766	974856
N_ambiguous	1466641	82361	623459
DDX11L1	0	0	0
WASH7P	378	0	378
MIR6859-1	0	0	0
MIR1302-2HG	0	0	0
MIR1302-2	0	0	0
FAM138A	0	0	0
OR4F5	0	0	0
LOC124903816	0	0	0
LOC124900384	3	0	3
LOC729737	4	0	4
LOC124903814	0	0	0
DDX11L17	0	0	0
WASH9P	87	0	87
MIR6859-2	0	0	0
LOC127239154	1	0	1
LOC124903815	0	0	0
LOC124900618	0	0	0
LOC112268260	0	0	0
OR4F29	0	0	0
LOC100132287	0	0	0
LOC124904706	0	0	0
LOC105378947	1	0	1
LOC101928626	0	0	0
MIR12136	1	1	0
OR4F16	0	0	0
LOC100288069	111	1	110
LINC01409	11	2	9
LOC124903817	5	5	0
FAM87B	3	3	0
LINC00115	36	0	36
LINC01128	147	2	145
LOC107984850	0	0	0
FAM41C	0	0	0
LOC284600	268	368	253
LINC02593	149	13	344
LOC107985728	182	10	322
SAMD11	1328	260	1536
NOC2L	2625	224	2861
KLHL17	470	8	462
PLEKHN1	98	8	114
PERM1	19	43	0
HES4	1409	9	1402
ISG15	15165	10	15157
AGRN	10148	2	10146
LOC100288175	82	19	101
LOC105378948	19	30	27
RNF223	91	0	91
C1orf159	565	1	564
LOC124903819	0	0	0
LOC124903820	0	0	0
LINC01342	0	0	0
MIR200BHG	0	0	0
MIR200B	0	0	0
MIR200A	0	0	0
MIR429	0	0	0
TTLL10-AS1	0	0	0
TTLL10	0	0	0
TNFRSF18	0	0	0
TNFRSF4	0	0	0
SDF4	5204	1	5204
B3GALT6	522	3	520
C1QTNF12	39	29	10
UBE2J2	770	0	770
LINC01786	18	0	18
SCNN1D	89	0	89
ACAP3	930	1	929
MIR6726	0	0	0
SNORD167	0	0	0
PUSL1	393	14	400
INTS11	1336	43	1314
MIR6727	0	0	0
CPTP	664	5	659
TAS1R3	21	9	13
DVL1	1760	12	1749
MIR6808	0	0	0
MXRA8	93	93	0
AURKAIP1	1575	3	1572
CCNL2	2520	0	2520
MRPL20-AS1	329	121	336
MRPL20	857	10	975
MRPL20-DT	61	0	61
ANKRD65	1	0	1
ANKRD65-AS1	0	0	0
TMEM278	0	0	0
LINC01770	0	0	0
LOC107985729	0	0	0
VWA1	1	0	1
ATAD3C	1	0	1
ATAD3B	571	0	571
ATAD3A	1016	1	1015
TMEM240	1	0	1
SSU72	1433	0	1433
SSU72-AS1	2	0	2
FNDC10	0	0	0
LOC105378586	0	0	0
MIB2	167	55	677
LOC124903821	7	572	0
MMP23B	13	0	13
CDK11B	810	4	806
SLC35E2B	903	6	897
MMP23A	0	0	0
CDK11A	305	2	303
SLC35E2A	243	4	240
LOC112268218	0	198	0
NADK	2340	2	2535
GNB1	2571	1	2572
GNB1-DT	4	2	4
LOC124903822	13	0	13
CALML6	1	0	1
TMEM52	9	0	9
CFAP74	2	0	2
LOC107984872	1	0	1
LOC105378589	0	0	0
GABRD	0	0	0
LOC105378590	0	0	0
PRKCZ	153	51	232
PRKCZ-DT	0	0	0
PRKCZ-AS1	14	10	6
FAAP20	321	97	388
LOC112268219	35	48	4
LOC105378593	4	8	12
LOC124903823	2	3	3
SKI	682	1	681
LOC124903824	2	1	1
MORN1	198	0	198
LOC100129534	83	0	83
RER1	1473	165	1792
PEX10	226	319	391
PLCH2	5	0	5
PANK4	0	0	0
HES5	0	0	0
TNFRSF14-AS1	0	0	0
TNFRSF14	0	0	0
LOC100996583	0	0	0
PRXL2B	0	0	0
MMEL1	0	0	0
MMEL1-AS1	0	0	0
TTC34	0	0	0
LOC105378602	0	0	0
LOC105378601	0	0	0
LOC112268220	0	0	0
LOC107985732	0	0	0
LOC105378600	0	0	0
LOC105378598	0	0	0
LOC107984904	0	0	0
LOC105378599	0	0	0
LOC124903825	0	0	0
LOC124903826	0	0	0
ACTRT2	0	0	0
LOC124903827	0	0	0
PRDM16-DT	0	0	0
PRDM16	3	0	3
MIR4251	0	0	0
LOC105378606	0	0	0
LOC107984909	0	0	0
LOC105378605	0	0	0
LOC124903828	0	0	0
LOC105378604	0	0	0
ARHGEF16	605	0	605
MEGF6	685	2	683
LOC105378608	0	0	0
MIR551A	0	0	0
TPRG1L	536	0	536
WRAP73	284	0	284
TP73	3	10	3
TP73-AS3	1	0	1
TP73-AS2	0	0	0
GFOD3P	380	0	390
CCDC27	1	1	0
SMIM1	22	0	22
LRRC47	903	10	893
CEP104	307	1	306
LOC124903829	1	0	1
DFFB	104	0	104
C1orf174	225	0	225
LINC01134	5	0	5
LINC01346	0	0	0
LINC01345	0	0	0
LINC02780	0	0	0
LINC01777	0	0	0
LOC105376674	0	0	0
LOC124904578	0	0	0
LINC01646	0	0	0
AJAP1	0	0	0
LINC02781	0	0	0
LOC124904589	0	0	0
LOC102724429	0	0	0
LINC02782	0	0	0
LOC105376682	0	0	0
LOC124904590	0	0	0
LOC107984911	0	0	0
LOC105376686	0	0	0
LOC124900451	0	0	0
LOC124903830	0	0	0
MIR4689	0	0	0
NPHP4	411	0	411
KCNAB2	472	0	472
LOC124903831	1	0	1
CHD5	7	0	7
RPL22	4319	0	4319
RNF207-AS1	11	0	11
RNF207	335	7	339
ICMT	1504	20	1495
ICMT-DT	15	0	15
HES3	0	0	0
GPR153	539	1	538
ACOT7	939	5	934
HES2	307	0	307
ESPN	306	8	311
MIR4252	0	0	0
TNFRSF25	61	14	60
PLEKHG5	193	2	191
NOL9	289	0	289
TAS1R1	1	1	0
LOC107984912	0	0	0
ZBTB48	243	0	243
KLHL21	540	0	540
LOC107984913	2	0	2
PHF13	482	0	482
THAP3	186	701	194
DNAJC11	832	9	1532
LINC01672	0	0	0
LOC124904847	0	0	0
CAMTA1-DT	4	0	4
CAMTA1	439	1	438
LOC124903832	6	0	6
CAMTA1-AS3	0	0	0
CAMTA1-IT1	0	0	0
CAMTA1-AS2	0	0	0
CAMTA1-AS1	0	0	0
LOC105376691	0	0	0
LOC105376689	0	0	0
VAMP3	1654	0	1654
PER3	58	0	70
LOC124903833	1	13	0
UTS2	0	0	0
TNFRSF9	12	0	12
PARK7	3616	1	3615
LOC124903834	7	0	7
ERRFI1	1058	1	1057
ERRFI1-DT	4	0	4
LOC107984915	1	0	1
LINC01714	2	0	2
LOC105376695	4	0	4
LINC03154	0	0	0
SLC45A1	0	0	0
RERE	1003	0	1003
RERE-AS1	1	1	0
SNORD128	0	0	0
LOC124900452	0	0	0
ENO1	52975	9	52977
MIR6728	0	0	0
ENO1-AS1	17	24	4
LINC03153	0	0	0
CA6	0	0	0
SLC2A7	3	0	3
SLC2A5	51	0	51
LOC124900441	0	0	0
GPR157	339	2	337
MIR34AHG	92	2	93
MIR34A	0	0	0
LNCTAM34A	5	1	7
H6PD	1070	2	1068
LOC124903836	3	2	1
SPSB1	322	0	322
LINC02606	6	0	6
SLC25A33	219	0	219
TMEM201	423	0	423
LOC124903837	1	0	1
PIK3CD	83	34	88
LOC105376712	0	0	0
PIK3CD-AS1	0	0	0
PIK3CD-AS2	1	0	1
LOC124903839	0	5	0
CLSTN1	2973	4	3003
CTNNBIP1	96	0	186
CTNNBIP1-AS1	0	47	0
LOC105376717	0	43	0
LOC124903838	3	0	3
LZIC	305	3	311
NMNAT1	177	9	177
TMEM274P	1	1	0
MIR5697	0	0	0
LOC124903840	0	0	0
RBP7	0	0	0
UBE4B	923	0	923
KIF1B	813	7	806
PGD	2925	2	2923
CENPS-CORT	0	0	0
CENPS	2	0	2
CORT	5	4	1
DFFA	1071	0	1071
PEX14	456	1	455
CASZ1	188	1	187
LOC105376733	0	0	0
LOC105376735	0	0	0
CIROZ	1	0	1
TARDBP	3384	4	3389
MASP2	9	18	0
SRM	1591	0	1591
EXOSC10	1839	22	1925
EXOSC10-AS1	0	89	19
MTOR	1695	2	1777
MTOR-AS1	0	82	0
LOC124904848	0	0	0
ANGPTL7	0	2	0
UBIAD1	341	0	341
LOC105376737	0	0	0
LOC105376739	0	0	0
LOC105376740	0	0	0
LOC124903841	0	0	0
DISP3	5	0	5
LOC124903842	0	0	0
LINC01647	0	0	0
FBXO2	82	2	89
FBXO44	182	12	180
FBXO6	7	7	0
MAD2L2	822	1	822
DRAXIN	1	0	1
AGTRAP	706	4	702
C1orf167	0	106	60
C1orf167-AS1	0	0	0
MTHFR	154	60	260
CLCN6	221	0	221
NPPA-AS1	3	0	3
NPPA	0	0	0
NPPB	0	0	0
RNU5E-1	1	0	1
LOC124903843	2	2	0
KIAA2013	2058	2	2056
PLOD1	4817	4	4813
MFN2	2631	0	2631
MIIP	825	0	825
MIR6729	0	0	0
TNFRSF8	48	0	48
MIR7846	0	0	0
TNFRSF1B	1	0	1
LOC124903844	0	0	0
MIR4632	0	0	0
VPS13D	1012	0	1012
LOC124903845	0	0	0
SNORA59A	3	0	3
LINC02766	0	0	0
DHRS3	772	0	772
MIR6730	0	0	0
AADACL4	0	0	0
LOC124903846	2	0	2
AADACL3	0	0	0
LOC124904811	0	0	0
CFAP107	0	0	0
PRAMEF12	0	0	0
PRAMEF1	0	0	0
LINC01784	0	0	0
PRAMEF11	0	0	0
HNRNPCL1	0	0	0
PRAMEF2	0	0	0
PRAMEF4	0	0	0
PRAMEF10	0	0	0
PRAMEF7	0	0	0
PRAMEF6	0	0	0
PRAMEF27	0	0	0
HNRNPCL3	0	0	0
PRAMEF25	0	0	0
PRAMEF34P	0	0	0
HNRNPCL2	0	0	0
PRAMEF36P	0	0	0
PRAMEF26	0	0	0
HNRNPCL4	0	0	0
PRAMEF9	0	0	0
PRAMEF13	0	0	0
PRAMEF18	0	0	0
PRAMEF5	0	0	0
PRAMEF8	0	0	0
PRAMEF33	0	0	0
PRAMEF15	0	0	0
PRAMEF14	0	0	0
PRAMEF19	0	0	0
PRAMEF17	0	0	0
PRAMEF20	0	0	0
LRRC38	0	0	0
LOC102724856	0	0	0
LOC107984918	0	0	0
PDPN	0	0	0
LOC105378612	0	0	0
LOC105376756	0	0	0
LOC124900446	0	0	0
PRDM2	200	0	200
KAZN	33	12	33
LOC107985467	0	0	0
LOC124903847	0	0	0
KAZN-AS1	0	0	0
LOC124903850	0	0	0
LOC105376759	0	0	0
LOC124903848	0	0	0
LOC107985469	0	0	0
LOC124903849	0	0	0
TMEM51-AS1	2	0	14
TMEM51	170	3	167
TMEM51-AS2	0	0	0
FHAD1	21	23	24
LOC124903853	12	0	19
LOC124903852	12	0	12
FHAD1-AS1	5	16	7
LOC124903851	3	1	2
EFHD2-AS1	7	0	7
EFHD2	2822	0	2822
CTRC	1	1	0
CELA2A	0	0	0
LOC105376767	0	0	0
CELA2B	5	8	0
CASP9	686	1	688
DNAJC16	317	9	310
SCARNA21B	0	0	0
AGMAT	120	2	120
LOC124903854	1	0	1
DDI2	494	0	494
RSC1A1	0	0	0
PLEKHM2	1231	0	1231
SLC25A34	7	1	9
SLC25A34-AS1	0	2	1
TMEM82	4	0	4
FBLIM1	276	1	275
UQCRHL	398	1	397
SPEN-AS1	65	7	64
SPEN	1525	1	1530
LOC124904815	0	0	0
ZBTB17	349	3	346
LOC124903855	10	0	10
SRARP	0	0	0
HSPB7	949	7	942
CLCNKA	37	0	37
CLCNKB	4	4	0
FAM131C	151	0	151
EPHA2	1691	1	1690
EPHA2-AS1	21	0	21
ARHGEF19	0	0	0
ANO7L1	0	0	0
CPLANE2	0	0	0
FBXO42	0	0	0
SZRD1	0	0	0
SPATA21	0	0	0
NECAP2	0	0	0
LINC01772	0	0	0
CROCCP3	0	0	0
RNU1-1	0	0	0
TRN-GTT5-1	0	0	0
LINC01783	0	0	0
TRE-TTC4-1	0	0	0
LOC124903856	0	0	0
TRG-CCC1-1	0	0	0
NBPF1	29	0	29
CROCCP2	14	0	14
MST1P2	1	0	1
RNU1-3	0	0	0
LOC124903857	0	0	0
TRG-CCC4-1	0	0	0
ESPNP	0	0	0
LOC124903858	0	0	0
TRG-CCC5-1	0	0	0
LOC124903859	0	0	0
RNU1-4	0	0	0
MST1L	0	0	0
MIR3675	0	0	0
TRG-CCC1-2	0	0	0
LINC03126	0	0	0
TRE-TTC3-1	0	0	0
LOC105376805	0	0	0
TRN-GTT4-1	0	0	0
RNU1-2	0	0	0
CROCC	1	0	1
MFAP2	0	0	0
LOC105376806	0	0	0
ATP13A2	0	0	0
SDHB	1	0	1
PADI2	0	0	0
LOC124903861	0	0	0
LOC105376808	0	0	0
LINC02783	0	0	0
PADI1	0	0	0
PADI3	0	0	0
MIR3972	0	0	0
PADI4	0	0	0
PADI6	0	0	0
RCC2	0	0	0
RCC2-AS1	0	0	0
LOC124903862	0	0	0
LOC124904837	0	0	0
ARHGEF10L	556	0	556
LINC02810	0	0	0
ACTL8	46	0	46
LOC105376809	0	0	0
LOC105376812	0	0	0
LINC01654	0	0	0
IGSF21	0	0	0
IGSF21-AS1	0	0	0
LOC124903864	0	0	0
LOC124903863	0	0	0
LOC124903865	0	0	0
KLHDC7A	3	0	3
PAX7	0	0	0
TAS1R2	0	0	0
ALDH4A1	435	0	435
MIR4695	0	0	0
MIR1290	0	0	0
LOC124903866	0	0	0
IFFO2	156	0	156
LOC105376815	0	0	0
UBR4	4614	4	4610
EMC1-AS1	5	121	8
EMC1	1382	8	1498
MRTO4	1108	2	1106
AKR7L	22	3	19
AKR7A3	26	0	27
LOC124903867	6	8	0
LOC100506730	72	0	72
AKR7A2	713	0	714
SLC66A1	210	1	209
CAPZB	1824	1	1824
LOC124903868	0	0	0
LOC124903869	0	0	0
LOC105376819	2	3	0
LOC105376818	0	0	0
LOC105376817	0	0	0
LOC124904816	0	0	0
MICOS10-DT	0	0	0
MICOS10-NBL1	0	0	0
MICOS10	200	0	200
RPS14P3	26	0	26
NBL1	1	0	1
HTR6	1	0	1
TMCO4	507	0	507
RNF186	0	0	0
RNF186-AS1	0	0	0
LOC105376823	0	0	0
OTUD3	288	0	288
PLA2G2E	0	0	0
PLA2G2A	0	0	0
PLA2G5	0	0	0
PLA2G2D	0	0	0
PLA2G2F	0	0	0
LOC117779438	0	0	0
PLA2G2C	0	0	0
UBXN10	0	0	0
LOC105376825	0	0	0
LOC105376826	0	0	0
LINC01757	0	0	0
LOC105376828	0	0	0
VWA5B1	0	0	0
LOC124903870	0	0	0
LINC01141	0	0	0
LOC124903871	0	0	0
CAMK2N1	150	0	150
MUL1	576	0	576
FAM43B	0	0	0
CDA	1049	0	1049
PINK1	403	28	1811
MIR6084	0	0	0
PINK1-AS	13	1414	35
DDOST	2952	11	2941
KIF17	3	0	3
SH2D5	29	2	27
HP1BP3	2666	0	2666
EIF4G3	1481	0	1481
LOC105376830	2	2	0
LOC105376829	0	0	0
MIR1256	0	0	0
ECE1	2220	1	2220
LOC124903872	0	0	0
ECE1-AS1	0	1	0
LOC105376832	0	0	0
NBPF3	36	0	36
ALPL	0	0	0
LINC02596	0	0	0
RAP1GAP	281	0	281
USP48	1220	0	1220
LDLRAD2	4	1650	0
HSPG2	4583	3	6226
CELA3B	0	0	0
CELA3A	0	0	0
LINC01635	7	7	0
LINC00339	110	0	110
CDC42	2346	0	2346
WNT4	2	1	1
LOC105376845	3	0	3
LOC105376850	4	1	3
LOC107985377	0	0	0
MIR4418	0	0	0
LOC105376856	0	0	0
ZBTB40	604	0	604
EPHA8	1	0	1
MIR6127	0	0	0
C1QA	0	0	0
C1QC	0	0	0
C1QB	0	0	0
EPHB2	41	0	43
MIR4684	0	0	0
MIR4253	0	2	0
LOC124903874	0	0	0
LACTBL1	0	0	0
TEX46	3	0	3
KDM1A	2417	16	2401
MIR3115	0	0	0
LUZP1	843	1	842
HTR1D	96	0	96
LINC01355	0	0	0
HNRNPR	0	0	0
ZNF436	0	0	0
ZNF436-AS1	0	0	0
TCEA3	0	0	0
LOC124903875	0	0	0
ASAP3	0	0	0
E2F2	1	0	2
LOC101928163	0	1	0
LOC124903876	0	0	0
LOC105376859	0	0	0
ID3	0	0	0
LOC107984928	3	0	3
MDS2	1	0	1
RPL11	8544	4	8540
ELOA	594	39	698
ELOA-AS1	8	108	43
PITHD1	450	0	450
LOC105376860	1	2	0
LYPLA2	1309	1	1309
GALE	1189	0	1189
HMGCL	447	0	447
LOC105376861	0	0	0
FUCA1	279	0	279
CNR2	0	0	0
MIR378F	0	0	0
LOC124903877	0	0	0
PNRC2	1579	1	1578
SRSF10	2423	1	2422
LOC105378615	0	0	0
LOC105376863	5	0	5
LOC107984931	0	0	1
MYOM3	17	1	17
MYOM3-AS1	0	0	0
LOC124903878	0	0	0
LOC105376864	0	0	0
IL22RA1	26	0	26
LOC124903879	0	0	0
IFNLR1	0	0	0
LINC02800	0	0	0
GRHL3-AS1	0	0	0
GRHL3	3	0	3
STPG1	109	1	117
NIPAL3	260	8	261
RCAN3AS	0	0	4
RCAN3	144	4	161
NCMAP-DT	0	17	0
NCMAP	1	1	0
SRRM1	2420	2	2418
LOC124904829	0	0	0
CLIC4	2370	0	2370
LOC105376876	0	0	0
RUNX3	81	0	81
MIR6731	0	0	0
RUNX3-AS1	5	2	3
MIR4425	0	0	0
LINC02793	0	0	0
LOC124903880	0	0	0
SYF2	543	0	543
LOC124903881	10	0	10
RSRP1	720	5	740
LOC105376882	1	0	1
RHD	9	34	0
TMEM50A	1201	1	1220
LOC124904823	0	0	0
RHCE	4	20	4
MACO1	409	0	409
LDLRAP1	715	1	714
MAN1C1	13	0	13
SELENON	1280	3	1277
MTFR1L	271	14	591
LOC646471	21	157	0
AUNIP	248	196	250
PAQR7	273	7	266
STMN1	3019	1	3018
MIR3917	0	0	0
LOC105376885	0	0	0
PAFAH2	185	0	185
LOC124900433	0	0	0
EXTL1	6	6	0
SLC30A2	0	0	0
LOC105376910	0	0	0
TRIM63	1	0	1
PDIK1L	129	1	128
FAM110D	36	0	36
C1orf232	0	0	0
ZNF593OS	0	315	0
ZNF593	3	0	318
CNKSR1	333	1	332
CATSPER4	0	0	0
LOC124903882	0	1	1
ZPLD2P	0	0	1
CEP85	503	2	502
SH3BGRL3	1115	1	1114
UBXN11	799	0	799
CD52	0	0	0
CRYBG2	23	0	23
ZNF683	0	0	0
LIN28A	0	0	0
LOC124903883	3	0	3
DHDDS	374	5	370
DHDDS-AS1	1	1	1
HMGN2	2341	1	2340
LOC124903884	0	0	0
RPS6KA1	0	0	0
MIR1976	0	0	0
LOC124904769	0	0	0
LOC124904813	0	0	0
LOC105376888	0	0	0
LOC124900417	5	9	5
LOC101928728	0	0	0
ARID1A	1057	0	1066
PIGV	194	0	194
ZDHHC18	285	1	284
SFN	2814	2	2812
GPN2	415	0	440
GPN2-AS1	0	25	0
GPATCH3	134	4	164
NUDC	1888	30	1892
NR0B2	0	0	0
KDF1	0	0	0
OSTCP2	0	0	0
TRNP1	31	0	31
TENT5B	258	0	258
LOC101928391	0	0	0
SLC9A1	630	1	629
LOC102723760	0	0	0
WDTC1-DT	0	0	0
WDTC1	605	1	604
TMEM222	439	1	438
ACTG1P20	38	0	38
SYTL1	3	2	1
MAP3K6	491	0	491
FCN3	0	0	0
CD164L2	0	0	0
GPR3	24	2	22
WASF2	2343	0	2343
LOC105376892	1	0	1
AHDC1	612	1	611
FGR	0	0	0
LINC02574	0	0	0
IFI6	783	1	782
FAM76A	69	0	69
STX12	158	0	158
LOC124903885	0	69	0
PPP1R8	684	0	753
SCARNA1	0	0	0
THEMIS2	1	1	0
RPA2	922	0	922
SMPDL3B	46	0	46
XKR8	84	0	84
EYA3	285	0	285
PTAFR	6	0	6
DNAJC8	1597	0	1597
ATP5IF1	0	0	0
SESN2	0	0	0
MED18	0	0	0
PHACTR4	765	3	762
SNHG3	1080	0	1080
RCC1	1567	0	1567
SNORA73A	57	0	57
SNORA73B	59	0	59
LOC124904836	0	0	0
TRNAU1AP	462	1	462
SNHG12	304	1	303
SNORD99	14	1	13
SNORA61	0	0	0
SNORA44	0	0	0
SNORA16A	10	0	10
RAB42	531	0	531
TAF12	239	0	239
TAF12-DT	2	0	2
RNU11	0	0	0
GMEB1	168	0	168
LOC124904809	0	0	0
YTHDF2	1314	6	1308
OPRD1	0	0	0
EPB41	729	0	801
LOC124903886	0	0	0
TMEM200B	3	72	3
SRSF4	1330	15	1315
MECR	312	1	311
LOC124903887	3	3	0
PTPRU	1436	0	1436
LINC01756	0	0	0
LOC107984933	0	0	0
LOC107984934	0	0	0
LINC01648	0	0	0
LOC105378617	0	0	0
LOC105378618	0	0	0
LOC124903888	0	0	0
MATN1	4	22	1
MATN1-AS1	13	0	32
LAPTM5	22	1	21
MIR4420	0	0	0
LOC105378620	1	0	1
LOC105378621	0	0	0
LINC01778	0	0	0
LOC400748	0	0	0
SDC3	657	4	653
PUM1	1962	0	1962
SNORD103A	1	0	1
SNORD103B	4	0	4
SNORD103C	0	0	0
LOC124904579	0	0	0
LOC107984935	2	0	2
NKAIN1	7	0	7
SNRNP40	1285	0	1285
ZCCHC17	829	0	830
FABP3	30	22	9
LOC124903892	5	0	5
LOC105378623	0	0	0
SERINC2	1405	0	2088
LOC124903900	5	688	0
LOC105378625	0	0	0
LOC105379772	0	0	0
LDC1P	0	0	0
LINC01226	0	0	0
LOC124903917	3	0	3
LOC105378626	7	0	7
TINAGL1	287	0	287
HCRTR1	1	353	3
PEF1	434	3	888
PEF1-AS1	4	69	0
COL16A1	125	1	164
LOC101929444	1	2	1
ADGRB2	909	0	909
MIR4254	0	0	0
LOC124903930	0	0	0
SPOCD1	27	0	27
PTP4A2	6500	17	6483
LOC128031832	0	0	0
KHDRBS1	3746	2	3744
TMEM39B	341	0	341
MIR5585	0	0	0
KPNA6	2436	1	2435
TXLNA	683	2	681
CCDC28B	30	10	20
IQCC	132	13	119
DCDC2B	2	25	0
TMEM234	174	0	200
EIF3I	4097	139	4039
MTMR9LP	261	40	301
FAM167B	112	0	112
LCK	0	0	0
HDAC1	1752	5	1747
MARCKSL1	2286	1	2285
LOC124903949	3	3	0
LOC105378629	0	3	0
LOC124903933	27	0	30
FAM229A	102	0	118
TSSK3	133	154	1
BSDC1	1026	0	1032
ZBTB8B	0	0	0
ZBTB8A	258	4	255
LOC124903952	0	0	0
LOC102723870	22	0	22
ZBTB8OS	394	0	395
RBBP4	2044	281	3026
SYNC	133	1005	391
NHSL3	2539	6	2534
YARS1	3162	2	3164
S100PBP	856	6	854
FNDC5	0	1	0
LOC105378631	1	0	1
HPCA	1	0	1
TMEM54	6	0	6
LOC105378632	0	0	0
RNF19B	477	1	476
LOC107984936	0	0	0
AK2	5519	1	5518
LOC124903969	0	0	0
LOC105378635	0	0	0
AZIN2	4	17	0
ZNF362	474	0	474
TRIM62	154	0	167
A3GALT2	3	3	0
PHC2	950	2	948
MIR3605	0	0	0
PHC2-AS1	7	0	7
ZSCAN20	180	0	180
CSMD2	1	1	0
LOC124903976	0	0	0
HMGB4	0	0	0
CSMD2-AS1	0	0	0
C1orf94	0	0	0
LOC105378639	0	0	0
LOC105378641	0	0	0
MIR552	0	0	0
LOC105378642	0	0	0
GJB5	34	1	33
GJB4	0	1	0
GJB3	145	0	145
GJA4	0	0	0
SMIM12	658	0	659
DLGAP3	0	0	0
GPR199P	38	0	38
TMEM35B	191	4	187
ZMYM6	338	0	338
LOC124903990	1	1	0
ZMYM1	480	0	480
LOC105378644	1	0	1
SFPQ	6235	23	6212
ZMYM4	1458	1	1481
LOC124900419	1	0	1
ZMYM4-AS1	0	24	0
KIAA0319L	1342	2	1341
NCDN	662	1	662
TFAP2E-AS1	3	2	1
TFAP2E	11	2	9
PSMB2	3315	1	3314
LOC105378646	0	0	0
C1orf216	459	0	459
CLSPN	634	0	753
CLSPN-AS1	0	119	0
CLSPN-DT	0	0	0
AGO4	152	1	151
AGO1	656	3	653
AGO3	429	6	445
LOC105378647	1	22	1
TEKT2	0	0	0
ADPRS	660	0	660
COL8A2	0	0	0
TRAPPC3	1186	0	1186
MAP7D1	2778	7	2771
THRAP3	2586	2	2584
SH3D21	166	31	222
EVA1B	1	57	31
STK40	332	0	332
LOC124904012	23	21	2
LSM10	406	4	402
LOC124904013	0	0	0
OSCP1	43	0	43
SNORA63C	0	0	0
LOC107984940	1	1	0
MRPS15	1791	1	1790
CSF3R	0	0	0
LOC107984941	0	0	0
LOC105378648	0	0	0
LOC124904023	0	0	0
GRIK3	0	0	0
LOC124904027	0	0	0
MIR4255	0	0	0
LOC107984942	0	0	0
LITATS1	211	0	211
ZC3H12A	829	2	827
MIR6732	0	0	0
MEAF6	967	0	967
MIR5581	3	0	3
LOC105378649	0	0	0
SNIP1	468	0	468
DNALI1	0	4	0
GNL2	1665	0	1668
RSPO1	0	0	0
AIRIM	431	0	431
CDCA8	802	2	800
EPHA10	0	0	0
LOC124904835	0	0	0
LOC105378650	0	0	0
MANEAL	649	0	649
YRDC	427	266	720
C1orf122	389	319	630
MTF1	262	5	258
INPP5B	440	0	454
LOC124904043	0	0	0
LOC105378651	0	14	0
SF3A3	2608	2	2606
FHL3	460	1	459
UTP11	697	0	697
POU3F1	0	0	0
MIR3659HG	0	0	0
MIR3659	0	0	0
LINC02786	0	0	0
LOC105378654	0	0	0
LINC01343	0	0	0
LOC105378657	0	0	0
LOC107984943	0	0	0
LINC01685	0	0	0
LOC105378658	0	0	0
LOC105378660	0	0	0
RRAGC	718	0	718
RRAGC-DT	0	2	0
GJA9-MYCBP	0	0	0
MYCBP	0	0	0
GJA9	0	0	0
RHBDL2	65	4	90
LOC105378662	0	28	0
AKIRIN1	1638	0	1638
NDUFS5	2071	3	2068
LOC124904088	1	0	1
MACF1	2949	0	2957
LOC124904101	2	10	0
BMP8A	27	32	13
OXCT2P1	5	0	5
PPIEL	58	1	75
PABPC4	2783	3	4061
PABPC4-AS1	6	1288	0
SNORA55	14	0	14
HEYL	0	0	0
NT5C1A	0	0	0
HPCAL4	9	0	9
PPIE	1109	27	1129
BMP8B	276	34	290
OXCT2	25	0	25
BMP8B-AS1	0	0	0
LOC101929536	31	0	31
LOC130932201	1	0	1
LINC02811	0	0	0
LOC105378667	0	0	0
TRIT1	760	0	826
MYCL-AS1	1	77	0
MYCL	83	0	93
MFSD2A	51	0	51
LOC105378669	3	2	7
CAP1	2012	9	4618
PPT1	2465	2606	2468
LOC105378671	0	0	0
RLF	797	0	799
TMCO2	0	0	0
ZMPSTE24	1872	0	1872
COL9A2	16	2	16
SMAP2	785	0	785
ZFP69B-DT	0	0	0
ZFP69B	32	0	32
ZFP69	1	0	1
EXO5-DT	0	0	0
EXO5	0	0	0
LOC124904149	0	0	0
ZNF684	56	0	56
LOC105378673	0	0	0
RIMS3	139	0	139
LOC105378675	2	2	0
NFYC-AS1	58	134	65
NFYC	1255	18	1389
MIR30E	0	0	0
MIR30C1	0	0	0
KCNQ4	34	1	33
LOC105378676	0	0	0
CITED4	3776	3	3774
LOC124904157	2	1	2
CTPS1	2301	1	2300
SLFNL1-AS1	18	188	44
SLFNL1	8	34	2
SCMH1	686	19	854
SCMH1-DT	1	0	1
LOC124904158	0	0	0
LOC124904159	0	0	0
FOXO6	26	2	24
FOXO6-AS1	0	0	0
LOC105378678	3	0	3
EDN2	841	1	840
HIVEP3	130	4	126
LOC128125817	0	0	0
LOC124904160	0	0	0
LOC124904161	0	0	0
GUCA2B	0	0	0
GUCA2A	0	0	0
FOXJ3	1131	7	1124
RIMKLA	0	0	0
ZMYND12	3	0	3
CCDC30	17	0	17
PPCS	427	0	427
LOC124904162	0	311	1
PPIH	193	3	502
YBX1	17745	10	17735
CLDN19	0	0	0
P3H1	1854	0	1854
C1orf50	111	0	124
TMEM269-DT	3	16	0
TMEM269	5	0	6
LOC107984946	1	1	1
SVBP	14	11	37
ERMAP	82	42	176
LOC124904163	9	18	8
ZNF691-DT	0	77	8
ZNF691	327	0	327
LOC339539	1	0	1
SLC2A1	3760	7	3755
SLC2A1-DT	41	5	38
CFAP144	0	0	0
EBNA1BP2	2517	0	2525
MIR6733	0	0	0
CFAP57	42	8	48
LOC105378685	0	5	0
LOC124904164	0	0	0
TMEM125	0	0	0
C1orf210	0	0	0
TIE1	0	0	0
MPL	4	2	3
CDC20-DT	10	0	11
CDC20	3057	2	3055
ELOVL1	1664	0	1664
MIR6734	0	0	0
LOC112268225	31	17	14
MED8	867	1	1125
MED8-AS1	19	280	0
SZT2	850	624	1378
SZT2-AS1	0	215	2
MIR6735	0	0	0
HYI	0	359	582
HYI-AS1	1	0	1
PTPRF	9521	8	9513
KDM4A	955	38	1464
LOC124904165	6	167	1
KDM4A-AS1	23	373	37
ST3GAL3	283	3	282
ST3GAL3-AS1	0	0	0
LOC124904166	2	0	2
MIR6079	0	0	0
ARTN	33	0	33
LINC02918	14	1	13
LOC101929609	3	0	3
IPO13	716	0	716
DPH2	762	2	760
LOC124904167	3	6	0
ATP6V0B	2801	5	2799
B4GALT2	1611	31	1580
CCDC24	140	19	134
SLC6A9	1406	3	1416
LOC107984948	10	0	10
LOC124904168	2	2	0
KLF17	97	0	98
LOC124904169	12	2	11
KLF18	0	0	0
LOC124904170	1	0	1
DMAP1	921	1	920
ERI3	1232	1	1231
ERI3-IT1	7	1	6
SNORA110	0	0	0
RNF220	597	86	1295
MIR5584	0	0	0
LOC107984950	21	720	77
TMEM53	147	0	147
SNORD145	2	0	2
ARMH1	25	6	61
LOC105378690	3	36	9
RNU5F-1	0	0	0
RNU5D-1	1	0	1
KIF2C	3147	5	3142
SNORD160	1	0	1
RPS8	27585	12	27573
SNORD55	39	0	39
SNORD46	14	0	14
SNORD38A	0	0	0
SNORD38B	20	0	20
BEST4	25	1	24
PLK3	219	2	227
DYNLT4	12	15	7
BTBD19	42	0	42
PTCH2	42	0	42
LOC107984952	0	0	0
EIF2B3	652	0	652
HECTD3	1846	0	1846
UROD	1933	6	1928
ZSWIM5	314	5	310
LOC105378691	0	0	0
LINC01144	28	4	24
HPDL	1520	1	1519
MUTYH	427	68	439
TOE1	690	16	778
TESK2	92	23	93
CCDC163	83	0	85
MMACHC	429	3734	430
PRDX1	9350	28	13055
AKR1A1	1466	0	1466
NASP	3180	19	3161
CCDC17	18	0	18
GPBP1L1	1456	4	1454
RPS15AP10	0	0	0
TMEM69	1296	4	1312
IPP	155	17	156
LOC105378693	0	0	0
MAST2	1997	5	1992
LOC105378694	1	1	0
P3R3URF-PIK3R3	0	0	0
PIK3R3	44	3	44
LOC124904171	0	0	0
LOC101929626	4	0	5
TSPAN1	133	0	135
P3R3URF	0	0	0
POMGNT1	1625	3	1622
LURAP1	0	0	0
RAD54L	565	41	739
LRRC41	1936	193	1958
UQCRH	3687	0	3687
NSUN4	457	1	456
FAAH	51	0	51
FAAHP1	13	0	13
LINC01398	1	1	0
DMBX1	145	0	145
TMEM275	0	0	0
MKNK1-AS1	3	158	0
KNCN	0	0	0
MKNK1	377	0	532
MOB3C	190	1	189
LOC105378697	0	0	0
ATPAF1	1429	0	1429
TEX38	0	0	0
EFCAB14-AS1	0	111	0
EFCAB14	1883	0	1993
LOC105378698	4	0	4
LOC105378699	0	0	0
CYP4B1	9	0	9
CYP4Z2P	0	0	0
CYP4A11	0	0	0
CYP4X1	61	0	61
LOC124904172	0	0	0
CYP4Z1	3	0	3
CYP4A22-AS1	16	7	17
CYP4A22	0	1	0
LINC00853	0	0	7
PDZK1IP1	72	0	72
TAL1	0	0	0
STIL	805	0	805
CMPK1	2233	8	2226
LINC01389	33	2	32
FOXE3	7	0	7
FOXD2-AS1	70	0	70
FOXD2	36	0	36
LOC124904173	0	0	0
LINC01738	0	0	0
LOC124904174	0	0	0
TRABD2B	184	17	167
LINC02794	0	0	0
SKINT1L	0	0	0
SLC5A9	2	0	2
SPATA6	2	0	2
LOC124904175	0	0	0
AGBL4	0	0	0
BEND5	0	0	0
LOC105378706	0	0	0
AGBL4-AS1	0	0	0
AGBL4-IT1	0	0	0
LOC107984954	0	0	0
LOC105378708	0	0	0
ELAVL4	0	0	0
LOC105378709	0	0	0
ELAVL4-AS1	0	0	0
LOC105378711	0	0	0
LOC105378710	0	0	0
LINC02808	0	0	0
DMRTA2	0	0	0
LOC105378714	0	0	0
FAF1	1820	1	2060
FAF1-AS1	33	274	0
LOC124904727	0	0	0
CDKN2C	1224	54	1170
MIR4421	0	0	0
MIR6500	0	0	0
C1orf185	0	0	0
LINC01562	0	0	0
LOC124904818	0	0	0
RNF11	1065	0	1065
TTC39A	4	3	1
LOC124904177	1	0	1
TTC39A-AS1	0	0	0
EPS15	653	0	653
OSBPL9	1998	14	2000
EPS15-AS1	0	0	0
CALR4P	1	1	0
LOC105378719	0	0	0
LOC124900447	0	0	0
NRDC	3910	24	3902
MIR761	0	0	0
RAB3B	0	0	0
TXNDC12	1048	4	1045
KTI12	0	0	0
TXNDC12-AS1	0	0	0
BTF3L4	1364	1	1364
LOC107984956	5	1	4
ZFYVE9	507	2	505
CC2D1B	857	19	838
ORC1	1131	2	1129
PRPF38A	1415	2	1413
TUT4	1414	0	1414
LOC105378723	0	0	0
GPX7	1	0	1
LOC124904178	0	0	0
SHISAL2A	0	0	0
COA7	846	1	845
ZYG11B	455	0	455
ZYG11A	414	0	414
ECHDC2	498	90	408
SCP2	1184	0	1184
PODN	0	0	0
SLC1A7	0	0	0
LOC105379783	0	0	0
LOC105378724	0	0	0
CPT2	1024	13	1058
CZIB	257	40	336
CZIB-DT	0	72	0
MAGOH	258	0	258
MAGOH-DT	3	44	4
LRP8	1450	2	1661
LOC105378728	9	177	0
LOC105378726	11	11	0
LRP8-DT	0	0	0
LOC105378731	0	0	0
LINC02812	0	0	0
SLC25A3P1	0	0	0
LOC105378733	0	0	0
DMRTB1	0	0	0
GLIS1	59	0	59
LOC124904179	0	0	0
NDC1	2048	0	2048
LOC124900439	4	0	4
YIPF1	574	0	574
DIO1	0	0	0
LOC124904180	1	0	1
IFT25	546	1	548
LOC124904181	2	5	0
LRRC42	1362	0	1362
LDLRAD1	0	0	0
TMEM59	3861	0	3861
TCEANC2	293	0	293
MIR4781	0	0	0
CDCP2	3	0	3
CYB5RL	219	0	219
MRPL37	3961	8	3962
SSBP3	1332	2	1340
SSBP3-AS1	22	17	6
LOC105378735	0	0	0
LINC02784	0	0	0
ACOT11	79	0	118
FAM151A	3	42	0
MROH7-TTC4	1	0	1
MROH7	0	0	0
TTC4	0	0	0
PARS2	219	0	219
TTC22	3	0	3
LOC124904182	0	0	0
CIMAP2	3	1	3
LOC124904183	34	0	35
DHCR24	8380	14	8372
DHCR24-DT	31	1	36
LOC124904184	0	0	0
TRK-CTT7-1	0	0	0
LOC105378736	0	0	0
TMEM61	7	0	7
BSND	2	2	0
PCSK9	4155	4	4152
USP24	2554	67	2489
LOC100507634	15	0	16
MIR4422HG	0	0	0
MIR4422	0	0	0
LOC105378740	0	0	0
LINC01753	0	0	0
LINC01755	0	0	0
LOC105378737	0	0	0
LOC105378741	2	2	0
LOC124904591	0	0	0
LOC124904188	0	0	0
LOC124904187	0	0	0
LOC124904190	0	0	0
LOC124904186	0	0	0
LOC124904185	7	0	7
LINC01767	1	1	0
LOC124904189	0	0	0
PLPP3	396	0	396
LOC101929935	0	1	0
PRKAA2	661	0	662
FYB2	4	4	0
C8A	0	0	0
C8B	0	0	0
LOC112267900	0	0	0
DAB1	0	0	0
LOC105378748	0	0	0
LOC105378747	0	0	0
DAB1-AS1	0	0	0
LOC105378746	0	0	0
LOC107984960	0	0	0
OMA1	310	0	310
TACSTD2	0	0	0
MYSM1	782	0	782
LOC112268263	0	0	0
LOC124904191	0	0	0
LOC105378751	0	0	0
JUN	4002	2	4000
JUN-DT	11	2	9
LOC101926907	15	3	12
LOC107984961	0	0	0
LINC02777	4	0	4
LINC01358	4	0	4
HSD52	0	0	0
FGGY-DT	10	0	13
FGGY	178	4	178
LOC124904192	0	0	0
MIR4711	0	0	0
LOC105378758	0	0	0
LOC101926944	0	0	0
HOOK1	163	0	163
CYP2J2	0	0	0
C1orf87	0	0	0
LINC02778	0	0	0
LOC107984963	0	0	0
LOC105378761	0	0	0
LOC107984962	0	0	0
LOC107985379	0	0	0
LINC01748	0	0	0
LOC124904193	0	0	0
LOC101926964	0	0	0
LOC105378764	0	0	0
NFIA-AS2	0	0	0
NFIA	985	0	985
NFIA-AS1	0	0	0
LOC105378766	2	0	2
LOC107984964	0	0	0
MGC34796	0	0	0
TM2D1	732	0	732
PATJ-DT	1	9	6
PATJ	1148	5	1157
MIR12132	0	0	0
LOC107984965	0	0	0
MIR3116-1	0	0	0
MIR3116-2	0	0	0
L1TD1	0	0	0
KANK4	3	0	3
LOC105378768	0	0	0
USP1	3120	7	3113
DOCK7	1502	3	1502
ANGPTL3	3	3	0
DOCK7-DT	1	2	2
LOC124904194	0	0	0
ATG4C	391	0	391
LINC01739	0	0	0
LINC00466	9	0	9
LOC105378770	0	0	0
FOXD3-AS1	31	6	31
FOXD3	3	0	9
MIR6068	0	0	0
LOC124904741	0	0	0
ALG6	600	10	593
ITGB3BP	1270	5	1269
LOC102724319	1	1	0
EFCAB7	409	0	409
DLEU2L	4	0	4
PGM1	7896	10	7887
LOC105378771	1	0	1
ROR1	85	0	85
LOC105378772	0	0	0
ROR1-AS1	0	0	0
LOC105378773	0	0	0
UBE2U	0	0	0
LOC105378774	0	0	0
LOC124904732	0	0	0
LOC107984966	0	0	0
CACHD1	19	0	19
LOC124904195	0	0	0
MIR4794	0	0	0
RAVER2	1036	7	1032
JAK1	7080	9	7074
LINC01359	2	0	2
MIR3671	7	0	7
MIR101-1	0	0	0
AK4	439	0	439
DNAJC6	303	1	302
DNAJC6-AS1	1	1	0
LOC112268227	0	0	0
LEPR	179	0	179
LEPROT	1442	0	1442
LOC124904827	0	0	0
PDE4B	329	0	329
PDE4B-AS1	0	0	0
LOC105378776	2	0	2
SGIP1	0	0	0
LOC124904196	0	0	0
MIR3117	0	0	0
DYNLT5	0	0	0
INSL5	0	0	0
DNAI4	20	0	21
MIER1	1141	7	1250
SLC35D1	748	125	738
C1orf141	0	0	0
LOC124900434	0	0	0
IL23R	0	0	0
IL12RB2	24	24	0
SERBP1	17177	3	17174
LINC01702	0	0	0
LOC105378780	0	0	0
LOC124904197	0	0	0
GADD45A	474	0	474
GNG12	3897	1	3896
LOC105378781	1	1	0
GNG12-AS1	52	159	20
LOC124900403	0	0	0
DIRAS3	10	0	10
WLS	3568	3	3692
MIR1262	0	0	0
LOC105378782	0	0	0
LOC124904198	0	0	0
RPE65	0	0	0
DEPDC1	1172	0	1454
DEPDC1-AS2	15	296	0
DEPDC1-AS1	0	1	0
LOC107984967	0	0	0
LOC105378783	0	0	0
LINC01707	0	0	0
LOC105378787	0	0	0
LINC02791	0	0	0
LINC01758	0	0	0
LOC105378789	0	0	0
LRRC7	3	3	1
LOC124904199	0	0	0
PIN1P1	0	0	0
LRRC7-AS1	0	0	1
LRRC40	1049	0	1049
SRSF11	6267	0	6267
ANKRD13C	968	8	963
ANKRD13C-DT	183	0	186
LINC03102	2	2	0
CTH	435	0	435
LOC105378793	0	0	0
LOC105378794	0	0	0
LINC01788	0	0	0
LOC102724572	0	0	0
PTGER3	0	0	0
ZRANB2-AS1	5	849	0
ZRANB2	3764	0	4608
MIR186	1	0	1
ZRANB2-DT	4	0	5
LOC105378795	0	0	0
NEGR1	451	1	451
NEGR1-IT1	0	0	0
LOC105378797	5	2	3
LOC105378796	0	0	0
LOC105378798	0	0	0
LINC02796	0	0	0
LINC02797	0	0	0
LINC01360	0	0	0
LOC105378801	0	0	0
LOC107985391	0	0	0
LOC105378802	0	0	0
LINC02238	0	0	0
LRRIQ3	8	0	8
FPGT-TNNI3K	0	0	0
FPGT	370	0	370
TNNI3K	0	0	0
LRRC53	0	0	0
ERICH3	0	0	0
ERICH3-AS1	0	0	0
CRYZ	971	0	984
TYW3	1110	13	1110
LHX8-AS1	0	0	0
LHX8	0	0	0
SLC44A5	1	0	1
ACADM	3727	0	3729
DLSTP1	32	34	0
RABGGTB	2486	0	2486
SNORD45C	19	0	19
SNORD45A	35	0	35
SNORD45B	46	0	46
MSH4	2	0	2
ASB17	0	0	0
LOC105378806	0	0	0
LOC101927342	0	0	0
LOC124904200	0	0	0
ST6GALNAC3	0	0	0
LOC105378807	0	0	0
LOC124904201	0	0	0
LINC02567	0	0	0
ST6GALNAC5	0	0	0
MIR7156	0	0	0
PIGK	1797	0	1797
LOC105378808	41	0	41
AK5	1	0	1
LOC124904202	0	0	0
ZZZ3	1244	1	1243
USP33	2655	2	2653
MIGA1	606	1	605
NEXN-AS1	14	11	16
NEXN	95	2	106
FUBP1	4071	10	4071
DNAJB4	803	2	811
GIPC2	1	0	1
LOC107984997	0	0	0
MGC27382	4	0	4
PTGFR	0	0	0
IFI44L	444	0	444
IFI44	2855	0	2855
LOC124904203	3	0	3
ADGRL4	6	1	5
LOC107984998	0	0	0
LOC105378810	0	0	0
LOC105378812	0	0	0
LOC105378811	0	0	0
LINC02792	0	0	0
LINC01781	1	0	1
LOC105378813	0	0	0
LOC107985018	0	0	0
ADGRL2	0	0	0
LOC101927434	0	0	0
MED28P8	0	0	0
LOC124904204	0	0	0
LOC105378814	0	0	0
LOC107985396	0	0	0
LINC01362	0	0	0
LINC01361	0	0	0
LOC105378816	0	0	0
LINC01712	0	0	0
LOC107985043	0	0	0
LINC01725	0	0	0
LOC101927560	0	0	0
TTLL7	87	0	87
TTLL7-IT1	0	0	0
LOC124904205	0	0	0
PRKACB	879	0	879
LOC124904808	0	0	0
SAMD13	29	5	24
UOX	2	0	2
DNASE2B	0	0	0
RPF1	1097	24	1097
GNG5	2977	8	3002
SPATA1	7	200	3
CTBS	420	0	607
LOC105378819	1	0	1
LINC01461	2	0	2
LINC01555	0	0	0
LOC124904206	0	0	0
SSX2IP	1306	0	1306
LOC102724892	0	0	0
LPAR3	0	0	0
MCOLN2	0	0	0
MCOLN3	0	0	0
DNAI3	0	0	0
MIR4423	0	0	0
SYDE2	241	0	241
LOC124904207	0	0	0
LOC105378821	0	0	0
C1orf52	478	0	478
BCL10	356	2	426
BCL10-AS1	0	71	1
DDAH1	1185	4	1181
LOC124904208	2	2	0
CCN1	6452	1	6451
LOC124900422	0	0	0
LOC112268231	1	8	0
LOC107985057	0	0	6
ZNHIT6	778	0	779
LOC105378823	0	0	0
COL24A1	0	0	0
LINC02795	2	0	2
LOC105378825	2	0	2
ODF2L	767	0	767
MIR7856	0	0	0
CLCA2	48	0	48
CLCA1	0	0	0
LOC124904210	0	0	0
LOC105378827	0	0	0
LOC105378826	0	0	0
CLCA4	0	0	0
CLCA4-AS1	3	0	4
CLCA3P	3	0	3
SH3GLB1	1909	6	1904
LOC105378831	0	0	0
SELENOF	5047	0	5047
HS2ST1	1377	0	1377
LOC124904211	1	0	1
LINC01140	31	0	31
LINC02801	0	0	0
LMO4	2763	3	2760
LINC01364	1	1	0
LOC105378833	5	0	5
LOC105378834	5	0	5
LOC107985408	0	0	0
LOC105378835	0	0	0
LOC107985518	0	0	0
LOC124904212	0	0	0
LINC01773	0	0	0
LOC101927871	0	0	0
LOC105378836	0	0	0
LOC105378839	0	0	0
PKN2-AS1	5	0	6
LOC105378838	0	0	0
PKN2	2745	3	2743
LOC124904213	0	0	0
LOC124904214	6	0	6
GTF2B	935	1	934
KYAT3	602	0	602
RBMXL1	629	0	629
LOC124904215	1	1	0
GBP3	222	1	222
LOC105378841	4	0	5
GBP1	8	0	8
GBP2	54	0	71
LOC112268267	2	19	0
LOC105378842	0	0	0
GBP7	0	0	0
GBP4	4	0	4
LOC107985076	0	0	0
GBP5	2	0	2
LOC729930	0	0	0
GBP6	0	0	0
GBP1P1	0	0	0
LOC105378844	1	0	1
LRRC8B	211	0	211
LOC124904216	0	0	0
LOC128092251	0	0	0
LRRC8C	8	0	8
LRRC8C-DT	0	0	0
LOC107985743	0	0	0
LOC124904833	0	0	0
LOC107985744	0	0	0
LOC101927975	0	0	0
LRRC8D-DT	21	145	58
LRRC8D	2654	37	2799
LOC105378847	5	0	5
GEMIN8P4	96	4	92
ZNF326	1098	2	1096
LOC105378848	0	0	0
LOC105378849	0	0	0
LOC107985088	0	0	0
LOC105378850	0	0	0
LOC105378851	0	0	0
LINC02787	0	0	0
SNORD3G	0	0	0
BARHL2	0	0	0
LINC02609	1	0	1
LOC124904217	0	0	0
LINC02788	0	0	0
LINC01763	0	0	0
ZNF644	943	0	943
HFM1	0	0	0
LOC107985417	0	0	0
LOC105378856	0	1	0
CDC7	761	0	762
LOC102723436	1	1	0
TGFBR3	731	0	731
BRDT	1	0	1
LOC124904218	0	0	0
EPHX4	0	0	0
SETSIP	1	0	1
BTBD8	4	0	4
C1orf146	7	7	0
GLMN	430	39	392
RPAP2	612	2	611
GFI1	4	0	4
EVI5	482	0	482
RPL5	22749	13	22738
DIPK1A	348	50	300
SNORD21	3	0	3
SNORA66	18	1	17
LOC124904219	0	0	0
MTF2	1074	0	1074
TMED5	1764	16	1924
CCDC18	570	185	657
LOC107985521	12	102	3
CCDC18-AS1	115	0	118
DR1	1649	0	1649
FNBP1L	1551	1	1550
TRC-GCA7-1	0	0	0
BCAR3	1840	30	2043
BCAR3-AS1	0	229	2
LOC102723480	94	0	94
MIR760	2	2	1
TRR-TCT1-1	0	0	1
DNTTIP2	2292	0	2292
GCLM	614	0	614
LOC124904221	1	0	1
ABCA4	56	2	54
LOC124904222	0	0	0
LOC105378858	6	0	6
LOC124904821	0	0	0
ARHGAP29	849	0	849
ARHGAP29-AS1	0	0	0
ABCD3	2020	0	2020
F3	169	0	169
LOC124904223	3	0	3
MIR12133	0	0	0
LOC105378861	0	0	0
SLC44A3-AS1	1	0	1
MIR378G	0	0	0
SLC44A3	11	1	10
CNN3	1	0	1
CNN3-DT	1	1	0
ALG14	178	0	178
LOC124904224	2	1	1
LOC105378863	1	1	0
ALG14-AS1	0	0	0
TLCD4	546	1	545
TLCD4-RWDD3	20	0	20
RWDD3-DT	0	0	0
RWDD3	130	0	130
LINC01760	0	0	0
LOC105378864	0	0	0
LOC105379825	1	0	1
LINC01650	0	0	0
LOC107985420	0	0	0
LINC01761	0	0	0
LINC02607	0	0	0
LOC101928219	1	0	1
LOC124904592	0	0	0
LINC02790	0	0	0
LINC01787	0	0	0
LOC105378866	0	0	0
PTBP2	667	1	666
DPYD	453	0	528
DPYD-AS1	0	75	0
LOC105378867	2	2	0
LOC124904226	0	0	0
LOC124904225	1	1	0
DPYD-AS2	4	4	0
LINC01930	0	0	0
LOC124904227	0	0	0
MIR137HG	0	0	0
LOC124904228	2	2	0
MIR2682	0	0	0
MIR137	0	0	0
LOC124900404	0	0	0
LINC01776	0	0	0
LOC124904229	0	0	0
SNX7-DT	0	0	0
SNX7	0	0	0
PLPPR5	0	0	0
PLPPR5-AS1	0	0	0
PLPPR4	0	0	0
LOC107985093	0	0	0
LINC01708	0	0	0
PALMD	764	3	761
FRRS1	241	0	241
AGL	1172	1	1171
LOC124904230	64	0	66
SLC35A3	918	7	911
SLC71A1	3146	8	3140
SASS6	797	4	793
TRMT13	315	8	445
LRRC39	36	141	33
DBT	649	0	649
RTCA-AS1	8	0	8
RTCA	974	1	973
MIR553	0	0	0
CDC14A	87	0	87
LOC105379827	0	0	0
GPR88	0	0	0
LINC01349	0	0	0
LOC124904231	0	0	0
VCAM1	2	0	2
EXTL2	755	15	740
SLC30A7	940	9	932
DPH5	1091	0	1094
DPH5-DT	96	3	95
LOC124900440	0	0	0
LOC101928334	0	0	0
LOC124904817	0	0	0
S1PR1-DT	0	0	0
S1PR1	0	0	0
LOC102723784	0	0	0
LINC01307	0	0	0
LINC01709	6	6	0
OLFM3	0	0	0
DNAJA1P5	0	0	0
LOC107985095	0	0	0
LOC105378874	0	0	0
LOC112268286	0	0	0
LOC107985096	0	0	0
COL11A1	15	0	15
LOC124904593	0	0	0
RNPC3-DT	3	0	3
RNPC3	300	0	300
AMY2B	273	0	273
ACTG1P4	8	0	8
AMY2A	0	0	0
AMY1A	0	0	0
LOC124904594	0	0	0
AMY1B	0	0	0
LOC105378878	0	0	0
AMY1C	0	0	0
THAP3P1	0	0	0
LOC105378879	0	0	0
LOC105378880	0	0	0
LOC105378881	0	0	0
LINC01676	0	0	0
LOC105378882	0	0	0
LOC105378883	0	0	0
LINC01677	0	0	0
LOC124904595	0	0	0
LOC107985116	0	0	0
LOC105378886	0	0	0
LOC105378885	0	0	0
LOC124904596	0	0	0
LOC105378887	0	0	0
LOC124904232	0	0	0
LOC124904233	0	0	0
LINC01661	0	0	0
LOC105378888	0	0	0
PRMT6	335	3	332
NTNG1	2	2	0
VAV3	1404	0	1404
MIR7852	0	0	0
VAV3-AS1	0	0	0
LINC02785	0	0	0
SLC25A24	1	0	1
NBPF4	10	0	10
NBPF6	48	0	48
EEIG2	918	2	916
HENMT1	771	6	765
LOC105378890	9	0	9
PRPF38B	1952	3	1949
FNDC7	2	0	2
STXBP3	757	1	756
LOC105378891	0	5	0
AKNAD1	1	0	6
SPATA42	0	0	0
GPSM2	1060	472	1439
CLCC1	600	444	1007
WDR47	407	0	407
TAF13	367	0	367
TMEM167B-DT	9	0	13
TMEM167B	575	9	570
SCARNA2	0	0	0
CFAP276	1	1	0
ELAPOR1	104	0	104
SARS1	3234	1	3233
CELSR2	3155	6	3149
PSRC1	749	3	746
MYBPHL	0	0	0
SORT1	774	1	773
PSMA5	3620	0	3620
SYPL2	433	0	433
ATXN7L2	206	0	206
CYB561D1	233	0	233
AMIGO1	278	0	278
LOC105378893	0	0	0
GPR61	10	10	0
GNAI3	2579	5	2574
MIR197	0	0	0
GNAT2	17	12	5
AMPD2	2054	0	2054
GSTM4	287	0	287
GSTM2	11	0	11
GSTM1	0	0	0
GSTM5	0	0	0
GSTM3	1601	0	1601
EPS8L3	2	0	2
LOC124904258	1	0	1
LINC01768	0	0	0
CSF1	0	0	0
AHCYL1	3821	2	3819
STRIP1	728	0	734
LOC105378895	0	6	0
ALX3	238	238	0
LINC01397	13	0	13
UBL4B	2	0	2
SLC6A17	2	0	2
SLC6A17-AS1	0	0	0
KCNC4-DT	0	0	0
KCNC4	357	3	354
RBM15-AS1	0	0	12
LOC124904276	42	54	0
RBM15	597	0	597
SLC16A4	52	32	20
LAMTOR5	1425	11	1422
LAMTOR5-AS1	9	0	17
PROK1	3	0	3
LOC105378899	0	0	0
LOC105378898	0	0	0
CYMP	0	0	0
CYMP-AS1	0	0	0
KCNA10	0	0	0
LOC124904292	0	0	0
KCNA2	0	0	0
KCNA3	0	0	0
LOC107985174	0	0	0
LOC124904296	0	0	0
LOC105378901	0	0	0
CD53	2	1	1
LRIF1	126	4	122
DRAM2	957	4	1274
CEPT1	715	317	719
DENND2D	9	3	6
CHI3L2	0	0	0
CHIAP2	0	0	0
CHIA	0	0	0
LOC105378903	0	0	0
CIMAP3	0	0	0
LOC105378904	0	0	0
PGBP	0	0	0
OVGP1	32	0	100
LOC124904309	2	70	0
WDR77	1564	3	1564
ATP5PB	5174	2	5175
C1orf162	8	0	8
TMIGD3	0	0	0
ADORA3	0	0	0
RAP1A	995	2	1017
LINC01160	6	0	6
LOC107985184	0	24	0
INKA2	346	5	344
INKA2-AS1	3	0	6
LOC101928718	1	3	1
DDX20	1052	3	1052
KCND3	2	2	0
LOC124904312	1	0	1
KCND3-IT1	0	0	0
KCND3-AS1	0	0	0
LINC01750	0	0	0
LOC105378906	0	0	0
LOC124904319	0	0	0
LINC02884	0	0	0
LOC124904812	0	0	0
CTTNBP2NL	610	0	610
MIR4256	0	0	0
WNT2B	42	72	31
ST7L	358	23	399
CAPZA1	4424	2	4425
LOC124904810	6	0	6
MOV10	3556	9	3549
RHOC	3584	45	3541
PPM1J	28	0	28
PPM1J-DT	1	0	1
TAFA3	1	0	1
NUTF2P4	0	0	0
LINC01356	5	13	10
LINC01357	0	6	12
LOC105378911	2	2	0
MIR11399	0	0	0
LOC124904342	0	0	0
SLC16A1	0	0	0
AKR7A2P1	0	0	0
SLC16A1-AS1	0	0	0
LOC107985189	0	0	0
LRIG2-DT	0	0	0
LRIG2	313	0	313
LOC643441	0	0	0
MAGI3	282	17	265
PHTF1	568	6	562
RSBN1	397	0	397
AP4B1-AS1	2	161	0
PTPN22	0	0	0
BCL2L15	4	0	4
AP4B1	155	0	348
DCLRE1B	500	34	499
HIPK1-AS1	1	2	2
HIPK1	1095	1	1097
OLFML3	2	0	2
SYT6	0	0	0
LOC107985443	0	0	0
TRIM33	1438	0	1438
LOC124904348	3	0	3
BCAS2	977	0	977
LOC105378914	1	3	0
DENND2C	66	0	68
LOC124904354	0	0	0
AMPD1	0	0	0
NRAS	1935	0	1935
CSDE1	11495	1	11494
SIKE1	787	0	787
SYCP1	0	0	0
LOC105378915	0	0	0
TSHB	0	0	0
TSPAN2	1	0	1
LOC124904359	0	0	0
LINC01765	0	0	0
NGF-AS1	0	0	0
NGF	0	0	0
LOC112268234	0	0	0
LOC124904375	0	0	0
LOC124900438	0	0	0
VANGL1	866	0	866
CASQ2	0	0	0
NHLH2	0	0	0
LINC01649	0	0	0
LOC101928977	2	2	1
SLC22A15	257	1	257
MAB21L3	170	0	177
LOC105378918	0	7	0
LOC124904384	0	0	0
LOC105378919	0	0	0
LOC105378920	0	0	0
LOC124904669	0	0	0
ATP1A1	10753	5	19016
ATP1A1-AS1	13	8266	15
LINC01762	1	0	1
LOC112268235	35	35	0
CD58	446	0	488
LOC105378925	19	19	0
MIR548AC	0	0	0
LOC124904385	3	153	0
IGSF3	1377	0	1485
LOC105378924	0	0	0
MIR320B1	0	0	0
LINC02868	1	0	1
LOC105378926	0	0	0
CD2	0	0	0
LOC105378927	0	0	0
PTGFRN	2355	5	2350
CD101	26	7	29
LOC124904386	8	1	10
CD101-AS1	10	3	13
TTF2	1154	1	1153
MIR942	3	0	3
TRIM45	209	8	201
LOC124904387	0	0	0
VTCN1	1	0	1
LINC01525	0	0	0
MAN1A2	660	0	660
TENT5C-DT	0	0	0
TENT5C	598	0	598
LOC124900444	0	0	0
LOC105378929	0	0	0
GDAP2	465	2	463
WDR3	1280	5	1514
SPAG17	1	237	3
LOC105378930	0	0	0
LOC107985447	0	0	0
TBX15	1	0	1
LOC105378933	0	0	0
WARS2	576	78	629
WARS2-IT1	0	0	0
WARS2-AS1	148	53	226
LOC107985192	14	14	0
LOC124904832	0	0	0
LINC01780	0	0	0
HAO2	0	0	0
HAO2-IT1	0	0	0
HSD3B2	1	0	1
LOC124904388	0	0	0
LOC105378935	0	0	0
HSD3B1	0	0	0
HSD3BP4	0	0	0
LINC00622	10	0	10
ZNF697	159	0	159
LOC124904389	4	0	4
LOC124904390	0	0	0
LOC105378937	0	0	0
PHGDH	4833	5	4828
HMGCS2	2	0	2
REG4	0	0	0
NBPF7P	0	0	0
ADAM30	0	0	0
NOTCH2	3651	0	3651
LOC101929178	0	0	0
SEC22B	2635	0	2635
LOC124904391	100	59	41
LOC124904631	3	0	3
LOC101929788	0	0	0
NBPF8	175	0	175
PFN1P2	0	0	0
PDE4DIPP2	4	0	4
LOC107985524	0	0	0
LOC124904392	0	0	0
LOC105378944	0	0	0
NBPF26	0	0	0
NOTCH2NLR	0	0	0
TRN-GTT7-1	0	0	0
RNVU1-19	0	0	0
LOC124904393	0	0	0
PPIAL4A	0	0	0
LINC00623	135	0	226
LOC100996720	0	91	0
RNVU1-4	0	0	0
LOC105369199	0	0	0
PDE4DIPP4	0	0	0
TRG-CCC6-1	0	0	0
TRV-CAC5-1	0	0	0
LOC124904394	0	0	0
TRN-GTT27-1	0	0	0
H3P4	0	0	0
FCGR1BP	0	0	0
LOC100996318	1	0	1
H2BP1	0	0	0
FAM72B	174	1	173
SRGAP2C	254	6	248
LOC107985193	0	0	0
SRGAP2-AS1	0	0	0
LINC02798	2	0	2
EMBP1	0	0	0
LOC101929814	0	0	0
LOC105371172	0	0	0
LOC105371175	4	0	4
LOC107985200	0	0	0
LOC107985201	0	0	0
LOC101927452	0	1	0
LINC02799	0	0	1
LOC112268273	0	0	0
LOC124904406	0	0	0
TRQ-CTG4-2	0	0	0
RNVU1-17	0	0	0
RNVU1-18	0	0	0
TRN-GTT6-1	0	0	0
LOC107985108	1	0	1
LOC105369140	0	0	0
LINC02591	0	0	0
TRV-CAC8-1	0	0	0
TRV-CAC4-1	0	0	0
PDE4DIPP3	0	0	0
H2BP2	0	0	0
FCGR1CP	0	0	0
H3-7	0	0	0
LOC105371209	0	0	0
FAM72C	70	4	70
SRGAP2D	105	0	109
LOC105371207	0	0	0
LOC105371206	0	0	0
LINC02802	0	0	0
LOC101060524	0	0	0
CH17-125A10.2	0	0	0
PPIAL4E	0	0	0
RNVU1-15	0	0	0
TRN-GTT3-1	0	0	0
NBPF15	1413	0	1413
LOC105371211	0	0	0
RNVU1-26	0	0	0
RNVU1-2A	0	0	0
LOC105379574	0	0	0
RNVU1-28	0	0	0
TRN-GTT2-8	0	0	0
PPIAL4F	0	0	0
LINC01632	0	0	0
LOC105371215	0	0	0
KMT2CP1	0	0	0
DRD5P2	0	0	0
LSP1P5	0	0	0
LOC105371216	0	0	0
LOC105371217	0	0	0
LOC107985528	0	0	0
SRGAP2B	158	4	160
LOC107985595	0	0	0
FAM72D	53	3	56
TRN-GTT10-1	2	2	0
LOC101929805	1	1	0
TRNAV-CAC	0	0	0
TRNAV-CAC_1	0	0	0
LINC01145	97	1	129
LOC100996740	15	35	14
PPIAL4D	0	0	0
RNVU1-14	4	0	4
TRN-GTT2-7	0	0	0
NBPF20	547	0	547
LOC105371288	0	0	0
TRQ-CTG3-1	0	0	0
RNVU1-31	0	0	0
TRN-GTT9-1	0	0	0
PDE4DIPP5	3	0	3
NBPF25P	30	1	30
GPR89A	131	0	132
PDZK1	46	13	33
CD160	9	14	0
RNF115	799	21	806
POLR3C	809	32	806
NUDT17	42	169	41
PIAS3	908	6	1075
MIR6736	0	0	0
ANKRD35	0	0	0
ANKRD35-DT	1	1	0
ITGA10	7	0	7
PEX11B	424	0	424
GNRHR2	26	296	26
RBM8A	769	1	1720
LIX1L-AS1	1	655	2
LIX1L	947	2	945
ANKRD34A	96	1	96
POLR3GL	259	0	260
TXNIP	10379	4	10376
HJV	0	0	0
TRE-CTC1-1	0	0	0
TRG-TCC2-1	1	1	0
TRH-GTG1-1	0	0	0
TRK-CTT2-1	0	0	0
RNVU1-6	3	0	3
LINC01719	8	0	8
NBPF10	399	0	399
NOTCH2NLA	23	2	190
LOC105371254	1	167	3
LOC124904401	0	0	0
LOC124904408	0	0	0
NUDT4P2	0	0	0
PPIAL4H	0	0	0
TRN-GTT24-1	0	0	0
LOC124904613	0	0	0
LOC112268274	0	0	0
LOC100996756	8	0	8
LOC124904634	0	0	0
LOC105371235	0	0	0
LOC124904407	0	0	0
LOC105371233	0	0	0
HYDIN2	0	0	0
NBPF12	380	0	380
LOC728989	1	0	1
TRH-GTG1-2	0	0	0
RNVU1-8	0	0	0
NBPF13P	0	0	0
PRKAB2	941	0	941
CHD1L	2082	19	2063
PDIA3P1	22	0	22
FMO5	6	0	6
LINC00624	2	0	2
BCL9	1120	1	1119
LOC128071544	0	0	0
ACP6	72	0	72
LOC105371230	0	0	0
LOC102723321	0	0	0
GJA5	12	0	12
GJA8	0	0	0
LOC105371229	0	0	0
GPR89B	121	0	124
PDZK1P1	8	11	0
TRQ-CTG3-2	0	0	0
RNVU1-7	0	0	0
TRN-GTT9-2	0	0	0
PDE4DIPP1	0	0	0
NBPF11	460	0	461
LOC105371227	0	0	0
LINC02805	0	0	0
LOC101927468	0	0	0
TRQ-CTG4-1	1	1	0
LINC01731	0	0	0
LINC02806	6	8	6
TRH-GTG1-3	0	0	0
LOC105371225	7	3	12
TRH-GTG1-4	0	0	0
TRQ-CTG7-1	0	0	0
LOC124904403	0	0	0
LOC124904404	1	4	0
MIR5087	0	0	0
LOC124904402	2	1	4
LOC124904396	12	0	12
RNVU1-1	0	0	0
MIR6077	2	2	0
PDE4DIPP6	24	30	1
RNVU1-3	0	0	0
LOC124904400	0	0	3
LINC01138	178	2	176
LOC105371224	4	0	4
PPIAL4G	0	0	0
RNVU1-27	0	0	0
TRN-GTT2-1	0	0	0
NBPF14	680	0	680
NOTCH2NLB	376	0	376
LOC105371223	1	0	1
LOC105371222	0	0	0
NUDT4B	0	0	0
SEC22B3P	2	0	2
PDE4DIP	435	4	432
LOC112268272	12	0	13
NBPF9	1106	6	1102
LOC101929790	0	0	0
LOC102723348	0	0	0
LOC124904405	0	0	0
LOC124904581	0	0	0
LOC653513	1	1	0
LOC124904395	4	4	0
SEC22B2P	1	0	1
LOC105371403	0	0	0
NOTCH2NLC	74	0	74
NBPF19	801	3	801
TRN-GTT25-1	2	2	0
LOC124904410	0	1	0
PPIAL4C	0	0	0
LOC124904409	24	56	35
LINC00869	110	13	163
RNVU1-30	3	0	3
LOC644634	0	0	0
TRV-CAC1-7	0	0	0
PDE4DIPP7	0	0	0
LOC105371406	0	0	0
TRN-GTT8-1	0	0	0
H2BC18	8	0	8
FCGR1A	0	2	0
LOC124904411	1	0	2
H3C13	5	2	3
H4C14	0	0	0
H3C14	0	0	0
H2AC18	0	0	0
H4C15	611	234	385
H2BC20P	0	0	0
H2AC19	0	0	0
H3C15	0	0	0
H2BC21	952	0	957
H2AC20	9	6	8
H2AC21	1	0	1
LOC124904412	3	2	3
BOLA1	333	0	335
SV2A	3	0	3
SF3B4	3397	2	3395
MTMR11	253	0	253
OTUD7B	869	9	879
LOC124904413	0	0	0
VPS45	780	10	789
PLEKHO1	25	0	25
LINC02988	0	0	0
ANP32E	3297	2	3295
CA14	21	13	9
SNORD13C	0	0	0
APH1A	2664	4	3149
C1orf54	9	484	13
LOC124904414	1	1	0
CIART	4	0	4
LOC105371434	0	0	0
MRPS21	1710	1	1709
PRPF3	1149	1	1148
RPRD2	1661	1	1660
LOC124904416	0	0	0
TARS2	1398	0	1398
MIR6878	0	0	0
ECM1	337	0	337
FALEC	2	1	1
ADAMTSL4-AS2	7	738	1
ADAMTSL4	3083	4	3832
LOC124904417	0	0	0
MIR4257	0	0	0
ADAMTSL4-AS1	2	21	2
MCL1	10571	3	10568
LOC107985203	4	2	2
ENSA	2004	3	2002
LOC112268239	21	3	19
GOLPH3L	679	0	679
HORMAD1	24	0	24
CTSS	64	0	64
CTSK	58	0	58
ARNT	1503	2	1501
LOC107985204	2	3	2
CTXND2	0	0	0
SETDB1	1214	10	1208
CERS2	4037	4	4034
ANXA9	140	46	96
LOC105371438	0	2	0
MINDY1	247	21	226
PRUNE1	791	0	791
BNIPL	12	0	12
C1orf56	86	67	77
CDC42SE1	1467	5	1520
MLLT11	38	3	35
GABPB2	189	1	188
LOC124904418	0	0	0
SEMA6C	193	2	191
LYSMD1	220	0	220
TNFAIP8L2-SCNM1	0	0	0
TNFAIP8L2	0	0	0
SCNM1	3	0	3
TMOD4	18	2	19
VPS72	998	0	998
PIP5K1A	2717	0	2723
LOC124904419	0	6	0
PSMD4	3145	3	3142
ZNF687-AS1	0	12	21
ZNF687	1602	51	1612
PI4KB	1726	6	1748
RFX5	2832	10	2847
RFX5-AS1	0	16	9
SELENBP1	4616	3	4613
PSMB4	4801	3	4798
POGZ	1667	0	1667
CGN	296	0	296
LOC124900437	0	0	0
TUFT1	378	0	378
MIR554	0	0	0
LOC124904420	2	16	1
SNX27	963	1	977
CELF3	1	1	0
RIIAD1	0	0	0
MRPL9	915	1	1421
OAZ3	0	517	46
TDRKH	107	25	116
TDRKH-AS1	23	0	23
LINGO4	2	0	2
RORC	434	3	434
C2CD4D	0	0	2
C2CD4D-AS1	19	3	29
THEM5	9	16	1
THEM4	886	0	886
LOC124904421	0	0	0
S100A10	3526	1	3525
LOC105371442	0	0	0
NBPF18P	1	0	1
S100A11	6329	2	6327
LOC101927949	2	0	2
LOC100131107	0	0	0
TCHHL1	0	0	0
TCHH	0	0	0
RPTN	0	0	0
CCDST	0	0	0
HRNR	1	1	0
FLG	0	0	0
FLG2	0	0	0
CRNN	0	0	0
LCE5A	1	0	1
CRCT1	0	0	0
LCE3E	0	0	0
LCE3D	0	0	0
LCE3C	0	0	0
LCE3B	0	0	0
LCE3A	0	0	0
LINC00302	0	0	0
LCE2D	0	0	0
LCE2C	0	0	0
LCE2B	0	0	0
LCE2A	0	0	0
LCE4A	0	0	0
KPLCE	0	0	0
KPRP	0	0	0
LCE1F	0	0	0
LCE1E	0	0	0
LCE1D	0	0	0
LCE1C	0	0	0
LCE1B	0	0	0
LCE1A	0	0	0
LCE6A	0	0	0
LCE7A	0	0	0
LOC105371444	0	0	0
LOC105371445	0	0	0
SMCP	0	0	0
IVL	0	0	0
LINC01527	0	0	0
SPRR5	0	0	0
SPRR4	0	0	0
SPRR1A	0	0	0
SPRR3	0	0	0
LOC105371446	0	0	0
LOC124900435	0	0	0
SPRR1B	0	0	0
SPRR2D	0	0	0
SPRR2A	0	0	0
SPRR2B	0	0	0
SPRR2E	0	0	0
SPRR2F	0	0	0
SPRR2C	0	0	0
SPRR2G	0	0	0
LOC101928009	0	0	0
LELP1	0	0	0
PRR9	0	0	0
LORICRIN	0	0	0
PGLYRP3	0	0	0
PGLYRP4	0	0	0
S100A9	106	0	106
S100A12	2	0	2
S100A8	39	0	39
S100A7A	0	0	0
S100A7	0	0	0
LOC124904422	1	0	1
LOC124904423	33	3760	3
S100A6	69	0	3798
S100A5	0	0	1
S100A4	1901	2	5174
LOC101928034	102	3655	139
S100A3	42	51	51
S100A2	50	0	50
S100A16	4710	0	4710
S100A14	97	0	97
S100A13	944	748	1008
S100A1	10	31	18
CHTOP	1126	37	1859
SNAPIN	862	4	863
ILF2	6007	18	6000
TRX-CAT1-1	2	2	0
NPR1	3686	21	3675
MIR8083	0	4	0
INTS3	1	0	1
LOC124904820	0	0	0
SLC27A3	0	0	0
LOC124904424	0	0	0
LOC124904426	0	0	0
LOC343052	0	0	0
LOC124904425	0	0	0
GATAD2B	13	0	13
LOC101928059	7	243	0
DENND4B	1680	2	1914
CRTC2	1306	2	1304
SLC39A1	4774	81	4774
MIR6737	0	0	0
CREB3L4	274	32	374
JTB	4598	25	4629
JTB-DT	45	15	38
RAB13	2350	1	2352
RPS27	5476	2	5474
NUP210L	4	4	0
MIR5698	0	0	0
TPM3	7675	1	7674
MIR190B	0	0	0
CFAP141	0	0	0
LTAP1	7356	0	7357
UBAP2L	5990	1	5990
SNORA58B	3	0	3
HAX1	1876	0	1876
LOC124904806	0	0	0
AQP10	0	0	0
ATP8B2	161	0	161
IL6R-AS1	1	0	1
IL6R	406	0	406
SHE	0	0	0
TDRD10	3	0	3
UBE2Q1	1432	5	1938
UBE2Q1-AS1	7	518	0
LOC107985206	0	0	0
CHRNB2	1	1	0
ADAR	7843	2	7851
LOC124904427	4	10	4
LOC124904428	31	0	31
KCNN3	1	0	1
LOC124904429	0	0	0
LOC105371449	2	0	2
PMVK	422	1	421
PBXIP1	1183	1	1182
PYGO2	989	15	1089
PYGO2-AS1	9	698	38
SHC1	4532	18	5129
CKS1B	1785	1	1787
MIR4258	5	1	5
FLAD1	1928	8	1920
LENEP	9	9	0
ZBTB7B	4112	4	4108
DCST2	62	0	75
DCST1	23	157	8
DCST1-AS1	47	88	169
ADAM15-EFNA4	0	0	0
ADAM15	64	0	64
EFNA4-EFNA3	0	0	0
EFNA4	0	0	0
EFNA3	0	0	0
EFNA1	2618	0	2618
SLC50A1	1655	3	1652
DPM3	553	0	553
KRTCAP2	1357	1	1357
TRIM46	18	3	16
MUC1	1273	3	1270
THBS3-AS1	8	143	50
MIR92B	0	0	0
THBS3	253	95	368
MTX1	994	36	982
GBA1LP	131	1	130
GBA1	166	0	166
ENTREP3	0	0	0
SCAMP3	0	0	0
CLK2	0	0	0
HCN3	0	0	0
PKLR	1	0	1
FDPS	1031	24	5871
RUSC1-AS1	151	4990	60
RUSC1	1386	37	1379
ASH1L	1317	25	1323
MIR555	0	0	0
LOC124904842	0	0	0
POU5F1P4	0	0	0
ASH1L-AS1	20	10	27
MSTO1	488	8	625
LOC105371452	1	142	0
YY1AP1	2119	14	2289
SCARNA26A	0	0	0
DAP3	3158	176	3183
LOC124904431	13	26	0
GON4L	1008	224	1175
MSTO2P	0	180	149
SCARNA26B	0	0	0
SYT11	0	0	0
RIT1	263	0	263
KHDC4	1456	0	1457
SNORA80E	4	0	4
SCARNA4	0	0	0
LOC107985207	2	1	2
RXFP4	1	0	1
ARHGEF2	2738	6	2732
MIR6738	0	0	0
ARHGEF2-AS2	33	0	33
ARHGEF2-AS1	10	10	0
SSR2	3491	1	4428
LOC105371729	0	948	1
UBQLN4	2061	1	2071
LAMTOR2	752	0	752
RAB25	0	0	0
MEX3A	177	0	177
LMNA	14347	7	14340
SEMA4A	0	0	0
SLC25A44	750	0	750
PMF1-BGLAP	0	2	0
PMF1	131	0	131
BGLAP	1	0	1
PAQR6	348	0	350
SMG5	2162	91	2168
TMEM79	165	61	203
GLMP	1396	0	1398
VHLL	1	0	1
CCT3	12625	0	12640
TSACC	19	19	15
RHBG	0	0	0
MIR9-1HG	0	0	0
MIR9-1	0	0	0
MEF2D	0	0	0
IQGAP3	0	0	0
LOC124904843	0	0	0
TTC24	0	0	0
NAXE	0	0	0
GPATCH4	0	0	0
HAPLN2	0	0	0
LOC101928177	0	0	0
BCAN	6	63	1
BCAN-AS2	0	0	56
NES	376	0	376
CRABP2	63	0	63
ISG20L2	1009	48	1021
METTL25B	573	12	621
MRPL24	1632	2	1630
HDGF	10761	35	10737
PRCC	2299	2	2308
SH2D2A	59	0	59
NTRK1	3	0	4
INSRR	2	3	0
PEAR1	16	1	15
LRRC71	2	2	0
ARHGEF11	1085	2	1083
MIR765	0	0	0
LOC102724222	0	0	0
ETV3L	0	0	0
ETV3	559	0	559
CYCSP52	0	0	0
LOC107985211	0	0	0
LOC105371456	0	0	0
LINC02772	0	0	0
LOC101928202	0	0	0
FCRL5	0	0	0
FCRL4	0	0	0
LOC105371457	0	0	0
FCRL3	0	0	0
FCRL3-AS1	0	0	0
FCRL2	0	0	0
FCRL1	0	0	0
CD5L	0	0	0
LOC105371458	0	0	0
LOC105371459	0	0	0
KIRREL1	2413	0	2413
KIRREL1-IT1	1	0	1
SMIM42	0	0	0
LINC01704	0	0	0
LOC105371460	0	0	0
CD1D	2	0	2
CD1A	0	0	0
CD1B	0	0	0
CD1C	0	0	0
CD1E	0	0	0
OR10T2	0	0	0
OR10K2	0	0	0
LOC107985212	0	0	0
OR10K1	0	0	0
OR10R2	0	0	0
LOC107985213	0	0	0
OR6Y1	0	0	0
OR6P1	0	0	0
OR10X1	0	0	0
OR10Z1	0	0	0
SPTA1	0	0	0
OR6K2	0	0	0
OR6K3	0	0	0
OR6K6	0	0	0
OR6N1	0	0	0
OR6N2	0	0	0
MNDA	0	0	0
PYHIN1	1	0	1
PYDC5	0	5	0
IFI16	1406	1	1420
LOC124904432	0	0	0
AIM2	0	10	0
TRR-TCT4-1	0	0	0
CADM3	0	0	0
CADM3-AS1	0	0	0
ACKR1	0	0	0
FCER1A	0	0	0
OR10J3	0	0	0
LOC124904433	0	0	0
OR10J1	0	0	0
OR10J4	0	0	0
LINC02819	0	0	0
OR10J5	0	0	0
APCS	0	0	0
CRP	0	0	0
LOC101928264	3	0	3
DUSP23	679	3	676
LOC105371464	0	0	0
FCRL6	0	0	0
SLAMF8	2	14	0
SNHG28	2	0	14
LOC124900450	0	0	0
VSIG8	0	8	2
LOC107985216	155	2	167
CFAP45	6	1	5
LOC124904434	0	0	0
MIR4259	0	0	0
LOC124904435	0	0	0
TAGLN2	10262	5	12124
LOC124904437	9	1875	1
IGSF9	103	1	103
LOC124904438	1	1	1
SLAMF9	25	25	0
LINC01133	101	0	101
LOC124904436	0	0	0
PIGM	334	2	332
KCNJ10	10	10	0
KCNJ9	8	4	4
IGSF8	3485	6	3479
ATP1A2	1	0	1
ATP1A4	1	3	0
CASQ1	6	2	4
PEA15-AS1	1	205	3
PEA15	1043	17	1236
DCAF8	2075	5	2180
DCAF8-DT	15	117	5
PEX19	1744	0	1744
LOC107985219	10	2317	12
COPA	5283	8	7595
SUMO1P3	2	0	2
NCSTN	3631	2	3630
NHLH1	19	0	19
LOC105371466	0	0	0
VANGL2	4	0	4
LOC105371467	0	0	0
SLAMF6	0	0	0
CD84-AS1	0	0	0
CD84	0	0	0
SLAMF1	0	0	0
LOC107985220	0	0	0
CD48	0	0	0
LOC124904439	1	0	1
LOC124904440	0	0	0
SLAMF7	0	0	0
LOC105371470	0	0	0
LY9	0	0	0
CD244	0	0	0
ITLN1	0	0	0
LOC124904441	0	0	0
LOC101928372	0	0	0
ITLN2	0	0	0
F11R	1607	1	1606
TSTD1	2	0	2
USF1	1088	0	1088
ARHGAP30	9	6	3
NECTIN4	14	0	14
NECTIN4-AS1	0	0	0
KLHDC9	0	0	0
PFDN2	1032	0	1035
NIT1	659	349	687
DEDD	481	49	809
LOC112543491	7	0	7
LOC124900457	2	1	1
UFC1	1210	3	1209
USP21	961	1	960
PPOX	461	129	465
B4GALT3	941	8	1066
ADAMTS4	105	2	103
NDUFS2	3541	1	3540
FCER1G	2	0	2
APOA2	0	0	0
TOMM40L	246	0	393
MIR5187	0	0	0
NR1I3	16	163	0
PCP4L1	0	0	0
LOC105371472	0	0	0
LOC107985221	0	0	0
LOC124904442	0	0	0
MPZ	3	0	3
SDHC	2158	0	2158
CFAP126	157	157	0
LOC124904443	1	0	1
TRV-CAC1-1	0	0	0
TRE-TTC4-2	0	0	0
TRN-GTT2-2	0	0	0
TRG-TCC4-1	1	0	1
TRD-GTC2-1	1	0	1
TRL-CAG1-1	0	0	0
TRG-GCC1-1	0	0	0
TRE-CTC1-2	0	0	0
TRG-TCC2-2	0	0	0
TRD-GTC2-2	0	0	0
TRL-CAG1-2	0	0	0
TRG-GCC1-2	0	0	0
TRE-CTC1-3	0	0	0
TRG-TCC2-3	0	0	0
TRD-GTC2-3	0	0	0
TRL-CAG1-3	0	0	0
TRG-GCC1-3	0	0	0
TRE-CTC1-4	0	0	0
TRG-TCC2-4	0	0	0
TRD-GTC2-4	0	0	0
TRL-CAG1-4	0	0	0
TRG-GCC1-4	0	0	0
TRE-CTC1-5	0	0	0
TRG-TCC2-5	0	0	0
TRD-GTC2-5	0	0	0
TRL-CAG1-5	0	0	0
TRG-GCC4-1	0	0	0
LOC105371473	0	0	0
FCGR2A	28	0	28
TRG-GCC2-1	0	0	0
HSPA6	20	0	20
TRL-CAG1-6	0	0	0
TRG-TCC2-6	0	0	0
TRN-GTT1-1	0	0	0
FCGR3A	1	1	0
FCGR2C	0	0	0
HSPA7	0	0	0
TRL-CAA6-1	0	0	0
FCGR3B	0	0	0
FCGR2B	0	0	0
RPL31P11	0	0	0
FCRLA	0	0	0
FCRLB	6	1	5
DUSP12	629	11	618
ATF6-DT	0	0	0
ATF6	1617	0	1617
LOC124904444	4	0	4
OLFML2B	1	1	0
NOS1AP	66	0	66
LOC105371475	0	0	0
MIR4654	0	0	0
LOC124904445	0	0	0
MIR556	0	0	0
SPATA46	0	0	0
C1orf226	302	0	302
SH2D1B	0	0	0
UHMK1	2853	0	2853
UAP1-DT	0	0	0
UAP1	2608	0	2608
DDR2	2515	0	2515
HSD17B7	396	0	396
CCDC190	0	0	0
LOC107985223	0	0	0
RGS4	1	0	1
LOC124904446	0	0	0
RGS5	35	0	35
RGS5-AS1	0	1	0
LOC127814295	102	0	102
NUF2	862	0	862
LOC100422212	0	0	0
LOC124904447	0	0	0
PBX1	1467	0	1467
PBX1-AS1	0	0	0
LOC107985451	0	0	0
LOC107985452	0	0	0
LMX1A	0	0	0
LMX1A-AS2	0	0	0
LMX1A-AS1	0	0	0
RXRG	1	0	1
LRRC52-AS1	0	0	0
LOC124904448	0	0	0
LRRC52	0	0	0
MGST3	3480	0	3480
ALDH9A1	3452	1	3451
CA14P1	0	0	0
TMCO1	2101	1	2100
TMCO1-AS1	9	0	9
UCK2	3033	9	3024
MIR3658	0	0	0
FAM78B	3	0	3
FAM78B-AS1	2	0	2
MIR921	1	0	1
LOC112268276	0	0	0
LINC01675	0	0	0
FMO9P	0	0	0
POGK	1637	5	1632
TADA1	373	10	363
ILDR2	0	0	0
LOC124904449	0	0	0
MAEL	0	0	0
LOC124904834	0	0	0
GPA33-AS1	0	0	0
GPA33	0	0	0
LOC124904451	0	0	0
STYXL2	0	0	0
LOC105371601	0	0	0
LINC01363	1	0	1
POU2F1-DT	12	0	12
POU2F1	567	0	567
LOC124900412	11	0	11
CD247	0	0	0
LOC101928512	0	0	0
LOC107985224	2	0	2
CREG1	2472	1	2471
RCSD1	0	0	0
TRP-CGG1-1	0	0	0
TRP-AGG2-1	0	0	0
MPZL1	3212	2	3210
ADCY10	5	1	4
DCAF6	1963	25	2007
MPC2	1197	46	1220
MIR1255B2	0	0	0
GPR161	603	2	601
TIPRL	959	0	959
SFT2D2	1860	0	1945
ANKRD36BP1	0	85	0
TBX19	22	0	22
MIR557	0	0	0
LOC125312414	0	0	0
LOC100505918	0	0	0
LOC101928565	0	0	0
XCL2	0	0	0
XCL1	2	0	2
LOC105371604	0	0	0
DPT	0	0	0
LOC124904452	0	0	0
LINC00626	0	0	0
LOC105371606	0	0	0
LINC00970	1	1	0
LOC101928596	0	0	0
ATP1B1	4525	37	5107
NME7	349	583	385
BLZF1	587	1	586
CCDC181	8	5	3
SLC19A2	1122	2	1120
F5	1	0	1
SELP	0	0	0
LOC107985745	0	0	0
SELL	0	0	0
SELE	0	0	0
LOC101928628	0	0	0
FIRRM	580	172	783
METTL18	114	1	144
SCYL3	221	249	316
KIFAP3	1067	0	1067
NTMT2	0	0	0
MIR3119-2	0	0	0
MIR3119-1	0	0	0
LINC01681	0	0	0
LINC01142	0	0	0
GORAB-AS1	1	1	1
GORAB	474	0	475
LOC124904453	0	0	0
LOC105371610	0	0	0
PRRX1	0	0	0
LOC124904454	0	0	0
LOC124904455	0	0	0
MROH9	0	0	0
FMO3	0	0	0
MIR1295A	0	0	0
MIR1295B	0	0	0
FMO1-AS1	0	0	0
FMO6P	0	0	0
FMO2	0	0	0
LOC124900413	0	0	0
FMO1	0	0	0
FMO4	3	0	3
TOP1P1	0	0	0
LOC124904828	0	0	0
PRRC2C	4826	2	4824
LOC124904697	0	0	0
MYOCOS	0	0	0
MYOC	0	0	0
VAMP4	272	0	272
METTL13	1656	0	1656
DNM3	14	17	13
DNM3-IT1	0	0	0
DNM3OS	1	1	0
MIR214	0	0	0
MIR3120	0	0	0
MIR199A2	0	0	0
LOC102724528	0	0	16
C1orf105	0	109	0
PIGC	576	0	685
SUCO	614	2	612
FASLG	0	0	0
LOC107985225	0	0	0
LOC105371618	0	0	0
TNFSF18	4	0	4
TNFSF4	56	0	56
LOC100506023	31	0	33
PRDX6-AS1	40	0	40
PRDX6	13258	14	13453
LOC124904456	6	210	0
SLC9C2	12	0	12
ANKRD45	11	4	11
TEX50	0	0	0
LOC105371619	0	0	0
LOC124904822	0	0	0
KLHL20	467	0	471
CENPL	286	104	307
DARS2	1165	24	1267
GAS5-AS1	3	125	1
GAS5	1141	1	1235
SNORD81	0	0	0
SNORD47	2	0	2
SNORD80	81	4	77
SNORD79	1	0	1
SNORD78	9	0	9
SNORD44	6	0	6
SNORA103	0	0	0
SNORD77	1	0	1
SNORD76	1	0	1
SNORD75	0	0	0
SNORD74	39	0	39
ZBTB37	287	1	287
SERPINC1	0	0	0
LOC124904457	0	0	0
RC3H1	466	0	466
RC3H1-DT	0	0	0
RABGAP1L-DT	1	0	1
RABGAP1L	503	6	497
LOC124904825	0	0	0
GPR52	0	0	0
RABGAP1L-AS1	0	0	1
LOC105371622	0	16	3
CACYBP	2843	56	2820
MRPS14	500	7	506
TNN	0	0	0
KIAA0040	990	0	990
LOC105371623	0	0	0
TNR	0	0	0
LOC124904458	0	0	0
LINC01657	0	0	0
LINC02803	7	0	7
COP1	888	0	888
MIR1843	0	0	0
SCARNA3	0	0	0
COP1-DT	0	0	0
LOC124904756	0	0	0
PAPPA2	3	0	3
ASTN1	0	0	0
MIR488	0	0	0
BRINP2	0	0	0
LOC105371625	0	0	0
LINC01645	0	0	0
LINC01741	0	0	0
CRYZL2P-SEC16B	0	0	0
SEC16B	0	0	0
CRYZL2P	0	0	0
LOC124904459	0	0	0
RASAL2-AS1	20	2	20
RASAL2	548	0	555
LOC105371630	5	0	5
LOC105371629	1	0	1
CLEC20A	17	22	0
LOC101928866	0	0	0
TEX35	0	0	0
LOC105371631	0	0	0
LOC124904460	9	5	5
C1orf220	29	0	30
LOC105371632	1	1	0
MIR4424	0	0	0
RALGPS2-AS1	2	11	4
RALGPS2	946	2	957
LOC124904462	0	0	0
ANGPTL1	14	5	9
LOC102724754	0	0	0
FAM20B	2217	0	2217
TOR3A	880	3	877
ABL2	1228	2	1226
LOC124900429	0	0	0
SOAT1	1959	0	1959
AXDND1	0	0	0
NPHS2	0	0	0
TDRD5	0	0	0
LOC105371635	0	0	0
FAM163A	0	0	0
LOC128071543	0	0	0
MIR12116	0	0	0
LOC105371634	0	0	0
LINC02818	4	0	4
LOC124904463	0	0	0
TOR1AIP2	1787	0	1787
TOR1AIP1	1202	0	1202
LOC139427322	0	0	0
LOC101928933	2	1	1
CEP350	1031	0	1031
LOC105371636	1	4	1
QSOX1	3528	1	3531
LHX4	39	111	423
ACBD6	1012	329	1055
LHX4-AS1	0	0	0
LOC105371637	0	0	0
MIR3121	0	0	0
OVAAL	0	0	0
XPR1	1203	5	1198
LOC124904464	6	0	6
LINC02816	10	0	10
KIAA1614	62	61	17
LOC107985231	1	3	1
KIAA1614-AS1	1	4	5
STX6	1115	0	1115
MR1	621	0	621
LOC124904465	5	1	4
IER5	2485	3	2482
LINC01732	0	0	0
LINC01699	0	0	0
LOC107985454	0	0	0
CACNA1E	0	0	0
LOC107985232	0	0	0
LOC105371640	0	0	0
ZNF648	0	0	0
LOC105371642	0	0	0
LINC01344	0	0	0
GLUL	753	0	753
TEDDM1	0	0	0
LINC00272	0	0	0
RGSL1	0	0	0
RNASEL	41	0	41
RGS16	12	0	12
LINC01686	1	0	1
RGS8	0	0	0
LINC01688	0	0	0
NPL	102	0	102
DHX9-AS1	12	74	9
DHX9	6029	3	6097
SHCBP1L	0	0	0
LAMC1	5901	4	5897
LAMC1-AS1	8	8	0
LAMC2	18	0	18
NMNAT2	4	0	4
LOC105371646	1	0	1
SMG7-AS1	9	4	8
SMG7	2993	1	2995
NCF2	269	2	267
ARPC5	4731	2	4729
RGL1	6	0	6
APOBEC4	1	1	0
COLGALT2	0	0	0
TSEN15	524	0	524
LOC102724830	18	0	18
LOC124904466	0	0	0
LOC124904467	0	0	0
C1orf21-DT	5	0	5
C1orf21	410	0	410
LOC107985236	0	0	0
LOC124904468	0	0	0
LOC105371648	0	0	0
EDEM3	569	0	569
LOC105371649	0	0	0
NIBAN1	791	0	791
LOC107985238	0	0	0
LOC124904469	4	0	4
LINC01633	0	0	0
RNF2	392	0	392
TRMT1L	583	3	581
SWT1	80	6	84
LOC105371651	14	11	12
IVNS1ABP	2601	0	2601
CBSLR	27	0	27
GS1-279B7.1	0	0	0
LOC107985239	0	0	0
LINC01350	0	0	0
GS1-204I12.4	0	0	0
HMCN1	2	0	2
LOC105371654	0	0	0
LOC124904471	0	0	0
PRG4	2006	295	2640
TPR	5498	648	5779
ODR4	826	0	826
PDC-AS1	0	0	0
PDC	2	2	0
PTGS2	337	0	339
PACERR	21	2	21
PLA2G4A	2375	0	2375
LINC01036	0	0	0
LOC105371655	0	0	0
LINC01037	0	0	0
LOC105371656	0	0	0
LINC03121	0	0	0
LINC01035	0	0	0
LOC105371657	2	0	2
LINC01701	0	0	0
BRINP3	223	4	287
LOC105371659	0	67	0
LOC105371658	0	0	0
BRINP3-DT	46	2	45
LINC01720	0	0	0
LINC01680	0	0	0
LINC02770	0	0	0
LOC105371661	0	0	0
RGS18	0	0	0
LOC105371662	0	0	0
RGS21	0	0	0
LOC124904473	0	0	0
LOC124904472	0	0	0
LOC105371664	0	0	0
RGS1	0	0	0
LOC107985241	0	0	0
RGS13	0	0	0
MIR4426	29	0	29
LOC105371665	0	0	0
RGS2	657	0	657
LOC105371668	0	0	0
LOC105371667	0	0	0
RGS2-AS1	2	0	2
UCHL5	2055	22	2070
SCARNA18B	0	0	0
RO60	965	47	955
GLRX2	286	0	286
LOC124904474	0	0	0
CDC73	1122	1	1121
MIR1278	0	0	0
B3GALT2	0	0	0
LINC01031	0	0	0
LOC124904475	2	0	2
LOC124904476	0	0	0
LOC107985242	0	0	0
LOC105371670	0	0	0
LOC107985458	0	0	0
LOC105371671	2	0	2
LOC105371672	3	0	3
LINC01724	0	0	0
LOC105371674	0	0	0
KCNT2	0	0	0
LOC124904597	0	0	0
MIR4735	0	0	0
CFH	20	0	20
CFHR3	3	0	3
CFHR1	2	0	2
CFHR4	0	0	0
LOC105371675	26	0	26
CFHR2	0	0	0
CFHR5	0	0	0
F13B	0	0	0
ASPM	2522	0	2522
ZBTB41	408	0	408
CRB1	30	4	26
LOC124904477	0	0	0
DENND1B	383	1	382
C1orf53	58	0	58
LHX9	2	0	2
NEK7	1453	2	1451
LOC105371677	0	0	0
ATP6V1G3	0	0	0
LOC124904478	0	0	0
PTPRC	1	0	1
PTPRC-AS1	0	0	0
MIR181A1HG	1	0	1
MIR181B1	0	0	0
MIR181A1	0	0	0
LINC01222	0	0	0
LINC01221	0	0	0
LOC107985243	0	0	0
LINC02789	0	0	0
LOC105371680	0	0	0
LOC105371682	0	0	0
LOC124904853	0	0	0
NR5A2	8	0	8
LOC107985244	0	0	0
LOC124904479	0	0	0
LINC00862	3	0	3
ZNF281	712	0	712
LOC124900414	3	0	3
LOC124904480	4	4	0
LOC107985459	0	0	0
KIF14	724	0	724
DDX59	614	2	614
DDX59-AS1	1	1	2
CAMSAP2	1330	0	1330
GPR25	0	0	0
INAVA	2	0	2
MROH3P	0	0	0
KIF21B	286	0	286
LOC101929305	0	0	0
CACNA1S	0	0	0
LOC124904481	0	0	0
ASCL5	0	0	0
TMEM9	2475	2	2473
IGFN1	0	0	0
PKP1	4	0	4
LOC101929326	0	0	0
TNNT2	0	0	0
LAD1	0	0	0
LOC101929343	0	0	0
TNNI1	0	0	0
PHLDA3	2429	2	2427
CSRP1	3651	1	3656
CSRP1-AS1	168	7	168
LOC124904484	1	0	2
RPS10P7	40	2	38
NAV1	1709	28	1786
LOC124904482	46	5	41
IPO9-AS1	1	257	12
MIR5191	0	0	0
LOC124904483	6	5	1
MIR1231	0	0	0
IPO9	4136	12	4287
MIR6739	2	0	2
SHISA4	50	0	50
LMOD1	8	2	6
TIMM17A	3227	1	3226
SNORA70H	0	0	0
RNPEP	3937	72	3904
ELF3-AS1	87	27	105
MIR6740	0	0	0
ELF3	1593	5	1594
LOC105371684	0	0	0
GPR37L1	22	11	26
LOC105371683	0	4	0
ARL8A	495	0	506
PTPN7	0	0	0
PTPRVP	1	0	1
LGR6	0	0	0
LOC124904840	0	0	0
LOC101929388	0	0	0
LOC124904839	0	0	0
UBE2T	1509	1	1508
PPP1R12B	543	1	552
LOC124900426	0	0	0
SYT2	13	23	0
KDM5B	2932	1	2931
LOC124904583	0	15	0
PCAT6	0	0	15
MGAT4EP	0	0	0
ACTG1P25	2	0	2
RABIF	308	1	307
KLHL12	552	0	552
ADIPOR1	4143	0	4143
CYB5R1	1310	1	1309
MGAT4FP	1	2	0
TMEM183A	2180	6	2175
PPFIA4	758	0	758
LOC105371687	7	7	0
MYOG	0	0	0
MYOPARR	0	0	0
ADORA1	93	0	93
MYBPH	0	0	0
CHI3L1	0	0	0
LOC124904485	0	0	0
CHIT1	0	0	0
LOC124904486	0	0	0
LINC01353	0	0	0
BTG2-DT	4	0	4
BTG2	894	1	893
FMOD	1	0	1
LOC102723529	0	0	0
BMNCR	0	0	0
LOC124904487	0	0	0
PRELP	0	0	0
OPTC	3	3	0
LOC105371688	20	18	4
LOC124904488	1	0	3
ATP2B4	3561	0	3561
SNORA77	4	0	4
LINC00260	5	0	5
LOC102723543	4	4	0
LAX1	0	0	0
ZBED6	219	0	219
ZC3H11A	0	0	0
LOC128031836	0	0	0
SNRPE	1067	0	1067
LOC105371689	0	0	0
LINC00303	1	1	0
SOX13	1275	0	1275
ETNK2	28	5	25
ERLNC1	0	2	0
REN	0	0	0
KISS1	0	0	0
GOLT1A	0	0	0
PLEKHA6	185	0	185
LINC00628	0	0	0
PPP1R15B	5891	10	5881
PIK3C2B	3268	6	3354
LOC124904584	35	92	35
TRK-TTT3-1	0	0	0
TRK-TTT3-2	0	0	0
MDM4	935	0	935
LRRN2-AS1	32	600	16
LRRN2	11	3	592
LOC124904490	0	0	0
LOC105371693	0	0	0
LOC105371695	0	0	0
LOC105371694	0	0	0
NFASC	0	0	0
CNTN2	2	2	0
TMEM81	51	0	51
RBBP5	418	0	418
DSTYK	452	0	452
TMCC2	87	0	87
TMCC2-AS1	0	0	0
NUAK2	274	6	268
KLHDC8A	0	0	0
LEMD1-AS1	0	0	0
LOC105371698	0	0	0
LEMD1	3	0	3
BLACAT1	34	0	34
MIR135B	0	0	0
LEMD1-DT	0	0	0
TRK-TTT8-1	0	0	0
CDK18	1192	2	1190
SLC60A1-AS1	0	0	0
SLC60A1	17	6	12
LOC124904491	0	0	0
ELK4	799	1	799
SLC45A3	167	0	181
LOC105371701	4	17	1
NUCKS1	8152	1	8151
LOC124900423	0	0	0
RAB29	819	1	818
SLC41A1	1217	0	1217
PM20D1	0	0	0
LOC107985250	0	0	0
PM20D1-AS1	0	0	0
SLC26A9	8	0	8
SLC26A9-AS1	2	0	2
LOC103021295	7	0	7
RAB7B	5	0	5
CTSE	0	0	0
RHEX	0	0	0
LOC105372857	0	0	0
LOC124900428	0	0	0
AVPR1B	0	0	0
AVPR1B-DT	0	0	0
LOC105372869	0	0	0
LOC105372873	0	0	0
FAM72A	118	29	119
SRGAP2	1102	2	1130
IKBKE	211	4	255
MIR6769B	0	0	0
IKBKE-AS1	2	48	2
LOC124904493	5	5	1
RASSF5	594	1	594
LOC124904494	0	0	0
EIF2D	1492	5	1487
DYRK3-AS1	0	33	0
DYRK3	647	0	680
LOC124904496	0	1	0
LOC124904495	4	1	4
MAPKAPK2	1952	1	1951
IL10	0	0	0
IL19	0	0	0
LOC105372878	0	0	0
IL20	0	0	0
LOC105372879	0	0	0
IL24	4	3	5
FCMR	14	1	17
PIGR	0	0	0
FCAMR	0	0	0
C1orf116	2	0	2
PFKFB2	813	0	815
LOC124904826	0	0	0
YOD1	1519	2	1519
C4BPB	3502	0	3502
C4BPA	19533	4	19554
LOC107985251	63	2864	3
LINC02942	24	0	24
CD55	16504	10	19273
LOC124904498	0	0	0
LOC105372880	0	0	0
CR2	0	0	0
CR1	0	0	0
CR1L	0	0	0
CD46	8665	3	8662
MIR29B2CHG	3	0	3
MIR29C	0	0	0
MIR29B2	0	0	0
LOC148696	0	0	0
CD34	0	0	0
LOC107985253	0	0	0
LINC02767	1	0	1
PLXNA2	683	0	686
LOC105372887	0	0	0
LOC124904499	0	0	0
LOC124904500	0	0	0
LOC105372884	0	3	0
LOC105372889	0	0	0
LOC124904501	0	0	0
LOC107985460	0	0	0
LINC01735	0	0	0
LINC02769	0	0	0
LOC105372892	0	0	0
LINC01717	0	0	0
LOC107985255	0	0	0
LINC01774	0	0	0
LOC105372895	0	0	0
LOC105372896	0	0	0
LINC01696	0	0	0
LINC01698	0	0	0
MIR205HG	0	0	0
MIR205	0	0	0
LOC105372898	0	0	0
LOC105372899	0	0	0
LOC107985256	0	0	0
CAMK1G	11	1	10
LAMB3	5041	1	5040
MIR4260	0	0	0
HSD11B1-AS1	1	0	1
G0S2	0	0	0
HSD11B1	0	0	0
TRAF3IP3	0	61	0
C1orf74	80	0	141
IRF6	0	0	0
UTP25	676	0	676
SYT14	0	0	0
SERTAD4-AS1	0	0	0
SERTAD4	0	0	0
LINC02602	0	0	0
LOC124904502	0	0	0
HHAT	0	0	0
LOC124904503	0	0	0
KCNH1	0	0	0
LOC105372901	0	0	0
KCNH1-IT1	0	0	0
LOC105372902	11	0	11
RCOR3	835	0	835
TRAF5	271	0	271
LOC124904504	5	1	4
LINC00467	51	0	102
LOC107985259	0	51	0
RD3	0	0	0
LOC107985261	0	0	0
LOC107985260	0	0	0
SLC30A1	2158	66	2092
LOC105372903	1	0	1
NTRAS	90	0	90
NEK2	1356	2	1354
NEK2-DT	1	0	1
LOC105372904	0	0	0
LPGAT1	2576	0	2576
LPGAT1-AS1	1	0	1
LOC124904505	4	4	0
INTS7	1153	0	1153
LOC124900448	2	2	0
DTL	2381	0	2381
RPL21P28	15	0	15
MIR3122	1	0	1
LINC02608	3	0	3
PPP2R5A	1229	5	1224
SNORA16B	0	0	0
PACC1	254	1	253
LOC105372906	6	0	6
NENF	880	0	880
LOC124904506	1	0	1
LINC02771	0	0	0
LOC105372908	0	0	0
LINC01740	2	2	0
ATF3	866	1	865
GARIN4	0	0	0
LINC02773	2	0	2
BATF3	32	0	32
LOC124904694	0	0	0
NSL1	904	6	902
TATDN3	582	0	586
SPATA45	0	0	0
FLVCR1-DT	72	0	72
FLVCR1	442	0	442
LOC124904507	0	0	0
VASH2	3	3	0
ANGEL2	549	0	549
RPS6KC1	1066	0	1066
PROX1-AS1	0	0	0
LINC00538	0	0	0
LOC124904651	0	0	0
PROX1	0	0	0
LINC02775	0	0	0
LOC124904509	7	0	7
SMYD2	675	2	673
PTPN14	1401	0	1401
LOC124904508	0	0	0
CENPF	5604	2	5602
LOC105372916	0	0	0
LOC124904510	0	0	0
KCNK2	0	0	0
LOC124904511	0	0	0
LOC124904598	0	0	0
LOC124904599	3	25	6
KCTD3	2356	7	2377
USH2A	12	12	0
LOC124904778	0	0	0
USH2A-AS2	0	0	0
USH2A-AS1	0	0	0
LOC107985596	0	0	0
ESRRG	0	0	0
LOC124904512	0	0	0
LOC107985461	0	0	0
LOC105372920	0	0	0
LOC124904807	0	0	0
GPATCH2	301	0	301
SPATA17	26	0	35
SPATA17-AS1	0	9	0
LINC00210	0	0	0
LOC105372922	0	0	0
LINC01653	0	0	0
LOC105372923	0	0	0
RRP15	638	0	638
TGFB2-AS1	0	1	0
TGFB2	62	0	63
TGFB2-OT1	0	0	0
LINC02869	0	0	0
LOC124904666	0	0	0
LOC105372924	0	0	0
LINC01710	0	0	0
LOC124904513	0	0	0
LYPLAL1-DT	0	0	0
LYPLAL1	224	0	224
LOC107984018	0	0	0
LYPLAL1-AS1	0	0	0
LOC124904514	0	0	0
ZC3H11B	4	0	4
LOC105372926	0	0	0
SLC30A10	2	0	2
LOC107985281	0	0	0
LOC124904668	0	0	0
EPRS1	5944	3	5941
LOC124904819	0	0	0
BPNT1	1016	0	1016
IARS2	7719	5	7726
LOC105373475	0	0	0
LOC124904515	0	0	0
MIR215	0	0	0
MIR194-1	1	1	0
LOC124904824	0	0	0
RAB3GAP2	1340	88	1264
MIR664A	0	0	0
SNORA36B	0	0	0
AURKAP1	25	0	25
LINC02779	0	0	0
LOC105372928	0	0	0
MARK1	386	0	386
C1orf115	0	0	0
LOC124904516	2	195	3
MTARC2	426	1	621
MTARC1	3795	4	3791
RNU6ATAC35P	35	0	35
LINC01352	0	0	0
HLX-AS1	0	9	0
HLX	38	0	47
LOC105372930	0	0	0
LOC101929750	0	0	0
LOC105372932	0	0	0
LINC02817	1	0	1
LOC105372934	0	0	0
LOC107985462	0	0	0
LOC105372937	0	0	0
DUSP10	117	0	117
LINC01655	0	0	0
LOC124904517	0	0	0
LINC02257	0	0	0
LINC02474	0	0	0
LINC01705	0	0	0
LOC124904518	0	0	0
TRT-TGT2-1	0	0	0
LOC105372956	0	0	0
LOC124904519	1	1	0
HHIPL2	253	0	253
TAF1A	145	2	145
TAF1A-AS1	17	0	19
MIA3	1938	156	1796
AIDA	1188	6	1197
BROX	989	0	990
FAM177B	4	0	4
LOC105372984	0	0	0
DISP1	1123	2	1121
LOC124904830	0	0	0
LOC124904520	14	0	14
LOC124904521	0	0	0
LOC102724046	0	0	0
LOC107985323	0	0	0
TLR5	18	16	2
LOC124904522	0	0	0
SUSD4	0	0	0
LOC105373025	0	0	0
CCDC185	0	0	0
LOC105373034	0	0	0
CAPN8	0	0	0
LOC105373281	0	0	0
CAPN2	3886	6	4517
LOC105373046	1	1	0
LOC105373041	27	659	4
TP53BP2	965	6	960
GTF2IP20	256	0	256
SEPTIN7P13	97	0	97
LOC105373061	0	0	0
LOC105373056	0	0	0
FBXO28	1753	0	1753
LOC124903813	0	0	0
LOC124900425	0	0	0
DEGS1	6507	1	6506
LOC101927143	10	3	7
LOC101927164	3	292	3
NVL	1824	3	2113
MIR320B2	3	0	3
LOC124904838	0	0	0
CNIH4	1013	0	1013
WDR26	3024	6	3040
MIR4742	0	0	0
CNIH3	10	22	10
CNIH3-AS2	0	0	0
CNIH3-AS1	0	0	0
LOC124904523	0	0	0
LINC02813	0	0	0
LOC105373108	0	0	0
LOC105373109	0	0	0
LOC124904524	0	0	0
DNAH14	38	0	38
LOC124904525	0	0	0
LBR	1741	0	1741
LINC02765	59	3	56
LOC124904526	4	0	4
ENAH	3349	6	3343
LOC102723834	4	1	3
LOC107985352	3	0	3
LOC124904527	0	0	0
SRP9	3994	3	3991
EPHX1	2305	80	2238
TMEM63A	1167	10	1170
LEFTY1	7	0	7
PYCR2	1468	0	1468
MIR6741	0	0	0
LEFTY2	0	0	0
SDE2	747	0	747
H3-3A-DT	4	13	8
H3-3A	3843	4	3856
LINC01703	37	0	37
ACBD3	356	0	616
LOC124904586	0	0	0
ACBD3-AS1	1	261	0
LOC101927247	1	0	1
LOC124904528	0	0	0
MIXL1	0	0	0
LIN9	596	52	544
LOC124904831	0	0	0
LOC124904814	0	0	0
PARP1	6429	3	6426
LOC105373115	0	0	0
LOC105373116	0	0	0
STUM	0	0	0
ITPKB	116	0	116
ITPKB-IT1	0	0	0
LOC124904529	0	0	0
LOC124904530	1	0	1
LOC105373119	1	0	1
PSEN2	756	0	756
LOC107985354	22	0	22
COQ8A	1154	9	1145
CDC42BPA	1214	1	1213
LOC124904531	11	0	11
LINC01641	0	0	0
LOC105373122	0	0	0
ZNF678	107	0	107
ZNF847P	0	0	0
SNAP47	837	759	833
JMJD4	1	2	754
LOC105373289	12	2	10
PRSS38	0	0	0
WNT9A	264	0	264
MIR5008	0	0	0
LOC124904533	18	10	8
LOC107985355	5	1	4
LOC124904532	8	1	7
WNT3A	0	0	0
LINC02809	0	0	0
ARF1	8947	2	8945
MIR3620	0	0	0
C1orf35	624	3	621
MRPL55	866	2	864
GUK1	2969	0	2969
GJC2	8	0	8
LOC124904534	0	4	1
IBA57-DT	0	1	4
IBA57	275	0	275
LOC124904536	10	1	9
OBSCN-AS1	47	7	64
OBSCN	2432	39	3351
LOC124904535	1	31	0
LOC101927401	253	1157	0
TRIM11	825	1	1250
TRIM11-AS1	32	461	0
MIR6742	0	0	0
TRIM17	1	1	0
LOC124904537	1	0	2
H3-4	0	0	0
LOC124904538	0	0	0
H2AC25	0	0	0
H2BC26	0	0	0
MIR4666A	0	0	0
RNF187	0	0	0
BTNL10P	0	0	0
LOC105373124	0	0	0
RNA5S1	0	0	0
RNA5S2	0	0	0
RNA5S3	0	0	0
RNA5S4	0	0	0
RNA5S5	0	0	0
RNA5S6	0	0	0
RNA5S7	0	0	0
RNA5S8	0	0	0
RNA5S9	0	0	0
RNA5S10	0	0	0
RNA5S11	0	0	0
RNA5S12	0	0	0
RNA5S13	0	0	0
RNA5S14	0	0	0
RNA5S15	0	0	0
RNA5S16	0	0	0
RHOU	0	0	0
DUSP5P1	11	0	11
RNA5S17	0	0	0
LOC124904539	3	0	4
LOC105373143	0	1	0
LINC02815	1	0	1
LOC102723935	2	0	2
TMEM78	0	0	0
LOC124904540	0	0	0
RAB4A-AS1	65	25	65
RAB4A	386	0	411
CCSAP	877	12	865
LOC124904541	2	2	0
ACTA1	7	0	7
NUP133	1606	0	1606
NUP133-DT	1	0	1
ABCB10	615	2	613
TAF5L	585	2	584
URB2	599	0	600
LOC105373161	0	0	0
LOC107985464	0	0	0
LOC105373162	0	0	0
LINC01682	0	0	0
LOC105373163	0	0	0
LINC01736	1	0	1
GALNT2	12297	4	12293
LOC124904748	0	0	0
LOC124904542	7	7	0
PGBD5	182	0	182
LOC124904543	1	0	1
LOC105373164	0	0	0
LOC105373165	0	0	0
LOC107985357	0	0	0
LINC01737	0	0	0
LOC124904544	2	0	2
LOC124904545	1	0	1
COG2	912	0	1051
LOC107985358	0	139	0
AGT	30	0	30
CAPN9	0	0	0
CAPN9-AS1	0	0	0
LOC124904546	0	0	0
LOC124904548	0	0	0
C1orf198	551	1	550
LOC101927604	2	0	2
LOC124904547	0	0	0
LOC105373167	0	0	0
TTC13	868	0	868
ARV1	737	0	737
FAM89A	0	0	0
MIR1182	0	0	0
TRIM67	1	1	0
TRIM67-AS1	0	0	0
FSAF1	452	0	452
GNPAT	1312	0	1312
EXOC8	463	0	463
SPRTN	444	3	441
LOC107985360	30	4	26
EGLN1	2153	24	2129
SNRPD2P2	1	0	1
TSNAX-DT	186	0	186
TSNAX-DISC1	0	0	0
TSNAX	554	0	554
LINC00582	0	0	0
DISC1	0	0	0
LOC105373170	0	0	0
DISC2	0	0	0
DISC1-IT1	0	0	0
LOC124904549	0	0	0
LOC105373172	0	0	0
LOC105373171	0	0	0
LOC124904550	0	0	0
LOC101929902	0	0	0
LOC105373196	0	0	0
LOC105373198	1	0	1
SIPA1L2	870	0	870
LOC124904551	4	0	4
LINC01745	0	0	0
LINC01744	0	0	0
LOC107983960	0	0	0
MAP10	0	0	0
LOC101927711	0	0	0
LOC105373201	0	0	0
LOC107985361	3	106	3
NTPCR	597	7	728
PCNX2	180	29	183
MAP3K21	606	0	606
KCNK1	1116	3	1113
MIR4427	0	0	0
LOC107985362	8	3	5
LOC124904552	1	0	1
SLC35F3	200	0	200
LOC107985363	6	0	6
LOC124904553	0	0	0
SLC35F3-AS1	0	0	0
LOC105373206	0	0	0
MIR4671	0	0	0
COA6-AS1	19	273	34
COA6	234	17	505
TARBP1	1298	0	1298
LINC01354	0	0	0
LOC107985465	0	0	0
LOC124900421	0	0	0
IRF2BP2	5254	4	5250
LINC00184	3	3	0
LOC101927787	22	3	19
LOC105373207	12	11	1
LOC124904554	4	0	4
LOC124904555	0	0	0
LOC105373209	3	0	3
LOC105373208	1	1	0
LOC124904556	3	2	1
LINC01132	59	0	59
LOC105373210	0	0	0
LOC107985364	0	0	0
LINC02961	0	0	0
LOC124904557	0	0	0
LOC107985365	2	0	2
LINC02971	0	12	0
LNCATV	2	0	14
LINC03108	21	0	21
LINC01348	99	0	99
TOMM20	6460	1	6459
LOC105379283	5	0	5
SNORA14B	0	0	0
RBM34	1284	0	1284
ARID4B	860	1	861
MIR4753	0	0	0
GGPS1	1011	4	1009
LOC124904559	0	1	0
TBCE	0	0	0
B3GALNT2	1	0	1
GNG4	0	0	0
LOC124904560	0	0	0
LYST	405	2	403
MIR1537	0	0	0
LOC105373215	2	0	2
LINC02768	1	0	1
NID1	2	0	2
GPR137B	0	0	0
ERO1B	0	0	0
LOC124904561	0	0	0
LOC124904562	0	0	0
EDARADD	0	0	0
LGALS8	124	680	4
LGALS8-AS1	1	1	1
HEATR1	1744	2	2301
ACTN2	3	0	3
MTR	1212	1	1211
LOC105373218	1	0	1
LOC124904563	0	0	0
LOC124904564	0	0	0
LOC107985368	0	0	0
MT1HL1	0	0	0
RYR2	146	0	146
MIR4428	0	0	0
LOC100130331	0	0	0
ZP4	0	0	0
LOC105373220	0	0	0
LINC01139	4	0	4
LOC124904565	0	0	0
LOC105373222	0	0	0
LOC124904566	0	0	0
LOC105373223	0	0	0
CHRM3	0	0	0
LOC105373225	0	0	0
CHRM3-AS2	0	0	0
LOC124904567	0	0	0
CHRM3-AS1	0	0	0
LOC105373224	0	0	0
RPS7P5	0	0	0
FMN2	71	0	71
GREM2	0	0	0
LOC124904600	0	0	0
LOC105373228	0	0	0
LOC100506929	0	0	0
RGS7	0	0	0
LOC124904602	0	0	0
MIR3123	0	0	0
LOC124904601	0	0	0
FH	4695	1	4694
KMO	16	1426	0
OPN3	104	0	1477
CHML	0	0	0
WDR64	1	0	3
LOC124904603	8	0	8
LOC105373231	0	0	0
EXO1	1743	0	1743
LOC124904604	20	0	20
BECN2	0	0	0
MAP1LC3C	5	0	5
PLD5	0	0	0
LOC105373235	0	0	0
LOC105373234	0	0	0
LOC107985466	0	0	0
LINC01347	0	0	0
LOC124904568	0	0	0
CEP170	1	0	1
SDCCAG8	0	0	0
MIR4677	0	0	0
LOC124904569	0	0	0
AKT3	0	0	0
AKT3-IT1	0	0	0
LINC02774	0	0	0
LOC105373258	0	0	0
LOC124904570	0	0	0
ZBTB18	42	0	42
LOC440742	0	0	0
LOC105373261	0	0	0
LOC105373260	0	0	0
LOC105373262	0	0	0
SPMIP3	2	2	0
ADSS2	1537	0	1791
CATSPERE	13	259	8
DESI2	1132	0	1132
C1orf202	0	0	0
LOC107985372	1	1	0
COX20	1414	780	638
HNRNPU	11631	25	11610
SNORA100	0	0	0
LOC124904588	0	0	0
EFCAB2-AS1	7	0	7
LOC124900416	1	42	5
DRC8	392	13	435
LOC107985725	0	0	0
LOC124904572	1	0	1
KIF26B	0	0	0
KIF26B-AS1	0	0	0
LOC124904571	0	0	0
LOC105373265	0	0	0
SMYD3	264	0	264
SMYD3-AS1	0	0	0
LOC124904573	0	0	0
SMYD3-IT1	0	0	0
LINC01743	0	0	0
TFB2M	725	0	725
CNST	542	0	542
LOC105373271	0	0	0
LOC102724382	5	0	5
SCCPDH	573	0	573
LINC01341	2	0	2
AHCTF1	2989	2	2987
ZNF670-ZNF695	0	0	0
ZNF695	6	0	6
ZNF670	115	0	115
ZNF669	2	0	2
FLJ39095	1	1	0
LINC02897	0	0	0
ZNF124	118	0	118
MIR3916	24	0	24
VN1R5	0	0	0
LOC105373273	0	0	0
ZNF496	0	0	0
ZNF496-DT	0	0	0
LOC124904574	0	0	0
LOC107985375	0	0	0
NLRP3	0	0	0
LOC124904575	0	0	0
OR2B11	0	0	0
OR2W5P	0	0	0
GCSAML	0	0	0
OR2C3	0	0	0
GCSAML-AS1	0	0	0
LOC102724446	0	0	0
OR2G2	0	0	0
OR2G3	0	0	0
OR14L1	0	0	0
OR13G1	0	0	0
OR6F1	0	0	0
OR14A2	0	0	0
OR14K1	0	0	0
OR1C1	0	0	0
OR9H1	0	0	0
OR14A16	0	0	0
OR11L1	0	0	0
TRIM58	0	0	0
OR2W3	0	0	0
OR2T8	0	0	0
OR2AJ1	0	0	0
OR2L13	0	0	0
OR2L8	0	0	0
OR2AK2	0	0	0
OR2L1P	0	0	0
OR2L5	0	0	0
OR2L2	0	0	0
OR2L3	0	0	0
LOC105373275	0	0	0
OR2M1P	0	0	0
OR2M5	0	0	0
OR2M2	0	0	0
OR2M3	0	0	0
OR2M4	0	0	0
OR2T33	0	0	0
OR2T12	0	0	0
OR2M7	0	0	0
OR14C36	0	0	0
OR2T4	0	0	0
OR2T6	0	0	0
OR2T1	0	0	0
OR2T7	0	0	0
OR2T2	0	0	0
LOC105373279	0	0	0
OR2T3	0	0	0
LOC105373277	0	0	0
OR2T5	0	0	0
OR2G6	1	1	0
OR2T29	0	0	0
LOC124904576	0	0	0
OR2T34	0	0	0
OR2T10	0	0	0
OR2T11	0	0	0
OR2T35	0	0	0
OR2T27	0	0	0
OR14I1	0	0	0
LYPD9P	0	0	0
LYPD8	0	0	0
LOC107985747	0	0	0
LOC124904577	0	0	0
SH3BP5L	902	0	902
MIR3124	7	5	2
ZNF672	1192	1	1191
ZNF692	1191	2	1189
ZNF692-DT	0	0	0
PGBD2	136	9	127
TRL-CAA4-1	0	0	0
TRE-CTC2-1	1	0	1
LOC105379854	75	1	113
LOC101060632	1	41	1
LOC124905319	3	0	5
LOC105379522	0	0	0
LOC124905564	28	0	28
LOC124905320	0	0	0
LOC105379523	0	0	0
LOC107987365	1	0	1
LOC107987366	2	0	2
LOC102724562	0	0	0
LOC124905321	0	0	0
TRN-GTT26-1	0	0	0
LOC440570	0	0	0
TRNAE-UUC	0	0	0
FAM110C	201	1	200
LOC105373324	0	0	0
SH3YL1	49	0	49
ACP1	1630	0	1630
ALKAL2	1	2	0
LOC101927262	2	0	3
LOC105373346	0	1	0
LINC01865	0	0	0
LOC105373351	0	0	0
LOC124905962	0	0	0
LOC124907599	0	0	0
LINC01874	0	0	0
LOC100996637	0	0	0
LINC01875	0	0	0
LOC105373352	0	0	0
TMEM18	241	0	282
TMEM18-DT	4	41	4
LOC105373479	0	0	0
LOC105373358	0	0	0
LOC105373480	0	0	0
LINC01115	0	0	0
LINC01939	0	0	0
SNTG2-AS1	0	0	0
SNTG2	0	0	0
LOC124905965	0	0	0
LOC105373359	0	0	0
TPO	0	0	0
LALTOP	1	0	1
LOC102723730	0	0	0
LOC124907722	0	0	0
PXDN	1988	2	2255
LOC124907723	0	269	0
LOC124907724	5	0	5
MYT1L	37	1	37
LOC124905967	0	0	1
LOC107985838	0	0	0
MYT1L-AS1	0	0	0
LOC105373389	0	0	0
LOC107985839	0	0	0
LOC105373390	0	0	0
LOC124905968	0	0	0
LINC01250	0	0	0
LOC124906153	0	0	0
LOC107985840	3	0	3
EIPR1	601	0	601
TRAPPC12	189	1	189
TRAPPC12-AS1	0	1	0
LOC112268321	0	0	0
ADI1	395	0	398
LOC124907725	0	3	0
RNASEH1	680	0	680
RNASEH1-DT	103	0	103
LOC124907726	63	0	63
RPS7	9414	8	9406
COLEC11	0	0	0
ALLC	0	0	0
LOC105373393	0	0	0
DCDC2C	0	0	0
LINC01304	0	0	0
LOC105373394	0	0	0
LOC105373395	0	0	0
LOC105373397	0	0	0
LOC107985841	0	0	0
LINC01249	0	0	0
LOC105373398	0	0	0
LOC105373399	0	0	0
LOC107985842	0	0	0
LOC124905950	0	0	0
LOC107985843	0	0	0
LINC01248	0	0	0
LOC124908052	0	0	0
SOX11	0	0	0
LOC112268411	0	0	0
LINC01810	0	0	0
SILC1	0	0	0
MIR7158	0	0	0
LOC400940	0	0	0
LOC105373401	0	0	0
LINC01247	0	0	0
LOC105373402	0	0	0
LINC01824	0	0	0
LOC107985845	0	0	0
LINC01246	0	0	0
LINC03156	0	0	0
MIR7515	0	0	0
LINC00487	0	0	0
LOC105373404	0	0	0
NRIR	0	0	0
CMPK2	0	0	0
RSAD2	36	0	36
GRASLND	0	0	0
RNF144A	0	0	0
LOC101929452	0	0	0
LOC124908053	0	0	0
LOC107985846	0	0	0
LOC107985847	0	0	0
LOC105373406	0	0	0
LOC100506274	0	0	0
LOC105373407	0	0	0
LOC101929510	0	0	0
LOC107985848	0	0	0
LINC01871	0	0	0
LOC105373408	0	0	0
LOC101929861	0	0	0
LOC105373409	0	0	0
LOC101929551	0	0	0
LINC00298	0	0	0
LOC124907727	0	0	0
LINC00299	0	0	0
LINC01814	1	0	1
LOC105373411	1	0	1
ID2-AS1	12	1	12
ID2	368	0	369
KIDINS220	471	0	471
MBOAT2	153	0	153
LOC124906167	0	0	0
LOC124907728	1	0	1
LOC124907729	0	0	0
LOC105373414	0	0	0
LOC105373416	0	0	0
LOC105373415	0	0	0
LOC105373417	0	0	0
ASAP2	223	3	656
LOC124907730	1	44	3
ITGB1BP1	564	391	563
CPSF3	815	5	810
IAH1	214	273	220
ADAM17	353	23	609
LOC124906162	1	0	1
LOC101929643	6	0	6
YWHAQ	5923	1	5922
LOC105373418	0	0	0
LOC105373419	0	0	0
LOC124905969	3	0	3
LOC100996549	0	0	0
LOC105373421	0	0	0
TAF1B	217	1	216
LOC105373422	0	0	0
GRHL1	201	0	251
LOC124905970	9	59	0
LOC112268412	2	0	2
KLF11-DT	19	1	19
KLF11	640	0	641
CYS1	0	0	0
RRM2	2743	1	2743
LOC124906144	0	0	0
MIR4261	0	0	0
LOC105373424	2	3	0
LOC124907731	0	0	0
LOC101929691	0	0	0
LOC124900530	0	0	0
HPCAL1	1795	9	1817
LOC124905972	10	40	1
LOC124907732	0	0	0
ODC1	1559	1	1558
SNORA80B	0	0	0
ODC1-DT	1	1	0
LOC105373426	0	0	0
NOL10	460	0	460
RN7SL832P	3	0	3
ATP6V1C2	31	2818	56
LOC105373428	10	17	14
PDIA6	5033	21	7829
LOC124905973	0	0	0
LINC01954	0	0	0
KCNF1	0	0	0
FLJ33534	0	0	0
CIMIP5	3	0	3
SLC66A3	206	2	204
ROCK2	1216	0	1216
LOC124907733	0	0	0
PPIAP60	0	0	0
LOC124907734	0	0	0
LINC00570	66	0	66
LOC105373429	3	1	2
E2F6	367	1	366
GREB1	53	0	53
MIR4429	0	0	0
NTSR2	0	0	0
LPIN1	605	0	605
LOC100506405	2	0	2
LOC101929752	0	0	0
LOC124907735	0	0	0
MIR548S	0	0	0
LOC105373430	0	0	0
MIR4262	0	0	0
MIR3681HG	0	0	0
LOC124906141	0	0	0
LOC105373433	0	0	0
LOC105373432	0	0	0
MIR3681	0	0	0
LOC105373431	0	0	0
LOC107985853	0	0	0
LOC124905974	0	0	0
TRIB2	0	0	0
MIR3125	0	0	0
LOC100506474	0	0	0
LOC105373436	0	0	0
LOC105373484	0	0	0
LOC105373437	0	0	0
LOC105373485	1	0	1
LOC105373438	0	0	0
LOC124907736	0	0	0
LOC107985854	0	0	0
LINC00276	0	0	0
LRATD1	0	0	0
NBAS	568	1	567
LOC105373440	0	0	0
LOC124905975	3	0	3
DDX1	2851	0	2851
LINC01804	0	0	0
LOC124905976	0	0	0
LOC124906147	0	0	0
MYCNUT	0	0	0
MYCNOS	0	0	0
MYCN	0	0	0
GACAT3	0	0	0
LOC105373443	0	0	0
LOC124908049	0	0	0
LOC107985855	0	0	0
LOC105373444	0	0	0
CYRIA	0	0	0
LINC01866	0	0	0
LOC105373447	0	0	0
LOC105373448	0	0	0
RAD51AP2	0	0	0
VSNL1	2	2	0
LOC124908054	2	0	2
SMC6	477	0	484
GEN1	510	7	510
LOC105373449	0	0	0
MSGN1	0	0	0
LOC112267888	0	0	0
LOC124907737	0	0	0
KCNS3	0	0	0
LOC124900534	0	0	0
LOC105373451	0	0	0
LOC105373454	0	0	0
NT5C1B-RDH14	0	0	0
RDH14	0	2	43
LOC105373456	1	102	4
NT5C1B	2	2	0
LINC01376	0	0	0
LOC124907739	0	0	0
LOC124907738	0	0	0
OSR1	11	0	11
MIR4757	0	0	0
LOC105373458	0	0	0
LOC101928196	0	0	0
LINC01808	0	0	0
LOC105373459	0	0	0
LOC124905977	0	0	0
LOC105373461	0	0	0
LINC00954	0	0	0
TTC32	125	0	125
WDR35	213	0	213
WDR35-DT	0	0	0
MATN3	15	1	14
LAPTM4A	3938	0	3938
LAPTM4A-DT	2	2	0
LOC107985807	0	0	0
SDC1	970	0	972
LOC124905978	2	4	0
PUM2	1382	0	1382
LOC105373465	0	0	0
RHOB	12004	5	11999
LOC107985856	4	1	3
LOC102724948	59	44	15
HS1BP3	340	2	338
HS1BP3-IT1	0	0	0
LOC124907740	7	2	5
LOC105373466	0	0	0
GDF7	4	4	0
LDAH	357	0	357
LINC02850	0	0	0
APOB	0	0	0
LOC124905593	0	0	0
LOC124908055	0	0	0
TDRD15	0	0	0
LOC105374317	0	0	0
LOC105374318	0	0	0
LOC100507562	0	0	0
LOC107984020	0	0	0
LOC101929230	0	0	0
LINC01822	0	0	0
LOC124908056	0	0	0
LOC105374320	1	0	1
LOC124905953	0	0	0
LINC01830	0	0	0
LINC01884	0	0	0
LOC107985857	0	0	0
LOC124908057	0	0	0
LOC107985792	0	0	0
LOC107985858	1	0	1
LOC102723389	0	0	0
LINC02923	1	21	1
KLHL29	319	4	370
LOC124907741	2	2	0
LOC105374325	2	0	2
LOC102723401	0	0	0
ATAD2B	226	67	194
UBXN2A	224	0	225
MFSD2B	2	0	2
WDCP	227	0	227
FKBP1B	0	0	0
SF3B6	841	0	841
FAM228B	5	113	5
TP53I3	141	3	250
PFN4	5	0	6
LOC105374328	0	0	0
FAM228A	0	0	0
ITSN2	300	0	300
LOC124900541	0	0	0
LOC105374329	0	0	0
NCOA1	265	0	265
PTRHD1	286	4	285
LOC105369164	4	0	4
CENPO	166	806	430
ADCY3	1195	343	1919
LOC105377626	8	0	8
LOC124907742	2	1	1
DNAJC27	87	0	87
DNAJC27-AS1	7	0	7
EFR3B	414	0	414
POMC	0	0	0
LINC01381	0	0	0
DNMT3A	148	0	148
MIR1301	0	0	0
DTNB	168	0	255
DTNB-AS1	3	35	0
LOC124900608	0	28	0
LOC105374332	0	0	0
ASXL2	557	1	556
KIF3C	112	0	112
LOC124907743	2	1	2
RAB10	2053	2	2052
LOC105374333	12	0	12
GAREM2	81	1158	82
HADHA	5537	8	6692
HADHB	2537	6	2535
LOC105374334	1	1	1
ADGRF3	4	10	5
SELENOI	773	0	783
DRC1	1	0	1
OTOF	16	0	16
CIMIP2C	0	0	0
CIB4	0	0	0
KCNK3	92	0	92
SLC35F6	989	0	989
CENPA	267	0	267
DPYSL5	0	0	0
LOC124905979	0	0	0
MAPRE3	136	2	134
MAPRE3-AS1	0	0	0
TMEM214	1867	0	1867
AGBL5-AS1	0	0	0
AGBL5	632	291	618
TRY-GTA2-1	0	0	0
TRA-AGC8-1	0	0	0
OST4	252	2	527
EMILIN1	13	11	2
KHK	119	2	157
CGREF1	0	38	2
LOC124907744	0	0	0
ABHD1	0	25	0
PREB	1218	0	1243
PRR30	0	0	0
TCF23	0	0	0
SLC5A6	1005	278	1014
ATRAID	1328	15	1600
CAD	2134	2	2132
SLC30A3	20	1	19
DNAJC5G	0	0	0
TRIM54	15	3	13
UCN	95	0	96
MPV17	1064	0	1064
GTF3C2	1665	0	2125
GTF3C2-AS1	0	440	0
GTF3C2-AS2	277	320	280
EIF2B4	386	11	678
SNX17	1948	22	1949
ZNF513	105	8	120
PPM1G	3799	3	3796
FTH1P3	5	0	5
NRBP1	1826	6	1820
KRTCAP3	13	52	13
IFT172	312	5	359
FNDC4	0	0	0
GCKR	0	0	0
SPATA31H1	13	13	0
ZNF512	550	0	550
CCDC121	46	1	49
GPN1	693	97	691
LOC124906143	0	0	0
SUPT7L	993	45	1039
SLC4A1AP	596	0	596
LINC01460	0	0	0
LOC105374378	0	0	0
MRPL33	373	0	373
RBKS	104	0	104
BABAM2	849	0	935
BABAM2-AS1	4	76	4
LOC105374369	1	0	1
MIR4263	12	0	12
LOC100505736	0	0	0
LOC124907745	2	1	1
BABAM2-AS2	9	19	0
LOC105374381	0	0	0
LOC105374382	5	0	5
LOC105374383	0	0	0
FOSL2-AS1	7	2	5
FOSL2	3848	4	3844
LOC102723530	1	1	0
PLB1	2	0	2
LOC124907746	0	0	0
LOC105374384	0	0	0
LOC100505774	0	0	0
PPP1CB-DT	14	6	17
PPP1CB	2994	4	3000
SPDYA	15	103	11
TRMT61B	298	2	395
WDR43	1286	0	1286
SNORD92	0	0	0
SNORD53	0	0	0
SNORD53B	0	0	0
TOGARAM2	7	0	8
PCARE	0	1	0
LOC105374386	0	0	0
CLIP4	6	0	6
LOC124907747	0	0	0
ALK	0	0	0
LOC101929386	0	0	0
LOC105374389	0	0	0
LOC124907748	0	0	0
YPEL5	970	0	970
LOC105374414	0	0	0
SNORA10B	0	0	0
LOC124907749	0	0	0
LBH	14	0	14
LOC102723594	0	0	0
LINC01936	0	0	0
LCLAT1	414	0	414
CAPN13	0	0	0
LOC124905982	0	0	0
LOC105374435	0	0	0
LOC124907750	0	0	0
GALNT14	0	0	0
LOC107985861	0	0	0
CAPN14	0	0	0
EHD3	0	0	0
LOC124905983	0	0	0
LOC124907751	0	0	0
XDH	4	0	4
SRD5A2	0	0	0
LOC107985862	0	0	0
LOC107985863	0	0	0
LINC01946	0	0	0
MEMO1	513	1	512
DPY30	652	12	641
SPAST	402	5	398
SLC30A6-DT	16	0	16
SLC30A6	907	0	913
NLRC4	33	39	0
YIPF4	737	0	737
BIRC6	1958	4	1955
MIR558	0	0	0
BIRC6-AS2	3	4	0
LOC124905985	0	0	0
TTC27	554	1	553
MIR4765	0	0	0
LINC00486	0	0	0
LOC105374453	0	0	0
LOC100271832	0	0	0
LTBP1	27	0	27
MIR4430	0	0	0
RASGRP3	12	2	11
RASGRP3-AS1	0	0	1
FAM98A	1307	0	1307
LOC105374455	2	0	2
LOC124905986	3	0	3
LINC01317	0	0	0
MYADML	0	0	0
LOC124905987	0	0	0
LOC105374456	0	0	0
LINC01318	0	0	0
LOC105374457	0	0	0
LOC105374459	0	0	0
LINC01320	0	0	0
LOC107985865	0	0	0
LOC105374458	0	0	0
LOC124907752	0	0	0
LOC105374461	0	0	0
LOC107985808	0	0	0
MIR548AD	0	0	0
LOC107985866	0	0	0
CRIM1-DT	0	0	0
CRIM1	1491	5	1486
LOC124907753	0	0	0
LOC124905989	1	1	0
FEZ2	1097	1	1096
LOC124905990	8	8	0
VIT	293	0	293
STRN	659	0	659
HEATR5B	638	0	639
GPATCH11	365	6	363
EIF2AK2	1609	2	1610
SULT6B1	0	0	0
CEBPZOS	691	962	985
CEBPZ	1034	332	1958
NDUFAF7	535	488	515
PRKD3	1348	35	1781
PRKD3-DT	6	0	6
LOC124907754	0	1	0
QPCT	2	0	3
LOC107985868	2	0	2
LOC124905991	0	0	1
LINC03063	0	0	0
CDC42EP3	297	3	295
LOC107985870	0	0	0
LOC105374465	0	0	0
LOC107985869	5	2	3
PIRAT1	0	0	0
RMDN2	39	5	34
RMDN2-AS1	0	0	0
CYP1B1	607	16	593
LOC107985871	96	6	91
CYP1B1-AS1	4	2	6
LOC102723739	78	5	73
LOC105374467	0	0	0
ATL2	1308	0	1308
LOC105374468	0	0	0
LINC01883	0	0	0
LINC02613	4	0	4
HNRNPLL	878	0	878
GALM	68	0	69
LOC124905993	2	1	2
SRSF7	2948	0	2948
GEMIN6	332	0	332
DHX57	638	0	638
LOC105374470	0	0	0
MORN2	151	0	151
ARHGEF33	5	3	3
LOC105374471	0	0	0
LOC375196	0	1	0
SOS1	1432	7	1425
CDKL4	0	0	0
MAP4K3	580	0	580
MAP4K3-DT	71	0	71
TMEM178A	11	0	11
THUMPD2	200	0	335
LOC124905994	2	137	0
LOC112268436	0	0	0
SLC8A1-AS1	0	0	0
SLC8A1	0	0	0
LOC101929667	0	0	0
LOC105374473	0	0	0
LOC105374475	0	0	0
LOC105374497	0	0	0
LOC105374491	0	0	0
LINC01794	0	0	0
LOC105374506	0	0	0
LINC01913	0	0	0
LINC01914	43	6	37
LINC02898	6	1	7
LOC124905996	0	2	1
LOC105374517	1	0	1
PKDCC	1480	2	1478
LOC105374531	0	0	0
EML4-AS1	0	0	0
EML4	1285	3	1282
COX7A2L	1179	0	1179
KCNG3	14	0	14
LOC124900542	0	0	0
MTA3	913	4	909
LOC105374555	1	1	0
OXER1	0	0	0
HAAO	1	1	0
TRI-TAT2-1	0	0	0
LOC105374568	0	0	0
LOC112268413	0	0	0
LINC01819	2	0	2
LOC107985876	1	0	1
LOC124907756	1	0	1
LINC02580	0	0	0
LOC105374570	0	0	0
LOC124907755	1	1	0
ZFP36L2	2009	8	2001
LINC01126	10	0	10
THADA	568	16	552
PLEKHH2	60	0	60
C1GALT1C1L	0	0	0
DYNC2LI1	211	0	211
LOC105374571	0	0	0
ABCG5	1	1	0
ABCG8	1	1	0
LOC102725159	0	0	0
LRPPRC	6478	3	6475
LOC124907757	0	0	0
PPM1B-DT	0	0	0
PPM1B	526	0	526
SLC3A1	5	835	0
PREPL	364	0	1194
CAMKMT	141	0	141
LOC124905998	0	0	0
LOC124907759	3	0	3
LOC124905999	13	0	13
LOC124907758	10	0	10
LOC105374573	0	0	0
LINC01833	0	0	0
SIX3-AS1	0	0	0
SIX3	0	0	0
SIX2	678	0	678
LOC107985809	1	0	1
LINC01121	0	0	0
LOC105374576	0	0	0
LOC105374577	0	0	0
SRBD1	276	1	275
LOC102724965	27	5	27
PRKCE	134	0	139
PRKCE-AS1	0	0	0
LOC124907761	1	0	1
LOC101926974	0	0	0
LOC105374581	0	0	0
EPAS1	3425	8	3417
LINC01820	0	0	0
LOC124907762	2	0	2
LINC02583	0	0	0
TMEM247	0	0	0
LOC124906002	2	2	0
ATP6V1E2	85	10	87
RHOQ	930	279	1471
RHOQ-AS1	25	27	0
PIGF	149	680	278
LOC124906003	10	3	7
CRIPT	288	0	288
LOC105374584	23	0	23
SOCS5	550	0	550
LINC01118	0	0	0
LINC01119	27	0	27
LOC107985880	2	0	2
LOC124906004	1	0	1
MCFD2-AS1	4	190	0
MCFD2	2314	91	2528
TTC7A	1171	12	1260
STPG4	0	0	0
CALM2	7654	2	7652
EPCAM-DT	1	0	1
LOC105374588	0	0	0
LOC124907763	0	0	0
LOC107985882	0	0	0
BCYRN1	1	0	1
EPCAM	0	0	0
MIR559	0	0	0
MSH2	1672	0	1699
KCNK12	2	29	0
MSH2-OT1	0	0	0
LOC105374589	0	0	0
MSH6	3179	53	3139
FBXO11	985	19	1043
LOC100506235	7	64	7
LOC105374590	0	0	0
LOC105374592	0	0	0
LOC105374591	0	0	0
LOC124907765	0	0	0
LOC105374593	0	0	0
LOC102724008	0	0	0
LOC124907766	6	0	12
FOXN2	401	12	395
PPP1R21	227	0	227
STON1-GTF2A1L	0	0	0
STON1	3	0	3
GTF2A1L	0	0	0
LHCGR	0	0	0
LOC105374594	0	0	0
FSHR	0	0	0
MIR548BA	0	0	0
LOC107985810	0	0	0
LOC105374595	0	0	0
LOC124906005	0	0	0
NRXN1	0	0	0
LOC101927089	0	0	0
MIR8485	0	0	0
LOC124906006	0	0	0
NRXN1-DT	0	0	0
LOC105377627	2	0	2
LOC105374597	0	0	0
LOC124907767	0	0	0
LOC107985766	0	0	0
LINC01867	0	0	0
LOC105374598	0	0	0
MIR4431	0	0	0
LOC105369165	0	0	0
LOC124900528	0	0	0
LOC105374600	2	0	2
ASB3	2	0	2
GPR75-ASB3	0	0	0
CHAC2	258	1	257
ERLEC1	1453	4	1473
LOC112268415	2	23	2
MIR3682	6	0	6
GPR75	29	0	29
PSME4	1671	0	1671
ACYP2	78	13	65
LOC105374615	1	0	1
LOC105374610	0	0	0
TSPYL6	0	0	0
CIMIP6	0	0	0
LOC102724072	0	0	0
SPTBN1	3890	3	4352
SPTBN1-AS1	6	44	0
RPL23AP32	0	0	0
LOC124906008	0	0	0
SPTBN1-AS2	24	450	1
LOC105374653	0	0	0
EML6	298	0	299
EML6-AS1	1	1	0
RTN4	5512	25	5488
LOC105374662	0	0	0
CLHC1	140	44	139
RPS27A	15606	3	15646
MTIF2	1014	4	1010
PRORSD1P	31	27	4
CCDC88A	921	0	1006
LOC124907768	0	85	0
CFAP36	360	5	355
PPP4R3B	1980	3	1982
LOC124900537	2	2	0
PPP4R3B-DT	38	16	27
PNPT1	1535	3	1532
LOC107985811	0	0	0
LOC112268416	2	2	0
EFEMP1	4287	0	4287
LOC105374690	0	0	0
MIR217HG	0	0	0
MIR217	0	0	0
MIR216A	0	0	0
MIR216B	0	0	0
LINC01813	0	0	0
LOC100129434	0	0	0
CCDC85A	2	0	2
LOC101927213	0	0	0
LOC124906180	0	0	0
LOC124900539	0	0	0
LOC101927235	0	0	0
LOC105374697	0	0	0
LOC105377628	0	0	0
LOC124907769	0	0	0
VRK2	215	321	405
LOC124907770	0	0	0
LOC107984043	1	19	1
FANCL	652	302	842
LINC01795	0	0	0
LINC01122	0	0	0
LOC124907771	0	0	0
LINC01793	0	0	0
LOC105374754	0	0	0
MIR4432HG	0	0	0
MIR4432	0	0	0
LOC102724142	0	0	0
LOC124906010	0	0	0
BCL11A	0	0	0
PAPOLG	338	0	338
REL-DT	0	0	0
REL	311	21	290
PUS10	143	74	102
PEX13	697	0	730
SANBR	349	0	349
LOC105374759	1	0	1
C2orf74-DT	185	0	185
C2orf74	214	0	216
C2orf74-AS1	4	130	0
AHSA2P	886	1074	1030
USP34	2060	98	3056
SNORA70B	0	0	0
USP34-DT	25	1321	24
XPO1	5425	9	6736
LOC107985767	18	4	14
LOC105374760	0	0	0
FAM161A	78	1	77
CCT4	3282	0	5303
LOC124907773	1	968	0
COMMD1	152	612	152
LOC124906012	3	0	3
LOC124906013	4	0	4
B3GNT2	511	0	511
MIR5192	0	0	0
LOC105374761	0	0	0
LOC124906156	0	0	0
LOC105374764	2	1	1
TMEM17	0	0	0
EHBP1	594	2	843
EHBP1-AS1	16	265	2
OTX1	320	1	319
DBIL5P2	0	0	0
WDPCP	46	0	46
LOC107985769	0	0	0
MDH1	5225	4	5221
UGP2	3466	12	3454
VPS54	887	8	879
LOC124907774	0	0	0
PELI1	207	0	207
LINC00309	0	0	0
LOC100507006	0	0	0
LOC105374769	0	0	0
LOC105374768	0	0	0
MIR4433B	0	0	0
MIR4433A	0	0	0
LGALSL-DT	10	27	5
LOC124907775	0	0	0
LGALSL	311	0	333
LINC01805	0	0	0
AFTPH-DT	0	0	0
AFTPH	569	0	663
MIR4434	0	0	0
LOC105374773	5	99	0
LINC02579	0	0	0
SERTAD2	738	0	738
SERTAD2-AS1	4	4	0
LOC124907776	11	0	11
LOC105374777	0	0	0
LOC105374776	0	0	0
LINC01800	0	0	0
LINC02245	0	0	0
LOC124906172	0	0	0
SLC1A4	357	2	355
LINC02576	6	6	0
CEP68	336	35	342
RAB1A	2946	8	2979
LOC124906140	0	0	0
LOC124907779	1	0	1
ACTR2	5305	0	5305
LOC124907781	0	0	0
SPRED2	652	0	652
LOC105374780	0	0	0
LOC124907784	0	0	0
LOC105374781	0	0	0
LINC03050	0	0	0
LOC107985889	0	0	0
LOC105369167	0	0	0
LINC02934	0	0	0
LOC107985890	0	0	0
LOC107985812	0	0	0
MIR4778	0	0	0
LINC01873	0	0	0
MEIS1-AS3	4	0	4
MEIS1	227	0	228
MEIS1-AS2	0	1	0
LOC124900511	8	0	8
LINC01798	3	0	3
LINC01797	0	0	0
LINC01799	0	0	0
LINC01628	0	0	0
LOC105374785	0	0	0
LINC01828	0	0	0
LINC01829	0	0	0
LOC101927661	0	0	0
ETAA1	636	0	636
LOC107985891	0	0	0
LOC124907804	0	0	0
LOC124906017	0	0	0
LOC105374786	2	0	2
LINC02831	0	0	0
LINC01812	0	0	0
C1D	439	0	439
LOC105374789	1	0	1
DNAAF10	321	1	320
PNO1	618	2	616
PPP3R1	1582	11	1571
PPP3R1-AS1	0	0	0
CNRIP1	6	0	6
LOC102724389	1	0	1
LOC101927723	0	0	0
PLEK	2	0	2
FBXO48	76	0	76
APLF	43	0	43
PROKR1	0	0	0
ARHGAP25	0	0	0
LOC105374790	0	0	0
LINC01890	0	0	0
LINC01888	0	0	0
BMP10	0	0	0
LOC105374792	0	0	0
GKN2	0	0	0
GKN1	2	0	2
ANTXR1	4467	3	4464
MIR3126	0	0	0
LOC124906019	24	0	24
LOC124907821	0	0	0
GFPT1	1407	0	1407
NFU1	153	0	153
LOC124906020	2	2	0
AAK1	884	1	886
SNORA36C	0	0	0
ANXA4	1111	3	1299
LOC124906149	0	0	0
SMANTIS	3	1	2
LOC124906021	0	188	0
GMCL1	544	0	544
SNRNP27	633	0	633
LOC124906176	13	0	13
MXD1	568	2	790
ASPRV1	8	224	8
LOC124906177	0	0	0
PCBP1-AS1	84	4717	85
PCBP1	3885	8	8602
LOC124906022	0	0	0
LINC01816	1	0	1
C2orf42	174	1	173
TIA1	1717	0	1717
TRG-CCC2-1	0	0	0
MIR1285-2	0	0	0
PCYOX1	2058	1	2058
SNRPG	616	0	617
LOC124906023	0	17	0
FAM136A	1147	7	1157
TGFA	76	0	76
TGFA-IT1	0	0	0
LOC107985895	0	0	0
LOC124907824	0	0	0
ADD2	0	0	0
LOC105374794	0	0	0
FIGLA	0	0	0
CLEC4F	0	0	0
CD207	0	0	0
LINC01143	0	0	0
VAX2	1	0	1
ATP6V1B1	0	0	0
ATP6V1B1-AS1	0	0	0
LOC105374795	2	0	3
ANKRD53	1	2	0
TEX261	872	0	872
LOC105374796	0	0	0
OR7E91P	0	0	0
NAGK	493	2	491
MCEE	197	0	197
MPHOSPH10	715	0	715
PAIP2B	60	0	60
LOC105374797	0	3	0
ZNF638	2717	0	2720
DYSF	91	0	91
LOC124907827	0	0	0
LOC105374798	0	0	0
CYP26B1	633	2	631
EXOC6B	744	0	744
LOC124900538	0	0	0
SPR	1204	1	1203
EMX1	0	0	0
SFXN5	210	0	210
LOC107985897	6	0	6
LOC105374800	1	0	1
RAB11FIP5	1017	3	1014
NOTO	0	0	0
SMYD5	632	1	631
PRADC1	559	5	554
CCT7	8782	2	8780
FBXO41	1286	1	1287
LOC124907840	0	1	0
EGR4	0	0	0
LOC105374802	0	0	0
LOC105374803	0	0	1
LOC105374804	0	0	0
ALMS1	0	0	0
ALMS1-IT1	0	0	0
NAT8	0	0	0
ALMS1P1	0	0	0
LOC112268418	0	0	0
NAT8B	0	0	0
LOC124907848	0	0	0
LOC124905592	0	0	0
TPRKB	0	0	0
DUSP11	0	0	0
C2orf78	0	0	0
LOC105374807	9	5	4
STAMBP	648	1	991
LOC112268419	12	356	0
ACTG2	3	0	3
DGUOK	417	5	752
DGUOK-AS1	17	347	10
TET3	477	20	473
BOLA3	319	0	335
BOLA3-DT	21	2	19
MOB1A	2102	2	2100
MTHFD2	2285	11	2486
SLC4A5	19	204	27
DCTN1	3263	0	3264
DCTN1-AS1	1	2	0
C2orf81	3	0	3
WDR54	56	7	49
RTKN	490	3	487
INO80B-WBP1	0	0	0
INO80B	9	0	9
WBP1	32	0	32
MOGS	2001	1	2000
MRPL53	369	0	369
CCDC142	413	0	414
TTC31	524	3	522
LBX2	4	15	0
LBX2-AS1	16	2	27
PCGF1	335	6	331
TLX2	1	1	0
DQX1	19	0	19
AUP1	1652	2	2311
HTRA2	606	660	906
LOXL3	84	429	5
DOK1	235	0	286
M1AP	1	1	0
SEMA4F	132	0	132
LOC102724497	13	2	11
LOC102724482	0	0	0
HK2-DT	82	0	95
HK2	4776	100	4689
LINC01291	12	2	13
LOC105374809	46	242	55
POLE4	57	7	298
LOC124907850	1	0	1
TACR1	0	0	0
MIR5000	0	0	0
TACR1-AS1	1	0	4
LOC107985900	4	7	0
LOC105374810	0	0	0
LOC124906160	0	0	0
LOC124906189	0	0	0
EVA1A	9	0	9
EVA1A-AS	0	0	0
LOC124906026	7	0	7
LOC124906195	0	0	0
LOC124906161	0	0	0
MRPL19	1667	16	1651
GCFC2	358	59	509
LOC124906025	76	182	55
LOC105374813	0	47	1
LOC105374814	0	0	0
LRRTM4	0	0	0
LOC105374815	0	0	0
LRRTM4-AS1	0	0	0
LOC101927967	0	0	0
LINC01851	0	0	0
LOC105374817	2	0	2
SNAR-H	0	0	0
LOC105374816	5	0	5
LOC101927948	0	0	0
LOC124906027	42	0	42
LOC105374820	0	0	0
LOC105374819	0	0	0
LOC105374821	0	0	0
LOC105374822	0	0	0
REG3G	2	0	2
REG1B	0	0	0
REG1A	0	0	0
REG1CP	0	0	0
REG3A	0	0	0
CTNNA2	0	0	0
LOC105374823	0	0	0
CTNNA2-AS1	0	0	0
MIR4264	0	0	0
MIR8080	0	0	0
LOC107985903	0	0	0
LRRTM1	0	0	0
LOC107985904	0	0	0
LOC105374824	0	0	0
LOC105374827	0	0	0
LINC01815	0	0	0
LOC102724542	103	0	103
LOC105374828	0	0	0
LOC105374829	0	0	0
LOC124906132	0	0	0
LOC105374831	0	0	0
DHFRP3	0	0	0
LOC105374832	0	0	0
LOC124908050	0	0	0
LOC105374833	0	0	0
LOC105374834	0	0	0
LINC01809	0	0	0
LOC107985905	0	0	0
FUNDC2P2	0	0	0
SUCLG1	2182	0	2182
DNAH6	31	1	30
TRABD2A	1891	0	1891
LOC105374837	3	1	2
LOC105374836	1	232	3
TMSB10	10726	6	10954
KCMF1	1336	0	1336
LINC01964	0	0	0
TCF7L1	0	0	0
TCF7L1-IT1	0	0	0
LOC102724579	0	0	0
TGOLN2	480	2	478
RETSAT	134	0	134
ELMOD3	242	64	197
LOC124906137	0	0	0
CAPG	4576	10	5181
LOC105374841	10	596	10
SH2D6	136	2	134
PARTICL	128	1	128
MAT2A	15537	28	16541
GGCX	1464	1014	1481
VAMP8	1157	0	1157
VAMP5	43	0	43
RNF181	705	0	705
TMEM150A	132	0	132
USP39	1579	2	1577
C2orf68	710	1	709
SFTPB	0	0	0
LOC105374842	0	0	0
GNLY	1	1	0
LOC124907851	0	0	0
ATOH8	893	2	891
MIR6071	3	3	0
LOC284950	13	0	13
ST3GAL5	119	1	118
ST3GAL5-AS1	2	0	2
LOC124906030	1	0	1
LOC124906031	0	0	0
LOC105374843	0	0	0
POLR1A	1436	2	1434
LOC124907852	2	2	0
PTCD3	2492	0	2492
SNORD94	16	0	16
IMMT	3917	12	3905
MIR4779	0	0	0
MRPL35	877	2	875
REEP1	243	2	241
LOC124900517	0	0	0
KDM3A	1370	4	1366
RNF103-CHMP3	2	1	1
CHMP3	0	0	2
CHMP3-AS1	2	81	0
RNF103	542	0	557
LOC124907853	0	0	0
RMND5A	1440	2	1438
CD8A	0	0	0
LOC105374846	1	0	1
CD8B	0	0	0
ANAPC1P1	0	0	0
RGPD1	0	0	0
PLGLB1	1	0	1
ANAPC1P2	159	0	159
LOC102724642	88	0	88
MIR4771-1	0	0	0
LOC107985771	0	0	0
LINC01955	0	0	0
LOC107985908	0	0	0
LOC105374848	0	0	0
LOC124907854	4	0	4
LOC105377635	4	0	4
LINC01943	1	0	1
CYTOR	42	76	28
NCAL1	2	0	2
LOC124906032	52	9	105
LOC107985909	0	0	0
MIR4435-1	0	0	0
LOC101928214	3	3	0
ANAPC1P4	0	0	0
PLGLB2	0	0	2
RGPD2	0	2	0
LOC124906185	0	0	0
RNU2-63P	2	0	2
LOC105374852	17	0	17
KRCC1	261	0	261
SMYD1	0	0	0
MIR4780	0	0	0
FABP1	0	0	0
LOC101928347	0	0	0
THNSL2	0	0	0
LOC124907855	0	0	0
LOC124906155	0	0	0
FOXI3	0	0	0
SPMIP9	0	0	0
EIF2AK3-AS1	1	191	0
EIF2AK3	428	5	613
EIF2AK3-DT	8	0	8
LOC102724805	15	1	15
RPIA	243	0	244
LOC105374853	0	0	0
ANKRD36BP2	1	0	1
MALLP2	0	0	0
MIR4436A	0	0	0
LOC105374854	0	0	0
LOC124907856	0	0	0
LOC107985910	0	0	0
LOC107985911	21	0	21
KMT2CP4	0	0	0
LOC105374862	0	0	0
LOC124905368	0	0	0
LOC124905938	0	0	0
LSP1P4	1	0	1
KMT2CP5	0	0	0
GGT8P	0	0	0
ACTR3BP2	0	0	0
BMS1P23	36	0	36
LOC107985915	5	0	5
LOC100133920	0	0	0
AQP7B	0	0	0
LOC107985916	0	0	0
FAM95A	0	0	0
ANKRD20A8P	1	0	1
LOC442028	0	0	0
TEKT4	0	0	0
LOC105373487	0	0	0
MAL-AS1	0	0	0
MAL	0	0	0
LOC124906047	0	0	0
LOC124907857	3	0	3
LOC105373488	1	1	0
MRPS5	1568	0	1568
ZNF514	29	0	29
ZNF2	83	0	83
ZNF892	1	1	0
PROM2	0	0	0
KCNIP3	7	0	7
LOC124907858	0	0	0
FAHD2A	0	0	0
TRIM43B	0	0	0
LINC03052	0	0	0
TRIM43	0	0	0
LOC124905589	0	0	0
LOC101926959	0	0	0
LOC128966744	0	0	0
LINC00342	39	0	39
ANKRD36C	116	0	116
FAHD2CP	10	0	68
LOC124900512	52	0	52
GPAT2	1	73	1
LOC105373494	0	0	0
ADRA2B	0	0	0
ASTL	1	0	1
DUSP2	1748	2	1746
STARD7	2478	15	2791
STARD7-AS1	41	315	54
SNORA112	0	0	0
TMEM127	1443	0	1443
CIAO1	1925	2	1923
SNRNP200	8817	3	8814
ITPRIPL1	0	0	0
NCAPH	1339	0	1339
NEURL3	0	0	0
LOC105373496	0	0	0
ARID5A	253	0	253
KANSL3	1011	0	1011
FER1L5	2	2	0
LMAN2L	405	0	405
CNNM4	383	1	382
MIR3127	0	0	0
CNNM3-DT	13	0	13
CNNM3	766	84	1163
LOC124907859	0	455	21
ANKRD23	54	1	53
ANKRD39	156	0	156
SEMA4C	614	13	656
LOC124908044	3	45	13
FAM178B	0	0	0
LOC101927053	0	0	0
LOC124906158	0	0	0
FAHD2B	2	0	2
ANKRD36	0	0	0
LOC100506076	0	0	0
LOC124907860	0	0	0
LOC107985920	0	0	0
APPAT	0	0	0
ANKRD36B	0	0	0
LOC105373499	0	0	0
COX5B	0	0	0
ACTR1B	0	0	0
C2orf92	1	0	1
LOC124900516	0	0	0
ZAP70	0	0	0
TMEM131	0	0	0
LOC124907861	0	0	0
LOC124905591	0	0	0
LOC105373501	0	0	0
VWA3B	0	0	0
CNGA3	0	0	0
INPP4A	493	0	493
COA5	372	5	367
UNC50	620	0	620
MGAT4A	70	0	70
LOC124906050	0	0	0
LOC107985922	0	0	0
LINC02611	0	0	0
CRACDL	67	0	67
TSGA10	11	0	12
C2orf15	2	2	0
LIPT1	57	3	55
MITD1	466	0	470
MRPL30	1623	4	1624
LYG2	8	9	0
LYG1	44	3	41
LOC107985923	5	5	1
TXNDC9	756	1	756
EIF5B	2654	112	2671
REV1	683	90	722
AFF3	0	0	0
LOC124906051	0	0	0
LOC105373504	0	0	0
LINC01104	0	0	0
LONRF2	1	0	1
CHST10	0	0	0
NMS	0	0	0
LOC105373506	0	0	0
PDCL3	264	0	264
LINC01849	0	0	0
LOC107985814	0	0	0
LINC01868	0	0	0
LOC105375310	0	0	0
LOC105373508	0	0	0
NPAS2	705	8	697
NPAS2-AS1	0	0	0
RPL31	7370	55	7331
TBC1D8	1206	12	1210
LOC105373510	4	0	4
TBC1D8-AS1	11	0	11
LOC124906053	3	0	3
CNOT11	1225	1	1492
LOC105373511	9	276	1
RNF149	1473	3	1470
SNORD89	0	0	0
LOC124906052	4	0	4
LOC105373512	2	0	2
MIR5696	0	0	0
CREG2	480	0	480
RFX8	0	0	0
LINC01870	0	0	0
LOC105373514	0	0	0
MAP4K4	2407	1	2406
LINC01127	0	0	0
IL1R2	0	0	0
LOC107985926	0	0	0
IL1R1	120	0	122
IL1R1-AS1	0	2	0
IL1RL2	2	0	2
CFAP144P2	0	0	0
IL1RL1	7	0	7
IL18R1	38	0	38
IL18RAP	2	0	2
MIR4772	0	0	0
SLC9A4	0	0	0
SLC9A2	0	0	0
LOC124905954	0	0	0
SLC67A2	40	0	40
TMEM182	35	0	35
LINC01796	0	0	0
LINC01935	0	0	0
LOC124907862	0	0	0
LOC105373520	0	0	0
LOC107985927	0	0	0
LINC01965	0	0	0
LOC105373521	0	0	0
LOC105373523	0	0	0
LOC105373522	0	0	0
LOC124908051	0	0	0
LOC100287010	0	0	0
LOC124908058	0	0	0
LINC01831	0	0	0
LINC01102	0	0	0
LINC01103	0	0	0
LOC124906193	0	0	0
LOC105373524	0	0	0
LOC105373525	0	0	0
LOC105373526	0	0	0
LOC101927383	0	0	0
LOC124900520	0	0	0
LINC01114	0	0	0
PANTR1	0	0	0
POU3F3	0	0	0
LOC124908045	0	0	0
LINC01159	0	0	0
DALIR	0	0	0
MRPS9-AS2	0	0	0
MRPS9	594	0	1017
MRPS9-AS1	4	427	0
LOC105373527	1	0	1
LINC01918	0	0	0
LOC105373528	0	0	0
GPR45	0	0	0
TGFBRAP1	745	0	745
C2orf49-DT	75	0	75
C2orf49	456	50	443
FHL2	1266	4	1299
LOC105373529	0	0	0
LOC105375311	0	0	0
LINC02946	0	0	0
LOC107985929	0	0	0
NCK2	34	0	34
LOC105373530	0	0	0
LOC105373531	0	0	0
LOC124906055	0	0	0
ECRG4	0	0	0
UXS1	788	0	788
ANAPC1P6	0	0	0
PLGLA	0	0	0
RGPD3	16	0	16
LOC107985931	0	0	0
CD8B2	0	0	0
LOC124907863	0	0	0
LOC102724744	0	0	0
ST6GAL2	0	0	0
LOC124907864	0	0	0
LOC105373535	0	0	0
LINC01789	0	0	0
LINC01885	2	0	2
LINC01886	1	0	1
LOC124905955	3	3	0
LOC105373539	6	0	6
GACAT1	0	0	0
RGPD4-DT	0	0	0
RGPD4	0	0	0
LOC124906057	0	0	0
SLC5A7	0	0	0
LINC01593	0	0	0
LINC01594	0	0	0
SULT1C3	0	0	0
SULT1C2	2	2	0
SULT1C5P	0	0	0
SULT1C4	0	0	0
GCC2	835	8	933
GCC2-AS1	12	106	12
LIMS1	932	0	932
LIMS1-AS1	1	1	0
LOC107985802	0	0	0
RANBP2	2429	2	2427
CCDC138	285	0	285
EDAR	0	0	0
SH3RF3-AS1	31	66	14
SH3RF3	471	4	516
MIR4265	0	0	0
MIR4266	0	0	0
SEPTIN10	1818	0	1819
SOWAHC	1306	2	1305
LOC105373545	2	0	2
LOC107985774	0	0	0
LOC100506563	0	0	0
RGPD5	1	0	1
LOC102724848	0	0	0
LIMS3-LOC440895	0	0	0
LIMS3	0	0	0
LOC105373547	0	0	0
LOC124907865	0	0	0
LOC440895	0	0	0
LINC01123	123	0	123
LOC112268438	3	0	3
LOC124900614	0	0	0
LOC105373985	0	0	0
LOC124906058	0	0	0
LOC105373548	0	0	0
LOC105373549	1	0	1
LOC105373986	0	0	0
MIR4267	0	0	0
MALL	0	0	0
MIR4436B1	0	0	0
NPHP1	35	0	35
MTLN	72	0	72
LOC124906059	0	0	0
LOC100507334	0	0	0
LOC128966597	0	0	0
MIR4436B2	0	0	0
LOC124906060	0	0	0
LOC105373551	0	0	0
LOC107985776	0	0	0
LOC124906061	0	0	0
LOC105375809	0	0	0
LIMS4	38	0	38
LINC01106	0	0	0
LOC100288570	0	0	0
LOC124906063	0	0	0
LOC105373552	0	0	0
LOC102724875	0	0	0
RGPD6	0	1	0
LOC105373553	1	0	2
BUB1	2099	1	2098
SNORD132	0	0	0
LOC105373554	1	0	1
LOC124906064	0	0	0
ACOXL	10	2	8
LOC124907866	0	0	0
ACOXL-AS1	0	0	0
BCL2L11	913	0	913
LOC124907868	3	0	3
MIR4435-2HG	374	0	375
LOC124907867	0	0	0
LOC101927283	0	0	0
MIR4435-2	0	0	0
LOC124906065	55	1	55
SOCAR	2	2	0
LOC124906066	2	0	2
LOC105373559	0	1	0
LOC107985933	13	0	14
ANAPC1	1593	2	1591
MIR4771-2	0	0	0
MERTK	1	0	1
TMEM87B	546	0	546
FBLN7	18	29	1
ZC3H8	355	0	367
ZC3H6	155	3	152
LOC124906067	2	2	0
RGPD8	150	1	149
TTL	1517	6	1514
LOC105373562	0	0	7
POLR1B	1208	12	1200
LOC124907870	0	0	0
LOC101927330	11	48	10
CHCHD5	251	4	294
LOC124907869	10	0	10
LOC107985934	12	0	12
SLC20A1-DT	12	2	10
SLC20A1	3264	8	3256
LOC102724955	0	0	0
NT5DC4	7	146	0
CKAP2L	469	2	606
IL1A	8	0	8
LOC124907871	0	0	0
IL1B	20	0	20
AMANZI	0	0	0
LOC105373563	0	0	0
LOC124906068	0	0	0
IL37	2	0	2
IL36G	2	0	2
IL36A	0	0	0
IL36B	0	0	0
IL36RN	0	0	0
IL1F10	0	0	0
IL1RN	0	0	0
LOC124907872	0	0	0
PSD4	65	2	63
PAX8	25	7	22
PAX8-AS1	69	1	71
LOC105373567	0	3	0
LINC02966	2	0	5
LOC124906070	0	0	0
LOC107985936	0	0	0
LOC124907873	0	0	0
ZNG1B	365	0	365
FOXD4L1	4	0	4
LINC01961	0	0	0
PGM5P4-AS1	0	0	0
PGM5P4	0	0	0
LOC124908046	0	0	0
FAM138B	0	0	0
LOC124907875	0	3	4
MIR1302-3	0	0	0
WASH2P	116	4	119
DDX11L2	10	0	13
LOC124907874	8	12	0
RPL23AP7	67	0	68
RABL2A	135	0	135
LOC112268423	0	0	0
LINC02936	0	0	0
SLC35F5	1347	0	1347
MIR4782	0	0	0
LOC105373570	1	0	1
ACTR3-AS1	0	0	0
LOC124906165	0	0	0
LOC124906071	20	0	20
ACTR3	3276	0	3276
LINC01191	1	0	1
LINC02992	0	0	0
LOC124906194	0	0	0
LOC124907876	0	0	0
DPP10	0	0	0
LOC124907877	0	0	0
DPP10-AS3	0	0	0
LOC105373575	0	0	0
LOC105373574	0	0	0
LOC107985937	0	0	0
DPP10-AS1	0	0	0
LOC105373572	0	0	0
LOC105373576	0	0	0
LOC124907878	0	0	0
DDX18	1756	0	1756
LOC107985939	54	0	54
CCDC93	1009	1	1008
LOC101929908	0	0	0
LOC102723413	0	0	0
LOC107985940	0	0	0
INSIG2	613	0	613
LOC124907879	2	1	1
THORLNC	0	0	0
LOC105373578	0	0	0
LOC107985815	1	0	1
LOC105373579	1	1	0
LOC101927709	0	0	0
LINC01956	0	0	0
EN1	0	0	0
MARCO	18	2	24
LOC124906072	0	8	0
C1QL2	0	0	0
LOC107985941	0	0	0
STEAP3	1040	1	1299
STEAP3-AS1	6	261	1
LOC105373581	29	32	1
C2orf76	78	770	78
DBI	781	1	1550
TMEM37	614	7	607
SCTR	10	10	0
SCTR-AS1	0	0	0
CFAP221	0	0	0
TMEM177	423	0	423
LOC101927764	2	1	1
PTPN4	538	0	538
LOC124906163	0	0	0
LOC107985817	0	0	0
EPB41L5	339	0	343
LOC105373582	5	6	3
TMEM185B	647	0	647
LOC105373583	50	0	50
RALB	1341	0	1341
LOC105373584	0	0	0
LOC105373989	0	0	0
INHBB	11	0	11
LINC01101	0	0	0
LOC105373585	0	0	0
LOC124906073	0	0	0
LOC124907881	2	0	2
GLI2	246	1	245
LOC124907880	0	0	0
LOC105373587	0	0	0
LOC105373588	0	0	0
TFCP2L1	0	0	0
CLASP1	1476	0	1500
CLASP1-AS1	1	24	1
RNU4ATAC	2	2	0
NIFK-AS1	92	382	91
NIFK	501	0	882
TSN	1445	0	1445
LOC105373590	0	0	0
LINC01823	0	0	0
LOC105373592	0	0	0
LOC105373591	0	0	0
LOC105373593	0	0	0
LOC107985943	0	0	0
LOC105373594	0	0	0
LOC105373595	0	0	0
LOC105373596	0	0	0
LINC01826	0	0	0
CNTNAP5-DT	0	0	0
CNTNAP5	0	0	0
LOC105373598	0	0	0
LINC01889	0	0	0
LOC124900611	0	0	0
LINC01941	0	0	0
LOC105373601	0	0	0
LOC105373602	0	0	0
GYPC	0	0	0
LOC124907882	0	0	0
LOC105373603	0	0	0
TEX51	0	0	0
LOC105373604	0	0	0
BIN1	1882	7	1932
LOC105373605	0	57	0
CYP27C1	6	0	6
LOC124907883	4	0	4
ERCC3	2007	1	2006
MAP3K2	545	49	543
LOC124906074	0	2	1
MAP3K2-DT	29	8	65
LOC124908047	23	5	18
PROC	0	1	0
MIR4783	0	0	0
LOC105373608	8	0	9
LOC124907884	0	0	0
IWS1	1741	2	1739
MYO7B	13	0	19
LOC105373609	0	0	0
MYO7B-AS1	1	6	1
LIMS2	133	3	137
GPR17	11	10	8
WDR33	1613	317	1824
SFT2D3	0	211	317
LOC124907885	8	0	8
POLR2D	585	0	585
AMMECR1L	971	8	963
LOC107985944	30	0	30
SAP130	908	0	908
UGGT1	2889	0	2889
LOC124907886	1	0	1
HS6ST1	797	0	797
LOC105373610	0	0	0
LOC105373611	0	0	0
LOC124907887	0	0	0
LOC124907888	0	0	0
LOC101927881	0	0	0
LINC01854	0	0	0
LOC105373612	0	0	0
LOC124906164	0	0	0
LOC105373613	0	0	0
LOC105373614	0	0	0
LOC124907889	0	0	0
LOC107985945	0	0	0
LINC02572	0	0	0
LOC105373616	0	0	0
PLAC9P1	0	0	0
LINC01856	0	0	0
RAB6C-AS1	0	0	0
RAB6C	0	0	0
FAR2P1	34	0	34
POTEF	1	0	1
POTEF-AS1	0	0	0
MED15P9	0	0	0
CCDC74B	0	0	0
SMPD4	0	0	0
MZT2B	0	0	0
TUBA3E	0	0	0
TRE-TTC1-1	0	0	0
VMA22	300	6	298
IMP4	1030	0	1034
PTPN18	400	1	399
LOC105373618	0	0	0
FAR2P2	0	0	0
CYP4F62P	0	0	0
POTEI	0	0	0
CFC1B	0	0	0
PRSS40B	0	0	0
PRSS40A	0	0	0
CFC1	0	0	0
POTEJ	0	0	0
CYP4F30P	0	0	0
GPR148	0	0	0
LOC124907890	0	0	0
AMER3	2	0	2
LOC124907891	0	0	0
ARHGEF4-AS1	18	13	19
ARHGEF4	713	1	726
LOC124900527	0	0	0
SMIM39	0	0	0
FAM168B	1664	1	1663
PLEKHB2	1174	1	1173
POTEE	3	0	3
LOC440910	0	0	0
RAB6D	0	0	0
LOC112268425	0	0	0
LINC01120	0	0	0
NOC2LP2	1	0	1
MZT2A	800	15	801
TUBA3D	10	10	0
MIR4784	1	0	1
SMPD4BP	598	2	612
CCDC74A	0	0	0
POTEKP	8	0	8
LINC01087	2	0	2
LINC03124	29	0	29
CDRT15P3	0	0	0
LINC01945	0	0	0
LOC124908048	0	0	0
ANKRD30BL	0	0	0
MIR663B	0	0	0
LOC105373622	0	0	0
ZNF285CP	0	0	0
LOC124907892	0	0	0
FAM201B	0	0	0
LOC124905948	2	6	1
GPR39	7	0	51
MIR9986	0	0	0
LYPD1	0	35	0
NCKAP5	0	0	0
NCKAP5-AS1	0	0	0
LOC112268439	0	0	0
NCKAP5-AS2	1	0	1
LOC105373627	0	0	0
LOC105373628	0	0	0
MGAT5	716	0	716
MIR3679	0	0	0
TMEM163	0	0	0
LOC124906076	0	0	0
LOC105373629	0	0	0
ACMSD	0	0	0
MIR5590	0	0	0
CCNT2-AS1	2	0	2
CCNT2	557	0	557
MAP3K19	1	1	0
RAB3GAP1	700	1	699
LOC124906178	0	0	0
SNORA40B	0	0	0
ZRANB3	91	2	103
LOC124906077	0	14	0
R3HDM1	971	0	971
LOC124907893	3	0	3
MIR128-1	0	0	0
LOC107985946	6	96	1
UBXN4	1465	2	1554
LCT	0	0	0
LCT-AS1	0	0	0
MCM6	2715	2	2713
DARS1	789	12	906
LOC124906078	5	0	5
DARS1-AS1	16	117	28
CXCR4	1726	1	1725
LOC105373633	0	0	0
THSD7B	0	0	0
LOC105373634	0	0	0
LOC101928273	0	0	0
HNMT	57	0	57
LOC107985948	1	0	1
LOC105373636	0	0	0
LINC01832	0	0	0
SPOPL-DT	5	0	5
SPOPL	299	0	299
LOC124905958	0	0	0
LINC02631	1	0	1
NXPH2	0	0	0
YY1P2	0	0	0
LOC105373639	0	0	0
LOC105373640	0	0	0
LOC107985821	0	0	0
LOC105373643	0	0	0
LOC105373641	0	0	0
LOC105373644	0	0	0
LOC105373645	0	0	0
LOC124900519	0	0	0
LINC01853	0	0	0
LOC107985822	0	0	0
LRP1B	96	4	92
MIR7157	0	0	0
LOC105373649	0	0	0
LOC124906079	0	0	0
LOC107985779	0	0	0
LOC105373648	0	0	0
LOC105373651	0	0	0
LOC105373652	22	2	22
KYNU	5661	1	5662
LOC124907894	4	4	0
ARHGAP15	0	0	0
LOC107985949	0	0	0
LOC101928361	0	0	0
ARHGAP15-AS1	0	0	0
QTMAN-AS1	0	0	0
QTMAN	95	0	95
ZEB2	325	3	325
ZEB2-AS1	0	0	3
LINC01412	0	0	0
LINC02993	1	0	1
TEX41	0	0	0
LOC105373663	0	0	0
LINC01966	0	0	0
LOC100505498	0	0	0
LOC105373664	0	0	0
LOC124908059	0	0	0
LOC105373665	0	0	0
LOC105373666	0	0	0
LOC105373667	0	0	0
LOC124907895	0	0	0
PABPC1P2	0	0	0
LINC01911	0	0	0
LOC107985824	0	0	0
LOC124906150	0	0	0
ACVR2A	88	10	86
ORC4	491	18	499
LOC105373674	1	1	0
MBD5	147	5	160
LOC105373673	0	0	0
LOC124900532	0	0	0
LOC124907896	4	0	4
EPC2	184	0	184
LOC101928526	0	0	0
KIF5C-AS1	0	0	0
KIF5C	0	0	0
LOC101928553	0	0	0
LYPD6B	0	0	0
LOC105373677	0	0	0
LOC105373679	0	0	0
LYPD6	155	0	155
MIR9899	0	0	0
MMADHC	1270	0	1536
MMADHC-DT	0	266	0
LOC105373680	0	0	0
LINC01931	0	0	0
LOC105373682	0	0	0
LINC01818	0	0	0
LINC01817	0	0	0
LOC105373685	0	0	0
RND3	528	0	528
LINC01920	0	0	0
LINC02612	0	0	0
LOC105373686	0	0	0
LOC107985826	0	0	0
RBM43	100	0	100
NMI	310	1	309
LOC107985827	0	0	0
LOC101929319	0	0	0
TNFAIP6	8	0	8
MIR4773-1	0	0	0
MIR4773-2	0	0	0
RIF1	1224	1	1251
NEB	21	54	1
LOC124906081	9	0	13
ARL5A	312	0	312
CACNB4	1	0	1
STAM2	254	0	260
LOC105373689	0	6	0
LOC105373688	0	0	0
FMNL2	851	10	842
PRPF40A	2173	1	2184
ARL6IP6	307	13	305
LOC105373691	0	0	0
GALNT13	1	162	7
LOC124900522	0	0	0
RPRM	45	8	205
GALNT13-AS1	0	0	0
LOC105373694	0	0	0
LOC105373693	0	0	0
KCNJ3	0	0	0
LOC105373696	0	0	0
LOC107985952	0	0	0
LOC124908060	0	0	0
LOC105373698	0	0	0
LOC124908061	0	0	0
LOC105373699	5	0	5
LOC105373700	8	0	8
LOC107985953	0	0	0
LOC107985828	0	0	0
LOC105373703	0	0	0
LINC01876	0	0	0
NR4A2	396	0	396
FLJ46875	50	2	50
LOC124906082	17	0	19
GPD2	1357	1	1356
TRA-CGC3-1	0	0	0
TRG-GCC2-2	0	0	0
LOC124906173	0	0	0
LOC124906170	0	0	0
LOC105373707	0	0	0
LINC01958	0	0	0
LOC124907897	0	0	0
LOC105373710	0	0	0
LOC105373709	0	0	0
GALNT5	1	0	1
ERMN	0	0	0
FAM133DP	5	0	5
CYTIP	0	0	0
LOC105373712	0	0	0
ACVR1C	1	0	1
LOC124907898	1	0	1
ACVR1	200	0	201
LOC124907899	0	1	0
LOC105373714	0	0	0
UPP2	0	0	0
CCDC148-AS1	0	0	0
CCDC148	1	0	1
PKP4	673	0	792
LOC124907900	0	17	0
LOC105373715	0	0	0
PKP4-AS1	3	105	0
DAPL1	0	0	0
LOC124907901	0	0	0
TANC1	896	0	896
MIR6888	0	0	0
LOC105373716	20	23	3
WDSUB1	148	10	144
BAZ2B	319	33	324
BAZ2B-AS1	0	5	31
MARCHF7	755	0	793
LY75-CD302	0	0	0
CD302	0	0	0
LOC124906083	4	0	4
LY75	0	0	0
PLA2R1	0	0	0
LOC105373717	0	0	0
ITGB6	6	0	6
LINC02478	0	0	0
RBMS1	1161	0	1161
MIR4785	22	0	22
LOC105373718	0	0	0
LOC124907902	0	0	0
TANK-AS1	0	0	0
TANK	403	2	401
PSMD14-DT	2	9	0
LINC01806	27	0	34
PSMD14	1358	0	1358
TBR1	1	0	1
AHCTF1P1	3	0	3
LOC124906148	0	0	0
SLC4A10	0	0	0
LOC105373722	0	0	0
DPP4	0	0	0
DPP4-DT	0	0	0
LOC101929532	0	22	0
GCG	0	0	0
FAP	70	0	92
LOC105373724	0	0	0
IFIH1	676	1	678
GCA	103	2	105
KCNH7	0	1	0
LOC124906084	0	0	0
KCNH7-AS1	0	0	0
LOC105373727	0	0	0
LOC107985829	0	0	0
LOC105373728	0	0	0
FIGN	168	0	168
LOC107985957	16	0	16
GRB14	1	0	1
COBLL1	689	0	689
SNORA70F	0	0	0
LOC101929633	5	0	5
SLC38A11	0	0	0
SCN3A	8	2	7
SCN2A	2	0	3
CSRNP3	0	0	0
LOC124906085	0	0	0
GALNT3	3	0	4
LOC124906086	0	1	0
LOC100506124	17	0	17
TTC21B	342	0	342
TTC21B-AS1	0	0	0
LOC102724058	0	2	0
SCN1A	19	0	21
SCN1A-AS1	0	0	0
SCN9A	0	0	0
LOC124906181	0	0	0
SCN7A	0	0	0
LOC124906087	0	0	0
LOC107985958	0	0	0
XIRP2	0	0	0
XIRP2-AS1	0	0	0
B3GALT1	0	0	0
B3GALT1-AS1	0	0	0
LOC124907903	0	0	0
STK39	1	0	1
LOC124906088	0	0	0
LOC107985959	0	0	0
LOC105373734	0	0	0
LOC102724081	0	0	0
CERS6	0	0	0
MIR4774	0	0	0
CERS6-AS1	0	0	0
NOSTRIN	6	0	6
SPC25	12	0	12
LOC124907904	0	0	0
G6PC2	0	0	0
ABCB11	0	0	0
DHRS9	0	0	0
LRP2	0	0	0
BBS5	0	0	0
KLHL41	3	1	2
FASTKD1	414	0	414
PPIG	973	2	971
CFAP210	4	0	4
PHOSPHO2-KLHL23	0	0	0
PHOSPHO2	9	0	9
LOC124906089	74	75	0
LOC124900531	0	0	0
KLHL23	4	0	4
LOC124907905	0	0	0
SSB	1751	95	2074
METTL5	403	324	497
SNORD3K	4	4	0
UBR3	405	0	405
MYO3B	0	0	0
LOC124906090	0	0	0
MYO3B-AS1	0	0	0
LOC100130256	0	0	0
ERICH2-DT	0	0	0
LINC01124	0	0	0
SP5	0	0	0
ERICH2	0	0	0
GAD1	12	0	13
GAD1-AS1	1	2	0
GORASP2	1543	6	1537
LOC124906091	1	0	1
TLK1	729	1	728
LOC124906092	3	0	3
LOC107983995	0	0	0
LOC105373737	7	0	7
METTL8	225	5	229
DCAF17	212	5	216
CYBRD1	1020	0	1020
DYNC1I2	0	0	0
SLC25A12	57	0	57
LOC105373739	0	0	0
LOC105373740	0	0	0
HAT1	6	0	6
LOC124905590	0	0	0
METAP1D	0	0	0
DLX1	0	0	0
DLX2	317	1	317
DLX2-DT	4	0	4
LOC105373741	0	0	0
LOC107985960	0	0	0
LOC105373742	0	0	0
ITGA6	718	5	910
ITGA6-AS1	0	0	0
PDK1-AS1	12	258	18
PDK1	764	7	824
LOC124906146	0	0	0
RAPGEF4-AS1	0	0	0
RAPGEF4	38	0	38
MAP3K20	1262	6	1381
MAP3K20-AS1	11	136	0
LOC105373743	0	0	0
CDCA7	1064	0	1064
LOC105373744	0	0	0
LOC105373745	0	0	0
SP3	1397	5	1392
LINC01960	73	24	49
LOC105373746	0	0	0
OLA1	1609	0	1609
LOC124907906	3	0	3
LINC01305	0	0	0
LOC102724194	0	0	0
SP9	3	0	3
CIRSR	244	0	244
SCRN3	224	0	224
GPR155	94	7	87
GPR155-DT	10	0	10
LOC124906097	0	0	0
LOC124906096	0	0	0
WIPF1	325	0	356
WIPF1-AS1	0	31	0
LOC124907907	1	1	0
H3P6	728	0	728
CHRNA1	0	0	0
LOC124907908	0	0	0
CHN1	71	0	71
ATF2	443	3	440
MIR933	1	1	0
ATP5MC3	3035	1	3034
LOC105373752	0	0	0
LOC107985962	0	0	0
LOC124907909	0	0	0
LNPK	613	0	613
LOC107985830	0	0	0
EVX2	0	0	0
HOXD13	0	0	0
HOXD12	0	0	0
HOXD11	461	0	461
HOXD10	328	0	328
HOXD9	214	2	212
LOC100129455	2	6	2
HOXD8	33	1	38
HOXD-AS2	0	0	19
LOC401021	0	19	0
MIR10B	0	0	0
HOXD4	4	0	4
HOXD3	2	0	2
HAGLR	0	0	0
HAGLROS	0	0	0
HOXD1	0	0	0
MIR7704	0	0	0
MTX2	570	0	570
NRAL	0	0	0
LOC124907910	0	0	0
MIR1246	0	0	0
LINC01116	0	0	0
LINC01117	0	0	0
LOC105369143	0	0	0
LOC101929963	0	0	0
LOC105373757	0	0	0
LOC105373756	0	0	0
LOC107985965	0	0	0
LOC105373760	0	0	0
LOC105373759	1	0	1
MIR4444-1	0	0	0
HNRNPA3	5770	2	5768
NFE2L2	1797	1	1796
MIR3128	0	0	0
LOC100130691	67	42	25
MIR6512	0	0	0
LOC124906145	1	0	1
AGPS	1254	0	1254
LOC105373762	0	0	0
IFT70B	50	0	50
LOC124906098	0	0	0
IFT70A-AS1	0	9	0
IFT70A	21	0	30
PDE11A	0	2	0
PDE11A-AS1	0	0	0
LOC124906099	0	0	2
RBM45	223	0	223
OSBPL6	141	0	141
CHROMR	92	2	90
PRKRA	449	9	440
PJVK	25	0	25
FKBP7	98	0	98
LOC124906102	0	0	0
PLEKHA3	381	0	381
LOC124907911	0	0	0
TTN-AS1	4	0	96
TTN	225	322	0
LOC124906100	3	0	8
LOC124907912	0	0	0
LOC124906101	0	0	0
LOC101927055	0	0	0
CCDC141	0	0	0
LOC105373766	0	0	0
SESTD1	581	0	581
LOC124906166	2	0	2
ZNF385B	0	0	0
LOC101927073	0	0	0
MIR1258	0	0	0
LOC124900526	0	0	0
CWC22	379	0	379
EPCART	0	0	0
LOC105373768	0	0	0
LOC105373769	0	0	0
LOC105373770	0	0	0
SCHLAP1	0	0	0
LOC105373771	0	0	0
UBE2E3-DT	0	130	0
UBE2E3	633	0	763
LOC107985831	0	0	0
LINC01934	0	0	0
MIR4437	0	0	0
LOC124907913	0	0	0
ITGA4	0	0	0
CERKL	0	0	0
NEUROD1	0	0	0
ITPRID2	2770	1	2769
PPP1R1C	0	0	0
LOC102724288	1	0	1
PDE1A	1858	4	1854
LOC124907915	0	0	0
LOC124907914	0	0	0
LOC101929976	0	0	0
DNAJC10	1869	0	1869
FRZB	2	0	2
LOC124907916	0	0	0
NCKAP1	2193	0	2193
LOC124900540	0	0	0
DUSP19	21	0	21
NUP35	222	0	266
LOC124907917	2	44	2
LOC124906103	35	0	35
LOC124907918	0	0	0
LOC124906171	0	0	0
LOC105373777	1	0	1
LOC102724340	0	0	0
LOC105373776	0	0	0
MIR548AE1	0	0	0
LOC107985968	0	0	0
LOC105373779	0	0	0
LOC105373780	0	0	0
ZNF804A	0	0	0
LOC105373782	0	0	0
LOC105373781	0	0	0
LOC107985832	0	0	0
LOC124907919	0	0	0
LOC124906104	0	0	0
LOC124900518	0	0	0
FSIP2-AS2	0	0	0
FSIP2	0	0	0
FSIP2-AS1	0	0	0
LINC01473	3	0	3
LOC105373785	4	0	4
ZC3H15	1361	1	1360
LOC124907920	2	0	2
LOC107985784	0	0	0
LOC124906105	4	0	4
ITGAV	1440	0	1440
FAM171B	0	0	0
ZSWIM2	0	0	0
CALCRL-AS1	3	4	0
LOC124906106	0	0	0
CALCRL	0	0	0
TFPI	1410	10	1401
LOC105373788	0	0	0
LINC01090	0	0	0
LOC124907927	0	0	0
GULP1	0	0	0
MIR561	0	0	0
LOC124906107	0	0	0
LOC105373790	0	0	0
DIRC1	0	0	0
LOC105373791	0	0	0
COL3A1	0	0	0
MIR1245A	0	0	0
MIR1245B	0	0	0
MIR3606	0	0	0
COL5A2	1067	0	1067
MIR3129	0	0	0
WDR75	968	0	970
SLC40A1	0	0	0
ASNSD1	356	0	356
ASDURF	0	0	0
LOC105373793	3	3	0
ANKAR	3	81	2
OSGEPL1	256	0	336
OSGEPL1-AS1	0	0	0
ORMDL1	825	17	819
PMS1	390	1	437
LOC105373796	1	40	0
AKAP19	0	6	0
MSTN	5	0	5
HIBCH	269	0	275
LOC124906109	0	25	0
INPP1	72	0	97
MFSD6	260	18	242
NEMP2	122	8	119
NEMP2-DT	7	0	11
NAB1	856	0	857
LOC124907946	2	0	2
LOC124906110	6	56	9
GLS	799	12	846
STAT1	1589	2	1587
LOC124900514	1	0	1
STAT4-AS1	0	1	0
LOC107985785	1	1	0
STAT4	13	0	14
LOC105373804	0	0	0
MYO1B-AS1	2	0	2
MYO1B	1072	1	1071
LOC107985833	0	0	0
LOC124905959	0	0	0
NABP1	262	0	262
LOC124900605	223	0	223
LOC124908062	11	0	11
LOC105373812	0	0	0
LOC729254	0	0	0
CAVIN2	23	0	38
CAVIN2-AS1	0	15	0
TMEFF2	0	0	0
PCGEM1	0	0	0
LOC107985969	0	0	0
LINC01821	0	0	0
LOC105373816	0	0	0
LOC124906142	0	0	0
LOC105376755	4	0	4
LINC01790	0	0	0
LOC105373817	0	0	0
LINC01825	31	0	31
LINC01827	0	0	0
SLC39A10	2241	1	2240
DNAH7	17	0	19
LOC107985972	4	2	4
STK17B	266	0	278
LOC101927454	1	12	1
HECW2	104	0	104
LOC124906154	0	0	0
HECW2-AS1	0	0	0
LOC105373822	0	0	0
LOC105373821	0	0	0
LOC105373823	0	0	0
CCDC150	152	0	152
LOC124900529	0	0	0
LOC100130452	0	0	0
GTF3C3	769	4	765
C2orf66	4	0	4
PGAP1	243	0	243
ANKRD44	99	0	99
ANKRD44-AS1	0	0	0
ANKRD44-IT1	0	0	0
ANKRD44-DT	0	0	0
SF3B1	5113	1	5112
LOC124900524	0	0	0
COQ10B	321	1	320
LOC124907951	0	0	0
HSPD1	9964	83	9955
SNORA105B	0	0	0
HSPE1-MOB4	0	0	0
HSPE1	17	0	17
MOB4	2	0	2
LOC124907952	6	0	12
RFTN2	11	17	0
MARS2	288	0	288
BOLL	1	1	0
LOC105373828	0	0	0
PLCL1	0	0	0
LINC01923	0	0	0
LOC105373831	0	0	0
LOC105373830	0	0	0
SATB2	204	10	194
SATB2-AS1	2	0	2
LINC01877	0	0	0
FTCDNL1	59	0	59
LOC101927687	3	0	5
C2orf69	187	2	187
TYW5	200	6	198
MAIP1	412	3	413
LOC124906112	0	0	0
LOC124907962	0	0	0
LOC105373833	0	0	0
SPATS2L	480	0	796
LOC101927741	3	319	0
KCTD18	170	0	171
SGO2	555	2	553
AOX1	375	3	373
AOX3P-AOX2P	1	0	1
LINC01792	7	1	6
BZW1-AS1	0	455	3
BZW1	9241	6	9693
CLK1	1219	6	1213
PPIL3	470	0	471
NIF3L1	707	1	707
ORC2	733	0	776
LOC105373835	1	46	1
HYCC2	202	1	203
NDUFB3	448	0	448
LOC105373836	5	60	6
CFLAR	534	5	665
CFLAR-AS1	1	76	0
CASP10	149	0	149
CASP8	789	6	783
FLACC1	2	0	2
TRAK2	544	0	544
STRADB	511	0	511
CATSPERT	3	2	1
LOC124906113	0	0	0
TMEM237	596	0	596
MPP4	2	2	0
ALS2	321	1	320
CDK15	0	0	0
FZD7	84	2	82
LOC124906114	0	0	0
KIAA2012	0	0	0
LOC124906152	0	0	0
KIAA2012-AS1	0	0	0
SUMO1	2083	0	2083
NOP58	2012	0	2012
SNORD70	0	0	0
SNORD70B	0	0	0
SNORD11B	0	0	0
SNORD11	2	0	2
BMPR2	390	0	390
FAM117B	206	1	205
ICA1L	0	0	0
WDR12	724	0	724
CARF	43	1	42
NBEAL1	394	0	394
LOC124900525	0	0	0
CYP20A1	82	13	69
ABI2	792	9	783
RAPH1	1192	4	1188
CD28	0	0	0
CTLA4	0	0	0
LOC101927840	0	0	0
ICOS	0	0	0
LOC124907966	0	0	0
LOC124906115	0	0	0
LOC105373845	0	0	0
PARD3B	57	0	57
LOC124907967	7	0	7
LOC124907968	0	0	0
NRP2	287	0	287
LOC105373847	0	0	0
LOC124907969	0	0	0
INO80D	1	0	1
INO80D-AS1	0	0	0
NDUFS1	1	0	1
GCSHP3	0	0	0
EEF1B2	0	0	0
SNORD51	0	0	0
SNORA41	0	0	0
CMKLR2	0	0	0
CMKLR2-AS	0	0	0
ZDBF2	0	0	0
ADAM23	1	0	1
FAM237A	0	0	0
DYTN	0	0	0
MDH1B	1	0	1
FASTKD2	729	0	729
MIR3130-1	0	0	0
MIR3130-2	0	0	0
CPO	1	0	1
KLF7	80	0	80
MIR2355	0	0	0
MIR7845	0	0	0
MYOSLID-AS1	0	0	0
LOC124907971	0	0	0
MYOSLID	2	1	1
LINC01802	0	0	0
MIR1302-4	0	0	0
LOC105373851	1	0	1
LOC124907970	5	0	5
CREB1	424	44	452
METTL21A	191	44	219
LINC01857	0	0	0
CCNYL1	433	14	419
MIR4775	0	0	0
FZD5	288	1	287
PLEKHM3	134	3	131
LOC105373854	0	0	0
LOC124905439	0	0	0
LOC100507443	0	0	0
CRYGD	0	0	0
CRYGC	0	0	0
CRYGB	0	0	0
CRYGA	0	0	0
C2orf80	0	0	0
IDH1	4657	6	4652
IDH1-AS1	11	0	12
PIKFYVE	582	0	582
PTH2R	0	0	0
LOC105373855	0	0	0
LOC101927960	0	0	0
LOC105373857	0	0	0
LOC105373856	0	0	0
MAP2	0	0	0
UNC80	0	0	0
RPE	731	8	817
KANSL1L	108	153	50
KANSL1L-AS1	3	1	3
LOC107985977	2	0	2
ACADL	2	2	0
LOC124907972	0	0	0
MYL1	0	0	0
LANCL1-AS1	13	13	0
LANCL1	4069	1	4068
CPS1	51153	13	51140
CPS1-IT1	13	0	13
LOC107985978	0	0	0
ERBB4	0	0	0
LOC124906116	0	0	0
MIR548F2	0	0	0
LINC01878	0	0	0
MIR4776-2	0	0	0
MIR4776-1	0	0	0
LOC102725082	0	0	0
LOC107985980	0	0	0
IKZF2	0	0	0
LINC01953	0	0	0
LOC105373864	0	0	0
LOC107985981	0	0	0
SPAG16-DT	0	0	0
SPAG16	90	0	90
MIR4438	0	0	0
LOC101928084	0	0	0
LOC124907973	0	0	0
VWC2L	0	0	0
VWC2L-IT1	0	0	0
BARD1	352	0	352
SNHG31	2	0	2
SNORA70I	0	0	0
ABCA12	4	1	3
LOC124906117	1	0	1
LOC124907974	0	0	0
LINC02862	0	0	0
LOC124906184	0	0	0
LOC124907975	5	0	5
ATIC	2407	162	2405
FN1	496	8	658
FN1-DT	0	10	0
LOC102724849	1	0	1
LOC102724861	0	0	0
LINC00607	5	0	5
LINC01614	0	0	0
COXFA4P5	0	0	0
LOC105373870	0	0	0
MREG	171	0	171
PECR	167	0	167
TMEM169	0	0	0
XRCC5	7072	0	7072
LINC01963	155	0	155
MARCHF4	1	0	1
MARCHF4-AS1	0	0	0
SMARCAL1-AS1	0	3	0
LOC107985984	0	0	0
SMARCAL1	584	4	583
RPL37A-DT	17	6	16
RPL37A	5061	3	5063
LOC101928156	16	0	16
LOC101928180	0	0	0
LOC105373871	0	4	0
LOC124907976	0	0	0
LINC01280	0	0	0
LOC124907977	0	0	0
IGFBP2	0	0	0
IGFBP5	1	0	1
LOC124900515	0	0	0
IGFBP-AS1	0	0	0
LOC124907978	0	0	0
LOC124907979	0	0	0
TNP1	0	0	0
LOC124906118	0	0	0
LOC105373876	0	0	0
TESHL	0	0	0
LOC105373874	0	0	0
LOC105373873	0	0	0
LOC124907980	0	0	0
LOC105373872	0	0	0
DIRC3-AS1	0	0	0
DIRC3	1	1	0
LOC124907981	0	0	0
TNS1	521	0	541
SNORA115	0	0	0
MIR6809	0	0	0
LOC124905960	1	1	0
TNS1-AS1	0	19	0
LOC124907982	33	1	33
RUFY4	0	0	0
CXCR2P1	0	0	0
CXCR2	0	0	0
CXCR1	0	0	0
LOC124906159	0	0	0
LOC101928487	22	95	25
ARPC2	3867	3	3962
TRY-ATA1-1	0	0	0
GPBAR1	0	0	0
AAMP	1459	0	1459
PNKD	1257	9	1248
TMBIM1	897	3	894
MIR6513	0	0	0
LOC105373881	1	0	1
LOC105373880	14	0	14
CATIP-AS2	27	1	27
LOC124906179	2	2	0
MIR6810	0	0	0
CATIP	21	14	40
CATIP-AS1	1	21	12
SLC11A1	26	1	25
CTDSP1	1635	17	1618
MIR26B	0	0	0
VIL1	0	208	0
USP37	126	0	334
CNOT9	1159	0	1159
PLCD4	70	121	182
ZNF142	467	124	610
BCS1L	376	38	372
RNF25	502	0	502
STK36	514	0	514
LOC124907983	0	1	0
TTLL4	506	0	507
CYP27A1	23	0	23
PRKAG3	0	0	0
MIR9500	0	0	0
WNT6	662	0	662
WNT10A	1	0	1
LOC105373882	0	0	0
LINC01494	0	0	0
LOC124906119	0	0	0
LOC124907984	0	0	0
CDK5R2	2	0	2
LINC00608	0	0	0
FEV	0	0	0
CRYBA2	0	0	0
MIR375	0	0	0
CFAP65-AS1	0	0	0
CFAP65	0	0	0
LOC107985987	0	0	0
IHH	2	0	2
MIR3131	0	0	0
LOC124906120	3	11	0
NHEJ1	234	0	242
SLC23A3	11	0	11
CNPPD1	370	4	368
RETREG2	1558	0	1560
ZFAND2B	223	2	222
ABCB6	1231	0	1232
ATG9A	2469	4	2472
ANKZF1	1579	29	1567
GLB1L	103	11	102
STK16	424	29	438
TUBA4A	3027	16	3068
TUBA4B	13	27	0
DNAJB2	525	0	525
PTPRN	22	16	6
MIR153-1	0	0	0
RESP18	0	0	0
LOC107985835	0	0	0
LOC105373883	13	0	13
DNPEP	608	1	608
DNPEP-AS1	2	0	3
DES	75	0	75
SPEG	382	3	381
ASIC4-AS1	1	3	0
SPEGNB	4	4	0
GMPPA	1002	0	1002
ASIC4	1	0	1
CHPF	3222	14	3442
TMEM198	66	229	141
OBSL1	1847	89	1828
MIR3132	0	0	0
INHA	294	0	294
STK11IP	380	0	380
LOC124908064	0	0	0
SLC4A3	9	0	9
DNAJB6P3	0	0	0
LINC02832	0	0	0
LOC105373887	0	0	0
LOC105373888	0	0	0
LINC01803	0	0	0
LOC105373890	0	0	0
MIR4268	0	0	0
LOC105373891	0	0	0
LOC105373893	0	0	0
LOC105373894	0	0	0
LOC105373895	0	0	0
LOC105373896	0	0	0
LOC107985990	0	0	0
EPHA4	0	0	0
LOC105373897	0	0	0
LOC105373899	0	0	0
LOC105373898	0	0	0
LOC105373900	0	0	0
PAX3	0	0	0
LOC107985991	0	0	0
CCDC140	0	0	0
RNF228	0	0	0
CT75	0	0	0
SGPP2	13	13	0
FARSB	1285	0	1285
LOC105373902	0	0	0
LOC124907985	0	0	0
MOGAT1	2	1	1
LOC124906151	0	0	0
LOC105373903	0	0	0
ACSL3	3193	1	3195
ACSL3-AS1	2	5	0
KCNE4	1	0	1
LOC124907986	0	0	0
LOC105373905	0	0	0
LOC105373906	0	0	0
LOC105373907	0	0	0
LOC124907987	0	0	0
SCG2	88	0	88
AP1S3	430	0	430
LOC124907988	2	0	2
WDFY1	568	0	568
LOC124907989	0	0	0
MRPL44	677	0	677
SERPINE2	276	0	276
LOC124907990	0	0	0
LOC124907991	0	0	0
LOC105373908	0	0	0
LOC124907992	0	0	0
FAM124B	0	0	0
CUL3	1066	1	1065
LOC105373909	0	0	0
LOC105373910	0	0	0
CCDC195	0	0	0
LOC105373911	0	0	0
DOCK10	215	1	214
LOC124906121	0	0	0
MIR4439	0	0	0
NYAP2	119	0	119
LOC105373914	0	0	0
LOC107985992	0	0	0
LOC646736	0	0	0
LOC105373915	0	0	0
MIR5702	0	0	0
IRS1	167	0	167
RHBDD1	244	2	242
COL4A4	479	2	479
LOC124900533	0	0	0
COL4A3	172	9	166
MFF-DT	17	0	19
MFF	1348	1	1348
TM4SF20	1	0	1
SCYGR1	0	0	0
LOC124907993	1	0	1
LOC124907994	0	0	1
MIR5703	0	0	0
AGFG1	1487	1	1486
SCYGR2	0	0	0
SCYGR10	0	0	0
SLC19A4P	0	0	0
SCYGR3	0	0	0
LOC729968	1	1	0
SCYGR4	0	0	0
SCYGR5	0	0	0
SLC19A3	1	0	1
SCYGR6	0	0	0
SCYGR7	0	0	0
SCYGR8	0	0	0
CCL20	2	0	2
DAW1	2	0	2
LOC105373918	0	0	0
SPHKAP	0	0	0
LOC107985993	0	0	0
LINC01807	0	0	0
LOC105373921	0	0	0
PID1	94	0	94
DNER	710	0	710
LOC124907995	0	1	0
LOC107985994	2	0	2
LOC124906135	0	0	0
LOC105373923	0	0	0
TRIP12	1349	1	1348
FBXO36	70	0	70
LOC105373924	0	0	0
LOC107985996	0	0	0
SLC16A14	1	1	0
LOC107985995	0	0	0
SP110	117	0	117
SP140	5	3	2
SP140L	137	0	158
LOC105373925	1	22	0
SP100	437	0	540
LOC101928816	2	105	0
LOC112268431	0	0	0
LOC124907996	2	92	11
LINC01907	0	0	0
CAB39	948	9	1040
ITM2C	375	0	375
GCSIR	0	0	0
GPR55	0	0	0
SPATA3-AS1	0	0	0
SPATA3	0	0	0
C2orf72	0	0	0
LOC112268432	0	0	0
PSMD1	2062	0	2062
HTR2B	1	1	0
ARMC9	105	0	105
MIR4777	0	0	0
B3GNT7	2	0	2
LOC124907997	0	0	0
NCL	12714	8	12706
SNORA75	5	0	5
SNORD20	8	0	8
SNORD82	0	0	0
LOC107985998	1	0	1
LINC00471	24	0	24
NMUR1	0	0	0
LOC105376787	0	0	0
TEX44	0	0	0
LOC124906122	0	0	0
LOC105373928	0	0	0
PTMA	13182	11	13171
MIR1244-1	0	0	0
PDE6D	388	0	389
COPS7B	766	1	766
MIR1471	0	0	0
NPPC	0	0	0
DIS3L2	490	0	490
MIR562	0	0	0
LOC124906123	0	108	0
ALPP	1060	0	1168
ECEL1P2	0	0	0
ALPG	10	0	10
ALPI	40	0	40
ECEL1	14452	56	14453
LOC124906124	369	57	369
PRSS56	13141	7	13134
CHRND	73	2	71
CHRNG	0	1	0
TIGD1	171	0	172
MIR5001	0	0	0
EIF4E2	959	3	1126
LOC105373929	9	178	0
EFHD1	23	0	23
LOC124906169	0	0	0
GIGYF2	1265	0	1267
KCNJ13	1	3	0
SNORC	65	0	65
NGEF	132	7	125
LOC101928881	0	0	0
NEU2	0	0	0
INPP5D	0	0	0
ATG16L1	0	0	0
SCARNA5	0	0	0
SCARNA6	0	0	0
SAG	0	0	0
DGKD	2162	2	2160
USP40	599	2	597
UGT1A8	0	0	0
UGT1A10	0	0	0
UGT1A9	0	0	0
UGT1A7	56	0	56
UGT1A6	2	0	2
UGT1A5	0	0	0
UGT1A4	0	0	0
UGT1A3	0	0	0
DNAJB3	0	0	0
LOC100286922	0	0	0
UGT1A1	0	0	0
MROH2A	0	0	0
HJURP	813	0	813
MSL3B	199	0	199
TRPM8	0	0	0
SPP2	0	0	0
LOC105373932	0	0	0
LOC105373933	0	0	0
LINC01891	0	0	0
ARL4C	5	0	5
LOC105373936	0	0	0
LINC01173	0	0	0
LOC101927896	1	1	0
LOC105373937	0	0	0
LOC105373938	0	0	0
SH3BP4	788	0	788
LOC105373939	1	1	0
LOC124907998	0	0	0
LOC105373940	0	0	0
LOC105373941	0	0	0
AGAP1	891	0	891
AGAP1-IT1	1	0	1
TNRC17	0	0	0
LOC105373942	1	1	0
LOC124907999	0	0	0
GBX2	45	10	52
GBX2-AS1	1	8	3
LOC124906126	0	0	0
ASB18	0	0	0
LOC124908000	2	0	2
DRC11	6	6	0
LOC105373945	10	0	10
IQCA1-AS1	0	0	0
ACKR3	402	0	402
LOC107986001	0	0	0
LOC105373946	0	0	0
LOC105373947	0	0	0
LOC105373948	1	0	1
LOC105373949	1	0	1
LOC107986002	0	0	0
COPS8-DT	29	0	30
LOC105373950	7	8	0
LOC93463	0	0	0
COPS8	814	0	814
LOC124906127	0	0	0
LOC105373953	1	0	1
LOC105373954	0	0	0
COL6A3	0	0	0
LOC105373957	0	0	0
MLPH	0	0	0
MIR6811	0	0	0
PRLH	0	0	0
RAB17	213	0	213
RAB17-DT	8	2	6
LRRFIP1	1369	0	1369
LOC124906128	2	0	2
RBM44	16	0	16
RAMP1	0	0	0
LOC124900521	0	0	0
LOC105373960	0	0	0
LOC124908001	0	0	0
UBE2F-SCLY	1	1	0
UBE2F	146	0	146
SCLY	2	0	2
ESPNL	8	0	8
KLHL30	61	0	61
ERFE	192	0	192
ILKAP	308	1	307
LINC02610	0	0	0
TARDBPP3	0	0	0
HES6	101	0	101
PER2	128	0	128
LOC112268433	0	0	0
TRAF3IP1	306	0	306
LOC124908002	0	5	0
ASB1	290	0	510
LOC107986003	0	215	0
LINC01107	0	0	0
LOC124906130	0	0	0
LOC105373963	0	0	0
LINC01937	0	0	0
LOC100287387	0	0	0
TWIST2	0	0	0
LINC01940	2	2	0
HDAC4	733	3	736
MIR4440	0	0	0
MIR4441	0	0	0
LOC124908009	0	0	0
HDAC4-AS2	0	2	0
MIR4269	0	0	0
MIR2467	0	0	0
HDAC4-AS1	4	2	6
LOC124908011	0	0	0
LOC124908012	0	0	0
LINC02991	1	0	1
LOC105373966	0	0	0
LOC150935	0	0	0
NDUFA10	1593	0	1593
MIR4786	1	0	1
OR6B2	0	0	0
OR6B3	0	0	0
COPS9	245	0	245
OTOS	1	1	0
LOC107985836	0	0	0
LOC105373968	3	1	2
LOC102723825	4	0	4
GPC1	2567	7	2560
GPC1-AS1	0	0	0
MIR149	0	0	0
ANKMY1	204	13	233
DUSP28	36	36	41
RNPEPL1	1079	2	1078
CAPN10-DT	37	0	37
CAPN10	378	0	378
GPR35	23	0	23
LOC124908016	0	0	0
AQP12B	0	0	0
LOC285191	0	0	0
AQP12A	0	0	0
KIF1A	0	0	0
AGXT	44	0	44
MAB21L4	1	0	1
CROCC2	1	0	1
LOC112268440	0	0	0
UICLM	1	0	1
TANAR	0	0	0
SNED1	309	168	449
LOC107985787	4	2	2
SNED1-AS1	1	18	1
MTERF4	245	136	399
PASK	549	18	556
PPP1R7	818	12	831
LOC105373971	1	1	0
ANO7	62	2412	67
LOC105376810	2	469	9
HDLBP	8497	96	11518
HDLBP-AS1	14	94	22
SEPTIN2	5244	86	5280
FARP2	101	8	126
LOC105373973	0	0	0
MIR3133	0	0	0
STK25	927	26	934
LOC107985788	7	0	7
BOK-AS1	0	56	0
LOC105373974	0	0	0
BOK	330	0	386
THAP4	899	2	899
ATG4B	976	0	978
DTYMK	955	0	955
ING5	313	0	313
D2HGDH	392	6	386
GAL3ST2	0	0	0
LOC124905349	0	0	0
NEU4	0	0	0
LOC124905350	0	0	0
PDCD1	0	0	0
LOC105373977	0	0	0
LOC124908032	0	0	0
RTP5	0	0	0
LOC105373978	0	0	0
LINC01237	2	0	2
FAM240C	0	0	0
LINC01238	0	0	0
LOC285097	0	0	0
LOC105373980	0	0	0
LINC01880	0	0	0
LINC03100	0	0	0
LINC01881	31	0	31
LINC01986	0	0	0
LOC105376921	0	0	0
LOC107986040	0	0	0
LOC107986057	0	0	0
LOC124909336	0	0	0
CHL1-AS2	0	0	0
CHL1	0	0	0
CHL1-AS1	0	0	0
LOC105376922	0	0	0
LOC124909337	0	0	0
LINC01266	0	0	0
LOC107986058	0	0	0
LOC107986059	0	0	0
CNTN6	1	0	1
LOC105376924	0	0	0
LOC105376923	0	0	0
LOC124909338	0	0	0
CNTN4	0	0	0
CNTN4-AS2	0	0	0
LOC105376926	0	0	0
CNTN4-AS1	0	0	0
IL5RA	0	0	0
LOC124909339	0	0	0
TRNT1	615	191	697
CRBN	368	134	507
LOC100130207	6	0	6
LRRN1	0	0	0
LOC102723512	1	1	0
SUMF1	627	30	804
SETMAR	145	0	172
LOC124909340	1	180	1
ITPR1-DT	40	0	40
ITPR1	2426	1	2690
LOC105376933	0	0	0
LOC124906210	0	82	0
EGOT	0	0	0
LOC124906209	5	183	5
LOC124906358	0	0	0
BHLHE40-AS1	11	396	13
BHLHE40	3898	3	4293
ARL8B	1512	1	1511
LOC124906212	0	0	0
EDEM1	852	0	852
MIR4790	0	0	0
LOC105376936	0	0	0
LOC105376939	0	0	0
LOC105376938	0	0	0
LOC105376940	0	0	0
LOC105376941	0	0	0
LOC102723596	0	0	0
LOC105376942	0	0	0
LOC124909341	0	0	0
LOC105376944	47	0	48
GRM7-AS3	0	1	0
LOC105376943	2	0	2
LOC105376945	1	0	1
GRM7	0	0	0
GRM7-AS2	0	0	0
GRM7-AS1	0	0	0
LOC124909342	0	0	0
LOC101927394	0	0	0
LMCD1-AS1	0	0	0
LOC107986010	0	0	0
LMCD1	1	0	1
LINC00312	0	0	0
LOC107986009	0	0	0
SSUH2	38	0	38
CAV3	0	0	0
OXTR	57	0	57
LOC107986061	3	0	3
LOC107984112	6	0	6
RAD18	977	1	976
LOC124900561	0	0	0
SRGAP3	183	0	194
LOC124909343	0	10	0
SRGAP3-AS2	0	0	0
SRGAP3-AS3	0	0	0
SRGAP3-AS4	4	0	4
THUMPD3	875	15	1033
THUMPD3-AS1	140	179	133
SETD5	2846	1	2845
LHFPL4	1	1	0
LOC105376949	0	0	0
MTMR14	684	0	688
LOC124909344	6	7	3
CPNE9	5	0	5
BRPF1	724	1	723
OGG1	421	526	453
CAMK1	22	66	0
TADA3	602	23	1147
ARPC4	605	11	605
ARPC4-TTLL3	0	0	1
TTLL3	78	8	70
RPUSD3	1121	11	1111
CIDEC	8	0	8
JAGN1	1665	0	1665
IL17RE	172	0	172
IL17RC	1331	68	1263
CRELD1	603	6	597
PRRT3	32	34	25
PRRT3-AS1	3	7	25
EMC3	1104	32	1099
EMC3-AS1	121	5	141
CIDECP1	100	1	99
FANCD2	939	0	1186
FANCD2OS	4	251	0
BRK1	1244	0	1244
LOC124906357	0	0	0
VHL	1009	1	1008
IRAK2	70	0	70
LOC124906338	0	0	0
TATDN2	959	3	956
MIR12127	0	0	0
GHRLOS	8	2	9
LINC00852	9	0	9
GHRL	2	4	0
SEC13	2166	4	2162
ATP2B2	0	0	0
MIR378B	0	0	0
MIR885	0	0	0
ATP2B2-IT1	0	0	0
ATP2B2-IT2	0	0	0
LINC00606	0	0	0
SLC6A11	0	0	0
LOC105376950	0	0	0
SLC6A1	0	0	0
SLC6A1-AS1	0	0	0
LOC101927467	1	0	1
HRH1	231	1	231
LOC105376951	5	2	4
LOC124909345	2	1	1
LOC102723663	64	0	64
ATG7	877	663	932
VGLL4	289	59	948
TAMM41	118	0	118
SYN2	2	2	0
TIMP4	23	0	23
PPARG	1069	2	1067
TSEN2	484	0	484
MKRN2OS	18	18	0
MKRN2	955	147	970
RAF1	2482	71	2573
LOC124906355	0	0	0
TMEM40	50	0	50
CAND2	2	9	0
RPL32	9307	3	9311
SNORA7A	0	0	0
LOC124909346	0	0	0
LOC105376956	0	0	0
LINC02022	0	0	0
IQSEC1	672	0	672
LOC124906214	0	0	0
NUP210	9343	6	9337
HDAC11-AS1	0	0	0
HDAC11	325	6	319
FBLN2	3478	4	3474
SNORA93	0	0	0
LOC100293612	0	0	0
LINC00620	0	0	0
WNT7A	0	0	0
LOC105376957	0	0	0
FGD5P1	0	0	0
TPRXL	0	0	0
LOC112268445	0	0	0
CHCHD4	548	0	548
TMEM43	1619	0	1619
XPC	1006	6	1159
XPC-AS1	41	198	2
LSM3	1007	0	1007
LOC105376958	13	0	13
LINC01267	6	0	6
LOC105376959	30	0	30
SLC6A6	3679	0	3741
GRIP2	68	62	68
LOC105376960	0	0	0
LOC124909347	2	33	2
CCDC174	254	0	287
LOC124906215	1	1	0
C3orf20	6	0	6
LINC02011	0	0	0
FGD5	0	1	1
LOC105376963	0	1	0
FGD5-AS1	2125	10	2140
NR2C2	1047	825	834
MRPS25	1019	239	1368
RBSN	726	0	726
COL6A4P1	0	0	0
CAPN7	731	7	724
SH3BP5-AS1	101	1852	128
SH3BP5	426	79	2226
LOC124906370	0	0	0
LOC124909348	0	0	0
METTL6	330	25	330
EAF1	590	0	615
COLQ	24	0	24
MIR4270	0	0	0
HACL1	582	0	652
BTD	541	265	539
ANKRD28	1028	6	1215
MIR3134	0	0	0
LOC101927647	0	0	0
LOC107986064	13	0	13
MIR563	0	0	0
LOC124906217	0	0	0
LOC124906216	0	0	0
LOC124909349	1	0	1
GALNT15	1	0	1
LOC124906218	0	163	0
DPH3	125	0	288
OXNAD1	273	0	313
LOC107986065	0	38	0
RFTN1	1	3	0
LOC124906220	0	0	0
LOC124906219	0	0	0
LINC00690	0	0	0
DAZL	0	0	0
PLCL2UT	0	0	0
LOC105376972	0	0	0
PLCL2	1	0	1
MIR3714	0	0	0
PLCL2-AS1	0	0	0
TBC1D5	673	0	673
LOC105376975	0	0	0
LOC124909350	0	0	0
BALR6	2	0	2
LOC124909351	0	0	0
SATB1	0	0	0
SATB1-AS1	0	0	0
LOC107986066	0	0	0
LOC105376978	0	0	0
LOC105376981	0	0	0
KCNH8	0	0	0
MIR4791	0	0	0
LOC105376982	0	0	0
LOC105376984	0	0	0
EFHB	4	0	4
RAB5A	538	1	663
PP2D1	9	135	0
LOC124909352	1	0	1
KAT2B	524	12	512
MIR3135A	0	0	0
SGO1	193	3	339
SGO1-AS1	0	149	0
LOC101927829	0	0	0
LOC107986068	1	0	1
LOC105376987	0	0	0
LOC105376988	0	0	0
VENTXP7	0	0	0
ZNF385D	0	0	0
ZNF385D-AS1	0	0	0
ZNF385D-AS2	0	0	0
UBE2E2-DT	0	0	0
UBE2E2	611	0	611
LOC105376993	16	0	16
LOC124909353	1	0	1
UBE2E1-AS1	0	0	0
UBE2E1	365	51	1196
NKIRAS1	285	844	395
RPL15	18798	73	18797
LOC124909354	1	0	1
NR1D2	492	0	492
LINC00691	0	0	0
THRB	300	4	298
THRB-AS2	0	0	0
THRB-AS1	2	0	4
LOC107986011	0	0	0
LOC107986070	0	0	0
LOC124909355	0	0	0
RARB	3	6	0
LOC124906342	0	0	0
RARB-AS1	0	0	0
LOC124909356	0	0	0
TOP2B	2826	1	2828
MIR4442	0	0	0
NGLY1	875	18	865
OXSM	418	0	426
LOC105377000	0	0	0
LINC00692	0	0	0
LOC124909357	0	0	0
LOC105377001	0	0	0
LOC105377002	0	0	0
LRRC3B-AS1	0	0	0
LRRC3B	0	0	0
LOC124909488	0	0	0
NEK10	88	0	88
SLC4A7	687	0	687
LOC105377005	0	0	0
LOC124906221	0	0	0
LINC02084	0	0	0
EOMES	0	0	0
LINC01980	0	0	0
LINC01981	0	0	0
LINC01967	0	0	0
LOC105377008	0	0	0
CMC1	359	706	356
AZI2	388	5	1251
ZCWPW2	12	164	13
LOC107986012	0	0	0
LINC00693	0	0	0
LOC105377009	0	0	0
RBMS3-AS3	2	0	2
RBMS3	77	0	77
RBMS3-AS2	0	0	0
LOC124906222	0	0	0
RBMS3-AS1	0	0	0
LOC124906224	0	0	0
LOC124909358	0	0	0
LOC124906377	0	0	0
LOC101927995	0	0	0
LOC105377013	0	0	0
LINC01985	0	0	0
LOC105377015	0	74	1
TGFBR2	1092	1	1166
GADL1	1	1	0
MIR466	0	0	0
LOC105377018	0	0	0
LOC124909359	0	0	0
STT3B	5335	3	5332
OSBPL10	1447	1	1446
LOC124909360	1	0	1
OSBPL10-AS1	0	0	0
ZNF860	123	0	123
LOC124900559	0	0	0
GPD1L	1045	0	1045
LOC124906367	2	0	2
CMTM8	0	0	0
LOC124909361	0	0	0
CMTM7	0	0	0
CMTM6	547	0	547
MIR548AY	0	0	0
DYNC1LI1	741	11	730
LOC124906226	2	0	2
CNOT10	0	0	0
CNOT10-AS1	0	0	0
TRIM71	0	0	0
CCR4	0	0	0
GLB1	2438	2	2436
LOC107986072	2	0	2
TMPPE	52	0	52
CRTAP	10677	3	10674
SUSD5	3	3	0
LOC124909362	0	0	0
FBXL2	171	14	157
UBP1	906	12	894
LOC124909363	1	0	1
CLASP2	733	0	733
PDCD6IP-DT	56	0	65
PDCD6IP	3607	11	3605
LOC105377024	0	0	0
LINC01811	0	0	0
LOC124909364	0	0	0
LOC102724048	0	0	0
LOC124909365	0	0	0
LOC101928135	0	0	0
ARPP21	0	0	0
ARPP21-AS1	0	0	0
MIR128-2	0	0	0
LOC124906227	0	0	0
STAC	0	0	0
DCLK3	0	0	0
LOC105377029	0	0	0
LOC105377030	0	0	0
LINC02033	2	0	2
TRANK1	647	0	647
EPM2AIP1	601	0	601
MLH1	1366	2	1364
LRRFIP2	950	8	942
UBE2FP1	20	0	20
LOC105377642	2	0	2
LOC124906354	0	0	0
LOC124909483	0	0	0
GOLGA4-AS1	45	26	65
GOLGA4	1955	20	1981
APRG1	35	0	35
ITGA9	0	0	0
ITGA9-AS1	0	0	0
CTDSPL	838	1	837
MIR26A1	0	0	0
VILL	0	0	0
PLCD1	65	0	65
DLEC1	9	125	1
LOC105377033	0	1	1
ACAA1	493	1	604
MYD88	14	0	14
LOC101928234	4	0	5
OXSR1	1657	1	1657
SLC22A13	0	0	0
SLC22A14	10	0	10
XYLB	119	5	120
ACVR2B-AS1	13	6	22
ACVR2B	262	4	264
EXOG	162	0	162
SCN5A	2	2	0
SCN10A	0	0	0
LOC105377034	0	0	0
LOC107986042	0	0	0
SCN11A	0	0	0
WDR48	767	3	768
GORASP1	736	2	739
TTC21A	16	1	16
MIR6822	0	0	0
CSRNP1	746	3	746
LOC101928263	6	6	3
LOC105377035	0	0	0
XIRP1	0	0	0
LOC124909366	0	0	0
DSTNP4	0	0	0
LOC102724104	0	0	0
CX3CR1	1	0	1
CCR8	0	0	0
LOC105377037	0	7	0
LOC105377644	9	0	17
SLC25A38	642	14	631
RPSA	31652	4	31648
SNORA6	20	0	20
SNORA62	29	0	29
LOC107986075	5	0	5
MOBP	0	0	0
LOC105377039	0	0	0
MYRIP	2	2	0
LOC124909367	0	0	0
EIF1B-AS1	2	1	2
LOC124900557	0	0	0
LOC124906228	0	0	0
EIF1B	394	0	395
ENTPD3	1	14	1
ENTPD3-AS1	31	0	45
RPL14	14494	4	14490
ZNF619	145	4	141
ZNF620	17	0	17
ZNF621	547	0	547
LOC124909368	0	0	0
LOC124909369	3	0	3
LOC124906229	0	0	0
LOC124909370	0	0	0
LOC105377043	1	1	0
LOC124906230	0	0	0
LOC105377045	0	0	0
CTNNB1	5641	4	5637
ULK4	220	0	220
LOC105377046	0	0	0
LOC107986077	0	0	0
TRAK1	1058	0	1058
LOC124906231	17	0	17
LOC105377048	0	0	0
CCK	0	0	0
LYZL4	0	0	0
LOC124909371	0	0	0
VIPR1	1	0	1
LOC124909372	0	0	0
VIPR1-AS1	0	0	0
SEC22C	836	37	877
SS18L2	335	54	343
NKTR	1726	36	1711
ZBTB47-AS1	2	0	8
ZBTB47	697	10	847
LOC124906232	1	160	0
KLHL40	0	0	0
HHATL	1	0	1
HHATL-AS1	0	0	0
CCDC13	7	0	8
CCDC13-AS1	0	1	0
CCDC13-AS2	0	0	0
HIGD1A	2005	3	2002
ACKR2	7	0	7
LOC124909373	2	2	0
CYP8B1	0	0	0
ZNF662	1	0	1
KRABD1-AS1	0	0	0
KRABD1	1	0	1
GASK1A	1	0	1
POMGNT2	366	0	366
POMGNT2-AS1	2	2	0
LOC105377051	0	0	0
LOC105377052	0	0	0
SNRK	152	7	369
SNRK-AS1	3	219	8
ANO10	561	0	561
ABHD5	606	0	606
LOC107986081	0	0	0
LOC124909489	0	0	0
MIR138-1	0	0	0
TOPAZ1	0	0	0
LOC105377055	0	0	0
TCAIM	741	0	741
C3orf86P	0	0	0
LINC01988	0	0	0
ZNF445	551	0	551
LOC101928529	0	0	0
ZNF852	0	0	0
ZKSCAN7	0	0	0
ZKSCAN7-AS1	0	0	0
ZNF660-ZNF197	0	0	0
ZNF660	0	0	0
ZNF197-AS1	0	0	0
ZNF197	0	0	0
ZNF35	0	0	0
LOC124905403	0	0	0
ZNF502	0	0	0
LOC105377056	0	0	0
ZNF501	0	0	0
KIAA1143	0	0	0
KIF15	0	0	0
MIR564	0	0	0
TMEM42	0	0	0
TGM4	0	0	0
ZDHHC3	1632	0	1632
EXOSC7	641	0	641
CLEC3B	6	0	6
LOC124906233	0	0	0
CDCP1	2	0	2
LOC101928636	5	0	5
TMEM158	505	2	503
LOC124906378	0	0	0
LOC105377061	0	0	0
LOC105377062	0	0	0
LARS2	1029	0	1029
LARS2-AS1	2	2	0
LIMD1	652	8	1483
LIMD1-AS1	0	838	1
TRR-ACG2-1	0	0	0
SACM1L	1108	1	1107
SLC6A20	0	0	0
LOC107986082	0	0	0
LZTFL1	361	0	361
LOC124909374	0	0	0
CCR9	0	0	0
FYCO1	619	0	619
CXCR6	7	7	0
LOC105377063	0	0	0
XCR1	0	0	0
LOC105377067	42	0	42
CCR1	6	0	6
CCR3	1	0	1
CCR2	0	0	0
CCR5AS	3	0	3
CCR5	1	1	0
CCRL2	3	0	3
LINC02009	0	0	0
LTF	0	0	0
RTP3	0	0	0
LRRC2	0	0	0
LRRC2-AS1	0	0	0
CRIPTO	0	0	0
FAM240A	0	0	0
ALS2CL	411	0	411
TMIE	2	0	2
PRSS50	0	0	0
PRSS46P	0	0	0
PRSS45P	0	0	0
PRSS43P	0	0	0
PRSS44P	0	0	0
PRSS42P	0	0	0
MYL3	0	0	0
PTH1R	2	0	2
CCDC12	461	0	461
LOC124909375	0	0	0
NBEAL2	1820	2	1818
NRADDP	1	0	1
SETD2	1838	0	1838
KIF9-AS1	24	3	31
KIF9	68	35	52
SNORD13J	1	0	1
KLHL18	395	0	404
PTPN23-DT	17	34	21
PTPN23	1414	10	1442
SCAP	2358	6	2357
LOC124906372	0	4	0
LOC105377073	1	1	1
ELP6	616	0	616
LOC105377074	0	0	0
CSPG5	201	0	201
SMARCC1	2564	0	2564
LOC124906234	0	0	0
SNORD146	0	0	0
HIGD2AP2	0	0	0
DHX30	4210	1	4209
MIR1226	0	0	0
MAP4	6068	10	6058
CDC25A	988	2	986
MIR4443	0	0	0
CAMP	4	0	4
ZNF589	264	0	264
NME6	422	13	409
FCF1P2	137	1	136
SPINK8	0	0	0
MIR2115	0	0	0
FBXW12	0	0	0
PLXNB1	579	1	578
CCDC51	1000	49	957
TMA7	937	5	938
ATRIP	0	0	0
ATRIP-TREX1	4	0	4
TREX1	0	0	0
SHISA5	2400	1	2399
PFKFB4	983	0	983
MIR6823	0	0	0
UCN2	0	0	0
COL7A1	878	1	877
MIR711	0	0	0
UQCRC1	7559	10	7549
SNORA94	0	0	0
TMEM89	5	0	5
SLC26A6	1655	12	1643
MIR6824	0	0	0
CELSR3	399	11	388
MIR4793	0	0	0
LINC02585	7	7	0
NCKIPSD	1275	0	1275
IP6K2	1440	0	1440
PRKAR2A	991	2	989
PRKAR2A-AS1	44	0	44
SLC25A20	346	0	346
ARIH2OS	57	154	50
ARIH2	1806	5	1952
LOC124909376	2	1	7
P4HTM	480	5	477
LOC124906235	17	0	17
WDR6	2955	98	3438
DALRD3	552	489	651
MIR425	0	1	0
NDUFAF3	1797	7	1798
MIR191	0	0	0
IMPDH2	4563	68	4495
QRICH1	2005	5	2000
QARS1	5021	2	5019
MIR6890	0	0	0
USP19	2170	1	2169
LAMB2	3835	1	4006
LOC124909377	5	172	5
LAMB2P1	8	0	8
CCDC71	647	0	647
KLHDC8B	13	0	13
CIMIP7	0	0	0
IHO1	0	0	0
C3orf62	133	0	171
MIR4271	0	39	0
USP4	540	0	540
LOC124906236	30	0	30
GPX1	6050	7	6043
RHOA	10896	9	10887
TCTA	430	0	430
AMT	61	2	59
NICN1	280	4	276
DAG1	7595	7	7588
BSN-DT	0	0	0
BSN	26	17	9
APEH	3919	3	3917
MST1	93	11	84
RNF123	1087	174	1380
AMIGO3	130	14	116
GMPPB	521	300	687
IP6K1	1434	2	1432
CDHR4	75	0	75
INKA1	28	0	28
UBA7	155	0	155
MIR5193	0	0	0
TRAIP	337	0	337
CAMKV	0	0	0
MST1R	2071	1	2070
MON1A	283	0	283
RBM6	1899	1	1898
RBM5	892	0	1464
RBM5-AS1	17	132	0
SEMA3F-AS1	6	465	1
LOC124909484	0	0	0
SEMA3F	3439	1	3438
GNAT1	0	0	0
SLC38A3	1	0	1
GNAI2	1604	0	1604
MIR5787	0	0	0
SEMA3B	6931	50	6924
LINC03143	12	7	5
SEMA3B-AS1	1	11	32
MIR6872	0	0	0
LSMEM2	11	380	10
IFRD2	2359	0	2738
HYAL3	215	0	215
NAA80	379	0	379
HYAL1	1457	1	1456
HYAL2	1882	1	1881
TUSC2	782	2	780
RASSF1	1129	8	1299
RASSF1-AS1	11	179	10
ZMYND10	21	18	11
NPRL2	560	47	519
LOC127898564	0	346	7
CYB561D2	127	2	125
TMEM115	452	11	795
CACNA2D2	8	14	0
LOC101928965	0	0	1
LOC105377082	0	0	0
LOC124909378	0	0	0
LOC105377083	0	0	0
C3orf18	12	26	12
HEMK1	387	2	411
CISH	228	2	261
MAPKAPK3	1252	35	1252
LINC02019	22	0	22
DOCK3	38	10	28
MIR4787	0	0	0
MANF	774	1	773
RBM15B	1097	123	1270
DCAF1	1266	177	1385
LOC105377085	0	0	0
RAD54L2	469	0	469
LOC124906237	1	0	1
TEX264	932	0	932
GRM2	1	0	1
LOC105377087	0	0	0
IQCF6	0	0	0
IQCF4P	0	0	0
IQCF3	0	0	0
IQCF2	0	0	0
IQCF5-AS1	0	0	0
IQCF5	0	0	0
IQCF1	1	0	1
RRP9	516	0	516
PARP3	619	3	616
GPR62	0	0	0
PCBP4	480	0	480
ABHD14B	2104	0	2104
ABHD14A-ACY1	0	0	0
ABHD14A	60	7	53
ACY1	2	0	2
RPL29	16656	13	16644
LOC105377088	0	0	0
LOC124906238	2	1	2
DUSP7	631	1	631
LINC00696	1	0	1
POC1A	624	0	624
ALAS1	2997	0	2997
TLR9	4	1	3
TWF2	2124	0	2124
TWF2-DT	17	0	17
PPM1M	288	0	288
WDR82	2139	2	2137
MIRLET7G	0	0	0
LOC107986086	4	7	4
GLYCTK	91	0	102
GLYCTK-AS1	0	2	0
MIR135A1	0	3	0
DNAH1	215	2	213
BAP1	1408	1	1407
PHF7	28	0	28
SEMA3G	16	0	16
TNNC1	20	0	20
NISCH	1028	0	1028
STAB1	1	89	1
NT5DC2	1695	6	1782
UQCC5	45	0	50
PBRM1	457	11	456
GNL3	2354	10	2391
SNORD136	0	0	0
SNORD19	5	0	5
SNORD19B	4	0	4
SNORD19C	3	0	3
SNORD69	2	0	2
GLT8D1	810	134	714
SPCS1	1804	28	1811
NEK4	183	7	211
ITIH1	0	0	0
ITIH3	1	0	1
LOC124906240	0	0	0
ITIH4	55	0	68
ITIH4-AS1	2	15	0
STIMATE-MUSTN1	0	0	0
MUSTN1	1	0	1
STIMATE	148	0	148
MIR8064	0	0	0
SFMBT1	358	0	358
RFT1	440	0	440
PRKCD	1157	0	1157
TKT	12794	0	12794
LOC107986087	0	0	0
LOC124906364	0	0	0
DCP1A	385	0	385
LOC124909380	0	0	0
SNORD38C	0	0	0
LOC105377094	0	0	0
LOC124900563	0	0	0
CACNA1D	61	39	65
LOC124906242	0	0	0
CHDH	234	8	271
IL17RB	115	52	218
ACTR8	503	133	523
SELENOK	383	0	383
LOC105377095	2	2	0
LOC124909381	0	0	0
CACNA2D3	450	1	474
LOC124909382	0	0	0
LOC107986088	0	0	0
ESRG	0	0	0
CACNA2D3-AS1	0	25	0
LRTM1	0	0	0
LOC124906243	0	0	0
LINC02017	0	0	0
LINC02030	4	0	4
LOC124909383	0	0	0
WNT5A	1629	0	1634
WNT5A-AS1	40	35	10
ERC2	1	0	1
ERC2-AS1	0	0	0
ERC2-IT1	0	0	0
MIR3938	0	0	0
LOC105377099	0	0	0
CCDC66	214	53	229
TASOR	858	19	907
ARHGEF3	448	1	447
ARHGEF3-AS1	0	0	0
SPATA12	1	0	1
IL17RD	20	0	20
LOC105377101	0	0	0
HESX1	13	4	9
APPL1	637	0	665
ASB14	20	90	0
LOC105377102	0	0	5
LOC124909384	2	0	2
DNAH12	0	0	0
LOC124906353	0	0	0
PDE12	439	6	433
ARF4	2854	0	2854
ARF4-AS1	3	0	3
DENND6A	264	2	262
DENND6A-DT	3	0	3
SLMAP	878	3	877
LOC105377103	0	2	0
LOC105377104	2	0	2
LOC124909385	0	0	0
FLNB	4785	0	5580
FLNB-AS1	28	823	0
LOC124909485	5	0	5
LOC124909386	3	0	3
DNASE1L3	0	0	0
LOC107986091	0	0	0
ABHD6	553	0	553
RPP14	1	0	1
HTD2	4	0	4
PXK	293	10	283
LOC105377106	0	0	0
PDHB	1364	18	1580
LOC107986092	2	234	2
KCTD6	158	0	158
ACOX2	7	2	5
LOC107984079	0	0	0
FAM107A	0	0	0
FAM3D-AS1	0	0	0
FAM3D	0	0	0
LOC105377109	0	0	0
CFAP20DC	0	0	0
CFAP20DC-AS1	0	0	0
CFAP20DC-DT	0	0	0
LOC339902	0	0	0
FHIT	0	0	0
LOC105377113	0	0	0
LOC105377112	0	0	0
LOC107986015	0	0	0
MIR548BB	0	0	0
LOC124906379	0	0	0
LOC124906244	0	0	0
LOC105377111	0	0	0
LOC124909387	0	0	0
LOC105377114	0	0	0
LOC105377115	0	0	0
PTPRG	5	0	6
LOC124909388	0	0	0
LOC124906245	3	0	3
LOC124909389	0	0	0
PTPRG-AS1	0	1	0
CEP15	0	0	0
FEZF2	0	0	0
LOC105377647	0	0	0
CADPS	0	0	0
LINC00698	0	0	0
SYNPR	0	0	0
SYNPR-AS1	0	0	0
SNTN	0	0	0
LOC105377119	0	0	0
CDHR18P	0	0	0
C3orf49	5	5	0
THOC7	669	0	680
THOC7-AS1	0	0	0
ATXN7	368	11	368
SCAANT1	1	1	0
PSMD6-AS2	7	4	3
PSMD6	1259	11	1248
PSMD6-AS1	6	3	3
LOC105377121	0	0	0
PRICKLE2-AS1	0	10	0
LOC124906380	0	0	0
LINC00994	0	0	0
PRICKLE2	10	0	20
PRICKLE2-AS2	0	0	0
PRICKLE2-AS3	0	0	0
PRICKLE2-DT	0	0	0
LOC105377123	0	0	0
ADAMTS9	0	0	0
ADAMTS9-AS1	0	0	0
ADAMTS9-AS2	0	0	0
LOC105377124	0	0	0
LOC124909390	0	0	0
LOC107986017	0	0	0
LOC105377125	0	0	0
LOC105377127	0	0	0
LINC02040	0	0	0
LOC107986094	0	0	0
MAGI1	311	1	310
LOC124906246	0	0	0
LOC107986018	0	0	0
MAGI1-IT1	1	0	1
MAGI1-AS1	0	0	0
LOC124900543	4	0	4
LOC105377128	0	0	0
SLC25A26	0	0	0
LOC107986095	0	0	0
LRIG1	23	0	23
LOC105377141	0	0	0
LOC105377142	0	0	0
LOC105377143	0	0	0
LOC105377144	0	0	0
KBTBD8	12	0	12
LOC124909391	0	0	0
LOC124909392	0	0	0
MIR4272	0	0	0
LOC112267879	1	0	1
SUCLG2	1467	0	1467
SUCLG2-DT	18	0	18
TAFA1	0	0	0
LOC107986019	0	0	0
LOC105377146	0	0	0
TAFA4	0	0	0
EOGT	198	10	207
EOGT-DT	27	16	30
TMF1	604	0	604
MIR3136	1	0	1
UBA3	1102	0	1102
ARL6IP5	1953	0	1959
LMOD3	3	9	0
FRMD4B	377	1	376
MITF	523	0	523
SAMMSON	4	0	4
MDFIC2	0	0	0
LOC105377152	0	0	0
FOXP1	259	5	254
LOC124906247	1	1	0
FOXP1-AS1	0	0	0
LOC124906248	0	0	0
MIR1284	0	0	0
FOXP1-DT	6	0	6
LOC105377155	0	0	0
EIF4E3	82	0	82
GPR27	0	0	0
PROK2	0	0	0
LOC105377156	0	0	0
LOC105377157	0	0	0
LINC00877	0	0	0
LINC00870	0	0	0
LOC124909393	0	0	0
LOC105377158	0	0	0
LOC105377159	0	0	0
RYBP	1	0	1
LOC105377160	0	0	0
LOC124909394	0	0	0
LOC124905404	0	0	0
LOC105377161	0	0	0
LOC102724817	0	0	0
LOC105377162	0	0	0
SHQ1	272	0	272
LOC124909396	0	0	0
GXYLT2	151	0	151
LOC124909395	0	0	0
PPP4R2	839	0	839
EBLN2	7	0	7
LOC124906349	0	0	0
LOC107986098	0	0	0
PDZRN3	0	0	0
LOC101927296	0	0	0
PDZRN3-AS1	0	0	0
LOC105377164	0	0	0
LINC02005	0	0	0
LINC02047	0	0	0
CNTN3	1	0	1
LOC105377166	0	0	0
LOC105377167	0	0	0
LOC105377168	0	0	0
LOC107986099	0	0	0
MIR4444-2	1	0	1
LOC124905452	0	0	0
FAM86DP	0	0	0
LINC02018	0	0	0
MIR1324	0	0	0
FRG2C	0	0	0
LINC00960	6	6	0
ZNF717	54	0	55
MIR4273	0	1	0
ROBO2	0	0	0
LOC124900544	0	0	0
LOC102724949	0	0	0
LOC105377171	0	0	0
LINC02077	0	0	0
LOC105377173	0	0	0
ROBO1	1600	0	1600
LOC101927374	0	0	0
MIR3923	0	0	0
LOC105377177	0	0	0
LOC105377176	0	0	0
LINC02050	0	0	0
LOC105377174	0	0	0
LINC02027	0	0	0
GBE1	1377	2	1375
LOC124906198	0	0	0
LOC124909490	4	0	4
LOC105377178	0	0	0
LOC105377179	0	0	0
LOC124906199	0	0	0
LINC02008	6	0	6
LOC101927439	0	0	0
LOC105377181	0	0	0
LOC105377183	0	0	0
LOC105377186	0	0	0
LOC105377187	0	0	0
LOC105377188	1	0	1
LINC00971	0	0	0
LINC02025	0	0	0
LOC105377193	0	0	0
CADM2	0	0	0
LOC124906200	0	0	0
SNORA95	0	0	0
MIR5688	0	0	0
CADM2-AS2	0	0	0
LOC124906345	0	0	0
LOC102723364	0	0	0
LINC02070	0	0	0
LOC101927518	0	0	0
LOC105377196	0	0	0
VGLL3	522	1	521
LINC00506	0	0	0
MIR4795	0	0	0
CHMP2B	695	3	692
POU1F1	3	3	0
LOC105377198	0	0	0
HTR1F	0	0	0
CGGBP1	854	21	857
LOC128031834	0	0	0
ZNF654	180	9	195
C3orf38	246	0	249
LOC105377202	0	0	0
CSNK2A2IP	0	0	0
EPHA3	7	0	7
LOC124906381	0	0	0
LOC101930420	0	0	0
PROS1	501	0	501
ARL13B	168	0	168
STX19	2	2	0
DHFR2	81	0	81
NSUN3	259	0	259
LOC105373992	0	0	0
LINC00879	0	0	0
MTHFD2P1	0	0	0
MIR8060	0	0	0
LOC124909397	0	0	0
EPHA6	0	0	0
LOC107986103	0	0	0
LOC101929278	0	0	0
LOC124906256	0	0	0
ARL6	77	0	86
LOC101929298	0	9	0
CRYBG3	242	122	488
LOC105373994	0	5	0
RIOX2	316	242	437
LOC124909398	2	0	2
GABRR3	0	0	0
OR5AC2	0	0	0
OR5H1	0	0	0
OR5H14	0	0	0
LOC105373996	0	0	0
OR5H15	0	0	0
LOC105373998	0	0	0
LOC105373997	0	0	0
LOC101929320	0	0	0
LOC105373999	0	0	0
OR5H6	0	0	0
OR5H2	0	0	0
OR5K4	0	0	0
LOC105374000	0	0	0
OR5K3	0	0	0
OR5K1	0	0	0
OR5K2	0	0	0
CLDND1	674	0	684
CLDND1-AS1	0	10	0
GPR15	0	0	0
CPOX	599	0	599
ST3GAL6-AS1	0	0	0
ST3GAL6	1	1	0
DCBLD2	447	0	447
LOC105374002	2	0	2
LINC00973	0	0	0
LOC124906343	0	0	0
LOC124909399	0	0	0
LOC107986104	0	0	0
LOC105374004	0	0	0
LOC105374007	0	0	0
LOC105374005	6	0	6
LOC124909401	8	14	8
COL8A1	220	1	233
HP09053	1	28	1
CMSS1	393	0	540
LOC105374010	1	0	1
FILIP1L	0	0	0
MIR3921	0	0	0
LOC105374009	4	147	4
TMEM30CP	0	0	0
TBC1D23	753	0	753
NIT2	894	27	874
TOMM70	1994	31	1970
LNP1	13	0	13
TMEM45A	2084	0	2084
ADGRG7	0	0	0
TFG	4141	3	4138
ABI3BP	11	10	1
LOC124906260	1	0	1
LOC124906356	0	0	0
IMPG2	0	0	0
SENP7	144	0	144
LOC124906362	0	0	0
ARB2BP	0	0	0
TRMT10C	1103	2	1101
PCNP	2515	32	2483
ZBTB11	673	39	703
ZBTB11-AS1	14	2	12
LOC124906262	108	7602	98
RPL24	351	4	7943
LOC124909402	0	0	0
PDCL3P4	3	0	3
CEP97	398	0	398
NXPE3	112	0	112
NFKBIZ	650	0	650
RDUR	0	0	0
LOC101929411	0	0	0
LOC107986105	0	0	0
ZPLD1	1	0	1
LOC105374016	0	0	0
LOC107986106	0	0	0
LOC105374017	0	0	0
LOC105374018	0	0	0
MIR548AB	0	0	0
LOC124909491	0	0	0
LOC124909492	0	0	0
LOC105374020	0	0	0
LOC105374021	0	0	0
LOC107986108	0	0	0
LOC105374023	0	0	0
ALCAM	148	0	148
LOC124906263	0	0	0
CBLB	348	1	347
LOC105374024	0	0	0
LOC124909403	1	0	1
LOC105374026	0	0	0
LOC105374027	1	0	1
LOC107986110	0	0	0
LOC107986112	0	0	0
LOC101929485	1	0	1
LOC105374029	3	0	3
LOC101929534	1	0	1
LOC124906264	0	0	0
LOC107986021	2	0	2
LINC00882	6	0	6
LOC124909404	0	0	0
DUBR	58	0	58
CCDC54	0	0	0
CCDC54-AS1	0	0	0
LINC01990	0	0	0
BBX	1857	0	1857
LINC00635	0	0	0
LINC00636	0	0	0
LOC124906266	0	0	0
LOC124906265	0	0	0
CD47	314	0	314
LOC105374031	0	0	0
LINC01215	0	0	0
IFT57	0	0	0
LOC124909405	0	0	0
HHLA2	0	0	0
MYH15	19	0	19
LOC124900545	0	0	0
LOC124909406	1	0	1
CIP2A	738	0	742
LOC124900556	6	6	0
DZIP3	256	4	256
LOC105374033	0	0	0
LOC105374034	0	0	0
RETNLB	0	0	0
TRAT1	0	0	0
GUCA1C	0	0	0
MORC1	0	0	0
LOC124906382	0	0	0
MORC1-AS1	0	0	0
C3orf85	0	0	0
LINC00488	0	0	0
DPPA2	2	0	2
DPPA4	0	0	0
LINC01205	0	0	0
MIR4445	0	0	0
LOC124906267	0	0	0
LOC105374036	0	0	0
LOC105374037	0	0	0
LOC151760	29	0	29
NECTIN3-AS1	0	0	0
NECTIN3	174	0	174
LOC124909493	1	0	1
LOC105374038	0	0	0
LOC105374039	0	0	0
CD96	0	0	0
ZBED2	0	0	0
PLCXD2	111	0	111
PLCXD2-AS1	2	0	2
PHLDB2	2691	0	2691
LOC107984087	0	0	0
LOC105374040	5	4	1
ABHD10	543	0	543
TAGLN3	0	0	0
TMPRSS7	0	0	0
C3orf52	54	0	54
MIR567	0	0	0
GCSAM	0	0	0
TBILA	0	0	0
SLC9C1	0	0	0
LOC124909407	0	0	0
LOC105374042	0	0	0
CD200	0	0	0
LOC105374041	0	0	0
LOC124909408	0	0	0
BTLA	1	0	1
ATG3	935	2	1285
SLC35A5	449	351	450
CCDC80	448	7	441
LINC02042	0	0	0
MIR9900	0	0	0
CD200R1L-AS1	0	0	0
CD200R1L	0	0	0
CD200R1	0	0	0
GTPBP8	223	8	216
RMP64	917	97	869
NEPRO-AS1	3	47	7
LOLI1	0	0	0
LOC124906268	0	0	0
LINC02044	0	3	0
LOC124909486	0	0	0
BOC	1	57	0
LOC124909409	1	0	3
SPICE1-CFAP44	32	0	32
CFAP44	1	0	1
CFAP44-AS1	3	15	0
MIR8076	0	0	0
SPICE1	16	0	16
SIDT1	0	0	0
SIDT1-AS1	0	0	0
MIR4446	0	0	0
LOC124909410	1	0	1
USF3	212	1	211
NAA50	4299	2	4297
ATP6V1A	1591	0	1591
GRAMD1C	143	0	143
ZDHHC23	522	20	521
CCDC191	142	1	182
LOC105374048	0	17	0
QTRT2	720	0	720
DRD3	0	0	0
ZNF80	0	0	0
TIGIT	1	0	1
LOC124909411	0	0	0
ZBTB20	223	0	223
MIR568	0	0	0
ZBTB20-AS1	0	0	0
ZBTB20-AS5	1	1	0
MIR4796	0	0	0
ZBTB20-AS3	0	0	0
ZBTB20-AS4	1	0	1
LOC105374051	0	0	0
GAP43	1	0	1
LOC124909412	3	4	0
LOC124906269	0	0	1
LSAMP	5	3	2
LOC124909413	0	0	0
LOC105374053	0	0	0
SNORD155	0	0	0
LOC107986116	0	0	0
LOC124909414	0	0	0
LOC105374052	0	0	0
LSAMP-AS1	0	0	0
LINC00903	0	0	0
TUSC7	0	0	0
MIR4447	0	0	0
LINC00901	0	0	0
LOC124909415	0	0	0
LOC105374054	0	0	0
LOC124906271	0	0	0
LOC105374056	0	0	0
LOC124906270	0	0	0
LINC02024	0	0	0
LOC101926953	0	0	0
LINC03051	0	0	0
LOC124909416	0	0	0
LOC105374058	0	0	0
LOC105374060	0	0	0
LOC101926968	0	0	0
LOC124909417	0	0	0
LOC105374059	0	0	0
IGSF11	3	0	3
IGSF11-AS1	0	0	0
TEX55	0	0	0
UPK1B	4	1	4
B4GALT4	389	0	471
B4GALT4-AS1	0	81	0
ARHGAP31	3	5	0
ARHGAP31-AS1	0	0	0
LOC124906273	1	0	3
TMEM39A	544	0	544
POGLUT1	278	1	277
TIMMDC1	2356	4	2352
CD80	1	1	0
LOC107986118	0	0	0
ADPRH	1	0	1
PLA1A	0	0	0
POPDC2	4	0	4
COX17	121	5	189
LOC105374063	4	77	0
LOC105374064	0	0	0
CFAP91	0	0	0
NR1I2	0	0	0
GSK3B	1474	0	1474
MIR6529	0	0	0
GSK3B-DT	32	0	32
LOC105374065	0	0	0
GPR156	11	0	11
LOC124909418	0	0	0
LRRC58	1273	0	1273
BTNL12P	0	0	0
LOC124906274	0	0	0
FSTL1	22	2	24
MIR198	0	0	0
LOC124900546	2	2	0
LOC107986121	0	0	0
NDUFB4	2455	4	2455
HGD	4	0	4
RABL3	402	0	402
GTF2E1	578	0	578
LINC02049	0	0	0
LOC105374069	0	0	0
STXBP5L	2	2	0
MIR5682	0	0	0
POLQ	791	0	791
ARGFX	0	0	0
LOC124906360	0	0	0
FBXO40	0	0	0
HCLS1	0	0	0
GOLGB1	2485	7	2478
IQCB1	674	0	674
EAF2	70	0	70
SLC15A2	32	0	32
ILDR1	0	0	0
LOC101927010	0	0	0
CD86	3	0	3
CASR	0	0	0
CSTA	0	0	0
MIX23	406	0	407
FAM162A	1328	10	1349
WDR5B	145	28	147
WDR5B-DT	6	2	4
KPNA1	1611	26	1585
LOC107984000	8	0	8
LOC105374071	1	1	0
PARP9	1085	24	1094
DTX3L	1082	10	1105
PARP15	0	0	0
LOC124909419	0	0	0
PARP14	3	0	3
HSPBAP1	210	1	209
LOC124906363	1	1	0
SLC49A4	358	0	358
LINC02035	168	0	168
SEMA5B	1	1	0
PDIA5	709	0	709
MIR7110	7	0	7
SEC22A	277	0	277
ADCY5	24	24	0
LOC124909420	0	0	0
HACD2	2452	0	2452
MYLK-AS1	10	12	33
MYLK	141	38	163
LOC124909421	4	9	4
MYLK-AS2	2	0	3
LOC105369194	35	18	31
LOC124906346	0	0	0
CCDC14	1497	0	1497
ROPN1	0	0	0
KALRN	27	0	28
MIR5002	0	0	0
LOC105374077	0	0	0
MIR6083	0	0	0
LOC105374076	0	0	0
LOC124906276	0	1	0
UMPS	935	1	934
MIR544B	2	0	2
ITGB5	3611	4	3607
LOC124909422	4	0	4
LOC124906277	0	0	0
MUC13	262	0	262
HEG1	1985	0	1985
DAGARR	4	0	4
LOC124906278	7	0	7
SLC12A8	98	0	98
MIR5092	0	0	0
ZNF148	1119	2	1118
LOC105374080	3	1	3
LOC105374081	0	0	0
LOC124906351	0	0	0
SNX4	809	0	809
OSBPL11	378	1	377
LOC112267908	0	1	0
LOC105374312	0	0	0
LOC124909424	0	0	0
MIR548I1	0	0	0
LINC02614	13	0	13
LOC102723696	16	0	16
FAM86JP	63	0	93
ALG1L1P	4	34	0
ROPN1B	2	0	2
SLC41A3	688	0	745
LOC124909425	0	56	0
ALDH1L1-AS1	9	1	9
ALDH1L1	0	0	0
LOC105374083	0	0	0
ALDH1L1-AS2	0	0	0
LOC124909426	0	0	0
LOC107986124	0	0	0
KLF15	0	0	0
LOC105374088	0	0	0
LOC107986044	0	0	0
CFAP100-DT	0	0	0
CFAP100	2	2	0
LOC124906280	0	0	0
ZXDC	431	0	431
UROC1	0	0	0
CHST13	0	0	0
C3orf22	0	0	0
LOC105374090	11	21	0
TXNRD3	135	0	145
NUP210P1	0	0	0
CHCHD6	175	0	175
PLXNA1	928	0	928
PRR23E	0	0	0
LOC124906281	0	0	0
PRR20G	0	0	0
LINC02016	0	0	0
LOC105374094	0	0	0
LINC01471	0	0	0
LINC02034	0	0	0
TPRA1	1314	0	1314
MIR6825	0	0	0
MIR7976	0	0	0
MCM2	5355	7	5357
LOC107986126	0	9	0
PODXL2	2834	8	2826
ABTB1	404	0	404
MGLL	1787	2	1785
LOC107986127	51	0	51
LOC107986129	0	0	0
LOC105374096	0	0	0
LOC124909427	0	0	0
KBTBD12	0	0	0
LOC102723759	3	0	3
SEC61A1	5065	11	5817
RUVBL1	1707	767	1703
RUVBL1-AS1	1	1	0
EEFSEC	0	0	0
LOC124909428	1	0	1
LOC124909429	0	0	0
DNAJB8	0	0	0
DNAJB8-AS1	0	0	0
GATA2	1602	8	1596
GATA2-AS1	361	4	359
LOC90246	19	0	19
LINC01565	0	0	0
LOC124909430	7	0	7
RPN1	7420	3	7417
LOC124900558	0	0	0
RAB7A	4133	1	4132
MIR12124	0	0	0
IFT122P3	52	22	30
ACAD9-DT	30	1	29
ACAD9	1469	0	1985
CFAP92	24	540	0
EFCC1	0	0	0
GP9	0	0	0
LOC124906368	0	0	0
RAB43	17	2	15
ISY1-RAB43	0	0	0
ISY1	121	0	121
CNBP	7302	1	7301
LOC105374101	11	0	11
LOC105374102	2	1	1
COPG1	5582	5	5577
MIR6826	0	0	0
HMCES	1570	1	1569
H1-10	4231	111	4282
H1-10-AS1	89	147	104
RPL32P3	140	0	140
SNORA7B	0	0	0
EFCAB12	4	0	4
MBD4	1270	0	1270
IFT122	631	2	629
RHO	0	0	0
H1-8	0	0	0
PLXND1	4750	0	4750
LOC124909431	1	0	1
TMCC1	490	0	490
TMCC1-DT	77	0	77
TRH	0	0	0
ALG1L2	0	4	0
LINC02014	0	0	2
FAM86HP	29	0	31
LINC02021	0	0	0
LOC124909432	0	0	0
LOC107986131	2	0	2
LOC107986133	0	0	0
LOC124906285	0	0	0
LOC124906287	0	0	0
LOC124909433	0	0	0
COL6A4P2	0	0	0
LOC105374106	0	0	0
COL6A5	0	0	0
COL6A6	6	6	0
PIK3R4	1070	0	1070
LOC107986023	0	0	0
LOC105374107	0	0	0
LOC105374108	0	0	0
ATP2C1	2656	41	2835
ASTE1	107	198	129
NEK11	23	0	23
LOC124909434	3	0	3
NUDT16-DT	0	0	0
NUDT16L2P	0	0	0
NUDT16	264	0	264
LOC107986025	0	0	0
LOC105374110	0	0	0
MRPL3	2165	2	2370
SNORA58	2	0	2
LOC105374114	3	206	4
CPNE4	0	0	0
LOC105374113	0	0	0
MIR5704	0	0	0
LOC124906288	0	0	0
LOC105374111	0	0	0
TRC-GCA6-1	0	0	0
TRC-GCA9-1	0	0	0
ACP3	4	0	4
LOC124909435	1	1	0
DNAJC13	2059	1	2058
LOC124909436	5	2	3
NPHP3-ACAD11	2	0	2
ACAD11	0	0	11
ACKR4	4	0	4
UBA5	1173	44	1167
NPHP3	51	0	51
NPHP3-AS1	0	11	0
LOC105374115	0	0	0
TMEM108	0	0	0
TMEM108-AS1	0	0	0
LOC101927432	0	0	0
BFSP2	0	0	0
BFSP2-AS1	0	0	0
CDV3	2805	0	2805
LOC124909437	0	0	0
TOPBP1	1751	0	1779
LOC124909487	4	28	4
TF	0	0	0
SRPRB	1082	0	1123
LOC105374116	0	0	0
RAB6B	3	44	0
C3orf36	0	0	0
SLCO2A1	1	0	1
LINC02000	0	0	0
LOC105374117	25	0	25
RYK	1089	11	1078
LINC02004	2	0	2
LOC105374118	14	5	9
AMOTL2	1532	0	1532
MIR6827	0	0	0
MIR4788	0	0	0
ANAPC13	550	4	615
CEP63	330	65	334
KY	1	1	0
EPHB1	0	0	0
LOC105374121	0	0	0
LOC102724019	0	0	0
LOC105374122	0	0	0
LOC105374123	0	0	0
LOC105374124	0	0	0
PPP2R3A	249	4	245
MSL2	570	2	568
PCCB	1225	2	1224
STAG1	858	42	817
STAG1-DT	0	0	0
SLC35G2	121	10	111
NCK1-DT	107	3	104
NCK1	594	8	1046
IL20RB-AS1	14	1112	0
IL20RB	2022	0	2658
LOC105374126	0	0	0
SOX14	0	0	0
LINC01210	0	0	0
CLDN18	11	12	0
LOC105374127	31	0	32
LOC105374128	14	0	14
DZIP1L	159	0	159
A4GNT	0	0	0
DBR1	581	0	581
ARMC8	678	0	774
NME9	9	105	0
LOC124909438	0	0	0
MRAS	558	1	557
ESYT3	98	2	96
CEP70	464	0	464
FAIM	327	3	324
PIK3CB	910	1	909
LOC124906289	2	0	2
LINC01391	13	0	13
FOXL2	492	0	494
FOXL2NB	240	2	240
PRR23A	0	0	0
PRR23B	0	0	0
PRR23C	0	0	0
BPESC1	0	0	0
PISRT1	0	0	0
LOC124906290	2	0	2
LOC124909439	0	0	0
MRPS22	941	112	842
COPB2	4276	9	4280
COPB2-DT	16	0	18
RBP2	3	3	0
RBP1	0	0	0
NMNAT3	0	2	0
CLSTN2	1	0	1
LOC124909440	0	0	0
LOC124900599	0	0	0
LOC105374132	0	0	0
CLSTN2-AS1	0	0	0
LOC102724068	0	0	0
TRIM42	0	0	0
SLC25A36	2249	5	2244
SPSB4	0	0	0
PXYLP1	228	0	228
LOC124909441	0	0	0
ZBTB38	906	3	911
LOC124906291	0	8	0
RASA2	282	0	282
RASA2-IT1	0	0	0
LRRC78P	0	0	0
RNF7	740	1	739
GRK7	7	0	7
LOC105374134	0	0	0
ATP1B3	3996	3	3993
LOC124909442	0	0	0
TFDP2	960	0	960
GK5	470	0	470
XRN1	614	0	614
ATR	1303	1	1302
PLS1-AS1	0	6	0
PLS1	163	0	169
TRPC1	33	1	32
PCOLCE2	1261	0	1261
LOC124909443	4	1	3
HLMR1	0	0	0
PAQR9	0	0	0
PAQR9-AS1	1	13	0
LOC100289361	6	1	17
U2SURP	4167	0	4167
LOC105374138	0	0	0
CHST2	0	0	0
LOC105374137	0	0	0
SLC9A9	0	0	0
SLC9A9-AS1	0	0	0
LOC124906294	0	0	0
LOC102724120	0	0	0
DIPK2A	338	0	338
LOC105374140	3	0	3
LOC124909444	0	0	0
LOC105374141	0	0	0
LOC105374142	0	0	0
LOC105374143	0	0	0
LOC105374144	0	0	0
LOC107986138	0	0	0
LNCSRLR	5	0	5
PLOD2	4757	1	4756
LOC105374145	0	0	0
PLSCR4	270	0	270
PLSCR2	0	0	0
PLSCR1	568	0	568
PLSCR5	0	0	0
PLSCR5-AS1	0	0	0
LINC02010	0	0	0
LOC112268449	0	0	0
LOC124909494	0	0	0
ZIC4	0	0	0
ZIC4-AS1	0	0	0
ZIC1	0	0	0
LOC440982	0	0	0
LOC124909495	0	0	0
LOC102724145	0	0	0
LOC124909496	0	0	0
LOC124906206	0	0	0
LINC02032	0	0	0
LINC02045	0	0	0
LINC02046	0	0	0
LOC105374148	0	0	0
LOC105374147	0	0	0
LOC105374150	0	0	0
AGTR1	0	0	0
CPB1	0	0	0
CPA3	0	0	0
LOC107986045	0	0	0
GYG1	644	1000	648
HLTF	859	6	1896
HLTF-AS1	0	39	0
HPS3	1079	41	1576
CP	102	500	140
LOC101927942	0	0	0
TM4SF18-AS1	0	1	0
TM4SF18	1	0	2
TM4SF1	7019	2	7019
TM4SF1-AS1	30	6	26
LOC105374151	2	2	0
TM4SF4	9	1	8
WWTR1	1510	23	1488
WWTR1-IT1	1	0	1
WWTR1-AS1	31	2	30
COMMD2	729	2	727
ANKUB1	0	0	0
RNF13	650	0	650
PFN2	19	2	17
LOC646903	2	0	2
LOC124909445	2	2	0
LOC105374153	5	0	5
LINC01998	0	0	0
LOC105374313	0	0	0
LINC01213	0	0	0
LINC01214	0	0	0
LOC105374154	0	0	0
LOC107986141	5	0	5
LOC107986142	1	0	1
TSC22D2	508	5	503
SERP1	2324	1	2325
EIF2A	1961	14	2261
LOC124900547	58	338	32
SELENOT	1325	0	1325
ERICH6	0	0	0
ERICH6-AS1	7	0	7
LOC101928105	0	0	0
SIAH2	518	9	512
SIAH2-AS1	4	0	7
LOC124909447	1	1	0
MINDY4B	5	5	0
LOC124909446	0	0	0
CLRN1	0	0	0
CLRN1-AS1	0	0	0
LOC124909448	0	0	0
MED12L	2	3	3
GPR171	0	0	0
P2RY14	0	0	0
GPR87	24	0	24
P2RY13	0	0	0
P2RY12	0	0	0
IGSF10	4	1	7
LINC02066	0	0	0
MIR5186	0	0	0
LOC105374157	0	0	0
AADACL2	0	0	0
AADACL2-AS1	0	0	0
AADACP1	1	0	1
AADAC	0	0	0
SUCNR1	0	0	0
LOC105374159	0	0	0
LOC107986047	0	0	0
LINC02917	1	0	1
LOC101928166	0	0	0
MBNL1	1041	7	1060
MBNL1-AS1	65	19	72
TMEM14EP	0	0	0
LOC105374163	0	0	0
LOC102724289	0	0	0
LOC124909449	0	0	0
P2RY1	0	0	0
LOC124909450	0	0	0
LOC124909451	0	0	0
RAP2B	550	0	550
LOC105374164	1	0	1
LINC03109	0	0	0
LINC02006	0	0	0
LINC02083	0	0	0
LINC02877	0	0	0
LOC124900552	0	0	0
ARHGEF26-AS1	0	0	0
ARHGEF26	0	0	0
LOC105374167	0	0	0
DHX36	773	0	773
LOC124906350	0	0	0
GPR149	0	0	0
LOC105374170	0	0	0
LOC105374171	0	0	0
MME	785	0	785
LINC01487	0	0	0
STRIT1	0	0	0
LOC105374172	0	0	0
PLCH1-AS1	0	0	0
PLCH1	0	0	0
PLCH1-AS2	0	0	0
LOC124906297	0	0	0
C3orf33	96	0	96
SLC33A1	427	0	427
LOC105374174	0	0	0
GMPS	2874	3	2871
KCNAB1	27	27	0
KCNAB1-AS2	0	0	0
KCNAB1-AS1	0	0	0
LOC124906298	0	0	0
SSR3	3182	0	3182
TIPARP-AS1	16	33	16
TIPARP	779	2	810
LINC00886	94	4	90
PA2G4P4	19	0	19
LEKR1	12	2	10
LINC00880	0	0	0
LINC02029	0	0	0
LINC00881	0	0	0
CCNL1	1914	12	1902
LOC101928236	29	10	29
LOC105374179	6	0	6
VEPH1	89	0	99
PTX3	0	0	0
SLC66A1LP	0	0	0
SHOX2	23	3	23
RSRC1	446	5	467
UC.134	0	0	0
MLF1-DT	0	23	0
MLF1	0	0	0
GFM1	1362	18	1357
LXN	2053	11	2055
RARRES1	2	1	1
LOC100287290	4	0	4
MFSD1	1306	1	1305
LOC105374181	1	0	1
LOC124909452	0	0	0
IQCJ-SCHIP1	0	0	0
IQCJ	0	0	0
SCHIP1	4	1	3
MIR3919	0	0	0
IQCJ-SCHIP1-AS1	1	0	1
LOC101928351	1	1	0
LOC124906299	0	0	0
IL12A-AS1	0	0	0
IL12A	1	0	1
LINC01100	0	0	0
LOC124906252	0	0	0
C3orf80	0	0	0
TRIM59-IFT80	2	0	2
IFT80	0	0	0
SMC4	3133	2	3131
MIR15B	0	0	0
MIR16-2	0	0	0
TRIM59	11	11	0
KPNA4	1103	1	1102
SCARNA7	1	0	1
ARL14	8	0	8
LOC124900554	0	0	0
PPM1L-DT	6	0	6
PPM1L	524	0	524
B3GALNT1	0	0	0
LOC124909453	0	0	0
LOC124906300	0	0	0
LOC105374186	0	0	0
NMD3	1525	1	1524
LOC105374187	23	0	23
LOC112268450	0	0	0
SPTSSB	0	0	0
LOC107986150	0	0	0
LINC02067	98	98	0
OTOL1	0	0	0
LOC107986048	0	0	0
LOC107986049	1	0	1
LINC01192	0	0	0
LOC124906371	0	0	0
LOC105374188	0	0	0
LOC102724419	0	0	0
MIR1263	0	0	0
LOC105374189	0	0	0
LOC105374190	0	0	0
LOC105374191	0	0	0
LOC107986151	0	0	0
LINC01323	0	0	0
LINC01324	0	0	0
LOC107986050	0	0	0
SI	0	0	0
LOC105374192	0	0	0
LINC02023	0	0	0
SLITRK3	0	0	0
LINC01322	0	0	0
BCHE	4	0	4
LOC124909497	0	0	0
LOC124909498	0	0	0
LOC105374194	0	0	0
LOC105374193	0	0	0
LOC105374196	0	0	0
ZBBX	0	0	0
LINC01327	0	0	0
SERPINI2	0	0	0
LOC105374197	0	0	0
WDR49	0	0	0
PDCD10	1190	0	1190
SERPINI1	387	0	387
LRRC77P	0	0	0
GOLIM4	1304	1	1303
EGFEM1P	0	0	0
MIR551B	0	0	0
LOC105374200	0	0	0
LINC02082	0	0	0
LINC01997	0	0	0
LOC107986051	0	0	0
MECOM	220	3	217
LOC124909454	0	0	0
LOC105374206	0	0	0
MECOM-AS1	0	0	0
LOC124906301	0	0	0
TERC	1	0	1
ACTRT3	47	6	41
TRV-AAC1-1	0	0	0
MYNN	367	0	367
LRRC34	13	13	0
LRRIQ4	0	0	0
LRRC31	0	0	0
SAMD7	0	0	0
FHL1P1	1	0	1
SEC62	1448	0	1448
GPR160	31	3	31
LOC124909455	1	0	1
LOC124909456	3	0	6
PHC3	744	5	757
LOC105374209	0	18	0
PRKCI	1401	0	1401
SKIL	489	0	489
CLDN11	1	0	1
MIR6828	0	0	0
SLC7A14	0	0	0
SLC7A14-AS1	0	0	0
LOC124906302	0	0	0
LOC105374211	0	0	0
RPL22L1	1102	0	1102
EIF5A2	78	0	78
SLC2A2	0	0	0
TNIK	52	0	54
LOC105374216	0	2	0
MIR569	0	0	0
LOC124906303	1	0	1
LOC102724479	1	0	1
PLD1	874	0	874
LOC124906352	0	0	0
TMEM212	0	0	0
TMEM212-AS1	0	0	0
LOC105374218	0	0	0
LOC105374217	0	0	0
FNDC3B	1670	1	1669
LOC124906304	4	0	4
GHSR	0	0	0
TNFSF10	99	0	99
LINC02068	0	0	0
NCEH1	557	0	557
LOC124909457	0	0	0
ECT2	2654	0	2654
LOC124900555	1	1	0
LOC107986052	0	0	0
SPATA16	0	0	0
LOC105374221	0	0	0
LOC124906369	0	0	0
LOC105374220	0	0	0
LOC105374224	0	0	0
LOC124909458	0	0	0
NLGN1	0	0	0
LOC105374225	0	0	0
NLGN1-AS1	0	0	0
LOC105374226	1	0	1
NAALADL2	6	2	4
LOC107986027	1	0	1
LOC124906305	0	0	0
NAALADL2-AS3	0	0	0
NAALADL2-AS2	0	0	0
MIR4789	0	0	0
LOC124906366	0	0	0
NAALADL2-AS1	0	0	0
LOC124909459	0	0	0
LOC124909460	0	0	0
MIR7977	0	0	0
LOC105374230	0	0	0
LINC01208	0	0	0
LINC01209	0	0	0
TBL1XR1	1870	0	1955
TBL1XR1-AS1	0	85	0
LOC107986053	0	0	0
LINC00501	0	0	0
LINC00578	5	0	5
LOC124906306	0	0	0
LOC124900562	0	0	0
LINC02015	1	0	1
LOC107986154	0	0	0
LOC105374234	0	0	0
LOC105374235	0	0	0
LINC01014	2	0	2
KCNMB2-AS1	1	0	1
KCNMB2	8	9	0
LOC124909461	6	0	6
LOC124906307	36	0	36
ZMAT3	1536	0	1536
PIK3CA-DT	0	0	0
PIK3CA	465	2	475
LOC124900560	0	0	0
KCNMB3	5	11	6
ZNF639	667	3	664
MFN1	757	11	746
GNB4	1808	7	1801
ACTL6A	1273	22	1612
LOC124909462	2	322	0
MRPL47	677	27	690
NDUFB5	1366	0	1366
LOC124906348	3	3	0
USP13	588	0	588
LOC124909464	5	0	6
PEX5L	4	6	0
PEX5L-AS2	0	0	0
LOC124909463	0	0	0
LOC124909465	0	0	0
LINC02053	0	0	0
TTC14-DT	0	0	0
LOC124900551	0	0	0
TTC14	588	0	588
CCDC39	59	59	0
CCDC39-AS1	0	0	0
LOC101928882	0	0	0
LOC105374240	0	0	0
LOC124909466	0	0	0
FXR1	3326	14	3312
DNAJC19	401	5	396
SOX2-OT	0	0	0
LOC102724604	0	0	0
SOX2	0	0	0
LINC01206	0	0	0
LOC105374242	0	0	0
LOC105374243	0	0	0
LINC01994	0	0	0
LINC01995	0	0	0
LINC02031	0	0	0
LOC107986054	0	0	0
ATP11B-DT	0	0	0
ATP11B	583	0	583
DCUN1D1	811	0	811
LOC105374246	0	0	0
MCCC1	584	0	584
LOC124906309	8	0	8
LOC105374247	1	0	1
LAMP3	0	0	0
MCF2L2	41	205	33
LOC124906310	0	0	0
B3GNT5	404	4	597
LOC107986160	32	0	32
SNHG33	35	0	35
SNORA63D	0	0	0
LOC124900564	0	0	0
SNORA63E	0	0	0
KLHL6	1	0	1
KLHL6-AS1	0	0	0
LOC105374248	0	0	0
LOC107986162	3	23	3
KLHL24	418	2	439
YEATS2	1259	3	1381
YEATS2-AS1	9	132	2
MAP6D1	19	0	19
PARL	728	0	728
MIR4448	0	0	0
ABCC5	1220	4	1216
ABCC5-AS1	1	0	1
LOC124909468	0	0	0
HTR3D	0	0	0
HTR3C	0	0	0
HTR3E-AS1	0	1	0
HTR3E	3	0	4
EIF2B5-DT	38	45	25
EIF2B5	1086	9	1109
DVL3	2144	0	2144
AP2M1	10136	0	10136
ABCF3	1485	0	1485
VWA5B2	15	14	1
MIR1224	0	0	0
ALG3	3128	2	3127
EEF1AKMT4-ECE2	0	0	0
EEF1AKMT4	66	1	65
CAMK2N2	439	7	432
ECE2	0	0	0
PSMD2	6447	2	6445
EIF4G1	12108	6	12102
SNORD66	0	0	0
FAM131A	289	2	289
CLCN2	237	3	243
LOC124906311	0	1	0
POLR2H	1304	9	1301
THPO	42	4	38
CHRD	193	3	190
LINC02054	0	0	0
LINC01839	0	0	0
LINC01840	0	0	0
LOC124909469	0	0	0
EPHB3	8	0	8
MAGEF1	791	3	788
LOC107986163	7	0	7
LINC02069	0	0	0
LOC105374253	0	0	0
VPS8	704	0	704
C3orf70	0	0	0
EHHADH-AS1	0	0	0
EHHADH	2	0	2
MIR5588	0	0	0
LOC124900548	8	0	8
MAP3K13	216	31	197
LOC124906361	0	0	0
LOC124906312	1	0	5
LOC101929018	12	2	16
TMEM41A	380	0	380
TMEM41A-DT	4	0	4
LIPH	129	3	126
SENP2	1156	0	1156
IGF2BP2	291	0	291
IGF2BP2-AS1	0	0	0
LOC124906313	0	0	0
MIR548AQ	0	0	0
TRA2B	2813	0	2813
NMRAL2P	14	0	14
ETV5	633	0	633
LOC124909470	1	0	1
ETV5-AS1	2	2	0
LOC105374257	0	0	0
DGKG	1	0	1
LINC02020	0	0	0
LINC02052	0	0	0
LINC02051	0	0	0
CRYGS	23	0	23
TBCCD1	220	0	220
DNAJB11	1988	2	1986
AHSG	0	0	0
FETUB	0	0	0
HRG-AS1	0	0	0
HRG	0	0	0
KNG1	0	0	0
EIF4A2	6520	0	6524
SNORD2	2	0	2
SNORA63B	0	0	0
MIR1248	0	0	0
SNORA81	6	0	6
SNORA63	3	0	3
SNORA4	0	0	0
RFC4	1656	4	1656
LINC02043	70	0	70
ADIPOQ	0	0	0
ADIPOQ-AS1	0	0	0
ST6GAL1	550	17	539
LOC124906314	2	1	1
RPL39L	333	0	339
LOC101929106	0	1	0
RTP1	0	0	1
MASP1	0	0	0
LOC105374260	0	0	0
LOC101929130	0	0	0
RTP4	0	0	0
LOC124905594	0	0	0
LINC02041	0	0	0
LOC124909471	1	1	0
LOC105374262	0	0	0
SST	0	0	0
RTP2	0	0	0
LOC100131635	0	0	0
BCL6	1691	0	1731
BCL6-AS1	1	41	0
LOC105374263	1	0	1
LOC105374264	0	0	0
LOC124906315	0	0	0
LOC105374265	0	0	0
LINC01991	0	0	0
LOC107986166	0	0	0
LPP-AS2	11	0	25
LPP	897	14	897
FLJ42393	2	0	2
LPP-AS1	0	0	0
LOC124906316	0	0	0
MIR28	0	0	0
TPRG1-AS1	5	0	5
TPRG1	6	0	6
LOC107986167	0	0	0
TPRG1-AS2	0	0	0
LOC105374270	0	0	0
TP63	3	0	3
MIR944	0	0	0
P3H2	1549	4	1550
P3H2-AS1	5	1	9
CLDN16	0	0	0
CLDN1	0	0	0
TMEM207	0	0	0
IL1RAP	982	0	982
LINC02013	0	0	0
GMNC	0	0	0
SNAR-I	0	0	0
LOC107986171	0	0	0
OSTN	0	0	0
OSTN-AS1	0	0	0
UTS2B	8	5	3
CCDC50	1149	0	1149
PYDC2-AS1	0	0	0
PYDC2	0	0	0
LOC124909472	0	0	0
LOC105374275	0	0	0
LOC124909473	0	0	0
LOC105374276	0	0	0
LOC105374277	0	0	0
LOC124906318	0	0	0
FGF12	3	0	3
LOC124906320	0	0	0
FGF12-AS1	0	0	0
FGF12-AS2	0	0	0
FGF12-AS3	0	0	0
LOC124906347	0	0	0
LOC124906319	0	0	0
LOC107986056	0	0	0
MB21D2	240	0	240
LOC105374280	0	0	0
PLAAT1	0	0	0
MGC2889	0	0	0
ATP13A5	0	0	0
ATP13A5-AS1	0	0	0
ATP13A4	0	0	0
ATP13A4-AS1	0	0	0
OPA1	1430	1	1483
OPA1-AS1	0	54	0
LOC102724808	0	0	0
LOC105374282	0	0	0
LOC105374283	0	0	0
LOC105374284	0	0	0
LINC02038	0	0	0
LOC105374286	0	0	0
LOC105374287	1	0	1
LINC02026	2	0	2
DPPA2P3	0	0	0
LINC02028	0	0	0
LOC102724877	3	0	3
HES1	671	0	671
LOC107986172	0	0	0
LINC02036	1	0	1
LINC02037	0	0	0
LINC02048	9	6	3
LINC00887	192	2	190
CPN2	1	1	0
LRRC15	10	0	10
GP5	1	0	1
ATP13A3	2138	2	2138
ATP13A3-DT	4	0	6
TMEM44-AS1	135	43	101
TMEM44	213	21	283
LOC105374291	3	46	3
TMEM44-AS2	3	201	13
LSG1	732	0	911
LOC124909474	0	75	0
FAM43A	128	0	203
LOC105374292	0	0	0
LINC01968	0	0	0
LINC01972	1	0	1
LOC107986173	2	2	0
LOC105374294	0	0	0
LOC105374295	0	0	0
XXYLT1	715	0	715
XXYLT1-AS1	0	0	0
LOC124909476	6	6	0
MIR3137	0	0	0
XXYLT1-AS2	0	0	0
LOC105374296	1	1	0
LOC124909475	7	7	0
ACAP2	803	0	803
PPP1R2	1556	1	1555
APOD	0	0	0
LOC105374297	0	0	0
SDHAP2	0	0	0
MIR570HG	0	0	0
LOC124909477	1	0	1
MIR570	0	0	0
MUC20	0	0	0
MUC4	0	0	0
LOC124905352	0	0	0
LINC01983	1	0	1
LOC107984010	0	0	0
TNK2	1040	3	1080
MIR6829	0	0	0
TNK2-AS1	4	48	0
LOC124906253	162	0	165
LOC124906254	9	11	0
SDHAP1	300	0	300
LOC124909478	0	0	0
TFRC	8756	2	8754
LINC00885	2	2	0
ZDHHC19	0	0	0
LOC124909479	0	1	0
LOC105374304	3	0	4
SLC51A	12	12	0
PCYT1A	899	0	899
DYNLT2B	24	0	26
TM4SF19-DYNLT2B	0	0	0
LOC107986031	13	0	13
TM4SF19-AS1	8	45	4
TM4SF19	0	0	4
UBXN7	997	0	1005
UBXN7-AS1	5	9	4
RNF168	505	0	505
LOC105374306	8	0	8
LOC105374307	0	0	0
SMCO1	0	0	0
WDR53	268	0	269
FBXO45	499	1	499
LINC01063	2	1	1
NRROS	0	0	0
CEP19	67	1	67
PIGX	506	0	507
PAK2	1705	0	1705
SENP5	737	0	737
NCBP2	1603	14	1757
NCBP2-AS1	6	173	1
NCBP2AS2	621	1	620
PIGZ	38	5	35
LOC124906255	27	2	27
MELTF	551	25	716
MELTF-AS1	20	176	34
DLG1	978	4	988
MIR4797	0	0	0
DLG1-AS1	7	10	11
LOC101926923	0	0	0
LOC105374308	0	0	0
LOC105374309	0	0	0
LINC02012	0	0	0
BDH1	0	0	0
SDHAP4	352	0	352
LOC112268458	45	0	45
LOC124909481	20	1	19
LOC124906331	2	1	1
RUBCN	265	1	270
MIR922	0	0	0
FYTTD1	1119	6	1119
LRCH3	489	0	584
LOC124909482	0	55	0
LOC105374310	0	40	0
DRC9	105	0	105
LOC124906330	39	35	4
RPL35A	3587	1	3586
LMLN	173	0	192
LMLN-AS1	0	19	0
ANKRD18DP	0	0	0
FAM157A	0	0	0
LOC124905354	0	0	0
LOC105379426	4	2	13
LOC101928669	45	35	21
LOC124905316	8	0	8
ZNF595	2	0	2
LOC124900641	0	0	0
ZNF718	0	0	0
ZNF876P	0	0	0
LOC124900642	0	0	0
ZNF732	0	0	0
LOC105374336	0	0	0
ZNF141	0	0	0
MIR571	0	0	0
ABCA11P	28	0	28
ZNF721	86	0	86
PIGG	831	0	831
TMEM271	0	0	0
LOC105374338	0	0	0
LOC124900162	0	0	0
PDE6B	0	0	0
PDE6B-AS1	0	0	0
ATP5ME	212	5	217
MYL5	254	205	99
SLC49A3	140	35	175
LOC124900643	0	25	13
PCGF3	441	66	491
LOC124900172	0	0	0
PCGF3-AS2	0	0	0
LOC107986246	6	2	4
LOC124900644	0	0	0
LOC124900163	15	8	7
PCGF3-AS1	31	7	24
CPLX1	123	2	121
LOC105374339	0	0	0
LOC105374340	1	0	1
GAK	1468	0	1468
LOC105374341	4	4	0
TMEM175	264	2	262
DGKQ	290	3	297
LOC124900645	0	10	0
SLC26A1	30	72	12
IDUA	177	0	229
LOC124900646	3	0	4
FGFRL1	1160	10	1150
LOC105374343	0	0	0
RNF212	494	0	498
LOC124900647	49	14	80
LOC105374344	0	0	0
TMED11P	0	0	0
LOC124900184	0	0	0
LOC124900837	8	0	8
SPON2	10	1	9
LOC100130872	3	31	16
LOC124900164	0	1	0
CTBP1-AS	22	873	1
CTBP1	782	69	1616
CTBP1-DT	178	0	229
LOC105374347	1	0	1
LOC105374346	3	2	1
MAEA	1072	0	1072
UVSSA	229	6	223
NKX1-1	0	0	0
LOC105374348	0	0	0
FAM53A	24	0	24
LOC105374349	0	0	0
SLBP	1610	1	1609
TMEM129	446	16	532
TACC3	1307	95	1748
LOC112268460	3	433	4
LOC124900648	1	0	1
FGFR3	440	2	438
LETM1	1112	1	1111
NSD2	1636	0	1637
SCARNA22	0	0	0
NELFA	520	1	520
MIR943	0	0	0
LOC124900839	6	6	1
NICOL1	346	2	345
NAT8L	669	3	666
POLN	54	0	54
HAUS3	251	0	251
MXD4	846	1	845
MIR4800	0	0	0
ZFYVE28	182	0	204
LOC124900649	7	34	0
LOC105374352	6	0	8
LOC107986249	3	0	3
CFAP99	1	0	1
LOC105374353	4	4	0
LOC107986250	13	0	13
RNF4	1828	1	1827
FAM193A	485	0	485
TNIP2	495	1	494
LOC102723763	0	0	0
SH3BP2	1035	0	1035
ADD1	1581	0	1581
SLC75A1	1111	2	1109
NOP14-AS1	69	236	78
NOP14	824	28	1043
GRK4	32	0	34
HTT-AS	0	1	0
HTT	1403	1	1403
MSANTD1	2	0	2
RGS12	124	6	118
HGFAC	1	0	1
DOK7	1	1	0
LOC105374355	0	0	0
LRPAP1	2285	0	2285
LOC124900650	0	0	0
LINC00955	0	0	0
LOC112268461	0	0	0
LOC105374357	0	0	0
LINC02171	0	0	0
ADRA2C	0	0	0
LOC124900651	0	0	0
LOC124900652	0	0	0
FAM86EP	110	1	109
LOC105374358	0	0	0
LOC105374359	0	0	0
LOC101928217	0	0	0
LOC107986252	0	0	0
OTOP1	0	0	0
TMEM128	177	0	177
LYAR	488	1	487
ZBTB49	39	0	39
LOC112268462	0	0	0
NSG1	0	0	0
STX18	467	6	467
STX18-IT1	0	0	0
LOC107986254	0	0	0
LOC124900165	2	0	2
STX18-AS1	12	0	12
LINC03091	2	2	0
SNORD162	1	0	1
LOC101928279	4	0	4
LINC01396	1	0	1
MSX1	353	1	352
LOC101928306	0	0	0
LOC107986218	0	0	0
CYTL1	1	1	0
STK32B	1	0	1
LOC107986256	0	0	0
LINC01587	1	0	1
EVC2	1	1	0
LOC124900166	0	0	0
EVC	343	0	453
CRMP1	1	111	0
C4orf50	0	0	0
MIR378D1	0	0	0
JAKMIP1	0	0	0
LOC128125818	0	0	0
JAKMIP1-DT	0	0	0
WFS1	808	0	808
PPP2R2C	0	0	0
LOC105374365	0	0	0
MAN2B2	847	1	846
LOC124900653	3	0	5
MRFAP1	3931	5	3928
LINC02482	8	3	5
MRFAP1L2	283	0	283
LINC02481	9	0	9
S100P	1393	0	1393
MRFAP1L1	714	0	714
LOC105378240	0	0	0
BLOC1S4	457	0	457
LOC105374367	13	0	13
KIAA0232	558	0	558
TBC1D14	188	0	680
LOC100129931	0	492	0
CFAP184	29	0	29
TADA2B	303	0	303
GRPEL1	977	1	976
LOC105374368	4	4	0
LOC105374370	0	0	0
LINC02447	0	0	0
SORCS2	774	18	756
LOC105374371	0	0	0
MIR4798	0	0	0
PSAPL1	5	0	5
MIR4274	0	0	0
LOC124900655	0	0	0
LOC124900654	0	0	0
AFAP1-AS1	15	442	0
AFAP1	3756	1	4249
LOC124900656	1	1	0
LOC389199	2	68	1
ABLIM2	291	3	288
LOC124900657	122	4	118
MIR95	0	0	0
SH3TC1	572	1	571
LOC105374373	0	0	0
HTRA3	1	0	1
LINC02517	1	0	1
LOC124900658	0	0	0
ACOX3	164	0	164
TRMT44	229	0	229
GPR78	0	0	0
CPZ	0	0	6
LOC124900659	0	6	0
LOC101928532	0	0	0
HMX1	0	0	0
LOC105369250	0	0	0
LOC124900663	0	0	0
FAM90A26	0	0	0
LOC124900661	0	0	0
USP17L10	0	0	0
USP17L11	0	0	0
USP17L12	0	0	0
USP17L13	0	0	0
USP17L15	0	0	0
USP17L17	0	0	0
USP17L18	0	0	0
USP17L19	0	0	0
USP17L20	0	0	0
USP17L21	0	0	0
USP17L22	0	0	0
USP17L24	0	0	0
USP17L25	0	0	0
USP17L26	0	0	0
USP17L5	0	0	0
USP17L27	0	0	0
USP17L28	0	0	0
USP17L29	0	0	0
USP17L9P	0	0	0
USP17L30	0	0	0
USP17L6P	0	0	0
DEFB131A	0	0	0
LOC124900662	0	0	0
MIR548I2	0	0	0
LOC124900660	0	0	0
SLC2A9	0	0	0
DRD5	0	0	0
SLC2A9-AS1	0	0	0
LOC124900664	0	0	0
LOC124900665	1	1	0
WDR1	2372	1	2371
MIR3138	3	0	3
LOC124900666	0	0	0
LOC124900667	0	0	0
LOC107986260	0	0	0
ZNF518B	0	0	0
CLNK	0	0	0
LOC105374482	0	0	0
LOC105374481	0	0	0
LOC105374480	0	0	0
LINC02498	0	0	0
LOC105374479	0	0	0
LOC105374488	0	0	0
MIR572	0	0	0
HS3ST1	0	0	0
LOC107986178	0	0	0
LINC02360	0	0	0
MIR12113	0	0	0
LOC105374489	0	0	0
LOC107986179	0	0	0
LINC02270	0	0	0
LOC105374492	0	0	0
LOC105374490	0	0	0
LOC107986181	0	0	0
LOC105374493	3	0	3
LOC124900668	5	0	5
RAB28	218	0	218
LOC105374495	0	0	0
LOC124900669	0	0	0
LINC01097	0	0	0
NKX3-2	0	0	0
LINC01096	0	0	0
BOD1L1	1039	1	1038
MIR5091	0	0	0
LINC01182	0	0	0
LOC101929048	2	0	2
LOC107986182	0	0	0
LINC01085	2	0	2
LOC124900670	0	0	0
LINC00504	1	0	1
LOC105374496	0	0	0
CPEB2-DT	0	0	0
LOC105374498	0	0	0
CPEB2	174	0	174
C1QTNF7-AS1	0	0	0
LOC124900673	0	0	0
C1QTNF7	0	0	0
LOC107986185	0	0	0
CC2D2A	185	1	188
LOC124900672	1	5	0
LOC124900671	1	0	1
FBXL5	769	2	767
FAM200B	242	1	241
BST1	4	0	4
LOC107986186	0	0	0
CD38	0	0	0
FGFBP1	39	1	38
FGFBP2	0	0	0
PROM1	1	0	1
LOC124900884	0	0	0
LOC107986261	0	0	0
LOC105374502	0	0	0
TAPT1	192	1	191
LOC107986187	0	0	0
TAPT1-AS1	7	0	7
LOC124900674	1	0	1
LOC105374505	0	0	0
LOC124900675	0	0	0
LDB2	0	0	0
LOC124900604	0	0	0
LOC107986188	0	0	0
LOC105374507	0	0	0
LINC02493	0	0	0
LOC107986219	0	0	0
SNORA75B	0	0	0
LOC124900676	1	0	1
QDPR	297	0	297
CLRN2	0	0	0
LOC124900895	0	0	0
LAP3	955	0	955
MED28-DT	3	3	0
MED28	514	0	645
FAM184B	8	139	0
DCAF16	449	0	449
NCAPG	1174	55	1416
LCORL	239	279	257
LOC107986220	0	0	0
LOC107986262	0	0	0
LOC105374510	0	0	0
LOC107986263	0	0	0
LINC02438	9	0	9
LOC105374511	8	1	7
LOC105374513	0	0	0
LOC105374514	0	0	0
SLIT2	0	0	0
SLIT2-IT1	0	0	0
MIR218-1	0	0	0
LOC105374515	0	0	0
PACRGL	95	0	143
KCNIP4	3	51	0
MIR7978	0	0	0
LOC124900677	0	0	0
LOC105374516	0	0	0
KCNIP4-IT1	0	0	0
LOC100505912	5	0	5
LOC124900906	0	0	0
LOC124900841	34	0	34
ADGRA3	764	2	762
MIR12115	0	0	0
GBA3	0	0	0
LOC105374521	0	0	0
LOC105374524	0	0	0
LOC105374523	0	0	0
LOC105374528	0	0	0
LOC124900680	0	0	0
PPARGC1A-AS1	0	0	0
PPARGC1A	459	1	458
LOC124900679	0	0	0
LOC124900678	1	0	1
LOC124900681	0	0	0
MIR573	3	0	3
DHX15	3002	1	3001
LOC124900682	0	0	0
LINC02473	7	0	7
LOC124900683	0	0	0
SOD3	0	0	0
CCDC149	0	0	0
LOC102723675	0	0	0
LGI2	0	0	0
LOC124900684	0	0	0
LOC105374534	0	0	0
SEPSECS	188	0	188
SEPSECS-DT	1	1	1
LOC105374535	9	7	3
PI4K2B	455	0	455
LOC124900685	0	0	0
ZCCHC4	168	0	168
LOC124900686	2	0	2
ANAPC4	434	0	434
LOC105374536	0	0	0
LOC101929161	0	0	0
LOC124900687	0	0	0
SLC34A2	1	1	0
SEL1L3	1157	0	1157
LOC102723733	0	0	1
LOC124900688	0	0	0
LOC105374538	0	1	0
SMIM20	206	0	206
LOC124900689	0	0	0
LINC02357	0	0	0
RBPJ	818	4	814
LOC105374541	0	0	0
LOC105374545	0	0	0
LOC124900690	0	0	0
LOC105374542	0	0	0
CCKAR	0	0	0
TBC1D19	81	0	81
LOC124900179	0	0	0
STIM2-AS1	1	0	1
STIM2	364	0	364
LINC02261	0	0	0
LOC124900842	0	0	0
LOC105374547	0	0	0
LOC105374548	0	0	0
LOC105374549	0	0	0
LOC105374550	0	0	0
LOC105374552	0	0	0
LOC105374553	0	0	0
LOC105374557	0	0	0
LOC107986269	0	0	0
LOC124900843	0	0	0
LOC107986268	0	0	0
LOC105374556	0	0	0
LOC105374558	0	0	0
LOC105374559	0	0	0
MIR4275	0	0	0
LINC02364	0	0	0
LINC02472	0	0	0
LOC124900885	0	0	0
LOC107986221	0	0	0
LOC105374562	0	0	0
LOC124900844	9	1	8
PCDH7	1956	0	1956
LINC02497	0	0	0
LOC105374564	0	0	0
LINC02501	0	0	0
LOC105374566	0	0	0
LOC107986222	0	0	0
LINC02506	0	0	0
LOC105377651	0	0	0
LOC124900845	0	0	0
LOC102723846	0	0	0
LINC02353	0	0	0
LOC107986223	0	0	0
LOC124900831	0	0	0
LOC124900832	0	0	0
LOC105374391	0	0	0
LOC105374392	0	0	0
LOC101928622	0	0	0
LINC02484	0	0	0
LOC107986270	0	0	0
LOC107986271	0	0	0
LOC105378262	0	0	0
LOC107986272	0	0	0
LOC124900893	0	0	0
LOC124900846	0	0	0
LOC105374396	0	0	0
LOC105374397	0	0	0
LOC124900847	0	0	0
ARAP2	111	0	114
LOC439933	0	3	0
DTHD1	0	0	0
LOC105374399	0	0	0
MIR1255B1	0	0	0
LINC02505	0	0	0
LINC02616	30	0	30
LOC101928721	1	0	1
LOC105374402	0	0	0
MIR4801	0	0	0
NWD2	0	0	0
PGCKA1	0	4	0
LOC124900691	0	0	0
RELL1	58	0	62
LOC105374404	0	0	0
LOC105374406	0	0	0
PGM2	485	0	485
TBC1D1	460	1	459
PTTG2	0	0	0
LOC124900692	0	0	0
LOC124900693	23	0	23
LOC105374408	0	0	0
LOC124900694	0	0	0
LOC105374409	0	0	0
LINC02513	0	0	0
LINC01258	0	0	0
LINC01259	0	0	0
LINC02278	0	0	0
KLF3-AS1	9	54	8
KLF3	684	3	734
LOC105374413	0	0	0
TLR10	1	0	1
TLR1	17	0	17
LOC124900695	1	0	1
TLR6	182	13	180
FAM114A1	729	0	740
MIR574	0	0	0
TMEM156	142	0	142
KLHL5	1257	2	1255
LOC105374418	0	0	0
WDR19	568	1	567
RFC1	1513	0	1513
KLB	2	2	0
MIR5591	0	0	0
RPL9	9598	3	9595
LIAS	166	0	166
WDR5CP	1	0	1
UGDH	483	0	483
UGDH-AS1	13	2	11
SMIM14	540	1	539
SMIM14-DT	4	0	4
UBE2K	1571	1	1570
PDS5A	2512	1	2511
LOC344967	2	0	5
N4BP2	77	3	77
RHOH	0	0	0
LINC02265	1	1	0
CHRNA9	650	4	646
RBM47	752	2	806
RBM47-AS1	2	58	0
MIR4802	0	0	0
NSUN7	0	10	0
APBB2	548	0	558
LOC124900907	0	0	0
UCHL1-DT	0	0	0
UCHL1	7	0	7
LIMCH1	4310	1	4314
LOC105374423	5	5	0
LIMCH1-AS1	5	10	0
PHOX2B	0	0	0
PHOX2B-AS1	0	0	0
LINC00682	0	0	0
LOC124900696	0	0	0
LOC105374426	1	0	1
TMEM33	1119	0	1119
DCAF4L1	15	0	15
SLC30A9	1132	0	1132
BEND4	0	0	0
LOC124900697	0	0	0
LOC105374428	0	0	0
SHISA3	0	0	0
ATP8A1	7	0	7
LOC124900698	0	0	0
ATP8A1-DT	0	0	0
LOC105374430	0	0	0
GRXCR1	0	0	0
LOC105374432	0	0	0
LOC105374434	0	0	0
LOC105374433	0	0	0
LINC02383	0	0	0
LOC124900848	0	0	0
LOC124900849	0	0	0
LOC105374438	0	0	0
LINC02475	0	0	0
KCTD8	0	0	0
LOC107986275	0	0	0
YIPF7	0	0	0
GUF1	441	13	428
GNPDA2	294	31	263
LOC105374439	1	0	1
LOC112268465	0	0	0
LOC105374440	0	0	0
LOC105374441	0	0	0
LOC124900850	0	0	0
GABRG1	0	0	0
GABRA2	0	0	0
COX7B2	0	0	0
GABRA4	0	0	0
GABRB1	0	0	0
LOC124900908	0	0	0
COMMD8	192	0	192
LOC107986277	0	0	0
ATP10D	394	0	394
CORIN	19	4	18
LOC105374444	13	0	16
MIR8053	0	0	0
LOC101927179	1	69	0
NFXL1	174	1	246
LOC101927157	0	5	1
CNGA1	1	0	1
NIPAL1	32	0	32
TXK	4	0	4
TEC	110	0	110
LOC105374445	10	0	10
SLAIN2	558	0	558
SLC10A4	1	0	1
ZAR1	0	5	0
FRYL	546	0	551
OCIAD1	1750	0	1773
OCIAD1-AS1	7	30	0
OCIAD2	189	0	189
LOC124900176	0	0	0
CWH43	0	0	0
LOC101927209	0	0	0
DCUN1D4	811	0	811
LRRC66	0	0	0
SGCB	0	0	0
LINC02480	0	0	0
SPATA18	0	0	0
LOC107986279	0	0	0
LOC124900897	0	0	0
USP46	253	1	252
USP46-DT	20	0	20
DANCR	456	0	456
MIR4449	3	0	3
SNORA26	9	0	9
ERVMER34-1	0	0	0
LOC124900185	0	0	0
LOC107986281	0	0	0
LINC01618	0	0	0
LOC124900700	0	0	0
RASL11B	1	1	0
SCFD2	155	0	155
SCFD2-AS1	1	1	0
LOC124900701	0	0	0
LOC105377654	0	100	0
FIP1L1	504	1	718
LNX1	27	139	3
LNX1-AS1	0	0	0
LNX1-AS2	1	0	1
LOC100506444	0	0	0
LOC124900702	0	0	0
RPL21P44	0	0	0
CHIC2	79	0	79
GSX2	0	0	0
LOC124900899	0	0	0
PDGFRA	0	0	0
LINC02283	0	0	0
LINC02260	0	0	0
KIT	0	0	0
LOC105377657	0	0	0
LINC02358	0	0	0
LOC124900703	0	0	0
KDR	0	0	0
SRD5A3	735	0	735
SRD5A3-AS1	6	6	0
LINC02928	12	0	12
TMEM165	2152	21	2157
CLOCK	482	35	476
LOC124900704	0	3	0
PDCL2	4	0	4
NMU	5	0	5
LOC105377660	2	2	0
EXOC1L	0	0	0
LOC105377661	0	0	0
EXOC1	374	0	455
EXOC1-AS1	3	84	0
CEP135	127	0	127
LOC124900705	0	0	0
CRACD	349	1	348
LOC101928760	1	1	0
LOC124900707	0	0	0
AASDH	259	1	258
PPAT	831	8	828
PAICS	8160	9	8259
LOC124900706	8	100	14
SRP72	2565	5	2563
ARL9	0	0	0
LOC105377665	0	0	0
SPMAP2L	0	0	0
HOPX	0	0	0
LOC124900708	0	0	0
LOC105377666	0	0	0
CHAER1	0	0	0
LOC105377668	0	0	0
SPINK2	0	0	0
REST	590	0	590
NOA1	914	0	914
POLR2B	2348	36	2544
IGFBP7	246	203	665
LOC124900898	0	0	0
IGFBP7-AS1	0	388	2
LOC107986283	0	0	0
LINC02380	0	0	0
LOC124900904	0	0	0
LOC105377670	0	0	0
LINC02494	0	0	0
LOC124900833	0	0	0
LOC107986228	0	0	0
LOC105377672	0	0	0
LOC105377246	0	0	0
LINC02429	0	0	0
LINC02619	0	0	0
LINC02496	0	0	0
MIR548AG1	0	0	0
LINC02271	0	0	0
LOC124900173	0	0	0
ADGRL3	0	0	0
ADGRL3-AS1	0	0	0
LOC101927145	0	0	0
LOC124900709	0	0	0
LOC105377253	0	0	0
LOC105377254	0	0	0
LOC124900851	0	0	0
TECRL	0	0	0
LOC107986284	0	0	0
LOC105377255	0	0	0
LINC02232	0	0	0
LINC02835	0	0	0
LOC124900852	0	0	0
EPHA5	177	17	199
EPHA5-AS1	7	24	22
LOC105377258	0	0	0
LOC105377259	0	0	0
LOC105377260	0	0	0
LOC105377261	0	0	0
MIR1269A	0	0	0
LOC105377262	0	0	0
LOC101927237	0	0	0
CENPC	222	0	222
STAP1	0	0	0
UBA6	837	0	837
UBA6-DT	74	0	74
GNRHR	5	5	0
LOC124900175	0	0	0
LOC102724780	2	0	2
TMPRSS11D	4	4	0
TMPRSS11A	0	0	0
TMPRSS11GP	0	0	0
TMPRSS11F	0	0	0
LOC550113	0	0	0
SYT14P1	0	0	0
FTLP10	0	0	0
TMPRSS11BNL	0	0	0
TMPRSS11B	0	0	0
YTHDC1	0	0	0
TMPRSS11E	0	0	0
UGT2B17	0	0	0
UGT2B15	0	0	0
UGT2B10	0	0	0
LOC124900853	0	0	0
UGT2A3	0	0	0
LOC105377265	0	0	0
UGT2B7	0	0	0
LOC105377267	0	0	0
UGT2B11	0	0	0
UGT2B28	0	0	0
UGT2B4	0	0	0
UGT2A1	0	0	0
UGT2A2	0	0	0
SULT1B1	0	0	0
SULT1E1	0	0	0
CSN1S1	0	0	0
CSN2	0	0	0
LOC105377269	0	0	0
STATH	0	0	0
HTN3	0	0	0
HTN1	0	0	0
CSN1S2AP	0	0	0
CSN1S2BP	0	0	0
PRR27	0	0	0
LOC105377270	0	0	0
ODAM	0	0	0
FDCSP	0	0	0
CSN3	0	0	0
CABS1	0	0	0
SMR3A	0	0	0
SMR3B	0	0	0
OPRPN	0	0	0
MUC7	0	0	0
AMTN	0	0	0
AMBN	0	0	0
ENAM	0	0	0
JCHAIN	0	0	0
LOC101927297	0	0	0
UTP3	737	0	737
RUFY3	301	3	298
LOC124900900	0	0	0
GRSF1	2508	0	2508
LOC124900710	1	1	0
LOC124900887	0	0	0
LOC124900711	1	0	1
MOB1B	223	0	223
DCK	383	0	383
SLC4A4	0	0	0
LOC124900712	0	0	0
LOC124900836	0	0	0
LOC107986285	0	0	0
LOC105377271	0	0	0
GC	0	0	0
NPFFR2	0	0	0
ADAMTS3	2	0	2
LOC105377273	0	0	0
LOC107986286	0	0	0
COX18	247	0	247
LOC112268467	0	0	0
ANKRD17	2421	1	2420
LOC124900713	0	0	0
ANKRD17-DT	3	0	3
LOC124900180	2	0	2
ALB	0	0	0
AFP	0	0	0
AFM	0	0	0
LINC02499	0	0	0
LOC107986287	0	0	0
RASSF6	4	0	4
INKILN	0	0	0
UMLILO	0	0	0
CXCL8	0	0	0
CXCL6	0	0	0
PF4V1	0	0	0
CXCL1	0	0	0
PF4	0	0	0
PPBP	0	0	0
CXCL5	0	0	0
LOC124900715	0	0	0
CXCL3	10	0	10
LOC105377275	2	0	2
PPBPP2	0	0	0
CXCL2	85	1	84
MTHFD2L	143	8	135
LOC105377277	0	0	0
LOC105377276	0	0	0
EPGN	166	0	166
EREG	0	0	0
AREG	10	0	10
LOC107986229	0	0	0
LOC124900716	0	0	0
BTC	0	0	0
LOC105377278	0	0	0
LOC105377282	0	0	0
LOC105377280	0	0	0
PARM1	0	0	0
PARM1-AS1	0	0	0
LOC107986289	0	0	0
LINC02562	0	0	0
LOC100506253	0	0	0
LINC02483	0	0	0
LOC107986230	0	0	0
RCHY1	179	1	179
THAP6	194	2	196
LOC124900717	0	3	0
ODAPH	0	0	0
CDKL2	0	0	0
G3BP2	1443	1	1442
USO1	1341	0	1341
LOC105377284	0	0	0
PPEF2	0	0	0
LOC105377285	0	0	0
NAAA	16	0	16
SDAD1	619	0	619
SDAD1-AS1	0	0	0
CXCL9	0	0	0
ART3	0	0	0
CXCL10	15	0	15
CXCL11	86	0	86
NUP54	614	0	614
LOC124900718	16	1	16
SCARB2	2633	0	2634
FAM47E	0	0	0
LOC105377286	0	0	0
FAM47E-STBD1	0	0	0
STBD1	5	4	1
CCDC158	0	0	0
LOC124900891	0	0	0
SHROOM3	772	0	895
MIR4450	0	0	0
MIR548AH	0	0	0
LOC105377290	2	2	0
SHROOM3-AS1	2	125	0
LOC124900719	0	0	0
LOC124900866	0	0	0
SOWAHB	0	0	0
LOC105377294	0	0	0
SEPTIN11	142	3	151
LOC105377291	4	12	4
CCNI	2696	0	2696
LOC101928864	1	44	2
CCNG2	470	1	514
LOC107986292	0	0	0
LOC105377295	0	0	0
CXCL13	0	0	0
LOC105377296	0	0	0
LOC105377297	2	0	2
CNOT6L	482	0	482
MRPL1	194	0	221
LOC102724916	1	28	0
FRAS1	0	0	0
LOC107986293	0	0	0
SNORD161	0	0	0
ANXA3	277	0	277
LOC124900721	1	0	1
LOC124900901	0	0	0
LINC01094	7	0	7
LOC101928893	0	0	0
BMP2K-DT	0	0	0
BMP2K	127	6	384
LOC124900722	4	0	4
LOC105377299	0	0	0
PAQR3	297	261	299
LINC01088	0	0	0
LOC124900723	0	0	0
NAA11	0	0	0
LOC105377300	0	0	0
GK2	0	0	0
LINC00989	0	0	0
LOC107986294	0	0	0
LINC02469	0	0	0
LOC105377302	0	0	0
PCAT4	0	0	0
LOC124900174	0	0	0
ANTXR2	3	0	3
LOC124900724	0	0	0
PRDM8-AS1	0	0	0
PRDM8	0	0	0
LOC124900725	0	0	0
FGF5	0	0	0
CFAP299	0	0	0
LOC105377305	0	0	0
BMP3	0	0	0
PRKG2	8	0	8
PRKG2-AS1	0	0	0
LOC124900726	0	0	0
RASGEF1B	1	0	1
LOC105377306	0	0	0
LOC105377308	0	0	0
VAMP9P	0	0	0
HNRNPD	3968	3	3965
HNRNPD-DT	8	0	8
LOC124900890	0	0	0
HNRNPDL	4346	6	4341
ENOPH1	719	1	719
LOC105377310	2	0	2
TMEM150C	0	0	0
LINC00575	0	0	0
SCD5	0	0	0
LOC124900727	0	0	0
MIR575	0	0	0
SEC31A	4529	2	4527
THAP9-AS1	1106	3	1109
SNORD143	13	0	13
SNORD144	2	0	2
THAP9	128	14	127
LIN54	559	3	556
COPS4	1004	1	1003
PLAC8	986	1	985
LOC124900167	0	0	0
COQ2	504	0	504
HPSE	537	0	537
LOC105377313	0	0	0
HELQ	176	0	177
MRPS18C	15	73	412
ABRAXAS1	59	406	122
GPAT3	45	0	45
LOC105377315	0	0	0
LINC02994	0	0	0
NKX6-1	0	0	0
LOC102723338	0	0	0
CDS1	0	0	0
LOC124900854	0	0	0
WDFY3	591	0	610
WDFY3-AS1	0	18	0
WDFY3-AS2	10	1	10
ARHGAP24	176	0	176
LOC105377319	3	0	3
LOC124900728	0	0	0
MIR4451	0	0	0
MAPK10	7	0	7
MAPK10-AS1	0	0	0
MIR4452	0	0	0
PTPN13	0	0	0
SLC10A6	1	0	1
C4orf36	10	1	10
AFF1-AS1	15	0	15
AFF1	1551	11	1550
LOC105377320	0	0	0
KLHL8	265	2	263
MIR5705	0	0	0
HSD17B13	8	0	8
HSD17B11	462	0	462
NUDT9	635	0	635
SCPPPQ1	0	0	0
SPARCL1	12	7	5
LOC124900729	0	0	0
DMP1-AS1	0	0	0
DSPP	0	0	0
DMP1	0	0	0
IBSP	0	0	0
MEPE	0	0	0
LOC124900730	0	0	0
SPP1	0	0	0
PKD2	431	0	431
ABCG2	1620	0	1620
LOC124900867	0	0	0
PPM1K	132	0	132
PPM1K-DT	0	0	0
LOC124900731	0	0	0
LOC105377326	0	0	0
HERC6	5	7	8
LOC102723458	54	3	61
HERC5	2440	0	2440
PYURF	0	0	0
PIGY	0	0	0
PIGY-DT	0	0	0
HERC3	465	1	464
NAP1L5	0	0	0
FAM13A-AS1	49	262	98
FAM13A	643	71	884
LOC124900732	3	0	3
LOC105377327	1	0	1
TIGD2	376	2	375
LOC124900834	0	0	0
GPRIN3	0	0	0
LOC105377328	0	0	0
LOC124900855	0	0	0
LOC105377329	0	0	0
LOC124900602	24	22	24
SNCA	176	0	198
LOC124900856	1	0	1
SNCA-AS1	0	0	0
MMRN1	0	0	0
LOC105377331	0	0	0
CCSER1	0	0	0
LOC124900733	0	0	0
LOC112268468	0	0	0
LNCPRESS2	0	0	0
GRID2	0	0	0
ATOH1	0	0	0
SMARCAD1-DT	0	0	0
LOC124900734	0	0	0
SMARCAD1	729	0	729
HPGDS	0	0	0
PDLIM5	1566	0	1566
BMPR1B-DT	0	0	0
BMPR1B	56	0	56
LOC124900735	0	0	0
UNC5C	0	0	0
LOC124900736	0	0	0
UNC5C-AS1	0	0	0
PDHA2	0	0	0
LINC02267	0	0	0
LOC124900737	0	0	0
STPG2-AS1	0	0	0
STPG2	0	0	0
LOC105377340	0	0	1
RAP1GDS1	704	2	703
TSPAN5	1	1	0
LOC112267901	0	0	0
TSPAN5-DT	0	0	0
LOC105377343	0	0	0
EIF4E	814	0	814
METAP1	1242	3	1239
MIR3684	0	0	0
LOC124900738	0	0	0
ADH5	2281	0	2281
LOC100507053	2	0	2
LOC124900739	0	0	0
ADH4	0	0	0
PCNAP1	0	0	0
ADH6	0	0	0
ADH1A	0	0	0
ADH1B	0	0	0
ADH1C	0	0	0
LOC102723576	0	0	0
ADH7	0	0	0
C4orf17	2	2	0
TRMT10A	69	0	69
MTTP	5	0	5
C4orf54	0	0	0
DAPP1	2	0	2
LAMTOR3	344	0	344
DNAJB14	463	3	460
H2AZ1	5298	0	5298
H2AZ1-DT	1	0	1
LOC107986232	0	0	0
DDIT4L	0	0	0
DDIT4L-AS1	0	0	0
SNORA101A	0	0	0
EMCN	0	0	0
LOC124900740	0	0	0
LOC105377345	0	0	0
LINC01216	0	0	0
LINC01217	0	0	0
LINC01218	0	0	0
PPP3CA	985	6	981
MIR8066	0	0	0
MIR1255A	0	0	0
PPP3CA-DT	65	0	67
LOC124900741	0	0	0
LOC107986297	0	0	0
BANK1	1	0	1
SLC39A8	2116	0	2116
NFKB1-AS1	14	0	14
NFKB1	508	2	568
LOC124900742	0	0	0
LOC105377347	4	66	0
MANBA	857	0	857
LOC102723704	0	860	0
LOC124900743	3	0	4
UBE2D3	2496	6	3360
UBE2D3-AS1	4	6	9
LOC124900903	0	0	0
CISD2	275	0	561
SLC9B1	0	286	0
SLC9B2	201	1	200
BDH2	453	0	453
CENPE	666	0	666
LINC02428	0	0	0
TACR3-AS1	14	11	3
TACR3	0	0	0
LINC02503	0	0	0
LOC105377350	0	0	0
LOC124900744	0	0	0
CXXC4	0	0	0
CXXC4-AS1	0	0	0
LOC124900745	0	0	0
LOC124900746	0	0	0
LOC105377351	0	0	0
LOC124900868	10	4	16
TET2	340	7	343
TET2-AS1	0	0	0
PPA2	1242	0	1242
LOC105377352	0	0	0
ARHGEF38	2	2	0
ARHGEF38-IT1	0	0	0
INTS12	275	1	363
LOC124900748	0	85	0
LOC124900747	0	2	0
GSTCD	278	0	303
LOC107986190	0	0	0
GSTCD-AS1	0	0	0
LOC124900749	5	30	0
NPNT	2	0	2
LOC101929577	5	0	5
TBCK	189	108	204
LOC124900750	0	0	0
AIMP1	1008	18	1113
GIMD1	0	0	0
LINC02173	0	0	0
LOC105377356	0	0	0
DKK2	0	0	0
LOC102725220	0	0	0
LOC105377358	0	0	0
PAPSS1	524	0	524
SGMS2	396	0	433
CYP2U1-AS1	0	0	0
LOC107986298	7	38	6
LOC124900751	0	0	0
CYP2U1	0	0	0
LOC107986299	0	0	0
HADH	1494	1	1493
LEF1	0	0	0
LEF1-AS1	0	0	0
LOC124900752	0	0	0
LOC124900753	0	0	0
RPL34-DT	2	0	3
LOC101929621	0	1	0
RPL34	3099	1	3098
OSTC	1197	1	1196
ETNPPL	92	0	92
COL25A1	16	0	16
LOC124900756	0	0	0
LOC124900754	0	0	0
COL25A1-DT	0	0	0
SEC24B-AS1	3	0	3
SEC24B	713	0	713
MIR576	0	0	0
MCUB	265	3	360
LOC124900755	1	1	0
CASP6	176	100	174
PLA2G12A	384	0	384
CFI	990	0	990
LOC124900757	0	0	0
GAR1-DT	0	0	0
GAR1	340	0	340
RRH	5	0	5
LRIT3	1	0	1
EGF	23	0	23
ELOVL6	796	0	796
LOC124900759	0	0	0
LOC105377362	0	0	0
LOC124900892	0	0	0
ENPEP	12	0	12
PANCR	0	0	0
LOC105377363	0	0	0
PITX2	0	0	0
LOC124900857	0	0	0
MIR297	0	0	0
LOC105377364	0	0	0
LOC105377366	0	0	0
LOC105377367	2	0	2
LINC02945	21	0	21
LOC105377369	0	0	0
LOC105377370	0	0	0
FAM241A	319	0	319
AP1AR-DT	12	61	13
AP1AR	367	3	426
TIFA	318	1	317
ALPK1	261	0	261
NEUROG2	0	0	0
NEUROG2-AS1	1	1	0
LOC124900760	0	0	0
ZGRF1	322	0	322
H3P14	0	0	0
LARP7	390	1	620
MIR302CHG	1	232	0
MIR367	0	0	0
MIR302D	0	0	0
MIR302A	0	0	0
MIR302C	0	0	0
MIR302B	0	0	0
ANK2	0	0	0
LOC102723896	0	0	0
LOC124900761	0	0	0
ANK2-AS1	0	0	0
MIR1243	0	0	0
MIR8082	0	0	0
LOC105377374	0	0	0
CAMK2D	184	0	184
LOC105377375	0	0	0
ARSJ	117	0	118
LOC107986305	2	1	4
LOC124900762	0	2	0
LOC105377376	0	0	0
LOC107986235	0	0	0
LOC105377378	1	1	0
LOC105377379	0	0	0
LOC105377380	0	0	0
UGT8	290	0	290
MIR577	0	0	0
LOC124900763	0	0	0
LOC105377382	4	0	4
NDST4	0	0	0
LOC124900764	0	0	0
LOC124900835	0	0	0
LOC105377383	0	0	0
MIR1973	0	0	0
LOC105377384	0	0	0
LOC105377385	0	0	0
LOC107986306	0	0	0
LOC105377387	0	0	0
LOC105377388	0	0	0
TRAM1L1	0	0	0
LINC02262	0	0	0
LINC02263	0	0	0
LINC01378	0	0	0
LOC102723914	0	0	0
LINC02264	0	0	0
NDST3	0	0	0
LOC107986307	0	0	0
LOC105377392	0	0	0
LOC124900765	0	0	0
SNHG8	251	0	251
SNORA24	1	0	1
PRSS12	0	0	0
LOC124900766	0	0	0
LOC105379403	0	0	0
LOC124900767	0	0	0
CEP170P1	0	0	0
LOC729218	259	0	259
LOC124900768	0	0	0
METTL14-DT	3	0	4
METTL14	283	1	283
SEC24D	886	0	886
SYNPO2	4	0	4
LOC105377393	0	0	0
SYNPO2-AS1	0	0	0
LOC102723967	0	0	0
LOC105377395	0	0	0
MYOZ2	0	0	0
LOC105379404	0	0	0
LOC101929762	1	0	1
USP53	228	0	228
ARLN	608	0	608
FABP2	0	0	0
LOC107986193	1	0	1
LINC01061	49	3	46
GTF2IP12	5	0	5
SEPTIN7P14	55	0	98
PDE5A	31	74	0
LOC124900187	0	0	0
LOC107986192	0	0	0
LOC105377397	0	0	0
LINC01365	0	0	0
LINC02502	0	0	0
LOC124900769	3	0	3
LOC124900770	0	0	0
MAD2L1	1004	0	1004
MAD2L1-DT	0	0	0
LOC124900771	0	0	0
PRDM5	0	0	0
LOC105377399	0	0	0
NDNF	1	0	1
NDNF-AS1	0	0	0
TNIP3	0	0	0
QRFPR	0	0	0
LOC107986309	0	0	0
LOC107986310	0	0	0
LOC105377401	0	0	0
LOC105377402	0	0	0
ANXA5	5539	3	5536
SMIM43	0	0	0
PP12613	0	0	0
EXOSC9	954	250	1068
CCNA2	1288	138	1514
BBS7	239	0	239
BBS7-DT	0	0	0
TRPC3	0	0	0
LOC102724158	0	0	0
LOC112268469	5	0	5
BLTP1	619	0	619
ADAD1	0	0	0
IL2	0	0	0
IL21	0	0	0
IL21-AS1	2	0	2
BBS12	136	0	136
CETN4P	6	0	6
FGF2	771	55	1067
LOC124900773	8	1	7
NUDT6	73	298	126
AFG2A	293	0	293
LOC105377404	2	3	0
LOC124900772	0	0	1
LOC124900774	0	0	0
SPRY1	148	0	148
TRC-GCA2-1	0	0	0
LINC02435	0	0	0
LOC105377405	0	0	0
LINC01091	0	0	0
LOC124900775	0	0	0
LOC124900776	0	0	0
LOC105377407	0	0	0
LOC105377406	1	0	1
LOC105377408	0	0	0
LINC02516	0	0	0
ANKRD50	388	0	388
FAT4	153	0	153
MIR2054	0	0	0
LINC02379	0	0	0
LOC105377409	0	0	0
LOC105377410	0	0	0
LOC124900777	0	0	0
LOC105377411	0	0	0
LOC102724210	1	0	1
LOC107986312	0	0	0
LOC105377412	0	0	0
INTU	62	0	62
SLC25A31	0	0	0
LOC105377414	0	0	0
HSPA4L	1003	3	1000
LOC112268470	0	0	0
PLK4	369	2	367
MFSD8	250	2	251
ABHD18	160	1	162
LARP1B	363	7	356
PGRMC2	2064	0	2064
LINC02615	36	0	36
LOC101927259	1	0	1
LINC03140	1	0	1
LOC124900905	0	0	0
JADE1	489	14	733
SCLT1	210	260	208
C4orf33	195	0	195
LOC105377416	0	0	0
LOC105377417	0	0	0
LOC124900779	0	0	0
LINC02466	0	0	0
LINC02465	0	0	0
LOC105377418	0	0	0
LINC02479	0	0	0
LOC105377422	0	0	0
LOC105377423	0	0	0
LINC02377	0	0	0
LOC124900860	0	0	0
LOC124900859	0	0	0
SNHG27	0	0	0
LOC105377425	0	0	0
LOC105377428	0	0	0
LINC01256	0	0	0
LOC124900861	0	0	0
LOC124900862	0	0	0
LOC105377431	0	0	0
PCDH10-DT	0	0	0
PCDH10	0	0	0
LOC124900863	10	0	10
PABPC4L	105	0	105
LINC02462	0	0	0
LOC105377436	0	0	0
LOC105377438	0	0	0
LOC105377437	0	0	0
LINC02485	0	0	0
LOC124900883	0	0	0
LINC00613	0	0	0
LOC124900864	0	0	0
LINC02511	0	0	0
LINC02510	0	0	0
LOC105377442	0	0	0
PCDH18	0	0	0
LINC02172	0	0	0
LOC101927414	0	0	0
LOC107986314	0	0	0
LOC105377444	0	0	0
LOC105377445	0	0	0
LOC107986315	0	0	0
LOC105377447	0	0	0
LINC00616	0	0	0
SLC7A11-AS1	0	7	0
SLC7A11	106	0	113
LINC00498	0	0	0
LINC00499	0	0	0
LOC105377448	0	0	0
NOCT	206	5	201
LOC124900780	14	1	13
ELF2	602	29	573
LOC105379412	0	0	0
MGARP	3	0	3
NDUFC1	301	2	300
NAA15	1434	3	1432
LOC124900188	4	4	0
RAB33B	123	26	121
RAB33B-AS1	0	2	22
SETD7	912	0	912
LOC105377451	3	3	0
LOC105377622	89	0	89
QKILA	0	0	0
MGST2	625	4	623
MAML3	51	3	50
LOC124900781	0	0	0
LOC124900782	0	0	0
LOC105377452	0	0	0
LOC124900783	0	0	0
MAML3-AS1	0	0	0
LOC124900784	0	0	0
SCOC	0	0	0
SCOC-AS1	0	0	0
LOC124900785	3	0	3
CLGN	0	0	0
MGAT4D	0	0	0
ELMOD2	409	0	409
UCP1	0	0	0
TBC1D9	392	0	392
TNRC18P1	2	0	2
TBC1D9-AS1	0	0	0
LOC124900786	0	0	0
RNF150	57	0	57
ZNF330	539	0	539
LOC124900902	0	0	0
LINC02432	0	0	0
LINC02276	0	0	0
IL15	175	1	174
INPP4B	0	0	0
LOC101927613	0	0	0
LOC105377457	0	0	0
USP38-DT	3	0	3
LOC124900788	0	0	0
USP38	350	0	350
LOC124900789	1	15	0
GAB1	235	1	248
MIR3139	0	0	0
SMARCA5-AS1	1	186	0
SMARCA5	2651	3	2833
GUSBP5	0	0	0
FREM3	0	0	0
LOC105377458	0	0	0
LOC105377459	0	0	0
GYPE	0	0	0
LOC101927636	0	0	0
LOC124900790	0	0	0
GYPB	0	0	0
LOC105377460	0	0	0
GYPA	0	0	0
LOC105377462	0	0	0
HHIP-AS1	0	0	0
HHIP	1	1	0
LOC124900791	0	0	0
LOC124900792	0	0	0
LOC124900793	0	0	0
ANAPC10	126	47	126
ABCE1	1034	0	1081
OTUD4	667	12	655
LOC124900794	2	0	2
LOC105377465	0	0	0
LINC02266	0	0	0
SMAD1	209	3	277
SMAD1-AS2	0	0	0
SMAD1-AS1	0	71	0
LOC285422	0	0	0
LINC02491	0	0	0
MMAA	83	0	83
C4orf51	0	0	0
ZNF827	1	0	1
LOC105377468	0	0	0
LOC105377469	0	0	0
LINC01095	0	0	0
LSM6	60	0	60
REELD1	5	0	5
SLC10A7	127	0	127
LOC105377472	0	0	0
MIR7849	0	0	0
POU4F2	0	0	0
TTC29	0	0	0
LOC105377474	0	0	0
TTC29-AS1	0	0	0
LOC105377475	0	0	0
LOC105377476	0	0	0
MIR548G	0	0	0
EDNRA	0	0	0
LOC124900795	0	0	0
LOC124900796	0	0	0
LINC02507	0	0	0
TMEM184C-DT	0	0	0
TMEM184C	409	22	387
PRMT9	139	0	139
ARHGAP10	304	0	304
MIR4799	0	0	0
NR3C2	41	0	41
LOC102724672	0	0	0
LOC124900798	0	0	0
LOC107986195	0	0	0
LOC105377483	0	0	0
LOC124900797	0	0	0
LOC105377481	0	0	0
LOC105377480	0	0	0
LINC02430	0	0	0
LINC02355	0	0	0
LOC107986320	0	0	0
IQCM	0	0	0
LOC105377479	0	0	0
DCLK2	220	1	219
LRBA	1141	0	1141
LRBA-AS1	0	0	0
MAB21L2	0	0	0
RPS3A	0	0	0
SNORD73B	0	0	0
SNORD73A	0	0	0
SH3D19	0	0	0
SH3D19-AS1	0	0	0
LOC105377485	0	0	0
LOC124900799	0	0	0
PRSS48	0	0	0
FHIP1A-DT	19	0	19
FHIP1A	513	0	513
GATB	454	1	616
LOC107986197	31	177	17
LOC127898557	0	0	0
LOC105377488	0	0	0
LOC102724700	0	0	0
LOC127898556	0	0	0
LINC03074	2	0	2
LINC02273	0	0	0
LOC124900800	0	0	0
LOC105377489	0	0	0
LOC105377490	1	0	1
LOC105377492	1	0	1
FBXW7	161	0	175
FBXW7-AS1	0	14	0
MIR3140	0	0	0
MIR4453HG	67	0	67
MIR4453	0	0	0
TMEM154	0	0	0
LOC105377495	0	0	0
TIGD4	1	0	1
ARFIP1	239	0	239
FHDC1	181	1	180
LOC729870	11	0	11
TRIM2	249	0	249
LOC105377496	0	0	0
ANXA2P1	0	0	0
MND1	240	0	240
TMEM131L	387	0	387
LOC105377498	1	1	0
LOC100419170	0	0	0
TLR2	0	0	0
RNF175	0	0	0
LOC105377499	0	0	0
SFRP2	0	0	0
LOC101927947	0	0	0
DCHS2	0	0	0
PLRG1	712	0	712
FGB	0	0	0
FGA	0	0	0
FGG	4	0	4
LOC124900169	0	0	0
LRAT	0	0	0
LOC105377500	0	0	0
RBM46	0	0	0
LOC105377501	0	0	0
NPY2R	0	0	0
NPY2R-AS1	0	0	0
LOC105377502	0	0	0
MAP9	0	0	0
MAP9-AS1	0	0	0
LOC105377503	0	0	0
LOC105377505	0	0	0
LOC105377504	0	0	0
GUCY1A1	0	0	0
LOC105377506	0	0	0
GUCY1B1	0	0	0
ASIC5	0	0	0
LOC105377507	0	0	0
TDO2	0	0	0
CTSO	0	0	0
LOC102724785	0	0	0
LOC105377508	0	0	0
LINC02272	0	0	0
PDGFC	0	0	0
GLRB	40	0	40
GRIA2	0	0	0
LOC107986238	0	0	0
LINC02433	0	0	0
LOC105377509	0	0	0
LOC124900801	0	0	0
GASK1B	0	0	0
GASK1B-AS1	0	0	0
LOC101928007	0	0	0
TMEM144	0	0	0
LOC105377510	0	0	0
RXFP1-AS1	0	0	0
RXFP1	9	0	9
C4orf46	326	1	325
ETFDH	486	142	517
LOC124900922	0	0	0
PPID	414	44	543
FNIP2	103	0	103
SPMIP2	0	0	0
RAPGEF2	640	0	640
MIR3688-1	0	0	0
MIR3688-2	0	0	0
LOC107986324	0	0	0
LOC105379457	0	0	0
LINC02233	0	0	0
LOC107986239	0	0	0
LINC02477	0	0	0
LOC105377513	0	0	0
LOC105377514	0	0	0
LOC105377515	0	0	0
FSTL5	0	0	0
FSTL5-AS1	0	0	0
LOC124900803	0	0	0
LOC124900804	0	0	0
LOC105377516	0	0	0
MIR4454	0	0	0
NAF1	414	0	417
LOC101928081	0	3	0
LOC105377517	0	0	0
NPY1R	0	0	0
NPY5R	0	0	0
TKTL2	0	0	0
LOC124900805	5	124	3
TMA16	261	1	382
MARCHF1	66	66	0
LOC107986325	0	0	0
SMIM31	0	0	0
APELA	0	0	0
TRIM61	0	0	0
FAM218A	0	0	0
TRIM60	0	0	0
TRIM75	0	0	0
TMEM192	300	0	300
KLHL2	423	1	422
GK3	0	0	0
LOC124900915	0	0	0
MSMO1	913	0	913
LOC105377519	0	0	0
CPE	3	0	3
MIR578	0	0	0
LOC105377520	0	0	0
LOC124900806	0	0	0
LINC01179	0	0	0
LOC101928131	0	0	0
LOC105377521	0	0	0
TLL1	459	2	457
SPOCK3	0	0	0
LOC105377523	0	0	0
ANXA10	2	0	2
LOC124900170	0	0	0
LOC105377524	29	0	29
DDX60	3093	3	3090
LOC124900910	0	0	0
DDX60L	808	0	808
LOC124900181	3	3	0
LOC107986198	11	9	2
PALLD	1829	3	1913
LOC124900807	0	0	0
PALLD-AS1	0	0	0
LOC124900808	0	0	0
LOC124900809	0	0	0
LOC102723331	5	4	1
CBR4	417	91	413
LOC107986200	0	0	0
CBR4-DT	0	0	0
LOC105377527	0	0	0
SH3RF1	465	0	465
LOC105377529	0	0	0
NEK1	196	0	196
CLCN3	948	1	947
HPF1	424	0	424
LOC107986240	0	0	0
LOC124900810	0	0	0
LOC105377530	1	0	1
LINC02275	0	0	0
MFAP3L	89	1	88
LOC101928198	0	0	0
AADAT	6	0	6
LOC107986326	0	0	0
LINC01612	0	0	0
LINC02512	0	0	0
LINC02382	0	0	0
LOC124900869	0	0	0
LINC02431	0	0	0
MIR6082	0	0	0
LOC105377534	0	0	0
LINC02504	0	0	0
LOC105377535	0	0	0
LINC02174	0	0	0
LOC441052	0	0	0
GALNTL6	32	2	30
LOC124900811	0	0	0
GALNTL6-AS1	0	0	0
LOC107986201	0	0	0
GALNT7-DT	38	70	45
GALNT7	1885	17	1945
LOC124900812	4	4	0
MIR548T	0	0	0
HMGB2	1963	3	1960
SAP30-DT	58	0	58
SAP30	511	2	509
SCRG1	1	1	0
LOC112268474	2	0	2
LOC112267917	10	0	10
LOC101928409	0	0	0
LOC124900815	0	0	0
HAND2	0	0	0
HAND2-AS1	0	0	0
LOC124900816	0	0	0
LOC107986203	0	0	0
LINC02269	0	0	0
LOC105377543	0	0	0
LOC105377544	0	0	0
LOC105377546	0	0	0
LOC107986204	0	0	0
LINC02268	1	0	1
FBXO8	272	5	287
CEP44	283	25	278
LOC105377547	0	0	0
MIR4276	0	0	0
HPGD	1	0	1
LOC105377548	1	0	1
LOC124900870	1	0	1
LOC105377549	0	0	0
LOC105377551	0	0	0
GLRA3	1	0	1
LOC101928551	0	0	0
ADAM29	0	0	0
LOC124900871	0	0	0
LOC105377552	0	0	0
LOC124900872	0	0	0
GPM6A	0	0	0
GPM6A-DT	0	0	0
LOC107984113	0	0	0
WDR17	0	0	0
SPATA4	1	0	1
ASB5	1	0	1
SPCS3-AS1	3	148	7
SPCS3	1413	8	1557
LOC124900817	0	0	0
HAFML	0	0	0
VEGFC	0	0	0
LINC02509	0	0	0
LOC105377557	0	0	0
NEIL3	278	0	278
LOC105377558	3	3	0
AGA	208	0	208
AGA-DT	8	0	8
LOC124900889	0	0	0
LOC105377559	0	0	0
LINC01098	0	0	0
LOC105377560	0	0	0
LINC01099	0	0	0
LOC105377561	0	0	0
LOC105377562	0	0	0
LOC124900186	0	0	0
LOC105377563	0	0	0
LOC124900818	0	0	0
LOC124900623	0	0	0
LOC124900819	0	0	0
LOC105377567	0	0	0
LOC105377565	0	0	0
LOC124900820	0	0	0
LOC105377568	0	0	0
LOC124900821	0	0	0
LINC00290	0	0	0
LINC02500	0	0	0
LOC107986205	0	0	0
LOC124900822	0	0	0
TENM3	1007	5	1010
TENM3-AS2	0	0	0
TENM3-AS1	115	4	119
MIR1305	0	0	0
LOC105377572	1	1	0
LOC105377571	1	1	0
LOC105377576	28	0	28
DCTD	645	0	645
LOC105377577	0	0	0
LOC107986327	0	0	0
LOC112268472	0	0	0
LOC107986328	0	0	0
CIBAR1P2	0	0	0
LOC105377578	0	0	0
WWC2-AS2	32	2	32
WWC2	939	1	1017
WWC2-AS1	0	0	0
LOC124900896	0	0	0
CLDN22	0	76	1
CLDN24	3	3	0
LOC124900894	2	0	2
CDKN2AIP	719	0	719
LOC124900823	1	2	0
ING2-DT	7	2	6
ING2	381	0	381
LOC101929996	0	0	0
LOC105377580	0	0	0
LOC124900911	0	0	0
RWDD4	399	0	399
TRAPPC11	730	0	730
LOC105377581	3	0	3
LOC124900824	0	0	0
STOX2	531	11	520
LOC107986330	2	0	2
LOC124900826	0	0	0
ENPP6	0	0	0
LOC105377582	0	0	0
LOC105377584	0	0	0
LOC124900825	0	0	0
MYL12BP2	0	0	0
LINC02363	0	0	0
LINC02362	0	0	0
IRF2	504	0	504
IRF2-DT	29	4	25
LINC02427	0	0	0
LINC02365	0	0	0
CASP3	483	1	482
PRIMPOL	157	39	195
CENPU	595	38	634
ACSL1	966	3	964
SLED1	0	0	0
LOC105377587	0	0	1
MIR3945HG	0	0	0
MIR3945	0	0	0
LINC01093	0	0	0
MIR4455	0	0	0
LINC02437	0	0	0
HELT	0	0	0
LINC02436	0	0	0
LOC105377588	0	0	0
SLC25A4	970	19	951
CFAP97	622	40	620
SNX25	524	5	644
LOC124900827	0	69	0
LRP2BP	69	87	18
ANKRD37	4	52	71
UFSP2	195	17	336
CFAP96	42	90	43
CCDC110	3	3	2
LOC105377590	0	0	1
PDLIM3	1	1	0
SORBS2	241	0	271
SORBS2-AS1	4	34	0
LOC101928929	0	0	0
LOC124900909	0	0	0
LOC124900828	0	0	0
LOC124900830	0	0	0
LOC124900829	0	0	0
TLR3	39	0	39
FAM149A	0	0	0
LOC124900171	0	0	0
FLJ38576	0	0	0
CYP4V2	0	0	0
KLKB1	0	0	0
LOC124900873	0	0	0
F11	0	0	0
F11-AS1	0	0	0
LOC124900874	0	0	0
LOC105377596	0	0	0
MTNR1A	0	0	0
FAT1	2016	1	2015
LOC107986334	2	0	2
LOC124900875	0	0	0
LOC124900877	0	0	0
LOC102723906	0	0	0
LOC105377599	1	0	1
LOC124900876	0	0	0
LOC124900878	0	0	0
LINC02374	0	0	0
LOC107986335	0	0	0
LOC339975	0	0	0
LINC02514	0	0	0
LINC02515	0	0	0
LINC02492	0	0	0
LOC105377604	0	0	0
LOC124900879	0	0	0
LOC105377603	0	0	0
LOC107983963	0	0	0
LOC124900880	0	0	0
LOC124900881	0	0	0
ZFP42	4	0	4
TRIML2	187	1	186
LOC107986337	0	0	0
TRIML1	3	3	0
LINC02434	93	0	93
LOC105377607	11	0	11
LOC105377608	0	0	0
LOC105377609	0	0	0
LINC01060	0	0	0
LOC101930028	0	0	0
LINC02508	0	0	0
LOC105377611	0	0	0
LOC105377612	0	0	0
LOC105377613	0	0	0
LOC124900838	0	0	0
LOC105377614	0	0	0
LOC105377615	0	0	0
LINC01262	0	0	0
LOC105377616	0	0	0
FRG1-DT	0	0	0
LOC124900882	0	0	0
LOC105377619	0	0	0
LINC01596	0	0	0
FRG1	0	0	0
FRG2	0	0	0
DBET	0	0	0
LOC107986338	0	0	0
DUX4	0	0	0
LOC124900509	4	4	0
ANKRD20A12P	0	0	0
LOC124900928	0	0	0
LOC105374602	0	0	0
PLEKHG4B	0	0	0
LRRC14B	1	1	0
LOC124900929	0	0	0
CCDC127	1004	2	1002
SDHA	17179	6	17173
PDCD6-DT	8	3	6
PDCD6-AHRR	0	0	0
PDCD6	2794	2	2792
AHRR	2	2	0
EXOC3-AS1	176	0	176
EXOC3	3397	4	3393
LOC124900930	1	0	1
SLC9A3	252	771	119
SLC9A3-OT1	0	0	0
SLC9A3-AS1	276	0	914
LOC107986395	0	0	0
MIR4456	0	0	0
LOC105374606	0	0	0
LOC105374607	0	0	0
LOC105374608	0	0	0
CEP72-DT	0	0	0
CEP72	2066	53	2151
TPPP	152	152	138
LOC101929898	12	1	11
ZDHHC11B	106	0	106
ZDHHC11	1305	0	1305
BRD9	2766	138	2680
TRIP13	5846	13	5885
LOC124900931	0	0	0
LINC02982	0	0	0
LOC124900932	0	0	0
NKD2	0	0	0
SLC12A7	110	2	108
MIR4635	0	0	0
LOC107986396	0	0	0
LOC124900189	0	0	0
TERLR1	0	0	0
SLC6A19	1	0	1
SLC6A18	0	0	0
TERT	25	0	25
MIR4457	0	0	0
CLPTM1L	3151	3	3148
LINC01511	0	0	0
SLC6A3	0	0	0
LPCAT1	91	0	196
LOC124901162	0	105	0
MIR6075	0	0	0
LOC124901161	13	0	16
LOC107986397	1	14	0
SDHAP3	258	0	261
PDCD6P1	251	0	251
LOC105374614	0	0	0
MIR4277	0	0	0
LOC101929003	5	5	0
MRPL36	1340	544	1336
NDUFS6	1217	1	1756
LINC02116	0	0	0
LOC124901163	0	0	0
LOC124901164	0	0	0
IRX4	0	0	0
IRX4-AS1	0	0	0
CTD-2194D22.4	0	0	0
LOC124901165	0	0	0
LOC105374618	0	0	0
LOC124901166	0	0	0
LOC100506858	0	0	0
LOC124901167	0	0	0
LSINCT5	0	0	0
IRX2	0	0	0
IRX2-DT	0	0	0
LOC105374620	0	0	0
LOC107983966	0	0	0
LOC107984098	0	0	0
LOC105374621	0	0	0
LINC01377	0	0	0
LINC01019	0	0	0
LINC02162	0	0	0
LINC01017	0	0	0
IRX1	0	0	0
LOC107986399	0	0	0
LOC105374625	0	0	0
LOC105374626	0	0	0
LINC02063	0	0	0
LOC124901168	0	0	0
LOC124901169	0	0	0
LOC107986400	0	0	0
LINC02114	0	0	0
LOC105374629	0	0	0
LOC105374630	0	0	0
LINC01020	0	0	0
LINC02121	0	0	0
ADAMTS16-DT	0	0	0
ADAMTS16	6	1	6
ADAMTS16-AS1	0	0	0
LOC101929200	24	1	24
ICE1	2627	0	2627
LOC105374634	0	0	0
LOC105374636	0	0	0
LINC02145	0	0	0
MED10	0	0	0
LOC124900933	0	0	0
UBE2QL1	0	0	0
LOC105374639	0	0	0
LINC01018	1	1	0
NSUN2	7371	0	7371
SRD5A1	1589	4	1587
LOC124900934	4	1	3
LINC02102	6	0	8
TENT4A	2001	1	2000
LOC107986401	8	0	8
LOC102724943	43	0	43
LINC02236	1	0	1
MIR4278	2	2	0
LOC105374641	6	0	6
LOC105374642	0	0	0
LINC02196	0	0	0
LOC124900935	0	0	0
LOC105374643	0	0	0
LOC442132	0	0	0
LOC105379638	0	0	0
LINC02123	0	0	0
LOC105374645	0	0	0
LINC02142	0	0	0
LOC107986403	0	0	0
ADCY2	0	0	0
LOC105374646	0	0	0
CFAP90	0	0	0
MTRR	2293	221	2287
FASTKD3	592	0	807
LOC124900936	17	0	17
LOC124900937	0	0	0
LOC102723339	0	0	0
LINC02226	1	0	1
MIR4458HG	263	0	263
MIR4458	0	0	0
LOC105374647	0	0	0
LOC101929307	0	0	0
LINC02199	0	0	0
SEMA5A	3	0	3
MIR4636	0	0	0
LOC124901170	0	0	0
SEMA5A-AS1	0	0	0
SNHG18	0	0	0
SNORD123	0	0	0
LOC101929359	0	0	0
TAS2R1	1	0	1
LOC124900938	0	0	0
LINC02112	0	0	0
LOC105374649	0	0	0
LINC02221	0	0	0
LOC107986405	7	0	7
LOC124900939	1	0	1
ATPSCKMT	288	0	288
CCT5	19243	5	19238
CMBL	3704	4	3700
LOC105374651	10	0	10
MARCHF6-DT	76	6	83
MARCHF6	6488	8	6493
MIR10397	0	0	0
ROPN1L-AS1	1	1	0
ROPN1L	4	0	4
LOC124900940	2	0	2
MIR6131	0	0	0
LINC02212	0	0	0
LINC02213	0	0	0
ANKRD33B	171	2	169
DAP	4279	1	4727
DAP-DT	0	449	0
CTD-2154B17.1	0	0	0
LOC105374654	0	0	0
CTNND2	0	0	0
LOC105374656	1	1	0
LOC105374655	43	0	43
LINC01194	29	0	29
LOC124900941	2	2	0
LOC105374657	3	3	0
LINC02220	1	1	0
LOC105374659	0	0	0
LOC105374660	0	0	0
LOC124900942	0	0	0
DNAH5	35	0	35
DNAH5-AS1	0	0	0
TRIO	3082	2	3080
LOC124900943	0	0	0
SNORD170	0	0	0
OTULINL	2003	1	2002
SNORD141B	27	0	27
OTULIN-DT	34	2	33
OTULIN	1798	25	1799
ANKH	1663	153	1986
LOC100130744	1	0	1
LOC124900944	6	1	5
MIR4637	0	0	0
LOC105374661	0	0	0
LOC107986376	0	0	0
LOC124900197	0	0	0
LINC02149	0	0	0
LOC124900945	0	0	0
FBXL7	0	0	0
CTD-2350J17.1	0	0	0
LOC124900946	0	0	0
LOC107986343	0	0	0
MIR887	0	0	0
LOC107986406	0	0	0
MARCHF11	0	0	0
MARCHF11-AS1	0	0	0
LOC105379640	0	0	0
MARCHF11-DT	0	0	0
LINC02150	3	0	3
ZNF622	1982	0	1982
RETREG1	48	2	46
RETREG1-AS1	0	0	0
MYO10	3892	1	3891
LOC124900947	5	0	5
BASP1-AS1	217	15	278
MIR10522	0	0	0
LOC105374664	26	26	0
BASP1	21890	617	21349
LINC02111	11	11	0
LINC02217	1	0	1
LINC02218	0	0	0
H3Y2	0	0	0
TAF11L2	0	0	0
TAF11L3	0	0	0
TAF11L4	0	0	0
TAF11L5	0	0	0
TAF11L6	0	0	0
TAF11L7	0	0	0
TAF11L8	0	0	0
TAF11L9	0	0	0
TAF11L10	0	0	0
TAF11L11	0	0	0
TAF11L12	0	0	0
TAF11L13	0	0	0
TAF11L14	0	0	0
H3Y1	0	0	0
LOC105374666	17	0	17
LINC02223	0	0	0
LOC124900199	0	0	0
LINC02100	35	0	35
LOC124901212	0	0	0
LOC105374669	0	0	0
CDH18	1	0	1
LOC105374672	0	0	0
LOC124900948	0	0	0
CDH18-AS1	0	0	0
LINC02241	0	0	0
LINC02146	0	0	0
LOC105374673	0	0	0
LOC105374678	0	0	0
LOC102723561	0	0	0
LOC124900950	0	0	0
LOC124900951	0	0	0
GUSBP1	2	0	2
LOC124900949	1	0	1
LOC105374685	0	0	0
CDH12	11	0	12
LOC105374683	0	0	0
SNORA105A	3	0	3
LOC107986345	0	0	0
PMCHL1	0	0	0
LOC105374682	0	1	0
LOC105374681	0	0	0
LOC101929617	0	0	0
LOC105374686	0	0	0
LOC105374687	0	0	0
LOC105374688	0	0	0
LOC124901171	0	0	0
PRDM9	0	0	0
LOC124901158	0	0	0
LOC107986377	0	0	0
LOC124901172	0	0	0
LINC02899	0	0	0
LOC124901173	73	0	73
LOC105374689	21	0	21
CDH10	3645	0	3802
LOC124901174	0	157	0
LINC02239	0	0	0
LINC02228	0	0	0
LINC02211	0	0	0
LOC124901175	0	0	0
LOC124901176	0	0	0
TRK-CTT9-1	0	0	0
LOC124901159	0	0	0
CDH9	0	0	0
LOC105374695	0	0	0
PURPL	758	0	758
LOC124901177	1	0	1
LOC105374696	0	0	0
LINC02103	0	0	0
LOC105374701	0	0	0
LOC107986409	0	0	0
LOC124901178	0	1	0
LSP1P3	0	0	1
LOC101929645	0	0	0
LOC105374699	0	0	0
LINC02109	0	0	0
LINC02064	0	0	0
LOC105374702	0	0	0
LOC105374703	0	0	0
LOC105374704	0	0	0
LOC105374705	0	0	0
LOC105374706	0	0	0
LOC105374707	12	0	12
LOC124901160	0	0	0
LOC124901179	0	0	0
LOC124900952	0	0	0
CDH6	0	0	0
LOC105374709	0	0	0
DROSHA	2489	2	2487
C5orf22	1538	0	1538
PDZD2	156	15	165
LOC124901200	0	0	0
LOC124900953	1	0	1
LOC107986346	2	0	2
MIR4279	0	0	0
LOC105374711	30	27	27
GOLPH3	4913	119	4794
MTMR12	992	0	992
ZFR	2638	1	2637
MIR579	0	0	0
LOC124900954	0	0	0
SUB1	4549	2	4547
LINC02061	0	0	0
NPR3	1688	4	1684
LOC124900956	2	0	2
LOC124900955	3	3	0
LINC02120	0	0	0
LOC105374715	1	0	1
LINC02160	0	0	0
LOC124900637	0	0	0
TARS1-DT	61	0	69
TARS1	11018	13	11013
LOC105374717	0	0	0
ADAMTS12	0	0	0
RXFP3	0	0	0
SLC45A2	1	0	1
AMACR	8	0	8
C1QTNF3-AMACR	0	0	0
C1QTNF3	61	1	60
LOC646652	6	6	0
LOC105374719	0	0	0
LOC124900957	0	0	0
LOC124900958	0	0	0
LOC105374721	0	0	0
RAI14-DT	0	0	0
RAI14	730	0	730
LOC124900960	6	0	6
TTC23L-AS1	0	0	0
TTC23L	62	237	0
LOC124900959	0	0	0
RAD1	1920	67	2061
BRIX1	17	4	146
LOC124900961	90	483	1
DNAJC21	2196	3	2293
AGXT2	0	0	0
PRLR	3	2	1
LOC124901220	0	0	0
SPEF2	41	0	41
LOC105374724	0	0	0
IL7R	368	0	368
CAPSL	4	0	4
CAPSL-DT	0	0	0
UGT3A1	0	0	0
UGT3A2	3	0	3
LMBRD2	962	2	960
MIR580	2	0	2
SKP2	1915	233	1936
NADK2	1513	41	1746
NADK2-AS1	8	8	0
LOC124900962	1	20	1
RANBP3L	13	6	7
LOC124900963	0	0	0
SLC1A3	2261	0	2261
SLC1A3-AS1	32	31	1
NIPBL-DT	396	0	397
NIPBL	3195	22	3174
CPLANE1	1319	23	1315
CPLANE1-AS1	4	0	23
NUP155	3959	11	3948
WDR70	1187	2	1185
GDNF	0	0	0
GDNF-AS1	0	0	0
LINC02117	0	0	0
LINC02110	0	0	0
LINC02107	0	0	0
LOC105374730	0	0	0
LINC02119	0	0	0
LOC124900966	0	0	0
EGFLAM	859	15	967
EGFLAM-AS4	0	0	0
EGFLAM-AS2	0	0	0
EGFLAM-AS1	0	0	0
EGFLAM-AS5	38	15	31
LOC124900965	3	115	3
LIFR	2497	27	2496
LIFR-AS1	38	4	84
MIR3650	0	5	0
LOC105374735	0	0	0
OSMR-DT	158	3	157
LINC01265	0	0	0
LOC107986414	98	1	99
OSMR	9017	127	9012
RICTOR	1668	18	1772
FYB1	10	0	10
C9	0	0	0
DAB2	2247	0	2247
LINC02104	5	0	5
LINC00603	0	0	0
LINC00604	0	0	0
LOC105374736	0	0	0
LOC124900967	0	0	0
LOC105374737	0	0	0
LOC124900196	0	0	0
PTGER4	184	125	131
TTC33	635	0	701
PRKAA1	2262	2	2409
LOC124900968	21	169	1
LOC124900202	0	0	0
RPL37	13170	6	13164
SNORD72	7	0	7
CARD6	41	0	41
C7	0	0	0
MROH2B	0	0	0
LOC105374739	0	0	0
C6	0	0	0
LOC124900969	0	0	0
LOC102723740	0	0	0
PLCXD3	0	0	0
LOC105374740	0	0	0
OXCT1	5436	2	5750
LOC102723752	38	39	0
OXCT1-AS1	6	308	8
RIMOC1	1972	0	1972
FBXO4	486	1	485
LINC02996	0	0	0
GHR	0	0	0
CCDC152	0	8	0
SELENOP	3	0	11
LOC124900970	0	0	0
LOC124900971	0	0	0
LOC105374745	1	0	1
FLJ32255	2	0	4
LOC105374746	22	7	17
ANXA2R-OT1	274	62	392
LOC105374748	38	109	37
ANXA2R	75	17	77
ANXA2R-AS1	80	13	86
LOC100132356	79	54	34
LOC100506639	66	10	151
LOC124900972	9	12	0
ZNF131	1628	5	1623
NIM1K	5	0	5
HMGCS1	1592	0	1592
CCL28	19	0	19
TMEM267	460	0	465
C5orf34-AS1	1	133	1
C5orf34	547	4	829
LOC124900190	29	133	26
PAIP1	3921	3	3918
NNT-AS1	93	20	111
NNT	865	18	885
FGF10	0	0	0
FGF10-AS1	0	0	0
LINC02224	0	0	0
MRPS30-DT	70	0	73
MRPS30	2684	9	2678
LOC124901180	0	0	0
HCN1	0	0	0
EMB	0	0	0
PARP8	0	0	0
LOC124901181	0	0	0
LINC02106	0	0	0
LOC107986379	0	0	0
LOC124901206	0	0	0
ISL1-DT	30	0	30
ISL1	95	0	95
LOC105378959	0	0	0
LINC02118	0	0	0
LOC105378961	0	0	0
LOC105378962	0	0	0
PELO-AS1	9	479	7
ITGA1	1874	1	2121
PELO	849	2	1316
ITGA2-AS1	2	250	0
ITGA2	1284	4	1280
LOC124900974	6	4	2
MOCS2	568	7	561
MOCS2-DT	58	0	58
LOC107986380	0	0	0
LOC105378965	0	0	0
FST	13	0	13
NDUFS4	551	0	551
LOC124900975	5	0	5
LINC02105	0	0	0
ARL15	182	0	182
MIR581	0	0	0
LINC01033	0	0	0
HSPB3	28	0	28
SNX18	21	0	21
LINC02998	0	0	0
LOC105378969	0	0	0
LOC124900976	0	0	0
ESM1	0	0	0
LOC102467081	0	0	0
GZMK	0	0	0
LOC105378971	0	0	0
GZMA	0	0	0
CDC20B	0	0	0
GPX8	1198	0	1198
MIR449A	0	0	0
MIR449B	0	0	0
MIR449C	0	0	0
MCIDAS	110	6	135
LOC124900978	40	58	13
CCNO	631	0	634
CCNO-DT	10	65	6
DHX29	925	2	981
MTREX	1669	159	1841
LOC124900979	10	10	0
LOC107986415	0	0	0
LOC124900977	1	0	1
PLPP1	352	173	510
MIR5687	0	0	0
RNF138P1	8	0	8
LOC124900980	0	0	0
SLC38A9	314	0	314
DDX4	0	0	0
IL31RA	2	0	2
IL6ST	2799	0	2799
IL6ST-DT	7	0	7
LOC124901197	1	1	0
LOC105378976	0	0	0
ANKRD55	1	1	1
LOC101928419	1	0	2
LOC105378977	0	0	0
LINC01948	0	0	0
C5orf67	0	0	0
LOC105378979	0	0	0
MAP3K1	246	0	246
LOC105378980	0	0	0
SETD9	118	36	114
MIER3	681	13	700
LOC124900981	0	0	0
GPBP1	1535	1	1534
LOC107986381	0	0	0
RMEL3	0	0	0
ACTBL2	8	0	8
LNCBRM	0	0	0
LOC124901182	0	0	0
LOC101928505	0	0	0
LINC02225	0	0	0
LOC124901183	0	0	0
LOC124901202	0	0	0
LINC02101	0	0	0
LOC105378983	0	0	0
LOC105378984	0	0	0
PLK2	2562	0	2562
GAPT	0	0	0
MIR548AE2	0	0	0
LINC02108	0	0	0
RAB3C	1	0	1
PDE4D	3270	69	3204
PDE4D-AS1	1	0	1
LOC107986347	6	0	6
MIR582	0	0	0
LOC105378988	5	0	8
LOC107986350	1	1	0
PART1	0	0	0
DEPDC1B	241	0	241
LOC124900982	3	1	2
ELOVL7	0	0	0
ERCC8	125	0	166
ERCC8-AS1	5	46	0
NDUFAF2	368	6	362
SMIM15	690	0	834
SMIM15-AS1	1	144	1
LINC02057	14	0	14
LOC105378993	0	0	0
LOC105378994	1	1	1
ZSWIM6	641	0	642
LOC105378997	0	0	0
LINC03122	0	0	0
LINC03152	0	0	0
LINC03123	0	0	0
LOC124900983	0	0	0
LOC105378995	0	0	0
LOC105378998	0	0	0
LOC124900610	0	0	0
KIF2A	1200	269	1559
DIMT1	235	368	495
IPO11	344	0	344
IPO11-LRRC70	0	0	0
LRRC70	6	0	6
LOC107986416	0	0	0
LOC105378999	0	0	0
HTR1A	0	0	0
RNF180	0	0	0
RGS7BP	0	0	0
LOC124900984	0	0	0
SHISAL2B	0	2	0
SREK1IP1	558	0	560
LOC124900985	1	0	1
CWC27	575	0	575
LOC107986419	0	0	0
ADAMTS6	272	0	272
LOC124900986	166	0	166
CENPK	491	1	491
PPWD1	579	10	569
TRIM23	179	2	177
TRAPPC13	441	14	448
SHLD3	46	0	46
SGTB	193	10	204
NLN	855	2	853
ERBIN	1717	2	1716
LOC100303749	0	0	0
LOC124900212	0	0	0
LOC124900987	32	0	32
SREK1	1496	0	1496
LOC401191	1	0	1
LINC02065	0	0	0
LOC124901219	0	0	0
LOC124901205	0	0	0
LOC105379004	0	0	0
LOC124900988	1	0	1
LOC105379003	0	0	0
LOC105379002	0	0	0
LINC02229	0	0	0
MAST4	206	0	206
MAST4-AS1	5	0	5
CD180	4	0	4
TILRLS	2	0	2
LOC124900989	0	0	0
LOC101928819	1	0	1
LINC02242	0	0	0
LINC02997	0	0	0
LOC105379007	0	0	0
LOC107986420	0	0	0
LOC124900990	0	0	0
LINC02219	0	0	0
PIK3R1	5	0	5
LOC105379013	0	0	0
LOC105379012	0	0	0
LOC105379011	0	0	0
LOC105379010	0	0	0
LOC124900991	0	0	0
LOC124900198	0	0	0
LOC105379015	0	0	0
LOC107984116	0	0	0
LINC02198	0	0	0
SLC30A5	981	3	978
SNORA50D	0	0	0
CCNB1	3562	1	3564
LOC124901203	7	10	0
LOC112267932	7	0	7
CENPH	687	3	684
KGD4	167	0	167
CDK7	5	0	5
CCDC125	25	0	25
AK6	0	0	0
TAF9	0	0	0
RAD17	7	3	7
MARVELD2	4	0	4
LOC101928924	0	0	0
OCLN	0	0	0
SNORD13B-1	0	0	0
GTF2H2C	1	0	1
GUSBP3	0	0	0
LOC124900997	0	0	0
LOC105379623	0	0	0
LOC124900996	0	0	0
SERF1B	0	0	0
LOC107986372	0	0	0
SMN2	0	0	0
GUSBP14	1	0	1
LOC124900998	0	0	0
LOC105379021	0	0	0
GTF2H2B	0	0	0
GUSBP15	0	0	0
LOC441081	0	0	0
LOC124900992	0	0	0
LOC124900995	0	0	0
LOC105379020	0	0	0
LOC107986355	0	0	0
GUSBP16	5	0	5
LOC101929599	0	0	0
SERF1A	0	0	0
LOC107986373	0	0	0
SMN1	0	0	0
SMN1-AS1	0	0	0
NAIP	0	0	0
LOC112267942	0	0	0
GTF2H2	1	0	1
OCLNP1	0	0	0
SNORD13B-2	0	0	0
LOC124900994	0	0	0
GUSBP17	1	0	1
LOC124900993	0	0	0
LOC105379016	0	0	0
LINC02197	0	0	0
LOC105379025	0	0	0
PMCHL2	0	0	0
LOC107987420	0	0	0
BDP1	0	0	0
LOC124900999	0	0	0
MCCC2	2132	6	2126
CARTPT	0	0	0
LOC105379027	0	0	0
LOC107986382	0	0	0
LOC124901000	0	0	0
LOC105379028	4	0	4
MAP1B	9	6	3
MIR4803	0	0	0
MRPS27	3702	2	3702
LOC107986422	1	0	1
PTCD2	710	4	708
ZNF366	0	0	0
LOC102503427	0	0	0
TNPO1-DT	1	0	1
TNPO1	3613	8	3605
MIR4804	0	0	0
FCHO2-DT	16	0	16
FCHO2	529	6	523
LOC124901001	0	0	0
TMEM171	0	0	0
LOC105379030	0	0	0
TMEM174	0	0	0
LOC340090	0	0	0
LOC124901002	0	0	0
LOC105379031	0	0	0
LINC02230	0	0	0
LOC107986383	1	0	1
FOXD1	3	0	3
LINC01386	0	0	0
BTF3-DT	17	1	18
BTF3	9859	6	9855
ANKRA2	204	0	204
UTP15	446	0	446
ARHGEF28	305	0	305
LOC107986423	0	0	0
LOC105379034	0	0	0
LOC124901003	0	0	0
LINC02122	0	0	0
LOC105379035	0	0	0
LOC124901004	0	0	0
LINC01335	0	0	0
LINC01333	0	0	0
LINC01331	0	0	0
LOC124901005	0	0	0
ENC1	8	0	8
HEXB	4082	8	4131
GFM2	1508	59	1506
NSA2	2043	1	2065
FAM169A	10	32	1
FAM169A-AS1	0	0	0
LOC124900209	0	0	0
LOC105379039	0	0	0
LOC105379040	0	0	0
GCNT4	0	0	0
ANKRD31	2	0	2
LOC124901006	0	0	0
LOC124901007	0	0	0
HMGCR	1656	0	1656
CERT1	506	2	505
POLK	474	0	475
ANKDD1B	2	0	2
POC5	197	1	201
LOC441087	2	4	3
SV2C	0	0	0
SV2C-AS1	0	0	0
SV2C-AS2	0	0	0
IQGAP2	0	0	0
LOC101929109	0	0	0
F2RL2	0	0	0
NCRUPAR	0	0	0
F2R	115	0	115
LOC124901199	0	0	0
F2RL1	19	0	19
S100Z	0	0	0
CRHBP	0	0	0
AGGF1	778	6	772
ZBED3	750	5	796
SNORA47	1	0	1
PDE8B	775	48	729
ZBED3-AS1	6	0	6
LOC124901008	0	0	0
WDR41	805	19	788
LOC124901009	0	0	0
OTP	0	0	0
OTP-AS1	0	0	0
TBCA	1312	2	1310
LOC101929154	0	0	0
AP3B1	1778	0	1778
LOC124901010	2	0	2
SCAMP1-AS1	85	8	83
SCAMP1	1154	3	1157
LHFPL2	900	5	895
LOC124900191	0	0	0
ARSB	284	16	268
DMGDH	0	0	0
BHMT2	0	0	0
BHMT	0	0	0
LOC124901012	0	0	0
LOC124901011	7	0	7
LOC124900205	0	0	0
JMY	523	7	516
LOC102724530	4	0	4
LOC101929201	0	0	0
HOMER1	203	0	203
LOC107986426	0	0	0
LOC124901013	0	0	0
LOC105379047	0	0	0
LOC124901014	0	0	0
TENT2	659	1	658
CMYA5	9	0	9
LOC102724557	0	0	0
LOC105379048	0	0	0
LINC01455	0	0	0
MTX3	553	0	553
THBS4	1	0	1
THBS4-AS1	0	0	0
SERINC5	209	0	209
LOC124901201	0	0	0
LOC644936	0	0	0
LOC124900204	0	0	0
LOC124901015	0	0	0
SPZ1	0	0	0
CRSP8P	0	0	0
ZFYVE16	1048	268	841
FAM151B-DT	21	0	82
FAM151B	26	0	26
ANKRD34B	0	0	0
LINC01337	1	0	1
DHFR	1587	9	1596
MSH3	383	9	392
LOC107986428	15	0	15
RASGRF2-AS1	0	0	0
RASGRF2	23	23	2
LOC124901017	5	0	7
CKMT2	3	3	0
CKMT2-AS1	60	0	60
ZCCHC9	174	0	407
ACOT12	3	236	0
SSBP2	231	0	231
LOC107986384	0	0	0
LOC107986385	0	0	0
LOC124901018	0	0	0
ATG10	190	0	194
RPS23	9909	16	9897
ATP6AP1L	142	0	142
LOC124901019	1	1	0
LOC105379050	0	0	0
LOC124901020	0	0	0
MIR3977	0	0	0
LINC01338	0	0	0
LOC107986430	0	0	0
LOC105379051	0	0	0
LOC105379052	7	0	7
TMEM167A	1932	0	1932
SCARNA18	0	0	0
XRCC4	236	0	236
LOC105379053	0	0	0
VCAN	0	0	0
VCAN-AS1	0	0	0
LOC124901021	0	0	0
HAPLN1	0	0	0
LOC107986386	0	0	0
EDIL3	223	7	233
EDIL3-DT	2	10	9
LOC105379059	0	0	0
LOC101929321	0	0	0
LOC105379061	0	0	0
LOC105379062	5	3	2
LOC105379063	0	0	0
NBPF22P	0	0	0
LOC105379064	0	0	0
COX7C	2963	0	2963
SNORD138	3	0	3
LINC02059	0	0	0
MIR4280HG	0	0	0
LOC645261	0	0	0
LOC105379065	0	0	0
MIR4280	0	0	0
LOC101929380	0	0	0
LINC01949	0	0	0
RASA1	419	58	619
LOC124901022	3	0	3
CCNH	883	255	886
LOC644285	13	0	13
LOC105379066	0	0	0
LINC02144	0	0	0
LINC02488	0	0	0
LOC124901023	0	0	0
LOC105379070	0	0	0
TMEM161B	588	0	588
TMEM161B-DT	133	0	134
LOC124900200	0	0	0
LINC02060	2	3	0
MIR9-2HG	0	0	0
MIR9-2	0	0	0
MEF2C-AS2	0	0	0
GSCAR	0	0	0
MEF2C	0	0	0
MEF2C-AS1	0	0	0
LOC105379074	0	0	0
LOC105379073	0	0	0
LOC107986387	0	0	0
LINC02161	0	0	0
LOC124901184	0	0	0
LOC102724637	0	0	0
MIR3660	0	0	0
LINC01339	0	0	0
CETN3	187	0	187
LOC731157	0	0	0
MBLAC2	152	1	184
POLR3G	453	32	454
LYSMD3	335	2	333
ADGRV1	14	0	14
LOC105379077	0	0	0
LOC107986432	1	0	1
LOC107986433	0	0	0
LUCAT1	105	0	105
ARRDC3	1245	0	1245
ARRDC3-AS1	10	0	10
LOC107986434	0	0	0
LOC105379078	2	0	2
LOC105379080	0	0	0
LOC105379082	0	0	0
LINC02058	0	0	0
LOC107986388	0	0	0
LOC124901025	0	0	0
LOC105379083	0	0	0
NR2F1-AS1	98	534	142
LOC124901026	0	0	0
NR2F1	838	52	1364
LOC124901027	0	0	0
ARB2A	385	7	381
MIR2277	0	0	0
LOC124901028	0	0	0
POU5F2	0	0	0
LOC105379087	0	3	0
KIAA0825	235	14	255
SLF1	1939	29	1947
MCTP1	334	226	111
MCTP1-AS1	0	0	0
LOC105379085	0	0	0
LOC105379089	0	0	0
FAM81B	0	0	0
SKIC3	2042	3	2042
ARSK	199	0	202
GPR150	0	0	0
LOC112267933	0	0	0
RFESD	16	0	33
SPATA9	8	100	17
LOC105379090	0	0	0
RHOBTB3	1424	26	1490
GLRX	705	1	704
LOC124901029	1	1	1
LOC102724720	17	1	16
LINC01554	9	2	8
LOC105379091	1	2	1
ELL2	3379	0	3476
CAST	5999	131	8662
LOC101929710	0	0	0
LOC105379096	0	0	0
MIR583	0	0	0
LOC105379675	1	0	1
LOC124901032	0	0	0
LOC107986365	0	0	0
LOC124901034	1	0	1
PCSK1	449	0	449
LOC107986363	12	0	12
ERAP1	749	2816	771
LOC124901031	13	99	33
LOC124901033	5	17	7
ERAP2	94	0	94
LOC124901030	0	1	0
LNPEP	776	1	778
LIX1-AS1	0	0	0
LIX1	0	0	0
RIOK2	653	0	653
LINC01340	0	0	0
LINC02234	0	0	0
LINC01846	0	0	0
RGMB	382	22	370
RGMB-AS1	0	0	10
LOC105379099	1	0	1
CHD1	1197	4	1204
CHD1-DT	0	7	3
LOC100289230	48	0	49
LOC107986436	0	0	0
LINC02113	0	0	0
LOC105379101	0	0	0
GUSBP19	1	0	1
LOC105379100	0	0	0
FAM174A-DT	1	0	1
FAM174A	411	2	409
ST8SIA4	0	0	0
MIR548P	0	0	0
LOC107986437	0	0	0
LOC107986438	0	0	0
LOC105379102	0	0	0
SLCO4C1	0	0	0
SLCO6A1	0	0	0
LOC124901035	0	0	0
LOC124901036	0	0	0
LINC00492	0	0	0
LINC00491	0	0	0
LOC105379104	0	0	0
PAM	5427	0	5427
LOC105379105	0	0	0
GIN1	151	0	151
PPIP5K2	519	0	519
LOC124901037	0	0	0
MACIR	621	0	621
LINC02115	1	0	1
NUDT12	198	0	198
LOC105379107	0	0	0
LOC101930276	0	0	0
NIHCOLE	22	0	22
LOC105379109	0	0	0
RAB9BP1	0	0	0
LOC105379110	0	0	0
LINC01950	0	0	0
EFNA5	279	0	279
LOC124901038	0	0	0
LOC124901039	0	0	0
FBXL17	297	0	297
LOC105379114	0	0	0
LOC107986440	0	0	0
LINC01023	9	5	4
FER	643	7	648
LOC124901040	4	16	0
LOC285638	3	0	3
PJA2	1498	2	1496
LOC105379117	0	0	0
MAN2A1-DT	13	41	11
MAN2A1	1040	0	1079
LINC01848	1	0	1
LOC105379119	0	0	0
TMEM232	1	0	1
MIR548F3	0	0	0
LOC124900207	0	0	0
SLC25A46	979	1	978
LOC105379121	0	0	0
TSLP	0	0	0
WDR36	929	0	929
CAMK4	1	1	0
STARD4	574	2	602
STARD4-AS1	64	232	16
LOC105369177	0	0	0
LOC124901042	0	0	0
NREP	483	5	632
LOC105379122	0	0	0
NREP-AS1	0	0	0
EPB41L4A	804	137	773
EPB41L4A-AS1	461	5	466
SNORA13	8	0	8
LOC124901044	0	67	0
LOC101927023	0	0	0
EPB41L4A-DT	17	27	19
LOC124901043	0	0	0
LINC02200	0	0	0
LOC102467216	0	0	0
APC	815	0	815
SRP19	561	5	558
REEP5	1561	6	1560
LOC105379123	6	0	9
LOC105379126	0	0	0
DCP2	462	3	462
MCC	279	4	279
LOC124901045	0	1	0
LOC107986366	0	0	0
TSSK1B	0	0	0
LOC124901046	0	0	0
YTHDC2	1113	0	1113
LOC107986441	0	0	0
LOC105379127	0	0	0
LOC124901047	0	0	0
KCNN2	1	0	1
LOC101927078	0	0	0
LINC01957	0	0	0
TRIM36	72	0	72
PGGT1B	478	2	476
CCDC112	161	0	161
LOC105379129	0	0	0
LOC105379130	0	0	0
FEM1C	451	0	451
TMED7-TICAM2	0	0	0
TICAM2	0	0	0
TICAM2-AS1	3	4	0
TMED7	1307	0	1307
LOC102467217	0	0	0
LOC124901048	0	0	0
CDO1	0	0	0
LOC124901049	3	259	0
ATG12	536	0	792
AP3S1	1099	0	1099
LINCADL	0	0	0
LVRN	3	0	3
ARL14EPL	2	0	2
COMMD10	185	18	167
MIR12130	0	0	0
LOC101927190	0	0	0
SEMA6A	4	5	0
SEMA6A-AS1	1	0	2
SEMA6A-AS2	2	0	2
LINC02214	0	0	0
LOC105379133	0	0	0
LOC105379136	0	0	0
LOC105379135	0	0	0
LOC105379134	0	0	0
LOC105379137	0	0	0
LOC107986375	0	0	0
LOC105379138	0	0	0
LOC105379139	0	0	0
LINC00992	0	0	0
LOC124900192	0	0	0
LOC124901050	0	0	0
LINC02147	0	0	0
LOC124901051	0	0	0
LINC02148	0	0	0
LINC02208	0	0	0
LINC02216	0	0	0
LINC02215	0	0	0
LOC124901052	3	0	3
DTWD2	145	0	145
MIR1244-2	32	0	32
DMXL1-DT	0	0	0
LOC124901209	0	0	0
DMXL1	642	0	642
MIR5706	0	0	0
TNFAIP8	536	0	536
LOC102723444	9	1	8
HSD17B4	2700	0	2700
LOC107986444	0	0	0
LOC124901198	0	0	0
FAM170A	0	0	0
LOC105379144	0	0	0
LOC124901053	0	0	0
LOC124901054	0	0	0
PRR16	1	0	1
LOC105379147	0	0	0
LOC102467226	0	0	0
LOC105379150	0	0	0
LOC105379149	0	0	0
FTMT	0	0	0
LOC105379148	0	0	0
SRFBP1	200	1592	221
LOX	2640	48	4205
ZNF474-AS1	0	1	0
ZNF474	0	0	1
ZNF475	0	0	0
SNCAIP	0	0	0
SNCAIP-AS2	0	0	0
SNCAIP-AS3	0	0	0
LOC107986446	0	0	0
LOC105379151	0	0	0
LOC101927357	0	0	0
LINC02201	0	0	0
SNX2	2099	2	2097
LOC105379154	11	12	5
SNX24	377	130	384
LOC124901213	3	3	0
PPIC	104	2	233
PPIC-AS1	2	2	0
PRDM6-AS1	5	6	6
PRDM6	52	2	57
CEP120	417	0	417
CSNK1G3	463	1	462
LINC01170	0	0	0
LOC101927397	0	0	0
LOC107986448	0	0	0
LOC105379155	0	0	0
ZNF608	2	0	2
LOC105379156	0	0	0
LOC105379157	0	0	0
LOC107986391	0	0	0
LOC124901055	0	0	0
LOC105379158	0	0	0
LOC101927421	0	0	0
LOC124901056	0	0	0
LINC02240	0	0	0
LINC02039	0	0	0
LOC101927488	0	0	0
GRAMD2B	888	0	888
LOC101927514	0	0	0
ALDH7A1	1859	0	1859
PHAX	816	0	816
SPMIP10	1	0	1
LOC105379162	0	0	0
LMNB1-DT	0	0	0
LMNB1	1911	4	1907
MARCHF3	41	8	33
LOC105379163	1	0	1
C5orf63	0	0	0
LOC105379198	0	0	0
MEGF10	0	0	0
LOC124901057	0	0	0
LOC105379199	0	0	0
PRRC1	1110	0	1110
LOC124901058	3	3	0
CTXN3	0	0	0
LOC105379164	0	0	0
CCDC192	0	12	0
LOC124901059	1	1	0
SLC12A2-DT	106	0	118
SLC12A2	301	0	301
FBN2	2	0	2
LOC105379167	0	0	0
LOC105379168	0	0	0
SLC27A6	0	0	0
LOC102723638	0	0	0
LOC124901060	0	293	2
ISOC1	771	2	1064
MIR4633	0	0	0
LOC102723654	3	0	3
LOC105379169	0	0	0
MIR4460	0	0	0
ADAMTS19-AS1	0	0	0
ADAMTS19	0	0	0
MINAR2	0	0	0
CHSY3-AS1	0	0	0
CHSY3	0	0	0
LOC105379171	0	0	0
LOC107986449	0	0	0
LOC105379172	0	0	0
HINT1	3416	1	3415
LYRM7	189	0	189
LOC124901061	0	0	0
CDC42SE2	1121	1	1125
LOC105379173	12	6	11
RAPGEF6	348	0	348
FNIP1	357	0	357
MEIKIN	0	0	0
ACSL6	0	0	0
ACSL6-AS1	0	0	0
LOC124901062	0	0	0
LOC105379174	0	0	0
IL3	0	0	0
CSF2	0	0	0
P4HA2-AS1	0	160	0
P4HA2	1338	1	1497
MIR6830	0	0	0
PDLIM4	1	0	1
LOC124901063	0	0	0
SLC22A4	149	36	255
MIR3936HG	44	195	60
MIR3936	8	0	8
SLC22A5	778	5	842
CARINH	62	0	62
LINC02863	2	0	2
IRF1	619	2	617
IL5	0	0	0
RAD50	1075	0	1322
TH2LCRR	2	249	0
IL13	0	0	0
IL4	0	1	0
LOC105379176	0	0	1
KIF3A	179	0	179
CCNI2	1	1	0
SEPTIN8	671	5	666
SOWAHA	0	0	0
SHROOM1	329	1	328
LOC124901190	0	0	0
GDF9	18	143	18
UQCRQ	1442	0	1585
LEAP2	11	0	11
AFF4	1917	9	1908
AFF4-DT	1	0	1
ZCCHC10	229	0	229
HSPA4	5708	3	5705
LOC105379178	0	0	0
FSTL4	0	0	0
CTB-49A3.2	2	2	0
FSTL4-AS1	0	0	0
LOC124901068	0	0	0
CTB-3M24.3	0	0	0
MIR1289-2	0	0	0
LOC124901066	0	0	0
LOC124901210	0	0	0
WSPAR	0	0	0
LOC105379182	0	0	0
C5orf15	1319	0	1319
LOC105379183	0	0	0
VDAC1	10008	21	9987
LOC124901069	0	0	0
TCF7	5	1	4
SKP1	4933	0	4933
PPP2CA	3648	4	4415
MIR3661	0	772	2
PPP2CA-DT	10	0	10
CDKL3	67	163	56
UBE2B	628	1	779
CDKN2AIPNL	690	1	689
LINC02999	0	0	0
LINC01843	10	0	10
LOC124901070	7	3	6
JADE2	1069	17	1055
LOC124901191	0	1	0
SAR1B	848	0	848
SEC24A	589	7	582
LOC124901192	0	0	0
CAMLG	309	0	309
DDX46	2697	0	2697
C5orf24	968	0	968
TXNDC15	729	0	731
LOC124901071	1	2	1
PCBD2	140	1	139
CATSPER3	28	0	28
PITX1	2320	11	2334
PITX1-AS1	125	1385	107
EPIST	0	0	0
LOC124901072	1	0	1
LINC02900	4	4	0
MACROH2A1	2868	49	4161
DCANP1	0	0	0
TIFAB	0	0	0
LOC124901073	3	0	3
NEUROG1	0	0	0
CXCL14	0	0	0
SLC25A48	0	0	0
SLC25A48-AS1	0	0	0
MIR5692C1	0	0	0
LOC107986453	0	0	0
LOC124901074	0	0	0
IL9	0	0	0
FBXL21P	0	0	0
LECT2	0	0	0
LOC105379189	0	0	0
TGFBI	2183	0	2183
VTRNA2-1	0	0	0
SMAD5-AS1	1	0	10
SMAD5	965	9	965
SMIM32	0	0	0
TRPC7	0	0	0
TRPC7-AS1	0	0	0
TRPC7-AS2	0	0	0
LOC124901075	0	0	0
LOC124901076	10	0	10
CTB-1I21.1	76	0	76
SPOCK1	1062	1	1061
LOC105379192	0	0	0
KLHL3	64	0	65
MIR874	0	0	0
HNRNPA0	4732	13	4719
NPY6R	2	3	0
PKD2L2-DT	20	0	41
LOC107986368	0	3	0
MYOT	4	22	0
PKD2L2	4	180	0
FAM13B	405	5	591
FAM13B-AS1	1	10	4
LOC124901077	1	0	3
WNT8A	0	0	0
NME5	0	0	0
LOC124901208	0	0	0
BRD8	1767	0	1767
KIF20A	2190	4	2201
CDC23	821	14	822
GFRA3	1	0	1
CDC25C	233	39	234
LOC100128966	3	1	2
FAM53C	1211	7	1244
KDM3B	1794	0	1794
REEP2	2	0	2
EGR1	1106	0	1106
LOC124901078	0	0	0
ETF1	3752	0	3752
HSPA9	11507	3	13148
SNORD63B	2	0	2
SNORD63	1	0	1
LOC105379193	0	1644	0
LOC124901196	0	0	0
CTNNA1-AS1	19	3	18
CTNNA1	9591	6	9587
LRRTM2	1	1	0
SIL1	897	1	1184
LOC124901079	5	293	0
LOC124901080	1	1	0
LOC124901081	4	35	0
MATR3	5761	1	5760
SNHG4	614	1	635
SNORA74D	0	0	0
SNORA74A	0	0	0
PAIP2	2245	1	2246
SLC23A1	51	5	48
MZB1	1	0	1
PROB1	57	1	56
SPATA24	136	75	61
DNAJC18	0	0	0
LOC124901082	0	0	0
ECSCR	0	0	0
SMIM33	0	0	0
STING1	0	0	0
LOC124901083	7	0	7
UBE2D2	1308	3	1305
CXXC5	1220	1	1270
CXXC5-AS1	0	51	0
LOC124901084	0	0	0
LOC124901085	0	0	0
PSD2-AS1	0	0	0
PSD2	1	0	1
NRG2	15	0	15
LOC124900193	16	16	0
MALINC1	3	0	3
PURA	512	4	509
IGIP	207	0	207
LOC124901086	0	0	0
LOC101929719	1	0	1
CYSTM1	1511	2	1509
PFDN1	1157	0	1157
HBEGF	88	0	88
SLC4A9	5	0	5
ANKHD1-DT	30	0	30
LOC124901087	3	0	3
ANKHD1-EIF4EBP3	3	2	1
ANKHD1	28	2	26
EIF4EBP3	1	0	1
SRA1	920	14	907
APBB3	407	29	398
MIR6831	0	0	0
SLC35A4	0	0	0
LOC131768270	0	0	0
LOC112267855	0	0	0
LOC124900208	0	0	0
TMCO6	385	841	410
CD14	16	0	16
NDUFA2	20	38	855
IK	2848	0	2887
MIR3655	0	0	0
LOC124901088	4	133	2
WDR55	515	36	895
DND1	202	466	60
HARS1	1290	9	1281
HARS2	984	0	984
ZMAT2	1492	1	1491
LOC105378198	0	0	0
VTRNA1-1	0	0	0
VTRNA1-2	0	0	0
VTRNA1-3	0	0	0
PCDHA1	0	0	0
PCDHA2	0	0	0
PCDHA3	0	0	0
PCDHA4	0	0	0
PCDHA5	0	0	0
PCDHA6	0	0	0
PCDHA7	0	0	0
PCDHA8	0	0	0
PCDHA9	0	0	0
PCDHA10	0	0	0
LOC112267934	0	0	0
PCDHA11	0	0	0
PCDHA12	0	0	0
PCDHA13	0	0	0
PCDHAC1	0	0	0
PCDHAC2	0	0	0
LOC124901090	0	0	0
PCDHB1-AS1	0	0	0
PCDHB1	0	0	0
PCDHB2	0	0	0
PCDHB3	0	0	0
PCDHB4	0	0	0
PCDHB5	0	0	0
PCDHB6	0	0	0
PCDHB17P	0	0	0
PCDHB7	0	0	0
PCDHB8	0	0	0
PCDHB16	0	0	0
PCDHB9	0	0	0
PCDHB10	0	0	0
PCDHB11	0	0	0
PCDHB12	0	0	0
PCDHB13	0	0	0
PCDHB14	0	0	0
PCDHB18P	0	0	0
PCDHB19P	0	0	0
PCDHB15	0	0	0
LOC105378199	0	0	0
SLC25A2	0	0	0
TAF7	1737	0	1737
PCDHGA1	12	2	10
PCDHGA2	0	0	0
PCDHGA3	0	0	0
PCDHGB1	4	0	4
PCDHGA4	0	0	0
PCDHGB2	0	0	0
PCDHGA5	0	0	0
PCDHGB3	1	0	1
PCDHGA6	5	0	5
PCDHGA7	1	0	1
PCDHGB4	0	0	0
PCDHGA8	0	0	0
PCDHGB5	0	0	0
PCDHGA9	0	0	0
PCDHGB6	1	0	1
PCDHGA10	2	0	2
PCDHGB7	9	0	9
PCDHGA11	5	0	5
PCDHGB8P	0	0	0
PCDHGA12	1	0	1
PCDHGC3	0	0	0
PCDHGC4	0	0	0
PCDHGC5	0	0	0
DIAPH1	3476	2	3830
LOC124901091	5	361	0
DIAPH1-AS1	0	0	0
HDAC3	1119	8	1111
RELL2	33	63	74
FCHSD1	238	41	301
ARAP3	671	0	671
LOC124901092	0	0	0
LOC124901093	0	0	0
LOC124901094	0	0	0
LOC107986454	1	0	1
PCDH1	890	0	890
LOC729080	0	0	0
DELE1	1247	3	1245
PCDH12	45	29	18
RNF14	871	0	873
LOC124901095	3	5	0
GNPDA1	759	1	758
LOC105378204	1	0	1
NDFIP1	1977	0	1978
LOC107986455	7	8	0
LOC124901096	6	0	6
SPRY4	24	0	24
SPRY4-IT1	0	0	0
SPRY4-AS1	1	0	1
FGF1	0	0	0
LOC124901195	0	0	0
LINC01844	0	0	0
ARHGAP26	351	0	373
ARHGAP26-AS1	0	0	0
LOC107986457	0	0	0
LOC124901097	0	22	0
LOC124901098	0	0	0
ARHGAP26-IT1	0	0	0
LOC124901099	1	1	0
LOC124901100	0	0	0
NR3C1	1466	1	1465
LOC128966704	6	6	0
LOC105378208	0	0	0
LOC105378209	1	0	1
LOC105378210	0	0	0
MIR5197	0	0	0
HMHB1	0	0	0
YIPF5	901	0	901
KCTD16	2	0	2
PRELID2	3	0	3
LOC105378211	0	0	0
GRXCR2	0	0	0
LOC107986458	2	2	0
SH3RF2	259	0	259
LOC107986459	0	0	0
PLAC8L1	13	2	11
LARS1	3605	3	3602
RBM27-POU4F3	0	0	0
RBM27	393	0	393
POU4F3	0	0	0
LOC105378213	0	0	0
TCERG1	2098	2	2096
GPR151	0	0	0
PPP2R2B-AS2	1	0	1
PPP2R2B	107	4	103
LOC107986461	2	0	2
PPP2R2B-IT1	0	0	0
LOC105378214	0	0	0
STK32A-AS1	0	0	0
STK32A	0	0	0
DPYSL3	0	0	0
JAKMIP2-AS1	0	0	0
JAKMIP2	0	0	0
LOC105378218	0	0	0
SPINK1	8	0	22
LOC124901101	8	22	0
SCGB3A2	138	0	138
C5orf46	6	0	6
SPINK5	70	0	70
LOC124901185	0	0	0
SPINK14	0	0	0
SPINK6	97	0	97
MARCOL	110	0	112
FBXO38-DT	44	163	1
SPINK13	152	0	260
SPINK7	0	0	0
SPINK9	0	0	0
FBXO38	990	0	990
HTR4	0	0	0
LOC107986462	0	0	0
ADRB2	27	0	27
SH3TC2	33	1	32
MIR584	0	0	0
SH3TC2-DT	0	0	0
ABLIM3	13	0	13
LOC124901102	0	0	0
AFAP1L1	216	1	215
LOC124901103	3	0	3
GRPEL2	389	0	424
GRPEL2-AS1	0	35	0
PCYOX1L	258	1	257
IL17B	0	0	0
LOC101927046	0	0	0
CARMN	0	0	0
MIR143	0	0	0
MIR145	0	0	0
CSNK1A1	1908	2	1906
LOC124901105	0	0	0
ARHGEF37	259	0	259
LOC124901104	5	5	0
LOC124901221	0	0	0
LOC105378224	0	0	0
PPARGC1B	357	0	357
MIR378A	0	0	0
PDE6A	1	0	1
MFFP2	1	0	1
SLC26A2	295	1	294
TIGD6	115	3	114
HMGXB3	1593	10	1585
LOC124901207	13	13	0
CSF1R	206	1	205
PDGFRB	187	0	187
CDX1	1	0	1
SLC6A7	1	0	1
CAMK2A	12	0	12
ARSI	33	0	33
LOC105378225	0	0	0
LOC105378226	0	0	0
TCOF1	2345	5	2340
CD74	1	0	1
LOC124901106	1	0	1
RPS14	14380	6	14374
NDST1-AS1	3	13	2
NDST1	1839	1	1850
LOC124901211	0	0	0
SYNPO	2008	1	2007
LOC124901108	0	0	0
LOC124901107	4	1	3
MYOZ3	2	1	1
MYOZ3-AS1	0	0	0
RBM22	1083	0	1083
DCTN4	1103	0	1103
LOC124901110	0	0	0
SMIM3	0	0	0
IRGM	0	0	0
LOC124901113	0	0	0
LOC124901111	0	0	0
ZNF300	327	0	327
LOC124901112	0	0	0
ZNF300P1	1	0	1
LOC124901114	0	0	0
LOC105378228	4	0	4
GPX3	9	9	0
TNIP1	1883	3	1880
ANXA6	1761	1	1760
LOC107986463	0	0	0
CCDC69	0	0	0
LOC105378230	0	0	0
LOC124901115	0	0	0
GM2A	910	0	910
SLC36A3	0	0	0
SLC36A2	0	0	0
SLC36A1	124	2	122
LOC105378234	0	0	0
FAT2	4	4	0
MIR6499	0	0	0
LOC105378231	0	0	0
LOC124901116	0	0	0
SPARC	34	0	39
CLMAT3	0	5	0
ATOX1	302	0	308
ATOX1-AS1	1	7	0
LOC100652758	51	103	51
G3BP1	3005	3	3105
GLRA1	0	0	0
LINC01933	0	0	0
LOC105378236	0	0	0
LOC105378237	0	0	0
NMUR2	0	0	0
LINC01470	0	0	0
LOC124901117	0	0	0
GRIA1	0	0	0
LINC01861	0	0	0
LOC107986464	0	0	0
LOC107983980	0	0	0
FAM114A2	353	0	353
MFAP3	876	0	876
LOC124901118	0	0	0
GALNT10	731	14	717
LOC107986465	4	0	4
MIR1294	0	0	0
SAP30L-AS1	4	0	4
SAP30L	713	0	713
HAND1	0	0	0
MIR3141	0	0	0
LARP1	4132	8	4131
MIR1303	0	0	0
LOC112267936	9	0	14
FAXDC2	86	20	70
MIR378H	1	0	1
CNOT8	2100	0	2102
LOC124901119	3	3	0
GEMIN5	1041	1	1041
MRPL22	612	0	613
KIF4B	0	0	0
LOC105378239	0	0	0
SGCD	0	0	0
LOC124901120	0	0	0
LOC105377673	0	0	0
PPP1R2B	3	0	3
TIMD4	0	0	0
HAVCR1	0	0	0
HAVCR2	5	0	5
MED7	199	0	199
GARIN3	0	0	0
ITK	0	0	0
CYFIP2	0	0	0
FNDC9	0	0	0
NIPAL4-DT	0	0	0
NIPAL4	0	0	0
ADAM19	1	0	1
LOC124901121	0	0	0
SOX30	0	0	0
LOC105377675	0	0	0
C5orf52	0	0	0
LOC105377676	0	0	0
THG1L	226	0	226
LSM11	397	0	397
CLINT1	1916	1	1915
LOC107986466	0	0	0
LOC105377677	0	0	0
LOC105377678	0	0	0
LINC02227	0	0	0
LOC124901122	0	0	0
EBF1	75	0	75
LINC02202	4	0	4
LOC107986467	1	0	1
RNF145	2091	4	2095
LOC107986468	0	6	2
LINC01932	0	0	0
LOC124900203	0	0	0
UBLCP1	489	0	489
LOC105377683	0	0	0
IL12B	0	0	0
IL12B-AS1	0	0	0
LINC01845	0	0	0
LOC124901123	0	0	0
LOC105377685	0	0	0
LOC105377684	0	0	0
LOC105377687	0	0	0
LOC105377688	0	0	0
LINC01847	0	0	0
ADRA1B	0	0	0
LOC101927790	0	0	0
TTC1	857	0	857
LOC124901124	12	0	12
PWWP2A	373	5	368
FABP6	0	0	0
FABP6-AS1	0	0	0
CCNJL	28	0	28
LOC105377691	0	0	0
C1QTNF2	6	0	6
FAM200C	81	0	81
SLU7	1092	0	1092
PTTG1	2183	0	2183
MIR3142HG	0	0	0
MIR3142	0	0	0
MIR146A	0	0	0
ATP10B	1	1	0
LINC02159	0	0	0
LOC105377693	0	0	0
GABRB2	0	0	0
LOC105377694	0	0	0
GABRA6	0	0	0
GABRA6-AS1	0	0	0
LOC105377696	0	0	0
GABRA1	0	0	0
LINC01202	0	0	0
GABRG2	0	0	0
LOC105377697	0	0	0
LOC105377698	0	0	0
LOC105377699	0	0	0
LOC105377700	0	0	0
LOC124901125	0	0	0
CCNG1	2161	347	2176
NUDCD2	370	23	709
HMMR	729	0	1026
HMMR-AS1	0	297	0
MAT2B	1350	2	1348
LOC102724458	0	0	0
LINC03000	0	0	0
LINC02143	0	0	0
LOC102546299	0	0	0
LOC105377702	0	0	0
LINC01938	0	0	0
LOC105377705	0	0	0
LOC105377706	0	0	0
LINC01947	0	0	0
TENM2	7	4	6
LOC101927908	0	0	0
TENM2-AS2	0	0	0
LOC124901126	0	0	0
TENM2-AS4	0	0	0
TENM2-AS3	2	0	2
MIR12125	0	0	0
LOC124901128	0	0	0
TENM2-AS1	14	0	17
WWC1	1776	1	1775
LOC124901129	0	0	0
RARS1	3272	0	3272
FBLL1	1	0	1
PANK3	2461	0	2461
MIR103A1	0	0	0
MIR103B1	0	0	0
SLIT3	3	3	0
SLIT3-AS2	0	0	0
MIR218-2	0	0	0
LOC105377713	0	0	0
LOC107986472	0	0	0
LOC124901130	0	0	0
SLIT3-AS1	0	0	0
LOC105377712	0	0	0
MIR585	0	0	0
LOC124901131	0	0	0
LOC105377714	0	0	0
LOC105377715	0	0	0
SPDL1	2025	0	2025
DOCK2	1	0	1
INSYN2B	0	0	0
MIR378E	0	0	0
FOXI1	0	0	0
LINC01187	0	0	0
C5orf58	0	0	0
LCP2	0	0	0
LOC100128059	0	0	0
LINC01366	3	0	3
KCNIP1	0	0	0
KCNMB1	0	0	0
KCNIP1-OT1	0	0	0
LOC124901132	0	0	0
KCNIP1-AS1	0	0	0
LOC107986473	0	0	0
LOC107986474	0	0	0
LOC107986475	0	0	0
GABRP	0	0	0
RANBP17	271	6	265
LOC124901133	0	0	0
TLX3	284	0	284
SNORA70J	0	0	0
MIR3912	0	0	0
NPM1	23235	7	23228
FGF18	6	1	5
LOC105377721	0	0	0
LOC105377720	3	0	3
LOC105377722	0	0	0
LOC107986392	2	0	2
LOC124901134	0	0	0
LOC105377724	0	0	0
LOC105377723	0	0	0
SMIM23	0	0	0
LOC105377725	1	0	1
LOC107986476	0	0	0
FBXW11	1376	0	1376
STK10	768	5	763
EFCAB9	0	0	0
UBTD2	497	0	497
LOC124900201	0	0	0
LOC100288254	0	0	0
SH3PXD2B	1488	1	1487
LOC105377727	0	0	0
LOC107984004	0	0	0
LINC01944	0	0	0
LOC105377729	0	0	0
LOC107986478	0	0	0
NEURL1B	115	0	115
MIR5003	0	0	0
LOC107986479	0	0	0
LOC101928093	0	0	0
DUSP1	8929	3	8926
LOC105377730	2	0	2
ERGIC1	8121	5	8116
LOC124901135	1	1	0
MIR10523	0	0	0
RPL26L1	416	2	418
RPL26L1-AS1	10	3	11
ATP6V0E1	1567	0	1567
SNORA74B	0	0	0
CREBRF	118	0	118
BNIP1	139	0	139
NKX2-5	0	0	0
LOC105377731	0	0	0
LOC124901136	0	0	0
MIR12118	0	0	0
STC2	392	0	392
LOC124901137	3	0	3
MIR8056	0	0	0
LOC105377732	0	0	0
LOC105377733	0	0	0
LINC02995	2	2	0
BOD1	640	0	640
LINC01863	0	0	0
LINC01942	2	2	0
LINC01484	4	0	4
LOC107984118	22	0	22
LOC124901138	0	0	0
LOC107986482	0	0	0
LINC01485	0	0	0
CPEB4	531	0	531
C5orf47	0	0	0
NSG2	0	0	0
LOC102724551	0	0	0
LOC124901139	0	0	0
LINC01411	36	0	36
LOC105377739	0	0	0
LOC105377740	0	0	0
MSX2	0	0	0
MIR4634	0	0	0
LOC105377742	0	0	0
LINC01951	0	0	0
LOC107986484	0	0	0
DRD1	0	0	0
LOC124901204	0	0	0
SFXN1	1945	3	1942
HRH2	0	0	0
LOC105377743	0	0	0
LOC124901140	0	0	0
CPLX2	0	0	0
LOC105377744	0	0	0
THOC3	695	0	695
THOC3-AS1	0	0	0
LOC124900194	0	0	0
LOC124901141	0	0	0
LOC100996385	0	0	0
FAM153B	0	0	0
LOC107986487	0	0	0
CEP192P1	3	0	3
SIMC1	36	0	36
KIAA1191	1941	1	1940
ARL10	2	0	2
MIR1271	0	0	0
NOP16	953	1	956
HIGD2A	1485	7	1482
CLTB	805	1	804
FAF2	1848	0	1848
LOC124901142	0	0	0
RNF44	978	3	979
LOC124901143	5	8	1
CDHR2	10	29	0
GPRIN1	398	0	417
SNCB	0	0	0
MIR4281	0	0	0
EIF4E1B	0	0	0
TSPAN17	843	0	843
LOC124901144	2	0	2
LINC01574	0	0	0
UNC5A	153	1	152
HK3	0	0	0
UIMC1	646	0	646
LOC124901145	1	0	1
ZNF346	296	0	296
FGFR4	571	0	571
NSD1	1687	2	1685
RAB24	446	9	438
PRELID1	1443	2	3456
MXD3	304	2015	303
LMAN2	4982	0	4982
RGS14	103	2	101
SLC34A1	0	0	0
PFN3	0	0	0
F12	145	0	145
GRK6	734	16	718
PRR7-AS1	26	10	23
PRR7	394	6	395
DBN1	2355	3	2352
PDLIM7	1897	0	1897
DOK3	165	0	165
DDX41	2630	6	2624
FAM193B	763	8	755
FAM193B-DT	1	0	1
TMED9	3515	1	3514
B4GALT7	430	0	436
SIMC1P1	4	10	0
LOC107986489	0	0	0
FAM153A	2	0	2
LOC105377752	0	0	0
LOC105377753	0	0	0
LOC728554	0	0	0
LOC124901146	0	0	0
LOC100128340	0	0	0
PROP1	0	0	0
FAM153CP	0	0	0
LOC124901147	11	0	11
LOC105377754	1	0	1
N4BP3	575	1	574
RMND5B	935	1230	1034
NHP2	755	134	1950
GMCL2	0	0	0
HNRNPAB	3656	37	4556
PHYKPL	462	954	445
LOC112267937	0	0	0
COL23A1	0	0	0
LOC105377757	0	0	0
LOC124901148	0	0	0
CLK4	282	0	282
MSANTD5	0	0	0
ZNF354A	59	0	59
AACSP1	0	0	0
ZNF354B	99	0	99
LOC107986493	0	0	0
ZFP2	2	0	2
ZNF454-DT	0	0	0
ZNF454	1	0	1
GRM6	0	0	0
ZNF879	0	0	0
ZNF354C	1	1	0
ADAMTS2	0	0	0
LOC124900195	0	0	0
LOC105377759	0	0	0
LOC124901149	0	0	0
LOC107986494	0	0	0
LOC124901224	0	0	0
LOC128966623	0	0	0
LOC100289470	0	0	0
LOC105377762	1	0	1
RUFY1	1	0	1
RUFY1-AS1	0	0	0
HNRNPH1	273	0	273
SPATA31J1	1	0	1
LOC100502572	0	0	0
LOC105377763	2	0	2
CBY3	0	0	0
CANX	1019	0	1019
MAML1	13	0	13
LTC4S	0	0	0
MGAT4B	18	1	17
MIR1229	0	0	0
SQSTM1	0	0	0
MRNIP	0	0	0
MRNIP-DT	0	0	0
TBC1D9B	84	0	84
RNF130	425	0	670
LOC124901150	0	245	0
MIR340	0	0	0
RASGEF1C	5	0	5
MAPK9	1087	1	1086
LOC124901151	57	0	57
GFPT2	853	1	852
LOC124901152	16	0	16
LOC124901153	2	0	5
LOC102725231	21	3	21
CNOT6	1300	2	1298
SCGB3A1	0	0	0
LOC124901154	0	0	0
FLT4	2	0	2
LINC02222	0	0	0
OR2Y1	0	0	0
MGAT1	1671	9	1662
ZFP62	403	0	403
HEIH	0	0	0
LINC00847	36	78	35
LOC124901155	0	0	0
BTNL8	0	0	0
BTNL3	0	0	0
BTNL9	0	0	0
MIR8089	0	0	0
TRV-CAC1-2	0	0	0
TRL-AAG1-1	0	0	0
TRL-AAG1-2	0	0	0
TRV-CAC1-3	0	0	0
OR2V1	0	0	0
OR2V2	0	0	0
TRV-AAC1-2	0	0	0
TRV-AAC1-3	0	0	0
TRV-CAC1-4	0	0	0
TRL-AAG1-3	0	0	0
TRL-AAG2-1	0	0	0
TRV-AAC2-1	3	1	2
TRP-TGG3-1	1	0	1
LINC01962	4	6	3
TRT-TGT6-1	0	0	0
TRIM7-AS2	22	140	33
TRIM7	235	25	372
TRIM7-AS1	6	14	12
TRA-TGC3-1	2	2	0
TRK-CTT2-2	3	0	3
TRV-AAC1-4	1	1	0
TRK-CTT2-3	0	0	0
TRV-CAC1-5	0	0	0
MIR4638	1	1	0
TRIM41	1095	18	1079
RACK1	27016	14	27024
SNORD96A	29	0	29
SNORD95	6	0	6
CTC-338M12.4	70	57	127
TRIM52	353	244	207
TRIM52-AS1	43	5	42
LOC100132062	1	0	1
OR4F3	1	0	1
LOC124901156	1	0	1
LOC124901157	0	0	0
LOC107986552	0	0	0
SEPTIN14P6	0	0	0
LIRIL2R	0	0	0
LINC03066	0	0	0
LOC105374870	0	0	0
DUSP22	366	0	366
IRF4	1	0	1
EXOC2	985	0	985
HUS1B	3	0	3
LOC105374873	0	0	0
LOC101927691	1	0	1
LOC124901236	0	0	0
LINC01622	6	0	6
LOC124901237	0	0	0
LOC124901532	0	0	0
LOC105374879	4	0	4
FOXQ1	0	0	0
FOXF2-DT	43	153	44
FOXF2	247	5	496
MIR6720	0	0	0
LOC102723944	29	1	28
LOC105374883	1	0	1
LOC124901238	0	0	0
LOC107986555	1	0	1
FOXCUT	9	9	0
FOXC1	842	5	837
GMDS	855	0	855
LOC107986514	0	0	0
LOC124901239	6	0	6
LOC107986512	0	0	0
GMDS-DT	31	2	29
LINC01600	6	3	4
LINC02521	1	1	1
MYLK4	6	655	6
LOC124901240	1	0	1
WRNIP1	943	2	1596
LOC124901241	1	1	0
SERPINB1	2958	2	2956
MIR4645	2	1	1
SERPINB9P1	50	0	50
SERPINB9-AS1	0	0	0
SERPINB9	0	0	0
SERPINB6	5140	5	5135
LINC01011	36	47	106
NQO2-AS1	12	70	59
NQO2	1598	6	2242
HTATSF1P2	135	766	29
LOC101927759	57	0	60
LOC124901242	4	0	4
RIPK1	738	45	875
LOC107986556	9	188	3
BPHL	328	0	328
TUBB2A	74	0	75
LOC105374889	0	1	0
LINC02525	0	0	0
TUBB2B	0	0	0
LOC100422781	0	0	0
PSMG4	414	0	414
SLC22A23	196	44	157
LOC105374890	0	0	0
LOC643327	0	5	0
LOC100507336	3	0	3
PXDC1	786	27	759
LOC124901244	0	0	0
FAM50B	50	0	50
LOC107986557	0	0	0
TGILR	5	0	5
LOC124901245	77	4	73
PRP4K	2513	0	2513
FAM217A	0	0	0
TEX56P	12	1806	1
ECI2	612	1	2406
ECI2-DT	1	0	1
LOC107986559	0	0	0
LOC124901246	2	0	2
LOC102724096	1	1	0
LOC101927888	0	0	0
LOC107986560	0	0	0
LOC105374894	0	0	0
LOC107986561	0	0	0
LOC124901247	0	0	0
LINC02533	0	0	0
KU-MEL-3	0	0	0
CDYL	858	3	855
CDYL-AS1	0	0	0
LOC105374897	7	0	7
RPP40	127	13	170
LYRM4-AS1	15	45	27
LOC124901248	0	0	0
LYRM4	510	11	502
PPP1R3G	11	0	11
MIR3691	0	0	0
LOC124901249	0	0	1
FARS2	521	5	519
FARS2-AS1	1	1	0
LOC101927950	3	3	0
LOC124901250	2	0	2
LOC124901251	0	0	0
LOC124901252	0	0	0
LOC107986516	1	0	1
LOC105374898	0	0	0
NRN1	0	1	0
F13A1	0	0	0
MIR7853	0	0	0
MIR5683	0	0	0
LOC124901253	0	0	0
LY86-AS1	1	0	1
LY86	0	0	0
LOC101928004	11	1	10
LOC101928047	1	0	1
LOC105374901	0	0	0
LOC124901254	0	0	0
LOC105374903	20	0	20
LINC03055	56	0	56
LOC105374904	0	0	0
RREB1	1592	5	1588
SSR1	6020	3	6018
CAGE1	8	3	8
RIOK1	629	0	632
LOC102724234	0	0	0
DSP-AS1	64	3	61
DSP	11116	9	11107
SNRNP48	942	0	942
LOC105374906	6	0	6
BMP6	1162	426	1270
BLOC1S5-TXNDC5	0	100	0
TXNDC5	31	0	31
PIP5K1P1	1	1	0
EEF1E1-BLOC1S5	0	0	0
BLOC1S5	0	0	0
EEF1E1	80	0	80
SCARNA27	1	0	1
LOC105374910	1	0	1
LOC105374911	0	0	0
SLC35B3	423	0	423
LOC100506207	1	0	1
HULC	1	0	1
LOC112267952	0	0	0
LOC105374914	0	0	0
LOC107986562	0	0	0
LOC124901255	0	0	0
LOC124901484	1	1	0
OFCC1	0	0	0
LOC105374919	0	0	0
LOC124900218	0	0	0
LOC105374918	0	0	0
LOC105374920	0	0	0
LOC105374921	0	0	0
LOC124901485	6	0	6
TFAP2A	1861	53	2998
TFAP2A-AS2	186	1012	49
TFAP2A-AS1	45	281	62
LOC107986564	0	1	4
LINC00518	31	10	50
MIR5689HG	2	20	6
MIR5689	0	0	0
LINC02522	1	0	1
LOC101928146	0	0	0
GCNT2	0	0	0
C6orf52	0	0	0
PAK1IP1	0	0	0
TMEM14C	0	0	0
TMEM14B-DT	7	2	6
TMEM14B	1714	0	1729
MAK	26	39	2
GCM2	0	0	0
SYCP2L	2	0	2
LOC101928191	0	0	0
ELOVL2	0	0	0
ELOVL2-AS1	0	0	0
SMIM13	979	1	978
ERVFRD-1	0	0	0
NEDD9	359	0	359
LOC124901256	1	0	1
LOC105374925	4	0	4
LOC105374927	0	0	0
LOC105374928	0	0	0
LOC105374929	0	0	0
TMEM170B	281	0	281
LOC340184	0	0	0
LOC124900221	0	0	0
ADTRP	24	0	24
LOC124901258	0	0	0
LOC107986567	0	2	0
LOC124901257	0	0	2
LOC102724379	0	0	0
LOC107986570	0	0	0
LOC101928253	0	0	0
HIVEP1	735	0	735
EDN1	163	7	156
LOC124901260	0	0	0
LOC105374931	0	0	0
LINC02530	0	0	0
LOC107984015	0	0	0
PHACTR1	2	2	0
LOC105374935	0	0	0
LOC105374934	0	0	0
LOC124901262	0	0	0
LOC105374933	0	0	0
TBC1D7-LOC100130357	3	0	3
LOC100130357	14	0	14
TBC1D7	2	0	2
LOC124901261	1	0	1
LOC105374936	0	0	0
GFOD1	687	7	709
GFOD1-AS1	0	26	3
LOC105374937	29	2	29
SIRT5	119	48	261
LOC105374938	2	31	1
LOC124901263	0	94	47
NOL7	1583	368	1620
RANBP9	942	44	1303
LOC124901523	0	0	0
LOC124901264	0	0	0
MCUR1	985	2	1197
LOC107986571	2	212	4
RNF182	291	0	291
LOC105374939	0	0	0
LOC124901265	0	0	0
CD83	1120	0	1120
LOC105374940	0	0	0
LINC01108	0	0	0
LOC124901266	0	0	0
LOC105374943	0	0	0
LOC105374942	0	0	0
LOC101928331	3	0	3
LOC101928354	0	0	0
LOC102724463	0	0	0
LOC105374945	0	0	0
LOC105374946	0	0	0
JARID2-DT	19	0	19
JARID2	659	7	652
JARID2-AS1	0	0	0
DTNBP1	190	0	397
LOC105374947	5	207	2
DTNBP1-AS1	1	2	1
LOC102724520	0	0	0
LOC105374948	0	0	0
LOC105374949	0	0	0
LINC02543	0	0	0
MYLIP	202	0	202
MIR4639	2	0	2
GMPR	0	0	0
ATXN1	457	3	455
LOC127903862	0	0	0
ATXN1-AS1	71	4	68
LOC124901268	0	0	0
LOC107986573	0	0	0
LOC105374951	0	0	0
LOC124901269	0	0	0
LOC101928463	0	0	0
STMND1	0	0	0
RBM24	0	0	0
CAP2	505	0	505
LOC101928491	0	0	0
LOC102724591	1	0	1
FAM8A1	560	0	560
NUP153	1714	40	1756
NUP153-AS1	7	44	45
KIF13A	1880	0	1910
LOC105374953	0	30	0
NHLRC1	0	0	0
TPMT	874	0	874
KDM1B	472	1	471
DEK	4703	0	4721
LOC124901270	1	18	1
RNF144B	79	0	79
LOC124901544	0	0	0
LOC124901271	0	0	0
LOC105374955	0	0	0
MIR548A1HG	0	0	0
MIR548A1	0	0	0
LOC105374957	0	0	0
TRQ-CTG1-1	0	0	0
LOC105374958	0	0	0
LOC101928519	0	0	0
LOC105374961	0	0	0
LOC107986575	2	0	2
LOC105374960	0	0	0
LNC-LBCS	1	0	1
LOC105374963	0	0	0
ID4	0	0	0
LOC105374965	4	0	4
MBOAT1	387	0	387
LOC101928573	0	0	0
LOC124901272	0	0	0
LOC124901482	5	16	10
E2F3	842	5	858
E2F3-IT1	0	0	0
CDKAL1	267	1	314
LOC124901273	1	0	1
LOC105374968	6	0	6
LOC105374966	0	0	0
LOC107986578	1	49	0
LINC00581	0	0	0
LOC107986579	0	0	0
SOX4	719	13	706
LOC124901483	0	0	0
CASC15	12	0	12
LOC124901274	0	0	0
LOC105374970	0	0	0
NBAT1	0	0	0
LOC124901275	1	0	1
PRL	0	0	0
LOC105374971	0	0	0
HDGFL1	0	0	0
LINC03005	0	0	0
LOC105374973	0	0	0
LOC102724736	0	0	0
LOC105374974	0	0	0
LOC105374976	0	0	0
LOC102724749	0	0	0
LOC105374975	0	0	0
LOC124901276	0	0	0
NRSN1	0	0	0
LOC124900220	0	0	0
DCDC2	0	0	0
KAAG1	0	0	0
MRS2	739	3	1139
GPLD1	13	432	16
ALDH5A1	85	2	183
LOC124901277	0	68	0
KIAA0319	48	0	48
TDP2	924	0	924
ACOT13	917	80	857
LOC124901279	2	2	0
LOC124901278	8	6	2
C6orf62	2709	10	2719
LINC02828	0	0	0
GMNN	1746	3	1743
LOC124901280	1	1	0
ARMH2	0	0	0
RIPOR2	6	0	6
LOC105374981	0	0	0
LOC102724765	2	2	0
CMAHP	272	0	272
LOC124901282	0	0	0
UBE2D3P5	0	0	0
LOC124901283	0	0	0
LOC101928663	0	0	0
CARMIL1	1031	0	1031
LOC124901281	0	0	0
SCGN	0	0	0
LOC124901284	0	0	0
SLC17A1	0	0	0
H2AC1	0	0	0
H2BC1	0	0	0
H2AC2P	0	0	0
SLC17A4	0	0	0
LOC124901285	0	0	0
SLC17A3	0	0	0
SLC17A2	0	0	0
TRIM38	562	0	562
LINC02980	55	0	55
H1-1	0	0	0
H3C1	6	0	6
H4C1	5	0	5
H4C2	0	0	0
H3C2	81	0	81
H2AC4	2	0	2
H2BC3	0	0	0
H3C3	0	0	0
H1-2	1383	0	1383
HFE-AS1	1	45	2
HFE	280	1	325
H4C3	6	0	6
H1-6	1	0	1
H2BC4	57	0	57
H2AC6	273	1	272
H1-4	19	6	13
H2BC5	159	1	158
H2BC6-AS1	19	12	7
H2BC6	1	0	1
H4C4	1	0	1
H3C4	20	6	14
H2AC7	0	0	0
H2BC7	22	0	22
H4C5	15	1	14
H2BC8	37	0	37
H2AC8	84	0	84
H3C6	21	0	21
H1-3	0	0	0
H4C6	0	0	0
H4C7	0	0	0
H3C7	2	1	2
H2BC9	90	0	91
LOC105374986	2	0	2
H3C8	45	0	45
H2BC10	2	0	2
H4C8	22	0	22
LOC124901287	8	0	8
TRX-CAT1-2	0	0	0
TRR-TCG4-1	0	0	0
TRS-GCT6-1	0	0	0
TRQ-TTG3-1	0	0	0
TRQ-TTG3-2	0	0	0
TRS-TGA3-1	0	0	0
TRX-CAT1-3	4	0	4
TRW-CCA3-1	0	0	0
TRR-TCG2-1	0	0	0
LOC101928743	0	0	0
TRS-AGA2-1	0	0	0
TRR-ACG1-1	0	0	0
TRX-CAT1-4	0	0	0
TRW-CCA3-2	0	0	0
LOC124901288	0	0	0
BTN3A2	1150	0	1150
BTN2A2	121	0	121
BTN3A1	933	0	933
BTN2A3P	44	0	44
BTN3A3	468	0	468
BTN2A1	1	0	1
LOC285819	0	0	0
LOC107986583	0	0	0
BTN1A1	0	0	0
TRL-CAG1-7	0	0	0
HCG11	0	0	0
TRT-AGT2-1	0	0	0
TRR-ACG1-2	0	0	0
TRV-CAC1-6	0	0	0
HMGN4	0	0	0
TRA-CGC1-1	0	0	0
TRI-AAT5-1	0	0	0
TRP-AGG2-2	0	0	0
TRK-CTT2-4	0	0	0
TRY-GTA1-1	0	0	0
LOC105374988	0	0	0
TRA-AGC11-1	0	0	0
TRY-GTA8-1	0	0	0
TRY-GTA3-1	0	0	0
TRY-GTA6-1	0	0	0
ABT1	293	0	293
LOC105374989	0	0	0
ZNF322	75	0	75
LOC102724851	0	0	0
TRA-AGC14-1	0	0	0
TRA-AGC12-1	0	0	0
TRA-AGC10-1	0	0	0
LOC105374991	0	0	0
TRM-CAT5-1	0	0	0
TRNAA-AGC	0	0	0
TRI-AAT7-1	0	0	0
TRA-AGC9-1	0	0	0
TRM-CAT4-1	0	0	0
TRM-CAT4-2	0	0	0
TRI-AAT6-1	0	0	0
TRM-CAT4-3	0	0	0
TRNAA-AGC_1	0	0	0
TRI-AAT7-2	0	0	0
LOC105374992	0	0	0
LOC124901289	0	0	0
TRNAA-AGC_2	0	0	0
TRM-CAT5-2	0	0	0
TRNAA-AGC_3	0	0	0
LOC124901290	0	0	0
TRNAA-AGC_4	0	0	0
TRA-AGC14-2	0	0	0
GUSBP2	18	0	18
LINC00240	5	0	7
LARRPM	20	5	19
TRI-TAT2-2	1	0	3
TRP-CGG2-1	0	0	0
TRS-GCT1-1	1	1	0
H2BC11	44	0	44
H2AC11	37	0	37
H2BC12	1178	3	1176
H4C9	49	10	40
H2AC12	0	0	0
MIR3143	0	0	0
TRH-GTG1-5	0	0	0
TRT-AGT6-1	0	0	0
TRI-AAT5-2	0	0	0
TRV-CAC6-1	0	0	0
TRS-CGA2-1	0	0	0
TRR-ACG2-2	0	0	0
TRR-ACG2-3	0	0	0
LOC124901293	0	0	0
TRL-TAA4-1	0	0	0
TRV-AAC5-1	0	0	0
TRI-AAT5-3	1	0	1
PRSS16	151	0	151
TRI-AAT9-1	0	0	0
TRI-AAT3-1	0	0	0
TRV-CAC2-1	0	0	0
TRV-TAC4-1	0	0	0
TRQ-CTG5-1	0	0	0
TRS-GCT2-1	0	0	0
POM121L2	0	0	0
LOC105375107	0	0	0
VN1R10P	0	0	0
TRX-CAT1-5	0	0	0
TRK-TTT6-1	0	0	0
ZNF204P	0	0	0
ZNF391	2	0	2
ZNF184	131	0	131
LOC105375001	9	0	9
TRS-AGA2-2	1	1	0
TRD-GTC2-6	0	0	0
TRS-AGA2-3	0	0	0
TRS-AGA2-4	0	0	0
TRD-GTC2-7	0	0	0
TRS-TGA4-1	0	0	0
TRQ-CTG1-2	0	0	0
TRS-AGA3-1	0	0	0
TRS-AGA1-1	0	0	0
TRS-TGA2-1	0	0	0
TRQ-CTG2-1	0	0	0
TRS-AGA4-1	0	0	0
TRR-TCT5-1	0	0	0
TRK-TTT9-1	0	0	0
TRD-GTC3-1	0	0	0
TRK-TTT4-1	0	0	0
TRX-CAT1-6	0	0	0
TRL-CAA3-1	0	0	0
TRL-CAA2-1	0	0	0
TRT-CGT5-1	0	0	0
TRI-TAT2-3	0	0	0
TRV-AAC3-1	0	0	0
LOC124901292	0	0	0
TRI-AAT8-1	0	0	0
TRR-ACG2-4	0	0	0
TRS-CGA3-1	0	0	0
TRV-AAC4-1	0	0	0
TRT-AGT2-2	0	0	0
TRI-AAT2-1	0	0	0
LINC01012	0	0	0
LOC124901291	0	0	0
TRL-TAA2-1	0	0	0
TRT-AGT4-1	0	0	0
TRV-AAC1-5	0	0	0
LOC100131289	0	0	0
TRQ-CTG6-1	0	0	0
TRQ-TTG3-3	1	1	0
H2BC13	8	0	8
H2AC13	24	0	24
H3C10	39	0	39
H2AC14	2	0	2
H2BC14	2	0	2
H4C11	4	1	3
H4C12	22	1	21
H2AC15	16	3	13
H2BC15	20	0	20
H2AC16	5	1	4
H1-5	1	0	1
H3C11	0	0	0
H4C13	0	0	0
H3C12	3	0	3
H2AC17	34	0	34
H2BC17	19	0	19
TRX-CAT1-7	0	0	0
TRG-GCC2-3	0	0	0
OR2B2	0	0	0
OR2B6	14	0	14
LOC124901506	2	3	0
OR2B8	1	0	1
ZNF165	56	4	52
ZSCAN12P1	56	41	24
ZSCAN16-AS1	67	28	81
ZSCAN16	39	4	67
ZKSCAN8	1018	2	1016
ZKSCAN8P1	58	0	58
TRS-GCT5-1	1	0	1
TOB2P1	62	0	62
ZSCAN9	293	2	291
ZKSCAN4	166	1	165
NKAPL	0	0	0
ZSCAN26	194	0	194
PGBD1	224	0	224
ZSCAN31	101	3	98
ZKSCAN3	156	2	155
ZSCAN12	412	0	412
LOC105374998	1	0	1
ZSCAN23	0	0	1
TRT-TGT1-1	0	0	0
TRL-AAG4-1	0	0	0
LOC124901294	9	0	9
TRT-CGT1-1	1	0	1
LOC124901295	1	0	1
GPX6	0	0	0
GPX5	0	0	0
TRI-TAT3-1	0	0	0
LOC107986586	0	0	0
TRR-TCG5-1	0	0	0
SCAND3	13	0	13
ZBED9-AS1	0	0	0
TRQ-TTG2-1	0	0	0
TRS-GCT4-1	0	0	0
TRA-AGC3-1	0	0	0
LOC105374996	1	0	1
TRA-TGC2-1	0	0	0
TRT-CGT3-1	0	0	0
LINC00533	0	0	0
TRA-AGC4-1	0	0	0
TRA-CGC2-1	0	0	0
TRA-AGC5-1	0	0	0
TRA-AGC7-1	0	0	0
TRT-AGT3-1	0	0	0
TRA-CGC4-1	0	0	0
TRV-AAC6-1	0	0	0
TRR-CCG1-1	0	0	0
TRK-TTT7-1	0	0	0
TRA-TGC6-1	0	0	0
TRF-GAA6-1	0	0	0
TRF-GAA5-1	0	0	0
TRA-TGC1-1	0	0	0
TRF-GAA1-1	0	0	0
TRA-AGC1-1	0	0	0
TRA-TGC7-1	0	0	0
TRF-GAA3-1	0	0	0
TRA-AGC6-1	0	0	0
TRA-TGC5-1	0	0	0
TRF-GAA4-1	0	0	0
LOC124901296	2	0	2
TRA-AGC2-1	0	0	0
LINC01623	0	0	0
TRA-AGC2-2	0	0	0
TRR-CCG1-2	0	0	0
TRL-CAA1-1	0	0	0
HCG14	0	0	0
TRIM27	0	0	0
TRL-CAA1-2	0	0	0
TRQ-CTG1-3	0	0	0
TRL-AAG2-2	0	0	0
LINC01556	0	0	0
TRM-CAT3-1	0	0	0
TRK-TTT3-3	0	0	0
TRM-CAT3-2	0	0	0
TRF-GAA1-2	0	0	0
TRE-CTC1-6	0	0	0
HCG15	0	0	0
TRL-AAG3-1	0	0	0
ZNF311	0	0	0
LOC105375002	0	0	0
OR2W1-AS1	0	0	0
OR2W1	0	0	0
OR2B3	0	0	0
OR2J1	0	0	0
OR2J3	0	0	0
OR2J2	0	0	0
LOC124901297	0	0	0
LINC03003	0	0	0
LOC105375006	0	0	0
LOC105375005	0	0	0
OR14J1	0	0	0
OR5V1	0	0	0
OR12D3	0	0	0
OR12D2	0	0	0
OR12D1	0	0	0
OR11A1	0	0	0
OR10C1	0	0	0
LOC105379641	0	0	0
OR2H1	0	0	0
LOC105375008	0	0	0
MAS1L	0	0	0
LOC124901486	0	0	0
LINC02829	0	0	0
LINC01015	0	0	0
OR2I1	0	0	0
UBD	0	0	0
SNORD32B	0	0	0
OR2H2	0	0	0
GABBR1	0	0	0
MOG	0	0	0
ZFP57	0	0	0
HLA-F	0	0	0
HLA-F-AS1	0	0	0
IFITM4P	0	0	0
HCG4	0	0	0
HLA-V	0	0	0
HLA-G	0	0	0
LOC105375010	0	0	0
HCP5B	0	0	0
HLA-H	0	0	0
HCG4B	0	0	0
LOC124901298	0	3	0
HLA-A	173	0	173
HCG9	0	0	0
POLR1HASP	0	0	0
HLA-J	0	0	0
POLR1H	0	0	0
PPP1R11	0	0	0
RNF39	0	0	0
TRIM31	0	0	0
TRIM31-AS1	0	0	0
LOC124900227	0	0	0
TRIM40	0	0	0
TRIM10	0	0	0
TRIM15	0	0	0
TRIM26	0	0	0
HCG17	0	0	0
HLA-L	0	0	0
HCG18	0	0	0
TRIM39	0	0	0
TRIM39-RPP21	0	0	0
RPP21	0	0	0
LOC105375012	0	0	0
HLA-E	0	0	0
LINC02569	0	0	0
GNL1	0	0	0
PRR3	0	0	0
ABCF1	0	0	0
MIR877	0	0	0
PPP1R10	0	0	0
MRPS18B	0	0	0
ATAT1	0	0	0
C6orf136	0	0	0
DHX16	0	0	0
PPP1R18	0	0	0
NRM	0	0	0
MDC1	0	0	0
MDC1-AS1	0	0	0
TUBB	0	0	0
FLOT1	0	0	0
IER3-AS1	0	0	0
IER3	0	0	0
HCG20	0	0	0
LINC00243	0	0	0
LINC02570	0	0	0
DDR1	0	0	0
MIR4640	0	0	0
GTF2H4	0	0	0
VARS2	0	0	0
SFTA2	0	0	0
LOC124901299	0	0	0
MUCL3	0	0	0
HCG21	0	0	0
MUC21	0	0	0
MUC22	0	0	0
HCG22	0	0	0
C6orf15	0	0	0
PSORS1C1	15	0	15
CDSN	0	0	0
PSORS1C2	1	1	0
CCHCR1	110	0	110
TCF19	27	0	27
POU5F1	0	0	0
PSORS1C3	0	0	0
HCG27	0	0	0
HLA-C	0	0	0
LINC02571	0	0	0
LOC112267902	0	0	0
HLA-B	5	0	5
MIR6891	0	0	0
LOC124901300	0	0	0
MICA-AS1	0	0	0
MICA	91	0	91
LINC01149	0	0	0
HCP5	0	0	0
HCG26	0	0	0
MICB-DT	0	0	0
MICB	0	0	0
MCCD1	0	0	0
ATP6V1G2-DDX39B	0	0	0
DDX39B	0	0	0
SNORD117	0	0	0
SNORD84	0	0	0
DDX39B-AS1	0	0	0
ATP6V1G2	0	0	0
NFKBIL1	0	0	0
LOC100287329	0	0	0
LTA	0	0	0
TNF	0	0	0
LTB	0	0	0
LST1	0	0	0
NCR3	0	0	0
AIF1	0	0	0
PRRC2A	1	0	1
SNORA38	0	0	0
MIR6832	0	0	0
BAG6	0	0	0
APOM	0	0	0
C6orf47	0	0	0
GPANK1	0	0	0
CSNK2B	0	0	0
LY6G5B	0	0	0
LY6G5C	0	0	0
LOC105375019	0	0	0
ABHD16A	0	0	0
LOC105375018	0	0	0
MIR4646	0	0	0
LY6G6F-LY6G6D	0	0	0
LY6G6F	0	0	0
LY6G6E	0	0	0
LY6G6D	0	0	0
LY6G6C	0	0	0
MPIG6B	0	0	0
DDAH2	0	0	0
CLIC1	0	0	0
MSH5-SAPCD1	0	0	0
MSH5	0	0	0
SAPCD1	0	0	0
SAPCD1-AS1	0	0	0
VWA7	0	0	0
VARS1	0	0	0
LSM2	0	0	0
HSPA1L	0	0	0
HSPA1A	0	0	0
HSPA1B	0	0	0
SNHG32	0	0	0
SNORD48	0	0	0
SNORD52	0	0	0
NEU1	0	0	0
SLC44A4	0	0	0
EHMT2-AS1	0	0	0
EHMT2	0	0	0
C2	0	0	0
ZBTB12	0	0	0
C2-AS1	0	0	0
CFB	3	0	3
NELFE	15	0	15
MIR1236	0	0	0
SKIC2	0	0	0
DXO	0	0	0
WHR1	0	0	0
C4A	0	0	0
CYP21A1P	0	0	0
TNXA	0	0	0
C4B	0	0	0
CYP21A2	0	0	0
TNXB	0	0	0
ATF6B	0	0	0
FKBPL	0	0	0
PRRT1	0	0	0
LOC100507547	0	0	0
PPT2	0	0	0
PPT2-EGFL8	0	0	0
EGFL8	0	0	0
AGPAT1	0	0	0
MIR6721	0	0	0
RNF5	0	0	0
MIR6833	0	0	0
AGER	0	0	0
PBX2	1	0	1
GPSM3	0	0	0
NOTCH4	0	0	0
TSBP1-AS1	0	0	0
TSBP1	0	0	0
HCG23	0	0	0
BTNL2	0	0	0
HLA-DRA	0	0	0
HLA-DRB5	0	0	0
HLA-DRB6	0	0	0
HLA-DRB1	0	0	0
HLA-DQA1-AS1	0	0	0
HLA-DQA1	0	0	0
HLA-DQB1	0	0	0
HLA-DQB1-AS1	0	0	0
LOC102725019	0	0	0
HLA-DQA2	0	0	0
MIR3135B	0	0	0
HLA-DQB2	0	0	0
HLA-DOB	0	0	0
TAP2	0	0	0
PSMB8	0	0	0
PSMB8-AS1	0	0	0
TAP1	0	0	0
PSMB9	0	0	0
LOC100294145	0	0	0
HLA-DMB	0	0	0
HLA-DMA	0	0	0
LOC124901302	0	0	0
BRD2	1	0	1
HLA-DOA	0	0	0
HLA-DPA1	0	0	0
HLA-DPB1	0	0	0
HLA-DPB2	0	0	0
LOC105375021	0	0	0
HCG24	0	0	0
COL11A2	0	0	0
RXRB	0	0	0
SLC39A7	0	0	0
HSD17B8	0	0	0
MIR219A1	0	0	0
RING1	0	0	0
LOC105375022	0	0	0
HCG25	0	0	0
VPS52	0	0	0
RPS18	0	0	0
B3GALT4	0	0	0
WDR46	0	0	0
MIR6873	0	0	0
PFDN6	0	0	0
MIR6834	0	0	0
RGL2	2	0	2
TAPBP	0	0	0
ZBTB22	0	0	0
DAXX	8	0	9
LOC124901303	0	1	0
SMIM40	0	0	0
KIFC1	0	0	0
PHF1	0	0	0
CUTA	0	0	0
SYNGAP1	6	0	18
SYNGAP1-AS1	0	12	0
MIR5004	0	0	0
ZBTB9	0	0	0
LOC107986537	0	0	0
BAK1	973	0	973
GGNBP1	0	0	1
LINC00336	0	0	0
ITPR3	7214	84	7134
LOC124901305	0	0	4
ITPR3-AS1	0	11	0
UQCC2	337	3	339
MIR3934	25	26	0
LOC124901304	4	0	4
IP6K3	1	0	1
LEMD2	1047	3	1044
LOC105375024	0	0	0
MLN	0	0	0
LOC105375025	0	0	0
LOC124901306	1	0	1
LOC105375027	0	0	0
LINC01016	1	0	1
LOC105375026	0	0	0
MIR7159	0	0	0
LOC107986590	0	0	0
LOC124901307	0	0	0
LOC124901308	0	0	0
MIR1275	0	0	0
GRM4	4	4	0
LOC124901225	77	0	77
HMGA1	7120	14	7106
MIR6835	6	0	6
SMIM29	149	0	152
SMIM29-AS1	5	7	2
NUDT3	1346	8	1338
RPS10-NUDT3	0	0	0
RPS10	6	0	6
PACSIN1	1	0	1
SPDEF	16	0	16
ILRUN	2655	11	2923
LOC124901535	0	0	0
LOC105375028	3	0	3
LOC124901540	0	0	0
ILRUN-AS1	19	272	29
SNRPC	1617	0	1617
BLTP3A	1060	10	1056
TAF11	747	9	744
ANKS1A	664	0	664
TCP11	6	0	6
LOC112267955	0	0	0
SCUBE3	14	17	2
SCUBE3-AS1	22	0	27
ZNF76	733	0	733
DEF6	2	0	2
PPARD	647	1	646
FANCE	973	1	972
RPL10A	12722	3	12719
MIR7111	0	0	0
TEAD3	522	2	520
TULP1	1	4	5
LOC124901309	0	5	3
LINC03135	0	0	0
LOC124901310	3	0	3
FKBP5	1856	1	1855
LOC124900228	0	0	0
MIR5690	0	0	0
LOC285847	0	10	0
ARMC12	11	3	18
CLPSL2	0	0	0
CLPSL1	0	0	0
CLPS	0	0	0
LHFPL5	5	0	5
SRPK1	2322	2	2320
LOC124901311	2	0	2
SLC26A8	0	0	0
LOC105375035	0	0	0
LOC105375034	0	0	0
MAPK14	1431	3	1428
MAPK13	132	1	131
BRPF3-AS1	10	7	12
BRPF3	525	3	531
LOC105375036	0	0	0
PNPLA1	25	0	25
BNIP5	0	0	0
ETV7	5	0	5
ETV7-AS1	0	0	0
PXT1	0	1	0
KCTD20	1916	1	1916
STK38	1101	0	1101
SRSF3	5350	5	5345
MIR3925	0	0	0
LOC105375038	1	0	1
PANDAR	0	0	0
CDKN1A	7878	4	7876
DINOL	2	1	3
RAB44	0	0	0
CPNE5	16	0	16
PPIL1	590	0	746
C6orf89	1552	156	1552
PI16	2	0	2
MTCH1	3991	2	3989
FGD2	0	0	0
PIM1	1117	2	1115
TMEM217B	0	0	0
TMEM217	17	0	17
LOC124901537	0	0	0
TBC1D22B	352	10	380
LOC105375040	0	0	0
RNF8	521	0	521
CMTR1	930	1	933
LOC107986531	0	4	0
CCDC167	119	3	116
LINC02520	0	0	0
LOC124901312	0	0	0
MIR4462	0	0	0
LOC124901313	0	0	0
MDGA1	9	0	9
ZFAND3-DT	6	3	3
ZFAND3	842	0	842
LOC124901314	12	0	12
BTBD9	4	0	4
LOC124901315	3	0	3
LOC105375045	0	0	0
BTBD9-AS1	0	0	0
LOC105375044	0	0	0
GLO1	4258	1	4257
DNAH8-DT	0	0	0
DNAH8	0	0	0
LOC124900223	0	0	0
DNAH8-AS1	0	0	0
GLP1R	0	0	0
MIR9983	0	0	0
LOC105375046	0	0	0
SAYSD1	123	0	123
KCNK5	272	0	272
KCNK17	0	0	0
LOC105375047	0	0	0
KCNK16	0	0	0
KIF6	0	0	0
LOC107986594	0	0	0
DAAM2	0	0	0
LOC124901487	0	0	0
DAAM2-AS1	0	0	0
MOCS1	0	0	0
LOC102723789	0	0	0
LOC105375049	0	0	0
LOC105375050	0	0	0
LINC00951	0	0	0
TDRG1	0	0	0
LRFN2	0	0	0
LOC105379699	0	0	0
LOC105375051	0	0	0
LOC101929535	0	0	0
LOC105375052	0	0	0
LOC105375053	0	0	0
LOC101929555	0	0	0
UNC5CL	32	0	32
TSPO2	0	0	0
APOBEC2	1	2	0
OARD1	380	75	381
NFYA	409	0	484
ADCY10P1	7	0	7
TREML1	0	0	0
TREM2	0	0	0
LOC107986595	0	0	0
TREML2	0	0	0
TREML3P	0	0	0
LOC105375055	0	0	0
TREML4	0	0	0
TREML5P	0	0	0
TREM1	0	0	0
NCR2	0	0	0
LOC100505711	0	0	0
LOC107986538	0	0	0
LOC112267957	1	0	1
LINC01276	0	0	0
FOXP4-AS1	16	0	16
FOXP4	601	1	600
MIR4641	0	0	0
MDFI	2	0	2
TFEB	436	0	436
MIR10398	0	0	0
PGC	0	0	0
FRS3	103	0	103
PRICKLE4	410	19	391
TOMM6	2373	2	2374
USP49	480	25	458
LOC124900222	0	0	0
MED20	375	0	375
BYSL	1163	1	1162
CCND3	2871	0	2871
LOC105375059	0	0	0
TAF8	532	0	532
C6orf132	0	0	0
GUCA1ANB-GUCA1A	0	0	0
CIMIP3	0	0	0
GUCA1A	0	0	0
GUCA1B	8	0	8
MRPS10	978	0	978
LOC105375061	4	4	0
TRERF1	641	0	641
LOC124901316	15	12	3
LOC124900214	6	0	6
LOC107986596	0	0	0
LOC124901534	0	0	0
LOC124901317	1	0	1
UBR2	1183	0	1183
PRPH2	0	0	0
ATP6V0CP3	0	0	0
TBCC	645	0	645
BICRAL	392	0	392
LOC401261	18	0	18
RPL7L1	2743	1	2742
PEX39	86	0	86
PTCRA	0	0	0
CNPY3	802	7	795
CNPY3-GNMT	0	0	0
LINC02976	31	0	31
GNMT	16	15	1
PEX6	635	9	630
LOC124900215	1	0	1
PPP2R5D	759	163	1507
MEA1	553	983	695
KLHDC3	1907	0	2121
RRP36	1145	0	1152
CUL7	883	43	1122
LOC124901318	10	267	17
MRPL2	1044	0	1045
KLC4	405	1	486
KLC4-AS1	1	82	0
PTK7	5	0	5
SRF	1046	8	1038
CUL9	831	17	817
DNPH1	1232	1	1233
TTBK1	0	0	0
SLC22A7	0	0	0
LOC124901319	0	0	0
CRIP3	0	0	0
ZNF318	676	0	688
LOC124901227	1	12	1
LOC105375065	0	0	0
ABCC10	303	2	315
MIR6780B	0	0	0
DLK2	21	31	4
TJAP1	726	1	725
LRRC73	16	0	16
YIPF3	2264	0	2264
POLR1C	966	295	817
XPO5	2121	7	2260
LOC124901522	1	0	1
LOC124900224	1	1	0
POLH	695	26	676
GTPBP2	2079	2	2084
MAD2L1BP	616	0	616
RSPH9	5	789	1
MRPS18A	278	1	1062
LOC124901320	0	0	0
VEGFA	2481	2	2479
LOC105375070	0	0	0
LOC105375069	0	0	0
LINC02537	0	0	0
LOC105375068	0	0	0
LINC01512	1	0	1
LOC124901321	58	37	172
SCIRT	89	370	140
LINC03040	1070	7	1313
MRPL14	821	0	825
TMEM63B	1492	8	1757
LOC107986599	0	269	0
CAPN11	4	0	4
LOC105375072	0	0	0
MYMX	0	0	0
SLC29A1	1240	0	1240
HSP90AB1	30013	5	30008
SLC35B2	3043	2	3041
MIR4647	0	0	0
NFKBIE	228	0	228
TMEM151B	0	0	0
DRC5	22	0	22
AARS2	567	0	630
LOC124901322	0	63	0
SPATS1	0	0	0
LOC124901323	3	72	3
CDC5L	1186	0	1258
MIR4642	0	0	0
LOC105375074	0	0	0
LOC105375075	0	0	0
LOC124901325	0	0	0
LOC101929770	0	19	0
SUPT3H	92	0	111
MIR586	0	0	0
RUNX2	76	0	77
LOC124901324	20	2	19
RUNX2-AS1	0	0	0
LOC124901518	0	0	0
CLIC5	3	0	3
LOC124901326	0	0	0
ENPP4	0	0	0
ENPP5	0	0	0
LOC105375079	0	0	0
RCAN2	0	0	0
LOC101926915	0	0	0
RCAN2-DT	0	0	0
CYP39A1	14	0	14
SLC25A27	118	0	118
TDRD6-AS1	0	0	0
TDRD6	8	0	8
PLA2G7	0	0	0
ANKRD66	0	0	0
MEP1A	0	0	0
ADGRF5	2	0	2
LOC124901488	0	0	0
ADGRF5-AS1	0	0	0
LOC105375080	0	0	0
LOC124901489	0	0	0
ADGRF1	0	0	0
LOC105375081	0	0	0
TNFRSF21	276	0	276
LOC105375082	0	0	0
CD2AP-DT	0	6	0
CD2AP	910	0	916
ADGRF2P	1	0	1
ADGRF4	30	0	30
OPN5	0	0	0
LOC107986601	0	0	0
PTCHD4	5	0	5
LOC107986602	0	0	0
LOC124901478	0	0	0
MMUT	693	0	693
CENPQ	483	0	483
GLYATL3	0	0	0
C6orf141	0	0	0
RHAG	0	0	0
CRISP2	0	0	0
CRISP3	0	0	0
PGK2	0	0	0
LOC101927020	0	0	0
LOC101927048	0	0	0
CRISP1	0	0	0
DEFB133	0	0	0
DEFB114	0	0	0
DEFB113	0	0	0
DEFB110	0	0	0
DEFB112	0	0	0
LOC100505985	0	0	0
LOC124901479	0	0	0
TFAP2D	0	0	0
LOC105375084	0	0	0
LOC124901490	0	0	0
TFAP2B	0	0	0
LOC105375085	0	0	0
LOC124900230	0	0	0
PKHD1	0	0	0
LOC101927082	0	0	0
LOC124900615	0	0	0
LOC105375087	0	0	0
LOC124901327	0	0	0
MIR206	0	0	0
LINCMD1	0	0	0
MIR133B	0	0	0
IL17A	0	0	0
LOC102724327	0	0	0
IL17F	0	0	0
LOC124901328	0	0	0
MCM3	6694	4	6690
LOC124901329	3	0	3
PAQR8	64	1	63
LOC124901331	1	13	7
EFHC1	359	7	372
TRAM2	1741	7	1735
TRAM2-AS1	73	1	72
LOC124901330	0	0	0
LOC730101	33	0	33
TMEM14A	487	0	487
GSTA7P	0	0	0
GSTA2	0	0	0
GSTA1	0	0	0
GSTA5	0	0	0
LOC105375091	0	0	0
GSTA3	1	0	1
GSTA4	64	0	64
RN7SK	6	0	6
CILK1	333	2	331
LOC128092246	0	0	0
FBXO9	1554	0	1554
LOC128031835	0	0	0
GCM1	4	0	4
LOC124901332	2	0	2
ELOVL5	3364	10	3354
MIR5685	0	0	0
RPS16P5	0	0	0
GCLC-AS1	0	0	0
GCLC	724	0	724
KILH	0	0	0
LINC01564	0	0	0
KLHL31	39	7	32
LOC124901334	0	0	0
LOC124901333	8	0	8
LRRC1	206	0	206
LOC101927189	0	0	0
MLIP-IT1	0	0	0
MLIP	3	0	3
MLIP-AS1	0	0	0
LOC105375097	0	0	0
LOC124901335	0	0	0
LOC105375098	0	0	0
TINAG	0	0	0
TINAG-AS1	0	0	0
LOC107986606	4	0	4
FAM83B	425	0	425
HCRTR2	0	0	0
LOC124901491	0	0	0
GFRAL	0	0	0
HMGCLL1	0	0	0
BMP5	1	0	1
LOC107986539	0	0	0
LOC105375100	0	0	0
COL21A1	2	0	2
DST	2997	2	2995
DST-AS1	0	0	0
BEND6	86	1	85
KIAA1586	338	0	338
ZNF451	929	0	929
ZNF451-AS1	3	4	1
BAG2	1232	313	1313
RAB23	299	89	602
PRIM2	772	0	772
LINC03001	0	0	0
MIR548U	0	0	0
LOC105375103	0	0	0
TRI-AAT1-1	0	0	0
LOC105375102	0	0	0
TRA-AGC24-1	0	0	0
TRNAI-AAU	0	0	0
LOC105375101	0	0	0
TRA-AGC13-2	0	0	0
TRM-CAT7-1	0	0	0
LOC101927268	1	0	1
TRA-AGC12-3	0	0	0
GUSBP4	37	0	37
LINC00680-GUSBP4	0	0	0
LINC00680	40	0	40
LOC101927293	3	0	3
LOC124901336	0	0	0
KHDRBS2	0	0	0
FKBP1C	1	0	1
LGSN	110	0	110
PTP4A1	23	18	21
LOC124901228	0	0	0
LOC128125822	100	0	100
PHF3	1118	7	1119
EYS	16	21	3
SCAT8	12	0	12
LOC105377836	0	0	0
LOC107986608	0	0	0
LOC105377837	0	0	0
LOC107986607	0	0	0
ZC3H11C	28	0	28
SLC25A51P1	0	0	0
LOC105377838	0	0	0
LOC105377840	0	0	0
LOC105377839	0	0	0
LOC105377841	0	0	0
LOC107986540	0	0	0
LOC124900229	0	0	0
LOC105377843	0	0	0
LOC105377842	0	0	0
LOC105377845	0	0	0
LOC107986610	0	0	0
LOC105377844	0	0	0
LOC102723883	0	0	0
LOC105377846	0	0	0
LINC02549	0	0	0
ADGRB3-DT	0	0	0
ADGRB3	0	0	0
LOC127898563	0	0	0
LOC124901492	0	0	0
LMBRD1	532	0	532
LOC124901337	2	0	2
COL19A1	0	0	0
COL9A1	0	0	0
LOC105377848	1	0	1
LOC105377847	0	2	0
LINC01610	0	2	2
FAM135A-AS1	0	0	0
FAM135A	237	0	237
SDHAF4	81	0	81
SMAP1	159	0	1100
B3GAT2	8	949	0
LOC105377850	0	0	0
LOC124901229	0	0	0
LOC124901508	0	0	0
LOC124901338	0	0	0
LOC124901339	12	2	10
OGFRL1	619	3	616
MIR30C2	3	0	3
MIR30A	0	0	0
LINC00472	193	5	188
LINC01626	1	0	1
LOC105377853	0	0	0
RIMS1	571	141	430
LOC107986611	0	0	0
KCNQ5-DT	0	0	0
KCNQ5	0	0	0
KCNQ5-IT1	0	0	0
LOC124901340	0	0	0
LOC105377855	0	0	0
MIR4282	0	0	0
KCNQ5-AS1	0	0	0
LOC122539213	0	0	0
KHDC1L	0	0	0
KHDC1	0	0	0
KHDC1-AS1	12	13	12
C6orf147	6	0	6
DPPA5	0	0	0
KHDC3L	0	0	0
OOEP	2	0	2
OOEP-AS1	0	0	0
LOC124901538	0	0	0
DDX43	2	2	0
CGAS	458	1	457
MTO1	898	1	897
EEF1A1	198001	51	197965
EEF1A1-AS1	8	22	1
SLC17A5	756	0	756
CD109	3218	0	3228
CD109-AS1	16	10	16
LOC101928516	0	0	0
LOC105377858	0	0	0
COL12A1	6857	5	6852
SNORD156	0	0	0
COX7A2	1866	0	1866
TMEM30A	2041	0	2041
LOC124901344	10	0	10
TMEM30A-DT	11	0	12
FILIP1	6	4	3
LOC101928540	0	0	0
LOC124901509	0	0	0
MIR4463	0	0	0
LOC124901343	0	0	0
SENP6	1278	0	1278
MYO6	636	0	636
LOC124901542	0	0	0
IMPG1	3	3	0
LINC02540	0	0	0
LOC105377861	0	0	0
LOC105377862	0	0	0
LOC124901345	0	0	0
LOC101928570	0	0	0
LOC105377864	0	0	0
HTR1B	0	0	0
LOC124901493	0	0	0
MEI4	0	0	0
LOC105377865	0	0	0
MIR10524	0	0	0
LOC107986613	0	0	0
IRAK1BP1	13	34	13
PHIP	1517	0	1567
LOC124901346	22	38	0
LOC124901347	1	0	1
HMGN3	1047	2	1796
HMGN3-AS1	30	749	32
LCAL1	0	0	0
LOC100506851	0	0	0
LOC105377867	0	0	0
LCA5	18	3	18
LOC124901348	0	0	0
SH3BGRL2	7	0	10
LOC124901349	0	0	0
LINC01621	0	0	0
LOC107986614	0	0	0
ELOVL4	0	0	0
LOC124901350	0	0	0
LOC124901351	0	0	0
TTK	1001	0	1001
BCKDHB	714	0	714
LOC112267962	0	0	0
LOC105377869	0	0	0
LOC105377871	1	0	1
TENT5A	2874	0	2874
LOC105377873	3	0	3
LOC124900219	0	0	0
LINC01526	1	0	1
LINC02542	0	0	0
LOC107986617	2	0	2
IBTK	0	0	0
LOC105377874	0	0	0
LOC105377875	0	0	0
TPBG	0	0	0
LOC124901352	0	0	0
LOC105377876	3	0	3
LOC105377877	0	0	0
UBE3D	97	0	97
DOP1A	91	420	178
PGM3	735	101	1148
RWDD2A	297	0	304
ME1	374	0	374
PRSS35	0	0	0
SNAP91	0	0	0
LOC105377879	0	0	0
RIPPLY2	0	0	0
RIPPLY2-CYB5R4	0	0	0
CYB5R4	0	0	0
LINC02857	0	0	0
MRAP2	0	0	0
CEP162	228	0	228
LOC107986621	0	0	0
LOC107986620	0	0	0
LOC107986619	0	0	0
LINC01611	0	0	0
TBX18-AS1	0	0	0
TBX18	0	0	0
LOC124901353	0	0	0
LOC124901494	0	0	0
LOC105377881	0	0	0
LINC02535	1	0	1
NT5E	443	0	443
SNX14	880	0	880
SYNCRIP	3934	1	3933
SNHG5	263	0	263
SNORD50A	0	0	0
SNORD50B	3	0	3
LOC101928842	0	0	0
HTR1E	0	0	0
LOC124901354	0	0	0
CGA	93	0	93
LOC124901355	3	0	3
ZNF292	621	0	621
LOC124901356	0	0	0
GJB7	0	0	0
SMIM8	67	0	67
C6orf163	4	0	4
LINC01590	5	0	5
CFAP206	11	0	11
LOC124901357	1	0	1
SLC35A1	249	0	249
RARS2	597	0	597
ORC3	661	53	659
AKIRIN2	297	3	345
LOC124901528	0	0	0
LOC101928911	0	0	0
LOC105377882	0	0	0
LOC107986541	0	0	0
SPACA1	0	0	0
CNR1	0	0	0
LOC105377884	0	0	0
LOC105377885	0	0	0
LOC124901358	0	0	0
LOC101928936	0	0	0
RNGTT	376	0	376
PNRC1-DT	0	0	0
PNRC1	2263	3	2260
PM20D2	341	0	365
SRSF12	0	0	0
LOC101929004	28	24	28
GABRR1	0	0	0
GABRR2	10	0	10
UBE2J1	743	0	743
RRAGD	0	0	0
LOC124901360	0	0	0
ANKRD6	0	23	0
LOC105377889	0	0	0
LOC124901359	0	0	0
LYRM2	259	0	282
MDN1-AS1	2	83	2
MDN1	1087	3	1167
LOC124901536	0	0	0
CASP8AP2	0	0	0
GJA10	0	0	0
BACH2	7	0	7
LOC105377890	0	0	0
LOC124901361	0	0	0
LOC105377891	0	0	0
MIR4464	0	0	0
LOC124901362	3	0	3
MAP3K7	713	3	751
LOC124901363	1	41	1
LOC107986623	0	0	0
LOC105377893	0	0	0
LOC107986624	0	0	0
MIR4643	0	0	0
CASC6	0	0	0
LOC105377894	0	0	0
LOC124901505	0	0	0
LOC107986625	0	0	0
LINC02531	8	0	8
LOC124901495	0	0	0
LOC124901507	0	0	0
LOC105377897	0	0	0
EPHA7	0	0	0
LOC105377899	0	0	0
TSG1	0	0	0
LOC124901496	0	0	0
LOC105377901	0	0	0
MANEA-DT	9	0	9
MANEA	141	0	141
LOC107986543	0	0	0
LOC107986626	0	0	0
FUT9	0	0	0
LOC105377905	0	0	0
UFL1-AS1	26	0	26
UFL1	397	0	397
FHL5	0	0	0
LOC105377908	0	0	0
GPR63	0	0	0
NDUFAF4	211	0	211
KLHL32	0	0	0
MMS22L	342	0	342
LOC101927314	0	0	0
LOC105377909	0	0	0
LOC107986627	0	0	0
MIR2113	0	0	0
LOC105377910	0	0	0
PNKY	0	0	0
POU3F2	8	3	5
LOC124901364	0	1	0
FBXL4	346	0	347
MIR548AI	0	0	0
FAXC	79	0	79
COQ3	377	0	377
PNISR	1643	8	1725
PNISR-AS1	19	83	26
USP45	212	11	201
LOC124901365	1	9	2
TSTD3	58	320	70
CCNC	613	22	913
PRDM13	0	0	0
MCHR2	0	0	0
MCHR2-AS1	0	0	0
LOC105377911	0	0	0
SIM1	0	0	0
SIM1-AS1	0	0	0
ASCC3	1053	0	1053
LOC107984041	8	0	8
LOC124901545	0	0	0
GRIK2	44	0	44
LOC101927388	0	0	0
LOC105377913	0	0	0
LOC105377916	0	0	0
LOC124900225	0	0	0
LOC105377917	0	0	0
LOC102724443	0	0	0
LOC105377918	0	0	0
HACE1	235	0	235
LIN28B-AS1	0	0	0
LIN28B	0	0	0
POPDC1	0	0	0
POPDC1-AS1	0	0	0
POPDC3	0	0	0
PREP	1206	0	1424
PREP-AS1	6	224	0
LOC105377921	0	0	0
LINC02836	0	0	0
LOC105377923	0	0	0
PRDM1	464	0	464
ATG5	1022	0	1022
CRYBG1	628	28	613
LOC105377924	0	0	0
LOC101927405	2	0	2
RTN4IP1	438	2	451
QRSL1	618	2	618
LINC02526	1	0	1
LOC105377927	0	0	0
LINC02532	1	0	1
MIR587	0	0	0
LOC105377928	0	0	0
CD24	5711	2	5709
MTRES1	225	0	225
BEND3	179	0	179
PDSS2	310	1	309
LOC124901366	0	0	0
SOBP	0	0	0
LOC124901367	0	0	0
SCML4	0	0	0
SEC63	2872	3	2869
LOC105377929	1	0	1
OSTM1	508	1	507
LOC124901368	0	0	0
OSTM1-AS1	0	0	0
NR2E1	0	0	0
LOC124901369	0	0	0
SNX3	1935	0	1935
LOC124901529	0	0	0
AFG1L	103	0	103
LOC124901371	0	0	0
LOC124901370	0	0	0
LOC124901372	0	0	0
FOXO3	789	0	789
LOC107986629	3	0	3
LINC00222	0	0	0
ARMC2	41	142	38
LOC124901373	5	0	5
LOC124901481	0	0	0
ARMC2-AS1	0	0	0
SESN1	502	3	638
CEP57L1	492	1	491
CCDC162P	13	0	13
LOC124901374	0	0	0
LOC124901530	0	0	0
CD164	2798	3	2795
PPIL6	49	102	49
SMPD2	259	0	362
MICAL1	44	11	34
ZBTB24	265	0	265
ZBTB24-DT	0	0	0
AK9	135	0	135
FIG4	495	0	495
GPR6	0	0	0
LOC107986631	0	0	0
WASF1	725	0	725
CDC40	598	0	598
METTL24	0	0	0
LOC105377937	0	0	0
LOC102724586	0	0	0
DDO	38	0	38
LOC105377936	0	0	0
SLC22A16	0	0	0
LOC105377938	0	0	0
LOC105377940	0	0	0
LOC105377939	0	0	0
LOC105377941	0	0	0
CDK19	456	0	459
AMD1	2928	18	2913
SNORA40C	0	0	0
GTF3C6	706	0	706
LOC124901533	1	0	1
RPF2	617	0	617
LOC124901375	1	0	1
GSTM2P1	0	0	0
SLC16A10	0	0	0
SNORD166	0	0	0
LOC124901377	0	0	0
SLC60A2-DT	1	0	1
LOC124901378	0	0	0
SLC60A2	265	0	265
LOC124901376	10	0	10
REV3L	901	23	882
TRAF3IP2-AS1	41	15	46
LOC107986522	1	0	1
TRAF3IP2	1063	2	1077
LOC105377944	0	0	0
LOC124901539	0	0	0
FYN	3361	5	3939
LOC105377945	2	579	0
LOC102724646	2	6	2
LINC02527	0	0	0
LOC105377947	0	0	0
CCN6	1	1	0
TUBE1	293	0	293
FAM229B	103	0	103
LAMA4	6	1	5
LOC107986633	0	0	0
LAMA4-AS1	0	0	0
LOC107986632	20	0	20
RFPL4B	3	0	3
LOC101927664	0	0	0
LOC124901541	0	0	0
LOC105377949	0	0	0
LOC107986634	0	0	0
LOC105377950	0	0	0
LOC107986635	0	0	0
LOC107986636	0	0	0
LOC105377952	0	0	0
LOC105377956	0	0	0
LOC105377953	0	0	0
LOC105377955	0	0	0
LOC107986637	0	0	0
LOC124901497	0	0	0
LINC02518	2	0	2
LOC124901379	0	0	0
LOC124901380	0	0	0
LINC02541	0	0	0
LOC124901381	0	0	0
MARCKS	1773	20	1753
MROCKI	1	1	0
LOC124901382	0	0	0
LINC02880	0	0	0
HDAC2	3595	1	3594
HDAC2-AS2	4	0	4
LOC124901384	0	0	0
HS3ST5	0	0	0
LOC124901383	0	0	0
LOC107986638	0	0	0
LNCPOIR	0	0	0
LOC107986639	0	0	0
LOC105377960	0	0	0
LOC105377961	0	0	0
LINC02534	0	0	0
LOC124901385	0	0	0
FRK	127	0	127
TPI1P3	0	0	0
NT5DC1	795	1	794
COL10A1	2	2	0
TSPYL4	205	0	205
DSE	54	5	51
TSPYL1	815	11	804
LOC100287467	0	2	0
CALHM6-AS1	0	0	0
CALHM6	0	1	0
TRAPPC3L	9	0	18
CALHM5	61	0	61
CALHM4	0	9	0
RWDD1	940	1	939
RSPH4A	5	3	5
LOC124901386	0	2	1
ZUP1	284	0	284
KPNA5	134	0	134
FAM162B	0	0	0
LOC105377963	0	0	0
GPRC6A	0	0	0
RFX6	1	1	0
LOC105377964	0	0	0
VGLL2	0	0	0
ROS1	3	0	3
DCBLD1	1231	92	1233
GOPC	1271	4	1361
LOC101927919	18	0	18
NUS1	1236	1	1235
LOC124901480	0	0	0
SLC35F1	0	0	0
LOC105377967	0	0	0
LOC107986523	0	0	0
LOC124901387	1	0	1
CEP85L	84	0	90
LOC105377971	1	2	0
BRD7P3	0	0	0
PLN	0	0	0
LOC107986524	0	5	0
LOC124901388	0	0	0
SELENOKP3	0	0	0
MCM9	199	175	218
ASF1A	367	11	537
LOC124901389	0	11	2
FAM184A	0	0	0
MIR548B	0	0	0
MAN1A1	265	1	264
LOC285762	0	0	0
LOC107986525	0	0	0
LOC105377975	0	0	0
LOC105377972	0	0	0
LOC124901390	0	0	0
MIR3144	0	0	0
LOC105377977	0	0	0
TBC1D32	0	0	0
GJA1	1	0	1
LOC105377979	0	0	0
HSF2	325	0	325
SERINC1	1457	2	1455
PKIB	1	0	1
LOC124901391	0	0	0
FABP7	0	0	0
SMPDL3A	173	1	172
LOC124901392	0	0	0
CLVS2	0	0	0
TRDN	0	0	0
LOC124901393	0	0	0
LOC105377984	0	0	0
TRDN-AS1	0	0	0
LOC105377982	0	0	0
LOC105377981	0	0	0
NKAIN2	0	0	0
RNF217-AS1	11	45	20
RNF217	386	11	429
LOC124901394	0	0	0
TPD52L1	1548	6	1542
LOC100126584	3	0	3
LOC124901395	10	36	2
HDDC2	792	0	820
LOC107986640	0	0	0
LOC102723341	0	0	0
HEY2-AS1	6	0	6
LINC02523	0	0	0
HEY2	112	0	112
TRE-CTC1-7	0	0	0
NCOA7	1187	2	1185
NCOA7-AS1	3	3	0
LOC124901397	1	0	1
HINT3	440	0	440
TRMT11	363	3	360
CENPW	208	0	208
MIR588	0	0	0
LOC105377992	0	0	0
LOC105377993	0	0	0
LOC105377989	0	1	1
LOC105377991	0	1	0
RSPO3	9	0	10
LOC124901398	5	0	5
RNF146	349	1	348
ECHDC1	1095	9	1086
LOC105377994	11	11	0
SOGA3-KIAA0408	0	0	0
KIAA0408	0	0	0
LOC124901399	0	0	0
MTCL3	0	0	0
LOC107986642	0	0	0
C6orf58	0	0	0
LOC105377995	0	0	0
LOC105377996	0	0	0
LINC02536	0	0	0
LOC124901400	0	0	0
THEMIS	0	0	0
PTPRK	0	0	1
PTPRK-AS1	0	1	0
LOC124900216	0	0	0
LOC124901543	0	0	0
LOC105377998	0	0	0
LAMA2	17	0	24
LOC124901401	0	0	0
LOC102723409	5	7	5
ARHGAP18	174	0	174
TMEM244	0	0	0
LOC105377999	0	0	0
L3MBTL3	58	0	58
SAMD3	0	0	0
LOC112267974	0	0	0
TMEM200A	0	0	0
LOC105378002	0	0	0
LOC105378003	0	0	0
SMLR1	0	0	0
EPB41L2	1337	0	1337
LOC105378004	0	0	0
LOC102723445	0	0	0
AKAP7	65	0	65
LOC105378005	0	0	0
ARG1	2	2	0
MED23	347	1	346
ENPP3	0	0	0
OR2A4	0	0	0
CTAGE9	0	0	0
MIR548H5	0	0	0
ENPP1	0	0	0
CCN2-AS1	0	0	0
CCN2	473	0	473
MIR548AJ1	0	0	0
LINC01013	0	0	0
MOXD1	4	0	4
STX7	449	0	449
TAAR9	0	0	0
TAAR8	0	0	0
TAAR6	0	0	0
TAAR5	0	0	0
TAAR3P	0	0	0
TAAR2	0	0	0
TAAR1	0	0	0
VNN1	2	0	2
VNN3P	0	0	0
VNN2	0	0	0
SLC18B1	390	0	390
LOC107986644	0	0	0
RPS12	9996	1	9995
SNORD101	17	0	17
SNORD100	6	0	6
SNORA33	10	0	10
LOC105378008	0	0	0
LINC00326	0	0	0
LOC124901231	0	43	22
EYA4	1040	25	1187
LOC124901403	7	0	7
EYA4-AS2	1	39	2
TARID	18	74	17
LOC124901402	0	1	0
LINC01312	0	0	0
TCF21	10	7	9
TBPL1	142	0	169
LOC128092253	0	0	0
SLC2A12	0	27	0
LOC124901404	0	0	0
HMGA1P7	0	0	0
SGK1	18417	11	18406
LOC124901531	0	0	0
LOC105378009	171	171	0
CT69	0	0	0
LINC01010	0	0	0
LINC03002	1	1	0
LOC101928277	0	0	0
ALDH8A1	3	0	3
HBS1L	1113	0	1113
MIR3662	1	0	1
LOC124901405	1	0	1
LOC124901406	0	0	0
LOC105378010	0	0	0
MYB	14	0	22
LOC105378011	0	8	0
MIR548A2	0	0	0
AHI1	526	0	527
LOC124901407	0	1	0
AHI1-DT	1	0	1
LINC02524	0	0	0
LOC105378012	0	0	0
LOC101928326	0	0	0
PDE7B	170	0	170
LOC101928373	0	0	0
PDE7B-AS1	0	0	0
MTFR2	210	0	210
BCLAF1	2309	0	2309
LOC124901408	0	0	0
MAP7	1941	1	1940
MAP7-AS1	10	10	0
MAP3K5	488	0	488
MAP3K5-AS1	2	2	0
LOC124901410	0	0	0
MAP3K5-AS2	0	0	0
PEX7	119	0	119
LOC124900226	0	0	0
SLC35D3	1	0	1
NHEG1	0	0	0
IL20RA	0	0	0
IL22RA2	0	0	0
IFNGR1	1101	4	1097
LOC105378017	0	0	0
LOC102723633	0	0	0
OLIG3	0	0	0
LINC03004	0	0	2
LOC105378018	0	2	0
LOC124901411	1	0	1
LINC02539	0	0	0
WAKMAR2	127	1	133
TNFAIP3	488	6	489
SIMALR	0	0	0
LINC02865	0	0	0
LOC105378021	0	0	0
PERP	2286	1	2285
ARFGEF3	27	0	27
PBOV1	0	0	0
SMIM28	0	0	0
HEBP2	407	1	409
NHSL1	72	21	76
MIR3145	0	0	0
NHSL1-AS1	1	1	0
LOC124900217	10	3	19
CCDC28A-AS1	6	0	6
CCDC28A	139	0	139
ECT2L	2	2	0
LOC124901516	0	0	0
LOC107986650	0	0	0
REPS1	413	0	413
ABRACL	0	0	0
HECA	241	0	248
TXLNB	1	8	0
LOC102723690	0	0	0
CITED2	4919	3	4916
LOC107986651	0	3	0
LINC01625	11	0	14
LOC105378023	0	0	0
LOC105378024	1	0	1
FILNC1	0	0	0
LINC02941	1	0	1
LOC103352541	0	0	0
LOC107986652	0	0	0
LOC124901412	0	0	0
LOC105378025	0	0	0
MIR3668	0	0	0
LOC105378027	1	1	0
LOC124901414	0	0	0
LOC105378026	0	0	0
MIR4465	0	0	0
LOC102723724	151	0	162
LOC124901413	49	60	0
LOC105378029	0	0	0
LOC124901415	0	0	0
LOC105378030	0	0	0
LOC105378031	0	0	0
LOC107986654	0	0	0
NMBR	0	0	0
GJE1	0	0	0
VTA1	902	0	902
LINC02919	0	0	0
ADGRG6	1021	1	1020
LOC153910	0	0	0
HIVEP2	538	1	537
HIVEP2-DT	5	0	5
LINC01277	0	0	0
AIG1	96	0	130
LOC124901416	0	34	0
LOC107986656	0	0	0
ADAT2	462	0	462
PEX3	500	1	499
FUCA2	1951	1	2465
LOC124901417	4	519	0
LOC105378035	8	0	8
PHACTR2	272	1	271
PHACTR2-AS1	0	0	0
LTV1	604	0	604
ZC2HC1B	0	0	0
PLAGL1	1617	0	1617
HYMAI	9	0	9
SF3B5	1216	0	1216
LOC105378036	0	0	0
STX11	147	0	147
TRL-TAA1-1	0	0	0
UTRN	726	0	726
LOC124901418	1	0	1
SNORA98	0	0	0
TRQ-TTG4-1	0	0	0
EPM2A	79	4	77
EPM2A-DT	4	134	5
LOC105378039	0	0	0
LOC124901419	6	0	6
FBXO30	626	0	626
SHPRH	158	3	288
LOC124901420	0	0	0
GRM1	4	0	4
RAB32	352	0	352
ADGB-DT	0	0	0
ADGB	0	0	0
LOC105378040	0	0	0
KATNBL1P6	0	0	0
STXBP5-AS1	2	19	2
LUADT1	0	0	0
LOC124901422	4	1	3
STXBP5	338	0	410
LOC124901421	3	56	0
LOC105378043	0	0	0
SAMD5	2	0	2
LOC105378044	0	0	0
LOC124901423	0	0	0
SASH1	253	0	253
LOC124901425	2	0	2
UST	590	2	637
LOC107986659	1	1	0
UST-AS1	0	47	0
LOC124901424	0	0	0
UST-AS2	0	2	0
LOC124901426	0	0	0
TAB2	1159	0	1159
TAB2-AS1	0	0	0
SUMO4	1	0	1
ZC3H12D	49	0	49
PPIL4	348	0	348
GINM1	812	0	812
RPS18P9	25	1	28
LOC124901526	0	0	1
KATNA1	330	9	326
LATS1	390	2	395
LOC645967	1	5	3
NUP43	844	4	840
PCMT1	1527	1	1526
LOC107986660	3	2	1
RAET1E-LRP11	31	0	31
LRP11	42	8	350
LOC124901427	0	182	0
RAET1E-AS1	1	395	10
RAET1E	210	0	210
RAET1G	2	2	0
LOC105378052	0	0	0
ULBP2	6	0	6
ULBP1	39	0	39
RAET1K	7	0	7
RAET1L	12	0	12
ULBP3	100	0	100
LOC124901428	0	0	0
PPP1R14C	0	0	0
LOC124901527	0	0	0
LOC105378054	0	0	0
IYD	0	0	0
LOC124901429	1	0	1
PLEKHG1	194	2	192
LOC124901430	0	0	0
LOC124901431	2	1	1
MTHFD1L	1882	3	1879
ARL4AP5	0	0	0
LOC124901432	0	0	0
MIR12131	0	0	0
LOC102723831	0	0	0
AKAP12	0	0	0
ZBTB2	308	3	332
LOC124901232	47	25	50
RMND1	332	2	331
LOC124901433	1	0	1
DCPH1	630	2	628
LOC124901434	2	0	2
CCDC170	1	0	1
LOC124901436	0	0	0
LOC107986528	0	0	0
LOC124901435	0	0	0
ESR1	7	0	7
LOC107986529	16	12	4
SYNE1	77	2	80
SYNE1-AS1	0	3	2
SYNE1-AS2	1	0	1
LOC105378061	0	0	0
MYCT1	0	0	0
VIP	0	0	0
LINC02840	0	0	0
LOC124901440	0	0	0
LOC124901439	0	0	0
FBXO5	441	0	441
MTRF1L	329	21	308
RGS17	9	9	0
LOC105378066	0	0	0
LOC107986661	0	0	0
OPRM1	0	0	0
IPCEF1	2	0	2
LOC105378067	0	0	0
CNKSR3	140	0	140
LOC101928868	13	0	13
SCAF8	753	0	753
MIR1273C	1	0	1
TIAM2	4	30	0
TFB1M	368	0	394
CLDN20	5	4	1
NOX3	0	0	0
LOC105378068	0	0	0
LOC105378069	0	0	0
LOC105378072	0	0	0
LOC101928923	0	0	0
LOC124901443	0	0	0
MIR1202	0	0	0
LOC124901442	0	0	0
LOC124901441	0	0	0
LOC105378071	0	0	0
SNORD28B	0	0	0
LOC105378073	0	0	0
LOC124901444	0	0	0
ARID1B	602	7	604
LOC115308161	1	5	5
MIR4466	0	0	0
LOC124901445	0	0	0
LOC105378075	1	0	1
TMEM242	174	0	174
TMEM242-DT	0	0	0
LOC105378076	0	0	0
LOC124901446	3	0	3
ZDHHC14	130	0	130
MIR3692	0	0	0
LOC107986663	0	0	0
SNX9	1315	0	1315
SNX9-AS1	0	0	0
SYNJ2	304	2	302
SYNJ2-IT1	0	0	0
SERAC1	142	1	141
GTF2H5	224	0	224
TULP4	173	0	173
LOC124901447	1	1	0
SNORA116	0	0	0
TMEM181	580	9	571
MIR7161	0	0	0
DYNLT1	733	0	733
SYTL3	32	0	32
MIR3918	0	0	0
EZR	3999	5	4268
EZR-AS1	0	274	0
OSTCP1	0	0	0
LOC124901448	1	0	1
LINC02901	14	0	14
RSPH3	155	0	175
TAGAP-AS1	0	20	0
TAGAP	0	0	0
LOC112267968	0	0	0
LOC124901449	0	0	0
FNDC1-AS1	0	0	0
FNDC1	0	0	0
FNDC1-IT1	0	0	0
LOC105378084	0	0	0
LINC02529	0	0	0
LOC101929142	0	0	0
LOC105378085	0	0	0
LOC124901450	2	0	2
SOD2	3097	122	3131
WTAP	748	49	855
SOD2-OT1	2	0	2
ACAT2	685	420	1179
TCP1	4826	310	5226
SNORA20	4	0	4
SNORA29	1	0	1
MRPL18	961	0	963
PNLDC1	1	0	1
MAS1	0	0	0
IGF2R	3025	1	3024
AIRN	0	0	0
LOC124901451	4	0	4
CHP1P2	16	0	16
LOC124901452	2	2	0
SLC22A1	52	0	52
SLC22A2	1	0	1
LOC105378088	1324	1	1323
SLC22A3	411	0	423
LOC124901453	49	50	11
LPAL2	0	0	0
LOC124901454	0	0	0
LPA	0	0	0
PLG	0	0	0
LOC112267969	0	0	0
LOC105378093	0	0	0
LOC102724087	0	0	0
MAP3K4-AS1	11	4	16
MAP3K4	234	5	238
AGPAT4	0	0	1
LOC124901455	0	1	0
AGPAT4-IT1	0	0	0
LOC105378094	0	0	0
PRKN	0	0	0
LOC124901457	0	0	0
LOC124901456	0	0	0
LOC105378098	0	0	0
LNCR-SMAL	0	0	0
LOC105369171	0	0	0
PACRG	0	0	0
PACRG-AS2	0	0	0
PACRG-AS3	0	0	0
LOC105378095	0	0	0
PACRG-AS1	0	0	0
DKFZp451B082	0	0	0
LOC105378099	0	0	0
LOC105378100	0	0	0
LOC124901234	0	5	0
CAHM	0	0	5
QKI	759	0	759
LOC102724152	0	0	0
LOC124901498	0	0	0
LOC105378104	0	0	0
LOC124901499	0	0	0
LOC105378102	0	0	0
LOC105378106	0	0	0
LOC105378109	0	0	0
LOC105379712	0	0	0
LOC107986667	0	0	0
MEAT6	0	0	0
LOC124901500	0	0	0
C6orf118	0	0	0
LOC105378113	0	0	0
PDE10A	704	3	725
LOC105378116	0	24	0
LOC105378115	5	5	0
LOC124901458	14	14	0
LINC00473	1756	1	1755
LINC00602	17	813	24
LOC105378117	0	0	0
LOC729681	0	0	0
TBXT	0	0	0
LNCDAT	1	1	0
LOC101929297	0	0	0
LOC107986668	0	0	0
LOC105378118	0	0	0
PRR18	0	0	0
LOC107986669	0	0	0
SFT2D1	449	0	449
LOC100289495	1	0	1
MPC1	210	0	210
MPC1-DT	0	0	0
RPS6KA2	0	0	0
LOC124901460	0	0	0
RPS6KA2-IT1	0	0	0
MIR1913	0	0	0
RAMACL	28	0	28
LOC107986671	0	0	0
LOC124901459	0	0	0
LOC124901461	0	0	0
RPS6KA2-AS1	0	0	0
RNASET2	292	0	292
LOC105378120	1	0	1
MIR3939	0	0	0
CEP43	204	0	204
CCR6	1	0	1
LOC107986672	0	0	0
LOC112267970	0	0	0
GPR31	0	0	0
LOC105378123	0	0	0
TCP10L2	0	0	0
LOC124901462	0	0	0
HPAT5	0	0	0
LOC102724220	0	0	0
LOC102725048	0	0	0
UNC93A	0	0	0
TTLL2	0	0	0
TCP10L3	0	0	0
LOC105378126	0	0	0
LOC105378127	0	0	0
LOC105378128	0	0	0
LOC107986546	0	0	0
LOC124901463	0	0	0
LOC105378129	0	0	0
LOC124901464	0	0	0
LOC105378130	0	0	0
LOC105378131	0	0	0
LINC02538	0	0	0
LOC124901465	0	0	0
LINC02487	0	0	0
LOC107986547	0	0	0
LINC01558	0	0	0
LOC441179	0	0	0
AFDN-DT	0	0	0
AFDN	429	0	429
LOC107986673	1	0	1
HGC6.3	0	0	0
KIF25-AS1	0	0	0
KIF25	0	0	0
LOC105378135	0	0	0
FRMD1	0	0	0
LOC107986548	0	0	0
LOC105378137	0	0	0
LOC124901501	0	0	0
LOC101929420	0	0	0
DACT2	0	0	0
LOC105378139	0	0	0
LOC107986549	0	0	0
LOC105378140	0	0	0
LOC105378141	0	0	0
SMOC2	0	0	0
LOC124901466	0	0	0
LOC124901467	0	0	0
LOC124901468	0	0	0
LOC105378142	0	0	0
LOC105378143	0	0	0
LOC107986550	0	0	0
LOC105378144	0	0	0
LOC105378146	0	0	0
LOC105378145	0	0	0
LOC101929460	0	0	0
LOC102724357	0	0	0
LOC124901469	0	0	0
LINC01615	1	0	1
LINC02544	0	0	0
THBS2-AS1	0	0	0
THBS2	0	0	0
LOC124901470	0	0	0
LOC105378148	0	0	0
LOC124901472	0	0	0
LINC02519	0	0	0
LOC124901473	0	5	0
WDR27	500	0	508
LOC124901471	2	2	0
C6orf120	391	320	518
PHF10	523	153	814
DYNLT2	5	5	0
ERMARD	0	0	0
LINC00242	0	0	0
LINC00574	0	0	0
LOC105378149	0	0	0
LOC107986674	0	0	0
LOC107986675	0	0	0
LOC100131532	0	0	0
LOC105378150	0	0	0
LOC101929614	3	3	0
LOC105378153	6	0	6
LOC102724511	0	0	0
LOC154449	0	0	0
LOC285804	0	0	0
LINC01624	0	0	0
DLL1	0	0	0
FAM120B	0	0	0
MIR4644	0	0	0
LOC124901474	0	0	0
LOC124901475	0	0	0
LOC107986676	0	0	0
LOC124901477	0	0	0
LOC124901235	0	0	0
LOC124901476	0	0	0
LOC105378157	0	0	0
PSMB1	3162	1	3161
TBP	518	1	517
PDCD2	1185	2	1183
LOC101929692	0	0	0
LOC102723872	0	0	0
FAM157D	0	0	0
LOC105375113	0	0	0
LOC101929756	0	0	0
LOC105375114	0	0	0
LINC03015	0	0	0
LINC03014	0	0	0
LOC105375116	0	0	0
LOC105375115	0	0	0
LOC124901806	0	0	0
LOC124901808	0	0	0
FAM20C	0	0	0
LOC124901807	0	0	0
FOXL3	0	0	0
FOXL3-OT1	0	0	0
LOC105375118	6	0	6
LOC124901809	0	0	0
LOC442497	0	0	0
LOC116435278	0	8	1
LOC112267991	6	1	14
LOC124901566	0	0	0
PDGFA	382	25	375
PDGFA-DT	131	4	145
PRKAR1B	544	147	577
PRKAR1B-AS2	0	0	0
PRKAR1B-AS1	0	0	0
LOC105375119	0	0	0
DNAAF5	1750	37	1893
LOC124901567	2	1	1
SUN1	2498	1	2497
LOC124901568	6	6	0
GET4	928	1	927
ADAP1	133	0	133
LOC124901569	0	0	0
COX19	381	0	381
CHLSN	685	2	688
CYP2W1	3	6	1
LOC124901570	0	0	0
MIR339	0	0	0
GPR146	89	14	76
CHLSN-AS1	2	2	0
GPER1	332	2	330
LOC102723758	10	10	0
ZFAND2A	388	1	388
ZFAND2A-DT	219	5	215
UNCX	0	0	0
MICALL2	686	0	686
MICALL2-DT	1	2	0
INTS1	4271	5	4267
LOC124901572	1	1	0
MAFK	1835	42	2535
LOC100128653	64	63	1
TMEM184A	948	706	984
PSMG3	1322	0	1325
PSMG3-AS1	67	5	65
LOC105375123	0	0	0
TFAMP1	0	0	0
LOC105375303	0	0	0
ELFN1	30	4	26
LNCRI	0	0	0
LOC124901819	0	0	0
LOC105375124	6	2	4
ELFN1-AS1	172	0	172
MAD1L1	543	1	618
LOC100127955	0	0	0
MIR4655	0	0	0
LOC124901573	0	76	0
SNORA114	0	0	0
LOC105375127	0	0	0
LOC105375126	0	0	0
MRM2	869	1	868
NUDT1	471	10	462
SNX8	884	1	885
MIR6836	0	0	0
EIF3B	6359	9	6351
CHST12	509	0	509
GRIFIN	0	0	0
LOC107986759	0	0	0
LFNG	265	0	265
MIR4648	0	0	0
BRAT1	1568	5	1563
IQCE	819	0	825
LOC107986760	0	6	0
TTYH3	1361	1	1360
AMZ1	52	282	9
GNA12	633	1	871
CARD11	0	0	0
CARD11-AS1	0	0	0
LOC105375130	0	0	0
LOC100129603	0	0	0
LOC124901574	0	0	0
LOC124901575	0	0	0
SDK1-AS1	0	0	0
SDK1	0	0	0
LOC124901577	0	0	0
LOC124901576	0	0	0
LOC105375131	0	0	0
LOC124901578	0	0	0
LOC124901579	0	0	0
LOC105375133	0	0	0
LOC124901580	5	0	5
FOXK1	982	1	981
LOC124901581	2	0	2
AP5Z1	678	2	676
MIR4656	0	0	0
RADIL	4	3	1
SNORD165	0	0	0
PAPOLB	0	0	0
MMD2	2	0	2
RNF216P1	417	0	417
RBAK-RBAKDN	0	0	0
RBAK	595	0	595
RBAKDN	0	0	0
ZNF890P	2	0	2
WIPI2	1395	1	1394
SLC29A4	117	9	118
TNRC18	2850	9	2851
TNRC18-AS1	9	7	3
LINC02983	0	0	0
LINC03073	0	0	0
FBXL18	709	0	711
LOC124901847	0	0	0
MIR589	10	0	10
LOC221946	0	2	0
ACTB	46176	21	46156
FSCN1	10072	8	10064
RNF216	924	0	924
RNF216-IT1	1	0	1
MIR6874	0	0	0
ZNF815P	34	0	34
OCM	0	0	0
CCZ1	387	3	386
RSPH10B	5	1	6
PMS2	686	0	686
AIMP2	747	117	1421
SNORA80D	2	1	1
EIF2AK1	5397	695	5495
ANKRD61	13	14	1
USP42	411	4	407
CYTH3	581	1	580
FAM220A	0	0	0
SMIM10L3	0	0	0
RAC1	3268	3	3265
DAGLB	931	2	929
KDELR2	5086	1	5085
GRID2IP	0	0	0
LOC101927325	0	0	0
ZDHHC4	762	1	786
LOC124901582	4	32	0
INTS15	239	1	241
ZNF853	3	0	3
ZNF316	729	0	729
LOC124901583	0	0	0
ZNF12	427	0	427
SPDYE20P	0	0	0
PMS2CL	135	0	135
RSPH10B2	144	0	144
CCZ1B	536	1	535
LOC112267992	0	0	0
LOC107986763	0	0	0
LOC105375138	0	0	0
LOC124901585	0	0	0
MIR3683	0	0	0
LOC100131257	1	0	1
LOC124901584	0	0	0
C1GALT1	598	0	598
LINC03016	0	0	0
LOC107986764	0	0	0
COL28A1	7	0	7
MIOS-DT	8	0	8
MIOS	421	0	421
RPA3	754	49	766
UMAD1	421	14	467
LOC105379719	0	0	0
LOC124901586	0	0	0
GLCCI1-DT	1	0	1
GLCCI1	774	0	774
LOC105375142	0	0	0
ICA1	2	0	2
LOC124901587	0	0	0
ICA1-AS1	0	0	0
NXPH1	0	0	0
LOC105375144	0	0	0
LOC105375148	0	0	0
PER3P1	0	0	0
LOC105375145	0	0	0
LOC105375147	0	0	0
LOC105375146	0	0	0
LOC105375149	0	0	0
LOC105375150	0	0	0
LOC124901860	0	0	0
MGC4859	1	1	0
LOC124901588	0	0	0
LOC107986766	0	0	0
LOC124900231	0	0	0
LOC100131472	0	0	0
COXFA4	2819	1	2827
LOC107986767	0	9	0
PHF14	701	0	701
LOC124901590	0	0	0
THSD7A	0	0	0
LOC105375151	0	0	0
LOC124901589	0	0	0
TMEM106B	1014	2	1012
VWDE	194	1	193
LOC105375154	4	0	4
LOC105375155	0	0	0
LOC105375156	3	0	3
C7orf78	5	0	5
LOC107986768	0	0	0
SCIN	0	0	0
LOC105375157	0	0	0
ARL4A	741	0	741
LOC124900237	0	0	0
LOC105375158	0	0	0
LOC107986770	0	0	0
LOC105375161	0	0	0
ETV1	0	0	0
LOC105375162	2	0	2
DGKB	0	0	0
LOC105375164	0	0	0
AGMO	0	0	0
LOC124901592	0	0	0
LOC124901591	0	0	0
MEOX2	0	0	0
LOC105375166	0	0	0
LINC02587	0	0	0
LOC101927558	0	0	0
LOC105375167	0	0	0
CRPPA	0	0	0
CRPPA-AS1	0	0	0
LOC105375168	0	0	0
SOSTDC1	0	0	0
LRRC72	0	0	0
ANKMY2	664	0	746
LOC105375169	5	87	0
BZW2	3728	1	3727
TSPAN13	1602	0	1602
LOC124901593	18	0	18
AGR2	114	0	114
AGR3	0	0	0
LOC124901594	0	0	0
LOC105375170	0	0	0
LOC124901595	1	1	0
LOC124901596	0	0	0
LOC107986772	0	0	0
LOC101927609	1	15	12
AHR	445	11	460
LOC105375171	1	1	0
LINC02888	0	0	0
LOC105375172	1	0	1
LINC02889	0	0	0
SNX13	732	0	732
PRPS1L1	0	0	0
HDAC9	2	0	2
MIR1302-6	0	0	0
LOC124901598	0	0	0
HDAC9-AS1	0	0	0
LOC124901597	0	0	0
TWIST1	0	0	0
FERD3L	0	0	0
LOC107986773	0	0	0
LOC105375179	0	0	0
LOC105375180	0	0	0
POLR1F	693	0	693
MIR3146	0	0	0
TMEM196	0	0	0
LOC107986774	0	0	0
LOC105379720	0	0	0
MACC1-OT1	0	0	0
LOC105375181	0	0	0
MACC1	0	0	0
MACC1-AS1	0	0	0
GIRGL	0	0	0
LOC101927769	0	0	0
ITGB8-AS1	9	18	24
ITGB8	338	21	350
LOC124900239	0	0	0
ABCB5	1	0	1
SP8	7	0	7
RPL23P8	1	0	1
LINC01162	0	0	0
SP4	102	1	101
MIR1183	0	0	0
DNAH11	12	361	2
LOC105375183	0	0	0
LOC124901599	0	0	2
LOC107986775	0	0	0
CDCA7L	638	0	987
RAPGEF5	0	0	0
STEAP1B	0	0	0
STEAP1B-AS1	5	1	4
LOC401312	0	0	0
IL6-AS1	0	18	0
IL6	76	0	94
TOMM7	964	0	964
LOC112267993	1	0	1
SNHG26	6	0	6
SNORD93	0	0	0
LOC107986776	0	0	0
LOC124901600	0	0	0
HYCC1	537	0	537
LOC105375185	1	0	1
LOC105375186	0	0	0
KLHL7-DT	10	0	10
KLHL7	543	4	539
NUP42	745	0	745
LOC101927890	0	0	0
GPNMB	192	0	192
MALSU1	870	702	873
IGF2BP3	621	25	1301
SNORD65C	1	1	0
RPS2P32	48	0	48
TRA2A	794	0	794
CLK2P1	0	0	0
LOC105375187	0	0	0
CCDC126	228	0	228
FAM221A	1	0	1
STK31	0	0	0
LOC124901835	0	0	0
LOC105375188	0	0	0
LOC107986777	0	0	0
LOC124901831	0	0	0
NPY	0	0	0
LOC124901601	0	0	0
PALS2	850	0	850
GSDME	1734	2	1732
LOC124901820	2	0	2
OSBPL3	1337	7	1330
CYCS	4169	0	4169
SPMIP4	26	5	21
LOC124901603	0	0	0
LOC124901602	0	0	0
LOC105375191	0	0	0
NPVF	0	0	0
LOC124901858	0	0	0
LOC105375193	0	0	0
LOC105375195	0	0	0
LOC105375194	0	0	0
LOC124901604	0	0	0
LOC105375196	0	0	0
LINC03007	0	0	0
LOC100506236	0	0	0
LOC105375199	0	0	0
LOC105375200	0	0	0
MIR148A	0	0	0
LOC105375198	0	0	0
NFE2L3	108	114	1
HNRNPA2B1	24106	6	24107
CBX3	5433	1	5432
SNX10	136	0	180
SNX10-AS1	0	46	0
LINC02981	2	0	4
LOC105375202	0	0	0
KIAA0087	0	0	0
LOC124901605	0	0	0
LINC03095	0	0	0
LOC101928077	3	0	3
LINC02860	0	0	0
SKAP2	489	0	489
LOC124901606	0	0	0
HOXA1	20	0	20
HOTAIRM1	239	2	237
HOXA2	4	0	4
HOXA3	36	2	36
HOXA-AS2	0	3	1
HOXA4	8	0	9
HOXA-AS3	0	10	0
HOXA5	145	0	145
HOXA6	12	0	19
HOXA7	0	0	0
HOXA10-HOXA9	0	0	0
HOXA9	3	0	3
HOXA10-AS	3	249	47
MIR196B	0	10	1
HOXA10	91	30	333
HOXA11	177	59	129
HOXA11-AS	142	5	148
HOXA13	182	0	182
HOTTIP	3	0	3
EVX1-AS	0	0	0
EVX1	0	0	0
LOC107986733	0	0	0
LOC105375206	0	0	0
LOC105375207	0	0	0
HIBADH	2130	0	2130
LOC107986699	2	0	2
TSL	0	0	0
LOC105375211	0	0	0
TAX1BP1-AS1	0	133	2
TAX1BP1	1953	2	2103
JAZF1	773	25	812
LOC105375208	0	0	0
JAZF1-AS1	1	47	1
CREB5	23	0	23
TRIL	0	0	0
CPVL-AS2	0	0	0
CPVL	0	0	0
CPVL-AS1	0	0	0
LOC128966558	0	0	0
CHN2	0	5	0
CHN2-AS1	0	0	0
PRR15-DT	3	0	8
PRR15	2	2	0
MIR550A3HG	414	0	414
MIR550A3	0	0	0
ZNRF2P2	0	2	1
DPY19L2P3	9	6	17
WIPF3	0	0	0
LOC124901827	0	0	0
SCRN1	7	0	7
FKBP14-AS1	0	49	0
FKBP14	241	0	290
PLEKHA8	453	0	472
LOC105375216	1	19	1
MTURN	151	0	151
LOC105375217	0	0	0
LOC124901607	5	0	5
LOC105375218	0	0	0
ZNRF2	365	2	363
MIR550A1	0	0	0
MIR550B1	0	0	0
DKFZP586I1420	114	0	114
LINC01176	25	0	25
NOD1	413	18	395
GGCT	1270	0	1270
GARS1-DT	170	0	170
GARS1	2676	7	2669
LOC124901609	8	0	9
CRHR2	0	1	0
LOC124901608	0	0	0
LOC105375220	0	0	0
LOC105375219	0	0	0
INMT-MINDY4	0	0	0
INMT	0	0	0
MINDY4	0	0	0
AQP1	39	0	39
GHRHR	0	0	0
LOC105375222	0	0	0
LOC105375221	0	0	0
ADCYAP1R1	0	0	0
LOC107986781	0	0	0
LOC107986782	0	0	0
NEUROD6	0	0	0
LOC105375224	0	0	0
ITPRID1	0	0	0
PDE1C	3	0	3
PPP1R17	0	0	0
LOC100130673	0	0	0
LSM5	629	0	629
AVL9	990	7	1057
DPY19L1P1	24	71	28
ZNRF2P1	48	3	46
MIR550A2	0	0	0
MIR550B2	0	0	0
LINC00997	204	1	203
DPY19L1P2	3	0	3
KBTBD2	954	1	953
RP9P	115	0	115
FKBP9	1952	7	1945
NT5C3A	806	1	805
LOC124901610	1	76	1
RP9	55	0	123
BBS9	120	0	120
LOC124901611	0	0	0
FLJ20712	0	0	0
LOC124901612	0	0	0
LOC124901613	0	0	0
BMPER	1	0	1
NPSR1-AS1	0	0	0
NPSR1	0	0	0
DPY19L1	907	0	907
MIR548N	1	0	1
LOC102724723	2	2	0
LOC105375228	1	1	0
DPY19L2P1	0	0	0
TBX20	3	0	3
LOC401324	0	0	0
LOC105375230	0	0	0
LOC124901614	0	0	0
LOC101928421	11	0	11
HERPUD2	267	0	267
HERPUD2-AS1	93	0	93
LINC03013	0	0	0
LOC124901615	0	0	0
SEPTIN7-DT	4	0	4
SEPTIN7	2547	0	2547
LOC107986734	0	0	0
LOC105375233	0	0	0
LOC124901616	0	0	0
LOC124901617	0	0	0
LOC101928618	0	0	0
EEPD1	11	0	11
MATCAP2	448	134	448
ANLN	3019	0	3153
AOAH	0	0	0
AOAH-IT1	0	0	0
ELMO1	3	0	5
LOC105375235	0	0	0
MIR1200	0	0	0
ELMO1-AS1	0	2	0
LOC124901833	0	0	0
GPR141	5	0	5
NME8	0	0	0
SFRP4	1	0	1
EPDR1	440	0	440
LOC105375236	1	0	1
STARD3NL	389	0	389
TARP	11	0	11
TRG-AS1	1	0	1
AMPH	0	0	0
CFAP144P1	0	0	0
VPS41	547	0	547
POU6F2	0	0	0
POU6F2-AS2	0	0	0
LOC105375239	0	0	0
SNORA20B	0	0	0
POU6F2-AS1	0	0	0
LOC105375238	0	0	0
LOC105375237	0	0	0
YAE1-DT	0	0	0
YAE1	169	0	169
LOC107986785	11	0	11
RALA	717	1	716
LINC00265	82	0	82
LOC101928688	0	0	0
CDK13-DT	5	0	5
CDK13	937	3	934
MPLKIP	955	0	955
SUGCT	12	0	12
LOC105375245	0	0	0
SUGCT-AS1	0	0	0
LOC105375244	0	0	0
LOC105375243	0	0	0
LOC112267984	0	0	0
LOC105375242	3	0	3
LINC01450	0	0	0
LINC01449	0	0	0
LOC105375241	0	0	0
LOC105375246	0	0	0
LOC107986787	0	0	0
LOC105379725	0	0	0
LOC105375247	0	0	0
LOC107986789	0	0	0
INHBA	0	0	0
INHBA-AS1	0	0	0
LOC124901618	0	0	0
GLI3	192	0	192
LOC105375249	0	0	0
LOC105375250	0	0	0
LOC105375251	0	0	0
LINC01448	0	0	0
LOC107986735	0	0	0
C7orf25	331	0	331
PSMA2	2732	1	2731
MRPL32	786	0	786
LOC105375253	0	0	0
LOC107986790	0	0	0
HECW1	71	5	98
HECW1-IT1	0	0	0
MIR3943	0	0	0
LOC124901619	0	15	0
LOC102724903	0	0	0
LUARIS	16	18	15
STK17A	735	137	1947
COA1	1341	1256	1434
BLVRA	1203	1	1202
URGCP-MRPS24	0	0	0
MRPS24	0	0	0
LOC124901620	10	7	8
URGCP	1107	10	1125
UBE2D4	88	36	254
POLR2J4	119	144	136
SPDYE1	15	25	0
RASA4CP	1	6	4
LINC00957	6	3	12
DBNL	1705	14	1731
MIR6837	0	0	0
PGAM2	0	38	2
POLM	273	0	273
MIR6838	0	0	0
AEBP1	1	0	1
MIR4649	0	0	0
POLD2	3839	2	3837
MYL7	0	0	0
GCK	0	0	0
LOC105375258	0	0	0
LOC105375257	0	0	0
YKT6	1443	0	1443
CAMK2B	0	0	0
LOC124901621	0	0	0
NUDCD3	844	1	843
NPC1L1	13	0	13
DDX56	2449	1	2448
TMED4	3272	24	3248
OGDH	6773	3	6770
LOC124901622	1	0	1
ZMIZ2	1821	5	1816
LOC105375259	51	1	50
PPIA	38031	7	38024
H2AZ2	2686	0	2686
H2AZ2-DT	7	0	7
PURB	985	3	982
MIR4657	0	0	0
LOC105375262	0	0	0
MYO1G	54	0	54
SNHG15	879	3	876
SNORA9	72	0	72
LOC102723334	14	3	19
CCM2	513	7	514
NACAD	6	0	6
TBRG4	3086	4	3082
SNORA5A	0	0	0
SNORA5C	10	0	10
SNORA5B	1	0	1
RAMP3	0	0	0
LOC124901623	0	0	0
LOC107986736	0	0	0
LOC124901624	0	0	0
ADCY1	0	0	0
SEPTIN7P2	277	0	277
GTF2IP13	25	0	25
LOC124901625	0	0	0
LOC730234	7	0	7
LOC112267918	75	0	76
CCDC201	2	1	2
IGFBP1	0	0	0
IGFBP3	1285	0	1285
LOC102723446	1	0	1
LOC105375264	0	0	0
LOC105375266	0	0	0
LOC730338	0	0	0
LOC124901626	0	0	0
LOC105375267	0	0	0
LOC105375268	0	0	0
LOC124901627	0	0	0
LOC124901628	3	0	3
TNS3	2031	0	2031
LOC124901629	19	0	19
SNORD151	0	0	0
LINC01447	0	0	0
LINC02902	0	0	0
LINC00525	54	2	52
PKD1L1	138	0	138
PKD1L1-AS1	0	0	0
HUS1	321	0	321
LOC105375270	0	0	0
SUN3	2	0	2
C7orf57	0	0	0
UPP1	544	4	540
LOC105375271	2	0	2
ABCA13	0	0	0
LOC105375272	0	0	0
LINC02838	0	0	0
CDC14C	0	0	0
LOC124901804	0	0	0
VWC2	0	0	0
ZPBP	0	0	0
LOC124901630	0	0	0
SPMIP7	0	0	0
IKZF1	0	0	0
LOC124901631	0	0	0
FIGNL1	525	1	524
DDC	0	0	0
DDC-AS1	0	0	0
GRB10	1017	0	1017
LOC124901632	0	0	0
LOC124900241	0	0	0
COBL	1667	2	1665
LOC124901633	13	0	13
LOC107986794	0	0	0
LOC102723533	0	0	0
LOC105375277	0	0	0
LOC105375278	0	0	0
LOC124901634	0	0	0
LOC107986738	0	0	0
LOC124900240	0	0	0
LOC124901810	0	0	0
LOC107986796	0	0	0
LOC101928257	0	0	0
LOC124901805	0	0	0
POM121L12	0	0	0
LOC105375282	0	0	0
GS1-278J22.2	0	0	0
LINC01446	18	0	18
LINC02854	0	0	0
LINC01445	0	0	0
LOC124901829	0	0	0
VSTM2A	0	0	0
VSTM2A-OT1	0	0	0
LOC124901635	0	0	0
SEC61G	831	0	832
SEC61G-DT	1	2	0
LOC124901636	392	0	392
LOC105375284	10	4	9
EGFR	3008	1	3070
EGFR-AS1	4	64	0
ELDR	5	5	0
LANCL2	193	9	184
VOPP1	564	0	564
VOPP1-DT	0	0	0
FKBP9P1	4	0	4
LOC101060341	5	0	5
LOC102723656	1	0	1
SEPTIN14	0	0	0
ZNF713	18	0	18
MRPS17	406	0	406
NIPSNAP2	1253	0	1253
PSPH	431	0	431
CCT6A	6715	2	6713
SNORA22B	2	0	2
SNORA15	1	0	1
SUMF2	3393	8	3638
PHKG1	7	250	8
CHCHD2	7304	2	7302
NUPR2	0	0	0
LOC105375288	0	0	0
LOC107986800	4	0	4
LOC105375292	0	0	0
LOC101930109	0	0	0
LOC650226	1	1	0
LOC100240728	0	0	0
LOC124901640	0	0	0
DKFZp434L192	0	0	0
LOC101928401	0	0	0
LOC105375291	0	0	0
LOC102723684	0	0	0
LOC105375289	0	0	0
LOC401357	0	0	0
LOC124901637	0	0	0
LOC124901639	0	0	0
LOC124901638	0	0	0
LOC105375294	0	0	0
LOC105375295	0	0	0
LOC100130849	0	0	0
MIR4283-1	0	0	0
ZNF479	0	0	0
GUSBP10	0	0	0
LOC105375297	0	0	0
LOC105375298	0	0	0
LOC105375299	0	0	0
MIR3147HG	0	0	0
MIR3147	0	0	0
ZNF716	0	0	0
LOC105375300	0	0	0
LOC105375301	0	0	0
LOC105375302	0	0	0
LOC102723842	0	0	0
LOC124901826	0	0	0
ZNF733P	0	0	0
LOC102724738	0	0	0
LOC100287704	0	0	0
LINC03075	0	0	0
LOC101929050	0	0	0
LOC124901641	0	0	0
LOC100287834	0	0	0
MIR4283-2	0	0	0
LOC105375313	0	0	0
LOC105375314	0	0	0
LOC105375315	0	0	0
LOC124901649	0	0	0
LOC124901797	0	0	0
LOC124901645	0	0	0
LOC124901650	0	0	0
LOC124901798	0	0	0
LOC124901644	0	0	0
LOC124901647	0	0	0
LOC124901652	0	0	0
LOC124901648	0	0	0
LOC124901651	0	0	0
LOC124901646	0	0	0
LOC124901643	0	0	0
LOC124901654	0	0	0
LINC02848	0	0	0
LOC124901653	0	0	0
LOC105375318	0	0	0
ZNF722	0	0	0
LINC01005	0	0	0
LOC105375317	0	0	0
ZNF727	0	0	0
LOC124901655	0	0	0
ZNF735	0	0	0
LOC105375319	0	0	0
ZNF679	0	0	0
LOC105375323	0	0	0
LOC105375322	0	0	0
ZNF736	160	0	160
LOC105375321	5	0	5
LOC105375324	0	0	0
YWHAEP1	0	0	0
LOC124901658	0	0	0
ZNF680	213	0	213
LOC124901657	0	0	0
LOC100128885	0	0	0
LOC641746	1	0	1
LOC124901656	0	0	0
LOC105375326	0	0	0
ZNF107	227	0	227
MIR6839	0	0	0
ZNF138	135	0	135
ZNF273	60	0	60
LOC441239	0	0	0
ZNF117	0	0	0
ERV3-1-ZNF117	0	0	0
ERV3-1	53	0	53
LOC105375330	0	0	0
LOC105375329	0	0	0
CCT6P3	76	23	53
LOC124901663	1	1	0
SNORA22C	0	0	0
SNORA15B-1	0	0	0
LOC124901662	0	0	0
INTS4P1	9	0	9
LOC124901661	0	0	0
LOC105375334	0	0	0
ZNF92	151	0	151
LOC124901660	0	0	0
LOC101929322	0	0	0
LINC03006	53	52	55
INTS4P2	14	14	2
CCT6P1	94	12	134
SNORA22	3	0	3
SNORA15B-2	2	2	0
LOC124901659	4	0	4
LINC03129	3	0	3
VKORC1L1	1257	2	1255
GUSB	2101	1	2100
LOC105375336	0	0	0
ASL	689	0	689
CRCP	468	1	467
TPST1	30	0	30
LINC00174	142	0	142
LINC03011	41	0	41
RABGEF1P1	402	0	402
KCTD7	204	0	204
LOC100996437	17	0	17
RABGEF1	578	130	764
LOC107986707	0	0	0
GTF2IRD1P1	2	316	2
GTF2IP23	22	0	22
LINC02604	105	0	105
TMEM248	2348	3	2345
SBDS	1612	0	1612
TYW1	474	5	472
LOC124901664	2	2	0
MIR4650-1	0	0	0
LOC124901666	0	0	0
LOC124901665	9	6	6
PMS2P4	47	0	48
SPDYE21	11	12	0
STAG3L4	215	0	215
LINC01372	3	0	3
LOC105375337	0	0	0
LOC105375340	0	0	0
LOC107986741	0	0	0
LOC102723427	0	0	0
LOC105375341	0	0	0
LOC105375342	0	0	0
LOC105375343	0	0	0
LOC105375344	0	0	0
LOC105375345	0	0	0
LOC124901667	0	0	0
LOC105375346	0	0	0
CT66	0	0	0
AUTS2	82	1	81
LOC124901669	0	0	0
LOC124901668	0	0	0
LOC107986709	0	0	0
LOC105375347	0	0	0
GALNT17	0	0	0
MIR3914-1	0	0	0
MIR3914-2	0	0	0
CALN1	0	0	0
TYW1B	44	0	44
MIR4650-2	0	0	0
SBDSP1	417	0	417
SPDYE7P	0	0	0
POM121	1408	511	1407
NSUN5P2	39	17	504
LOC124901671	7	2	5
TRIM74	7	0	22
FKBP6P1	9	24	0
LOC124901672	30	39	0
STAG3L3	88	0	97
PMS2P7	34	0	34
SPDYE8	0	0	0
SPDYE11	0	0	0
SPDYE9	0	0	0
SPDYE10	1	27	0
GTF2IP4	374	0	400
NCF1B	1	1	0
NSUN5	1152	11	1153
TRIM50	0	0	0
FKBP6	0	0	0
FZD9	65	0	65
BAZ1B	3300	1	3299
BCL7B	550	0	550
TBL2	1113	0	1113
MLXIPL	683	0	683
VPS37D	55	0	55
DNAJC30	375	1	375
BUD23	2297	0	2298
STX1A	173	1	214
LOC105375350	6	47	0
MIR4284	0	0	0
BICDL3P	3	0	3
ABHD11	307	0	307
CLDN3	0	0	0
CLDN4	126	27	99
METTL27	84	0	84
TMEM270	1	0	1
ELN	0	0	0
ELN-AS1	0	0	0
LIMK1	661	0	661
EIF4H	9688	1	9687
MIR590	3	0	3
LAT2	22	14	8
RFC2	1363	0	1363
LOC107986742	0	0	0
CLIP2	120	0	120
GTF2IRD1	1758	0	1758
WBSCR23	1	0	1
MIR10525	2	0	2
GTF2I	681	0	1437
GTF2I-AS1	1	758	0
NCF1	0	0	0
GTF2IRD2	20	0	20
LOC124901673	39	121	0
STAG3L2	99	3	180
PMS2P5	45	0	98
SPDYE12	45	98	0
LOC105375352	0	0	0
CASTOR2	468	14	496
RCC1L	1180	32	1190
GTF2IRD2B	125	0	125
NCF1C	0	0	0
GTF2IP1	221	0	235
LOC107986710	0	2	0
SPDYE14	0	0	0
SPDYE13	0	0	0
SPDYE15	0	2	0
PMS2P2	0	0	2
STAG3L1	6	0	12
LOC124901677	3	6	0
FKBP6P2	13	15	0
TRIM73	2	0	4
LOC124901676	11	2	11
NSUN5P1	459	24	473
POM121C	1095	41	1091
SPDYE5	4	4	0
PMS2P3	71	0	71
HIP1	1323	0	1323
CCL26	31	0	31
CCL24	0	0	0
RHBDD2	2263	3	2260
LOC124901680	0	0	0
POR	7265	11	7261
MIR4651	0	0	0
SNORA14A	0	0	0
TMEM120A	839	8	838
STYXL1	268	0	268
MDH2	6576	1	6575
GTF2IP7	17	0	17
LOC124901854	0	0	0
LOC124901674	0	0	0
SRRM3	53	0	53
LOC124901679	0	0	0
HSPB1	12641	8	12633
FPASL	0	0	0
YWHAG	4786	2	4784
SSC4D	55	110	62
ZP3	251	11	357
DTX2	305	2	316
FDPSP2	4	11	6
LOC124901675	3	15	16
UPK3B	2	14	16
SPDYE16	0	0	0
LINC03009	0	0	0
POMZP3	0	0	0
LOC105375358	0	0	0
DTX2P1-UPK3BP1-PMS2P11	34	1	33
SPDYE17	0	0	0
PMS2P9	7	1	7
SPDYE18	9	6	4
FAM185BP	11	2	9
CCDC146	13	0	13
LOC124901678	0	0	0
FGL2	1	1	0
CCDC146-AS1	0	0	0
LOC102723791	0	0	0
GSAP	22	0	22
LOC101927243	0	0	0
LOC124901830	0	0	0
LOC124901681	12	0	12
PTPN12	1248	0	1248
LOC105375363	1	3	2
APTR	111	34	117
RSBN1L	318	3	351
TMEM60	342	1	341
PHTF2	871	4	867
LOC124901682	5	5	0
DDX3ILA1	0	0	0
MAGI2	0	0	0
LOC124901684	0	0	0
RPL13AP17	0	0	0
LOC124901683	0	0	0
MAGI2-AS2	0	0	0
LOC105375366	0	0	0
MAGI2-AS3	0	0	0
LOC105375369	0	0	0
LOC105375370	0	0	0
LOC105375371	0	0	0
LOC105375372	0	0	0
GNAI1	1401	2	1399
LOC107986743	0	0	0
LOC107986744	0	0	0
LOC105375373	0	0	0
LOC101927269	0	0	0
GNAT3	0	0	0
LOC107986812	0	0	0
LOC124901685	0	0	0
CD36	12	0	12
SEMA3C	876	0	876
LOC124901686	6	0	6
LOC105369146	0	0	0
LOC100128317	0	0	0
HGF	1	1	0
CACNA2D1	0	0	0
CACNA2D1-AS1	0	0	0
LOC124901687	0	0	0
LOC107986813	0	0	0
LOC124901688	0	0	0
LOC105375376	0	0	0
PCLO	0	0	0
LOC105375377	0	0	0
SEMA3E	0	0	0
LOC105375378	0	0	0
LOC107986745	0	0	0
SEMA3A	0	0	0
LINC03017	0	0	0
SEMA3D	0	0	0
LINC00972	0	0	0
GRM3	0	0	0
GRM3-AS1	0	0	0
ELAPOR2	0	0	0
LOC124901689	0	0	0
DMTF1-AS1	27	11	30
DMTF1	1169	80	1175
TMEM243	207	21	502
LOC105375384	27	258	7
TP53TG1	0	0	0
CROT	1	0	1
ABCB4	0	0	0
ABCB1	12	0	12
LOC124901834	0	0	0
RUNDC3B	1	1	0
SLC25A40	411	0	411
DBF4	658	0	658
LOC124901690	0	0	0
ADAM22	18	9	9
LOC105375386	0	0	0
SRI	1169	0	1493
LOC124901691	1	0	1
SRI-AS1	0	325	0
STEAP4	7699	1	7698
LOC124901692	0	0	0
LOC107986815	0	0	0
LOC124900238	0	0	0
LOC107986816	0	0	0
ZNF804B	0	0	0
TEX47	0	0	0
LOC105375387	0	0	0
LOC107986817	0	0	0
STEAP2-AS1	0	0	0
DPY19L2P4	0	0	0
STEAP1	1	0	1
STEAP2	0	0	0
LOC107986819	0	0	0
CFAP69	10	0	10
FAM237B	2	2	0
LOC107986715	0	0	0
LOC101927446	0	0	0
GTPBP10	331	0	331
LOC101409256	1	0	1
CLDN12	567	0	567
PTTG1IP2	0	0	0
LOC124901693	0	0	0
CDK14	76	0	76
LOC124901839	0	0	0
LOC124901694	1	0	1
FZD1	192	0	192
LOC124901695	0	0	0
LINC02932	0	0	0
LOC107986716	0	0	0
LOC101927473	0	0	0
LOC124901697	1	0	1
LOC124901696	0	0	0
MTERF1	289	0	289
LOC112267986	2	0	2
LOC124901698	0	0	0
AKAP9	896	13	886
CYP51A1	1354	3	1368
CYP51A1-AS1	2	13	3
LRRD1	0	0	0
KRIT1	567	2	567
MIR1285-1	1	0	1
ANKIB1	938	0	940
TMBIM7P	0	0	0
GATAD1	569	211	572
ERVW-1	0	0	0
PEX1	322	20	516
RBM48	299	0	299
FAM133B	280	0	280
LOC105375397	0	0	0
CDK6	992	2	995
LOC112268009	5	0	5
CDK6-AS1	0	4	1
SAMD9	887	0	887
SAMD9L	158	0	158
HEPACAM2	1	0	1
VPS50	600	1	599
CALCR	0	0	0
MIR653	0	0	0
MIR489	0	0	0
LOC105375400	0	0	0
MIR4652	0	0	0
LOC124901811	0	0	0
TFPI2	0	0	0
TFPI2-DT	0	0	0
GNGT1	0	0	0
LOC105375402	0	0	0
GNG11	588	0	588
BET1	768	0	772
BET1-AS1	40	44	0
LOC130890646	0	0	0
LOC124901812	0	0	0
LOC112267858	0	0	0
LOC107986821	0	0	0
COL1A2-AS1	0	0	0
COL1A2	1	0	1
CASD1	195	3	192
LOC105375404	3	3	0
SGCE	663	0	663
PEG10	2207	0	2207
PPP1R9A	236	0	236
PPP1R9A-AS1	5	0	5
LOC124901848	0	0	0
PON1	6	2	4
PON3	2	0	2
LOC107986822	22	22	0
PON2	8969	2	8967
ASB4	4	0	4
LOC107986823	0	0	0
LOC124901699	4	0	4
PDK4	1650	2	1648
PDK4-AS1	13	0	13
LOC107986746	0	0	0
LOC105375409	0	0	0
DYNC1I1	0	0	0
LOC124901700	0	0	0
LOC124901701	0	0	0
SLC25A13	1499	1	1498
MIR591	0	0	0
LOC105375410	0	0	0
LOC124901702	0	0	0
LOC105375411	0	0	0
SEM1	613	0	613
LOC105375412	0	0	0
LOC107986825	0	0	0
LOC105375414	0	0	0
LOC124901703	0	0	0
DLX6-AS1	0	0	0
DLX6	0	0	0
DLX5	0	0	0
SDHAF3	164	0	164
LOC107984034	0	0	0
LOC124901704	3	3	0
LOC107986826	0	0	0
LOC105375416	0	0	0
TAC1	0	0	0
ASNS	6	0	6
CZ1P-ASNS	1	0	1
MIR5692A1	0	0	0
MIR5692C2	0	0	0
CCZ1P-OR7E38P	97	0	97
OCM2	0	0	0
LMTK2	830	0	830
BHLHA15	0	0	0
TECPR1	318	0	318
LOC124901706	16	0	16
LOC124901705	0	0	0
BRI3	546	618	539
BAIAP2L1	965	9	1567
NPTX2	0	0	0
LOC105375419	0	0	0
LOC105375418	0	0	0
TMEM130	0	0	0
TRRAP	1865	4	1861
MIR3609	0	0	0
SCARNA28	0	0	0
LOC124901832	0	0	0
LOC101927550	20	107	26
SMURF1	742	22	834
KPNA7	0	0	0
MYH16	5	6	0
LOC105375421	5	0	6
ARPC1A	2449	0	2449
ARPC1B	5875	32	5952
PDAP1	2560	115	2554
BUD31	236	111	854
MIR12119	0	0	0
LOC124901707	0	0	0
LOC124901841	2	2	0
ATP5MF-PTCD1	0	0	0
PTCD1	1	0	1
CPSF4	683	12	673
ATP5MF	113	1	112
TRW-CCA5-1	0	0	0
ZNF789	214	13	222
ZNF394	327	17	331
ZKSCAN5	411	0	411
FAM200A	166	2	176
LOC105375422	0	2	0
ZNF655	577	12	575
TMEM225B	3	0	3
ZSCAN25	331	3	344
CYP3A5	29	14	31
CYP3A7-CYP3A51P	0	0	0
CYP3A7	0	0	0
CYP3A4	1	1	0
CYP3A4-AS1	2	0	2
CYP3A43	0	0	0
OR2AE1	0	0	0
TRIM4	149	0	149
LOC101927610	0	0	4
GJC3	0	4	0
LOC124900245	0	0	0
AZGP1	0	0	0
AZGP1P1	0	0	0
LOC105375423	0	0	0
ZKSCAN1	786	0	786
ZSCAN21	75	8	200
ZNF3	490	127	496
COPS6	3176	1	3175
MCM7	6166	9	6833
MIR25	37	0	37
MIR93	1	0	1
MIR106B	2	0	2
AP4M1	340	1598	393
TAF6	1206	150	2128
CNPY4	238	6	314
MBLAC1	21	6	30
LAMTOR4	540	1	539
TRAPPC14	404	0	404
MIR4658	0	0	0
GAL3ST4	3	0	3
GPC2	123	0	123
STAG3	39	251	13
CASTOR3P	349	3	571
PVRIG	35	32	3
LOC105375426	0	0	0
SPDYE3	86	155	3
PMS2P1	137	75	214
STAG3L5P-PVRIG2P-PILRB	214	2	212
STAG3L5P	2	0	2
PVRIG2P	0	0	0
MIR6840	6	0	6
PILRB	12	0	12
PILRA	20	0	20
ZCWPW1	19	0	19
MEPCE	1713	1	1712
PPP1R35	883	5	878
PPP1R35-AS1	0	0	0
TSC22D4-C7ORF61	0	0	0
SPACDR	0	0	0
TSC22D4	123	0	123
NYAP1	18	7	11
LOC107986829	0	0	0
AGFG2	1068	0	1069
LOC124901708	0	1	0
SAP25	18	0	18
LRCH4	512	1	511
FBXO24	3	0	13
PCOLCE-AS1	0	13	0
PCOLCE	166	0	169
MOSPD3	300	2	298
TFR2	109	1	136
LOC124901709	3	31	0
LOC124901710	6	0	6
ACTL6B	0	0	0
LOC105375429	0	0	0
GNB2	4057	7	4050
GIGYF1	1433	2	1431
POP7	653	0	653
EPO	2	0	2
ZAN	0	1	0
EPHB4	1913	1	2051
SLC12A9	701	153	689
SLC12A9-AS1	1	1	3
TRIP6	2305	0	2305
MIR6875	0	0	0
SRRT	3146	17	3130
UFSP1	84	0	85
ACHE	4	0	4
LOC105375431	0	0	0
MUC3A	9	0	9
LOC124900622	0	0	0
MUC12	0	0	1
MUC12-AS1	0	1	0
MUC17	0	0	0
TRIM56	1134	0	1134
SERPINE1	815	0	815
AP1S1	1830	0	1830
MIR4653	2	0	2
VGF	50	1	49
NAT16	41	1	40
MOGAT3	5	0	5
PLOD3	4028	0	4028
ZNHIT1	1007	0	1007
CLDN15	284	0	284
FIS1	757	0	757
LNCPRESS1	0	0	0
EMSLR	71	3	86
IFT22	372	44	346
COL26A1	27	0	27
LINC01007	0	0	0
LOC107986832	0	0	0
MYL10	0	0	0
CUX1	2053	4	2049
LOC124900244	0	0	0
LOC124901711	0	0	0
SH2B2	225	1	224
MIR4285	0	0	0
LOC107986717	0	1	0
SPDYE6	11	11	0
LOC100630923	0	0	0
LOC100289561	4	0	4
PRKRIP1	30	0	30
MIR548O	0	0	0
LOC105375433	3	147	0
ORAI2	58	6	58
ALKBH4	256	7	255
LRWD1	539	4	539
MIR5090	0	0	0
MIR4467	3	1	2
POLR2J	419	12	411
RASA4B	20	3	31
LOC124901715	1	13	2
POLR2J3-UPK3BL2	0	0	0
UPK3BL2	0	0	0
SPDYE2	14	16	0
POLR2J3	0	0	0
LOC124901712	0	0	0
RASA4	25	2	29
LOC124901714	0	4	2
POLR2J2-UPK3BL1	0	0	0
UPK3BL1	0	0	0
SPDYE2B	2	2	0
POLR2J2	0	0	0
RASA4DP	4	0	9
LOC124901713	6	6	5
FAM185A	153	0	153
FBXL13	6	2	4
LRRC17	2	0	2
NFE4	0	0	0
ARMC10	193	0	193
NAPEPLD	0	0	2
RPL19P12	1	0	1
LOC105375434	0	2	0
DPY19L2P2	0	0	0
PMPCB	1588	298	1701
DNAJC2	977	150	1238
PSMC2	2121	3	2118
SLC26A5	0	0	0
SLC26A5-AS1	0	0	0
RELN	0	0	0
LOC105375435	0	0	0
ORC5	543	0	543
LHFPL3	1	0	1
LHFPL3-AS1	0	0	0
LHFPL3-AS2	0	0	0
LOC101927902	0	0	0
LINC01004	147	0	147
KMT2E-AS1	144	1	145
KMT2E	1014	92	932
SRPK2	1072	15	1211
LOC124901717	2	146	2
LOC124901718	0	0	0
PUS7	781	0	781
RINT1	324	1	521
EFCAB10	5	202	1
EFCAB10-AS1	22	0	22
ATXN7L1	83	0	83
CDHR3	0	0	0
LOC107986833	0	0	0
SYPL1	2038	3	2035
LOC124901719	0	0	0
NAMPT	2585	5	2585
NAMPT-AS1	1	0	6
CTB-30L5.1	0	0	0
LOC105375440	0	0	0
CCDC71L	320	7	313
LINC02577	1	0	1
PIK3CG	0	0	0
PRKAR2B	0	0	0
PRKAR2B-AS1	0	0	0
HBP1	0	0	0
COG5	1	0	1
LOC124901720	0	0	0
LOC124901721	0	0	0
GPR22	0	0	0
DUS4L-BCAP29	0	0	0
DUS4L	0	0	0
BCAP29	0	0	0
SLC26A4-AS1	0	0	0
SLC26A4	4	0	4
CBLL1-AS1	17	6	19
CBLL1	631	3	636
SLC26A3	0	0	0
LOC105375444	0	0	0
LOC105375445	0	0	0
DLD	1797	1	1798
LAMB1	2577	16	2563
LAMB4	0	0	0
LOC107986834	0	0	0
LOC107986835	0	0	0
LOC105375446	0	0	0
NRCAM	1	0	1
LOC102724363	0	0	0
PNPLA8	588	0	588
LOC124901722	0	0	0
THAP5	298	0	298
DNAJB9	244	0	244
LOC105375448	0	0	0
LOC107986836	0	0	0
LINC02903	0	0	0
EIF3IP1	0	0	0
LOC105375451	1	0	1
LOC105375450	0	0	0
LOC105375452	0	0	0
LOC124901723	0	0	0
IMMP2L	297	0	297
LOC124901724	1	0	1
LRRN3	0	0	0
LOC124901725	42	0	42
LOC124900232	9	0	9
DOCK4	199	0	203
LOC124901727	0	0	0
LOC124901726	0	4	0
DOCK4-AS1	3	3	0
ZNF277	407	0	407
ZNF277-AS1	3	3	0
LOC105375456	1	0	2
LOC105375457	2	0	3
IFRD1	970	1	970
LOC128031837	0	0	0
LSMEM1	31	0	31
LINC03076	0	0	0
LOC101928012	0	0	0
TMEM168	0	0	0
LOC124901729	1	0	1
SAMTOR	114	0	114
HRAT17	0	0	0
GPR85	0	0	0
LOC107986837	1	0	1
SMIM30	659	0	659
LOC124901813	0	0	0
LOC124901814	0	0	0
PPP1R3A	0	0	0
FOXP2	187	0	187
MIR3666	0	0	0
MDFIC	551	0	551
LINC01393	3	0	3
LINC01392	0	0	0
SNORA25B	0	0	0
LOC100506489	0	0	0
LOC105375461	0	0	0
LOC105375462	0	0	0
LOC102724407	0	0	0
TFEC	1	0	1
TES	1293	0	1469
LOC124901730	21	195	2
LOC102724434	0	0	0
LOC105375463	0	0	0
LOC124900233	0	0	0
CAV2-DT	5	0	5
CAV2	1081	0	1081
CAV1	2430	3	2427
COMETT	0	0	0
MET	3406	1	3405
LOC124901731	2	0	2
CAPZA2	2247	0	2247
LOC105375465	0	0	1
ST7-AS1	15	114	37
ST7	216	6	442
ST7-OT4	1	16	5
MIR6132	0	0	0
ST7-AS2	1	116	0
LOC124901732	0	0	0
ST7-OT3	0	0	0
LOC105375466	0	0	0
WNT2	0	0	0
LOC124900596	0	0	0
LOC105375467	0	0	0
ASZ1	2	0	2
LOC105375468	0	0	0
CFTR	0	0	0
CFTR-AS1	0	0	0
CFTR-AS2	0	0	0
CTTNBP2	1	0	1
LOC105375469	0	0	0
LOC105375470	0	0	0
LSM8	579	0	579
ANKRD7	0	0	0
LOC102724495	0	0	0
LOC124901815	0	0	0
LOC105375471	0	0	0
LOC105375472	0	0	0
LOC107986747	0	0	0
LOC105375473	0	0	0
LOC124901816	0	0	0
LINC02476	1	0	1
LOC107986840	0	0	0
LOC105375477	0	0	0
KCND2	0	0	0
TSPAN12	357	0	357
LOC124901733	0	0	0
ING3	183	0	183
LOC124901734	1	1	0
CPED1	7	0	7
LOC124901735	7	0	8
WNT16	4	2	3
FAM3C	491	0	491
LOC124901737	0	0	0
LOC124901736	0	0	0
LOC105375478	0	0	0
PTPRZ1	0	0	0
AASS	0	0	0
LOC102724527	0	0	0
FEZF1	0	0	0
FEZF1-AS1	0	0	0
CADPS2	0	0	0
LOC105375481	0	0	0
LOC124901739	0	0	0
RNF133	0	0	0
RNF148	0	0	0
LOC124901738	0	0	0
LOC105375482	0	0	0
TAS2R16	0	0	0
SLC13A1	0	0	0
IQUB	9	0	9
LOC124901740	2	0	2
NDUFA5	639	1	638
ASB15	0	0	0
ASB15-AS1	0	0	0
LMOD2	1	1	0
WASL	1043	8	1038
WASL-DT	110	3	110
HYAL4	21	6	15
HYAL6P	1	1	0
SPAM1	0	0	0
LOC105375483	0	0	0
TMEM229A	0	0	0
LOC124901741	0	0	0
LOC105375484	0	0	0
LOC107986841	0	0	0
LOC101928211	0	0	0
LOC102724577	0	0	0
SSU72L6	0	0	0
GPR37	843	0	843
LINC03043	0	0	0
POT1	720	0	722
POT1-AS1	14	2	14
LINC02830	1	1	0
LOC101928283	1	0	1
LOC101928254	0	0	0
LOC100506664	0	0	0
LOC105375487	0	0	0
LOC105375488	0	0	0
GRM8	0	0	0
LOC101928357	0	0	0
LOC107986843	0	0	0
MIR592	0	0	0
LOC124901742	0	0	0
GRM8-AS1	0	0	0
ZNF800	545	0	545
LINC03012	0	0	0
LOC105375490	0	13	0
GCC1	380	1	380
ARF5	2011	1	2366
LOC105375489	1	320	1
FSCN3	0	0	0
PAX4	0	0	0
SND1-DT	0	0	0
SND1	6604	0	6604
SND1-IT1	2	0	2
LRRC4	1	1	0
LOC124901743	0	0	0
MIR593	0	0	0
LOC105375493	0	0	0
LOC124901744	3	0	3
MIR129-1	0	0	0
LEP	1	1	0
RBM28	777	0	777
PRRT4	9	0	9
LOC107986845	1	11	1
IMPDH1	2714	2	2723
EFCAB3P1	80	0	80
HILPDA	107	0	107
METTL2B	625	0	625
LINC01000	926	1	925
GARIN1A	19	0	19
GARIN1B	1	0	1
CALU	5905	1	6049
OPN1SW	0	145	0
TRP-AGG2-3	0	0	0
CCDC136	3	0	3
FLNC	0	0	0
FLNC-AS1	0	0	0
ATP6V1F	987	2	985
SPMIP1	20	0	20
KCP	1	1	1
LOC105375497	0	0	1
IRF5	2	2	0
TNPO3	1444	9	1443
TPI1P2	9	0	17
LOC124901836	0	0	0
LOC124901863	0	0	0
LOC407835	3	0	3
TSPAN33	19	0	19
SMO	0	0	0
AHCYL2	455	0	457
LOC124900234	2	0	2
LOC105375500	3	0	3
LOC107986847	0	2	0
STRIP2	503	0	503
SMKR1	6	0	6
NRF1	399	0	399
LOC105375501	1	0	1
MIR182	0	0	0
MIR96	0	0	0
MIR183	0	0	0
UBE2H	2524	4	2520
UBE2H-DT	0	127	0
ZC3HC1	501	2	626
KLHDC10	666	0	666
LINC03008	0	0	0
TMEM209	686	0	688
LOC124901745	14	16	0
SSMEM1	0	0	0
CPA2	5	0	5
CPA4	1874	0	1874
LOC105375503	13	22	0
LOC124901842	0	0	9
LOC124901837	0	0	0
CPA5	4	0	4
LOC105375504	0	0	0
CPA1	0	0	0
CEP41	178	0	178
LOC105375505	0	0	0
MESTIT1	2	34	3
MEST	288	6	321
MIR335	0	0	0
COPG2	604	2	606
COPG2IT1	2	0	2
LOC124901746	0	0	0
TSGA13	0	0	0
KLF14	10	3	10
LOC105375508	0	0	4
LOC105375509	0	1	0
MIR29A	0	0	0
MIR29B1	0	0	0
LINC-PINT	152	7	148
LINC00513	4	0	4
MKLN1	1329	1	1331
MKLN1-AS	80	5	75
LOC124901747	5	0	5
PODXL	4127	7	4120
LOC107986849	3	0	3
LOC101928782	0	0	0
PLXNA4	1	0	1
PLXNA4-AS2	0	0	0
PLXNA4-AS1	0	0	0
LOC105375511	0	0	0
LOC102724906	0	0	0
FLJ40288	0	0	0
LOC124900236	0	0	0
LOC100506937	0	0	0
CHCHD3	897	0	897
MIR3654	104	0	104
LOC105375512	0	0	0
EXOC4	1430	0	1580
MIR6133	0	0	0
LOC124901748	0	153	0
LOC124901749	2	0	2
LOC101928861	0	0	0
LOC105375514	1	1	0
LRGUK	15	0	15
SLC35B4	631	1	630
LOC105375518	0	0	0
LOC105375517	1	0	1
LINC03060	5	0	5
AKR1B1	7502	6	7496
AKR1B10	21	0	21
LOC105375520	4	4	0
AKR1B15	3	0	3
LOC124901750	0	21	0
BPGM	285	0	293
CALD1	2074	2	2085
AGBL3	35	6	32
CYREN	317	20	424
TMEM140	127	238	13
WDR91	180	0	180
MIR6509	0	0	0
STRA8	0	0	0
LOC107984123	0	0	0
CNOT4	416	2	414
NUP205	3470	1	3469
STMP1	457	1	456
SLC13A4	1	20	0
LOC105375521	19	0	36
FAM180A	0	0	0
LOC105375522	0	0	0
MTPN	2692	0	2692
LOC105375523	2	0	2
LOC105375524	0	0	0
LOC124901850	0	0	0
CHRM2	0	0	0
LOC349160	0	0	0
MIR490	0	0	0
LOC105375525	0	0	0
PTN	7	0	7
LOC124900235	0	0	0
LOC105375527	0	0	0
DGKI	2	0	2
CREB3L2	1641	0	1641
CREB3L2-AS1	0	0	0
LOC124901752	0	0	0
LOC124901753	0	0	0
AKR1D1	0	0	0
LOC124901828	0	0	0
MIR4468	0	0	0
LOC107986749	0	0	0
LOC124900243	0	0	0
LOC124901754	0	0	0
TRIM24	1214	14	1200
LOC124901843	0	0	0
LOC124901755	1	0	1
SVOPL	132	0	132
LOC124900246	0	0	0
ATP6V0A4	66	0	66
TMEM213	0	0	0
KIAA1549	1295	0	1295
ZC3HAV1L	431	40	408
LOC107986852	15	0	32
ZC3HAV1	7388	7	7381
MIR10399	0	0	0
IFT56	335	0	335
LOC124901756	2	0	2
UBN2	1001	9	992
LUC7L2	176	10	166
FMC1	3	0	3
TRR-CCT4-1	0	0	0
FMC1-LUC7L2	0	0	0
LOC100129148	2	841	0
KLRG2	0	0	0
CLEC2L	0	0	0
HIPK2	4	0	4
LOC105375530	0	0	0
TBXAS1	0	0	0
LOC107986853	0	0	0
LOC105375532	0	0	0
PARP12	1178	0	1178
LOC124901757	0	0	0
KDM7A	253	0	253
KDM7A-DT	69	0	69
LOC107986854	0	0	0
LOC105375534	0	0	0
LOC124901758	2	0	2
SLC37A3	612	0	612
LOC124901838	0	0	0
LOC124901759	0	0	0
RAB19	0	0	0
MKRN1	2778	1	2777
DENND2A	4	0	4
LOC105375535	0	0	0
ADCK2	652	4	648
NDUFB2-AS1	13	698	20
NDUFB2	187	9	884
BRAF	582	13	569
LOC105375536	1	0	1
LOC107986720	0	0	0
MRPS33	564	0	564
LOC107986719	0	0	0
LOC105375537	0	0	0
TMEM178B	473	0	473
LOC124901760	0	0	0
AGK-DT	2	2	0
AGK	70	0	70
DENND11	0	0	0
WEE2-AS1	0	0	0
WEE2	0	0	0
SSBP1	438	0	438
TAS2R3	1	0	1
TAS2R4	21	0	21
TAS2R5	22	0	22
PRSS37	0	0	0
OR9A4	0	0	0
CLEC5A	0	0	0
LOC124901761	0	0	0
TAS2R38	0	0	0
MGAM	0	0	0
MGAM2	0	0	0
MOXD2P	0	0	0
PRSS58	0	0	0
PRSS59P	0	0	0
LOC105375539	0	0	0
LOC107986855	0	0	0
MIR11400	0	0	0
PRSS1	0	0	0
LOC124901763	0	0	0
PRSS2	0	0	0
LOC124901762	0	0	0
LOC105375541	0	0	0
EPHB6	0	0	0
TRPV6	0	0	0
TRPV5	0	0	0
LOC105375542	0	0	0
LLCFC1	0	0	0
KEL	0	0	0
OR9A2	0	0	0
LOC105375544	0	0	0
OR6V1	0	0	0
OR6W1P	0	0	0
PIP	0	0	0
TAS2R39	0	0	0
LOC124901764	0	0	0
TAS2R40	0	0	0
LOC105375546	0	0	0
TMEM139-AS1	0	126	0
GSTK1	3028	3	3025
TMEM139	570	2	694
CASP2	1365	0	1365
CLCN1	6	0	6
FAM131B	4	0	4
FAM131B-AS1	0	0	0
FAM131B-AS2	106	12	94
ZYX	0	0	0
MIR6892	0	0	0
EPHA1	0	0	0
EPHA1-AS1	0	0	0
TAS2R60	0	0	0
TAS2R41	0	0	0
LOC105375547	0	0	0
OR10AC1	0	0	0
CTAGE15	0	0	0
LOC101928466	7	0	7
TCAF2	51	1	51
CTAGE6	0	0	0
TCAF2P1	1	2	2
LOC154761	0	1	3
LOC112267988	0	0	0
TCAF1	40	0	42
LOC105375549	0	2	0
OR2F2	0	0	0
OR2F1	0	0	0
OR6B1	0	0	0
OR2A5	0	0	0
OR2A25	0	0	0
OR2A12	0	0	0
OR2A2	0	0	0
OR2A14	0	0	0
CTAGE4	10	0	10
ARHGEF35	62	0	86
ARHGEF35-AS1	0	24	0
OR2A42	0	0	0
OR2A1-AS1	2	0	2
OR2A20P	0	0	0
OR2A7	0	0	0
ARHGEF34P	10	0	10
CTAGE8	0	0	0
OR2A9P	0	0	0
OR2A1	0	0	0
ARHGEF5	27	0	27
LOC124901817	0	0	0
NOBOX	0	0	0
TPK1	21	0	21
LOC105375552	0	0	0
LOC105375553	0	0	0
LOC124901765	0	0	0
CNTNAP2	0	0	0
CNTNAP2-AS1	0	0	0
MIR548F4	0	0	0
LOC107986721	0	0	0
LOC105375556	0	0	0
LOC105375554	0	0	0
LOC124901859	0	0	0
LOC124901766	0	0	0
C7orf33	0	0	0
LOC124901818	0	0	0
LOC105375557	0	0	0
CUL1	2190	33	2157
EZH2	1837	0	1837
LOC124901767	1	0	1
RNY5	0	0	0
RNY4	0	0	0
LOC124901768	0	0	0
RNY3	0	0	0
RNY1	0	0	0
GHET1	8	0	8
PDIA4	4831	0	4831
ZNF786	114	3	111
ZNF425	76	2	75
ZNF398	353	0	354
LOC107986856	0	0	0
ZNF282	1050	0	1050
ZNF212	285	0	285
LOC124901769	1	15	2
ZNF783	205	2	219
LOC155060	296	0	296
TRC-GCA1-1	0	0	0
TRC-GCA9-2	0	0	0
TRC-GCA13-1	0	0	0
LOC124901770	0	0	0
TRC-GCA18-1	0	0	0
TRC-GCA10-1	0	0	0
LOC105375559	0	0	0
LOC101928733	0	0	0
TRC-GCA11-1	0	0	0
ZNF777	550	1	549
ZNF746	568	0	568
TRC-GCA16-1	4	4	0
ZNF767P	293	2	291
TRC-GCA22-1	0	0	0
TRC-GCA15-1	0	0	0
TRC-GCA3-1	0	0	0
TRC-GCA23-1	0	0	0
TRC-GCA20-1	0	0	0
TRS-AGA5-1	0	0	0
TRC-GCA19-1	0	0	0
TRC-GCA9-3	0	0	0
TRC-GCA12-1	0	0	0
TRC-GCA21-1	0	0	0
TRC-GCA17-1	0	0	0
TRC-GCA9-4	0	0	0
KRABD3	107	0	107
LOC124901771	0	0	0
ZNF467	341	3	340
SSPOP	85	0	87
ZNF862	305	0	305
ATP6V0E2-AS1	0	0	0
ATP6V0E2	0	0	0
ACTR3C	93	112	106
LOC124901772	0	0	0
LOC100134040	0	0	0
LRRC61	470	15	580
ZBED10P	157	0	157
RARRES2	6	6	0
LOC107986858	9	0	9
REPIN1-AS1	2	1318	4
REPIN1	2378	3	3695
ZNF775	46	0	46
ZNF775-AS1	0	0	0
LOC728743	80	0	80
LOC124901773	0	0	0
LINC00996	0	0	0
GIMAP8	0	0	0
GIMAP7	0	0	0
LOC107986860	0	0	0
GIMAP4	0	0	0
GIMAP6	0	0	0
LOC124901774	0	0	0
GIMAP2	0	0	0
GIMAP1-GIMAP5	0	0	0
GIMAP1	0	0	0
GIMAP5	0	0	0
LOC105375566	0	0	0
TMEM176B	0	0	0
TMEM176A	0	0	0
LOC105375567	0	0	0
LOC124901775	0	0	0
AOC1	0	0	0
KCNH2	0	0	0
LOC124901776	0	0	0
NOS3	0	0	2
ATG9B	2	2	2
LOC124901777	1	0	1
ABCB8	1115	11	1104
ASIC3	188	11	177
CDK5	662	0	664
SLC4A2	6699	17	6687
LOC128092247	0	0	0
FASTK	2341	2	2342
TMUB1	1378	0	1378
AGAP3	1857	1	1856
LOC124901778	30	0	30
GBX1	0	0	0
ASB10	0	0	0
DRC11L	0	0	0
ABCF2-H2BK1	0	0	0
H2BK1	0	0	0
ABCF2	393	0	393
CHPF2	1361	1	1372
MIR671	0	0	0
SMARCD3	296	80	520
LOC124901779	8	238	50
NUB1	750	0	1549
WDR86	62	861	0
WDR86-AS1	0	0	0
CRYGN	3	2	1
LOC124901780	0	0	0
MIR3907	0	0	0
RHEB	3151	1	3150
PRKAG2	159	2	168
PRKAG2-AS2	0	0	0
PRKAG2-AS1	30	11	30
LOC105375570	0	0	0
LOC105375571	0	0	0
GALNTL5	0	0	0
GALNT11	796	22	802
LOC124901844	0	0	0
LOC731075	10	27	11
KMT2C	1019	0	1019
FABP5P3	0	0	0
LINC01003	84	0	84
LOC124901846	0	0	0
LOC124900247	0	0	0
XRCC2	441	1	440
ACTR3B	335	0	335
LOC102723686	0	0	0
LOC105375577	0	0	0
LINC01287	2	2	0
LOC105375578	0	0	0
LOC105375579	0	0	0
LOC107986750	0	0	0
DPP6	0	0	0
LOC107986722	0	0	0
LOC101929998	0	0	0
LOC105375582	0	0	0
LOC105375581	0	0	0
LOC105375580	0	0	0
PAXIP1-AS2	34	270	41
PAXIP1	407	26	658
LOC124901781	3	0	3
PAXIP1-DT	150	0	150
HTR5A-AS1	0	0	0
HTR5A	0	0	0
LOC105375584	0	0	0
LOC124901782	0	0	0
LOC124901783	4	2	14
LOC124901786	2	2	0
LOC124901784	0	12	0
LOC124901785	0	0	0
LOC124901787	2	1	1
LOC105375587	0	0	0
LOC105375588	0	0	0
LOC105375589	0	0	0
INSIG1-DT	22	373	26
INSIG1	1120	6	1493
LOC105375592	1	3	0
BLACE	0	0	0
LOC105375593	0	0	0
LINC03010	0	0	0
LOC105375594	0	0	0
EN2-DT	0	0	0
EN2	0	0	0
CNPY1	0	0	0
RBM33-DT	46	0	46
RBM33	1409	0	1409
SHH	0	0	0
LOC124901788	3	0	3
LOC389602	0	0	0
LOC105375597	0	0	0
LOC124901789	0	0	0
LOC105375603	0	0	0
LOC105375602	0	0	0
LOC105375601	0	0	0
LOC124901790	0	0	0
LOC124901791	0	0	0
LOC105375599	0	0	0
LOC285889	0	0	0
LOC124901792	0	0	0
RNF32-DT	2	0	2
LOC112268012	0	0	0
LINC00244	0	0	0
RNF32	22	116	1
RNF32-AS1	56	1	105
LMBR1	672	0	716
LOC102723795	4	0	4
LOC105375604	0	0	0
LOC105375605	0	0	0
NOM1	648	1	647
MNX1	130	1	132
MNX1-AS2	2	5	0
MNX1-AS1	51	0	51
LOC105375607	0	0	0
UBE3C	2468	0	2468
LOC124901803	0	0	0
DNAJB6	1697	0	1697
LOC101927914	0	0	0
LOC105375610	0	0	0
PTPRN2	0	0	0
MIR153-2	0	0	0
LOC105375615	0	0	0
LOC105375614	0	0	0
PTPRN2-AS1	0	0	0
LOC105375613	0	0	0
MIR595	0	0	0
LOC124901793	0	0	0
LINC01022	0	0	0
MIR5707	0	0	0
NCAPG2	2136	0	2136
ESYT2	3758	0	3758
DYNC2I1	1008	1	1007
LOC124901796	0	0	0
LOC124901794	24	0	24
LOC124901795	386	1	385
LINC00689	142	4	138
VIPR2	417	103	314
LOC101927506	18	0	18
OR4F21	0	0	0
LOC124902051	0	0	0
RPL23AP53	53	0	57
ZNF596	58	5	57
LOC101927566	0	0	0
LOC124902052	0	0	0
LOC105377773	0	0	0
FAM87A	0	0	0
FBXO25	24	0	24
TDRP	0	0	0
ERICH1	326	0	326
LOC124902055	0	0	0
LOC124902053	0	0	0
LOC124902054	1	0	1
LOC124902044	0	0	0
DLGAP2	0	0	0
LOC401442	0	0	0
LOC105377777	0	0	0
LOC124900249	0	0	0
LOC286083	0	0	0
LOC124901869	0	0	0
LOC105379585	0	0	0
LOC105377775	0	0	0
LOC105379586	0	0	0
DLGAP2-AS1	0	0	0
LOC124901870	0	0	0
LOC105377778	0	0	0
CLN8	0	0	0
CLN8-AS1	0	0	0
MIR3674	0	0	0
LOC105377779	0	0	0
MIR596	0	0	0
ARHGEF10	0	0	0
LOC100131395	0	0	0
KBTBD11-AS1	0	0	0
KBTBD11-OT1	0	0	0
KBTBD11	0	0	0
MYOM2	0	0	0
MIR7160	0	0	0
LOC105377781	0	0	0
LOC105377782	0	0	0
LOC105377783	0	0	0
LOC105377784	0	0	0
LINC03021	0	0	0
LOC107986865	0	0	0
LOC105377785	0	6	0
LOC124901871	0	0	0
CSMD1	195	0	201
LOC105377791	0	0	0
LOC105377790	0	0	0
LOC105377789	0	0	0
LOC107986907	0	0	0
LOC124900260	0	0	0
LOC105377793	0	0	0
LOC105377794	0	0	0
LOC124902045	0	0	0
LOC107986908	0	0	0
LOC105377795	0	0	0
LOC105377796	0	0	0
LOC105377797	0	0	0
MCPH1-DT	0	0	0
MCPH1	3	1	34
ANGPT2	3	7	2
MCPH1-AS1	0	2	0
MIR8055	0	0	0
AGPAT5	0	0	0
MIR4659A	0	0	0
MIR4659B	0	0	0
LOC124901872	0	0	0
LOC107986909	0	0	0
XKR5	0	0	0
GS1-24F4.2	0	0	0
DEFB1	0	0	0
DEFA6	0	0	0
DEFA4	0	0	0
DEFA8P	0	0	0
DEFA9P	0	0	0
DEFA10P	0	0	0
LOC124901873	0	0	0
DEFA1	0	0	0
DEFT1P	0	0	0
LOC124901874	0	0	0
DEFA1B	0	0	0
DEFT1P2	0	0	0
LOC124901875	0	0	0
DEFA3	0	0	0
DEFA11P	0	0	0
DEFA5	0	0	0
LOC105377799	0	0	0
LOC105377803	0	0	0
LOC101928095	0	0	0
LOC124901876	0	0	0
LOC124901878	0	0	0
FAM90A15	0	0	0
LINC00965	0	0	0
FAM90A3	0	0	0
LOC124901877	0	0	0
FAM90A13	0	0	0
FAM90A5	0	0	0
FAM90A20	0	0	0
FAM66B	1	0	1
DEFB109B	0	0	0
USP17L1	0	0	0
USP17L4	0	0	0
ZNF705G	0	0	0
DEFB4B	0	0	0
DEFB103B	0	0	0
SPAG11B	0	0	0
DEFB104B	0	0	0
DEFB106B	0	0	0
DEFB105B	0	0	0
DEFB107B	0	0	0
LOC105377801	0	0	0
PRR23D1	0	0	0
FAM90A7	0	0	0
LOC105377800	0	0	0
LOC128966594	0	0	0
FAM90A22	0	0	0
FAM90A23	0	0	0
LOC107986910	0	0	0
LOC101929400	0	0	0
FAM90A14	0	0	0
FAM90A18	0	0	0
FAM90A16	0	0	0
FAM90A8	0	0	0
FAM90A17	0	0	0
FAM90A19	0	0	0
FAM90A9	0	0	0
FAM90A10	0	0	0
PRR23D2	0	0	0
DEFB107A	0	0	0
DEFB105A	0	0	0
DEFB106A	0	0	0
DEFB104A	0	0	0
SPAG11A	0	0	0
DEFB103A	0	0	0
DEFB4A	0	0	0
ZNF705B	0	0	0
FAM66E	0	0	0
USP17L8	0	0	0
USP17L3	0	0	0
FAM90A11	0	0	0
FAM90A24	0	0	0
FAM90A12	0	0	0
LOC124900617	0	0	0
MIR548I3	0	0	0
FAM85B	0	0	0
FAM86B3P	0	0	0
PRAG1	24	0	24
LOC124901879	0	0	0
LOC105379222	0	0	0
LINC02949	0	0	0
LINC02950	0	0	0
LOC107986913	0	0	0
LOC105379224	0	0	0
LOC124901881	0	0	0
LOC105379225	0	0	0
CLDN23	17	0	17
MFHAS1	63	0	63
LOC124900259	0	0	0
LOC124901866	0	0	0
LOC105379227	0	0	0
ERI1	100	0	100
MIR4660	0	0	0
SNORD3I	0	0	0
LOC112268402	0	0	0
PPP1R3B	7	0	7
PPP1R3B-AS1	0	0	0
PPP1R3B-DT	0	0	0
LOC101929128	0	0	0
LOC124901883	0	0	0
LOC157273	0	0	0
LOC105379228	0	0	0
LOC105379231	0	0	0
LOC105379230	0	0	0
LOC124901884	0	0	0
TNKS	2	0	2
MIR597	0	0	0
LOC124902085	0	0	0
LOC124902056	0	0	0
MIR124-1HG	0	0	0
MIR124-1	0	0	0
LOC124902057	0	0	0
LOC124902082	0	0	0
LOC105379235	0	0	0
MSRA-DT	0	0	0
MSRA	0	0	0
LOC124901885	0	0	0
LOC124901886	0	0	0
LINC03022	0	0	0
LOC124901887	0	0	0
PRSS51	0	0	0
PRSS55	0	0	0
LOC105379237	0	0	0
RP1L1	2	0	2
MIR4286	0	0	0
C8orf74	0	0	0
SOX7	0	0	0
SOX7-AS1	1	1	0
PINX1	22	0	22
MIR1322	0	0	0
PINX1-DT	0	0	0
LOC101929248	0	0	0
LOC112268022	0	0	0
XKR6	0	0	0
MIR598	0	0	0
LOC101929269	0	0	0
LINC00529	0	0	0
MTMR9	0	0	0
MTMR9-AS1	0	0	0
SLC35G5	0	0	0
TDH	0	0	0
TDH-AS1	0	0	0
FAM167A-AS1	0	0	0
FAM167A	15	0	15
BLK	0	0	0
BLK-AS1	0	0	0
LINC00208	0	0	0
LOC105379242	0	0	0
GATA4	0	0	0
SNORA99	0	0	0
LINC02905	0	0	0
LOC124901888	0	5	0
NEIL2	3	5	13
LOC105379243	0	5	5
FDFT1	10	0	10
CTSB	11	0	11
LOC105379244	0	0	0
LOC112268017	0	0	0
DEFB136	0	0	0
DEFB135	0	0	0
DEFB134	0	0	0
LOC105379245	0	0	0
LOC105379246	0	0	0
DEFB130B	0	0	0
ZNF705D	0	0	0
FAM66D	0	0	0
LOC392196	0	0	0
USP17L7	0	0	0
USP17L2	0	0	0
FAM90A2P	0	0	0
FAM86B1	5	0	7
FAM85A	0	3	0
DEFB130A	0	0	0
FAM66A	0	0	0
LOC649352	0	0	0
DEFB109A	0	0	0
FAM90A25P	0	0	0
FAM86B2	15	0	15
FAM86B2-DT	8	0	8
LOC729732	0	0	0
MIR5692A2	0	0	0
LONRF1	20	0	20
MIR3926-1	0	0	0
MIR3926-2	0	0	0
LINC03019	0	0	0
LINC00681	0	0	0
LOC105379289	0	0	0
TRMT9B	0	0	0
LOC124901889	0	0	0
DLC1	1	0	1
LOC101930149	0	0	0
LOC124901890	0	0	0
C8orf48	0	0	0
LOC102725080	0	0	0
LOC105379292	0	0	0
SGCZ	0	0	0
LOC124902058	0	0	0
MIR383	0	0	0
LOC124902059	0	0	0
TUSC3	36	0	36
LOC124902060	0	0	0
MSR1	0	0	0
LOC101929028	0	0	0
LOC105379297	0	0	0
FGF20	0	0	0
MICU3	0	0	0
ZDHHC2	331	0	332
LOC107986918	1	0	1
CNOT7	1044	22	1023
VPS37A	442	0	561
MTMR7	0	119	0
LOC102724838	0	0	0
SLC7A2	551	0	551
PDGFRL	24	0	24
LOC107986919	0	0	0
MTUS1	1111	5	1234
LOC124901891	11	136	1
MIR548V	0	0	0
MTUS1-DT	19	0	21
LOC124901893	1	0	1
FGL1	13	1	12
LOC124901892	0	0	0
LOC124901867	2	23	3
PCM1	1152	1	1175
LOC124901894	1	1	0
ASAH1	1198	5	1211
ASAH1-AS1	7	14	11
NAT1	26	0	26
NAT2	0	0	0
PSD3	390	1	389
LOC124901896	0	0	0
PSD3-AS1	0	0	0
LOC124901897	1	1	0
LOC124901895	0	0	0
LOC107986868	0	0	0
LOC124900256	1	1	0
LOC105379303	2	2	0
LOC124901898	0	0	0
LOC105379301	0	0	0
LOC100128993	0	0	0
LOC105379300	0	0	0
LOC105379306	0	0	0
SH2D4A	829	1	854
CSGALNACT1	943	132	837
LOC124901900	0	0	0
CSGALNACT1-AS1	8	1	7
LOC107986920	0	0	0
INTS10	1369	2	1367
LOC124901901	0	0	0
LOC105379309	0	0	0
LOC107986921	0	0	0
LPL	210	0	210
LOC105379311	0	0	0
LOC105379312	0	0	0
SLC18A1	0	0	0
ATP6V1B2	792	0	792
LZTS1	0	0	0
LZTS1-AS1	0	0	0
LOC105379314	0	0	0
SNORD3F	0	0	0
LOC105379315	0	0	0
LOC105379316	0	0	0
LINC03023	0	0	0
LINC02153	0	0	0
LOC124901902	0	0	0
LINC03093	0	0	0
LOC107986922	0	0	0
GFRA2	0	0	0
DOK2	0	0	0
XPO7	1418	0	1418
LOC124901903	1	1	0
NPM2	3	0	3
LOC124902091	0	0	0
FGF17	4	0	4
DMTN	454	0	454
FHIP2B	787	42	746
NUDT18	142	2	141
HR	1575	3	1572
HRURF	0	0	0
REEP4	1069	0	1069
LGI3	5	2	3
SFTPC	8	0	8
BMP1	3023	4	3019
LOC124901904	1	0	1
PHYHIP	275	25	250
MIR320A	1	0	1
POLR3D	474	0	480
PIWIL2-DT	2	8	0
PIWIL2	1	0	1
SLC39A14	1549	1	1548
PPP3CC	256	0	256
LOC124901905	0	0	0
SORBS3	1310	0	1310
PDLIM2	476	0	476
C8orf58	105	1	244
LOC107986876	2	212	1
CCAR2	1866	144	1896
BIN3	99	1	201
BIN3-IT1	0	0	0
LOC107986924	0	0	0
EGR3	10	0	10
LOC105379321	1	0	1
LOC107986926	0	0	0
PEBP4	1	0	1
LOC124901908	0	0	0
LOC107986925	0	0	0
LOC105379325	0	0	0
LOC124901906	0	0	0
PEBP4-AS1	0	0	0
LOC124901907	0	0	0
RHOBTB2	1199	51	1238
RHOBTB2-AS1	0	50	2
TNFRSF10B	2548	6	2577
TNFRSF10B-AS1	1	1	0
LOC254896	31	0	31
TNFRSF10C	13	0	13
TNFRSF10D	280	0	280
TNFRSF10A	229	3	230
TNFRSF10A-DT	101	2	103
CHMP7	554	0	554
R3HCC1	233	0	233
LOXL2	4724	7	5446
LOXL2-AS1	7	736	0
ENTPD4	379	0	379
ENTPD4-DT	21	0	25
LOC105379327	0	4	0
SLC25A37	671	0	671
LOC107986930	1	0	1
NKX3-1	0	0	0
NKX2-6	0	0	0
LOC101929258	0	0	0
STC1	18	0	18
LOC107986931	0	0	0
LOC105379328	0	0	0
ADAM28	2	0	2
ADAM7-AS1	0	0	0
ADAMDEC1	0	0	0
ADAM7	0	0	0
ADAM7-AS2	0	0	0
LOC107986932	0	0	0
LOC107986882	0	0	0
LOC105379329	0	0	0
NEFM	0	0	0
LOC112268023	0	0	0
NEFL	0	0	0
MIR6841	0	0	0
LOC105379330	0	0	0
LOC124901911	0	0	0
LOC124901912	6	0	6
DOCK5	1559	1	1558
MIR6876	0	0	0
LOC105379331	0	0	0
GNRH1	36	2	34
KCTD9	811	9	802
LOC124901913	1	0	1
CDCA2	628	1	627
LOC107986933	0	0	0
LOC105379333	0	0	0
LOC105379332	0	0	0
LOC124901915	0	0	0
EBF2	0	0	0
LOC102723395	0	0	0
LOC124901914	0	0	0
LOC105379335	0	0	0
LOC105379336	0	0	0
PPP2R2A	963	0	963
SDAD1P1	28	0	28
BNIP3L	1764	1	1763
LOC124901868	3	0	3
PNMA2	0	0	0
DPYSL2	829	0	829
LOC124901916	3	0	3
ADRA1A	0	0	0
LOC124901918	0	0	0
LOC124901917	0	0	0
LOC105379339	0	0	0
MIR548H4	0	0	0
LOC105379340	0	0	0
STMN4	0	0	0
TRIM35	284	0	284
PTK2B	263	0	263
MIR6842	0	0	0
CHRNA2	0	0	0
EPHX2	0	0	0
LOC124901919	0	1	0
CLU	8363	3	8361
MIR6843	2	0	2
SCARA3	886	140	886
LOC124901921	0	0	0
LOC124901920	6	0	6
MIR3622B	0	0	0
MIR3622A	0	0	0
CCDC25	567	1	757
LOC107986934	2	52	1
ESCO2	385	1218	341
PBK	732	0	1906
SCARA5	106	6	101
MIR4287	0	0	0
LOC105379342	4	0	5
NUGGC	6	0	6
ELP3	578	1	577
LOC105379343	1	1	0
PNOC	0	0	0
ZNF395	1000	0	1000
FBXO16	11	0	11
FZD3	110	0	110
MIR4288	0	0	0
EXTL3	642	1	641
EXTL3-AS1	2	0	2
INTS9	215	0	215
HMBOX1	55	0	55
LOC105379346	2	2	0
KIF13B	258	0	258
LOC124901922	0	0	0
LOC124901923	3	0	3
DUSP4	538	1	537
LOC124901924	2	0	2
LOC105379349	0	0	0
LOC107986883	0	0	0
LOC107986935	0	0	0
LOC105379350	1	0	1
LINC02948	0	0	0
LOC124901925	0	0	0
LOC105379352	0	0	0
LOC124901926	0	0	0
LINC00589	0	0	0
LINC02099	0	0	0
LOC101929470	2	0	2
LOC107986884	0	0	0
LOC105379354	0	0	0
LINC02209	0	0	0
MIR3148	0	0	0
SARAF	2357	13	2344
LEPROTL1	758	3	755
MBOAT4	1	1	0
DCTN6-DT	9	123	11
DCTN6	459	2	582
LOC124901927	0	0	0
LOC124901928	0	0	0
RBPMS-AS1	10	57	15
RBPMS	187	12	332
LOC112268025	0	0	0
LOC124901929	0	75	0
GTF2E2	540	1	539
SMIM18	8	8	0
GSR	1686	0	1686
UBXN8	351	0	351
LOC105379356	0	0	0
LOC105379355	5	0	5
PPP2CB	1493	0	1493
TEX15	481	0	481
LOC105379357	0	0	0
PURG	0	0	0
WRN	380	0	380
LOC105379358	4	0	4
LOC101929492	0	0	0
LOC105379360	0	0	0
NRG1	0	0	0
NRG1-IT1	0	0	0
LOC105379361	0	0	0
NRG1-IT3	0	0	0
LOC128092250	0	0	0
LOC105379362	29	0	29
POFUT3	404	0	404
MAK16	301	73	479
TTI2	180	180	251
SNORD13	0	0	0
RNF122	68	0	68
DUSP26	0	0	0
LOC105379364	0	0	0
LOC105379366	0	0	0
LOC101929881	0	0	0
LINC01288	0	0	0
LOC105379368	0	0	0
LOC105379369	0	0	0
UNC5D	0	0	0
LOC101929550	0	0	0
LOC124902062	0	0	0
LOC105379370	0	0	0
LOC105379371	0	0	0
KCNU1	1	0	1
LOC105379375	0	0	0
LOC105379376	0	0	0
LOC105379377	2	0	2
LOC100507403	2	0	2
LOC124901930	2	0	2
LINC01605	7	0	7
LOC105379379	0	0	0
LOC105379378	1	1	0
LOC105379380	0	0	0
LOC124901931	0	0	0
LOC124901932	1	2	1
LOC124901933	4	0	9
ZNF703	729	13	719
LOC101929622	0	0	0
LOC102723701	1	15	1
ERLIN2	637	0	660
LOC728024	3	2	1
LOC124901934	2	50	1
PLPBP	328	1	368
LOC105379381	1	0	1
ADGRA2	249	107	329
BRF2	68	80	175
RAB11FIP1	766	0	766
GOT1L1	0	0	0
ADRB3	0	0	0
EIF4EBP1	1088	0	1088
ASH2L	564	1	564
STAR	0	1	0
LOC105379382	0	5	0
LSM1	328	0	333
BAG4	289	0	289
DDHD2	652	585	676
PLPP5	7	25	197
NSD3	574	12	957
LETM2	57	10	48
LOC102723716	1	1	0
FGFR1	202	0	202
LINC03042	0	0	0
LOC124901935	0	0	0
LOC105379384	0	0	0
RNF5P1	9	0	9
LOC124901936	0	0	0
TACC1	222	0	222
LOC124901937	10	2	10
PLEKHA2	566	0	568
HTRA4	1	0	1
TM2D2	463	46	463
ADAM9	1388	1	1433
SNORD38D	0	0	0
ADAM32	2	0	2
ADAM5	0	0	0
ADAM3A	0	0	0
LOC100130964	0	0	0
ADAM18	0	0	0
ADAM2	0	0	0
IDO1	1	0	1
IDO2	0	0	0
LINC02866	1	0	1
TCIM	240	0	240
SIRLNT	0	0	0
LOC105379388	0	0	0
ZMAT4	0	0	0
LOC107986938	0	0	0
LOC105379389	0	0	0
LOC105379390	0	0	0
LOC105379771	0	0	0
SFRP1	0	0	0
MIR548AO	0	0	0
SNORD65B	0	0	0
LOC105379391	0	0	0
LOC124901938	0	0	0
GOLGA7	499	0	499
GINS4	464	0	539
GPAT4-AS1	0	75	0
LOC124901939	2	0	2
GPAT4	979	0	979
NKX6-3	0	0	0
ANK1	12	0	12
MIR486-1	0	0	0
MIR486-2	0	0	0
LOC105379392	4	2	2
KAT6A	325	0	328
LOC124900271	0	0	0
KAT6A-AS1	0	3	0
LOC107986939	3	0	3
AP3M2	239	0	239
PLAT	35	7	28
LOC124902095	0	0	0
IKBKB-DT	0	0	0
IKBKB	693	0	693
LOC105379395	4	0	4
POLB	341	0	341
DKK4	0	0	0
VDAC3	1879	0	1879
SLC20A2	245	40	248
SMIM19	108	3	148
LOC124900250	0	0	0
CHRNB3	0	0	0
LOC105379396	0	0	0
CHRNA6	0	0	0
THAP1	69	1	108
LOC124901940	0	39	1
RNF170	192	1	191
MIR4469	0	0	0
HOOK3	302	0	302
FNTA	818	0	818
POMK	17	0	17
HGSNAT	1285	0	1285
POTEA	0	0	0
LOC124902100	0	0	0
LOC105379397	0	0	0
ASNSP1	0	0	0
LOC124901941	0	0	0
LOC105375811	0	0	0
LOC124901942	0	0	0
LOC105375812	0	0	0
LINC00293	0	0	0
LOC105375813	0	0	0
LOC105375814	0	0	0
LOC105375815	0	0	0
LOC105375816	0	0	0
LOC105375817	0	0	0
LOC107986885	0	0	0
LOC124900251	0	0	0
LOC100287846	0	0	0
IGLV8OR8-1	0	0	0
SPIDR	1075	66	1009
LOC107986940	0	0	0
CEBPD	1564	6	1558
PRKDC	12078	1	12077
LOC105375818	0	0	0
MCM4	6018	4	6014
UBE2V2-AS1	0	0	0
UBE2V2	1668	0	1668
LOC107986941	0	0	0
LOC105375820	0	0	0
LOC105375821	0	0	0
LINC02947	0	0	0
LOC112268027	0	0	0
LOC101929268	2	0	2
LOC124901943	0	0	0
LINC02847	0	0	0
LINC03054	0	0	0
CLXN	1	0	1
LOC105375825	2	0	2
SNAI2	309	0	309
LOC107986942	8	1	7
PPDPFL	1051	0	1051
LOC105375826	0	0	0
LOC100507464	0	0	0
SNTG1	0	0	0
LOC124900619	0	0	0
LOC105375829	0	0	0
LOC105375828	0	0	0
LOC105375830	0	0	0
LOC124902078	0	0	0
LOC105375831	0	0	0
PXDNL	1	0	1
LOC105375833	0	0	0
PCMTD1	584	0	584
PCMTD1-DT	79	1	78
LOC124901944	0	0	0
ST18	0	0	0
LOC124901945	0	0	0
ST18-AS3	0	0	0
ALKAL1	0	0	0
RB1CC1	1102	1	1101
LOC105375835	2	0	2
LOC107986943	0	0	0
NPBWR1	0	0	0
LOC105375836	0	0	0
OPRK1	0	0	0
LOC124901946	0	0	0
LOC124901947	0	0	0
LINC02984	0	0	0
ATP6V1H	1243	0	1243
RGS20	70	1	69
LYPLA1-TCEA1	0	0	0
TCEA1	0	3	36
LOC133039971	13	254	8
LYPLA1	362	1	361
MRPL15	818	0	818
RNU105C	0	0	0
LOC105375840	0	0	0
LOC105375841	0	0	0
SOX17	0	0	0
LOC100129098	0	0	0
RP1	0	0	0
LOC105375842	0	0	0
LOC107986886	0	0	0
LOC107986887	0	0	0
XKR4	0	0	0
LOC105375844	0	0	0
SBF1P1	0	0	0
XKR4-AS1	0	0	0
LOC105375845	0	0	0
LOC105375846	1	0	1
TMEM68	285	0	285
TGS1	523	0	523
LYN	773	0	773
SNORA1B	0	0	0
RPS20	9729	2	9727
SNORD54	3	0	3
CERNA3	1	0	1
MOS	0	0	0
PLAG1	198	0	198
CHCHD7	472	0	472
SDR16C5	378	1	377
SDR16C6P	0	0	0
LOC105375849	1	1	0
LOC124901948	0	0	0
PENK	0	0	1
PENK-AS1	0	4	0
LOC101929398	1	0	2
LINC00968	7	0	7
LOC105375850	0	0	0
LOC105375851	0	0	0
LOC105375852	0	0	0
BPNT2	3272	12	3260
LINC01606	0	0	0
LOC286177	0	0	0
LINC00588	0	0	0
LOC101929488	0	0	0
LOC107986888	0	0	0
LOC105375855	0	0	0
LINC03018	0	0	0
LOC105375856	0	0	0
LINC01602	0	0	0
FAM110B	99	0	99
LOC107986945	0	0	0
LINC03133	0	0	0
UBXN2B	594	0	594
CYP7A1	0	0	0
SDCBP	3988	0	3988
NSMAF	552	9	543
LOC124902083	0	0	0
LOC105375858	0	0	0
TOX	0	0	0
TOX-DT	0	0	0
LOC124900267	0	0	0
LOC105375860	0	0	0
LOC105375859	0	0	0
LOC105375861	0	0	0
LOC105375863	0	0	0
CA8	0	0	0
LOC105375864	0	0	0
LINC01301	1	0	1
LOC124901949	4	4	0
RAB2A	1737	0	1737
LOC124901950	0	0	0
CHD7	869	1	868
LOC124901951	0	0	0
LOC105375938	0	0	0
CLVS1	1	388	0
LOC100130298	0	0	0
LOC105375870	0	0	0
ASPH	7057	3	7441
MIR4470	0	0	0
LINC02842	0	0	0
LOC105375871	0	0	0
LINC02155	0	0	0
LOC124901952	0	0	0
NKAIN3	0	0	0
LOC107986946	0	0	0
GGH	1809	1	1808
TTPA	1	0	1
YTHDF3-DT	34	0	34
YTHDF3	1227	0	1227
LOC105375873	1	0	1
LOC105375875	0	0	0
LOC105375874	0	0	0
LOC102724612	0	0	0
LOC124902063	0	0	0
LOC105375876	0	0	0
LINC01289	0	0	0
LINC01414	0	0	0
LOC105375877	0	0	0
MIR124-2HG	0	0	0
MIR124-2	0	0	0
BHLHE22-AS1	0	0	0
LOC124900252	0	0	0
BHLHE22	0	0	0
CYP7B1	0	0	0
LOC105375879	0	0	0
LOC105375878	0	0	0
LOC105375880	0	0	0
LINC00251	0	0	0
LOC105375881	0	0	0
LINC01299	0	0	0
ARMC1	591	0	591
MTFR1	1227	242	1154
PDE7A	451	20	604
LOC107986949	8	5	3
PDE7A-DT	5	2	6
LOC107986950	0	0	0
LOC105375883	0	0	0
DNAJC5B	1	1	0
TRIM55	0	0	0
TRY-GTA5-1	0	0	0
TRY-GTA5-2	0	0	0
TRA-AGC8-2	0	0	0
CRH	0	0	0
LOC112268029	0	0	0
LOC124901954	0	0	0
LINC00967	0	0	0
LOC102724687	2	0	2
RRS1-DT	0	0	0
RRS1	1011	2	1009
ADHFE1	16	0	16
VXN	4	0	4
LOC124901955	5	0	5
MYBL1	334	0	334
LOC105375884	27	3	24
VCPIP1	484	0	484
C8orf44-SGK3	0	0	0
C8orf44	42	0	42
SGK3	14	14	0
PTTG3P	1	0	1
MCMDC2	5	244	0
SNHG6	742	0	979
SNORD87	6	0	6
TCF24	0	0	0
PPP1R42	0	0	0
LOC105375885	0	0	0
COPS5	1482	0	1482
CSPP1	418	7	496
LOC124901956	6	5	1
ARFGEF1	670	86	675
ARFGEF1-DT	2	4	4
CPA6	0	0	0
LOC105375886	0	0	0
PREX2	0	0	0
LOC105375888	0	0	0
LOC124901957	0	0	0
C8orf34-AS1	0	0	0
C8orf34	0	0	0
LOC107986951	1	0	1
LINC01592	0	0	0
LOC124901958	3	0	3
LINC01603	0	0	0
SULF1	36	0	36
SLCO5A1	0	0	0
LOC105375889	0	0	0
SLCO5A1-AS1	0	0	0
PRDM14	0	0	0
NCOA2	509	1	508
LINC03020	0	0	0
LOC105375890	0	0	0
TRAM1	4093	4	4089
LOC124902090	0	0	0
LACTB2-AS1	1	237	1
LACTB2	147	0	384
XKR9	3	0	3
LOC124901960	0	0	0
LOC124901959	0	0	0
EYA1	0	0	0
LOC105375894	0	0	0
LOC124901961	0	0	0
LOC102724772	0	0	0
LOC105375892	0	0	0
LOC107986890	0	0	0
LOC124900257	0	0	0
MSC	0	0	0
MSC-AS1	4	0	7
TRPA1	0	3	0
LOC124901962	0	0	0
TRPA2P	0	0	0
LOC105375897	0	0	0
KCNB2	0	0	0
LOC101926908	0	0	0
LOC124901963	0	0	0
KCNB2-AS1	0	0	0
TERF1	601	0	601
SBSPON	27	4	23
LOC107986891	0	0	0
LOC105375901	0	0	0
C8orf89	1	0	1
RPL7	20400	3	20397
RDH10	578	0	578
RDH10-AS1	7	7	0
LOC105375899	0	0	0
STAU2-AS1	1	1	0
STAU2	848	1	847
UBE2W	554	0	554
LINC01617	0	0	0
ELOC	901	0	901
TMEM70	785	0	785
LY96	0	0	0
LOC105375903	0	0	0
JPH1	494	0	494
GDAP1	228	0	228
MIR5681A	0	0	0
MIR5681B	0	0	0
MIR2052HG	0	0	0
LINC03071	0	0	0
MIR2052	0	0	0
PI15	0	0	0
CRISPLD1	1	1	0
LOC124901964	0	0	0
LOC105375905	0	0	0
CASC9	131	0	131
HNF4G	11	0	11
LOC124902089	0	0	0
LOC105375906	17	0	17
LOC102724858	56	0	56
LINC01109	0	0	0
LINC01111	0	0	0
LOC107986952	0	0	0
ZFHX4-AS1	0	0	0
ZFHX4	6	6	0
MIR3149	1	0	1
PEX2	478	1	477
LOC105375909	0	0	0
LOC102724874	0	0	0
LOC105375911	0	0	0
PKIA	0	0	0
PKIA-AS1	0	0	0
ZC2HC1A	38	0	41
IL7	0	2	0
C4orf46P3	5	5	0
MITA1	0	0	0
LINC02605	0	0	0
LOC105375912	0	0	0
LOC105375913	0	0	0
LOC107986892	0	0	0
LOC105375915	0	0	0
MIR12123	0	0	0
STMN2	1	0	1
LOC105375916	0	0	0
LOC124901965	0	0	0
LOC107986893	0	0	0
HEY1	1027	0	1027
LINC01607	3	3	0
LOC101927040	3	1	2
LOC124902076	0	0	0
LOC124901966	1	1	0
TPD52-MRPS28	0	0	0
MRPS28	11	1	10
TPD52	2220	0	2220
LOC105375919	0	0	0
LOC105375918	0	0	0
LOC105375920	0	0	0
MIR5708	0	0	0
LOC124900264	0	0	0
LOC105375922	0	0	0
LOC105375921	1	0	3
ZBTB10	458	14	446
LINC02986	54	0	54
ZNF704	340	1	339
LOC107986894	0	0	0
PAG1	46	0	46
LOC124901967	1	0	1
LOC105375924	0	0	0
LNMICC	0	0	0
FABP5	0	0	0
LOC105375925	0	0	0
LOC105375926	0	0	0
PMP2	0	0	0
FABP9	0	0	0
LOC101927118	2	2	0
FABP4	2	0	2
FABP12	0	0	0
IMPA1P1	2	1	1
IMPA1	679	1	678
SLC10A5	15	0	15
ZFAND1	757	0	759
CHMP4C	190	4	188
SNX16	96	0	96
LINC02235	0	0	0
LINC02839	0	0	0
LOC105375930	0	0	0
LOC124902064	0	0	0
LOC105375931	0	0	0
LOC107986953	0	0	0
LOC101927141	0	0	0
LINC01419	0	0	0
LOC105375932	0	0	0
LOC124901968	0	0	0
RALYL	0	0	0
LOC105375933	0	0	0
LRRCC1	0	0	0
E2F5-DT	0	0	0
E2F5	0	17	0
RBIS	391	0	408
LOC124901969	0	0	0
LOC105375936	0	0	0
CA13	0	0	0
CA1	0	0	0
LOC124901970	0	0	0
CA3	0	0	0
CA3-AS1	0	0	0
CA2	0	0	0
LOC105375937	0	0	0
LOC101929601	0	0	0
LOC101929627	0	0	0
REXO1L2P	0	0	0
LOC124902048	0	0	0
LINC02849	0	0	0
LOC124901971	0	0	0
LOC107986954	0	0	0
PSKH2	0	0	0
ATP6V0D2	1	0	1
LOC105375623	0	0	0
SLC7A13	0	0	0
WWP1-AS1	14	57	13
WWP1	1099	26	1146
RMDN1	704	42	679
CPNE3	1244	0	1244
CNGB3	0	0	0
CNGB3-AS1	0	0	0
CNBD1	1	0	1
LOC105375626	0	0	0
DCAF4L2	194	0	194
LOC124901972	0	0	0
LOC105375628	0	0	0
MMP16	0	0	0
LOC105375630	0	0	0
LOC105375629	0	0	0
LOC124901973	0	0	0
LOC105375631	0	0	0
LOC112268015	4	0	4
PARAIL	41	0	41
RIPK2	408	1	407
LOC124901974	37	3	44
OSGIN2	754	10	754
NBN	822	3	819
DECR1	866	1	865
CALB1	6	3	3
LOC124901976	0	0	0
LINC00534	0	0	0
LOC124901975	0	0	0
LOC107986955	0	0	0
LINC01030	0	0	0
TMEM64	735	1	734
LOC124906712	13	0	13
LOC105375633	0	0	0
NECAB1	0	0	0
LOC105375635	1	0	1
LOC105375634	0	0	0
C8orf88	0	0	0
PIP4P2	0	0	0
OTUD6B-AS1	283	0	283
OTUD6B	368	0	368
LRRC69	10	0	10
MIR4661	0	0	0
SLC26A7	0	0	0
LOC105375637	0	0	0
LOC124902088	0	0	0
RUNX1T1	0	0	0
LOC105375638	0	0	0
LOC124901977	0	0	0
LOC105375639	0	0	0
LOC102724710	0	0	0
LOC101926956	0	0	0
FLJ46284	0	0	0
LOC124901978	2	0	2
TRIQK	303	3	300
MIR8084	0	0	0
LINC02906	0	0	0
LOC105375644	0	0	0
LOC105375643	0	0	0
LOC107986956	0	0	0
LOC105375642	0	0	0
CIBAR1-DT	0	0	0
LOC105375641	0	0	0
CIBAR1	4	297	0
RBM12B	528	2	833
RBM12B-AS1	0	13	1
RBM12B-DT	0	0	0
TMEM67	179	0	179
MIR378D2HG	1	0	1
MIR378D2	0	0	0
PDP1	329	1	328
LOC124901979	0	0	0
CDH17	0	0	0
LOC105375647	0	0	0
LOC105375648	0	0	0
GEM	1	0	1
LOC107986896	0	0	0
RAD54B	514	0	514
FSBP	0	0	0
VIRMA	1369	1	1369
VIRMA-DT	5	0	6
LINC02894	0	0	0
ESRP1	0	0	0
DPY19L4	472	1	471
INTS8	955	393	975
CCNE2	277	46	648
NDUFAF6	375	0	382
LOC124902084	0	3	0
TP53INP1	341	1	340
LOC124901981	0	0	0
MIR3150BHG	0	0	0
LOC124901980	0	0	0
MIR3150B	0	0	0
MIR3150A	0	0	0
PLEKHF2	162	0	162
LOC124901982	1	1	0
LINC01298	0	0	0
CFAP418	137	5	134
CFAP418-AS1	0	0	3
TRS-AGA2-5	1	2	0
LOC107986957	0	0	0
SRSF3P2	0	0	0
LOC124901983	0	0	0
GDF6	1	0	1
LOC124901984	0	0	0
UQCRB	1281	3	3095
UQCRB-AS1	2	1817	3
MTERF3	452	0	453
PTDSS1	2757	0	2757
LOC105375652	0	0	0
LOC102724804	0	0	0
LOC105375653	0	0	0
SDC2	978	0	978
LOC124900253	0	0	0
CPQ	75	0	75
LOC124901985	0	0	0
LOC101927066	0	0	0
LOC105375655	4	1	3
TSPYL5	0	0	0
SNORD3H	0	0	0
LOC105375657	0	0	0
MTDH	2711	0	2711
LOC124901986	1	10	2
LAPTM4B	9714	4	9721
MATN2	616	0	616
LOC124901987	0	0	0
RPL30	6014	0	6014
SNORA72	27	0	27
ERICH5	0	0	0
RIDA	319	0	319
POP1	698	0	698
NIPAL2-AS1	0	0	0
NIPAL2	59	0	59
LOC105375659	0	0	0
STK3	494	0	494
LOC124901988	0	0	0
MIR9903	0	0	0
KCNS2	0	0	0
ATP5PFP3	0	0	0
LOC112268016	2	0	2
OSR2	284	0	284
LOC107986872	0	0	0
VPS13B-DT	23	0	23
VPS13B	643	8	635
MIR599	0	0	0
MIR875	0	0	0
LOC124901989	0	0	0
COX6C	1354	1	1353
RGS22	1	0	1
SNORD77B	0	0	0
FBXO43	195	0	195
POLR2K	1016	0	1016
SPAG1	186	1	193
LOC105375669	2	9	1
RNF19A	1249	15	1238
LOC124901991	74	2	76
MIR4471	0	0	0
LOC124901990	0	0	0
LOC105375670	0	0	0
LOC124901992	6	0	6
ANKRD46	251	0	251
SNX31	0	0	0
LOC105375671	0	0	0
LOC105375672	1	1	0
PABPC1	20484	8	20476
MIR7705	0	0	0
YWHAZ	13576	1	13575
LOC401471	0	0	0
SLEAR	1	0	1
LINC03044	7	0	7
LINC03090	0	0	0
LOC105375676	0	0	0
ZNNT1	23	0	23
ZNF706	755	6	749
LOC107984005	0	0	0
LINC02844	0	0	0
LOC124901993	0	0	0
LOC124901994	0	0	0
NACA4P	0	0	0
LINC02845	0	0	0
LOC107986897	0	0	0
GRHL2-DT	0	0	0
GRHL2	0	0	0
NCALD	6	0	6
LOC124902079	0	0	0
LOC124901996	0	0	0
LOC104054148	0	0	0
LOC124901997	0	0	0
MIR5680	0	0	0
RRM2B	646	0	646
UBR5-DT	15	3	17
UBR5	3305	23	3309
LOC105375683	0	22	0
LINC03047	0	0	0
LOC124901998	0	0	0
LOC105375684	1	1	0
ODF1	0	0	0
KLF10	2359	0	2359
LOC101927245	46	0	55
LOC105375686	0	0	0
LOC105375685	1	9	1
LOC124901999	0	0	0
GASAL1	159	0	159
AZIN1	1563	2	1563
MAILR	22	0	24
LOC124902000	0	0	0
ATP6V1C1	1487	1	1486
LINC01181	0	0	0
BAALC-AS2	0	0	0
BAALC	0	0	0
MIR3151	0	0	0
BAALC-AS1	1	0	1
LOC105369147	7	1	10
FZD6	903	4	903
SNORD173	0	0	0
CTHRC1	2	2	0
SLC25A32	824	12	812
DCAF13	1072	0	1072
LOC105375690	0	0	0
RIMS2	0	0	0
LOC124902094	0	0	0
LOC105375689	0	0	0
LOC107984007	0	0	0
LOC105375688	0	0	0
LOC124902065	0	0	0
LOC107986899	0	0	0
DCSTAMP	0	0	0
DPYS	1	0	1
LOC105375692	0	0	0
LOC105375691	0	0	0
MIR548A3	0	0	0
LRP12	51	0	51
LOC105375694	0	0	0
LOC105375693	0	0	0
LINC03084	0	0	0
ZFPM2	1	1	0
LOC124902002	0	0	0
LOC124902001	0	0	0
LOC105375696	0	0	0
ZFPM2-AS1	75	0	75
LOC124902003	0	0	0
OXR1	605	5	600
OXR1-AS1	8	0	8
ABRA	1	1	0
LOC124902004	0	0	0
LOC124902066	0	0	0
LOC105375701	0	0	0
ANGPT1	173	0	173
LOC124902067	4	4	0
LOC105375703	0	0	0
RSPO2	0	0	0
EIF3E	7914	1	7913
LOC105375704	0	0	0
EMC2	795	0	795
TMEM74	6	0	6
LOC102723368	0	0	0
LOC101927413	20	0	20
LOC107984017	0	0	0
TRHR	4	4	0
NUDCD1	857	3	857
ENY2	813	0	816
PKHD1L1	0	0	0
EBAG9	308	0	308
EBAG9UORF	0	0	0
SYBU	333	2	331
SYBU-AS1	0	0	0
KCNV1	0	0	0
LINC01608	0	0	0
LINC01609	0	0	0
LOC107986965	0	0	0
LOC105375705	0	0	0
LOC107986964	0	0	0
LINC02237	0	0	0
LOC105375707	0	0	0
CSMD3	0	0	0
LOC124902087	0	0	0
MIR2053	0	0	0
LOC107986966	0	0	0
LOC105375709	0	0	0
LOC105375710	3	0	3
LOC107986901	0	0	0
TRPS1	343	1	342
TRPS1-AS1	1	1	0
LOC107986968	0	0	0
LOC107986902	0	0	0
LOC107986903	0	0	0
LINC00536	0	0	0
LOC124902005	0	0	0
LOC102723447	0	0	0
LOC105375711	0	0	0
LOC105375712	0	0	0
EIF3H	5390	2	5388
LOC105375713	2	2	0
LOC124902006	2	0	2
UTP23	273	0	273
LOC112268030	39	929	3
RAD21	6217	2	7150
RAD21-AS1	9	48	9
MIR3610	0	0	0
AARD	0	0	0
LOC105375715	1	1	0
SLC30A8	0	0	0
LOC105375716	1	0	1
LOC105375719	0	0	0
LOC105375717	0	0	0
MED30	86	0	86
LOC105375721	4	0	4
LOC107986970	0	0	0
EXT1	1005	4	1001
SNORD168	0	0	0
SAMD12	15	0	15
LOC105375724	1	1	0
SAMD12-AS1	0	0	0
LOC124902007	0	0	0
LOC105375723	0	0	0
LOC124902008	0	0	0
TNFRSF11B	0	0	0
COLEC10	0	0	0
LOC101927513	0	0	0
LOC105375725	2	0	2
MAL2	894	0	1258
MAL2-AS1	1	365	0
MIR548AZ	0	0	0
LOC124902009	0	0	0
LOC124900266	0	0	0
CCN3	320	0	320
ENPP2	0	0	0
LOC105375727	0	0	0
TAF2	776	0	779
LOC105375728	5	107	21
DSCC1	274	21	373
DEPTOR	65	0	65
LOC105375730	0	0	0
COL14A1	0	0	0
MRPL13	1069	0	1069
MTBP	226	0	226
SNTB1	332	15	374
SNTB1-AS2	0	0	0
SNTB1-AS1	22	48	31
LOC124902010	0	0	0
LOC105375731	0	0	0
HAS2	78	5	79
HAS2-AS1	17	1	22
LINC02855	0	0	0
LOC105375733	0	0	0
SMILR	0	0	0
LOC107986972	0	0	0
LINC01151	0	0	0
LOC124902081	0	0	0
LOC107986904	0	0	0
ZHX2-AS1	3	3	4
ZHX2	119	2	121
LOC124902011	1	1	0
LOC124902013	0	371	0
DERL1	1149	5	1515
TBC1D31	526	0	526
TRM-CAT1-1	0	0	0
FAM83A	3893	2	4133
LOC124902101	0	2	0
FAM83A-AS2	5	199	5
FAM83A-AS1	8	49	0
MIR4663	0	0	0
C8orf76	5	0	5
ZHX1-C8orf76	3	0	3
ZHX1	844	0	844
LOC124902080	0	0	0
ATAD2	2044	1	2043
MIR548AA1	0	6	0
MIR548D1	0	0	0
NTAQ1	245	0	245
FBXO32	45	0	45
KLHL38	18	0	18
LOC105375738	0	0	0
ANXA13	0	0	0
LOC105375739	0	0	0
FAM91A1	849	0	849
FER1L6	2	0	2
LOC124902014	0	0	0
FER1L6-AS1	0	0	0
FER1L6-AS2	0	0	0
LOC124902015	3	3	0
LOC101927588	1	0	1
TMEM65	659	0	659
TYW2	103	0	103
RNF139-DT	6	2	4
RNF139	0	0	0
TATDN1	0	0	0
MIR6844	0	0	0
NDUFB9	0	0	0
MTSS1	0	4	0
LOC105375740	20	0	24
LOC124902016	0	0	0
LOC105375741	0	0	0
MIR4662B	0	0	0
MIR4662A	0	0	0
LOC105375743	0	0	0
LOC105375742	0	0	0
LINC00964	0	0	0
ZNF572	20	0	20
SQLE-DT	0	0	0
SQLE	810	1	809
WASHC5	1096	2	1389
WASHC5-AS1	3	298	0
NSMCE2	495	1	494
TRIB1	997	0	997
TRIB1AL	0	0	0
LINC02964	0	0	0
LOC105375747	0	0	0
LOC124902017	0	0	0
LINC00861	0	0	0
LOC101927657	0	0	0
LOC105375750	0	0	0
LRATD2	272	0	272
LOC105375751	0	0	0
LOC105375753	0	0	0
PCAT1	0	0	0
PCAT2	6	0	6
PRNCR1	3	3	0
CASC19	124	3	121
CCAT1	2152	12	2140
CASC21	12	6	6
CASC8	88	2	86
CCAT2	3	0	3
POU5F1B	52	1	51
LOC105375754	24	2	22
CASC11	2	1	1
MYC	7025	7	7018
PVT1	518	1	517
MIR1204	0	0	0
LINC02912	2	2	0
MIR1205	0	0	0
MIR1206	1	0	1
MIR1207	1	0	1
MIR1208	0	0	0
LOC124902020	9	2	7
LINC00824	0	0	0
LOC124902021	0	0	0
LINC00976	0	0	0
LOC124902023	0	0	0
LINC00977	0	0	0
LOC124902022	0	0	0
LOC124902024	0	0	0
CCDC26	0	0	0
MIR3686	0	0	0
GSDMC	8	0	8
CYRIB	1755	0	1755
LOC124902025	0	0	0
MIR5194	0	0	0
ASAP1	1320	0	1333
ASAP1-IT2	1	0	1
LOC124900269	0	0	0
LOC124902027	0	0	0
ASAP1-IT1	0	0	0
LOC124902026	1	14	0
LOC105375758	0	0	0
ADCY8	0	0	0
LOC105375762	0	0	0
LOC105375761	0	0	0
LOC124902068	0	0	0
LOC105375760	0	0	0
LOC105375759	0	0	0
IADEN	0	0	0
LOC105375763	0	0	0
LOC107986976	0	0	0
EFR3A	1111	0	1111
OC90	0	0	0
HHLA1	0	0	0
KCNQ3	0	0	0
LOC105375765	0	0	0
LOC124902028	0	0	0
HPYR1	0	0	0
DNAAF11	0	0	0
LOC105375767	0	0	0
TMEM71	0	0	0
PHF20L1	651	0	651
TG	0	0	0
LOC105375768	0	0	0
SLA	0	0	0
MIR7848	0	0	0
PTCSC1	0	0	0
LOC105375769	0	0	0
CCN4	0	0	0
LOC102723635	0	0	0
NDRG1	13108	1	13107
LOC105375771	2	6	2
LOC105375772	11	0	17
ST3GAL1	752	2	773
ST3GAL1-DT	51	23	51
LOC124900268	0	0	0
LINC03024	0	0	0
LOC101927798	0	0	0
LOC101927822	0	0	0
LOC124902070	0	0	0
ZFAT	277	6	316
ZFAT-AS1	0	45	0
LOC124902072	0	0	0
LOC124902071	0	0	0
MIR30B	0	0	0
MIR30D	0	0	0
NCRNA00250	0	0	0
LOC101927845	0	0	0
LINC01591	0	0	0
LOC101927872	0	0	0
KHDRBS3	1	0	1
LOC124902046	0	0	0
LOC107986978	0	0	0
LOC107986979	0	0	0
LOC105375775	0	0	0
LOC124900255	0	0	0
LINC02055	121	0	121
LOC124902073	1	0	1
LOC107986905	7	0	7
LOC101927915	0	0	0
LOC105375776	0	0	0
LOC401478	0	0	0
FAM135B	0	0	0
COL22A1	0	0	0
KCNK9	2	0	2
TRAPPC9	828	1	827
LOC107986981	3	3	0
LOC105375781	0	0	0
C8orf17	0	0	0
PEG13	1	0	1
LOC124902029	0	0	0
LOC105375779	3	3	0
LOC105375782	0	0	0
CHRAC1	1125	1	1124
AGO2	1989	12	2001
LOC107986982	11	0	11
ERICD	27	23	28
PTK2	2511	3	2508
MIR151A	0	0	0
LOC105375783	3	3	0
LOC124902030	1	0	1
LOC105375784	0	0	0
DENND3-AS1	29	0	29
DENND3	1058	17	1041
LOC105375785	2	0	2
SLC45A4	1013	2	1044
SLC45A4-AS1	0	33	0
LINC01300	0	0	0
GPR20	0	0	0
LOC101928037	0	0	0
ASTILCS	0	0	0
PTP4A3	0	0	0
MROH5	0	0	0
LOC107983985	0	0	0
LOC105375789	0	0	0
LOC124900270	0	0	0
LOC124902031	0	0	0
LOC105375791	0	0	0
C8orf90	0	0	0
LOC124902074	0	0	0
MIR1302-7	0	0	0
LOC124902047	0	0	0
MIR4472-1	0	0	0
LOC105375792	0	0	0
LINC00051	0	0	0
TSNARE1	36	0	36
ADGRB1	0	0	0
LOC124902075	0	0	0
ARC	20	0	20
LOC101928087	0	0	0
JRK	703	0	703
PSCA	1495	133	1362
LOC124902032	37	4	33
LY6K	2027	46	3880
LNCOC1	48	1865	82
THEM6	1280	0	1280
SLURP1	0	0	0
LYPD2	0	0	0
SLURP2-AS1	0	0	0
LYNX1-SLURP2	0	0	0
SLURP2	0	0	0
LYNX1	0	0	0
LY6D	3	0	3
GML	0	0	0
CYP11B1	0	0	0
CYP11B2	0	0	0
LOC105375794	1	0	1
LY6E-DT	11	0	11
CDC42P3	0	0	0
LY6E	0	0	0
LOC124902034	0	0	0
LY6S-AS1	0	0	0
LY6S	0	0	0
LY6L	0	0	0
LY6H	0	0	0
LOC124902035	0	0	0
LOC107986906	0	0	0
GPIHBP1	16	16	0
LOC124902036	8	0	8
ZFP41	237	1	236
GLI4	562	0	562
MINCR	183	3	180
ZNF696	249	5	246
LOC124902037	0	0	0
TOP1MT	487	20	469
RHPN1	717	33	713
RHPN1-AS1	5	0	34
MAFA-AS1	25	6	19
MAFA	95	0	95
ZC3H3	705	0	705
SNORD149	0	0	0
GSDMD	0	0	0
LOC100310756	0	0	0
MROH6	0	0	0
NAPRT	0	0	0
EEF1D	10	0	10
TIGD5	0	0	0
PYCR3	0	0	0
GFUS	42	3	39
LOC105375798	1	0	1
ZNF623	21	0	21
LOC124902077	0	0	0
LOC105375799	0	0	0
ZNF707	0	0	0
LINC02878	0	0	0
CCDC166	0	0	0
LOC101928160	0	0	0
MAPK15	0	0	0
FAM83H	0	0	0
MIR4664	0	0	0
IQANK1	0	0	0
LOC105375800	0	0	0
SCRIB	0	0	0
MIR937	0	0	0
PUF60	28	0	290
LOC107986985	41	265	58
NRBP2	1048	14	1048
MIR6845	4	0	4
EPPK1	735	5	730
PLEC	13445	16	13432
LOC124902040	2	5	0
MIR661	0	0	0
PARP10	862	2	860
GRINA	6856	3	6853
SPATC1	2	2	0
SMPD5	3	3	0
OPLAH	931	0	934
LOC124902039	2	5	0
MIR6846	0	0	0
EXOSC4	0	8	936
LOC124902038	47	970	29
MIR6847	0	0	1
GPAA1	4162	0	4162
CYC1	5962	5	5957
SHARPIN	1117	1	1123
MAF1	2445	63	2389
WDR97	33	0	33
HGH1	924	2	922
MROH1	942	15	934
BOP1	2195	109	2093
MIR7112	0	0	0
SCX	28	1	27
HSF1	0	0	0
DGAT1	0	0	0
LOC124902050	0	0	0
MIR6848	0	0	0
SCRT1	0	0	0
CATSPERQ	0	0	0
FBXL6	0	0	0
SLC52A2	0	0	0
LOC101928902	0	0	0
ADCK5	2	0	2
CPSF1	0	0	0
MIR939	0	0	0
MIR1234	0	0	0
MIR6849	0	0	0
SLC39A4	0	0	0
LOC124902041	0	0	0
VPS28	20	0	20
TONSL	912	4	1383
TONSL-AS1	8	487	1
MIR6893	0	0	0
TMEM276-ZFTRAF1	0	0	0
ZFTRAF1	20	0	20
MIR10400	0	0	0
TMEM276	37	154	38
KIFC2	862	6	1293
FOXH1	20	277	26
PPP1R16A	1067	22	2117
LOC101928953	54	1159	46
GPT	95	10	165
SLC33A2	1732	4	1733
RECQL4	2408	56	2358
LRRC14	692	73	1534
LRRC24	0	849	62
C8orf82	481	7	474
ARHGAP39	488	0	488
LOC100996662	0	0	0
ZNF251	6	0	6
LOC107986986	10	11	0
LOC105375805	2	0	3
ZNF34	77	0	77
RPL8	37845	14	37831
MIR6850	0	0	0
ZNF517	126	110	71
LOC100130027	26	19	62
ZNF7	436	17	591
COMMD5	701	187	686
ZNF250	234	7	240
LOC124902042	1	13	1
ZNF16	135	0	135
ZNF252P	243	0	251
TMED10P1	6	10	0
ZNF252P-AS1	16	3	16
C8orf33	0	0	0
DDX11L5	0	1	0
WASHC1	276	1	276
MIR1302-9HG	0	0	0
MIR1302-9	0	0	0
FAM138C	0	0	0
LOC124902106	0	0	0
PGM5P3-AS1	0	0	0
LINC01388	0	0	0
FOXD4	13	0	13
ZNG1A	388	0	388
LOC105375942	0	0	0
LOC105375943	0	0	0
DOCK8	99	0	116
DOCK8-AS1	0	0	0
LOC105375945	0	0	0
LOC124902108	1	0	1
DOCK8-AS2	0	17	0
KANK1	1478	1	1492
LOC105375947	9	20	4
KANK1-AS1	0	0	0
LOC107987042	2	2	0
LOC124902109	3	3	0
LOC105375949	0	0	0
DMRT1	0	0	0
DMRT3	0	0	0
LINC-ADAIN	0	0	0
DMRT2	0	0	0
LOC102723803	0	0	0
LOC105375951	0	0	0
LOC105375952	0	0	0
SMARCA2	1488	0	1488
LOC107987043	7	7	0
LOC105375955	0	0	0
LOC101930053	5	0	5
LOC105375956	0	0	0
VLDLR-AS1	4	32	4
VLDLR	582	4	895
LOC105375957	46	290	41
KCNV2	4	4	0
PUM3	820	0	820
LINC01231	0	0	0
LOC105375959	0	0	0
RFX3	44	0	44
LOC124902110	1	0	1
RFX3-DT	4	0	4
LOC105375962	0	0	0
GLIS3	35	3	36
GLIS3-AS1	0	2	0
LOC105375964	0	0	0
LOC124902111	0	0	0
GLIS3-AS2	0	0	0
SLC1A1	224	0	226
SPATA6L	4	4	0
PLPP6	180	0	180
CDC37L1-DT	10	0	11
CDC37L1	386	1	386
AK3	823	0	823
LOC124902112	0	0	0
RCL1	488	2	486
MIR101-2	0	0	0
LOC124902113	12	0	12
JAK2	356	0	356
INSL6	1	1	0
INSL4	147	0	147
RLN2	0	0	0
RLN1	0	0	0
PLGRKT	184	0	184
CD274	4	1	3
INCR1	56	6	50
PDCD1LG2	16	1	15
RIC1	1028	67	984
LOC124902115	3	23	3
ERMP1	2294	3	2291
BRD10	406	0	419
LOC124902341	0	0	0
MLANA	3	6	0
MIR4665	0	10	0
RANBP6	973	0	973
LOC124902116	1	0	1
IL33	4	0	4
LOC107987046	0	0	0
TPD52L3	0	0	0
UHRF2	1066	0	1066
GLDC	18	0	18
LINC02851	0	0	0
LOC124902117	0	0	0
KDM4C	572	4	568
LOC105375969	0	0	0
LOC105375970	0	0	0
LOC102723994	0	0	0
LOC124902118	0	0	0
DMAC1	469	0	469
LOC105375971	0	0	0
PTPRD	0	0	0
PTPRD-AS1	0	0	0
LOC105375972	0	0	0
PTPRD-DT	0	0	0
LINC03131	4	0	4
LOC102724027	0	0	0
LOC105375974	0	0	0
LOC105375975	0	0	0
LOC101929446	0	0	0
LOC105375976	0	0	0
TYRP1	2	2	0
LURAP1L-AS1	1	0	1
LURAP1L	331	2	329
SNORD137	0	0	0
MPDZ	803	0	803
LINC01235	0	0	0
LOC105375977	0	0	0
LOC101929507	0	0	0
LOC124902326	0	0	0
LINC00583	0	0	0
NFIB	659	0	659
NFIB-AS1	6	0	6
TRH-GTG1-6	0	0	0
LOC124902121	0	0	0
LOC124902120	0	0	0
ZDHHC21	0	0	0
CER1	0	0	0
FREM1	0	0	0
LOC105375979	0	0	0
LOC124902122	0	0	0
LOC105375980	0	0	0
LOC389705	2	0	2
LOC124902123	0	0	0
TTC39B	23	0	23
SNAPC3	789	980	902
PSIP1	2203	136	3160
CCDC171	31	1	30
LOC107987049	0	0	0
LINC03041	0	0	0
LOC124902124	0	0	0
LOC124902125	0	0	0
BNC2	226	2	224
BNC2-AS1	25	2	23
LOC124902126	0	0	0
LOC105375983	0	0	0
CNTLN	264	0	264
LOC107987051	1	0	1
SH3GL2	695	0	695
LOC105375987	1	1	0
ADAMTSL1	2	0	2
LOC107986990	0	0	0
LOC105369293	0	0	0
MIR3152	0	0	0
LOC102724102	0	0	0
LOC124902127	0	0	0
LOC105375985	0	0	0
SAXO1	4	2	4
RRAGA	1892	0	1894
HAUS6	2390	0	2390
SCARNA8	3	0	3
PLIN2	3998	0	3998
DENND4C	967	58	909
RPS6	24561	18	24543
ACER2	59	3	56
MAP1LC3BP1	0	0	0
LOC105375988	0	0	0
SLC24A2	0	0	0
LOC124902128	0	0	0
MLLT3	1085	0	1085
LOC124902129	4	4	0
MIR4473	0	0	0
MIR4474	0	0	0
FOCAD	1119	2	1121
FOCAD-AS1	1	4	1
MIR491	1	0	1
SNORA30B	0	0	0
HACD4	8	8	0
LOC105375989	0	0	0
IFNB1	0	0	0
IFNW1	0	0	0
IFNA21	0	0	0
IFNA4	0	0	0
IFNA7	0	0	0
IFNA10	0	0	0
IFNA16	0	0	0
IFNA17	0	0	0
IFNA14	0	0	0
LOC107987053	0	0	0
IFNA22P	0	0	0
IFNA5	0	0	0
KLHL9	986	0	986
IFNA6	0	0	0
IFNA13	0	0	0
IFNA2	0	0	0
IFNA8	0	0	0
IFNA1	0	0	0
MIR31HG	69	2	67
IFNE	13	0	13
MIR31	0	0	0
LOC124900282	0	0	0
LOC107987026	0	0	0
MTAP	1345	0	1345
CDKN2A-AS1	0	4	0
CDKN2A	4842	57	4885
LOC124902130	89	1	88
CDKN2B-AS1	120	46	173
CDKN2B	1012	5	1007
DMRTA1	91	0	91
LINC01239	12	0	12
LOC107987054	0	0	0
LOC105375990	0	0	0
LOC124902131	0	0	0
LOC124902132	0	0	0
LOC105369298	0	0	0
LOC101929563	7	0	7
ELAVL2	64	0	64
LOC105375992	3	0	3
LOC105375993	0	0	0
LOC124902327	0	0	0
LOC105375994	0	0	0
IZUMO3	0	0	0
LOC107987056	0	0	0
LOC105375996	0	0	0
LOC105375997	0	0	0
TUSC1	405	11	394
LINC01241	0	0	0
LINC03106	0	0	0
LOC107987027	0	0	0
LOC105375999	0	0	0
LOC124902133	0	0	0
LOC105369289	0	0	0
LOC105376000	3	0	3
LOC107987028	1	0	1
CAAP1	572	4	568
PLAA	1122	0	1210
IFT74	180	88	180
IFT74-AS1	0	0	0
LRRC19	0	0	0
LOC124902134	6	0	6
TEK	10	1	9
REXO6P	1	0	1
EQTN	1	0	1
MOB3B	464	1	496
IFNK	0	0	0
LOC124902107	6	32	7
C9orf72	200	0	200
LOC105376002	0	0	0
LOC124902135	0	0	0
LINGO2	33	0	33
LOC105376004	0	0	0
LOC124902136	0	0	0
LOC105376003	0	0	0
MIR876	0	0	0
MIR873	0	0	0
LOC105376005	0	0	0
LOC124902344	0	0	0
LINC01242	0	0	0
LOC107987029	0	0	0
LOC105376009	0	0	0
LINC01243	0	0	0
LOC105376010	2	0	2
LOC105376013	0	0	0
LOC124902137	37	0	41
LOC105376011	0	0	0
LOC107987059	3	7	0
ACO1	1972	78	1900
RIGI	1188	10	2089
LOC101060445	22	468	20
LOC124902138	55	487	7
TOPORS	566	12	594
SMIM27	20	44	18
NDUFB6	676	0	676
LOC105376015	0	0	0
TAF1L	0	0	0
LOC105376017	0	0	0
LOC105376016	0	0	0
TMEM215	0	0	0
LOC107987060	7	0	7
APTX	925	0	928
LOC124902140	10	12	1
LOC124902139	15	0	15
DNAJA1	5346	4	5342
SMU1	1345	0	1345
B4GALT1	4428	4	4679
MIR12117	0	0	0
LOC124902141	7	0	7
B4GALT1-AS1	17	260	12
SPINK4	82	2	80
BAG1	11003	20	10983
CHMP5	2529	2	2527
NFX1	2076	0	2221
LOC105376018	0	145	0
LOC124902142	2	1	1
AQP7	32	3	33
LOC105376020	11	1	14
AQP3	7859	2	7857
NOL6	1693	0	1693
MIR6851	0	0	0
LOC107987061	0	0	0
SUGT1P1	45	0	45
ANKRD18B	151	0	151
ANXA2P2	37	0	37
PTENP1	4	0	4
PTENP1-AS	0	0	0
LOC124902143	0	0	0
UBE2R2-AS1	4	3	1
PRSS3	1	1	0
UBE2R2	1903	16	1887
UBAP2	1261	1	1260
SNORD121B	0	0	0
SNORD121A	0	0	0
DCAF12	1509	0	1509
UBAP1	1811	17	1831
LOC114224	0	0	0
KIF24	395	34	398
NUDT2	567	0	567
MYORG	445	2	443
SPMIP6	3	0	3
LOC124902144	5	0	5
FAM219A	172	0	172
LOC124902145	0	0	0
DNAI1	2	0	2
ENHO	2	0	2
CNTFR	1	0	1
CNTFR-AS1	0	0	0
LOC105376023	0	0	0
RPP25L	437	0	437
DCTN3	735	0	735
ARID3C	64	0	64
SIGMAR1	7258	7	7251
GALT	800	0	800
IL11RA	186	0	186
CCL27	4	0	4
LOC730098	22	27	47
PHF24	22	29	46
LOC124902146	30	30	0
CCL19	0	0	0
CCL21	4	0	4
SPATA31F1	1	1	0
SPATA31F2P	1	2	0
SPATA31F3	0	0	0
DNAJB5-DT	0	0	0
DNAJB5	198	0	198
LOC105376025	0	0	0
SPATA31G1	1	1	0
VCP	6908	5	6903
FANCG	1402	3	1399
PIGO	1088	0	1090
PIGO-AS1	17	2431	3
STOML2	0	3	2412
ATOSB	763	3	760
LOC124902147	1	0	1
UNC13B	983	2	981
ATP8B5P	6	0	6
RUSC2	1023	0	1023
LOC105376026	3	0	3
CIMIP2B	2	0	2
TESK1	670	3	670
MIR4667	0	0	0
CD72	5	3	7
LOC124902148	1	1	0
LOC101926948	0	2	0
SIT1	0	0	0
RMRP	3	0	3
CCDC107	65	75	525
ARHGEF39	429	502	462
CA9	2343	2	2341
TPM2	5891	13	5878
TLN1	5642	2	5640
MIR6852	0	0	0
CREB3	675	54	681
MIR6853	0	0	0
GBA2	1395	108	1348
RGP1	1024	1	1253
MSMP	0	229	0
NPR2	47	0	54
SPAG8	4	9	2
HINT2	552	0	552
FAM221B	1	1	0
TMEM8B	258	0	258
OR13J1	0	0	0
LOC124902149	2	0	2
HRCT1	66	2	64
SPAAR	20	0	20
OR2S2	2	0	2
RECK	583	0	583
GLIPR2	0	0	0
CCIN	2	0	2
CLTA	3368	5	3363
LOC124902151	18	18	0
GNE	927	15	920
LOC124902150	6	0	14
LOC102724322	1	0	1
RNF38	744	0	744
LOC124902152	1	0	1
MELK	1541	0	1541
LOC105376030	0	0	0
MIR4475	0	0	0
PAX5	0	0	0
MIR4540	0	0	0
MIR4476	0	0	0
LOC105376032	0	0	0
LOC105376031	0	0	0
EBLN3P	892	0	892
LOC105376034	2	0	2
ZCCHC7	357	0	357
LOC105376033	38	0	38
LOC124902153	15	0	15
LINC01627	0	0	0
LOC124902154	0	0	0
LOC105376035	1	0	1
GRHPR	2468	252	2489
ZBTB5	379	30	622
POLR1E	609	0	609
FBXO10	106	8	98
TOMM5	975	0	975
FRMPD1	2	1	1
TRMT10B	258	148	110
EXOSC3	511	8	503
LOC105376037	19	16	19
DCAF10	829	5	840
SLC25A51	191	3	188
SHB	383	0	383
LOC105376039	0	0	0
LOC124900277	0	0	0
LOC124902348	0	0	0
LOC107987064	0	0	0
LOC107987065	0	0	0
LOC105376040	0	0	0
ALDH1B1	697	0	697
IGFBPL1	0	0	0
LOC105376041	0	0	0
GAS2L1P1	0	0	0
LOC105376042	0	0	0
FAM95C	0	0	0
ANKRD18A	0	0	0
FAM201A	0	0	0
LOC124902156	0	0	0
FAM240B	0	0	0
LOC105376043	0	0	0
LOC105376044	0	0	0
LOC124902157	0	0	0
CNTNAP3	0	0	0
LOC105376045	0	0	0
SPATA31A1	0	0	0
FAM74A1	0	0	0
ZNF658B	3	0	3
GLIDR	2	0	2
FGF7P3	1	1	0
FAM88D	0	0	0
LOC105376050	1	0	1
LOC124902158	0	0	0
LOC107986992	0	0	0
LOC112268033	0	0	0
LOC102724431	0	0	0
LOC105369249	0	0	0
ANKRD20A2P	0	0	0
FAM95B1	0	0	0
GXYLT1P3	0	0	0
LOC124902159	0	0	0
LOC107986995	0	0	0
LOC124902160	0	0	0
LOC102724580	0	2	0
BMS1P14	2	0	4
LOC107984006	14	0	14
LOC107986993	0	0	0
LOC100132004	0	0	0
MIR1299	0	0	0
LOC107986997	0	0	0
FRG1HP	71	0	80
PGM5P2	6	16	1
LOC124902161	0	1	1
LOC105376058	6	0	6
LINC03025	4	1	3
FOXD4L6	2	0	2
ZNG1F	94	0	94
MIR4477A	0	0	0
LOC124902162	1	0	1
LOC124900272	23	5	18
LOC107984035	38	0	38
LOC105376065	5	5	0
LOC101928906	0	0	0
FAM27E2	0	0	0
FAM242F	0	0	0
LOC107987000	11	0	11
LOC105376063	21	0	21
LOC124902163	0	0	0
CNTNAP3B	0	0	0
SPATA31A6	0	0	0
FAM74A7	0	0	0
LOC112268036	0	0	0
FAM88E	0	0	0
LOC101927827	0	0	0
XLOC_007697	0	0	0
LOC102724818	0	0	0
LOC112268044	0	0	0
LOC105376067	0	0	0
LOC102724904	0	0	0
LOC105379434	0	0	0
SPATA31A5	0	0	0
FAM74A6	0	0	0
LOC107984126	0	0	0
LOC105379249	0	0	0
SPATA31A7	0	0	0
LOC124902165	0	0	0
FAM74A4	0	0	0
LOC105379435	0	0	0
CNTNAP3C	0	0	0
LOC105379437	1	0	1
FAM242D	0	0	0
FAM27C	5	5	0
FAM27E4	9	0	12
LOC105379807	0	3	0
LOC102723678	0	0	0
FAM242E	0	0	0
LOC107987007	13	0	13
LOC107987008	0	0	0
LOC105379439	0	0	0
LOC105379263	0	0	0
LOC124902168	0	0	0
FAM88C	0	0	0
FGF7P6	1	0	1
LOC128966771	0	0	0
LINC01189	0	0	0
FAM88F	0	0	0
LOC107987020	6	6	0
LINC01410	1	0	1
LOC100132249	0	0	0
PTGER4P2-CDK2AP2P2	0	0	0
LERFS	10	25	33
FAM88B	1	23	26
LOC107987004	0	0	0
LOC107987003	0	0	0
LOC286297	0	0	0
LOC105379814	0	0	0
AQP7P1	0	0	0
LOC100996643	0	0	0
LOC105379442	0	0	0
LOC107987009	0	0	0
LOC124902167	5	0	5
LINC00537	10	10	0
MIR4477B	8	8	0
FRG1JP	16	0	16
FLJ43315	0	0	0
LOC124902333	0	0	0
ANKRD20A4-ANKRD20A20P	0	0	0
LOC105379257	0	0	0
LOC101929583	0	0	0
LOC107987067	0	0	0
LOC124902169	0	0	0
LINC03155	0	0	0
LOC100132154	0	0	0
LOC102724507	0	0	0
LOC105379443	0	0	0
LOC112268045	1	1	0
FOXD4L5	0	0	0
LOC105379444	0	0	0
LOC107987069	0	0	0
LOC105379446	0	0	0
LOC124902170	3	0	3
LOC105379447	0	0	0
FRG1KP	4	0	4
ZNG1E	244	0	244
FOXD4L4	0	0	0
LOC101928381	0	0	0
LOC124902171	0	0	0
LOC107987071	0	0	0
LOC101928195	0	0	0
LOC112267859	0	0	0
AQP7P3	3	0	3
LOC105379252	0	0	0
ANKRD20A3P	0	0	0
LOC642929	0	0	0
LOC107987073	0	0	0
LOC105379448	0	0	0
LOC124902172	0	0	0
ZNF658	18	0	18
FAM74A3	0	0	0
SPATA31A3	0	0	0
LOC105379450	0	0	0
CNTNAP3P2	0	0	0
LOC101927602	0	0	0
LOC105379451	0	0	0
LOC105379452	0	0	0
LOC105379453	0	0	0
LOC102723709	0	0	0
FAM27E3	13	0	13
FAM27B	15	5	10
LOC101928608	0	0	0
ANKRD20A1	0	0	0
ZNG1C	39	0	39
LOC124902173	1	0	1
FOXD4L3	0	0	0
LOC107987077	0	0	0
LOC101929800	0	0	0
LOC102723624	0	0	0
PGM5-AS1	0	0	0
PGM5	0	0	0
LOC105376070	0	0	0
LOC124902174	0	0	0
TMEM252	0	0	0
TMEM252-DT	0	0	0
LINC01506	0	0	0
LOC105376071	0	0	0
PIP5K1B	419	0	419
PABIR1	456	0	456
LOC101927069	1	0	1
PRKACG	0	0	0
FXN	323	1	322
TJP2	896	0	896
LOC124902175	0	0	0
LOC124902176	0	0	0
BANCR	0	0	0
ENTREP1	17	0	17
LOC124902177	0	0	0
APBA1	0	0	0
LOC124902178	0	0	0
PTAR1	837	0	837
LOC105376076	0	0	0
CFAP95-DT	0	0	0
CFAP95	0	0	0
LOC124902179	0	0	0
MAMDC2	181	0	181
MAMDC2-AS1	0	0	0
SMC5-DT	3	0	5
SMC5	627	2	627
KLF9	832	14	828
LOC124900273	1	0	1
KLF9-DT	1	4	7
LOC105376079	0	0	0
TRPM3	3	14	3
LOC107984011	79	0	93
LOC105376078	1	0	1
MIR204	0	0	0
LOC107987078	0	0	0
LOC124902180	0	0	0
LOC107987079	0	0	0
CEMIP2	1069	0	1069
ABHD17B	636	0	636
C9orf85	273	0	273
LOC101927108	0	0	0
C9orf57	0	0	0
GDA	2951	2	2949
LINC01504	0	0	0
ZFAND5	2276	0	2276
LOC105376080	0	0	0
TMC1	0	0	0
LOC101927234	0	0	0
LOC124902347	0	0	0
LOC101927191	0	0	0
LOC124902181	0	0	0
LINC01474	0	0	0
ALDH1A1	1	0	1
LOC105376081	0	0	0
ANXA1	4168	1	4167
LOC105376082	0	0	0
LOC101927281	0	0	0
LOC124902182	0	0	0
LOC105376084	0	0	0
LOC105376083	0	0	0
LOC105376085	0	0	0
LOC105376086	0	0	0
LOC101927329	0	0	0
LOC105376087	0	0	0
LOC101927358	0	0	0
RORB-AS1	0	0	0
RORB	0	0	0
LOC105376088	0	0	0
TRPM6	1	0	1
C9orf40	495	5	491
CARNMT1-AS1	0	28	1
CARNMT1	277	0	305
NMRK1	400	1	400
OSTF1	741	1	741
LOC105376090	0	0	0
LOC105376091	0	0	0
PCSK5	0	0	0
LOC124902183	0	0	0
RFK	597	15	770
GCNT1	0	173	15
RPSAP9	13	0	13
LOC124902184	0	0	0
LOC105376093	0	0	0
LOC105376095	0	0	0
PRUNE2	0	0	0
PCA3	0	0	0
FOXB2	0	0	0
LOC105376096	0	0	0
VPS13A-AS1	0	3	0
VPS13A	1242	4	1241
GNA14	2	0	2
GNA14-AS1	0	0	0
LOC124902185	2	0	2
GNAQ	531	0	531
LOC107987081	0	0	0
LOC107987031	0	0	0
CEP78	604	0	604
PSAT1	1312	0	1312
LOC107987083	0	0	0
LOC105376097	1	0	1
LOC101927450	0	0	0
LOC124902186	1	0	1
LOC124902328	0	0	0
LNCARSR	0	0	0
TLE4	360	0	360
LOC124902329	1	0	1
LINC01507	0	0	0
LOC105376101	0	0	0
LOC105376100	0	0	0
LOC105376099	0	0	0
LOC105376103	0	0	0
LOC107987085	0	0	0
LOC107987084	0	0	0
TLE1	272	1	297
LOC105376106	2	26	2
TLE1-DT	0	0	0
LOC105376105	0	0	0
LOC124900283	0	0	0
LOC124902187	0	0	0
SPATA31D5P	0	0	0
SPATA31D4	0	0	0
SPATA31D3	0	0	0
LOC105376107	0	0	0
SPATA31D1	0	0	0
LOC112268046	0	0	0
LOC107987086	0	0	0
LOC107987087	0	0	0
LOC105376110	0	0	0
LOC124902188	0	0	0
LOC124902189	0	0	0
RASEF	0	0	0
FRMD3-AS1	0	0	0
FRMD3	58	0	58
LOC124902190	0	0	0
LOC124902346	0	0	0
IDNK	73	3	70
UBQLN1	2786	3	2987
UBQLN1-AS1	23	202	25
LOC124902191	1	0	1
GKAP1	187	0	208
LOC101927552	1	57	1
KIF27	97	3	171
LOC124900638	0	6	0
LOC105376335	0	33	2
QNG1	476	0	476
HNRNPK	6467	3	13557
MIR7-1	34	0	34
HNRNPK-AS1	26	6485	1
RMI1	517	475	517
LOC101927575	0	0	0
SLC28A3	8	0	8
SLC28A3-AS1	0	0	0
LOC102724036	0	0	0
LOC124902192	0	0	0
NTRK2	0	0	0
LOC124902193	0	0	0
LOC105376118	0	0	0
LOC107987088	0	0	0
LOC105376119	0	0	0
LOC124902322	0	0	0
LOC105376121	0	0	0
LOC101927603	4	0	4
AGTPBP1	724	11	713
LOC389765	50	0	50
NAA35	878	13	865
GOLM1	3517	158	3359
LOC101927623	0	0	0
C9orf153	0	0	0
ISCA1	795	0	795
LOC124902194	12	0	12
TUT7	810	2	808
LOC102724080	0	0	0
LOC105376123	31	1	30
LINC02834	0	0	0
LOC124902195	0	0	0
GAS1	1135	6	1129
GAS1RR	100	0	100
LINC02893	1	1	0
LOC124902196	0	0	0
NFYCP2	0	0	0
LOC124902197	0	0	0
LINC02872	1	0	1
LOC105376126	1	0	1
LOC105376127	0	0	0
DAPK1	1	0	1
DAPK1-IT1	0	0	0
CTSL	2722	1	2721
LOC124902198	0	0	0
CTSL3P	0	0	0
LOC112267903	0	0	0
CTSLP8	0	0	0
NPAP1P9	0	0	0
LOC107987091	0	0	0
LOC497256	0	0	0
LOC124902199	0	0	0
SPATA31E1	0	0	0
SPATA31C1	0	0	0
LOC122394732	0	0	0
CDK20	52	0	104
LOC124902200	1	43	0
LOC105376131	0	10	0
LOC124902201	7	0	7
LINC03026	0	0	0
LOC124902202	0	0	0
LOC124902203	0	0	0
SPATA31C2	0	0	0
LOC124902204	40	8	32
SPIN1	1499	0	1499
LOC105376134	0	0	0
NXNL2	0	0	0
LINC02843	0	0	0
LOC105376135	0	0	0
MIR4289	0	0	0
LOC124902205	0	0	0
S1PR3	281	0	281
SHC3	0	0	2
LOC124902206	0	2	0
LOC105376136	96	0	96
CKS2	1771	0	1771
MIR3153	9	0	9
SECISBP2	604	11	606
SEMA4D	207	6	214
LOC105376137	0	0	0
LOC124902207	0	0	0
LOC105376139	0	0	0
GADD45G	0	0	0
LINC03062	0	0	0
LOC105376140	0	0	0
LOC107987032	0	0	0
LOC101927823	0	0	0
LOC101927847	0	0	0
MIR4290HG	0	0	0
MIR4290	0	0	0
LOC105376142	0	0	0
LINC01508	1	0	1
LINC01501	0	0	0
DIRAS2	0	0	0
SYK	1	1	0
LOC105379829	6	0	6
LOC105376143	0	0	0
LINC02957	1	1	0
LOC100129316	3	2	1
LINC02937	14	1	13
LINC00484	1	1	0
LOC124902208	4	1	3
AUH	560	2	558
NFIL3	1030	4	1036
LOC124902209	0	0	0
LOC105376146	2	6	6
MIR3910-1	0	0	0
MIR3910-2	0	0	0
ROR2	1610	5	1605
LOC124902210	1	0	1
LOC105376148	0	0	0
LOC107987094	0	0	0
SPTLC1	1268	1	1267
LOC100128076	0	0	0
LINC00475	0	0	0
LOC124902345	0	0	0
LOC112268048	0	0	0
IARS1	0	0	0
MIR3651	0	0	0
SNORA84	0	0	0
NOL8	0	0	0
CENPP	0	1	0
OGN	0	0	0
OMD	0	0	0
ASPN	0	0	0
ECM2	0	0	0
MIR4670	0	0	0
IPPK	133	1	135
LOC100128361	0	0	0
LOC107987095	24	0	25
BICD2	602	0	602
LOC101929748	0	0	0
LOC124902211	0	0	0
ANKRD19P	14	14	0
ZNF484	45	0	45
SPATA31B2P	0	0	0
FGD3	7	0	12
LOC101927954	0	5	0
SUSD3	0	0	0
LOC101927993	0	0	0
CARD19	381	3	378
NINJ1	1117	1	1116
LOC124902212	2	2	0
LOC124902213	0	0	0
WNK2	265	0	286
LOC124902214	0	21	0
FAM120A2P	2	2	2
LOC107987097	22	0	22
FAM120AOS	761	171	779
FAM120A	2983	18	3156
PHF2	487	0	487
MIR548AU	0	0	0
LOC124902215	13	0	13
LOC101928014	0	0	0
MIR4291	0	0	0
BARX1	777	0	777
LOC124902216	26	1	25
BARX1-DT	0	0	0
PTPDC1	278	4	274
LOC107987099	0	0	0
MIRLET7A1HG	1	0	1
MIRLET7A1	0	0	0
MIRLET7F1	0	0	0
LINC02603	32	32	0
MIRLET7D	17	0	17
LOC124902342	0	0	0
ZNF169	41	0	41
LOC105376154	0	0	0
NUTM2F	0	0	0
LOC124902217	0	0	0
LOC100132077	0	0	0
SLC71A2	1871	6	1865
LOC107987100	2	0	2
LOC124902218	5	0	6
PCAT7	40	1	42
FBP2	4	6	0
FBP1	5	0	5
LOC124902219	0	0	0
LOC107987101	0	0	0
AOPEP	517	86	533
LOC124902220	0	0	0
MIR2278	0	0	0
AOPEP-AS1	2	23	0
MIR6081	0	0	0
MIR23B	0	0	0
MIR27B	1	0	1
MIR3074	0	11	0
MIR24-1	0	0	0
FANCC	434	11	577
LOC107987102	7	75	7
LOC124902339	0	0	0
LOC105376155	2	0	2
LOC105376156	87	0	87
PTCH1	372	8	425
LOC100507346	0	61	0
LOC105376157	0	0	0
LOC105376158	0	0	0
LOC105376161	0	0	0
ERCC6L2-AS1	159	14	162
LOC107987103	5	0	5
LOC124902221	3	3	0
ERCC6L2	418	3	432
LINC00092	0	0	0
LOC105376159	0	0	0
LOC158435	1	0	1
LOC158434	0	0	0
LOC112268039	0	0	0
LOC107987033	0	0	0
SLC35D2-HSD17B3	1	0	1
HSD17B3	0	0	0
HSD17B3-AS1	1	3	0
SLC35D2	2	0	2
ZNF367	592	1	591
HABP4	141	9	143
CDC14B	372	4	379
LOC105376163	2	2	0
PRXL2C	209	0	209
MKRN10P	0	0	0
ZNF510	296	0	296
ZNF782	53	0	54
LOC100132781	0	0	0
PTMAP11	0	0	0
NUTM2G	3	7	0
SLC71A3P	37	1	39
CTSV	366	0	366
GAS2L1P2	4	0	4
LOC107987104	18	0	18
LOC105376166	3	0	3
LOC112268050	13	0	13
ANKRD18CP	13	2	58
LOC107987025	0	0	0
LOC124902224	1	1	0
SUGT1P4-STRA6LP-CCDC180	0	0	0
SUGT1P4-STRA6LP	9	0	9
CCDC180	2	0	2
MIR1302-8	1	1	0
LOC286359	0	0	0
TDRD7	218	0	218
TMOD1	311	302	558
TMOD1-AS1	0	0	0
TSTD2	222	252	519
NCBP1	1839	36	1803
XPA	261	14	247
PTCSC2	1	0	1
FOXE1	128	0	128
TRMO	181	0	181
HEMGN	0	0	0
LOC124902226	0	1	0
ANP32B	2909	0	2910
LOC124902225	3	0	3
TRIM14	1428	860	1469
LOC124902227	0	0	0
NANS	316	83	1134
CORO2A	204	0	204
TBC1D2	1123	5	1118
MIR6854	0	0	0
GABBR2	1	0	1
LOC124902228	0	0	0
ANKS6	706	0	706
LOC124902229	0	0	0
GALNT12	17	0	17
LOC102724684	0	0	0
ADIPINT	0	0	0
COL15A1-AS1	0	2	0
COL15A1	141	1	142
TGFBR1	3148	17	3131
LOC105376174	0	0	0
ALG2	832	8	825
SEC61B	1535	0	1536
LOC124902230	2	0	2
LOC124902231	0	0	0
NAMA	0	0	0
LOC124902232	0	0	0
LOC107987011	1	0	1
LOC124902236	0	0	0
LOC124902233	0	0	0
LOC107987012	0	0	0
LOC101928438	2	0	2
LOC124902234	0	0	0
NR4A3	187	0	187
STX17-DT	4	0	4
STX17	525	1	524
ERP44	1476	15	1461
LOC105376176	6	6	0
INVS	375	4	425
LOC124902235	0	40	0
TEX10	696	22	688
LOC105376177	25	0	25
MSANTD3	169	2	167
MSANTD3-TMEFF1	0	0	0
LOC124902237	0	1	0
TMEFF1	0	0	0
CAVIN4	9	0	9
LOC105376179	0	0	0
LOC105376180	0	0	0
LOC105376181	0	0	0
PLPPR1	0	0	0
LOC105376183	0	0	0
LOC105376182	0	0	0
LOC124902238	0	0	0
BAAT	2	0	2
MRPL50	650	0	650
ZNF189	387	0	387
ALDOB	1	1	0
LOC105376184	0	0	0
TMEM246-AS1	0	0	0
PGAP4	0	0	0
RNF20	946	1	946
GRIN3A	10	11	0
PPP3R2	0	0	0
LOC105376186	0	0	0
LOC105376187	0	0	0
LOC105376188	0	0	0
LOC105376190	0	0	0
LINC00587	0	0	0
CYLC2	0	0	0
LOC105376191	0	0	0
LINC01492	0	0	0
LOC105376192	0	0	0
LOC105376193	0	0	0
LINC03094	0	0	0
SMC2-DT	0	0	0
SMC2	2214	41	2173
LOC105376194	0	0	0
LOC105376195	0	0	0
OR13F1	1	1	0
OR13C4	0	0	0
LOC107987105	0	0	0
OR13C3	0	0	0
OR13C8	0	0	0
OR13C5	0	0	0
OR13C2	0	0	0
OR13C9	0	0	0
OR13D1	0	0	0
NIPSNAP3A	397	0	397
NIPSNAP3B	10	3	10
ABCA1	28	0	31
LOC124902239	0	0	0
LOC105376196	0	0	0
CT70	4	4	0
LOC105376197	0	0	0
LOC112268038	1	0	1
SLC44A1	1389	2	1387
FSD1L	210	0	210
RALGAPA1P1	9	0	9
FKTN-AS1	0	2	0
FKTN	459	0	461
TAL2	0	0	0
TMEM38B	477	0	477
LOC107987107	0	0	0
LOC107987108	1	0	1
LOC107987109	1	0	1
LOC124902240	0	0	0
MIR8081	0	0	0
LINC01505	0	0	0
LOC105376204	0	0	0
ZNF462	12	0	12
LOC340512	0	0	0
LOC107987110	0	0	0
RAD23B	5334	3	5331
LOC124902241	4	0	4
LOC107987111	0	0	0
LINC01509	0	0	0
KLF4	2164	12	2153
LOC105376206	1	0	2
LOC105376205	2	0	2
LOC105376207	0	0	0
LOC124902242	14	0	14
LOC105376208	30	0	31
LOC105376209	0	1	0
LOC107987112	8	0	12
LOC124902243	0	4	0
LOC105376214	9	4	5
LOC105376213	0	0	0
LOC105376212	0	0	0
ACTL7B	0	0	0
ACTL7A	0	0	0
ELP1	1182	0	1182
ABITRAM	434	2	432
CTNNAL1	1676	0	1676
LOC105376216	1	1	0
TMEM245	2622	0	2622
MIR32	0	0	0
FRRS1L	0	0	0
EPB41L4B	461	0	461
PTPN3	607	0	607
MIR3927	0	0	0
PALM2AKAP2	1013	1	1012
PALM2AKAP2-AS1	0	0	0
LOC124902244	4	0	4
LOC105376217	0	0	0
C9orf152	7	0	7
TXN	4468	1	4467
LOC107987114	0	0	0
LOC124902246	1	0	1
TXNDC8	0	1	0
LOC124902245	0	0	1
SVEP1	3026	35	2991
LOC124902331	0	0	0
LOC124902247	0	0	0
LOC105376218	0	0	0
MUSK	2	0	2
LOC107987115	0	0	0
LPAR1	0	0	0
LOC124902248	0	0	0
MIR7702	0	0	0
LOC105376219	0	0	0
OR2K2	0	0	0
ECPAS	3348	0	3348
ZNF483	23	23	0
PTGR1	1668	0	1668
LRRC37A5P	0	0	0
LOC107987116	0	0	0
DNAJC25-GNG10	0	0	0
DNAJC25	239	0	239
GNG10	1	1	0
SHOC1	60	4	56
LOC124902249	17	0	17
UGCG	685	0	685
MIR4668	0	0	0
LOC124902250	0	0	0
LINC02977	14	0	14
SUSD1	76	0	76
PTBP3	2470	3	2467
HSDL2	1197	1	1369
HSDL2-AS1	10	186	1
KIAA1958	663	0	667
INIP	303	1	302
SNX30-DT	13	0	13
SNX30	332	0	332
SLC46A2	0	0	0
ZNF883	0	0	0
ZFP37	0	0	0
FAM225B	0	0	0
FAM225A	1	0	1
SLC31A2	0	27	91
FKBP15	1193	95	1216
SLC31A1	1686	5	1681
LOC107987119	6	2	4
CDC26	301	2	299
PRPF4	1412	0	1412
RNF183	7	0	7
WDR31	166	0	166
BSPRY	3	0	3
HDHD3	1327	1	1326
ALAD	1337	0	1337
POLE3	2529	0	2529
C9orf43	8	0	8
RGS3	191	0	191
LOC105376222	0	0	0
LOC105376223	0	0	0
ZNF618	275	0	275
AMBP	0	0	0
LOC107987120	0	0	0
KIF12	5	0	6
LOC124902251	0	1	0
LOC105376225	0	0	0
COL27A1	240	8	316
MIR455	0	0	0
LOC124902252	2	7	6
LOC105376224	7	80	0
ORM1	0	0	0
ORM2	0	0	0
AKNA	385	0	385
LOC124902253	0	0	0
WHRN	599	22	577
LOC124902254	0	0	0
LOC105376229	0	0	0
LOC124902352	0	0	0
ATP6V1G1	1445	0	1445
TMEM268	346	4	342
TEX53	3	3	0
LOC107987121	3	0	3
TEX48	4	4	0
LOC105376231	0	0	0
TNFSF15	3	0	3
TNFSF8	0	0	0
TNC	20	0	20
LOC124902256	0	0	0
LOC124902255	0	0	0
LOC101928748	0	0	0
DELEC1	0	0	0
LOC124902257	0	0	0
LOC105376233	0	0	0
LOC105376232	0	0	0
LOC105376235	4	0	4
LOC101928775	0	0	0
LOC105376234	0	0	0
LINC00474	0	0	0
LOC124902258	6	0	6
LOC105376236	1	0	1
PAPPA	583	12	833
PAPPA-AS2	0	0	0
PAPPA-AS1	0	260	2
ASTN2	83	0	85
ASTN2-AS1	0	0	0
LOC107987014	0	2	0
LOC105376240	0	0	0
TRIM32	624	0	624
LOC105376239	0	0	0
LOC105376238	0	0	0
SNORA70C	0	0	0
LOC105376237	0	0	0
LOC105376242	0	0	0
LOC124902330	0	0	0
LOC101928797	0	0	0
TLR4	201	2	199
LOC105376244	6	0	6
LOC105376243	1	1	0
LOC105376246	0	0	0
LOC105376247	0	0	0
LOC105376248	0	0	0
LOC105376249	0	0	0
LOC102724929	0	0	0
LINC02578	0	0	0
LOC101928849	0	0	0
BRINP1	0	0	0
LOC105376250	0	0	0
LOC107987122	0	0	0
LINC01613	0	0	0
LOC107987123	0	0	0
LOC124902259	0	0	0
LOC124902260	0	0	0
MIR147A	0	0	0
LOC105376253	1	0	1
CDK5RAP2	1614	4	1610
MEGF9	491	1	490
FBXW2	1867	0	1867
B3GALT9	74	3	71
PSMD5	1696	3	1694
CUTALP	169	2	168
PHF19	1071	2	1069
TRAF1	74	0	74
C5-OT1	2	0	2
C5	28	2	27
LOC124902261	1	1	0
CNTRL	193	6	188
RAB14	1936	4	1932
GSN	1556	39	1623
GSN-AS1	3	105	4
STOM	6217	0	6217
LOC102723324	3	0	3
GGTA1	0	0	0
LOC107987016	0	0	0
DAB2IP	1203	0	1203
LOC105376257	1	0	1
LOC107987125	0	0	0
TTLL11	238	3	235
LOC124902262	3	3	0
LOC124902263	0	0	0
MIR4478	0	0	0
NDUFA8	866	0	866
MORN5	0	0	0
LHX6	44	1	43
RBM18	417	4	417
MRRF	1632	1	1635
PTGS1	11	0	11
LOC124902264	0	0	0
OR1J2	1	0	1
OR1J1	0	0	0
OR1J4	0	0	0
OR1N1	0	0	0
OR1L8	0	0	0
OR1N2	0	0	0
LOC124902265	0	0	0
OR1Q1	0	0	0
OR1B1	0	0	0
OR1L1	0	0	0
OR1L3	0	0	0
OR1L4	0	0	0
OR1L6	0	0	0
OR5C1	0	0	0
OR1K1	0	0	0
PDCL	332	0	332
RC3H2	1006	0	1006
SNORD90	0	0	0
ZBTB6	250	0	250
ZBTB26	177	0	177
RABGAP1	869	1	868
LOC105379839	0	0	0
GPR21	0	0	0
STRBP	584	1	583
MIR600HG	0	0	0
MIR600	0	0	0
LOC105376265	0	0	0
LOC124902266	0	0	0
CRB2	7	142	6
DENND1A	883	1	1023
MIR601	1	0	1
MIR7150	0	0	0
LOC105376266	19	0	19
LOC105376267	0	0	0
LHX2-AS1	1	1	0
LHX2	130	0	130
LOC107987037	0	0	0
NEK6	688	5	684
LOC613206	3	4	0
LOC124902268	0	0	0
PSMB7	1322	103	2540
LOC100129034	656	1256	711
LOC124902267	21	9	12
LOC105376270	77	0	109
ADGRD2	0	32	0
NR5A1	2	0	2
NR6A1	214	0	214
MIR181A2HG	4	0	4
MIR181A2	0	0	0
MIR181B2	0	0	0
LOC124902269	10	0	10
LOC124900274	10	0	10
LOC107987126	6	0	6
OLFML2A	670	0	670
WDR38	1	1	0
RPL35	6913	4	6919
ARPC5L	1667	33	1644
GOLGA1	616	7	609
SCAI	110	0	110
PPP6C	1415	0	1415
LOC105376271	0	0	0
RABEPK	599	0	599
HSPA5	13034	4	13030
HSPA5-DT	0	0	0
GAPVD1	1568	0	1568
LOC101929014	1	0	1
LOC112268055	0	0	0
MAPKAP1	1212	0	1212
LOC124902270	1	0	1
LOC105376272	5	0	5
PBX3-DT	1	0	1
PBX3	268	0	268
LOC124902271	0	0	0
LOC105376273	0	0	0
LOC105376274	0	0	0
LOC105376275	0	0	0
LOC101929116	0	0	0
MVB12B	0	0	0
NRON	0	0	0
LOC105376276	0	0	0
LOC124902272	0	0	0
LMX1B-DT	0	0	0
LMX1B	0	0	0
LOC107987129	0	0	0
ZBTB43	354	2	352
ZBTB34	475	0	475
RALGPS1	113	1	114
LOC105376279	0	0	0
ANGPTL2	54	0	54
LOC105376278	8	7	3
LOC124902273	0	0	0
GARNL3	107	1	110
LOC124902274	0	4	0
LOC124902275	12	0	12
SLC2A8	421	0	421
ZNF79	87	0	88
RPL12	13722	12	13715
SNORA65	7	0	7
LRSAM1	720	5	719
NIBAN2	8288	6	8282
LOC105376281	4	0	4
LOC124902276	18	0	18
LOC124902277	6	0	6
STXBP1	2693	13	3000
MIR3911	3	298	9
PTRH1	1	15	352
CFAP157	73	413	1
TTC16	46	39	23
TOR2A	372	0	388
SH2D3C	38	0	38
LOC107987132	0	0	0
MIR3960	1	0	1
MIR2861	0	0	0
CDK9	1120	0	1120
FPGS	1690	4	1686
ENG	467	34	672
LOC102723566	17	225	31
LOC105379841	0	0	0
LOC124902278	1	0	1
LOC124902279	0	0	0
AK1	2	0	2
ST6GALNAC4-ST6GALNAC6-AK1	0	0	0
MIR4672	0	0	0
ST6GALNAC6	1	0	1
ST6GALNAC4	365	1	364
PIP5KL1	73	0	73
DPM2	1059	0	1059
LOC124902280	1	8	0
EEIG1	1052	4	1055
NAIF1	332	0	332
SLC25A25	304	17	289
SLC25A25-AS1	157	2	157
PTGES2	2078	2	2076
PTGES2-DT	3	0	3
LCN2	8	0	8
BBLN	531	1	530
CIZ1	1494	1	1493
DNM1	18	0	18
MIR199B	0	0	0
MIR3154	0	0	0
GOLGA2	1969	3	1968
SWI5	298	2	299
TRUB2	754	12	1328
LOC105376286	9	580	13
COQ4	917	1	916
TRR-TCT3-1	0	0	0
SLC27A4	986	0	986
URM1	1078	0	1078
MIR219A2HG	1	1	0
MIR219A2	0	0	0
MIR219B	0	0	0
CERCAM	2781	0	2781
ODF2	777	1	1165
ODF2-AS1	1	206	0
LOC124902281	0	184	0
GLE1	1195	4	1191
LOC101929270	6	3	3
SPTAN1	5917	33	5919
DYNC2I2	4450	29	4456
SET	8740	12	8728
PKN3	1712	27	1715
ZDHHC12	817	13	834
ZDHHC12-DT	37	4	38
ZER1	1029	11	1025
LOC124902340	0	0	0
LOC124902282	0	2	0
TBC1D13	1035	0	1035
ENDOG	316	270	736
KYAT1-SPOUT1	3	0	3
SPOUT1	0	0	0
KYAT1	28	0	28
LRRC8A	1095	2	1271
LOC101929291	19	192	5
PHYHD1	339	1	338
DOLK	318	2	316
NUP188	2407	37	4021
LOC101929314	0	1618	15
SH3GLB2	1349	7	1358
MIGA2	675	1	674
DOLPP1	361	0	361
CRAT	1048	2	1046
PTPA	1782	0	1784
IER5L	2016	4	2014
LOC105376289	10	0	10
IER5L-AS1	0	0	0
LINC02975	0	0	0
LOC107987133	0	0	0
LINC02913	1	0	1
LINC01503	58	0	58
LOC107987038	0	0	0
LOC105376291	0	0	0
LOC124902283	4	0	5
LINC00963	42	4	39
LOC124900275	732	0	732
LOC105376292	16	0	16
NTMT1	431	123	906
C9orf50	1	1	0
ASB6	615	476	737
PRRX2	163	1	162
PRRX2-AS1	0	0	0
LOC124902284	0	0	0
PTGES	2079	0	2079
TOR1B	846	12	834
TOR1A	889	19	870
C9orf78	493	1	492
USP20	495	0	495
MIR6855	0	0	0
FNBP1	480	0	480
GPR107	1704	0	1704
GPRACR	0	0	0
NCS1	1412	3	1409
MIR12126	0	0	0
LOC124902285	0	0	0
HMCN2	6	8	13
LOC107987134	11	7	19
ASS1	17733	7	17726
LOC124902349	10	0	10
LOC100272217	11	0	11
FUBP3	1315	0	1315
LOC124902286	9	0	9
MIR6856	0	0	0
PRDM12	8	0	8
EXOSC2	1124	1	1123
ABL1	3963	3	3960
LOC128092248	0	0	0
LOC124902288	0	0	0
LOC124902287	73	3	70
QRFP	13	12	1
FIBCD1	668	1	667
FIBCD1-AS1	3	1	2
LAMC3	1504	2	1502
LOC124902289	0	0	0
AIF1L	403	0	403
NUP214	2260	2	2258
FAM78A	476	1	475
PLPP7	38	0	38
LOC105376299	79	0	132
LOC105376300	3	56	0
PRRC2B	5366	2	5364
SNORD62A	1	0	1
SNORD62B	9	0	9
POMT1	130	5	126
LOC105376301	2	1	2
UCK1	519	0	519
PRRT1B	0	0	0
RAPGEF1	783	1	782
MED27	480	0	480
LOC105376302	0	0	0
LOC124902291	0	0	0
NTNG2	1	0	1
SETX	1259	0	1259
LOC124902292	1	2	0
TTF1	433	0	434
CFAP77	3	5	0
LOC105376304	0	0	0
LOC124902293	0	0	0
BARHL1	0	0	0
DDX31	615	4	617
GTF3C4	1159	4	1159
AK8	1	1	2
LOC124902335	0	0	0
SPACA9	141	1	142
TSC1	682	1	681
GFI1B	0	0	0
MIR548AW	0	0	0
SNORD141A	112	12	100
LOC105376306	12	0	12
GTF3C5	1443	4	1754
MIR6877	0	0	0
LOC124902325	0	314	1
CEL	14	0	14
CELP	0	0	0
LOC124902343	0	0	0
RALGDS	648	0	648
GBGT1	0	0	0
OBP2B	0	0	0
LOC124902294	0	0	0
ABO	2	0	2
SURF6	0	0	0
MED22	0	0	0
RPL7A	4	0	4
SNORD24	0	0	0
SNORD36B	0	0	0
SNORD36A	0	0	0
SNORD36C	0	0	0
SURF1	0	0	0
SURF2	0	0	0
SURF4	0	0	0
STKLD1	0	0	0
REXO4	0	0	0
ADAMTS13	0	0	0
CACFD1	0	0	0
LOC124902295	0	0	0
SLC2A6	0	0	0
LOC102723855	0	0	0
MYMK	0	0	0
ADAMTSL2	0	0	0
FAM163B	0	0	0
LOC124902296	0	0	0
DBH	0	0	0
DBH-AS1	0	0	0
SARDH	0	0	0
VAV2	1211	3	1208
BRD3OS	413	219	435
BRD3	430	24	652
LOC100130548	4	9	0
WDR5-DT	4	7	16
WDR5	1177	12	1184
LOC124902297	13	8	5
RNU6ATAC	0	0	0
LOC124902298	0	0	0
LOC107987137	0	0	0
LOC101928384	0	0	0
LOC107987039	0	0	0
LOC124902299	0	0	0
LINC02247	0	0	0
RXRA	760	0	760
MIR4669	0	0	0
LOC105376311	3	0	3
LOC100506532	0	0	0
COL5A1	8497	13	9407
LOC124902300	12	0	14
COL5A1-AS1	0	2	0
LOC124902301	3	154	1
LOC101448202	4	775	0
MIR3689C	0	0	0
MIR3689A	0	0	0
MIR3689D1	0	0	0
MIR3689B	0	0	0
MIR3689D2	0	0	0
MIR3689E	0	0	0
MIR3689F	0	0	0
FCN2	6	0	6
FCN1	0	0	0
LOC105376314	0	0	0
LOC124902302	0	0	0
LOC105376313	0	0	0
LOC124902303	0	0	0
OLFM1	3	0	3
LOC102723948	0	0	0
LOC401557	0	0	0
LOC107987138	0	0	0
LINC02907	0	0	0
LOC124902304	0	0	0
LOC124902305	0	0	0
LOC124902306	3	0	3
PPP1R26-AS1	54	0	54
PPP1R26	1068	10	1058
PIERCE1	83	0	96
MRPS2	608	24	2181
LOC101928525	1	1584	1
LCN1	0	0	0
OBP2A	0	0	0
LOC107987040	0	0	0
PAEP	0	0	0
LINC01502	0	0	0
LOC105376316	0	0	0
LOC102723971	0	0	0
GLT6D1	0	0	0
LCN9	0	0	0
LOC105376317	0	0	0
LOC105376318	0	0	0
SOHLH1	0	0	0
KCNT1	0	0	0
LOC107987140	0	0	0
CAMSAP1	682	0	682
CAMSAP1-DT	48	1	47
UBAC1	1268	1	1267
NACC2	1059	1	1058
LOC124902307	0	0	0
LINC02846	41	2	39
TMEM250	1648	2	1652
LOC107987142	19	8	17
LHX3	0	0	0
QSOX2	1310	0	1310
CCDC187	0	0	0
LOC124902308	0	0	0
DKFZP434A062	0	0	0
GPSM1	557	3	568
DNLZ	85	30	80
LOC124902309	0	6	12
CARD9	13	4	16
SNAPC4	915	0	915
ENTR1	1524	0	1524
PMPCA	2474	0	2474
INPP5E	466	0	466
SEC16A	2943	13	2946
C9orf163	15	5	26
NOTCH1	783	2	825
LOC124902310	0	44	0
MIR4673	0	0	0
MIR4674	4	25	0
NALT1	161	0	182
LOC124902311	0	0	0
LINC01451	0	0	0
LOC105376325	1	0	1
LOC102724193	0	0	0
LNCEGFL7OS	0	0	0
EGFL7	1459	1	1458
MIR126	0	0	0
AGPAT2	1757	2	1755
DIPK1B	0	72	0
LOC124900276	58	0	76
SNHG7	41	0	64
SNORA17B	0	0	0
SNORA17A	0	0	0
LCN10	0	0	0
LCN6	0	1	0
LOC100128593	0	0	1
MIR6722	0	0	0
LCN8	0	0	0
LCN15	4	0	4
LOC107987143	0	0	0
TMEM141	443	0	443
CCDC183	37	40	33
CCDC183-AS1	28	16	50
RABL6	2068	589	1480
MIR4292	12	0	12
AJM1	493	192	301
PHPT1	1064	65	1047
MAMDC4	204	0	204
EDF1	2068	2	2115
TRAF2	1721	5	1716
LOC105376326	18	0	18
MIR4479	8	0	8
FBXW5	2998	6	2992
C8G	17	0	17
LCN12	34	2	32
LINC02692	0	0	0
LOC124902312	20	0	20
PTGDS	19	0	19
LCNL1	4	0	4
PAXX	741	0	741
CLIC3	262	0	262
ABCA2	4692	2	4690
LINC02908	1	3	0
FUT7	0	0	0
NPDC1	1014	2	1014
ENTPD2	170	0	186
LOC105376327	0	16	0
SAPCD2	1301	3	1298
UAP1L1	498	0	498
MAN1B1-DT	48	3	47
MAN1B1	1711	3	1710
LOC124902338	0	0	0
LOC124902313	56	0	56
DPP7	2094	15	2081
LOC124902314	22	1	23
LOC124902353	0	0	0
GRIN1	53	69	0
LOC105376328	14	0	29
LRRC26	258	0	259
MIR3621	0	0	0
TMEM210	1	1	0
LOC124902315	74	346	9
ANAPC2	814	4	1092
SSNA1	766	8	759
TPRN	359	0	359
TMEM203	996	0	996
NDOR1	789	0	789
LOC122513141	0	0	0
RNF208	80	0	80
CYSRT1	59	14	45
RNF224	19	7	12
SLC34A3	28	21	7
TUBB4B	9033	4	9378
CIMIP2A	14	348	21
LOC124902316	0	0	0
STPG3-AS1	0	0	0
STPG3	0	23	0
NELFB	1533	1	1532
TOR4A	937	0	937
NRARP	590	6	584
EXD3	292	0	292
NOXA1	356	0	363
ENTPD8	0	7	0
NSMF	1969	2	1967
MIR7114	0	0	0
PNPLA7	105	0	105
MRPL41	934	4	976
LOC124902317	0	46	0
DPH7	393	1	392
ZMYND19	1209	0	1209
LOC124902318	5	2	3
ARRDC1	843	18	833
ARRDC1-AS1	312	22	298
EHMT1	1325	1	1324
LOC124902319	1	0	1
LOC651337	1	1	0
MIR602	0	0	0
CACNA1B-AS2	0	0	0
CACNA1B	3	1	2
LOC124902320	0	0	0
CACNA1B-AS1	0	0	0
LOC101928786	0	0	0
TUBBP5	2	0	2
LOC101928932	0	0	0
FAM157B	1	0	1
LOC124902321	0	0	0
LOC105376333	0	0	0
LOC105376332	0	0	0
LOC105379525	0	0	0
LOC102724727	0	0	0
LOC107987370	0	0	0
LOC124905322	3	0	3
LOC102724750	0	0	0
LOC107987371	0	0	0
LOC107987372	0	0	0
LOC102724813	28	0	28
LOC102723376	0	0	0
LOC124902360	0	0	0
TUBB8	2	0	2
ZMYND11	756	6	822
LOC107984190	2	74	0
LOC107984191	0	0	0
DIP2C	1	0	1
LOC124902362	0	0	0
LOC124902361	0	0	0
DIP2C-AS2	0	0	0
MIR5699	0	0	0
DIP2C-AS1	0	0	0
LARP4B	1614	2	1613
LOC124902363	2	0	3
LARP4B-DT	0	0	0
GTPBP4	2518	0	2599
IDI2	4	90	0
IDI2-AS1	7	323	20
IDI1	1637	32	1946
WDR37	433	5	438
LOC105376344	0	0	0
LINC00200	0	0	0
ADARB2	714	0	715
LOC105376342	0	0	0
LOC124902364	5	6	0
ADARB2-AS1	0	0	0
LOC105376345	1	1	0
LOC105376346	8	0	8
LINC00700	3	3	0
MIR6072	0	0	0
LINC02662	0	0	0
LOC107984168	0	0	0
LINC00701	13	0	13
LOC105376349	4	0	4
LINC02645	0	0	0
LOC107983989	0	0	0
LOC105376350	0	0	0
LOC105376352	0	0	0
LOC124902532	1	0	1
PFKP-DT	4	0	5
LOC124902536	0	1	0
PFKP	6630	10	6620
SNORD142	3	0	3
PITRM1	914	7	1418
PITRM1-AS1	18	526	3
LINC02668	0	0	0
LOC105376353	0	0	0
LOC124902537	0	0	0
LOC107987146	0	0	0
LOC105376356	0	0	0
LOC124902565	0	0	0
LOC105376360	0	0	0
LOC105376358	0	0	0
LOC105376357	0	0	0
LINC02669	0	0	0
LOC124902538	0	0	0
LOC107984192	0	0	0
LOC124902539	0	0	0
LOC107984193	0	0	0
LOC124902540	0	0	0
LOC105376361	0	0	0
LOC105376363	0	0	0
KLF6	566	0	566
LOC105376364	0	0	0
LINC02639	0	0	0
LOC124902541	0	0	0
LINC02660	0	0	0
LOC105376367	0	0	0
MIR6078	0	0	0
LOC107984195	0	0	0
LOC105376368	0	0	0
LINC00702	0	0	0
LOC105376369	0	0	0
LOC105376370	0	0	0
LOC105376371	0	0	0
LOC105376372	0	0	0
LINC00703	0	0	0
MANCR	0	0	0
LINC00705	0	0	0
LOC105376373	0	0	0
LOC105376375	0	0	0
LOC107984197	0	0	0
LOC105376374	0	0	0
AKR1E2	0	0	0
AKR1C6P	0	0	0
AKR1C1	1	0	3
LOC124902365	0	2	0
AKR1C2	1	0	1
LOC101928051	0	0	0
LOC107984198	0	0	0
AKR1C3	9	0	9
LOC124902366	0	0	0
LOC124900291	0	0	0
AKR1C8	0	0	0
AKR1C4	0	0	0
LINC02561	0	0	0
UCN3	0	0	0
TUBAL3	0	0	0
NET1	994	3	991
CALML5	0	0	0
CALML3-AS1	1	0	1
CALML3	0	0	0
LOC105376380	0	0	0
LOC105376381	0	0	0
LASTR	2	0	2
LINC02678	2	0	2
LINC02677	0	0	0
LOC107984199	0	0	0
ASB13	1124	1	1123
TASOR2	1642	3	1639
GDI2	4272	0	4272
LOC124902367	13	0	13
TRV-TAC3-1	0	0	0
ANKRD16	203	0	232
FBH1	1254	29	1599
LOC105376384	1	345	1
IL15RA	150	0	151
LOC107984200	6	7	0
IL2RA	0	0	0
LOC124902368	0	0	0
LOC124902573	0	0	0
IL2RA-AS1	0	0	0
RBM17	1429	1	1428
LOC101928080	0	0	0
LOC124902369	0	0	0
PFKFB3	458	0	458
MIR3155A	0	0	0
MIR3155B	0	0	0
PFKFB3-AS1	0	0	0
LINC02649	4	0	4
LINC02656	4	0	4
PRKCQ	1	0	1
LOC124902370	2	2	0
LOC107984202	0	0	0
PRKCQ-AS1	0	0	0
LINC02648	0	0	0
LINP1	46	0	46
LINC00706	0	0	0
LINC00707	144	0	144
LOC105376387	2	0	2
LINC02665	0	0	0
SFMBT2	1393	2	1391
SNORD129	3	0	3
LOC124902372	17	0	17
LOC124902373	0	0	0
LINC02642	0	0	0
LOC105376390	0	0	0
LOC105376391	0	0	0
ITIH5	0	0	0
ITIH2	9	9	0
KIN	270	0	270
ATP5F1C	3655	0	3656
LOC105376392	9	10	0
TAF3	188	0	188
LOC105376394	0	0	0
GATA3	2	0	2
GATA3-AS1	0	0	0
LOC105376395	0	0	0
LOC107984206	0	0	0
LOC107984205	0	0	0
LINC00708	0	0	0
LOC105376396	0	0	0
LOC105376397	0	0	0
LOC105376398	0	0	0
LOC105376399	0	0	0
LOC105376400	0	0	0
LINC02676	0	0	0
LOC101928272	0	0	0
LINC00709	0	0	0
LINC02663	0	0	0
LOC124902542	0	0	0
LOC105376403	0	0	0
LINC02670	0	0	0
LOC107984207	0	0	0
CELF2-DT	0	0	0
CELF2	0	0	0
SFTA1P	0	0	0
LINC00710	0	0	0
CELF2-AS4	0	0	0
CELF2-AS2	0	0	0
LOC124902375	0	0	0
CELF2-AS1	0	0	0
LOC105376409	0	0	0
USP6NL	392	0	460
LOC105376411	0	46	0
LOC105376410	0	0	0
USP6NL-AS1	0	22	0
LOC105376413	0	0	0
LOC105376412	0	0	0
ECHDC3	319	0	319
LOC105379850	0	0	0
LOC105376415	0	0	0
PROSER2	526	3	634
PROSER2-AS1	3	112	2
UPF2	921	0	921
LOC105376416	0	0	0
DHTKD1	1600	0	1600
SEC61A2	300	579	284
MIR548AK	0	0	0
LOC124902579	0	0	0
NUDT5	2116	3	2676
CDC123	2442	0	2442
CAMK1D	796	0	796
LOC107984209	0	0	0
MIR4480	0	0	0
MIR4481	0	0	0
MIR548Q	0	0	0
CCDC3	1	1	1
LOC105376418	0	0	0
OPTN	959	0	960
MCM10	896	0	896
UCMA	0	0	0
PHYH	480	0	480
LOC124902377	8	7	1
SEPHS1	1396	0	1396
LOC105376419	0	0	0
LOC105376420	0	0	0
BEND7	0	0	0
BEND7-DT	0	0	0
LOC105376422	0	0	0
PRPF18	391	3	446
FRMD4A	11	63	6
LOC124902379	0	0	0
LOC105376426	0	0	0
FRMD4A-AS2	0	0	0
FRMD4A-AS3	0	0	0
LOC124902378	0	0	0
MIR4293	0	0	0
MIR1265	0	0	0
LOC124902380	0	0	0
FAM107B	1776	0	1776
LOC124902381	3	3	0
LOC105376429	0	0	0
CDNF	55	0	55
HSPA14	328	2	732
MSANTD7	695	0	695
SUV39H2-DT	54	407	53
SUV39H2	310	21	398
DCLRE1C	321	154	283
MEIG1	0	1	6
ACBD7-DCLRE1CP1	0	0	0
DCLRE1CP1	0	0	0
OLAH	1	0	1
ACBD7	2	0	2
RPP38-DT	2	29	2
RPP38	506	12	526
NMT2	93	12	116
LOC105376431	2	24	3
LOC107984210	3	6	6
PPIAP30	0	0	0
LOC105376434	0	0	0
LOC107984211	0	0	0
FAM171A1-AS1	0	0	0
FAM171A1	0	0	0
ITGA8	0	0	0
LOC124902383	0	0	0
MINDY3	498	0	498
LOC124902582	0	0	0
LINC02654	0	0	0
LOC124902585	0	0	0
PTER	316	0	323
C1QL3	22	29	0
RSU1	769	0	769
LOC124902385	7	0	7
LOC124902384	10	0	10
LOC105376435	0	0	0
CUBN	13	0	13
TRDMT1	167	0	167
VIM-AS1	28	13037	44
VIM	16191	18	29226
ST8SIA6	0	0	0
ST8SIA6-AS1	0	0	0
LOC105376436	0	0	0
LOC105376437	0	0	0
HACD1	780	1	779
STAM-DT	14	0	14
STAM	810	1	809
TMEM236	9	0	9
MRC1	0	0	0
MIR511	0	0	0
SLC39A12	6	0	7
SLC39A12-AS1	0	1	0
CACNB2	103	35	111
CACNB2-AS2	0	0	0
CACNB2-AS1	63	34	55
LOC124902387	11	7	12
NSUN6	174	0	179
ARL5B	943	2	943
LOC105376440	0	0	0
LOC107984180	0	0	0
MALRD1	0	0	0
LOC105376441	0	0	0
LOC102724082	0	0	0
LOC124902595	0	0	0
MALRD1-AS1	0	0	0
LOC124902388	0	0	0
PLXDC2	0	0	0
MIR4675	0	0	0
LOC105376442	0	0	0
NEBL	188	3	190
LOC102725112	0	0	0
LOC124902389	1	0	1
NEBL-AS1	4	6	3
LINC02643	0	0	0
LOC124902390	0	0	0
LOC105376445	0	0	0
MIR1915HG	262	0	262
MIR1915	5	0	5
SKIDA1	107	5	102
MLLT10	872	6	866
LOC107984214	4	0	4
DNAJC1	845	0	845
EBLN1	0	0	0
TRN-GTT2-3	0	0	0
LOC124902391	0	0	0
LOC105376447	0	0	0
LOC100130992	0	0	0
COMMD3-BMI1	0	0	0
COMMD3	60	0	60
BMI1	16	0	16
SPAG6	2	0	2
LINC03027	0	0	0
LOC105376449	0	0	0
LOC105376450	0	0	0
LOC124902392	0	0	0
PIP4K2A	647	0	647
LOC124902393	0	0	0
LOC105376451	0	0	0
ARMC3	0	0	0
LOC107984215	0	0	0
MSRB2	585	0	585
PTF1A	0	0	0
C10orf67	1	0	1
C10orf67-AS1	0	0	0
OTUD1	1216	1	1215
LOC105376454	1	0	1
KIAA1217	86	0	86
MIR603	0	0	0
LOC124902395	0	0	0
LOC105376455	0	0	0
LOC124902394	0	0	0
ARHGAP21	2367	1	2366
LOC105376456	0	0	0
PRTFDC1	373	1	372
THNSL1	261	3	258
ENKUR	4	0	4
LINC01516	0	0	0
GPR158-AS1	0	0	0
GPR158	103	0	103
LINC00836	0	0	0
LOC124902396	0	0	0
LOC124902397	0	0	0
LOC105376460	0	0	0
LOC101929073	0	0	0
MYO3A	0	0	0
GAD2	0	0	0
APBB1IP	72	0	72
LINC03028	0	0	0
FAM238A	0	0	0
LOC102724202	0	0	0
LOC105376461	0	0	0
FAM238B	0	0	0
SELENOOLP	0	0	0
PDSS1	358	9	396
ABI1	722	41	728
LOC124900293	0	0	0
LOC124902581	0	0	0
LOC124902398	0	0	0
FAM238C	10	0	10
ANKRD26	290	0	290
YME1L1	3071	0	3071
MASTL	996	21	975
ACBD5	1061	16	1045
LRRC37A6P	5	1	4
ODAD2P1	0	0	0
LOC102724245	0	0	0
LINC02673	0	0	0
PTCHD3	0	0	0
RAB18	1516	0	1516
LOC124902399	0	0	0
LINC02680	4	0	4
MKX	186	0	186
MKX-AS1	0	0	0
ODAD2	83	0	84
LOC112268060	0	1	0
MPP7	537	0	537
SNORD130	0	0	0
MIR8086	0	0	0
MPP7-DT	0	0	0
LOC124902596	0	0	0
LINC02652	0	0	0
LOC107984216	0	0	0
WAC-AS1	373	0	375
WAC	3177	18	3161
BAMBI	678	0	678
LOC105376470	0	0	0
LOC107984170	0	0	0
LINC01517	0	0	0
LINC00837	0	0	0
C10orf126	0	0	0
LOC107984174	0	0	0
LOC107984171	0	0	0
LOC105376472	0	0	0
LYZL1	0	0	0
LOC124902400	0	0	0
LOC107984217	0	0	0
LOC105376473	0	0	0
LOC105376474	0	0	0
SVIL-AS1	198	351	207
SVIL	427	26	779
LOC124902401	1	19	0
MIR604	0	0	0
MIR938	0	0	0
LOC105376475	8	0	8
LOC105376476	0	0	0
LOC102724333	0	0	0
LOC107984172	0	0	0
LOC107984173	0	0	0
LOC124902402	0	0	0
LOC124902403	0	0	0
LOC107984218	0	0	0
JCAD	0	0	0
LOC101929256	0	0	0
LOC105376477	0	0	0
LOC101929279	0	0	0
MTPAP	498	0	498
GOLGA2P6	10	0	10
MIR7162	0	0	0
MAP3K8	565	9	556
LOC105376478	0	0	0
LOC105376479	0	0	0
LYZL2	0	0	0
LOC124902404	0	0	0
SVIL2P	12	0	12
LINC02644	0	0	0
LOC124902405	0	0	0
ZNF438	148	0	148
LOC105376481	0	0	0
LOC105376482	0	0	0
LOC105376483	0	0	0
LINC02664	0	0	0
ZEB1-AS1	52	0	109
ZEB1	453	57	453
LOC124906892	0	0	0
LOC105376484	0	0	0
MACORIS	0	0	0
ARHGAP12	689	0	702
LOC107984219	6	618	2
LOC105376485	0	0	0
KIF5B	3048	3	3646
EPC1	533	0	537
EPC1-AS1	0	4	0
LOC101929431	0	0	0
CCDC7	49	0	49
LOC124902406	3	0	3
ITGB1	15468	6	15462
SNORA86	0	0	0
ITGB1-DT	42	0	42
IATPR	2	2	0
NRP1	659	1	780
LOC124902407	1	123	0
LOC105376489	0	0	0
LINC02628	0	0	0
LOC124902408	0	0	0
LINC00838	0	0	0
LINC02629	0	0	0
PARD3	969	3	966
PARD3-DT	6	0	6
LINC02635	0	0	0
LOC124902409	1	0	1
CUL2	1250	15	1250
MIR3611	0	0	0
CREM	321	0	336
LINC02634	0	0	0
CCNY	1011	0	1011
LOC107984220	0	0	0
CCNY-AS1	66	0	66
LOC124902410	0	0	0
LOC107984221	0	0	0
GJD4-AS1	0	0	0
GJD4	0	0	0
FZD8	16	0	16
MIR4683	0	0	0
LOC124902528	0	0	0
LOC105376494	0	0	0
LOC124902411	0	0	0
LOC107984188	0	0	0
PCAT5	0	0	0
LINC02630	0	0	0
LOC107984222	0	0	0
LOC124900298	0	0	0
LOC105376496	0	0	0
ANKRD30A	0	0	0
LOC124902412	0	0	0
LINC00993	0	0	0
LOC107984175	0	0	0
LOC107984223	0	0	0
LOC105376497	0	0	0
LOC102724533	0	0	0
LOC105376498	0	0	0
ZNF248	245	1	247
ZNF33BP1	1	0	1
ZNF248-AS1	10	2	11
LOC124902413	0	0	0
ZNF25	59	0	59
ZNF25-DT	0	0	0
ZNF33A	499	4	495
ZNF37A	461	0	461
LOC105376500	0	0	0
CCNYL4	0	0	0
HSD17B7P2	3	0	3
SEPTIN7P9	0	0	0
LOC101929540	0	0	0
LINC00999	0	0	0
ACTR3BP5	0	0	0
LOC105378267	0	0	0
LOC101929373	0	0	0
LOC441666	1	0	1
CCNYL2	0	0	0
LINC00839	0	0	0
ZNF37BP	212	0	212
ZNF33B	144	0	148
LOC105378268	0	4	0
LINC01518	1	0	1
LINC02632	0	0	0
LOC283028	0	0	0
LOC105378269	0	0	0
BMS1	1363	0	1363
LOC124902575	1	1	0
LINC02623	0	0	0
LINC01264	0	0	0
MIR5100	0	0	0
RET	0	0	0
CSGALNACT2-DT	14	0	14
CSGALNACT2	258	0	258
RASGEF1A	26	0	26
LOC107984225	0	0	0
LOC105378271	0	0	0
LINC02633	0	0	0
LOC124902414	0	0	0
LOC107984226	0	0	0
FXYD4	0	0	0
HNRNPF	7469	4	7465
SNORD3J	0	0	0
LINC02916	21	0	21
ZNF487	68	2	66
ZNF239	138	0	138
LOC107984165	0	0	0
ZNF485	53	0	53
ZNF32-AS3	0	0	0
LOC124902416	0	0	0
ZNF32	61	1	127
ZNF32-AS1	2	31	0
ZNF32-AS2	1	37	1
LOC124902417	0	0	0
LINC02658	0	0	0
LOC105378275	0	0	0
HNRNPA3P1	1	0	1
LINC00619	0	0	0
LINC00840	0	0	0
LINC02659	0	0	0
LINC00841	0	0	0
LOC124902543	0	0	0
LINC02881	0	0	0
LOC124902544	0	0	0
CXCL12	0	0	0
LOC107984179	0	0	0
LOC124902533	0	0	0
LOC124902534	0	0	0
TMEM72-AS1	0	0	0
TMEM72	0	0	0
RASSF4	6	0	8
LOC105378281	0	2	0
DEPP1	57	0	57
ZNF22-AS1	0	1	0
LOC124902530	0	0	0
ZNF22	0	0	0
RSU1P2	0	0	0
ANKRD30BP3	0	0	0
MIR3156-1	0	0	0
LOC105378283	0	0	0
OR13A1	0	0	0
ALOX5	0	0	0
LOC102724323	0	0	0
MARCHF8	16	0	30
LOC105378286	0	14	0
ZFAND4	37	0	37
AGAP10P	25	0	25
LOC107984227	2	0	3
WASHC2C	985	2	984
FAM25EP	0	0	0
PARGP1-AGAP4	0	0	0
AGAP4	21	0	21
PARGP1	3	0	3
TIMM23	1725	1	1724
SNORA74C-1	0	0	0
NCOA4	3998	61	3937
LOC105378287	0	0	0
MSMB	3	0	3
AGAP7P	29	0	29
LOC124902418	0	0	0
ANTXRLP1	0	0	0
LOC105378577	6	0	6
ANTXRL	0	0	0
AGAP14P	6	0	6
FAM25BP	0	0	0
ANXA8L1	527	0	527
LINC00842	37	0	37
HNRNPA1P33	24	0	24
NPY4R	903	0	903
LOC124902419	2	0	3
GPRIN2	2	1	2
SYT15	17	18	1
SYT15-AS1	4	0	6
LOC105378289	2	2	0
SHLD2P1	5	0	6
LINC02637	32	33	0
LOC101927584	0	0	0
FAM245B	0	0	0
GLUD1P2	1	0	9
BMS1P1	53	8	53
AGAP13P	51	0	51
FRMPD2B	0	0	0
PTPN20	0	0	0
LOC105378291	0	0	0
GDF10	0	0	0
GDF2	0	0	0
RBP3	0	0	0
ZNF488	49	0	49
LOC107001062	1	0	1
LINC03029	0	0	0
LOC124902420	0	0	0
ANXA8	594	0	594
FAM25G	0	0	0
BMS1P2-AGAP9	0	0	0
AGAP9	1	0	1
LOC124902421	11	0	11
BMS1P2	0	0	0
CTSLP2	0	0	0
LINC02675	0	0	0
SHLD2P3	37	0	37
LOC102724603	0	0	0
LOC124902422	0	0	0
LOC102724593	0	0	0
SYT15B	0	0	0
NPY4R2	0	0	0
LOC124902423	0	0	0
FAM25C	0	0	0
AGAP12P	0	0	0
FRMPD2	0	0	0
MAPK8	362	0	362
ARHGAP22	1	1	0
ARHGAP22-IT1	0	0	0
WDFY4	0	0	0
LOC105378299	0	0	0
LRRC18	0	0	0
LOC105378298	0	0	0
MIR4294	0	0	0
VSTM4	0	0	0
LOC124902545	0	0	0
FAM170B-AS1	0	0	0
FAM170B	0	0	0
TMEM273	0	0	0
C10orf71-AS1	0	0	0
C10orf71	0	0	0
DRGX	0	0	0
ERCC6	704	0	704
PGBD3	0	0	0
CHAT	0	0	0
SLC18A3	0	0	0
C10orf53	0	0	0
OGDHL	170	0	170
PARG	681	0	681
TIMM23B-AGAP6	14	0	14
TIMM23B	45	0	45
SNORA74C-2	0	0	0
AGAP6	13	0	13
FAM21EP	7	0	9
WASHC2A	1131	6	1127
ASAH2	8	0	8
SGMS1	671	3	670
LOC124902424	0	0	0
SGMS1-AS1	3	0	5
LOC105378302	0	0	0
ASAH2B	211	0	211
A1CF	1	1	0
PRKG1	2	8	2
LOC102724719	0	0	0
MIR605	0	0	0
CSTF2T	811	0	811
LOC124902425	0	0	0
PRKG1-AS1	4	2	10
DKK1	501	2	499
LNCAROD	3	0	3
LOC124902426	1	0	1
LOC105378305	0	0	0
MBL2	0	0	0
LOC105378306	0	0	0
LOC105378307	0	0	0
LOC105378308	1	1	0
LINC02672	1	1	0
LOC105378310	0	0	0
PCDH15	0	0	0
LOC105378311	0	0	0
MIR548F1	0	0	0
LOC124902580	0	0	0
ZWINT	1863	2	1861
LOC124902546	2	0	2
LOC124900300	0	0	0
MIR3924	0	0	0
LOC105378313	0	0	0
LOC105378314	0	0	0
LOC124902547	0	0	0
IPMK	454	0	454
LOC124902578	0	0	0
CISD1	1320	0	1320
LOC112268068	0	0	0
UBE2D1	344	0	344
TFAM	1235	0	1235
LOC105378316	0	0	0
LOC124902427	0	0	0
BICC1	391	0	391
FAM133CP	1	0	1
LINC00844	0	0	0
LOC102724768	0	0	0
PHYHIPL	0	0	0
CCEPR	0	0	0
FAM13C	0	0	0
LOC124902429	0	0	0
LOC102724778	0	0	0
LOC124902428	0	0	0
LOC107984235	0	0	0
LOC105378318	0	0	0
LOC105378319	0	0	0
SLC16A9	49	0	49
MRLN	0	0	0
CCDC6	1971	0	1971
LINC01553	0	0	0
ANK3	58	0	58
LOC124902430	0	0	0
ANK3-DT	0	0	0
CDK1	3035	1	3034
RHOBTB1	868	0	868
LOC124902432	0	0	0
LOC124902431	1	1	0
LOC107984236	3	0	3
LOC124902433	0	0	0
LINC00845	0	0	0
LOC124902434	0	0	0
LOC105378323	0	0	0
TMEM26	0	0	0
TMEM26-AS1	0	0	0
LOC124902548	0	0	0
LOC124902535	0	0	0
CABCOCO1	0	0	0
LINC02625	4	0	4
ARID5B	1446	0	1446
LOC124902435	1	1	0
RTKN2	88	0	88
LINC02621	0	0	0
LOC283045	0	0	0
ZNF365	2	0	2
LOC105378327	0	0	0
LOC124902436	0	0	0
LOC124902437	1	0	1
ADO	660	2	658
EGR2	20	0	20
LOC107984012	0	0	0
LOC105378328	0	0	0
NRBF2	489	0	489
JMJD1C	794	21	797
LOC124900287	4	0	4
MIR1296	0	0	0
JMJD1C-AS2	0	0	0
JMJD1C-AS1	8	3	29
REEP3	1159	1	1165
LOC105378329	0	7	0
LOC107984238	0	0	0
LOC101929846	0	0	0
LOC124902438	0	0	0
LOC101928859	0	0	0
LOC124902439	0	0	0
LOC105378333	0	0	0
LOC105378335	0	0	0
LOC107984239	0	0	0
LOC105378336	0	0	0
ANXA2P3	0	0	0
LINC02671	0	0	0
LOC102724863	0	0	0
LOC105378337	0	0	0
LINC01515	1	0	1
LOC105378339	4	4	0
CTNNA3	0	0	0
CTNNA3-AS1	0	0	0
LOC124902440	0	0	0
LOC124902441	0	0	0
LOC124902584	0	0	0
LOC101928961	0	0	0
LRRTM3	0	0	0
MIR7151	0	0	0
TRS-TGA1-1	0	0	0
DNAJC12	366	0	366
SIRT1	830	2	828
HERC4	2679	16	2663
POU5F1P5	0	0	0
LOC124902442	0	0	0
MYPN	2199	9	2273
LOC107984240	1	84	0
LOC124902443	2	2	0
ATOH7	10	1	9
LINC02640	0	0	0
PBLD	62	9	67
HNRNPH3	1786	13	2734
RUFY2	256	948	255
DNA2	555	0	555
SLC25A16	266	0	266
TET1	4	0	4
CCAR1	2080	0	2080
SNORD98	1	0	1
STOX1	36	0	36
DDX50	849	0	849
DDX21	4838	0	4838
KIFBP	891	4	887
LOC105378342	0	0	0
SRGN	2999	3	2996
VPS26A	1999	0	1999
SUPV3L1	1119	1	1118
LOC101928994	2	1	1
HKDC1	36	0	36
HK1	754	0	754
TACR2	1	1	0
TSPAN15	41	0	41
LOC105378345	0	0	0
NEUROG3	0	0	0
LOC101929021	0	0	0
FAM241B	21	0	21
LINC02651	0	0	0
LOC124902444	0	1	0
COL13A1	69	1	70
LOC105378347	1	1	0
LOC107984242	2	3	0
LINC02636	0	0	0
MACROH2A2	1	0	1
AIFM2	762	1	761
TYSND1	1074	4	1070
SAR1A	4325	0	4325
PPA1	6615	2	6613
NPFFR1	1	0	1
LRRC20	180	0	180
EIF4EBP2	2469	0	2469
NODAL	4	4	0
PALD1	0	0	0
PRF1	0	0	0
ADAMTS14	23	0	23
TBATA	3	0	3
SGPL1	469	0	469
PCBD1	627	4	623
LINC02622	0	0	0
LOC105378350	0	0	0
LOC105378351	0	0	0
UNC5B	703	0	703
UNC5B-AS1	0	0	0
LOC112268061	1	0	1
LOC124902445	0	1	0
SLC29A3	174	0	175
LOC124902574	0	0	0
LOC105378353	0	0	0
CDH23	4	3	4
LOC105378356	0	0	0
CDH23-AS1	0	0	0
LOC105378355	0	0	0
C10orf105	1	1	0
VSIR	293	0	293
MIR7152	0	0	0
LOC124902446	0	1	2
PSAP	22636	5	22631
LINC03139	4	3	1
CHST3	1083	0	1083
LOC124902448	3	0	3
SPOCK2	113	0	113
ASCC1	840	231	906
LOC124902572	0	0	0
ANAPC16	1179	74	1402
DDIT4-AS1	12	10	7
DDIT4	9802	5	9802
DNAJB12	788	3	785
MICU1	1836	0	1836
MCU	1424	0	1424
MIR4676	0	0	0
LOC124902450	5	0	5
OIT3	2	0	2
PLA2G12B	0	0	0
LOC124902451	0	0	0
P4HA1	1633	0	1633
NUDT13	101	44	57
SNORA11F	2	1	1
ECD	805	0	806
LOC124902452	0	0	0
FAM149B1	91	923	233
LOC105378358	0	0	0
DNAJC9	441	168	1364
DNAJC9-AS1	58	73	70
MRPS16	1862	10	1856
CFAP70	43	52	45
LOC124902577	1	0	1
ANXA7	1703	0	1703
MSS51	30	0	30
PPP3CB	533	4	539
PPP3CB-AS1	20	165	26
USP54	766	9	916
MYOZ1	0	0	0
SYNPO2L	4	0	4
SYNPO2L-AS1	0	74	0
BMS1P4-AGAP5	3	0	3
AGAP5	2	0	2
BMS1P4	4	0	4
GLUD1P3	18	0	18
LOC124902453	132	3	131
SEC24C	2882	16	2868
POFUT4	449	41	410
LOC107984243	44	0	46
CHCHD1	703	1	702
ZSWIM8	540	69	1820
NDST2-ZSWIM8-AS1	7	495	27
ZSWIM8-AS1	0	0	0
NDST2	0	0	0
CAMK2G	1528	22	1508
LOC124902454	1	0	1
PLAU	15	0	33
C10orf55	1	19	0
VCL	4824	165	5002
LOC124902455	9	0	9
LOC124902458	0	185	1
AP3M1	1558	9	1704
ADK	1317	0	1320
LOC124902456	3	0	3
ADK-AS1	0	3	0
LOC124902457	0	0	0
LOC124902459	0	0	0
KAT6B	0	0	0
SNORD172	0	0	0
DUSP29	0	0	0
DUSP13B	3	0	3
SAMD8	1008	1	1007
DUSP13A	0	0	0
LOC124902460	1	1	0
VDAC2	6491	13	6478
COMTD1	1003	1	1002
ZNF503	564	13	676
ZNF503-AS1	0	0	0
LOC124902461	0	27	0
ZNF503-AS2	77	87	88
LOC101929234	10	0	10
LOC107984293	0	0	0
LRMDA	0	0	0
MIR606	0	0	0
LOC105378367	0	0	0
LOC124902463	0	0	0
LOC124902462	0	0	0
LOC112268057	0	0	0
KCNMA1	0	0	0
KCNMA1-AS1	0	0	0
LOC124902466	0	0	0
KCNMA1-AS2	0	0	0
KCNMA1-AS3	0	0	0
LOC124902464	0	0	0
LOC124902465	0	0	0
LOC105378372	0	0	0
DLG5	1090	3	1090
LOC101929347	0	0	0
DLG5-AS1	10	1	12
POLR3A	933	0	933
RPS24	16274	2	16272
LOC105378375	0	0	0
LOC124902467	0	0	0
LINC00856	0	0	0
LINC00595	0	0	0
LOC124902468	0	0	0
LOC107984245	0	0	0
LOC105378378	0	0	0
LOC107984246	0	0	0
LOC105378379	0	0	0
ZMIZ1-AS1	64	0	64
LOC112268062	1	0	1
ZMIZ1	2213	8	2205
PPIF	3683	4	3679
ZCCHC24	300	0	300
LOC105378383	6	0	6
LOC729815	0	0	0
EIF5AL1	19	0	19
SFTPA2	0	0	0
LOC124902469	0	0	0
SFTPA1	0	0	0
LINC02679	0	0	0
LOC124900288	1	0	1
BEND3P3	76	77	0
NUTM2B-AS1	157	3	235
NUTM2B	11	11	0
LOC642361	1	77	3
NUTM2E	2	2	0
BMS1P21	0	0	0
MBL1P	0	0	0
SFTPD	1	0	1
TMEM254-AS1	6	26	8
TMEM254	287	2	313
PLAC9	5	5	0
ANXA11	3318	1	3317
LINC00857	124	0	124
LOC124902470	8	0	8
LOC100130698	0	0	0
MAT1A	0	0	0
DYDC1	0	0	0
DYDC2	0	0	0
PRXL2A	270	0	270
TSPAN14	936	0	936
LOC124902471	17	0	19
TSPAN14-AS1	0	2	0
SH2D4B	2	0	2
LOC105378387	0	0	0
LINC02655	0	0	0
LOC105378390	0	0	0
LOC124902549	0	0	0
NRG3	0	0	0
LOC124902472	0	0	0
NRG3-AS1	0	0	0
LOC107984187	0	0	0
LOC105378392	0	0	0
LOC105378394	0	0	0
LOC105378393	0	0	0
LOC105378396	0	0	0
LINC02650	0	0	0
LOC107984181	0	0	0
LOC105378398	0	0	0
LOC105378399	0	0	0
GHITM	5499	0	5499
CERNA2	0	0	0
GPR15LG	0	0	0
CDHR1	0	0	0
LRIT2	0	0	0
LRIT1	0	0	0
RGR	0	0	0
LINC00858	3	0	3
CCSER2	392	0	392
LOC124902550	0	0	0
LOC105378400	0	0	0
LOC107984249	0	0	0
LOC105378401	0	0	0
LINC01519	0	0	0
LOC105378402	0	0	0
LOC105378403	0	0	0
LINC02647	0	0	0
LOC101929662	0	0	0
LINC01520	0	0	0
LOC105378404	0	0	0
GRID1-AS1	0	0	0
GRID1	0	0	0
GRID1-AS2	0	0	0
MIR346	0	0	0
LOC124902473	0	0	0
WAPL	1368	3	1365
WAPL-DT	52	0	52
LOC105378408	0	0	0
LOC105378407	0	0	0
LOC105378406	0	0	0
OPN4	0	0	0
LOC105378409	0	0	0
LDB3	13	2	11
BMPR1A	700	6	694
MMRN2	659	5	654
SNCG	2098	6	2092
ADIRF-AS1	82	110	96
ADIRF	12	14	5
AGAP11	17	0	17
LOC124902474	7	7	1
FAM25A	2	0	2
GLUD1	2724	3	3198
SHLD2	744	478	771
LOC124902475	6	8	0
LOC105378410	3	24	2
NUTM2A	19	1	18
NUTM2A-AS1	128	4	152
LINC00863	80	24	84
NUTM2D	20	2	18
FAM245A	0	0	0
LOC112268063	3	0	3
LOC112268064	5	1	6
MIR4678	3	3	0
MINPP1	761	1	762
LOC105378412	0	0	0
PAPSS2	2204	37	2169
ATAD1	1210	0	1432
LOC124902476	1	220	0
CFL1P1	0	1	0
KLLN	0	0	0
MLDHR	0	0	0
PTEN	13	0	13
LOC124900295	0	0	0
LOC105378414	0	0	0
LOC105378415	0	0	0
LOC105378416	1	0	1
LOC101929727	1	0	1
RNLS	5	0	5
LIPJ	0	0	0
LIPF	0	0	0
LIPK	2	0	2
LIPN	1	1	0
LIPM	1	0	1
ANKRD22	0	4	0
LOC124902551	0	106	0
STAMBPL1	478	0	584
ACTA2-AS1	2	85	3
ACTA2	50	14	174
FAS	765	55	770
FAS-AS1	6	7	1
LOC124902587	0	0	0
MIR4679-2	0	0	0
MIR4679-1	0	0	0
LOC124902552	0	0	0
LOC105378418	0	0	0
CH25H	0	0	0
LIPA	2026	29	2015
LOC124902477	24	0	24
LOC105378419	2	3	0
IFIT2	6735	1	6735
IFIT3	5185	2	5187
IFIT1B	2	0	2
IFIT1	4339	6	4333
IFIT5	134	3	145
SLC16A12	0	0	0
SLC16A12-AS1	0	0	0
PANK1	302	1	304
MIR107	0	0	0
PANK1-AS1	12	3	12
FLJ37201	26	0	26
KIF20B	973	0	973
LOC105378424	0	0	0
LINC00865	2	0	2
LINC01374	0	0	0
LINC01375	0	0	0
LOC105378426	0	0	0
LINC02653	0	0	0
LOC124902478	0	0	0
HTR7	0	0	0
RPP30	578	0	578
ANKRD1	4	0	4
XLOC_008559	0	0	0
LOC107984252	0	0	0
LOC124902479	0	0	0
LOC105378430	0	0	0
LINC00502	0	0	0
LOC105378429	0	0	0
LOC124902481	0	0	0
NUDT9P1	2	0	2
PCGF5	1121	7	1114
LOC124902480	0	0	0
HECTD2-AS1	7	0	7
HECTD2	396	1	395
LOC105378433	4	0	4
PPP1R3C	881	0	881
LOC107984253	0	0	0
LOC124902482	0	0	0
TNKS2-DT	1	0	1
TNKS2	1384	0	1384
FGFBP3	9	0	17
FGFBP3-AS1	0	8	0
BTAF1	1624	0	1624
CPEB3	201	75	202
LOC107984254	0	0	0
LOC124902483	0	0	1
MARCHF5	988	2	1061
MARK2P9	5	1	4
LOC124902484	3	0	3
IDE	1569	1	1568
KIF11	1605	2	1603
HHEX	234	0	234
EXOC6	235	0	235
CYP26C1	1	0	1
CYP26A1	1	0	1
MYOF	6102	1	6101
CEP55	1484	0	1484
LOC105378436	0	0	0
FFAR4	1	0	1
LOC124902485	0	0	0
RBP4	0	0	0
PDE6C	16	16	0
FRA10AC1	322	0	322
LOC101927013	0	0	0
LGI1	0	0	0
LOC105378437	0	0	0
SLC35G1	288	0	288
PIPSL	9	1	8
LOC105378438	0	0	0
PLCE1	68	65	8
PLCE1-AS2	0	0	0
LOC107984255	0	0	0
PLCE1-AS1	0	2	0
NOC3L	658	0	661
TBC1D12	235	5	230
HELLS	1282	0	1282
CYP2C18	9	0	9
CYP2C19	0	0	0
CYP2C9	1	0	1
LOC107984256	0	0	0
CYP2C8	0	0	0
LOC107984257	2	0	2
ACSM6	0	0	0
PDLIM1	2392	2	2390
SORBS1	247	1	246
ALDH18A1	2511	0	2511
TCTN3	1224	0	1224
ENTPD1	418	447	0
ENTPD1-AS1	2	0	36
CC2D2B	16	14	3
CCNJ	92	6	88
MIR3157	0	0	0
LOC124902486	6	12	7
ZNF518A	259	4	268
BLNK	1	1	0
LOC124902487	0	0	0
DNTT	0	0	0
OPALIN	0	0	0
TLL2	3	2	1
TM9SF3	3308	4	3305
LOC105378443	8	2	7
PIK3AP1	0	0	0
RPL13AP5	186	0	186
MIR607	0	0	0
LOC102723665	0	4	0
LCOR	443	0	447
SLIT1	4	0	4
SLIT1-AS1	0	0	0
ARHGAP19-SLIT1	0	0	0
LOC112268065	0	0	0
LOC105378447	0	0	0
ARHGAP19	225	0	225
FRAT1	94	0	94
FRAT2	653	1	653
LOC105378448	1	1	1
RRP12	1341	2	1339
LOC644215	0	0	0
PGAM1	7121	2	7119
EXOSC1	666	0	666
ZDHHC16	605	1	604
MMS19	1808	58	1750
UBTD1	178	0	178
LOC124902488	0	0	0
ANKRD2	21	0	21
HOGA1	104	0	104
C10orf62	2	0	2
MORN4	16	5	11
PI4K2A	1109	55	1056
AVPI1	3983	1	3984
MARVELD1	2038	7	2031
ZFYVE27	917	0	917
SFRP5	4	0	4
LOC107984260	0	0	0
GOLGA7B-DT	0	0	0
GOLGA7B	4	0	4
CRTAC1	4	0	4
MIR3085	0	0	0
R3HCC1L	392	0	392
LOXL4	3	3	0
LOC124902489	3	0	3
LOC105378449	0	0	0
PYROXD2	113	0	113
MIR1287	0	0	0
HPS1	580	0	580
MIR4685	0	0	0
HPS1-AS1	1	1	0
HPSE2	0	0	0
MIR6507	0	0	0
CNNM1	17	0	17
GOT1	1386	0	1387
GOT1-DT	58	4	55
LINC01475	0	0	0
NKX2-3	0	0	0
LOC124902589	0	0	0
SLC25A28	717	3	717
SLC25A28-DT	1	0	4
LOC105378450	0	0	0
ENTPD7	456	83	480
COX15	1215	155	1167
CUTC	566	1	565
ABCC2	2778	1	2777
DNMBP	610	1	706
DNMBP-AS1	0	96	1
LOC124902490	0	0	0
LOC124902583	0	0	0
CPN1	0	0	0
ERLIN1	877	0	877
CHUK	807	10	797
CHUK-DT	6	139	3
CWF19L1	611	1	744
SNORA12	2	0	2
BLOC1S2	587	0	587
PKD2L1	0	0	0
SCD	34337	7	34330
OLMALINC	383	1	382
WNT8B	2	2	0
SEC31B	226	0	226
NDUFB8	1535	0	1535
HIF1AN	1220	0	1220
PAX2	0	0	0
SLF2	452	27	425
SEMA4G	36	310	0
MIR608	0	0	0
MRPL43	982	1	1255
TWNK	762	2	760
LZTS2	2227	6	2306
PDZD7	225	84	226
SFXN3	2190	3	2187
LOC107984262	41	0	41
KAZALD1	1056	50	1006
TLX1NB	0	0	0
TLX1	0	0	0
LINC01514	0	0	0
LOC124902491	0	0	0
LBX1	0	0	0
LBX1-AS1	0	0	0
LINC02681	0	0	0
LOC105378453	0	0	0
BTRC	516	0	516
LOC124902576	0	0	0
POLL	611	0	611
DPCD	303	5	298
MIR3158-1	0	0	0
MIR3158-2	0	0	0
FBXW4	432	6	426
LINC03046	45	0	45
LOC105378458	0	0	0
LOC105378457	0	1	0
FGF8	0	0	1
NPM3	498	0	498
OGA	2601	5	2596
KCNIP2-AS1	1	12	3
KCNIP2	30	3	41
ARMH3	668	2	669
LOC101927445	2	3	1
LOC124902492	0	0	0
HPS6	854	2	852
LDB1	1645	0	1668
PPRC1	1522	25	1520
NOLC1	4529	0	4529
ELOVL3	709	1	708
PITX3	31	16	59
GBF1	2411	31	2471
LOC107984263	0	46	0
NFKB2	4508	1	4507
PSD	21	1	21
FBXL15	821	24	798
CUEDC2	1665	0	1665
MIR146B	0	0	0
C10orf95-AS1	129	8	218
C10orf95	10	99	8
LOC124902493	0	38	0
SLC68A1	241	3	276
ACTR1A	2199	5	2194
SUFU	419	1	418
TRIM8-DT	5	4	1
TRIM8	938	7	1113
LOC105378460	11	193	0
ARL3	406	1	405
SFXN2	175	0	175
WBP1L	582	0	582
CYP17A1	5	3	4
CYP17A1-AS1	0	0	2
BORCS7-ASMT	0	0	0
BORCS7	82	0	82
AS3MT	0	0	0
LOC107984265	0	10	0
CNNM2	483	949	502
NT5C2	525	30	1453
RPEL1	0	0	0
INA	0	0	0
PCGF6	338	0	338
TAF5	270	68	272
ATP5MK	732	2	800
MIR1307	0	0	0
PDCD11	1836	0	1836
CALHM2	148	102	46
LOC124902494	1	0	1
CALHM1	0	0	0
CALHM3	16	1	15
NEURL1-AS1	0	0	0
NEURL1	603	4	600
LOC124902496	3	0	3
SH3PXD2A	3131	133	3095
LOC124902495	1	94	3
SH3PXD2A-AS1	1	0	1
STN1	493	0	493
LOC102724351	42	0	42
SLK	2165	2	2163
COL17A1	30	0	30
MIR936	0	0	0
SFR1	172	0	172
CFAP43	7	0	7
MIR609	0	0	0
LOC124902497	4	2	2
GSTO1	1373	12	1361
MIR4482	4	1	3
GSTO2	20	1	19
ITPRIP	1583	0	1586
ITPRIP-AS1	1	1	0
CFAP58	26	3	26
CFAP58-DT	4	0	4
LINC02620	0	0	0
LOC105378464	0	0	0
SORCS3	0	0	0
SORCS3-AS1	0	0	0
LOC105378465	0	0	0
LOC105378466	0	0	0
LOC105378467	0	0	0
LOC107984266	0	0	0
LINC02627	0	0	0
LOC105378468	0	0	0
LOC124902553	0	0	0
LOC105378469	0	0	0
LINC02624	0	0	0
LOC102724439	0	0	0
LOC105378472	0	0	0
SORCS1	2	0	2
LOC105378473	1	0	1
LOC105378475	0	0	0
LOC105378474	0	0	0
LOC101927573	0	0	0
LINC01435	0	0	0
LOC105378476	0	0	0
LOC105378477	0	0	0
LINC02661	0	0	0
LOC107984182	0	0	0
XPNPEP1	1837	1	1836
ADD3-AS1	1	35	1
ADD3	1125	0	1160
LOC105378479	0	0	0
MXI1	1762	2	1760
LOC105378480	2	2	0
SMNDC1	761	7	754
LOC105378482	6	0	6
DUSP5-DT	6	0	6
DUSP5	667	0	667
LOC105378483	0	0	0
SMC3	2226	0	2226
LOC124902586	0	0	0
RBM20	7	1	6
LOC124902498	0	0	0
LOC124902499	3	0	3
LOC124902500	0	0	0
PDCD4-AS1	45	0	45
PDCD4	3098	76	3748
MIR4680	0	0	0
BBIP1	149	657	218
SHOC2	784	0	784
RPL13AP6	2	0	2
MIR548E	0	0	0
ADRA2A	0	0	0
HEAT2	0	0	0
LOC105378484	0	0	0
LOC105378485	0	0	0
LOC124902501	0	0	0
LOC107984268	1	1	0
GPAM	292	0	292
TECTB	0	0	0
MIR6715A	0	0	0
MIR6715B	0	0	0
GUCY2GP	0	0	0
ACSL5	481	8	914
ZDHHC6	1064	494	1071
VTI1A	457	2	515
LOC124902503	4	0	4
MIR4295	0	0	0
LOC103344931	144	0	144
LINC02935	0	0	0
TCF7L2	302	8	321
LOC124902502	2	21	8
SNORA87	0	0	0
LOC105378490	0	0	0
LOC107984270	0	0	0
LOC124902504	0	0	0
HABP2	0	0	0
NRAP	0	0	0
CASP7	476	0	476
LOC124902505	2	2	0
PLEKHS1	3	0	3
MIR4483	0	0	0
LOC124900297	0	0	0
DCLRE1A	420	0	420
NHLRC2	684	1	683
LOC124902506	0	0	0
LOC124902507	0	0	0
LOC105378492	0	0	0
LOC105378493	0	0	0
ADRB1	32	0	32
LOC124902554	0	0	0
CCDC186	199	0	199
MIR2110	0	0	0
TDRD1	0	0	0
VWA2	0	0	0
AFAP1L2	1	0	1
LOC105378494	0	0	0
ABLIM1	2336	0	2336
LOC124902588	0	0	0
LOC101927692	0	0	0
LOC124902508	0	15	0
FHIP2A	671	0	686
TRUB1	575	0	575
LINC02626	0	0	0
LOC107984272	0	0	0
LOC124902509	0	0	0
LOC105378496	0	0	0
ATRNL1	0	0	0
LOC105378497	0	0	0
GFRA1	0	0	0
SNORD158	0	0	0
LOC107984273	0	0	0
CCDC172	0	0	0
PNLIPRP3	0	0	0
PNLIP	0	0	0
PNLIPRP1	0	0	0
LOC124902510	0	0	0
PNLIPRP2	0	0	0
SPMIP5	0	0	0
HSPA12A-AS1	0	0	0
HSPA12A	0	0	0
LOC105378498	0	0	0
MIR9851	0	0	0
ENO4	0	83	0
SHTN1	852	5	930
VAX1	0	0	0
MIR3663HG	0	0	0
MIR3663	0	0	0
KCNK18	0	0	0
SLC18A2-AS1	0	0	0
SLC18A2	3	209	0
PDZD8	497	0	703
LOC105378502	2	2	0
EMX2OS	2	2	0
EMX2	0	0	0
LOC124902555	0	0	0
LOC107984274	0	0	0
LOC124902556	0	0	0
LINC02674	0	0	0
LOC105378504	0	0	0
RAB11FIP2	282	0	283
CASC2	8	1	8
LINC02944	0	0	0
FAM204A	409	2	408
LINC00867	0	0	1
LOC105378507	0	0	0
PRLHR	0	0	0
CACUL1	1631	1	1630
LOC107987151	0	0	0
LINC03036	1	0	1
NANOS1	38	0	38
EIF3A	7286	2	7284
SNORA19	2	0	2
LOC124900296	0	0	0
DENND10	768	18	751
SFXN4	569	0	570
PRDX3	6705	1	6704
GRK5	647	0	647
GRK5-IT1	13	0	13
GRK5-AS1	0	0	0
MIR4681	0	0	0
RGS10	286	0	286
TIAL1	1545	4	1597
LOC105378512	6	55	7
BAG3	2255	2	2253
LOC124902513	1	0	1
INPP5F	217	4	220
LOC105378513	0	7	0
MCMBP	2234	4	2230
SEC23IP	1183	0	1183
MIR4682	0	0	0
LOC124902514	0	0	0
LOC105378515	0	0	0
PLPP4	0	0	0
LINC01561	0	0	0
LINC02930	0	0	0
WDR11-DT	0	0	0
WDR11	1333	0	1482
LOC105378519	1	149	1
LOC105378520	1	0	1
LOC105378521	6	0	6
LOC124902516	0	0	0
LOC124902515	0	0	0
LOC105378522	0	0	0
LINC01153	0	0	0
LOC105378523	1	0	1
FGFR2	12	0	12
LOC107984183	0	0	0
ATE1	490	4	491
ATE1OSP	3	1	7
NSMCE4A	389	13	570
LOC124902517	13	181	26
TACC2	1418	1	1417
LOC124902518	0	0	0
BTBD16	10	0	10
PLEKHA1	955	0	955
MIR3941	0	0	0
HTRA1-AS1	3	0	3
ARMS2	0	0	0
HTRA1	2465	5	2460
DMBT1	27	0	27
SPADH	0	0	0
C10orf120	0	0	0
DMBT1L1	0	0	0
LOC124900290	0	0	0
FAM24B-CUZD1	0	0	0
CUZD1	0	0	0
FAM24B	49	0	49
C10orf88B	59	1	59
FAM24A	0	0	0
C10orf88	197	0	197
LOC124902519	6	0	6
PSTK	20	0	20
IKZF5	255	1	254
ACADSB	386	0	386
HMX3	0	0	0
HMX2	0	0	0
BUB3	3375	0	3375
LOC107984275	24	0	24
LINC02641	0	0	0
LOC105378530	0	0	0
GPR26	0	0	0
LOC105378532	0	0	0
CPXM2	0	0	0
CPXM2-AS1	0	0	0
LOC105378534	0	0	0
LOC107984128	5	0	5
CHST15	302	0	302
LOC105378536	0	0	0
LOC107984184	0	0	0
OAT	409	0	409
NKX1-2	0	0	0
LHPP	436	0	436
FAM53B	818	5	813
FAM53B-AS1	0	0	0
EEF1AKMT2	350	0	350
ABRAXAS2	534	0	534
ZRANB1	292	176	687
CTBP2	1547	398	1721
LOC124902520	7	8	0
MIR4296	0	0	0
LOC105378541	0	0	0
LOC105378542	1	0	1
LOC105378543	0	0	0
LOC124902521	0	0	0
LOC105378544	0	0	0
LOC105378545	0	0	0
LOC124902522	0	0	0
TEX36-AS1	0	0	0
TEX36	3	0	3
LOC102724793	0	0	0
LOC283038	2	25	0
EDRF1-DT	2	0	25
EDRF1	513	2	619
EDRF1-AS1	5	113	0
MMP21	9	0	9
UROS	1342	0	1342
MIR4484	0	0	0
BCCIP	1671	331	1876
DHX32	939	225	1250
FANK1	106	0	106
FANK1-AS1	0	0	0
ADAM12	3	3	0
LINC00601	0	0	0
LOC112267914	0	0	0
C10orf90	13	0	24
LOC728158	0	11	0
LOC105378549	0	0	0
LOC124902523	0	0	0
LOC105378548	0	0	0
LOC124900294	0	0	0
LOC105378550	46	0	46
DOCK1	974	0	1031
LOC124900289	4	0	4
LOC107984059	0	0	0
DOCK1-AS1	0	56	0
INSYN2A	1	2	0
LOC105378551	0	0	0
LOC124902524	1	1	0
NPS	0	0	0
FOXI2	0	0	0
CLRN3	0	0	0
PTPRE	2	0	2
PTPRE-AS1	0	0	0
AS-PTPRE	0	0	0
MKI67	5198	3	5195
LINC01163	0	0	0
LOC124902558	0	0	0
LOC105378554	0	0	0
LOC107984185	0	0	0
LOC105378555	0	0	0
LINC02667	0	0	0
LOC124902559	0	0	0
LOC105378556	0	0	0
LOC105378557	0	0	0
MGMT	0	0	0
LOC124902531	0	0	0
LOC105378560	0	0	0
LOC107984281	0	0	0
EBF3	0	0	0
MIR4297	0	0	0
EBF3-AS1	0	0	0
C10orf143	5	0	5
CTAGE7P	16	16	0
LOC102724883	10	0	10
LOC124902560	0	0	0
LOC105378561	3	4	2
GLRX3	1509	0	1512
LOC124902561	26	0	26
LOC124900609	1	0	1
LOC105378562	0	0	0
MIR378C	0	0	0
LOC107984186	0	0	0
TCERG1L	0	0	0
TCERG1L-AS1	0	0	0
LOC105378563	0	0	0
LOC101927461	0	0	0
LINC01164	0	0	0
LOC105378565	0	0	0
LOC105378566	0	0	0
PPP2R2D	868	2233	821
BNIP3	1431	17	3600
LOC124902525	0	0	0
JAKMIP3	2	2	1
JAKMIP3-AS1	0	1	0
DPYSL4	3	1	2
STK32C	514	8	520
LRRC27	126	7	133
LOC124902526	40	39	8
PWWP2B	798	1	804
LINC03068	135	0	135
LINC02870	57	2	55
LOC105378569	2	0	2
LOC107984282	4	0	4
INPP5A	196	2	218
NKX6-2	0	24	0
CFAP46	1	1	0
LOC105378571	0	0	0
LOC105378572	0	0	0
LINC01166	0	0	0
LINC01167	0	0	0
LINC01168	0	0	0
LOC124902527	0	0	0
LOC107984283	0	0	0
LOC112268067	6	0	6
ADGRA1-AS1	0	0	0
ADGRA1	0	0	0
KNDC1	87	0	91
LOC105378574	0	4	0
LOC105378573	0	0	0
UTF1	0	0	0
VENTX	0	0	0
MIR202HG	0	0	0
MIR202	0	0	0
ADAM8	119	0	119
TUBGCP2	1779	362	1760
LOC124902562	2	0	2
ZNF511-PRAP1	0	0	0
ZNF511	22	0	22
CALY	8	0	8
PRAP1	2	2	0
FUOM	354	0	354
ECHS1	4406	0	4406
MIR3944	1	0	1
LOC124902563	0	0	0
PAOX	3	0	3
MTG1	870	0	996
SPRN	18	145	0
LOC124902564	0	0	0
SCART1	67	0	68
LOC105378575	5	5	0
CYP2E1	30	0	30
SYCE1	0	0	0
SPRNP1	13	13	0
FRG2B	0	0	0
LINC01001	7	0	7
LOC112268070	0	0	0
LOC101930129	0	0	0
SCGB1C1	0	0	0
CIMAP1A	0	0	0
BET1L	818	0	818
RIC8A	1586	13	1633
MIR6743	0	0	0
SIRT3	451	61	451
PSMD13	1576	2	1575
NLRP6	8	5	3
PGGHG	490	2	488
IFITM5	3	3	0
IFITM2	3578	1	3578
IFITM1	3633	0	3633
IFITM3-AS1	9	5	4
IFITM3	8379	8	8371
B4GALNT4	1582	1	1581
PKP3	1815	1	1815
SIGIRR	262	3	259
ANO9	0	1	0
LOC105376506	3	0	4
PTDSS2	227	3	224
RNH1	0	1	0
LRRC56	0	0	0
HRAS	0	1	0
LMNTD2	41	0	51
LMNTD2-AS1	0	10	0
RASSF7	142	4	138
MIR210HG	186	0	186
MIR210	5	0	5
LOC124902805	0	0	0
LOC143666	2	0	2
PHRF1	0	0	0
IRF7	0	0	0
CDHR5	0	0	0
SCT	0	0	0
DRD4	6	0	6
DEAF1	989	64	980
LOC124902603	0	0	0
TMEM80	277	28	249
EPS8L2	2679	14	2720
LOC105376509	0	0	0
TALDO1	4670	8	4662
GATD1	1380	0	1380
GATD1-DT	25	0	25
LOC124900301	68	0	68
CEND1	2	2	0
SLC25A22	1725	46	1724
PANO1	19	29	35
PIDD1	726	14	714
RPLP2	9087	2	9087
SNORA52	21	0	21
PNPLA2	2993	19	2974
CRACR2B	29	29	0
CD151	3670	6	3665
POLR2L	1075	6	1072
TSPAN4	1520	21	1501
CHID1	1128	0	1128
AP2A2	191	0	191
MUC6	0	0	0
LOC124902605	0	0	0
LINC02688	0	0	0
LOC107987157	0	0	0
MUC2	0	0	0
MUC5AC	0	0	0
MUC5B	39	1	38
MUC5B-AS1	0	0	0
MIR6744	0	0	0
TOLLIP	0	0	0
TOLLIP-DT	0	0	0
LOC124902606	0	0	0
LINC02689	0	0	0
BRSK2	0	0	0
MOB2	0	0	0
LOC124902607	0	0	0
DUSP8	0	0	0
LOC124902608	0	0	0
KRTAP5-AS1	0	0	0
KRTAP5-1	0	0	0
KRTAP5-2	0	0	0
KRTAP5-3	0	0	0
KRTAP5-4	0	0	0
KRTAP5-5	0	0	0
LOC124902609	0	0	0
FAM99A	0	0	0
FAM99B	0	0	0
LINC02708	0	0	0
KRTAP5-6	0	0	0
IFITM10	36	0	36
CTSD	5845	8	7530
PRADX	15	1705	4
LOC105376517	0	0	0
LOC124902610	0	0	0
SYT8	0	0	0
TNNI2	0	0	0
LOC107984299	0	0	0
LSP1	0	0	0
MIR4298	0	0	0
MIR7847	0	0	0
PRR33	0	0	0
LINC01150	0	0	0
TNNT3	0	0	0
MRPL23	0	0	0
SNORD131	0	0	0
MRPL23-AS1	0	0	0
LINC01219	0	0	0
H19	0	0	0
MIR675	0	0	0
INS-IGF2	0	0	0
IGF2	0	0	0
MIR483	0	0	0
IGF2-AS	0	0	0
INS	0	0	0
TH	1	0	1
MIR4686	0	0	0
ASCL2	0	0	0
C11orf21	0	0	0
TSPAN32	0	0	0
LOC124902612	0	0	0
CD81-AS1	3	363	3
LOC124902611	0	0	0
LOC105376520	3	0	3
CD81	2592	1	2954
TSSC4	444	1	443
TRPM5	0	0	0
KCNQ1	3	0	3
LOC124902613	0	0	0
KCNQ1OT1	0	0	0
LOC124902614	0	0	0
KCNQ1-AS1	0	0	0
KCNQ1DN	0	0	0
CDKN1C	36	1	35
SLC67A1-AS	2	115	3
SLC67A1	64	2	178
PHLDA2	0	0	0
NAP1L4	131	0	131
SNORA54	0	0	0
CARS1	222	0	223
CARS1-AS1	0	1	0
LOC124902615	30	0	30
OSBPL5	1126	2	1124
MRGPRG	0	0	0
MRGPRG-AS1	0	0	0
MRGPRE	0	0	0
ZNF195	574	0	574
TSSC2	0	0	0
OR7E12P	0	0	0
LOC105376526	0	0	0
LOC101927708	0	0	0
LOC107984301	0	0	0
LOC124902617	0	0	0
XNDC1CP	0	0	0
TRPC2	0	0	0
ART5	6	1	5
ART1	14	0	14
CHRNA10	92	63	29
NUP98	3564	2	3562
LOC124902832	0	0	0
PGAP2	672	2	822
LOC124902618	0	151	1
RHOG	1222	0	1222
LOC124902619	1	1	0
STIM1-AS1	3	6	11
STIM1	1375	9	1381
MIR4687	0	0	0
PPIAP40	4	2	3
RRM1	5934	1	5933
LINC02749	0	0	0
SSU72L5	0	0	0
SSU72L2	0	0	0
SSU72L4	0	0	0
SSU72L3	0	0	0
SSU72L1	0	0	0
OR52B4	0	0	0
TRIM21	351	0	351
OR52K2	0	0	0
OR52K1	0	0	0
OR52M1	0	0	0
C11orf40	0	0	0
OR52I2	0	0	0
OR52I1	0	0	0
TRIM68	140	0	140
OR51D1	0	0	0
OR51E1	0	0	0
LOC105376528	0	0	0
OR51E2	0	0	0
OR51C1	0	0	0
MMP26	0	0	0
LOC124900304	0	0	0
OR51F1	0	0	0
OR52R1	0	0	0
OR51F2	0	0	0
OR51S1	0	0	0
OR51H1	0	0	0
OR51T1	0	0	0
OR51A7	0	0	0
OR51G2	0	0	0
OR51G1	0	0	0
OR51A4	0	0	0
OR51A2	0	0	0
OR51L1	0	0	0
OR52J3	0	0	0
OR52E2	0	0	0
OR52E1	0	0	0
OR52A5	0	0	0
OR52A1	0	0	0
OR52Z1P	0	0	0
OR51V1	0	0	0
HBB	0	0	0
HBD	0	0	0
HBBP1	0	0	0
BGLT3	0	0	0
HBG1	0	0	0
HBG2	0	0	0
HBE1	13	0	13
OR51B4	3	0	3
OR51B2	2	0	2
OR51B5	17	0	17
OR51B6	0	0	0
OR51M1	0	0	0
OR51Q1	0	0	0
OR51I1	0	0	0
OR51I2	1	1	0
OR52D1	0	0	0
UBQLN3	0	0	0
UBQLNL	2	0	2
OLFM5P	1	0	1
OR52H1	0	0	0
OR52B6	0	0	0
TRIM5	411	0	411
TRIM6	229	1	228
TRIM6-TRIM34	0	0	0
TRIM34	2	0	2
LOC107984302	0	0	0
TRIM22	40	0	40
LOC124902620	0	0	0
OR52N4	0	0	0
OR52P1	0	0	0
OR56B1	0	0	0
OR56B2	1	1	0
OR52N5	0	0	0
OR52N1	0	0	0
OR52N2	0	0	0
OR52E6	0	0	0
OR52E8	0	0	0
OR52E4	0	0	0
LOC112268071	0	0	0
OR52E5	0	0	0
OR56A3	0	0	0
OR56A5	0	0	0
LOC124902621	0	0	0
OR52L1	0	0	0
OR56A4	0	0	0
OR56A1	0	0	0
LOC107984303	0	0	0
LOC124902622	0	0	0
OR56B4	0	0	0
OR52B2	1	0	1
OR52W1	0	0	0
C11orf42	2	2	0
FHIP1B	724	0	724
CNGA4	1	0	1
CCKBR	0	0	0
CAVIN3	243	7	983
LOC101927825	8	749	6
LOC124902623	0	0	0
LOC124902624	6	0	6
SMPD1	1020	0	1020
APBB1	1	0	1
HPX	7	0	7
TRIM3	493	1	492
ARFIP2	2701	2	2700
TIMM10B	569	0	570
DNHD1	946	18	932
RRP8	652	0	656
ILK	33	64	2410
TAF10	1465	2409	1497
TPP1	3339	1	3338
DCHS1	14	0	14
MRPL17	2340	1	2339
LOC124902625	1	1	0
GVINP1	8	0	8
OR2AG2	5	0	5
OR2AG1	0	0	0
OR6A2	1	0	1
OR10A5	0	0	0
OR10A2	0	0	0
OR10A4	0	0	0
OR2D2	0	0	0
LOC107984019	2	9	9
OR2D3	0	0	0
ZNF215	100	8	134
LOC102724711	1	26	0
ZNF214	21	13	8
NLRP14	12	0	12
RBMXL2	0	0	0
MIR302E	0	0	0
SYT9	1	2	0
SYT9-AS1	0	0	1
OLFML1	329	0	329
LOC124902806	0	2	0
PPFIBP2	215	0	247
LOC105376535	1	31	0
CYB5R2	0	0	0
LOC105376533	0	0	0
OVCH2	0	0	0
LOC124902626	0	0	0
OR5P2	0	0	0
OR5P3	0	0	0
OR5E1P	0	0	0
LOC283299	0	0	0
LOC107984307	0	0	0
OR10A6	0	0	0
OR10A3	0	0	0
NLRP10	0	0	0
EIF3F	3531	1	3530
CASC23	0	0	0
TUB	0	0	0
LOC124902627	0	0	0
TUB-AS1	0	0	0
RIC3	0	0	0
RIC3-DT	0	0	0
LMO1	217	0	231
LOC105376536	6	20	0
STK33	2	0	2
LOC124900315	0	0	0
TRIM66	316	15942	292
RPL27A	6338	22	22227
SNORA3A	37	0	37
SNORA3B	15	0	15
DENND2B	1239	20	1219
LOC107984308	1	0	1
DENND2B-AS1	0	0	0
AKIP1	1427	0	1430
C11orf16	7	9	1
ASCL3	1	1	0
TMEM9B	907	16	930
TMEM9B-AS1	38	30	47
NRIP3	1	0	1
NRIP3-DT	0	0	0
SCUBE2	12	0	12
MIR5691	0	0	0
KRT8P41	0	0	0
LOC105376542	2	0	2
DENND5A	1721	1	1720
TRL-CAA5-1	0	0	0
TMEM41B	502	0	502
IPO7	7955	1	7954
SNORA23	0	0	0
ZNF143-AS1	86	0	86
ZNF143	468	0	468
WEE1	1565	4	1561
LOC124902827	13	0	13
LOC124902628	0	0	0
SWAP70	1215	1	1215
LINC02709	11	0	12
SBF2-AS1	57	113	103
SBF2	1131	63	1236
LOC105369149	3	1	4
LOC124902802	1	1	0
LOC101928008	0	1	0
ADM	3687	0	3689
CAND1.11	6	0	6
AMPD3	43	5	38
MIR4485	2	0	2
RNF141	761	0	761
IRAG1-AS1	0	0	0
LYVE1	0	0	0
IRAG1	0	0	0
CTR9	1962	3	1959
EIF4G2	18191	2	18189
SNORD97	7	0	7
LOC101928053	9	7	2
ZBED5	1521	2	1521
ZBED5-AS1	84	1	85
LOC124902629	22	0	22
LOC107984309	3	1	8
LOC105379882	2	5	3
LINC02752	0	0	0
LOC105376548	0	0	0
LOC124902630	0	0	0
LOC124902631	0	0	0
GALNT18	0	0	0
LOC124902633	0	0	0
CSNK2A3	0	0	0
LOC107983976	0	0	0
GALNT18-AS1	0	0	0
LOC105376553	0	0	0
MIR4299	0	0	0
MIR8070	0	0	0
LOC107984311	2	0	2
USP47	1860	0	1860
DKK3	6	0	6
LINC02547	0	0	0
LINC02989	2	0	2
MICAL2	378	0	378
MIR6124	0	0	0
LOC124902634	2	2	0
PARVA	1722	8	1714
LOC105376556	1	1	0
TEAD1	3883	11	3872
LOC107984313	4	3	1
TEAD1-AS1	0	0	0
LINC00958	226	0	226
RASSF10-DT	486	0	486
RASSF10	3	3	0
LOC105376558	0	0	0
LOC124902635	0	0	0
BMAL1	652	11	643
LOC124902636	3	4	1
BTBD10	468	0	468
PTH	0	0	0
FAR1	1376	0	1376
LINC02548	0	0	0
LINC02545	0	0	0
LINC02683	0	0	0
SPON1	29	28	1
LOC124902637	0	0	0
RRAS2	1169	1	1168
COPB1	5597	2	5595
PSMA1	4627	0	4627
PDE3B	387	62	373
LOC107984315	2	0	2
LOC124902639	0	0	0
CYP2R1	297	12	333
CALCA	0	0	0
CALCB	0	0	0
INSC	1	0	1
LINC02751	0	0	0
LOC105376568	0	0	0
LOC105376567	0	0	0
LOC107984370	0	0	0
LOC124902800	0	0	0
LINC02682	0	0	0
SOX6	1	0	1
MIR6073	0	0	0
LOC105376572	0	0	0
LOC124900593	0	0	0
LOC105376571	0	0	0
C11orf58	1721	0	1721
PLEKHA7	283	0	283
SNORD147	0	0	0
OR7E14P	0	0	0
RPS13	5206	0	5206
SNORD14A	17	0	17
SNORD14B	13	0	13
PIK3C2A	1055	0	1055
NUCB2	1033	0	1033
LOC124902640	63	0	63
LOC105376576	0	0	0
NCR3LG1	115	0	115
KCNJ11	0	0	0
ABCC8	0	0	0
LOC124902641	0	0	0
USH1C	26	0	26
OTOG	1	0	1
LINC02729	0	0	0
MYOD1	0	0	0
KCNC1	0	0	0
SERGEF	161	0	161
LOC124902642	0	0	4
LOC107984317	0	4	0
TPH1	0	0	0
SAAL1	298	0	298
SAA3P	0	0	0
MRGPRX3	0	0	0
MRGPRX4	0	0	0
SLC25A51P4	0	0	0
SAA2-SAA4	0	0	0
SAA4	0	0	0
SAA2	0	0	0
SAA1	0	0	0
HPS5	0	0	0
GTF2H1	0	0	0
LOC105376577	0	0	0
MIR3159	0	0	0
LDHA	0	0	0
LDHC	0	0	0
LDHAL6A	1	1	0
TSG101	686	0	686
UEVLD	342	0	342
LOC112268073	1	2	0
MISFA	4	52	5
SPTY2D1	323	3	375
LOC105376578	0	3	0
TMEM86A	6	0	6
IGSF22	0	0	0
IGSF22-AS1	0	0	0
PTPN5	0	0	0
MRGPRX1	0	0	0
MRGPRX2	0	0	0
ZDHHC13	278	0	278
CSRP3	1	1	0
CSRP3-AS1	1	0	4
E2F8	154	3	154
NAV2	1212	3	1322
NAV2-AS5	0	0	0
NAV2-AS4	0	0	0
MIR4486	0	0	0
LOC124900310	0	0	0
LEISA1	4	5	5
MIR4694	0	0	0
NAV2-AS3	0	0	0
LOC124902644	4	10	2
NAV2-AS2	0	82	0
LOC107984418	3	3	0
LOC124902643	0	0	0
DBX1	0	0	0
LOC105376583	0	0	0
HTATIP2	1645	2	1643
PRMT3	565	0	565
LOC124902808	1	0	1
LOC105376584	0	0	0
SLC6A5	0	0	0
NELL1	0	0	0
LOC105376585	0	0	0
NELL1-AS1	0	0	0
LOC102723370	0	0	0
LOC105376587	0	0	0
LOC124902645	0	0	0
ANO5	0	0	0
SLC17A6-DT	0	0	0
SLC17A6	0	0	0
LINC01495	0	0	0
LOC105376588	0	0	0
FANCF	132	0	132
GAS2	2	1	1
SVIP	153	0	153
LINC02718	2	0	2
CCDC179	0	0	0
LOC124902646	0	0	0
MIR8054	0	0	0
LINC02726	0	0	0
LOC124902647	0	0	0
LOC107984378	0	0	0
LINC02686	0	0	0
LOC105376595	0	0	0
LUZP2	0	0	0
LINC02699	0	0	0
ANO3	0	0	0
ANO3-AS1	0	0	0
LOC105376598	0	0	0
MUC15	0	0	0
LOC124902648	0	0	0
LOC107987160	0	0	0
SLC5A12	0	0	0
LOC124902649	0	0	0
LOC124902650	0	0	0
FIBIN	1	0	1
BBOX1	0	0	0
BBOX1-AS1	0	0	0
LOC124902651	2	0	2
LOC105376600	0	0	0
LOC105376601	37	0	37
CCDC34	725	0	725
LGR4	3182	2	3184
LGR4-AS1	6	2	8
LIN7C	699	0	699
BDNF-AS	19	118	22
MIR8087	0	0	0
LINC00678	0	0	0
BDNF	281	4	398
LOC124902652	0	0	0
LOC124902653	0	0	0
LOC124902654	0	0	0
LOC124902655	2	0	2
KIF18A	638	0	638
MIR610	0	0	0
METTL15	411	0	411
MIR8068	0	0	0
LINC02758	0	0	0
LOC105376604	0	0	0
LINC02742	1	0	1
LINC02755	11	0	11
LINC02546	0	0	0
LINC01616	0	0	0
KCNA4	0	0	0
LOC107984321	0	0	0
ARL14EP-DT	0	0	0
FSHB	0	0	0
ARL14EP	377	0	377
LOC102723403	0	0	0
MPPED2	0	0	0
MPPED2-AS1	0	0	0
LINC02859	0	0	0
LOC101928338	0	0	0
LOC107984419	0	0	0
DCDC1	1	0	1
LOC124902656	0	0	0
LOC105376611	0	0	0
DNAJC24	227	23	286
IMMP1L	44	65	61
ELP4	438	64	429
ELP4-AS1	0	0	0
PAX6	280	5	330
PAX6-AS1	0	0	0
PAUPAR	0	0	0
LOC107984420	0	0	0
LOC124902657	0	0	0
LOC124902658	0	0	0
LINC03031	2	0	2
LOC105376613	0	0	0
LOC101928385	0	0	0
LOC124902847	0	0	0
RCN1	19113	3	19110
LOC107984322	0	0	0
SNORA88	0	0	0
WT1	0	0	0
WT1-AS	0	0	0
EIF3M	3714	3	3732
CCDC73	4	55	4
PRRG4	228	2	260
QSER1	1571	3	1672
LOC105376615	0	104	0
DEPDC7	329	0	329
TCP11L1	172	0	172
LINC00294	465	0	465
CSTF3	816	1	815
CSTF3-DT	2	0	2
HIPK3	1263	0	1263
KIAA1549L	4	3	3
LOC105376617	0	2	0
C11orf91	11	0	11
CD59	7008	3	7005
FBXO3	587	1	586
FBXO3-DT	1	0	1
LINC02722	5	0	5
LINC02721	1	1	0
LMO2	24	0	24
LOC105376621	0	0	0
LOC124902659	0	0	0
LOC101929918	0	545	3
CAPRIN1	9652	3	10197
LOC124902660	1	0	1
NAT10	1885	1	1884
ABTB2	748	40	708
LOC105376622	0	0	0
CAT	2125	0	2125
ELF5	0	0	0
LINC02707	2	0	2
EHF	167	0	167
LOC102723568	0	0	0
LOC105376625	0	0	0
LOC105376624	3	0	3
APIP	344	1	345
PDHX	1880	1	1881
MIR1343	0	0	0
LOC105376626	10	10	0
LOC105376627	1	0	1
CD44-DT	8	0	8
CD44	4616	1	5548
SNORD164	0	0	0
CD44-AS1	10	943	0
SLC1A2	3	0	3
SLC1A2-AS1	0	0	0
SLC1A2-AS2	0	0	0
PAMR1	0	0	0
FJX1	143	1	142
TRIM44	3223	1	3222
LOC124902661	0	0	0
LDLRAD3	394	1	397
MIR3973	0	0	0
LOC101928510	0	0	0
COMMD9	1027	7	1024
PRR5L	615	0	615
TRAF6	266	1	265
RAG1	2	0	2
RAG2	1	29	0
IFTAP	38	0	66
LOC107984325	0	0	0
LOC107984326	0	0	0
LOC105376631	0	0	0
LOC105376632	0	0	0
LINC02760	0	0	0
LOC105376634	9	0	9
LINC02759	0	0	0
LOC105376635	0	0	0
LINC01493	0	0	0
LOC101928563	14	0	14
LOC107984362	0	0	0
LOC105376636	0	0	0
LOC105376637	0	0	0
LRRC4C	0	0	0
LINC02741	0	0	0
LINC01499	0	0	0
LOC105376639	0	0	0
LINC02745	0	0	0
LOC105376641	0	0	0
LINC02740	0	0	0
LOC105376642	0	0	0
LOC124902662	0	0	0
HNRNPKP3	0	0	0
API5	2374	2	2372
TTC17	1602	0	1602
HSD17B12	246	0	326
MIR670	0	0	0
LOC124902807	0	0	0
MIR670HG	0	0	0
MIR129-2	0	0	0
LOC107984328	1	81	0
LOC105376644	0	0	0
ALKBH3	291	0	292
SEC14L1P1	10	0	10
ALKBH3-AS1	2	7	0
ACCSL	1	0	5
LOC124902663	2	2	0
C11orf96	0	0	0
ACCS	89	0	89
EXT2	1661	0	1661
ALX4	0	0	0
LOC105376645	0	0	0
LOC105376646	0	0	0
CD82	254	2	375
CD82-AS1	0	122	1
LINC02704	0	0	0
TSPAN18-AS1	0	0	0
TSPAN18	0	5	0
LOC124902664	0	0	0
TP53I11	445	3	447
LOC105376649	0	0	0
LINC02685	0	0	0
LOC105376650	0	0	0
PRDM11	188	2	189
LOC105376652	4	1	6
SYT13	3	0	3
LINC02696	0	0	0
LINC02687	0	0	0
LOC105376654	0	0	0
LOC105376655	0	0	0
LOC105376656	0	0	0
LOC124902665	0	0	0
CHST1	0	0	0
LOC124902666	0	0	0
MIR7154	0	0	0
LOC100507384	0	0	0
LOC124902667	0	0	0
LINC02690	0	0	0
LINC02716	1	0	1
SLC35C1	1503	1	1502
CRY2	349	0	349
MAPK8IP1	40	8	33
LOC124902668	0	0	0
FREY1	2	0	3
PEX16	750	0	750
LARGE2	0	0	0
PHF21A	1714	2	1712
LOC105376661	1	0	1
LOC101928894	0	0	0
LINC02710	0	0	0
LOC124902669	47	0	47
LINC02489	4	0	4
CREB3L1	47	1	46
DGKZ	1534	0	1534
MIR4688	0	0	0
MDK	21	1	22
CHRM4	17	1	18
AMBRA1	957	0	957
MIR3160-1	0	0	0
MIR3160-2	0	0	0
HARBI1	50	131	50
ATG13	1261	0	1392
ARHGAP1	1196	0	1196
ZNF408	361	0	361
F2	0	0	0
CKAP5	3302	5	3297
MIR5582	0	0	0
LOC124900314	0	0	0
SNORD67	2	0	2
LRP4-AS1	0	15	2
LRP4	135	2	150
CSTPP1	450	50	625
LOC124902670	0	0	0
LOC124902671	3	0	3
LOC124902672	13	185	12
ARFGAP2	1578	12	1607
PACSIN3	2163	0	2163
MIR6745	0	0	0
DDB2	1833	77	1768
ACP2	1497	20	1740
NR1H3	1129	252	1128
MADD	1882	0	1882
MADD-AS1	0	0	0
MYBPC3	3	0	3
SPI1	2	0	2
SLC39A13-AS1	1	1	1
MIR4487	0	0	0
SLC39A13	519	1	519
PSMC3	3018	0	3018
LOC124902673	0	0	0
RAPSN	1	0	1
CELF1	2693	44	2689
PTPMT1	1522	3	1599
KBTBD4	0	40	0
NDUFS3	0	0	0
FAM180B	0	0	0
C1QTNF4	0	0	0
MTCH2	0	0	0
AGBL2	0	0	0
FNBP4	0	0	0
NUP160	155	1	154
PTPRJ	1254	0	1254
MIR3161	2	0	2
OR4B1	0	0	0
OR4X2	0	0	0
OR4X1	0	0	0
OR4S1	0	0	0
OR4C3	0	0	0
OR4C5	0	0	0
OR4A47	0	0	0
TRIM51G	0	0	0
TRIM49B	0	0	0
TRIM64C	0	0	0
FOLH1	0	0	0
GRM5P1	0	0	0
OR4C13	0	0	0
OR4C12	0	0	0
OR4C45	0	0	0
LOC101060224	0	0	0
LOC124902811	0	0	0
SEPTIN7P11	1	0	1
LINC02750	0	0	0
LOC646813	0	0	0
OR4C46	0	0	0
OR4A5	0	0	0
TRIM48	0	0	0
TRIM51HP	0	0	0
OR4A16	0	0	0
OR4A15	0	0	0
OR4C15	0	0	0
OR4C16	0	0	0
OR4C11	0	0	0
OR4P4	0	0	0
OR4S2	0	0	0
OR4C6	0	0	0
OR5D3	0	0	0
OR5D13	0	0	0
OR5D14	0	0	0
OR5L1	0	0	0
OR5D18	0	0	0
OR5L2	0	0	0
OR5D16	0	0	0
TRIM51	0	0	0
OR5W2	0	0	0
OR5I1	0	0	0
OR10AG1	0	0	0
OR7E5P	0	0	0
OR5F1	0	0	0
OR5AS1	0	0	0
OR8I2	0	0	0
OR8H2	0	0	0
OR8H3	0	0	0
OR8J3	0	0	0
OR8K5	0	0	0
OR5J2	0	0	0
OR8J2	0	0	0
OR5T2	0	0	0
OR5T3	0	0	0
OR5T1	0	0	0
OR8H1	0	0	0
OR8K3	0	0	0
OR8K1	0	0	0
OR8J1	0	0	0
OR8U1	0	0	0
OR5AL1	0	0	0
OR8U3	0	0	0
OR5M9	0	0	0
OR5M3	0	0	0
OR5M8	0	0	0
OR5M11	0	0	0
OR5M10	0	0	0
OR5M1	0	0	0
OR5AP2	0	0	0
OR5AR1	0	0	0
OR9G1	0	0	0
OR9G4	0	0	0
MIR6128	0	0	0
LINC02735	0	0	0
LOC105369310	0	0	0
OR5AK2	0	0	0
OR5AK4P	0	0	0
LOC105369309	0	0	0
LRRC55	0	0	0
APLNR	0	0	0
LOC107984364	0	0	0
TNKS1BP1	2831	4	2827
SSRP1	6751	2	6749
LOC124902831	6	0	6
P2RX3	151	6	145
PRG3	0	0	0
PRG2	83	0	83
SLC43A3	12218	2	12216
RTN4RL2	2926	4	2922
SLC43A1	125	0	125
TIMM10	427	0	427
SMTNL1	0	0	0
UBE2L6	0	0	0
SERPING1	85	0	85
MIR130AHG	3	0	3
MIR130A	0	0	0
YPEL4	0	0	0
CLP1	483	0	483
ZDHHC5	2311	6	2305
MED19	287	0	287
TMX2-CTNND1	0	0	0
TMX2	1625	0	1625
SELENOH	1397	0	1397
BTBD18	1	1	0
CTNND1	7	0	7
LOC107984365	0	0	0
LOC107984331	0	0	0
OR9Q1	0	0	0
OR6Q1	0	0	0
LOC124902674	0	0	0
OR9I1	0	0	0
OR9Q2	0	0	0
OR1S2	0	0	0
OR1S1	0	0	0
OR10Q1	0	0	0
OR10W1	0	0	0
OR5B17	0	0	0
OR5B3	0	0	0
OR5B2	0	0	0
OR5B12	0	0	0
LOC105369313	2	0	2
OR5B21	0	0	0
LPXN	111	13	98
ZFP91	1612	0	1612
ZFP91-CNTF	0	0	0
CNTF	1	0	1
GLYAT	1	0	1
GLYATL2	8	0	8
GLYATL1	0	0	0
GLYATL1-AS1	0	0	0
GLYATL1B	0	0	0
LOC105369315	0	0	0
FAM111B	697	0	697
FAM111A-DT	42	1	45
FAM111A	219	3	220
LOC124902601	2	43	2
DTX4	1007	0	1117
LOC124902675	6	70	0
MPEG1	1	4	0
OR5AN1	0	0	0
OR5A2	0	0	0
OR5A1	0	0	0
OR4D6	0	0	0
OR4D10	0	0	0
LOC124902818	0	0	0
OR4D11	0	0	0
OR4D9	0	0	0
LOC102723575	5	4	4
TRV-TAC1-1	0	0	0
TRV-TAC2-1	0	0	0
TRR-TCT3-2	0	0	0
TRL-TAA3-1	0	0	0
TRK-TTT5-1	1	0	1
TRF-GAA1-3	0	0	0
LINC02739	3	2	4
TRK-TTT3-4	0	0	0
TRF-GAA2-1	0	0	0
OSBP	1547	2	1546
MIR3162	0	0	0
LOC101927226	2	0	5
PATL1	1546	3	1545
PATL1-DT	1	1	0
OR10V1	0	0	0
OR10V2P	0	0	0
STX3	395	7	388
MRPL16	1586	0	1586
CBLIF	0	0	0
TCN1	2	0	2
OOSP3	2	0	2
OOSP1	0	0	0
OOSP4A	0	0	0
OOSP4B	0	0	0
OOSP2	0	0	0
MS4A3	0	0	0
MS4A2	0	0	0
LINC02705	0	0	0
MS4A6A	0	0	0
MS4A4E	0	0	0
MIR6503	0	0	0
MS4A4A	0	0	0
MS4A6E	0	0	0
MS4A7	0	0	0
MS4A14	0	0	0
MS4A5	0	0	0
MS4A1	0	0	0
MS4A12	0	0	0
MS4A13	0	0	0
LOC105369321	0	0	0
LINC00301	0	0	0
MS4A8	0	0	0
MS4A18	0	0	0
MS4A15	0	0	0
MS4A10	0	0	0
LOC105369322	3	0	3
CCDC86-AS1	0	142	0
CCDC86	1337	2	1589
PTGDR2	9	0	9
ZP1	4	0	4
PRPF19	4130	2	4128
PRPF19-DT	3	0	3
TMEM109-DT	6	56	4
TMEM109	2037	1	2090
LOC124902676	4	8	1
TMEM132A	2986	6	3041
SLC15A3	69	57	68
CD6	0	0	0
LOC105369326	0	0	0
LOC105369325	0	0	0
LINC02954	0	0	0
LOC124902677	0	0	0
CD5	0	0	0
VPS37C	311	0	311
LOC124902678	0	0	0
PGA3	0	0	0
PGA4	0	0	0
PGA5	2	2	0
VWCE	100	0	100
DDB1	8998	1	9001
TKFC	2534	909	2542
CYB561A3	1524	44	2403
TMEM138	1559	0	1569
TMEM216	98	0	99
CPSF7	2785	1	2785
SDHAF2	994	0	994
SAXO4	14	0	14
LOC105369329	0	0	0
MIR4488	0	0	0
LRRC10B	0	0	0
SYT7	1097	1	1096
LOC105369331	2	0	2
LOC101927495	2	0	2
RPLP0P2	4	0	4
DAGLA	275	0	275
MYRF	31	20	12
MYRF-AS1	0	0	0
TMEM258	229	0	230
MIR611	1	0	1
FEN1	4937	46	4891
FADS1	3613	70	3918
MIR1908	0	0	0
FADS2	1079	310	1144
LOC124902680	42	0	42
LOC124902679	2	0	2
FADS3	2546	0	2546
MIR6746	0	0	0
RAB3IL1	392	0	392
BEST1	9	27124	5
LOC107984334	0	0	1
FTH1	0	27	87561
LOC399900	31	7964	16
LINC02733	2	2	0
LOC124902681	0	0	0
INCENP	1368	3	1365
SCGB1D1	0	0	0
SCGB2A1	1	0	1
SCGB1D2	0	0	0
SCGB2A2	0	0	0
SCGB1D4	0	0	0
ASRGL1	106	0	106
LOC124902682	0	0	0
LOC102723765	0	0	0
SCGB1A1	0	0	0
AHNAK	10249	1	10248
EEF1G	42123	14	42109
MIR6747	0	0	0
TUT1	841	63	778
MTA2	3643	23	3620
EML3	1416	8	1410
ROM1	34	3	34
B3GAT3	854	0	855
GANAB	6298	1	6297
INTS5	833	4	829
LBHD1	89	191	158
C11orf98	1	0	8
CSKMT	21	114	1
SNORA57	0	0	0
UQCC3	18	40	206
UBXN1	1561	0	1561
LRRN4CL	1	0	1
HNRNPUL2-BSCL2	0	0	0
BSCL2	12	0	16
GNG3	19	81	0
HNRNPUL2	372	0	372
TTC9C	514	0	514
ZBTB3	41	0	41
POLR2G	553	0	553
TMEM223	246	133	267
TAF6L	354	52	323
TMEM179B	275	39	366
MIR6748	0	0	0
NXF1	1334	3	1331
MIR6514	0	0	0
STX5	565	0	565
STX5-DT	0	211	1
TEX54	1	1	0
WDR74	443	4	650
RNU2-2	0	0	0
SNHG1	1321	1	1320
SNORD22	24	0	24
SNORD31	82	0	82
SNORD30	1	0	1
SNORD29	0	0	0
LOC124900306	53	0	53
SNORD28	21	0	21
SNORD27	3	0	3
SNORD26	0	0	0
SNORD25	0	0	0
SLC3A2	24806	15	24791
CHRM1	7	0	14
CHRM1-AS1	0	7	0
LOC105369333	0	0	0
SLC22A6	0	0	0
SLC22A8	0	0	0
SLC22A24	0	0	0
SLC22A25	0	0	0
LOC105369334	0	0	0
SLC22A10	0	0	0
SLC22A9	0	0	0
PLAAT5	0	0	0
LOC124902684	0	0	0
LGALS12	1	0	1
PLAAT4	294	1	293
PLAAT2	111	0	111
PLAAT3	482	0	483
LOC105369335	0	1	0
LNCROPM	0	70	0
ATL3	1411	1	1480
RTN3	2991	1	2990
ZFTA	460	0	460
SPINDOC	404	0	404
MARK2	665	2	663
RCOR2	10	2	8
NAA40	481	0	481
COX8A	1802	0	1802
OTUB1	1171	0	1171
MACROD1	977	7	981
LOC124902685	0	0	0
FLRT1	10	18	1
LOC105369339	31	2	31
LOC124902686	31	1	40
STIP1	5083	9	5084
FERMT3	9	9	8
TRPT1	345	0	358
NUDT22	306	8	517
LOC124902687	4	218	3
DNAJC4	204	3	201
VEGFB	827	0	827
FKBP2	0	0	0
LOC114841035	0	0	0
PPP1R14B	1916	16	1914
PPP1R14B-AS1	76	50	40
PLCB3	1244	1	1243
BAD	311	2	309
GPR137	801	0	801
KCNK4	0	0	0
KCNK4-CATSPERZ	0	0	0
CATSPERZ	0	0	0
ESRRA	1446	113	1625
TRMT112	1379	190	1486
PRDX5	3546	5	3546
LOC102723878	2	0	2
CCDC88B	177	3	174
MIR7155	0	0	0
RPS6KA4	749	1	748
MIR1237	0	0	0
LOC124902688	0	0	0
LINC02723	0	0	0
LOC105369341	0	0	0
LOC124902689	0	0	0
LINC02724	0	0	0
LOC124902690	1	0	1
SLC22A11	0	0	0
SLC22A12	0	0	0
NRXN2	0	0	0
NRXN2-AS1	0	0	0
RASGRP2	3	0	3
PYGM	3	0	3
SF1	3406	4	3402
MAP4K2	655	1	654
MEN1	1216	1	1215
CDC42BPG	223	1	222
EHD1	852	6	846
MIR10392	0	0	0
MIR194-2HG	0	0	0
MIR192	0	0	0
MIR194-2	0	0	0
ATG2A	1001	0	1001
MIR6750	0	0	0
MIR6749	0	0	0
PPP2R5B	453	0	453
GPHA2	0	0	0
MAJIN	0	0	0
BATF2	2	0	2
ARL2-SNX15	0	0	0
ARL2	199	2	197
MIR6879	0	0	0
SNX15	0	0	0
SAC3D1	891	2	892
NAALADL1	1	3	1
CDCA5	1050	5	1045
ZFPL1	339	0	342
CATSPERH	1	3	1
VPS51	1128	2	1126
TM7SF2	70	1	69
ZNHIT2	268	3	265
FAU	2964	0	2966
MRPL49	849	13	850
SYVN1	672	3	681
MIR6751	0	0	0
SPDYC	13	0	13
CAPN1-AS1	22	17	35
CAPN1	2564	15	2579
SLC22A20P	6	0	6
POLA2	772	31	1137
LOC105369344	65	388	83
CDC42EP2	626	0	627
LOC124902691	29	0	29
DPF2	1316	10	1306
TIGD3	41	0	41
FRMD8	1228	90	1218
SLC25A45	305	4	381
NEAT1	24385	7	24378
MIR612	0	0	0
FAUP4	185	2	183
ENEMAL	4	0	4
LINC02736	2	1	1
MALAT1	59	8	7123
TALAM1	2	7222	2
MASCRNA	0	0	0
SCYL1	2479	5	2601
LTBP3	2636	124	2639
ZNRD2-DT	16	11	9
ZNRD2	422	1	425
FAM89B	616	0	616
EHBP1L1	2536	5	2898
LOC124902692	0	367	0
KCNK7	5	2	3
MAP3K11	1583	2	1581
PCNX3	1401	1	1401
MIR4690	0	0	0
SIPA1	1763	6	1757
MIR4489	0	0	0
RELA	1942	11	1948
RELA-DT	35	12	39
KAT5	403	398	709
RNASEH2C	880	319	1265
AP5B1	1506	0	1506
OVOL1	0	0	0
LOC124902693	0	0	0
OVOL1-AS1	0	0	0
SNX32	0	0	0
CFL1	11095	12	11086
MUS81	670	7	669
EFEMP2	43	5	41
CTSW	3	3	0
FIBP	1403	0	1403
CCDC85B	1329	5	1324
FOSL1	328	11	317
C11orf68	429	2	427
DRAP1	1183	3	1180
LOC105369350	0	0	0
TSGA10IP	0	0	0
SART1	1377	11	1366
EIF1AD	497	0	497
BANF1	2579	6	2573
CST6	0	0	0
CATSPER1	12	1	11
GAL3ST3	1	1	0
SF3B2	4322	0	4322
SNORD13F	0	0	0
PACS1	1669	0	1669
LOC124902833	0	0	0
LOC105369354	3	0	3
KLC2	686	3	1559
LOC124902694	0	62	1
KLC2-AS1	7	741	2
KLC2-AS2	1	92	0
RAB1B	2193	4	3183
LOC107984340	2	1000	0
CNIH2	31	1	33
YIF1A	1644	2	1642
TMEM151A	2	0	2
CD248	1	1	0
RIN1	1211	5	1206
BRMS1	928	5	924
B4GAT1	811	0	811
B4GAT1-DT	2	297	4
TRS-GCT3-1	0	0	0
SLC29A2	720	8	1011
NPAS4	0	1	0
LOC124900311	0	0	0
MRPL11	893	1	892
PELI3	224	4	305
DPP3-DT	17	97	12
DPP3	1092	0	1098
BBS1	353	12	404
ZDHHC24	863	56	870
ACTN3	0	0	0
CTSF	503	0	503
CCDC87	9	1	9
CCS	366	0	367
RBM14-RBM4	0	0	0
RBM14	1460	2	1458
RBM4	419	70	536
RBM4B	228	125	292
SPTBN2	1704	5	1699
TOP6BL	403	44	359
RCE1	506	71	436
PC	6054	5	6071
LRFN4	2437	55	2403
MIR3163	1	1	0
C11orf86	1249	1	1248
SYT12	2126	2	2124
MIR6860	0	0	0
RHOD	435	1	434
LOC107984341	0	0	0
KDM2A	911	1	910
LOC124902695	0	0	0
LOC124902839	0	0	0
GRK2	1210	1	1209
ANKRD13D	386	3	383
SSH3	551	0	551
LOC100130987	52	2	50
POLD4	404	0	404
CLCF1	127	5	122
RAD9A	329	348	383
PPP1CA	2431	55	2779
TBC1D10C	8	8	0
CARNS1	10	7	4
RPS6KB2	1590	0	1591
CORO1B	2216	7	2209
PTPRCAP	0	0	0
GPR152	0	0	0
CABP4	1	1	0
TMEM134	460	5	455
AIP	647	0	647
MIR6752	0	0	0
PITPNM1	1901	4	1897
CDK2AP2	586	0	586
CABP2	0	0	0
GSTP1	0	0	0
NDUFV1-DT	0	0	0
NDUFV1	2828	0	2828
DOC2GP	6	0	6
LOC124902696	4	0	4
NUDT8	81	0	81
TBX10	0	0	0
ACY3	0	0	0
ALDH3B2	0	0	0
LOC105369358	0	0	0
FAM86C2P	160	0	160
LOC112268076	0	0	0
LINC02754	0	0	0
LOC124900601	0	0	0
LOC124902697	0	0	0
UNC93B1	732	0	732
ALDH3B1	2719	5	2715
GLTC1	48	48	1
NDUFS8	1237	2	1235
MIR7113	1	0	1
MIR4691	6	0	6
TCIRG1	1523	200	1545
MIR6753	1	0	1
CHKA	410	26	606
CHKA-DT	11	0	11
KMT5B	311	0	311
C11orf24	548	0	548
LOC105369363	4	0	4
LRP5	2273	4	2269
LOC124900302	4	0	4
LOC124902698	0	0	0
PPP6R3	1317	0	1317
LOC107984343	0	368	0
GAL	307	0	675
TESMIN	69	0	69
CPT1A	1598	1	1597
LOC124902699	2	2	0
LOC124902700	0	0	0
LINC02701	3	3	0
MRPL21	331	0	331
IGHMBP2	372	0	372
MRGPRD	0	0	0
MRGPRF	0	0	0
MRGPRF-AS1	0	0	0
LOC124902701	0	0	0
LOC124902702	0	0	0
TPCN2	274	0	274
MIR3164	1	0	1
LOC338694	0	0	0
SMIM38	23	0	23
LOC105369366	0	0	0
LOC105369367	5	0	5
LOC105369368	0	0	0
MYEOV	19	0	19
LOC105369370	4	0	4
LINC02953	0	0	0
LINC02952	0	0	0
LOC124902703	1	0	1
LINC02747	0	0	0
LINC01488	0	0	0
CCND1	2392	4	2389
LOC124902704	0	0	0
LTO1	147	1	147
FGF19	0	0	0
FGF4	0	0	0
FGF3	0	0	0
LOC107984368	0	0	0
ANO1	0	0	0
LINC02753	0	0	0
LOC105369371	0	0	0
LINC02584	0	0	0
LOC101928473	0	0	0
FADD	650	1	649
LOC124902705	7	7	0
PPFIA1	0	0	0
MIR548K	0	0	0
LOC107984346	0	0	0
LOC105369373	0	0	0
CTTN-DT	0	0	0
CTTN	0	0	0
SHANK2	0	0	0
SHANK2-AS1	0	0	0
SHANK2-AS3	0	0	0
MIR3664	0	0	0
LOC124902706	0	0	0
ACTE1P	0	0	0
DHCR7	1616	14	1614
DHCR7-DT	6	0	17
NADSYN1	830	0	830
MIR6754	0	0	0
KRTAP5-7	0	0	0
KRTAP5-8	0	0	0
KRTAP5-9	0	0	0
KRTAP5-10	0	0	0
KRTAP5-11	0	0	0
FAM86C1P	13	1	56
ALG1L9P	19	63	0
XNDC1N-ZNF705EP-ALG1L9P	30	24	6
ZNF705EP	5	4	1
DEFB108B	0	0	0
XNDC1N	1	0	1
DEFB131B	0	1	0
RNF121	342	1	341
IL18BP	111	739	96
NUMA1	1691	47	3341
NUMA1-AS1	3	966	9
MIR3165	0	0	0
LRTOMT	0	200	2
LRRC51	19	5	14
LAMTOR1	695	0	695
TOMT	0	0	0
ANAPC15	29	3	229
FOLR3	6	0	6
FOLR1-AS1	0	3	0
FOLR1	8836	0	8839
FOLR2	0	0	0
INPPL1	7576	9	7567
PHOX2A	0	0	0
CLPB	731	0	935
LOC124902708	3	207	0
LOC112268077	1	1	0
LOC105369376	5	0	5
LINC01537	50	27	24
PDE2A	2918	6	3322
PDE2A-AS2	7	413	3
LOC105369377	0	0	0
MIR139	0	0	0
PDE2A-AS1	0	0	0
ARAP1	1787	1	1935
ARAP1-AS2	1	150	0
STARD10	122	0	122
MIR4692	0	0	0
LOC107984421	33	3	30
ATG16L2	422	90	431
FCHSD2	319	26	392
IUR1	0	0	0
LOC124902709	7	0	7
P2RY2	92	0	92
LOC105369382	0	0	0
P2RY6	503	1	502
ARHGEF17-AS1	6	40	19
ARHGEF17	771	13	811
LOC124902710	6	0	6
RELT	545	1	544
FAM168A	1185	41	1144
PLEKHB1	1	0	1
RAB6A	1859	17	1846
LOC124902711	2	0	6
MRPL48	498	7	491
COA4	1455	0	1475
PAAF1	425	20	425
DNAJB13	25	17	8
UCP2	4491	1	4490
UCP3	44	0	44
C2CD3	677	0	677
PPME1	2320	1	2319
LOC105369383	1	0	1
P4HA3	146	0	178
LOC124902824	5	5	0
P4HA3-AS1	0	32	0
LOC112268078	0	10	0
PGM2L1	396	0	406
MIR548AL	0	0	0
KCNE3	0	0	0
LOC107984356	3	0	3
LIPT2	21	2	37
LIPT2-AS1	38	16	40
LOC124902712	0	0	0
LOC105369386	0	0	0
POLD3	1333	0	1333
CHRDL2	40	2	40
LOC124902713	6	6	0
LOC124902714	0	1	1
LOC124900308	0	0	0
MIR4696	0	0	0
RNF169	733	46	1190
LOC124902715	0	0	0
XRRA1	104	474	133
LOC107984352	2	0	2
SPCS2	1378	2	1376
NEU3	553	0	553
OR2AT4	0	0	0
LOC107984358	0	0	0
SLCO2B1	0	0	0
TPBGL-AS1	0	0	0
LOC124902716	0	0	0
LOC124902717	0	0	0
TPBGL	0	0	0
ARRB1	529	0	529
MIR326	0	0	0
RPS3	24730	6	24724
SNORD15A	4	0	4
SNORD15B	2	0	2
KLHL35	133	0	133
GDPD5	698	0	698
LOC105369389	0	0	0
SERPINH1	9623	9	9614
MAP6-AS1	0	0	0
MAP6	0	0	0
LOC105369392	0	0	0
MOGAT2	0	0	0
DGAT2-DT	0	0	0
DGAT2	377	1	377
UVRAG-DT	1	1	1
UVRAG	945	0	945
WNT11	20	3	20
LOC112268079	0	1	4
LINC02761	0	2	0
TRP-AGG2-4	0	0	0
TRP-TGG2-1	0	0	0
LOC105369395	0	0	0
THAP12	699	0	699
GVQW3	123	0	123
EMSY-DT	110	0	110
EMSY	699	1	698
LINC02757	0	0	0
LRRC32-AS1	0	6	0
LRRC32	35	0	41
GUCY2EP	120	0	120
LOC105369397	27	5	22
LOC124902719	84	0	84
TSKU	2506	11	2499
TSKU-AS1	16	0	20
LOC124902720	0	0	0
ACER3	405	0	414
ACER3-AS1	0	9	0
B3GNT6	0	0	0
LOC105369399	0	0	0
LOC105369400	0	0	0
CAPN5	91	0	91
OMP	0	0	0
MYO7A	30	0	30
GDPD4	0	0	0
PAK1	558	0	558
LOC124902722	3	0	3
LINC03030	0	0	0
AQP11	12	12	0
CLNS1A	1542	0	1542
LOC107984369	0	0	0
RSF1	1200	47	1201
RSF1-IT1	0	0	0
AAMDC	103	148	154
INTS4	479	6	624
NDUFC2-KCTD14	0	0	0
KCTD14	0	0	0
LOC124902723	0	0	0
THRSP	2	0	2
NDUFC2	66	0	66
LOC105369401	0	0	0
ALG8	1316	0	1316
KCTD21-AS1	12	87	13
KCTD21	211	1	298
USP35	279	12	303
GAB2	150	29	157
LOC105369402	0	0	0
LINC02728	2	0	2
NARS2	566	0	566
LOC105369403	0	0	0
NARS2-AS1	0	0	0
TENM4	20	0	20
LOC124902724	0	0	0
TENM4-AS1	0	0	0
MIR708	0	0	0
MIR5579	0	0	0
LOC105369405	0	0	0
LOC105369406	0	0	0
LOC105369408	0	0	0
LOC105369409	0	0	0
LINC02720	0	0	0
MIR4300HG	0	0	0
MIR4300	0	0	0
LOC105369410	0	0	0
FAM181B	0	0	0
LINC02734	3	3	0
PRCP	3103	0	3103
LOC124902840	0	0	0
LOC124902602	0	0	0
DDIAS	589	0	589
RAB30	896	0	896
SNORA70E	0	0	0
RAB30-DT	22	0	77
LINC02951	8	63	0
LOC124902725	0	0	0
LOC124902726	0	0	0
PCF11	849	37	1055
ANKRD42-DT	44	172	43
PCF11-AS1	1	39	34
ANKRD42	346	339	319
CCDC90B	370	10	725
CCDC90B-AS1	3	53	3
LOC105369420	2	0	2
DLG2	172	0	172
LOC107984425	48	2	46
DLG2-AS2	6	1	5
LOC124902729	0	0	0
LOC105369416	0	0	0
LOC124902727	0	0	0
TMEM126B	1172	0	1172
TMEM126A	515	11	504
CREBZF	2703	1	2702
CCDC89	0	0	0
SYTL2	6	0	6
CCDC83	0	0	0
PICALM	3737	0	3737
LOC124902730	41	0	41
LOC124902731	0	0	0
LOC124902829	0	0	0
LINC02695	1	0	1
EED	952	1	951
MIR6755	0	0	0
HIKESHI	466	0	466
LOC105369421	0	0	0
CCDC81	8	1	7
ME3	497	11	487
LOC102724775	1	0	2
PRSS23	10783	196	10903
OR7E2P	0	0	0
PRSS23-AS1	10	0	10
FZD4	1188	130	1372
FZD4-DT	11	0	11
LOC105369422	2	1	1
TMEM135	1013	0	1013
LOC107984361	2	0	2
LINC02711	0	0	0
RAB38	1	0	1
MIR3166	0	0	0
CTSC	4353	1	4352
LOC101929174	16	0	16
GRM5-AS1	0	0	0
GRM5	0	0	0
TYR	0	0	0
NOX4	4	0	4
FOLH1B	0	0	0
TRIM77	0	0	0
TRIM49	0	0	0
TRIM64GP	0	0	0
TRIM64B	0	0	0
TRIM49D1	0	0	0
TRIM49D2	0	0	0
TRIM64	0	0	0
TRIM51EP	0	0	0
TRIM53AP	0	0	0
TRIM49C	0	0	0
UBTFL1	0	0	0
LOC124900309	0	0	0
NAALAD2	0	0	0
CHORDC1	0	0	0
LOC124902812	0	0	0
DISC1FP1	0	0	0
MIR4490	0	0	0
MIR1261	0	0	0
LINC02748	0	0	0
LOC107984371	0	0	0
LINC02756	0	0	0
LOC105369429	0	0	0
FAT3	0	0	0
LOC124902732	0	0	0
LINC02746	0	0	0
LOC124902733	0	0	0
MTNR1B	0	0	0
SLC36A4	394	0	394
LOC112268080	0	0	0
DEUP1	0	0	0
LOC124902734	0	0	0
SMCO4	505	0	505
CEP295	1473	159	1459
SCARNA9	3	0	3
TAF1D	2399	30	2507
SNORA25	5	0	5
SNORA32	59	0	59
SNORD6	18	0	18
SNORA1	18	0	18
SNORA8	43	0	43
SNORD5	2	0	2
SNORA18	0	0	0
MIR1304	25	0	25
SNORA40	247	0	247
C11orf54	635	2	633
MED17	919	1	918
LOC124902836	1	0	1
VSTM5	0	0	0
HEPHL1	0	0	0
LOC124902735	0	0	3
PANX1	339	1	338
LOC105369435	3	0	3
IZUMO1R	0	0	0
GPR83	2	0	2
MRE11	1306	0	1306
MIR548L	0	0	0
ANKRD49	397	0	397
C11orf97	0	0	0
FUT4	17	0	21
PIWIL4-AS1	0	4	0
PIWIL4	0	0	0
LINC02700	0	0	0
AMOTL1	1265	0	1265
CWC15	872	0	872
KDM4D	52	0	52
KDM4E	0	0	0
LOC107984375	0	0	0
KDM4F	0	0	0
SRSF8	641	0	641
ENDOD1	489	0	489
LNCRNA-IUR	0	0	0
SESN3	914	5	914
LOC100129203	13	0	18
LOC105369439	0	0	0
LOC105369440	0	0	0
LOC105369441	0	0	0
LOC107984377	0	0	0
FAM76B	439	0	440
CEP57	1814	30	1785
MTMR2	1605	26	1579
MAML2	114	0	115
MIR1260B	0	1	0
CCDC82	416	0	416
JRKL	375	0	375
JRKL-AS1	0	0	0
LINC02737	0	0	0
LOC105369448	0	0	0
LINC02553	0	0	0
LOC105369450	0	0	0
LOC105369451	0	0	0
LOC105369452	0	0	0
LOC105369453	0	0	0
LINC02713	0	0	0
LOC105369455	0	0	0
CNTN5	0	0	0
LOC107984431	0	0	0
LOC105369456	0	0	0
LOC124902736	0	0	0
ARHGAP42-AS1	4	18	7
ARHGAP42	434	4	451
LOC105369457	0	0	0
SNORD13I	0	0	0
PGR	0	0	0
PGR-AS1	0	0	0
LOC105369458	0	0	0
LOC124902737	0	0	0
TRPC6	0	0	0
MIR3920	0	0	0
LOC124902738	0	0	0
ANGPTL5	2	1	1
CEP126	57	3	54
CFAP300	0	0	0
LOC124902830	0	0	0
YAP1-DT	11	9	15
YAP1	2766	20	2759
LOC105369460	2	0	2
LOC124902739	0	0	0
BIRC3	233	1	232
BIRC2	807	0	807
TMEM123	3266	2	3268
TMEM123-DT	13	9	8
LOC124902740	0	0	0
LOC102723838	0	0	0
MMP7	8	0	8
MMP20	0	0	0
MMP20-AS1	0	0	0
MMP27	0	0	0
MMP8	0	0	0
MMP10	0	0	0
WTAPP1	0	0	0
MMP1	1	0	1
MMP3	1	0	1
LOC124902741	0	2	0
MMP12	2	0	4
MMP13	1	0	1
DCUN1D5	821	0	821
DYNC2H1	183	0	183
LOC105369463	0	0	0
LOC102723862	0	0	0
MIR4693	0	0	0
PDGFDDN	0	0	0
PDGFD	1	0	1
DDI1	0	0	0
LOC102723879	0	0	0
LINC02552	0	0	0
LOC105369466	0	0	0
LOC107984380	0	0	0
CASP12	0	0	0
CASP4LP	0	0	0
CASP4	1	0	73
LOC124902813	0	72	0
CASP5	0	0	0
LOC124902742	0	0	0
CASP1	553	0	553
CARD16	196	0	196
LOC107984381	0	0	0
CASP1P2	1	0	1
CARD17P	1	0	1
CARD18	0	0	0
LOC105369468	0	0	0
LOC105369469	0	0	0
GRIA4	3	5	0
LOC124902743	2	0	4
MSANTD4	240	0	240
KBTBD3	48	0	48
AASDHPPT	901	0	901
LINC02719	0	0	0
LOC101928535	0	0	0
LOC105369474	0	0	0
LOC124902744	0	0	0
GUCY1A2	132	6	127
LOC112268081	0	1	0
LOC105369475	0	0	0
LOC105369477	8	0	8
LOC124902745	0	0	0
CWF19L2	285	0	285
ALKBH8	122	0	122
ELMOD1	0	0	0
SLN	0	0	0
SLC35F2	802	0	802
LOC124902746	4	2	2
LOC124902747	0	0	0
RAB39A	0	0	0
CUL5	386	6	380
LOC124902748	0	0	0
ACAT1	2087	0	2087
NPAT	513	1	512
ATM	561	3	626
C11orf65	8	72	4
POGLUT3	755	4	806
LOC124902749	0	52	0
LOC112267909	5	1	8
EXPH5	109	1	109
DDX10	483	0	483
LOC124902750	0	0	0
C11orf87	0	0	0
LINC02715	0	0	0
LOC105369483	0	0	0
LOC105369484	0	0	0
ZC3H12C	238	0	238
RDX	2702	2	2700
LOC124902752	0	0	0
LINC02732	100	0	100
LOC107984385	0	0	0
FDX1	417	0	417
ARHGAP20	0	0	0
LOC124902753	0	0	0
LOC124902754	0	0	0
LOC105369488	0	0	0
LOC105369489	0	0	0
LINC02550	0	0	0
LOC102723966	0	0	0
POU2AF2	5	0	5
COLCA1	0	0	0
POU2AF3	0	0	0
LOC105369491	0	0	0
LOC124902755	0	0	0
MIR4491	0	0	0
POU2AF1	0	0	0
BTG4	0	0	0
LOC100132078	0	0	0
LOC107984386	0	0	0
LOC644277	0	0	0
MIR34BHG	0	0	0
MIR34B	0	0	0
MIR34C	0	0	0
HOATZ	0	0	0
LAYN	0	0	0
SIK2	1450	41	1552
PPP2R1B	1790	141	1792
ALG9	606	0	609
LOC124902756	2	5	0
FDXACB1	58	1	58
CFAP68	97	0	98
CRYAB	72	1	72
HSPB2	2	0	2
HSPB2-C11orf52	0	0	0
C11orf52	0	0	0
DIXDC1	478	2	476
DLAT	1864	1	1905
PIH1D2	36	43	35
NKAPD1	721	82	665
TIMM8B	499	13	513
SDHD	1510	0	1511
IL18	953	0	953
TEX12-AS1	0	0	0
TEX12	1	0	1
BCO2	151	0	151
PTS	449	0	449
PLET1	0	1	0
LOC100132686	0	0	1
LINC02762	5	0	5
LOC107984388	0	0	0
LOC107984389	0	0	0
LINC02763	0	0	0
LINC02764	0	0	0
LOC124902757	0	0	0
LOC105369496	0	0	0
LOC124902801	0	0	0
LOC105369498	0	0	0
NCAM1-AS2	0	0	0
NCAM1	0	0	0
NCAM1-AS1	0	0	0
TTC12-DT	0	0	0
TTC12	202	0	202
ANKK1	2	0	2
DRD2	0	0	0
MIR4301	0	0	0
LOC105369501	0	0	0
LOC107984390	0	0	0
LOC124902758	1	0	1
TMPRSS5	7	0	7
ZW10	269	0	269
CLDN25	0	0	0
USP28	805	0	805
LOC124902821	0	0	0
HTR3B	0	0	0
HTR3A	4	0	4
LOC124902760	0	0	0
LOC124902759	0	0	0
LOC124902761	0	0	0
ZBTB16	0	0	0
NNMT	1683	2	1681
LOC101928940	0	0	0
LOC107984391	2	0	2
C11orf71	90	6	87
RBM7	414	0	417
REXO2	1085	0	1085
NXPE2	3	0	3
NXPE1	1	0	1
LOC124902825	0	0	0
NXPE4	0	0	0
LOC105369506	0	0	0
CADM1	450	0	450
LOC105369509	0	0	0
CADM1-AS1	0	0	0
LOC105369511	0	0	0
LOC124902826	0	0	0
LINC02698	0	0	0
LOC101928985	0	0	0
LINC00900	0	0	0
LOC107987165	0	0	0
LINC02703	0	0	0
LOC105369513	0	0	0
LOC107984393	0	0	0
LOC107987166	0	0	0
LOC124902834	0	0	0
LINC02151	0	0	0
LOC107984372	0	0	0
LINC02702	0	0	0
BUD13	237	0	237
BUD13-DT	0	6	0
ZPR1	516	0	522
APOA5	0	0	0
LNC-RHL1	0	0	0
APOA4	0	0	0
APOC3	0	0	0
APOA1	0	0	0
APOA1-AS	2	2	0
SIK3	793	0	793
LOC124902763	4	0	4
PAFAH1B2	1213	0	1213
SIDT2	680	22	842
LOC100652768	34	207	28
TAGLN	32	559	53
PCSK7	619	23	1164
RNF214	210	43	218
LOC124900313	0	0	0
BACE1	358	84	374
BACE1-AS	8	35	22
CEP164	552	0	552
DSCAML1	0	0	0
LOC105369515	0	0	0
FXYD6-FXYD2	0	0	0
FXYD2	0	0	0
FXYD6-AS1	0	0	0
FXYD6	0	0	0
TMPRSS13	0	0	0
IL10RA	0	0	0
SMIM35	0	0	0
TMPRSS4	2	0	2
LOC105369517	0	0	0
SCN4B	0	0	0
SCN2B	5	0	5
JAML	0	0	0
MPZL3	81	0	81
MPZL2	498	0	498
CD3E	0	0	0
CD3D	0	0	0
CD3G	0	0	0
UBE4A	706	0	764
LOC100131626	0	58	0
ATP5MG	1507	0	1507
KMT2A	1023	1	1092
TTC36-AS1	0	71	0
TTC36	3	0	4
TMEM25	3	1	2
IFT46	70	3	75
LOC124902764	0	7	0
ARCN1	2410	0	2416
LOC124902765	2	6	1
PHLDB1	594	0	754
MIR6716	0	0	0
TREH	0	160	0
LOC105369519	3	3	0
LOC124902766	476	22	454
DDX6	1895	14	1881
CXCR5	4	1565	6
LOC124902767	4	0	4
BCL9L	2492	8	4054
MIR4492	13	13	0
UPK2	2	0	5
FOXR1	0	0	0
LOC124902768	0	0	0
CENATAC-DT	0	0	0
CENATAC	0	0	0
RPL23AP64	0	0	0
RPS25	0	0	0
TRAPPC4	0	0	0
SLC37A4	154	0	154
HYOU1	0	0	0
HYOU1-AS1	0	0	0
LOC124902769	1	0	1
VPS11	0	0	0
HMBS	746	0	746
DPAGT1	894	11	884
H2AX	0	0	0
C2CD2L	260	1	260
HINFP	291	0	291
ABCG4	2	0	2
NLRX1	726	0	726
NHERF4	0	0	0
DRC12	5	0	5
SNORD150	0	0	0
CBL	705	6	699
MCAM	6962	3	6959
MIR6756	0	0	0
RNF26	1075	1	1074
C1QTNF5	0	0	0
MFRP	0	0	0
USP2	276	4	274
USP2-AS1	19	0	25
THY1	3	7	0
LOC124902770	0	0	0
LOC107984398	0	1	0
LOC105369520	0	0	0
NECTIN1	303	0	303
LOC124900303	3	0	3
NECTIN1-AS1	0	0	0
NECTIN1-DT	2	0	2
LOC124902771	0	0	0
LOC124902772	0	0	0
LOC105369526	0	0	0
LINC02744	0	0	0
LOC105369527	0	0	0
LOC105378956	0	0	0
TRIM29	2435	2	2699
LOC105369529	1	266	1
LOC107984399	0	0	0
LOC124902773	0	0	0
LOC105369530	0	0	0
OAF	1894	1	1893
POU2F3	56	0	56
POU2F3-AS1	0	0	0
LOC105369531	0	0	0
TLCD5	2	0	2
ARHGEF12	2114	0	2114
GRIK4	2	0	2
LOC105369532	0	0	0
LOC101929227	0	0	0
LOC101929208	0	0	0
TBCEL-TECTA	0	0	0
TBCEL	290	0	290
TECTA	0	0	0
LOC105369533	0	0	0
LOC105369534	0	0	0
SC5D	301	0	301
SORL1-AS1	0	0	0
SORL1	0	0	0
LOC105369535	0	0	0
LOC107984402	0	0	0
MIR100HG	90	0	90
MIR125B1	0	0	0
BLID	0	0	0
MIRLET7A2	0	0	0
MIR10526	0	0	0
MIR100	0	0	0
TRK-TTT2-1	0	0	0
UBASH3B	435	4	431
LOC124902828	0	0	0
CRTAM	0	0	0
JHY	0	0	0
LOC124902774	0	0	0
BSX	0	0	0
SAE1P1	0	0	0
HSPA8	19924	1	19923
SNORD14E	9	0	9
SNORD14D	2	0	2
SNORD14C	2	0	2
LOC124902775	19	349	18
CLMP	2068	2	2413
LOC105369540	0	0	0
LOC105369539	0	0	0
LOC124900305	0	0	0
LINC02727	0	0	0
GRAMD1B	2798	6	2960
MIR4493	0	0	0
LOC124902776	16	168	16
SCN3B	1	0	1
LOC124902777	1	0	1
LOC105369543	0	0	0
ZNF202	169	0	169
OR6X1	0	0	0
LOC105369544	0	0	0
OR6M1	0	0	0
TMEM225	0	0	0
OR8D4	0	0	0
OR4D5	0	0	0
OR6T1	0	0	0
OR10S1	0	0	0
OR10G6	0	0	0
OR10G4	0	0	0
OR10G9	0	0	0
OR10G8	0	0	0
OR10G7	0	0	0
LOC105369545	0	0	0
VWA5A	1765	0	1765
LOC124902778	0	0	0
OR10D3	0	0	0
OR8G3	0	0	0
LOC102724410	1	0	1
OR8G2P	0	0	0
OR8G1	0	0	0
OR8G5	0	0	0
OR8D1	0	0	0
LOC112268069	0	0	0
OR8D2	0	0	0
OR8B2	0	0	0
OR8B3	0	0	0
LOC107984404	0	0	0
OR8B4	0	0	0
OR8B8	0	0	0
OR8B12	0	0	0
OR8A1	0	0	0
PANX3	0	0	0
LOC124902779	1	59	1
TBRG1	227	29	440
SIAE	671	208	697
SPA17	38	0	89
LOC124902780	1	0	1
LOC107984405	0	0	0
NRGN	25	1	166
NRGN-AS1	4	142	4
VSIG2	6	5	1
ESAM	64	0	64
ESAM-AS1	17	4	13
MSANTD2	181	9	173
MSANTD2-AS1	0	0	1
ROBO3	0	0	0
ROBO4	0	0	0
LOC107984406	0	0	0
HEPACAM	0	0	0
HEPN1	0	0	0
CCDC15-DT	0	0	0
CCDC15	0	0	0
SLC37A2	4	4	0
TMEM218	194	0	194
PKNOX2-DT	0	0	0
PKNOX2	0	0	0
PKNOX2-AS1	0	0	0
FEZ1	0	0	0
LOC403312	0	0	0
STT3A-AS1	0	0	0
EI24	1713	0	1713
STT3A	2639	1	2638
CHEK1	757	19	764
LOC118567325	0	4	19
ACRV1	3	6	0
LOC105369551	4	0	4
PATE1	0	0	0
PATE2	0	0	0
PATE3	0	0	0
PATE4	0	0	0
LINC03136	0	0	0
HYLS1	0	0	0
PUS3	250	0	250
DDX25	0	0	0
DDX25-AS1	0	0	0
VSIG10L2	65	3	63
CDON	437	4	434
LOC124902782	0	0	0
LOC107984407	0	0	0
LOC124902784	0	0	0
LOC105369591	0	0	0
LOC124902783	0	0	0
RPUSD4	394	0	394
FAM118B	105	55	198
SRPRA	3695	100	3743
FOXRED1	1009	0	1009
TIRAP	124	7	140
TIRAP-AS1	31	127	5
DCPS	649	17	711
GSEC	159	5	156
ST3GAL4	1494	0	1497
KIRREL3	28	31	0
KIRREL3-AS1	12	0	12
KIRREL3-AS4	6	0	6
LOC124902785	0	0	0
LOC105369561	0	0	0
LOC105369559	0	0	0
KIRREL3-AS2	0	0	0
MIR3167	0	0	0
LOC105369558	0	0	0
KIRREL3-AS3	0	0	0
LOC101929473	0	0	0
LOC105369562	0	0	0
LOC107984379	0	0	0
LINC02712	0	0	0
LOC107984373	0	0	0
LOC107984374	0	0	0
LINC02725	0	0	0
LINC02098	0	0	0
LOC124902786	0	0	0
LOC124902787	0	0	0
LOC124902788	0	0	0
LOC124902789	0	0	0
ETS1	273	0	273
MIR6090	0	0	0
ETS1-AS1	0	0	0
LOC124902790	0	0	0
LOC105369565	0	0	0
LOC105369568	0	0	0
LOC101929538	0	0	0
FLI1	0	0	0
SENCR	0	0	0
KCNJ1	0	0	0
LOC107984409	0	0	0
KCNJ5	0	0	0
KCNJ5-AS1	0	0	0
TP53AIP1	0	0	0
ARHGAP32	232	0	232
LOC399975	20	0	20
LOC124902791	0	0	0
LOC105369571	0	0	0
LOC105369572	0	0	0
BARX2	0	0	0
LINC01395	0	0	0
LOC124902792	0	0	0
LOC124902793	0	0	0
TMEM45B	17	12	6
NFRKB	1172	0	1173
PRDM10	189	0	192
PRDM10-DT	1	3	1
LOC107984432	0	0	0
APLP2	11190	2	11188
ST14	643	8	635
ZBTB44	530	4	526
ZBTB44-DT	0	0	0
ADAMTS8	1	1	0
ADAMTS15	264	0	264
LOC105369574	7	0	7
MIR8052	0	0	0
LINC02873	0	0	0
LOC105369575	2	0	2
LOC105369576	0	0	0
LINC02551	0	0	0
SNX19	599	1	598
LOC105369577	0	0	0
LOC107984411	0	0	0
LOC105369579	0	0	0
LOC105369578	0	0	0
LOC107984412	0	0	0
LOC124902794	0	0	0
NTM	0	0	0
NTM-AS2	0	0	0
NTM-AS1	0	0	0
NTM-AS3	0	0	0
LOC124902795	0	0	0
NTM-IT	0	0	0
OPCML	0	0	0
LOC105369580	0	0	0
LOC124902796	0	0	0
OPCML-IT1	0	0	0
LOC124902835	0	0	0
LINC02743	0	0	0
SPATA19	0	0	0
IGSF9B	43	0	43
MIR4697	0	0	0
LINC02730	0	0	0
LINC02731	0	0	0
JAM3	0	50	0
LOC124902797	0	0	0
NCAPD3	2405	127	2440
SNORD153	0	0	0
VPS26B	712	0	839
THYN1	339	0	339
ACAD8	418	0	418
GLB1L3	0	0	0
GLB1L2	7	0	7
LOC124902798	0	0	0
B3GAT1	1	1	0
B3GAT1-DT	0	0	0
LOC124902799	0	0	0
LOC105369583	0	0	0
LINC02706	0	0	0
LINC02714	0	0	0
LINC02697	0	0	0
LOC100507548	0	0	0
LINC02717	0	0	0
LOC105369587	0	0	0
LINC02684	0	0	0
WASH8P	0	0	0
LOC107987170	0	0	0
FAM138D	0	0	0
IQSEC3	0	0	0
IQSEC3-AS2	0	0	0
IQSEC3-AS3	0	0	0
IQSEC3-AS1	0	0	0
SLC6A12	20	0	21
SLC6A12-AS1	0	1	0
SLC6A13	6	0	6
LOC102723544	0	0	0
KDM5A	1164	0	1167
CCDC77	885	3	885
LOC105369594	0	0	0
B4GALNT3	3	1	2
LOC124902853	0	0	0
LOC124902852	0	0	0
NINJ2	243	28	225
LOC105369595	0	0	0
NINJ2-AS1	78	3	85
LINC02455	0	0	0
LOC101929432	0	0	0
WNK1	8699	24	8678
RAD52	235	0	270
LOC124902855	0	24	0
ERC1	1587	8	1587
LOC124902857	0	0	0
LOC124902854	7	0	7
LOC107987182	1	0	1
LOC124902856	8	0	8
LINC00942	3	0	3
LOC107984507	0	0	0
FBXL14	511	4	507
WNT5B	0	0	0
MIR3649	0	0	0
ADIPOR2	0	0	0
CACNA2D4	0	0	0
LOC105369602	0	0	0
LOC105369601	0	0	0
LRTM2	0	0	0
LOC124902858	0	0	0
LINC00940	0	0	0
DCP1B	0	0	0
CACNA1C	0	0	0
CACNA1C-IT1	0	0	0
CACNA1C-IT2	0	0	0
LOC107984131	0	0	0
CACNA1C-AS4	0	0	0
CACNA1C-IT3	0	0	0
CACNA1C-AS2	0	0	0
CACNA1C-AS1	0	0	0
LINC02371	1	1	0
ITFG2-AS1	12	56	11
FKBP4	5898	6	5915
ITFG2	116	1306	183
NRIP2	16	31	0
TEX52	16	16	0
FOXM1	2262	48	3548
RHNO1	1009	0	1010
LOC124902860	15	0	15
TULP3	924	0	924
LOC124903097	0	0	0
LOC124902859	15	137	17
TEAD4	647	2	784
TSPAN9	275	0	275
TSPAN9-IT1	0	0	0
LOC124902861	0	0	0
LOC100128253	0	0	0
LINC02827	1	0	1
LINC02417	0	0	0
PRMT8	0	0	0
LOC105369607	0	0	0
LOC124902862	0	0	0
THCAT155	0	0	0
CRACR2A	0	0	0
LOC107984495	0	0	0
PARP11	0	0	0
PARP11-AS1	0	0	0
LOC105369608	0	0	0
LINC03141	0	0	0
LOC124900317	0	0	0
LOC105369612	0	0	0
CCND2-AS1	0	0	0
CCND2	0	0	0
TIGAR	882	0	882
FGF23	0	0	0
FGF6	0	0	0
FERRY3	660	0	660
RAD51AP1	967	0	967
DYRK4	22	0	22
AKAP3	0	0	0
NDUFA9	2194	0	2194
GAU1	1	1	0
GALNT8	0	0	0
LOC124902863	0	0	0
KCNA6-AS1	0	0	0
KCNA6	0	0	0
KCNA1	0	0	0
LOC100507560	0	0	0
KCNA5	0	0	0
LOC105369617	0	0	0
LOC124902864	0	0	0
LOC105369616	0	0	0
LINC02443	0	0	0
LOC105369618	0	0	0
NTF3	0	0	0
LOC124902865	0	0	0
ANO2	1	0	1
LOC105369621	0	0	0
VWF	0	0	0
SNORA120	0	0	0
LOC124902866	0	0	0
LOC105369623	1	1	0
LOC105369622	0	0	0
CD9	3945	3	3942
LOC105369625	0	0	0
PLEKHG6	56	9	47
TNFRSF1A	5482	1	5481
LOC112268088	9	154	0
SCNN1A	1168	29	1681
LOC107984500	8	336	0
LOC105369626	1	1	0
LTBR	3955	47	3981
CD27-AS1	52	0	59
CD27	12	17	0
TAPBPL	81	84	58
VAMP1	273	4	327
MRPL51	1735	0	1735
NCAPD2	4816	40	4792
SCARNA10	0	0	0
GAPDH-DT	37	19	43
GAPDH	165292	43	165258
IFFO1	6	0	6
NOP2	3608	2	3606
CHD4-AS1	3	1130	1
CHD4	6098	9	7217
SCARNA11	1	1	0
LOC124902867	0	0	0
LOC105369631	0	0	0
LPAR5	61	0	61
ACRBP	2	0	2
ING4	717	0	717
ZNF384	1547	0	1547
PIANP	13	13	0
COPS7A	1748	0	1748
MLF2	6603	3	6600
PTMS	3632	17	3615
LAG3	10	0	10
CD4	0	0	0
GPR162	0	0	0
P3H3	0	0	0
GNB3	7	120	0
CDCA3	758	0	871
USP5	3430	1	3429
TPI1	27892	14	27881
SPSB2	331	6	327
LOC105369632	16	20	0
RPL13P5	34	0	36
DSTNP2	64	0	64
LRRC23	164	0	165
ENO2	7	0	7
LOC124902868	57	53	10
ATN1	5592	13	5585
C12orf57	2023	96	1927
RNU7-1	1	0	1
PTPN6	266	8	258
LOC105369634	2	0	2
MIR200CHG	0	0	0
MIR200C	0	0	0
MIR141	0	0	0
PHB2	7972	3	7969
SCARNA12	10	0	10
EMG1	1440	2699	1537
LPCAT3	813	154	3455
C1S	4068	4	4064
C1R	0	0	0
C1RL	0	0	0
C1RL-AS1	0	0	0
RBP5	0	0	0
CLSTN3	0	0	0
LOC124902869	0	0	0
PEX5	0	0	0
ACSM4	0	1	0
CD163L1	17	0	18
LOC101927882	0	0	0
CD163	0	0	0
LOC124902870	0	0	0
APOBEC1	0	0	0
GDF3	0	0	0
DPPA3	0	0	0
CLEC4C	0	0	0
NANOGNB	0	0	0
NANOG	0	0	0
SLC2A14	4	0	4
SLC2A3	8216	3	8213
LOC124902871	193	0	193
FOXJ2	722	11	711
C3AR1	1	1	0
NECAP1	689	0	689
CLEC4A	2	0	2
POU5F1P3	0	0	0
ZNF705A	0	0	0
FAM66C	0	0	0
FAM90A1	1	0	1
FAM86FP	30	0	85
LINC02449	9	64	0
LOC112268090	0	0	0
LOC107987171	0	0	0
LINC00937	0	0	0
CLEC6A	0	0	0
CLEC4D	0	0	0
CLEC4E	0	0	0
LOC124902872	0	0	0
LOC105369645	0	0	0
LOC124900334	0	0	0
AICDA	0	0	0
MFAP5	345	0	345
RIMKLB	2376	1	2458
A2ML1-AS1	0	83	0
LINC02972	9	0	9
A2ML1	0	0	0
PHC1	195	699	209
M6PR	1862	19	2556
KLRG1	110	4	164
LINC00612	5	10	1
A2M-AS1	38	3	50
A2M	48	10	48
PZP	719	770	7
A2MP1	41	258	43
MIR1244-3	4	3	1
LINC00987	118	31	347
LOC642846	628	10	618
LOC105369649	3	3	0
LINC02367	7	20	7
LOC101928030	0	0	0
LOC728715	78	10	88
LOC105369647	0	0	0
DDX12P	763	6	868
LOC124902873	9	117	0
OVOS1P	71	0	74
KLRB1	0	1	0
LOC374443	1	0	2
LOC105369728	0	0	0
CLEC2D	10	0	10
CLECL1	0	0	0
LINC02390	0	0	0
CD69	0	0	0
KLRF1	0	0	0
CLEC2B	9	0	9
CLEC2A	0	0	0
KLRF2	0	0	0
LINC02470	0	0	0
CLEC12A-AS1	0	0	0
CLEC12A	0	0	0
LOC124902874	0	0	0
CLEC1B	0	0	0
CLEC12B	0	0	0
LOC102724020	0	0	0
CLEC9A	0	0	0
CLEC1A	0	0	0
LOC105369655	0	0	0
CLEC7A	1	0	1
OLR1	904	28	907
TMEM52B	130	4	157
GABARAPL1	3087	1	3217
GABARAPL1-AS1	102	233	0
KLRD1	0	0	0
LOC124902875	0	0	0
LOC105369656	1	1	0
LINC02617	3	0	3
LINC02598	0	0	0
KLRK1-AS1	2	5	5
KLRC4-KLRK1	0	0	0
KLRK1	0	0	0
KLRC4	0	0	0
KLRC3	13	0	13
KLRC2	6	0	6
KLRC1	1	0	1
LOC105369657	0	0	0
EIF2S3B	10	0	10
LOC105369658	0	0	0
LINC02446	0	0	0
LOC105376675	10	0	10
KLRA1P	83	0	83
MAGOHB	545	0	545
STYK1	0	0	0
YBX3	7186	56	9293
LOC124902876	1	2113	51
LOC112268104	3	3	0
LINC02366	0	0	0
TAS2R7	0	0	0
TAS2R8	0	0	0
TAS2R9	0	0	0
TAS2R10	0	0	0
PRH1-PRR4	0	0	0
PRR4	0	0	0
PRH1	0	0	0
TAS2R13	0	0	0
PRH2	0	0	0
PRH1-TAS2R14	0	0	0
TAS2R14	0	0	0
TAS2R50	0	0	0
TAS2R20	0	0	0
TAS2R19	0	0	0
TAS2R31	0	0	0
TAS2R46	0	0	0
TAS2R43	0	0	0
TAS2R30	0	0	0
SMIM10L1	0	0	0
TAS2R42	0	0	0
LOC107987435	0	0	0
PRB3	0	0	0
PRB4	0	0	0
PRB1	0	0	0
PRB2	0	0	0
LOC124902878	0	0	0
LOC440084	0	0	0
LOC124902877	0	0	0
LINC01252	1	0	1
ETV6	423	0	423
LOC124902879	2	0	2
BCL2L14	0	0	0
MIR1244-4	0	0	0
LRP6	0	0	0
MANSC1	0	0	0
LOH12CR2	0	0	0
BORCS5	0	0	0
DUSP16	0	0	0
LOC107984486	0	0	0
CREBL2	1094	0	1094
LOC124902880	5	0	5
GPR19	6	10	6
CDKN1B	2167	0	2177
LOC105369663	3	2	1
APOLD1	113	2	111
MIR613	0	0	0
DDX47	2358	1	2357
RPL13AP20	38	0	38
LOC124902881	7	0	7
GPRC5A	11684	3	11683
MIR614	0	0	0
GPRC5D-AS1	51	5	48
GPRC5D	29	31	0
LOC124903100	0	0	0
HEBP1	813	5	810
HTR7P1	8	0	8
FAM234B	283	0	283
GSG1	1	0	1
LOC105369666	1	0	1
LOC124902882	0	0	0
EMP1	564	0	564
LINC01559	1	0	1
GRIN2B	0	0	0
LOC105369668	0	0	0
LOC105369667	0	0	0
LOC124902883	0	0	0
LOC124902884	2	8	0
ATF7IP	614	0	620
PLBD1	0	0	0
PLBD1-AS2	0	0	0
PLBD1-AS1	0	0	0
GUCY2C	0	0	0
GUCY2C-AS1	3	3	0
LOC105369669	8	0	8
H4C16	5	0	5
H2AJ	972	5	967
WBP11	2793	0	2793
C12orf60	48	0	50
SMCO3	1	3	0
ART4	0	0	0
MGP	340	0	340
LOC124902885	0	0	0
ERP27	0	0	0
ARHGDIB	23	0	23
PDE6H	0	0	0
LINC01489	0	0	0
RERG	227	0	260
RERG-IT1	2	0	2
RERG-AS1	0	0	0
LOC124902887	9	0	9
LOC124902886	0	33	0
LOC105369673	1	0	1
PTPRO	0	0	0
LOC105369672	0	0	0
EPS8	21	0	21
LOC102724146	1	0	1
STRAP	4537	0	4537
DERA	1066	0	1066
LOC101928362	0	0	0
SLC15A5	0	0	0
MGST1	3856	0	3856
LMO3	2	2	0
LOC105369677	0	0	0
SKP1P2	0	0	0
LINC02378	0	0	0
LOC124902888	0	0	0
LOC124902889	0	0	0
MIR3974	0	0	0
RERGL	0	0	0
PIK3C2G	0	0	0
LOC124902890	0	0	0
LOC124902891	0	0	0
PLCZ1	0	0	0
CAPZA3	0	0	0
LOC102724227	0	0	0
LOC107984527	0	0	0
PLEKHA5	396	0	396
LOC124902892	0	0	0
AEBP2	1325	4	1321
LOC101928387	65	3	62
LOC105369682	1	0	1
LINC02398	0	0	0
LOC124902893	2	0	2
LOC105369685	0	0	0
LINC02468	0	0	0
LOC105369686	0	0	0
LOC105369687	3	0	3
LOC105369688	0	0	0
PDE3A-AS1	10	105	20
PDE3A	2769	24	2860
SLCO1C1	23	0	23
SLCO1B3	17	0	17
SLCO1B3-SLCO1B7	0	0	0
LOC124902894	2	0	2
SLCO1B1	1	0	1
LOC124902895	0	0	0
SLCO1A2	5	1	4
IAPP	0	0	0
PYROXD1	362	812	558
RECQL	854	211	1651
GOLT1B	1092	0	1092
SPX	0	0	0
GYS2	0	0	0
LOC124902896	0	0	0
LDHB	31791	6	31785
KCNJ8-AS1	0	0	0
LOC102724261	0	0	0
KCNJ8	0	0	0
ABCC9	0	0	0
CMAS	921	2	919
LOC105369690	0	0	0
SULT6B2P	0	0	0
ST8SIA1	0	0	0
LOC112268093	0	0	0
LOC105369151	0	0	0
C2CD5	575	0	575
C2CD5-AS1	0	0	0
ETNK1-DT	0	0	0
ETNK1	907	0	907
LINC02955	0	0	0
SOX5	0	0	0
LOC105369697	0	0	0
MIR920	0	0	0
SOX5-AS1	0	0	0
LINC00477	0	0	0
LOC105369698	0	0	0
LOC124902897	0	0	0
BCAT1	0	0	0
BCAT1-AS1	0	0	0
LOC124902898	0	0	0
BCAT1-DT	0	0	0
LINC02909	0	0	0
IRAG2	0	0	0
DNAI7	5	0	5
ETFRF1	246	3	244
KRAS	1535	14	1524
LOC124902899	2	4	0
LOC105369701	0	0	0
LOC124902900	0	0	0
LMNTD1	7	0	7
MIR4302	0	0	0
RASSF8-AS1	42	0	42
RASSF8	1183	15	1168
LOC107984501	0	0	0
LOC124902901	2	1	1
BHLHE41	331	0	369
SSPN	1	38	1
SSPN-AS1	0	0	0
LOC105369705	0	0	0
LOC105369704	0	0	0
ITPR2-AS2	2	2	0
LOC107984482	0	0	0
ITPR2	681	0	681
LOC124902903	0	0	0
LOC124902902	0	0	0
INTS13	1522	0	1522
FGFR1OP2	459	5	455
TM7SF3	3340	7	3334
MED21	899	0	899
C12orf71	3	3	0
STK38L	765	0	765
LOC124902905	0	0	0
LOC124902906	0	0	0
BMAL2	90	0	115
BMAL2-AS1	0	25	0
SMCO2	3	0	3
PPFIBP1	1653	0	1654
MRPS35-DT	3	4	0
REP15	14	0	14
MRPS35	1976	0	1976
MANSC4	1	16	1
KLHL42	858	4	870
LOC105369709	0	0	0
PTHLH	0	0	0
LOC105369710	0	0	0
LOC107984462	0	0	0
LOC729291	23	25	24
CCDC91	366	1	391
LOC105369711	0	0	0
LOC124902907	0	0	0
LOC101928735	0	0	0
LOC124902908	0	0	0
FAR2	64	63	1
FAR2-AS1	3	0	3
ERGIC2	1417	0	1417
OVCH1-AS1	0	0	0
OVCH1	12	0	12
TMTC1	1641	0	1642
LOC105369714	9	10	0
LOC124902909	0	0	0
LOC105369715	0	0	0
LOC105369716	0	0	0
LINC02386	0	0	0
LOC105369718	0	0	0
LOC105369719	0	0	0
IPO8	1659	1	1658
CAPRIN2	632	0	632
LOC645485	0	0	0
LINC00941	0	0	0
LOC107984476	0	0	0
LOC124902911	2	0	2
TSPAN11	5	8	0
TSPAN11-AS1	1	0	4
DDX11-AS1	34	1	35
DDX11	2232	2	2232
OVOS2P	0	0	0
LOC124902912	0	0	0
SINHCAF	0	0	0
FLJ13224	0	0	0
LINC02387	0	0	0
LOC124903091	0	0	0
DENND5B	1382	1	1383
LOC124903111	2	2	0
DENND5B-AS1	17	6	13
LOC124902913	2	2	0
ETFBKMT	63	64	68
AMN1	52	5	116
LOC105369722	0	0	0
AMN1-AS1	15	0	15
LOC105369724	1	0	1
LOC107984470	0	0	0
H3-5	4	0	4
LINC02422	0	0	0
LOC105369725	7	0	7
RESF1	401	0	401
BICD1-AS1	0	19	0
BICD1	329	0	348
FGD4	200	0	200
LOC124902914	0	0	0
DNM1L	2806	46	2762
YARS2	887	6	883
PKP2	427	0	427
SYT10	0	0	0
LOC105369726	0	0	0
ALG10	154	0	154
LOC124902915	0	0	0
LINC02963	0	0	0
LOC107984469	0	0	0
LOC124902916	0	0	0
ALG10B	368	0	368
LOC124902917	0	0	0
CPNE8	664	58	674
CPNE8-AS1	16	17	67
LOC107984484	0	0	0
LINC02406	0	0	0
KIF21A	851	1	858
LOC101927019	3	11	0
LOC124902919	0	0	0
ABCD2	0	0	0
LOC124902918	0	0	0
REDIC1	0	21	0
SLC2A13	421	0	442
LOC124900327	0	0	0
LOC112268095	0	0	0
LRRK2-DT	0	0	0
LINC02471	0	0	0
LOC105369735	0	0	0
LINC01779	0	0	0
LRRK2	0	0	0
LOC105369736	0	0	0
MUC19	0	0	0
CNTN1	13	0	13
LOC124903069	0	0	0
PDZRN4	0	0	0
PDZRN4-AS1	0	0	0
LOC107984498	0	0	0
LINC02400	0	0	0
LOC105378247	2	0	2
GXYLT1	467	0	467
YAF2	375	0	375
LOC124902920	5	0	5
LOC124902921	1	0	1
ZCRB1	916	0	916
MIR7851	0	0	0
PPHLN1	1672	0	1672
PRICKLE1	4	4	0
LINC02402	0	0	0
LINC02451	0	0	0
LINC02450	0	0	0
LINC02461	0	0	0
ADAMTS20	0	0	0
PUS7L	514	0	514
IRAK4	497	0	497
TWF1	2985	2	2999
TMEM117	206	23	199
LOC124902922	0	0	0
NELL2	0	0	0
DBX2	0	0	0
LOC105369742	0	0	0
DBX2-AS1	0	0	0
RACGAP1P1	0	0	0
PLEKHA8P1	133	1	133
ANO6	1648	1	1648
LOC105369743	0	0	0
LOC105369744	0	0	0
LINC00938	165	0	165
ARID2	826	0	845
LOC105369745	0	19	0
SCAF11	2779	3	2776
SLC38A1	7622	2	7621
LOC105378248	21	1	21
SLC38A2	11016	6	11023
SLC38A2-AS1	1	13	1
SLC38A4-AS1	22	4	18
LOC124902923	3	0	3
SLC38A4	1	0	1
LOC124902924	0	0	0
LOC124902925	0	0	0
LOC107984466	2	1	1
AMIGO2	454	6	475
PCED1B	182	22	189
MIR4698	0	0	0
PCED1B-AS1	1	3	0
LOC105369746	0	0	0
LOC105369747	3	0	3
LOC124900322	0	0	0
LINC02416	2	0	2
MIR4494	0	0	0
LINC02156	0	0	0
RPAP3	892	0	892
RPAP3-DT	12	1	11
ENDOU	0	0	0
RAPGEF3	32	3	30
SLC48A1	273	5	270
HDAC7	1694	7	1705
LOC124902926	1	18	0
LINC02354	6	1	5
VDR	355	0	355
TMEM106C	4179	0	4179
COL2A1	1	0	4
LOC105369752	0	3	0
LOC105369750	0	0	0
LOC124902927	0	0	0
SENP1	609	6	665
LOC101927180	1	1	0
PFKM	3957	62	3957
MIR6505	0	0	0
ASB8	550	23	527
CCDC184	0	0	0
LOC102725258	0	0	0
OR10AD1	3	3	0
LOC105369753	0	0	0
H1-7	0	0	0
ZNF641	546	0	546
C12orf54	1	0	1
ANP32D	0	0	0
OR8S1	0	0	0
OR5BS1	0	0	0
LALBA	0	0	0
LOC124902928	5	0	5
KANSL2	687	0	687
SNORA2C	2	0	2
MIR1291	0	0	0
SNORA2A	0	0	0
SNORA2B	0	0	0
CCNT1	1483	0	1483
SPMIP11	1	159	0
ADCY6	1503	4	1658
MIR4701	0	0	0
ADCY6-DT	5	0	6
LOC101927241	2	19	1
CACNB3	558	1	575
DDX23	2824	0	3013
LOC105369755	2	190	1
RND1	1	0	1
DRC2	73	73	0
FKBP11	232	0	232
ARF3	1124	1	1123
LOC124903110	0	0	0
WNT10B	251	0	251
WNT1	0	0	0
LOC105369757	0	0	0
LOC105369756	0	0	0
DDN	21	0	22
DDN-AS1	2	120	2
PRKAG1	1858	1	1957
KMT2D	2365	2	2379
RHEBL1	324	1	323
DHH	1	0	2
DHH-AS1	0	1	0
LMBR1L	614	0	614
TUBA1B	32509	20	32498
TUBA1B-AS1	2	0	2
TUBA1A	357	5	352
TUBA1C	10691	4	10696
TROAP-AS1	3	133	1
PRPH	6	0	17
TROAP	1375	0	1495
C1QL4	38	0	38
DNAJC22	131	0	131
SPATS2	1293	1	1292
LOC100335030	12	0	12
KCNH3	21	16	16
LOC105369761	3	0	3
MCRS1	1413	1	1423
FAM186B	8	6	2
PRPF40B	121	49	354
FMNL3	162	244	200
LOC124902929	0	0	0
TMBIM6	15505	4	15501
NCKAP5L	1240	0	1240
BCDIN3D-AS1	29	187	24
BCDIN3D	39	5	216
FAIM2	1	0	1
LINC02396	0	0	0
LINC02395	3	0	3
LOC124902930	0	0	0
LOC105369763	0	0	0
AQP2	0	0	0
AQP5-AS1	0	0	0
AQP5	2	1	1
LOC105369764	0	0	0
AQP6	6	3	6
RACGAP1	2801	1	2803
ASIC1	66	0	66
SMARCD1	1556	0	1556
GPD1	22	8	14
COX14	557	0	557
CERS5	576	13	634
LOC124902931	5	73	3
LIMA1	3595	0	3595
MIR1293	0	0	0
LOC107984505	12	0	12
FAM186A	0	0	0
LARP4	2180	0	2180
SNORD133	3	0	3
DIP2B	1635	7	1751
LOC124902932	4	121	6
ATF1	846	5	841
TMPRSS12	0	0	0
TMT1A	1287	1	1286
HIGD1C	12	12	3
SLC11A2	2159	1	2161
LETMD1	1629	73	1632
CSRNP2	408	7	477
TFCP2	777	0	777
LOC124902933	0	0	0
POU6F1	258	0	258
DAZAP2	4498	91	4523
SMAGP	144	71	189
BIN2	0	0	0
LOC105369767	0	0	0
CELA1	0	0	0
GALNT6	1746	3	1746
SLC4A8	24	0	27
SLC4A8-AS1	0	0	0
SCN8A	8	0	8
TMDD1	0	0	0
FIGNL2	0	0	0
FIGNL2-DT	0	0	0
ANKRD33	0	0	0
ACVRL1	61	0	61
ACVR1B	516	0	516
TAMALIN-AS1	7	13	0
TAMALIN	12	0	18
LOC124902934	0	0	0
NR4A1	1821	0	2686
LOC107984510	7	7	0
NR4A1AS	0	865	0
ATG101	1304	0	1304
SMIM41	0	0	0
OR7E47P	0	0	0
SMIM41-AS1	0	0	0
KRT80	1950	4	1946
LINC02874	0	0	0
LINC00592	11	0	11
KRT7	7685	12	12587
KRT7-AS	71	4944	8
KRT87P	3	28	0
KRT86-AS2	7	3	4
KRT86	90	29	62
KRT81	33	3	31
LOC124902935	0	0	0
KRT83	4	1	3
KRT85	0	0	0
KRT84	0	0	0
KRT82	0	0	0
KRT75	0	0	0
KRT6B	0	0	0
KRT6C	0	0	0
KRT6A	2	0	2
KRT5	1	1	0
KRT71	0	0	0
KRT74	0	0	0
KRT72	0	0	0
KRT73	0	0	0
KRT73-AS1	0	0	0
KRT2	0	0	0
KRT1	0	0	0
KRT77	0	0	0
KRT76	0	0	0
KRT3	0	0	0
KRT4	0	0	0
KRT79	0	0	0
KRT78	3	1	2
KRT8	32475	11584	32517
MIR9898	7	0	7
KRT18	18502	94	30034
EIF4B	17528	29	17499
TNS2-AS1	84	153	122
TNS2	1754	46	1905
MIR6757	0	0	0
SPRYD3	645	11	645
IGFBP6	11	0	11
SOAT2	0	0	0
LOC124902936	0	0	0
CSAD	570	52	568
ZNF740	1258	8	1317
ITGB7	3	11	9
RARG	1352	0	1352
LOC122455340	0	0	0
SLC61A1	925	4	921
ESPL1	305	1	304
PFDN5	0	0	0
MYG1	100	0	100
AAAS	0	0	0
SP7	0	0	0
SP1	2588	0	2588
AMHR2	5	0	5
PRR13	3392	4	3388
PCBP2	7173	23	7669
PCBP2-OT1	0	0	0
MAP3K12	476	710	476
TARBP2	752	30	913
ATF7-NPFF	1	0	1
NPFF	2	0	2
ATF7	529	0	812
ATF7-AS1	0	335	0
LOC124902937	0	0	0
LOC124902938	2	0	2
ATP5MC2	4899	1	4898
CALCOCO1	954	0	954
LOC105369774	1	0	1
LOC105378250	0	0	0
CISTR	0	0	0
HOXC13-AS	45	153	54
HOXC13	579	14	727
LOC105369775	3	6	0
HOXC12	2	0	5
HOTAIR	829	6	824
HOXC11	454	23	432
HOXC-AS3	4	224	19
HOXC10	1010	23	1224
MIR196A2	0	0	0
HOXC-AS2	40	26	14
HOXC-AS1	36	19	25
HOXC9	206	9	205
HOXC8	25	0	25
LOC124902939	0	40	4
HOXC4	388	0	388
HOXC5	30	0	30
HOXC6	227	2	225
MIR615	0	0	0
FLJ12825	17	23	2
LOC100240735	2	0	2
LOC100240734	4	0	4
FAM242C	2	0	6
LINC02381	3	7	0
SMUG1-AS1	14	14	0
SMUG1	723	3	725
LOC102724030	0	5	0
LOC105369777	0	0	0
CBX5	4962	1	4961
MIR3198-2	0	0	0
SCAT2	47	44	3
HNRNPA1	23238	4	23234
NFE2	435	0	435
COPZ1	1986	1	5110
MIR148B	0	0	0
GPR84	2	3125	2
GPR84-AS1	3	530	1
ZNF385A	1847	0	1847
ITGA5	10336	6	10858
GTSF1	0	0	0
NCKAP1L	0	0	0
PDE1B	0	0	0
PPP1R1A	0	0	0
GLYCAM1	0	0	0
LACRT	0	0	0
DCD	0	0	0
MUCL1	0	0	0
TESPA1	0	0	0
LOC107984515	0	0	0
NEUROD4	0	0	0
LOC101927484	0	0	0
OR9K2	0	0	0
OR10A7	0	0	0
OR6C74	0	0	0
OR6C6	0	0	0
OR6C1	0	0	0
OR6C3	0	0	0
OR6C75	0	0	0
OR6C65	0	0	0
OR6C76	0	0	0
LOC124902940	0	0	0
OR6C2	0	0	0
OR6C70	0	0	0
OR6C68	0	0	0
OR6C4	0	0	0
OR2AP1	0	0	0
OR10P1	0	0	0
TMT1B	0	0	0
ITGA7	40	4	43
BLOC1S1-RDH5	0	2	0
BLOC1S1	11	0	13
RDH5	8	0	8
CD63	8574	104	8628
CD63-AS1	35	63	92
GDF11	431	39	443
SARNP	1346	22	1375
ORMDL2	773	414	834
DNAJC14	882	247	1229
TMEM198B	282	3	557
MMP19	47	158	48
LOC124903120	0	0	0
PYM1	835	10	827
LOC124902941	20	0	21
DGKA	217	2	218
PMEL	83	0	83
CDK2	2661	1	2660
RAB5B	3231	0	3231
SUOX	442	1	441
IKZF4	71	3	69
LOC105369781	0	1	0
RPS26	5027	3	5024
ERBB3	330	0	330
LOC105369782	0	3	0
PA2G4	8129	1	8131
RPL41	4306	3	4303
ZC3H10	161	3	158
ESYT1	3422	1	4146
LOC124902943	4	1033	1
MYL6B-AS1	0	124	0
LOC124902942	1	0	1
MYL6B	415	0	539
MYL6	6921	3	6921
SMARCC2	3067	17	3053
TRS-CGA4-1	0	0	0
LOC107984468	0	0	0
RNF41	802	2	802
NABP2	694	1	696
SLC39A5	2	1	1
ANKRD52	3025	2	3024
COQ10A	567	1	566
CS	5289	2	5287
CNPY2	1611	4	2623
CNPY2-AS1	27	1042	7
PAN2	726	12	714
IL23A	15	15	1
STAT2	1202	0	1203
APOF	1	1	0
TIMELESS	2167	1	2166
MIP	1	0	1
SPRYD4	429	0	447
GLS2	2	20	0
LOC124902944	0	0	0
SNORA105C	1	0	1
RBMS2	1684	63	1708
BAZ2A	2796	29	2854
ATP5F1B	29417	10	29407
SNORD59B	0	0	0
SNORD59A	0	0	0
PTGES3	6597	0	6597
NACA	13061	2	13059
PRIM1	535	2	534
HSD17B6	83	0	84
LOC124900330	0	0	0
SDR9C7	0	0	0
RDH16	2	0	2
LOC124902945	2	0	4
ACKR5	4	6	0
ZBTB39	341	0	341
TAC3	5	0	5
MYO1A	31	0	31
NEMP1	1286	2	1284
NAB2	630	11	631
STAT6	3165	2	3299
LOC124902946	5	127	2
LRP1	7556	6	7596
LRP1-AS	1	47	0
MIR1228	0	0	0
NXPH4	982	0	982
SHMT2	6577	13	6575
COXFA4L2	1509	2	1518
STAC3	27	0	27
R3HDM2	562	3	559
R3HDM2-DT	0	0	0
INHBC	1	1	0
INHBE	7	9	7
LOC124902947	9	4	20
GLI1	68	4	70
ARHGAP9	0	0	0
MARS1	2709	2	2740
MIR6758	0	0	0
DDIT3	109	31	111
LOC128125814	0	0	0
MIR616	2	0	2
MBD6	828	12	847
DCTN2	2659	27	2663
KIF5A	0	0	0
PIP4K2C	1133	0	1133
DTX3	0	0	0
ARHGEF25	2	0	2
LOC101927583	0	0	0
SLC26A10P	0	0	0
B4GALNT1	3	0	3
OS9	4698	3	4695
AGAP2	6	346	2
AGAP2-AS1	0	1	341
TSPAN31	362	1699	431
CDK4	1798	95	3462
MIR6759	0	0	0
MARCHF9	336	3	333
CYP27B1	116	0	116
METTL1	245	1	245
EEF1AKMT3	246	0	246
TSFM	1464	3	1493
AVIL	73	62	43
CTDSP2	3639	1	3638
MIR26A2	0	0	0
CTDSP2-AS1	0	0	0
LOC283387	3	6	3
LOC124902948	1	0	1
LOC101927608	0	0	6
GIHCG	32	0	32
ATP23	0	0	0
LOC105369784	0	0	0
LINC02403	0	0	0
LOC105369786	0	0	0
LOC105369787	4	0	4
LOC105369788	0	0	0
LOC105369789	0	0	0
LINC02388	0	0	0
LOC124902949	0	0	0
LOC100506869	0	0	0
LRIG3	348	0	348
LRIG3-DT	0	0	0
LINC02448	2	0	2
SLC16A7	0	0	0
LOC100996696	0	0	0
LOC124903070	0	0	0
LOC124903071	0	0	0
LOC105369793	0	0	0
TAFA2	4	0	4
LOC124902950	0	0	0
MIR6125	0	0	0
USP15	1315	0	1315
MON2	978	1	977
MON2-AS1	0	0	0
LINC01465	10	4	8
MIRLET7IHG	35	3	34
MIRLET7I	7	0	7
PPM1H	1045	2	1043
LOC124903103	1	1	0
LOC105369795	0	0	0
AVPR1A	0	0	0
LINC03056	0	0	0
LOC105369797	0	0	0
DPY19L2	0	0	0
RXYLT1	199	0	265
RXYLT1-AS1	0	66	0
MIR10527	1	0	1
SRGAP1	461	3	458
LOC105369801	0	0	0
LOC105369798	0	0	0
KICS2	254	1	253
LOC124902952	1	0	1
C12orf56	0	0	0
LOC124903101	0	0	0
XPOT	3612	3	3609
TBK1	893	3	890
LOC105369803	0	0	0
RASSF3	423	2	421
LOC124903098	0	0	0
LOC107984521	0	0	0
RASSF3-DT	0	0	0
MIR548Z	0	0	0
MIR548C	0	0	0
GNS	7492	3	7489
TBC1D30	181	0	181
LOC124903113	0	0	0
LINC02389	0	0	0
LINC02231	0	0	0
LOC107984522	0	0	0
WIF1	0	0	0
LOC124902953	0	0	0
LEMD3	487	1	486
MSRB3	594	0	596
LOC124902954	2	0	2
MSRB3-AS1	0	2	0
LOC105369809	0	0	0
LOC105369187	0	0	0
LOC105369808	0	0	0
LINC02454	1	0	1
LOC105369806	0	0	0
RPSAP52	0	0	0
HMGA2	0	0	0
HMGA2-AS1	0	0	0
HMGA2-AS2	2	0	2
MIR6074	0	0	0
LINC02425	0	0	0
LLPH	622	0	622
LLPH-DT	10	0	10
TMBIM4	392	17	375
IRAK3	2	0	2
MIR6502	0	0	0
HELB	55	0	55
LOC124903104	5	0	5
GRIP1	12	12	0
LOC105369811	0	0	0
LOC124902956	0	0	0
LOC102724421	0	0	0
CAND1	4020	1	4019
LOC124902957	7	0	7
LOC105369813	0	0	0
LOC105369812	2	0	2
LOC124903072	0	0	0
LINC02420	0	0	0
LINC02408	0	0	0
LINC02442	0	0	0
DYRK2	703	0	703
LOC105369816	3	0	3
LOC124902958	1	1	0
LINC02421	0	0	0
LINC01479	0	0	0
IFNG-AS1	0	0	0
IFNG	0	0	0
LOC105369818	0	0	0
IL26	0	0	0
IL22	0	0	0
MDM1	348	0	348
LOC105369819	0	0	0
LINC02384	0	0	0
RAP1B	1818	1	1817
SNORA70G	0	0	0
LOC100507250	1	0	1
NUP107	1949	1	1948
SLC35E3	233	0	233
SZRD1P1	2	2	0
MDM2	1664	55	1878
CPM	1699	260	1708
TODL	2	0	2
CPSF6	2201	0	2286
MIR1279	0	85	0
LYZ	0	0	0
YEATS4	522	0	522
LINC02373	4	0	4
FRS2	635	0	635
SNORA113	0	0	0
MIR3913-1	0	0	0
MIR3913-2	0	0	0
CCT2	5361	1	5360
LRRC10	0	0	0
LOC105369823	0	0	0
BEST3	1	0	1
LOC101928002	0	0	0
RAB3IP	412	0	412
MYRFL	3	0	3
LOC124902959	0	0	0
LINC02821	0	0	0
PRANCR	23	7	62
CNOT2	1314	39	1321
KCNMB4	320	0	320
PTPRB-AS1	166	8	332
PTPRB	19	180	13
PTPRR	67	3	67
LOC124902960	0	2	1
LOC124902961	6	0	6
TSPAN8	712	1	711
LOC105369831	0	0	0
LOC105369832	0	0	0
LOC124902962	0	0	0
LGR5	4	4	0
LOC105369833	0	0	0
LOC124902963	0	0	0
LOC124902964	0	0	0
ZFC3H1	1930	24	1906
LOC124900332	0	0	0
THAP2	121	0	121
LOC124902965	0	0	0
TMEM19	478	0	478
LOC107984530	1	0	1
RAB21	877	0	877
TBC1D15	1120	0	1120
MRS2P2	1	1	0
TPH2	0	0	0
TRHDE	0	0	0
TRHDE-AS1	0	0	0
LOC105369838	0	0	0
LINC02444	0	0	0
LOC105369839	0	0	0
LOC124902966	0	0	0
LINC02445	0	0	0
LOC124900319	0	0	0
LINC02394	0	0	0
LINC02882	0	0	0
LOC107987178	0	0	0
LOC124902967	0	0	0
ATXN7L3B	1084	0	1084
LOC101929967	0	0	0
LOC105369842	0	0	0
LOC105369843	0	0	0
KCNC2	0	0	0
LOC100130268	0	0	0
CAPS2-AS1	0	0	0
CAPS2	49	1	55
GLIPR1L1	1	7	1
LOC124902968	9	0	9
GLIPR1L2	12	0	12
GLIPR1	14	436	1
GLIPR1-AS1	61	0	66
KRR1	696	0	1105
LOC105369844	0	0	0
LOC107984533	0	0	0
LOC105369846	0	0	0
LOC124902969	0	0	0
LOC105369847	1	0	1
PHLDA1	91	1	146
PHLDA1-AS1	0	55	1
PHLDA1-DT	3	0	3
NAP1L1	7373	0	7373
LOC124902970	0	0	0
LNCOG	0	0	0
BBS10	241	0	241
OSBPL8	689	1	688
LOC105369850	3	0	3
LOC105369851	0	0	0
ZDHHC17	443	1	442
CSRP2	683	3	682
LOC124902971	1	3	0
E2F7	570	0	570
LOC105369853	0	0	0
LOC124903107	0	0	0
LINC02464	0	0	0
LOC124902972	0	0	0
NAV3	0	0	0
LINC02424	0	0	0
LOC105369859	0	0	0
SYT1	23	0	23
LOC105369863	4	4	0
LOC124902973	0	0	0
MIR1252	0	0	0
PAWR	1412	5	1562
PPP1R12A-AS2	4	239	5
PPP1R12A	1253	3	1338
LOC124902974	0	0	0
PPP1R12A-AS1	9	0	12
OTOGL	8	0	8
PTPRQ	0	0	0
LOC124902975	0	0	0
LOC105369867	0	0	0
MYF6	0	0	0
MYF5	0	0	0
LINC01490	0	0	0
LIN7A	0	0	0
MIR617	0	0	0
MIR618	0	0	0
ACSS3	0	0	0
ACSS3-AS1	0	0	0
MIR4699	0	0	0
PPFIA2	0	0	0
PPFIA2-AS1	0	0	0
LOC105369872	0	0	0
PPFIA2-AS2	0	0	0
LINC02426	0	0	0
LOC105369873	0	0	0
CCDC59	408	5	414
METTL25	32	6	37
LOC107987180	0	0	0
LOC107984487	0	0	0
TMTC2	0	0	0
LOC105369874	0	0	0
LOC107984536	0	0	0
LOC124902976	0	0	0
LOC124903066	0	0	0
LOC105369875	0	0	0
SLC6A15	0	0	1
LOC102724680	0	1	0
TSPAN19	0	0	0
LRRIQ1	5	0	5
ALX1	0	0	0
LINC02820	3	0	3
LOC107984537	0	0	0
LOC124903073	6	0	6
RASSF9	529	0	529
NTS	548	0	548
MGAT4C	0	0	0
LOC105369877	1	0	1
MIR3059	0	0	0
LOC105369878	0	0	0
LOC105369879	0	0	0
LOC107984478	0	0	0
LOC105369880	0	0	0
LOC105369881	2	0	2
LINC02258	2	1	1
MKRN9P	1	0	1
C12orf50	0	0	0
LOC107984542	0	0	0
RLIG1	278	42	335
CEP290	351	58	400
LOC124902977	13	19	0
TMTC3	405	0	405
LOC124902978	12	0	12
KITLG	1171	0	1171
LOC124902979	0	0	0
LOC105369885	16	0	16
LOC105369886	0	0	0
LOC105369887	0	0	0
LINC02458	0	0	0
LOC105378255	0	0	0
DUSP6	85	9	76
POC1B-DUSP6	0	0	0
LOC124902980	1	1	0
LOC124902981	0	0	0
POC1B	251	3	251
LOC105369889	3	3	0
POC1B-GALNT4	2	2	0
GALNT4	0	0	0
POC1B-AS1	8	0	12
ATP2B1	2386	7	2394
ATP2B1-AS1	38	10	42
LOC107984543	0	0	1
LOC105369890	0	0	0
LINC02399	1	1	0
LOC105369892	0	0	0
LINC02392	0	0	0
LOC124902982	0	0	0
LINC02822	0	0	0
LOC105369895	0	0	0
LOC124903074	0	0	0
LINC00615	0	0	0
CCER1	0	0	0
EPYC	0	0	0
KERA	0	0	0
LUM	45	0	45
DCN	1424	0	1424
LOC124903075	0	0	0
LOC105369896	0	0	0
LOC107984544	0	0	0
LINC02823	0	0	0
LINC02404	0	0	0
LOC105369901	0	0	0
LINC01619	5	0	5
BTG1	1983	2	1981
BTG1-DT	7	0	7
LINC02391	0	0	0
LOC105369902	0	0	0
LOC107984467	0	0	0
CLLU1-AS1	0	0	0
CLLU1	0	0	0
LINC02397	0	0	0
LOC105369904	0	0	0
LOC105369905	0	0	0
LOC124902983	0	0	0
PLEKHG7	0	0	0
EEA1	264	0	291
LOC124902984	0	27	0
LINC02413	0	0	0
LOC643339	0	0	0
LOC105369908	0	0	0
LINC02412	1	0	1
LOC124903102	0	0	0
LOC124900325	0	0	0
LOC124903116	0	0	0
NUDT4	806	32	814
UBE2N	1795	17	1818
MRPL42	1300	0	1300
LOC124902985	0	0	0
SOCS2-AS1	6	13	7
SOCS2	341	2	353
CRADD	163	1	162
CRADD-AS1	0	0	0
LOC105369911	2	1	1
LOC105369912	0	0	0
LOC105369913	0	0	0
LOC124902986	0	0	0
PLXNC1	17	31	0
PLXNC1-AS1	0	0	0
LOC124902987	0	0	0
CEP83	225	0	239
CEP83-DT	2	0	2
LOC102724960	0	0	0
LNCHR1	0	0	0
MIR5700	0	0	0
TMCC3	34	0	34
MIR7844	0	0	0
LOC105369914	1	1	0
LOC124902989	0	0	0
MIR492	0	0	0
KRT19P2	0	0	0
LOC105369915	1	0	1
NDUFA12	544	0	544
NR2C1	823	3	820
FGD6	705	3	702
VEZT	879	0	879
MIR331	3	0	3
MIR3685	24	0	24
LOC105369917	0	0	0
LOC107984545	0	0	0
METAP2	3057	0	3057
USP44	1	1	0
PGAM1P5	1	0	1
NTN4	435	0	435
LOC105369919	5	0	5
SNRPF-DT	4	0	4
LINC02410	0	0	0
SNRPF	594	0	594
CCDC38	1	0	2
AMDHD1	44	1	44
HAL	2	0	2
LOC102723340	40	336	0
LTA4H	1403	0	1699
TRD-GTC2-8	0	0	0
LOC124902990	0	0	0
LOC105369923	0	0	0
LINC02452	0	0	0
ELK3	304	13	291
LOC124902991	0	0	0
CDK17	795	1	794
CFAP54	18	0	18
NEDD1	433	0	433
LOC124902992	0	0	0
LOC124902993	0	0	0
LOC105369928	0	0	0
LOC105369927	0	0	0
LOC101928912	0	0	0
LINC02409	0	0	0
LOC105369930	0	0	0
RMST	0	0	0
MIR1251	0	0	0
MIR135A2	0	0	0
PAFAH1B2P2	0	0	0
MIR4495	0	0	0
MIR4303	0	0	0
LOC105369932	0	0	0
LOC105369933	0	0	0
SLC9A7P1	0	0	0
LOC124902994	0	0	0
LINC02453	2	0	2
TRD-GTC1-1	0	0	0
TRW-CCA4-1	0	0	0
TMPO-AS1	73	434	174
TMPO	3231	102	3664
SLC25A3	14089	4	14085
SNORA53	4	0	4
IKBIP	1121	0	1121
APAF1	416	0	509
ANKS1B	25	93	25
LOC101928937	0	0	0
GARIN6	1	1	0
BLTP3B	536	0	536
BLTP3B-DT	0	0	0
GOLGA2P5	629	0	629
MIR1827	0	0	0
ACTR6	566	0	566
DEPDC4	48	15	35
SCYL2	812	0	814
SLC17A8	0	0	0
LOC124903108	0	0	0
NR1H4	0	0	0
GAS2L3	264	0	264
ANO4	66	0	66
SLC5A8	0	0	0
UTP20	962	11	952
LOC124903119	0	0	0
ARL1	1076	0	1077
SPIC	0	0	0
LOC105369935	0	0	0
MYBPC1	0	0	0
LOC105369938	0	0	0
LOC105369937	0	0	0
LOC124902996	0	0	0
CHPT1	578	1	669
SYCP3	5	92	5
LOC124902997	2	1	1
GNPTAB	1107	3	1104
LOC124903105	0	0	0
DRAM1	790	0	790
DRAM1-AS1	0	0	0
WASHC3	191	0	191
NUP37	790	0	791
PARPBP	273	1	511
PMCH	5	243	0
LOC124902998	22	0	22
LINC02456	8	0	8
IGF1	0	0	0
LINC00485	0	0	0
PAH	0	0	0
LOC124902999	0	0	0
LOC112267865	0	0	0
ASCL1	0	0	0
C12orf42	0	0	0
LOC124903096	0	0	0
C12orf42-AS1	0	0	0
LOC105369945	0	0	0
LINC02401	0	0	0
STAB2	0	2	0
LOC124900318	0	0	0
LOC105369946	0	0	0
LOC124903106	0	0	0
NT5DC3	121	0	126
LOC124903000	0	3	0
LOC107984433	5	7	2
TTC41P	12	1	14
LOC124903001	1	1	0
HSP90B1	22723	8	22745
MIR3652	0	0	0
UQCC6	256	50	236
TDG	1059	26	1034
GLT8D2	955	7	949
HCFC2	171	1	170
NFYB	720	4	716
LOC105369947	0	0	0
LINC02385	0	0	0
TXNRD1	7838	1	7837
TXNRD1-AS1	24	0	24
EID3	26	0	26
LOC105369949	5	0	5
LOC124903003	0	0	0
CHST11	406	1	405
MIR3922	0	0	0
SLC41A2	404	0	404
LOC105369952	2	89	4
NOPCHAP1	287	2	376
ALDH1L2	74	2	73
LOC124903005	0	1	0
LOC414300	3	0	3
WASHC4	1109	0	1109
APPL2	378	14	364
C12orf75-AS1	0	0	0
C12orf75	53	0	53
LOC105369957	0	0	0
LOC105369956	0	0	0
LOC105369955	0	0	0
LOC105369958	0	0	0
LOC124903006	2	0	2
CASC18	2	0	3
LOC105369959	0	0	0
LOC107984435	0	1	0
LOC105369960	0	0	0
NUAK1	247	0	247
LOC124903007	0	0	0
CKAP4	4191	3	4188
LOC124903008	6	0	6
TCP11L2	89	0	89
POLR3B	473	1	472
LOC100287944	3	24	0
RFX4	0	0	0
LOC100505978	0	0	0
RIC8B	405	0	426
LOC105369961	0	0	0
TMEM263-DT	42	0	42
TMEM263	1669	6	1665
MTERF2	380	36	346
CRY1	470	0	470
LOC124903009	0	0	0
ABTB3	0	0	0
LOC124900324	0	0	0
PWP1	1275	2	1343
LOC124903010	1	71	0
PRDM4	648	0	736
PRDM4-AS1	4	91	0
ASCL4	0	0	0
LOC105369963	0	0	0
LOC728739	0	0	0
LOC105369964	0	0	0
WSCD2	0	0	0
LOC124903076	0	0	0
LOC105369965	0	0	0
LOC124903077	0	0	0
LOC124903078	0	0	0
CMKLR1	0	0	0
LINC01498	1	0	1
FICD	84	0	84
SART3	1562	0	1562
ISCU	1589	1	1588
TMEM119	0	0	0
SELPLG	63	0	64
LOC105369968	11	1288	2
MIR4496	0	0	0
CORO1C	1044	1	2321
LOC105369969	0	0	0
LOC124900333	0	0	0
SSH1	793	1	825
LOC101929204	6	38	1
MIR619	0	0	0
DAO	0	0	0
LOC124903011	0	0	0
SVOP	0	0	0
LOC105378256	0	0	0
USP30	307	7	323
USP30-AS1	0	20	3
ALKBH2	329	0	331
UNG	1524	3	1523
ACACB	330	0	330
LOC105369974	0	0	0
FOXN4	42	0	42
MYO1H	8	8	2
LINC01486	0	0	0
KCTD10	1204	1	1205
UBE3B	1151	0	1151
MMAB	420	3	629
MVK	337	209	340
FAM222A	85	3	82
FAM222A-AS1	1	0	1
TRPV4	0	0	0
MIR4497	0	0	0
LOC105369975	2	0	2
GLTP	398	0	398
TCHP	404	7	397
LOC124903012	0	0	0
GIT2	801	2	858
LOC124903013	0	58	0
ANKRD13A	879	27	865
C12orf76	118	0	130
LOC105369976	0	0	0
IFT81	607	0	607
ATP2A2	7412	4	7408
LOC124903014	6	0	6
ANAPC7	1374	0	1374
ARPC3	3694	1	3693
GPN3	631	49	633
FAM216A	356	11	398
LOC124903016	3	2	1
VPS29	844	9	1379
LOC124903015	54	651	1
LOC124903099	0	0	29
RAD9B	20	112	20
PPTC7	976	1	1087
TCTN1	384	0	399
HVCN1	0	15	0
LOC124903017	0	0	0
PPP1CC	3431	0	3431
CCDC63	0	0	0
MYL2	0	0	0
VHRT	0	0	0
LINC01404	0	0	0
LOC105369981	0	0	0
CUX2	1	1	0
LOC124903018	0	0	0
LOC105369983	0	0	0
MIR6760	0	0	0
PHETA1	178	0	178
LINC02356	0	0	0
SH2B3	502	3	499
LOC124903019	7	6	1
ATXN2	1049	1	1049
LOC124903094	0	0	0
ATXN2-AS	7	0	8
BRAP	536	0	536
LOC124903020	0	0	0
ACAD10	455	0	455
ALDH2	24	0	24
MIR6761	0	0	0
MAPKAPK5-AS1	253	204	249
MAPKAPK5	849	10	1041
TMEM116	138	0	141
ERP29	1997	21	4274
LOC124903021	54	2325	26
NAA25	1147	0	1147
MIR3657	0	0	0
LOC124903022	1	1	0
TRAFD1	2026	1	2025
HECTD4	983	2	981
MIR6861	0	0	0
RPL6	18567	3	18564
PTPN11	2207	0	2207
LOC124903023	0	0	0
LOC124903024	3	0	3
RPH3A	0	0	0
MIR1302-1	0	0	0
OAS1	1616	0	1616
OAS3	1870	0	1870
OAS2	408	0	408
DTX1	0	0	0
RASAL1	1	0	1
CFAP73	3	970	1
DDX54	2146	8	3102
MIR7106	0	0	0
RITA1	1181	3	1181
DRC10	31	2	30
TPCN1	1948	3	1945
MIR6762	0	0	0
SLC8B1	844	6	838
LOC105369989	0	0	0
PLBD2	2021	0	2021
SDS	2	2	0
SDSL	170	0	170
LHX5	0	0	0
LHX5-AS1	0	0	0
LOC105369990	0	0	0
LOC105369991	0	0	0
LINC01234	65	0	65
RBM19	862	0	862
LOC124903025	0	0	0
LOC105369993	0	0	0
LOC105369994	0	0	0
LOC105369995	0	0	0
LINC02459	0	0	0
TBX5	0	0	0
TBX5-AS1	0	0	0
LOC105369998	0	0	0
LOC124903026	0	0	0
TBX3	1437	1	1437
TBX3-AS1	2	2	1
LOC105369999	0	0	0
LOC124900329	0	0	0
LOC124903079	4	0	4
LOC124903080	0	0	0
LOC102723639	0	0	0
LOC124903081	0	0	0
LOC124903082	0	0	0
LOC105370003	0	0	0
LOC105370002	0	0	0
LINC02463	0	0	0
LOC124900323	0	0	0
MED13L	987	0	987
MIR620	0	0	0
LOC105370005	0	0	0
MIR4472-2	0	0	0
LOC105370007	1	0	1
LOC105370008	0	0	0
LINC02457	3	3	0
LINC00173	32	0	32
MAP1LC3B2	0	0	0
LOC124903028	0	0	0
LINC03088	0	0	0
SPRING1	997	0	997
RNFT2	85	0	85
HRK	214	0	214
FBXW8	279	1	307
LOC100506551	5	34	0
TESC	309	0	312
TESC-AS1	2	3	2
LOC105370010	1	1	0
FBXO21	2225	2	2223
NOS1	0	0	0
KSR2	0	0	0
LOC105370012	0	0	0
LOC105370011	0	0	0
RFC5	1406	1149	1400
WSB2	392	23	1514
LOC124903030	2	4	0
VSIG10	618	12	606
LOC124903029	56	0	56
LOC101928274	95	1	94
PEBP1	4776	5	4771
TAOK3	851	0	851
LOC124903031	3	0	3
SUDS3	1095	0	1095
LINC02460	0	0	0
LINC02423	0	0	0
LINC02440	0	0	0
LOC105370017	0	0	0
LOC107984472	0	0	0
LINC02439	0	0	0
LOC105370018	0	0	0
LOC105370019	0	0	0
LOC124900328	0	0	0
LOC105370020	0	0	0
SRRM4	1	0	1
SRRM4-AS1	0	0	0
LOC105370021	0	0	0
LOC112268101	0	0	0
LOC105370024	2	0	2
HSPB8	616	0	616
HSPB8-AS1	0	0	0
LOC105370026	0	0	0
LOC105370025	0	0	0
LOC124903032	0	0	0
LINC00934	0	0	0
CCDC60	0	0	0
PRKAB1-AS1	0	63	0
TMEM233	0	0	0
PRKAB1	244	0	367
LOC124903033	13	70	3
CIT	1029	0	1029
MIR1178	0	0	0
LOC112268087	0	0	0
BICDL1	709	1	708
LOC124903114	0	0	0
RAB35	1381	1	1380
RAB35-AS1	83	0	83
GCN1	7404	4	7400
MIR4498	0	0	0
RPLP0	45755	9	45746
PXN-AS1	17	464	43
PXN	2226	51	3321
LOC124903034	29	683	2
RNU4-2	0	0	0
SIRT4	28	1	27
RNU4-1	0	0	0
PLA2G1B	0	0	0
MSI1	2	0	2
COX6A1	4702	1	4701
TRIAP1	678	1	678
GATC	767	1177	780
SRSF9	1182	82	2291
DYNLL1	2723	3	2722
NRAV	208	0	208
COQ5	492	0	492
RNF10	2541	3	2538
LOC128071547	0	0	0
POP5	577	3	574
CABP1-DT	1	0	1
CABP1	0	0	0
LOC105370029	0	10	0
MLEC	3065	0	3081
LOC124903035	21	25	2
LOC124903036	0	17	0
UNC119B	690	0	707
MIR4700	0	0	0
ACADS	854	1	853
SPPL3	742	0	742
XLOC_009911	0	0	0
HNF1A-AS1	0	0	0
HNF1A	4	53	0
C12orf43	344	0	393
OASL	23871	3	23868
LOC105378258	0	0	0
LOC105370031	0	0	0
LOC124900320	0	0	0
LOC105370030	0	0	0
LOC105370032	0	1	0
P2RX7	2	0	2
P2RX4	255	1	255
CAMKK2	807	0	807
ANAPC5	4447	1	4446
LOC124903037	0	0	0
RNF34	703	16	687
KDM2B	432	69	372
MIR7107	0	0	0
KDM2B-DT	1	0	10
ORAI1	0	0	0
MORN3	0	0	0
LOC105370034	0	0	0
TMEM120B	560	2555	653
RHOF	78	162	2564
SETD1B	1448	16	1438
LINC01089	213	4	215
HPD	5188	6	9082
TIALD	1	3898	1
PSMD9	943	0	945
CFAP251	14	0	17
LOC124903038	0	3	0
BCL7A	45	0	45
LINC02985	0	0	0
MLXIP	632	0	632
LRRC43	7	7	0
IL31	0	0	0
B3GNT4	40	911	24
DIABLO	319	5	1210
LOC128125816	0	0	0
LOC101593348	1	1	1
VPS33A	882	0	882
CLIP1	1907	0	1908
CLIP1-AS1	0	1	0
ZCCHC8	663	1	662
RSRC2	1303	0	1303
KNTC1	1923	2	1921
MIR9902-1	0	0	0
HCAR2	32	1	31
MIR9902-2	0	0	0
HCAR3	48	0	48
HCAR1	0	0	0
DENR	913	0	913
CCDC62	35	0	35
LOC124903040	2	30	0
HIP1R	2325	2	2351
LOC124903039	1	3	3
VPS37B	938	8	935
ABCB9	306	61	307
OGFOD2	421	2	481
ARL6IP4	2230	0	2230
PITPNM2	824	1	823
MIR4304	0	0	0
PITPNM2-AS1	3	3	0
MPHOSPH9	768	3	770
MTRFR	382	35	352
CDK2AP1	2200	6	2194
SBNO1	1309	0	1309
MIR8072	0	0	0
SBNO1-AS1	23	0	24
KMT5A	823	0	830
RILPL2	240	9	238
LOC124903041	2	0	2
SNRNP35	399	127	408
RILPL1	296	11	421
MIR3908	0	0	0
LOC124903042	7	0	7
TMED2-DT	10	0	10
TMED2	4436	2	4434
DDX55	576	2	1032
LOC105370041	12	311	6
SNORA9B	0	0	1
EIF2B1	1404	160	1403
GTF2H3	499	0	499
TCTN2	291	0	291
ATP6V0A2	437	0	438
LOC105370042	0	1	0
DNAH10	0	0	0
LOC105370044	0	0	0
LOC124903043	0	0	0
DNAH10OS	0	0	0
CCDC92	54	2	53
ZNF664-RFLNA	0	0	0
ZNF664	1085	0	1085
RFLNA	0	0	0
NCOR2	4881	8	4873
MIR6880	0	0	0
LOC124903044	12	2	10
LOC105370047	1	1	0
LOC101927436	1	0	1
LOC124903045	0	0	0
SCARB1	9148	1	9147
LOC124903046	2	2	0
LOC105370050	0	0	0
UBC	17529	12	17517
MIR5188	4	2	2
TRA-TGC3-2	0	0	0
TRD-GTC2-9	0	0	0
TRF-GAA1-4	0	0	0
TRD-GTC2-10	1	0	1
TRA-TGC4-1	0	0	0
DHX37	868	6	862
BRI3BP	970	1	1182
THRIL	0	213	0
LOC105370052	1	0	1
AACS	1403	4	1399
LOC105370053	0	0	0
TMEM132B	3	0	3
LOC105370054	0	0	0
LOC107984445	0	0	0
LOC105370055	0	0	0
LOC124903047	0	0	0
LINC00939	0	0	0
LINC02826	0	0	0
LOC105370058	0	0	0
LOC105370056	0	0	0
LINC02359	0	0	0
LOC107984447	0	0	0
LOC105379613	0	0	0
LOC101927531	0	0	0
LOC107984448	0	0	0
LINC02825	0	0	0
LOC124903048	0	0	0
LINC02350	0	0	0
LINC02347	0	0	0
LOC100996671	0	0	0
LINC02824	0	0	0
LINC00944	0	0	0
LINC00943	1	0	1
LINC02372	0	0	0
LOC105370061	0	0	0
LINC02405	11	0	14
LOC105370063	4	7	0
LOC107984449	13	0	27
LOC107984450	0	14	0
LOC105370062	0	0	0
LOC105370064	0	0	0
LOC124903049	7	0	7
LINC02376	0	0	0
LOC124903050	0	0	0
LINC02375	0	0	0
LOC105370066	0	0	0
LOC105370067	0	0	0
LOC124903051	0	0	0
LINC02411	0	0	0
LOC105370068	0	0	0
LOC105370069	0	0	0
LOC124903052	0	0	0
LINC02393	0	0	0
LINC00508	0	0	0
LINC00507	0	0	0
LINC02441	0	0	0
LOC105370071	0	0	0
LINC02369	0	0	0
LINC02368	0	0	0
LOC107987176	0	0	0
TMEM132C	0	0	0
MIR3612	0	0	0
SLC15A4	532	1	558
LOC124903083	2	26	3
LOC100128276	0	0	0
GLT1D1	0	0	0
LOC124903084	0	0	0
LOC105370073	0	0	0
TMEM132D	0	0	0
LOC124903086	0	0	0
TMEM132D-AS1	0	0	0
TMEM132D-AS2	0	0	0
LOC105370074	0	0	0
LOC124903085	0	0	0
LOC105370076	0	0	0
LOC124903087	0	0	0
LINC02418	0	0	0
LOC105370077	6	6	0
LINC02419	0	0	0
LOC124903088	274	2	272
FZD10-AS1	479	122	357
FZD10	453	2	451
LOC107984480	0	0	0
LOC101927786	0	0	0
PIWIL1	0	0	0
RIMBP2	0	0	0
LOC105370080	0	0	0
STX2	353	0	353
LOC124903053	0	0	0
RAN	12119	5	12114
ADGRD1	484	1	540
LOC124903054	0	19	0
ADGRD1-AS1	0	38	0
LOC107984452	2	1	1
LINC01257	0	0	0
LOC105370082	345	2	343
LOC107987177	0	0	0
LOC100128002	0	0	0
LINC02415	0	0	0
LOC124903055	0	0	0
LINC02370	0	0	0
LOC124903090	13	0	13
LOC101929974	0	0	0
LOC124903056	0	0	0
LOC105370084	0	0	0
LINC02414	0	0	0
LOC105370086	0	0	0
LOC100996701	0	0	0
LOC124903057	0	0	0
LOC105370087	0	0	0
SFSWAP	1380	0	1380
LOC105370088	0	0	0
MMP17	79	0	79
LOC124903058	5	0	5
LOC124903059	0	0	0
ULK1	2957	8	2949
PUS1-AS1	38	0	38
PUS1	1011	3	1008
EP400	1541	0	1541
SNORA49	0	0	0
EP400P1	43	0	43
LOC107987169	0	0	0
DDX51	0	0	0
NOC4L	0	0	0
LINC02361	0	0	0
GALNT9	0	0	0
LOC105370091	0	0	0
GALNT9-AS1	0	0	0
LOC101928416	0	0	0
LOC105370092	0	0	0
LOC112268102	0	0	0
LOC124903060	0	0	0
MUC8	1	0	1
FBRSL1	1030	1	1029
LOC124903061	9	0	9
MIR6763	0	0	0
LOC124903062	0	0	0
LOC105370094	2	1	1
LRCOL1	0	0	0
P2RX2	6	6	0
POLE	2955	0	2955
PXMP2	369	0	372
LOC124903063	10	5	8
PGAM5	1401	3	1398
ANKLE2	2430	1	2429
GOLGA3	977	7	970
CHFR	0	0	0
CHFR-DT	0	0	0
LOC124903065	0	0	0
ZNF605	194	0	194
LOC124903064	0	0	0
ZNF26	122	0	122
ZNF84-DT	0	0	0
ZNF84	296	0	296
ZNF140	13	48	51
ZNF891	125	42	169
ZNF10	50	0	50
ZNF268	101	0	101
ANHX	0	0	0
FAM230C	0	0	0
LOC124903275	0	0	0
LINC00349	0	0	0
LINC00417	0	0	0
ANKRD20A9P	0	0	0
LINC00408	0	0	0
LINC00442	0	0	0
LOC107984132	0	0	0
TUBA3C	0	0	0
LOC101928697	0	0	0
LOC124900335	0	0	0
ANKRD26P3	0	0	0
LINC00421	0	0	0
TPTE2	0	0	0
TPTE2-AS1	0	0	0
MPHOSPH8	378	28	541
PSPC1	874	190	875
ZMYM5	156	0	156
ZMYM2	1157	1	1156
LOC124903265	0	0	0
LINC01072	0	0	0
LOC105370101	0	0	0
LOC124903128	0	0	0
GJA3	0	0	0
LOC107984553	0	0	0
GJB2	0	0	0
GJB6	0	0	0
LOC105370102	0	0	0
CRYL1	92	0	92
MIR4499	0	0	0
LOC105370103	2	0	2
IFT88	179	0	179
IL17D	9	7	2
EEF1AKMT1	86	0	86
XPO4	805	0	805
LOC124903129	3	3	0
LINC00367	0	0	0
LOC124903269	0	0	0
LATS2	534	2	532
LOC105370104	0	0	0
LOC124900339	0	0	0
SAP18	1209	0	1209
SKA3	516	5	511
MRPL57	588	0	588
LINC01046	0	0	0
LOC105370105	0	0	0
LOC101928764	7	0	7
MIPEPP3	9	34	9
LINC00539	2	2	1
GRK6P1	0	0	0
ZDHHC20	826	1	860
LOC124903130	4	4	2
LOC124903131	1	0	1
MICU2	376	0	376
LOC124903270	0	0	0
FGF9	0	0	0
LOC124903132	0	0	0
LINC00424	0	0	0
LOC105370108	0	0	0
LINC00540	0	0	0
LOC107984599	0	0	0
LOC124903133	0	0	0
LINC00621	0	0	0
LOC105370109	0	0	0
BASP1P1	0	0	0
LOC124903230	0	0	0
LOC105370111	0	0	0
LOC105370112	0	0	0
LOC124903134	0	0	0
SGCG	0	0	0
LINC00362	0	0	0
LOC107984585	1	0	1
SACS	604	0	604
SACS-AS1	0	0	0
LINC00327	0	0	0
LOC124903135	0	0	0
TNFRSF19	0	0	0
LOC105370113	0	0	0
MIPEP	648	0	650
PCOTH	1	2	18
C1QTNF9B	1	11	1
ANKRD20A19P	0	0	0
LOC105370115	0	0	0
SPATA13	121	0	121
LOC124903136	0	0	0
MIR2276	0	0	0
SPATA13-AS1	0	0	0
C1QTNF9	0	0	0
LINC00566	0	0	0
PARP4	2066	0	2096
LOC105370117	0	30	0
LOC105370295	0	0	0
LOC101927375	1	1	0
TPTE2P6	0	0	0
LOC107984610	0	0	0
ATP12A	0	0	0
LOC105370118	0	0	0
RNF17	22	22	0
CPAP	543	0	543
TPTE2P1	0	0	0
LOC105370119	0	0	0
LOC124900613	0	0	0
PABPC3	7	0	7
LOC105370120	0	0	0
AMER2	0	0	0
LINC00463	0	0	0
LINC01053	0	0	0
LOC105370121	0	0	0
MTMR6	390	0	390
NUP58	1104	0	1104
ATP8A2	0	0	0
LOC105370122	0	0	0
SHISA2	0	0	0
LINC00415	0	0	0
RNF6	349	6	343
CDK8	331	0	331
WASF3	0	0	0
LOC107984597	0	0	0
GPR12	0	0	0
LOC105370124	7	0	7
USP12	1077	1	1076
USP12-AS1	1	1	0
USP12-DT	11	0	11
LOC124903137	0	0	0
LINC00412	0	0	0
RPL21	9118	0	9118
SNORD102	29	0	29
SNORA27	30	0	30
RASL11A	325	0	325
LOC105370126	0	0	0
LOC124903138	0	0	0
GTF3A	1072	62	1094
MTIF3	357	37	404
LNX2	216	50	217
POLR1D	1284	2	1333
LOC105370129	0	0	0
GSX1	0	0	0
PLUT	4	1	4
LOC124903139	5	0	6
LOC105370130	0	0	0
PDX1	0	0	0
LINC00543	1	0	1
CDX2	0	0	0
URAD	0	0	0
LOC105370132	0	0	0
FLT3	0	0	0
PAN3-AS1	11	20	12
PAN3	402	1	449
LOC124903140	12	39	0
FLT1	0	0	0
LOC124903141	0	0	0
LOC124903142	0	0	0
LOC105370135	0	0	0
POMP	1353	0	1353
LOC124903143	3	0	3
SLC46A3	0	0	0
MTUS2	167	1	166
LOC124903144	0	0	0
MTUS2-AS2	0	0	0
MTUS2-AS1	0	0	0
SLC7A1	1291	2	1289
LOC102723345	0	0	0
LOC105370139	0	0	0
UBL3	575	0	575
LINC00297	0	0	0
LINC00572	0	0	0
LINC00544	0	0	0
LINC00365	0	0	0
LINC00384	2	0	2
LINC00385	0	0	0
KATNAL1	257	0	257
LOC102723381	0	0	0
LINC00427	2	2	0
LOC124903145	0	0	0
LINC00426	1	0	1
LINC01058	1	0	1
UBE2L5	4	0	4
LOC107984577	0	0	0
HMGB1	4335	1	4334
USPL1	332	0	332
TRN-GTT2-4	0	0	0
ALOX5AP	13	0	13
LOC124903146	0	0	0
LINC00398	0	0	0
LINC00545	0	0	2
TEX26-AS1	1	3	0
MEDAG	0	0	0
TEX26	0	0	0
TEX26-AS2	0	0	0
LINC01066	0	0	0
LOC124903147	0	0	0
LOC102723392	0	0	0
HSPH1	1859	3	1856
LOC105370148	0	0	0
B3GLCT	211	0	211
LOC124903148	0	0	0
LOC105370150	0	0	0
RXFP2	0	0	0
LOC105370152	0	0	0
LOC124903150	0	0	0
EEF1DP3	2	0	2
LOC124900336	0	0	0
LOC124903149	0	0	0
FRY-AS1	0	0	0
FRY	70	0	70
ZAR1L	2	0	2
BRCA2	342	0	342
N4BP2L1	12	0	12
LOC124903256	0	0	0
N4BP2L2	777	0	777
MICOS10P1	0	0	0
N4BP2L2-IT2	0	0	0
PDS5B-DT	0	0	0
PDS5B	739	0	739
LINC00423	0	0	0
LOC124903151	0	0	0
KL	0	0	0
STARD13	127	5	123
STARD13-AS	0	1	0
LINC02344	0	0	0
LOC124903152	0	0	0
LOC102723406	8	7	1
LOC107984551	0	0	0
RFC3	1282	2	1280
LOC105370156	0	0	0
LOC107984589	0	0	0
LOC124903153	0	0	0
LOC124900343	0	0	0
LOC124903154	0	0	0
LINC02343	0	0	0
LINC00457	0	0	0
LOC105370159	0	0	0
LOC107987189	0	0	0
LOC124903231	0	0	0
NBEA	2	0	2
LOC124903232	0	0	0
MAB21L1	0	0	0
LOC105370161	0	0	0
LOC124903224	0	0	0
LINC00445	0	0	0
DCLK1	0	0	0
LOC105370163	0	0	0
LOC107984604	0	0	0
CCDC169-SOHLH2	0	0	0
SOHLH2	25	0	25
CCDC169	31	0	31
SPART	1204	2	1214
SPART-AS1	4	10	6
CCNA1	0	0	0
LOC124903155	0	0	0
LOC124903157	1	0	1
SERTM1	0	0	0
LOC102723490	1	0	1
LOC124903156	0	0	0
LOC124903158	0	0	0
RFXAP	105	0	105
SMAD9	14	14	0
ALG5	375	0	376
EXOSC8	684	38	705
SUPT20H	832	21	869
CSNK1A1L	0	0	0
LOC105377814	0	0	0
LOC124903159	0	0	0
LINC01048	0	0	0
LINC00547	0	0	0
POSTN	0	0	0
TRPC4	0	0	0
LOC124903160	0	0	0
LINC02334	1	1	0
LINC00571	3	0	3
UFM1	723	2	721
LINC00437	0	0	0
LOC105370167	0	0	0
LINC00366	0	0	0
FREM2	1	0	1
FREM2-AS1	0	0	0
STOML3	0	0	0
PROSER1	562	1	561
NHLRC3	279	0	279
LOC105370169	0	0	0
LOC105370168	0	0	0
LOC107984579	0	0	0
LOC124903161	0	0	0
LOC107984580	0	0	0
LHFPL6	0	0	3
LOC124903266	0	0	0
LOC105370170	0	0	0
LOC112268119	0	3	0
COG6	270	0	270
MIR4305	0	0	0
LOC124903255	0	0	0
LOC105370171	0	0	0
LOC107984569	0	0	0
LOC124903162	0	0	0
LINC00332	0	0	0
LINC00548	0	0	0
LINC00598	3	0	3
FOXO1	337	4	333
MIR320D1	0	0	0
MRPS31	314	0	314
SLC25A15	235	0	291
TPTE2P5	0	56	0
MIR621	0	0	0
SUGT1P3	0	0	0
ELF1	471	1	471
TRE-TTC1-2	0	0	0
WBP4	143	0	144
MIR3168	0	0	0
KBTBD6	482	0	482
KBTBD6-DT	9	1	8
LOC124903260	0	0	0
KBTBD7	251	1	250
MTRF1	164	0	164
LOC105370173	0	0	0
NAA16	383	0	383
OR7E37P	0	0	0
RGCC	0	0	0
LOC105370174	5	5	0
LOC105370175	0	0	0
VWA8	586	0	586
MIR5006	0	0	0
VWA8-AS1	0	0	0
LOC105370176	0	0	0
DGKH	333	6	327
AKAP11	391	0	391
LINC02341	0	0	0
TNFSF11	0	0	0
LOC124903163	0	0	0
LOC124903164	0	0	0
FAM216B	0	0	0
LOC107984611	0	0	0
LINC01050	1	0	1
LINC00428	0	0	0
EPSTI1	3	3	3
LOC124903165	0	0	3
LOC105370178	0	0	0
LOC105370179	0	0	0
DNAJC15	769	0	769
LINC00400	0	0	0
ENOX1	124	0	124
ENOX1-AS2	0	0	0
LOC124903166	2	0	2
CCDC122	19	0	21
LACC1	49	2	49
LOC105370182	0	0	0
NRAD1	0	0	0
LINC00390	1	1	0
SMIM2-AS1	12	2	26
SMIM2	5	18	1
SMIM2-IT1	1	0	3
MIR8079	0	0	0
LOC107984552	27	0	27
LOC105370297	0	0	0
SERP2	0	0	0
TUSC8	1	0	1
TSC22D1	3908	1	3963
LOC124903167	0	7	0
TSC22D1-AS1	2	48	3
LOC124903261	0	0	0
LINC00407	0	0	0
LOC105370185	5	0	5
LINC00330	1	0	1
LOC105370187	0	0	0
LOC107984619	0	0	0
TRE-TTC2-1	0	0	0
NUFIP1	221	1	221
GPALPP1	260	0	261
LOC105370188	1	1	0
LOC107984596	0	0	0
LOC101929259	0	0	0
GTF2F2	483	0	483
KCTD4	0	0	0
LOC124903168	0	0	0
LOC105370190	0	0	0
TPT1	18185	7	18179
SNORA31B	0	0	0
SNORA31	0	0	0
TPT1-AS1	74	5	70
LOC124903169	2	0	2
SLC25A30	134	0	141
SLC25A30-AS1	0	7	0
COG3	421	5	416
ERICH6B	0	0	0
LINC01055	0	0	0
CBY2	0	0	0
SIAH3	0	0	0
LOC105370191	0	0	0
ZC3H13	840	0	840
CPB2-AS1	0	0	1
CPB2	2	3	0
LCP1	0	0	0
LOC107984578	0	0	0
LOC105370192	0	0	0
LRRC63	0	0	0
LOC124903262	0	0	0
LOC105370194	0	0	0
LOC124903170	0	0	0
LINC00563	0	0	0
RUBCNL	0	0	0
LINC01198	0	0	0
LOC112268117	0	0	0
LOC124903171	0	0	0
LRCH1	280	0	280
LOC107984563	0	0	0
ESD	770	0	770
HTR2A	0	0	0
HTR2A-AS1	0	0	0
LOC105370195	1	0	1
LOC105370196	0	0	0
LINC00562	8	0	8
SUCLA2	1112	0	1114
SUCLA2-AS1	1	2	1
LOC124903172	5	61	59
NUDT15	302	48	360
MED4	186	0	542
MED4-AS1	3	359	0
LOC105370198	0	0	0
ITM2B	4717	1	4716
RB1-DT	0	0	0
RB1	1321	0	1381
LOC112268118	0	60	0
LPAR6	11	6	5
RCBTB2	65	0	65
LOC124903173	8	0	8
LOC124903174	0	0	0
LINC01077	0	0	0
LINC00462	1	0	1
LOC105370202	0	0	0
CYSLTR2	3	0	3
LOC107984559	0	0	0
FNDC3A	2575	105	2470
MLNR	0	0	0
LOC105370203	6	1	7
CDADC1	147	1	148
CAB39L	70	0	70
SETDB2-PHF11	0	0	0
SETDB2	54	0	54
PHF11	2	0	2
RCBTB1	325	0	325
LOC105370204	0	0	0
ARL11	2	0	2
LOC105370205	2	0	2
EBPL	998	0	998
KPNA3	1037	0	1037
CTAGE10P	0	0	0
SPRYD7	280	0	280
DLEU2	51	24	54
MIR3613	1	0	1
TRIM13	178	5	200
KCNRG	2	0	2
MIR16-1	0	0	0
MIR15A	0	0	0
DLEU1	222	0	222
ST13P4	0	0	0
LOC124900337	0	0	0
DLEU1-AS1	0	0	0
LOC107984568	0	0	0
DLEU7	0	0	0
DLEU7-AS1	0	0	0
RNASEH2B-AS1	0	7	0
RNASEH2B	338	0	345
GUCY1B2	12	0	12
C13orf42	0	0	0
LOC107984554	0	0	0
FAM124A	2	0	2
INTS6	914	1	957
SERPINE3	3	47	0
MIR5693	0	0	0
INTS6-AS1	14	0	14
LOC124903175	0	0	0
MIR4703	0	0	0
WDFY2	562	4	676
LOC124903177	0	33	0
DHRS12	56	94	49
LOC107984561	8	9	14
TMEM272	1	0	1
CCDC70	0	0	0
ATP7B	229	4	225
ALG11	49	0	49
UTP14C	0	0	0
NEK5	5	7	0
LOC101929657	2	3	0
NEK3	80	0	89
LOC124903176	12	20	0
MRPS31P5	50	0	50
TPTE2P2	0	0	0
LINC02333	0	0	0
LOC105370207	0	0	0
THSD1	25	0	25
VPS36	614	2	612
CKAP2-DT	7	0	11
CKAP2	1171	6	1169
LINC00345	8	5	5
TPTE2P3	1	0	1
HNRNPA1L2	151	0	153
SUGT1-DT	24	0	24
SUGT1	804	0	804
CNMD	0	0	0
MIR759	0	0	0
PCDH8	0	0	0
OLFM4	0	0	0
LINC01065	0	0	0
LOC105370210	0	0	0
LINC00558	0	0	0
LINC00458	0	0	0
MIR1297	0	0	0
LOC105370213	0	0	0
LOC124903233	0	0	0
LINC02335	0	0	0
MIR5007	0	0	0
LOC105370214	0	0	0
LOC124903268	0	0	0
LOC124903235	0	0	0
PRR20A	0	0	0
PRR20B	0	0	0
PRR20C	0	0	0
PRR20D	0	0	0
PRR20E	0	0	0
LOC105370216	0	0	0
LOC105370217	0	0	0
PCDH17	331	0	331
LINC02338	0	0	0
LINC00374	0	0	0
LOC105370218	0	0	0
LOC105370219	0	0	0
LOC105370220	0	0	0
LOC105370221	0	0	0
LOC105370224	5	0	5
LOC105370223	0	0	0
LOC105370222	0	0	0
LOC107984625	0	0	0
DIAPH3	894	0	937
DIAPH3-AS1	0	43	0
DIAPH3-AS2	0	0	0
LOC105370227	1	0	1
LINC00434	0	0	0
LOC105370228	0	0	0
TDRD3	416	2	414
LOC124903178	0	0	0
LOC105370230	0	0	0
LINC00378	0	0	0
LINC01442	0	0	0
LOC102723910	0	0	0
MIR3169	0	0	0
PCDH20	0	0	0
LINC02339	0	0	0
LOC105370231	0	0	0
LINC00358	0	0	0
LINC01075	0	0	0
LINC01074	0	0	0
LINC00459	0	0	0
LOC105370232	0	0	0
LINC00448	0	0	0
LOC105370234	0	0	0
LINC00376	0	0	0
LOC124903236	0	0	0
LOC105370237	0	0	0
LOC105370236	0	0	0
LINC00395	0	0	0
LOC105370235	0	0	0
OR7E156P	0	0	0
LOC112267897	0	0	0
LOC102723968	2	0	2
LOC647264	0	0	0
LOC105377815	1	1	0
LINC00355	22	0	22
LOC124903237	0	0	0
LOC105370238	0	0	0
LOC107987190	0	0	0
LOC105370239	0	0	0
LOC105370240	0	0	0
LOC105370241	0	0	0
LINC01052	0	0	0
LOC105370243	0	0	0
LOC105370244	0	0	0
MIR548X2	0	0	0
LOC105370245	0	0	0
LOC124903225	0	0	0
MIR4704	0	0	0
LOC124903179	0	0	0
PCDH9	11	0	12
PCDH9-AS1	0	1	0
LOC105370247	0	0	0
PCDH9-AS2	0	0	0
PCDH9-AS3	0	0	0
PCDH9-AS4	0	0	0
LOC105370246	0	0	0
LINC00364	1	0	1
LOC105370248	0	0	0
LOC105370249	0	0	0
LOC105370250	0	0	0
LOC107984622	0	0	0
LOC124903238	0	0	0
LOC105370251	0	0	0
LOC101927072	0	0	0
LOC124903239	0	0	0
LINC00550	0	0	0
LOC105370254	0	0	0
LINC02342	0	0	0
LINC00383	0	0	0
KLHL1	0	0	0
ATXN8OS	0	0	0
LOC105370255	0	0	0
LINC00348	0	0	0
DACH1	0	0	0
LOC124900345	0	0	0
LOC124903181	0	0	0
LOC124900344	0	0	0
MZT1	637	0	637
BORA	208	66	420
DIS3	1255	233	1300
PIBF1	389	0	389
KLF5	2026	0	2026
LOC105377816	0	0	0
LINC00393	0	0	0
LINC00392	0	0	0
LOC128966561	0	0	0
LOC105370256	0	0	0
KLF12	448	0	448
LOC124903182	1	0	1
LINC00402	0	0	0
LOC105370259	0	0	0
LOC100288208	0	0	0
LINC00381	0	0	0
LOC107987191	0	0	0
LINC00347	0	0	0
LOC105370260	0	0	0
LOC107984620	0	0	0
CTAGE11P	1	0	1
LINC01078	0	0	0
TBC1D4	765	0	765
COMMD6	369	0	369
UCHL3	315	0	469
LMO7-AS1	1	157	0
LMO7	5917	6	5911
LMO7DN	2	0	2
LMO7DN-IT1	0	0	0
LINC00561	0	0	0
LOC105370262	0	0	0
LOC105370261	0	0	0
LOC105370263	0	0	0
LOC105370264	0	0	0
LOC124903183	0	0	0
LOC105370266	0	0	0
LOC112268120	0	0	0
LOC105370265	0	0	0
LOC107984587	0	0	0
KCTD12	193	11	182
BTF3P11	0	0	0
LOC105370269	0	0	0
ACOD1	0	0	0
CLN5	300	19	285
FBXL3	420	2	422
MYCBP2	1270	3	1435
MYCBP2-AS1	0	166	2
MYCBP2-AS2	0	0	0
LOC124903184	0	0	0
LOC127898562	0	0	0
LOC107984564	1	1	1
LOC124903185	0	0	0
LOC124903186	0	0	0
LOC105370271	0	0	0
SCEL	0	0	0
SCEL-AS1	0	0	0
LOC100129307	0	0	0
SLAIN1	0	0	0
MIR3665	0	0	0
EDNRB-AS1	0	0	0
EDNRB	51	0	51
LINC01069	0	0	0
LINC00446	0	0	0
OBI1-AS1	0	234	0
LOC780529	0	0	0
POU4F1	0	0	0
OBI1	264	0	498
LOC105370272	0	0	0
LINC00331	0	0	0
LOC105370273	0	0	0
RBM26	1611	1	1611
RBM26-AS1	34	0	36
LOC105370274	2	3	0
NDFIP2-AS1	0	4	0
NDFIP2	1326	1	1329
LINC01068	1	0	1
LOC124903226	0	0	0
LINC01038	0	0	0
LINC00382	0	0	0
LINC01080	0	0	0
LOC105370275	0	0	0
LOC101927238	0	0	0
SPRY2	375	1	374
LOC105370276	0	0	0
LOC124903240	0	0	0
LOC105370278	0	0	0
LOC124903241	0	0	0
LINC00377	0	0	0
LINC00564	0	0	0
LOC105370281	0	0	0
LOC105370282	0	0	0
LOC105370283	0	0	0
LOC105370284	0	0	0
LOC105370285	0	0	0
LOC124903242	0	0	0
LOC105370286	0	0	0
SLITRK1	0	0	0
LOC105370287	0	0	0
LINC00333	0	0	0
LOC105370289	0	0	0
SNORA107	0	0	0
LOC105370290	0	0	0
LINC00375	0	0	0
LOC105370291	0	0	0
LOC105370292	0	0	0
LINC00351	0	0	0
SLITRK6	0	0	0
LOC124903227	0	0	0
LOC105370299	0	0	0
LOC105370300	0	0	0
LINC00430	0	0	0
LOC105370301	0	0	0
LOC105370302	1	1	1
MIR4500HG	1	0	2
LOC124900338	4	31	4
MIR4500	2	0	2
LOC124903229	1	0	1
SLITRK5	351	2	380
LOC112268106	71	5	66
LINC00397	5	0	5
LOC105370304	0	0	0
LINC00373	0	0	0
LOC124903243	0	0	0
LINC00433	0	0	0
LINC00560	0	0	0
LOC105370307	0	0	0
LINC01047	0	0	0
LINC00440	0	0	0
LOC107984621	0	0	0
LINC01040	0	0	0
LINC00353	0	0	0
LINC02336	0	0	0
LOC124903257	0	0	0
LINC00559	0	0	0
MIR622	0	0	0
LOC124903228	0	0	0
LOC105370310	0	0	0
LINC01049	2	2	0
LOC107984572	0	0	0
LOC105370311	10	0	10
LINC00410	0	0	0
LINC00380	0	0	0
LOC105370312	0	0	0
LOC124903187	0	0	0
LINC00379	0	0	0
LOC124903188	0	0	0
LOC105370313	0	0	0
LOC105370314	0	0	0
MIR17HG	58	0	58
MIR17	0	0	0
MIR18A	0	0	0
MIR19A	0	0	0
MIR20A	0	0	0
MIR19B1	0	0	0
MIR92A1	0	0	0
LOC124903189	0	0	0
GPC5	402	0	402
GPC5-AS2	0	0	0
GPC5-IT1	0	0	0
MIR548AS	0	0	0
LOC124903190	0	0	0
LOC105370315	0	0	0
GPC5-AS1	1	1	0
LOC105370317	0	0	0
LINC00363	0	0	0
GPC6	0	0	0
GPC6-AS2	0	0	0
GPC6-AS1	0	0	0
DCT	0	0	0
LOC124903191	6	0	6
TRF-GAA1-5	0	0	0
TGDS	230	0	230
GPR180	385	0	385
LINC00391	0	0	0
SOX21	0	0	0
SOX21-AS1	0	0	0
LOC112268114	0	0	0
LOC101927284	0	0	0
LINC00557	0	0	0
ABCC4	1804	8	1828
SNORD13G	0	0	0
LOC124903192	0	0	0
LOC102724149	20	24	28
LOC124903193	0	0	0
CLDN10	0	0	0
CLDN10-AS1	0	0	0
DZIP1	1	0	1
LOC124903194	2	0	2
DNAJC3-DT	43	0	43
DNAJC3	627	1	626
UGGT2	965	1	964
HS6ST3	0	0	0
MIR4501	0	0	0
LOC124903195	0	0	0
LINC00359	0	0	0
OXGR1	0	0	0
LOC124903264	0	0	0
LOC124903196	0	0	0
LOC124903197	0	1	0
MBNL2	787	0	788
LINC00456	0	0	0
LOC107984573	0	0	0
LOC101927385	9	9	0
RAP2A	434	0	434
LOC105370324	0	0	0
LOC105370325	0	0	0
LOC124903259	0	0	0
IPO5	5296	0	5296
LOC105370328	0	0	0
LOC107984566	0	0	0
FARP1	888	834	1699
RNF113B	0	0	0
MIR3170	0	0	0
LOC105370327	2	0	2
FARP1-AS1	0	156	1
STK24	899	684	1703
STK24-AS1	6	0	6
SLC15A1	0	0	0
LOC105370330	0	0	0
DOCK9	1044	10	1044
DOCK9-AS1	0	0	0
DOCK9-DT	10	0	20
UBAC2-AS1	25	0	25
UBAC2	1540	4	1537
GPR18	0	1	0
LOC124903198	0	0	0
GPR183	0	0	0
FKSG29	0	0	0
MIR623	2	0	2
LNCARGI	0	0	0
LINC01232	14	1	13
LINC00449	4	1	3
TM9SF2	3698	1	3697
LINC01039	0	0	0
LOC105370332	0	0	0
CLYBL	121	0	152
MIR4306	0	0	0
LOC124903199	2	0	2
CLYBL-AS2	0	0	0
CLYBL-AS1	0	0	0
CLYBL-AS3	0	31	0
LOC124903263	0	0	0
ZIC5	295	5	290
ZIC2	498	1	497
LINC00554	0	0	0
LOC124903200	0	0	0
PCCA-DT	97	1	97
PCCA	331	4	374
LOC105370335	0	0	0
LOC124903201	3	0	3
PCCA-AS1	1	1	0
LOC107984574	1	1	0
GGACT	66	48	64
TMTC4	535	0	535
NALCN-AS1	0	11	0
LINC00411	0	0	0
NALCN	162	1	172
LOC124903202	0	0	0
ITGBL1	0	0	1
FGF14	0	1	0
MIR2681	0	0	0
MIR4705	0	0	0
LOC107984615	0	0	0
FGF14-IT1	0	0	0
FGF14-AS1	0	0	0
FGF14-AS2	0	0	0
LOC107984588	7	0	7
TPP2	1305	0	1305
METTL21C	1	1	0
LOC124903258	0	0	0
LRTM3	2	0	2
LOC105370337	1	174	0
TEX30	237	0	410
POGLUT2	469	0	469
BIVM	227	0	227
BIVM-ERCC5	0	0	0
ERCC5	12	1	11
METTL21EP	4	0	4
SLC10A2	0	0	0
LOC105370338	0	0	0
LOC105370339	0	0	0
LINC01309	0	0	0
LOC124903203	0	0	0
LOC124903204	0	0	0
LOC105370340	0	0	0
LOC107984624	0	0	0
LOC107984606	0	0	0
LOC107984607	0	0	0
LOC107984608	0	0	0
LOC105370342	0	0	0
LOC105370343	0	0	0
LOC107984609	0	0	0
LOC105370344	0	0	0
DAOA-AS1	0	0	0
DAOA	0	0	0
LOC105370345	0	0	0
LINC00343	0	0	0
LOC124903244	0	0	0
LOC124903245	0	0	0
LOC107984626	0	0	0
LINC00460	0	0	0
LOC124903246	0	0	0
LOC105370346	0	0	0
LOC124903247	0	0	0
EFNB2	18	0	18
ARGLU1	1867	0	1867
ARGLU1-DT	0	0	0
LINC00443	0	0	0
LOC107984627	0	0	0
LOC105370349	0	0	0
LOC124903248	0	0	0
LOC124903205	0	0	0
NALF1	0	0	0
SNORD31B	0	0	0
LOC105370353	0	0	0
LOC112268110	0	0	0
MIR1267	0	0	0
NALF1-IT1	0	0	0
LOC124903206	0	0	0
LIG4	170	0	170
ABHD13	254	0	254
TNFSF13B	0	0	0
LOC105370355	0	0	0
MYO16	11	4	9
MYO16-AS2	0	1	0
LOC124903208	0	1	0
LOC105370356	4	0	4
MYO16-AS1	8	0	8
LOC124903207	116	0	130
LINC03061	1144	49	1109
LOC130494219	21	0	21
LINC00370	2	0	2
LOC105370359	0	0	0
LINC00399	0	0	0
LOC107984602	0	0	0
LOC124903210	0	0	0
LOC101927627	0	0	0
LINC00676	0	0	0
IRS2	1653	9	1645
LOC124903211	68	0	68
LOC105370360	5	0	6
LINC03082	8	0	8
LINC00396	0	0	0
LINC03032	0	0	0
LOC101927712	1	0	1
COL4A1	2016	10	2015
LOC124903212	0	0	0
COL4A2	6731	19	7868
MIR8073	0	0	0
LOC124903267	0	0	0
COL4A2-AS2	0	227	0
COL4A2-AS1	6	920	6
RAB20	995	2	993
NAXD-AS1	3	62	3
NAXD	886	5	943
CARS2	2154	6	2153
ING1	580	3	582
LOC107984613	0	0	0
LINC00567	0	0	0
LOC105370362	1	0	1
LOC105370363	6	0	6
PRECSIT	29	0	29
ANKRD10	1570	1	1569
LOC105370364	1	1	0
LINC00431	2	0	2
LOC124903213	0	0	0
LINC00368	0	0	0
ARHGEF7-AS2	0	0	0
ARHGEF7	873	0	873
ARHGEF7-AS1	0	0	0
LOC101060553	2	0	2
TEX29	6	0	6
LOC105370365	2	2	0
LOC107984618	0	0	0
LINC02337	0	0	0
LOC107983958	0	0	0
LOC105370366	0	0	0
LOC102724489	0	0	0
LOC102724510	0	0	0
LINC00354	0	0	0
SOX1-OT	0	0	0
LOC105378193	0	0	0
LOC124900341	0	0	0
SOX1	0	0	0
LINC00404	0	0	0
LOC100506016	0	0	0
LOC105370370	0	0	0
LINC01070	0	0	0
LOC124903249	0	0	0
LOC101928730	0	0	0
LOC107984555	0	0	0
LINC01043	0	0	0
LINC01044	0	0	0
LOC124903250	0	0	0
LOC105370373	0	0	0
SPACA7	0	0	0
LOC105370372	0	0	0
TUBGCP3	549	0	549
LOC124903251	3	0	3
ATP11AUN	0	0	0
LOC102725228	16	0	16
ATP11A	1370	1	1369
ATP11A-AS1	0	0	0
LOC124903253	0	0	0
LOC124903252	1	0	1
MCF2L	86	0	86
LOC124903214	0	0	0
MCF2L-AS1	0	0	0
LOC107984591	0	0	0
F7	0	0	0
F10	6	7	1
F10-AS1	0	0	0
LOC124903215	0	1	0
F10-AS2	3	0	4
LOC124903216	0	0	0
PROZ	2	7	0
PCID2	1696	5	1813
CUL4A	3484	115	3486
MIR8075	1	0	1
LAMP1	7645	4	7641
GRTP1	176	33	210
LOC124903217	0	0	0
GRTP1-AS1	3	70	0
LOC124903218	0	0	0
ADPRHL1	356	7	349
DCUN1D2	400	5	396
SLC9D1	1571	0	1572
TFDP1	2988	1	2987
LOC124903219	7	0	7
GRK1	0	0	0
ATP4B	0	0	0
LOC105377805	0	0	0
LINC00552	0	0	0
TMEM255B	3	0	3
GAS6-AS1	37	14	58
LOC124903220	0	4	0
GAS6	82	42	79
GAS6-DT	0	0	0
LINC00454	0	0	0
LINC00452	0	0	0
C13orf46	9	0	9
SWINGN	0	0	0
RASA3	0	0	0
RASA3-IT1	0	0	0
LOC124903221	0	0	0
LOC107987192	0	0	0
CFAP97D2	0	0	0
CDC16	1048	2	1335
MIR548AR	14	0	14
LOC105370384	9	300	0
MIR4502	0	0	0
UPF3A	1246	1	1245
LOC124903222	2	0	2
CHAMP1	1215	0	1215
LINC01054	1	1	0
LOC112268113	7	0	7
OR11H12	0	0	0
LINC02297	0	0	0
POTEM	0	0	0
LOC100508046	0	0	0
DUXAP9	64	0	64
BMS1P18	1	1	0
LNCRNA-ATB	2	0	2
LINC01297-DUXAP10-NBEAP6	0	0	0
DUXAP10	0	0	0
BMS1P17	2	2	0
LINC01297	0	0	0
POTEG	0	0	0
LOC101929572	0	0	0
LOC124903277	0	0	0
OR11H2	0	0	0
OR4Q3	0	0	0
LOC124903431	0	0	0
OR4M1	0	0	0
OR4N2	0	0	0
OR4K3	0	0	0
OR4K2	0	0	0
LOC124903278	0	0	0
OR4K1	0	0	0
OR4K5	0	0	0
OR4K15	0	0	0
OR4Q2	0	0	0
OR4K14	0	0	0
OR4K13	0	0	0
OR4L1	0	0	0
OR4K17	0	0	0
OR4N5	0	0	0
OR11G2	0	0	0
OR11H6	0	0	0
OR11H7	0	0	0
OR11H4	0	0	0
LOC124903279	0	0	0
TTC5	0	0	0
CCNB1IP1	0	0	0
SNORA79B	0	0	0
SNORD126	0	0	0
RPPH1	0	0	0
PARP2	0	0	0
TEP1	0	0	0
KLHL33	0	0	0
OSGEP	0	0	0
APEX1	0	0	0
PIP4P1	0	0	0
PNP	0	0	0
RNASE10	0	0	0
RNASE9	0	0	0
RNASE11	0	0	0
RNASE11-AS1	0	0	0
RNASE12	0	0	0
TRP-AGG2-5	0	0	0
LOC124903280	0	0	0
TRL-AAG2-3	0	0	0
TRP-AGG2-6	0	0	0
TRT-TGT3-1	0	0	0
TRL-TAG2-1	0	0	0
TRT-TGT4-1	0	0	0
TRP-TGG1-1	0	0	0
OR6S1	0	0	0
TRY-GTA5-3	0	0	0
LOC124903281	0	0	0
TRY-GTA4-1	0	0	0
TRY-GTA7-1	0	0	0
TRY-GTA5-4	0	0	0
TRT-TGT5-1	0	0	0
TRY-GTA5-5	0	0	0
TRP-TGG3-2	0	0	0
ANG	26	0	39
RNASE4	115	0	134
EGILA	0	238	0
LOC124903282	0	0	0
LOC107984671	0	0	0
EDDM3A	0	0	0
EDDM3B	0	0	0
RNASE6	0	0	0
LOC105370397	0	0	0
RNASE1	0	0	0
LOC100507513	0	0	0
RNASE3	0	0	0
RNASE2CP	0	0	0
RNASE2	0	0	0
METTL17	706	2	1261
LOC101929718	2	558	1
SLC39A2	0	0	0
NDRG2	124	0	124
MIR6717	0	0	0
TPPP2	0	0	0
RNASE13	0	0	0
RNASE7	0	0	0
LOC105370398	0	0	0
RNASE8	0	0	0
ARHGEF40	486	30	493
ZNF219	984	9	1032
TMEM253	51	39	32
LOC105378175	0	0	0
OR5AU1	0	0	0
LINC00641	221	0	221
HNRNPC	9357	2	9355
RPGRIP1	7	7	2
SUPT16H	2754	0	2756
LOC107984643	0	232	0
CHD8	1227	0	1459
SNORD9	0	0	0
SNORD8	0	0	0
LOC124903283	6	6	0
RAB2B	228	1	227
TOX4	908	168	973
METTL3	786	73	946
SALL2	0	0	0
OR10G3	0	0	0
OR10G2	0	0	0
OR4E2	0	0	0
OR4E1	0	0	0
LOC124903284	0	0	0
LOC107984649	0	0	0
TRD-AS1	0	0	0
LINC02332	0	0	0
LOC105370399	0	0	0
DAD1	1272	0	1272
ABHD4	446	0	446
OR6J1	0	0	0
OXA1L-DT	2	0	2
LOC124900351	0	0	0
OXA1L	3576	2	3575
SLC7A7	11	12	0
MRPL52	289	0	289
MMP14	1	0	1
LRP10	3206	6	3201
REM2	19	2	17
RBM23	1182	2	1180
PRMT5-AS1	4	867	0
PRMT5	403	0	2111
LOC124903285	1	703	0
PRMT5-DT	0	0	0
TRR-ACG1-3	0	0	0
HAUS4	709	1	708
MIR4707	0	0	0
AJUBA	595	1	598
LOC124903287	1	5	0
AJUBA-DT	7	83	10
C14orf93	138	12	221
LOC124903286	3	9	3
PSMB5	2223	0	2223
PSMB11	1	0	1
CDH24	513	0	513
LOC105370705	4	20	4
ACIN1	2489	332	3152
LOC124903288	2	659	0
C14orf119	509	0	829
CIROP	0	2	0
CEBPE	0	1	0
SLC7A8	14	0	14
RNF212B	1	16	0
LOC105370406	0	0	0
HOMEZ	359	0	374
PPP1R3E	179	2	177
BCL2L2-PABPN1	4	0	4
BCL2L2	476	0	476
PABPN1	34	1	33
SLC22A17	0	0	0
EFS	0	0	0
IL25	0	0	0
CMTM5	0	0	0
MYH6	0	0	0
MIR208A	0	0	0
MYH7	0	0	0
MHRT	0	0	0
MIR208B	0	0	0
NGDN	616	0	616
THTPA	215	54	232
ZFHX2	7	0	7
LOC124903289	0	0	0
AP1G2	284	138	751
AP1G2-AS1	11	383	99
JPH4	0	0	0
DHRS2	59	0	59
LOC105370407	0	0	0
LOC105370408	0	0	0
LOC105370410	0	0	0
LOC105370409	0	0	0
LINC00596	0	0	0
LOC105370411	0	0	0
DHRS4-AS1	0	0	0
DHRS4	0	0	0
LOC124903290	0	0	0
DHRS4L2	0	0	0
DHRS4L1	0	0	0
CARMIL3	0	0	0
LOC105370412	0	0	0
CPNE6	0	0	0
NRL	0	0	0
PCK2	0	0	0
DCAF11	0	0	0
FITM1	0	0	0
PSME1	0	0	0
EMC9	0	0	0
PSME2	0	0	0
MIR7703	0	0	0
RNF31	0	0	0
IRF9	0	0	0
REC8	0	0	0
IPO4	0	0	0
TM9SF1	0	0	0
TSSK4	0	0	0
CHMP4A	0	0	0
NEDD8-MDP1	0	0	0
MDP1	0	0	0
NEDD8	0	0	0
GMPR2	0	0	0
TINF2	0	0	0
TGM1	0	0	0
RABGGTA	0	2	0
NOP9	0	0	12
DHRS1	0	1	0
CIDEB	0	0	0
LTB4R2	0	0	0
LTB4R	0	0	0
ADCY4	0	0	0
RIPK3	0	0	0
LOC124903291	0	0	0
NFATC4	0	0	0
LOC124903292	0	0	0
NYNRIN	10	0	10
KHNYN	586	458	877
CBLN3	34	0	42
SDR39U1	20	310	451
LOC101927045	26	0	26
CMA1	0	0	0
CTSG	0	0	0
GZMH	0	0	0
GZMB	0	0	0
GZMH-AS1	0	0	0
STXBP6	2	0	2
LOC124903293	0	0	0
LOC124903294	0	0	0
LOC124903295	0	0	0
LINC02286	0	0	0
LOC105370415	0	0	0
LOC112268135	0	0	0
LOC124900350	0	0	0
LINC02306	0	0	0
LOC105370418	0	0	0
NOVA1	0	0	0
NOVA1-DT	1	0	1
LINC02294	0	0	0
LINC02293	0	0	0
LOC124903296	0	0	0
MIR4307HG	0	0	0
MIR4307	0	0	0
LOC105370419	0	0	0
LOC105370420	5	0	5
LOC105370421	0	0	0
MIR3171HG	5	0	5
LINC00645	2	0	2
MIR3171	0	0	0
LOC107984684	0	0	0
LINC02300	0	0	0
FOXG1-AS1	0	0	0
FOXG1	0	0	0
LINC01551	0	0	0
LINC02282	0	0	0
LINC02281	0	0	0
LINC02327	24	0	24
LOC107984685	10	0	12
LINC02326	2	4	0
LOC102724934	0	0	0
PRKD1	0	0	0
LOC124903297	0	0	0
LOC105370429	0	0	0
LOC112267868	11	1	10
LOC105370430	0	0	0
G2E3-AS1	1	1	0
LOC105370432	0	0	0
G2E3	205	0	205
SCFD1	720	0	720
COCH	2	77	0
COCH-AS1	0	0	1
STRN3	249	0	323
MIR624	0	0	0
AP4S1	82	0	82
HECTD1	1821	3	1818
HEATR5A	1364	0	1364
HEATR5A-DT	5	0	5
DTD2	264	2	262
GPR33	0	0	0
LOC105370438	0	0	0
NUBPL-DT	0	0	0
NUBPL	140	0	140
LINC02313	0	0	0
LOC105370440	0	0	0
ARHGAP5-AS1	35	1	35
ARHGAP5	990	0	991
RNU6-7	0	0	0
RNU6-8	2	0	2
AKAP6	23	0	23
LOC124903298	0	0	0
NPAS3	0	0	0
LOC124903299	0	0	0
LOC124903300	1	0	1
SNORA89	0	0	0
EGLN3	629	0	629
LOC102724945	5	0	5
LOC105370446	0	0	0
EGLN3-AS1	0	0	0
LOC105370444	0	0	0
SPTSSA	2645	1	2644
EAPP	375	0	375
LOC105370447	0	0	0
LOC112268123	0	0	0
LOC105370449	0	0	0
SNX6	1370	0	1370
LOC107984628	1	1	0
CFL2	1073	0	1073
BAZ1A	800	26	824
BAZ1A-AS1	19	24	45
SRP54-AS1	10	0	10
IGBP1P1	0	0	0
SRP54	1509	0	1509
FAM177A1	296	8	288
LOC101927178	3	33	3
PPP2R3C	140	5	220
PRORP-PSMA6	0	0	0
PRORP	101	0	101
PSMA6	4	0	4
NFKBIA	1239	1	1239
LOC124903301	1	0	1
LOC107984681	0	0	1
LOC105370450	0	0	0
INSM2	1	0	1
RALGAPA1	514	1	513
SNORA101B	0	0	0
LOC124903425	0	0	0
BRMS1L	156	0	156
LOC105370452	0	0	0
LINC00609	0	0	0
PTCSC3	0	0	0
LOC124903302	0	0	0
LOC107984003	0	0	0
MBIP	328	0	328
SFTA3	0	0	0
NKX2-1	30	0	34
NKX2-1-AS1	1	9	0
LOC105370453	0	0	0
NKX2-8	23	0	23
LOC105370455	0	0	0
PAX9	88	7	114
SLC25A21	4	43	16
LOC107984668	0	0	0
MIR4503	0	0	0
SLC25A21-AS1	25	6	41
MIPOL1	111	0	111
LOC107984702	2	2	0
FOXA1	427	3	424
TTC6	27	1	26
LINC00517	7	0	7
LOC105370456	0	0	0
LOC124903303	0	0	0
SSTR1	0	0	0
CLEC14A	1	1	0
LOC112268136	0	0	0
LOC124903304	1	0	1
LINC00639	2	0	2
LOC105370457	0	0	0
LOC102723516	0	0	0
SEC23A	1502	0	1523
SEC23A-AS1	0	21	0
LOC105370459	0	94	0
GEMIN2	154	0	248
TRAPPC6B	293	0	293
PNN-AS1	4	287	3
PNN	3928	4	4210
MIA2	836	3	838
MIA2-AS1	2	2	5
FBXO33	306	9	302
LOC105370461	14	5	14
LOC105370460	0	0	0
LOC112267899	0	0	0
LOC105370464	0	0	0
LOC105370463	0	0	0
LOC105370462	0	0	0
LOC105370465	0	0	0
LOC105370466	0	0	0
LOC105370467	0	0	0
LINC02315	0	0	0
LRFN5-DT	0	0	0
LOC124900349	0	0	0
LRFN5	0	0	0
LOC124903305	0	0	0
LOC124903306	0	0	0
LOC105370470	0	0	0
LOC124903307	0	0	0
LINC02307	0	0	0
LINC02277	0	0	0
FSCB	0	0	0
LOC105370473	0	0	0
LOC105370472	0	0	0
LINC02302	0	0	0
DORIP1	37	0	37
LOC101927418	0	0	0
KLHL28	117	0	117
TOGARAM1	119	0	119
PRPF39-DT	0	0	0
PRPF39	596	397	597
LOC124903416	0	0	0
SNORD127	0	0	0
FKBP3	770	5	1163
FANCM	207	0	207
MIS18BP1	711	0	711
LOC107984674	1	0	1
LOC105370475	3	0	3
LOC105370476	0	0	0
LOC124903308	0	0	0
LOC107984644	0	0	0
LINC02303	0	0	0
LOC105370478	0	0	0
LOC105378177	0	0	0
LINC00871	0	0	0
LOC124903309	0	0	0
LOC105370480	0	0	0
LOC105370481	0	0	0
RPL10L	0	0	0
MDGA2	59	0	59
MIR548Y	0	0	0
LINC00648	0	0	0
LOC101927483	0	0	0
LOC105370482	0	0	0
LOC124903310	0	0	0
LOC124903311	0	0	0
LOC105378178	0	0	0
LOC107984701	0	0	0
RPS29	1190	2	1192
RN7SL1	87	1	86
LRR1	559	5	558
RPL36AL	1247	0	1247
MGAT2	594	1	593
DNAAF2	281	1	280
POLE2	262	3	259
KLHDC1	0	0	0
KLHDC2	509	341	674
NEMF	465	190	781
RN7SL3	0	0	0
LOC105378179	17	5	12
RN7SL2	0	0	0
ARF6	1870	7	1863
LOC100506446	0	0	0
MIR6076	0	0	0
LOC105370485	0	0	0
LINC01588	36	13	23
LINC01599	2	0	2
VCPKMT	175	0	175
SOS2	398	0	398
L2HGDH	440	0	440
MIR4504	0	0	0
DMAC2L	77	39	125
CDKL1	89	73	103
MAP4K5	635	0	636
LOC124903312	1	0	1
ATL1	21	9	13
SAV1	531	1	530
NIN	406	0	446
LOC124903313	2	31	1
LOC105370489	0	10	0
LOC124903423	0	0	0
ABHD12B	17	17	0
PYGL	1472	1	1471
LOC124903314	5	0	5
LOC400212	11	0	11
TRIM9	0	0	0
TMX1	927	0	927
LOC124900346	0	0	0
LOC124903315	0	0	0
LINC00519	0	0	0
LINC00640	0	0	0
LOC124900595	0	0	0
LOC105370495	0	0	0
LINC02310	0	0	0
FRMD6	247	2	246
FRMD6-AS2	0	0	0
FRMD6-AS1	0	0	1
LOC101927598	0	0	0
GNG2	0	0	0
LOC102723604	0	0	0
LOC105370497	1	2	0
RTRAF	2018	2	2038
NID2	12	29	4
LOC105378180	0	0	0
LINC02319	3	0	3
PTGDR	0	0	0
PTGER2	0	0	0
TXNDC16	189	0	189
GPR137C	79	0	79
ERO1A	1787	1	1786
PSMC6	1018	0	1018
STYX	346	1	345
GNPNAT1	1338	5	1333
LOC105370500	0	0	0
FERMT2	1825	0	1825
DDHD1	272	0	272
DDHD1-DT	0	0	0
LOC105370502	1	0	1
LOC105370504	15	0	15
LOC124903316	0	0	0
LINC02331	0	0	0
LOC107984676	0	0	0
MIR5580	0	0	0
BMP4	12	0	12
LOC124903317	0	0	0
LOC105370507	0	0	0
LOC105370505	0	0	0
CDKN3	352	0	352
CNIH1	1311	1	1310
GMFB	1068	0	1068
CGRRF1	88	0	88
SAMD4A	304	7	297
LOC112268133	11	1	10
SAMD4A-AS1	1	0	1
GCH1	374	1	373
MIR4308	0	0	0
WDHD1	841	0	841
SOCS4	557	2	555
MAPK1IP1L	1965	5	1960
LOC124903318	18	0	18
LOC124903319	0	0	0
LGALS3	5195	2	5193
DLGAP5	1015	1	1014
LOC105370508	0	0	0
LOC107984708	0	0	0
FBXO34-AS1	0	2	0
FBXO34	595	3	599
ATG14	579	29	555
TBPL2	0	0	0
KTN1-AS1	33	0	33
KTN1	4880	0	4880
LOC124903320	0	0	0
RPL13AP3	1	0	1
LINC00520	1	0	1
LOC105370511	0	0	0
LOC102723670	6	0	6
LOC105370512	0	0	0
LOC105370513	0	0	0
PELI2	2	0	2
LINC02284	0	0	0
LOC101927690	0	0	0
TMEM260	261	0	261
LOC124903322	0	0	0
OTX2	0	0	0
OTX2-AS1	0	0	0
LOC124903323	0	0	0
LOC124903324	0	0	0
EXOC5	685	3	684
AP5M1	492	0	494
NAA30	316	0	316
CCDC198	0	0	0
LOC105370519	0	0	0
SLC35F4	0	0	0
SLC35F4-AS1	0	0	0
ARMH4	0	0	0
ACTR10	853	0	853
TRK-CTT1-1	0	0	0
PSMA3	1710	23	1693
PSMA3-AS1	257	2	261
LINC00216	1	1	0
ARID4A	256	0	256
TOMM20L-DT	1	1	0
TOMM20L	2	22	0
TIMM9	378	0	407
KIAA0586	292	9	292
DACT1	0	0	0
LOC102723725	0	0	0
LINC01500	0	0	0
LOC124903325	0	0	0
LOC107984692	0	0	0
LOC107984642	0	0	0
DAAM1	128	9	120
GPR135	104	0	104
L3HYPDH	268	3	269
JKAMP	922	0	937
LOC124903326	1	0	1
CCDC175	0	3	0
RTN1	0	0	0
MIR5586	0	0	0
LRRC9	0	1	0
PCNX4-DT	0	0	1
PCNX4	547	96	540
DHRS7	426	6	509
LOC101927702	0	0	0
PPM1A	499	2	497
LINC02322	0	0	0
C14orf39	1	0	1
SIX6	0	0	0
SALRNA1	0	0	0
SIX1	136	0	171
MIR9718	0	35	0
SIX4	362	3	359
MNAT1	464	0	464
TRMT5	401	47	396
SLC38A6	185	0	227
LOC101927756	3	3	0
PRKCH	45	2	43
TMEM30B	0	0	0
PRKCH-AS1	0	0	0
PRKCH-AS2	0	0	0
LINC01303	5	2	6
LINC03033	4	1	6
HIF1A-AS1	3	346	4
HIF1A	3432	1	6026
HIF1A-AS3	5	5	0
HIF1A-AS2	0	2248	0
SNAPC1	148	0	148
SYT16	0	0	0
SERTAD4BP	0	0	0
LINC00644	0	0	0
LOC105370529	0	0	0
LOC105370528	0	0	0
KCNH5	130	0	130
LOC105370531	0	0	0
LOC105370530	0	0	0
RHOJ	0	0	0
GPHB5	0	0	0
PPP2R5E	698	0	739
LOC124903414	0	0	0
LOC112268140	4	41	4
WDR89	200	1	199
LOC105370532	2	0	2
SGPP1	0	0	0
LOC124903327	0	0	0
SYNE2	1803	3	1800
MIR548H1	0	0	0
ESR2	14	19	3
LOC124903328	0	1	6
TEX21P	0	0	0
MTHFD1	2775	55	3496
ZBTB25	337	825	383
AKAP5	32	6	26
ZBTB1	650	24	717
HSPA2-AS1	1	2	0
HSPA2	218	0	218
PPP1R36	1	0	1
PLEKHG3	768	0	905
SPTB	16	137	16
MIR7855	0	0	0
LOC105370534	0	0	0
CHURC1-FNTB	0	0	0
CHURC1	512	0	512
GPX2	1	1	0
RAB15	18	16	2
LOC107984655	4	23	5
FNTB	0	1	0
MAX	374	0	511
MIR4706	0	0	0
MAX-AS1	2	138	0
LOC124903329	0	0	0
LINC02324	0	0	0
MIR4708	0	0	0
FUT8	301	1	311
FUT8-AS1	0	10	1
MIR625	0	0	0
LOC107984641	0	0	0
LINC02290	0	0	0
CCDC196	0	0	0
GPHN	342	0	342
LOC124903332	3	0	3
LOC105370538	0	0	0
GARIN2	1	0	1
LOC124903330	8	3	6
PALS1	800	31	770
ATP6V1D	841	0	841
EIF2S1	1933	8	1925
PLEK2	100	0	100
MIR5694	0	0	0
LOC105370542	0	0	0
TMEM229B	0	0	0
PLEKHH1	458	42	471
PIGH	170	17	208
ARG2	3	304	3
LOC124903331	1	0	1
VTI1B	637	3	938
RDH11	1323	1	1322
RDH12	0	2	0
ZFYVE26	506	0	508
RAD51B	63	0	64
LOC105370546	1	1	0
LOC101927971	0	0	0
LOC124903334	15	1	14
LOC124903335	10	1	10
LOC107984016	0	0	0
LOC100996664	0	0	0
RAD51B-AS1	5	2	3
LOC105370547	0	0	0
LOC107984709	0	0	0
ZFP36L1	1177	1	1176
ACTN1	3127	6	3121
LOC124903336	0	0	0
ACTN1-DT	0	0	0
DCAF5	579	0	579
GALNT16-AS1	2	2	0
EXD2	303	0	303
GALNT16	14	4	10
LOC105370549	0	0	0
ERH	1452	0	1455
SLC39A9	1049	4	1048
PLEKHD1	1	0	1
CCDC177	104	1	103
SUSD6	364	0	364
LOC100289511	13	481	0
SRSF5	2704	0	3172
SLC10A1	1	1	0
LOC124900353	0	0	0
LOC100506358	0	0	0
SMOC1	3024	5	3019
SNORD169	0	0	0
SLC8A3	0	0	0
LOC646548	2	0	2
LOC107984686	0	0	0
LOC124903338	0	0	0
ADAM21P1	1	0	1
LOC101928046	0	0	0
LOC105370552	0	0	0
SYNJ2BP-COX16	0	0	0
COX16	4	0	4
LOC124903340	1	1	0
SYNJ2BP	276	0	276
LOC124903339	2	0	4
ADAM21	33	0	33
ADAM20P1	6	0	6
ADAM20	22	0	22
LOC105370556	0	0	0
MED6	429	0	429
TTC9-DT	0	0	0
TTC9	28	0	28
LINC01269	1	0	1
MAP3K9	229	1	233
MAP3K9-DT	12	4	13
LOC124903341	0	0	0
PCNX1	1258	11	1247
LOC105370557	0	0	0
LOC105370706	0	0	0
LOC107984654	0	20	0
SIPA1L1-AS1	5	0	25
SIPA1L1	397	0	468
SNORD56B	0	0	0
LOC145474	0	0	0
LOC124903342	2	73	0
RGS6	0	0	0
LOC124903404	0	0	0
LOC124903343	0	0	0
LOC105370559	0	0	0
MIR7843	0	0	0
DPF3	19	0	19
LOC107984711	0	0	0
DCAF4	142	0	142
TRC-GCA8-1	0	0	0
ZFYVE1	238	0	238
RBM25-AS1	4	86	8
RBM25	1637	4	1723
PSEN1	740	0	740
PAPLN	812	13	816
PAPLN-AS1	1	16	0
NUMB	954	21	935
LOC101928143	1	1	0
HEATR4	4	19	5
ACOT1	165	5	160
RIOX1	0	0	0
LOC124903344	3	0	4
ACOT2	993	78	915
ACOT4	0	0	0
ACOT6	0	0	0
DNAL1	133	0	133
PNMA1	539	0	539
MIDEAS	678	6	689
LOC124903345	0	13	0
MIR4505	0	0	0
MIDEAS-AS1	21	0	25
LOC124903424	0	0	0
LINC02274	50	0	50
PTGR2	382	1	381
ZNF410	749	2	749
FAM161B	43	3	46
COQ6	42	68	440
ENTPD5	331	423	369
BBOF1	26	67	62
ALDH6A1	276	34	343
LIN52	231	0	231
LOC105370563	0	0	0
LOC105370564	0	0	0
VSX2	0	0	0
ABCD4	295	0	295
VRTN	1	1	0
SYNDIG1L	4	0	4
NPC2	1067	1	1066
MIR4709	0	0	0
ISCA2	247	0	247
LTBP2	95	4	94
LOC124903347	0	0	0
LOC124903346	0	3	0
LOC101928352	0	0	0
LOC105370567	12	0	12
AREL1	710	0	710
FCF1	527	0	527
YLPM1	655	0	655
LOC105370569	1	0	1
PROX2	1	3	0
LOC124903348	1	0	3
DLST	1899	0	1899
RPS6KL1	135	3	135
PGF	0	0	2
LOC107984690	0	2	0
EIF2B2	523	8	515
MLH3	362	4	358
ACYP1	87	0	87
ZC2HC1C	10	1	10
NEK9	1621	0	1622
TMED10	5125	5	5120
FOS	9216	5	9214
LINC01220	8	0	8
JDP2-AS1	3	0	3
JDP2	277	1	276
LOC105370572	0	0	0
BATF	2	0	2
LOC107984653	0	0	0
FLVCR2-AS1	0	37	0
FLVCR2	115	0	152
ERG28	601	0	601
TTLL5	616	0	616
TGFB3	168	0	168
IFT43	251	0	251
LOC105370573	8	8	0
GPATCH2L	404	0	404
LOC105370575	0	0	0
ESRRB	1	0	1
LOC105370576	0	0	0
LOC105370577	0	0	0
VASH1	3	68	0
VASH1-AS1	2	0	60
ANGEL1	309	0	309
LRRC74A	0	0	0
LOC124903349	4	0	4
LINC01629	3	3	0
IRF2BPL	747	18	968
LOC107984638	11	222	28
LOC105370579	12	0	12
LINC02288	3	2	1
LINC02289	2	0	2
LOC124903350	0	0	0
CIPC	247	0	247
ZDHHC22	0	0	0
TMEM63C	22	0	22
LOC124903351	0	0	0
NGB	0	0	0
MIR1260A	0	0	0
POMT2	488	2	486
GSTZ1	337	0	338
TMED8	371	15	357
SAMD15	4	0	4
NOXRED1	6	0	6
VIPAS39	274	0	274
AHSA1	1576	2	1574
ISM2	0	0	0
SPTLC2	562	0	562
ALKBH1	226	0	226
SLIRP	399	2	398
SNW1	1398	6	1486
SLIRP-OT1	0	91	2
ADCK1	158	0	158
LOC105370581	0	0	0
NRXN3	62	0	62
NRXN3-AS2	0	0	0
NRXN3-AS1	0	0	0
LOC105370588	0	0	0
LOC124903352	0	0	0
LOC105370586	0	0	0
LOC124903354	0	0	0
NRXN3-AS3	0	0	0
LOC105370582	0	0	0
LOC107984630	0	0	0
LOC112267892	0	0	0
LOC105370590	0	0	0
LOC105370591	0	0	0
LOC105370593	0	0	0
DIO2	1342	0	1364
DIO2-AS1	0	22	0
CEP128	149	0	149
TSHR	2	0	2
TSHR-AS1	2	0	2
LOC105370594	3	0	3
GTF2A1	584	9	584
SNORA79	0	0	0
GTF2A1-AS1	10	0	19
STON2	277	0	277
LINC02308	0	0	0
SEL1L	723	0	723
LINC01467	0	0	0
LINC02311	0	0	0
LOC107984704	0	0	0
LOC105370598	0	0	0
LOC105370599	0	0	0
LOC124903428	0	0	0
LINC02301	0	0	0
LOC105370600	0	0	0
LOC107984645	0	0	0
LOC105370601	0	0	0
LINC02305	0	0	0
LOC124903401	0	0	0
LOC124903402	0	0	0
LOC105370603	0	0	0
LOC105370604	0	0	0
SNORD3P3	0	0	0
LINC02329	0	0	0
LINC00911	0	0	0
FLRT2-AS1	0	0	0
FLRT2	0	0	0
LINC02328	2	0	2
LINC02316	0	0	0
LINC02309	0	0	0
LINC01148	0	0	0
LOC105370608	0	0	0
LINC02296	0	0	0
LINC02330	0	0	0
GALC	0	0	0
LOC124903355	0	0	0
GPR65	0	0	0
LINC01147	0	0	0
HISLA	0	0	0
LOC107984699	0	0	0
KCNK10-AS1	0	0	0
KCNK10	0	0	0
SPATA7	100	23	98
PTPN21	195	1	217
LOC105370614	0	2	0
LOC124903405	0	0	0
ZC3H14	665	0	805
EML5	0	140	0
TTC8	263	0	263
TRA-AGC15-1	0	0	0
LOC124903356	0	0	0
LOC105370615	0	0	0
LOC124903357	0	0	0
FOXN3	447	0	447
FOXN3-AS3	0	0	0
FOXN3-AS1	39	0	39
LOC107984635	0	0	0
FOXN3-AS2	0	0	0
LOC105370617	0	0	0
LOC105370616	0	0	0
EFCAB11	137	0	137
LOC124903358	0	0	0
TDP1	378	0	378
LOC124903406	0	0	0
KCNK13	1	0	1
PSMC1	502	22	1498
NRDE2	173	1009	182
LOC105370618	0	0	0
CALM1	2192	0	2192
LINC02317	0	0	0
LINC00642	0	0	0
LOC124903359	0	0	0
LOC105370619	0	0	0
TTC7B	44	0	47
TTC7B-AS1	0	3	0
TTC7B-AS2	0	0	0
LOC124903360	0	0	0
LINC02321	0	0	0
RPS6KA5	73	0	76
DGLUCY	18	3	18
SNORA11B	0	0	0
GPR68	0	0	0
CCDC88C	222	0	222
LOC107984673	0	0	0
LOC105370624	3	0	3
CCDC88C-DT	2	0	2
LOC112268126	6	0	6
LOC124903361	0	0	0
PPP4R3A	958	3	955
LOC101928957	0	0	0
CATSPERB	0	0	0
LOC124903436	0	0	0
TC2N	0	0	0
LOC124903362	0	0	0
FBLN5	515	0	515
TRIP11	463	2	461
LOC124903363	7	8	4
ATXN3	162	2	165
NDUFB1	145	0	145
CPSF2	1275	1	1274
LOC105370627	0	0	0
SLC24A4	0	0	0
RIN3	0	0	0
LOC124903365	0	0	0
LOC124903364	0	0	0
LGMN	1618	1	1617
GOLGA5	621	1	620
LINC02833	0	0	0
LINC02287	0	0	0
CHGA	0	0	0
ITPK1	0	0	0
LOC124903366	0	0	0
ITPK1-AS1	0	0	0
MOAP1	0	0	0
LYSET	0	0	0
GON7	0	0	0
UBR7	0	0	0
BTBD7	0	0	0
UNC79	0	0	0
COX8C	0	0	0
LOC124903367	0	0	0
PRIMA1	0	0	0
LOC105370631	0	0	0
FAM181A-AS1	0	0	0
FAM181A	0	0	0
ASB2	0	0	0
MIR4506	0	0	0
LOC107984663	0	0	0
CCDC197	0	0	0
LOC124903368	0	0	0
OTUB2	0	0	0
DDX24	0	0	0
IFI27L1	0	0	0
IFI27	0	0	0
IFI27L2	0	0	0
LOC105370634	0	0	0
PPP4R4	0	0	0
SERPINA10	0	0	0
SERPINA6	0	0	0
SERPINA2	0	0	0
SERPINA1	0	0	0
SERPINA11	0	0	0
LOC105370635	0	0	0
SERPINA9	0	0	0
SERPINA12	0	0	0
LOC124903410	0	0	0
SERPINA4	0	0	0
SERPINA5	0	0	0
LOC112268127	0	0	0
LOC124903411	0	0	0
SERPINA3	0	0	0
SERPINA13P	0	0	0
GSC	0	0	0
GSC-DT	0	0	0
LOC107984693	0	0	0
LOC124903369	0	0	0
LOC124903370	0	0	0
LINC02279	0	0	0
LOC107984646	0	0	0
DICER1	816	17	814
MIR3173	1	0	1
DICER1-AS1	35	0	50
CLMN	318	2	316
LOC105370637	0	0	0
LINC02292	0	0	0
LOC124903371	0	0	0
LOC107984710	0	0	0
LOC105370638	0	0	0
LOC105370639	0	0	0
LOC105370640	0	0	0
SYNE3	203	0	203
SYNE3-AS1	1	0	1
SNHG10	83	0	83
SCARNA13	0	0	0
GLRX5	775	0	775
LINC02318	0	0	0
LOC105370643	0	0	0
TCL6	0	0	0
LOC124903372	0	0	0
TCL1B	0	0	0
LOC124903373	0	0	0
TCL1A	0	0	0
LOC107984703	0	0	0
LOC105370644	0	0	0
TUNAR	0	0	0
C14orf132	0	0	0
LOC124903374	0	0	0
BDKRB2	81	0	81
BDKRB1	11	0	11
BDKRB1-AS1	3	3	0
ATG2B	351	0	351
GSKIP	270	0	270
AK7	6	0	6
LOC124903276	0	0	0
PAPOLA-DT	13	0	13
PAPOLA	2604	0	2604
LOC105370645	0	0	0
LINC02299	0	0	0
VRK1	396	0	396
LINC00618	4	0	4
LOC124903376	0	0	0
LOC105370647	0	0	0
LINC02304	0	0	0
LINC02325	0	0	0
LOC124903378	0	0	0
LINC02291	0	0	0
LOC124903377	0	0	0
LOC105370650	0	0	0
LOC105370651	0	0	0
LINC02312	0	0	0
LINC01550	0	0	0
LOC107984706	0	0	0
LOC105370655	0	0	0
LOC105370654	0	0	0
LOC105370653	0	0	0
LINC02295	0	0	0
LOC107987207	0	0	0
LOC105370656	0	0	0
LOC105370657	0	0	0
LINC02914	0	0	0
LOC124903403	0	0	0
LOC105370658	0	0	0
LOC107984696	0	0	0
LOC105370659	0	0	0
BCL11B	0	0	0
LOC124903412	0	0	0
LOC105370660	0	0	0
SETD3	1131	0	1131
CCNK	136	69	787
CCDC85C	785	694	811
LOC105370661	0	0	0
HHIPL1	6	3	3
CYP46A1	0	0	0
EML1	247	0	247
LOC102724682	7	1	6
EVL	741	0	1016
LOC124903379	0	0	0
MIR151B	0	0	0
MIR342	0	0	0
LOC124903381	2	181	0
DEGS2	1	96	1
LOC124903380	2	2	0
YY1-DT	22	0	22
YY1	1872	25	2323
MIR6764	2	0	2
SLC25A29	1280	475	1281
MIR345	0	0	0
SLC25A47	0	0	0
WARS1	6912	3	6909
WDR25	272	3	269
LOC105370664	36	0	36
LOC124903383	2	0	2
BEGAIN	339	19	1191
LOC124903382	61	927	5
LOC124903384	44	37	7
LINC00523	0	0	0
LOC105370668	0	0	0
LOC124903385	0	0	0
LOC105370669	0	0	0
DLK1	0	0	0
MIR2392	0	0	0
MEG3	1	0	1
MIR770	0	0	0
MIR493	0	0	0
MIR337	0	0	0
MIR665	0	0	0
RTL1	0	0	0
MIR431	0	0	0
MIR433	0	0	0
MIR127	0	0	0
MIR432	0	0	0
MIR136	0	0	0
MEG8	0	0	0
SNORD112	0	0	0
MIR370	0	0	0
SNORD113-1	0	0	0
SNORD113-2	0	0	0
SNORD113-3	0	0	0
SNORD113-4	0	0	0
SNORD113-5	0	0	0
SNORD113-6	0	0	0
SNORD113-7	0	0	0
SNORD113-8	0	0	0
SNORD113-9	0	0	0
SNORD114-1	0	0	0
SNORD114-2	0	0	0
SNORD114-3	0	0	0
SNORD114-4	0	0	0
SNORD114-5	0	0	0
LOC124903418	0	0	0
SNORD114-6	0	0	0
SNORD114-7	0	0	0
SNORD114-8	0	0	0
SNORD114-9	0	0	0
SNORD114-10	0	0	0
SNORD114-11	0	0	0
SNORD114-12	0	0	0
SNORD114-13	0	0	0
SNORD114-14	0	0	0
SNORD114-15	0	0	0
SNORD114-16	0	0	0
SNORD114-17	0	0	0
SNORD114-18	0	0	0
SNORD114-19	0	0	0
LOC124903419	0	0	0
LOC124903420	0	0	0
SNORD114-20	0	0	0
SNORD114-21	0	0	0
SNORD114-22	0	0	0
SNORD114-23	0	0	0
SNORD114-24	0	0	0
SNORD114-25	0	0	0
SNORD114-26	0	0	0
SNORD114-27	0	0	0
SNORD114-28	0	0	0
SNORD114-29	0	0	0
SNORD114-30	0	0	0
SNORD114-31	0	0	0
LOC124903422	0	0	0
LOC124903421	0	0	0
LOC124903407	0	0	0
MIR379	0	0	0
MIR411	0	0	0
MIR299	0	0	0
MIR380	0	0	0
MIR1197	0	0	0
MIR323A	0	0	0
MIR758	0	0	0
MIR329-1	0	0	0
MIR329-2	0	0	0
MIR494	0	0	0
MIR1193	0	0	0
MIR543	0	0	0
MIR495	0	0	0
MIR376C	0	0	0
MIR376A2	0	0	0
MIR654	0	0	0
MIR376B	0	0	0
MIR376A1	0	0	0
MIR300	0	0	0
MIR1185-1	0	0	0
MIR1185-2	0	0	0
MIR381HG	0	0	0
MIR381	0	0	0
MIR487B	0	0	0
MIR539	0	0	0
MIR889	0	0	0
MIR544A	0	0	0
MIR655	0	0	0
MIR487A	0	0	0
MIR382	0	0	0
MIR134	0	0	0
MIR668	0	0	0
MIR485	0	0	0
MIR323B	0	0	0
MIR154	0	0	0
MIR496	0	0	0
MIR377	0	0	0
MIR541	0	0	0
MIR409	0	0	0
MIR412	0	0	0
MIR369	0	0	0
MIR410	0	0	0
MIR656	0	0	0
MEG9	0	0	0
LOC105370670	0	0	0
LOC124903386	0	0	0
LINC02285	0	0	0
LOC124903435	0	0	0
LOC124903387	0	0	0
LOC107984697	0	0	0
LINC00524	0	0	0
LINC02314	0	0	0
LINC03117	19	0	19
LOC105370673	0	0	0
LOC105370674	0	0	0
DIO3OS	8	0	8
MIR1247	0	0	0
DIO3	19	0	19
LOC105370675	0	0	0
LINC02320	6	0	6
LINC00239	2	0	2
PPP2R5C	1110	0	1110
LOC107984658	40	0	40
LOC124903388	4	0	4
DYNC1H1	6224	5	6957
LOC107984661	0	738	0
HSP90AA1	12214	0	12220
WDR20	159	12	194
LOC105370677	7	15	1
MOK	162	49	145
TRI-AAT5-4	0	0	0
ZNF839	297	6	291
CINP	396	1	395
LOC124903427	0	0	0
TECPR2	268	41	276
LOC124903389	0	0	0
ANKRD9	1530	9	1571
LOC105370679	0	0	0
LOC105370680	3	1	3
MIR4309	0	0	0
LINC02323	53	0	53
RCOR1	1293	0	1293
LOC124903390	13	0	13
TRAF3	363	2	361
LOC124903426	0	0	0
AMN	8	8	0
CDC42BPB	2541	0	2541
LBHD2	2	0	2
EXOC3L4	126	6	120
LINC00677	1	1	0
TNFAIP2	3930	5	3925
LOC105370685	0	0	0
LINC00605	0	0	0
LOC124903391	138	86	52
LOC105370686	0	0	0
LOC105378183	0	0	0
EIF5-DT	11	166	14
EIF5	2391	3	2557
SNORA28	1	0	1
MARK3	1048	0	1048
LOC112268130	2	2	0
CKB	11511	12	11499
TRMT61A	252	0	252
LOC124903392	11	3	8
BAG5	892	1	892
COA8	274	0	275
LOC105370688	0	0	0
KLC1	1283	14	1273
XRCC3	605	45	564
ZFYVE21	146	0	222
PPP1R13B	150	77	149
LOC124900347	0	0	0
PPP1R13B-DT	0	0	0
LOC105370689	0	0	0
ATP5MJ	698	0	698
TDRD9	665	0	665
RD3L	1	1	0
LOC124903408	16	0	16
ASPG	32	0	32
MIR203A	0	0	0
MIR203B	0	0	0
KIF26A-DT	29	28	29
KIF26A	1227	0	1255
LOC124903393	0	0	0
LINC02691	0	0	0
LOC124903394	0	0	0
LOC124903395	0	0	0
C14orf180	0	0	0
TMEM179	0	0	0
LINC02280	0	0	0
MIR4710	0	0	0
INF2	2868	2	2866
ADSS1	219	1	469
LOC124903396	7	117	2
LOC107984670	0	135	0
LOC107987209	34	701	1
SIVA1	68	0	734
LOC102723342	2	27	5
AKT1	1843	12	1861
ZBTB42	72	0	72
VESTAR	4	0	4
LOC124903397	3	0	3
CEP170B	967	3	964
MIR12121	0	0	0
PLD4	1	745	1
AHNAK2	5057	2	5800
CLBA1	185	14	171
CDCA4	799	0	799
LOC124903398	0	0	0
GPR132	2	0	2
LINC02298	0	0	0
JAG2	1186	0	1186
MIR6765	0	0	0
NUDT14	111	0	111
BRF1	401	57	425
BTBD6	172	2	227
PACS2	432	23	433
TEX22	7	0	7
MTA1-DT	39	0	39
MTA1	1260	0	1260
CRIP2	2018	3	2015
CRIP1	1157	0	1157
TEDC1	528	0	528
TMEM121	4	0	4
LOC105370697	0	0	0
LOC105370698	0	0	0
MIR8071-1	0	0	0
MIR8071-2	0	0	0
ELK2AP	0	0	0
LOC105378184	0	0	0
MIR4539	0	0	0
MIR4507	0	0	0
MIR4538	0	0	0
MIR4537	0	0	0
FAM30A	0	0	0
ADAM6	0	0	0
LOC105370700	0	0	0
LINC00226	0	0	0
LOC124903400	0	0	0
LINC00221	0	0	0
LOC102724977	0	0	0
LOC124903399	0	0	0
MIR5195	0	0	0
LOC105379271	66	1	69
LOC105379272	46	30	20
LOC124905323	1	0	1
LOC105379274	27	91	1
MAFIP	170	1	234
LOC112268314	0	0	0
LOC124905324	0	0	0
LOC105379527	31	0	31
LOC102723407	0	0	0
FAM30B	0	0	0
LOC105379203	0	0	0
CHEK2P2	0	0	0
LOC124903442	0	0	0
HERC2P3	13	0	13
GOLGA6L6	0	0	0
GOLGA8CP	0	0	0
NBEAP1	0	0	0
LOC124903443	0	0	0
MIR3118-2	0	0	0
POTEB2	0	0	0
MIR5701-1	0	0	0
LINC01193	0	0	0
FAM30C	0	0	0
LOC105379205	0	0	0
LOC105370714	0	0	0
LOC124900633	0	0	0
LOC646214	0	0	0
LOC112268154	0	0	0
CXADRP2	3	0	3
POTEB3	0	0	0
MIR3118-3	0	0	0
LOC124900632	0	0	0
LOC105369227	0	0	0
MIR5701-2	0	0	0
LINC02203	0	0	0
LOC124903610	0	0	0
OR4M2B	0	0	0
OR4N4C	0	0	0
LOC102724737	33	0	33
LOC102724760	0	0	0
IGHV1OR15-3	0	0	0
LOC102724971	0	0	0
LOC105379208	0	0	0
LOC105379207	0	0	0
MIR3118-4	0	0	0
POTEB	0	0	0
NF1P2	0	0	0
MIR5701-3	0	0	0
OR4M2-OT1	0	0	0
LOC124903611	0	0	0
OR4M2	0	0	0
OR4N4	0	0	0
OR4N3P	0	0	0
LOC107984743	0	0	0
IGHV1OR15-1	0	0	0
LOC642131	0	0	0
LOC107983983	0	0	0
MIR1268A	0	0	0
LOC101928039	0	0	0
LOC124903445	0	0	0
REREP3	0	0	0
GOLGA8EP	0	0	0
LOC124900355	0	0	0
GOLGA6L22	0	0	0
HERC2P7	1	0	1
HERC2P2	608	0	608
LOC101927846	0	0	0
GOLGA8IP	0	0	0
WHAMMP3	36	0	36
LOC283683	0	0	0
NIPA1	62	0	62
NIPA2	69	21	207
CYFIP1	1	138	22
TUBGCP5	0	0	0
GOLGA6L1	0	0	0
GOLGA8DP	0	0	0
MIR4509-1	0	0	0
LOC102723534	0	0	0
LOC102723564	11	0	11
GOLGA6L26	0	0	0
LOC105376698	0	0	0
GOLGA8S	0	0	0
LOC105370726	0	0	0
LOC124903446	0	0	0
LOC105370728	0	0	0
GOLGA6L2	0	0	0
LOC105370729	0	0	0
MIR4508	0	0	0
MKRN3	14	0	14
LOC124903576	0	0	0
MAGEL2	0	0	0
NDN	0	0	0
LOC124903577	0	0	0
LOC124903447	0	0	0
LOC107984787	0	0	0
PWRN4	0	0	0
LOC105370733	0	0	0
LOC105370732	0	0	0
PWRN2	0	0	0
LOC102723749	0	0	0
LOC102725165	0	0	0
PWRN3	0	0	0
PWRN1	0	0	0
NPAP1	0	0	0
SNHG14	0	0	0
SNRPN	0	0	0
LOC124903612	0	0	0
SNURF	0	0	0
PWARSN	0	0	0
SNORD107	0	0	0
PWAR5	0	0	0
SNORD64	0	0	0
SNORD108	0	0	0
PWAR6	0	0	0
SNORD109A	0	0	0
SNORD116-1	0	0	0
SNORD116-2	0	0	0
SNORD116-3	0	0	0
SNORD116-4	0	0	0
SNORD116-5	0	0	0
LOC128966705	0	0	0
SNORD116-6	0	0	0
SNORD116-7	0	0	0
SNORD116-8	0	0	0
SNORD116-9	0	0	0
SNORD116-10	0	0	0
SNORD116-11	0	0	0
SNORD116-12	0	0	0
SNORD116-13	0	0	0
SNORD116-14	0	0	0
SNORD116-15	0	0	0
SNORD116-16	0	0	0
SNORD116-17	0	0	0
SNORD116-18	0	0	0
SNORD116-19	0	0	0
SNORD116-20	0	0	0
SNORD116-21	0	0	0
SNORD116-22	0	0	0
SNORD116-23	0	0	0
SNORD116-24	0	0	0
SNORD116-25	0	0	0
SNORD116-26	0	0	0
SNORD116-27	0	0	0
SNORD116-28	0	0	0
SNORD116-29	0	0	0
SNORD116-30	0	0	0
IPW	0	0	0
PWAR1	0	0	0
SNORD115-1	0	0	0
SNORD115-2	0	0	0
SNORD115-3	0	0	0
SNORD115-4	0	0	0
SNORD115-5	0	0	0
SNORD115-6	0	0	0
SNORD115-7	0	0	0
SNORD115-8	0	0	0
SNORD115-9	0	0	0
SNORD115-10	0	0	0
SNORD115-11	0	0	0
SNORD115-12	0	0	0
SNORD115-13	0	0	0
SNORD115-14	0	0	0
SNORD115-15	0	0	0
SNORD115-16	0	0	0
SNORD115-17	0	0	0
SNORD115-18	0	0	0
SNORD115-19	0	0	0
SNORD115-20	0	0	0
SNORD115-21	0	0	0
SNORD115-22	0	0	0
PWAR4	0	0	0
SNORD115-23	0	0	0
SNORD115-24	0	0	0
SNORD115-25	0	0	0
SNORD115-26	0	0	0
SNORD115-27	0	0	0
SNORD115-28	0	0	0
SNORD115-29	0	0	0
SNORD115-30	0	0	0
SNORD115-31	0	0	0
SNORD115-32	0	0	0
SNORD115-33	0	0	0
SNORD115-34	0	0	0
SNORD115-35	0	0	0
SNORD115-36	0	0	0
SNORD115-37	0	0	0
SNORD115-38	0	0	0
SNORD115-39	0	0	0
SNORD115-40	0	0	0
SNORD115-41	0	0	0
SNORD115-42	0	0	0
SNORD115-43	0	0	0
SNORD115-44	0	0	0
SNORD115-45	0	0	0
SNORD115-46	0	0	0
SNORD115-47	0	0	0
SNORD115-48	0	0	0
SNORD109B	0	0	0
UBE3A	1015	0	1015
LINC02250	1	1	0
LOC107984789	0	0	0
LOC124903448	0	0	0
ATP10A	0	0	0
LOC107984770	0	0	0
MIR4715	0	0	0
ATP10A-DT	0	0	0
LINC02346	0	0	0
LOC124900363	0	0	0
TRE-TTC2-2	0	0	0
LOC105370739	0	0	0
LINC00929	0	0	0
LOC124903568	0	0	0
LINC02248	0	0	0
LOC105370740	0	0	0
GABRB3	2	0	2
LOC124903578	0	0	0
LOC112268151	0	0	0
GABRA5	0	0	0
GABRG3	0	0	0
LOC124903449	0	0	0
LOC107984766	0	0	0
GABRG3-AS1	0	0	0
OCA2	0	0	0
HERC2	129	0	129
GOLGA6L24	0	0	0
GOLGA8F	0	0	0
MIR4509-2	0	0	0
LOC101059997	0	0	0
MIR4509-3	0	0	0
GOLGA8G	0	0	0
GOLGA6L25	0	0	0
HERC2P11	0	0	0
LOC124903450	0	0	0
HERC2P9	1	0	1
GOLGA8M	0	0	0
LOC107984746	0	0	0
WHAMMP2	0	0	0
LOC100289656	0	0	0
PDCD6IPP2	0	0	0
GOLGA6L7	0	0	0
APBA2	0	0	0
ENTREP2	0	0	0
NSMCE3	0	0	0
LCIIAR	0	0	0
LOC105370743	0	0	0
TJP1	19	0	19
LOC124903451	0	0	0
GOLGA8J	0	0	0
ULK4P3	0	0	0
LOC124900359	0	0	0
GOLGA8T	0	0	0
LOC105370746	0	0	0
LOC105370747	0	0	0
LINC02249	0	0	0
CHRFAM7A	0	0	0
LOC105370751	0	0	0
LOC124900357	0	0	0
GOLGA8R	0	0	0
LOC101927788	0	0	0
LOC105376704	0	0	0
WHAMMP4	17	0	17
LOC124903452	0	0	0
GOLGA8Q	0	0	0
DNM1P50	0	0	0
ULK4P2	0	0	0
LOC124900358	0	0	0
ARHGAP11B-DT	0	0	0
GOLGA8H	1	1	0
ARHGAP11B	0	0	0
LOC100288637	47	0	47
LOC101930434	5	0	5
LOC124903453	0	0	0
HERC2P10	1	0	1
FAN1	16	0	40
MTMR10	46	30	40
TRPM1	0	0	0
TRPM1-AS1	0	0	0
MIR211	0	0	0
LINC02352	0	0	0
LOC124903454	0	0	0
LINC03034	0	0	0
KLF13	391	0	391
LOC105370939	0	0	0
OTUD7A	24	0	24
LOC105370753	0	0	0
LOC124903455	0	0	0
LOC124900362	0	0	0
LOC124903441	0	0	0
CHRNA7	0	0	0
LOC102724078	0	0	0
LOC105376709	0	0	0
LOC112268159	0	0	0
GOLGA8K	0	0	0
LOC107987221	0	0	0
LOC124903457	0	0	0
ULK4P1	0	0	0
LOC124900356	0	0	0
GOLGA8O	1	0	1
LOC124903456	0	0	0
LOC105376710	0	0	0
LOC100653133	0	0	0
WHAMMP1	0	0	0
LINC02256	0	0	0
ARHGAP11A-DT	0	0	0
GOLGA8N	0	0	0
ARHGAP11A	0	0	0
ARHGAP11A-SCG5	0	0	0
SCG5	0	0	0
LOC124903458	4	0	4
SCG5-AS1	0	0	0
LOC105370756	1	1	0
GREM1	0	0	0
GREM1-AS1	0	0	0
FMN1	0	0	1
LOC107984089	0	0	0
LOC124903606	0	0	0
LOC124903460	0	0	0
LOC124900367	0	0	0
LOC124903459	2	1	2
LOC105370759	0	0	0
TMCO5B	0	0	0
RYR3-DT	0	0	0
RYR3	10	61	1
AVEN	244	2	294
CHRM5	1	1	0
EMC7	1798	1	1797
PGBD4	94	0	94
KATNBL1	238	0	238
EMC4	741	6	1318
SLC12A6	972	577	1046
LOC124903461	0	68	0
NOP10	0	0	0
NUTM1	0	0	0
LPCAT4	3	0	3
GOLGA8A	107	0	107
MIR1233-1	0	0	0
GOLGA8B	893	2	891
MIR1233-2	0	0	0
LOC124903462	2	0	2
LINC02252	0	0	0
LOC124903463	0	0	0
GJD2	0	0	0
GJD2-DT	0	0	0
ACTC1	0	0	0
LOC107984776	0	0	0
AQR	1147	2	1145
ZNF770	1101	1	1100
LOC105370764	2	0	2
LOC105370763	0	0	0
LOC105370765	0	0	0
NANOGP8	0	0	0
DPH6	145	0	147
ANP32AP1	0	0	0
MIR3942	0	0	0
LOC124903464	3	0	3
DPH6-DT	0	2	0
LOC105370766	0	0	0
MIR4510	0	0	0
LINC02853	0	0	0
LOC102724214	0	0	0
LOC105370767	0	0	0
LOC105370769	0	0	0
LOC105370768	0	0	0
LOC105370770	0	0	0
CDIN1	112	0	112
LOC124903466	0	0	0
CSNK1A1P1	1	0	1
LOC124903595	0	0	0
LOC145845	0	0	0
MEIS2	407	3	441
MIR8063	0	0	0
LOC124903465	42	34	45
LOC105370772	0	0	0
LOC105370773	0	0	0
TMCO5A	0	0	0
LINC02345	0	0	0
LINC01852	0	0	0
SPRED1	357	0	357
FAM98B	842	0	842
RASGRP1	7	9	2
LOC105370774	16	0	20
LOC105370775	0	0	0
LINC02694	0	0	0
LOC105370776	0	0	0
LOC102724253	0	0	0
LOC105370777	0	0	0
LOC105370781	0	0	0
LOC124900600	0	0	0
LOC105370780	0	0	0
LOC124903467	0	0	0
LINC02915	0	0	0
LOC124903468	0	0	0
LOC105370783	0	0	0
LOC124903469	0	0	0
LOC105370784	0	0	0
LOC124903470	0	0	0
THBS1	298	2	302
THBS1-IT1	0	0	0
FSIP1	8	6	8
LOC105370785	0	0	0
LOC105370941	36	0	36
GPR176	132	0	132
GPR176-DT	4	0	4
EIF2AK4	1389	19	1370
LOC124903607	0	0	0
SRP14	1083	0	5290
LOC124903471	6	4213	0
SRP14-DT	96	0	97
LOC105370787	2	3	0
BMF	345	0	345
BUB1B	1352	0	1352
LOC107984763	0	1	0
BUB1B-PAK6	0	0	0
PAK6	0	0	0
PAK6-AS1	0	0	0
ANKRD63	2	0	2
PLCB2	35	0	35
LOC112268152	0	0	0
INAFM2	113	1	112
CCDC9B	648	1	647
PHGR1	0	0	0
DISP2	23	1	25
LOC124903472	1	3	1
KNSTRN	1520	0	1520
IVD	1382	1	1381
BAHD1	976	1	975
LOC124903473	0	0	0
CHST14	176	0	176
CCDC32	146	0	146
MRPL42P5	1	0	1
RPUSD2	391	0	391
TRS-GCT4-2	0	0	0
KNL1	734	0	734
LOC124903601	0	0	0
RAD51-AS1	12	3	15
RAD51	675	4	677
RMDN3	805	5	800
LOC124903474	2	0	2
GCHFR	13	6	999
DNAJC17	222	1033	267
C15orf62	61	23	41
ZFYVE19	1046	49	1081
PPP1R14D	4	0	4
SPINT1-AS1	0	0	0
SPINT1	16	0	16
RHOV	2612	3	3249
LOC124903475	9	641	8
VPS18	1265	0	1265
LOC105370943	3	0	3
DLL4	23	0	23
CHAC1	61	0	61
LOC105370789	1	1	0
INO80	928	0	1288
LOC124903476	3	246	0
LOC105376713	0	0	0
INO80-AS1	4	121	0
EXD1	4	1	3
CHP1	3774	1	3773
OIP5-AS1	3207	279	3152
OIP5	388	6	606
NUSAP1	3305	2	3303
NDUFAF1	460	0	460
RTF1	1307	0	1307
LOC105370790	0	0	0
ITPKA	146	0	146
LTK	35	2	33
RPAP1	1356	0	1356
TYRO3	1129	1	1128
LOC105370791	0	0	0
MGA	1223	0	1223
MIR626	0	0	0
MAPKBP1	556	0	556
JMJD7-PLA2G4B	0	0	0
JMJD7	24	0	24
PLA2G4B	5	0	5
SPTBN5	66	7	61
MIR4310	0	0	0
LOC105370792	0	64	0
EHD4	673	0	858
EHD4-AS1	2	2	0
LOC124903477	0	122	0
PLA2G4E-AS1	0	0	1
PLA2G4E	0	1	0
LOC105370793	0	0	0
PLA2G4D	0	0	0
PLA2G4F	0	0	0
VPS39	1304	0	1304
MIR627	0	0	0
VPS39-DT	1	97	0
TMEM87A	807	5	980
GANC	337	77	342
CAPN3	84	0	90
LOC105370794	0	8	0
ZNF106	1407	0	1408
SNAP23	492	1	660
LRRC57	292	173	287
HAUS2	605	1	604
STARD9	257	13	248
LOC124903605	0	0	0
CDAN1	393	6	391
TTBK2	209	3	296
TTBK2-AS1	0	88	2
UBR1	902	0	902
TMEM62	591	0	591
LOC124903478	1	168	0
CCNDBP1	563	0	730
EPB42	0	0	0
TGM5	0	0	0
TGM7	0	0	0
LCMT2	382	5	436
MAPDA	461	54	466
ZSCAN29	340	15	325
TUBGCP4	479	395	1262
TP53BP1	1141	790	1529
MAP1A	6	1	5
PPIP5K1	551	0	551
CKMT1B	125	2	123
STRC	20	0	20
LOC124903598	0	0	0
CATSPER2	12	0	12
PPIP5K1P1-CATSPER2	5	0	5
CKMT1A	44	0	44
STRCP1	2	0	2
LOC124903599	0	0	0
CATSPER2P1	13	0	13
PDIA3	13972	35	14001
ELL3	38	40	63
SERF2	236	1	776
SERF2-C15ORF63	0	0	0
MIR1282	0	4175	1
SERINC4	86	279	1
HYPK	4	5	1
MFAP1	1618	0	1620
WDR76	685	0	685
FRMD5	7	7	0
PIN4P1	4	3	1
GOLM2	1312	0	1312
LOC124903479	0	0	0
CTDSPL2	1042	2	1040
EIF3J-DT	93	0	93
EIF3J	2201	13	2240
SPG11	1218	123	1147
PATL2	4	0	4
B2M	2393	0	2393
MIR10393	0	0	0
RNF4BP	0	0	0
TRIM69	0	0	0
SORD2P	61	0	61
LOC105370798	0	0	0
TERB2	0	0	0
SORD	972	2	970
DUOX2	0	0	0
DUOXA2	0	0	0
DUOXA1	2	0	2
DUOX1	8	19	0
LOC124903480	3	0	14
SHF	8	4	9
LOC124903481	9	4	10
TRH-GTG1-7	0	0	0
TRH-GTG1-8	0	0	0
TRH-GTG1-9	0	0	0
LOC124900370	0	0	0
SLC28A2-AS1	0	0	0
SLC28A2	0	0	0
LOC107984732	0	0	0
LOC124903482	0	0	0
GATM	5	0	5
AFG2B	561	0	561
COXFA4L3	1	0	1
MIR147B	0	0	0
LOC107987223	0	0	0
SLC30A4-AS1	7	56	7
LOC124903483	11	0	22
SLC30A4	53	1	101
LOC124903596	0	0	0
HMGN2P46	2	4	2
SNORA41B	0	0	0
BLOC1S6	560	4	556
SQOR	1785	0	1785
LOC124903484	3	0	3
LOC105370802	0	0	0
LOC124900365	0	0	0
LOC107984794	0	0	0
LOC124900371	0	0	0
LOC105370803	0	0	0
LOC107984733	0	0	0
SEMA6D	327	0	327
LOC124900620	0	0	0
LOC105370804	0	0	0
LINC01491	0	0	0
LOC124900354	2	0	2
LOC102724553	0	0	0
LOC107984792	0	0	0
LOC105370805	0	0	0
LOC124903485	0	0	0
SLC24A5	0	0	0
MYEF2	0	0	0
CTXN2	0	1	0
CTXN2-AS1	0	0	0
SLC12A1	0	0	0
LOC128966560	0	0	0
DUT-AS1	5	595	9
LOC124903486	0	0	0
DUT	1763	9	2353
FBN1	4065	5	4103
LOC124903488	0	42	0
FBN1-DT	16	0	16
CEP152	680	0	690
LOC124903487	0	10	0
SHC4	5	2	4
EID1	4108	0	4109
SECISBP2L	708	0	708
LOC124903489	0	0	0
COPS2	2220	0	2220
GALK2	317	2	418
NDUFAF4P1	0	0	0
MIR4716	0	0	0
FAM227B	70	171	43
FGF7	196	0	237
LOC105370811	0	0	0
DTWD1	961	0	961
ATP8B4	239	1	240
LOC102724587	1	2	0
SLC27A2	1787	4	1784
HDC	59	7	52
GABPB1	396	32	475
GABPB1-IT1	78	5	332
GABPB1-AS1	108	334	145
MIR4712	12	0	12
USP8	1096	0	1386
USP50	6	296	0
TRPM7	1516	0	1516
LOC128092252	0	0	0
SPPL2A	1148	2	1146
LOC124903490	0	0	0
AP4E1	598	26	572
DCAF13P3	0	0	0
MIR4713HG	0	0	0
TNFAIP8L3	0	0	0
LOC124903491	0	0	0
LOC124903492	0	0	0
CYP19A1	29	2	27
MIR4713	0	0	0
LOC124903493	0	0	0
MIR7973-2	0	0	0
MIR7973-1	0	0	0
LOC112268146	0	0	0
GLDN	1	0	1
DMXL2	848	0	848
LOC105370816	0	0	0
SCG3	0	0	0
LYSMD2	222	0	222
TMOD2	0	0	0
TMOD3	2030	0	2030
LOC100422556	1	0	1
LOC112268148	17	97	15
LEO1	1162	2	1255
MAPK6	1482	3	1480
MAPK6-DT	5	0	5
LOC112268150	11	2	10
LOC124903494	1	0	1
BCL2L10	1	0	1
GNB5	821	0	821
CERNA1	1	163	3
MYO5C	722	2	1013
LOC105370820	0	128	0
MIR1266	0	0	0
LOC105370819	0	0	0
MYO5A	500	0	500
ARPP19	2891	0	2891
ATOSA	406	0	406
LOC105370821	0	0	0
ONECUT1	0	0	0
LOC105370824	0	0	0
LOC101928499	0	0	0
LOC107983981	0	0	0
LOC105370823	0	0	0
LINC02490	0	0	0
LOC105370826	0	0	0
WDR72	7	0	7
UNC13C	0	0	0
LOC105370827	0	0	0
LOC124903495	0	0	0
LOC105370829	0	0	0
RSL24D1	1769	0	1769
RAB27A	548	2	546
PIGBOS1	90	0	90
PIGB	363	33	500
DNAAF4-CCPG1	0	0	0
CCPG1	217	0	217
MIR628	0	0	0
PIERCE2	67	0	72
DNAAF4	2	5	2
LOC124903496	0	0	0
PYGO1	1	0	1
LOC124903497	0	0	0
PRTG	294	3	291
NEDD4	908	0	908
LOC124903604	0	0	0
RFX7	595	12	586
LOC124903498	2	0	5
LOC124903569	0	0	0
TEX9	1	0	1
MNS1	0	0	0
LOC105370832	0	0	0
ZNF280D	439	1	438
TCF12-DT	1	3	6
LINC03065	0	0	2
TCF12	1077	5	1078
SNORD13D	0	0	0
LINC00926	32	0	32
LINC01413	0	0	0
CGNL1	0	0	0
GCOM1	8	0	8
MYZAP	18	0	18
POLR2M	2	0	2
LOC105370834	0	0	0
ALDH1A2	0	0	0
ALDH1A2-AS1	0	0	0
AQP9	0	0	0
LOC124903499	1	1	0
LIPC	0	0	0
LIPC-AS1	0	0	0
ADAM10	1923	0	1923
LOC124903600	1	0	1
HSP90AB4P	0	0	0
MINDY2-DT	3	0	3
MINDY2	344	2	342
SLTM	1836	4	1832
RNF111	634	0	634
CCNB2	1526	29	1497
MYO1E	7936	17	7930
MIR2116	0	0	0
LDHAL6B	6	17	0
FAM81A	478	0	478
GCNT3	113	0	113
GTF2A2	1024	1	1023
BNIP2	1288	0	1288
FOXB1	24	0	24
LOC105370838	0	0	0
LOC105370839	0	0	0
LOC105370840	0	0	0
ANXA2	15583	4	15579
ICE2	747	0	747
RORA-AS1	11	0	16
RORA	11	15	1
LOC105370846	5	0	5
RORA-AS2	0	0	0
RORA-AS4	0	0	0
LOC124903500	0	0	0
LOC102724802	0	0	0
LOC107984805	0	0	0
LOC105370841	0	0	0
LOC105370847	0	0	0
LOC107984782	0	0	0
LOC101928850	0	0	0
LOC107984783	0	0	0
LINC02349	0	0	0
LOC124903501	0	0	0
VPS13C	909	0	909
VPS13C-DT	5	0	5
C2CD4A	4	2	2
C2CD4B	0	0	0
LOC124903502	0	0	0
LOC107984784	0	0	0
GOLGA2P11	0	0	0
LOC102724938	0	0	0
MIR8067	0	0	0
MIR6085	0	0	0
LOC124903503	0	0	0
TLN2	494	1	669
MGC15885	0	0	0
LOC105370855	0	0	0
MIR190A	0	0	0
LOC105370854	2	176	2
TPM1	791	0	949
TPM1-AS	0	158	0
LOC107984798	2	0	2
LACTB	929	2	927
RPS27L	1338	0	1338
LOC101928972	1	0	1
RAB8B	686	0	686
LOC124903504	0	0	0
APH1B	184	0	184
LOC124903506	0	0	0
LOC124903505	0	0	0
CA12	0	0	0
LINC02568	0	0	0
USP3	759	6	1087
USP3-AS1	24	348	15
FBXL22	9	3	8
HERC1	1233	0	1233
MIR422A	0	0	0
DAPK2	235	0	267
LOC101928988	0	32	0
CIAO2A	1766	1	1765
SNX1	2261	1	2260
SNX22	30	8163	9
PPIB	1912	1	10053
CSNK1G1	476	0	476
LOC124900364	0	0	0
PCLAF	2015	2	2013
TRIP4	460	0	460
LOC105370861	0	0	0
ZNF609	1336	0	1336
LOC101930091	1	1	0
OAZ2	1547	4	1543
LOC124903507	1	0	1
RBPMS2	314	1	313
MIR1272	1	0	1
PIF1	347	1	346
LOC124903508	1	1	0
PLEKHO2	200	0	200
ANKDD1A	63	37	35
SPG21	2190	0	2199
MTFMT	280	0	280
SLC51B	0	0	0
RASL12	0	0	0
KBTBD13	0	0	0
UBAP1L	46	0	46
PDCD7	353	1	352
CLPX	1290	0	1290
LOC124903509	0	0	0
CILP	0	0	0
PARP16	246	0	246
SNORA24B	0	0	0
RNU5A-1	1	0	1
RNU5B-1	0	0	0
IGDCC3	0	0	0
IGDCC4	1	0	1
LOC124903510	0	0	0
DPP8	649	0	649
HACD3	2314	0	2314
LOC124903602	0	0	0
INTS14	867	0	867
SLC24A1	113	58	103
LOC102723464	0	4	0
DENND4A	368	7	405
SNORD13E	0	0	0
MIR4511	0	0	0
LOC105370866	2	0	2
TRQ-CTG1-4	0	0	0
RAB11A	2292	1	2291
MEGF11	0	0	0
LOC105370867	0	0	0
MIR4311	0	0	0
DIS3L-AS1	3	2	3
DIS3L	653	69	586
TIPIN	309	0	309
SCARNA14	0	0	0
MAP2K1	1431	53	1975
SNAPC5	558	558	597
MIR4512	0	0	0
RPL4	47840	7	47833
SNORD18C	5	0	5
SNORD18B	6	0	6
SNORD16	1	0	1
SNORD18A	0	0	0
ZWILCH	899	0	1309
LCTL	4	414	0
LINC01169	0	0	0
SMAD6	1500	3	1497
LOC105370869	1	0	1
LOC105376718	10	0	10
SMASR	0	0	0
SMAD3-DT	0	0	0
SMAD3	808	2	806
SMAD3-AS1	0	0	0
AAGAB	1336	0	1336
IQCH	45	1	55
IQCH-AS1	36	76	35
LOC124903511	0	7	0
C15orf61	15	2	85
MAP2K5-DT	24	1	24
MAP2K5	420	0	421
LOC124903512	2	0	2
LOC124903570	2	0	2
SKOR1	20	0	29
LOC105370870	0	9	0
SKOR1-AS1	0	0	0
RNU6-1	0	0	0
PIAS1	747	79	1022
LOC105370871	48	212	1
CALML4	97	122	164
CLN6	967	2	965
FEM1B	869	0	869
ITGA11	2	2	0
LOC124903513	0	0	0
LOC105370873	0	0	0
CORO2B	0	0	0
LOC124903514	0	0	0
ANP32A	3222	4	3218
MIR4312	0	0	0
ANP32A-IT1	3	0	3
SPESP1-NOX5	0	0	0
SPESP1	0	0	0
NOX5	0	0	0
LOC124903515	0	1	0
EWSAT1	22	1	21
LOC124903516	0	0	0
GLCE	1119	0	1119
PAQR5-DT	7	0	7
PAQR5	658	7	897
LOC124900368	0	0	0
KIF23-AS1	10	313	5
KIF23	1671	2	1730
RPLP1	16430	5	16431
LINC02896	28	5	29
LOC124903594	0	0	0
DRAIC	2	0	4
LOC124903517	0	2	0
PCAT29	0	0	0
LOC107984788	0	0	0
LINC00593	0	0	0
LOC101929129	0	0	0
LOC124903518	0	0	0
TLE3	2616	2	2614
MIR629	0	0	0
LOC107984734	0	0	0
LOC105370878	2	2	0
LOC124903519	1	0	1
LINC02205	0	0	0
LOC107984781	2	0	2
LINC02204	1	0	1
SALRNA3	0	0	0
LOC107984791	1	0	1
SALRNA2	0	0	0
UACA	807	0	807
LARP6	108	0	110
LRRC49	30	2	30
THAP10	69	0	69
LOC105370886	0	0	0
THSD4	475	0	482
CT62	0	6	0
THSD4-AS1	0	0	0
LOC105370884	1	2	0
LOC124903521	3	1	3
LOC124903520	1	1	1
LOC107984716	1	1	0
THSD4-AS2	0	0	0
NR2E3	5	0	5
MYO9A	389	13	389
LOC107984713	1	0	1
MYO9A-AS1	1	1	0
SENP8	34	3	44
LOC124903522	0	7	0
GRAMD2A	125	0	132
PKM	47901	36	47865
PARP6	628	0	628
LOC105370887	0	0	0
CELF6	15	0	15
HEXA	2211	0	2218
HEXA-AS1	10	7	10
TMEM202	0	0	0
TMEM202-AS1	6	0	6
ARIH1	1623	5	1618
MIR630	0	0	0
LINC02259	3	3	0
LOC112268145	1	0	1
GOLGA6B	2	0	2
HIGD2B	3	0	3
BBS4	638	2	638
ADPGK	905	3	1045
ADPGK-AS1	0	141	0
LOC107984801	0	0	0
NEO1	176	0	176
MIR12135	0	0	0
HCN4	9	0	9
LOC105370890	0	0	0
LOC124903571	0	0	0
REC114	1	2	0
NPTN	2278	0	2279
NPTN-IT1	26	0	26
LOC105370891	2	0	2
CD276	4061	3	4058
INSYN1	116	0	116
INSYN1-AS1	0	0	0
LOC105370892	0	0	0
LOC102723657	0	0	0
TBC1D21	0	0	0
LOXL1-AS1	1	4	1
LOXL1	0	0	4
STOML1	143	0	143
PML	940	1	939
GOLGA6A	1	0	1
LOC107987224	0	0	0
COMMD4P2	0	0	0
ISLR2	2	0	2
LOC283731	0	0	0
LOC124903523	0	0	0
ISLR	0	0	0
STRA6	0	4	0
CCDC33	0	0	4
LOC105370893	0	0	0
CCDC33-AS1	0	0	0
CYP11A1	0	0	0
PPIAP46	0	0	0
LOC124903524	0	1	0
LINC02255	0	0	0
SEMA7A	0	0	0
MIR6881	0	0	0
UBL7	0	0	0
UBL7-DT	0	0	0
LOC101929333	0	0	0
LOC124900366	0	0	0
LOC124903526	0	0	0
LOC102723714	0	0	0
LOC124903528	1	0	1
ARID3B	309	2	352
LOC124903527	12	55	1
CLK3-AS1	33	30	9
CLK3	1349	2	1352
EDC3	1076	3	1073
CYP1A1	125	0	125
CYP1A2	0	0	0
CSK	1099	2	1097
MIR4513	0	0	0
LMAN1L	114	0	114
CPLX3	126	0	126
LOC105370897	2	0	2
ULK3	979	0	979
MIR6882	0	0	0
SCAMP2	1127	0	1127
MPI	897	600	1174
FAM219B	229	285	821
COX5A	2591	0	2591
RPP25	1274	5	1269
SCAMP5	37	0	37
PPCDC	179	0	179
LOC124903529	2	0	2
LOC124900369	0	0	0
LOC124903530	2	0	2
LOC107984772	0	0	0
C15orf39	1432	1	1431
TRCG1P	1	1	0
GOLGA6C	2	0	2
GOLGA6D	0	0	0
COMMD4	1694	1	1693
NEIL1	125	396	62
MIR631	4	2	9
MAN2C1	867	20	1173
SIN3A	1550	3	1547
PTPN9	692	1	766
LOC105370902	0	75	0
SNUPN	508	1	508
IMP3	1845	1	1846
SNX33	1441	5	1439
CSPG4	4195	14	4181
CIMAP1C	69	0	69
DNM1P35	2	1	1
LOC101929408	2	0	2
MIR4313	0	0	0
GOLGA6EP	0	0	0
UBE2Q2	229	4	225
FBXO22	937	151	991
NRG4	234	94	345
TMEM266	47	5	70
LOC124903531	0	0	0
LOC101929439	6	28	6
ETFA	2244	1	2243
TYRO3P	1	0	1
ISL2	131	0	134
LOC124903532	2	5	0
SCAPER	375	1	374
MIR3713	0	0	0
RCN2	1352	0	1352
LOC105370904	0	0	0
PSTPIP1	1	1	0
TSPAN3	2181	0	2181
PEAK1	462	22	462
LINC00597	0	0	0
HMG20A	686	0	708
LOC101929457	0	0	0
LOC105370906	0	0	0
LINGO1	0	0	0
LINGO1-AS1	0	0	0
LINGO1-AS2	0	0	0
LOC141374963	0	0	0
GOLGA6FP	1	4	0
LOC124903533	0	0	3
COMMD4P1	0	0	0
LOC91450	3	0	3
TBC1D2B	544	0	544
SH2D7	0	0	0
CIB2	1	0	1
LOC124903534	4	0	4
IDH3A	660	5	1811
ACSBG1	14	1156	14
DNAJA4-DT	0	0	0
DNAJA4	2	11	1
LOC105370910	6	0	15
SKIC8	1127	0	1127
CRABP1	0	0	0
LOC105370912	0	0	0
IREB2	1692	0	1692
HYKK	76	0	76
PSMA4	3776	0	3776
CHRNA5	258	0	377
CHRNA3	5	124	0
CHRNB4	2	0	2
LOC105370913	2	0	2
LOC646938	0	0	0
LOC112268143	0	0	0
ADAMTS7	51	0	51
TRK-CTT1-2	0	0	0
LOC124903535	0	0	0
MORF4L1	5342	1	5341
CTSH	3	3	0
RASGRF1	0	0	0
LOC100129540	0	0	0
LOC105370917	0	0	0
LOC107984750	0	0	0
ANKRD34C-AS1	0	0	0
MIR184	0	0	0
ANKRD34C	0	0	0
TMED3	1489	0	1489
MINAR1	42	0	42
LOC105370918	0	0	0
LOC105370919	0	0	0
TRC-GCA5-1	0	0	0
LOC124903536	2	0	2
ST20-MTHFS	0	0	2
MTHFS	8	0	8
ST20	5	12	60
ST20-AS1	21	114	31
BCL2A1	0	0	0
ZFAND6	1439	1	1438
FAH	444	0	444
CTXND1	3	3	0
LINC00927	0	0	0
ARNT2-DT	0	0	0
ARNT2	383	0	400
LOC124903537	0	0	0
ARNT2-AS3	0	0	0
ARNT2-AS1	5	53	5
MIR5572	0	0	0
ABHD17C	1642	2	1640
CEMIP	45	14	37
LOC124903539	0	0	0
MIR549A	0	0	0
MESD	507	4	509
MIR4514	0	0	0
TLNRD1	457	3	454
LOC128071545	0	0	0
LOC124903540	0	0	0
CFAP161	2	0	2
IL16	0	31	0
STARD5	3	0	34
TMC3-AS1	0	0	0
TMC3	1	1	0
LOC102723985	0	0	0
LOC105370921	0	0	0
LOC124903541	0	0	0
LINC01418	0	0	0
LOC105370922	0	0	0
LOC105370923	0	0	0
MEX3B	65	0	65
LINC01583	0	0	0
LOC105370924	0	0	0
EFL1	799	0	799
SAXO2	11	0	11
ADAMTS7P1	0	0	0
GOLGA6L10	2	0	2
UBE2Q2P2	0	0	0
GOLGA6L9	29	0	29
LOC102724034	0	0	0
GOLGA2P10	228	0	228
LOC105370926	0	0	0
GOLGA6L17P	0	0	0
RPS17	0	0	0
CPEB1	10	0	10
CPEB1-AS1	0	0	0
AP3B2	126	1	125
LOC338963	0	0	0
ACTG1P17	14	0	14
SNHG21	70	0	125
FSD2	33	106	0
SCARNA15	0	0	18
WHAMM	200	0	211
HOMER2	0	11	0
LOC105370928	0	0	0
RAMAC	28	6	235
C15orf40	277	213	277
LOC124903542	1	0	1
BTBD1	1830	2	1828
MIR4515	0	0	0
LOC124903543	0	0	0
TM6SF1	0	0	0
HDGFL3	0	0	0
BNC1	1	0	1
BNC1-AS1	0	0	0
LOC105370933	0	0	0
LOC105370934	0	0	0
SH3GL3	0	0	0
ADAMTSL3	0	0	0
LOC105370935	0	0	0
EFL1P1	0	0	0
DNM1P41	0	0	0
LOC124903544	0	0	0
UBE2Q2P16	0	0	0
LOC440300	0	0	0
GOLGA2P7	1	0	1
LOC105376724	0	0	0
GOLGA6L4	5	0	5
LOC105370936	0	0	0
LOC105376722	0	0	0
LOC103171574	2	2	0
LOC102724117	0	0	0
LOC102724135	23	0	23
LOC105370946	0	0	0
GOLGA6L5P	0	0	0
UBE2Q2P1	0	0	0
LINC00933	0	0	0
LOC105370947	0	5	0
ZSCAN2	0	0	5
SCAND2P	0	0	0
WDR73	0	0	0
NMB	0	0	0
SEC11A	2334	0	2334
ZNF592	672	0	672
ALPK3	25	0	25
SLC28A1	0	0	0
PDE8A	587	0	740
LOC124903545	4	157	0
LOC727751	56	0	56
LOC101929479	0	0	0
LOC105370948	0	0	0
GOLGA6L3P	0	0	0
MIR7706	0	0	0
AKAP13	1240	11	1231
LOC124903546	1	1	0
LINC02883	1	0	3
KLHL25	117	0	117
MIR1276	1	0	1
MIR548AP	0	0	0
LOC105370952	0	0	0
LOC105370953	0	0	0
AGBL1	0	0	0
LINC01584	0	0	0
AGBL1-AS1	0	0	0
LOC105370954	0	0	0
LOC102724452	0	0	0
LOC105370955	0	0	0
LOC107984735	0	0	0
LOC102724465	0	0	0
LINC00052	44	0	44
LOC124903579	1	0	1
LOC124903580	0	0	0
NTRK3	1	0	1
MIR11181	0	0	0
NTRK3-AS1	0	0	0
LOC105370957	0	0	0
LOC105370958	0	0	0
LOC105370959	0	0	0
MRPL46	550	0	550
MRPS11	1119	1	1118
DET1	99	0	105
LOC124903547	1	6	1
LINC01586	0	0	0
AEN	1026	0	1026
MIR1179	0	0	0
MIR7-2	0	0	0
MIR3529	0	0	0
ISG20	504	0	504
LOC105370960	0	0	0
ACAN	0	0	0
HAPLN3	7	0	7
MFGE8	379	0	379
ABHD2	889	0	897
CARMAL	0	0	0
LOC124903573	0	8	0
RLBP1	0	0	0
FANCI	1883	315	3039
LOC124903548	8	577	2
POLG	1261	591	1582
MIR6766	0	0	0
POLGARF	0	0	0
POLG-DT	12	75	6
TRR-TCG1-1	0	0	0
LOC124903549	0	0	0
MIR9-3HG	0	0	0
MIR9-3	0	0	0
LOC107984777	0	0	0
LOC105371031	0	0	0
LOC105370964	0	1	0
LOC112268153	0	0	1
RHCG	0	0	0
LINC00928	0	0	0
TICRR	707	3	742
KIF7	129	126	41
PLIN1	89	0	89
PEX11A	524	0	524
WDR93	6	4	3
MESP1	142	0	143
LOC124903550	0	0	1
MESP2	8	1	8
ANPEP	11	0	11
LOC124903551	3	0	3
ARPIN-AP3S2	0	0	0
AP3S2	7	0	7
LOC124903552	5	198	1
MIR5094	0	0	0
MIR5009	0	0	0
ARPIN	844	0	844
ZNF710	395	127	356
MIR3174	1	0	1
ZNF710-AS1	0	65	23
IDH2	1227	0	1440
IDH2-DT	0	213	0
SEMA4B	2512	3	2509
CIB1	1944	374	1946
GDPGP1	65	0	65
TTLL13	2	1	1
NGRN	1598	2	1971
PERPP2	78	0	78
GABARAPL3	0	0	0
ZNF774	66	0	66
IQGAP1	7764	2	7762
CRTC3	2448	3	2798
LOC124903555	11	165	1
LOC124903554	4	0	4
CRTC3-AS1	3	199	3
LINC01585	0	0	0
BLM	593	1	592
LOC124903590	0	0	0
LOC105370969	0	0	0
FURIN	5391	7	5384
FES	8	2	6
MAN2A2	1236	0	1236
HDDC3	299	0	310
UNC45A	1215	13	1558
RCCD1-AS1	7	350	2
RCCD1	1139	2	1137
PRC1	2486	5	3790
PRC1-AS1	5	1311	6
LOC124903556	2	0	2
VPS33B	503	14	489
LOC105370970	1	0	1
VPS33B-DT	6	0	6
SV2B	0	0	0
LOC105370972	0	0	0
LOC107984778	0	0	0
CRAT37	0	0	0
LOC105370973	0	0	0
LOC105370974	0	0	0
SLCO3A1	779	0	779
LOC124903557	5	0	5
LOC107987227	0	0	0
ST8SIA2	0	0	0
LOC104613533	0	0	0
C15orf32	0	0	0
LINC00930	0	0	0
FAM174B	2	0	2
LOC124903559	0	0	0
LOC101926994	38	0	38
ASB9P1	2	2	0
LOC124903558	11	3	8
CHASERR	626	1	625
CHD2	2015	0	2015
MIR3175	0	0	0
RGMA	6	2	4
LOC101927025	0	0	0
LOC105370980	0	0	0
LOC105370982	0	0	0
LOC124900612	0	0	0
LOC107983974	0	0	0
LINC02207	0	0	0
LINC01579	0	0	0
LINC01580	0	0	0
LINC01581	0	0	0
LOC105369203	0	0	0
LOC105370984	0	0	0
MCTP2	1593	0	1593
LINC02852	0	0	0
LOC105370986	0	0	0
LOC105370987	0	0	0
LOC105370988	0	0	0
LOC440311	1	0	1
LOC105370989	0	0	0
LOC105370991	0	0	0
LOC124903581	1	0	1
LOC105370990	0	0	0
LETR1	0	0	0
LINC00924	0	0	0
LOC105370993	0	0	0
LOC105370995	0	0	0
LOC124903582	0	0	0
LOC112268156	0	0	0
LOC105370998	0	0	0
LOC105369212	0	0	0
NR2F2-AS1	7	0	7
LOC124903583	0	0	0
LOC105370997	0	0	0
LOC124903584	0	0	0
NR2F2	563	3	560
MIR1469	7	0	7
SCDAL	1	0	1
LOC101927263	3	0	3
LOC105371001	0	0	0
LOC105371002	0	0	0
SPATA8-AS1	0	0	0
SPATA8	0	0	0
LOC105371004	0	0	0
LOC105371005	0	0	0
LINC02253	2	0	2
LOC105371006	0	0	0
LINC02254	0	0	0
LOC101927310	0	0	0
LOC105371007	0	0	0
LINC00923	0	0	0
LOC124903585	0	0	0
ARRDC4	115	0	115
LOC105371009	1	1	0
LINC02251	0	0	0
LINC01582	0	0	0
LOC105371010	0	0	0
LINC02351	0	0	0
FAM169BP	0	0	0
IRAIN	14	47	16
IGF1R	2078	86	2041
LOC124903560	7	7	0
MIR4714	0	0	0
LOC124903561	10	5	5
PGPEP1L	2	0	2
LUNAR1	2	0	2
SYNM-AS1	0	20	2
SYNM	731	184	741
TTC23	165	2	402
TTC23-AS1	0	0	0
LRRC28	161	0	161
HSP90B2P	8	0	8
LINC02244	0	0	0
LOC105371017	1	0	1
LINC03080	34	0	34
LOC107984790	0	0	0
LOC105371019	0	0	0
MEF2A	832	6	1128
LYSMD4	189	298	193
LOC105371020	0	0	0
DNM1P46	0	0	0
LOC124903563	0	0	0
LOC400464	0	0	0
ADAMTS17	0	0	0
LOC105371022	0	0	0
SPATA41	2	0	2
LOC105371021	0	0	0
CERS3-AS1	0	0	0
CERS3	1	0	1
PRKXP1	15	0	15
LOC102723335	1	1	0
LINS1	208	0	208
ASB7	325	1	324
LOC105371024	1	0	1
LOC440313	0	0	0
GCAWKR	81	0	81
LOC124903575	5	0	9
ALDH1A3	135	17	652
ALDH1A3-AS1	43	531	42
LRRK1	799	2	887
LRRK1-AS1	11	96	5
LOC124903565	0	0	0
LOC124903564	0	0	0
CHSY1	653	1	652
LOC107984727	0	0	0
SELENOS	754	3	751
SNRPA1	1831	1	1830
SNRPA1-DT	26	303	21
PCSK6	428	28	655
LOC100507472	11	1	10
PCSK6-AS1	4	0	4
LOC124903566	5	0	5
LOC107987228	19	1	23
LOC124903567	0	0	0
LINC02348	4	0	4
TM2D3	310	0	310
TARS3	165	1	164
LOC124903609	0	0	0
UBE2Q2P13	0	0	0
OR4F6	0	0	0
OR4F15	0	0	0
OR4F13P	0	0	0
LOC105376730	1	0	1
FAM138E	0	0	0
MIR1302-10	0	0	0
WASH3P	0	0	0
MIR6859-3	0	0	0
DDX11L9	0	0	0
LOC102723461	0	0	0
LOC124905326	0	0	0
LOC124905325	0	0	0
LOC102723502	0	0	0
LOC124905327	0	0	0
LOC105369218	0	0	0
LOC124900616	0	0	0
LOC124905328	0	0	0
LOC102723532	0	0	0
LOC107987381	0	0	0
LOC102723573	0	0	0
DDX11L10	0	0	0
MIR6859-4	2	0	2
WASIR2	0	0	0
POLR3K	850	9	844
SNRNP25	1177	1	1179
RHBDF1	672	4	668
LOC124903617	3	0	3
MPG	647	9	1444
NPRL3	1448	805	1449
HBZ	0	0	0
LOC107983982	0	0	0
HBM	0	0	0
HBA2	0	0	0
HBA1	0	0	0
HBQ1	0	0	0
LUC7L	960	3	957
FAM234A	4004	4	4001
RGS11	0	2	0
ARHGDIG	0	0	1
PDIA2	0	0	0
AXIN1	1177	1	1176
MRPL28	2376	0	2376
PGAP6	1518	6	1512
LOC100134368	17	1	16
NME4	3089	20	3069
DECR2	0	0	0
RAB11FIP3	34	0	34
LOC107987417	2	2	0
LINC00235	0	0	0
CAPN15	2993	2	2991
MIR5587	4	0	4
MIR3176	0	0	0
PRR35	0	0	0
NHLRC4	12	0	12
PIGQ	2142	2	2140
RAB40C	2128	23	2105
LOC124903618	57	57	0
WFIKKN1	370	6	364
METTL26	2919	1	2918
TRG-CCC2-2	1	2	0
LOC100287175	20	0	21
MCRIP2	1410	6	1425
LOC105371038	0	21	3
WDR90	3165	6	3162
RHOT2	2920	2	2918
RHBDL1	96	1	95
STUB1-DT	7	1	6
STUB1	1476	1142	3593
JMJD8	628	2121	1766
WDR24	1014	52	962
FBXL16	1205	2	1203
METRN	2623	17	2606
ANTKMT	712	6	711
CCDC78	230	15	222
HAGHL	693	53	642
CIAO3	739	28	711
MSLN	7971	8	7963
MIR662	15	0	15
RPUSD1	952	0	952
CHTF18	1284	1	1287
GNG13	18	22	0
LMF1	274	0	317
LOC124903619	8	0	8
LOC107984876	0	0	0
LMF1-AS1	1	44	0
LOC124903620	0	0	0
CEROX1	2	2	0
SOX8	0	0	0
SSTR5-AS1	17	0	17
SSTR5	74	11	63
C1QTNF8	14	2	12
LOC107984906	0	0	0
LOC105371042	0	0	0
CACNA1H	38	2	38
LOC124903622	3	0	3
LOC124903623	0	2	0
TPSG1	1	0	1
LOC124903621	0	0	0
TPSB2	1	0	1
TPSAB1	0	0	0
TPSD1	0	0	0
UBE2I-AS1	0	0	0
UBE2I	3007	1	3006
BAIAP3	53	251	54
TSR3	1356	3	1605
GNPTG	1198	190	1264
UNKL	454	74	636
UNKL-AS1	0	0	0
UQCC4	444	1	443
LOC105371044	0	0	0
PERCC1	0	0	0
CCDC154	21	0	21
CLCN7	2470	2	2468
PTX4	2	0	2
TELO2	1771	2	1777
IFT140	927	22	921
TMEM204	4	4	1
LOC105371046	0	7	0
CRAMP1	687	2	685
JPT2	2867	1	2866
MAPK8IP3	1618	18	1604
MAPK8IP3-AS1	0	0	0
MIR3177	0	0	0
NME3	753	1	756
MRPS34	972	5	2868
EME2	244	2835	334
SPSB3	8	105	927
NUBP2	1755	0	1756
IGFALS	9	4	6
HAGH	1275	54	1271
FAHD1	818	0	871
MEIOB	0	3	0
LINC00254	0	0	0
LINC02124	0	0	0
HS3ST6	0	0	0
MSRB1	0	0	0
LOC124903625	0	0	0
RPL3L	0	0	0
NDUFB10	0	0	0
RPS2	0	0	0
SNORA10	0	0	0
SNORA64	0	0	0
SNHG9	0	0	0
SNORA78	0	0	0
RNF151	0	0	0
TBL3	0	0	0
NOXO1	0	0	0
GFER	0	0	0
SYNGR3	1	0	1
ZNF598	39	0	39
LOC124903626	1	0	1
NPW	0	0	0
NHERF2	183	0	183
NTHL1	584	1	583
TSC2	2037	284	2036
PKD1	1859	36	2419
MIR1225	0	0	0
PKD1-AS1	8	321	0
MIR6511B1	0	0	0
MIR4516	0	0	0
MIR3180-5	0	0	0
RAB26	1724	5	1719
SNHG19	267	0	267
SNORD60	0	0	0
TRAF7	3243	5	4356
CASKIN1	21	1114	25
MLST8	2069	27	2148
BRICD5	102	79	129
PGP	2741	2	2739
E4F1	1446	13	1433
DNASE1L2	70	26	44
ECI1	3122	6	3126
ECI1-AS1	54	47	8
LOC107984839	2	74	1
RNPS1	4394	6	4454
MIR3677HG	38	28	12
MIR3677	3	0	3
MIR940	0	0	0
MIR4717	0	0	0
ABCA3	86	2	84
ABCA17P	7	0	7
CCNF	852	7	1080
MIR6767	0	0	0
LOC105371050	5	235	6
TEDC2	466	1	466
MIR6768	1	0	1
TEDC2-AS1	11	2	10
NTN3	13	7	6
TBC1D24	341	0	341
ATP6V0C	3619	1	3618
AMDHD2	887	1	1381
CEMP1	0	495	0
MIR3178	5	5	0
PDPK1	988	34	954
LOC652276	67	0	67
FLJ42627	170	0	170
ERVK13-1	220	4	216
LOC124903627	1	0	1
KCTD5	742	0	742
PRSS27	137	0	137
SRRM2-AS1	27	6	29
SRRM2	12381	11	12378
ELOB	2197	0	2197
PRSS33	0	0	0
SNORA3C	0	0	0
PRSS41	3	0	3
PRSS21	2689	1	2688
ZG16B	0	0	0
LOC124903628	0	0	0
PRSS30P	0	0	0
PRSS22	0	0	0
LOC101929566	0	0	0
FLYWCH2	2498	5	2493
FLYWCH1	1840	5	1846
FLYWCH1-AS1	15	17	9
KREMEN2	857	68	789
PAQR4	1652	338	2205
PKMYT1	1393	562	1722
GREP1	4	0	4
CLDN9	12	0	12
CLDN6	0	0	0
TNFRSF12A	1432	2	1430
HCFC1R1	664	124	875
THOC6	368	218	497
BICDL2	1	10	1
LOC100128770	2	2	0
MMP25	1	59	0
MMP25-AS1	54	0	54
LOC124900372	49	0	64
IL32	37	0	37
ZSCAN10	0	0	0
LOC124903629	16	11	5
ZNF205-AS1	3	91	7
ZNF205	244	9	333
ZNF213-AS1	157	1	159
ZNF213	290	4	286
CASP16P	7	7	0
TRR-CCG1-3	1	0	1
TRR-CCT3-1	2	0	2
TRK-CTT3-1	9	0	9
TRP-TGG3-3	0	0	0
TRK-CTT8-1	0	0	0
TRP-CGG1-2	0	0	0
TRK-CTT2-5	0	0	0
TRK-CTT5-1	2	0	2
TRP-AGG2-7	0	0	0
TRP-TGG3-4	0	0	0
TRP-TGG3-5	0	0	0
OR1F1	13	0	14
TRP-AGG2-8	0	0	0
TRK-CTT4-1	0	0	0
TRP-AGG1-1	0	0	0
OR1F2P	0	0	0
ZNF200	419	1	419
MEFV	4	0	4
LINC00921	34	1	33
ZNF263	671	0	677
TIGD7	10	17	0
ZNF75A	36	0	36
OR2C1	0	0	0
LOC105371059	4	85	0
ZSCAN32	419	0	500
ZNF174	310	0	310
ZNF597	181	7	174
NAA60	1391	0	1650
MIR6126	0	259	0
C16orf90	0	0	0
CLUAP1	365	0	368
NLRC3	33	36	0
LOC101929732	1	0	1
LOC124903632	0	0	0
LOC105371060	8	12	2
SLX4	289	0	295
DNASE1	80	3300	222
LOC124903631	2	84	25
TRAP1	1555	84	7587
LOC124903630	219	2989	3
CREBBP	1316	0	1316
TRIDDENT	55	1	54
ADCY9	933	4	1021
LOC124903633	6	98	0
LOC124900373	2	0	2
LOC105371062	11	8	3
SRL	4	1	3
LINC01569	77	0	77
TFAP4	310	0	316
LOC124903634	4	10	0
GLIS2	77	3	74
GLIS2-AS1	0	0	0
CORO7-PAM16	0	0	0
PAM16	0	0	0
CORO7	0	0	0
VASN	0	0	0
LOC124903635	0	0	0
DNAJA3	0	0	0
NMRAL1	0	0	0
HMOX2	0	0	0
LOC124903636	0	0	0
CDIP1	13	0	53
C16orf96	1	40	1
UBALD1	722	0	722
MGRN1	1318	3	1315
MIR6769A	0	0	0
NUDT16L1	331	2	329
ANKS3	519	0	519
DNAAF8	23	12	23
ZNF500	264	5	271
SEPTIN12	4	0	4
SMIM22	3	2	1
ROGDI	702	0	702
GLYR1	2158	0	2158
LOC124903638	4	0	4
UBN1	1566	150	1419
PPL	2365	4	2489
LOC124903637	1	126	0
LOC105371064	2	2	0
SEC14L5	5	0	5
NAGPA	557	0	644
NAGPA-AS1	2	87	3
C16orf89	4	4	2
ALG1	454	210	687
EEF2KMT	230	237	436
LOC107984828	1	0	1
LOC105371067	0	0	0
LINC02164	0	0	0
RBFOX1	0	0	0
LINC01570	0	0	0
MIR8065	0	0	0
LOC105371068	0	0	0
LOC124903640	0	0	0
LOC105371069	4	0	4
LOC124903641	0	0	0
LINC02152	0	0	0
LOC105371072	0	0	0
TMEM114	1	0	1
METTL22	347	0	347
ABAT	10	0	10
LOC107984840	0	0	0
TMEM186	397	0	397
PMM2	1346	20	1326
LOC100130283	16	782	13
CARHSP1	1554	28	2305
CARHSP1-DT	0	0	0
LITAFD	0	0	0
USP7	2510	1	2509
USP7-AS1	0	0	0
HAPSTR1	1740	4	1736
LOC105371075	0	0	0
LINC02177	0	0	0
LINC01177	0	0	0
LINC01195	0	0	0
LOC101927026	0	0	0
LOC132205950	0	0	0
GRIN2A	0	0	0
LOC105371077	0	0	0
LOC105371076	0	0	0
LOC107984900	0	0	0
LOC105371078	0	0	0
ATF7IP2	84	12	73
LOC107984877	98	3	95
LINC01290	9	0	10
EMP2	3897	1	3896
TEKT5	5	0	5
LOC105371079	0	0	0
NUBP1	246	12	762
TVP23A	27	543	12
CIITA	93	674	14
DEXI	0	4	592
CLEC16A	982	0	982
LOC105371081	0	0	0
LOC107984859	0	0	0
LOC105371082	26	0	28
SOCS1	12	0	12
TNP2	0	0	0
PRM3	0	0	0
PRM2	0	0	0
PRM1	0	0	0
LOC124903805	0	0	0
MIR548H2	0	0	0
LOC105371083	3	0	3
RMI2	693	0	693
LOC400499	121	92	32
LOC101927131	1	2	0
LITAF	3490	3	3487
LOC124903643	0	0	0
SNN	316	1	318
TXNDC11	1185	2	1186
TXNDC11-AS1	1	0	1
ZC3H7A	1415	0	1415
BCAR4	0	0	0
RSL1D1	5530	1	5529
GSPT1	5283	16	5267
NPIPB2	2	0	2
TNFRSF17	0	0	0
SNX29	271	0	272
LOC642696	0	0	0
LOC124900383	0	0	0
SNX29-AS2	0	0	0
LOC105371087	0	0	0
LOC124903644	0	0	0
SNX29-AS3	5	6	0
LOC105371088	0	0	0
CPPED1	264	0	264
MIR4718	0	0	0
LOC105371090	0	0	0
LOC124900378	0	0	0
SHISA9	0	0	0
LOC105371092	0	0	0
LOC105371091	0	0	0
LOC107984137	0	0	0
LOC124903645	0	0	0
LOC124903646	0	0	0
LOC105371093	0	22	0
LOC124903647	0	1	0
ERCC4	302	0	325
MRTFB	650	0	650
LINC02185	0	0	0
LINC02186	0	0	0
TRT-CGT2-1	1	0	1
MIR193BHG	145	0	145
MIR193B	1	1	0
MIR365A	0	0	0
LINC02130	0	0	0
LINC03107	1	0	1
PARN	0	0	0
LOC105371094	0	0	0
LOC107984865	0	0	0
BFAR	0	0	0
PLA2G10	0	0	0
NPIPA3	0	0	0
LOC100652777	0	0	0
NPIPA2	0	0	0
ABCC6P2	0	0	0
NOMO1	92	0	92
LOC101927469	0	0	0
MIR3179-1	0	0	0
MIR3670-1	0	0	0
MIR3180-1	0	0	0
PKD1P3-NPIPA1	159	0	183
LOC100288162	0	24	0
MIR6511A1	0	0	0
MIR6770-1	0	0	0
NPIPA1	0	0	0
PDXDC1	261	1	260
MIR1972-1	0	0	0
NTAN1	0	0	0
RRN3	3	0	3
LOC100505915	0	19	0
PKD1P6-NPIPP1	51	0	70
MIR6511B2	0	0	0
MIR3180-4	0	0	0
LOC105371096	0	0	0
LOC105371097	0	0	0
NPIPA5	11	0	11
MPV17L-BMERB1	0	0	0
MPV17L	18	0	18
BMERB1	0	0	0
LOC105371102	0	0	0
MARF1	0	0	0
MIR6506	0	0	0
LOC124903649	0	0	0
MIR484	0	0	0
NDE1	0	0	0
MYH11	0	0	0
LOC124903650	0	0	0
LOC124903651	0	0	0
CEP20	3	0	3
LOC107984869	0	0	0
ABCC1	191	0	191
ABCC6	16	2	14
LOC105371100	0	0	0
NOMO3	8	0	8
LOC105371099	0	0	0
MIR3179-2	0	0	0
MIR3670-2	0	0	0
MIR3180-2	0	0	0
LOC131696449	0	0	0
PKD1P1	0	0	0
MIR6511A2	0	0	0
MIR6770-2	0	0	0
NPIPA6	0	0	0
MIR6511A3	0	0	0
NPIPA7	0	0	0
LOC105371105	0	0	0
LOC124903652	0	0	0
LOC124903653	0	0	0
XYLT1	0	0	0
LOC102723692	0	0	0
LOC124903654	0	0	0
LOC107987234	0	0	0
LOC105371106	0	0	0
LOC107984893	0	0	0
LOC105371108	0	0	0
LOC105376751	0	0	0
PKD1P4-NPIPA8	28	0	28
NPIPA8	0	0	0
MIR6511A4	0	0	0
NPIPA9	0	0	0
PKD1P5-LOC105376752	75	0	75
MIR6770-3	0	0	0
LOC112268172	0	0	0
MIR3180-3	0	0	0
MIR3670-3	0	0	0
MIR3179-3	2	0	2
LOC102723728	0	0	0
MIR3670-4	0	0	0
LOC105379460	0	0	0
MIR3179-4	0	0	0
NOMO2	1099	0	1099
ABCC6P1	0	0	0
LOC124903655	0	0	0
RPS15A	9139	1	9138
ARL6IP1	4036	0	4036
SMG1	1590	5	1595
LOC124903799	0	0	0
SMG1-DT	1	6	5
TMC7	246	0	273
COQ7-DT	2	49	0
COQ7	255	1	274
LOC124903656	38	0	38
ITPRIPL2	2116	130	1986
LOC124903657	1	0	1
SYT17	95	0	189
LOC124903658	0	94	0
CLEC19A	1	0	1
LINC02858	0	0	0
LOC105371114	0	0	0
TMC5	164	6	212
TMC5-AS1	0	54	0
GDE1	2989	5	2984
CCP110	325	0	325
VPS35L	25	8	17
KNOP1	712	1	712
IQCK	57	0	106
IQCK-AS1	0	0	0
GPRC5B	4	48	4
LOC105371116	0	0	0
LOC105371117	0	0	0
LOC124903660	0	0	0
GPR139	0	0	0
LOC102723396	0	0	0
GP2	0	0	0
UMOD	0	0	0
PDILT	0	0	0
ACSM5	2	0	2
LOC105371119	0	0	0
ACSM2A	0	0	0
ACSM2B	0	0	0
LOC105371120	0	0	0
LOC107984831	0	0	0
ACSM1	0	0	0
ACSM3	2	103	2
THUMPD1	440	0	440
ERI2	158	0	279
REXO5	321	19	379
LOC105371121	0	59	0
DCUN1D3	211	1	225
LYRM1	269	15	269
DNAH3	3	0	3
LOC107984888	0	0	0
LDAF1	162	0	162
ZP2	0	0	0
LOC105371123	0	0	0
ANKS4B	0	0	0
CRYM	0	0	0
LOC105371125	0	0	0
ABCA15P	0	0	0
SNX29P1	6	0	6
NPIPB3	71	0	71
LOC100190986	0	0	0
SMG1P3	9	0	10
LOC124903800	0	0	0
LOC124903662	0	1	0
MIR3680-1	0	0	0
SLC7A5P2	2	0	2
LOC101927814	0	0	0
METTL9	1	0	1
IGSF6	0	0	0
LOC124903663	0	0	0
OTOA	0	0	0
LOC105371126	0	0	0
RRN3P1	0	0	0
LOC112268174	0	0	0
NPIPB4	44	0	44
LOC124903801	0	0	0
UQCRC2	16	0	20
PDZD9	0	4	0
MOSMO	3	0	4
LOC124903665	0	0	0
LOC105371129	0	1	0
VWA3A	0	0	0
SDR42E2	0	0	0
LOC124903666	0	0	0
TRL-TAG3-1	0	0	0
EEF2K	3	0	3
TRL-AAG2-4	0	0	0
POLR3E	2	0	2
LOC124903664	0	0	0
CDR2	1	0	1
CDR2-DT	0	0	0
SLC68A2P	0	0	0
RRN3P3	1	0	1
SMG1P1	0	0	0
LOC124903802	0	0	0
NPIPB5	2	0	2
LOC105371131	0	0	0
OTOAP1	0	0	0
LOC112268175	0	0	0
LINC02890	0	0	0
LOC107984851	0	0	0
HS3ST2	0	0	0
LOC112268176	0	0	0
USP31	356	0	356
SCNN1G	0	0	0
SCNN1B	0	0	0
COG7	409	18	460
LOC124903667	1	51	19
GGA2	1555	4	1551
EARS2	161	0	161
UBFD1	1539	0	1539
NDUFAB1	1570	1	1569
PALB2	503	0	503
DCTN5	1743	0	1743
PLK1	2366	3	2377
ERN2	0	14	0
CHP2	0	0	0
PRKCB	37	0	37
MIR1273H	0	0	0
LINC02194	0	0	0
CACNG3	7	0	7
LOC124900377	0	0	0
LOC105371143	1	0	1
RBBP6	1175	0	1175
TNRC6A	23	0	23
LINC01567	0	0	0
SLC5A11	0	0	0
ARHGAP17	0	0	0
LCMT1P1	11	0	11
LINC02175	1	0	1
LCMT1-AS1	7	0	7
LCMT1	334	0	334
LCMT1-AS2	1	1	0
AQP8	0	0	0
ZKSCAN2	66	0	67
ZKSCAN2-DT	46	1	46
LINC02191	0	0	0
LOC105371147	0	0	0
LOC105369297	0	0	0
HS3ST4	0	0	0
MIR548W	0	0	0
LOC105371149	0	0	0
LOC105371150	0	0	0
LOC102723536	0	0	0
LINC02195	0	0	0
LOC105371153	0	0	0
LOC105371154	0	0	0
C16orf82	0	0	0
LOC105371155	0	0	0
LINC02129	0	0	0
KDM8	45	19	26
NSMCE1	628	0	633
NSMCE1-DT	1	5	1
IL4R	1522	1	1521
IL21R	2	0	2
LOC124903668	0	0	0
IL21R-AS1	0	0	0
GTF3C1	2620	2	2618
KATNIP	458	0	467
LOC107984874	1	1	0
LOC100128079	0	9	0
LOC105371157	0	0	0
GSG1L	0	0	0
LOC124903669	0	0	0
XPO6	3359	0	3359
SBK1	8	0	8
LOC124903670	28	0	28
NPIPB6	33	0	33
EIF3CL	27	0	29
MIR6862-1	0	0	0
LOC124903790	0	0	0
NPIPB7	1	0	1
CLN3	1164	5	1161
APOBR	30	0	32
IL27	0	0	0
NUPR1	577	0	577
SGF29	215	9	206
SULT1A2	45	0	45
SULT1A1	561	0	612
LOC107984835	12	81	1
LOC124903674	1	2	18
NPIPB8	14	0	14
LOC124903791	0	0	0
EIF3C	457	3	456
MIR6862-2	0	0	0
LOC124903761	0	0	0
NPIPB9	3	0	3
LOC124903792	0	0	0
LOC124903672	18	2	23
ATXN2L	2746	15	2738
TUFM	5027	7	5020
MIR4721	0	0	0
SH2B1	704	2	702
ATP2A1	194	16	200
ATP2A1-AS1	3	10	13
RABEP2	232	1	233
CD19	34	6	28
NFATC2IP	932	1	1064
NFATC2IP-AS1	47	180	0
MIR4517	1	0	1
SPNS1	1533	0	1533
LAT	36	0	36
LOC124903793	0	0	0
RRN3P2	1	0	1
LOC101928215	0	0	0
LOC124903671	3	3	0
LOC101928188	0	0	0
LOC102723708	0	0	0
LOC124903676	0	0	0
LOC105371159	0	0	0
SNX29P2	0	0	0
NPIPB11	31	0	31
SMG1P6	17	0	17
LOC124903796	0	0	0
BOLA2-SMG1P6	4	0	4
LOC606724	0	0	0
BOLA2	0	0	0
SLX1B	3	1	3
SLX1B-SULT1A4	0	0	0
SULT1A4	0	0	0
LOC388242	0	0	0
NPIPB12	19	0	19
LOC124903797	0	0	0
SMG1P2	107	0	107
LOC105371168	1	0	1
MIR3680-2	3	0	3
SPN	0	0	0
QPRT	37	0	37
C16orf54	0	0	0
LOC124903673	0	0	0
ZG16	1	0	1
LOC124903675	0	0	0
LOC105371167	0	0	0
KIF22	2037	0	2037
MAZ	2451	9	3866
MVP-DT	26	1616	24
PRRT2	4	3	1
PAGR1	474	12	639
MVP	5159	0	5159
CDIPT	1128	1	1127
CDIPTOSP	9	0	9
SEZ6L2	1856	0	1856
ASPHD1	885	8	894
KCTD13	279	22	274
KCTD13-DT	53	0	53
TMEM219	1050	0	1050
LOC124903762	0	0	0
TAOK2	1441	1	1440
HIRIP3	469	21	453
INO80E	948	0	1048
DOC2A	0	95	0
C16orf92	0	3	0
TLCD3B	10	0	13
LOC112694756	88	0	88
ALDOA	30	2	28
PPP4C	1494	2	1492
TBX6	13	0	13
YPEL3	414	2	412
YPEL3-DT	10	50	7
GDPD3	134	0	181
MAPK3	1369	1	1368
CORO1A-AS1	0	0	0
CORO1A	0	0	0
BOLA2B	0	0	0
SLX1A	0	0	0
SLX1A-SULT1A3	0	0	0
SULT1A3	0	0	0
LOC613038	30	0	30
LOC101929894	0	0	0
NPIPB13	11	0	11
LOC124903798	0	0	0
SMG1P5	28	0	28
CD2BP2	973	0	974
CD2BP2-DT	48	690	80
TBC1D10B	177	44	854
MYL11	2	0	2
SEPTIN1	24	1	69
ZNF48	271	47	270
ZNF771	121	11	112
SNORA80C	3	0	4
DCTPP1	1236	2	1235
SEPHS2	1406	1	1405
ITGAL	0	0	0
ITGAL-AS1	0	0	0
MIR4518	0	0	0
ZNF768	832	1	831
ZNF747	188	1	187
ZNF747-DT	34	0	34
LOC124903677	1	0	1
ZNF764	204	4	200
ZNF688	118	1	117
ZNF785	175	1	174
ZNF689	369	1	368
LOC124903678	0	0	0
PRR14	533	0	533
FBRS	1160	0	1160
LOC730183	25	8	23
SRCAP	2194	0	2200
SNORA30	1	0	1
TMEM265	36	0	36
PHKG2	976	104	973
CFAP119	3	12	194
RNF40	2749	67	2749
ZNF629	410	0	410
LOC124903679	24	0	24
BCL7C	142	5	561
MIR4519	2	6	0
MIR762HG	64	265	63
MIR762	0	152	2
CTF1	14	0	14
FBXL19-AS1	117	36	141
FBXL19	1132	26	1166
ORAI3	684	0	684
SETD1A	1454	8	1447
HSD3B7	1102	20	1083
STX1B	174	0	176
STX4	856	0	856
ZNF668	483	2	560
ZNF646	907	164	907
PRSS53	215	3	297
VKORC1	3929	0	3929
LOC124903680	0	0	0
BCKDK	2135	2	2133
KAT8	587	0	587
PRSS8	172	0	172
PRSS36	33	3	30
FUS	8941	3	8938
PYCARD	0	0	0
PYCARD-AS1	1	0	1
TRIM72	0	0	0
PYDC1	0	0	0
ITGAM	5	1	4
ITGAX	2	0	2
ITGAD	12	12	0
COX6A2	0	0	0
ZNF843	6	0	6
ARMC5	419	69	350
TGFB1I1	2	0	2
SLC5A2	10	892	0
RUSF1	1161	2	2041
RUSF1-DT	12	0	12
AHSP	0	0	0
LINC02190	0	0	0
FRG2KP	0	0	0
YBX3P1	1	0	1
CLUHP3	100	0	100
KRABD5	130	0	130
LOC107983990	2	0	2
VN1R3	0	0	0
ZNF267	145	0	145
LOC124903681	0	0	0
LOC105371174	0	0	0
LOC102725101	0	0	0
HERC2P4	10	0	10
LOC105379466	0	0	0
TP53TG3D	0	0	0
LOC100507221	0	0	0
LOC390705	0	0	0
LOC105371191	0	0	0
FAM153DP	0	0	0
LOC107984013	0	0	0
TP53TG3	0	0	0
LOC105371177	0	0	0
SLC6A10P	0	0	0
IGHV3OR16-8	0	0	0
TP53TG3C	0	0	0
LOC124903683	0	0	0
TP53TG3E	0	0	0
LOC105369266	0	0	0
TP53TG3B	0	0	0
LOC105379473	0	0	0
TP53TG3F	0	0	0
LOC105379474	0	0	0
LOC101929031	0	0	0
LOC107984855	0	0	0
LOC107984083	0	0	0
LOC102724207	0	0	0
ENPP7P13	0	0	0
IGHV3OR16-17	0	0	0
LOC105369183	0	0	0
LINC00273	0	0	0
MIR9901	0	0	0
CCNYL1B	0	0	0
LOC124903767	0	0	0
LOC102724523	0	0	0
LINC02184	0	0	0
LOC162137	0	0	0
LOC107984902	0	0	0
CCNYL3	0	0	0
LOC105371197	0	0	0
UBE2MP1	3	0	3
LOC112268173	0	0	0
LOC105371200	0	0	0
LOC124903769	0	0	0
LOC124903768	0	0	0
LOC105371199	0	0	0
LOC105371198	0	0	0
LINC01566	0	0	0
LOC105371201	0	0	0
LOC105371203	0	0	0
FRG2DP	0	0	0
TP53TG3HP	0	0	0
LOC105371204	0	0	0
LINC02167	1	0	1
ANKRD26P1	4	0	4
SHCBP1	1198	0	1198
VPS35	2740	0	2740
ORC6	602	4	598
MYLK3	395	0	395
C16orf87	396	0	396
GPT2	446	0	446
SNORD148	0	0	0
DNAJA2	1402	0	1402
DNAJA2-DT	3	0	3
NETO2	896	0	896
LOC124903806	0	0	0
ITFG1-AS1	2	486	0
ITFG1	960	0	1661
ITFG1-AS2	0	217	0
PHKB	1512	0	1512
LOC105371236	0	0	0
LINC02192	0	0	0
LINC02133	0	0	0
LOC124903685	0	0	0
LOC105371237	0	0	0
LINC02134	0	0	0
LOC124903686	0	0	0
ABCC12	0	0	0
ABCC11	11	73	11
LONP2	1003	278	1073
SIAH1	99	15	359
LOC124903786	0	0	0
N4BP1	908	0	908
LOC124903687	1	0	1
LOC105371240	2	0	2
LOC124903794	0	0	0
LOC105371241	0	0	0
LOC102724847	0	0	0
CBLN1	0	0	0
SYNAGE	0	0	0
LOC105371243	0	0	0
LOC124903689	0	0	0
LOC105371244	0	0	0
C16orf78	0	0	0
LINC02179	0	0	0
ZNF423	0	0	0
ADAM3B	0	0	0
CNEP1R1	150	0	150
HEATR3-AS1	0	32	0
HEATR3	370	0	402
TENT4B	278	7	271
ADCY7	180	94	236
MIR6771	0	0	0
BRD7	1043	92	1101
LOC124903785	0	0	0
LINC02178	0	0	0
LOC124903770	0	0	0
LOC124903772	0	0	0
LOC124903771	0	0	0
NKD1	0	0	0
NKD1-AS1	0	0	0
SNX20	0	0	0
LOC101927272	0	0	0
NOD2	0	0	0
CYLD-AS1	2	0	2
CYLD	620	0	620
MIR3181	0	0	0
CYLD-AS2	0	0	0
LINC02168	0	0	0
LINC02128	0	0	0
LOC124903775	0	0	0
LINC02127	0	0	0
LOC107984903	0	0	0
LOC107984887	0	0	0
LOC105371253	0	0	0
SALL1	0	0	0
LOC107984886	0	0	0
LOC105371256	0	0	0
LOC102723323	0	0	0
LOC107984892	0	0	0
HNRNPA1L3	56	0	56
LOC105371257	0	0	0
LINC01571	0	0	0
LOC124903765	0	0	0
LOC105371259	0	0	0
LINC02911	0	0	0
LINC00919	0	0	0
LINC02180	0	0	0
LOC105371261	0	0	0
CASC22	0	0	0
LOC107983961	0	0	0
LOC107984901	0	0	0
LOC105371262	0	0	0
TOX3	0	0	0
CASC16	0	0	0
LOC105371265	0	0	0
LINC03064	0	0	0
CHD9NB	13	0	13
CHD9	770	0	770
LOC124903784	0	0	0
MPHOSPH10P1	0	0	0
LOC102723373	0	0	0
RBL2	932	9	1036
AKTIP	145	107	151
LOC124903690	0	0	0
LOC105371268	0	0	0
LOC105371269	0	0	0
RPGRIP1L	218	0	218
FTO	962	0	962
LOC124903691	0	0	0
FTO-IT1	0	0	0
LOC105371271	12	0	12
LINC02169	0	0	0
IRX3	1594	11	1583
LINC02140	0	0	0
LOC105371272	0	0	0
LINC02183	0	0	0
LOC105371274	0	0	0
LOC101927480	0	0	0
LOC105371275	3	0	3
LOC105371276	0	0	0
CRNDE	256	0	256
IRX5	407	6	401
LOC124903692	0	0	0
LOC105371277	0	0	0
LOC105371278	0	0	0
IRX6	0	0	0
LOC105371279	0	0	0
MMP2-AS1	0	0	0
MMP2	7	0	7
LPCAT2	353	0	353
CAPNS2	0	0	0
LOC124903693	0	0	0
SLC6A2	0	0	0
LOC105371280	0	0	0
CES1P2	6	0	6
CES1P1	0	0	0
CES1	6	0	6
CES5A	0	0	0
LOC124903694	0	0	0
LOC107984815	0	0	0
LOC105371281	0	0	0
GNAO1-DT	1	0	1
LOC102725116	0	0	0
GNAO1	231	5	226
GNAO1-AS1	0	0	0
MIR3935	0	0	0
AMFR	1372	0	1372
NUDT21	1942	0	1942
OGFOD1	935	9	1216
BBS2	733	288	735
LOC105371283	0	0	0
MT4	0	0	0
LOC124903782	0	0	0
MT3	0	0	0
LOC124903695	0	0	0
MT2A	366	0	366
MT1L	0	0	0
MT1E	0	0	0
MT1M	0	0	0
MT1JP	0	0	0
MT1A	0	0	0
MT1DP	0	0	0
MT1B	0	0	0
MT1F	3	0	3
LOC101927536	0	0	0
MT1G	0	0	0
MT1H	0	0	0
MT1IP	0	0	0
MT1X	76	0	76
NUP93-DT	0	0	0
LOC105371287	0	0	0
NUP93	1969	0	1969
MIR138-2	0	0	0
SLC12A3	5096	8	5088
MIR6863	0	0	0
HERPUD1	1223	3	1220
CETP	7	8	2
LOC124903696	19	1	21
NLRC5	1856	1	1855
CPNE2	571	9	562
PSME3IP1	2119	2	2117
RSPRY1	507	0	507
ARL2BP	515	5	705
LOC124903697	8	194	8
PLLP	757	3	755
TRL-CAG2-1	0	0	0
TRL-CAG2-2	0	0	0
CCL22	4	0	4
CX3CL1	0	0	0
CCL17	0	0	0
CIAPIN1	1589	0	1591
COQ9	1609	3	1608
POLR2C	1005	3	1012
DOK4	679	8	681
CCDC102A	238	0	296
ADGRG5	6	58	11
LOC105371291	0	5	0
LOC107984889	0	0	0
ADGRG1	964	14	950
ADGRG3	105	0	105
DRC7	7	0	7
LOC107984852	3	0	3
KATNB1	812	1	811
KIFC3	3389	6	3383
MIR6772	0	0	0
LOC388282	1	0	1
CNGB1	28	2	26
SPMIP8	0	0	0
ZNF319	355	1	369
USB1	1668	15	1668
MMP15	4574	3	4571
CFAP20	462	0	805
LOC101927556	0	529	2
CSNK2A2	991	4	1175
LOC105371293	0	0	0
CFAP263	249	0	290
PRSS54	2	43	0
GINS3	405	52	353
LINC02137	4	0	4
NDRG4	20	20	0
SETD6	448	1524	526
CNOT1	4289	87	5804
SNORA46	0	0	0
SNORA50A	2	0	2
SLC38A7	1064	2	1062
GOT2	5008	3	5005
LOC107984867	1	0	1
LOC105371296	0	0	0
LOC107984824	0	0	0
LOC105371298	0	0	0
APOOP5	0	0	0
LINC02141	0	0	0
LOC105371300	0	0	0
LOC105371299	0	0	0
LOC101927605	0	0	0
LOC107984812	0	0	0
LOC105371301	0	0	0
LOC105371302	0	0	0
CDH8	9	0	9
CDH8-AS1	2	1	1
LOC124903777	0	0	0
LOC124903778	0	0	0
LOC124903803	0	0	0
LOC105371306	0	0	0
LOC102723560	0	0	0
LOC105371307	0	0	0
LOC105371308	0	0	0
LINC02165	0	0	0
LOC105371309	0	0	0
LOC105371310	0	0	0
LOC105371311	0	0	0
LOC107984894	0	0	0
LOC107984822	0	0	0
LOC124903779	0	0	0
LOC105371313	0	0	0
CDH11	0	0	0
LINC02126	0	0	0
LOC124903780	0	0	0
LINC00922	0	0	0
LOC107984823	0	0	0
LOC105371316	0	0	0
LOC105371317	0	0	0
LOC105371318	0	0	0
CDH5	1	0	1
LINC00920	18	0	18
BEAN1	2	5	2
LOC124903698	15	1	16
BEAN1-AS1	0	0	0
TK2	598	0	598
CKLF	5	15	4
CKLF-CMTM1	0	0	0
CMTM1	3	1	2
CMTM2	6	6	1
CMTM4	763	0	780
CMTM3	0	0	0
DYNC1LI2	1537	1	1537
DYNC1LI2-DT	4	1	4
TERB1	0	0	0
NAE1	1607	0	1607
LOC124903699	0	0	2
CA7	0	2	0
PDP2	436	0	436
LOC124903700	8	0	8
LOC107984821	0	0	0
CDH16	7	0	7
RRAD	11	0	11
CIAO2B	721	2	720
CES2	1254	1	1254
LOC107984881	0	0	0
CES3	188	0	188
CES4A	1	0	1
CBFB	983	4	979
PHAF1	413	21	471
B3GNT9	68	62	84
TRADD	410	6	408
FBXL8	280	3	280
HSF4	398	1	397
NOL3	942	14	947
MATCAP1	597	12	604
EXOC3L1	27	24	3
E2F4	1228	0	1228
ELMO3	70	0	70
MIR328	0	0	0
FBXL9P	20	0	20
TMEM208	621	0	622
FHOD1	1099	5	1095
SLC9A5	20	13	17
LOC124903701	28	5	58
PLEKHG4	314	22	314
KCTD19	2	2	0
LRRC36	1	0	1
TPPP3	0	0	0
ZDHHC1	7	0	7
LOC124903702	0	0	0
HSD11B2	65	0	65
ATP6V0D1	1271	0	1271
ATP6V0D1-DT	27	2	25
AGRP	1	1	0
LOC100505942	32	0	108
RIPOR1	1707	89	1694
LOC124903703	6	0	6
CTCF-DT	8	0	8
CTCF	807	0	807
CARMIL2	16	5	16
ACD	666	0	671
PARD6A	59	1	58
ENKD1	377	6	373
C16orf86	20	1	21
GFOD2	256	0	256
RANBP10	567	1	566
TSNAXIP1	16	1	15
CENPT	745	38	744
THAP11	730	7	723
NUTF2	1543	0	1580
EDC4	1816	1	1815
NRN1L	1	0	1
PSKH1	661	2	664
CTRL	23	5	23
PSMB10	693	6	687
LCAT	188	1	187
SLC12A4	1849	7	1842
DPEP3	0	0	0
DPEP2	1	0	1
DPEP2NB	0	0	0
DDX28	485	0	485
DUS2	475	1	474
NFATC3	1171	297	954
LOC124900379	0	0	0
ESRP2	1066	30	1116
MIR6773	0	0	0
PLA2G15	601	0	601
LOC124903704	1	14	0
SLC7A6	657	353	2030
SLC7A6OS	128	1366	475
PRMT7	2701	3	2867
LOC124903789	0	0	0
SMPD3	10	178	1
LOC124903705	0	0	0
LOC105371321	0	0	0
ZFP90	65	0	65
LOC124903808	0	0	0
CDH3-AS1	0	3	0
CDH3	12	0	15
CDH1	15	0	15
TANGO6	391	1	390
HAS3	67	771	67
DERPC	0	0	0
CHTF8	0	0	0
UTP4	601	0	602
SNTB2	1151	0	1151
VPS4A	1544	268	1344
COG8	515	17	552
PDF	119	0	119
NIP7	498	0	498
TMED6	6	3	3
TERF2	637	0	637
CYB5B	4267	1	4266
LOC105371325	0	0	0
MIR1538	0	0	0
NFAT5	1030	8	1022
SNORD13H	0	0	0
NQO1	1461	0	1757
NQO1-AS1	0	296	0
NQO1-DT	15	898	25
NOB1	880	12	1776
WWP2	750	0	750
MIR140	0	0	0
CLEC18A	2	0	2
PDXDC2P-NPIPB14P	346	0	346
MIR1972-2	0	0	0
LOC124903706	4	0	4
PDPR	970	4	1017
LOC400541	0	51	0
CLEC18C	0	0	0
LOC105371328	0	0	0
SMG1P7	101	0	101
LOC124903795	0	0	0
EXOSC6	612	0	612
AARS1	6264	1	6263
DDX19B	311	6	478
DDX19A-DT	4	172	8
DDX19A	1104	2	1102
ST3GAL2	880	8	872
LOC124903707	0	0	0
LOC124903708	0	2	0
FCSK	693	9	686
COG4	1738	1	1737
SF3B3	5292	0	5292
SNORD111B	0	0	0
SNORD111	0	0	0
IL34	9	0	9
MTSS2	1283	0	1283
VAC14	1078	4	1190
VAC14-AS1	7	121	2
TRG-GCC3-1	0	0	0
TRG-GCC2-4	0	0	0
TRG-GCC2-5	0	0	0
HYDIN	1	0	1
CMTR2	36	0	36
LOC102723786	0	0	0
LOC102725168	0	0	0
CALB2	0	0	0
LOC105371332	0	0	0
LINC02136	0	0	0
TRM-CAT2-1	0	0	0
TLE7	0	0	0
ZNF23	193	0	196
LOC124903709	18	14	7
ZNF19	29	0	29
LOC105371335	0	0	0
CHST4	1	0	1
LOC124903710	0	0	0
TAT-AS1	0	0	0
TAT	0	0	0
LOC105371334	0	0	0
MARVELD3	10	22	0
LOC124903711	0	0	9
PHLPP2	422	7	416
LOC124903712	0	0	0
SNORA70D	0	0	0
AP1G1	1637	0	1654
SNORD71	0	0	0
LOC124903713	1	0	1
LOC124903714	2	19	0
ATXN1L	980	0	984
ZNF821	122	9	122
IST1	2219	3	2245
PKD1L3	1	25	0
DHODH	385	32	353
HP	0	0	0
HPR	0	0	0
TXNL4B	281	4	281
DHX38	1620	14	1610
PMFBP1	40	0	40
LOC105371341	0	0	0
LOC124903720	0	0	0
LINC01572	22	0	34
LOC124903718	6	18	0
ZFHX3-AS1	13	27	16
ZFHX3	786	48	773
LOC124903715	0	0	0
LOC124903719	1	0	2
HCCAT5	2	1	5
ZFHX3-AS3	18	0	18
LOHAN2	2	0	2
TRK-TTT1-1	0	0	0
LOC124903717	0	0	0
LOC102723876	0	0	0
LOC105371342	0	0	0
LOC124903721	1	1	0
LOC107984856	0	0	0
LOC124903722	0	0	0
PSMD7-DT	0	0	0
PSMD7	2155	52	2103
PCHILR	6	6	0
PDPR2P	64	1	63
NPIPB15	70	1	69
LOC105376772	0	0	0
CLEC18B	6	0	6
LOC107984827	0	0	0
GLG1	3725	1	3724
RFWD3	1953	1	1952
MLKL	678	0	678
FA2H	784	0	784
LOC105371343	0	0	0
WDR59	760	0	760
ZNRF1	560	16	544
LDHD	200	0	200
ZFP1	49	0	49
CTRB2	0	0	0
CTRB1	0	0	0
LOC100506281	1	1	0
BCAR1	363	0	363
LOC105371344	2	2	0
CFDP1	585	0	585
LOC124900382	0	0	0
LOC124903723	1	0	1
TMEM170A	251	0	251
CHST6	6	0	6
CHST5	10	0	10
TMEM231	230	4	226
GABARAPL2	1102	1	1101
ADAT1	456	0	456
KARS1	3294	0	3298
TERF2IP	749	5	748
CPHXL2	1	1	0
DUXB	0	0	0
CPHXL	0	0	0
LOC105371348	0	0	0
LOC105371347	0	0	0
LOC105371349	0	0	0
CNTNAP4	230	0	230
LINC02125	0	0	0
LOC105376774	0	0	0
MIR4719	0	0	0
LOC124903724	0	0	0
LOC124903725	0	0	0
MON1B	579	0	579
SYCE1L	4	0	8
LOC124903726	3	7	0
ADAMTS18	0	0	0
LOC124903727	0	0	0
LOC105376775	0	0	0
LINC02131	0	0	0
NUDT7	15	0	15
LOC107984878	0	0	0
VAT1L	0	0	0
LOC105371351	0	0	0
CLEC3A	0	0	0
LOC107984897	0	0	0
WWOX	59	0	82
WWOX-AS1	0	0	0
LOC124903728	0	0	0
WWOX-AS2	0	0	0
LOC105371354	0	0	0
LOC112268165	0	0	0
LOC107984806	0	0	0
MAF	0	23	0
LOC124903729	0	0	0
LOC101928230	0	0	0
LOC105371356	0	0	0
MAFTRR	0	0	0
LINC01229	0	0	0
LINC01228	0	0	0
LOC105371357	0	0	0
LOC105371358	0	0	0
DYNLRB2-AS1	1	0	2
DYNLRB2	5	1	5
LINC01227	0	0	0
CDYL2	1979	0	1979
ARLNC1	149	0	149
CMC2	0	0	0
CENPN	0	0	0
CENPN-AS1	0	0	0
ATMIN	0	0	0
C16orf46	0	0	0
C16orf46-AS1	0	0	0
GCSH	0	0	0
PKD1L2	0	0	0
BCO1	0	0	0
GAN	335	0	335
MIR4720	0	0	0
CMIP	633	1	632
MIR7854	0	0	0
MIR6504	0	0	0
LOC105371362	1	1	0
LOC100129617	0	0	0
PLCG2	426	0	426
LOC105369213	0	0	0
LOC124903731	0	0	0
SDR42E1	0	0	0
LOC112268169	0	0	0
HSD17B2	0	0	0
HSD17B2-AS1	0	0	0
MPHOSPH6	267	0	267
LOC101928392	0	0	0
CDH13	0	0	0
MIR8058	0	0	0
LOC101928446	0	0	0
LOC124903733	0	0	0
LOC101928417	0	0	0
CDH13-AS1	0	0	0
MIR3182	0	0	0
LOC124900603	0	0	0
CEDORA	0	0	0
CDH13-AS2	2	0	2
HSBP1	1549	0	1549
MLYCD	171	0	179
LOC105371372	8	16	0
OSGIN1	50	0	50
NECAB2	1	0	1
SLC38A8	0	0	0
MBTPS1	2141	1	2141
MBTPS1-DT	38	1	38
HSDL1	666	0	666
DNAAF1	12	24	5
TAF1C	1044	0	1061
ADAD2	0	0	0
ADAD2-AS1	0	0	0
KCNG4	0	0	0
LOC124903734	2	0	2
WFDC1	374	0	374
ATP2C2	10	29	0
ATP2C2-AS1	22	0	41
MEAK7	513	0	513
LOC124903736	1	0	1
LOC124903735	0	0	0
COTL1	3102	1	3101
LOC105371376	1	0	1
KLHL36	455	0	455
USP10	1839	0	1839
LOC124903737	9	1	8
LOC105371378	0	0	0
CRISPLD2	5	0	5
LINC02176	0	0	0
ZDHHC7	1212	0	1212
KIAA0513	348	0	348
CIBAR2	0	0	0
LOC105371381	0	0	0
LINC02139	0	0	0
LOC105371382	0	0	0
GSE1	2105	93	2026
MIR12128	0	0	0
LINC00311	0	0	0
MIR5093	0	0	0
LOC101928502	0	0	0
LOC107984830	5	0	5
LOC124903738	0	0	0
LOC124903739	0	0	0
GSE1-AS1	5	5	0
GINS2	926	2	938
LOC124903740	6	0	6
C16orf74	253	0	253
MIR1910	1	0	1
EMC8	734	2	735
LOC101928557	0	2	0
COX4I1	6165	8	6158
IRF8	0	0	0
MIR6774	0	0	0
LINC02132	0	0	0
LOC105371388	0	0	0
LOC124903741	0	0	0
LOC105371389	0	0	0
LOC105376778	0	0	0
LOC124903742	0	0	0
LOC124903743	0	0	0
LINC01082	0	0	0
LOC124903744	0	0	0
LINC01081	0	0	0
LINC02135	0	0	0
LOC124903745	0	0	0
LINC00917	4	0	4
FENDRR	4	1	3
FOXF1	0	0	0
MTHFSD	407	0	407
FLJ30679	3	0	3
FOXC2-AS1	0	100	13
FOXC2	269	19	363
FOXL1	72	0	72
LINC02189	0	0	0
LINC02188	0	0	0
LOC105371392	0	0	0
LOC107984819	2	0	2
LOC124903746	0	0	0
LINC02181	0	0	0
LOC105371394	0	0	0
LOC101928708	0	0	0
LOC101928682	0	0	0
C16orf95	52	0	52
LOC124903787	0	0	0
C16orf95-DT	9	0	9
FBXO31	739	6	739
LOC124903747	0	0	10
TRM-CAT6-1	0	2	0
MAP1LC3B	1672	0	1672
ZCCHC14	643	8	635
ZCCHC14-DT	7	0	7
LOC124903748	0	0	0
LOC124903749	7	0	7
LOC124903750	0	0	0
JPH3	6	10	0
LOC100129215	14	1	15
KLHDC4	1200	2	1203
LOC124903752	102	0	102
LOC124903751	186	0	186
LOC105371399	19	12	19
LOC102724467	32	7	31
SLC7A5	82053	184	91758
MIR6775	18	2	16
SLC7A5-AS1	78	9859	119
MIR11401	2	2	0
CA5A	0	0	0
BANP	814	1	813
LOC124903754	1	1	0
LOC400553	0	0	0
ZNF469	0	0	0
LOC105371401	0	0	0
LINC02182	0	0	0
LOC124900374	0	0	0
LOC107984862	0	0	0
LOC112268182	0	0	0
ZFPM1	332	14	318
MIR5189	0	0	0
LOC107984890	13	4	9
ZFPM1-AS1	2	0	2
ZC3H18-DT	4	0	4
ZC3H18	1662	20	1642
LOC124903755	0	0	0
IL17C	0	3	0
CYBA	5940	19	5924
MVD	1072	0	1072
SNAI3-AS1	105	1	104
SNAI3	20	11	9
RNF166	587	0	590
CTU2	371	79	353
PIEZO1	14562	15	15283
MIR4722	0	0	0
HSALR1	1	678	0
PIEZO1-AS1	1	1	0
CDT1	2733	4	2729
APRT	2552	11	2541
GALNS	1480	24	1458
LOC107983950	11	0	14
TRAPPC2L	1133	9	1132
PABPN1L	2	1	1
CBFA2T3	251	1	286
LOC101927793	5	39	2
LOC102724632	0	0	0
LOC105371409	50	1	49
LOC107984871	4	0	4
LOC100129697	4	1	4
LOC124903756	0	0	0
LOC105371411	0	0	0
LOC105371412	2	0	2
ACSF3	1386	0	1386
LINC00304	9	1	8
LINC02138	2	0	2
CDH15	3	0	3
SLC22A31	2	0	2
ZNF778-DT	59	0	59
ZNF778	593	0	593
LOC124903766	3	0	3
ANKRD11	2740	4	2807
LOC124903757	314	352	33
LOC105371414	0	0	0
LOC128462377	0	0	0
LOC100287036	6	1	6
LOC101927817	1	13	0
LOC101930112	34	0	34
LOC101927863	17	2	18
SPG7	2420	6	2417
RPL13	21701	18	21683
SNORD68	1	0	1
CPNE7	307	3	304
DPEP1	2	0	2
LOC124903758	0	18	0
CHMP1A	2277	0	2297
SPATA33	234	2	234
LINC02166	11	97	13
CDK10	1139	14	1224
SPATA2L	228	0	228
VPS9D1	281	269	334
VPS9D1-AS1	174	112	364
ZNF276	524	778	1073
FANCA	1758	563	2504
SPIRE2	1462	2	1764
LOC124903760	10	7	4
LOC112268179	2	303	2
TCF25	2640	0	2640
LOC124903759	132	3	129
MC1R	310	15	295
TUBB3	647	1	646
DEF8	891	3	888
SNORA119	2	0	2
CENPBD1P	143	0	152
AFG3L1P	451	10	450
DBNDD1	249	18	258
DRC4	287	19	703
GAS8-AS1	3	4	0
URAHP	18	413	12
PRDM7	1	0	1
LOC105376786	0	0	0
FAM157C	0	0	0
LOC105376781	7	1	6
LOC101927999	167	6	161
LINC02193	1	0	1
LOC107987240	0	0	0
LOC102723655	0	0	0
LOC124905329	0	0	0
LOC105379545	0	0	0
LOC107987382	0	0	0
LOC105379535	0	0	0
LOC105379533	0	0	0
LOC102723713	0	0	0
LOC105379537	0	0	0
LOC112268315	0	0	0
LOC102723753	30	0	30
LOC107987384	0	0	0
SLC6A10PB	0	0	0
LOC105379539	0	0	0
LOC105379540	0	0	0
LOC112268316	0	0	0
LOC102724014	0	0	0
LOC102723841	0	0	0
LOC105379544	0	0	0
LOC102723869	0	0	0
LOC102724052	0	0	0
LOC105379547	0	0	0
LOC107987386	0	0	0
LOC124907782	0	0	0
LOC102723890	0	0	0
LINC02887	1	0	1
LOC124904108	0	0	0
LOC101929823	0	0	0
LOC101929828	0	0	0
SCGB1C2	0	0	0
DOC2B	0	0	0
LINC02091	0	0	0
LOC124903889	1	0	1
RPH3AL	0	0	0
RPH3AL-AS1	0	0	0
LOC105371425	0	0	0
LOC105371430	0	0	0
LIAT1	0	0	0
RFLNB	0	0	0
VPS53	0	0	0
VPS53-AS1	0	0	0
LOC124903891	0	0	0
LOC124903893	3	0	3
TLCD3A	973	52	921
GEMIN4	1709	6	1706
DBIL5P	4	1	6
GLOD4	932	0	932
MRM3	630	11	619
NXN	1213	2	1212
LOC124903894	0	0	0
LOC101927727	0	0	0
TIMM22	0	0	0
ABR	4	0	4
LOC105371481	0	0	0
MIR3183	0	0	0
LOC124903895	0	0	0
LOC105371480	0	0	0
ABR-AS1	0	1	0
BHLHA9	0	0	0
TRARG1	0	0	0
YWHAE	0	0	0
CRK	100	1	99
CRK-AS1	0	0	0
MYO1C	6102	2	6100
LOC105371483	3	11	1
INPP5K	564	1	572
PITPNA-AS1	1	4	65
PITPNA	1720	68	1720
SLC43A2	34	0	34
LOC124904121	0	0	0
SCARF1	0	0	0
RILP	0	0	0
PRPF8	0	0	0
TLCD2	1	0	1
MIR22HG	0	0	0
MIR22	0	0	0
WDR81	264	0	264
SERPINF2	1	0	1
SERPINF1	64	60	6
SMYD4	448	0	450
RPA1	4853	0	4853
RTN4RL1	171	0	171
LOC105371486	0	0	0
RTN4RL1-AS1	0	0	0
DPH1	523	2	521
OVCA2	25	0	25
LOC124903896	3	0	3
MIR132	0	0	0
MIR212	0	0	0
HIC1	30	262	22
SMG6	327	2	587
LOC107984988	3	3	0
SMG6-AS1	1	1	0
LOC101927839	0	0	0
SRR	187	1523	276
TSR1	1841	152	3293
SNORD91B	2	0	2
SNORD91A	3	1	2
SGSM2	1683	12	1829
LOC101927864	4	160	2
MNT	884	4	880
LOC284009	11	0	11
METTL16	707	0	707
PAFAH1B1	1878	0	1878
LOC124904127	0	0	0
LOC105371490	0	0	0
CLUH	4049	7	4047
MIR6776	0	0	0
LOC105371592	85	4	86
CCDC92B	27	3	24
MIR1253	0	0	0
RAP1GAP2	1483	0	1541
RAP1GAP2-AS1	0	58	0
OR1D5	0	0	0
OR1D2	0	0	0
OR1G1	0	0	0
LOC100288728	0	0	0
OR1A2	0	0	0
OR1A1	0	0	0
OR1D4	0	0	0
OR3A2	0	0	0
OR3A1	0	0	0
OR3A4P	0	0	0
OR1R1	0	0	0
OR1E1	0	0	0
OR3A3	0	0	0
OR1E2	0	0	0
SPATA22	0	0	0
ASPA	0	0	0
TRPV3	1	0	1
TRPV1	299	0	299
SHPK	365	0	368
CTNS	417	209	365
LOC105371493	64	36	86
P2RX5-TAX1BP3	25	709	13
TAX1BP3	2	1	1
EMC6	5	5	702
P2RX5	190	0	190
ITGAE	35	17	18
HASPIN	299	0	299
NCBP3	780	0	780
LOC124903897	0	0	0
CAMKK1	451	0	451
P2RX1	5	0	5
ATP2A3	94	0	94
LINC01975	0	0	0
ZZEF1	1436	2	1437
LOC124904128	0	0	0
CYB5D2	317	9	431
LOC124903898	5	122	3
ANKFY1	1893	1	1892
UBE2G1	1428	0	1428
SPNS3	0	0	0
LOC124903899	0	0	0
SPNS2-AS1	0	0	0
SPNS2	30	62	1
MYBBP1A	2574	4	2603
GGT6	0	0	0
SMTNL2	1	0	1
LINC01996	0	0	0
LOC105371498	0	0	0
ALOX15	2	0	2
LOC105371499	0	0	0
PELP1	2935	0	2940
PELP1-DT	9	5	9
ARRB2	469	0	469
MED11	256	1	270
CXCL16	35	18	33
ZMYND15	3	1	3
TM4SF5	0	0	0
VMO1	2	0	5
GLTPD2	48	47	4
PSMB6	1484	2	1482
C17orf114	0	0	0
PLD2	696	0	696
MINK1	3446	6	3604
CHRNE	1	177	2
C17orf107	3	1	16
GP1BA	39	38	1
SLC25A11	1777	3	1776
RNF167	2792	3	2791
PFN1	12848	16	12867
ENO3	986	87	934
SPAG7	733	0	733
LOC124900387	19	0	19
CAMTA2	675	18	762
MIR6864	0	0	0
MIR6865	0	0	0
LOC124903901	1	98	8
CAMTA2-AS1	3	10	46
INCA1	16	54	15
KIF1C	2886	5	3243
KIF1C-AS1	0	361	1
LOC105371501	3	0	3
SLC52A1	1	1	0
ZFP3-DT	0	0	0
ZFP3	0	0	0
ZNF232	209	83	209
ZNF232-AS1	26	0	109
USP6	0	19	0
ZNF594	111	0	130
ZNF594-DT	1	0	10
SCIMP	0	9	0
RABEP1	1333	258	1654
LOC105371505	0	100	2
NUP88	1697	228	1946
RPAIN	503	49	514
C1QBP	4925	12	4973
DHX33	1135	1	1134
DHX33-DT	0	0	0
DERL2	903	25	906
MIS12	714	3	739
LOC728392	0	0	0
LOC124900388	0	0	0
NLRP1	29	0	32
LOC101928044	0	0	0
LOC124903902	0	5	0
LOC105371507	0	0	0
LOC124903903	0	0	0
LOC339166	0	0	0
WSCD1	0	0	0
LOC105371508	0	0	0
LOC124903904	0	0	0
LOC105371509	3	0	3
AIPL1	0	0	0
LOC107985017	6	259	3
PIMREG	303	24	556
PITPNM3	966	2	985
KIAA0753	654	0	654
LOC122526780	13	0	13
TXNDC17	792	228	892
MED31	60	106	282
C17orf100	23	0	23
MIR4520-1	0	1	0
MIR4520-2	0	0	1
ALOX15P1	0	0	0
SLC13A5	0	0	0
XAF1	10	0	10
LOC124903905	0	0	0
FBXO39	0	0	0
TEKT1	0	0	0
ALOX12P2	1	1	0
LOC124903907	64	0	64
LOC124903908	0	0	0
LOC124903906	3	3	0
ALOX12-AS1	13	0	46
ALOX12	114	144	0
RNASEK-C17orf49	0	0	0
RNASEK	22	0	22
BACC1	0	0	0
MIR497HG	0	264	7
MIR195	0	0	0
MIR497	0	0	0
BCL6B	51	0	51
SLC16A13	172	0	172
SLC16A11	0	1	0
LOC124903909	1	0	2
CLEC10A	0	0	0
ASGR2	0	0	0
LOC105371512	0	0	0
LOC124903910	0	0	0
LOC124903911	0	2	0
ASGR1	11	0	13
DLG4	568	1313	615
ACADVL	9329	66	10663
MIR324	9	48	0
DVL2	1281	0	1282
PHF23	1534	1	1533
GABARAP	1404	1	1404
CTDNEP1	1330	1	1329
ELP5	0	0	0
CLDN7	0	0	0
SLC2A4	0	0	0
YBX2	0	0	0
LOC124903912	0	0	0
EIF5A	0	0	1
GPS2	0	0	0
NEURL4	0	0	0
ACAP1	0	0	0
KCTD11	0	0	0
TMEM95	0	0	0
TNK1	0	0	0
TMEM256-PLSCR3	0	0	0
PLSCR3	0	0	0
TMEM256	0	0	0
NLGN2	0	0	0
SPEM1	0	0	0
SPEM2	0	0	0
SPEM3	0	0	0
TMEM102	0	0	0
FGF11	0	0	0
CHRNB1	0	0	0
ZBTB4	0	0	0
SLC35G6	0	0	0
POLR2A	507	0	507
TNFSF12-TNFSF13	0	0	0
TNFSF12	0	0	0
TNFSF13	126	11	115
SENP3	54	0	54
SENP3-EIF4A1	5	0	5
EIF4A1	0	0	0
SNORA48	2	0	2
SNORD10	33	0	33
SNORA67	4	0	4
CD68	617	48	641
MPDU1-AS1	174	331	261
MPDU1	998	46	1293
SOX15	9	9	1
FXR2	2111	13	2098
SHBG	10	197	9
SAT2	292	0	488
ATP1B2	11	0	11
TP53	1065	2	1188
WRAP53	755	142	738
EFNB3	0	0	0
DNAH2	44	0	44
RPL29P2	0	0	0
KDM6B	570	2	766
LOC124904106	7	35	1
LOC107987244	0	168	1
TMEM88	5	0	5
NAA38	817	7	819
CYB5D1	844	37	816
CHD3	7008	2	7006
SCARNA21	2	0	2
RNF227	134	1	133
KCNAB3	18	0	18
TRAPPC1	846	3	843
CNTROB	1008	0	1008
GUCY2D	0	0	0
ALOX15B	29	0	29
ALOX12B	9	10	8
LOC107985075	4	3	10
MIR4314	0	0	0
ALOXE3	33	0	33
TRK-TTT3-5	0	0	0
TRQ-CTG1-5	0	0	0
TRL-TAG1-1	0	0	0
HES7	1034	0	1042
TRR-TCT2-1	0	8	0
TRG-GCC2-6	0	0	0
TRS-CGA1-1	0	0	0
TRT-AGT5-1	0	0	0
PER1	1723	0	1723
MIR6883	0	0	0
VAMP2	420	0	420
TMEM107	233	0	379
SNORD118	0	0	0
LOC105371520	17	163	0
TRW-CCA3-3	1	1	0
TRS-GCT4-3	3	3	0
MIR4521	0	0	0
TRT-AGT1-1	1	1	0
TRI-AAT5-5	3	3	0
BORCS6	514	8	506
LOC124903913	2	0	2
AURKB	930	0	930
LINC00324	30	6	25
TRW-CCA1-1	0	0	0
TRG-TCC3-1	0	0	1
TRD-GTC2-11	0	0	0
TRP-CGG1-3	0	0	0
CTC1	460	8	452
TRT-AGT1-2	0	0	0
TRS-AGA2-6	0	0	0
TRI-AAT4-1	0	0	0
PFAS	1959	0	1959
SLC25A35	629	348	756
RANGRF	0	130	342
LOC124903915	0	1	0
LOC124903914	1	0	2
ARHGEF15	0	0	0
LOC124900396	0	0	0
LOC124903916	0	0	0
ODF4	0	0	0
LOC100128288	0	0	0
KRABD2	58	0	58
RPL26	15018	4	15014
RNF222	0	0	0
NDEL1	807	7	808
MYH10	597	11	722
LOC107987245	26	56	25
LOC102724262	0	73	0
LOC105371525	0	0	0
LOC105371526	0	0	0
CCDC42	1	0	1
LOC105371529	0	0	0
SPDYE4	0	0	0
LOC105371530	0	0	0
LOC124903918	0	0	0
MFSD6L	0	0	0
PIK3R6	0	0	0
LOC107985071	0	0	0
LOC124903919	0	0	0
PIK3R5	0	0	0
LOC124903922	0	0	0
LOC124903920	0	0	0
LOC124903921	0	0	0
PIK3R5-DT	0	0	0
NTN1	0	0	0
LOC101928266	0	0	0
LOC124903923	5	5	0
STX8	211	1	210
CFAP52	15	13	2
LOC124903924	11	4	10
USP43	190	1	203
LOC107985011	0	13	0
DHRS7C	7	2	5
GSG1L2	1	0	1
LOC124903925	3	0	3
GLP2R	1420	2	1418
RCVRN	0	0	0
GAS7	19	4	15
LOC107985004	0	0	0
MYH13	0	0	0
MYHAS	0	0	0
MYH8	0	0	0
MYH4	0	0	0
MYH1	0	0	0
MYH2	0	0	0
MYH3	49	0	60
LOC124903927	0	11	0
SCO1	1434	1	1433
ADPRM	119	1	126
TMEM220	53	17	82
MAGOH2P	7	4	3
TMEM220-AS1	1	37	2
TMEM238L	0	0	0
PIRT	0	0	0
LOC124903926	0	0	0
LOC105371536	0	0	0
SHISA6	0	0	0
LOC124903929	0	0	0
DNAH9	0	0	0
LOC101928350	0	0	0
LOC124903928	12	0	12
ZNF18	103	0	103
MAP2K4	749	0	749
MIR744	0	0	0
LINC00670	0	0	0
LOC105371540	0	0	0
MYOCD	0	0	0
MYOCD-AS1	0	0	0
ARHGAP44-AS1	0	0	0
ARHGAP44	3	8	1
MIR1269B	0	0	0
ELAC2	3259	3	3262
LINC02093	0	0	0
LOC124904097	0	0	0
LOC105371543	0	0	0
HS3ST3A1	0	0	0
MIR548H3	0	0	0
LOC105371544	0	0	0
LOC107985014	3	0	3
LOC100506974	2	0	2
CDRT15P1	18	18	0
COX10-DT	109	0	109
COX10	590	0	590
CDRT15	1	1	0
HS3ST3B1	0	0	0
MGC12916	0	0	0
LROMI1	0	0	0
LOC107984996	0	0	0
LOC105371545	0	0	0
LINC02096	0	0	0
LOC101928475	0	0	0
CDRT7	0	0	0
CDRT8	0	0	0
LOC107984976	0	0	0
LOC105371547	0	0	0
PMP22	2868	1	2870
MIR4731	0	0	0
LOC124903931	0	3	0
LOC124903932	0	0	0
TEKT3	0	0	0
TVP23C-CDRT4	0	0	0
CDRT4	0	0	0
CDRT3	0	0	0
TVP23C	23	0	23
FBXW10B	15	0	15
TRIM16	772	0	772
ZNF286A-TBC1D26	0	0	0
ZNF286A	90	0	90
TBC1D26-AS1	0	0	0
TBC1D26	0	0	0
LOC105371559	0	0	0
CDRT15P2	0	0	0
MEIS3P1	1	0	1
LOC124903935	0	0	0
LINC02087	0	0	0
LOC105371557	0	0	0
ADORA2B	2	2	0
ZSWIM7	212	3	211
TTC19	887	17	880
NCOR1	2431	12	2427
SNORD163	0	0	0
PIGL	199	0	199
MIR1288	0	0	0
CENPV	999	6	993
LOC124903937	0	0	0
UBB	13946	3	13943
TRPV2	6	1	5
SNHG29	3164	8	4310
SNORD49B	0	0	0
SNORD49A	8	0	8
SNORD65	0	0	0
LRRC75A	48	1162	41
LOC124903936	1	0	1
LOC124903940	2	0	2
LOC124903941	0	0	0
LOC105371554	0	0	0
ZNF287	0	0	0
ZNF624	22	0	22
LOC124903934	0	0	0
CCDC144A	0	0	0
USP32P1	2	0	2
FAM106C	0	0	0
LOC105371552	0	0	0
KRT16P2	0	0	0
LOC105371551	0	0	0
KRT17P1	7	0	7
LOC124903939	3	0	3
TBC1D27P	0	0	0
TNFRSF13B	0	0	0
LOC284191	0	0	0
LINC02090	0	0	0
LOC124903938	0	0	0
MPRIP	3610	1	3610
PLD6	205	7	199
FLCN	360	1	359
COPS3	1629	6	1623
NT5M	131	0	131
MED9	386	0	386
RASD1	2	2	0
PEMT	613	6	607
SMCR2	0	0	0
RAI1	1735	1	1736
LOC124903943	23	23	0
RAI1-AS1	0	0	0
LOC124903942	3	3	0
SMCR5	0	0	0
SREBF1	7833	7	7828
MIR6777	0	0	0
MIR33B	0	0	0
TOM1L2	463	0	463
DRC3	17	31	2
LOC107984989	0	1	3
ATPAF2	364	0	376
GID4	386	0	386
DRG2	796	0	868
LOC105371566	0	72	0
MYO15A	1	0	2
LOC124904129	0	0	0
LOC124903944	0	0	0
LOC105371567	0	1	0
ALKBH5	2365	1	2364
LLGL1	600	0	600
FLII	0	0	0
MIEF2	0	0	0
TOP3A	0	0	0
SMCR8	0	0	0
SHMT1	0	0	0
MIR6778	0	0	0
EVPLL	0	0	0
LINC02076	0	0	0
KRT17P5	0	0	0
KRT17P2	0	0	0
LOC105371570	0	0	0
KRT16P1	0	0	0
LOC105371569	0	0	0
LGALS9C	0	0	0
USP32P2	95	0	95
FAM106A	0	0	0
CCDC144BP	10	0	10
LOC107985051	3	3	0
TBC1D28	0	0	0
LOC124903945	0	0	0
ZNF286B	18	0	18
FOXO3B	13	0	13
TRIM16L	543	1	542
FBXW10	4	0	4
TVP23B	796	1	795
LOC101929141	0	0	0
PRPSAP2	608	0	608
LOC124904114	0	0	0
SLC5A10	13	187	8
FAM83G	542	0	716
GRAP	3	1	10
SNORD3B-1	2	0	2
SNORD3B-2	0	0	0
LOC102724624	0	0	0
SNORD3D	0	0	0
LOC124903946	0	0	0
GRAPL	1	2	0
GRAPL-AS1	0	0	1
SNORD3A	4	0	4
SNORD3C	0	0	0
LOC388436	0	0	0
EPN2	477	23	975
EPN2-IT1	2	0	2
EPN2-AS1	1	3	0
B9D1	374	506	396
MIR1180	4	0	4
LOC105371573	5	5	1
MAPK7	588	4	594
MFAP4	8	8	3
LOC124903947	2	2	0
RNF112	39	0	39
LINC02094	0	0	0
LOC105371574	1	1	0
TRW-CCA2-1	0	0	0
SLC47A1	103	3	128
SNORA59B	0	0	0
LOC105371578	0	28	0
SLC47A1P2	3	3	0
ALDH3A2	2161	0	2161
SLC47A2	4	4	0
LOC124903948	0	0	0
ALDH3A1	231	0	231
ULK2	0	0	0
TRG-CCC3-1	0	0	0
AKAP10	779	0	779
SPECC1-DT	2	0	2
SPECC1	3838	1	3837
LOC100131943	0	0	0
CCDC144CP	6	0	6
USP32P3	276	0	276
FAM106B	5	0	5
NOS2P3	20	0	20
LGALS9B	0	0	0
KRT16P3	5	0	5
LOC100996294	0	0	0
LOC105371580	0	0	0
CDRT15L2	0	0	0
LINC02088	0	0	0
LOC100287072	0	0	0
LOC105371583	0	0	0
CCDC144NL	0	0	0
CCDC144NL-AS1	0	0	0
LOC124900389	1	83	1
LOC339260	0	0	0
USP22	3811	2	3892
LINC01563	1	1	0
DHRS7B	522	4	518
TMEM11	932	1	940
TMEM11-DT	7	10	6
NATD1	261	6	255
MAP2K3	923	0	923
KCNJ12	98	0	98
LOC124903950	0	0	0
LOC124903951	0	0	0
LOC105371589	0	0	0
LINC02693	406	0	406
LOC124903953	0	0	0
LOC101930665	0	0	0
KCNJ18	0	0	0
UBBP4	103	0	103
LINC02002	0	0	0
LOC105371597	0	0	0
FAM27E5	0	0	0
LOC105377824	0	0	0
LOC107987246	0	0	0
FLJ36000	0	0	0
LOC124903954	0	0	0
LOC124904098	0	0	0
LOC124903955	0	0	0
LOC105371703	0	0	0
LOC105371704	0	0	0
LOC124903956	0	0	0
MIR4522	1	0	1
WSB1	1537	0	1537
LINC03146	11	10	1
LOC124903959	19	18	1
LOC124903958	12	0	12
LOC105371705	0	0	0
TBC1D3P5	0	0	0
KSR1	450	0	450
LOC124903960	13	0	13
LGALS9	17	0	17
NOS2	0	0	0
LOC124903961	0	0	0
LYRM9	92	0	92
LINC01992	0	0	0
LOC124903962	0	0	0
LOC124900393	0	0	0
LOC105371709	0	0	0
NLK	310	0	322
LOC102724517	19	0	19
LOC105371711	8	0	8
LOC105371710	0	15	0
PYY2	12	0	15
LOC105371712	0	0	0
PPY2P	0	0	0
LOC101926984	24	0	24
KRT18P55	1	0	1
TMEM97	1511	130	1546
IFT20	232	47	350
TNFAIP1	2250	85	2439
POLDIP2	2818	229	3846
LOC124903963	0	979	2
VMA12	665	0	672
MIR4723	0	0	0
SEBOX	0	8	0
VTN	3882	6	3876
SARM1	126	1014	270
SLC46A1	376	194	1340
LOC124903964	4	0	4
SLC13A2	0	0	0
FOXN1	19	0	19
UNC119	579	0	579
PIGS	2712	3	2709
ALDOC	1449	0	1449
SPAG5	3734	3	3733
SPAG5-AS1	6	1210	6
RSKR	99	3	96
BLTP2	3443	6	4645
SDF2	675	2	675
SUPT6H	4054	1	4055
PROCA1	65	3	62
RAB34	2572	12	2560
RPL23A	13071	9	13066
SNORD42B	3	2	1
SNORD4A	9	1	8
SNORD42A	1	0	1
SNORD4B	0	0	0
TLCD1	594	7	591
NEK8	148	0	148
TRAF4	2853	5	2848
FAM222B	695	5	693
LOC124903965	0	0	0
ERAL1	1694	2	1695
LOC124903966	0	0	0
MIR451A	0	0	0
MIR451B	0	0	0
MIR144	0	0	0
MIR4732	0	0	0
FLOT2	3476	1	3475
DHRS13	794	0	794
PHF12	1125	0	1147
LOC101927018	3	23	0
LOC105371716	4	2	4
SEZ6	1	1	0
PIPOX	7	0	7
MYO18A	2163	3	2160
LOC124903967	3	2	1
CRYBA1	0	0	0
NUFIP2	3851	0	3851
TAOK1	1690	0	1690
MIR4523	0	0	0
ABHD15	303	1	367
TP53I13	844	447	759
GIT1	1543	6	1837
ANKRD13B	836	10	829
CORO6	1027	0	1027
SSH2	666	5	724
SSH2-AS1	1	1	0
LOC124900390	3	0	3
LOC124904117	0	0	0
EFCAB5	19	58	24
NSRP1	817	0	817
MIR423	0	0	0
MIR3184	0	0	0
SLC6A4	1	1	0
LOC124903970	0	0	0
LOC105371720	7	7	0
BLMH	834	0	834
LOC124903971	8	0	8
LOC105371721	0	0	0
TMIGD1	0	0	0
CPD	2951	1	2950
GOSR1	984	1	983
TBC1D29P	0	0	0
LOC101927093	0	0	0
SMURF2P1-LRRC37BP1	390	0	390
LOC124903978	0	0	0
SH3GL1P2	7	3	4
LOC105371723	1	0	1
SUZ12P1	183	60	187
CRLF3	212	31	245
ATAD5	398	8	390
TEFM	292	41	251
ADAP2	0	0	0
RNF135	0	0	0
DPRXP4	0	0	0
LOC107984974	1	1	0
LOC646030	0	0	0
MIR4733HG	0	0	0
LOC124903974	0	0	0
MIR4733	0	0	0
NF1	2	0	2
LOC101927057	0	0	0
OMG	0	0	0
EVI2B	0	0	0
EVI2A	0	0	0
RAB11FIP4	60	0	60
LOC124903977	0	0	0
LOC105371725	0	0	0
MIR4724	0	0	0
TRT-CGT4-1	0	0	0
MIR193A	4	1	3
MIR365BHG	0	0	0
MIR4725	0	0	0
MIR365B	0	0	0
LOC124903975	0	0	0
COPRS	532	0	532
UTP6	1479	0	1479
SUZ12	1530	0	1530
LOC124903972	0	5	0
LRRC37B	122	0	127
SH3GL1P1	9	0	9
VILMIR	0	0	0
LOC102724625	0	0	0
LOC105371730	14	55	82
RHOT1	986	68	1041
ARGFXP2	2	2	0
LOC124903979	0	0	0
LOC105371731	0	0	0
RHBDL3	0	1	0
LOC124903980	0	0	0
C17orf75	290	0	290
MIR632	0	0	0
ZNF207	3229	0	3229
PSMD11	2088	2	2086
CDK5R1	57	0	57
MYO1D	0	0	0
LOC124903982	0	0	0
LOC105371734	0	0	0
LOC107985012	0	0	0
LOC124903981	0	0	0
MYO1D-DT	0	0	0
H2BN1	0	0	0
TMEM98	0	0	0
SPACA3	0	0	0
ASIC2	3	0	5
ASIC2-AS2	0	0	0
LOC124903985	0	0	0
AA06	0	0	0
LOC112268206	0	0	0
ASIC2-AS1	0	0	0
LOC124903984	0	0	0
LOC124903983	0	0	0
LOC107985038	0	0	0
LOC107987247	0	0	0
LOC107985035	0	0	0
LOC107985036	0	0	0
LOC105371735	0	2	0
LINC01989	3	0	3
CCL2	7	0	7
CCL7	0	0	0
CCL11	0	0	0
CCL8	0	0	0
CCL13	0	0	0
CCL1	0	0	0
LOC124903986	0	0	0
LOC105371738	0	0	0
LOC105371739	0	0	0
TMEM132E-DT	0	0	0
TMEM132E	0	0	0
LOC105371740	0	0	0
LOC124903987	0	0	0
LOC105371742	0	0	0
CCT6B	18	0	18
ZNF830	305	0	305
LIG3	686	82	898
RFFL	34	170	34
RAD51L3-RFFL	0	0	0
LOC124904123	0	0	0
RAD51D	309	1	309
FNDC8	3	115	1
NLE1	635	0	747
UNC45B	0	0	0
SLC35G3	0	0	0
LOC105371932	35	21	26
SLFN5	1212	0	1224
SLFN11	0	0	0
LOC105371933	0	0	0
SLFN12	8	0	8
SLFN13	0	0	0
SLFN12L	0	0	0
SLFN14	0	0	0
LOC107985033	0	0	0
SNHG30	242	0	242
SNORD7	0	0	0
PEX12	167	0	167
AP2B1	6011	3	6008
RASL10B	35	0	35
GAS2L2	2	0	2
MMP28	50	0	50
C17orf50	3	3	0
TAF15	0	0	0
HEATR9	0	0	0
LOC105371745	0	0	0
CCL5	0	0	0
LRRC37A8P	0	0	0
RDM1	0	0	0
LYZL6	0	0	0
CCL16	0	0	0
CCL14	0	0	0
CCL15-CCL14	0	0	0
CCL15	0	0	0
LOC107985068	0	0	0
CCL23	0	0	0
LOC105371746	0	0	0
CCL18	0	0	0
CCL3-AS1	0	0	0
CCL3	0	0	0
CCL4	0	0	0
LOC101927369	0	0	0
LOC107985055	0	0	0
TBC1D3B	0	0	0
LOC128966684	0	0	0
LOC128966706	0	0	0
CCL3L3	0	0	0
CCL4L2	0	0	0
LOC105371747	0	0	0
TBC1D3I	0	0	0
LOC102724956	0	0	0
LOC101060212	0	0	0
TBC1D3G	0	0	0
LOC102723414	0	0	0
TBC1D3H	0	0	0
TBC1D3F	0	0	0
LOC105371749	0	0	0
ZNHIT3	0	0	0
MYO19	5	0	5
PIGW	0	0	0
GGNBP2	3	0	3
DHRS11	3	0	3
LOC107985031	0	0	0
MRM1	5	0	5
LOC105371750	1	0	1
LOC105371751	0	0	0
LHX1-DT	0	0	0
LHX1	0	0	0
AATF	0	0	0
MIR2909	0	0	0
LOC105371753	0	0	0
ACACA	21	0	21
SNORA90	0	0	0
C17orf78	0	0	0
TADA2A	20	0	20
DUSP14	2	0	2
SYNRG	0	0	0
DDX52	199	1	199
MIR378J	3	0	3
LOC105371756	0	0	1
HNF1B	2	2	0
LOC124903989	0	0	0
LOC105371754	0	0	0
LOC105371757	0	0	0
YWHAEP7	0	0	0
TBC1D3K	3	0	3
LOC102723608	0	0	0
TBC1D3L	91	0	91
TBC1D3D	8	0	8
LOC102723819	0	0	0
TBC1D3C	0	0	0
LOC101929950	3	0	3
TBC1D3E	9	0	13
LOC102723851	0	4	0
LOC102723933	0	0	0
TBC1D3	0	0	0
NPEPPSP1	13	0	13
LOC105371760	0	0	0
MRPL45	0	0	0
GPR179	0	0	0
LOC124903991	0	0	0
SOCS7	43	0	43
ARHGAP23	100	0	100
LOC101929494	0	0	0
SRCIN1	1	0	1
LOC105371761	0	0	0
LOC124903992	0	0	0
EPOP	0	0	0
LOC105371763	0	0	0
MIR4734	0	0	0
MLLT6	0	0	0
LOC124903993	0	0	0
LOC105371762	0	0	0
MIR4726	0	0	0
CISD3	0	0	0
PCGF2	0	0	0
LOC100287808	0	0	0
TRN-GTT2-5	0	0	0
PSMB3	0	0	0
PIP4K2B	0	0	0
CWC25	1	0	1
MIR4727	0	0	0
SPMAP1	0	0	0
LOC124903994	0	17	0
RPL23	7217	3	7231
SNORA21B	14	0	14
SNORA21	2	0	2
TRC-GCA14-1	0	0	0
TRC-GCA2-2	0	0	0
TRC-GCA4-1	0	0	0
LASP1	5794	4	5790
MIR6779	0	0	0
LASP1NB	7	0	7
FBXO47	1	0	1
LOC105371767	0	0	0
LINC02079	0	0	0
LRRC37A11P	0	0	0
RDM1P5	4	2	5
PLXDC1	17	2	18
LOC124903995	0	0	0
TRC-GCA2-3	0	0	0
TRC-GCA2-4	0	0	0
ARL5C	0	0	0
CACNB1	3	0	7
CACNB1-AS1	0	4	0
LOC124903996	6	6631	3
RPL19	22046	12	28662
STAC2	56	1	55
LOC101929578	5	0	5
FBXL20	382	0	382
MIR548BC	0	0	0
MED1	1552	37	1515
CDK12	1161	0	1161
LOC124904107	0	0	0
LOC105371770	34	34	0
LOC105371771	0	0	0
NEUROD2	1	1	0
LOC124903997	8	0	8
PPP1R1B	1	0	1
LOC124903998	0	100	1
STARD3	689	2	788
TCAP	12	0	12
PNMT	0	0	0
PGAP3	217	0	217
ERBB2	1228	8	1239
MIR4728	0	0	0
MIEN1	653	16	656
GRB7	363	1	362
IKZF3	0	0	0
ZPBP2	0	0	0
GSDMB	185	0	185
ORMDL3	552	0	552
LOC124903999	0	0	0
LRRC3C	0	0	0
GSDMA	0	0	0
PSMD3	2037	1	2849
LOC124904000	22	835	0
PSMD3-AS1	3	0	3
CSF3	0	0	0
MED24	1625	0	1625
MIR6884	0	0	0
SNORD124	2	0	2
THRA	1020	98	1154
NR1D1	379	141	470
LOC124904001	6	5	3
MSL1	2369	14	2356
CASC3	1223	11	1213
MIR6866	0	0	0
RAPGEFL1	94	0	94
MIR6867	0	0	0
WIPF2	1016	0	1016
CDC6	2648	2	2646
RARA	877	59	951
LOC105371934	0	70	3
RARA-AS1	10	7	63
GJD3	1	238	1
GJD3-AS1	34	0	272
TOP2A	6629	4	6625
IGFBP4	2	0	2
TNS4	4444	8	4436
LOC105371773	8	0	8
LOC107985090	0	0	0
CCR7	21	18	3
SMARCE1	1387	1	1386
KRT222	1	0	1
LOC105371775	0	0	0
KRT24	1	0	1
KRT25	0	0	0
KRT26	0	0	0
KRT27	0	0	0
KRT28	0	0	0
LOC105371776	0	0	0
KRT10	611	21	646
KRT10-AS1	216	40	232
LOC105371777	0	0	0
KRT12	0	0	0
KRT20	0	0	0
KRT23	0	0	0
LOC107985072	0	0	0
KRT39	0	0	0
KRT40	0	0	0
KRTAP3-3	0	0	0
KRTAP3-2	0	0	0
KRTAP3-1	0	0	0
KRTAP1-5	0	0	0
KRTAP1-4	0	0	0
KRTAP1-3	0	0	0
KRTAP1-1	0	0	0
KRTAP2-1	0	0	0
KRTAP2-2	0	0	0
KRTAP2-3	0	0	0
KRTAP2-4	0	0	0
KRTAP4-7	0	0	0
KRTAP4-8	0	0	0
KRTAP4-16	0	0	0
KRTAP4-9	0	0	0
LOC124904002	0	0	0
KRTAP4-11	0	0	0
KRTAP4-12	0	0	0
KRTAP4-6	0	0	0
KRTAP4-5	0	0	0
KRTAP4-4	0	0	0
KRTAP4-3	0	0	0
KRTAP4-2	0	0	0
KRTAP4-1	0	0	0
KRTAP9-1	0	0	0
KRTAP9-2	0	0	0
KRTAP9-3	0	0	0
KRTAP9-8	0	0	0
KRTAP9-4	0	0	0
KRTAP9-9	0	0	0
KRTAP9-6	0	0	0
KRTAP9-7	0	0	0
KRTAP29-1	0	0	0
KRTAP16-1	0	0	0
KRTAP17-1	0	0	0
KRT33A	0	0	0
LOC105371778	0	0	0
KRT33B	0	0	0
KRT34	0	0	0
KRT31	0	0	0
LOC100505782	0	0	0
KRT37	0	0	0
KRT38	0	0	0
KRT32	0	0	0
KRT35	0	0	0
KRT36	0	0	0
KRT13	0	0	0
KRT15	40	0	40
MIR6510	0	0	0
KRT19	4	0	4
LINC00974	0	0	0
KRT9	1	0	1
KRT14	5	0	5
LOC124904003	0	0	0
KRT16	201	0	201
KRT17	5313	9	5304
KRT42P	2	0	2
LOC124904004	4	0	4
EIF1	5181	1	5180
GAST	0	0	0
HAP1	5	0	5
JUP	8509	4	8505
P3H4	2576	1	2575
FKBP10	8522	3	8519
NT5C3B	850	0	854
KLHL10	1	4	1
KLHL11	392	0	392
ACLY	7272	3	7278
LOC124904005	13	22	0
ODAD4	2	1	1
CNP	1455	494	1466
DNAJC7	1881	22	2380
NKIRAS2	955	17	963
ZNF385C	0	9	0
C17orf113	0	0	0
DHX58	1044	2	1042
KAT2A	2233	5	2228
HSPB9	6	1	5
RAB5C	3060	1	3064
RAB5C-AS1	1	5	1
KCNH4	3	0	3
HCRT	0	0	0
GHDC	443	0	443
STAT5B	2084	23	2091
STAT5A	856	7	879
STAT3	2950	0	2950
CAVIN1	4795	12	5156
LOC102725238	3	369	7
ATP6V0A1	1266	0	1266
MIR548AT	0	0	0
MIR5010	0	0	0
NAGLU	1992	2	1990
HSD17B1-AS1	56	26	457
HSD17B1	0	403	24
COASY	4567	3	4564
MLX	1079	309	1244
PSMC3IP	262	180	555
RETREG3	725	1	724
TUBG1	3055	1	3054
TUBG2	440	3	437
PLEKHH3	1907	3	1904
CCR10	13	0	13
CNTNAP1	62	12	50
EZH1	443	2	441
MIR6780A	0	0	0
RAMP2-AS1	0	0	0
RAMP2	0	0	0
VPS25	1228	0	1228
WNK4	60	5	55
COA3	715	0	715
CNTD1	8	270	0
BECN1	476	0	738
MIR6781	0	0	0
PSME3	3542	2	3540
AOC2	136	0	136
AOC3	155	0	155
AOC4P	6	0	6
LINC00671	0	0	0
G6PC1	0	0	0
LOC124900400	0	0	0
PTGES3L-AARSD1	2	1	2
AARSD1	0	0	0
PTGES3L	20	2	18
RUNDC1	532	1	731
LOC124904006	87	7152	2
RPL27	757	3	7622
IFI35	683	0	683
VAT1	3920	5	3915
RND2	1	0	1
BRCA1	1256	0	1256
NBR2	118	0	118
LOC101929767	27	1	26
LOC124900391	257	12	257
NBR1	2667	0	2679
TMEM106A	2	0	2
CCDC200	0	0	0
RNU2-1	0	0	0
LOC124904135	0	0	0
LOC124904136	0	0	0
LOC124904137	0	0	0
LOC124904138	0	0	0
LOC124904139	0	0	0
LOC124904140	0	0	0
LOC124904146	0	0	0
LOC124904141	0	0	0
LOC124904142	0	0	0
LOC124904145	0	0	0
LOC124904143	0	0	0
LOC124904144	0	0	0
LOC124904147	0	0	0
LOC105371785	14	11	3
LINC00910	81	2	79
LOC124904007	1	1	0
ARL4D	698	0	698
MIR2117HG	1	1	0
MIR2117	0	0	0
DHX8	1685	103	1693
LOC124904112	0	0	0
ETV4	377	9	479
LOC124904008	3	0	3
MEOX1	583	0	583
LINC02594	8	0	10
LOC107985085	3	5	0
SOST	1	0	1
DUSP3	1075	2	1073
CFAP97D1	0	0	0
MPP3	295	0	295
LOC107984979	0	0	0
CD300LG	0	0	0
LOC107985077	0	0	0
MPP2	251	1	250
LOC105371787	0	0	0
FAM215A	0	0	0
LOC107985086	0	0	0
LOC102724183	0	0	0
LINC01976	0	0	0
PPY	0	0	0
PYY	0	0	0
NAGS	18	8	11
TMEM101	659	1	659
LSM12	628	0	628
G6PC3	2223	2	2222
HDAC5	1042	13	1030
LOC105371789	0	0	0
HROB	396	3	393
ASB16	46	204	0
ASB16-AS1	62	0	220
TMUB2	831	6	834
ATXN7L3	1611	10	1625
ATXN7L3-AS1	39	32	44
UBTF	2755	22	2755
MIR6782	0	0	0
SLC4A1	0	0	0
LOC105371790	0	0	0
RUNDC3A-AS1	1	0	1
RUNDC3A	4	3	1
SLC25A39	6806	8	6799
LOC124904009	126	24	103
GRN	13594	7	13587
FAM171A2	642	2	640
ITGA2B	36	2	34
GPATCH8	1467	0	1467
LOC105371791	0	0	0
FZD2	862	1	861
LINC01180	0	0	0
MEIOC	30	35	0
CCDC43	593	1	813
LOC105371792	1	210	0
LOC124904010	1	5	2
DBF4B	666	0	768
LOC107985044	2	104	0
ADAM11	165	0	165
GJC1	626	4	622
HIGD1B	10	14	0
EFTUD2	4491	5	4491
DNAAF19	103	0	126
GFAP	3	97	0
FAM187A	0	0	0
LOC105371793	0	4	0
KIF18B	1393	0	1397
MIR6783	0	0	0
C1QL1	1417	1	1416
LOC107987243	11	0	11
DCAKD	414	0	414
NMT1	2917	42	2877
PLCD3	3837	10	3830
MIR6784	0	0	0
ACBD4	306	9	298
HEXIM1	935	76	2057
HEXIM2-AS1	3	1153	54
HEXIM2	42	77	274
HEXIM2-AS2	11	249	65
FMNL1-DT	219	15	235
FMNL1	1715	167	2197
FMNL1-AS1	10	542	86
MAP3K14-AS1	70	96	99
SPATA32	5	10	1
MAP3K14	607	34	678
LOC105371796	0	0	0
ARHGAP27	0	0	0
LOC124904016	0	0	0
PLEKHM1	0	0	0
MIR4315-1	0	0	0
LOC105369225	0	0	0
LRRC37A4P	0	0	0
MAPK8IP1P2	0	0	0
LINC02210	0	0	0
LINC02210-CRHR1	0	0	0
LOC105371802	0	0	0
LOC107985028	0	0	0
CRHR1	0	0	0
MAPT-AS1	0	0	0
SPPL2C	0	0	0
MAPT	1	0	1
MAPT-IT1	0	0	0
LOC105371800	0	0	0
STH	0	0	0
KANSL1	1	0	1
LOC107985027	1	0	1
KANSL1-AS1	0	0	0
LRRC37A	4	13	2
LOC124904014	0	0	0
ARL17B	5	4	12
LRRC37A2	13	20	13
NSFP1	0	0	0
ARL17A	0	3	0
NSF	0	0	0
WNT3	1	0	1
LOC101929777	0	0	0
WNT9B	0	0	0
LINC01974	0	0	0
LOC112268191	0	0	0
GOSR2-DT	5	0	5
GOSR2	802	0	803
MIR5089	0	0	0
RPRML	10	10	0
LOC101927060	237	8	249
LOC124904015	2	1	1
CDC27	1471	2	1469
MYL4	0	0	0
ITGB3	0	0	0
LOC107985029	0	0	0
EFCAB13-DT	8	0	8
EFCAB13	58	12	46
MRPL45P2	78	0	78
NPEPPS	2251	5	3657
KPNB1-DT	19	1419	11
KPNB1	6135	1	6134
TBKBP1	1	0	1
TBX21	0	0	0
OSBPL7	265	0	265
MRPL10	850	1	851
LRRC46	18	7	15
SCRN2	826	0	828
SP6	78	0	78
SP2-DT	12	0	12
SP2	300	15	286
SP2-AS1	24	5	20
PNPO	936	0	936
PRR15L	4	0	4
CDK5RAP3	1855	0	1855
LOC124904017	0	0	0
COPZ2	4	0	4
MIR10226	0	0	0
MIR152	0	0	0
NFE2L1-DT	0	0	0
NFE2L1	2751	3	2748
CBX1	1654	3	1651
SNX11	417	0	417
SKAP1	0	0	0
LOC124904018	0	0	0
MIR1203	0	0	0
SKAP1-AS2	0	0	0
LOC124904151	0	0	0
LOC101927166	0	0	0
LOC124904019	0	0	0
LOC105371808	0	0	0
HOXB1	0	0	0
HOXB2	2	0	2
HOXB-AS1	0	55	0
HOXB3	78	0	133
HOXB-AS2	2	2	0
HOXB4	0	0	0
MIR10A	0	0	0
HOXBLINC	0	0	0
HOXB-AS3	37	137	0
HOXB5	67	0	90
HOXB6	162	0	237
HOXB7	333	2	331
HOXB8	1	0	1
HOXB9	2	0	2
HOXB-AS4	0	0	0
MIR196A1	0	0	0
LINC03057	0	0	0
LINC02086	0	0	0
PRAC2	0	0	0
PRAC1	0	0	0
MIR3185	0	0	0
HOXB13	105	0	105
LOC105371811	0	0	0
LOC105371812	0	0	0
TTLL6	13	0	13
LOC105371813	0	0	0
CALCOCO2	1215	4	1211
LOC105371814	1	1	1
LOC124900395	0	0	0
ATP5MC1	1764	3	1761
UBE2Z	2173	3	2171
SNF8	1082	48	1034
LOC124904116	0	0	0
GIP	0	0	0
IGF2BP1	1749	8	1742
LOC124904020	4	5	0
B4GALNT2	0	0	0
LOC124904021	0	0	0
TRQ-TTG1-1	1	1	0
GNGT2	0	0	0
ABI3	0	0	0
PHOSPHO1	10	0	10
LOC124904022	0	0	0
FLJ40194	0	0	0
ZNF652	629	2	628
MIR6129	0	0	0
LOC124904111	0	0	0
ZNF652-AS1	5	0	6
PHB1	4185	1	4184
LINC02075	0	0	0
NGFR	0	0	0
NGFR-AS1	0	0	0
MIR6165	0	0	0
NXPH3	0	0	0
SPOP	608	0	608
LOC107984999	0	0	0
SLC35B1	1224	0	1224
FAM117A	9	0	9
KAT7	748	3	745
TAC4	1	1	0
FLJ45513	5	0	5
DLX4	511	0	511
DLX3	322	0	322
PICART1	23	3	21
ITGA3	6055	9	6047
LOC124904024	1	0	1
PDK2	554	1	1092
PDK2-AS1	17	7	10
SAMD14	2	540	1
PPP1R9B	1825	3	1822
LOC124904025	1	0	1
LOC105371818	2	4	2
SGCA	26	0	30
H1-9P	2	2	0
COL1A1	2841	0	2841
TILAM	0	0	0
LOC124904130	0	0	0
LOC105371822	0	0	0
LOC124904028	0	0	0
TMEM92	236	3	234
TMEM92-AS1	13	1	13
XYLT2	931	4	927
MRPL27	724	0	724
EME1	627	464	678
LRRC59	3924	67	5315
LRRC59-AS1	2	937	8
ACSF2	1928	0	2019
CHAD	28	119	0
RSAD1	644	2	642
MYCBPAP	1	0	1
EPN3	7	5	3
LOC105371824	0	1	0
SPATA20	1167	1	1166
CACNA1G-AS1	1	1	0
CACNA1G	110	0	112
LOC101927253	0	2	0
ABCC3	2309	1	2308
ANKRD40	648	0	648
LUC7L3	4703	3	4700
ANKRD40CL	0	0	0
MIR8059	0	0	0
WFIKKN2	4	0	4
TOB1	4518	23	4518
TOB1-AS1	24	0	47
LOC105371825	0	0	0
LOC124904102	6	0	6
LOC124904029	8	7	1
SPAG9	2531	2	2529
LOC124904125	0	0	0
NME1-NME2	0	0	0
NME1	175	0	175
NME2	23	0	23
MBTD1	469	386	468
UTP18	1113	0	1498
LINC02071	0	0	0
LINC02072	0	0	0
LINC02073	0	0	0
CA10	0	0	0
LOC105371829	0	0	0
LINC01982	0	0	0
LINC02089	0	0	0
LOC107984983	0	0	0
LINC02876	0	0	0
LOC107984982	0	0	0
LOC124904030	0	0	0
KIF2B	0	0	0
LOC107985001	0	0	0
LOC124904031	0	0	0
LOC124904033	0	0	0
TOM1L1	681	51	1098
LOC124904032	1	0	1
COX11	805	546	727
STXBP4	208	2	206
LOC107985002	2	0	2
HLF	12	0	12
MMD	524	0	524
SMIM36	0	0	0
LOC124904034	0	0	0
LOC102724732	0	0	0
LOC101927389	0	0	0
LOC124904099	0	0	0
TMEM100	0	0	0
PCTP	201	0	201
ANKFN1	2	0	2
LOC124904035	0	0	0
LOC112268194	0	0	0
NOG	937	0	937
C17orf67	74	1	73
DGKE	212	0	212
LOC124904036	1	1	0
LOC124904037	0	0	0
MTVR2	2	0	2
TRIM25	2018	2	2016
MIR3614	0	0	0
COIL	715	0	715
LOC105371836	0	0	0
SCPEP1	1326	0	1326
RNF126P1	0	0	0
AKAP1-DT	20	0	20
AKAP1	1500	0	1500
LOC101927510	5	8	9
MSI2	1744	4	1752
LOC101927557	1	1	0
LOC107984993	1	0	1
MSI2-AS1	0	0	0
CCDC182	0	0	0
MRPS23	815	0	815
CUEDC1	709	2	707
CUEDC1-AS1	1	1	0
VEZF1	685	0	690
LOC101929185	9	284	4
SRSF1	5504	14	5764
LOC105371840	0	0	0
DYNLL2-DT	0	0	0
DYNLL2	811	0	811
OR4D1	1	0	1
MSX2P1	0	0	0
OR4D2	0	0	0
EPX	14	14	0
MKS1	335	0	335
LOC105371841	2	0	2
LPO	0	0	0
LOC124904038	0	0	0
MPO	0	0	0
TSPOAP1	0	0	0
TSPOAP1-AS1	1	629	4
MIR142HG	0	0	0
MIR142	0	0	0
MIR4736	0	0	0
SUPT4H1	350	0	976
RNF43	92	4	94
HSF5	0	0	0
MTMR4	679	0	679
SEPTIN4-AS1	0	1	6
SEPTIN4	8	7	7
TEX14	29	1	33
LOC107985048	0	5	0
LOC105371842	0	0	0
LOC124904122	0	0	0
IGBP1C	4	0	4
RAD51C	619	0	619
LOC105371843	2	2	0
PPM1E	10	21	0
TRIM37	963	1	973
LOC124904039	22	3	19
SKA2	592	10	582
MIR454	0	0	0
MIR301A	0	0	0
PRR11	858	0	858
SMG8	618	0	618
GDPD1	101	0	101
YPEL2	101	0	101
MIR4729	0	0	0
LINC01476	0	0	0
LOC124904040	0	0	0
LOC105371845	0	0	0
LOC105371847	0	0	0
DHX40	1488	3	1485
CLTC	9220	36	9184
PTRH2	902	0	902
VMP1	5729	0	5729
MIR21	0	0	0
TUBD1	214	0	214
RPS6KB1	915	1	914
RNFT1	241	0	241
TBC1D3P1-DHX40P1	1	0	2
RNFT1-DT	3	1	3
LOC105371848	0	0	0
HEATR6	568	0	568
MIR4737	0	0	0
HEATR6-DT	0	143	2
WFDC21P	29	2	172
LOC653653	3	2	1
LOC100996660	21	0	21
CA4	0	178	0
USP32	881	0	1059
SCARNA20	0	0	0
LOC105371850	0	0	0
CHCT1	0	0	0
APPBP2	617	1	616
LINC01999	0	0	0
PPM1D	381	0	381
BCAS3	199	0	235
LOC124904118	0	0	0
BCAS3-AS1	3	39	0
LOC124904041	2	0	2
LOC101927855	0	0	0
TBX2-AS1	6	0	6
TBX2	1	0	1
LINC02875	0	0	0
TBX4	0	0	0
LOC124904042	0	0	0
NACA2	9	0	9
BRIP1	467	0	467
INTS2	285	1	284
MED13	1001	0	1001
TBC1D3P2	0	0	0
LOC105371853	0	0	0
LOC105371936	0	0	0
EFCAB3	0	0	0
LOC105371854	0	0	0
METTL2A	508	0	508
LOC112268200	0	0	0
TLK2	535	8	527
LOC107985020	0	0	0
MRC2	470	6	464
MARCHF10	11	8	6
MARCHF10-AS1	0	2	1
MARCHF10-DT	0	0	0
MIR633	0	0	0
TANC2	1231	9	1222
LOC105371856	0	0	0
CYB561	1098	5	1093
ACE	3	1	2
KCNH6	0	0	0
DCAF7	1869	2	1867
TACO1	583	0	583
MAP3K3	613	0	645
LOC101927898	0	1	0
LIMD2	27	32	31
LOC729683	5	10	0
STRADA	479	1	478
CCDC47	3544	0	3544
DDX42	2733	1	2732
FTSJ3	2489	248	2488
PSMC5	2260	5	2502
SMARCD2	1644	0	1644
TCAM1P	11	0	11
CSH2	0	0	0
GH2	0	0	0
CSH1	0	0	0
CSHL1	0	0	0
LOC112268204	0	0	0
GH1	0	0	0
CD79B	2	0	2
SCN4A	60	0	60
LOC105371858	0	0	0
PRR29-AS1	0	0	0
PRR29	0	5	0
ICAM2	0	0	5
ERN1	244	0	244
SNHG25	0	0	0
SNORD104	4	0	4
SNORA50C	12	0	12
TEX2	684	17	667
PECAM1	150	6	144
MILR1	51	119	51
POLG2	224	0	343
DDX5	10598	9	10637
MIR3064	48	0	48
MIR5047	622	0	622
CEP95	649	44	653
SMURF2	612	2	610
ARHGAP27P1-BPTFP1-KPNA2P3	111	0	172
LOC101929240	33	94	0
ARHGAP27P1	64	0	64
MIR6080	0	8	0
PLEKHM1P1	86	0	86
MIR4315-2	0	0	0
LOC105371860	0	0	0
LOC105376844	2	2	0
LRRC37A3	46	0	46
LOC107985000	20	1	19
AMZ2P1	146	0	146
LOC124904044	0	0	0
GNA13	1110	2	1108
LOC105371864	1	0	1
LOC100507002	30	0	30
RGS9	13	0	13
LINC02563	0	0	0
AXIN2	4	0	4
CEP112	15	0	15
LOC105371867	0	0	0
APOH	0	0	0
PRKCA	998	0	998
PRKCA-AS1	0	0	0
MIR634	0	0	0
CACNG5	0	0	0
CACNG4	0	0	0
CACNG1	0	0	0
HELZ	851	4	852
HELZ-AS1	0	3	2
LOC124900398	0	0	0
PSMD12	1587	2	1585
PITPNC1	608	1	768
LOC124904047	0	0	0
LOC124904124	0	0	0
LOC124904046	0	0	0
MIR548D2	0	1	0
MIR548AA2	0	0	1
LOC124904045	0	0	0
LOC101928045	4	165	0
NOL11	1442	0	1442
SNORA38B	0	0	0
BPTF	1199	0	1199
C17orf58	208	4	204
TRR-CCG2-1	0	0	0
KPNA2	7451	6	7445
LOC124904048	3	0	3
LINC00674	643	0	643
LOC105371870	10	0	10
ARHGAP27P2	0	0	0
AMZ2	862	2	860
ARSG	372	219	404
SLC16A6	790	11	785
PRKAR1A	5085	2	5083
WIPI1	110	64	291
MIR635	8	5	3
FAM20A	39	14	25
LINC01482	1	0	1
LOC124904049	0	0	0
LOC105371874	0	0	0
LOC124904050	0	0	0
ABCA8	0	0	0
ABCA9	3	0	3
ABCA9-AS1	0	0	0
LOC124904051	0	0	0
ABCA6	1	0	1
MIR4524B	0	0	0
MIR4524A	0	0	0
ABCA10	45	0	45
PRO1804	3	0	3
ABCA5	940	0	940
LOC105371878	0	0	0
LOC105371879	0	0	0
MAP2K6	2498	1	2502
MAP2K6-AS1	8	13	0
LINC01483	0	0	0
LINC01497	0	0	0
LOC105371881	0	0	0
LOC112267896	0	0	0
LOC124904053	1	0	1
LINC01028	0	0	0
KCNJ16	4	0	4
LOC124904052	0	0	0
LOC105371882	0	0	0
KCNJ2-AS1	1	0	1
KCNJ2	14	0	14
LOC124904100	0	0	0
LOC105371884	0	0	0
LOC124904104	0	0	0
CASC17	0	0	0
LOC124904109	0	0	0
LOC107985015	0	0	0
ROCR	0	0	0
LINC01152	0	0	0
LOC102723517	0	0	0
SOX9-AS1	0	0	0
LINC02097	0	0	0
SOX9	0	0	0
LOC124900392	0	0	0
LINC02003	0	0	0
LINC00673	129	0	129
LINC00511	2	0	2
LOC107985005	0	0	0
LOC105371887	0	0	0
SLC39A11	321	0	321
LOC124904115	0	0	0
SSTR2	8	8	0
COG1	903	306	914
VCF1	852	102	1067
MTNAP1	451	2	591
CPSF4L	7	142	7
CDC42EP4	3156	2	3154
SDK2	9	0	9
SDK2-AS1	0	0	0
LOC124904054	0	0	0
LOC100134391	0	0	0
LINC00469	0	0	0
LINC02092	0	0	0
LOC107985081	0	0	0
LOC105371888	0	0	0
LINC02074	0	0	0
RPL38	3376	0	3386
MGC16275	1	10	1
TTYH2	74	0	74
DNAI2	0	0	0
LOC105371891	0	0	0
KIF19	0	0	0
LOC107985078	0	0	0
BTBD17	0	0	0
GPR142	0	0	0
LOC124904055	4	0	4
GPRC5C	0	0	0
LOC124904056	0	0	0
CD300A	0	0	0
LOC107985074	0	0	0
CD300LB	0	0	0
CD300C	0	0	0
CD300H	0	0	0
CD300LD	0	0	0
CD300LD-AS1	0	0	0
LOC101928343	0	0	0
CD300E	0	0	0
RAB37-AS1	0	0	0
RAB37	0	0	2
CD300LF	0	0	0
LOC124904057	0	0	0
SLC9A3R1-AS1	1	2287	6
MIR3615	0	0	0
NHERF1	3192	6	4905
NAT9	611	0	611
SLC38A12	788	0	788
GRIN2C	31	20	11
FDXR	885	0	885
FADS6	1	0	1
USH1G	5	0	5
OTOP2	0	0	0
OTOP3	0	0	0
HID1	1	0	1
HID1-AS1	0	0	0
LOC124904058	16	0	16
CDR2L	1547	0	1547
MRPL58	791	0	791
KCTD2	1060	1	1059
TRR-CCT1-1	0	0	0
TRR-CCT2-1	0	0	0
TRR-TCG3-1	0	0	0
ATP5PD	3352	25	3327
SLC16A5	947	1	946
ARMC7	290	49	285
NT5C	1092	3	1133
JPT1	554	6	2327
LOC107985034	78	1854	7
SUMO2	2621	0	2621
NUP85	2697	6	2691
GGA3	1228	102	1195
MRPS7	2136	63	2319
MIF4GD	641	158	664
MIF4GD-DT	48	352	64
SLC25A19	466	17	813
LOC124904059	2	2	0
GRB2	3741	3	3738
LOC124904060	0	0	0
MIR3678	0	0	0
TMEM94	2399	22	2415
MIR6785	0	0	0
CASKIN2	1285	18	1305
TSEN54	1200	33	1167
LLGL2	1490	4	1486
MYO15B	41	4	37
RECQL5	801	0	936
SMIM5	5	18	0
ERLN	1	0	1
LOC107985013	0	119	0
SAP30BP	1486	0	1486
SAP30BP-AS1	0	0	0
ITGB4	271	8	263
GALK1	1519	1	1518
H3-3B	11221	6	11215
MIR4738	0	0	0
UNK	1087	5	1082
UNC13D	1726	0	1726
WBP2	3780	0	3780
TRIM47	2132	7	2125
TRIM65	1399	2	1397
MRPL38	1890	1	1889
FBF1	684	1	683
ACOX1	1184	0	1187
TEN1-CDK3	0	1	0
TEN1	0	0	0
LOC124904061	0	233	2
CDK3	0	0	0
EVPL	1143	0	1143
SRP68	2906	0	2908
GALR2	15	5	12
ZACN	1	785	0
EXOC7	1358	0	2142
MIR6868	0	0	0
LOC101928447	0	0	0
FOXJ1	0	0	0
RNF157-AS1	0	2	0
RNF157	7	0	9
LOC105371896	0	0	0
UBALD2	700	3	697
QRICH2	178	0	178
PRPSAP1	1118	0	1118
LOC124904120	0	0	0
SPHK1	1633	2	1631
UBE2O	1180	0	1180
AANAT	4	2	2
RHBDF2	799	1	798
CYGB	61	7	60
PRCD	39	31	14
SNHG16	3682	1	3683
SNORD1C	3	0	3
SNORD1B	0	0	0
SNORD1A	2	0	2
ST6GALNAC2	28	5	25
LOC122455342	0	0	0
ST6GALNAC1	0	0	0
LOC105274304	4	1	17
MXRA7	2296	24	2286
JMJD6	2117	1	2122
METTL23	1111	11	1106
SRSF2	5361	25	7216
MIR636	0	0	5
MFSD11	533	3399	552
LINC02080	0	0	0
LOC107985089	0	0	0
LINC00868	0	0	0
MGAT5B	1064	1	1063
LOC105371899	1	1	0
SNHG20	149	0	149
SEC14L1	2485	1	2485
SCARNA16	0	0	0
MIR6516	0	0	0
LOC105371901	4	4	1
LACAT1	0	0	0
SEPTIN9-DT	0	1	0
SEPTIN9	6123	4	6120
LOC124904062	0	0	0
MIR4316	1	1	0
LOC112268199	10	9	1
LOC112268198	0	0	0
LOC105371903	0	0	0
LOC400622	0	0	0
LOC100507351	0	0	0
LOC124904103	0	0	0
LOC107985079	0	0	0
LINC01987	0	0	0
LOC105371908	0	0	0
LINC01973	0	0	0
LOC107985087	0	0	0
LOC105371909	0	0	0
TNRC6C	50	28	53
TMC6	2564	14	2585
TMC8	32	2	34
C17orf99	0	0	0
SYNGR2	2676	1	2675
TK1	3755	20	3750
AFMID	411	0	426
BIRC5	1835	1	1834
TMEM235	0	0	0
LOC105371910	0	0	0
LINC01993	0	0	0
LOC105371912	76	2	76
LOC124904064	4	0	4
SOCS3	955	1	961
SOCS3-DT	24	7	22
PGS1	785	2	954
LOC124900399	0	0	0
DNAH17	33	204	12
DNAH17-AS1	9	0	21
LOC124904065	0	0	0
SCAT1	0	0	0
LOC124904066	0	0	0
CYTH1	1219	1	1218
USP36	1847	2	1845
LOC124904067	47	0	47
TIMP2	6837	4	6833
LOC124904068	1	0	1
CEP295NL	6	0	6
LGALS3BP	21345	10	21335
CANT1	1741	0	1741
C1QTNF1-AS1	143	0	143
C1QTNF1	985	10	975
ENGASE	727	1	726
RBFOX3	8	8	0
LOC124904069	0	0	0
MIR4739	0	0	0
LINC02078	0	0	0
ENPP7	3	3	0
LOC124904070	185	0	185
CBX2	2028	0	2028
CBX8	1015	0	1015
LOC124904071	0	0	0
LINC01977	3	3	0
CBX4	2795	3	2792
LINC01979	18	3	17
LINC01978	2	1	3
TBC1D16	1467	0	1467
LOC124904073	0	0	0
LOC124904072	0	0	0
CCDC40	0	0	0
LOC124904074	0	0	0
MIR1268B	0	0	0
GAA	0	0	0
EIF4A3	0	0	0
CARD14	0	15	1
SGSH	987	18	987
SLC26A11	785	0	787
RNF213	6365	18	6590
RNF213-AS1	5	243	5
ENDOV	434	0	434
MIR4730	0	0	0
NPTX1	13388	4	13384
RPTOR	3602	25	3774
LOC105371922	1	1	0
LOC101928855	2	2	0
LOC124904076	30	5	25
LOC124904075	44	156	61
LOC400627	1	24	1
CHMP6	243	0	243
LOC124904077	115	1	115
LOC124904078	2	2	0
BAIAP2-DT	238	9	229
BAIAP2	694	2	692
AATK	117	3	115
MIR657	0	0	0
MIR3065	0	0	0
MIR338	0	0	0
LOC124904079	4	0	5
MIR1250	3	0	3
LOC124904080	12	0	12
PVALEF	3	3	0
CEP131	704	0	706
TEPSIN	164	0	678
TEPSIN-AS1	13	331	0
LOC124904081	10	123	0
NDUFAF8	1027	0	1027
SLC38A10	4665	14	4651
LOC124904082	17	7	10
LINC00482	165	1	164
TMEM105	37	0	37
RENO1	67	1	66
LOC124904083	1	0	1
LINC03048	0	0	0
BAHCC1	163	1	163
MIR4740	0	0	0
MIR3186	0	0	0
LOC124904084	0	0	0
LINC01971	0	0	0
ACTG1	6	0	6
FSCN2	35	0	35
FAAP100	987	76	937
LOC124904085	9	524	15
NPLOC4	3759	18	4245
TSPAN10	163	0	163
PDE6G	9	0	9
OXLD1	1383	1	1383
CCDC137	1342	3	1340
ARL16	514	1	514
HGS	4197	22	4176
MIR6786	0	0	0
MRPL12	3607	2	3605
SLC25A10	2647	3	2644
LOC105371929	11	0	11
LOC105376789	0	0	0
GCGR	1	0	1
MCRIP1	0	0	0
PPP1R27	0	0	0
P4HB	26111	5	26106
LOC124904086	32	24	32
ARHGDIA	5567	7	5584
ALYREF	1695	14	2746
ANAPC11	1173	1059	1180
PCYT2	759	13	792
NPB	0	41	3
SIRT7	867	3	864
MAFG	1417	16	1545
MAFG-AS1	0	130	0
MILIP	48	2	61
PYCR1	3515	3	3512
MYADML2	6	6	0
NOTUM	56	5	51
LOC124904087	0	0	0
LOC105371939	0	0	0
ASPSCR1	982	1	981
CENPX	1771	2	1771
LRRC45	1037	4	1035
RAC3	151	0	151
DCXR	951	0	951
DCXR-DT	0	0	0
RFNG	724	8	836
GPS1	4293	121	4299
DUS1L	2588	11	2584
FASN	24915	22	24893
SNORD134	1	0	1
CCDC57	1204	10	1194
SLC16A3	16818	11	19689
MIR6787	1	0	1
CSNK1D	4151	3199	3837
LOC124904089	56	2	56
LINC01970	31	0	31
CD7	29	0	29
SECTM1	1395	6	1389
TEX19	25	0	25
UTS2R	2	1	1
LOC124904092	1	1	0
OGFOD3	293	49	599
LOC124904090	9	183	0
HEXD	481	206	475
HEXD-IT1	2	1	2
LOC124904091	1	1	1
CYBC1	1659	3	1675
NARF-AS2	43	21	53
NARF	1252	10	1273
TRX-CAT1-8	0	0	0
FOXK2	1693	4	2157
FOXK2-AS1	19	485	2
WDR45B	3133	2	3131
RAB40B	224	2	222
MIR4525	0	0	0
LOC124904093	0	0	0
LOC101929552	0	0	0
FN3KRP	1122	0	1122
FN3K	54	2	52
TBCD	1068	8	1253
ZNF750	1	1	0
LOC124904096	0	185	1
LOC124904095	0	0	1
QTGAL	37	1	44
LOC124904094	0	0	0
METRNL	305	2	303
LOC101930496	0	0	0
LOC101929650	0	0	0
LOC124904105	0	0	0
LOC105371948	0	0	0
LOC100505909	0	0	0
RPL23AP87	0	0	0
MGC70870	0	0	0
LOC105379281	0	0	0
LINC02564	0	0	0
LOC124904234	0	0	0
LOC105371950	0	0	0
TUBB8B	0	0	0
ROCK1P1	11	0	14
MIR8078	0	3	0
LOC105371951	1	0	1
USP14	2356	39	2362
THOC1	664	18	691
COLEC12	0	0	0
LOC107985155	0	0	0
LINC01925	0	0	0
CETN1	0	0	0
CLUL1	0	15	0
LOC105371952	4	0	5
TYMSOS	33	842	160
TYMS	199	150	3204
ENOSF1	1377	2211	1367
YES1	1434	6	1428
LOC124904340	0	0	0
ADCYAP1	0	0	0
LINC01904	0	0	0
LOC107985165	0	0	0
LOC105371953	29	4	26
LINC00470	51	1	50
LOC105371954	16	0	17
LOC105371960	0	0	0
LOC105371959	0	0	0
LOC105371958	0	0	0
LOC105371957	0	0	0
LOC105371956	0	0	0
LOC105371961	1	0	1
LOC124904235	0	0	0
METTL4	313	0	313
LOC124904380	0	0	0
NDC80	722	0	722
CBX3P2	34	0	35
SMCHD1	1514	1	1514
EMILIN2	1	1	0
LPIN2	1028	2	1026
CHORDC1P4	3	0	3
LPIN2-AS2	0	0	0
LOC124904236	0	0	0
LOC124900407	0	0	0
MYOM1	117	2	117
MYL12A	1287	3	3957
MYL12-AS1	15	4829	6
MYL12B	4297	2	6413
LINC01895	121	0	121
TGIF1	2988	4	3005
LOC124904237	15	32	4
LOC105371965	0	0	0
GAPLINC	7	0	7
DLGAP1	3	1	3
LOC124904373	0	0	0
DLGAP1-AS1	211	2	209
DLGAP1-AS2	51	0	51
DLGAP1-AS6	31	0	32
LOC124904368	0	0	0
LOC124904238	0	0	0
DLGAP1-AS3	0	0	0
MIR6718	0	0	0
DLGAP1-AS4	0	0	0
LOC124904239	0	0	0
DLGAP1-AS5	0	0	0
LOC105371968	0	0	0
LINC01892	0	0	0
AKAIN1	1	0	1
LOC124904341	0	0	0
LINC00526	21	0	21
LINC00667	243	0	244
ZBTB14	252	5	248
LOC107985144	0	0	0
LOC105371970	0	0	0
EPB41L3	6	0	6
LOC107985145	0	0	0
MIR3976HG	0	0	0
MIR3976	0	0	0
TMEM200C	0	0	0
LOC121725015	0	0	0
L3MBTL4	0	0	0
L3MBTL4-AS1	0	0	0
LOC124904240	0	0	0
MIR4317	0	0	0
LINC01387	1	0	1
LOC105371972	0	0	0
LOC107985176	0	0	0
ARHGAP28-AS1	1	10	5
ARHGAP28	300	4	310
LINC00668	49	0	49
LAMA1	1975	0	2320
LOC101927188	12	357	0
LRRC30	0	0	0
LOC105371973	0	0	0
LOC105371974	0	0	0
LOC124900409	0	0	0
LOC105371975	0	0	0
LOC112577592	0	0	0
LOC105371976	0	0	0
PTPRM	1574	3	1571
LOC124904242	0	0	0
LOC124904381	0	0	0
LOC107985119	0	0	0
LOC100192426	0	0	0
LOC124904241	16	0	16
RAB12	295	1	426
RAB12-AS1	5	137	0
GACAT2	0	0	3
MTCL1	533	6	530
LOC124904243	0	0	0
NDUFV2	1404	3	1401
NDUFV2-AS1	14	12	3
ANKRD12	215	1	215
LOC124904369	0	0	0
TWSG1-DT	0	0	0
TWSG1	340	0	340
LOC105371980	0	0	0
RALBP1	1107	3	1104
PPP4R1	1203	6	1203
PPP4R1-AS1	0	1	5
LINC02856	0	0	0
LOC124904244	4	0	4
RAB31	3402	0	3402
LOC105371981	1	0	1
TXNDC2	0	0	0
LOC105371982	1	1	0
LOC124904245	10	4	11
VAPA	2729	9	2725
LOC124904246	0	0	0
LOC105371983	0	0	0
LOC105371984	0	0	0
LOC124904247	0	0	0
LOC105371985	0	0	0
LOC105371986	0	0	0
LOC105371989	0	0	0
LOC124904370	0	0	0
LINC01254	0	0	0
LOC105371988	0	0	0
APCDD1	0	0	0
NAPG	360	0	360
LOC124904248	1	0	1
LINC01887	0	0	0
LOC107987262	0	0	0
LOC101927410	1	2	0
PIEZO2	3039	1	3039
MIR6788	0	0	0
LOC124904249	14	0	14
LOC105371993	0	0	0
LOC107985173	0	0	0
LOC124904250	0	0	0
LOC105371995	0	0	0
LINC01928	0	0	0
LINC01255	0	0	0
SLC35G4	0	0	0
MIR7153	0	0	0
GNAL	366	261	784
CHMP1B	1788	21	1767
LOC124904251	36	4	39
LOC124904252	9	58	7
MPPE1	341	398	559
LOC101927511	5	0	5
IMPA2	4757	3	4754
ANKRD62	0	0	0
C18orf61	0	0	0
LOC124904253	0	0	0
CIDEA	0	0	0
LOC105371996	0	0	0
TUBB6	3403	403	3423
AFG3L2	784	43	1426
LOC107985154	8	255	2
PRELID3A	73	0	73
LOC105371998	11	80	15
SPIRE1	455	8	534
LOC124904371	0	0	0
PSMG2	750	0	753
CEP76	203	0	203
LINC01882	0	0	0
PTPN2	454	0	454
SEH1L	468	0	468
CEP192	729	0	729
LOC124904254	0	0	0
LOC124904255	0	0	0
LDLRAD4	13	13	0
C18orf15	0	0	0
LDLRAD4-AS1	0	0	0
MIR5190	0	0	0
LDLRAD4-AS3	0	0	0
MIR4526	0	0	0
FAM210A	480	0	480
RNMT	1025	1	1024
MC5R	0	0	0
MC2R	0	0	0
LOC124904257	0	0	0
ZNF519	86	0	86
ANKRD20A5P	0	0	0
CYP4F35P	0	0	0
LOC105372003	0	0	0
CXADRP3	0	0	0
POTEC	0	0	0
LOC105372004	0	0	0
GTF2IP8	0	0	0
LOC105372006	0	0	0
LOC105372005	0	0	0
LOC105372007	0	0	0
ANKRD30B	0	0	0
LOC105372008	0	0	0
MIR3156-2	0	0	0
LINC01906	0	0	0
LOC105372010	0	0	0
LINC01443	0	0	0
LINC01444	0	0	0
LOC644669	0	0	0
ROCK1	912	0	912
LOC107985161	0	0	0
GREB1L-DT	1	0	1
GREB1L	419	0	429
GREB1L-AS1	0	10	0
LOC124900410	0	0	0
ESCO1	404	2	402
SNRPD1	1080	2	1078
ABHD3	529	0	529
MIR320C1	0	0	0
MIB1	890	0	890
LOC124900411	0	0	0
LOC124904362	0	0	0
MIR133A1HG	0	0	0
MIR133A1	0	0	0
MIR1-2	0	0	0
LOC105372016	0	0	0
LINC01900	0	0	0
LOC124904259	0	0	0
GATA6-AS1	19	0	20
GATA6	337	2	336
LOC105372017	0	0	0
LOC105372018	0	0	0
LOC124904367	0	0	0
LOC101927548	0	0	0
LOC105372019	3	0	3
CTAGE1	0	0	0
LOC124904261	4	0	4
LOC124904260	0	0	0
LOC124904265	0	0	0
LOC124904262	2	0	3
LOC124904264	7	1	7
RBBP8-AS1	0	2	6
LOC124904263	0	0	0
LOC124904378	0	0	0
RBBP8	1072	6	1071
MIR4741	0	0	0
LOC124904266	0	0	0
CABLES1	803	4	799
SLC35D4	175	2	173
RIOK3	1060	0	1060
RMC1	259	121	395
NPC1	1382	163	1476
ANKRD29	271	1	270
LAMA3	1363	0	1363
LINC02958	37	2	35
TTC39C	1046	2	1058
TTC39C-AS1	20	24	10
CABYR	25	22	9
OSBPL1A	1020	2	1055
MIR320C2	0	0	0
LOC124904267	0	0	0
LOC124904268	3	30	4
IMPACT	349	0	349
HRH4	0	0	0
LOC105372026	0	0	0
LINC01915	0	0	0
LOC105372027	0	0	0
LOC105372028	0	0	0
LOC105372029	0	0	0
LINC01894	0	0	0
LOC107985141	0	0	0
ZNF521	197	1	196
LOC124904269	0	0	0
LOC124904270	3	3	0
LOC105372031	0	0	0
LOC124904271	2	0	2
SS18	1426	0	1426
PSMA8	0	0	0
TAF4B	163	0	163
LOC107985142	0	0	0
LINC01543	0	0	0
LOC124904274	0	0	0
KCTD1	382	0	401
LOC124904273	0	19	0
MIR8057	1	0	1
LOC102725227	0	0	4
PCAT18	0	4	0
LOC124904272	1	0	1
LOC105372035	0	0	0
AQP4	0	0	0
AQP4-AS1	0	0	0
CHST9	0	0	0
LOC124904275	0	0	0
LOC105372036	0	0	0
LINC01908	0	0	0
LOC105372038	0	0	0
LOC105372040	0	0	0
LOC105372041	0	0	0
LOC107985126	0	0	0
LOC105372042	0	0	0
CDH2-AS1	0	0	2
CDH2	0	2	0
LOC105372043	0	0	0
LOC124904343	0	0	0
LINC02879	0	0	0
LOC105372044	0	0	0
LOC105372045	0	0	0
LOC124904344	24	0	24
MIR302F	0	0	0
LOC105372046	0	0	0
LOC105372047	0	0	0
DSC3	1	0	1
LOC124904345	0	0	0
DSC2	708	1	707
DSCAS	0	0	0
DSC1	0	0	0
LOC105372049	0	0	0
LOC124904346	0	0	0
DSG1	0	0	0
DSG1-AS1	0	0	0
DSG4	0	0	0
DSG3	0	0	0
DSG2	2379	0	2613
DSG2-AS1	12	246	0
TTR	0	0	0
LOC124904277	0	0	0
B4GALT6	31	0	31
SLC25A52	0	0	0
TRAPPC8	599	1	598
RNF125	245	0	245
LOC124904278	0	6	3
RNF138	330	4	335
LOC124904366	0	0	0
MEP1B	0	0	0
GAREM1	152	0	152
WBP11P1	0	0	0
KLHL14	0	0	0
LOC112268208	0	0	0
LOC105372055	0	0	0
LOC105372058	0	0	0
LOC107985186	0	0	0
CCDC178	1	0	1
LOC105372059	0	0	0
ASXL3	0	0	0
LOC124904347	0	0	0
NOL4	0	0	0
LOC124904279	0	0	0
LOC124904280	2	0	2
DTNA	125	0	134
LOC124904281	0	0	0
DTNA-AS1	0	9	0
LOC105372061	0	0	0
LOC124904282	0	0	0
MAPRE2	196	0	196
ZNF397	223	20	219
ZSCAN30	208	7	217
ZNF271P	206	0	206
ZNF24	1126	6	1153
LOC124904283	3	33	3
ZNF396	0	0	0
LOC105372063	2	0	2
LOC124904284	1	0	1
ZNF24TR	0	0	0
INO80C	233	0	233
GALNT1	1163	6	1431
MIR3975	0	0	0
LOC105372065	0	0	0
LOC124904285	0	0	0
LOC105372064	17	291	0
MIR187	0	0	0
MIR3929	0	0	0
LOC105372066	0	0	0
RMP24	243	1	242
RPRD1A	1364	3	1361
SLC39A6	1992	3	1989
ELP2	1713	87	1730
COSMOC	7	34	83
MOCOS	1521	1	1526
LOC124904286	39	0	39
FHOD3	18	31	0
LOC105372071	0	0	0
TPGS2	1320	0	1333
KIAA1328	98	0	98
LOC105372069	0	0	0
LOC124904287	3	0	3
CELF4	6	6	0
LOC105372068	0	0	0
SNORA111	0	0	0
LOC124904288	0	0	0
LOC124904289	0	0	0
LOC107985118	0	0	0
MIR4318	0	0	0
LOC102724417	0	0	0
LOC105372073	0	0	0
LOC105372074	0	0	0
LOC112268212	0	0	0
LOC124904338	0	0	0
LOC105372076	0	0	0
LOC105372077	0	0	0
MIR924HG	49	0	52
LOC101927879	1	4	0
MIR924	0	0	0
LOC101927857	1	1	0
MIR5583-2	0	0	0
MIR5583-1	0	0	0
LINC01901	0	0	0
LINC01902	0	0	0
LOC124904349	0	0	0
LOC105372081	0	0	0
LINC01477	0	0	0
LOC105372082	0	0	0
LOC107985132	0	0	0
LOC124904364	0	0	0
LOC105372084	0	0	0
LOC107985168	0	0	0
KC6	0	0	0
LOC105372083	0	0	0
LOC105372085	0	0	0
PIK3C3	837	0	837
LOC124904350	0	0	0
LINC00907	0	0	0
LOC124904351	0	0	0
RIT2	0	0	0
SYT4	0	0	0
LOC105372088	0	0	0
LOC105372087	0	0	0
LINC01478	0	0	0
LOC124904291	0	0	0
LINC01601	0	0	0
LOC124904290	0	0	0
LOC105372089	0	0	0
SETBP1-DT	9	3	6
SETBP1	104	0	104
MIR4319	0	0	0
LOC105372091	0	0	0
LOC101927961	0	0	0
SLC14A2	2	1	2
SLC14A2-AS1	0	0	0
LOC105372093	1	0	2
LOC105372092	0	0	0
SLC14A1	0	0	0
EPG5	469	0	469
SIGLEC15	0	0	0
PSTPIP2	1	0	1
ATP5F1A	11159	2	11157
TRK-CTT6-1	3	0	3
HAUS1	389	0	389
ARK2N	434	0	434
ARK2C	237	0	237
LOC105372095	1	1	0
LOC124904293	0	0	0
LOXHD1	0	0	0
LOC105372096	0	0	0
ST8SIA5	2	0	2
ST8SIA5-DT	7	7	0
PIAS2	505	0	505
LOC124904294	1	1	0
KATNAL2	84	27	80
ELOA2	0	0	0
LOC105372098	11	17	17
HDHD2	326	12	314
IER3IP1	595	0	595
SKOR2	0	0	0
LOC124904295	0	0	0
MIR4527HG	0	0	0
MIR4527	0	0	0
LOC105372100	0	0	0
SMAD2	2080	0	2080
LOC124904297	1	0	1
LOC105372101	0	0	0
ZBTB7C	12	8	4
ZBTB7C-AS1	0	0	0
ZBTB7C-AS2	0	0	0
LOC124904352	0	0	0
LOC124904353	2	2	0
CTIF	0	0	0
MIR4743	0	0	0
LOC105372107	0	0	0
LOC107985147	0	0	0
LOC105372106	0	0	0
CTIF-AS1	0	0	0
LOC124904355	0	0	0
SMAD7	399	1	398
LOC105372108	1	0	1
DYM-AS1	0	0	0
DYM	582	1	581
MIR4744	0	0	0
LOC124904298	0	0	0
C18orf32	18	0	18
RPL17-C18orf32	0	0	0
MIR1539	0	0	0
RPL17	19	0	19
SNORD58C	12	0	12
SNORD58A	7	0	7
SNORD58B	0	0	0
LINC02837	0	0	0
LIPG	0	0	0
LOC105372112	0	0	0
LOC112268210	0	0	0
ACAA2	2201	1	2200
SNHG22	0	114	0
SCARNA17	0	0	0
MYO5B	639	6	747
LOC124904299	0	0	0
MIR4320	0	0	0
CFAP53	52	0	52
LOC124904300	24	0	24
MBD1	1103	1	1102
CXXC1	2065	0	2065
LOC124904301	0	0	0
LOC105372114	0	0	0
SKA1	0	0	0
LOC105372115	0	0	0
MAPK4	464	0	464
LOC124904302	0	0	0
LOC105372116	0	0	0
MRO	35	0	35
ME2	1170	0	1170
ELAC1	36	0	52
LOC107985152	15	27	4
LOC124904303	3	0	3
SMAD4	740	0	740
MEX3C	367	0	367
LINC01630	0	0	0
LOC124904365	0	0	0
LOC105372120	0	0	0
LOC105372121	0	0	0
DCC	0	0	0
MIR4528	0	0	0
LOC124904305	0	0	0
LOC124904304	0	0	0
LINC01919	0	0	0
LINC01917	0	0	0
MBD2	1616	5	1611
SNORA37	0	0	0
LOC124904306	0	0	0
LOC124904307	2	5	5
POLI	168	3	173
STARD6	0	0	0
C18orf54	116	0	116
DYNAP	0	0	0
LOC124904308	0	0	0
RAB27B	564	0	564
CCDC68	159	0	159
LOC107985125	0	0	0
LINC03035	0	0	0
LINC01929	0	0	0
TCF4	0	0	0
TCF4-AS1	0	0	0
MIR4529	0	0	0
LOC105372126	0	0	0
LOC105372130	0	0	0
LINC01415	0	0	0
LOC107985183	0	0	0
LOC105372131	0	0	0
LINC01416	0	0	0
LINC03092	0	0	0
LINC03069	0	0	0
LINC01905	0	0	0
LOC124904363	0	0	0
LINC01539	0	0	0
LOC105372132	0	0	0
LOC105372135	0	0	0
TXNL1	729	0	729
WDR7	182	1	181
WDR7-OT1	2	0	2
LOC105372136	0	0	0
LINC-ROR	0	0	0
BOD1L2	0	0	0
LINC02565	0	0	0
ST8SIA3	3	3	0
ONECUT2	365	0	365
FECH	626	0	626
NARS1	2970	0	2970
ATP8B1-AS1	46	0	51
ATP8B1	5	15	1
LOC105372141	24	0	30
LOC124904310	2	0	2
LOC105372140	5	0	5
LINC01897	0	0	0
NEDD4L	676	0	676
LOC105372143	0	0	0
MIR122HG	0	0	0
MIR122	0	0	0
MIR3591	0	0	0
ALPK2	422	1	421
ALPK2-AS1	0	0	0
SNORA108	0	0	0
LINC03110	0	0	0
MALT1-AS1	21	51	22
MALT1	1025	1	1076
LOC105372146	0	0	0
LINC01926	0	0	0
LOC124900406	0	0	0
ZNF532	540	0	540
OACYLP	0	0	0
SEC11C	231	0	231
GRP	0	0	0
RAX	0	0	0
CPLX4	0	0	0
LMAN1	4631	2	4629
LOC107985156	0	0	0
CCBE1	1	0	1
PMAIP1	759	0	759
LOC105372151	0	0	0
LOC105372152	0	0	0
LINC03111	0	0	0
LOC105372155	0	0	0
MC4R	0	0	0
LOC124904313	0	0	0
LOC105372156	0	0	0
CDH20	0	0	0
LOC124904314	0	0	0
LOC105372157	0	0	0
LINC01544	0	0	0
LOC124904315	0	0	0
RNF152	0	0	0
LOC105372159	0	0	0
LOC112268209	0	0	0
PIGN	744	0	744
RELCH	583	0	583
TNFRSF11A	244	0	244
ZCCHC2	435	0	435
PHLPP1	459	0	459
LOC105372160	0	0	0
LOC105372161	0	0	0
BCL2	228	0	228
KDSR	1002	1	1019
LOC124904317	9	1	8
KDSR-DT	19	22	16
VPS4B	650	0	733
LOC124904316	0	83	0
SERPINB5	3412	0	3412
SERPINB12	14	0	14
SERPINB13	0	0	0
SERPINB4	34	0	34
SERPINB3	135	3	132
SERPINB11	2	0	2
LOC124904318	0	0	0
SERPINB7	6	0	6
LOC124904356	0	0	0
SERPINB2	2	0	2
SERPINB10	1	0	1
HMSD	0	2	0
LOC105372165	0	6	4
SERPINB8	120	2	126
LINC00305	0	0	0
LINC01924	0	0	0
LOC124904357	0	0	0
LINC01538	0	0	0
LOC105372166	0	0	0
LOC105372167	0	0	0
LOC107985178	0	0	0
LOC101927404	0	0	0
LOC105372168	0	0	0
LINC01916	0	0	0
LOC105372169	0	0	0
CDH7	0	0	0
LOC105372170	0	0	0
CDH19	0	0	0
LOC124904320	0	0	0
MIR5011	0	0	0
DSEL	0	0	0
DSEL-AS1	0	0	0
LOC105372174	0	0	0
LOC105372173	0	0	0
LOC105372172	0	0	0
LINC01903	0	0	0
LINC01912	0	0	0
TMX3	678	0	678
CCDC102B	8	0	8
LOC107985134	0	0	0
LOC107985136	0	0	0
DOK6	0	0	0
LOC105372179	0	0	0
LOC107985138	0	0	0
CD226	9	0	9
RTTN	514	0	514
LOC105372180	3	0	3
LOC124904321	0	0	0
LOC107985158	1	0	1
SOCS6	534	3	531
LINC01909	1	0	1
LIVAR	0	0	0
LINC01910	3	0	3
LOC105376872	0	0	0
GTSCR1	0	0	0
LOC124904322	0	0	0
LOC105372185	0	0	0
LOC105372188	0	0	0
LOC105372187	0	0	0
LOC107985179	0	0	0
LINC01541	0	0	0
LOC105372186	0	0	0
LINC01899	0	0	0
LOC105376873	0	0	0
LOC102725148	0	0	0
LOC105372189	0	0	0
CBLN2	0	0	0
NETO1	0	0	0
MIR548AV	0	0	0
NETO1-DT	0	0	0
LINC02864	127	0	127
LINC02582	27	0	27
LOC105372190	0	0	0
LOC105372191	0	0	0
LOC124904358	0	0	0
FBXO15	0	0	0
TIMM21	573	0	573
CYB5A	2	0	2
C18orf63	0	0	0
LINC01922	0	0	0
DIPK1C	0	0	0
CNDP2	971	0	971
CNDP1	0	0	1
LOC124904324	0	1	0
ZNF407-AS1	38	0	38
ZNF407	185	0	185
LOC124904323	0	0	0
LOC124904325	0	0	0
LOC124904326	0	0	0
LOC105376874	0	0	0
PTGR3	536	0	536
TSHZ1	201	0	201
LOC105372200	0	0	0
SMIM21	0	0	0
LOC124900405	0	0	0
LOC107985177	0	0	0
LOC105372201	0	0	0
LOC105372202	0	0	0
LINC01898	0	0	0
LOC105372203	0	0	0
LOC124904339	0	0	0
LOC105372204	0	0	0
LOC339298	0	0	0
LOC124904360	0	0	0
LOC105372206	0	0	0
LINC01893	0	0	0
LOC105372210	3	0	5
LOC105372209	2	4	0
LOC105372211	0	0	0
ZNF516	0	0	0
ZNF516-AS1	0	0	0
ZNF516-DT	0	0	0
LINC00908	0	0	0
LINC00683	0	0	0
LINC01927	0	0	0
LOC107985151	0	0	0
LOC105372212	0	0	0
LINC01879	0	0	0
LOC105372213	0	0	0
LOC124904327	0	0	0
ZNF236-DT	7	0	7
ZNF236	255	0	255
LOC105372214	0	0	0
MBP	152	3	149
MBP-AS1	2	2	0
LOC124904328	1	0	1
LOC124904329	0	0	0
GALR1	0	0	0
LOC107985171	0	0	0
LOC107985172	0	0	0
LOC107985129	0	0	0
LINC01029	1	0	1
LOC105372219	0	0	0
LOC105372220	0	0	0
LOC105372221	0	0	0
LOC124904330	0	0	0
LOC105372224	0	0	0
LINC01896	0	0	0
SALL3	0	0	0
LOC105372225	0	0	0
ATP9B	337	1	336
LOC124904331	0	0	0
LOC105372226	0	0	0
LOC124904332	0	0	0
LOC107985149	0	0	0
NFATC1	54	0	73
LOC124904333	0	0	0
LOC124904334	0	0	0
LOC101927897	1	19	0
LOC107985162	0	1	0
LOC102723506	1	0	1
LOC284240	0	0	0
LOC124904335	0	0	0
LOC105372228	0	0	0
CTDP1-DT	0	0	0
CTDP1	294	1	293
KCNG2	2	1	1
SLC66A2	648	0	648
LOC124904336	4	0	4
HSBP1L1	504	1	504
TXNL4A	1171	2	1170
RBFA	352	0	352
RBFADN	7	0	7
ADNP2	449	0	449
PARD6G-AS1	14	0	14
PARD6G	92	78	14
LOC124904337	0	0	0
WASH5P	30	0	30
LOC105376912	0	0	0
MIR1302-11	0	0	0
FAM138F	0	0	0
OR4F17	0	0	0
LINC01002	0	0	0
LOC101928344	3	0	3
LOC107985295	0	0	0
PLPP2	2344	3	2341
LOC124904605	3	0	3
MIER2	618	0	618
SPMAP2	1	0	1
LOC124904606	0	0	0
C2CD4C	41	0	41
LOC124904607	0	0	0
SHC2	0	0	0
CIMAP1D	1	0	1
LOC124904608	13	2	11
MADCAM1	4	4	0
MADCAM1-AS1	4	323	7
TPGS1	163	4	485
CDC34	1543	3	1540
GZMM	1	0	1
BSG-AS1	54	100	150
BSG	35833	111	35918
HCN2	932	11	1602
LOC107987266	15	687	8
POLRMT	3166	57	3346
LOC105372234	79	215	103
FGF22	3	0	3
RNF126	1651	0	1651
FSTL3	21441	16	21425
PRSS57	2	0	2
PALM	1241	0	1241
MISP	2795	1	2794
LOC101928450	74	21	62
LINC01836	162	4	167
PTBP1	9326	2	9324
MIR4745	0	0	0
PLPPR3	1	0	3
MIR3187	0	2	0
AZU1	0	0	0
PRTN3	0	0	0
ELANE	4	0	4
CFD	18	0	18
MED16	425	133	292
RNU6-9	0	0	0
R3HDM4	943	1	942
KISS1R	0	0	0
ARID3A	381	1	380
WDR18	1257	0	1257
GRIN3B	20	188	0
TMEM259	4903	4	5067
RNU6-2	0	0	0
CNN2	2981	1	2980
ABCA7	3351	3	3348
ARHGAP45	1270	174	1177
POLR2E	3767	26	3822
GPX4	6992	3	6989
SBNO2	109	0	132
LOC102723798	6	25	0
LOC102725180	11	9	2
STK11	76	25	61
CBARP	275	5	297
CBARP-DT	0	14	3
ATP5F1D	4786	7	4780
LOC102723811	4	2	3
MIDN	2042	2	2040
LOC107985303	25	7	31
LOC105372236	18	31	4
CIRBP-AS1	69	21	48
CIRBP	1676	160	1516
FAM174C	1086	1	1085
EFNA2	57	0	57
PWWP3A	1175	5	1170
TRF-GAA1-6	0	0	0
TRN-GTT2-6	0	0	0
NDUFS7	2117	29	2088
GAMT	1662	0	1662
DAZAP1	3448	4	3444
RPS15	13697	11	13686
APC2	741	689	53
C19orf25	249	0	250
PCSK4	188	4	184
REEP6	1476	1	1475
ADAMTSL5	340	1	465
LOC124904609	22	148	0
LOC107985337	1	0	1
PLK5	2	0	2
MEX3D	439	0	439
MBD3	2370	5	2365
UQCR11	1853	0	1853
TCF3	1755	1	1754
ONECUT3	1	0	1
LOC101928543	0	0	0
ATP8B3	293	1	292
REXO1	655	1	751
MIR1909	0	0	0
LOC100288123	24	121	0
KLF16	771	0	771
ABHD17A	1577	0	1577
SCAMP4	1101	0	1101
ADAT3	176	0	176
LOC105372238	1	1	1
CSNK1G2	2211	1	2212
CSNK1G2-AS1	2	3	0
BTBD2	1722	44	2104
LOC124904610	70	438	61
LOC107985278	12	0	12
MKNK2	3488	6	3482
MOB3A	843	3	840
IZUMO4	12	0	12
AP3D1	3543	2	3542
DOT1L	1933	74	2326
DOT1L-AS1	2	182	1
PLEKHJ1	691	254	717
MIR1227	0	0	0
MIR6789	0	0	0
SF3A2	1515	6	1509
AMH	445	1	444
MIR4321	0	0	0
JSRP1	4	0	4
LOC105372240	0	0	0
OAZ1	12026	1	12025
PEAK3	4	4	0
LINGO3	0	0	0
LOC101928572	2	0	2
LSM7	543	1	542
SPPL2B	1219	0	1219
TMPRSS9	27	72	6
LOC124904612	5	0	13
TIMM13	1439	1	1480
LMNB2	2621	3	2618
MIR7108	0	0	0
LINC01775	0	0	0
GADD45B	636	0	636
LOC124904614	0	0	0
GNG7	17	0	17
LOC124904789	0	0	0
MIR7850	0	0	0
DIRAS1	363	0	363
SLC39A3	948	2	946
SGTA	1663	0	1663
THOP1	3363	1	3362
ZNF554	120	0	120
ZNF555	95	0	95
ZNF556	72	0	72
ZNF57	150	8	142
ZNF77	100	0	100
TLE6	887	0	887
TLE2	2941	0	2941
TLE5	7715	16	7699
LOC105372242	0	0	0
GNA11	1274	2	1272
LOC124904615	0	0	0
GNA15	16	0	16
GNA15-DT	0	0	0
S1PR4	13	2	11
NCLN	2726	1	2725
CELF5	26	1	27
LOC105372244	0	2	0
NFIC	2110	1	2109
SMIM24	1	0	1
SMIM44	0	0	0
LOC105372246	0	75	0
DOHH	257	2	429
LOC105372245	6	105	0
FZR1	1144	29	1136
LOC124904617	12	8	15
MFSD12	5427	9	5622
TEKTIP1	337	526	5
LOC124904618	50	1091	52
HMG20B	4744	42	5807
GIPC3	653	6	647
TBXA2R	286	1	285
CACTIN-AS1	19	410	75
CACTIN	409	150	723
PIP5K1C	888	1	887
TJP3	853	15	851
APBA3	431	10	434
LOC105372248	0	0	0
MRPL54	365	0	365
RAX2	0	0	0
MATK	1341	1	1340
ZFR2	1	0	1
ATCAY	0	0	0
NMRK2	1	1	0
DAPK3	1102	1	1101
MIR637	10	0	10
EEF2	68982	35	68947
SNORD37	1	0	1
PIAS4	749	2	747
ZBTB7A	677	1	676
MAP2K2	4080	2	4078
CREB3L3	1	0	1
SIRT6	533	0	533
ANKRD24	33	0	33
EBI3	18	0	18
YJU2	456	3	453
SHD	6	0	6
TMIGD2	0	0	0
FSD1	3	0	3
STAP2	0	0	0
MPND	165	3	163
SH3GL1	2645	15	2631
CHAF1A	2403	1939	2417
UBXN6	212	57	2123
MIR4746	0	0	0
HDGFL2	1495	5	1491
PLIN4	2522	23	2500
PLIN5	31	3	28
LRG1	922	0	922
SEMA6B	54	6	48
LOC105372249	1	0	1
TNFAIP8L1	344	6	339
MYDGF	3729	1	3729
DPP9	1269	0	1757
DPP9-AS1	17	445	0
LOC105372250	0	60	0
TRG-TCC1-1	0	0	0
TRV-CAC3-1	0	0	0
MIR7-3HG	0	0	0
MIR7-3	0	0	0
LOC124904620	5	0	5
FEM1A	887	0	887
TICAM1	1215	1	1214
PLIN3	5139	5	5134
ARRDC5	3	1	2
UHRF1	2159	4	2155
MIR4747	0	0	0
KDM4B	1083	3	1080
PTPRS-AS1	0	0	0
PTPRS	2588	1	2587
LOC105372253	1	0	1
LOC105372252	0	0	0
ZNRF4	0	0	0
LOC124904622	2	0	2
TINCR	1488	0	1488
SAFB2	1629	0	1629
SAFB	2842	2	2840
LOC107985320	13	13	3
MICOS13	483	2	484
HSD11B1L	88	0	88
RPL36	1963	54	1963
LONP1	6653	12	6695
CATSPERD	1	0	1
PRR22	27	0	27
DUS3L	595	2	593
NRTN	83	0	83
FUT6	0	0	0
FUT3	0	0	0
LOC101928844	0	0	0
FUT5	0	0	0
NDUFA11	4	0	4
VMAC	0	0	0
CAPS	3	8	3
RANBP3	1183	1	1190
RANBP3-DT	12	2	10
RFX2	167	2	165
RFX2-AS1	0	0	0
LOC105372255	5	0	5
ACSBG2	16	10	6
MLLT1	2618	0	2618
ACER1	0	0	0
CLPP	1983	1	1982
ALKBH7	708	0	708
PSPN	6	0	6
GTF2F1	2015	4	2011
MIR6885	0	0	0
MIR6790	0	0	0
LOC390877	0	0	0
KHSRP	5362	1	5361
MIR3940	0	0	0
SLC25A41	49	1	48
SLC25A23	3530	1	3529
CRB3	16	0	16
DENND1C	46	3	43
TUBB4A	0	0	0
TNFSF9	3448	0	3448
CD70	1531	0	1531
TNFSF14	5	0	5
C3	14410	15	14395
GPR108	2428	1	2427
MIR6791	0	0	0
TRIP10	2717	4	2714
LOC124904623	14	12	2
SH2D3A	545	4	542
VAV1	345	2	343
ADGRE1	4	0	4
LOC105372256	0	0	0
ADGRE4P	0	0	0
MARK2P21	0	0	0
LOC112268245	0	0	0
MBD3L2B	0	0	0
MBD3L5	0	0	0
MBD3L4	0	0	0
MBD3L2	0	0	0
MBD3L3	0	0	0
ZNF557	160	3	157
LOC124904625	6	0	6
INSR	509	0	509
LOC124904626	0	0	0
ARHGEF18	1693	243	1600
ARHGEF18-AS1	5	0	5
PEX11G	43	0	205
SAXO5	54	21	45
ZNF358	948	4	944
LOC105372261	2	249	2
MCOLN1	1326	9	1566
PNPLA6	2466	17	2449
CAMSAP3	638	3	635
MIR6792	0	0	0
XAB2	1904	0	1904
STXBP2	1602	0	1602
PET100	9	1	9
PCP2	13	4	14
RPS27AP19	0	0	0
RETN	0	0	0
MCEMP1	0	0	0
TRAPPC5	1260	0	1260
FCER2	0	0	0
LOC105372262	0	0	0
CLEC4G	0	0	0
CD209	0	0	0
CLEC4M	0	0	0
LOC105372263	0	0	0
CLEC4GP1	1	0	1
LOC124904628	1	1	0
EVI5L	1030	0	1030
PRR36	3	0	3
LYPLA2P2	0	0	0
LRRC8E	340	4	336
LOC124904630	0	0	0
MAP2K7	692	1	691
TGFBR3L	63	11	52
SNAPC2	248	1	247
CTXN1	410	6	796
LOC124904629	0	410	8
TIMM44	908	2	932
ELAVL1	2115	0	2115
LOC105372266	30	0	30
CCL25	0	0	0
FBN3	10	0	10
CERS4	62	0	62
LOC107985282	0	0	0
CD320	2451	1	2450
NDUFA7	839	2	837
RPS28	4704	10	4762
KANK3	21	64	25
ANGPTL4	3519	4	3516
RAB11B-AS1	19	252	44
LOC124904632	74	1	73
MIR4999	0	0	0
RAB11B	1393	29	1640
MARCHF2	265	0	265
HNRNPM	6151	7	6144
PRAM1	3	0	3
ZNF414	358	0	358
MYO1F	29	1	28
LOC124904633	2	0	2
ADAMTS10	815	0	815
NFILZ	0	0	0
ACTL9	0	0	0
OR2Z1	0	0	0
ZNF558	0	0	0
MBD3L1	0	0	0
MUC16	0	0	0
OR1M1	0	0	0
OR7G2	0	0	0
OR7G1	0	0	0
OR7G3	0	0	0
ZNF317	506	1	505
OR7D2	0	0	0
OR7E24	0	0	0
OR7D4	0	0	0
ZNF699	27	0	27
ZNF559	40	0	40
ZNF559-ZNF177	0	0	0
ZNF177	0	0	0
LOC112268250	0	0	0
ZNF266	697	0	697
LOC105372269	2	0	2
ZNF560	0	0	0
LOC105372268	2	0	2
ZNF426	69	0	69
ZNF426-DT	6	0	6
ZNF121	674	0	674
LOC105376914	0	0	0
ZNF561	390	0	390
ZNF561-AS1	30	0	32
ZNF562	549	14	537
ZNF812P	0	0	0
LOC105372270	0	0	0
ZNF846	60	0	60
LOC100505555	0	0	0
LOC124904635	0	0	0
FBXL12	530	0	530
LOC124900430	2	0	2
UBL5	876	0	876
PIN1-DT	0	0	0
PIN1	1137	0	1137
OLFM2	191	0	191
LOC124904636	0	0	0
COL5A3	13	0	13
RDH8	0	0	0
MIR5589	0	0	0
C3P1	0	0	0
SHFL	288	2	483
ANGPTL6	24	199	22
PPAN	98	0	98
PPAN-P2RY11	0	0	0
SNORD105	0	0	0
SNORD105B	0	0	0
P2RY11	0	0	0
EIF3G	2527	41	2881
DNMT1	4969	1	4968
S1PR2	121	0	121
MIR4322	0	0	0
MRPL4	1685	4	1691
LIMASI	0	12	0
ICAM1	1378	4	1797
ICAM4-AS1	1	428	1
ICAM4	0	0	7
ICAM5	1077	5	1072
FDX2-ZGLP1	0	0	0
ZGLP1	0	0	0
FDX2	0	0	0
RAVER1	2056	7	2049
ICAM3	290	87	203
TYK2	2192	0	2192
CDC37	3500	5	3495
MIR1181	0	0	0
PDE4A	304	2	302
KEAP1	1345	3	1342
S1PR5	167	0	167
ATG4D	627	60	735
MIR1238	0	0	0
KRI1	1262	109	1321
CDKN2D	160	0	160
AP1M2	355	1	354
SLC44A2	2970	1	2969
ILF3-DT	148	11	138
ILF3	7962	2	7961
QTRT1	939	0	939
DNM2	3950	4	4273
MIR638	0	0	0
LOC124904637	2	293	0
MIR4748	0	0	0
MIR199A1	0	0	0
MIR6793	0	0	0
TMED1	750	160	626
C19orf38	13	0	13
HIKESHIP2	2	0	2
CARM1	1235	209	1508
YIPF2	470	283	669
TIMM29	348	1	347
SMARCA4	4413	1	4412
LDLR-AS1	4	70	2
LDLR	1844	11	1902
MIR6886	0	0	0
SPC24	863	1	863
KANK2	1913	2	1912
DOCK6	530	4	526
DOCK6-AS1	14	6	9
ANGPTL8	1	1	0
TSPAN16	1	1	0
TSPAN16-AS1	3	0	3
RAB3D	462	0	462
TMEM205	993	3	990
CCDC159	38	1	37
PLPPR2	1372	1	1371
SWSAP1	70	8	62
EPOR	670	1	669
RGL3	611	0	611
ODAD3	32	818	32
PRKCSH	5868	3	6683
ELAVL3	1	0	1
ZNF653	140	0	140
MIR7974	0	0	0
ECSIT	889	1	888
CNN1	0	0	0
ELOF1	714	0	714
ACP5	2	5	1
LOC124904638	0	0	4
ZNF627	171	0	171
HNRNPA1P10	24	9	15
ZNF833P	15	0	15
ZNF823	100	1	99
ZNF441	29	0	29
LOC124904639	0	0	0
ZNF491	0	0	0
ZNF440	112	0	112
ZNF439	6	0	6
ZNF69	0	0	0
ZNF700	335	0	335
ZNF763	4	0	4
ZNF433-AS1	0	0	0
ZNF433	0	0	0
ZNF878	0	0	0
ZNF844	0	0	0
ZNF788P	3	3	0
ZNF625-ZNF20	0	0	0
ZNF20	0	0	0
ZNF625	0	0	0
ZNF136	100	0	100
LOC100289333	3	0	3
ZNF44	238	2	236
ZNF563	1	0	1
ZNF442	0	0	0
ZNF799	86	1	85
ZNF443	51	0	51
ZNF709	1	0	1
ZNF564	89	0	89
LINC02926	2	0	2
ZNF490	85	0	85
ZNF791	333	0	396
LOC105372279	0	63	0
MAN2B1	2139	0	2139
WDR83	187	1370	293
WDR83OS	193	8	1425
DHPS	1452	135	1553
GNG14	6	6	0
FBXW9	333	0	333
TNPO2	1956	2	1954
SNORD135	0	0	0
SNORD41	0	0	0
TRIR	2914	1	2913
GET3	2535	2	2533
BEST2	0	0	0
HOOK2	810	2895	813
MIR5684	0	0	0
JUNB	10883	12	13769
PRDX2	8693	1	8694
THSD8	10	9	3
RNASEH2A	2257	3	2254
RTBDN	16	31	44
RTBDN-AS1	13	33	39
MAST1	211	3	208
MIR6794	0	0	0
DNASE2	2604	3	2601
KLF1	0	0	0
GCDH	533	1	536
SYCE2	60	12	52
MIR5695	0	0	0
FARSA	3298	1	3957
FARSA-AS1	0	659	0
CALR	18160	7	18153
MIR6515	0	0	0
RAD23A	2200	32	2831
GADD45GIP1	2205	640	2228
DAND5	15	0	15
NFIX	16	1	16
NFIX-AS1	0	0	0
LYL1	0	0	0
LOC105372282	0	0	0
TRMT1	2003	2	2003
NACC1	3465	5	3462
STX10	1547	0	1547
IER2	9635	9	9626
CACNA1A	20	10	10
LOC107985287	1	0	1
LOC105372284	0	0	0
YJU2B	735	0	735
MRI1	1687	1	1686
C19orf53	2056	1	2055
ZSWIM4	0	0	0
LOC107985334	0	0	0
MIR23AHG	0	0	0
MIR24-2	0	0	0
MIR27A	0	0	0
MIR23A	0	0	0
NANOS3	0	0	0
MIR181C	0	0	0
MIR181D	0	0	0
BRME1	0	0	0
CC2D1A	0	0	0
PODNL1	0	0	0
DCAF15	0	0	0
RFX1	0	0	0
RLN3	0	0	0
IL27RA	0	0	0
PALM3	0	0	0
MISP3	0	0	0
MIR1199	0	0	0
C19orf67	0	0	0
SAMD1	0	0	0
PRKACA	0	0	0
SMIM46	0	0	0
LOC124904642	0	0	0
ASF1B	0	0	0
ADGRL1-AS1	0	0	0
ADGRL1	2	0	2
LINC01841	0	0	0
LINC01842	0	0	0
ADGRE5	2848	0	2848
DDX39A	2314	7	2307
PKN1	2711	2	2709
PTGER1	3	0	3
GIPC1	2402	0	2402
DNAJB1	2412	1	2413
TECR	3874	2	3874
MIR639	0	0	0
NDUFB7	1322	4	1318
CLEC17A	0	0	0
ADGRE3	0	0	0
SNORA104	187	1	186
ZNF333	26	45	26
ADGRE2	197	1	241
OR7C1	0	0	0
OR7A5	0	0	0
OR7A10	0	0	0
OR7A17	0	0	0
OR7C2	0	0	0
SLC1A6	0	0	0
TEKTL1	0	0	0
CASP14	34	0	34
OR1I1	0	0	0
SYDE1	1631	0	1632
HACL2	1047	6	1042
ILVBL-AS1	4	4	0
NOTCH3	9	0	9
MIR6795	0	0	0
EPHX3	3	0	3
BRD4	1307	1	1306
LOC124904643	1	156	3
AKAP8	822	4	976
AKAP8L	1148	3	1145
WIZ	1344	1	1343
MIR1470	0	0	0
RASAL3	0	0	0
PGLYRP2	0	0	0
CYP4F22	0	0	0
LOC124904644	1	0	1
CYP4F8	0	0	0
CYP4F3	2	0	2
CYP4F12	133	0	133
OR10H2	0	0	0
OR10H3	0	0	0
CYP4F24P	0	0	0
OR10H5	0	0	0
OR10H1	0	0	0
LOC124900418	0	0	0
UCA1	1	0	1
CLEC4OP	0	0	0
CYP4F2	0	0	0
CYP4F11	1	0	1
OR10H4	0	0	0
LOC105372291	0	0	0
LINC00661	0	0	0
LINC00905	0	0	0
LINC01855	0	0	0
TPM4	3272	9	3263
RAB8A	1324	0	1642
HSH2D-AS1	16	334	0
HSH2D	16	0	16
CIB3	0	0	0
FAM32A	1054	1	1053
AP1M1	1276	0	1276
KLF2-DT	0	0	0
KLF2	166	0	166
EPS15L1	661	0	661
CALR3	1	0	1
C19orf44	154	793	232
CHERP	1058	97	1832
SLC35E1	1195	0	1195
LOC105372295	8	32	11
MED26	303	7	331
LOC105372296	15	0	15
SMIM7	664	0	664
LOC124904647	9	0	9
TMEM38A	68	0	68
NWD1	1	0	1
LOC124904648	2	0	2
SIN3B	1739	1	1738
F2RL3	2	1	1
CPAMD8	13	0	13
HAUS8	390	0	390
MYO9B	1343	2	1341
SNORA118	0	0	0
USE1	304	0	304
OCEL1	497	0	497
NR2F6	4101	19	4082
USHBP1	0	0	0
BABAM1	1913	0	1913
ANKLE1	51	1	50
ABHD8	467	95	645
MRPL34	1927	222	1978
DDA1	1505	2	1507
ANO8	1024	5	1026
GTPBP3	1019	5	1017
PLVAP	0	0	0
LOC105372298	0	0	0
CCDC194	35	0	35
BST2	8412	4	8410
BISPR	120	3	119
MVB12A	1033	0	1034
TMEM221	3	4	0
NXNL1	1	0	1
SLC27A1	432	15	470
PGLS-DT	11	735	18
PGLS	807	4	1492
NIBAN3	4	0	4
COLGALT1	4674	5	4669
UNC13A	238	0	238
MAP1S	1051	1	1166
FCHO1-AS1	0	116	0
FCHO1	305	0	305
B3GNT3	75	0	75
INSL3	9	1	8
JAK3	251	3	248
RPL18A	22669	9	22660
SNORA68	25	0	25
SLC5A5	2	1	1
CCDC124	1408	4	1404
KCNN1	38	7	31
ARRDC2	824	0	824
IL12RB1	10	0	10
MAST3	471	1	529
LOC124904650	0	59	0
PIK3R2	3430	1	3429
IFI30	7272	7	7265
MPV17L2	665	4	664
RAB3A	66	0	69
LOC102725254	5	1	6
PDE4C	41	6	37
CIST1	0	0	0
IQCN	47	0	47
JUND	3834	14	3820
MIR3188	0	0	0
LOC124904652	24	0	24
LOC124904653	6	0	6
LSM4	3414	15	4584
LOC105372300	8	1189	5
LOC124904654	2	0	2
PGPEP1	439	1	438
GDF15	910	2	908
MIR3189	8	0	8
LRRC25	0	0	0
SSBP4	2140	0	2269
ISYNA1	79	128	79
ELL	501	6	496
FKBP8	6907	2	6905
KXD1	1550	2	1548
UBA52	10179	8	10171
REX1BD	608	8	600
CRLF1	804	1	803
TMEM59L	99	0	99
KLHL26	300	0	300
CRTC1	257	2	255
COMP	0	0	0
UPF1	2572	0	2572
CERS1	13	0	13
GDF1	0	0	0
COPE	2890	0	2890
DDX49	1255	1	1254
HOMER3	1539	5	1547
HOMER3-AS1	1	13	1
SUGP2	2297	66	2294
ARMC6	692	1	754
LOC124904655	0	0	0
SLC25A42	103	0	103
TMEM161A	1107	2	1105
BORCS8-MEF2B	0	0	0
MEF2B	3	0	3
BORCS8	67	0	67
RFXANK	696	145	828
NR2C2AP	315	140	447
NCAN	0	0	0
HAPLN4	3	0	3
TM6SF2	2	0	2
SUGP1	528	0	528
MAU2	1079	1	1078
LOC124904656	1	28	1
GATAD2A	1477	1	1504
MIR640	0	0	0
TSSK6	98	0	98
NDUFA13	1712	2	1710
YJEFN3	228	0	228
CILP2	25	0	25
PBX4	84	0	84
LPAR2	171	0	171
GMIP	460	1	459
ATP13A1	2968	4	2964
ZNF101	176	5	171
ZNF14	64	0	64
LOC101060187	0	0	0
LINC00663	10	0	10
ZNF56P	6	0	6
ZNF506	6	6	0
LOC124904664	0	0	0
ZNF253	1	0	1
ZNF93	0	0	0
LOC124904665	0	0	0
ZNF682	0	0	0
LOC105372308	0	0	0
LOC105372309	0	0	0
ZNF90	0	0	0
LOC105372310	18	18	0
LOC124904662	0	0	0
LOC124904667	0	0	0
ZNF486	0	0	0
LOC102724427	0	0	0
LOC105372314	0	0	0
LOC124904660	0	0	0
ZNF826P	0	0	0
MIR1270	0	0	0
LOC124904663	0	0	0
LOC105372317	0	0	0
LOC105372316	0	0	0
ZNF737	1	0	1
LOC105372318	0	0	0
ZNF626	8	0	8
LOC105372319	0	0	0
ZNF66	4	0	4
ZNF85	0	0	0
LOC112268247	0	0	0
ZNF430	76	0	76
ZNF714	218	0	218
ZNF431	247	0	247
ZNF708	52	0	52
ZNF738	147	0	147
ZNF493	82	0	82
LOC105372321	0	0	0
LINC00664	0	0	0
ZNF429	1	0	1
LOC124904670	0	0	0
LOC101929007	0	0	0
LOC105372323	0	0	0
LOC400682	0	0	0
ZNF100	0	0	0
CCNYL6	0	0	0
ZNF43	0	0	0
LOC105372324	0	0	0
LOC105372326	0	0	0
LOC105372325	0	0	0
ZNF208	0	0	0
LOC124904672	0	0	0
LOC112268248	0	0	0
ZNF257	0	0	0
ZNF676	0	0	0
ZNF729	0	0	0
LOC105372330	0	0	0
ZNF98	1	0	1
LOC105376917	0	0	0
LOC101929124	0	0	0
LINC01233	0	0	0
LOC105372331	0	0	0
GOLGA2P9	0	0	0
LOC100996349	0	0	0
LINC01785	0	0	0
ZNF492	0	0	0
ZNF99	0	0	0
ZNF723	0	0	0
LOC105372332	0	0	0
ZNF728	0	0	0
LINC01859	0	0	0
LINC01858	0	0	0
ZNF730	0	0	0
ZNF724	0	0	0
IPO5P1	0	0	0
ZNF91	164	0	164
LOC124904675	0	0	0
LOC124904674	0	0	0
LOC107985285	0	0	0
LINC01224	0	0	0
LOC105372335	0	0	0
LOC105372334	0	0	0
LOC105372337	0	0	0
LOC105372338	60	0	60
LOC105372339	0	0	0
ZNF675	188	0	188
ZNF681	0	0	0
RPSA2	2759	0	2759
LOC124904677	0	0	0
ZNF726	28	0	28
ZNF276-AS1	0	0	0
ZNF254	127	0	127
LINC03085	0	0	0
HAVCR1P1	0	0	0
LOC124904678	0	0	0
LOC105372345	14	0	14
LINC00662	53	17	72
LINC02987	68	19	85
LOC105372348	0	0	0
LOC105372347	0	0	0
LOC105372346	0	0	0
LOC100420587	0	0	0
LOC105372349	0	0	0
LOC124904681	0	0	0
ERVE-5	1	0	1
LOC124904679	0	0	0
LOC124904797	0	0	0
LINC00906	0	0	0
LOC102724958	0	0	0
LINC01532	0	0	0
LOC124904682	0	0	0
UQCRFS1	2747	1	2746
UQCRFS1-DT	3	0	3
VSTM2B-DT	0	0	0
LOC124904683	0	0	0
VSTM2B	0	0	0
POP4	710	0	710
LOC105372353	15	0	15
PLEKHF1	191	1	190
C19orf12	323	0	323
LOC107985345	1	0	1
CCNE1	658	1	657
URI1	1209	0	1209
LOC107985271	0	0	0
ZNF536	0	0	0
ZNF536-AS1	0	0	0
LOC105372354	0	0	0
LINC01834	0	0	0
LOC105372355	0	0	0
LOC124900621	0	0	0
LOC105372356	0	0	0
LOC105372358	0	0	0
TSHZ3	0	0	0
LINC01791	0	0	0
TSHZ3-AS1	0	0	0
LOC124904794	0	0	0
LINC02841	0	0	0
LINC03103	0	0	0
LOC105372361	0	0	0
LOC105372362	0	0	0
LINC01837	0	0	0
LOC105372364	0	0	0
LINC01533	0	0	0
LOC105376899	0	0	0
LINC01782	0	0	0
LOC124904688	0	0	0
ZNF507	529	2	527
LOC124904689	1	1	0
DPY19L3-DT	14	0	15
DPY19L3	421	1	421
PDCD5	843	0	843
ANKRD27	754	0	754
SNORA68B	0	0	0
RGS9BP	10	0	10
NUDT19-DT	13	91	26
NUDT19	371	15	464
LOC124904690	16	6	14
TDRD12	0	0	0
SLC7A9	0	0	0
CEP89	194	0	194
FAAP24	85	0	85
RHPN2	563	0	563
GPATCH1	249	0	249
WDR88	2	19	1
LOC124904691	16	0	34
TRT-AGT1-3	0	0	0
LRP3	743	1	743
SLC7A10	0	1	0
CEBPA	1367	2	1365
CEBPA-DT	8	0	8
CEBPG	798	1	797
PEPD	913	2	1169
LOC124904692	2	260	0
LOC105372370	0	0	0
LOC100996681	0	0	0
CHST8	0	0	0
KCTD15	1159	9	1150
LOC124904693	0	0	0
SUNO1	0	0	0
LOC105372371	0	0	0
LSM14A	58	0	58
GARRE1	152	2	150
GPI	1118	0	1118
PDCD2L	0	0	0
LOC124904695	0	0	0
UBA2	1	0	1
WTIP	0	0	0
ZNF807P	0	0	0
LOC105372374	0	0	0
SCGB1B2P	6	0	6
SCGB2B2	1	0	1
SCGB2B3P	0	0	0
ZNF302	130	9	130
ZNF181	143	8	135
LOC124904698	2	2	0
ZNF599	18	0	18
LOC124904696	0	0	0
LINC01801	0	0	0
LINC02965	0	0	0
LINC03049	0	0	0
LINC00904	0	0	0
LINC01838	0	0	0
ZNF30-AS1	0	0	0
ZNF30	46	5	41
ZNF792	51	0	52
LOC124904699	0	1	0
LOC124904700	0	0	0
GRAMD1A	2579	1	2578
SCN1B	19	0	19
HPN	2	0	5
HPN-AS1	0	4	0
LOC124904701	8	0	9
FXYD3	134	0	134
MIR6887	0	0	0
LGI4	19	0	19
FXYD1	2	2	0
FXYD7	0	0	0
FXYD5	3085	1	3084
LOC105372379	0	0	0
FAM187B	0	0	0
LSR	368	11	357
LOC105372380	1	0	1
USF2	2217	0	2217
HAMP	0	0	0
MAG	12	0	12
CD22	26	0	26
MIR5196	0	0	0
FFAR1	2	0	2
FFAR3	0	0	0
GPR42	0	0	0
LINC01531	0	0	0
LOC101927522	0	0	0
FFAR2	3	0	3
KRTDAP	0	0	0
LOC124904703	0	0	0
DMKN	7	0	7
SBSN	1	0	1
GAPDHS	79	139	0
TMEM147-AS1	92	1102	155
TMEM147	1137	2	2239
ATP4A	0	0	0
LOC124904704	0	0	0
PMIS2	0	0	0
LINC01766	0	0	0
HAUS5-DT	0	0	0
HAUS5	821	0	821
RBM42	1980	3	1977
ETV2	21	1	20
COX6B1	2316	3	2313
UPK1A	5	0	6
UPK1A-AS1	0	1	0
ZBTB32	18	9	9
KMT2B	1428	1	1437
IGFLR1	192	12	190
U2AF1L4	158	4	155
PSENEN	584	5	580
LIN37	233	0	233
HSPB6	5	0	5
PROSER3	376	0	376
ARHGAP33	105	0	105
TEX14BP	0	0	0
PRODH2	0	0	0
NPHS1	27	0	27
KIRREL2	1	1	0
LOC107985317	0	0	0
APLP1	883	0	901
LOC124904705	0	18	0
NFKBID	102	0	102
HCST	3	0	3
TYROBP	0	0	0
LRFN3	296	0	296
LOC105372383	4	0	4
SDHAF1	397	0	397
SYNE4	18	9	9
ALKBH6	503	0	503
LOC101927572	9	11	22
CLIP3	44	16	52
THAP8	103	4	99
WDR62	1082	3	1079
OVOL3	7	1	7
POLR2I	255	4	306
TBCB	906	67	893
LOC105372385	6	8	0
CAPNS1	4632	1	4633
COX7A1	2	2	0
ZNF565	52	0	53
ZNF146	1429	1	1535
LOC107985304	8	109	0
LOC124904707	474	0	474
CYKILR	14	0	14
LINC00665	4	0	4
ZFP14	32	0	32
ZFP82	57	0	57
ACOT4P1	0	0	0
ZNF566	110	0	110
ZNF566-AS1	32	0	32
ZNF260	317	0	317
ZNF529	206	20	190
ZNF529-AS1	23	2	25
ZNF382	8	0	8
ZNF461	2	0	2
ZNF567	76	1	76
ZNF567-DT	0	0	1
ZNF850	18	1	17
LOC728485	0	0	0
ZNF790-AS1	0	0	0
ZNF790	0	0	0
ZNF345	0	0	0
ZNF829	7	0	7
ZNF568	11	0	11
ZNF420	106	0	106
LOC105372390	1	0	1
ZNF585A	0	0	0
ZNF585B	2	0	2
ZNF383	133	0	133
LINC01535	1	0	1
LOC284412	8	0	8
ZNF875	137	0	137
ZNF527	46	0	46
ZNF569	41	0	41
ZNF570	4	0	4
ZNF793-AS1	0	0	0
ZNF793	0	0	0
LOC124904708	0	0	0
ZNF571-AS1	2	4	0
ZNF540	4	0	4
ZNF571	14	0	16
ZFP30	38	0	38
ZNF781	1	0	1
ZNF607	120	0	120
ZNF573	7	0	7
LOC105372394	0	0	0
LOC644554	0	0	0
WDR87BP	0	0	0
LOC105372395	0	0	0
WDR87	0	0	0
LOC107985301	0	0	0
SIPA1L3	641	0	642
LOC105372396	0	0	0
SNORD152	0	0	0
DPF1	42	1	42
PPP1R14A	2	2	0
SPINT2	112	0	112
YIF1B	1607	534	1662
C19orf33	0	56	533
KCNK6	2	0	2
CATSPERG	7	0	7
LOC124904798	0	0	0
PSMD8	1805	0	1805
GGN	25	24	1
SPRED3	59	0	59
FAM98C	262	0	262
RASGRP4	1	0	1
RYR1	2	0	2
LOC124904710	0	0	0
MAP4K1	1	0	1
MAP4K1-AS1	0	0	0
EIF3K	0	0	0
ACTN4	0	0	0
LOC107985291	0	0	0
CAPN12	0	0	0
LOC124904711	0	0	0
LGALS7	0	0	0
LGALS7B	0	0	0
LGALS4	0	0	0
ECH1	14	0	14
LOC124904712	0	0	0
HNRNPL	0	0	0
RINL	0	0	0
SIRT2	0	0	0
NFKBIB	0	0	0
CCER2	0	0	0
SARS2	0	0	0
MRPS12	0	0	0
LOC124904713	0	0	0
FBXO17	0	0	0
FBXO27	78	0	78
ACP7	0	0	0
PAK4	1455	1	1454
PAK4-AS1	0	0	0
LOC124904716	0	0	0
NCCRP1	96	0	96
SYCN	0	0	0
LOC124904717	0	0	0
IFNL3	0	0	0
IFNL4	0	0	0
IFNL2	0	0	0
IFNL1	0	0	0
LRFN1	0	0	0
GMFG	0	0	0
SAMD4B	1427	1	1436
PAF1	1429	12	1427
MED29	759	3	756
ZFP36	1913	0	1913
MIR4530	0	0	0
TRI-TAT1-1	0	0	0
PLEKHG2	613	1	612
RPS16	16892	12	16880
SUPT5H	3681	3	3678
SNORD175	1	0	1
TIMM50	1533	0	1533
LOC124904718	20	0	20
DLL3	29	0	29
SELENOV	0	0	0
EID2B	144	0	144
EID2	620	4	616
LOC105372399	0	0	0
LGALS13	0	0	0
LOC100129935	0	0	0
LGALS16	0	0	0
LGALS17A	0	0	0
LGALS14	0	0	0
CLC	0	0	0
LEUTX	0	0	0
LOC124904719	0	0	0
DYRK1B	0	0	0
MIR6719	0	0	0
FBL	0	0	0
FCGBP	0	0	0
LOC124904722	0	0	0
LOC124904720	0	0	0
PSMC4	0	0	0
ZNF546	0	0	0
ZNF780B	0	0	0
ZNF780A	0	0	0
MAP3K10	576	2	574
TTC9B	12	8	4
CCNP	9	0	9
AKT2	2476	0	2476
LOC107985289	6	0	6
MIR641	7	0	7
C19orf47	373	1	373
PLD3	3741	1	3741
MIR6796	0	0	0
HIPK4	4	0	4
PRX	155	2	153
SERTAD1	313	0	313
SERTAD3	478	0	486
SERTAD3-AS1	0	8	0
BLVRB	2163	1	2162
SPTBN4	21	1	20
SHKBP1	1849	0	1849
LTBP4	3132	3	3129
NUMBL	830	0	830
COQ8B	846	1	845
ITPKC	280	2	278
ACTMAP	561	0	566
SNRPA	2858	7	2856
MIA	0	0	0
MIA-RAB4B	0	0	0
RAB4B-EGLN2	0	0	0
RAB4B	0	0	0
EGLN2	0	0	0
CYP2T1P	6	7	0
CYP2A6	1	1	0
CYP2A7	1	1	0
CYP2G1P	0	0	0
CYP2B7P	1	0	1
CYP2B6	0	0	0
CYP2A13	0	0	0
CYP2F1	0	0	0
LOC124904790	0	2	0
CYP2S1	430	0	432
AXL	2254	2	2254
HNRNPUL1	6256	13	6334
LOC105372401	17	93	17
CCDC97	950	1	952
TGFB1	1180	1	1180
B9D2	41	6	92
TMEM91	59	56	60
EXOSC5	817	0	817
BCKDHA	2683	0	2683
B3GNT8	2	1	1
DMAC2	724	8	718
ERICH4	0	0	0
LOC107985329	0	0	0
PCAT19	0	0	0
LINC01480	1	0	1
CEACAM21	0	0	0
LOC105372404	0	0	0
CEACAM4	0	0	0
LOC105372405	0	0	0
CEACAM7	2	0	2
CEACAM5	0	0	0
CEACAM6	0	0	0
LOC112268252	0	0	0
CEACAM3	0	0	0
LYPD4	0	0	0
DMRTC2	0	0	0
RPS19	16741	12	16729
MIR6797	2	0	2
CD79A	0	0	0
ARHGEF1	1561	1	1560
ERFL	5	1	4
RABAC1	1296	2	1294
ATP1A3	13	0	13
GRIK5	17	0	17
ZNF574	504	0	504
POU2F2	5	0	5
LNROP	0	0	0
MIR4323	0	0	0
POU2F2-AS2	0	0	0
DEDD2	654	1	653
ZNF526	361	1	360
GSK3A	1724	61	1663
ERF	1917	1	1916
CIC	2011	0	2011
PAFAH1B3	295	28	868
PRR19	64	573	92
TMEM145	1	0	1
MEGF8	1490	0	1491
MIR8077	0	0	0
CNFN	89	0	89
LOC101930071	0	1	6
LIPE-AS1	36	0	42
LIPE	7	10	5
CXCL17	0	0	0
CEACAM1	90	19	84
LOC105372407	2	0	2
CEACAM8	0	0	0
PSG3	0	0	0
PSG8	0	0	0
PSG8-AS1	0	0	0
PSG10P	2	0	2
PSG1	2	0	2
PSG6	2	0	2
PSG7	0	0	0
PSG11	1	0	1
PSG2	4	0	4
PSG11-AS1	1	1	0
PSG5	4	0	4
PSG4	34	0	34
LOC284344	1	0	1
PSG9	2	0	2
LINC03078	52	5	47
PRG1	2	0	2
CD177	137	0	137
TEX101	0	0	0
LYPD3	2811	0	2811
PHLDB3	219	0	219
ETHE1	876	2	876
ZNF575	20	6	16
XRCC1	731	1	781
PINLYP	1	50	2
IRGQ	468	1	467
ZNF576	247	0	247
ZNF428	118	4	345
SRRM5	20	173	19
LOC105372411	2	39	3
CADM4	161	4	192
PLAUR	1268	12	1499
LOC124904724	11	235	19
LOC105372412	16	2	14
IRGC	1	1	0
SMG9	677	0	677
KCNN4	1232	1	1231
LYPD5	1	0	1
ZNF283	181	0	181
ZNF404	7	1	6
LOC100505715	7	0	7
ZNF45-AS1	4	25	0
ZNF45	146	2	165
ZNF221	126	0	126
ZNF155	23	3	54
ZNF230-DT	8	36	7
ZNF230	124	0	124
ZNF222-DT	1	0	1
ZNF222	53	0	53
ZNF223	57	0	57
ZNF284	52	0	52
ZNF224	94	4	249
ZNF225-AS1	3	162	6
ZNF225	79	0	79
ZNF234	97	0	97
ZNF226	211	0	211
ZNF227	105	26	119
LOC124904726	14	25	27
ZNF233	12	6	6
ZNF235	41	0	41
ZNF112	49	0	49
ZNF285	0	0	0
ZNF229	0	0	0
ZNF180	172	0	172
CEACAM20	3	0	3
CEACAM22P	9	0	9
IGSF23	3	0	3
PVR	2094	12	2083
MIR4531	0	0	0
CEACAM19	107	6	101
LOC107985306	2	0	2
CEACAM16-AS1	39	4	44
CEACAM16	0	5	0
BCL3	1194	0	1194
MIR8085	0	0	0
CBLC	0	0	0
BCAM	17	0	17
NECTIN2	1680	2	1678
TOMM40	3419	2	3417
APOE	26	0	26
APOC1	0	0	0
APOC1P1	0	0	0
APOC4	0	0	0
APOC4-APOC2	0	0	0
APOC2	0	0	0
CLPTM1	3370	3	3367
RELB	339	0	339
CLASRP	936	0	936
ZNF296	93	8	123
GEMIN7	156	43	649
GEMIN7-AS1	15	503	2
PPP1R37	589	0	589
NKPD1	11	1	10
LOC105372420	0	0	0
TRAPPC6A	254	0	254
BLOC1S3	387	3	384
EXOC3L2	0	0	0
MARK4	469	1	468
CKM	3	2	1
KLC3	26	176	31
ERCC2	716	5	892
PPP1R13L	1853	0	1853
POLR1G	82	321	386
ERCC1	932	309	1248
MIR6088	0	0	0
FOSB	1466	0	1466
TRU-TCA1-1	2	0	2
RTN2	811	6	812
PPM1N	17	10	21
LOC107985314	8	11	5
VASP	2540	2	2539
LOC107985315	0	0	0
OPA3	725	1	724
GPR4	0	0	0
EML2	3290	426	3427
MIR330	0	0	0
EML2-AS1	27	140	450
GIPR	30	0	30
MIR642A	0	0	0
MIR642B	0	0	0
SNRPD2	2944	2	2942
QPCTL	1128	6	1122
FBXO46	1334	0	1334
MEIOSIN	4	0	4
SIX5	1088	150	1235
DM1-AS	22	987	60
DMPK	2136	34	2830
DMWD	782	0	782
RSPH6A	0	0	0
SYMPK	3241	2	3239
FOXA3	0	0	0
IRF2BP1	1188	0	1188
MYPOP	171	3	168
NANOS2	0	0	0
NOVA2	0	0	0
CCDC61	130	0	130
MIR769	0	0	0
PGLYRP1	7	7	0
LOC105372421	6	0	6
IGFL4	5	5	0
IGFL2	54	128	9
IGFL3	0	0	0
LOC105372424	30	1	29
IGFL2-AS1	119	0	202
LOC93429	2	0	2
IGFL1	0	0	0
LOC124904728	0	0	0
HIF3A	1	0	1
PPP5C	2113	0	2122
PPP5C-AS1	78	87	0
CCDC8	1	0	1
PNMA8C	0	0	0
PNMA8A	0	0	0
PNMA8B	0	0	0
PPP5D1P	1	0	1
CALM3	2202	3	4051
LOC124904729	11	1843	1
PTGIR	0	19	0
GNG8	0	0	0
DACT3	3	0	3
DACT3-AS1	3	3	0
PRKD2	854	1	853
MIR320E	2	0	2
LOC107987269	0	0	0
STRN4	2061	4	2060
FKRP	204	1	206
SLC1A5	2421	38	2383
SNAR-E	0	0	0
AP2S1	1942	0	1942
LOC124904791	17	16	15
ARHGAP35	1753	0	1767
NPAS1	44	2	42
TMEM160	805	1	804
ZC3H4	875	7	868
SAE1	2874	4	2870
LOC124904730	5	0	5
BBC3	155	0	157
MIR3190	0	9	0
MIR3191	0	0	2
LOC124904731	9	0	9
CCDC9	369	2	367
INAFM1	0	0	0
C5AR1	323	0	323
C5AR2	609	0	609
DHX34	772	0	772
MEIS3	513	0	513
SLC8A2	2	0	2
KPTN	137	2	137
NAPA-AS1	5	441	30
NAPA	1142	8	1581
ZNF541	0	0	0
BICRA-AS2	6	0	23
BICRA	503	20	500
EHD2	3915	3	3912
LOC124904733	7	6	1
NOP53	5098	2	5118
SNORD23	25	0	25
NOP53-AS1	2	25	0
SELENOW	993	0	993
TPRX1	0	0	0
CRX	0	0	0
TPRX2	0	0	0
LINC01595	0	0	0
SULT2A1	0	0	0
SNAR-A12	0	0	0
SNAR-C5	0	0	0
SNAR-A1	0	0	0
SNAR-A3	0	0	0
SNAR-C2	0	0	0
SNAR-A2	0	0	0
SNAR-C4	0	0	0
SNAR-A13	0	0	0
SNAR-C3	0	0	0
SNAR-C1	0	0	0
BSPH1	0	0	0
ELSPBP1	1	0	1
CABP5	0	0	0
PLA2G4C	47	0	68
PLA2G4C-AS1	1	22	0
LIG1	2068	2	2068
LIG1-AS1	1	3	0
ZSWIM9	279	1	278
CARD8	167	6	174
LOC124904734	0	0	0
CARD8-AS1	14	12	15
ZNF114-AS1	0	0	0
ZNF114	0	0	0
ODAD1	12	31	13
LOC124904735	12	1	35
EMP3	1620	6	1616
TMEM143	354	0	356
SYNGR4	7	0	7
KDELR1	3978	0	3981
GRIN2D	784	28	759
GRWD1	1298	0	1298
KCNJ14	27	0	43
LOC105372430	0	175	0
CYTH2	894	1	1052
LMTK3	256	6	250
SULT2B1	40	0	40
FAM83E	4	0	4
SPACA4	0	0	0
RPL18	12646	7	12639
SPHK2	343	3	391
DBP	527	52	526
CA11	610	0	685
SEC1P	5	79	1
NTN5	7	0	7
LOC105372431	1	0	1
FUT2	4	8	0
LOC105447645	0	0	2
MAMSTR	6	1	7
RASIP1	1996	3	1993
LOC124904737	12	12	0
IZUMO1	2	0	2
FUT1	51	0	51
FGF21	2	0	2
BCAT2	1421	0	1465
LOC105372432	4	48	0
HSD17B14	19	0	19
PLEKHA4	158	0	158
PPP1R15A	806	0	806
TULP2	2	0	2
NUCB1	4116	4	6241
NUCB1-AS1	0	2127	2
DHDH	1	0	1
BAX	952	1	951
FTL	14248	9	14239
GYS1	2769	2	2767
RUVBL2	3274	3	3274
MIR6798	0	0	0
LHB	1	4	0
SAXO3	0	1	0
LOC124904738	8	0	9
CGB3	0	0	0
SNAR-G2	0	0	0
CGB2	0	0	0
CGB1	0	0	0
SNAR-G1	0	0	0
CGB5	0	0	0
CGB8	0	0	0
CGB7	0	0	0
NTF4	0	0	0
KCNA7	0	0	0
SNRNP70	6247	38	6209
LIN7B	54	3	60
C19orf73	21	7	23
PPFIA3	535	3	532
HRC	0	0	0
TRPM4	381	1	380
LOC107985340	0	0	0
SLC6A16	128	1	131
MIR4324	1	0	1
CD37	28	32	1
TEAD2	639	0	650
DKKL1	8	11	7
LOC101928295	1	1	0
KASH5	0	0	0
LOC124904740	0	0	0
PTH2	0	0	0
GFY	12	0	12
SLC17A7	3	0	3
PIH1D1	1818	2	1839
ALDH16A1	1169	28	1164
FLT3LG	28	0	28
RPL13A	49060	16	49044
SNORD32A	2	0	2
SNORD33	3	0	3
SNORD34	0	0	0
SNORD35A	1	0	1
RPS11	14442	5	14437
SNORD35B	7	0	7
MIR150	0	0	0
FCGRT	1	0	1
RCN3	451	0	451
NOSIP	1117	0	1117
PRRG2	32	0	32
PRR12	1241	0	1241
RRAS	707	4	703
SCAF1	2216	1	2216
IRF3	1589	9	1945
BCL2L12	893	398	859
PRMT1	2922	0	2922
MIR5088	0	0	0
ADM5	40	0	40
CPT1C	109	0	109
TSKS	5	2	4
LOC105372434	0	0	1
AP2A1	2979	3	4163
MIR6799	0	0	0
LOC124904742	2	1057	0
FUZ	2	134	0
LOC105372435	0	0	0
MED25	1227	11	1618
MIR6800	0	0	0
PTOV1-AS1	1	391	12
PTOV1	1162	215	2705
MIR4749	0	0	0
PTOV1-AS2	77	1724	122
PNKP	917	0	920
AKT1S1	1848	98	1850
TBC1D17	76	5	665
LOC124904743	18	526	0
MIR4750	0	0	0
IL4I1	9	0	9
NUP62	2009	0	2009
ATF5	105	177	169
MIR4751	0	0	0
SIGLEC11	0	0	0
LOC124904802	0	0	0
LOC124904745	0	0	0
SIGLEC16	1	1	0
VRK3	489	0	489
ZNF473	290	0	309
ZNF473-AS1	2	21	0
ZNF473CR	1	0	1
SNAR-A4	0	0	0
SNAR-A14	0	0	0
SNAR-A5	0	0	0
SNAR-A6	0	0	0
SNAR-A7	0	0	0
SNAR-A8	0	0	0
SNAR-A9	0	0	0
SNAR-A10	0	0	0
SNAR-A11	0	0	0
SNAR-B1	0	0	0
LOC105372436	0	0	0
SNAR-B2	0	0	0
SNAR-D	0	0	0
IZUMO2	0	0	0
LOC124904746	11	0	11
MYH14	8	0	8
KCNC3	2	0	2
LOC105372437	0	0	0
NAPSB	0	0	0
NAPSA	0	0	0
NR1H2	1819	0	1819
POLD1	2615	0	2616
SPIB	1	0	1
MYBPC2	1	0	1
GARIN5A	7	306	11
EMC10	1539	4	1850
MYREM	0	5	0
JOSD2	232	0	232
LOC124904747	0	0	0
ASPDH	5	5	0
LRRC4B	1	0	1
SNAR-F	0	0	0
SYT3	0	0	0
C19orf81	3	0	6
SHANK1	0	4	0
CLEC11A	0	0	0
GPR32	0	0	0
SMIM47	0	0	0
LOC105372439	8	0	8
ACP4	4	4	0
C19orf48P	2171	0	2171
SNORD88B	1	0	1
SNORD88A	0	0	0
SNORD88C	0	0	0
TMEM277P	4	0	4
KLK1	1	0	1
KLK15	0	0	0
LOC105372441	0	0	0
KLK3	0	0	0
KLK2	0	0	0
KLKP1	0	0	0
KLK4	0	0	0
PPIAP59	0	0	0
KLK5	0	0	0
LOC105372442	0	0	0
KLK6	0	0	0
KLK7	0	0	0
KLK8	1	0	1
KLK9	0	0	0
KLK10	0	0	0
KLK11	0	0	0
KLK12	0	0	0
KLK13	0	0	0
KLK14	2	0	2
CTU1	229	0	229
SIGLEC9	0	0	0
LOC124904749	0	0	0
SIGLEC7	0	0	0
LOC101928517	0	0	0
SIGLEC17P	0	0	0
LOC107985327	0	0	0
MIR8074	0	0	0
LOC124904751	0	0	0
CD33	0	0	0
SIGLECL1	0	0	0
LINC01872	0	0	0
LOC107985326	0	0	0
IGLON5	11	11	0
VSIG10L	42	0	50
VSIG10L-AS1	1	8	1
ETFB	3168	2	3166
CLDND2	60	5	55
NKG7	0	3	0
LOC124904752	0	0	3
LIM2	0	0	0
LIM2-AS1	0	0	0
C19orf84	0	0	0
SIGLEC10	1	4	0
SIGLEC10-AS1	0	0	3
SIGLEC8	0	0	0
CEACAM18	0	0	0
SIGLEC12	0	0	0
SIGLEC6	0	0	0
ZNF175	125	0	127
LINC01530	0	2	0
SIGLEC5	0	0	0
LOC124904753	0	0	0
SIGLEC14	0	0	0
LOC124904796	0	0	0
SPACA6	233	17	264
SPACA6-AS1	0	35	15
MIR99B	0	0	1
MIRLET7E	0	0	0
MIR125A	0	0	0
HAS1	0	1	0
LOC124904754	0	0	0
FPR1	0	0	0
FPR2	0	0	0
LOC105372448	0	0	0
FPR3	0	0	0
ZNF577	0	0	0
ZNF649-AS1	0	0	0
ZNF649	0	0	0
ZNF613	30	0	30
ZNF350-AS1	1	1	0
ZNF350	49	0	49
ZNF615	0	0	0
LOC124904755	1	2	0
ZNF614	59	0	62
LOC112268244	3	2	3
ZNF432	183	1	182
ZNF841	122	0	122
ZNF616	134	0	134
ZNF836	10	0	10
PPP2R1A	6237	2	6235
MIR6801	0	0	0
LOC105372449	4	0	4
LOC124904763	0	6	0
ZNF766	248	0	254
MIR643	1	0	1
ZNF480	184	0	184
ZNF610	0	0	0
ZNF880	0	0	0
ZNF528-AS1	0	0	0
ZNF528	1	0	1
ZNF534	0	0	0
ZNF578	0	0	0
ZNF808	16	0	16
ZNF701	1	0	1
ZNF137P	0	0	0
LOC137778871	0	0	0
ZNF83	0	0	0
LOC122539214	0	0	0
ZNF611	24	0	25
LOC124904760	0	1	0
LOC105372452	0	0	0
ZNF600	33	0	33
ZNF28	156	0	156
ZNF468	84	0	84
ZNF320	264	0	264
ZNF888	71	0	72
ZNF888-AS1	2	1	2
ZNF816-ZNF321P	0	0	0
ZNF321P	0	0	0
LOC124904761	12	12	0
ZNF816	84	0	84
ZNF702P	0	0	0
LOC105372453	0	0	0
LOC124904758	0	0	0
ERVV-1	0	0	0
ERVV-2	3	0	3
LOC124904762	3	0	3
ZNF160	298	0	298
ZNF415	0	0	0
ZNF347	0	0	0
ZNF665	0	0	0
LOC124904792	0	0	0
ZNF818P	0	0	0
ZNF677	0	0	0
VN1R2	0	0	0
VN1R4	0	0	0
FAM90A27P	0	0	0
BIRC8	0	0	0
LOC107987270	0	0	0
ZNF845	126	0	126
ZNF525	3	0	3
ZNF765-ZNF761	0	0	0
ZNF765	63	0	63
TPM3P9	106	0	106
ZNF761	3	0	3
ZNF813	0	0	0
ZNF331	377	1	376
LOC284379	0	0	0
DPRX	0	0	0
LOC107985342	0	0	0
MIR512-1	0	0	0
MIR512-2	0	0	0
MIR1323	0	0	0
MIR498	0	0	0
MIR520E	0	0	0
MIR515-1	0	0	0
MIR519E	0	0	0
MIR520F	0	0	0
MIR515-2	0	0	0
MIR519C	0	0	0
MIR1283-1	0	0	0
MIR520A	0	0	0
MIR526B	0	0	0
MIR519B	0	0	0
MIR525	0	0	0
MIR523	0	0	0
MIR518F	0	0	0
LOC107985346	0	0	0
MIR520B	0	0	0
MIR518B	0	0	0
MIR526A1	0	0	0
MIR520C	0	0	0
MIR518C	0	0	0
MIR524	0	0	0
MIR517A	0	0	0
MIR519D	0	0	0
MIR521-2	0	0	0
MIR520D	0	0	0
MIR517B	0	0	0
MIR520G	0	0	0
MIR516B2	0	0	0
MIR526A2	0	0	0
MIR518E	0	0	0
MIR518A1	0	0	0
MIR518D	0	0	0
MIR516B1	0	0	0
LOC124904765	0	0	0
MIR518A2	0	0	0
MIR517C	0	0	0
MIR520H	0	0	0
MIR521-1	0	0	0
MIR522	0	0	0
MIR519A1	0	0	0
MIR527	0	0	0
LOC124904766	0	0	0
MIR516A1	0	0	0
MIR1283-2	0	0	0
MIR516A2	0	0	0
MIR519A2	0	0	0
LOC124904767	0	0	0
MIR371A	0	0	0
MIR371B	0	0	0
MIR372	0	0	0
MIR373	0	0	0
NLRP12	0	0	0
MYADM-AS1	11	6	5
MYADM	1365	2	1363
PRKCG	27	1	26
CACNG7	0	0	0
CACNG8	53	2	51
MIR935	0	0	0
CACNG6	55	0	55
VSTM1	0	0	0
TARM1	0	0	0
OSCAR	1	0	1
NDUFA3	0	0	0
TFPT	0	0	0
PRPF31	20	0	20
PRPF31-AS1	0	0	0
CNOT3	87	0	113
LOC102724273	0	26	0
LENG1	0	0	0
TMC4	0	0	0
MBOAT7	147	0	147
TSEN34	0	0	0
RPS9	0	0	0
LILRB3	0	0	0
LOC124904768	0	0	0
LOC107985279	0	0	0
LILRA6	0	0	0
LOC107987463	0	0	0
LILRB5	0	0	0
LILRB2	0	0	0
MIR4752	0	0	0
LILRA5	0	0	0
LILRA4	0	0	0
LAIR1	2	0	2
TTYH1	0	0	0
LOC124904770	0	0	0
LENG8-AS1	4	0	4
LENG8	2	0	2
LENG9	0	0	0
CDC42EP5	0	0	0
LAIR2	0	0	0
LOC105372460	0	0	0
KIR3DX1	0	0	0
LOC105372461	0	0	0
LOC107985347	0	0	0
LILRA2	0	0	0
LILRA1	0	0	0
LILRB1	0	0	0
MIR8061	0	0	0
LILRB4	0	0	0
LILRP2	0	0	0
KIR3DL3	0	0	0
KIR2DL3	0	0	0
LOC101928804	0	0	0
KIR2DL1	0	0	0
KIR2DL4	0	0	0
KIR3DL1	0	0	0
KIR2DS4	0	0	0
KIR3DL2	0	0	0
FCAR	0	0	0
NCR1	0	0	0
NLRP7	0	0	0
NLRP2	0	0	0
GP6-AS1	0	0	0
GP6	0	0	0
RDH13	0	0	0
EPS8L1	99	1	98
PPP1R12C	1109	4	1105
MIR7975	0	0	0
TNNT1	1716	0	1716
TNNI3	29	0	29
DNAAF3	183	83	475
DNAAF3-AS1	22	313	84
LOC124904795	0	0	0
SYT5	4	0	4
PTPRH	361	5	356
LOC124904771	3	1	2
TMEM86B	32	0	32
PPP6R1	2483	0	2483
MIR6804	0	0	0
MIR6802	0	0	0
MIR6803	0	0	0
HSPBP1	1083	2	1081
BRSK1	38	0	38
TMEM150B	1	1	0
KMT5C	648	5	643
COX6B2	12	3	9
GARIN5B	2	0	2
IL11	13	0	14
TMEM190	7	10	0
TMEM238	534	6	530
RPL28	8010	23	7987
MIR6805	0	0	0
UBE2S	2856	12	2844
SNORD157	8	0	8
LOC105372462	0	0	0
SHISA7	0	0	0
ISOC2	1239	3	1239
C19orf85	2	0	2
ZNF628	292	7	288
NAT14	48	1	47
SSC5D	426	4	422
SBK2	57	0	57
SBK3	54	0	54
ZNF579	928	2	926
FIZ1	546	0	546
ZNF524	375	0	375
ZNF865	577	3	574
ZNF784	99	10	89
ZNF581	314	0	314
LOC107983998	42	3	39
ZNF580	682	1	681
CCDC106	20	5	15
U2AF2	4033	1	4032
EPN1	2062	2	2068
NLRP9	0	8	0
LOC105372465	0	0	0
RFPL4A	0	0	0
RFPL4AL1	0	0	0
NLRP11	2	0	2
NLRP4	0	0	0
NLRP13	0	0	0
NLRP8	0	0	0
NLRP5	0	0	0
LINC01864	0	0	0
ZNF787	1003	1	1003
LOC124904773	4	0	4
LOC124904772	7	1	7
ZNF444	647	1	646
GALP	0	0	0
ZSCAN5B	0	0	0
ZSCAN5C	0	0	0
ZSCAN5A	86	1	99
LOC124904774	1	0	1
LOC124904775	2	0	2
LOC124900420	3	5	0
EDDM13	0	0	0
ZSCAN5A-AS1	0	11	0
LOC105372468	0	0	1
ZNF542P	0	0	0
ZNF582	0	0	0
ZNF582-DT	2	2	0
ZNF583	37	0	37
ZNF667	0	0	0
ZNF667-AS1	0	0	0
LOC105372471	0	0	0
LOC124904776	0	0	0
ZNF471	0	0	0
ZFP28-DT	0	0	0
ZFP28	0	0	0
ZNF470-DT	0	0	0
ZNF470	0	0	0
LOC124904777	0	0	0
ZNF71-SMIM17	0	0	0
ZNF71	38	0	38
SMIM17	0	0	0
ZNF835	0	0	0
LOC105372473	0	0	0
LOC105372472	0	0	0
ZIM2-AS1	0	0	0
ZIM2	0	0	0
PEG3	0	0	0
PEG3-AS1	0	0	0
MIMT1	0	0	0
LOC124904779	0	0	0
LOC105372475	0	0	0
USP29	0	0	0
LOC124904804	0	0	0
ZIM3	0	0	0
DUXA	0	0	0
LOC124904780	0	0	0
ZNF264	296	0	296
AURKC	9	0	9
ZNF805	141	0	141
ZNF460-AS1	7	0	8
ZNF460	20	1	20
ZNF543	85	0	85
ZNF304	233	0	233
ZNF547	56	0	56
TRAPPC2B	31	0	31
ZNF548	236	0	236
ZNF17	66	0	66
ZNF749	119	0	119
VN1R1	4	3	1
ZNF772	26	2	24
ZNF419	78	0	78
ZNF773	13	0	13
ZNF549	0	0	0
ZNF550	218	0	218
LOC124904781	2	2	0
ZNF416	90	0	90
ZIK1	2	0	2
ZNF530	99	0	99
ZNF134	153	0	153
ZNF211	111	0	111
ZSCAN4	0	0	0
ZNF551	31	0	31
ZNF154	5	5	0
LOC124904783	0	0	0
ZNF671	0	0	0
ZNF776	230	0	230
ZNF586	146	0	146
ZNF552	157	4	153
FKBP1AP1	0	0	0
ZNF587B	226	0	226
ZNF587	422	1	425
LOC124904782	4	7	2
UBE2CP5	42	2	43
ZNF814	240	64	179
ZNF417	106	0	106
ZNF418	0	0	0
ZNF256	0	0	0
C19orf18	2	0	2
ZNF606	20	0	20
ZNF606-AS1	0	0	0
VN2R19P	0	0	0
ZSCAN1	0	0	0
ZNF135	0	0	0
ZSCAN18	0	0	0
ZNF329	63	0	63
LOC124904784	0	0	0
ZNF274	294	0	294
LOC105372479	4	4	0
ZNF544	520	65	550
ZNF8-DT	64	65	94
ZNF8	291	0	291
ZNF8-ERVK3-1	8	0	8
ERVK3-1	1	1	0
LOC105372480	4	125	102
ZSCAN22	118	19	120
MIR6806	0	0	0
A1BG	0	0	3
A1BG-AS1	0	15	0
ZNF497	40	0	53
ZNF497-AS1	3	4	0
ZNF837	64	3	78
LOC124904788	2	19	0
LOC105372484	1	1	0
MIR4754	1	5	0
RPS5	4424	1	4427
MIR10394	0	0	0
RNF225	1	0	1
LINC02560	0	0	0
ZNF584	300	3	299
ZNF584-DT	261	4	259
ZNF324B	131	0	132
ZNF132	44	45	0
ZNF132-DT	14	0	14
ZNF324	258	41	217
ZNF446	196	35	180
LOC112268251	6	20	2
SLC27A5	162	10	163
LOC105372485	2	0	10
ZBTB45	501	229	272
TRIM28	8597	7	8590
MIR6807	0	0	0
CHMP2A	1818	2	1816
UBE2M	2805	29	2776
MZF1-AS1	35	199	32
MZF1	635	33	798
CENPBD2P	443	0	443
LOC107987272	19	0	19
DEFB125	0	0	0
DEFB126	0	0	0
DEFB127	0	0	0
DEFB128	0	0	0
DEFB129	0	0	0
DEFB132	0	0	0
C20orf96	1	0	1
ZCCHC3	362	17	345
NRSN2-AS1	34	0	34
SOX12	923	3	920
LOC101929937	1	2	1
NRSN2	18	0	20
TRIB3	836	0	836
RBCK1	1193	3	1190
TBC1D20	684	1	683
CSNK2A1	1927	0	1927
TCF15	0	0	0
SRXN1	949	0	1159
LOC107985423	7	210	7
SCRT2	0	0	0
SLC52A3	2	0	2
FAM110A	82	0	82
ANGPT4	0	0	0
LOC124904854	0	0	0
LOC105372492	0	0	0
RSPO4	0	0	0
PSMF1	1029	0	1032
LOC105372493	2	0	2
LOC124904855	5	0	5
TMEM74B	13	17	0
C20orf202	12	0	13
RAD21L1	2	0	2
SNPH	149	0	149
FKBP1A-SDCBP2	0	0	0
SDCBP2	2	1	1
LOC124904856	0	6	0
SDCBP2-AS1	35	11	25
FKBP1A	2201	2	2199
MIR6869	0	0	0
LOC105372497	0	0	0
NSFL1C	798	1	797
SIRPB2	0	0	0
LOC105372499	0	0	0
LOC105372498	0	0	0
SIRPD	0	0	0
LOC107985409	0	0	0
SIRPB1	0	0	0
SIRPG	0	0	0
SIRPG-AS1	0	0	0
SIRPB3P	0	0	0
LOC124904858	0	0	0
LOC100289473	0	0	0
LOC105372501	0	0	0
LOC124904857	0	0	0
LOC102724545	0	0	0
SIRPA	12	0	12
PDYN-AS1	0	0	0
PDYN	0	0	0
STK35	599	5	594
LOC124900458	35	0	35
LOC124904859	0	0	0
LOC105372502	0	0	0
LINC03086	0	0	0
LOC124904860	0	0	0
LOC105372503	1	1	2
TGM3	4	2	4
TGM6	0	0	0
SNRPB	4148	1	4147
SNORD119	1	0	1
ZNF343	232	0	232
LOC105372504	0	0	0
TMC2	0	0	0
LOC105372505	7	0	7
NOP56	2621	0	2621
MIR1292	0	0	0
SNORD110	7	0	7
SNORA51	3	0	3
SNORD86	0	0	0
SNORD56	0	0	0
SNORD57	0	0	0
IDH3B	1615	1	1614
IDH3B-DT	2	0	2
LOC105372507	0	0	0
EBF4	2	0	2
CPXM1	4	0	4
C20orf141	15	0	15
TMEM239	25	0	25
PCED1A	784	3	783
VPS16	440	1	441
PTPRA	547	2	545
GNRH2	0	0	0
MRPS26	817	6	811
LOC101929098	0	0	0
OXT	0	0	0
AVP	0	0	0
UBOX5-AS1	3	42	0
UBOX5	115	0	154
FASTKD5	515	0	515
LZTS3	185	0	185
LOC107985414	15	6	9
DDRGK1	574	0	574
ITPA	878	21	858
SLC4A11	265	1	265
DNAAF9	9	0	9
LOC124904983	0	0	0
LOC105372508	0	0	0
LOC105372509	0	0	0
ATRN	931	0	931
GFRA4	0	0	0
ADAM33	0	0	0
SIGLEC1	5	0	5
HSPA12B	5	5	0
ADISSP	617	0	617
SPEF1	3	0	3
CENPB	2590	2	2589
CDC25B	2835	5	2831
LINC01730	1	0	1
AP5S1	202	0	202
MAVS	1790	3	1788
PANK2-AS1	12	1	15
PANK2	540	902	606
MIR103A2	0	0	1
MIR103B2	0	1	0
RNF24	828	66	1726
SMOX	481	0	481
LOC124904861	0	1	0
LINC01433	9	0	9
ADRA1D	0	0	0
LOC124904862	0	0	0
LOC105372510	0	0	0
PRNP	966	0	966
PRND	0	0	0
PRNT	0	0	0
LOC105372511	0	0	0
RASSF2	1	0	1
LOC107985392	0	0	0
SLC23A2	406	0	406
TMEM230	1008	0	1008
PCNA	2128	3	4070
PCNA-AS1	0	1942	3
LOC124900464	0	0	0
CDS2	557	2	555
PROKR2	0	0	0
LINC00658	0	0	0
LOC107985411	0	0	0
LOC643406	0	0	0
LOC124904863	0	0	0
LINC00654	0	0	0
LINC01729	0	0	0
GPCPD1	1261	1	1260
LOC124904864	3	0	3
LOC105372514	0	0	0
SHLD1	21	0	21
CHGB	0	0	0
TRMT6	552	0	552
MCM8	600	1	600
MCM8-AS1	13	14	0
CRLS1	554	0	554
LRRN4	5	4	1
LOC124904865	0	0	0
FERMT1	256	1	255
LOC124904866	0	0	0
CASC20	0	0	0
LINC01713	0	0	0
LOC105372517	2	2	0
BMP2	2680	2	2678
LINC01428	0	0	0
LINC01751	0	0	0
LINC01706	0	0	0
MIR8062	0	0	0
LOC105372518	0	0	0
HAO1	0	0	0
TMX4	585	0	585
TMX4-AS1	0	0	0
PLCB1	23	0	23
PLCB1-IT1	0	0	0
LOC124900459	1	0	1
LOC124904867	0	0	0
LOC124904868	0	0	0
LOC105372521	0	0	0
RNU105B	0	0	0
LOC105372522	0	0	0
PLCB4	0	0	0
LAMP5-AS1	0	0	0
LAMP5	0	0	0
PAK5	0	0	0
LOC105372523	0	0	0
LOC101929348	0	0	0
PARAL1	0	0	0
SNAP25-AS1	9	1	14
ANKEF1	269	1	268
LOC105372524	3	5	4
LOC124904959	1	0	1
SNAP25	494	0	494
MKKS	479	0	479
LOC128706665	0	0	0
LOC128706666	0	0	0
SLX4IP	94	0	94
JAG1	423	3	420
MIR6870	0	0	0
LINC01752	0	0	0
LOC107985398	0	0	0
LOC101929413	0	0	0
LINC02871	0	0	0
LOC105372527	0	0	0
LOC105372528	0	0	0
LOC124904960	0	0	0
LOC339593	0	0	0
LOC105372529	0	0	0
LOC107985384	0	0	0
LOC105372530	0	0	0
LINC00687	1	1	0
BTBD3	3307	2	3543
BTBD3-AS1	4	242	0
LOC124904869	2	0	2
LOC107985406	0	0	0
LOC124904870	0	0	0
LOC107985407	0	0	0
LOC124904871	0	0	0
LOC105372532	0	0	0
LINC01722	0	0	0
LOC102606466	0	0	0
LOC105372535	2	2	0
LINC01723	0	0	0
SPTLC3	221	0	221
TASP1	150	0	150
ISM1	28	1	27
ISM1-AS1	0	0	0
LOC124904872	0	0	0
ESF1	284	0	284
NDUFAF5	116	0	116
SEL1L2	0	0	0
MACROD2	2	0	2
FLRT3	6	0	6
LOC124904873	0	0	0
MACROD2-IT1	0	0	0
MACROD2-AS1	0	0	0
LOC613266	0	0	0
LOC124904874	0	0	0
KIF16B	187	0	187
LOC124904875	1	0	1
LOC105372541	0	0	0
LOC105372542	0	0	0
SNRPB2	705	0	705
OTOR	0	0	0
LOC105372544	0	0	0
LOC105372545	0	0	0
PCSK2	0	0	0
LOC105372546	0	0	0
BFSP1	22	0	22
DSTN	3560	3	3557
RRBP1	2834	36	2798
BANF2	0	0	0
LOC105372547	0	0	0
LOC107985440	0	0	0
LOC105372548	0	0	0
SNX5	1247	2	1451
SNORD17	13	0	13
MGME1	711	205	712
OVOL2	1	0	1
KAT14	117	0	117
PET117	0	0	0
LOC124904876	0	0	0
LOC105372551	0	0	0
ZNF133	82	2	265
ZNF133-AS1	7	192	0
LOC124904978	0	0	0
LOC107985418	0	0	0
LINC00851	0	0	0
DZANK1	39	0	46
LOC124904877	0	7	0
POLR3F	232	2	230
MIR3192	0	0	0
RBBP9	518	3	515
SEC23B	2018	0	2018
SMIM26	217	0	217
LOC124904878	0	0	0
DTD1	389	1	388
DTD1-AS1	0	0	0
LINC00652	0	5	0
LCDR	6	0	11
SCP2D1-AS1	0	0	0
SCP2D1	0	0	0
LOC102724734	0	0	0
LOC107985442	0	0	0
LOC101929547	0	0	0
SLC24A3	0	0	0
LOC124904879	0	0	0
SLC24A3-AS1	0	0	0
RIN2	267	0	267
NAA20	699	3	697
CRNKL1	326	2	325
CFAP61	0	0	0
LOC124904880	0	0	0
LOC105372554	0	0	0
CFAP61-AS1	1	0	1
INSM1	0	0	0
RALGAPA2	357	0	357
LOC105372555	0	0	0
LINC03083	0	0	0
LINC00237	0	0	0
KIZ	590	2	588
KIZ-AS1	15	15	0
XRN2	2463	24	2439
NKX2-4	0	0	0
LOC105372558	0	0	0
LOC112268271	0	0	0
NKX2-2	0	0	0
BETALINC1	0	0	0
LINC01727	0	0	0
LINC01726	0	0	0
PAX1	0	0	0
LINC01432	0	0	0
LOC105372560	0	0	0
LOC105372561	0	0	0
LINC01427	0	0	0
LOC284788	0	0	0
LOC105372562	0	0	0
LOC105372563	0	0	0
LOC105372564	0	0	0
LINC00261	0	0	0
FOXA2	0	0	0
LNCNEF	0	0	0
LINC01747	0	0	0
LOC124904963	0	0	0
LOC124904962	0	0	0
LOC105372567	0	0	0
LOC105372568	0	0	0
LOC107985449	1	0	1
LOC101929707	0	0	0
SSTR4	0	0	0
THBD	12	0	12
LOC124904964	0	0	0
CD93	0	0	0
LINC00656	0	0	0
LINC03125	14	0	14
NXT1-AS1	1	0	1
LOC105372571	1	0	1
NXT1	218	0	218
LINC01431	3	0	3
GZF1	279	50	229
NAPB	311	0	311
CSTL1	0	0	0
CST11	0	0	0
CST8	0	0	0
CST13P	0	0	0
CST9L	0	0	0
CST9	0	0	0
CST3	1765	2	1763
LOC124904965	0	0	0
LOC107985383	0	0	0
CST4	0	0	0
LOC105372574	0	0	0
LOC124904966	0	0	0
CST1	0	0	0
LOC107985432	0	0	0
LOC105372575	0	0	0
CST2	0	0	0
CST5	0	0	0
GGTLC1	0	0	0
LOC107985438	0	0	0
WAKMAR1	0	0	0
LINC01721	0	0	0
LOC105372577	0	0	0
SYNDIG1	0	0	0
LOC107985402	0	0	0
LOC124904881	0	0	0
LINC02967	0	0	0
CST7	0	0	0
APMAP	1092	1	1091
ACSS1	0	0	0
LOC124904882	0	0	0
VSX1	0	0	0
LOC284798	0	0	0
LOC101926889	0	0	0
ENTPD6	683	0	683
LOC105372579	6	4	2
PYGB	1086	13	1073
ABHD12	1507	3	1504
LOC105372581	1	3	0
GINS1	515	0	517
NINL	205	0	205
NANP	179	0	181
ZNF337-AS1	18	116	45
ZNF337	326	68	399
LOC107985400	13	0	13
LOC105372582	3	0	3
FAM182B	36	0	36
LOC101926935	1	0	1
LINC01733	0	0	0
LOC100134868	0	0	0
FAM182A	0	0	0
NCOR1P1	0	0	0
MIR663AHG	0	0	0
MIR663A	0	0	0
LOC124904967	0	0	0
FRG1CP	15	0	15
FRG1DP	43	0	43
LOC105379476	0	0	0
FRG2EP	0	0	0
LOC105379477	0	0	0
FRG1EP	37	0	37
FAM242B	0	0	0
LOC124904968	4	0	4
LINC01597	0	0	0
LOC107985433	0	0	0
LOC105372586	0	0	0
FAM242A	0	0	0
FRG1BP	67	0	67
MLLT10P1	1	1	0
LOC105379481	0	0	0
LOC102723636	0	0	0
LOC107987280	2	0	2
LOC112268265	0	0	0
ANKRD20A21P	0	0	0
LOC124904986	0	0	0
LOC124904970	18	0	18
DEFB115	0	0	0
DEFB116	0	0	0
DEFB118	0	0	0
LOC124900462	0	0	0
DEFB119	0	0	0
DEFB121	0	0	0
DEFB122	0	0	0
DEFB123	0	0	0
DEFB124	0	0	0
REM1	0	0	0
LINC00028	0	0	0
HM13	2785	0	2796
MCTS2	83	0	83
HM13-AS1	10	22	2
LOC107985416	1	2	2
LOC105372588	8	10	0
ID1	6314	6	6310
MIR3193	0	0	0
COX4I2	0	0	0
BCL2L1	711	0	711
LOC124904883	0	0	0
BCL2L1-AS1	1	1	0
TPX2	4243	2	4241
MYLK2	8	0	8
FOXS1	3	0	3
DUSP15	0	0	0
TTLL9	2	2	1
PDRG1	417	0	418
XKR7	1	0	1
CCM2L	11	0	11
HCK	0	0	0
TM9SF4	2190	1	2189
TSPY26P	3	0	3
PLAGL2	660	0	660
POFUT1	1030	0	1196
LOC124904884	17	183	0
MIR1825	0	0	0
LOC124904885	0	0	0
KIF3B	892	0	892
ASXL1	2047	0	2047
NOL4L	434	0	444
LOC124904886	2	0	2
LOC101929698	0	9	0
LOC105372592	0	0	0
NOL4L-AS1	0	0	0
NOL4L-DT	0	0	0
C20orf203	0	0	0
COMMD7	514	0	514
DNMT3B	677	0	677
MAPRE1	2309	0	2309
LOC119746555	70	0	70
EFCAB8	2	0	2
LOC124904887	0	0	0
SUN5	0	0	0
BPIFB2	0	0	0
BPIFB6	0	0	0
BPIFB3	0	0	0
BPIFB4	5	0	5
LOC105372714	1	0	1
BPIFA2	13	0	13
BPIFA4P	0	0	0
BPIFA3	0	0	0
BPIFA1	0	0	0
LOC105372593	0	0	0
BPIFB1	0	0	0
LOC124904888	0	0	0
LOC105372594	0	0	0
CDK5RAP1	815	0	815
LOC124904889	23	418	9
SNTA1	367	2	769
CBFA2T2	571	6	565
NECAB3	1533	0	1536
C20orf144	0	3	0
ACTL10	1	1	0
E2F1	1706	0	1706
PXMP4	163	0	163
LOC124904890	0	0	0
ZNF341	170	0	170
ZNF341-AS1	4	4	0
CHMP4B	1867	5	1862
RALY-AS1	28	0	28
RALY	2311	6	2305
MIR4755	0	0	0
EIF2S2	3046	5	3041
ASIP	6	6	0
AHCY	4952	2	4950
ITCH	785	0	785
MIR644A	0	0	0
DYNLRB1	1295	1	1294
MAP1LC3A	0	0	0
PIGU	487	1	486
LOC105372599	0	0	0
TP53INP2	470	0	470
NCOA6	1258	0	1258
HMGB3P1	0	0	0
GGT7	1	0	1
ACSS2	1007	13	994
GSS	1964	0	1964
MYH7B	18	17	7
MIR499A	0	0	0
MIR499B	0	0	1
TRPC4AP	2374	6	2374
MMP24-AS1-EDEM2	5	1	5
EDEM2	2	0	2
LOC124900460	2	0	2
PROCR	609	0	609
MMP24	89	115	100
MMP24OS	193	25	293
EIF6	2434	1	2433
FAM83C-AS1	3	0	3
FAM83C	0	0	0
UQCC1	824	0	824
GDF5-AS1	0	0	0
GDF5	0	0	0
MIR1289-1	1	0	1
CEP250	1342	0	1461
CEP250-AS1	3	122	0
C20orf173	2	2	0
ERGIC3	4258	1	4257
FER1L4	4	0	4
LOC124904891	0	0	0
SPAG4	43	2	41
CPNE1	1692	0	1692
RBM12	1311	0	1311
NFS1	1380	5	1380
ROMO1	398	0	403
RBM39	5405	3	5402
LOC124904980	0	0	0
PHF20	1756	0	1756
SCAND1	787	83	1045
CNBD2	3	290	54
NORAD	3083	0	3083
EPB41L1	961	0	1077
EPB41L1-AS1	0	0	0
LOC124904893	1	1	0
LOC124904892	0	0	0
LOC105372602	0	117	0
AAR2	685	0	686
DLGAP4	912	2	910
DLGAP4-AS1	1	0	1
MYL9	8	1	7
TGIF2	788	0	788
TGIF2-RAB5IF	0	0	0
RAB5IF	194	0	194
SLA2	0	514	0
NDRG3	1202	0	1202
DSN1	795	0	795
LOC124904894	0	0	0
MTCL2	1361	0	1361
TLDC2	0	80	0
SAMHD1	347	0	427
RBL1	277	0	277
MROH8	0	0	0
RPN2	0	0	0
GHRH	0	0	0
MANBAL	0	0	0
LOC105372606	0	0	0
SRC	0	0	0
BLCAP	1222	0	1245
NNAT	21	44	0
LINC01746	0	0	0
LINC00489	0	0	0
LOC100287792	0	0	0
LOC105372609	0	0	0
CTNNBL1	979	0	979
LOC124904895	9	0	9
LOC124904896	0	0	0
VSTM2L	0	0	0
TTI1	1116	1	1115
RPRD1B	699	0	702
LOC124904898	4	0	4
LOC124904897	36	0	36
LOC124904899	0	0	0
TGM2	48	5	46
KIAA1755	0	0	0
LOC124904900	0	0	0
LOC149684	0	0	0
BPI	0	0	0
LBP	1	0	1
LOC124904901	32	0	32
SNHG17	213	0	451
LOC124904974	37	0	37
SNORA71B	4	0	4
SNORA71A	1	0	1
SNORA71C	3	0	3
LOC124904958	3	241	0
SNORA71D	2	0	2
LOC124904975	0	0	0
SNHG11	126	0	126
SNORA71E	4	0	4
SNORA60	7	0	7
RALGAPB	1180	0	1180
MIR548O2	0	0	0
ADIG	0	0	0
ARHGAP40	2	0	2
SLC32A1	0	0	0
ACTR5	204	1	203
LOC124904902	1	0	1
PPP1R16B	0	0	0
FAM83D	1302	0	1302
DHX35	359	0	359
LOC107985448	0	0	0
LINC01734	0	0	0
LOC102724950	0	0	0
LOC105372614	0	0	0
LOC105372613	4	0	4
LINC01370	0	0	0
LOC105372616	0	0	0
LOC105372617	0	0	0
LOC105372618	0	0	0
LOC102724968	0	0	0
LOC107985435	0	0	0
LOC105372620	0	0	0
MAFB	342	0	342
LOC101927098	0	0	0
SNORD154	0	0	0
LOC100128988	3	0	3
LOC105372621	2	0	2
TOP1	1482	7	1864
PLCG1-AS1	0	423	3
LOC124904903	1	4	1
PLCG1	1017	0	1073
MIR6871	0	0	0
ZHX3	677	4	673
LPIN3	419	0	482
EMILIN3	0	63	0
CHD6	1065	2	1063
LOC124904904	7	0	7
LOC124904905	0	0	0
LOC124900463	0	0	0
LOC101927182	0	0	0
LOC105372622	0	0	0
PTPRT	0	0	0
LOC105372624	0	0	0
LOC101927159	0	0	0
LOC105372623	0	0	0
PTPRT-AS1	0	0	0
PTPRT-DT	0	0	0
LOC124900461	0	0	0
SRSF6	3320	0	3320
L3MBTL1	146	0	146
SGK2	1	0	1
IFT52	210	0	210
LOC124904906	0	0	0
MYBL2	5851	0	5851
GTSF1L	0	0	0
LOC101927200	0	0	0
LOC105372625	0	0	0
LOC124904907	0	0	0
LOC124904908	0	0	0
LINC01728	0	0	0
TOX2	199	1	198
JPH2	843	0	843
LOC124904909	1	0	1
OSER1	967	10	966
OSER1-DT	31	0	40
GDAP1L1	0	0	0
LOC124904910	0	0	0
FITM2	315	0	315
R3HDML	0	0	0
R3HDML-AS1	0	0	0
HNF4A	6	0	6
HNF4A-AS1	0	0	0
MIR3646	0	0	0
LINC01430	0	0	0
LINC01620	0	0	0
TTPAL	281	6	275
SERINC3	2495	1	2494
PKIG	73	4	70
ADA	1226	1	1226
LINC01260	100	1	99
LOC124904911	0	0	0
KCNK15-AS1	7	4	3
CCN5	7805	4	7801
KCNK15	0	14	0
RIMS4	56	0	70
YWHAB	4302	0	4302
PABPC1L	463	0	463
TOMM34	1001	12	1168
LOC124904912	14	179	14
STK4-DT	12	0	12
STK4	829	0	829
KCNS1	10	10	0
WFDC5	0	0	0
WFDC12	0	0	0
LOC101929863	0	0	0
PI3	13	0	13
LINC02597	0	0	0
SEMG1	0	0	0
SEMG2	0	0	0
LOC105372630	0	3	0
LOC124904913	22	0	23
SLPI	1338	0	1338
MATN4	15	0	15
RBPJL	2	2	0
SDC4	1235	0	1235
SYS1	297	0	308
LOC124904914	0	79	0
SYS1-DBNDD2	0	0	0
TP53TG5	11	22	0
LOC107985404	4	4	0
DBNDD2	1	0	1
LOC107985405	4	617	3
PIGT	2834	1	3446
MIR6812	0	0	0
LOC105372631	11	0	11
WFDC2	0	0	0
LOC107987282	0	0	0
SPINT3	0	0	0
WFDC6	0	0	0
EPPIN-WFDC6	0	0	0
EPPIN	0	0	0
WFDC8	0	0	0
WFDC9	0	0	0
WFDC10A	0	0	0
WFDC11	0	0	0
WFDC10B	0	0	0
WFDC13	0	0	0
MIR3617	0	0	0
SPINT4	0	0	0
LOC124904915	0	0	0
WFDC3	7	0	7
DNTTIP1	532	0	532
UBE2C	1307	0	1307
TNNC2	5	0	5
SNX21	262	118	240
ACOT8	533	51	578
ZSWIM3	138	0	138
ZSWIM1	311	18	293
SPATA25	17	1	16
NEURL2	1	5	1
CTSA	6126	3	7058
PLTP	45	930	45
LOC107985388	13	111	19
PCIF1	1093	9	1201
ZNF335	1095	3	1092
MMP9	2	35	2
SLC12A5-AS1	4	11	43
SLC12A5	34	5	44
NCOA5	590	0	590
CD40	0	0	0
CDH22	0	0	0
LOC124904916	0	0	0
SLC35H1	899	0	899
LOC124904917	6	60	1
ELMO2	843	3	896
LOC105372633	3	0	4
ZNF663P	0	0	0
ZNF334	0	0	0
MKRN7P	0	0	0
OCSTAMP	0	0	0
SLC13A3	3	0	3
TP53RK	280	1	410
TP53RK-DT	0	130	1
SLC2A10	0	0	0
LOC124904918	0	0	0
LOC124904919	0	0	0
EYA2	1	0	1
EYA2-AS1	0	0	0
MIR3616	0	0	0
ZMYND8	1350	4	1346
LOC100131496	0	0	0
LOC101927377	1	1	0
LINC01754	2	0	2
NCOA3	1389	0	1389
SULF2	11	11	0
LOC124904922	0	0	0
LOC124904920	0	0	0
LOC124904921	0	0	0
LOC107985401	0	0	0
LOC105372636	0	0	0
LOC105372637	0	0	0
LINC01522	0	0	0
LINC01523	0	0	0
LOC107985436	0	0	0
LOC107985437	0	0	0
LOC105372639	1	0	3
LOC124904923	0	2	0
LOC105372640	0	0	0
LOC105372641	0	0	0
LOC124904924	0	0	0
LINC00494	0	0	0
LOC105372643	0	0	0
LOC105372645	0	0	0
LOC107985439	0	0	0
LOC105372647	0	0	0
LOC105372646	0	0	0
PREX1	557	0	557
ARFGEF2	1376	0	1376
CSE1L-DT	0	0	1
CSE1L	4014	1	4014
STAU1	2480	0	2480
DDX27	1441	8	1438
ZNFX1	2738	2	2741
ZFAS1	1024	0	1024
SNORD12C	0	0	0
SNORD12B	7	0	7
SNORD12	2	0	2
LOC124904925	0	0	0
LOC105372649	0	0	0
KCNB1	0	0	0
PTGIS	0	0	0
LOC101927486	0	0	0
LOC105372651	0	0	0
LOC124904926	15	0	15
B4GALT5	2950	2	2948
LOC105372652	14	0	14
SLC9A8	699	5	694
MIR12122	1	0	1
SPATA2	340	0	340
LOC105372653	2	0	2
RNF114	1959	0	1959
LOC124904976	1	1	0
SNAI1	354	0	354
SCREEM1	0	0	0
TRERNA1	0	0	0
LOC105372655	0	0	0
PEDS1-UBE2V1	0	0	0
UBE2V1	33	0	33
PEDS1	707	0	707
LOC124904927	0	0	0
LINC01275	12	0	12
LINC01273	19	1	20
CEBPB-AS1	18	6940	17
CEBPB	1706	13	8630
LOC107985386	2	0	2
LOC105372656	9	1	8
PELATON	43	0	43
LINC01270	104	17	263
LINC01271	62	178	60
LOC105372657	0	0	0
LOC124904928	1	0	1
PTPN1	1861	0	1861
MIR645	1	0	1
RIPOR3	2	0	2
MIR1302-5	0	0	0
RIPOR3-AS1	0	0	0
LOC105372659	0	0	0
PARD6B	109	0	109
BCAS4	2	0	2
LOC124904929	2	0	2
ADNP	2417	1	2453
ADNP-AS1	9	39	7
DPM1	851	1	850
MOCS3	326	0	326
KCNG1	1	0	1
LOC105372661	0	0	0
LOC105372662	0	0	0
LOC124904930	4	0	4
LOC105372663	0	0	0
NFATC2	1	0	1
MIR3194	0	0	0
ATP9A	905	0	905
SALL4	471	0	471
LINC01429	17	0	17
LOC105372664	6	6	0
ZFP64	462	0	462
LOC105372666	0	0	0
LOC107985427	0	0	0
LOC105372667	0	0	0
LOC124904931	0	0	0
LOC105372665	0	0	0
LINC01524	0	0	0
LOC105376985	0	0	0
LOC105372668	0	0	0
LOC124904932	4	0	4
TSHZ2	504	0	505
LOC105372670	3	3	0
TSHZ2-AS1	1	2	0
LOC105372671	0	0	0
ZNF217-AS1	3	3	0
ZNF217	796	0	796
LOC105372672	0	0	0
LOC124904933	0	0	0
LOC124904934	0	0	0
LOC124904935	0	0	0
SUMO1P1	0	0	0
BCAS1-AS1	0	0	0
BCAS1	0	0	0
MIR4756	0	0	0
CYP24A1	2	0	2
LOC105372675	0	0	0
LOC124904937	1	3	0
PFDN4	290	0	292
LOC107985385	0	0	0
DOK5	0	0	0
LINC01441	0	0	0
LINC01440	0	0	0
LOC105372676	0	0	0
LOC107984001	0	0	0
LOC105372677	0	0	0
LOC105372678	0	0	0
CBLN4	0	0	0
LOC105376989	0	0	0
LOC105372680	0	0	0
MC3R	0	0	0
FAM210B	193	0	193
AURKA	2493	0	2494
CSTF1	1111	1	1111
CASS4	1	0	1
RTF2	1535	1	1536
LOC124904979	0	0	0
GCNT7	1	5	0
FAM209A	1	0	2
FAM209B	0	0	0
LOC124904971	0	0	0
LINC01716	0	0	0
TFAP2C	415	0	415
LOC105372683	4	0	4
LOC105372685	0	0	0
LOC105372686	0	0	0
BMP7	0	0	0
BMP7-AS1	0	0	0
LOC112268270	0	0	0
LOC105372687	2	0	2
MIR4325	0	0	0
SPO11	0	0	0
RAE1	637	0	964
LOC124904938	41	368	0
RBM38-AS1	0	183	1
RBM38	496	1	679
LOC124904939	1	1	0
LOC105372688	1	0	1
CTCFL	0	0	0
LOC124904940	0	0	0
LOC124904941	0	0	0
PCK1	0	0	0
ZBP1	0	0	0
PMEPA1	501	12	516
NKILA	16	17	26
LOC105372692	16	0	16
LOC105372693	0	0	0
LINC01742	0	0	0
LOC107987284	0	0	0
LOC107985434	0	0	0
CIMIP1	0	0	0
LOC105372694	0	0	0
ANKRD60	0	0	0
PPP4R1L	61	0	61
RAB22A	725	0	725
VAPB	1029	0	1029
APCDD1L	1	1	0
APCDD1L-DT	2	0	2
LINC01711	0	0	0
LOC107985410	0	0	0
STX16-NPEPL1	0	0	0
STX16	1277	1	1276
NPEPL1	6	0	6
LOC124904942	5	0	5
LOC105372695	0	0	0
MIR296	0	0	0
MIR298	0	0	0
GNAS-AS1	2	0	2
GNAS	35412	34	35385
LOC101927932	2	0	8
LOC107985382	0	0	0
NELFCD	2785	79	2715
CTSZ	15964	17	15956
TUBB1	36	92	3
ATP5F1E	36	1	84
SLMO2-ATP5E	0	0	0
PRELID3B	3264	0	3264
LOC124904943	0	0	0
ZNF831	1278	19	1259
EDN3	0	0	0
PHACTR3	0	0	0
PHACTR3-AS1	0	0	0
SYCP2	236	0	236
FAM217B	210	49	212
PPP1R3D	250	3	298
CDH26	7	0	7
LINC02910	0	0	0
LOC729296	0	0	0
MIR646HG	0	0	0
LOC105372698	0	0	0
MIR646	0	0	0
LOC105372697	0	0	0
LOC101928048	0	0	0
LOC124904944	0	0	0
MIR4533	0	0	0
LOC124904945	0	0	0
MIR548AG2	0	0	0
LOC105372699	0	0	0
LOC105372700	0	0	0
LINC01718	0	0	0
LOC105372701	0	0	0
CDH4	3	3	0
LOC105372703	0	0	0
CDH4-AS2	0	0	0
CDH4-AS1	0	0	0
MIR1257	0	0	0
TAF4	115	0	121
LOC105372704	0	0	0
MIR3195	0	6	0
LOC105372705	6	0	6
LOC105372706	1	1	0
LSM14B	749	1	748
PSMA7	3097	1	3096
SS18L1	461	2	459
MTG2	1022	0	1022
HRH3	0	0	0
LOC105369209	1	0	1
OSBPL2	568	0	568
ADRM1	2124	114	2016
LAMA5	17091	17	17648
MIR4758	0	0	0
LOC124904946	0	374	3
LAMA5-AS1	6	177	11
LOC105372708	6	2	4
RPS21-DT	59	4	59
RPS21	3334	4	3334
CABLES2	228	0	228
LOC105372709	33	0	33
RBBP8NL	0	0	0
LOC105372710	0	0	0
GATA5	26	0	26
LOC105372711	0	0	0
LOC124904947	0	0	0
LOC105376995	0	0	0
CRMA	0	0	0
MIR1-1HG	0	0	0
MIR1-1	0	0	0
MIR133A2	0	0	0
LINC02970	202	20	182
LOC124904948	0	0	0
LOC124904949	1	0	3
SLCO4A1	1783	5	2490
SLCO4A1-AS2	16	10	6
SLCO4A1-AS1	11	721	0
NTSR1	13	13	0
NTSR1-AS1	27	0	27
LINC00659	26	0	26
LOC105372716	2	0	2
MRGBP	657	7	663
OGFR-AS1	17	18	12
OGFR	1142	3	1139
COL9A3	872	13	903
TCFL5	844	35	920
LOC105372717	91	342	136
DIDO1	1343	61	1602
SNORA117	1	0	1
GID8	785	0	785
SLC17A9	0	0	0
BHLHE23	0	0	0
LOC105372718	0	0	0
LINC00029	0	0	0
LINC01056	0	0	0
LINC01749	1	1	0
HAR1B	0	0	0
HAR1A	0	0	0
LOC105372719	0	0	0
LOC105376996	0	0	0
LOC124904952	0	0	0
MIR124-3	0	0	0
YTHDF1	1005	0	1005
BIRC7	98	0	98
MIR3196	0	0	0
NKAIN4	0	5	0
LOC124904950	3	0	8
FLJ16779	1	0	1
ARFGAP1	1923	0	1923
MIR4326	0	0	0
COL20A1	1	0	1
CHRNA4	3	0	3
LOC100130587	0	0	0
LOC124904953	0	0	0
KCNQ2	1	0	1
LOC105372724	0	0	0
LOC105372721	0	0	0
KCNQ2-AS1	0	0	0
EEF1A2	1	0	1
LOC124904955	0	0	0
LOC105372725	0	0	0
LOC102723814	15	8	8
PPDPF	1323	0	1327
PTK6	214	10	207
SRMS	10	8	2
FNDC11	1	0	1
HELZ2	747	0	747
GMEB2	836	8	837
MHENCR	185	3	191
STMN3	0	0	0
RTEL1-TNFRSF6B	0	0	0
RTEL1	12	0	12
LOC124904954	5	50	3
TNFRSF6B	2	0	2
ARFRP1	411	6	412
ZGPAT	362	4	365
LIME1	217	3	214
SLC2A4RG	1455	0	1480
ZBTB46	134	76	198
ZBTB46-AS2	0	54	17
LOC124904956	0	0	0
ZBTB46-AS1	0	0	0
C20orf181	0	0	0
ABHD16B-AS1	85	3	182
ABHD16B	0	99	0
TPD52L2	2029	2	2028
DNAJC5	1840	1	1839
LOC124904951	1	0	1
MIR941-1	0	0	0
MIR941-2	0	0	0
MIR941-3	0	0	0
MIR941-4	0	0	0
MIR941-5	0	0	0
UCKL1	845	3	947
MIR1914	0	0	0
MIR647	17	0	17
UCKL1-AS1	5	141	0
ZNF512B	643	0	674
SAMD10	265	3	262
PRPF6	2011	1	2010
C20orf204	15	0	15
SOX18	161	0	161
TCEA2	565	4	561
RGS19	172	0	172
MIR6813	0	0	0
OPRL1	3	0	3
LKAAEAR1	1	1	0
NPBWR2	0	0	0
LOC105372727	0	0	0
MYT1	0	0	0
PCMTD2	157	0	157
LOC124904957	0	0	0
SEPTIN14P20	0	0	0
LOC105379484	0	0	0
LOC124905051	0	0	0
LOC102723996	82	0	82
LOC124905052	0	0	0
LOC124900468	0	0	0
LOC107987292	0	0	0
CH507-9B2.8	0	0	0
LOC101928576	1	1	0
LOC102724023	164	0	164
LOC102724159	224	0	224
LOC102724200	98	0	98
LINC01670	0	0	0
LOC105379488	0	0	0
LINC03104	0	0	0
LOC124904990	0	0	0
LOC102724334	0	0	0
LOC102724354	6	0	6
LOC102724370	0	0	0
CH507-42P11.6	10	1	9
LOC102724428	2554	4	2550
LOC107987288	1	0	1
LOC124905049	1	0	1
LOC102724701	3	0	3
CH507-145C22.1	0	0	0
LOC102724560	59	0	59
LOC102724594	24	0	36
LOC102724652	0	12	0
LOC106780825	0	0	0
LOC110091777	0	0	0
MIR8069-1	0	0	0
LOC105379499	24	0	24
LOC102724843	0	0	0
LOC124904989	0	0	0
LOC105379502	0	0	0
LINC03105	0	0	0
LOC124904991	0	0	0
LOC102723360	0	0	0
LOC102723553	12	0	12
LOC102723451	0	0	0
LOC105379504	2	1	1
LOC107983987	0	0	0
LOC102723475	0	0	0
LOC124900474	0	0	0
LOC105379505	0	0	0
LOC124904992	0	0	0
LOC124904993	1	0	1
MIR6724-1	0	0	0
RNA45SN2	3	0	3
MIR3648-1	0	0	0
RNA18SN2	0	0	0
RNA5-8SN2	0	0	0
RNA28SN2	0	0	0
CDC27P9	0	0	0
MIR6724-2	0	0	0
MIR6724-3	0	0	0
RNA45SN3	0	0	0
RNA18SN3	0	0	0
RNA5-8SN3	0	0	0
RNA28SN3	0	0	0
CDC27P10	1	1	0
MIR6724-4	0	0	0
RNA45SN1	0	0	0
MIR10396B	0	0	0
RNA18SN1	0	0	0
RNA5-8SN1	0	0	0
RNA28SN1	0	0	0
LINC01666	2	1	2
LOC124904994	2	1	2
LOC124904996	77	1	76
MIR3648-2	0	0	0
MIR10396A	0	0	0
LOC101927615	0	0	0
TEKT4P2	36	0	36
LOC101930100	4	0	7
LOC101927345	17	9	11
NCOR1P4	0	0	0
LOC105379514	0	0	0
LOC124904997	0	0	0
LINC01667	28	0	28
LOC105372734	0	0	0
LOC105372733	3	0	3
BAGE2	0	0	0
TPTE	0	0	0
ANKRD30BP2	0	0	0
MIR3156-3	0	0	0
LINC01674	0	0	0
POTED	0	0	0
MIR3118-1	0	0	0
LOC107985482	0	0	0
LOC112268283	0	0	0
MIR8069	0	0	0
CYP4F29P	0	0	0
LOC110091776	0	0	0
ANKRD20A11P	0	0	0
LOC105377134	8	0	8
LIPI	0	0	0
RBM11	0	0	0
ABCC13	0	0	0
HSPA13	661	1	696
LOC105369304	1	36	1
LOC124905053	0	0	0
SAMSN1	0	0	0
SAMSN1-AS1	0	0	0
LOC105372738	0	0	0
LOC124905054	0	0	0
ASMER1	25	1	24
NRIP1	534	0	534
LINC02920	0	0	0
LOC107985483	0	0	0
LOC124905047	0	0	0
LOC105369292	0	0	0
LOC101927745	20	0	20
LOC124905055	1	0	1
LOC105369302	0	0	0
LOC124905056	0	0	0
LOC124905073	0	0	0
USP25	1151	1	1150
MIR99AHG	97	0	97
SNORD74B	0	0	0
MIR99A	0	0	0
MIRLET7C	0	0	0
MIR125B2	1	0	1
LOC124904998	0	0	0
LOC105372740	0	0	0
LOC107985511	0	0	0
LINC01549	0	0	0
TRG-GCC1-5	0	0	0
CXADR	555	1	571
BTG3	680	53	668
BTG3-AS1	0	24	0
LOC124904999	0	0	0
LOC124900465	0	0	0
C21orf91-OT1	0	0	0
C21orf91	216	0	216
LINC03147	0	0	0
CHODL	0	0	0
LOC124905000	0	0	0
TMPRSS15	0	0	0
MIR548XHG	1	0	1
MIR548X	0	0	0
LOC107985490	0	0	0
LOC124905048	0	0	0
LINC01683	0	0	0
LOC105372745	0	0	0
LINC02573	0	0	0
LINC00320	0	0	0
LOC124905057	0	0	0
NCAM2	103	0	103
LINC00317	0	0	0
LINC01425	0	0	0
LINC01687	16	0	20
LINC00308	0	4	0
LOC107985508	3	0	3
LOC107985494	0	0	0
MIR6130	0	0	0
D21S2088E	0	0	0
LOC105372747	0	0	0
LOC107985512	0	0	0
LOC105372749	0	0	0
LOC105372750	0	0	0
LINC01689	0	0	0
LINC01684	0	0	0
LINC01692	0	0	0
LOC107985516	0	0	0
LINC00158	0	0	0
LOC105372753	2	0	2
MIR155HG	0	0	0
MIR155	0	0	0
LINC00515	5	0	5
MRPL39	703	0	703
JAM2	5	5	1
LOC124905001	3	2	1
LOC124905002	1	0	2
ATP5PF	1228	19	1438
GABPA	524	211	542
LOC105372757	0	0	0
LOC105372756	0	0	0
APP	9340	2	9339
LOC124900466	0	0	0
APP-DT	0	0	1
CYYR1-AS1	0	0	0
LOC105372758	0	0	0
LOC107985474	0	0	0
CYYR1	0	0	0
ADAMTS1	199	0	199
LOC105372760	0	0	0
ADAMTS5	232	1	231
MIR4759	0	0	0
LOC124905050	3	2	1
LOC102724355	0	0	0
LOC105372759	0	0	0
LOC124905003	0	0	0
LOC105372762	0	0	0
LINC01673	0	0	0
LINC00113	0	0	0
LINC00314	0	0	0
LINC01697	1	0	1
LINC01695	0	0	0
LINC00161	0	0	0
HEMK2	146	0	146
LOC124905004	0	0	0
LTN1	0	0	0
LOC105372766	0	0	0
RWDD2B	0	0	0
LOC124905005	0	0	0
USP16	0	0	0
CCT8	0	0	0
MAP3K7CL	0	0	0
LOC105372767	0	0	0
LOC124905065	0	0	0
LINC00189	0	0	0
LOC124905007	0	0	0
LOC105369299	6	0	6
BACH1	623	0	623
BACH1-IT2	0	0	0
LOC124905071	0	0	0
LOC107985486	3	0	3
LOC105372770	0	0	0
BACH1-IT3	0	0	0
GRIK1	9	11	0
LOC124905006	0	0	0
LOC105372768	0	0	1
GRIK1-AS2	0	0	0
GRIK1-AS3	2	0	2
GRIK1-AS1	1	0	1
CLDN17	0	0	0
LINC00307	0	0	0
CLDN8	0	0	0
KRTAP24-1	0	0	0
KRTAP25-1	0	0	0
KRTAP26-1	0	0	0
KRTAP27-1	0	0	0
KRTAP23-1	0	0	0
KRTAP13-2	0	0	0
MIR4327	0	0	0
LOC105372772	0	0	0
KRTAP13-1	0	0	0
KRTAP13-3	0	0	0
KRTAP13-4	0	0	0
KRTAP15-1	0	0	0
KRTAP19-1	0	0	0
KRTAP19-2	0	0	0
KRTAP19-3	0	0	0
KRTAP19-4	0	0	0
KRTAP19-5	0	0	0
KRTAP19-6	0	0	0
KRTAP19-7	0	0	0
KRTAP22-2	0	0	0
KRTAP6-3	0	0	0
KRTAP6-2	0	0	0
KRTAP22-1	0	0	0
KRTAP6-1	0	0	0
KRTAP20-1	0	0	0
KRTAP20-4	0	0	0
KRTAP20-2	0	0	0
KRTAP20-3	0	0	0
LOC105372773	1	0	1
KRTAP21-3	0	0	0
KRTAP21-2	0	0	0
KRTAP21-1	0	0	0
KRTAP8-1	0	0	0
KRTAP7-1	0	0	0
KRTAP11-1	0	0	0
LOC105372776	0	0	0
LOC105372775	0	0	0
LOC105372774	0	0	0
KRTAP19-8	0	0	0
TIAM1	0	0	0
LOC105372777	0	0	0
TIAM1-AS1	0	0	0
LOC107985488	0	0	0
SOD1-DT	1	1097	2
SOD1	1106	51	2153
LOC124900469	4	0	4
SCAF4	608	0	608
LOC124905008	0	0	0
HUNK	5	0	5
LINC00159	0	0	0
MIS18A	317	1	316
MIS18A-AS1	4	2	2
MRAP	0	196	0
LOC124905009	1	0	1
MRAP-AS1	3	0	4
URB1	1111	1	1304
SNORA80A	2	0	2
URB1-AS1	48	0	48
EVA1C	1038	19	1019
CFAP298-TCP10L	5	0	5
TCP10L	0	0	0
CFAP298	115	0	115
SYNJ1	527	0	527
LOC124905011	0	0	0
PAXBP1-AS1	14	109	4
PAXBP1	620	0	828
LOC124905010	58	167	0
EPCIP-AS1	0	0	0
EPCIP	0	0	0
LOC124900470	0	0	0
LOC124905012	0	0	0
LOC105377136	0	0	0
LINC01690	0	0	0
OLIG2	0	0	0
LINC00945	0	0	0
OLIG1	0	0	0
LOC101928107	0	0	0
LINC01548	0	0	0
LOC105372787	0	0	0
IFNAR2-IL10RB	0	0	0
IFNAR2	303	0	309
IL10RB-DT	4	13	0
IL10RB	14	0	14
IFNAR1	897	29	868
IFNGR2	203	0	203
TMEM50B	3	0	3
DNAJC28	0	0	0
GART	2884	0	2884
SON	4492	8	4489
MIR6501	0	0	0
DONSON	1153	15	1143
CRYZL1	317	0	317
ITSN1	1944	1	1943
ATP5PO	3476	0	3476
LINC00649	0	0	0
LOC124905013	0	0	0
LOC101928126	1	0	1
LOC105372790	0	0	0
LOC105372789	0	0	0
MRPS6	197	0	197
SLC5A3	487	0	487
LINC00310	0	0	0
LOC105372791	0	0	7
KCNE2	0	7	0
SMIM11	0	0	0
C21orf140	0	0	0
LOC105372793	0	0	0
SMIM34	0	0	0
KCNE1	0	0	0
LOC124900475	0	0	0
RCAN1	533	0	533
CLIC6	1	1	0
LINC00160	1	0	1
LOC107985515	0	0	0
LINC01426	2	0	2
RUNX1	746	5	741
RUNX1-AS1	4	2	2
RUNX1-IT1	0	0	0
LOC124905015	2	0	2
LOC100506403	0	0	0
MIR802	0	0	0
PPP1R2P2	0	0	0
LOC101928269	0	0	0
LINC01436	0	0	0
SETD4	238	0	238
SETD4-AS1	0	0	0
CBR1-AS1	1	897	1
CBR1	717	1	1613
LOC105369306	0	0	0
CBR3-AS1	16	45	20
CBR3	173	7	215
DOP1B	231	0	231
LOC124905016	1	0	1
LOC124905072	0	0	0
MORC3	296	0	296
CHAF1B	835	0	835
CLDN14-AS1	23	0	23
CLDN14	0	0	0
LOC105369308	3	0	3
SIM2	118	13	174
LOC107985492	5	0	5
HLCS	350	77	346
LOC105369305	9	10	0
HLCS-AS1	1	2	2
RIPPLY3	0	0	0
LOC124905017	1	0	1
PIGP	286	0	286
TTC3	2278	0	2441
TTC3-AS1	0	163	0
DSCR9	3	2	2
VPS26C	577	3	575
LOC124905018	1	0	1
LOC124905019	0	0	0
DYRK1A	831	9	822
LOC105372797	2	2	0
KCNJ6-AS1	0	0	0
LOC105372798	8	8	0
KCNJ6	0	0	0
LOC101928368	0	0	0
DSCR4	0	0	0
DSCR8	0	0	0
LOC124905020	0	0	0
LOC124905070	0	0	0
DSCR10	0	0	0
KCNJ15	2	0	2
LOC105372801	0	0	0
LINC01423	1	0	1
LOC107985513	0	0	0
ERG	232	1	231
LOC105372802	21	5	16
LINC00114	0	0	0
LOC107985480	1	0	1
ETS2	3940	5	3935
LOC101928398	0	0	0
ETS2-AS1	5	0	5
LINC01700	0	0	0
LINC02940	16	0	16
LINC02943	1	1	0
PSMG1	1660	2	1658
BRWD1	1183	6	1177
BRWD1-AS2	16	0	16
BRWD1-AS1	0	0	0
HMGN1	5079	6	5073
LOC124905074	40	0	40
LOC105372804	0	0	0
GET1-SH3BGR	0	0	0
GET1	205	1	207
LCA5L	60	26	49
SH3BGR	1	0	1
MIR6508	0	0	0
B3GALT5-AS1	0	0	0
B3GALT5	0	0	0
LOC107985499	0	0	0
IGSF5	0	0	0
LOC107985500	0	0	0
PCP4	0	0	0
DSCAM	0	0	0
MIR4760	0	0	0
DSCAM-AS1	0	0	0
LOC105369294	0	0	0
LOC124900473	0	0	0
DSCAM-IT1	0	0	0
LINC00323	5	0	5
MIR3197	4	0	4
BACE2	6822	6	6816
PLAC4	85	10	75
FAM3B	1	0	1
MX2	2	0	2
MX1	0	0	0
TMPRSS2	0	0	0
LOC124905021	0	0	0
LOC124900472	0	0	0
LOC105372809	0	0	0
PCSEAT	0	0	0
LOC105372812	0	0	0
LOC107985478	0	0	0
LOC105372813	0	0	0
LINC00111	0	0	0
LINC00479	1	0	1
LINC00112	0	0	0
RIPK4	126	1	125
MIR6814	0	0	0
LOC102724800	15	0	15
PRDM15	609	0	609
C2CD2	385	0	385
SNORA91	0	0	0
ZBTB21	523	6	522
ZNF295-AS1	0	4	1
LOC107985502	0	0	0
UMODL1	2	0	2
UMODL1-AS1	0	0	0
ABCG1	2	0	2
LOC105372814	0	0	0
TFF3	0	0	0
TFF2	0	0	0
LOC105372815	0	3	0
TFF1	0	0	3
TMPRSS3	945	0	945
UBASH3A	0	0	0
RSPH1	0	0	0
RSPH1-DT	0	0	0
SLC37A1	451	0	504
LOC107987299	3	56	0
LOC101928212	1	1	0
LINC01671	16	0	16
LOC101928255	9	0	9
PDE9A	275	0	275
PDE9A-AS1	0	0	0
LOC107985504	0	0	0
LINC01668	0	0	0
WDR4	603	5	601
LOC105372817	10	0	13
NDUFV3	788	1	787
ERVH48-1	5	0	5
LOC124905022	9	0	9
LOC124905023	129	4	125
MIR5692B	0	0	0
LOC124905024	0	0	0
PKNOX1	307	0	307
CBS	554	3	551
U2AF1	28	1	27
LOC101928369	6	0	6
FRGCA	0	0	0
LOC107987300	0	0	0
CRYAA	0	0	0
LOC105372821	0	0	0
LOC124905025	1	0	1
LOC124905026	0	0	0
LINC00322	25	0	25
LOC124905027	88	0	88
LINC01679	30	30	0
LINC03039	28	0	28
LOC124905028	17	0	17
SIK1	1229	1	1228
LOC124905029	27	3	24
HSF2BP	70	178	67
LINC00319	0	0	5
LOC124900467	0	0	0
LINC00313	0	0	0
LOC102723380	2	2	0
H2BC12L	0	0	0
MIR6070	0	0	0
RRP1B	2183	4	2182
LOC124905030	7	1	7
LOC124905031	2	0	2
LOC124905032	0	0	0
PDXK	6085	3	6082
LOC105372824	19	0	19
CSTB	2546	0	2546
LOC105372825	0	0	0
RRP1	1184	0	1184
AATBC	1	2	0
LOC124905033	6	0	7
AGPAT3	1270	0	1270
LOC124905034	4	0	4
LOC105372826	0	0	0
LOC105372829	0	0	0
TRAPPC10	405	2	403
PWP2	258	3	255
GATD3	290	0	290
LINC01678	0	0	0
LOC124905035	14	0	14
LOC105377139	0	0	0
LOC105372832	0	0	0
LOC102725065	0	0	0
ICOSLG	71	0	71
DNMT3L	17	13	17
DNMT3L-AS1	0	13	0
AIRE	8	3	5
PFKL	4616	6	4610
CFAP410	411	143	268
TRPM2	247	69	217
TRPM2-AS	36	1	74
LOC124905069	0	0	0
LOC124905068	0	0	0
LRRC3-DT	0	0	0
LRRC3	127	0	127
HEPFAL	1	0	1
LOC124905037	0	0	0
LINC02575	0	0	0
TSPEAR	4	5	0
TSPEAR-AS1	11	11	0
TSPEAR-AS2	19	1	18
LOC124905038	7	0	8
KRTAP10-1	0	0	0
KRTAP10-2	0	0	0
KRTAP10-3	0	0	0
KRTAP10-4	0	0	0
KRTAP10-5	0	0	0
KRTAP10-6	0	0	0
KRTAP10-7	0	0	0
KRTAP10-8	0	0	0
KRTAP10-9	0	0	0
KRTAP10-10	0	0	0
KRTAP10-11	0	0	0
KRTAP12-4	0	0	0
KRTAP12-3	0	0	0
KRTAP12-2	0	0	0
KRTAP12-1	0	0	0
KRTAP10-12	0	0	0
UBE2G2	1351	0	1351
LINC01424	16	0	16
SUMO3	1369	0	1369
PTTG1IP	5396	2	5394
LOC124905039	38	0	38
ITGB2	100	8	100
LOC107987303	0	0	0
ITGB2-AS1	6	0	14
LINC01547	102	0	141
SLX9	942	41	940
LINC00163	3	1	2
LINC00165	96	0	96
PICSAR	391	7	384
LOC105372836	66	28	38
SSR4P1	116	30	86
ADARB1	2958	0	2958
LINC00334	1	0	1
LOC124905062	0	0	0
POFUT2	615	0	615
LINC00205	219	0	219
LOC124905040	0	0	0
LINC00316	0	0	0
LOC105372839	0	0	0
LOC124905041	1	0	1
BNAT1	0	0	0
COL18A1	0	0	0
COL18A1-AS2	0	0	0
COL18A1-AS1	0	0	0
LOC124905042	0	0	0
MIR6815	0	0	0
SLC19A1	0	0	0
LOC107985485	0	0	0
LINC01694	0	0	0
PCBP3	0	0	0
PCBP3-AS1	0	0	0
LOC124905044	0	0	0
LOC101928796	0	0	0
LOC105372841	0	0	0
COL6A1	326	1	325
LOC105372842	0	0	0
COL6A2-DT	0	0	0
COL6A2	12	0	13
LOC124905043	0	1	0
FTCD	1	0	1
FTCD-AS1	0	0	0
SPATC1L	0	0	0
LOC124905045	0	0	0
LSS	130	0	130
SNORD159	0	0	0
MCM3AP-AS1	88	443	85
MCM3AP	1317	65	1693
YBEY	322	36	289
C21orf58	612	2	614
PCNT	1635	11	1626
LOC128092249	0	0	0
LOC124905046	61	0	61
DIP2A	997	1	996
DIP2A-IT1	2	0	2
S100B	0	0	0
PRMT2	605	0	605
LOC124905058	16	0	16
LOC124905154	0	0	0
LOC105379418	0	0	0
FRG1FP	9	0	9
LOC107984037	2	0	2
LOC102723769	0	0	0
LOC107987323	5	0	5
LOC105379516	0	0	0
LOC105379428	0	0	0
LOC124905168	0	0	0
OR11H1	0	0	0
LOC112268291	0	0	0
POTEH	0	0	0
POTEH-AS1	0	0	0
PSLNR	0	0	0
DUXAP8	68	0	68
BMS1P22	14	14	0
LOC124905169	0	0	0
CCT8L2	0	0	0
TPTEP1	0	0	0
ANKRD62P1-PARP4P3	0	0	0
LINC01665	0	0	0
XKR3	1	0	1
HSFY1P1	0	0	0
GAB4	0	0	0
CECR7	110	0	110
IL17RA	566	0	566
TMEM121B	8	0	8
LINC01664	1	1	0
HDHD5	1269	6	1268
HDHD5-AS1	4	0	9
ADA2	0	0	0
LOC107985573	0	0	0
CECR3	0	0	0
CECR2	0	0	0
SLC25A18	21	21	9
LOC105372850	2	3	2
LOC101929372	0	2	3
ATP6V1E1	3615	0	3615
BCL2L13	1306	1	1305
BID	497	66	431
MIR3198-1	0	0	0
LINC00528	0	0	0
MICAL3	1610	1	1609
LOC124905075	0	0	0
MIR648	0	0	0
LINC01634	2	0	2
LOC105372853	9	9	0
PEX26	1313	3	1310
TUBA8	21	0	21
LOC124905076	2	0	2
USP18	258	0	258
FAM230D	0	0	0
LOC105372858	0	0	0
LOC105379518	0	0	0
FAM247D	0	0	0
FAM230J	0	0	0
LOC107987325	0	0	0
FAM230A	0	0	0
FAM247B	0	0	0
GGTLC3	0	0	0
TMEM191B	5	0	5
PI4KAP1	206	0	206
LOC124905077	2	2	0
LOC124905174	0	0	0
LOC124900482	0	0	0
RIMBP3	12	0	12
FAM246B	0	0	0
FAM230E	0	0	0
FAM247C	0	0	0
GGT3P	0	0	0
POM121L15P	6	6	0
LOC102724728	0	0	0
FAM230F	0	0	0
DGCR6	219	1	218
PRODH	54	11	43
LOC122455341	1	1	0
DGCR5	113	45	68
FAM246C	0	0	0
DGCR2	1225	0	1225
DGCR11	18	0	18
LOC124905078	4	0	4
ESS2	588	0	620
TSSK2	0	32	0
LOC112268297	3	3	0
GSC2	0	0	0
LINC01311	68	0	68
SLC25A1	4546	1	4545
CLTCL1	892	1	1048
LOC112268289	3	160	0
LOC124900485	0	0	0
LOC105372859	5	174	2
HIRA	962	3	1130
MRPL40	851	0	851
C22orf39	307	4	422
UFD1-AS1	39	149	18
UFD1	1041	11	1038
CDC45	1305	3	1302
CLDN5	0	0	0
LINC00895	0	0	0
LOC124905079	0	0	0
SEPTIN5	0	0	0
SEPT5-GP1BB	0	0	0
GP1BB	0	0	0
LOC105372861	2	0	2
TBX1	546	15	532
GNB1L	209	2	208
RTL10	852	0	852
LOC124905080	7	1	7
TXNRD2	1479	70	1494
LOC124905081	0	1	0
COMT	1176	29	1253
MIR4761	0	0	0
ARVCF	264	20	266
LOC124905082	0	0	0
TANGO2	436	0	436
MIR185	0	0	0
DGCR8	717	0	717
MIR3618	0	0	0
MIR1306	0	0	0
TRMT2A	918	0	1216
MIR6816	0	0	0
RANBP1	3245	299	3244
SNORA77B	0	0	0
ZDHHC8	815	0	815
CCDC188	1	1	0
LINC02891	2	0	2
LOC105372862	36	2	57
LINC00896	61	79	5
LOC124905083	6	0	6
LOC105372863	1	0	1
RTN4R	338	0	338
MIR1286	0	0	0
DGCR6L	607	1	606
FAM230G	0	0	0
LOC124905153	0	0	0
ZNF74	246	0	246
SCARF2	133	0	133
LOC107985588	2	4	0
KLHL22	346	1	347
LOC124905085	1	1	0
LOC101928824	21	0	21
MED15	2470	2	2468
LOC124905084	0	0	0
POM121L4P	0	0	0
LOC107985584	2	2	0
TMEM191A	29	0	29
PI4KA	1779	1	1779
SERPIND1	0	0	0
SNAP29	843	0	844
CRKL	3297	2	3295
LINC01637	0	0	0
AIFM3	3	3	0
LZTR1	906	1	905
THAP7	700	8	751
THAP7-AS1	70	55	75
TUBA3FP	0	0	1
P2RX6	168	0	168
SLC7A4	7	7	0
MIR649	2	2	0
P2RX6P	12	0	12
LRRC74B	0	0	0
BCRP2	74	0	74
FAM230B	0	0	0
FAM247A	0	0	0
GGT2P	0	0	0
POM121L8P	7	7	0
FAM230H	0	0	0
LINC01651	0	0	0
FAM246A	0	0	0
RIMBP3B	1	0	1
LOC124900483	0	0	0
LOC124905172	0	0	0
HIC2	256	0	256
TMEM191C	6	2	4
PI4KAP2	411	0	411
LOC124905173	0	0	0
LOC124900484	0	0	0
RIMBP3C	0	0	0
UBE2L3	3011	13	2998
YDJC	1134	37	1097
CCDC116	11	0	11
SDF2L1	928	0	928
LOC107985532	9	0	9
MIR301B	0	0	0
MIR130B	0	0	0
PPIL2	961	2	1114
YPEL1	2	153	4
MAPK1	2162	0	2162
PPM1F	995	0	1100
PPM1F-AS1	1	105	1
TOP3B	970	0	970
PRAMENP	0	0	0
LOC102724653	0	0	0
VPREB1	0	0	0
LOC124905087	48	0	48
LOC105372952	21	2	21
BMS1P20	152	0	154
LOC101929255	1	1	0
ZNF280B	0	0	0
ZNF280A	0	0	0
PRAME	0	0	0
LL22NC03-63E9.3	0	0	0
POM121L1P	11	11	0
GGTLC2	0	0	0
LOC112267890	0	0	0
LL22NC03-102D1.18	0	0	0
LOC105372948	0	0	0
MIR650	0	0	0
LOC124905086	0	0	0
LOC102724638	0	0	0
MIR5571	0	0	0
IGLL5	0	0	0
LOC105372947	0	0	0
RSPH14	0	21	0
GNAZ	30	0	30
LOC124905170	0	0	0
RAB36	3	3	0
BCR	871	0	1056
FBXW4P1	7	0	7
LOC107985554	0	164	0
LINC02556	0	0	0
CES5AP1	0	0	0
ZDHHC8BP	0	0	0
LINC01659	0	0	0
FAM230I	0	0	0
LINC02557	0	0	0
LOC107985580	0	0	0
LOC124900476	0	0	0
PCAT14	0	0	0
LOC105372957	0	0	0
IGLL1	0	0	0
DRICH1	33	0	33
LOC124905089	0	0	0
GUSBP11	277	2	324
RGL4	118	167	0
LOC124905088	0	0	0
ZNF70	72	0	72
VPREB3	5	0	5
C22orf15	0	0	0
CHCHD10	0	0	0
LOC107985577	0	0	0
MMP11	0	0	0
SMARCB1	0	0	0
DERL3	0	0	0
SLC2A11	0	0	0
MIF-AS1	0	0	0
MIF	0	0	0
LOC100652871	0	0	0
GSTT2B	240	0	240
DDTL	0	0	0
DDT	3	7	0
GSTT2	10	0	14
GSTT4	0	0	0
LOC105372959	0	0	0
CABIN1	1517	0	1517
SUSD2	156	0	156
LOC124905090	0	0	0
GGT5	30	0	30
POM121L9P	2	2	0
SPECC1L-ADORA2A	0	0	0
SPECC1L	326	0	326
LOC105372960	0	0	0
ADORA2A	0	0	1
ADORA2A-AS1	4	12	0
UPB1	1	0	1
GUCD1	1454	36	1474
SNRPD3	3005	23	3038
LOC124905091	15	15	0
GGT1	342	0	342
LRRC75B	14	0	14
BCRP3	0	0	0
POM121L10P	6	6	0
LOC124905092	3	0	3
LOC105372962	0	0	0
PIWIL3	1	0	1
TOP1P2	0	0	0
SGSM1	12	0	12
LOC124900481	0	0	0
LHFPL7	0	0	0
KIAA1671	1141	1	1141
KIAA1671-AS1	1	2	0
CRYBB3	32	0	32
CRYBB2	8	0	8
LOC105372969	0	0	0
IGLL3P	0	0	0
LRP5L	179	0	179
LOC124905095	0	0	0
LOC124905093	1	0	1
CRYBB2P1	392	0	392
MIR6817	0	0	0
LOC124905094	23	0	23
GRK3-AS1	0	1	0
GRK3	93	0	94
MYO18B	3	0	3
MYO18B-AS1	0	0	0
LOC102724801	0	0	0
LINC02559	0	0	0
LOC105372971	0	0	0
SEZ6L	0	0	0
SEZ6L-AS1	0	0	0
LOC124905096	0	0	0
ASPHD2	0	10	0
HPS4	595	1	604
SRRD	244	179	454
TFIP11	668	240	817
TFIP11-DT	107	0	107
TPST2	371	4	367
MIR548J	0	0	0
CRYBA4	0	0	0
CRYBB1	0	0	0
MIAT	14	2	12
MIATNB	12	0	12
LOC110091768	3	0	3
LINC01422	1	0	1
LOC107985582	1	0	1
LOC284898	0	0	0
LOC107985534	0	0	0
LOC105372977	0	0	0
LINC01638	0	0	0
LINC02554	0	0	0
LOC105372979	0	0	0
LOC102724900	0	0	0
LOC105372980	0	0	0
LOC105372981	2	0	2
LOC124905098	0	0	0
CPMER	3	0	3
MN1	1536	4	1532
LOC107985529	0	0	0
PITPNB	1832	0	1832
TTC28-AS1	164	55	189
MIR3199-1	0	0	0
MIR3199-2	0	0	0
TTC28	642	27	695
LOC124905171	0	0	0
MIR5739	0	0	0
LOC101929594	6	0	6
CHEK2	1970	2	1970
HSCB	416	6	412
CCDC117	843	0	843
XBP1	3913	4	3909
LOC107985549	14	0	14
ZNRF3	807	0	807
ZNRF3-AS1	2	0	2
C22orf31	0	0	0
KREMEN1	596	1	595
LOC101929638	0	0	0
EMID1	0	0	0
LOC124905099	0	0	0
LOC105372985	0	0	0
RHBDD3	622	5	622
EWSR1	5552	0	5557
GAS2L1	1374	1	1373
RASL10A	2	0	2
AP1B1	2715	0	2715
SNORD125	11	0	11
RFPL1	0	41	0
LOC102723305	1	0	9
RFPL1S	28	0	62
LOC107985541	11	0	11
NEFH	533	11	522
THOC5	927	0	927
NIPSNAP1	2849	1	2848
NF2	1015	0	1015
CABP7-DT	0	0	0
CABP7	8	165	2
ZMAT5	69	0	228
UQCR10	1436	2	1434
ASCC2	1172	0	1172
MTMR3	737	0	780
MIR6818	0	0	0
HORMAD2-AS1	0	43	0
HORMAD2	0	0	0
LOC105372988	1	0	1
LIF-AS1	0	0	0
LIF	74	0	90
LIF-AS2	0	16	0
OSM	0	0	0
CASTOR1	108	0	108
TBC1D10A	479	0	479
SF3A1	2434	0	2576
CCDC157	50	220	56
KIAA1656	5	28	55
RNF215	236	0	242
SEC14L2	246	10	236
MTFP1	687	6	681
LOC105372990	4	0	4
SEC14L3	0	0	0
LOC105372991	0	0	0
SDC4P	1	0	1
LOC107985579	1	1	0
SEC14L4	230	0	230
SEC14L6	0	0	0
GAL3ST1	31	0	31
PES1	3425	4	3421
TCN2	3	0	3
SLC35E4	125	29	128
DUSP18	46	4	74
OSBP2	2590	43	3420
MIR3200	0	0	0
LOC105372994	1	1	0
LOC107985544	26	862	37
MORC2-AS1	0	42	0
MORC2	1153	0	1195
TUG1	2755	1	2754
SMTN	1159	16	1143
SELENOM	728	3	725
LOC105372995	0	1	2
LOC124905100	0	6	0
INPP5J	884	0	884
PLA2G3	106	0	106
MIR3928	0	0	0
RNF185	846	0	846
LIMK2	385	8	377
PIK3IP1	58	9	49
LOC105372997	0	0	0
PATZ1	549	2	549
PIK3IP1-DT	1	0	2
LINC01521	75	17	59
DRG1	1952	1	1951
EIF4ENIF1	691	55	636
SFI1	1085	54	1083
PISD	867	2	917
MIR7109	0	0	0
PRR14L	1014	1	1013
DEPDC5	393	0	393
LOC105372998	0	0	0
LOC124905102	0	0	0
YWHAH-AS1	0	5	1
YWHAH	1549	2	1547
LOC124900477	3	1	5
LOC124905158	4	0	4
LINC02558	0	0	0
SLC5A1	0	0	0
LOC105373000	0	0	0
AP1B1P1	0	0	0
C22orf42	0	0	0
RFPL2	0	0	0
SLC5A4-AS1	3	0	3
SLC5A4	0	0	0
LOC107985561	0	0	0
RFPL3	0	6	1
RFPL3S	1	1	7
LOC339666	2	2	0
RTCB	2013	0	2013
BPIFC	0	0	0
FBXO7	2629	2	2627
SYN3	2	10	2
LOC124905103	98	1	107
SYN3-AS1	25	0	25
LOC107985545	1	0	1
LOC105373002	0	0	0
TIMP3	1328	0	1328
LOC124905104	3	0	3
LARGE1	0	0	0
LINC01640	2	0	2
LOC124905107	0	0	0
LARGE1-AS2	0	0	0
LOC124905106	0	0	0
MIR4764	0	0	0
LOC105373007	0	0	0
SNORA50B	0	0	0
LARGE-AS1	0	0	0
LARGE1-AS1	0	0	0
LINC01643	0	0	0
LL22NC03-13G6.2	0	0	0
LOC124905108	0	0	0
LOC105373012	0	0	0
LOC105373013	0	0	0
LINC02885	0	0	0
LOC105373014	4	0	4
LOC124905109	0	0	0
LOC105373015	0	0	0
ISX	0	0	0
LOC124905110	0	0	0
LINC01399	1	0	1
LOC105373017	7	4	3
HMGXB4	658	0	658
TOM1	1019	1	1018
MIR3909	0	0	0
MIR6069	0	0	0
HMOX1	768	0	768
MCM5	4857	1	4856
RASD2	222	226	7
LOC107985590	39	0	50
MB	300	0	300
LOC284912	1	0	1
APOL6	1466	0	1466
APOL5	0	0	0
RBFOX2	80	0	80
APOL3	200	0	200
APOL4	1	0	1
APOL2	999	1	998
APOL1	513	0	513
MYH9	10838	6	10832
MIR6819	0	0	0
MYH9-DT	3	0	3
LOC124905111	0	0	0
TXN2	1503	2	1501
FOXRED2	1488	1	1727
LOC105373020	0	240	0
EIF3D	6667	1	6666
CACNG2	0	0	0
CACNG2-DT	9	13	0
LOC124905112	1	0	1
IFT27	77	0	81
PVALB	0	0	0
NCF4-AS1	0	0	0
NCF4	0	0	0
LOC105373022	0	0	0
CSF2RB	0	0	0
LOC105373023	0	0	0
LOC124900478	0	0	0
LL22NC01-81G9.3	0	0	0
CIMIP4	0	0	0
TST	1375	0	1375
MPST	1655	2	1653
LOC112268295	3	0	3
KCTD17	0	0	0
TMPRSS6	0	0	0
LOC124905113	0	0	0
IL2RB	14	2	12
IL2RB-AS1	64	1028	11
C1QTNF6	2466	7	3434
SSTR3	0	0	0
RAC2	2	0	2
LOC107985576	0	0	0
CYTH4	2	0	8
LOC105373024	0	6	0
ELFN2	483	2	481
LOC100506271	8	2	6
LOC124905114	0	0	0
MFNG	36	0	36
CARD10	1061	2	1059
CDC42EP1	2504	2	2502
LGALS2	16	16	0
GGA1	925	2	923
SH3BP1	17	0	69
PDXP-DT	1	52	1
PDXP	1039	1	1038
LGALS1	5672	3	5669
NOL12	445	0	445
TRIOBP	1170	2	1176
LOC124905115	5	7	5
LOC102724378	22	0	23
LOC124905159	2	0	2
H1-0	2418	1	2417
GCAT	673	0	673
GALR3	3	0	3
ANKRD54	503	14	492
MIR658	0	0	0
MIR659	2	0	2
EIF3L	8165	3	8165
MICALL1	680	1	690
C22orf23	111	118	4
POLR2F	675	0	675
MIR6820	6	0	6
SOX10	1	1	0
MIR4534	0	0	0
POLR2F-AS1	0	0	0
PICK1	725	1	724
SLC16A8	29	32	0
LOC105373027	13	0	16
BAIAP2L2	47	35	12
PLA2G6	281	2	279
MAFF	326	15	342
TMEM184B	1889	29	2051
SNORA92	6	0	6
TMEM184B-AS1	0	160	0
TPTEP2-CSNK1E	4	0	4
CSNK1E	8	0	8
TPTEP2	1	0	1
LOC105373030	0	0	0
LOC101927183	0	0	0
KCNJ4	0	0	0
LOC105373029	0	0	0
LOC124905116	0	0	0
KDELR3	347	16	345
DDX17	8022	6	8030
DMC1	4	0	4
LOC105373031	4	0	5
FAM227A	104	1	104
CBY1	257	23	237
TOMM22-DT	17	0	20
TOMM22	514	2	512
JOSD1	1428	19	1411
GTPBP1	1913	891	2256
SUN2	474	359	1347
DNAL4	141	0	141
NPTXR	468	1	467
CBX6	1376	0	1376
LOC105373032	0	0	0
APOBEC3A	0	1	0
LOC105373033	0	0	1
LOC124905118	0	0	0
APOBEC3B	583	0	889
APOBEC3B-AS1	0	310	0
APOBEC3C	1131	0	1131
APOBEC3D	5	0	5
APOBEC3F	1	0	1
LOC107985563	0	0	0
APOBEC3G	0	0	0
LOC101927202	0	0	0
APOBEC3H	13	0	13
CBX7	307	0	307
PDGFB	1114	7	1107
LOC124905119	0	0	0
RPL3	44915	11	44904
SNORD83B	4	0	4
SNORD83A	18	0	18
SNORD139	22	0	22
SNORD43	25	0	25
SYNGR1	0	0	0
TAB1	706	0	706
LOC100506472	36	0	36
MGAT3	4	1	3
MGAT3-AS1	0	0	0
MIEF1	1610	5	1605
LOC105373035	9	1	8
MIURF	0	0	0
ATF4	6290	0	6290
RPS19BP1	872	1	871
LOC124905120	0	0	0
CACNA1I	1	0	1
ENTHD1	0	0	0
GRAP2	1	0	1
TMA7B	0	0	0
LOC124905155	0	0	0
FAM83F	69	0	69
TNRC6B-DT	1	1	0
TNRC6B	730	0	730
LOC124905121	0	0	0
ADSL	1614	1	1613
SGSM3	1872	9	1863
MRTFA	1050	0	1050
MRTFA-AS1	0	0	0
LOC105373037	0	0	0
LOC124905122	0	0	0
LOC124905123	1	2	0
MCHR1	0	0	1
SLC25A17	818	0	818
MIR4766	1	0	1
ST13	5372	0	5372
XPNPEP3	442	0	487
DNAJB7	12	57	0
LOC124905124	0	0	0
LOC124905157	0	0	0
RBX1	877	0	877
SNORD140	0	0	0
MIR1281	0	0	0
EP300	1384	3	1381
EP300-AS1	48	0	48
L3MBTL2	926	1	1562
L3MBTL2-AS1	1	338	0
CHADL	0	300	0
RANGAP1	3517	0	3518
MIR6889	0	0	0
ZC3H7B	1820	1	1820
TEF	244	0	244
LOC100996598	0	0	0
LOC105373042	1	0	1
TOB2	1366	4	1364
LOC105373043	14	3	13
PHF5A	555	0	555
ACO2	2000	210	3332
POLR3H	572	1364	750
LOC105373044	0	0	0
CSDC2	9	1	8
PMM1	534	1	533
DESI1	1549	2	1547
XRCC6	14214	3	14211
SNU13	3196	8	3190
LOC107985567	43	0	43
C22orf46P	530	2	530
MEI1	3	1	2
CCDC134	69	8	367
SREBF2-AS1	9	526	11
SREBF2	5800	4	6018
MIR33A	1	1	0
SHISA8	6	0	6
LOC124905125	42	0	42
TNFRSF13C	72	0	72
MIR378I	0	0	0
CENPM	395	2	694
SMIM45	17	299	19
SEPTIN3	2	0	2
WBP2NL	1	0	1
NAGA	604	0	604
LOC107985551	4	0	4
PHETA2	93	0	93
SMDT1	0	0	0
NDUFA6	0	0	0
NDUFA6-DT	0	4	0
CYP2D6	6	1	9
CYP2D7	0	0	0
LOC105377203	0	0	0
TCF20	50	2	50
OGFRP1	3	2	3
LINC01315	165	1	164
LOC124905126	0	0	0
NFAM1	19	0	19
LOC101927344	4	0	4
SERHL	0	378	0
LOC101927372	2	0	5
RRP7A	1134	0	1523
LOC124900479	36	49	0
SERHL2	100	150	1
RRP7BP	258	0	307
POLDIP3	2482	0	2482
LOC124905127	6	0	6
RNU12	0	0	0
CYB5R3	6284	5	6279
ATP5MGL	0	0	0
A4GALT	779	2	777
ARFGAP3	1089	0	1089
PACSIN2	1467	1	1715
LOC101927393	8	254	4
LOC124905128	0	0	0
TTLL1-AS1	5	16	0
TTLL1	73	0	84
BIK	16	0	16
MCAT	789	0	789
TSPO	3303	2	3301
TTLL12	2820	0	2820
SCUBE1	2	0	2
SCUBE1-AS2	0	0	0
LOC124905129	0	0	0
SCUBE1-AS1	0	0	0
LOC105373053	0	0	0
LINC01639	0	0	0
MPPED1	0	0	0
EFCAB6-AS1	0	0	0
EFCAB6	0	0	0
LOC101927474	0	0	0
LOC124905130	0	0	0
EFCAB6-DT	0	0	0
SULT4A1	0	0	0
PNPLA5	0	0	0
PNPLA3	171	3	168
SAMM50	1633	0	1633
PARVB	982	1	981
LOC124905131	14	0	14
TRU-TCA2-1	0	0	0
PARVG	0	0	0
SHISAL1	484	0	484
LOC101927499	0	0	0
LINC01656	0	0	0
RTL6	1849	2	1847
LOC105373059	3	0	3
LINC00207	2	0	2
LINC00229	0	0	0
LOC105373060	0	0	0
LOC124905132	0	0	0
PRR5	188	0	188
PRR5-ARHGAP8	0	0	0
ARHGAP8	0	0	0
LOC105373062	2	2	0
LOC124905133	0	0	0
PHF21B	0	0	0
LOC101927551	0	0	0
NUP50-DT	337	0	337
NUP50	1923	0	1927
LOC105373064	6	7	3
KIAA0930	1504	0	1504
MIR1249	0	0	0
UPK3A	0	0	0
FAM118A	296	0	296
SMC1B	0	0	0
RIBC2	0	0	0
LOC107985537	1	0	1
LOC105373066	4	0	4
FBLN1	12955	10	12945
LINC01589	7	1	6
LOC105373069	6	1	5
LOC105373067	0	0	0
LOC105373068	0	0	0
ATXN10	4019	2	4017
MIR4762	0	0	0
LOC105373071	17	0	18
LOC107985535	2	5	0
WNT7B	983	0	983
LOC730668	13	0	13
LOC124905134	43	4	39
LOC124905136	2	4	2
LINC00899	38	6	52
LOC124905135	38	13	41
PRR34	17	27	16
PRR34-AS1	13	2	37
LINC02939	10	6	4
MIRLET7BHG	0	0	0
LOC112268288	8	0	8
MIR3619	0	0	0
MIRLET7A3	0	0	0
MIR4763	0	0	0
MIRLET7B	0	0	0
LOC124905137	0	0	0
LOC124905138	0	0	0
PPARA	257	1	257
LOC105373074	0	0	0
CDPF1	260	0	261
PKDREJ	4	4	0
TTC38	1006	0	1006
GTSE1-DT	17	4	13
GTSE1	864	0	864
TRMU	1097	0	1097
CELSR1	1837	0	1837
LINC02925	10	2	8
LOC105373075	0	0	0
GRAMD4	339	1	338
CERK	992	0	992
LOC105373077	3	0	3
TBC1D22A-DT	135	0	135
TBC1D22A	705	0	708
TBC1D22A-AS1	0	1	0
LOC105369161	11	0	11
LOC124905141	3	0	3
LOC124905139	0	2	0
LOC124905140	1	1	0
LOC339685	1	0	1
LINC01644	0	0	0
LINC00898	0	0	0
EPIC1	13	0	13
LOC124905150	0	0	0
LOC107985536	0	0	0
LOC107985581	0	0	0
MIR3201	0	0	0
LOC105373080	0	0	0
LOC105373081	0	0	0
LOC124905142	0	0	0
TAFA5	0	0	0
LOC284933	0	0	0
LOC124900480	0	0	0
MIR4535	0	0	0
LINC01310	0	0	0
NHIP	0	0	0
LOC105373086	0	0	0
LOC124905143	0	0	0
MIR3667HG	2	0	2
MIR3667	0	0	0
LOC124905144	0	0	0
LOC124905145	1	0	1
LOC124905146	0	0	0
BRD1	854	1	853
LOC105377205	2	0	2
LOC124905156	3	0	3
LOC105373091	0	0	0
ZBED4	580	8	576
LOC124905147	0	2	0
ALG12	610	31	597
CRELD2	955	39	932
PIM3	3270	2	3268
MIR6821	0	0	0
IL17REL	19	1	18
TTLL8	0	0	0
MLC1	0	0	0
MOV10L1	0	0	0
PANX2	82	0	82
TRABD	1752	14	2009
TRABD-AS1	28	265	34
SELENOO	908	16	1478
SELENOO-AS1	141	711	15
TUBGCP6	926	2	925
HDAC10	684	3	681
MAPK12	608	0	608
MAPK11	684	2	682
PLXNB2	9316	3	9313
DENND6B	113	3	128
LOC105373096	3	20	1
PPP6R2	1329	150	1313
MIR12114	0	0	0
SBF1	3195	14	3315
ADM2	80	0	80
MIOX	0	0	0
LMF2	2236	0	2236
NCAPH2	1222	729	1267
SCO2	18	72	687
TYMP	3846	8	3838
CIMAP1B	534	20	514
LOC102724608	1	9	2
KLHDC7B-DT	8	158	15
KLHDC7B	410	0	565
SYCE3	6	0	6
LOC107985568	0	42	3
CHKB-CPT1B	0	4	0
CPT1B	5	1	4
CHKB	2	0	2
CHKB-DT	60	0	64
MAPK8IP2	127	0	127
ARSA	905	1	904
LOC124905149	4	0	4
SHANK3	2	0	2
LOC105373100	0	0	0
ACR	0	0	0
RPL23AP82	115	26	118
RABL2B	253	4	278
LOC102724751	0	0	5
LOC124905330	1	5	0
LOC102724151	0	0	0
LOC102724197	0	0	0
LOC105379548	0	0	0
LOC107987389	0	0	0
LOC107987392	4	0	4
RNA45SN4	29	0	36
RNA18SN4	0	0	0
RNA5-8SN4	0	0	0
RNA28SN4	0	0	0
LOC105379549	22	2	20
LOC107987393	26	0	26
LOC124905331	62	80	0
PLCXD1	0	0	0
GTPBP6	0	0	0
LINC00685	0	0	0
PPP2R3B	0	0	0
LOC102724521	0	0	0
SHOX	0	0	0
CRLF2	0	0	0
CSF2RA	0	0	0
LOC124905238	0	0	0
MIR3690	0	0	0
IL3RA	0	0	0
LOC101928032	0	0	0
SLC25A6	0	0	0
LOC124900597	0	0	0
LINC00106	0	0	0
ASMTL-AS1	0	0	0
ASMTL	0	0	0
P2RY8	0	0	0
AKAP17A	0	0	0
ASMT	0	0	0
LINC02968	0	0	0
LOC105379413	0	0	0
LOC107985677	0	0	0
DHRSX	0	0	0
LOC124905239	0	0	0
ZBED1	0	0	0
LINC03112	0	0	0
MIR6089	0	0	0
CD99P1	0	0	0
LINC00102	0	0	0
CD99	0	0	0
XG	0	0	0
GYG2	1	0	1
ARSD	0	0	0
ARSD-AS1	0	0	0
ARSL	0	0	0
ARSH	0	0	0
ARSF	0	0	0
LINC01546	0	0	0
MXRA5	0	0	0
SNORA48B	0	0	0
PRKX	622	1	621
PRKX-AS1	0	0	0
LOC389906	183	3	180
LOC124900487	162	3	159
TRI-GAT1-1	0	0	0
FAM239A	130	1	129
TRI-GAT1-2	0	0	0
FAM239B	11	0	11
TRI-GAT1-3	0	0	0
FAM239C	11	0	11
LOC101928201	0	0	0
LOC124900497	0	0	0
LINC03070	0	0	0
NLGN4X	769	0	769
LOC105373156	0	0	0
MIR4770	0	0	0
VCX3A	0	0	0
LOC124905240	0	0	0
PUDP	628	16	695
LOC107987331	0	0	0
STS	1034	70	1044
MIR4767	0	0	0
LOC124905241	1	0	1
VCX	0	0	0
PNPLA4	342	4	353
LOC107985675	19	12	22
MIR651	0	0	0
VCX2	2	0	2
LOC107985676	0	0	0
VCX3B	1	0	1
LINC03113	0	0	0
ANOS1	0	0	0
FAM9A	0	0	0
LINC03114	0	0	0
FAM9B	3	0	3
LOC124905242	0	0	0
LOC107985634	0	0	0
TBL1X	1424	2	1422
GPR143	1	1	0
LOC105373126	1	0	1
SHROOM2	1	0	1
CLDN34	0	0	0
WWC3	0	0	0
CLCN4	0	0	0
MID1	727	3	766
LOC124905245	1	40	3
HCCS-DT	20	0	20
LOC124905244	0	0	0
LOC124905243	0	0	0
HCCS	1666	0	1666
ARHGAP6	3	0	3
AMELX	0	0	0
MIR548AX	0	0	0
LOC124905246	0	0	0
LOC105373131	0	0	0
MSL3-DT	0	0	0
MSL3	822	0	822
FRMPD4	0	0	0
FRMPD4-AS1	0	0	0
PRPS2	1533	1	1532
TLR7	0	0	0
TLR8-AS1	0	0	0
TLR8	0	0	0
TMSB4X	16459	5	16454
FAM9C	0	0	0
LOC105373133	0	0	0
LOC105373134	0	0	0
LINC02154	2	0	2
GS1-600G8.3	0	0	0
ATXN3L	0	0	0
LINC01203	0	0	0
LOC124905248	0	0	0
EGFL6	0	0	0
MIR6086	0	0	0
LOC107985657	1	3	0
TCEANC	52	0	54
LOC107985656	25	0	25
RAB9A	1805	0	1805
TRAPPC2	267	11	298
OFD1	979	90	954
GPM6B	59	48	34
GEMIN8	413	0	413
UBE2E4P	1	0	1
GLRA2	0	0	0
LOC107985686	0	0	0
FANCB	257	0	257
MOSPD2	618	0	618
ASB9	239	0	239
ASB11	0	0	0
PIGA	919	1	918
PIR-FIGF	0	0	0
VEGFD	0	0	0
PIR	11	0	11
BMX	0	0	0
ACE2	118	0	118
ACE2-DT	7	0	7
CLTRN	8	22	7
CA5BP1	419	0	419
CA5BP1-CA5B	2	0	2
LOC124905268	3	0	3
CA5B	0	0	0
INE2	0	77	0
ZRSR2	384	1	383
AP1S2	328	7	321
GRPR	3	4	1
MAGEB17-AS1	0	3	1
MAGEB17	2	0	4
LOC124905249	0	0	0
CTPS2	1031	0	1031
MIR548AM	0	0	0
S100G	0	0	0
SYAP1	2343	0	2343
LOC124905250	0	0	0
TXLNG	1840	14	2141
LOC124905251	18	244	2
RBBP7	14111	94	14104
REPS2	510	0	510
LOC124905266	0	0	0
LOC124905252	1	1	0
LOC124905270	0	0	0
NHS	748	1	749
MIR4768	1	0	1
LOC101928389	1	0	1
NHS-AS1	1	0	1
LOC105373142	3	5	0
SCML1	1485	0	1485
RAI2	0	0	0
LINC01456	0	0	0
BEND2	0	0	0
SCML2	419	2	417
LOC124905253	1	0	1
CDKL5	584	3	588
RS1	0	5	2
TRV-TAC1-2	0	0	0
PPEF1	436	1	435
PPEF1-AS1	0	0	0
LOC124905254	10	0	10
PHKA2-AS1	135	294	448
PHKA2	1305	735	1177
LOC101928415	27	4	25
ADGRG2	945	5	942
PDHA1	8350	39	9785
MAP3K15	88	1457	105
SH3KBP1	1428	1	1427
LOC124905255	0	0	0
BCLAF3	184	0	184
LOC124905256	1	0	1
LOC729609	0	0	0
MAP7D2	3	0	3
MIR23C	0	0	0
EIF1AX	3102	2	3100
SCARNA9L	0	0	0
EIF1AX-AS1	0	0	0
RPS6KA3	1856	0	1856
LOC124905257	1	0	1
LOC124905258	0	0	0
LOC105373146	0	0	0
CNKSR2	2	0	2
KLHL34	0	0	0
SMPX	2	0	2
MBTPS2	1841	0	1841
YY2	123	0	123
LOC124905259	31	0	31
SMS	4412	2	4410
PHEX	14	0	24
PHEX-AS1	0	0	0
PTCHD1-AS	0	10	0
CBLL2	0	0	0
DDX53	1	0	1
PTCHD1	0	0	0
LOC124905276	0	0	0
PRDX4	4513	2	4511
ACOT9	1631	0	1631
SAT1-DT	5	0	5
SAT1	2834	1	2833
LOC127933115	0	0	0
APOO	1186	0	1194
CXorf58	1	8	1
KLHL15	786	0	786
EIF2S3	15415	5	15410
LOC124905261	14	0	14
LOC124905260	5	0	5
LOC124900492	4	0	4
ZFX-AS1	14	15	0
ZFX	1567	4	1564
SUPT20HL2	0	0	0
SUPT20HL1	0	0	0
PDK3	645	0	645
PCYT1B	0	0	0
PCYT1B-AS1	0	0	0
LOC124905262	0	0	0
POLA1	2645	0	2645
SCARNA23	0	0	0
LOC124905263	10	0	10
ARX	2	2	0
LOC107985652	0	0	0
LOC107985707	0	0	0
MAGEB18	0	0	0
MAGEB6B	0	0	0
MAGEB6	2	0	2
MAGEB5	0	0	0
VENTXP1	0	0	0
LOC124905231	0	0	0
LOC105373150	26	0	26
PPP4R3C	0	0	0
DCAF8L2	0	0	0
MAGEB10	0	0	0
DCAF8L1	1	0	1
LOC105373151	0	0	0
LOC105373152	0	0	0
MIR6134	0	0	0
IL1RAPL1	0	0	0
MIR4666B	0	0	0
LOC107985632	0	0	0
MAGEB2	4	0	4
MAGEB3	0	0	0
MAGEB4	0	0	0
MAGEB1	0	0	0
NR0B1	0	0	0
TASL	0	0	0
GK	192	0	248
GK-AS1	2	58	0
TAB3	940	0	940
TAB3-AS1	7	7	0
FTHL17	0	0	0
DMD	1689	0	1689
LOC124905175	0	0	0
MIR3915	0	0	0
MIR548F5	0	0	0
LOC124905283	0	0	0
LOC105373153	0	0	0
FAM47A	0	0	0
LOC107985674	0	0	0
TMEM47	0	0	0
FAM47B	0	0	0
MAGEB16	0	0	0
CFAP47	0	0	0
LOC101928627	0	0	0
LOC105373155	0	0	0
FAM47C	0	0	0
FTHL18P	0	0	0
PRRG1	681	0	681
LANCL3	2	0	2
XK	154	0	154
CYBB	29	0	29
DYNLT3	1101	0	1101
SYTL5	1	0	1
H2AP	0	0	0
H2AL3	0	0	0
MIR548AJ2	0	0	0
SRPX	0	0	0
LOC124905176	0	0	0
RPGR	112	0	112
OTC	0	0	0
TSPAN7	0	0	0
MID1IP1-AS1	16	231	3
MID1IP1	3698	4	3912
LOC124905178	0	0	0
LOC124905177	0	0	0
LOC105373175	0	0	0
LINC01281	0	0	0
LINC01282	0	0	0
LOC105373176	0	0	0
LINC01283	0	0	0
MIR3937	0	0	0
LOC105373178	1	1	0
LOC105373177	1	1	0
MIR1587	0	0	0
LOC105373180	26	0	26
LINC03053	11	5	6
BCOR	3298	12	3286
LOC107985687	44	1	43
LINC03099	15	0	15
LOC124905275	0	0	0
LOC105373182	1	0	1
ATP6AP2	3706	0	3706
MPC1L	0	0	0
CXorf38	865	0	865
MED14	2452	4	2465
MED14OS	2	17	2
TNIP2P1	0	0	0
USP9X	5027	0	5027
LINC02601	7	2	5
DDX3X	9445	3	9442
NYX	2	0	2
CASK	403	0	574
CASK-AS1	0	124	0
LOC124905180	2	49	0
GPR34	0	0	0
GPR82	0	0	0
LOC124905181	2	0	2
LOC105373186	0	0	0
PPP1R2C	0	0	0
LOC105373188	0	0	0
PINCR	2	0	2
MAOA	13	0	13
MAOB	29	0	29
NDP	0	0	0
NDP-AS1	0	0	0
EFHC2	4	0	4
FUNDC1	326	0	326
DUSP21	0	0	0
LOC105373190	0	0	0
KDM6A	470	0	470
DIPK2B	0	0	0
LOC105373191	0	0	0
LINC01204	0	0	0
MFFP3	0	0	0
MIR222HG	36	0	36
MIR221	0	0	0
MIR222	0	0	0
LINC02595	3	0	3
LOC124900502	0	0	0
LINC01186	18	0	18
KRABD4	239	1	238
ZNF674	35	8	27
LOC124900488	1	0	1
ZNF674-AS1	103	0	103
CHST7	5	0	5
SLC9A7	33	1	34
LOC124905182	1	2	1
RP2	349	0	349
LINC01545	6	0	7
JADE3	877	1	877
RGN	4	0	4
LOC105373193	3	0	5
LOC107985720	7	3	6
NDUFB11	2667	140	2672
RBM10	1648	10	1783
UBA1	12685	7	12678
LOC105373194	7	72	6
INE1	5	4	20
CDK16	3315	3	3362
USP11	1233	1	1232
LOC124905277	0	0	0
LOC124905264	0	0	0
ZNF157	0	0	0
SNORA11C	0	0	0
ZNF41	217	13	218
LINC01560	37	1	50
LOC124905183	1	0	1
LOC124905184	6	127	5
ARAF	1686	4	1811
SYN1	3	3	3
TIMP1	6948	1	6947
MIR4769	0	0	0
CFP	13	0	13
ELK1	1498	0	1498
UXT	225	0	740
UXT-AS1	2	515	2
CXXC1P1	0	0	0
ZNF81	197	0	199
ZNF182	2	3	1
SPACA5	0	0	0
ZNF630-AS1	0	0	0
ZNF630	0	0	0
LOC124905272	0	0	0
SSX6P	0	0	0
SPACA5B	0	0	0
SSX5	0	0	0
SSX1	0	0	0
SSX9P	0	0	0
SSX3	0	0	0
SSX4	1	1	0
SSX4B	0	0	0
SLC38A5	1897	2	1895
LOC124905185	5	396	5
FTSJ1	1805	0	2201
PORCN-DT	7	0	7
PORCN	583	1	582
EBP	2771	2	2769
TBC1D25	508	1	507
RBM3	2707	7	2700
WDR13	1777	3	1774
LOC107985695	0	0	0
LOC124905186	0	0	0
WAS	10	1	9
LOC124905187	0	0	0
SUV39H1	1273	4	1269
GLOD5	0	0	0
GATA1	4	4	0
HDAC6	1357	0	1357
ERAS	1	0	1
PCSK1N	0	0	0
TIMM17B	0	0	0
PQBP1	0	0	0
SLC35A2	0	0	0
PIM2	0	0	0
OTUD5	0	0	0
KCND1	0	0	0
GRIPAP1	0	0	0
TFE3	0	0	0
CCDC120	0	0	0
PRAF2	0	0	0
WDR45	0	0	0
GPKOW	0	0	0
LOC105373195	0	0	0
MAGIX	0	0	0
PLP2	4706	101	6734
PRICKLE3	1177	2033	1273
SYP	19	2	18
SYP-AS1	0	1	0
CACNA1F	3	2	1
CCDC22	608	0	633
FOXP3	11	29	7
FLICR	0	0	0
PPP1R3F	302	0	302
GAGE10	0	0	0
LOC124905188	0	0	0
GAGE12J	2	0	2
GAGE13	3	0	3
GAGE12B	0	0	0
GAGE12C	0	0	0
GAGE12D	0	0	0
GAGE12E	0	0	0
GAGE12F	0	0	0
GAGE12G	0	0	0
GAGE12H	0	0	0
GAGE2A	62	0	62
GAGE1	378	0	378
PAGE1	1536	0	1536
PAGE4	0	0	0
USP27X-DT	3	0	3
USP27X	12	0	12
CLCN5	326	0	326
MIR532	0	0	0
MIR188	0	0	0
MIR500A	0	0	0
MIR362	0	0	0
MIR501	0	0	0
MIR500B	0	0	0
MIR660	0	0	0
MIR502	0	0	0
AKAP4	0	0	0
CCNB3	7	0	7
DGKK	0	0	0
SHROOM4	0	0	0
BMP15	0	0	0
ASMER2	0	0	0
LINC01284	0	0	0
LOC105373204	1	0	1
NUDT10	0	0	0
EZHIP	0	0	0
NUDT11	0	0	0
LINC01496	0	0	0
CENPVL3	0	0	0
LOC105373205	0	0	0
CENPVL2	0	0	0
CENPVL1	0	0	0
GSPT2	0	0	0
MAGED1	25	0	25
LOC401589	0	0	0
LOC105377208	0	0	0
MAGED4B	0	0	0
SNORA11E	0	0	0
MAGED4	0	0	0
SNORA11D	0	0	0
LOC105377209	0	0	0
MIR8088	0	0	0
LOC124905189	0	0	0
XAGE2	1	0	1
XAGE1A	0	0	0
XAGE1B	0	0	0
LOC107985659	0	0	0
SSX8P	0	0	0
SSX7	0	0	0
SSX2	15	0	15
SSX2B	0	0	0
SPANXN5	0	0	0
XAGE5	0	0	0
XAGE3	0	0	0
FAM156B	4	0	4
LOC124905190	6	1	5
FAM156A	4	0	4
GPR173	2	0	2
TSPYL2	1063	0	1063
KANTR	46	0	46
KDM5C	4059	9	4050
MIR6895	0	0	0
MIR6894	0	0	0
IQSEC2	687	3	684
LOC124905191	9	0	9
SMC1A	5177	6	5173
MIR6857	0	0	0
RIBC1	23	1	24
HSD17B10	2758	5	2753
HUWE1	8423	5	8418
MIR98	0	0	0
MIRLET7F2	0	0	0
PHF8	536	1	535
FAM120C	218	0	218
WNK3	1	1	0
TSR2	512	358	574
FGD1	492	70	842
GNL3L	948	0	948
ITIH6	0	0	0
MAGED2	2116	0	2116
SNORA11	3	0	3
TRO	0	0	0
SNORA11G	0	0	0
PFKFB1	3	0	3
APEX2	1924	1	1924
ALAS2	5	6	0
PAGE2B	4	0	4
PAGE2	0	0	0
VCF2	213	0	213
SNORA109	0	0	0
PAGE5	0	0	0
PAGE3	0	0	0
LOC100421746	0	0	0
MIR4536-2	0	0	0
MIR4536-1	0	0	0
MAGEH1	0	0	0
USP51	0	0	0
LOC101928692	0	0	0
FOXR2	0	0	0
XAGE-4	0	0	0
RRAGB	222	0	222
KLF8	0	0	0
LOC124905192	0	0	0
LOC124905193	0	0	0
LOC124900486	1	0	1
UBQLN2	937	1	936
LOC124905194	3	0	3
NBDY	508	0	508
UQCRBP1	2	0	2
SPIN3	277	0	277
SPIN2B	136	0	136
FAAH2	459	0	459
SPIN2A	2	2	0
ZXDB	707	30	677
LOC107985708	1	1	0
NLRP2B	1	0	1
LOC124905232	0	0	0
ZXDA	147	6	141
LOC105377211	0	0	0
LOC105377212	3	0	3
SPIN4-AS1	0	36	0
SPIN4	188	0	224
LINC01278	347	0	347
ARHGEF9	290	0	290
ARHGEF9-IT1	0	0	0
LOC128031833	0	0	0
MIR1468	0	0	0
AMER1	410	0	410
LOC112268307	3	0	3
ASB12	0	0	0
MTMR8	0	0	0
PFN5P	0	0	0
LOC124905195	0	0	0
LOC105373239	0	0	0
ZC4H2	3	0	3
ZC3H12B	35	37	0
LAS1L	1885	1	1886
FRMD8P1	0	0	0
MSN	10031	2	10029
MIR223HG	0	0	0
MIR223	0	0	0
VSIG4	0	0	0
HEPH	0	0	0
EDA2R	60	0	60
LOC105373240	0	0	0
AR	0	0	0
NXTAR	0	0	0
OPHN1	404	0	404
YIPF6	1085	1	1084
STARD8	379	0	379
EFNB1	221	0	221
LOC102723911	0	0	0
LOC105373242	0	0	0
LOC124905196	0	0	0
LOC107985646	0	0	0
PJA1	38	0	38
LINC00269	0	0	0
NALF2	0	0	0
EDA	0	0	0
MIR676	0	0	0
AWAT2	0	0	0
OTUD6A	0	0	0
IGBP1	1903	2	1923
LOC107985683	15	37	0
DGAT2L6	0	0	0
AWAT1	0	0	0
P2RY4	1	0	1
ARR3	3	3	0
RAB41	9	10	0
PDZD11	725	0	731
KIF4A	1470	6	1469
GDPD2	0	0	0
LOC105373244	1	0	1
DLG3	611	5	626
DLG3-AS1	0	18	2
TEX11	0	0	0
SNORD3E	0	0	0
SLC7A3	0	0	0
SNX12	1169	0	1169
FOXO4	452	1	451
CXorf65	0	0	0
IL2RG	76	0	76
MED12	1699	1	1702
LOC124905197	79	83	0
NLGN3	166	0	166
LOC107985688	0	0	0
GJB1	0	0	0
ZMYM3	1974	2	1977
LOC105373247	3	3	5
NONO	11090	2	11088
ITGB1BP2	8	0	8
LOC124905198	0	0	0
TAF1	766	1	765
INGX	0	0	0
OGT	3969	0	3969
GCNA	47	0	47
CXCR3	0	0	0
LOC100129291	0	0	0
LOC101059915	0	0	0
LINC00891	0	0	0
CXorf49	0	0	0
CXorf49B	0	0	0
LOC100132741	0	0	0
LOC101060274	0	0	0
NHSL2	0	0	0
RPS26P11	0	0	0
RTL5	0	0	0
PIN4	242	0	242
ERCC6L	172	2	170
RPS4X	23316	12	23304
CITED1	5	0	5
LOC105373250	1	0	1
HDAC8	546	0	546
PHKA1	520	0	520
PHKA1-AS1	0	0	0
LOC124905290	0	0	0
DMRTC1B	0	0	0
FAM226B	0	0	0
FAM236B	0	0	0
FAM236D	0	0	0
DMRTC1	0	0	0
FAM236C	0	0	0
FAM236A	0	0	0
FAM226A	0	0	0
PABPC1L2B-AS1	0	0	0
PABPC1L2B	0	0	0
PABPC1L2A	0	0	0
LOC101928380	0	0	0
NAP1L6P	0	0	0
NAP1L2	0	0	0
CDX4	1	0	1
MAP2K4P1	0	0	0
CHIC1	0	0	0
TSIX	0	0	0
XIST	0	0	0
JPX	83	2	82
FTX	10	2	9
MIR421	0	0	0
MIR374B	0	0	0
MIR374C	0	0	0
MIR545	0	0	0
MIR374A	0	0	0
LOC124905199	1	0	1
ZCCHC13	0	0	0
LOC105373252	3	2	1
SLC16A2	61	0	61
RLIM	2171	0	2171
NEXMIF	0	0	0
ABCB7	983	1	982
UPRT	203	0	203
LOC124905200	0	0	0
ZDHHC15	0	0	0
LOC107985664	0	0	0
TTC3P1	0	0	0
MAGEE2	0	0	0
PBDC1	0	0	0
MAGEE1	0	0	0
MIR325HG	0	0	0
MIR384	0	0	0
MIR325	0	0	0
LOC105373254	0	0	0
FGF16	0	0	0
ATRX	1220	0	1220
MAGT1	1793	0	1793
COX7B	2820	1	2819
ATP7A	478	0	478
PGAM4	2	0	2
LOC124905201	0	0	0
PGK1	29138	10	29128
TAF9B	852	520	332
LOC107985669	0	0	0
CYSLTR1	2	0	2
LOC107985670	0	0	0
RTL3	0	0	0
LPAR4	0	0	0
MIR4328	0	0	0
P2RY10	0	0	0
GPR174	0	0	0
ITM2A	0	0	0
LOC105373282	0	0	0
TBX22	0	0	0
CHMP1B2P	0	0	0
TENT5D	0	0	0
BRWD3	724	0	727
LOC124905202	16	3	16
LOC124900504	0	0	0
HMGN5	425	3	424
SH3BGRL	166	0	168
LOC124905203	0	0	0
LOC105373284	0	0	0
LOC105373285	0	0	0
LOC105373286	0	0	0
EIF3JP1	0	0	0
LOC124900496	0	0	0
LOC105373287	0	0	0
LOC105373288	0	0	0
LOC107985635	0	0	0
POU3F4	0	0	0
CYLC1	0	0	0
RPS6KA6	0	0	0
MIR548I4	0	0	0
HDX	0	0	0
UBE2DNL	0	0	0
APOOL	405	0	554
SATL1	1	150	0
LOC101928128	0	0	0
ZNF711	0	0	0
POF1B	13	0	13
MIR1321	0	0	0
CHM	428	0	428
MIR361	0	0	0
DACH2	0	0	0
KLHL4	0	0	0
LOC124905233	127	0	127
LOC124900505	0	0	0
LOC107985713	0	0	0
CPXCR1	0	0	0
LOC107985653	0	0	0
LOC102724150	0	0	0
TGIF2LX	0	0	0
LOC105373292	0	0	0
LOC107985700	0	0	0
PABPC5-AS1	0	0	0
PABPC5	0	0	0
LOC105373293	0	0	0
PCDH11X	0	0	0
NAP1L3	0	0	0
FAM133A	49	0	49
LOC124900491	0	0	0
LOC107985704	0	0	0
LOC107985647	0	0	0
LOC107985710	0	0	0
MIR548M	0	0	0
LOC124905234	0	0	0
BRDTP1	0	0	0
LOC105373294	0	0	0
LOC107985714	0	0	0
LOC105373296	0	0	0
DIAPH2	0	0	0
RPA4	0	0	0
DIAPH2-AS1	0	0	0
ERVFC1	0	0	0
LINC03077	16	0	16
PCDH19	3	0	3
TNMD	0	0	0
LOC105373298	0	0	0
TSPAN6	523	0	523
SRPX2	19	37	19
SYTL4	63	1	99
CSTF2	811	2	809
LOC124900498	0	0	0
NOX1	10	10	0
XKRX	44	0	44
ARL13A	0	1	0
TRMT2B	411	0	412
TMEM35A	0	0	0
CENPI	482	0	482
DRP2	74	0	74
TAF7L	0	0	0
TIMM8A	257	0	257
BTK	0	0	0
RPL36A-HNRNPH2	0	0	0
RPL36A	1	0	1
GLA	1608	0	1608
HNRNPH2	3	0	3
ARMCX4	0	0	0
ARMCX1	0	0	0
ARMCX6	0	0	0
ARMCX3	0	0	0
ARMCX2	0	0	0
NXF5	0	0	0
ZMAT1	1	0	1
TCEAL2	0	0	0
TCEAL6	0	0	0
LOC105373299	0	0	0
BEX5	0	0	0
TCP11X1	0	0	0
NXF2	0	0	0
NXF2B	0	0	0
TCP11X2	0	0	0
TMSB15A	0	0	0
NXF4	0	0	0
ARMCX5	0	0	0
ARMCX5-GPRASP2	0	0	0
GPRASP1	0	0	0
GPRASP2	0	0	0
GPRASP3	0	0	0
LINC00630	48	0	48
RAB40AL	2	0	2
BEX1	0	0	0
NXF3	0	0	0
BEX4	0	0	0
TCEAL8	763	0	763
TCEAL5	0	0	0
BEX2	0	0	0
TCEAL7	0	0	0
LOC124905204	8	514	13
TCEAL9	983	5	1497
BEX3	3088	2	3086
LL0XNC01-250H12.3	28	2	45
RAB40A	8	23	4
LINC02589	0	0	0
TCEAL4	1364	0	1364
TCEAL3	4	0	4
TCEAL1	478	0	478
MORF4L2	9332	3	9456
MORF4L2-AS1	14	125	16
GLRA4	0	0	0
TMEM31	0	0	0
RAB9B	0	0	0
PLP1	1	0	1
TMSB15B-AS1	0	0	0
TMSB15B	0	0	0
H2BW4P	0	0	0
LOC107987334	0	0	0
H2BW1	0	0	0
H2BW2	0	0	0
LOC107985662	0	0	0
H2BW3P	0	0	0
TMSB15C	0	0	0
SLC25A53	1	0	1
ZCCHC18	0	0	0
LOC286437	15	0	15
FAM199X	1539	0	1539
ESX1	0	0	0
IL1RAPL2	0	0	0
TEX13A	0	0	0
LOC107985680	0	0	0
LOC105373303	0	0	0
NRK	0	0	0
LOC105373304	0	0	0
LOC105373305	0	0	0
SERPINA7	0	0	0
PWWP3B	0	0	0
RADX	0	0	0
MIR548AN	0	0	0
LOC124905235	0	0	0
RNF128	0	0	0
TBC1D8B	1	0	1
RIPPLY1	0	0	0
CLDN2	2	2	0
MORC4	772	0	772
RBM41	666	0	666
NUP62CL	243	0	243
DNAAF6	0	0	0
FRMPD3	0	0	0
FRMPD3-AS1	0	0	0
PRPS1	2442	2	2440
TSC22D3	579	0	579
NCBP2L	0	0	0
MID2	78	0	78
LOC101928335	0	0	0
LOC112267910	1	0	1
TEX13B	0	0	0
VSIG1	0	0	0
PSMD10	1147	1	1552
ATG4A	441	406	441
COL4A6	667	4	663
LOC124905205	0	0	0
COL4A5	4272	5	4267
IRS4	0	0	0
IRS4-AS1	0	0	0
GUCY2F	0	0	0
NXT2	273	2	271
KCNE5	22	0	22
ACSL4	2903	2	2954
LOC105373311	21	61	13
TMEM164	450	3	447
MIR652	0	0	0
MIR3978	0	0	0
LOC124905230	0	0	0
AMMECR1	912	1	911
SNORD96B	0	0	0
LOC105373312	7	4	3
GNG5B	1	0	1
RTL9	3	0	3
CRIPTO3	0	0	0
CHRDL1	1	0	1
PAK3	0	0	0
CAPN6	0	0	0
DCX	0	0	0
SERTM2	0	0	0
ALG13	433	9	424
TRPC5	0	0	0
TRPC5OS	0	0	0
RTL4	0	0	0
LHFPL1	0	0	0
AMOT	0	0	0
MIR4329	0	0	0
LOC107985651	0	0	0
LOC101928437	0	0	0
XACT	0	0	0
LOC124905236	0	0	0
LOC124905291	0	0	0
LOC102724491	0	0	0
LOC124900490	0	0	0
HTR2C	0	0	0
SNORA35	0	0	0
MIR764	0	0	0
MIR1912	0	0	0
MIR1264	0	0	0
MIR1298	0	0	0
LOC105373313	0	0	0
MIR1911	0	0	0
MIR448	0	0	0
IL13RA2	0	0	0
LRCH2	1	0	1
SNORA35B	0	0	0
RBMXL3	0	0	0
LUZP4	0	0	0
LOC107985681	0	0	0
LOC124905206	31	0	31
PLS3-AS1	50	1	49
PLS3	6252	6	6246
DANT2	1	0	1
DANT1	1	1	0
AGTR2	0	0	0
SLC6A14	33	33	0
CT83	181	0	181
LOC105373320	0	0	0
LOC100126447	0	0	0
KLHL13	737	1	736
WDR44	1454	0	1454
MIR1277	0	0	0
DOCK11	373	0	373
LOC124905207	0	0	0
IL13RA1	2654	0	2654
LOC124900501	0	0	0
ZCCHC12	0	0	0
LINC01285	0	0	0
LONRF3	216	2	214
CT47C1	0	0	0
KIAA1210	0	0	0
PGRMC1	3094	0	3094
AKAP17BP	0	0	0
LINC03098	0	0	0
SLC25A43	430	0	430
SLC25A5-AS1	48	3297	16
SLC25A5	6765	7	10023
STEEP1	418	0	418
LOC124905208	1	0	1
UBE2A	0	0	0
NKRF	1	0	1
SEPTIN6	124	0	124
MIR766	0	0	0
SOWAHD	3	3	0
RPL39	4783	1	4790
SNORA69	15	0	15
LOC107985694	27	30	28
UPF3B	759	12	770
RNF113A	497	11	501
NDUFA1	753	15	753
AKAP14	0	0	0
NKAP	591	0	591
LOC124905209	3	0	3
RHOXF1P1	0	0	0
RHOXF1-AS1	24	0	24
RHOXF2B	0	0	0
RHOXF1	2	2	0
LINC01402	0	0	0
RHOXF2	0	0	0
NKAPP1	40	1	39
ZBTB33	988	3	985
TMEM255A	1	0	1
ATP1B4	0	0	0
LAMP2	2512	0	2512
CUL4B	2317	1	2316
LOC124905273	0	0	0
LOC124905210	2	0	2
MCTS1	7	0	7
C1GALT1C1	0	0	0
CT47B1	0	0	0
CT47A12	0	0	0
CT47A11	0	0	0
CT47A10	0	0	0
CT47A9	0	0	0
CT47A8	0	0	0
CT47A7	0	0	0
CT47A6	0	0	0
CT47A5	0	0	0
CT47A4	0	0	0
CT47A3	0	0	0
CT47A2	0	0	0
CT47A1	0	0	0
LOC105373328	0	0	0
GLUD2	0	0	0
MIR3672	0	0	0
UBE2V1P16	0	0	0
LOC101928359	0	0	0
LOC124905292	0	0	0
GRIA3	0	0	0
THOC2	2295	0	2295
XIAP	569	0	569
STAG2-AS1	0	1	0
STAG2	2690	5	2686
LOC124905280	0	0	0
TEX13D	0	0	0
SH2D1A	0	0	0
TENM1	10	0	10
LOC105373331	0	0	0
LOC124905282	0	0	0
LOC124905211	0	0	0
TEX13C	1	0	1
LOC124905212	0	0	0
LOC101928495	0	0	0
DCAF12L2	0	0	0
LOC107985648	0	0	0
DCAF12L1	0	0	0
PRR32	0	0	0
LOC107985666	0	0	0
LOC107985650	0	0	0
LOC107985709	0	0	0
LOC105373332	0	0	0
LOC105373333	0	0	0
ACTRT1	0	0	0
LOC107985698	0	0	0
LOC107985699	0	0	0
LOC124905213	0	0	0
LOC107985684	0	0	0
SMARCA1	16	0	16
LOC124900503	0	0	0
OCRL	1500	0	1500
APLN	5	0	5
LOC105373334	2	0	2
LOC124905214	0	0	0
XPNPEP2	0	0	0
LOC124905215	0	0	0
SASH3	0	0	0
ZDHHC9	1385	0	1385
UTP14A	1150	1	1281
LOC105373335	0	132	0
BCORL1	589	1	651
LOC124905216	0	63	0
ELF4	1455	1	1468
RAB33A	1	14	1
AIFM1	2894	1	2893
ZNF280C	100	0	100
LOC112268303	0	0	0
SLC25A14	197	0	197
GPR119	0	0	0
RBMX2	293	0	293
DENND10P1	1	0	1
LOC105373336	0	0	0
ENOX2	275	0	275
ENOX2-AS1	0	0	0
LOC124905217	0	0	0
LINC01201	0	0	0
ARHGAP36	0	0	0
IGSF1	25	0	25
LOC102723546	80	0	85
LOC107985705	0	6	0
OR13H1	0	0	0
LOC124905218	5	0	5
FIRRE	197	0	197
STK26	2246	0	2246
FRMD7	0	0	0
RAP2C	860	1	859
RAP2C-AS1	6	0	6
MBNL3	873	0	873
HS6ST2	0	0	0
HS6ST2-AS1	0	0	0
LOC124905219	0	0	0
USP26	0	0	0
LOC124900495	0	0	0
TFDP3	0	0	0
GPC4	0	0	0
GPC3	0	0	0
GPC3-AS1	0	0	0
LOC124905220	0	0	0
MIR106AHG	0	0	0
MIR363	0	0	0
MIR92A2	0	0	0
MIR19B2	0	0	0
MIR20B	0	0	0
MIR18B	0	0	0
MIR106A	0	0	0
CCDC160	0	0	0
PHF6	1361	0	1361
HPRT1	1240	0	1240
MIR450B	0	0	0
MIR450A1	0	0	0
MIR450A2	0	0	0
MIR542	0	0	0
MIR503HG	71	0	71
MIR503	0	0	0
MIR424	0	0	0
LINC00629	9	0	9
PLAC1	12	0	12
PABIR2	1517	12	1615
PABIR3	358	99	369
MOSPD1	1122	0	1122
LINC02243	6	1	5
SMIM10	685	0	685
RTL8B	338	4	335
RTL8C	1969	2	1968
RTL8A	1313	2	1311
SMIM10L2B	17	0	17
ETDB	0	0	0
SMIM10L2B-AS1	0	0	0
CT55	0	0	0
ZNF75D	202	0	202
ETDA	0	0	0
ETDC	0	0	0
LOC105373342	3	3	0
ZNF449	232	0	232
LOC100506790	0	0	0
SMIM10L2A	0	0	0
INTS6L-AS1	0	0	0
INTS6L	0	0	0
SAGE2P	0	0	0
CT45A1	1	0	1
CT45A3	0	0	0
CT45A5	2	0	2
CT45A6	0	0	0
CT45A2	0	0	0
CT45A7	0	0	0
CT45A8	0	0	0
CT45A9	0	0	0
CT45A10	14	0	14
SAGE1	88	0	88
MMGT1	817	2	822
SLC9A6	597	5	599
LOC124905271	0	0	0
FHL1	176	8	168
MAP7D3	728	0	728
ADGRG4	1	0	1
BRS3	0	0	0
HTATSF1	2424	1	2423
VGLL1	0	0	0
MIR934	0	0	0
LINC00892	0	0	0
CD40LG	0	0	0
ARHGEF6	1	0	1
RBMX	3980	0	3980
SNORD61	0	0	0
GPR101	0	0	0
LINC02931	0	0	0
ZIC3	0	0	0
FGF13	13	0	13
MIR504	0	0	0
FGF13-AS1	0	0	0
LOC124905222	0	0	0
SRD5A1P1	1	0	1
F9	0	0	0
MCF2	81	0	81
LOC124905269	0	0	0
ATP11C	1425	0	1425
MIR505	0	0	0
CXorf66	0	0	0
LOC728660	0	0	0
HAPSTR2	0	0	0
LOC105373343	0	0	0
LOC124905265	0	0	0
SOX3	0	0	0
LOC105373344	0	0	0
LOC101928833	0	0	0
LINC00632	0	0	0
MIR320D2	0	0	0
SPANXB1	0	0	0
LDOC1	234	0	234
SPANXC	0	0	0
SPANXA2-OT1	0	0	0
SPANXA1	0	0	0
SPANXA2	0	0	0
LOC645188	0	0	0
SPANXD	0	0	0
MAGEC3	0	0	0
MAGEC1	0	0	0
MAGEC2	0	0	0
LOC105373345	0	0	0
LOC124905278	0	0	0
SPANXN4	0	0	0
SPANXN3	0	0	0
SLITRK4	0	0	0
SPANXN2	0	0	0
UBE2NL	0	0	0
SPANXN1	0	0	0
SLITRK2	0	0	0
LOC107985703	0	0	0
MIR892C	0	0	0
MIR890	0	0	0
MIR888	0	0	0
MIR892A	0	0	0
MIR892B	0	0	0
MIR891B	0	0	0
MIR891A	0	0	0
LOC101928808	0	0	0
CXorf51B	0	0	0
CXorf51A	0	0	0
LOC101928832	0	0	0
LOC105373347	0	0	0
MIR513C	0	0	0
MIR513B	0	0	0
MIR513A1	0	0	0
MIR513A2	0	0	0
MIR506	0	0	0
MIR507	0	0	0
MIR508	0	0	0
MIR514B	0	0	0
MIR509-2	0	0	0
MIR509-3	0	0	0
MIR509-1	0	0	0
MIR510	0	0	0
MIR514A1	0	0	0
MIR514A2	0	0	0
LOC101928863	0	0	0
MIR514A3	0	0	0
LOC105373348	0	0	0
LOC105373349	0	0	0
FMR1-AS1	0	0	0
FMR1	1001	0	1001
FMR1NB	0	0	0
AFF2	0	0	0
LOC122319696	0	0	0
LOC107985667	0	0	0
IDS	401	0	401
EOLA1-DT	31	0	43
EOLA1	384	12	396
HSFX3	0	12	0
MAGEA9B	0	0	0
HSFX2	0	0	0
TMEM185A	216	0	216
MAGEA11	2	0	2
HSFX1	1	0	1
MAGEA9	0	0	0
LINC00850	0	0	0
MAGEA8-AS1	0	0	0
MAGEA8	0	0	0
EOLA2	488	2	514
HSFX4	0	26	0
EOLA2-DT	43	2	43
MIR2114	0	0	0
MAMLD1	1376	1	1375
LOC124905223	32	0	32
MTM1	175	0	175
MTMR1	785	5	780
CD99L2	952	0	952
LINC02927	0	0	0
HMGB3	1042	0	1042
MIR4330	0	0	0
GPR50-AS1	0	0	0
GPR50	0	0	0
VMA21	1209	0	1209
LOC105373367	1	0	1
LOC105377213	0	0	0
PASD1	39	0	39
PRRG3	0	0	0
FATE1	0	0	0
CNGA2	0	0	0
MAGEA4-AS1	0	0	0
MAGEA4	0	0	0
GABRE	2063	0	2063
MIR224	3	0	3
MIR452	1	0	1
LOC105373369	22	1	24
LOC100533997	1	1	0
MAGEA5P	0	0	0
MAGEA10	1	0	1
GABRA3	250	0	250
MIR105-1	0	0	0
MIR767	0	0	0
MIR105-2	0	0	0
MAGEA3-DT	0	0	0
GABRQ	0	0	0
MAGEA3	0	0	0
CSAG2	0	0	0
LOC124905224	0	0	0
MAGEA2B	0	0	0
CSAG1	0	0	0
MAGEA12	241	0	241
CSAG4	0	0	0
MAGEA2	0	0	0
CSAG3	0	0	0
MAGEA6	0	0	0
MAGEA6-DT	0	0	0
CETN2	0	0	0
NSDHL	0	0	0
ZNF185	0	0	0
LOC124905237	0	0	0
LOC105373372	0	0	0
PNMA5	0	0	0
PNMA3	0	0	0
PNMA6A	0	0	0
LOC124905225	0	0	0
MAGEA1	876	0	876
LOC105373373	0	0	0
PWWP4	0	0	0
PNMA6F	0	0	0
ZNF275	164	0	164
MIR12129	0	0	0
LOC124905279	0	0	0
LOC105373378	0	0	0
PNMA6E	0	0	0
LOC105373379	0	0	0
ZFP92	0	0	0
TREX2	7	0	7
HAUS7	437	0	437
ECMXP	0	0	0
BGN	0	0	0
ATP2B3	2	0	2
CCNQ	330	0	330
LOC105373383	11	0	11
DUSP9	601	1	600
PNCK	5	0	5
SLC6A8	838	4	834
BCAP31	4899	0	4912
ABCD1	1238	27	1650
PLXNB3-AS1	22	453	1
PLXNB3	318	1	324
LOC124905227	27	0	60
SRPK3	4	36	0
IDH3G	1578	32	2164
SSR4	3945	591	3972
PDZD4	3	3	0
L1CAM	7138	2	7139
L1CAM-AS1	12	11	4
AVPR2	20	12	8
ARHGAP4	1067	3	1064
NAA10	1719	1	1718
RENBP	10	0	10
HCFC1	2819	7	2812
HCFC1-AS1	0	0	0
TMEM187	291	0	291
MIR3202-1	0	0	1
MIR3202-2	0	1	0
IRAK1	3234	3	3231
MIR718	0	0	0
MECP2	1334	3	1331
OPN1LW	0	0	0
OPN1MW	0	0	0
OPN1MW2	0	0	0
OPN1MW3	0	0	0
TEX28	0	0	0
TKTL1	0	0	0
LOC105373386	1	0	1
FLNA	24656	18	24638
EMD	1894	1	1893
LOC124905228	108	8959	32
RPL10	13905	284	22765
SNORA70	118	0	118
DNASE1L1	685	182	1015
TAFAZZIN	810	74	987
ATP6AP1-DT	16	0	16
ATP6AP1	4757	3	4754
GDI1	1595	3	1592
FAM50A	1961	4	1957
MIR6858	0	0	0
PLXNA3	321	0	321
LAGE3	636	2	634
UBL4A	2013	1	2012
SLC10A3	962	1	961
FAM3A	873	1	872
LOC124905229	4	4	0
G6PD	5172	4	5170
IKBKG	619	1	620
FAM223A	0	0	0
CTAG1A	0	0	0
CTAG1B	0	0	0
FAM223B	0	0	0
CTAG2	3012	6	3006
LOC105373387	77	0	77
GAB3	0	0	0
DKC1	2331	1	2330
SNORA36A	0	0	0
MIR664B	0	0	0
SNORA56	0	0	0
MPP1	435	0	435
SMIM9	0	0	0
F8	119	0	119
H2AB1	0	0	0
F8A1	102	0	107
MIR1184-1	0	5	0
FUNDC2	1133	2	1131
CMC4	43	0	43
MTCP1	82	1	81
BRCC3	624	0	624
VBP1	976	0	976
RAB39B	0	0	0
CLIC2	4	0	4
LOC101927830	1	1	0
H2AB2	0	0	0
F8A2	0	0	0
MIR1184-2	0	1	0
F8A3	1	0	1
MIR1184-3	0	0	0
H2AB3	0	0	0
TMLHE-AS1	2	1	1
TMLHE	230	0	230
SPRY3	1	1	0
VAMP7	0	0	0
IL9R	0	0	0
WASIR1	0	0	0
DDX11L16	0	0	0
LOC124905300	0	0	0
PLCXD1_1	0	0	0
GTPBP6_1	0	0	0
LINC00685_1	0	0	0
PPP2R3B_1	0	0	0
LOC102724521_1	0	0	0
SHOX_1	0	0	0
CRLF2_1	0	0	0
CSF2RA_1	0	0	0
LOC124905238_1	0	0	0
MIR3690_1	0	0	0
IL3RA_1	0	0	0
LOC101928032_1	0	0	0
SLC25A6_1	0	0	0
LOC124900597_1	0	0	0
LINC00106_1	0	0	0
ASMTL-AS1_1	0	0	0
ASMTL_1	0	0	0
P2RY8_1	0	0	0
AKAP17A_1	0	0	0
ASMT_1	0	0	0
LINC02968_1	0	0	0
LOC105379413_1	0	0	0
LOC107985677_1	0	0	0
DHRSX_1	0	0	0
LOC124905239_1	0	0	0
ZBED1_1	0	0	0
LINC03112_1	0	0	0
MIR6089_1	0	0	0
CD99P1_1	0	0	0
LINC00102_1	0	0	0
CD99_1	0	0	0
XGY2	0	0	0
SRY	0	0	0
RPS4Y1	0	0	0
ZFY	0	0	0
ZFY-AS1	0	0	0
LINC00278	0	0	0
TGIF2LY	0	0	0
LOC105377227	0	0	0
MIR9985	0	0	0
PCDH11Y	0	0	0
TTTY23B	0	0	0
TSPY2	0	0	0
FAM197Y9	0	0	0
LINC00280	0	0	0
LOC107987353	0	0	0
TTTY1B	0	0	0
TTTY2B	0	0	0
TTTY21B	0	0	0
TTTY7	0	0	0
TTTY8B	0	0	0
AMELY	0	0	0
TBL1Y	0	0	0
PRKY	0	0	0
LOC107987338	0	0	0
TTTY16	0	0	0
LOC107987339	0	0	0
TTTY12	0	0	0
LOC105377229	0	0	0
LOC105377231	0	0	0
LOC105377232	0	0	0
LOC107987354	0	0	0
LINC00279	0	0	0
LOC107987340	0	0	0
TTTY18	0	0	0
LOC105377234	0	0	0
TTTY19	0	0	0
LOC105377235	0	0	0
TTTY11	0	0	0
LOC105379264	0	0	0
LOC105379265	0	0	0
LOC105379266	0	0	0
LOC105379267	0	0	0
RBMY1A3P	0	0	0
TTTY20	0	0	0
TSPY4	0	0	0
FAM197Y8	0	0	0
TSPY8	0	0	0
FAM197Y7	0	0	0
FAM197Y6	0	0	0
TSPY3	0	0	0
FAM197Y5	0	0	0
TSPY1	0	0	0
FAM197Y4	0	0	0
TSPY9	0	0	0
FAM197Y3	0	0	0
FAM197Y2	0	0	0
TSPY10	0	0	0
RBMY3AP	0	0	0
TTTY8	0	0	0
TTTY7B	0	0	0
TTTY21	0	0	0
TTTY2	0	0	0
TTTY1	0	0	0
LOC107987342	0	0	0
TTTY22	0	0	0
TTTY23	0	0	0
LOC105379273	1	0	1
LOC107987343	0	0	0
GYG2P1	0	0	0
LOC112268311	0	0	0
TTTY15	0	0	0
USP9Y	0	0	0
DDX3Y	0	0	0
LOC112268312	0	0	0
UTY	0	0	0
MIR12120	0	0	0
TMSB4Y	0	0	0
VCY	0	0	0
VCY1B	0	0	0
NLGN4Y	7	0	7
NLGN4Y-AS1	0	0	0
LOC107987355	0	0	0
LOC124900508	0	0	0
FAM41AY1	0	0	0
LOC105377217	0	0	0
FAM224B	0	0	0
LOC105377218	0	0	0
LOC124905302	0	0	0
XKRY	0	0	0
CDY2B	0	0	0
CDY2A	0	0	0
XKRYP7	0	0	0
LOC124905303	0	0	0
LOC105377219	0	0	0
FAM224A	0	0	0
LOC105377220	0	0	0
FAM41AY2	0	0	0
LOC124905304	0	0	0
HSFY1	0	0	0
TTTY9B	0	0	0
TTTY9A	0	0	0
HSFY2	0	0	0
LOC124905305	0	0	0
TTTY14	0	0	0
LOC124905306	0	0	0
BCORP1	0	0	0
LOC102723934	0	0	0
LOC105377223	0	0	0
TXLNGY	0	0	0
KDM5D	0	0	0
KDM5D-DT	0	0	0
TTTY10	0	0	0
EIF1AY	0	0	0
RPS4Y2	0	0	0
LOC105377225	1	1	0
LOC107987346	0	0	0
LOC107987347	0	0	0
PRORY	0	0	0
RBMY2EP	0	0	0
RBMY1B	0	0	0
RBMY1A1	0	0	0
TTTY13	0	0	0
LOC105377236	0	0	0
LOC105377237	0	0	0
RBMY1D	0	0	0
RBMY1E	0	0	0
LOC107987356	0	0	0
PRY2	0	0	0
LOC102725532	0	0	0
TTTY6B	0	0	0
RBMY1F	0	0	0
TTTY5	0	0	0
RBMY2FP	0	0	0
LOC100652931	0	0	0
RBMY1J	0	0	0
LOC101929148	0	0	0
TTTY6	0	0	0
PRY	0	0	0
LOC107987357	0	0	0
LOC107987348	0	0	0
TTTY17A	0	0	0
TTTY4	0	0	0
BPY2	0	0	0
LOC105377238	0	0	0
DAZ1	0	0	0
DAZ2	0	0	0
LOC105377239	0	0	0
LOC124900506	0	0	0
REREP1Y	0	0	0
LOC107987349	0	0	0
TTTY3B	0	0	0
CDY1B	0	0	0
GOLGA2P2Y	0	0	0
LOC107987350	0	0	0
TTTY17B	0	0	0
TTTY4B	0	0	0
BPY2B	0	0	0
LOC105377241	0	0	0
DAZ3	0	0	0
DAZ4	0	0	0
LOC105377242	0	0	0
BPY2C	0	0	0
TTTY4C	0	0	0
TTTY17C	0	0	0
SEPTIN14P23	0	0	0
GOLGA2P3Y	0	0	0
CSPG4P1Y	0	0	0
CDY1	0	0	0
TTTY3	0	0	0
LOC107987352	0	0	0
REREP2Y	0	0	0
LOC124900507	0	0	0
LOC105377244	0	0	0
SPRY3_1	0	0	0
VAMP7_1	0	0	0
IL9R_1	0	0	0
WASIR1_1	0	0	0
DDX11L16_1	0	0	0
LOC102724902	0	0	0
LOC389831	0	0	0
LOC105379275	0	0	0
LOC124905312	2	0	2
LOC283788	41	0	41
LOC105379420	4	0	4
LOC100507395	0	0	0
LOC100507412	57	0	57
RNA45SN5	2	0	2
RNA18SN5	0	0	0
RNA5-8SN5	0	0	0
RNA28SN5	0	0	0
LOC100287610	0	0	0
LOC100505874	0	0	0
LOC124900598	0	0	0
LOC101927555	0	0	0
LOC107987359	0	0	0
LOC100288966	0	0	0
LOC124905313	0	0	0
LOC102725051	7	3	4
LOC107984150	0	0	0
LOC102723347	18	1	17
LOC102723382	5	4	1
LOC124905334	0	0	0
LOC102723393	0	0	0
LOC105379554	0	0	0
LOC112268317	47	0	47
LOC101929819	6	0	6
LOC105379557	0	0	0
LOC105379561	2	0	2
LOC124905335	0	0	0
LOC105379562	0	0	0
LOC124905337	0	0	0
LOC102723847	73	0	73
LOC105379565	0	0	0
LOC105379417	1	0	1
LOC105379566	5	0	5
LOC107987401	6	0	6
LOC101927088	1	1	0
LOC100233156	52	0	52
LOC389834	104	0	104
LOC124905310	9	0	9
LINC01784_1	0	0	0
PRAMEF11_1	0	0	0
HNRNPCL1_1	0	0	0
PRAMEF2_1	0	0	0
PRAMEF4_1	0	0	0
PRAMEF10_1	0	0	0
PRAMEF7_1	0	0	0
PRAMEF6_1	0	0	0
PRAMEF22	0	0	0
PRAMEF27_1	0	0	0
HNRNPCL3_1	0	0	0
PRAMEF25_1	0	0	0
PRAMEF34P_1	0	0	0
HNRNPCL2_1	0	0	0
PRAMEF36P_1	0	0	0
PRAMEF26_1	0	0	0
HNRNPCL4_1	0	0	0
PRAMEF9_1	0	0	0
PRAMEF13_1	0	0	0
PRAMEF18_1	0	0	0
PRAMEF5_1	0	0	0
PRAMEF8_1	0	0	0
PRAMEF33_1	0	0	0
PRAMEF22_1	0	0	0
PRAMEF27_2	0	0	0
HNRNPCL3_2	0	0	0
PRAMEF25_2	0	0	0
PRAMEF34P_2	0	0	0
HNRNPCL2_2	0	0	0
PRAMEF36P_2	0	0	0
PRAMEF26_2	0	0	0
HNRNPCL4_2	0	0	0
PRAMEF9_2	0	0	0
PRAMEF18_2	0	0	0
PRAMEF5_2	0	0	0
PRAMEF8_2	0	0	0
PRAMEF33_2	0	0	0
ARHGEF19_1	0	0	0
ANO7L1_1	0	0	0
CPLANE2_1	0	0	0
FBXO42_1	0	0	0
SZRD1_1	0	0	211
SPATA21_1	0	211	0
NECAP2_1	1	0	1
LINC01772_1	0	0	0
CROCCP3_1	0	0	0
RNU1-1_1	0	0	0
TRN-GTT5-1_1	0	0	0
LINC01783_1	0	0	0
TRE-TTC4-1_1	0	0	0
TRNAG-CCC	0	0	0
LOC124905558	0	0	0
LOC128966566	0	0	0
LOC124905552	5	0	5
LOC124905574	0	0	0
TRNAN-GUU	0	0	0
LOC124905561	0	0	0
TRNAE-UUC_1	0	0	0
TRNAG-CCC_1	0	0	0
LOC124905553	11	0	11
LOC124905562	0	0	0
LOC124905557	23	0	23
LINC01719_1	2	0	2
LOC102724250	13	0	13
LOC124905572	22	0	22
LOC124905560	1	0	1
LOC124905559	6	0	6
RNVU1-7_1	0	0	0
TRNAN-GUU_1	0	0	0
LOC124905554	0	0	0
TRNAE-UUC_2	0	0	0
LOC124905556	0	0	0
MST1L_1	0	0	0
RNU1-4_1	0	0	0
TRNAN-GUU_2	0	0	0
LOC124905563	0	0	0
TRNAE-UUC_3	0	0	0
TRG-CCC5-1_1	0	0	0
ESPNP_1	0	0	0
LOC124905571	0	0	0
TRG-CCC4-1_1	0	0	0
LOC124903857_1	0	0	0
RNU1-3_1	0	0	0
LOC102724562_1	0	0	0
LOC440570_1	0	0	0
TRNAE-UUC_4	0	0	0
TRNAN-GUU_3	0	0	0
LOC105379524	3	0	3
RNVU1-18_1	0	0	0
LOC124900583	2	0	5
LOC124905569	2	4	1
LOC124905564_1	40	0	40
LOC124905570	1	0	1
LOC124905565	0	0	0
TRNAG-CCC_2	0	0	0
LOC124905566	0	0	0
LOC107985736	9	12	9
RNVU1-28_1	0	0	0
MST1P2_1	15	0	27
CROCCP2_1	34	3	32
NBPF1_1	11	0	11
MIR3675_1	0	0	0
TRG-CCC1-2_1	0	0	0
LINC03126_1	0	0	0
TRE-TTC3-1_1	0	0	0
LOC105376805_1	0	0	0
TRN-GTT4-1_1	0	0	0
RNU1-2_1	0	0	0
CROCC_1	11	0	11
MFAP2_1	0	0	0
LOC105376806_1	0	0	0
ATP13A2_1	0	0	0
SDHB_1	391	0	391
PADI2_1	0	0	0
LOC124903861_1	0	0	0
LOC105376808_1	0	0	0
LINC02783_1	0	0	0
PADI1_1	0	0	0
PADI3_1	0	0	0
MIR3972_1	0	0	0
PADI4_1	0	0	0
PADI6_1	0	0	0
RCC2_1	0	0	0
RCC2-AS1_1	0	0	0
LOC124904837_1	0	0	0
LINC01355_1	0	0	0
HNRNPR_1	0	0	0
ZNF436_1	0	0	0
ZNF436-AS1_1	0	0	0
TCEA3_1	0	0	0
LOC124903875_1	0	0	0
ASAP3_1	0	0	0
E2F2_1	0	0	0
LOC101928163_1	0	0	0
LOC124903876_1	0	0	0
LOC105376859_1	0	0	0
ID3_1	0	0	0
RPS6KA1_1	0	0	0
MIR1976_1	0	0	0
LOC124904769_1	0	0	0
LOC124904813_1	0	0	0
DNAJC8_1	0	0	0
ATP5IF1_1	0	0	0
SESN2_1	0	0	0
MED18_1	0	0	0
SCMH1-DT_1	0	0	0
FOXO6_1	71	6	65
FOXO6-AS1_1	0	0	0
VAV3-AS1_1	0	0	0
LINC02785_1	0	0	0
SLC25A24_1	0	0	0
NBPF6_1	0	0	0
LOC124905418	0	0	0
LOC124905416	4	0	4
LOC124905417	0	0	0
NBPF4_1	0	0	0
SLC16A1_1	0	0	0
AKR7A2P1_1	0	0	0
SLC16A1-AS1_1	0	0	0
LOC107985189_1	0	0	0
LRIG2-DT_1	0	0	0
LOC101929788_1	0	0	0
NBPF8_1	1183	1	1182
LOC124905549	3	0	3
PFN1P2_1	2	2	1
PDE4DIPP2_1	53	0	53
LOC107985524_1	0	0	0
NBPF26_1	0	0	0
NOTCH2NLR_1	0	0	0
TRN-GTT7-1_1	0	0	0
RNVU1-19_1	0	0	0
PPIAL4A_1	0	0	0
MIR9-1HG_1	2	0	2
MEF2D_1	0	0	0
IQGAP3_1	0	0	0
LOC124904843_1	0	0	0
TTC24_1	0	0	0
NAXE_1	0	0	0
GPATCH4_1	224	0	224
HAPLN2_1	0	0	0
LOC101928177_1	0	0	0
BCAN_1	0	0	0
BCAN-AS2_1	0	0	0
FCER1A_1	0	0	0
OR10J3_1	0	0	0
OR10J1_1	0	0	0
OR10J4_1	0	0	0
LINC02819_1	0	0	0
LOC105371674_1	0	0	0
KCNT2_1	0	0	0
LOC124904597_1	0	0	0
MIR4735_1	0	0	0
CFH_1	11	0	11
CFHR4_1	3	3	0
LOC105371675_1	3	0	3
CFHR2_1	0	0	0
CFHR5_1	0	0	0
F13B_1	0	0	0
SERTAD4-AS1_1	0	0	0
SERTAD4_1	0	0	0
LINC02602_1	0	0	0
HHAT_1	0	0	0
TRIM17_1	0	0	0
H3-4_1	0	0	0
H2AC25_1	0	0	0
H2BC26_1	0	0	0
MIR4666A_1	0	0	0
RNF187_1	0	0	0
BTNL10P_1	0	0	0
LOC105373124_1	0	0	0
LOC124905422	0	0	0
LOC124905433	0	0	0
LOC124905436	0	0	0
LOC124905437	0	0	0
LOC124905438	0	0	0
LOC124905424	0	0	0
LOC124905425	0	0	0
LOC124905426	0	0	0
LOC124905427	0	0	0
LOC124905428	0	0	0
LOC124905429	0	0	0
LOC124905430	0	0	0
LOC124905431	0	0	0
LOC124905432	0	0	0
LOC124905434	0	0	0
LOC124905435	0	0	0
RNA5S1_1	0	0	0
RNA5S2_1	0	0	0
RNA5S3_1	0	0	0
RNA5S4_1	0	0	0
RNA5S5_1	0	0	0
RNA5S6_1	0	0	0
RNA5S7_1	0	0	0
RHOU_1	0	0	0
RNA5S8_1	0	0	0
RNA5S9_1	0	0	0
RNA5S10_1	0	0	0
RNA5S11_1	0	0	0
RNA5S12_1	0	0	0
RNA5S13_1	0	0	0
RNA5S14_1	0	0	0
RNA5S15_1	0	0	0
RNA5S16_1	0	0	0
DUSP5P1_1	1	0	1
RNA5S17_1	0	0	0
LOC124905421	42	2	40
TBCE_1	0	0	0
B3GALNT2_1	0	0	0
GNG4_1	0	0	0
VN1R5_1	0	0	0
LOC105373273_1	0	0	0
ZNF496_1	0	0	0
ZNF496-DT_1	0	0	0
NLRP3_1	0	0	0
OR2T4_1	0	0	0
OR2T6_1	0	0	0
OR2T1_1	0	0	0
OR2T7_1	0	0	0
OR2T2_1	0	0	0
LOC105373279_1	0	0	0
OR2T3_1	0	0	0
LOC124905550	0	0	0
OR2T29_1	0	0	0
LOC105373277_1	0	0	0
OR2G6_1	0	0	0
OR2T5_1	0	0	0
OR2T34_1	0	0	0
OR2T10_1	0	0	0
OR2T11_1	0	0	0
OR2T35_1	0	0	0
OR2T27_1	0	0	0
OR14I1_1	0	0	0
APOB_1	0	0	0
LOC124905593_1	0	0	0
TDRD15_1	0	0	0
LINC01822_1	0	0	0
LOC105374804_1	0	0	0
ALMS1_1	0	0	0
ALMS1-IT1_1	0	0	0
NAT8_1	0	0	0
ALMS1P1_1	0	0	0
LOC112268418_1	0	0	0
NAT8B_1	0	0	0
LOC124905592_1	0	0	0
TPRKB_1	0	0	0
DUSP11_1	0	0	0
C2orf78_1	0	0	0
TCF7L1_1	0	0	0
TCF7L1-IT1_1	0	0	0
LOC102724579_1	0	0	0
TGOLN2_1	707	0	707
RETSAT_1	243	0	243
ELMOD3_1	0	0	0
LOC105377636	0	0	0
LOC107987467	0	0	0
LOC105374859	0	0	0
LOC105374858	0	0	0
LOC105374857	0	0	0
LOC124900624	0	0	0
PROM2_1	0	0	0
KCNIP3_1	6	0	6
FAHD2A_1	16	0	16
LOC105373490	0	0	0
TRIM43_1	0	0	0
LINC03052_1	0	0	0
TRIM43B_1	0	0	0
LOC124905589_1	0	0	0
LOC101926959_1	0	0	0
GPAT2_1	0	0	0
FAHD2B_1	0	0	0
ANKRD36_1	0	0	0
LOC100506076_1	0	0	0
APPAT_1	17	0	17
ANKRD36B_1	0	0	0
LOC105373499_1	0	0	0
COX5B_1	0	0	0
ACTR1B_1	0	0	0
C2orf92_1	0	0	0
LOC124900516_1	0	0	0
ZAP70_1	0	0	0
TMEM131_1	0	0	0
LOC124905591_1	0	0	0
LINC02572_1	0	0	0
LOC105373616_1	0	0	0
PLAC9P1_1	0	0	0
LINC01856_1	0	0	0
RAB6C-AS1_1	0	0	0
RAB6C_1	0	0	0
FAR2P1_1	3	0	3
POTEF_1	0	0	0
POTEF-AS1_1	0	0	0
MED15P9_1	0	0	0
CCDC74B_1	0	0	0
SMPD4_1	1	0	1
MZT2B_1	0	0	0
MIR4784_1	3	0	3
TUBA3E_1	0	0	0
DYNC1I2_1	0	0	0
SLC25A12_1	0	0	0
LOC105373740_1	0	0	0
HAT1_1	8	1	279
LOC124905590_1	0	271	1
METAP1D_1	0	0	0
DLX1_1	0	0	0
LOC105373791_1	0	0	0
COL3A1_1	17	0	17
MIR1245A_1	0	0	0
MIR1245B_1	0	0	0
MIR3606_1	0	0	0
INO80D_1	0	0	0
INO80D-AS1_1	0	0	0
NDUFS1_1	0	0	0
GCSHP3_1	0	0	0
EEF1B2_1	0	0	0
SNORD51_1	0	0	0
SNORA41_1	0	0	0
CMKLR2_1	0	0	0
CMKLR2-AS_1	0	0	0
ZDBF2_1	0	0	0
LOC105373854_1	0	0	0
LOC124905439_1	0	0	0
LOC100507443_1	0	0	0
CRYGD_1	0	0	0
CRYGC_1	0	0	0
INPP5D_1	0	0	0
ATG16L1_1	0	0	0
SCARNA5_1	0	0	0
SCARNA6_1	0	0	0
SAG_1	0	0	0
DGKD_1	0	0	0
LOC100287387_1	0	0	0
TWIST2_1	0	0	0
LOC150935_1	0	0	0
NDUFA10_1	0	0	0
PLCL2UT_1	0	0	0
PLCL2_1	0	0	0
LOC105376972_1	1	0	1
MIR3714_1	0	0	0
PLCL2-AS1_1	0	0	0
CNOT10_1	0	0	0
CNOT10-AS1_1	0	0	0
TRIM71_1	0	0	0
APRG1_1	0	0	0
ITGA9_1	0	0	0
ITGA9-AS1_1	0	0	0
CTDSPL_1	0	0	0
LOC101928529_1	0	0	0
ZNF852_1	0	0	0
ZKSCAN7_1	0	0	0
ZKSCAN7-AS1_1	0	0	0
ZNF660-ZNF197_1	0	0	0
ZNF660_1	0	0	0
ZNF197-AS1_1	0	0	0
ZNF197_1	0	0	0
ZNF35_1	0	0	0
LOC124905403_1	0	0	0
ZNF502_1	0	0	0
LOC105377056_1	0	0	0
ZNF501_1	0	0	0
KIAA1143_1	0	0	0
KIF15_1	0	0	0
MIR564_1	0	0	0
TMEM42_1	0	0	0
TGM4_1	0	0	0
ZDHHC3_1	0	0	0
MAGI1_1	0	0	0
LOC105377128_1	0	0	0
SLC25A26_1	0	0	0
LOC107986095_1	0	0	0
LRIG1_1	0	0	0
RYBP_1	53	0	53
LOC105377160_1	0	0	0
LOC124905404_1	0	0	0
LOC105377161_1	0	0	0
LOC102724817_1	0	0	0
LOC105377162_1	0	0	0
LOC124905452_1	0	0	0
FAM86DP_1	0	0	0
LINC02018_1	0	0	0
LINC00971_1	0	0	0
LINC02025_1	0	0	0
LOC105377193_1	0	0	0
CADM2_1	0	0	0
LOC101930420_1	0	0	0
LINC00879_1	0	0	0
C3orf52_1	0	0	0
GCSAM_1	0	0	0
TBILA_1	0	0	0
SLC9C1_1	0	0	0
RUVBL1_1	0	5	0
EEFSEC_1	54	0	59
MIR4789_1	0	0	0
NAALADL2_1	0	0	0
LOC101929106_1	0	0	0
RTP1_1	0	0	0
MASP1_1	0	0	0
LOC105374260_1	0	0	0
LOC101929130_1	0	0	0
RTP4_1	0	0	0
LOC124905594_1	0	0	0
LINC02041_1	0	0	0
LOC105374262_1	0	0	0
LOC105374348_1	0	0	0
LOC105374349_1	0	0	0
FAM53A_1	0	0	0
LOC101928532_1	0	0	0
HMX1_1	0	0	0
LOC105374498_1	0	0	0
CPEB2-DT_1	0	0	0
CPEB2_1	0	0	0
C1QTNF7-AS1_1	0	0	0
GBA3_1	0	0	0
LOC105374521_1	0	0	0
LOC101927209_1	0	0	0
ANKRD20A12P_1	0	0	0
LOC105377672_1	0	0	0
LINC02619_1	0	0	0
LOC105377260_1	0	0	0
LOC105377261_1	0	0	0
CSN2_1	0	0	0
LOC105377269_1	0	0	0
STATH_1	0	0	0
HTN3_1	0	0	0
HTN1_1	0	0	0
CSN1S2AP_1	0	0	0
CSN1S2BP_1	0	0	0
PRR27_1	0	0	0
LOC105377270_1	0	0	0
RPS3A_1	0	0	0
SNORD73B_1	0	0	0
SNORD73A_1	0	0	0
SH3D19_1	0	0	0
SH3D19-AS1_1	0	0	0
LOC105377485_1	0	0	0
PRSS48_1	0	0	0
LOC101927947_1	0	0	0
DCHS2_1	0	0	0
LOC105377611_1	0	0	0
LOC105377612_1	0	0	0
FRG1-DT_1	0	0	0
FRG1_1	0	0	0
FRG2_1	0	0	0
DBET_1	0	0	0
LOC124905412	0	0	0
FRG1-DT_2	0	0	0
FRG1_2	0	0	0
FRG2_2	0	0	0
DBET_2	0	0	0
LOC124905408	0	0	0
LOC124905411	0	0	0
LOC124905410	0	0	0
LOC124905409	0	0	0
DUX4_1	0	0	0
AK6_1	0	0	0
TAF9_1	0	0	0
RAD17_1	0	0	0
MARVELD2_1	0	0	0
LOC101928924_1	0	0	0
OCLN_1	0	0	0
SNORD13B-1_1	0	0	0
GTF2H2C_1	5	0	5
LOC101929599_1	0	0	0
LINC02197_1	0	0	0
SMN2_1	0	0	0
SERF1B_1	0	0	0
LOC128966726	0	0	0
LOC105369228	0	0	0
LOC124905599	0	0	0
LOC105379023	0	0	0
LOC112268330	0	0	0
GUSBP3_1	0	0	0
LOC105379623_1	0	0	0
LOC124900626	0	0	0
GUSBP17_1	0	0	0
LOC441081_1	0	0	0
LOC107987433	0	0	0
LOC124905596	0	0	0
NAIP_1	4	0	4
GTF2H2B_1	0	0	0
LOC124905598	0	0	0
SMN1_1	0	0	0
SERF1A_1	0	0	0
LOC107986373_1	0	0	0
GUSBP16_1	1	0	1
GUSBP19_1	0	0	0
LOC105379025_1	0	0	0
PMCHL1_1	0	0	0
LOC107987420_1	0	0	0
BDP1_1	0	0	0
LOC124900999_1	0	0	0
MCCC2_1	0	0	0
LOC105374625_1	0	0	0
LINC02145_1	0	0	0
MED10_1	0	0	0
UBE2QL1_1	0	0	0
LOC105374639_1	0	0	0
LOC102723561_1	0	0	0
GUSBP1_1	23	0	23
LOC107987432	0	0	0
LOC124900629	0	0	0
LOC124905413	0	0	0
LOC112268347	0	0	0
LOC646652_1	0	0	0
LOC105374685_1	0	0	0
PRDM9_1	0	0	0
DNAJC18_1	0	0	0
LOC124905454	0	0	0
ECSCR_1	0	0	0
SMIM33_1	0	0	0
STING1_1	0	0	0
PCDHA1_1	0	0	0
PCDHA2_1	0	0	0
PCDHA3_1	0	0	0
PCDHA4_1	0	0	0
PCDHA5_1	0	0	0
PCDHA6_1	0	0	0
PCDHA7_1	0	0	0
PCDHA8_1	0	0	0
PCDHA9_1	0	0	0
PCDHA10_1	0	0	0
LOC112267934_1	0	0	0
PCDHA11_1	0	0	0
PCDHA12_1	0	0	0
PCDHA13_1	0	0	0
PCDHAC1_1	0	0	0
PCDHAC2_1	0	0	0
PCDHB1-AS1_1	0	0	0
PCDHB1_1	0	0	0
PCDHB2_1	0	0	0
PCDHB3_1	0	0	0
PCDHB4_1	0	0	0
PCDHB5_1	0	0	0
PCDHB6_1	0	0	0
PCDHB17P_1	0	0	0
PCDHB7_1	0	0	0
PCDHB8_1	0	0	0
PCDHB16_1	0	0	0
PCDHB9_1	0	0	0
PCDHB10_1	0	0	0
PCDHB11_1	0	0	0
PCDHB12_1	0	0	0
PCDHB13_1	0	0	0
PCDHB14_1	0	0	0
PCDHB18P_1	0	0	0
PCDHB19P_1	0	0	0
PCDHB15_1	0	0	0
LOC105378199_1	0	0	0
ADAMTS2_1	0	0	0
LOC105377759_1	0	0	0
LOC124901149_1	0	0	0
LOC107986494_1	0	0	0
LOC124901224_1	0	0	0
LOC100289470_1	0	0	0
RUFY1_1	1	0	1
RUFY1-AS1_1	0	0	0
HNRNPH1_1	78	0	78
LOC100502572_1	0	0	0
SPATA31J1_1	0	0	0
LOC105377763_1	0	0	0
CBY3_1	0	0	0
CANX_1	1083	0	1083
MAML1_1	26	0	26
LTC4S_1	0	0	0
MGAT4B_1	0	2	0
MIR1229_1	0	0	0
LOC128966721	17	0	17
SQSTM1_1	0	0	0
MRNIP_1	0	0	0
MRNIP-DT_1	0	0	0
TBC1D9B_1	0	0	0
LOC124901156_1	0	0	0
LOC101928146_1	0	0	0
GCNT2_1	1	0	1
C6orf52_1	0	0	0
PAK1IP1_1	0	0	0
TMEM14C_1	0	0	0
BTN2A1_1	0	0	0
LOC285819_1	0	0	0
LOC107986583_1	0	0	0
BTN1A1_1	0	0	0
TRL-CAG1-7_1	0	0	0
HCG11_1	0	0	0
TRT-AGT2-1_1	0	0	0
TRR-ACG1-2_1	0	0	0
TRV-CAC1-6_1	0	0	0
HMGN4_1	0	0	0
TRA-CGC1-1_1	0	0	0
TRI-AAT5-1_1	0	0	0
TRP-AGG2-2_1	0	0	0
TRK-CTT2-4_1	0	0	0
TRY-GTA1-1_1	0	0	0
LOC105374988_1	0	0	0
TRA-AGC11-1_1	0	0	0
TRY-GTA8-1_1	0	0	0
TRY-GTA3-1_1	0	0	0
TRY-GTA6-1_1	0	0	0
ABT1_1	0	0	0
LOC105374989_1	0	0	0
ZNF322_1	5	0	5
LOC102724851_1	6	0	6
TRA-AGC14-1_1	0	0	0
TRA-AGC12-1_1	0	0	0
TRA-AGC10-1_1	0	0	0
LOC105374991_1	0	0	0
TRM-CAT5-1_1	0	0	0
TRNAA-AGC_5	0	0	0
TRI-AAT7-2_1	0	0	0
LOC124905602	0	0	0
TRM-CAT4-2_1	0	0	0
TRM-CAT4-1_1	0	0	0
TRI-AAT7-1_1	0	0	0
LOC105374992_1	0	0	0
LOC124901289_1	0	0	0
TRNAA-AGC_6	0	0	0
TRM-CAT5-2_1	0	0	0
LOC124901290_1	0	0	0
TRNAA-AGC_7	0	0	0
TRNAA-AGC_8	0	0	0
TRA-AGC14-2_1	0	0	0
IBTK_1	35	0	35
LOC105377874_1	0	0	0
LOC105377875_1	0	0	0
TPBG_1	0	0	0
CASP8AP2_1	89	0	89
MDN1_1	0	0	0
LOC124901536_1	0	0	0
GJA10_1	0	0	0
BACH2_1	0	0	0
FAM157D_1	0	0	0
LOC105375113_1	0	0	0
LOC101929756_1	0	0	0
LOC105375114_1	0	0	0
LINC03015_1	0	0	0
LINC03014_1	0	0	0
LOC105375116_1	0	0	0
LOC105375115_1	0	0	0
FAM20C_1	0	0	0
LOC124901807_1	0	0	0
LINC01445_1	0	0	0
LOC124901829_1	0	0	0
LOC112268371	0	0	0
SMURF1_1	0	0	0
KPNA7_1	0	0	0
PRKAR2B_1	0	0	0
HBP1_1	0	0	0
COG5_1	53	0	53
LOC124901720_1	0	0	0
LOC124901721_1	0	0	0
GPR22_1	0	0	0
DUS4L-BCAP29_1	0	0	0
DUS4L_1	0	0	0
BCAP29_1	0	0	0
FAM131B-AS2_1	0	0	0
ZYX_1	0	0	0
FAM131B_1	0	0	0
MIR6892_1	0	0	0
EPHA1_1	0	0	0
EPHA1-AS1_1	0	0	0
TAS2R60_1	0	0	0
TAS2R41_1	0	0	0
LOC105375547_1	0	0	0
OR10AC1_1	0	0	0
CTAGE15_1	0	0	0
LOC101928466_1	0	0	0
TCAF2_1	5	0	5
CTAGE6_1	0	0	0
TCAF2P1_1	2	5	2
LOC154761_1	8	0	13
LOC112267988_1	0	0	0
TCAF1_1	3	0	3
LOC105375549_1	0	0	0
OR2F2_1	0	0	0
OR2F1_1	0	0	0
OR6B1_1	0	0	0
OR2A5_1	0	0	0
LOC105375548	0	0	0
OR2A25_1	0	0	0
OR2A12_1	0	0	0
OR2A2_1	0	0	0
OR2A14_1	0	0	0
CTAGE4_1	15	0	15
ARHGEF35_1	5	0	5
ARHGEF35-AS1_1	0	0	0
OR2A42_1	0	0	0
OR2A1-AS1_1	0	0	0
OR2A20P_1	0	0	0
OR2A7_1	0	0	0
ARHGEF34P_1	0	0	0
CTAGE8_1	0	0	1
OR2A9P_1	3	1	2
OR2A1_1	0	0	0
LOC107987545	38	5	34
LOC112268384	1	1	0
ARHGEF5_1	1	0	1
LOC124905440	0	3	0
NOBOX_1	0	0	0
TPK1_1	0	0	0
DPP6_1	0	0	0
MCPH1-DT_1	0	0	0
MCPH1_1	0	0	0
MCPH1_2	0	0	0
MCPH1-AS1_1	0	0	0
MIR8055_1	0	0	0
AGPAT5_1	1	0	1
MIR4659A_1	0	0	0
MIR4659B_1	0	0	0
LOC124901872_1	0	0	0
LOC107986909_1	0	0	0
XKR5_1	0	0	0
GS1-24F4.2_1	0	0	0
DEFB1_1	11	0	11
DEFA6_1	0	0	0
DEFA4_1	0	0	0
DEFA8P_1	0	0	0
DEFA9P_1	0	0	0
DEFA10P_1	0	0	0
LOC124901873_1	0	0	0
DEFA1_1	0	0	0
DEFT1P_1	0	0	0
LOC124901874_1	0	0	0
DEFA1B_1	0	0	0
DEFT1P2_1	0	0	0
LOC124901875_1	0	0	0
DEFA3_1	0	0	0
DEFA11P_1	0	0	0
DEFA5_1	0	0	0
LOC105377799_1	0	0	0
LOC105377803_1	0	0	0
LOC101928095_1	0	0	0
LOC112268400	0	0	0
FAM90A19_1	0	0	0
FAM90A9_1	0	0	0
FAM90A10_1	0	0	0
PRR23D2_1	0	0	0
LOC105379216	0	0	0
DEFB107A_1	0	0	0
DEFB105A_1	0	0	0
DEFB106A_1	0	0	0
DEFB104A_1	0	0	0
SPAG11A_1	0	0	0
DEFB103A_1	0	0	0
DEFB4A_1	0	0	0
ZNF705B_1	0	0	0
FAM66E_1	0	0	0
USP17L8_1	0	0	0
USP17L3_1	0	0	0
FAM90A20_1	0	0	0
LINC00965_1	0	0	0
FAM90A11_1	0	0	0
FAM90A24_1	0	0	0
LOC124905443	0	0	0
FAM90A12_1	0	0	0
LOC124905441	0	0	0
FAM85A_1	1	0	1
FAM66A_1	0	0	0
LOC124905442	0	0	0
LOC649352_1	0	0	0
ZNF705D_1	0	0	0
DEFB130A_1	0	0	0
LOC105379246_1	0	0	0
LOC105379245_1	0	0	0
DEFB134_1	0	0	0
DEFB135_1	0	0	0
DEFB136_1	0	0	0
LOC105379244_1	0	0	0
CTSB_1	1387	9	1378
FDFT1_1	625	0	625
LOC105379243_1	0	0	0
NEIL2_1	2	0	2
LINC02905_1	0	0	0
GATA4_1	0	0	0
SNORA99_1	0	0	0
LOC124905444	0	0	0
LOC105379242_1	0	0	0
LINC00208_1	0	0	0
BLK_1	0	0	0
BLK-AS1_1	0	0	0
FAM167A_1	17	0	17
FAM167A-AS1_1	0	0	0
TDH_1	0	0	0
TDH-AS1_1	0	0	0
MTMR9_1	9	0	9
SLC35G5_1	0	0	0
MTMR9-AS1_1	0	0	0
LINC00529_1	0	0	0
XKR6_1	0	0	0
LOC101929269_1	0	0	0
MIR598_1	0	0	0
LOC112268405	0	0	0
LOC101929248_1	0	0	0
PINX1-DT_1	0	0	0
PINX1_1	7	0	7
MIR1322_1	0	0	0
SOX7-AS1_1	0	0	0
SOX7_1	1	0	1
C8orf74_1	0	0	0
MIR4286_1	0	0	0
RP1L1_1	3	0	3
LOC105379237_1	0	0	0
PRSS55_1	0	0	0
PRSS51_1	0	0	0
LINC03022_1	0	0	0
MSRA_1	0	0	0
LOC105379235_1	0	0	0
MSRA-DT_1	0	0	0
LOC124902082_1	0	0	0
MIR124-1_1	0	0	0
MIR124-1HG_1	0	0	0
LOC124902085_1	0	0	0
TNKS_1	37	0	37
MIR597_1	0	0	0
LOC105379231_1	0	0	0
LOC124901884_1	0	0	0
LOC105379230_1	0	0	0
LOC105379228_1	0	0	0
LOC157273_1	0	0	0
LOC112268404	0	0	0
LOC101929128_1	0	0	0
PPP1R3B-DT_1	0	0	0
PPP1R3B_1	0	0	0
LOC112268402_1	0	0	0
ERI1_1	20	0	20
SNORD3I_1	0	0	0
MIR4660_1	0	0	0
LOC105379227_1	0	0	0
LOC124905446	0	0	0
LOC124901866_1	0	0	0
LOC124900259_1	0	0	0
LOC124905445	0	0	0
MFHAS1_1	30	0	30
CLDN23_1	0	0	0
LOC105379225_1	0	0	0
LOC105379224_1	0	0	0
LOC107986913_1	0	0	0
LINC02950_1	0	0	0
LINC02949_1	0	0	0
LOC105379222_1	0	0	0
PRAG1_1	0	0	0
LOC124901879_1	0	0	0
FAM86B3P_1	0	0	0
FAM85B_1	1	0	1
LOC124905449	0	0	0
LOC124905447	0	0	0
LOC124905448	0	0	0
LOC112268390	0	0	0
LOC128966725	0	0	0
FAM90A23_1	0	0	0
FAM90A17_1	0	0	0
FAM90A16_1	0	0	0
LOC128966567	0	0	0
FAM90A7_1	0	0	0
PRR23D1_1	0	0	0
LOC105377801_1	0	0	0
DEFB107B_1	0	0	0
DEFB105B_1	0	0	0
DEFB106B_1	0	0	0
DEFB104B_1	0	0	0
SPAG11B_1	0	0	0
DEFB103B_1	0	0	0
DEFB4B_1	0	0	0
ZNF705G_1	0	0	0
USP17L7_1	0	0	0
USP17L1_1	0	0	0
FAM90A25P_1	0	0	0
FAM90A2P_1	0	0	0
LOC128966724	0	24	0
FAM86B2_1	27	0	51
FAM86B2-DT_1	1	0	1
LOC729732_1	0	0	0
MIR5692A2_1	0	0	0
LONRF1_1	30	0	30
MIR3926-1_1	0	0	1
MIR3926-2_1	0	1	0
LINC03019_1	0	0	0
LINC00681_1	0	0	0
LOC105379289_1	0	0	0
TRMT9B_1	0	0	0
LOC124901889_1	0	0	0
DLC1_1	0	0	0
LOC107986922_1	0	0	0
LOC107986941_1	0	0	0
LOC112268372	0	0	0
RNF139-DT_1	0	0	0
RNF139_1	0	0	0
TATDN1_1	0	0	0
MIR6844_1	0	0	0
NDUFB9_1	0	0	0
MTSS1_1	0	0	0
GSDMC_1	2	0	2
LINC01300_1	0	0	0
GPR20_1	0	0	0
LOC101928037_1	0	0	0
ASTILCS_1	0	0	0
PTP4A3_1	0	0	0
MROH5_1	0	0	0
LOC107983985_1	0	0	0
LOC105375789_1	0	0	0
LOC124900270_1	0	0	0
LOC105375791_1	0	0	0
C8orf90_1	0	0	0
BOP1_1	0	0	0
HSF1_1	0	0	0
DGAT1_1	0	0	0
LOC124902050_1	0	0	0
MIR6848_1	0	0	0
SCRT1_1	0	0	0
CATSPERQ_1	0	0	0
FBXL6_1	0	0	0
SLC52A2_1	0	0	0
LOC101928902_1	0	0	0
ADCK5_1	0	0	0
CPSF1_1	0	0	0
MIR939_1	0	0	0
MIR1234_1	0	0	0
MIR6849_1	0	0	0
SLC39A4_1	0	0	0
VPS28_1	476	4	472
TONSL_1	0	0	0
LOC124905603	0	0	0
C8orf33_1	0	0	0
LOC105379435_1	0	0	0
CNTNAP3_1	0	0	0
LOC101927042	0	0	0
LOC124905604	0	0	0
LOC105376134_1	0	2	0
NXNL2_1	1	0	3
LINC02843_1	0	0	0
LOC105376135_1	0	0	0
MIR4289_1	0	0	0
IARS1_1	0	0	0
MIR3651_1	0	0	0
SNORA84_1	0	0	0
NOL8_1	0	0	0
CENPP_1	0	0	0
OGN_1	0	0	0
OMD_1	0	0	0
ASPN_1	0	0	0
ECM2_1	0	0	0
MIR4670_1	0	0	0
IPPK_1	0	0	0
LOC100128361_1	0	0	0
OBP2B_1	0	0	0
LOC124902294_1	0	0	0
ABO_1	0	0	0
LCN1_1	0	0	0
SURF6_1	0	0	0
MED22_1	0	0	0
RPL7A_1	0	0	0
SNORD24_1	0	0	0
SNORD36B_1	0	0	0
SNORD36A_1	0	0	0
SNORD36C_1	0	0	0
SURF1_1	0	0	0
SURF2_1	0	0	0
SURF4_1	0	0	0
STKLD1_1	0	0	0
REXO4_1	0	0	0
ADAMTS13_1	0	0	0
CACFD1_1	0	0	0
SLC2A6_1	0	0	0
LOC102723855_1	0	0	0
HSD17B7P2_1	0	0	0
SEPTIN7P9_1	0	0	0
LOC101929540_1	0	0	0
LINC00999_1	0	0	0
ACTR3BP5_1	0	0	0
LOC102724593_1	0	0	0
SYT15B_1	0	0	0
GPRIN2_1	0	0	0
NPY4R2_1	0	0	0
ANXA8_1	34	0	34
FAM25C_1	0	0	0
AGAP12P_1	0	0	0
LOC124905455	0	0	0
LINC01515_1	0	0	0
KAT6B_1	0	0	0
SNORD172_1	0	0	0
DUSP29_1	0	0	0
ATAD1_1	0	0	0
CFL1P1_1	0	0	0
KLLN_1	0	0	0
MLDHR_1	0	0	0
PTEN_1	33	0	33
LOC124900295_1	0	0	0
PNLIPRP1_1	0	0	0
PNLIPRP2_1	0	0	0
SPMIP5_1	0	0	0
HSPA12A-AS1_1	0	0	0
HSPA12A_1	0	0	0
LOC105378498_1	0	0	0
LOC105378536_1	0	0	0
MUC6_1	5	5	0
LOC124902605_1	0	0	0
LINC02688_1	0	0	0
LOC107987157_1	0	0	0
MUC2_1	0	0	0
MUC5AC_1	0	0	0
TOLLIP_1	0	0	0
TOLLIP-DT_1	0	0	0
LINC02689_1	0	0	0
BRSK2_1	0	0	0
MOB2_1	52	0	52
LOC124902607_1	0	0	0
DUSP8_1	0	0	0
LOC124902608_1	0	0	0
KRTAP5-AS1_1	0	0	0
KRTAP5-1_1	0	0	0
KRTAP5-2_1	0	0	0
KRTAP5-3_1	0	0	0
KRTAP5-4_1	0	0	0
KRTAP5-5_1	0	0	0
FAM99A_1	0	0	0
FAM99B_1	0	0	0
LINC02708_1	0	0	0
SYT8_1	0	0	0
TNNI2_1	0	0	0
LOC107984299_1	0	0	0
LSP1_1	0	0	0
MIR4298_1	0	0	0
MIR7847_1	0	0	0
PRR33_1	0	0	0
TNNT3_1	0	0	0
LINC01150_1	0	0	0
MRPL23_1	0	0	0
SNORD131_1	0	0	0
MRPL23-AS1_1	0	0	0
LINC01219_1	0	0	0
H19_1	0	0	0
MIR675_1	0	0	0
OR51L1_1	0	0	0
OR52J3_1	0	0	0
OR52E2_1	0	0	0
OR52E1_1	0	0	0
OR5P2_1	0	0	0
OR5P3_1	0	0	0
OR5E1P_1	0	0	0
LOC283299_1	0	0	0
LOC107984307_1	0	0	0
OR10A6_1	0	0	0
OR10A3_1	0	0	0
NLRP10_1	0	0	0
SAA1_1	0	0	0
HPS5_1	0	0	0
GTF2H1_1	0	0	0
LOC105376577_1	0	0	0
MIR3159_1	0	0	0
LDHA_1	0	0	0
LDHC_1	0	0	0
PTPMT1_1	0	0	0
KBTBD4_1	0	0	0
NDUFS3_1	0	0	0
FAM180B_1	0	0	0
C1QTNF4_1	0	0	0
MTCH2_1	1	0	1
AGBL2_1	0	0	0
FNBP4_1	0	0	0
NUP160_1	0	0	0
GRM5P1_1	0	0	0
OR4C12_1	0	0	0
OR4C45_1	0	0	0
LOC101060224_1	0	0	0
OR8J2_1	0	0	0
OR5T2_1	0	0	0
OR5T3_1	0	0	0
OR5T1_1	0	0	0
OR8H1_1	0	0	0
OR8K3_1	0	0	0
OR8K1_1	0	0	0
OR8J1_1	0	0	0
OR8U1_1	0	0	0
OR5AL1_1	0	0	0
OR8U3_1	0	0	0
OR5M9_1	0	0	0
OR5M3_1	0	0	0
OR5M8_1	0	0	0
OOSP1_1	0	0	0
OOSP4A_1	0	0	0
OOSP4B_1	0	0	0
OOSP2_1	0	0	0
MS4A3_1	0	0	0
PPFIA1_1	0	0	0
MIR548K_1	0	0	0
LOC107984346_1	0	0	0
LOC105369373_1	0	0	0
CTTN-DT_1	0	0	0
CTTN_1	0	0	0
LOC124905456	0	0	0
RAB38_1	0	0	0
LOC124900309_1	0	0	0
NAALAD2_1	0	0	0
CHORDC1_1	0	0	0
FAT3_1	0	0	0
LOC107984380_1	0	0	0
CASP12_1	0	0	0
CASP4LP_1	0	0	0
CASP4_1	0	0	0
FOXR1_1	0	0	0
CENATAC-DT_1	0	0	0
CENATAC_1	0	0	0
RPL23AP64_1	0	0	0
RPS25_1	0	0	0
TRAPPC4_1	0	0	0
SLC37A4_1	1	0	1
HYOU1_1	0	0	0
HYOU1-AS1_1	0	0	0
VPS11_1	0	0	0
HMBS_1	0	0	0
ERC1_1	0	0	0
LOC124902857_1	0	0	0
MIR3649_1	0	0	0
ADIPOR2_1	0	0	0
CACNA2D4_1	0	0	0
LOC105369602_1	0	0	0
LOC105369601_1	0	0	0
LRTM2_1	0	0	0
LOC124902858_1	0	0	0
LINC00940_1	0	0	0
DCP1B_1	0	0	0
CACNA1C_1	0	0	0
CACNA1C-IT1_1	0	0	0
CACNA1C-IT2_1	0	0	0
LOC107984131_1	0	0	0
CACNA1C-AS4_1	0	0	0
CACNA1C-IT3_1	0	0	0
CACNA1C-AS2_1	0	0	0
CACNA1C-AS1_1	0	0	0
C1R_1	0	0	0
C1RL_1	0	0	0
C1RL-AS1_1	0	0	0
RBP5_1	0	0	0
CLSTN3_1	0	0	0
PEX5_1	0	0	0
BCL2L14_1	0	0	0
MIR1244-4_1	0	0	0
LRP6_1	0	0	0
MANSC1_1	0	0	0
LOH12CR2_1	0	0	0
BORCS5_1	0	0	0
DUSP16_1	2	0	2
ESPL1_1	0	0	0
PFDN5_1	0	0	0
MYG1-AS1	0	0	0
MYG1_1	183	1	182
AAAS_1	0	0	0
SP7_1	0	0	0
LOC112268407	0	0	0
LOC105369878_1	0	0	0
ORAI1_1	173	1	172
MORN3_1	0	0	0
BCL7A_1	0	0	0
LINC02985_1	0	0	0
MLXIP_1	0	0	0
LINC02405_1	0	0	0
LOC105370062_1	2	2	0
EP400P1_1	0	0	0
LOC124905457	0	0	0
DDX51_1	0	0	0
NOC4L_1	0	0	0
LINC02361_1	0	0	0
GALNT9_1	0	0	0
LOC105370091_1	0	0	0
GALNT9-AS1_1	0	0	0
LOC101928416_1	0	0	0
LOC124905463	0	0	0
LOC105379280	32	0	32
LOC124905459	0	0	0
LOC105379491	0	0	0
LOC124905460	28	0	28
LOC124905464	1	1	0
LOC128966556	0	0	0
BAGE5	0	0	0
FAM230C_1	0	0	0
LOC105379278	0	0	0
LINC00411_1	0	0	0
NALCN-AS1_1	0	0	0
MYO16_1	0	0	0
ATP4B_1	0	0	0
GRK1_1	0	0	0
LOC105377805_1	0	0	0
LINC00552_1	0	0	0
C13orf46_1	0	0	0
RASA3_1	0	0	0
RASA3-IT1_1	0	0	0
LOC124903221_1	0	0	0
LOC107987192_1	0	0	0
LOC124905466	0	0	0
LOC124905468	0	0	0
LOC124905469	0	0	0
LOC389831_1	0	0	0
LOC124905471	0	0	0
LOC124905472	0	0	0
OR4N2_1	0	0	0
OR4K3_1	0	0	0
OR4K2_1	0	0	0
LOC124903278_1	0	0	0
OR4K1_1	0	0	0
OR4K5_1	0	0	0
OR4K15_1	0	0	0
OR4Q2_1	0	0	0
OR4K14_1	0	0	0
OR4K13_1	0	0	0
OR4L1_1	0	0	0
OR4K17_1	0	0	0
OR4N5_1	0	0	0
OR11G2_1	0	0	0
OR11H6_1	0	0	0
OR11H7_1	0	0	0
OR11H4_1	0	0	0
TTC5_1	0	0	0
CCNB1IP1_1	0	0	0
SNORA79B_1	0	0	0
SNORD126_1	0	0	0
RPPH1_1	0	0	0
PARP2_1	0	0	0
TEP1_1	0	0	0
KLHL33_1	0	0	0
OSGEP_1	0	0	0
APEX1_1	0	0	0
PIP4P1_1	0	0	0
PNP_1	0	0	0
RNASE10_1	0	0	0
LOC105370410_1	0	0	0
LOC105370409_1	0	0	0
LINC00596_1	0	0	0
LOC105370411_1	0	0	0
DHRS4-AS1_1	0	0	0
DHRS4_1	0	0	0
DHRS4L2_1	10	0	10
DHRS4L1_1	0	0	0
CARMIL3_1	0	0	0
LOC105370412_1	0	0	0
CPNE6_1	0	0	0
NRL_1	0	0	0
PCK2_1	0	0	0
DCAF11_1	0	0	0
FITM1_1	0	0	0
PSME1_1	0	0	0
EMC9_1	0	0	0
PSME2_1	0	0	0
MIR7703_1	0	0	0
RNF31_1	0	0	0
IRF9_1	0	0	0
REC8_1	0	0	0
IPO4_1	0	0	0
TM9SF1_1	0	0	0
TSSK4_1	0	0	0
CHMP4A_1	0	0	0
NEDD8-MDP1_1	0	0	0
MDP1_1	0	0	0
NEDD8_1	0	0	0
GMPR2_1	0	0	0
TINF2_1	0	0	0
TGM1_1	0	0	0
RABGGTA_1	0	0	0
DHRS1_1	0	0	0
NOP9_1	0	0	0
CIDEB_1	0	0	0
LTB4R2_1	0	0	0
LTB4R_1	0	0	0
ADCY4_1	0	0	0
RIPK3_1	0	0	0
NFATC4_1	0	0	0
LOC124903292_1	0	0	0
LINC00871_1	0	0	0
LOC124903309_1	0	0	0
SGPP1_1	0	0	0
OCA2_1	0	0	0
HERC2_1	8	0	8
LOC124905371	0	0	0
GOLGA6L24_1	0	0	0
GOLGA8F_1	0	0	0
MIR4509-2_1	0	0	0
LOC101059997_1	0	0	0
MIR4509-3_1	0	0	0
GOLGA8G_1	0	0	0
GOLGA6L25_1	0	0	0
HERC2P11_1	0	0	0
LOC124903450_1	0	0	0
HERC2P9_1	0	0	0
GOLGA8M_1	0	0	0
LOC107984746_1	0	0	0
WHAMMP2_1	0	0	0
LOC100289656_1	0	0	0
PDCD6IPP2_1	0	0	0
GOLGA6L7_1	0	0	0
APBA2_1	0	0	0
ENTREP2_1	0	0	0
NSMCE3_1	0	0	0
LCIIAR_1	0	0	0
LOC105370743_1	0	0	0
TJP1_1	0	0	0
GOLGA8J_1	0	0	0
ULK4P3_1	0	0	0
LOC124900359_1	0	0	0
GOLGA8T_1	0	0	0
LOC101929922	0	0	0
LOC105370746_1	0	0	0
LOC105370747_1	0	0	0
LINC02249_1	0	0	0
CHRFAM7A_1	0	0	0
LOC105370751_1	0	0	0
LOC124900358_1	0	0	0
ULK4P2_1	0	0	0
DNM1P50_1	0	0	0
GOLGA8Q_1	0	0	0
LOC124903452_1	0	0	0
WHAMMP4_1	2	0	2
LOC105376704_1	0	0	0
GOLGA8R_1	0	0	0
ULK4P1_1	0	0	0
LOC124900357_1	0	0	0
ARHGAP11B-DT_1	0	0	0
GOLGA8H_1	0	0	0
ARHGAP11B_1	0	0	0
LOC100288637_1	0	0	0
LOC101930434_1	0	0	0
LOC124905372	0	0	0
LOC124900565	0	0	0
LOC124903453_1	0	0	0
HERC2P10_1	0	0	0
FAN1_1	0	0	0
MTMR10_1	0	0	0
TRPM1_1	0	0	0
TRPM1-AS1_1	0	0	0
MIR211_1	0	0	0
LOC107984779	0	0	0
LINC02352_1	0	0	0
LOC107984092	0	0	0
LINC03034_1	0	0	0
KLF13_1	0	0	0
LOC105370939_1	0	0	0
OTUD7A_1	0	0	0
LOC124900362_1	0	0	0
LOC124903441_1	0	0	0
CHRNA7_1	0	0	0
LOC102724078_1	0	0	0
LOC101060588	0	0	0
WHAMMP1_1	0	0	0
LINC02256_1	0	0	0
ARHGAP11A-DT_1	0	0	0
GOLGA8N_1	0	0	0
ARHGAP11A_1	0	0	0
ARHGAP11A-SCG5_1	0	0	0
SCG5_1	0	0	0
SCG5-AS1_1	0	0	0
GREM1_1	0	0	0
GREM1-AS1_1	0	0	0
FMN1_1	0	0	0
LOC107984089_1	0	0	0
LOC124903606_1	0	0	0
LOC100507412_1	0	0	0
LOC124905531	0	0	0
LOC124905524	7	0	7
LOC128966565	0	0	0
LOC124905525	0	0	0
LOC124905526	0	0	0
LOC124905527	5	0	5
LOC105379279	0	0	0
LOC124905529	0	0	0
FAM30B_1	0	0	0
LOC105379203_1	0	0	0
LOC124905484	0	0	0
CHEK2P2_1	0	0	0
LOC124903442_1	0	0	0
HERC2P3_1	20	0	20
GOLGA6L6_1	0	0	0
GOLGA8CP_1	0	0	0
LOC124905498	0	0	0
NBEAP1_1	0	0	0
LOC105370714_1	0	0	0
LOC124905495	0	0	0
LOC124905496	0	0	0
LOC124903443_1	0	0	0
MIR3118-2_1	0	0	0
POTEB2_1	0	0	0
MIR5701-1_1	0	0	0
LINC01193_1	0	0	0
OR4M2-OT1_1	0	0	0
LOC124905520	0	0	0
OR4M2_1	0	0	0
OR4N4_1	0	0	0
OR4N3P_1	0	0	0
IGHV1OR15-1_1	0	0	0
LOC642131_1	0	0	0
LOC124905475	0	0	0
MIR1268A_1	0	0	0
LOC124905490	0	0	0
REREP3_1	0	0	0
LOC124905499	22	0	22
LOC124905500	1	0	1
LOC124905491	0	0	0
LOC124905476	0	0	0
LOC124905489	0	0	0
LOC124905488	0	0	0
LOC124900633_1	0	0	0
LOC124905497	0	0	0
LOC646214_1	0	0	0
LOC124905492	0	0	0
LOC124905493	0	0	0
LOC124905494	0	0	0
CXADRP2_1	0	0	0
POTEB3_1	0	0	0
MIR3118-3_1	0	0	0
LOC124900632_1	0	0	0
MIR5701-2_1	0	0	0
LINC02203_1	0	0	0
LOC124903610_1	0	0	0
OR4M2B_1	0	0	0
OR4N4C_1	0	0	0
LOC107987218	0	0	0
LOC102724737_1	0	0	0
LOC102724760_1	0	0	0
IGHV1OR15-3_1	0	0	0
LOC102724971_1	0	0	0
LOC101928039_1	0	0	0
LOC124905501	0	0	0
LOC124905503	0	0	0
LOC124905479	0	0	0
LOC124905504	0	0	0
LOC124905506	0	0	0
LOC124905507	0	0	0
LOC124905508	0	0	0
LOC124905509	0	0	0
FAM30C_1	0	0	0
LOC124905510	0	0	0
LOC124905511	0	0	0
MIR5701-3_1	0	0	0
NF1P2_1	0	0	0
POTEB_1	0	0	0
LOC124905519	0	0	0
MIR3118-4_1	0	0	0
LOC124905513	0	0	0
LOC124905514	0	0	0
LOC124905518	0	0	0
LOC124905517	0	0	0
LOC105370715	0	0	0
LOC124905515	0	0	0
LOC124905516	0	0	0
GOLGA8EP_1	0	0	0
GOLGA6L22_1	0	0	0
HERC2P7_1	0	0	0
HERC2P2_1	223	0	223
LOC101927846_1	0	0	0
GOLGA8IP_1	0	0	0
WHAMMP3_1	7	0	7
LOC283683_1	0	0	0
NIPA1_1	97	0	97
NIPA2_1	30	6	115
CYFIP1_1	12	85	18
TUBGCP5_1	0	0	0
GOLGA6L1_1	0	0	0
GOLGA8DP_1	0	0	0
MIR4509-1_1	0	0	0
LOC124907502	0	0	0
LOC124905482	0	0	0
LOC102723534_1	0	0	0
LOC102723564_1	0	0	0
GOLGA6L26_1	0	0	0
GOLGA8S_1	0	0	0
LOC105370726_1	0	0	0
LOC105370728_1	0	0	0
GOLGA6L2_1	0	0	0
LOC105370729_1	0	0	0
LOC105370730	0	0	0
LOC107984793	0	0	0
MIR4508_1	0	0	0
MKRN3_1	0	0	0
MAGEL2_1	0	0	0
NDN_1	0	0	0
LOC107984787_1	0	0	0
PWRN4_1	0	0	0
LOC105370732_1	0	0	0
PWRN2_1	0	0	0
PWRN1_1	0	0	0
LOC102723749_1	0	0	0
LOC102725165_1	0	0	0
PWRN3_1	0	0	0
GOLGA8J_2	0	0	0
ULK4P3_2	0	0	0
LOC124900566	0	0	0
GOLGA8K_1	0	0	0
LOC112268159_1	0	0	0
LOC105376709_1	0	0	0
LOC107984151	0	0	0
CHRNA7_2	0	0	0
ARHGAP11B_2	1	0	1
ARHGAP11B-DT_2	0	0	0
GOLGA8H_2	0	0	0
ULK4P1_2	0	0	0
LOC124900356_1	0	0	0
GOLGA8O_1	1	0	1
LOC124905406	0	0	0
LOC100653133_1	0	0	0
WHAMMP1_2	2	0	2
LINC02256_2	0	0	0
ARHGAP11A-DT_2	4	0	4
GOLGA8N_2	34	4	30
ARHGAP11A_2	105	1	104
ARHGAP11A-SCG5_2	0	0	0
SCG5_2	0	0	0
SCG5-AS1_2	0	0	0
LOC105370756_1	0	0	0
GREM1_2	0	0	0
GREM1-AS1_2	0	0	0
FMN1_2	0	0	0
SLC12A6_1	0	0	0
NOP10_1	0	0	0
NUTM1_1	0	0	0
LPCAT4_1	9	0	9
GOLGA8A_1	492	0	492
ISLR_1	0	0	0
STRA6_1	0	0	0
CCDC33_1	0	0	0
LOC105370893_1	0	0	0
CYP11A1_1	0	0	0
PPIAP46_1	0	0	0
LINC02255_1	0	0	0
SEMA7A_1	0	0	0
MIR6881_1	0	0	0
UBL7_1	0	0	0
UBL7-DT_1	0	0	0
LOC101929333_1	0	0	0
LOC124900366_1	0	0	0
SH3GL3_1	0	0	0
ADAMTSL3_1	0	0	0
LOC105370935_1	0	0	0
EFL1P1_1	0	0	0
DNM1P41_1	0	0	0
LOC124903544_1	0	0	0
UBE2Q2P16_1	0	0	0
LOC440300_1	0	0	0
GOLGA2P7_1	0	0	0
LOC105376724_1	0	0	0
GOLGA6L4_1	7	0	7
LOC105376722_1	0	0	0
LOC124905605	2	0	2
LOC103171574_1	0	0	0
LOC102724117_1	3	0	3
LOC102724135_1	14	0	14
LOC105370946_1	0	0	0
GOLGA6L5P_1	0	0	0
GOLGA6L3P_1	0	0	0
UBE2Q2P1_1	0	0	0
LINC00933_1	0	0	0
LOC105370947_1	0	0	0
ZSCAN2_1	0	0	0
SCAND2P_1	0	0	0
WDR73_1	0	0	0
NMB_1	0	0	0
FAM138E_1	0	0	0
MIR1302-10_1	0	0	0
WASH3P_1	0	0	0
MIR6859-3_1	1	0	1
DDX11L9_1	0	0	0
LOC102723897	7	0	7
LOC124905473	0	0	0
MSRB1_1	0	0	0
RPL3L_1	0	0	0
NDUFB10_1	0	0	0
RPS2_1	0	0	0
SNORA10_1	0	0	0
SNORA64_1	0	0	0
SNHG9_1	0	0	0
SNORA78_1	0	0	0
RNF151_1	0	0	0
TBL3_1	0	0	0
NOXO1_1	0	0	0
GFER_1	0	0	0
SYNGR3_1	0	0	0
ZNF598_1	92	0	92
NPW_1	0	0	0
PRSS21_1	0	0	0
ZG16B_1	1	0	1
PRSS30P_1	0	0	0
PRSS22_1	0	0	0
LOC101929566_1	0	0	0
XYLT1_1	0	0	0
LOC102723692_1	0	0	0
LOC124903654_1	0	0	0
LOC107987234_1	0	0	0
LDAF1_1	0	0	0
ZP2_1	0	0	0
LOC105371123_1	0	0	0
ANKS4B_1	0	0	0
CRYM_1	0	0	0
LOC105371125_1	0	0	0
ABCA15P_1	0	0	0
SNX29P1_1	0	0	0
NPIPB3_1	24	0	24
LOC100190986_1	0	0	0
SMG1P3_1	7	0	7
LOC124903800_1	0	0	0
MIR3680-2_1	0	0	0
LOC105371132	0	0	0
LOC124900576	0	0	0
LOC105371131_1	0	0	0
NPIPB5_1	0	0	0
SMG1P1_1	0	0	0
LOC124905420	0	0	0
RRN3P3_1	0	1	0
SLC68A2P_1	0	0	0
CDR2-DT_1	0	0	0
CDR2_1	72	0	72
POLR3E_1	2	0	2
TRL-AAG2-4_1	0	0	0
EEF2K_1	51	0	51
TRL-TAG3-1_1	0	0	0
SDR42E2_1	0	0	0
VWA3A_1	0	0	0
LOC105371129_1	0	0	0
MOSMO_1	0	0	0
PDZD9_1	0	0	0
UQCRC2_1	8	0	8
LOC124903801_1	0	0	0
NPIPB4_1	1	0	1
LOC112268174_1	0	0	0
RRN3P1_1	2	0	2
LOC105371126_1	0	0	0
OTOA_1	0	0	0
METTL9_1	0	0	0
IGSF6_1	0	0	0
LOC101927814_1	0	0	0
LOC124900577	0	0	0
SLC7A5P2_1	0	0	0
SMG1P2_1	2	0	2
MIR3680-1_1	0	0	0
SMG1P6_1	0	0	0
LOC124905419	0	0	0
NPIPB11_1	44	0	44
LOC128966723	1	0	1
LOC100505915_1	12	13	0
OTOAP1_1	0	0	0
LOC112268175_1	0	0	0
LINC02890_1	0	0	0
LOC112268374	0	0	0
TNRC6A_1	0	0	0
SLC5A11_1	0	0	0
ARHGAP17_1	0	0	0
HYDIN_1	0	0	0
LOC107987474	0	0	0
CMTR2_1	10	0	13
LOC102723786_1	0	3	0
LOC102725168_1	0	0	0
CALB2_1	0	0	0
LOC105371332_1	0	0	0
ZFP1_1	0	0	0
CTRB2_1	0	0	0
CTRB1_1	0	0	0
LOC100506281_1	2	2	0
BCAR1_1	155	0	155
CMC2_1	0	0	0
CENPN_1	0	0	0
CENPN-AS1_1	0	0	0
ATMIN_1	0	0	0
C16orf46_1	0	0	0
C16orf46-AS1_1	0	0	0
GCSH_1	0	0	0
PKD1L2_1	6	0	6
BCO1_1	0	0	0
LOC105371430_1	0	0	0
LIAT1_1	0	0	0
RFLNB_1	0	0	0
VPS53_1	0	0	0
VPS53-AS1_1	0	0	0
CTDNEP1_1	0	0	0
ELP5_1	0	0	0
CLDN7_1	0	0	0
SLC2A4_1	0	0	0
YBX2_1	0	0	0
EIF5A_1	0	0	0
GPS2_1	0	0	0
NEURL4_1	0	0	0
ACAP1_1	0	0	0
KCTD11_1	0	0	0
TMEM95_1	0	0	0
TNK1_1	0	0	0
TMEM256-PLSCR3_1	0	0	0
PLSCR3_1	0	0	0
TMEM256_1	0	0	0
NLGN2_1	0	0	0
SPEM1_1	0	0	0
SPEM2_1	0	0	0
SPEM3_1	0	0	0
TMEM102_1	0	0	0
FGF11_1	0	0	0
CHRNB1_1	0	0	0
ZBTB4_1	3	0	3
SLC35G6_1	0	0	0
POLR2A_1	13	0	13
LLGL1_1	0	0	0
FLII_1	0	0	0
MIEF2_1	0	0	0
TOP3A_1	0	0	0
SMCR8_1	0	0	0
SHMT1_1	0	0	0
MIR6778_1	0	0	0
LOC124905415	0	0	0
EVPLL_1	0	0	0
LINC02076_1	0	0	0
KRT17P5_1	0	0	0
KRT17P2_1	0	0	0
LOC105371570_1	0	0	0
KRT16P1_1	0	0	0
LOC105371569_1	0	0	0
LGALS9C_1	0	0	0
ADAP2_1	0	0	0
RNF135_1	0	0	0
DPRXP4_1	0	0	0
LOC107984974_1	0	0	0
LOC646030_1	0	0	0
MIR4733HG_1	0	0	0
MIR4733_1	0	0	0
NF1_1	85	0	85
LOC101927057_1	0	0	0
OMG_1	0	0	0
EVI2B_1	0	0	0
EVI2A_1	0	0	0
RAB11FIP4_1	0	0	0
KRTAP2-2_1	0	0	0
KRTAP2-3_1	0	0	0
KRTAP2-4_1	0	0	0
KRTAP4-7_1	0	0	0
KRTAP4-8_1	0	0	0
KRTAP4-16_1	0	0	0
KRTAP4-9_1	0	0	0
KRTAP4-11_1	0	0	0
KRTAP4-12_1	0	0	0
KRTAP4-6_1	0	0	0
KRTAP4-5_1	0	0	0
KRTAP4-4_1	0	0	0
KRTAP4-3_1	0	0	0
KRTAP4-2_1	0	0	0
KRTAP4-1_1	0	0	0
KRTAP9-1_1	0	0	0
KRTAP9-2_1	0	0	0
KRTAP9-3_1	0	0	0
KRTAP9-8_1	0	0	0
KRTAP9-4_1	0	0	0
KRTAP9-9_1	0	0	0
KRTAP9-7_1	0	0	0
KRTAP29-1_1	0	0	0
KRTAP16-1_1	0	0	0
KRTAP17-1_1	0	0	0
KRT33A_1	0	0	0
LOC105371778_1	0	0	0
KRT33B_1	0	0	0
KRT34_1	0	0	0
KRT31_1	0	0	0
LOC100505782_1	0	0	0
KRT37_1	0	0	0
LINC01982_1	0	0	0
GPRC5C_1	0	0	0
CD300A_1	0	0	0
LOC107985074_1	0	0	0
CD300LB_1	0	0	0
CD300C_1	0	0	0
CD300H_1	0	0	0
CD300LD_1	0	0	0
CD300LD-AS1_1	0	0	0
LOC124905606	0	0	0
TBC1D16_1	0	0	0
CCDC40_1	2	0	2
LOC124904074_1	0	0	0
MIR1268B_1	0	0	0
GAA_1	0	0	0
EIF4A3_1	0	0	0
CARD14_1	0	0	0
LOC124905607	1	0	1
SGSH_1	0	0	0
RENO1_1	0	0	0
LINC03048_1	0	0	0
BAHCC1_1	35	0	63
MIR4740_1	0	0	0
MIR3186_1	5	5	0
LOC105371926	0	28	0
LINC01971_1	0	0	0
ACTG1_1	0	0	0
FSCN2_1	0	0	0
LOC105376789_1	0	0	0
GCGR_1	0	0	0
MCRIP1_1	0	0	0
PPP1R27_1	0	0	0
LOC101930496_1	0	0	0
LOC101929650_1	0	0	0
LOC105371948_1	0	0	0
LOC100505909_1	0	0	0
RPL23AP87_1	0	0	0
LOC105371959_1	0	0	0
LOC124905450	1	0	1
CTAGE1_1	0	0	0
LOC124904260_1	0	0	0
LOC124904265_1	0	0	0
SLC14A2-AS1_1	0	0	0
LOC112268408	0	0	0
CTIF_1	0	0	0
MIR4743_1	0	0	0
LOC105372107_1	0	0	0
LOC107985147_1	0	0	0
LOC105372106_1	0	0	0
CTIF-AS1_1	0	0	0
LOC124904355_1	0	0	0
LOC107985185	0	0	0
LOC105376872_1	0	0	0
GARRE1_1	0	0	0
GPI_1	506	1	505
PDCD2L_1	0	0	0
UBA2_1	0	0	0
WTIP_1	0	0	0
ZNF807P_1	0	0	0
LOC124905609	0	0	0
NRTN_1	0	0	0
FUT6_1	0	0	0
FUT3_1	0	0	0
LOC101928844_1	0	0	0
FUT5_1	0	0	0
NDUFA11_1	0	0	0
VMAC_1	0	0	0
CAPS_1	0	0	0
ZNF558_1	0	0	0
MBD3L1_1	0	0	0
MUC16_1	618	0	618
ZSWIM4_1	0	0	0
LOC107985334_1	0	0	0
MIR23AHG_1	0	0	0
MIR24-2_1	0	0	0
MIR27A_1	0	0	0
MIR23A_1	0	0	0
NANOS3_1	0	0	0
MIR181C_1	0	0	0
MIR181D_1	0	0	0
BRME1_1	0	0	0
CC2D1A_1	0	0	0
PODNL1_1	0	0	0
DCAF15_1	0	0	0
RFX1_1	0	0	0
RLN3_1	0	0	0
IL27RA_1	0	0	0
PALM3_1	0	0	0
MISP3_1	0	0	0
MIR1199_1	0	0	0
C19orf67_1	0	0	0
SAMD1_1	71	1	70
PRKACA_1	0	0	0
SMIM46_1	0	0	0
ASF1B_1	0	0	0
ADGRL1-AS1_1	0	0	0
ADGRL1_1	0	0	0
MAP4K1_1	0	0	0
MAP4K1-AS1_1	0	0	0
EIF3K_1	0	0	0
ACTN4_1	0	0	0
LOC107985291_1	0	0	0
CAPN12_1	0	0	0
LOC124904711_1	0	0	0
LGALS7_1	0	0	0
LGALS7B_1	0	0	0
LGALS4_1	0	0	0
ECH1_1	0	0	0
LOC124904712_1	0	0	0
HNRNPL_1	4	0	4
RINL_1	0	0	0
SIRT2_1	0	0	0
NFKBIB_1	0	0	0
CCER2_1	1	0	1
SARS2_1	0	0	0
MRPS12_1	0	0	0
FBXO17_1	0	0	0
LOC124904717_1	0	0	0
IFNL3_1	0	0	0
IFNL4_1	0	0	0
IFNL2_1	0	0	0
IFNL1_1	0	0	0
LRFN1_1	0	0	0
GMFG_1	0	0	0
SAMD4B_1	0	0	0
LEUTX_1	0	0	0
DYRK1B_1	0	0	0
MIR6719_1	0	0	0
FBL_1	0	0	0
FCGBP_1	0	0	0
LOC124904720_1	0	0	0
PSMC4_1	0	0	0
ZNF546_1	0	0	0
ZNF780B_1	0	0	0
ZNF780A_1	0	0	0
LILRP2_1	0	0	0
KIR3DL3_1	0	0	0
KIR2DL3_1	0	0	0
LOC101928804_1	0	0	0
KIR2DL1_1	0	0	0
KIR2DL4_1	0	0	0
KIR3DL1_1	0	0	0
KIR2DS4_1	0	0	0
KIR3DL2_1	0	0	0
LILRP2_2	0	0	0
KIR3DL3_2	0	0	0
KIR2DL3_2	0	0	0
LOC101928804_2	0	0	0
KIR2DL1_2	0	0	0
KIR2DL4_2	0	0	0
KIR3DL1_2	0	0	0
KIR2DS4_2	0	0	0
KIR3DL2_2	0	0	0
LILRP2_3	0	0	0
KIR3DL3_3	0	0	0
KIR2DL3_3	0	0	0
LOC101928804_3	0	0	0
KIR2DL1_3	0	0	0
KIR2DL4_3	0	0	0
KIR3DL1_3	0	0	0
KIR2DS4_3	0	0	0
KIR3DL2_3	0	0	0
LILRP2_4	0	0	0
KIR3DL3_4	0	0	0
KIR2DL3_4	0	0	0
LOC101928804_4	0	0	0
KIR2DL1_4	0	0	0
LOC112268354	0	0	0
LOC112268355	0	0	0
KIR2DL5B	0	0	0
KIR2DS3	0	0	0
LOC112267881	0	0	0
LOC124900568	0	0	0
KIR3DS1	0	0	0
LOC124900569	0	0	0
KIR2DS5	0	0	0
KIR2DS1	0	0	0
KIR3DL2_4	0	0	0
LILRP2_5	0	0	0
KIR3DL3_5	0	0	0
KIR2DL3_5	0	0	0
LOC101928804_5	0	0	0
KIR2DL1_5	0	0	0
KIR2DL4_4	0	0	0
KIR2DL5A	0	0	0
LOC128966550	0	0	0
KIR2DS1_1	0	0	0
KIR3DL2_5	0	0	0
FCAR_1	0	0	0
NCR1_1	0	0	0
LILRP2_6	0	0	0
KIR3DL3_6	0	0	0
KIR2DL3_6	0	0	0
LOC101928804_6	0	0	0
KIR2DL1_6	0	0	0
KIR2DL4_5	0	0	0
KIR3DL1_4	0	0	0
KIR2DS4_4	0	0	0
KIR3DL2_6	0	0	0
LILRP2_7	0	0	0
KIR3DL3_7	0	0	0
LOC124900570	0	0	0
LOC101928804_7	0	0	0
KIR2DL1_7	0	0	0
KIR2DL4_6	0	0	0
KIR3DL1_5	0	0	0
KIR2DS4_5	0	0	0
KIR3DL2_7	0	0	0
LILRP2_8	0	0	0
KIR3DL3_8	0	0	0
KIR2DL3_7	0	0	0
LOC101928804_8	0	0	0
KIR2DL1_8	0	0	0
KIR2DL4_7	0	0	0
KIR3DL1_6	0	0	0
KIR2DS4_6	0	0	0
KIR3DL2_8	0	0	0
LILRP2_9	0	0	0
KIR3DL3_9	0	0	0
KIR2DL3_8	0	0	0
LOC101928804_9	0	0	0
LOC124900571	0	0	0
KIR3DL2_9	0	0	0
LILRP2_10	0	0	0
KIR3DL3_10	0	0	0
KIR2DL3_9	0	0	0
LOC101928804_10	0	0	0
KIR2DL1_9	0	0	0
KIR2DL4_8	0	0	0
KIR3DL1_7	0	0	0
KIR2DS4_7	0	0	0
KIR3DL2_10	0	0	0
LILRP2_11	0	0	0
LOC124900573	0	0	0
KIR2DL2	0	0	0
LOC101928804_11	0	0	0
KIR2DL4_9	0	0	0
LOC124900572	0	0	0
LOC102725023	0	0	0
KIR2DS1_2	0	0	0
KIR3DL2_11	0	0	0
LILRP2_12	0	0	0
KIR3DL3_11	0	0	0
KIR2DL3_10	0	0	0
LOC101928804_12	0	0	0
LOC112268362	0	0	0
LOC124900630	0	0	0
LILRP2_13	0	0	0
KIR3DL3_12	0	0	0
KIR2DL3_11	0	0	0
LOC101928804_13	0	0	0
LOC128966555	0	0	0
KIR2DL4_10	0	0	0
KIR3DL1_8	0	0	0
KIR2DS4_8	0	0	0
KIR3DL2_12	0	0	0
LILRP2_14	0	0	0
KIR3DL3_13	0	0	0
LOC128966722	0	0	0
KIR2DL4_11	0	0	0
KIR3DL1_9	0	0	0
KIR2DS4_9	0	0	0
KIR3DL2_13	0	0	0
NCR1_2	0	0	0
FCAR_2	0	0	0
KIR3DL2_14	0	0	0
KIR2DS1_3	0	0	0
LOC128966554	0	0	0
LOC124900574	0	0	0
KIR2DS2	0	0	0
KIR3DL3_14	0	0	0
NDUFAF5_1	0	0	0
SEL1L2_1	0	0	0
MACROD2_1	0	0	0
MROH8_1	0	0	0
RPN2_1	0	0	0
GHRH_1	0	0	0
MANBAL_1	0	0	0
LOC105372606_1	0	0	0
SRC_1	0	0	0
LOC124905537	0	0	0
LOC124905534	0	0	0
LOC102723360_1	10	0	10
LOC124905538	0	0	0
LOC124905532	0	0	0
LOC124905533	0	0	0
MIR6724-3_1	0	0	0
RNA45SN3_1	0	0	0
RNA18SN3_1	0	0	0
RNA5-8SN3_1	0	0	0
RNA28SN3_1	0	0	0
CDC27P10_1	0	0	0
MIR6724-4_1	0	0	0
RNA45SN1_1	0	0	0
MIR10396B_1	0	0	0
RNA18SN1_1	0	0	0
RNA5-8SN1_1	0	0	0
RNA28SN1_1	0	0	0
LOC105379507	0	0	0
LOC124905004_1	0	0	0
LTN1_1	0	0	0
LOC105372766_1	0	0	0
RWDD2B_1	0	0	0
LOC124905005_1	0	0	0
USP16_1	0	0	0
CCT8_1	0	0	0
MAP3K7CL_1	0	0	0
LOC105372767_1	0	0	0
LOC124905065_1	0	0	0
LINC00189_1	0	0	0
PCP4_1	0	0	0
DSCAM_1	0	0	0
MIR4760_1	0	0	0
DSCAM-AS1_1	0	0	0
LOC105369294_1	0	0	0
LOC124900473_1	0	0	0
DSCAM-IT1_1	0	0	0
BNAT1_1	0	0	0
COL18A1_1	0	0	0
COL18A1-AS2_1	0	0	0
COL18A1-AS1_1	0	0	0
LOC124905042_1	0	0	0
MIR6815_1	0	0	0
SLC19A1_1	0	0	0
LOC124905540	0	0	0
LOC124905539	0	0	0
LOC124905542	9	0	9
LOC124905543	0	0	0
LOC124905544	0	0	0
LOC124905545	2	0	2
LOC124905548	0	0	0
LOC124905547	0	0	0
LOC124905169_1	0	0	0
NDUFA6_1	86	0	86
NDUFA6-DT_1	0	0	0
CYP2D7_1	3	0	3
TCF20_1	0	0	0
LOC124900628	4	0	4
CYP2D7_2	0	0	0
TCF20_2	0	0	0
NDUFA6-DT_2	0	0	0
CYP2D6_1	0	0	0
LOC107987479	0	0	0
LOC107987478	0	0	0
LOC112268342	0	0	0
CYP2D7_3	0	0	0
TCF20_3	0	0	0
NDUFA6-DT_3	0	0	0
CYP2D6_2	0	0	0
LOC101929829	0	0	0
LOC107987464	0	0	0
CYP2D7_4	0	0	0
TCF20_4	0	0	0
NDUFA6-DT_4	0	0	0
CYP2D6_3	0	0	0
LOC102723722	1	0	1
CYP2D7_5	1	0	1
TCF20_5	0	0	0
SHANK3_1	8	0	8
LOC105373100_1	0	0	0
ACR_1	0	0	0
TIMM17B_1	0	0	0
PQBP1_1	0	0	0
SLC35A2_1	0	0	0
PIM2_1	0	0	0
OTUD5_1	0	0	0
KCND1_1	0	0	0
GRIPAP1_1	0	0	0
TFE3_1	0	0	0
CCDC120_1	46	0	46
PRAF2_1	0	0	0
WDR45_1	0	0	0
GPKOW_1	0	0	0
LOC105373195_1	0	0	0
MAGIX_1	0	0	0
CCNB3_1	0	0	0
TCEAL2_1	0	0	0
TCEAL6_1	0	0	0
LOC105373299_1	0	0	0
BEX5_1	0	0	0
STEEP1_1	0	0	0
UBE2A_1	0	0	0
NKRF_1	25	0	25
SEPTIN6_1	0	0	0
MIR766_1	0	0	0
MCTS1_1	0	0	0
C1GALT1C1_1	0	0	0
CT47B1_1	0	0	0
CT47A11_1	0	0	0
CT47A5_1	0	0	0
CT47A4_1	0	0	0
CT47A3_1	0	0	0
CT47A2_1	0	0	0
CT47A1_1	0	0	0
GLUD2_1	0	0	0
SPANXN2_1	0	0	0
UBE2NL_1	0	0	0
MIR105-1_1	0	0	0
MIR767_1	0	0	0
MIR105-2_1	0	0	0
LOC124905610	0	0	0
GABRQ_1	0	0	0
MAGEA6_1	369	0	369
CSAG3_1	0	0	0
MAGEA2_1	0	0	0
CSAG4_1	10	0	10
MAGEA12_1	11	0	11
CSAG1_1	531	1	530
MAGEA2B_1	2	2	0
CSAG2_1	0	0	0
MAGEA3_1	10	1	9
LOC124905611	0	0	0
CETN2_1	0	0	0
NSDHL_1	0	0	0
ZNF185_1	0	0	0
LOC105373372_1	0	0	0
PNMA5_1	0	0	0
LOC105379264_1	0	0	0
LOC105379265_1	0	0	0
LOC105379266_1	0	0	0
LOC105379267_1	0	0	0
RBMY1A3P_1	0	0	0
TTTY20_1	0	0	0
TSPY4_1	0	0	0
FAM197Y8_1	0	0	0
TSPY8_1	0	0	0
FAM197Y7_1	0	0	0
FAM197Y6_1	0	0	0
TSPY3_1	0	0	0
LOC124905645	0	0	0
LOC124909293	0	0	0
LOC124905646	0	0	0
TSPY2_1	0	0	0
LOC124905637	0	0	0
LOC124905624	0	0	0
LOC124905634	0	0	0
LOC124905626	0	0	0
FAM197Y9_1	0	0	0
LOC124905625	0	0	0
LOC124905639	0	0	0
LOC124908978	0	0	0
LOC124905638	0	0	0
LOC124905628	0	0	0
LOC124905649	0	0	0
LOC124905613	0	0	0
LOC124905640	0	0	0
LOC124905629	0	0	0
LOC124905635	0	0	0
LOC124905622	0	0	0
LOC124905644	0	0	0
LOC124905614	0	0	0
LOC124905647	0	0	0
TSPY9_1	0	0	0
LOC124905633	0	0	0
LOC124905618	0	0	0
LOC124905642	0	0	0
LOC128966655	0	0	0
LOC124905650	0	0	0
LOC128966595	0	0	0
LOC124905641	0	0	0
LOC124905627	0	0	0
LOC124905636	0	0	0
LOC124905619	0	0	0
LOC124905631	0	0	0
LOC124908980	0	0	0
LOC124905643	0	0	0
LOC124909294	0	0	0
LOC124905648	0	0	0
LOC124905623	0	0	0
FAM197Y5_1	0	0	0
TSPY1_1	0	0	0
FAM197Y4_1	0	0	0
LOC124909015	0	0	0
FAM197Y3_1	0	0	0
FAM197Y2_1	0	0	0
TSPY10_1	0	0	0
RBMY3AP_1	0	0	0
TTTY13_1	0	0	0
LOC105369226	0	0	0
PLCH2_1	0	0	0
PANK4_1	0	0	0
HES5_1	0	0	0
TNFRSF14-AS1_1	0	0	0
TNFRSF14_1	0	0	0
LOC100996583_1	0	0	0
PRXL2B_1	0	0	0
MMEL1_1	0	0	0
MMEL1-AS1_1	0	0	0
TTC34_1	0	0	0
LOC105378602_1	0	0	0
LOC105378601_1	0	0	0
LOC112268220_1	0	0	0
LOC107985732_1	0	0	0
LOC105378600_1	0	0	0
LOC105378598_1	0	0	0
LOC107984904_1	0	0	0
LOC105378599_1	0	0	0
PRAMEF34P_3	0	0	0
HNRNPCL2_3	0	0	0
PRAMEF36P_3	0	0	0
PRAMEF26_3	0	0	0
PRAMEF9_3	0	0	0
HNRNPCL4_3	0	0	0
PRAMEF13_2	0	0	0
PRAMEF18_3	0	0	0
PRAMEF5_3	0	0	0
PRAMEF8_3	0	0	0
PRAMEF33_3	0	0	0
LOC107987405	0	0	0
RNVU1-26_1	0	0	0
RNVU1-2A_1	0	0	0
LOC105379574_1	0	0	0
RNVU1-28_2	0	0	0
TRN-GTT2-8_1	0	0	0
PPIAL4F_1	0	0	0
LINC01632_1	0	0	0
LOC105371215_1	0	0	0
KMT2CP1_1	0	0	0
INTS3_1	0	0	0
LOC124904820_1	0	0	0
SLC27A3_1	0	0	0
LOC124904426_1	0	0	0
LOC343052_1	0	0	0
LOC124904425_1	0	0	0
GATAD2B_1	0	0	0
MTX1_1	2	1	1
GBA1LP_1	4	0	4
GBA1_1	0	0	0
ENTREP3_1	0	0	0
SCAMP3_1	0	0	0
CLK2_1	0	0	0
HCN3_1	0	0	0
PKLR_1	0	0	0
LOC105371677_1	0	0	0
ATP6V1G3_1	0	0	0
PTPRC_1	0	0	0
PTPRC-AS1_1	0	0	0
LOC100132287_1	0	0	0
LINC01347_1	0	0	0
LOC124904568_1	0	0	0
CEP170_1	0	0	0
SDCCAG8_1	0	0	0
MIR4677_1	0	0	0
AKT3_1	0	0	0
AKT3-IT1_1	0	0	0
KIF26B_1	0	0	0
LOC105373265_1	0	0	0
OR2T4_2	0	0	0
OR2T6_2	0	0	0
OR2T1_2	0	0	0
OR2T7_2	0	0	0
OR2T2_2	0	0	0
LOC105373279_2	0	0	0
OR2T3_2	0	0	0
OR2T5_2	0	0	0
OR2G6_2	0	0	0
LINC01115_1	0	0	0
SNTG2_1	0	0	0
SNTG2_2	0	0	0
TPO_1	0	0	0
LALTOP_1	0	0	0
TRAPPC12_1	0	0	0
TRAPPC12-AS1_1	0	0	0
LOC112268321_1	0	0	0
ADI1_1	0	0	0
CRIM1_1	0	0	0
CRIM1-DT_1	0	0	0
LOC102724983	60	0	60
LINC03124_1	0	0	0
CDRT15P3_1	0	0	0
KIF5C_1	0	0	0
NOSTRIN_1	0	1	0
SPC25_1	26	0	27
G6PC2_1	0	0	0
ABCB11_1	0	0	0
GAL3ST2_1	0	0	0
LOC124905349_1	0	0	0
NEU4_1	0	0	0
LOC124905350_1	0	0	0
PDCD1_1	0	0	0
LOC105373977_1	0	0	0
RTP5_1	0	0	0
LOC105373978_1	0	0	0
LINC01237_1	0	0	0
FAM240C_1	0	0	0
LINC01237_2	0	0	0
LINC01238_1	0	0	0
LOC285097_1	0	0	0
LOC105373980_1	0	0	0
LINC01880_1	0	0	0
LINC03100_1	0	0	0
LINC01881_1	0	0	0
TAMM41_1	0	0	0
LOC101927829_1	0	0	0
LOC105379578	0	0	0
LOC105374312_1	0	0	0
MIR548I1_1	0	0	0
LOC124905353	0	0	0
LINC02614_1	0	0	0
LOC105374157_1	0	0	0
LINC02066_1	0	0	0
AADACL2_1	0	0	0
AADACL2-AS1_1	0	0	0
DHX36_1	0	0	0
ARHGEF26_1	0	0	0
LOC105374167_1	0	0	0
LOC107987407	0	0	0
LINC01839_1	0	0	0
LINC02054_1	0	0	0
LOC124905351	0	0	0
LOC105374297_1	0	0	0
SDHAP2_1	0	0	0
MIR570HG_1	0	0	0
MIR570_1	0	0	0
MUC20_1	0	0	0
MUC4_1	0	0	0
LOC124905352_1	0	0	0
BDH1_1	0	0	0
LINC02012_1	0	0	0
LOC105374309_1	0	0	0
LOC105379576	0	0	0
LOC105374308_1	0	0	0
FAM157A_1	0	0	0
LOC124905354_1	0	0	0
ANKRD18DP_1	0	0	0
KCNIP4_1	0	0	0
LOC105374516_1	0	0	0
LOC107986270_1	0	0	0
LOC107986271_1	0	0	0
LOC105378262_1	0	0	0
YTHDC1_1	0	0	0
TMPRSS11E_1	0	0	0
UGT2B15_1	0	0	0
UGT2B10_1	0	0	0
LOC124900853_1	0	0	0
UGT2A3_1	0	0	0
LOC101929773	0	0	0
MAD2L1-DT_1	0	0	0
ASIC5_1	0	0	0
LOC105377507_1	0	0	0
TDO2_1	0	0	0
CTSO_1	0	0	0
LOC105379580	0	0	0
LOC105377608_1	0	0	0
LOC105377609_1	0	0	0
LINC01060_1	0	0	0
LOC105377616_1	0	0	0
FRG1-DT_3	0	0	0
LOC105377619_1	0	0	0
LINC01596_1	0	0	0
CEP72_1	0	0	0
CEP72-DT_1	0	0	0
LOC105374608_1	0	0	0
LOC105374607_1	0	0	0
LOC105374606_1	0	0	0
MIR4456_1	0	0	0
SLC9A3_1	0	0	0
LINC02982_1	0	0	0
NKD2_1	0	0	0
SLC12A7_1	45	0	45
MIR4635_1	0	0	0
LOC107986396_1	0	0	0
LPCAT1_1	1	0	1
SLC6A3_1	0	0	0
LINC01511_1	0	0	0
CLPTM1L_1	38	0	38
LOC105374657_1	0	0	0
LOC101929645_1	0	0	0
LOC105374699_1	0	0	0
LINC02109_1	0	0	0
ADAMTS12_1	0	0	0
RXFP3_1	0	0	0
SLC45A2_1	0	0	0
KGD4_1	3	0	3
CDK7_1	1	0	1
CCDC125_1	16	0	16
AK6_2	0	0	0
TAF9_2	0	0	0
RAD17_2	0	0	0
MARVELD2_2	0	0	0
LOC101928924_2	0	0	0
OCLN_2	4	0	4
SNORD13B-1_2	0	0	0
GTF2H2C_2	0	0	0
NAIP_2	0	0	0
LOC112267942_1	0	0	0
SMN1_2	0	0	0
SMN1-AS1_1	0	0	0
SERF1A_2	0	0	0
LOC128966712	0	0	0
LOC112268327	0	0	0
GUSBP14_1	0	0	0
LOC101929599_2	0	0	0
GUSBP3_2	0	0	0
GUSBP1_2	0	0	0
LOC107987419	0	0	0
LOC107986355_1	0	0	0
GUSBP16_2	0	0	0
GUSBP19_2	0	0	0
GTF2H2C_2_1	0	0	0
OCLNP1_1	0	0	0
SNORD13B-2_1	0	0	0
LINC02197_2	0	0	0
LOC105379025_2	0	0	0
PMCHL2_1	0	0	0
LOC107987420_2	0	0	0
BDP1_2	0	0	0
LOC124900999_2	0	0	0
MCCC2_2	0	0	0
LOC105379085_1	0	0	0
LOC101927421_1	0	0	0
LOC105377697_1	0	0	0
LOC105377753_1	0	0	0
LOC728554_1	0	0	0
LOC100128340_1	1	0	1
PROP1_1	0	0	0
TRV-AAC6-1_1	0	0	0
TRR-CCG1-1_1	0	0	0
TRK-TTT7-1_1	0	0	0
TRA-TGC6-1_1	0	0	0
TRF-GAA6-1_1	0	0	0
TRF-GAA5-1_1	0	0	0
TRA-TGC1-1_1	0	0	0
TRF-GAA1-1_1	0	0	0
TRA-AGC1-1_1	0	0	0
TRA-TGC7-1_1	0	0	0
TRF-GAA3-1_1	0	0	0
TRA-AGC6-1_1	0	0	0
TRA-TGC5-1_1	0	0	0
TRF-GAA4-1_1	0	0	0
TRA-AGC2-1_1	0	0	0
LINC01623_1	0	0	0
TRA-AGC2-2_1	0	0	0
TRR-CCG1-2_1	0	0	0
TRL-CAA1-1_1	0	0	0
HCG14_1	0	0	0
TRIM27_1	0	0	0
TRF-GAA1-2_1	0	0	0
TRE-CTC1-6_1	0	0	0
HCG15_1	0	0	0
TRL-AAG3-1_1	0	0	0
ZNF311_1	0	0	0
LOC105375002_1	0	0	0
OR2W1_1	0	0	0
OR2B3_1	0	0	0
OR2J1_1	0	0	0
OR2J3_1	0	0	0
OR2J2_1	0	0	0
LINC03003_1	0	0	0
OR14J1_1	0	0	0
OR11A1_1	0	0	0
OR10C1_1	0	0	0
LOC105379641_1	0	0	0
OR2H1_1	0	0	0
LOC105375008_1	0	0	0
LOC124905338	0	0	0
MAS1L_1	0	0	0
LINC02829_1	0	0	0
LINC01015_1	0	0	0
OR2I1_1	0	0	0
UBD_1	0	0	0
SNORD32B_1	0	0	0
OR2H2_1	0	0	0
GABBR1_1	0	0	0
MOG_1	0	0	0
ZFP57_1	0	0	0
HCG4_1	0	0	0
HLA-V_1	0	0	0
HLA-G_1	0	0	0
LOC105375010_1	0	0	0
HCP5B_1	0	0	0
LOC124905339	0	0	0
HLA-H_1	0	0	0
LOC124905340	0	0	0
HCG4B_1	0	0	0
LOC124901298_1	0	0	0
HLA-A_1	0	0	0
POLR1HASP_1	0	0	0
HLA-J_1	0	0	0
POLR1H_1	0	0	0
PPP1R11_1	0	0	0
RNF39_1	0	0	0
TRIM31_1	0	0	0
TRIM31-AS1_1	0	0	0
LOC124900227_1	0	0	0
TRIM40_1	0	0	0
TRIM10_1	0	0	0
TRIM15_1	0	0	0
TRIM26_1	0	0	0
HCG17_1	0	0	0
HCG18_1	0	0	0
TRIM39_1	0	0	0
TRIM39-RPP21_1	0	0	0
RPP21_1	0	0	0
LINC02569_1	0	0	0
GNL1_1	0	0	0
DHX16_1	0	0	0
PPP1R18_1	0	0	0
NRM_1	0	0	0
MDC1_1	0	0	0
MDC1-AS1_1	0	0	0
TUBB_1	0	0	0
FLOT1_1	3	1	2
DDR1_1	0	0	0
MUC21_1	0	0	0
MUC22_1	0	0	0
HCG22_1	0	0	0
MICB-DT_1	0	0	0
MICB_1	0	0	0
MCCD1_1	0	0	0
ATP6V1G2-DDX39B_1	0	0	0
DDX39B_1	0	0	0
SNORD117_1	0	0	0
TNF_1	0	0	0
LTB_1	0	0	0
LST1_1	0	0	0
NCR3_1	0	0	0
MSH5-SAPCD1_1	0	0	0
MSH5_1	0	0	0
SAPCD1_1	0	0	0
SAPCD1-AS1_1	0	0	0
VWA7_1	0	0	0
VARS1_1	0	0	0
LSM2_1	0	0	0
HSPA1L_1	0	0	0
HSPA1A_1	0	0	0
HSPA1B_1	0	0	0
SNHG32_1	0	0	0
SNORD48_1	0	0	0
SNORD52_1	0	0	0
NEU1_1	0	0	0
SLC44A4_1	0	0	0
EHMT2-AS1_1	0	0	0
EHMT2_1	0	0	0
TNXB_1	0	0	0
PRRT1_1	0	0	0
LOC100507547_1	0	0	0
PPT2_1	0	0	0
PPT2-EGFL8_1	0	0	0
EGFL8_1	0	0	0
AGPAT1_1	0	0	0
MIR6721_1	0	0	0
RNF5_1	0	0	0
MIR6833_1	0	0	0
AGER_1	0	0	0
PBX2_1	0	0	0
GPSM3_1	0	0	0
NOTCH4_1	0	0	0
TSBP1_1	0	0	0
TSBP1-AS1_1	0	0	0
HCG23_1	0	0	0
BTNL2_1	0	0	0
HLA-DRB3	0	0	0
LOC102725019_1	0	0	0
HLA-DQA2_1	0	0	0
MIR3135B_1	0	0	0
HLA-DQB2_1	0	0	0
HLA-DOB_1	0	0	0
TAP2_1	0	0	0
PSMB8_1	0	0	0
PSMB8-AS1_1	0	0	0
TAP1_1	0	0	0
PSMB9_1	0	0	0
LOC100294145_1	0	0	0
HLA-DMB_1	0	0	0
HLA-DMA_1	0	0	0
LOC124901302_1	0	0	0
HLA-DPA1_1	0	0	0
HLA-DPB1_1	0	0	0
HLA-DPB2_1	0	0	0
LOC105375021_1	0	0	0
SLC25A51P1_1	0	0	0
LOC105377867_1	0	0	0
LOC100506851_1	0	0	0
LINC02536_1	0	0	0
LOC124901400_1	0	0	0
THEMIS_1	0	0	0
PTPRK_1	0	0	0
PTPRK-AS1_1	0	0	0
LOC124900216_1	0	0	0
LOC101929297_1	0	0	0
LOC107986668_1	0	0	0
LOC105378118_1	0	0	0
LOC105378144_1	0	0	0
LOC105378146_1	0	0	0
DYNLT2_1	0	0	0
ERMARD_1	0	0	0
LINC00242_1	0	0	0
LINC00574_1	0	0	0
LOC105378149_1	0	0	0
LINC01624_1	0	0	0
LOC285804_1	0	0	0
DLL1_1	0	0	0
FAM120B_1	2	0	2
MIR4644_1	0	0	0
LOC124901474_1	2	2	0
LOC124901475_1	0	0	0
LOC107986676_1	0	0	0
LOC124901235_1	0	0	0
LOC105378157_1	0	0	0
LOC105375113_2	0	0	0
LOC101929756_2	0	0	0
LINC03015_2	3	0	3
LINC03014_2	0	0	0
LOC105375116_2	0	0	0
LOC105375115_2	0	0	0
FAM20C_2	0	0	0
DTX2_1	2	0	2
UPK3B_1	46	3	43
SPDYE16_1	1	1	0
LINC03009_1	0	0	0
POMZP3_1	0	0	0
DPY19L2P2_1	0	0	0
LOC105375434_1	0	0	0
NAPEPLD_1	0	0	0
RPL19P12_1	0	0	0
ARMC10_1	0	0	0
AGK_1	0	0	0
DENND11_1	0	0	0
WEE2-AS1_1	0	0	0
WEE2_1	0	0	0
SSBP1_1	0	0	0
MGAM_1	0	0	0
MGAM2_1	0	0	0
MOXD2P_1	0	0	0
PRSS58_1	0	0	0
PRSS59P_1	0	0	0
LOC105375539_1	0	0	0
MIR11400_1	0	0	0
LOC105379749	1	1	0
PRSS1_1	0	0	0
PRSS3P2	0	0	0
PRSS2_1	0	0	0
LOC124905356	0	0	0
EPHB6_1	0	0	0
TRPV6_1	0	0	0
TRPV5_1	0	0	0
LOC105375542_1	0	0	0
LLCFC1_1	0	0	0
KEL_1	0	0	0
OR9A2_1	0	0	0
OR6V1_1	0	0	0
OR6W1P_1	0	0	0
CNTNAP2_1	0	0	0
LOC124901859_1	0	0	0
LOC107986864	0	0	0
LOC105379583	0	0	0
ERICH1_1	1	0	1
DLGAP2_1	0	0	0
LOC401442_1	0	0	0
LOC105377777_1	0	0	0
DLGAP2_2	0	0	0
LOC124900249_1	0	0	0
LOC286083_1	0	0	0
LOC105377776	0	0	0
LOC105379585_1	0	0	0
LOC105377775_1	0	0	0
LOC105379586_1	0	0	0
DLGAP2_3	0	0	0
DLGAP2-AS1_1	0	0	0
MIR596_1	0	0	0
ARHGEF10_1	0	0	0
LOC100131395_1	0	0	0
KBTBD11_1	0	0	0
KBTBD11-AS1_1	0	0	0
KBTBD11-OT1_1	0	0	0
MYOM2_1	0	0	0
MIR7160_1	0	0	0
LOC105377781_1	0	0	0
LOC105377782_1	0	0	0
LOC105377783_1	0	0	0
LOC105377784_1	0	0	0
LINC03021_1	0	0	0
LOC105377785_1	0	0	0
DEFB109B_1	0	0	0
LOC649352_2	0	0	0
FAM66D_1	0	0	0
ZNF705G_2	0	0	0
DEFB4B_2	0	0	0
DEFB103B_2	0	0	0
SPAG11B_2	0	0	0
DEFB104B_2	0	0	0
DEFB106B_2	0	0	0
DEFB105B_2	0	0	0
DEFB107B_2	0	0	0
LOC105377801_2	0	0	0
PRR23D1_2	0	0	0
FAM90A7_2	0	0	0
LOC105377800_1	0	0	0
LOC128966594_1	0	0	0
FAM90A22_1	0	0	0
FAM90A23_2	0	0	0
LOC107986910_1	0	0	0
ADAM9_1	0	0	0
ADAM32_1	6	0	6
ADAM5_1	0	0	0
LOC100130964_1	0	0	0
ADAM18_1	0	0	0
ADAM2_1	0	0	0
LINC01606_1	0	0	0
LOC286177_1	0	0	0
LINC00588_1	0	0	0
LINC00824_1	0	0	0
LINC01300_2	0	0	0
GPR20_2	0	0	0
LOC101928037_2	0	0	0
ASTILCS_2	0	0	0
PTP4A3_2	2	0	2
MROH5_2	0	0	0
LOC107983985_2	0	0	0
LOC124900270_2	0	0	0
MIR1302-7_1	0	0	0
LY6E-DT_1	1	0	1
LY6E_1	0	0	0
LOC124902034_1	0	0	0
LY6S-AS1_1	0	0	0
LY6S_1	0	0	0
LOC124905357	0	0	0
LY6L_1	0	0	0
LY6H_1	0	0	0
ZC3H3_1	0	0	0
GSDMD_1	0	0	0
LOC100310756_1	0	0	0
MROH6_1	0	0	0
NAPRT_1	0	0	0
EEF1D_1	0	0	0
TIGD5_1	0	0	0
PYCR3_1	0	0	0
LOC105375798_1	1	0	1
GFUS_1	39	1	38
ZNF623_1	32	0	32
LOC124902077_1	1	1	0
LOC105375799_1	0	0	0
ZNF707_1	0	0	0
LINC02878_1	0	0	0
CCDC166_1	0	0	0
LOC101928160_1	0	0	0
MAPK15_1	0	0	0
FAM83H_1	0	0	0
MIR4664_1	0	0	0
IQANK1_1	0	0	0
LOC105375800_1	0	0	0
SCRIB_1	0	0	0
MIR937_1	0	0	0
PUF60_1	0	0	0
LOC100996662_1	0	0	0
ZNF251_1	0	0	0
LOC107986986_1	0	0	0
LOC101929802	0	0	0
APBA1_1	0	0	0
MAMDC2_1	0	0	0
MAMDC2-AS1_1	0	0	0
PLPPR1_1	0	0	0
LOC105376183_1	0	0	0
LOC105376182_1	0	0	0
BAAT_1	1	0	1
ODAD2P1_1	0	0	0
LINC02673_1	0	0	0
PTCHD3_1	0	0	0
LOC105378267_1	0	0	0
LOC101929373_1	0	0	0
LOC105378283_1	0	0	0
OR13A1_1	0	0	0
ALOX5_1	0	0	0
LOC102724323_1	0	0	0
MARCHF8_1	0	0	0
PTDSS2_1	0	0	0
RNH1_1	0	0	0
LRRC56_1	10	0	10
HRAS_1	0	0	0
LMNTD2_1	24	0	26
LMNTD2-AS1_1	0	2	0
RASSF7_1	0	0	0
MIR210HG_1	11	0	11
MIR210_1	0	0	0
LOC124902805_1	0	0	0
LOC143666_1	0	0	0
PHRF1_1	118	0	118
IRF7_1	0	0	0
CDHR5_1	1	1	0
SCT_1	0	0	0
DRD4_1	2	0	2
DEAF1_1	0	0	0
DUSP8_2	0	0	0
LOC124902608_2	0	0	0
KRTAP5-AS1_2	0	0	0
KRTAP5-1_2	0	0	0
KRTAP5-2_2	0	0	0
KRTAP5-3_2	0	0	0
KRTAP5-4_2	0	0	0
KRTAP5-5_2	0	0	0
FAM99A_2	0	0	0
FAM99B_2	0	0	0
LINC02708_2	0	0	0
KCNQ1_1	0	0	0
LOC124902614_1	0	0	0
LOC107987412	0	0	0
KCNQ1-AS1_1	0	0	0
KCNQ1DN_1	0	0	0
CDKN1C_1	0	0	0
LOC107987413	1	0	3
SLC67A1-AS_1	2	203	0
SLC67A1_1	223	0	422
PHLDA2_1	0	0	0
NAP1L4_1	2	0	2
SNORA54_1	0	0	0
CARS1_1	3	0	3
CARS1-AS1_1	0	0	0
OR5P2_2	0	0	0
OR5P3_2	0	0	0
OR5E1P_2	0	0	0
LOC283299_2	0	0	0
LOC107984307_2	0	0	0
OR10A6_2	0	0	0
OR10A3_2	0	0	0
NLRP10_2	0	0	0
OR8J2_2	0	0	0
OR5T2_2	0	0	0
OR5T3_2	0	0	0
OR5T1_2	0	0	0
OR8H1_2	0	0	0
OR8K3_2	0	0	0
OR8K1_2	0	0	0
OR8J1_2	0	0	0
OR8U8	0	0	0
OR8U9	0	0	0
OR9G1_1	0	0	0
OR9G9	0	0	0
OR9G4_1	0	0	0
MIR6128_1	0	0	0
LOC107987426	0	0	0
LOC105369366_1	0	0	0
LOC338694_1	0	0	0
LOC105369367_1	0	0	0
LINC02697_1	0	0	0
WASH8P_1	0	0	0
FAM138D_1	0	0	0
IQSEC3_1	0	0	0
IQSEC3-AS2_1	0	0	0
IQSEC3-AS3_1	0	0	0
IQSEC3-AS1_1	0	0	0
TAS2R7_1	0	0	0
TAS2R8_1	0	0	0
TAS2R9_1	0	0	0
TAS2R10_1	0	0	0
PRH1-PRR4_1	0	0	0
PRR4_1	0	0	0
PRH1_1	0	0	0
TAS2R13_1	0	0	0
PRH2_1	0	0	0
PRH1-TAS2R14_1	0	0	0
TAS2R14_1	0	0	0
TAS2R50_1	0	0	0
TAS2R20_1	0	0	0
TAS2R19_1	0	0	0
TAS2R31_1	0	0	0
TAS2R46_1	0	0	0
TAS2R43_1	0	0	0
TAS2R45	0	0	0
TAS2R30_1	0	0	0
SMIM10L1_1	0	0	0
LOC124905358	0	0	0
PRB2_1	0	0	0
LINC02367_1	0	0	0
OVOS2P_1	2	0	3
LOC124902912_1	0	1	0
SINHCAF_1	0	0	0
FLJ13224_1	0	0	0
LOC105369784_1	0	0	0
LINC02403_1	0	0	0
ATP23_1	0	0	0
GIHCG_1	0	0	0
LOC107987421	0	0	0
SLC5A8_1	0	0	0
ANO4_1	0	0	0
DNAH10_1	0	0	0
LOC124903043_1	0	0	0
DNAH10OS_1	0	0	0
CCDC92_1	0	0	0
LOC105379613_1	0	0	0
LOC101927531_1	0	0	0
LOC107984448_1	0	0	0
LINC02825_1	0	0	0
LOC101927786_1	0	0	0
PIWIL1_1	0	0	0
LINC00417_1	0	0	0
ANKRD20A9P_1	0	0	0
ATP8A2_1	0	0	0
LOC105370370_1	0	0	0
LINC01070_1	0	0	0
LOC101928730_1	0	0	0
LOC107984555_1	0	0	0
LINC01043_1	0	0	0
LINC01044_1	0	0	0
LOC105370373_1	0	0	0
SPACA7_1	0	0	0
LOC105370372_1	0	0	0
TUBGCP3_1	0	0	0
GRK1_2	0	0	0
LOC105377805_2	0	0	0
LINC00552_2	0	0	0
LOC101928957_1	0	0	0
CATSPERB_1	1	0	1
LOC124903436_1	0	0	0
TC2N_1	0	0	0
LINC02833_1	0	0	0
LINC02287_1	0	0	0
CHGA_1	0	0	0
ITPK1_1	0	0	0
ITPK1-AS1_1	0	0	0
MOAP1_1	0	0	0
LYSET_1	0	0	0
GON7_1	0	0	0
UBR7_1	0	0	0
BTBD7_1	0	0	0
UNC79_1	0	0	0
COX8C_1	0	0	0
PRIMA1_1	0	0	0
LOC105370631_1	0	0	0
FAM181A-AS1_1	0	0	0
FAM181A_1	0	0	0
ASB2_1	0	0	0
MIR4506_1	0	0	0
LOC107984663_1	0	0	0
CCDC197_1	0	0	0
LOC124903368_1	0	0	0
OTUB2_1	0	0	0
DDX24_1	0	0	0
IFI27L1_1	0	0	0
IFI27_1	0	0	0
IFI27L2_1	0	0	0
LOC105370634_1	0	0	0
PPP4R4_1	0	0	0
SERPINA10_1	0	0	0
SERPINA6_1	0	0	0
SERPINA2_1	0	0	0
SERPINA1_1	0	0	0
LOC124903395_1	0	0	0
C14orf180_1	0	0	0
TMEM179_1	0	0	0
LOC105370697_1	0	0	0
LOC105370698_1	0	0	0
LOC107987414	0	0	0
MIR8071-1_1	0	0	0
MIR8071-2_1	0	0	0
ELK2AP_1	0	0	0
LOC105378184_1	0	0	0
MIR4539_1	0	0	0
MIR4507_1	0	0	0
MIR4538_1	0	0	0
MIR4537_1	0	0	0
FAM30A_1	0	0	0
ADAM6_1	0	0	0
LOC107984634	0	0	0
LOC105370700_1	0	0	0
LINC00226_1	0	0	0
LINC00221_1	0	0	0
LOC102724977_1	0	0	0
MIR5195_1	0	0	0
LOC105370714_2	0	0	0
LOC124900633_2	0	0	0
LOC646214_2	0	0	0
LOC105379593	0	0	0
LOC112268154_1	0	0	0
CXADRP2_2	0	0	0
POTEB3_2	0	0	0
MIR3118-3_2	0	0	0
LOC105369227_1	0	0	0
LOC124900634	0	0	0
MIR5701-2_2	0	0	0
LOC124905359	0	0	0
LINC02203_2	0	0	0
LOC124903610_2	0	0	0
OR4M2B_2	0	0	0
FAM30C_2	0	0	0
LOC107987218_1	0	0	0
LOC102724737_2	0	0	0
GOLGA8EP_2	0	0	0
LOC124907501	0	0	0
HERC2P7_2	0	0	0
HERC2P2_2	118	0	118
LOC101927846_2	0	0	0
GOLGA8IP_2	0	0	0
CYFIP1_2	96	0	96
TUBGCP5_2	0	0	0
GOLGA6L1_2	0	0	0
GOLGA8DP_2	0	0	0
MIR4509-1_2	0	0	0
LOC107987422	9	0	9
LOC124905362	0	0	0
GOLGA6L24_2	0	0	0
GOLGA8F_2	0	0	0
MIR4509-2_2	0	0	0
LOC101059997_2	0	0	0
MIR4509-3_2	0	0	0
GOLGA8G_2	0	0	0
GOLGA6L25_2	0	0	0
HERC2P11_2	0	0	0
LOC124905363	2	0	2
PATL2_1	3	0	3
B2M_1	5	0	5
MIR10393_1	0	0	0
RNF4BP_1	0	0	0
TRIM69_1	0	0	0
SORD2P_1	1	0	1
LOC105370798_1	0	0	0
MEGF11_1	0	0	0
LOC105370867_1	0	0	0
MIR4311_1	0	0	0
DIS3L-AS1_1	0	0	0
ADAMTS7P1_1	0	0	0
GOLGA6L10_1	0	0	0
LOC727751_1	0	0	0
LOC101929479_1	0	0	3
LOC105379597	0	0	0
LOC440300_2	0	15	0
UBE2Q2P16_2	0	0	0
LOC103171574_2	0	0	0
DNM1P41_2	1	4	0
GOLGA6L4_2	1	0	1
UBE2Q2P2_1	4	0	4
GOLGA6L9_1	19	0	19
LOC102724034_1	0	0	0
LOC128966709	0	0	0
GOLGA2P10_1	50	0	53
LOC105370926_1	0	0	0
GOLGA6L17P_1	0	0	0
RPS17_1	0	0	0
CPEB1_1	0	0	0
DECR2_1	0	0	0
RAB11FIP3_1	0	0	0
LOC107987417_1	2	2	0
LINC00235_1	0	0	0
CAPN15_1	0	0	0
LINC00254_1	0	0	0
LINC02124_1	0	0	0
HS3ST6_1	0	0	0
GLIS2_1	91	3	88
GLIS2-AS1_1	0	0	0
CORO7-PAM16_1	0	0	0
PAM16_1	0	0	0
CORO7_1	0	0	0
VASN_1	0	0	0
LOC124903635_1	0	0	0
DNAJA3_1	0	0	0
NMRAL1_1	0	0	0
HMOX2_1	0	0	0
LOC124903636_1	0	0	0
CDIP1_1	0	0	0
PARN_1	0	0	0
LOC105371094_1	0	0	0
LOC107984865_1	0	0	0
BFAR_1	0	0	0
PLA2G10_1	0	0	0
NPIPA3_1	0	0	0
LOC105371097_1	0	0	0
LOC105371096_1	0	0	0
MIR3180-4_1	0	0	0
PDXDC1_1	111	0	111
MIR4516_1	0	0	0
PKD1P6-NPIPP1_1	104	0	104
MIR6511B2_1	0	0	0
NPIPA8_1	0	0	0
LOC100505915_2	2	14	0
RRN3_1	4	0	4
NTAN1_1	1	0	1
MIR1972-2_1	0	0	0
PKD1_1	49	0	103
NPIPA9_1	30	0	31
MIR6770-1_1	0	0	0
LOC100288162_1	0	54	0
MIR6511A1_1	0	0	0
LOC102724992	1	0	1
MIR3180-3_1	0	0	0
MIR3670-3_1	0	0	0
MIR3179-3_1	0	0	0
LOC124905360	0	2	0
NPIPA1_1	15	0	20
LOC124900586	34	4	30
MIR1972-1_1	0	0	0
MIR3180-1_1	0	0	0
MIR3670-1_1	0	0	0
MIR3179-1_1	0	0	0
NOMO1_1	15	0	15
ABCC6P2_1	0	0	0
ABCC6P1_1	0	0	0
NPIPA5_1	4	0	4
MPV17L-BMERB1_1	0	0	0
MPV17L_1	30	0	30
BMERB1_1	0	0	0
LOC105371102_1	0	0	0
MARF1_1	0	0	0
MIR6506_1	0	0	0
LOC124903649_1	0	0	0
MIR484_1	0	0	0
NDE1_1	26	0	26
MYH11_1	0	0	0
LOC124903650_1	0	0	0
LOC124903651_1	0	0	0
CEP20_1	31	0	31
LOC107984869_1	0	0	0
ABCC1_1	152	0	152
ABCC6_1	9	0	9
LOC105371100_1	0	0	0
NOMO3_1	3	0	3
LOC105371099_1	0	0	0
MIR3179-2_1	0	0	0
MIR3670-2_1	0	0	0
MIR3180-2_1	0	0	0
LOC131696449_1	0	0	0
PKD1P1_1	0	0	0
MIR6511A2_1	0	0	0
MIR6770-2_1	0	0	0
NPIPA6_1	0	0	0
MIR6511A3_1	0	0	0
NPIPA7_1	0	0	0
LOC105371105_1	0	0	0
LOC107987423	0	0	0
CES1_1	0	0	0
CES5A_1	0	0	0
SNTB2_1	1	0	1
UTP4_1	1	0	1
LOC124904108_1	0	0	0
LOC101929823_1	0	0	0
LOC101929828_1	0	0	0
SCGB1C2_1	0	0	0
DOC2B_1	0	0	0
LINC02091_1	0	0	0
LOC101929045	0	0	0
RPH3AL_1	0	0	0
RPH3AL-AS1_1	0	0	0
NXN_1	0	0	0
TIMM22_1	0	0	0
ABR_1	0	0	0
LOC105371481_1	0	0	0
MIR3183_1	0	0	0
LOC105371480_1	0	0	0
ABR-AS1_1	0	0	0
YWHAE_1	2	0	2
CRK_1	0	0	0
CRK-AS1_1	0	0	0
SLC43A2_1	0	0	0
LOC124904121_1	0	0	0
SCARF1_1	0	0	0
RILP_1	0	0	0
PRPF8_1	0	0	0
TLCD2_1	0	0	0
MIR22HG_1	0	0	0
MIR22_1	0	0	0
WDR81_1	55	0	55
SERPINF2_1	0	0	0
SERPINF1_1	0	0	0
MMP28_1	0	0	0
TAF15_1	0	0	0
HEATR9_1	0	0	0
LOC105371745_1	0	0	0
CCL5_1	0	0	0
LRRC37A8P_1	0	0	0
RDM1_1	0	0	0
LYZL6_1	0	0	0
CCL16_1	0	0	0
CCL14_1	0	0	0
CCL15-CCL14_1	0	0	0
CCL15_1	0	0	0
CCL23_1	0	0	0
CCL18_1	0	0	0
CCL3-AS1_1	0	0	0
CCL3_1	0	0	0
CCL4_1	0	0	0
LOC101927369_1	0	0	0
TBC1D3B_1	0	0	0
LOC128966710	0	0	0
LOC128966684_1	0	0	0
CCL3L3_1	0	0	0
CCL4L2_1	0	0	0
LOC105371747_1	0	0	0
TBC1D3I_1	0	0	0
LOC102724956_1	0	0	0
LOC101060212_1	0	0	0
TBC1D3G_1	0	0	0
LOC102723414_1	0	0	0
TBC1D3H_1	0	0	0
TBC1D3F_1	0	0	0
LOC105371749_1	0	0	0
ZNHIT3_1	0	0	0
MYO19_1	0	0	0
PIGW_1	0	0	0
GGNBP2_1	0	0	0
DHRS11_1	0	0	0
LOC107985031_1	0	0	0
MRM1_1	7	0	7
LOC105376836	0	0	0
LOC105371751_1	0	0	0
LOC105379600	0	0	0
LOC105371750_1	2	0	2
LHX1-DT_1	1	2	0
LHX1_1	1	0	2
AATF_1	0	0	0
MIR2909_1	0	0	0
LOC105371753_1	0	0	0
ACACA_1	9	0	9
SNORA90_1	0	0	0
C17orf78_1	0	0	0
TADA2A_1	0	0	0
DUSP14_1	80	0	80
SYNRG_1	0	0	0
LOC105371755	0	0	0
DDX52_1	3	0	3
MIR378J_1	0	0	0
LOC105371756_1	0	0	0
HNF1B_1	0	0	0
LOC107985009	0	0	0
LOC105371754_1	0	0	0
LOC105371757_1	0	0	0
YWHAEP7_1	0	0	0
LOC102723851_1	0	0	0
TBC1D3E_1	0	0	0
LOC102723933_1	0	0	0
TBC1D3_1	0	0	0
NPEPPSP1_1	71	0	71
LOC105371760_1	0	0	0
MRPL45_1	400	0	400
GPR179_1	0	0	0
SOCS7_1	0	0	0
ARHGAP23_1	31	0	31
LOC101929494_1	0	0	0
SRCIN1_1	0	0	0
LOC105371761_1	0	0	0
EPOP_1	0	0	0
LOC105371763_1	0	0	0
MIR4734_1	0	0	0
MLLT6_1	0	0	0
LOC105371762_1	0	0	0
MIR4726_1	0	0	0
CISD3_1	0	0	0
PCGF2_1	0	0	0
LOC100287808_1	0	0	0
TRN-GTT2-5_1	0	0	0
PSMB3_1	0	0	0
PIP4K2B_1	0	0	0
CWC25_1	0	0	0
MIR4727_1	0	0	0
SPMAP1_1	0	0	0
LOC105371777_1	0	0	0
KRT12_1	0	0	0
KRT20_1	0	0	0
KRT23_1	0	0	0
LOC107985072_1	0	0	0
KRT39_1	0	0	0
KRT40_1	0	0	0
KRTAP3-3_1	0	0	0
KRTAP3-2_1	0	0	0
KRTAP3-1_1	0	0	0
KRTAP1-5_1	0	0	0
KRTAP1-4_1	0	0	0
KRTAP1-3_1	0	0	0
KRTAP1-1_1	0	0	0
KRTAP2-1_1	0	0	0
KRTAP2-2_2	0	0	0
KRTAP2-3_2	0	0	0
KRTAP2-4_2	0	0	0
LOC100996750	0	0	0
KRTAP4-8_2	0	0	0
KRTAP4-16_2	0	0	0
KRTAP4-9_2	0	0	0
KRTAP4-11_2	0	0	0
KRTAP4-12_2	0	0	0
KRTAP29-1_2	0	0	0
KRTAP9-6_1	0	0	0
KRTAP9-9_2	0	0	0
KRTAP9-4_2	0	0	0
KRTAP9-8_2	0	0	0
KRTAP9-3_2	0	0	0
KRTAP9-2_2	0	0	0
KRT37_2	0	0	0
LOC100505782_2	0	0	0
KRT31_2	0	0	0
LOC100653049	1	0	1
KRT34_2	0	0	0
KRT33B_2	0	0	0
LOC105371778_2	0	0	0
KRT33A_2	0	0	0
KRTAP17-1_2	0	0	0
KRTAP16-1_2	0	0	0
LOC105371796_1	0	0	0
ARHGAP27_1	26	0	26
PLEKHM1_1	2	0	2
MIR4315-1_1	0	0	0
LOC101929774	0	0	0
LRRC37A2_1	1	1	0
NSFP1_1	0	0	0
LOC100996709	5	0	5
LRRC37A_1	0	0	0
LOC124904014_1	0	0	0
LOC105371799	0	0	0
KANSL1_1	6	0	6
KANSL1-AS1_1	0	0	0
MAPT_1	0	0	0
STH_1	0	0	0
LOC124905347	0	0	0
LOC105371800_1	0	0	0
MAPT-IT1_1	0	0	0
MAPT-AS1_1	0	0	0
SPPL2C_1	0	0	0
LINC02210-CRHR1_1	0	0	0
CRHR1_1	0	0	0
LOC105371802_1	0	0	0
LINC02210_1	4	1	3
MAPK8IP1P2_1	0	0	0
LOC124905345	0	0	0
LRRC37A3_1	0	3	0
LOC107984142	0	0	0
LOC124905346	0	0	0
LOC124905344	0	0	0
LOC101929775	0	0	0
LOC107984156	0	0	3
NSF_1	0	0	0
WNT3_1	0	0	0
LOC101929777_1	0	0	0
LACAT1_1	0	0	0
SEPTIN9-DT_1	0	0	0
LOC107984143	0	0	0
SEPTIN9_1	0	0	0
METRNL_1	124	1	123
LOC124904094_1	0	0	0
QTGAL_1	2	70	3
TBCD_1	395	2	464
LOC124904095_1	0	0	0
LOC105372114_1	0	0	0
SKA1_1	0	0	0
DSEL_1	1	0	1
LOC105372219_1	0	0	0
LOC105372220_1	0	0	0
LOC105372221_1	0	0	0
LINC01896_1	0	0	0
SALL3_1	0	0	0
LOC105372225_1	0	0	0
LOC284240_1	0	0	0
LOC124904335_1	0	0	0
LOC105372228_1	2	0	2
CTDP1-DT_1	0	0	0
CTDP1_1	0	0	0
LOC128966711	0	0	0
AZU1_1	0	0	0
PRTN3_1	0	0	0
ELANE_1	13	0	13
CFD_1	6	0	6
MED16_1	143	87	56
SBNO2_1	0	0	0
LOC105372319_1	0	0	0
ZNF66_1	2	0	2
ZNF85_1	0	0	0
LOC112268247_1	0	0	0
ZNF430_1	0	0	0
LOC400682_1	0	0	0
ZNF100_1	0	0	0
CCNYL6_1	0	0	0
ZNF43_1	0	0	0
ZNF676_1	0	0	0
LSM14A_1	4	0	4
GARRE1_2	0	0	0
GARRE1_3	0	0	0
GPI_2	0	0	0
CEACAM7_1	0	0	0
LOC105372405_1	0	0	0
CEACAM4_1	0	0	0
CEACAM21_1	0	0	0
LINC01480_1	0	0	0
PCAT19_1	1	0	1
VSTM1_1	0	0	0
TARM1_1	0	0	0
OSCAR_1	0	0	0
NDUFA3_1	0	0	0
TFPT_1	0	0	0
PRPF31_1	0	0	0
PRPF31-AS1_1	0	0	0
CNOT3_1	0	0	0
LOC102724273_1	0	0	0
LENG1_1	0	0	0
TMC4_1	0	0	0
MBOAT7_1	0	0	0
TSEN34_1	0	0	0
RPS9_1	1	0	1
LOC124905364	0	0	0
LOC107987425	0	0	0
LOC107985279_1	0	0	0
LILRA6_1	0	0	0
LOC107987463_1	0	0	0
LILRB5_1	0	0	0
LILRB2_1	0	0	0
MIR4752_1	0	0	0
LILRA3	0	0	0
LILRA5_1	0	0	0
TTYH1_1	0	0	0
LENG8-AS1_1	0	0	0
LENG8_1	0	0	0
LENG9_1	0	0	0
CDC42EP5_1	0	0	0
LAIR2_1	0	0	0
LOC105372460_1	0	0	0
KIR3DX1_1	0	0	0
LOC105372461_1	0	0	0
LILRA2_1	0	0	0
LILRA1_1	0	0	0
LILRB1_1	0	0	0
LILRB4_1	0	0	0
MIR8061_1	0	0	0
LILRP2_15	0	0	0
KIR3DL3_15	0	0	0
KIR2DL3_12	0	0	0
LOC101928804_14	0	0	0
KIR2DL1_10	0	0	0
NCR1_3	0	0	0
NLRP7_1	0	0	0
NLRP2_1	0	0	0
GP6-AS1_1	0	0	0
GP6_1	0	0	0
RDH13_1	0	0	0
EPS8L1_1	0	0	0
LOC107985440_1	0	0	0
CDH4_1	4	4	0
MIR1257_1	0	0	0
TAF4_1	0	0	0
LOC105372704_1	0	0	0
KCNQ2_1	0	0	0
LOC105372721_1	0	0	0
OPRL1_1	0	0	0
NPBWR2_1	0	0	0
LOC105372727_1	0	0	0
MYT1_1	0	0	0
PCMTD2_1	0	0	0
LOC107985511_1	0	0	0
LOC107987418	0	0	0
BTG3_1	0	0	0
BTG3-AS1_1	0	0	0
LOC100134423	0	0	0
LINC00308_1	0	3	0
LOC105379618	1	0	4
PAXBP1_1	0	0	0
EPCIP-AS1_1	0	0	0
EPCIP_1	0	0	0
IFNGR2_1	0	0	0
TMEM50B_1	0	0	0
DNAJC28_1	0	0	0
GART_1	0	0	0
FTCD_1	0	0	0
FTCD-AS1_1	0	0	0
SPATC1L_1	0	0	0
LSS_1	0	0	0
SNORD159_1	0	0	0
IGLV5-45_1	0	0	0
LOC102724999	0	0	0
IGLV7-43_1	0	0	0
IGLV5-39	0	0	0
LOC105379605	0	0	0
LOC102725003	0	0	0
IGLV5-37_1	0	0	0
LOC105379603	0	0	0
ZNF280B_1	0	0	0
LOC105379602	0	0	0
ZNF280A_1	0	0	0
LOC105379601	0	0	0
PRAME_1	0	0	0
LL22NC03-63E9.3_1	0	0	0
CES5AP1_1	0	0	0
ZDHHC8BP_1	0	0	0
LINC01659_1	0	0	0
FAM230I_1	0	0	0
LOC124905361	0	0	0
LINC02557_1	0	0	0
C22orf15_1	0	0	0
CHCHD10_1	0	0	0
LOC107985577_1	0	0	0
MMP11_1	0	0	0
SMARCB1_1	0	0	0
DERL3_1	0	0	0
SLC2A11_1	0	0	0
MIF-AS1_1	0	0	0
MIF_1	0	0	0
LOC100652871_1	0	0	0
GSTT2B_1	3	0	3
DDTL_1	0	0	0
DDT_1	0	0	0
GSTT2_1	22	0	22
GSTT4_1	0	0	0
LOC391322	74	3	71
GSTT1-AS1	1	9	2
GSTT1	832	2	840
GSTTP2	1	1	0
LOC105372959_1	0	0	0
CABIN1_1	0	0	0
APOL5_1	0	0	0
RBFOX2_1	69	0	69
PVALB_1	0	0	0
NCF4-AS1_1	0	0	0
NCF4_1	0	0	0
LOC105373032_1	0	0	0
APOBEC3A_B	0	0	0
PHETA2_1	0	0	0
SMDT1_1	0	0	0
NDUFA6_2	0	0	0
NDUFA6-DT_5	0	0	0
CYP2D7_6	0	0	0
TCF20_6	0	0	0
LINC00685_2	7	0	7
PPP2R3B_2	0	0	0
LOC102723840	0	0	0
TBX22_1	0	0	0
OR2T4_3	0	0	0
OR2T6_3	0	0	0
OR2T1_3	0	0	0
OR2T7_3	0	0	0
OR2T2_3	0	0	0
LOC105373279_3	0	0	0
OR2T3_3	0	0	0
OR2T5_3	0	0	0
OR2G6_3	0	0	0
LOC105374866	0	0	0
LOC128966714	0	0	0
LOC124905368_1	0	0	0
LINC01237_3	0	0	0
LINC01238_2	0	0	0
LOC285097_2	0	0	0
LOC105373980_2	0	0	0
LINC01880_2	0	0	0
LINC03100_2	0	0	0
LINC01881_2	0	0	0
MUC4_2	0	0	0
MUC20_2	0	0	0
LOC124905369	0	0	0
MIR570HG_2	0	0	0
MIR570_2	0	0	0
SDHAP2_2	0	0	0
LOC105374297_2	0	0	0
LOC105377616_2	0	0	0
FRG1-DT_4	0	0	0
LOC105377619_2	0	0	0
LINC01596_2	0	0	0
FRG1_3	0	0	0
FRG2_3	0	0	0
LOC105379623_2	0	0	0
GUSBP3_3	0	0	0
GUSBP15_1	0	0	0
LOC112268330_1	0	0	0
LOC105379023_1	0	0	0
LOC105369228_1	0	0	0
SERF1B_2	0	0	0
LOC107986372_1	0	0	0
SMN2_2	0	0	0
SERF1A_3	0	0	0
LOC107986373_2	0	0	0
SMN1_3	0	0	0
SMN1-AS1_2	0	0	0
NAIP_3	0	0	0
GTF2H2_1	0	0	0
LOC107987433_1	0	0	0
GUSBP17_2	0	0	0
LOC441081_2	0	0	0
LINC02197_3	0	0	0
LOC105379025_3	0	0	0
PMCHL2_2	0	0	0
LOC107987420_3	0	0	0
BDP1_3	0	0	0
LOC124900999_3	0	0	0
MCCC2_3	0	0	0
LOC105377753_2	0	0	0
LOC728554_2	0	0	0
LOC124901146_1	0	0	0
LOC100128340_2	0	0	0
PROP1_2	0	0	0
GPX6_1	0	0	0
GPX5_1	0	0	0
TRI-TAT3-1_1	0	0	0
LOC107986586_1	0	0	0
TRR-TCG5-1_1	0	0	0
SCAND3_1	8	0	8
ZBED9-AS1_1	0	0	0
TRQ-TTG2-1_1	0	0	0
TRS-GCT4-1_1	0	0	0
TRA-AGC3-1_1	0	0	0
LOC105374996_1	0	0	0
TRA-TGC2-1_1	0	0	0
TRT-CGT3-1_1	0	0	0
LINC00533_1	0	0	0
TRA-AGC4-1_1	0	0	0
TRA-CGC2-1_1	0	0	0
TRA-CGC5-1	0	0	0
TRA-AGC5-1_1	0	0	0
TRA-AGC7-1_1	0	0	0
TRT-AGT3-1_1	0	0	0
TRA-CGC4-1_1	0	0	0
TRV-AAC6-1_2	0	0	0
TRR-CCG1-1_2	0	0	0
TRK-TTT7-1_2	0	0	0
TRA-TGC6-1_2	0	0	0
TRF-GAA6-1_2	0	0	0
TRF-GAA5-1_2	0	0	0
TRA-TGC1-1_2	0	0	0
TRF-GAA1-1_2	0	0	0
TRA-AGC1-1_2	0	0	0
TRA-TGC7-1_2	0	0	0
TRF-GAA3-1_2	0	0	0
TRA-AGC6-1_2	0	0	0
TRA-TGC5-1_2	0	0	0
TRF-GAA4-1_2	0	0	0
TRA-AGC2-1_2	0	0	0
LINC01623_2	0	0	0
TRA-AGC2-2_2	0	0	0
TRR-CCG1-2_2	0	0	0
TRL-CAA1-1_2	0	0	0
HCG14_2	0	0	0
TRIM27_2	2	0	2
TRL-CAA1-2_1	0	0	0
TRQ-CTG1-3_1	0	0	0
TRL-AAG2-2_1	0	0	0
LINC01556_1	0	0	0
TRM-CAT3-1_1	0	0	0
TRK-TTT3-3_1	0	0	0
TRM-CAT3-2_1	0	0	0
TRF-GAA1-2_2	0	0	0
TRE-CTC1-6_2	0	0	0
HCG15_2	0	0	0
TRL-AAG3-1_2	0	0	0
ZNF311_2	0	0	0
LOC105375002_2	0	0	0
OR2W1-AS1_1	0	0	0
OR2W1_2	0	0	0
OR2B3_2	0	0	0
OR2J1_2	0	0	0
OR2J3_2	0	0	0
OR2J2_2	0	0	0
LINC03003_2	0	0	0
LOC105375006_1	0	0	0
LOC105375005_1	0	0	0
OR14J1_2	0	0	0
OR5V1_1	0	0	0
OR12D3_1	0	0	0
OR12D2_1	0	0	0
OR12D1_1	0	0	0
OR11A1_2	0	0	0
OR10C1_2	0	0	0
LOC105379641_2	0	0	0
OR2H1_2	0	0	0
LOC105375008_2	0	0	0
LOC124905365	0	0	0
MAS1L_2	0	0	0
LINC02829_2	0	0	0
LINC01015_2	0	0	0
OR2I1_2	0	0	0
UBD_2	0	0	0
SNORD32B_2	0	0	0
OR2H2_2	0	0	0
GABBR1_2	0	0	0
MOG_2	0	0	0
ZFP57_2	0	0	0
HLA-F_1	0	0	0
HLA-F-AS1_1	0	0	0
IFITM4P_1	0	0	0
LOC107987427	0	0	0
HCG4_2	0	0	0
HLA-V_2	0	0	0
HLA-G_2	0	0	0
LOC124905366	24	0	24
LOC105375010_2	0	0	0
HCP5B_2	0	0	0
HLA-H_2	0	0	0
HCG4B_2	0	0	0
HLA-A_2	0	0	0
HCG9_1	0	0	0
POLR1HASP_2	0	0	0
HLA-J_2	0	0	0
POLR1H_2	0	0	0
PPP1R11_2	0	0	0
RNF39_2	0	0	0
TRIM31_2	0	0	0
TRIM31-AS1_2	0	0	0
LOC124900227_2	0	0	0
TRIM40_2	0	0	0
TRIM10_2	0	0	0
TRIM15_2	0	0	0
TRIM26_2	1	0	1
HCG17_2	0	0	0
HLA-L_1	0	0	0
HCG18_2	0	0	0
TRIM39_2	0	0	0
TRIM39-RPP21_2	0	0	0
RPP21_2	0	0	0
LOC105375012_1	0	0	0
HLA-E_1	0	0	0
LINC02569_2	0	0	0
GNL1_2	1	0	1
PRR3_1	0	0	0
ABCF1-DT	1	0	1
ABCF1_1	0	0	0
MIR877_1	0	0	0
PPP1R10_1	0	0	0
MRPS18B_1	0	0	0
ATAT1_1	0	0	0
C6orf136_1	0	0	0
DHX16_2	0	0	0
PPP1R18_2	0	0	0
NRM_2	0	0	0
MDC1_2	0	0	0
MDC1-AS1_2	0	0	0
TUBB_2	1045	0	1045
FLOT1_2	1	0	1
IER3-AS1_1	0	0	0
IER3_1	0	0	0
HCG20_1	0	0	0
LINC00243_1	0	0	0
LINC02570_1	0	0	0
DDR1_2	1	0	1
MIR4640_1	0	0	0
GTF2H4_1	0	0	0
VARS2_1	0	0	0
SFTA2_1	0	0	0
LOC124901299_1	0	0	0
MUCL3_1	0	0	0
HCG21_1	0	0	0
MUC21_2	0	0	0
MUC22_2	0	0	0
HCG22_2	0	0	0
C6orf15_1	0	0	0
PSORS1C1_1	0	0	0
CDSN_1	0	0	0
PSORS1C2_1	0	0	0
CCHCR1_1	0	0	0
TCF19_1	0	0	0
POU5F1_1	0	0	0
PSORS1C3_1	0	0	0
HCG27_1	0	0	0
HLA-C_1	0	0	0
LOC112267902_1	0	0	0
HLA-B_1	25	3	22
MIR6891_1	0	0	0
LOC124905367	0	0	0
LOC107987429	0	0	0
LOC124901300_1	0	0	0
MICA-AS1_1	1	0	1
MICA_1	0	0	0
LINC01149_1	0	0	0
HCP5_1	3	0	3
HCG26_1	0	0	0
MICB-DT_2	6	4	2
MICB_2	0	0	0
MCCD1_2	0	0	0
ATP6V1G2-DDX39B_2	0	0	0
DDX39B_2	0	0	0
SNORD117_2	0	0	0
SNORD84_1	0	0	0
DDX39B-AS1_1	0	0	0
ATP6V1G2_1	0	0	0
NFKBIL1_1	0	0	0
LOC100287329_1	0	0	0
LTA_1	0	0	0
TNF_2	0	0	0
LTB_2	0	0	0
LST1_2	0	0	0
NCR3_2	0	0	0
AIF1_1	0	0	0
PRRC2A_1	0	0	0
SNORA38_1	0	0	0
MIR6832_1	0	0	0
BAG6_1	0	0	0
APOM_1	0	0	0
C6orf47_1	0	0	0
GPANK1_1	0	0	0
CSNK2B_1	0	0	0
LY6G5B_1	0	0	0
LY6G5C_1	0	0	0
LOC105375019_1	0	0	0
ABHD16A_1	0	0	0
LOC105375018_1	0	0	0
MIR4646_1	0	0	0
LY6G6F-LY6G6D_1	0	0	0
LY6G6F_1	0	0	0
LY6G6E_1	0	0	0
LY6G6D_1	0	0	0
LY6G6C_1	0	0	0
MPIG6B_1	0	0	0
DDAH2_1	0	0	0
CLIC1_1	0	0	0
LOC105375020	0	0	0
MSH5-SAPCD1_2	0	0	0
MSH5_2	0	0	0
SAPCD1_2	0	0	0
SAPCD1-AS1_2	0	1	5
VWA7_2	0	0	0
VARS1_2	0	0	0
LSM2_2	0	0	0
HSPA1L_2	0	0	0
HSPA1A_2	0	0	0
HSPA1B_2	0	0	0
SNHG32_2	0	0	0
SNORD48_2	0	0	0
SNORD52_2	0	0	0
NEU1_2	0	0	0
SLC44A4_2	0	0	0
EHMT2-AS1_2	0	0	0
EHMT2_2	0	0	0
C2_1	0	0	0
ZBTB12_1	0	0	0
C2-AS1_1	0	0	0
CFB_1	0	0	0
NELFE_1	0	0	0
SKIC2_1	0	0	0
DXO_1	0	0	0
WHR1_1	0	0	0
C4B_1	0	0	0
CYP21A2_1	0	0	0
TNXB_2	0	0	0
ATF6B_1	0	0	0
FKBPL_1	0	0	0
PRRT1_2	0	0	0
LOC100507547_2	0	0	0
PPT2_2	0	0	0
PPT2-EGFL8_2	0	0	0
EGFL8_2	0	0	0
AGPAT1_2	0	0	0
MIR6721_2	0	0	0
RNF5_2	0	0	0
MIR6833_2	0	0	0
AGER_2	0	0	0
PBX2_2	0	0	0
GPSM3_2	0	0	0
NOTCH4_2	0	0	0
TSBP1-AS1_2	0	0	0
TSBP1_2	0	0	0
HCG23_2	0	0	0
BTNL2_2	0	0	0
HLA-DRA_1	0	0	0
HLA-DRB3_1	0	0	0
HLA-DRB1_1	0	0	0
HLA-DQA1_1	0	0	0
HLA-DQB1_1	0	0	0
LOC102725019_2	0	0	0
HLA-DQA2_2	0	0	0
MIR3135B_2	0	0	0
HLA-DQB2_2	0	0	0
HLA-DOB_2	2	0	2
TAP2_2	0	0	0
PSMB8_2	0	0	0
PSMB8-AS1_2	0	0	0
TAP1_2	0	0	0
PSMB9_2	0	0	0
LOC100294145_2	0	0	0
HLA-DMB_2	0	0	0
HLA-DMA_2	0	0	0
LOC124901302_2	0	0	0
BRD2_1	0	0	0
HLA-DOA_1	0	0	0
HLA-DPA1_2	0	0	0
HLA-DPB1_2	0	0	0
HLA-DPB2_2	0	0	0
LOC105375021_2	0	0	0
HCG24_1	0	0	0
COL11A2_1	0	0	0
RXRB_1	1	0	1
SLC39A7_1	0	0	0
HSD17B8_1	0	0	0
MIR219A1_1	0	0	0
RING1_1	0	0	0
LOC105375022_1	0	0	0
HCG25_1	0	0	0
VPS52_1	0	0	0
RPS18_1	0	0	0
B3GALT4_1	0	0	0
WDR46_1	0	0	0
MIR6873_1	0	0	0
PFDN6_1	0	0	0
MIR6834_1	0	0	0
RGL2_1	0	0	0
TAPBP_1	0	0	0
ZBTB22_1	0	0	0
DAXX_1	0	0	0
SMIM40_1	0	0	0
LOC102723872_1	0	0	0
FAM157D_2	0	0	0
LOC105375113_3	0	0	0
LOC101929756_3	0	0	0
LOC105375114_2	0	0	0
LINC03015_3	0	0	0
LINC03014_3	0	0	0
LOC105375116_3	0	0	0
LOC105375115_3	0	0	0
FAM20C_3	0	0	0
LOC105379627	0	0	0
LOC105377775_2	0	0	0
LOC105379586_2	0	0	0
DLGAP2_4	0	0	0
DLGAP2-AS1_2	0	0	0
AP2A2_1	0	0	0
MUC6_2	0	0	0
DUSP8_3	0	0	0
LOC124902608_3	0	0	0
KRTAP5-AS1_3	1	0	1
KRTAP5-1_3	0	0	0
KRTAP5-2_3	0	0	0
KRTAP5-3_3	0	0	0
KRTAP5-4_3	0	0	0
KRTAP5-5_3	0	0	0
FAM99A_3	0	0	0
FAM99B_3	0	0	0
LOC124905370	0	0	0
LINC02708_3	0	0	0
KRTAP5-6_1	0	0	0
IFITM10_1	0	0	0
TAS2R7_2	0	0	0
TAS2R8_2	0	0	0
TAS2R9_2	0	0	0
TAS2R10_2	0	0	0
PRH1-PRR4_2	0	3	0
PRR4_2	0	0	0
PRH1_2	0	0	0
TAS2R13_2	0	0	0
PRH2_2	0	0	0
PRH1-TAS2R14_2	0	0	0
TAS2R14_2	0	0	0
TAS2R50_2	0	0	0
TAS2R20_2	2	0	2
TAS2R19_2	0	0	0
TAS2R31_2	0	0	0
TAS2R46_2	0	0	0
TAS2R45_1	0	0	0
TAS2R30_2	0	0	0
SMIM10L1_2	134	22	274
TAS2R42_1	0	0	0
LOC107987435_1	0	0	0
PRB3_1	0	0	0
PRB4_1	0	0	0
PRB1_1	0	0	0
TUBGCP5_3	0	0	0
GOLGA6L1_3	0	0	0
GOLGA8DP_3	0	0	0
MIR4509-1_3	0	0	0
OCA2_2	0	0	0
HERC2_2	0	0	0
LOC124905371_1	0	0	0
GOLGA6L24_3	0	0	0
GOLGA8F_3	0	0	0
MIR4509-2_3	0	0	0
LOC101059997_3	0	0	0
MIR4509-3_3	0	0	0
GOLGA8G_3	0	0	0
GOLGA6L25_3	0	0	0
HERC2P11_3	0	0	0
LOC124903450_2	0	0	0
HERC2P9_2	0	0	0
GOLGA8M_2	0	0	0
LOC107984746_2	0	0	0
WHAMMP2_2	0	0	0
LOC100289656_2	0	0	0
PDCD6IPP2_2	0	0	0
APBA2_2	0	0	0
ENTREP2_2	0	0	0
NSMCE3_2	0	0	0
LCIIAR_2	0	0	0
LOC105370743_2	0	0	0
TJP1_2	0	0	0
GOLGA8J_3	0	0	0
ULK4P3_3	0	0	0
LOC124900359_2	0	0	0
GOLGA8T_2	0	0	0
LOC101929922_1	0	0	0
LOC105370746_2	0	0	0
LOC105370747_2	0	0	0
LINC02249_2	0	0	0
CHRFAM7A_2	0	0	0
LOC105370751_2	0	0	0
LOC124900358_2	0	0	0
ULK4P2_2	0	0	0
DNM1P50_2	0	0	0
GOLGA8Q_2	0	0	0
LOC124903452_2	0	0	0
LOC105376704_2	0	0	0
GOLGA8R_2	0	0	0
ULK4P1_3	0	0	0
LOC124900357_2	0	0	0
ARHGAP11B-DT_3	0	0	0
GOLGA8H_3	0	0	0
ARHGAP11B_3	0	0	0
LOC100288637_2	0	0	0
LOC101930434_2	0	0	0
LOC124905372_1	0	0	0
LOC124900565_1	0	0	0
LOC124903453_2	0	0	0
HERC2P10_2	0	0	0
FAN1_2	0	0	0
MTMR10_2	0	0	0
TRPM1_2	0	0	0
TRPM1-AS1_2	0	0	0
MIR211_2	0	0	0
LOC107984779_1	0	0	0
LINC02352_2	0	0	0
LOC107984092_1	0	0	0
LINC03034_2	0	0	0
KLF13_2	0	0	0
LOC105370939_2	0	0	0
OTUD7A_2	0	0	0
LOC124900362_2	0	0	0
LOC124903441_2	0	0	0
CHRNA7_3	0	0	0
LOC102724078_2	0	0	0
LOC101060588_1	0	0	0
WHAMMP1_3	0	0	0
LINC02256_3	0	0	0
ARHGAP11A-DT_3	0	0	0
GOLGA8N_3	0	0	0
ARHGAP11A_3	0	0	0
ARHGAP11A-SCG5_3	0	0	0
SCG5_3	0	0	0
SCG5-AS1_3	0	0	0
LOC105370756_2	0	0	0
GREM1_3	0	0	0
GREM1-AS1_3	0	0	0
FMN1_3	0	0	0
LOC107984089_2	0	0	0
LOC124903606_2	0	0	0
RPH3AL_2	0	0	0
LOC105371425_1	0	0	0
RPH3AL-AS1_2	0	0	0
NXN_2	0	0	0
TIMM22_2	0	0	0
ABR_2	0	0	0
LOC105371481_2	0	0	0
MIR3183_2	0	0	0
CCL18_2	0	0	0
CCL3-AS1_2	0	0	0
CCL3_2	0	0	0
CCL4_2	0	0	0
LOC101927369_2	0	0	0
TBC1D3B_2	0	0	0
LOC128966715	0	0	0
LOC128966684_2	0	0	0
CCL3L3_2	0	0	0
CCL4L2_2	0	0	0
LOC105379635	0	0	0
TBC1D3G_2	0	0	0
LOC124905374	0	0	0
CCL3L1	0	0	0
CCL4L1	0	0	0
LOC105371747_2	0	0	0
TBC1D3I_2	0	0	0
LOC102724956_2	0	0	0
KRTAP29-1_3	0	0	0
KRTAP9-7_2	0	0	0
KRTAP9-6_2	0	0	0
KRTAP9-9_3	0	0	0
KRTAP9-4_3	0	0	0
KRTAP9-2_3	0	0	0
LOC105371796_2	0	0	0
ARHGAP27_2	0	0	0
PLEKHM1_2	0	0	0
MIR4315-1_2	0	0	0
LOC105369225_1	0	0	0
LRRC37A3_2	1	0	1
LRRC37A4P_1	0	0	0
MAPK8IP1P2_2	0	0	0
LINC02210_2	2	0	2
LINC02210-CRHR1_2	0	0	0
LOC105371802_2	0	0	0
LOC107985028_1	0	0	0
CRHR1_2	0	0	0
MAPT-AS1_2	0	0	0
SPPL2C_2	0	0	0
MAPT_2	2	2	0
MAPT-IT1_2	0	0	0
LOC105371800_2	0	0	0
STH_2	0	0	0
KANSL1_2	47	0	47
LOC107985027_1	0	0	0
KANSL1-AS1_2	0	0	0
LOC124904014_2	0	0	0
ARL17A_1	63	21	74
LOC124905376	1	0	1
LRRC37A2_2	27	19	40
LOC124905375	0	0	0
NSF_2	0	0	0
WNT3_2	1	0	1
LOC101929777_2	0	0	0
WNT9B_1	0	0	0
LOC105372219_2	0	0	0
LOC105372220_2	0	0	0
LOC105372221_2	0	0	0
LINC01896_2	0	0	0
SALL3_2	0	0	0
LOC105372225_2	0	0	0
VSTM1_2	0	0	0
TARM1_2	0	0	0
OSCAR_2	0	0	0
NDUFA3_2	0	0	0
TFPT_2	0	0	0
PRPF31_2	0	0	0
PRPF31-AS1_2	0	0	0
CNOT3_2	0	0	0
LOC102724273_2	0	0	0
LENG1_2	0	0	0
TMC4_2	0	0	0
MBOAT7_2	0	0	0
TSEN34_2	0	0	0
RPS9_2	0	0	0
LOC124905378	0	0	0
LOC124905377	0	0	0
MIR4752_2	0	0	0
LILRA3_1	0	0	0
LILRA5_2	0	0	0
LILRA4_1	0	0	0
LAIR1_1	0	0	0
KIR2DL2_1	0	0	0
KIR2DL4_12	0	0	0
KIR3DS1_1	0	0	0
KIR2DL5A_1	0	0	0
KIR2DS5_1	0	0	0
KIR2DS1_4	0	0	0
KIR3DL2_15	0	0	0
FCAR_3	0	0	0
NCR1_4	0	0	0
NLRP7_2	0	0	0
NLRP2_2	0	0	0
GP6-AS1_2	0	0	0
GP6_2	0	0	0
RDH13_2	0	0	0
EPS8L1_2	0	0	0
PHETA2_2	0	0	0
SMDT1_2	0	0	0
NDUFA6_3	0	0	0
NDUFA6-DT_6	0	0	0
CYP2D6_4	0	0	0
LOC101929829_1	0	0	0
LOC102723722_1	0	0	0
PPP2R3B_3	128	0	128
LOC102723840_1	0	0	0
MUC4_3	0	0	0
MUC20_3	0	0	0
MIR570HG_3	0	0	0
MIR570_3	0	0	0
SDHAP2_3	0	0	0
LOC105374297_3	0	0	0
LOC105377614_1	0	0	0
LOC105377615_1	0	0	0
LINC01262_1	0	0	0
LOC107987311	0	0	0
LOC105377616_3	0	0	0
FRG1-DT_5	0	0	0
LOC105377619_3	0	0	0
LINC01596_3	0	0	0
TRV-AAC6-1_3	0	0	0
TRR-CCG1-1_3	0	0	0
TRK-TTT7-1_3	0	0	0
TRA-TGC6-1_3	0	0	0
TRF-GAA6-1_3	0	0	0
TRF-GAA5-1_3	0	0	0
TRA-TGC1-1_3	0	0	0
TRF-GAA1-1_3	0	0	0
TRA-AGC1-1_3	0	0	0
TRA-TGC7-1_3	0	0	0
TRF-GAA3-1_3	0	0	0
TRA-AGC6-1_3	0	0	0
TRA-TGC5-1_3	0	0	0
TRF-GAA4-1_3	0	0	0
TRA-AGC2-1_3	0	0	0
LINC01623_3	0	0	0
TRA-AGC2-2_3	0	0	0
TRF-GAA1-2_3	0	0	0
TRE-CTC1-6_3	0	0	0
HCG15_3	0	0	0
TRL-AAG3-1_3	0	0	0
ZNF311_3	0	0	0
LOC105375002_3	0	0	0
OR2W1-AS1_2	0	0	0
OR2W1_3	0	0	0
OR2B3_3	0	0	0
OR2J1_3	0	0	0
OR2J3_3	0	0	0
OR2J2_3	0	0	0
LINC03003_3	0	0	0
LOC105375005_2	0	0	0
OR14J1_3	0	0	0
OR12D3_2	0	0	0
OR12D2_2	0	0	0
OR12D1_2	0	0	0
OR11A1_3	0	0	0
OR10C1_3	0	0	0
LOC105379641_3	0	0	0
OR2H1_3	0	0	0
LOC105375008_3	0	0	0
LOC124905379	0	0	0
MAS1L_3	0	0	0
LOC124901486_1	0	0	0
LINC02829_3	0	0	0
LINC01015_3	0	0	0
OR2I1_3	0	0	0
UBD_3	0	0	0
SNORD32B_3	0	0	0
OR2H2_3	0	0	0
GABBR1_3	0	0	0
MOG_3	0	0	0
ZFP57_3	0	0	0
HLA-F_2	0	0	0
HLA-F-AS1_2	0	0	0
IFITM4P_2	0	0	0
LOC107987440	0	0	0
HCG4_3	0	0	0
HLA-V_3	0	0	0
HLA-G_3	0	0	0
LOC105375010_3	0	0	0
HCP5B_3	0	0	0
LOC124905380	0	0	0
HLA-H_3	0	0	0
HCG4B_3	2	2	0
HLA-A_3	17	0	17
HCG9_2	0	0	0
POLR1HASP_3	0	0	0
HLA-J_3	0	0	0
POLR1H_3	0	0	0
PPP1R11_3	0	0	0
RNF39_3	0	0	0
TRIM31_3	0	0	0
TRIM31-AS1_3	0	0	0
LOC124900227_3	0	0	0
TRIM40_3	0	0	0
TRIM10_3	0	0	0
TRIM15_3	0	0	0
TRIM26_3	0	0	0
HCG17_3	0	0	0
HLA-L_2	0	0	0
HCG18_3	0	0	0
TRIM39_3	0	0	0
TRIM39-RPP21_3	0	0	0
RPP21_3	0	0	0
LOC105375012_2	0	0	0
HLA-E_2	0	0	0
LINC02569_3	0	0	0
GNL1_3	0	0	0
PRR3_2	0	0	0
ABCF1_2	0	0	0
MIR877_2	0	0	0
PPP1R10_2	0	0	0
MRPS18B_2	0	0	0
ATAT1_2	0	0	0
C6orf136_2	1	0	1
DHX16_3	0	0	0
PPP1R18_3	0	0	0
NRM_3	0	0	0
MDC1_3	0	0	0
MDC1-AS1_3	0	0	0
TUBB_3	0	0	0
FLOT1_3	0	0	0
IER3-AS1_2	0	0	0
IER3_2	0	0	0
HCG20_2	0	0	0
LINC00243_2	0	0	0
LINC02570_2	0	0	0
DDR1_3	1	0	1
MIR4640_2	0	0	0
GTF2H4_2	0	0	0
VARS2_2	0	0	0
SFTA2_2	0	0	0
LOC124901299_2	0	0	0
MUCL3_2	0	0	0
HCG21_2	0	0	0
MUC21_3	0	0	0
MUC22_3	0	0	0
HCG22_3	0	0	0
C6orf15_2	0	0	0
PSORS1C1_2	0	0	3
CDSN_2	0	0	0
PSORS1C2_2	2	5	0
CCHCR1_2	0	0	0
TCF19_2	0	0	0
POU5F1_2	0	0	0
PSORS1C3_2	0	0	0
HCG27_2	0	0	0
HLA-C_2	5209	1	5208
LINC02571_1	0	0	0
LOC112267902_2	0	0	0
HCG26_2	0	0	0
MICB-DT_3	0	0	0
MICB_3	0	0	0
MCCD1_3	0	0	0
ATP6V1G2-DDX39B_3	0	0	0
DDX39B_3	0	0	0
SNORD117_3	0	0	0
SNORD84_2	0	0	0
DDX39B-AS1_2	0	0	0
ATP6V1G2_2	0	0	0
NFKBIL1_2	0	0	0
LOC100287329_2	0	0	0
LTA_2	0	0	0
TNF_3	0	0	0
LTB_3	0	0	0
LST1_3	0	0	0
NCR3_3	0	0	0
AIF1_2	0	0	0
PRRC2A_2	0	0	0
SNORA38_2	0	0	0
MIR6832_2	0	0	0
BAG6_2	0	0	0
APOM_2	0	0	0
C6orf47_2	0	0	0
GPANK1_2	0	0	0
CSNK2B_2	0	0	0
LY6G5B_2	0	0	0
LY6G5C_2	0	0	0
LOC105375019_2	0	0	0
ABHD16A_2	0	0	0
LOC105375018_2	0	0	0
MIR4646_2	0	0	0
LY6G6F-LY6G6D_2	0	0	0
LY6G6F_2	0	0	0
LY6G6E_2	0	0	0
LY6G6D_2	0	0	0
LY6G6C_2	0	0	0
MPIG6B_2	0	0	0
DDAH2_2	0	0	0
CLIC1_2	0	0	0
MSH5-SAPCD1_3	0	0	0
MSH5_3	0	0	0
SAPCD1_3	0	0	0
SAPCD1-AS1_3	0	0	0
VWA7_3	0	0	0
VARS1_3	0	0	0
LSM2_3	0	0	0
HSPA1L_3	0	0	0
HSPA1A_3	0	0	0
HSPA1B_3	0	0	0
SNHG32_3	0	0	0
SNORD48_3	0	0	0
SNORD52_3	0	0	0
NEU1_3	0	0	0
SLC44A4_3	0	0	0
EHMT2-AS1_3	0	0	0
EHMT2_3	0	0	0
C2_2	0	0	0
ZBTB12_2	0	0	0
C2-AS1_2	0	0	0
CFB_2	0	0	0
NELFE_2	0	0	0
MIR1236_1	0	0	0
SKIC2_2	3	0	3
DXO_2	0	0	0
WHR1_2	0	0	0
C4A_1	0	0	0
CYP21A1P_1	0	0	0
TNXA_1	0	0	0
C4B_2	0	0	0
CYP21A2_2	0	0	0
TNXB_3	0	0	0
LOC124905381	0	0	0
ATF6B_2	0	0	0
FKBPL_2	0	0	0
PRRT1_3	0	0	0
LOC100507547_3	0	0	0
PPT2_3	0	0	0
PPT2-EGFL8_3	0	0	0
TSBP1-AS1_3	0	0	0
TSBP1_3	0	0	0
HCG23_3	0	0	0
BTNL2_3	0	0	0
HLA-DRA_2	0	0	0
HLA-DRB1_2	0	0	0
HLA-DQA1_2	0	0	0
HLA-DQB1_2	0	0	0
HLA-DQB1-AS1_1	0	0	0
LOC102725019_3	0	0	0
HLA-DQA2_3	0	0	0
MIR3135B_3	0	0	0
HLA-DQB2_3	0	0	0
HLA-DOB_3	0	0	0
TAP2_3	0	0	0
PSMB8_3	0	0	0
PSMB8-AS1_3	0	0	0
TAP1_3	0	0	0
PSMB9_3	0	0	0
LOC124905382	0	0	0
LOC100294145_3	0	0	0
LOC124905383	0	0	0
HLA-DMB_3	0	0	0
BRD2_2	1	0	1
HLA-DMA_3	0	0	0
HLA-DOA_2	0	0	0
HLA-DPA1_3	0	0	0
HLA-DPB1_3	0	0	0
HLA-DPB2_3	0	0	0
LOC105375021_3	0	0	0
HCG24_2	0	0	0
COL11A2_2	0	0	0
RXRB_2	0	0	0
SLC39A7_2	0	0	0
HSD17B8_2	0	0	0
MIR219A1_2	0	0	0
RING1_2	0	0	0
LOC105375022_2	0	0	0
HCG25_2	0	0	0
VPS52_2	0	0	0
RPS18_2	0	0	0
B3GALT4_2	0	0	0
WDR46_2	0	0	0
MIR6873_2	0	0	0
PFDN6_2	0	0	0
MIR6834_2	0	0	0
RGL2_2	0	0	0
TAPBP_2	0	0	0
ZBTB22_2	0	0	0
DAXX_2	0	0	0
SMIM40_2	0	0	0
DLGAP2-AS1_3	0	0	0
DLGAP2_5	0	0	0
LOC124901870_1	0	0	0
LOC105377778_1	0	0	0
CLN8_1	0	0	0
CLN8-AS1_1	0	0	0
MIR3674_1	0	0	0
LOC105377779_1	0	0	0
AP2A2_2	1	0	1
MUC6_3	0	0	0
LOC124905385	0	0	0
LOC124902605_2	0	0	0
LINC02688_2	0	0	0
LOC107987157_2	0	0	0
MUC2_2	0	0	0
VSTM1_3	0	0	0
TARM1_3	0	0	0
OSCAR_3	0	0	0
NDUFA3_3	0	0	0
TFPT_3	0	0	0
LOC124905386	0	0	0
PRPF31_3	0	0	0
PRPF31-AS1_3	0	0	0
CNOT3_3	0	0	0
LOC102724273_3	0	0	0
LENG1_3	0	0	0
TMC4_3	0	0	0
MBOAT7_3	0	0	0
TSEN34_3	0	0	0
RPS9_3	0	0	0
LOC107987441	0	0	0
LOC112267881_1	0	0	0
KIR3DL1_10	0	0	0
KIR2DS4_10	0	0	0
KIR3DL2_16	0	0	0
NCR1_5	0	0	0
NLRP7_3	0	0	0
NLRP2_3	0	0	0
GP6-AS1_3	0	0	0
GP6_3	0	0	0
RDH13_3	0	0	0
EPS8L1_3	0	0	0
PHETA2_3	0	0	0
SMDT1_3	0	0	0
NDUFA6_4	0	0	0
NDUFA6-DT_7	0	0	0
CYP2D6_5	3	0	3
LOC102723722_2	0	0	0
CYP2D7_7	4	0	4
LOC105377203_1	3	0	3
TCF20_7	0	0	0
MUC4_4	0	0	0
MUC20_4	0	0	0
LOC124905391	0	0	0
MIR570HG_4	1	0	1
MIR570_4	0	0	0
SDHAP2_4	0	0	0
LOC105374297_4	0	0	0
LOC105374298	0	0	0
TRV-AAC6-1_4	0	0	0
TRR-CCG1-1_4	0	0	0
TRK-TTT7-1_4	0	0	0
TRA-TGC6-1_4	0	0	0
TRF-GAA6-1_4	0	0	0
TRF-GAA5-1_4	0	0	0
TRA-TGC1-1_4	0	0	0
TRF-GAA1-1_4	0	0	0
TRA-AGC1-1_4	0	0	0
TRA-TGC7-1_4	0	0	0
TRF-GAA3-1_4	0	0	0
TRA-AGC6-1_4	0	0	0
TRA-TGC5-1_4	0	0	0
TRF-GAA4-1_4	0	0	0
TRA-AGC2-1_4	0	0	0
LINC01623_4	0	0	0
TRA-AGC2-2_4	0	0	0
TRIM27_3	0	0	0
TRL-CAA1-2_2	0	0	0
TRQ-CTG1-3_2	0	0	0
TRL-AAG2-2_2	0	0	0
LINC01556_2	0	0	0
TRM-CAT3-1_2	0	0	0
TRK-TTT3-3_2	0	0	0
TRM-CAT3-2_2	0	0	0
TRF-GAA1-2_4	0	0	0
TRE-CTC1-6_4	0	0	0
HCG15_4	0	0	0
TRL-AAG3-1_4	0	0	0
ZNF311_4	0	0	0
LOC105375002_4	0	0	0
OR2W1-AS1_3	0	0	0
OR2W1_4	0	0	0
OR2B3_4	0	0	0
OR2J1_4	0	0	0
OR2J3_4	0	0	0
OR2J2_4	0	0	0
LINC03003_4	0	0	0
LOC105375005_3	0	0	0
OR14J1_4	0	0	0
OR5V1_2	0	0	0
OR12D3_3	0	0	0
OR12D2_3	0	0	0
OR12D1_3	0	0	0
OR11A1_4	0	0	0
OR10C1_4	0	0	0
LOC105379641_4	0	0	0
OR2H1_4	0	0	0
LOC105375008_4	0	0	0
LOC124905387	0	0	0
MAS1L_4	0	0	0
LINC02829_4	0	0	0
LINC01015_4	0	0	0
OR2I1_4	0	0	0
UBD_4	0	0	0
SNORD32B_4	0	0	0
OR2H2_4	0	0	0
GABBR1_4	0	0	0
MOG_4	0	0	0
ZFP57_4	0	0	0
HLA-F_3	0	0	0
HLA-F-AS1_3	0	0	0
IFITM4P_3	0	0	0
LOC107987443	0	0	0
HCG4_4	0	0	0
HLA-V_4	0	0	0
HLA-G_4	0	0	0
LOC105375010_4	0	0	0
HCP5B_4	0	0	0
LOC124905390	0	11	0
HLA-H_4	0	0	0
HCG4B_4	0	0	0
HLA-A_4	77	0	77
HCG9_3	0	0	0
POLR1HASP_4	0	0	0
HLA-J_4	0	0	0
POLR1H_4	0	0	0
PPP1R11_4	0	0	0
RNF39_4	0	0	0
TRIM31_4	0	0	0
TRIM31-AS1_4	0	0	0
LOC124900227_4	0	0	0
TRIM40_4	0	0	0
TRIM10_4	0	0	0
TRIM15_4	0	0	0
TRIM26_4	35	0	35
HCG17_4	0	0	0
HLA-L_3	0	0	0
HCG18_4	184	1	183
TRIM39_4	2	1	3
TRIM39-RPP21_4	0	0	0
RPP21_4	0	0	0
LOC105375012_3	0	0	0
HLA-E_3	0	0	0
LINC02569_4	0	0	0
GNL1_4	0	0	0
PRR3_3	0	0	0
ABCF1_3	0	0	0
MIR877_3	0	0	0
PPP1R10_3	0	0	0
MRPS18B_3	0	0	0
ATAT1_3	0	0	0
C6orf136_3	0	0	0
DHX16_4	0	0	0
PPP1R18_4	0	0	0
NRM_4	0	0	0
MDC1_4	0	0	0
MDC1-AS1_4	0	0	0
TUBB_4	0	0	0
FLOT1_4	4	0	4
IER3-AS1_3	0	0	0
IER3_3	0	0	0
HCG20_3	0	0	0
LINC00243_3	0	0	0
LINC02570_3	0	0	0
DDR1_4	0	0	0
MIR4640_3	0	0	0
GTF2H4_3	0	0	0
VARS2_3	0	0	0
SFTA2_3	0	0	0
MUC21_4	0	0	0
MUC22_4	1	0	1
HCG22_4	0	0	0
C6orf15_3	0	0	0
PSORS1C1_3	0	0	0
CDSN_3	0	0	0
PSORS1C2_3	0	0	0
CCHCR1_3	0	0	0
TCF19_3	0	0	0
POU5F1_3	0	0	0
PSORS1C3_3	0	0	0
HLA-C_3	4575	4	4571
LINC02571_2	0	0	0
HLA-B_2	5	0	5
MIR6891_2	0	0	0
LOC124901300_2	0	0	0
MICA-AS1_2	0	0	0
MICA_2	23	0	23
LINC01149_2	0	0	0
MICB_4	0	0	0
MCCD1_4	0	0	0
ATP6V1G2-DDX39B_4	0	0	0
DDX39B_4	0	0	0
SNORD117_4	0	0	0
SNORD84_3	0	0	0
DDX39B-AS1_3	0	0	0
ATP6V1G2_3	0	0	0
NFKBIL1_3	0	0	0
LOC100287329_3	0	0	0
LTA_3	0	0	0
TNF_4	0	0	0
LTB_4	0	0	0
LST1_4	0	0	0
NCR3_4	0	0	0
PRRC2A_3	0	0	0
SNORA38_3	0	0	0
MIR6832_3	0	0	0
BAG6_3	0	0	0
APOM_3	0	0	0
C6orf47_3	0	0	0
GPANK1_3	0	0	0
CSNK2B_3	0	0	0
LY6G5B_3	0	0	0
LY6G5C_3	0	0	0
LOC105375019_3	0	0	0
ABHD16A_3	0	0	0
MIR4646_3	0	0	0
LY6G6F-LY6G6D_3	0	0	0
LY6G6F_3	0	0	0
LY6G6E_3	0	0	0
LY6G6D_3	0	0	0
LY6G6C_3	0	0	0
MPIG6B_3	0	0	0
DDAH2_3	0	0	0
CLIC1_3	0	0	0
LOC105375020_1	0	0	0
MSH5-SAPCD1_4	0	0	0
MSH5_4	0	0	0
NEU1_4	0	0	0
C2_3	2	2	2
C2-AS1_3	3	1	4
CFB_3	474	0	474
TNXB_4	0	0	0
LOC124905388	0	0	0
PRRT1_4	0	0	0
LOC100507547_4	6	38	8
PPT2_4	0	1	0
PPT2-EGFL8_4	0	0	0
EGFL8_3	3	0	3
AGPAT1_3	356	4	356
MIR6721_3	0	0	0
RNF5_3	0	0	0
MIR6833_3	0	0	0
AGER_3	0	0	0
PBX2_3	7	0	7
GPSM3_3	0	0	0
NOTCH4_3	0	0	0
TSBP1-AS1_4	0	0	0
TSBP1_4	0	0	0
HCG23_4	0	0	0
BTNL2_4	0	0	0
HLA-DRA_3	0	0	0
HLA-DRB4	0	0	0
HLA-DRB1_3	0	0	0
HLA-DQA1_3	0	0	0
HLA-DQB1_3	0	0	0
LOC102725019_4	0	0	0
HLA-DQA2_4	0	0	0
MIR3135B_4	0	0	0
HLA-DQB2_4	0	0	0
TAP2_4	0	0	0
PSMB8_4	0	0	0
PSMB8-AS1_4	0	0	0
TAP1_4	0	0	0
PSMB9_4	0	0	0
LOC124905389	0	0	0
LOC100294145_4	0	0	0
HLA-DMB_4	0	0	0
HLA-DMA_4	0	0	0
LOC124901302_3	1	0	1
BRD2_3	429	0	429
HLA-DOA_3	0	0	0
HLA-DPA1_4	0	0	0
HLA-DPB1_4	0	0	0
HLA-DPB2_4	0	0	0
LOC105375021_4	0	0	0
HCG24_3	0	0	0
COL11A2_3	0	0	0
RXRB_3	0	0	0
SLC39A7_3	0	0	0
HSD17B8_3	0	0	0
MIR219A1_3	0	0	0
RING1_3	0	0	0
LOC105375022_3	0	0	0
HCG25_3	0	0	0
VPS52_3	0	0	0
VSTM1_4	0	0	0
TARM1_4	0	0	0
OSCAR_4	0	0	0
NDUFA3_4	0	0	0
TFPT_4	0	0	0
PRPF31_4	0	0	0
PRPF31-AS1_4	0	0	0
CNOT3_4	0	0	0
LOC102724273_4	0	0	0
LENG1_4	0	0	0
TMC4_4	0	0	0
MBOAT7_4	0	0	0
TSEN34_4	0	0	0
RPS9_4	0	0	0
LOC112268336	0	0	0
KIR3DL3_16	0	0	0
LOC101928804_15	0	0	0
KIR2DS1_5	0	0	0
KIR3DL2_17	0	0	0
NCR1_6	0	0	0
NLRP7_4	0	0	0
NLRP2_4	0	0	0
GP6-AS1_4	0	0	0
GP6_4	0	0	0
RDH13_4	0	0	0
EPS8L1_4	0	0	0
LOC105374297_5	0	0	0
SDHAP2_5	0	0	0
MIR570HG_5	0	0	0
MIR570_5	0	0	0
MUC20_5	0	0	0
MUC4_5	0	0	0
LOC124905352_2	0	0	0
TRV-AAC6-1_5	0	0	0
TRR-CCG1-1_5	0	0	0
TRK-TTT7-1_5	0	0	0
TRA-TGC6-1_5	0	0	0
TRF-GAA6-1_5	0	0	0
TRF-GAA5-1_5	0	0	0
TRA-TGC1-1_5	0	0	0
TRF-GAA1-1_5	0	0	0
TRA-AGC1-1_5	0	0	0
TRA-TGC7-1_5	0	0	0
TRF-GAA3-1_5	0	0	0
TRA-AGC6-1_5	0	0	0
TRA-TGC5-1_5	0	0	0
TRF-GAA4-1_5	0	0	0
TRA-AGC2-1_5	0	0	0
LINC01623_5	0	0	0
TRA-AGC2-2_5	0	0	0
TRR-CCG1-2_3	0	0	0
TRL-CAA1-1_3	0	0	0
HCG14_3	0	0	0
TRIM27_4	0	0	0
TRL-CAA1-2_3	0	0	0
TRQ-CTG1-3_3	0	0	0
TRL-AAG2-2_3	0	0	0
LINC01556_3	0	0	0
TRM-CAT3-1_3	0	0	0
TRK-TTT3-3_3	0	0	0
TRM-CAT3-2_3	0	0	0
LOC105375002_5	0	0	0
OR2W1-AS1_4	0	0	0
OR2W1_5	0	0	0
OR2B3_5	0	0	0
OR2J1_5	0	0	0
OR2J3_5	0	0	0
OR2J2_5	0	0	0
LINC03003_5	0	0	0
OR14J1_5	0	0	0
LOC105375005_4	0	0	0
OR5V1_3	0	0	0
OR12D3_4	0	0	0
OR12D2_4	0	0	0
OR12D1_4	0	0	0
OR11A1_5	0	0	0
OR10C1_5	0	0	0
OR2H1_5	0	0	0
LOC105375008_5	0	0	0
LOC124905392	0	0	0
MAS1L_5	0	0	0
LOC124901486_2	0	0	0
LINC02829_5	0	0	0
LINC01015_5	0	0	0
OR2I1_5	0	0	0
UBD_5	0	0	0
SNORD32B_5	0	0	0
OR2H2_5	0	0	0
GABBR1_5	0	0	0
MOG_5	0	0	0
ZFP57_5	0	0	0
HLA-F_4	0	0	0
HLA-F-AS1_4	0	0	0
IFITM4P_4	0	0	0
LOC107987447	0	0	0
HCG4_5	0	0	0
HLA-V_5	0	0	0
HLA-G_5	0	0	0
LOC105375010_5	0	0	0
HCP5B_5	0	0	0
HLA-H_5	0	0	0
HLA-A_5	0	0	0
HCG9_4	0	0	0
POLR1HASP_5	0	0	0
HLA-J_5	0	0	0
POLR1H_5	0	0	0
PPP1R11_5	0	0	0
RNF39_5	0	0	0
TRIM31_5	0	0	0
TRIM31-AS1_5	0	0	0
LOC124900227_5	0	0	0
TRIM40_5	0	0	0
TRIM10_5	0	0	0
TRIM15_5	0	0	0
TRIM26_5	0	0	0
LOC105375012_4	0	0	0
HLA-E_4	0	0	0
LINC02569_5	0	0	0
GNL1_5	0	0	0
PRR3_4	0	0	0
ABCF1_4	0	0	0
MIR877_4	0	0	0
PPP1R10_4	0	0	0
MRPS18B_4	0	0	0
ATAT1_4	0	0	0
C6orf136_4	0	0	0
DHX16_5	0	0	0
PPP1R18_5	0	0	0
NRM_5	0	0	0
MDC1_5	0	0	0
MDC1-AS1_5	0	0	0
TUBB_5	0	0	0
FLOT1_5	0	0	0
LINC02570_4	0	0	0
DDR1_5	12	0	12
MIR4640_4	0	0	0
GTF2H4_4	0	0	0
VARS2_4	0	0	0
SFTA2_4	0	0	0
LOC124901299_3	0	0	0
MUCL3_3	0	0	0
HCG21_3	0	0	0
MUC21_5	0	0	0
MUC22_5	0	0	0
HCG22_5	0	0	0
C6orf15_4	0	0	0
PSORS1C1_4	0	0	0
CDSN_4	0	0	0
PSORS1C2_4	0	0	0
CCHCR1_4	0	0	0
TCF19_4	0	0	0
POU5F1_4	0	0	0
PSORS1C3_4	0	0	0
HCG27_3	14	0	14
HLA-C_4	14	0	14
LOC112267902_3	0	0	0
HLA-B_3	1021	1	1020
HCP5_2	0	0	0
HCG26_3	0	0	0
MICB-DT_4	0	4	4
MICB_5	137	5	140
MCCD1_5	0	0	0
ATP6V1G2-DDX39B_5	0	0	1
DDX39B_5	0	0	0
SNORD117_5	0	0	0
SNORD84_4	0	0	0
DDX39B-AS1_4	2	3	0
ATP6V1G2_4	0	0	0
NFKBIL1_4	0	0	0
LOC100287329_4	0	0	0
LTA_4	0	0	0
TNF_5	0	0	0
LTB_5	0	0	0
LST1_5	0	0	0
NCR3_5	0	0	0
AIF1_3	0	0	0
PRRC2A_4	1	0	1
SNORA38_4	0	0	0
MIR6832_4	0	0	0
BAG6_4	0	0	0
APOM_4	0	0	0
C6orf47_4	0	0	0
GPANK1_4	0	0	0
CSNK2B_4	0	0	0
LY6G5B_4	0	0	0
LY6G5C_4	0	0	0
LOC105375019_4	0	0	0
ABHD16A_4	0	0	0
LOC105375018_3	0	0	0
MIR4646_4	0	0	0
LY6G6F-LY6G6D_4	0	0	0
LY6G6F_4	0	0	0
LY6G6E_4	0	0	0
LY6G6D_4	0	0	0
LY6G6C_4	0	0	0
MPIG6B_4	0	0	0
DDAH2_4	0	0	0
CLIC1_4	0	0	0
MSH5-SAPCD1_5	0	0	0
MSH5_5	0	0	0
SAPCD1_4	0	0	0
SAPCD1-AS1_4	0	0	0
VWA7_4	0	0	0
VARS1_4	0	0	0
LSM2_4	0	0	0
NEU1_5	0	0	0
SLC44A4_4	0	0	0
EHMT2-AS1_4	0	0	0
EHMT2_4	0	0	0
C2_4	0	0	0
ZBTB12_3	0	0	0
C2-AS1_4	0	0	0
CFB_4	0	0	0
NELFE_3	0	0	0
MIR1236_2	0	0	0
SKIC2_3	0	0	0
DXO_3	0	0	0
WHR1_3	0	0	0
TNXA_2	0	0	0
LOC110384692	0	0	0
CYP21A2_3	0	0	0
TNXB_5	0	0	0
ATF6B_3	0	0	0
FKBPL_3	2	0	2
PRRT1_5	0	0	0
LOC100507547_5	0	0	0
PPT2_5	0	0	0
PPT2-EGFL8_5	0	0	0
EGFL8_4	0	0	0
AGPAT1_4	0	0	0
MIR6721_4	0	0	0
RNF5_4	0	0	0
MIR6833_4	0	0	0
AGER_4	0	0	0
PBX2_4	0	0	0
GPSM3_4	0	0	0
NOTCH4_4	0	0	0
TSBP1-AS1_5	0	0	0
TSBP1_5	0	0	0
HCG23_5	0	0	0
BTNL2_5	0	0	0
HLA-DRA_4	0	0	0
HLA-DRB4_1	0	0	0
HLA-DQA1_4	0	0	0
HLA-DQB1_4	0	0	0
HLA-DQB1-AS1_2	0	0	0
LOC102725019_5	0	0	0
HLA-DQA2_5	0	0	0
MIR3135B_5	0	0	0
HLA-DQB2_5	0	0	0
HLA-DOB_4	0	0	0
TAP2_5	2	0	2
PSMB8_5	0	0	0
PSMB8-AS1_5	0	0	0
TAP1_5	0	0	0
PSMB9_5	0	0	0
LOC100294145_5	0	0	0
HLA-DMB_5	0	0	0
HLA-DMA_5	0	0	0
LOC128966717	0	0	0
LOC124901302_4	0	0	0
BRD2_4	0	0	0
HLA-DOA_4	0	0	0
HLA-DPA1_5	0	0	0
HLA-DPB1_5	0	0	0
HLA-DPB2_5	0	0	0
COL11A2_4	1	0	1
RXRB_4	11	0	11
SLC39A7_4	0	0	0
HSD17B8_4	0	0	0
MIR219A1_4	0	0	0
RING1_4	0	0	0
LOC105375022_4	0	0	0
HCG25_4	0	0	0
VPS52_4	0	0	0
RPS18_3	0	0	0
B3GALT4_3	0	0	0
WDR46_3	0	0	0
MIR6873_3	0	0	0
PFDN6_3	0	0	0
MIR6834_3	0	0	0
RGL2_3	0	0	0
TAPBP_3	0	0	0
ZBTB22_3	0	0	0
DAXX_3	0	0	0
SMIM40_3	0	0	0
VSTM1_5	0	0	0
TARM1_5	0	0	0
OSCAR_5	0	0	0
NDUFA3_5	0	0	0
TFPT_5	0	0	0
PRPF31_5	0	0	0
PRPF31-AS1_5	0	0	0
CNOT3_5	0	0	0
LOC102724273_5	0	0	0
LENG1_5	0	0	0
TMC4_5	0	0	0
MBOAT7_5	0	0	0
TSEN34_5	0	0	0
RPS9_5	0	0	0
LOC112268337	0	0	0
KIR2DS4_11	0	0	0
KIR3DL2_18	0	0	0
NCR1_7	0	0	0
NLRP7_5	0	0	0
NLRP2_5	0	0	0
GP6-AS1_5	0	0	0
GP6_5	0	0	0
RDH13_5	0	0	0
EPS8L1_5	0	0	0
MUC4_6	0	0	0
MUC20_6	1	0	1
LOC124905398	0	0	0
MIR570HG_6	0	0	0
LOC112268339	0	0	0
MIR570_6	0	0	0
SDHAP2_6	0	0	0
LOC105374297_6	0	0	0
TRV-AAC6-1_6	0	0	0
TRR-CCG1-1_6	0	0	0
TRK-TTT7-1_6	0	0	0
TRA-TGC6-1_6	0	0	0
TRF-GAA6-1_6	0	0	0
TRF-GAA5-1_6	0	0	0
TRA-TGC1-1_6	0	0	0
TRF-GAA1-1_6	0	0	0
TRA-AGC1-1_6	0	0	0
TRA-TGC7-1_6	0	0	0
TRF-GAA3-1_6	0	0	0
TRA-AGC6-1_6	0	0	0
TRA-TGC5-1_6	0	0	0
TRF-GAA4-1_6	0	0	0
TRA-AGC2-1_6	0	0	0
LINC01623_6	0	0	0
TRA-AGC2-2_6	0	0	0
TRR-CCG1-2_4	0	0	0
TRL-CAA1-1_4	0	0	0
HCG14_4	0	0	0
TRIM27_5	0	0	0
TRL-CAA1-2_4	0	0	0
TRQ-CTG1-3_4	0	0	0
TRL-AAG2-2_4	0	0	0
LINC01556_4	0	0	0
TRM-CAT3-1_4	0	0	0
TRK-TTT3-3_4	0	0	0
TRM-CAT3-2_4	0	0	0
TRF-GAA1-2_5	0	0	0
TRE-CTC1-6_5	0	0	0
HCG15_5	0	0	0
TRL-AAG3-1_5	0	0	0
ZNF311_5	0	0	0
LOC105375002_6	0	0	0
OR2W1-AS1_5	0	0	0
OR2W1_6	0	0	0
OR2B3_6	0	0	0
OR2J1_6	0	0	0
OR2J3_6	0	0	0
OR2J2_6	0	0	0
OR12D1_5	0	0	0
OR11A1_6	0	0	0
OR10C1_6	0	0	0
LOC105379641_5	0	0	0
OR2H1_6	0	0	0
LOC105375008_6	0	0	0
LOC124905393	0	0	0
MAS1L_6	0	0	0
LINC02829_6	0	0	0
LINC01015_6	0	0	0
OR2I1_6	0	0	0
UBD_6	0	0	0
SNORD32B_6	0	0	0
OR2H2_6	0	0	0
GABBR1_6	0	0	0
MOG_6	0	0	0
ZFP57_6	0	0	0
HLA-F_5	0	0	0
HLA-F-AS1_5	0	0	0
IFITM4P_5	0	0	0
LOC107987452	0	0	0
HCG4_6	0	0	0
HLA-V_6	0	0	0
HLA-G_6	0	0	0
HCP5B_6	0	0	0
LOC124905394	0	0	0
HLA-H_6	0	0	0
HCG4B_5	0	0	0
HLA-A_6	5085	3	5082
HCG9_5	0	0	0
POLR1HASP_6	21	0	21
HLA-J_6	2	2	0
POLR1H_6	39	0	39
PPP1R11_6	199	0	201
RNF39_6	47	47	2
TRIM31_6	0	0	0
TRIM31-AS1_6	0	0	0
LOC124900227_6	0	0	0
TRIM40_6	0	0	0
TRIM10_6	0	0	0
TRIM15_6	0	0	0
TRIM26_6	0	0	0
HCG17_5	0	0	0
HLA-L_4	0	0	0
HCG18_5	0	0	0
TRIM39_5	0	0	0
TRIM39-RPP21_5	0	0	0
RPP21_5	0	0	0
LOC105375012_5	0	0	0
HLA-E_5	0	0	0
LINC02569_6	0	0	0
GNL1_6	0	0	0
PRR3_5	0	0	0
ABCF1_5	0	0	0
MIR877_5	0	0	0
PPP1R10_5	0	0	0
MRPS18B_5	0	0	0
ATAT1_5	0	0	0
C6orf136_5	0	0	0
DHX16_6	0	0	0
PPP1R18_6	0	0	0
NRM_6	0	0	0
MDC1_6	0	0	0
MDC1-AS1_6	0	0	0
TUBB_6	13	0	13
FLOT1_6	0	0	0
IER3-AS1_4	0	0	0
IER3_4	0	0	0
HCG20_4	0	0	0
LOC124905395	0	0	0
LINC00243_4	0	0	0
LINC02570_5	0	0	0
DDR1_6	0	0	0
MIR4640_5	0	0	0
GTF2H4_5	0	0	0
VARS2_5	0	0	0
SFTA2_5	0	0	0
LOC124901299_4	0	0	0
MUCL3_4	0	0	0
HCG21_4	0	0	0
MUC21_6	0	0	0
MUC22_6	0	0	0
HCG22_6	0	0	0
C6orf15_5	0	0	0
PSORS1C1_5	7	0	7
CDSN_5	3	0	3
PSORS1C2_5	6	6	0
CCHCR1_5	14	0	14
TCF19_5	0	0	0
POU5F1_5	0	0	0
PSORS1C3_5	0	0	0
HCG27_4	0	0	0
HLA-C_5	0	0	0
LINC02571_3	0	0	0
HLA-B_4	6	0	6
LOC105379656	0	0	0
LOC124901300_3	0	0	0
MICA-AS1_3	15	0	15
MICA_3	3	0	3
HCG26_4	0	0	0
MICB-DT_5	0	0	0
MICB_6	0	0	0
MCCD1_6	0	0	0
ATP6V1G2-DDX39B_6	0	0	0
DDX39B_6	0	0	0
SNORD117_6	0	0	0
SNORD84_5	0	0	0
DDX39B-AS1_5	0	0	0
ATP6V1G2_5	0	0	0
NFKBIL1_5	0	0	0
LOC100287329_5	0	0	0
LTA_5	0	0	0
TNF_6	0	0	0
LTB_6	0	0	0
LST1_6	0	0	0
NCR3_6	0	0	0
AIF1_4	0	0	0
PRRC2A_5	0	0	0
SNORA38_5	0	0	0
MIR6832_5	0	0	0
BAG6_5	0	0	0
APOM_5	0	0	0
C6orf47_5	0	0	0
GPANK1_5	0	0	0
CSNK2B_5	0	0	0
LY6G5B_5	0	0	0
LY6G5C_5	0	0	0
LOC105375019_5	0	0	0
ABHD16A_5	1	0	1
LOC105375018_4	0	0	0
MIR4646_5	0	0	0
LY6G6F-LY6G6D_5	0	0	0
LY6G6F_5	0	0	0
LY6G6E_5	0	0	0
LY6G6D_5	0	0	0
LY6G6C_5	0	0	0
MPIG6B_5	1	1	0
DDAH2_5	0	0	0
CLIC1_5	1	0	1
LOC105375020_2	0	0	0
MSH5-SAPCD1_6	0	0	0
MSH5_6	0	0	0
VARS1_5	0	0	0
LSM2_5	1	0	1
HSPA1L_4	0	0	0
HSPA1A_4	344	0	344
HSPA1B_4	157	0	157
SNHG32_4	0	0	0
SNORD48_4	0	0	0
SNORD52_4	0	0	0
NEU1_6	0	0	0
SLC44A4_5	0	0	0
EHMT2-AS1_5	0	0	0
EHMT2_5	3	0	3
C2_5	0	0	0
ZBTB12_4	18	0	18
C2-AS1_5	0	0	0
CFB_5	1	0	1
NELFE_4	0	0	0
MIR1236_3	0	0	0
SKIC2_4	0	0	0
DXO_4	0	0	0
WHR1_4	0	0	0
C4A_2	3	0	3
CYP21A2_4	0	0	0
TNXB_6	0	0	0
PRRT1_6	0	0	0
LOC100507547_6	0	0	0
PPT2_6	0	0	0
PPT2-EGFL8_6	0	0	0
EGFL8_5	0	0	0
AGPAT1_5	0	0	0
MIR6721_5	0	0	0
RNF5_5	0	0	0
MIR6833_5	0	0	0
AGER_5	0	0	0
PBX2_5	0	0	0
GPSM3_5	0	0	0
NOTCH4_5	0	0	0
TSBP1-AS1_6	0	0	0
TSBP1_6	0	0	0
HCG23_6	0	0	0
BTNL2_6	0	0	0
HLA-DRA_5	0	0	0
HLA-DRB3_2	0	0	0
HLA-DRB1_4	0	0	0
HLA-DQA1_5	0	0	0
HLA-DQB1_5	0	0	0
LOC102725019_6	0	0	0
HLA-DQA2_6	0	0	0
MIR3135B_6	0	0	0
HLA-DQB2_6	0	0	0
TAP2_6	0	0	0
PSMB8_6	0	0	0
PSMB8-AS1_6	0	0	0
TAP1_6	0	0	0
PSMB9_6	0	0	0
LOC124905396	0	0	0
LOC100294145_6	0	0	0
HLA-DMB_6	0	0	0
HLA-DMA_6	0	0	0
LOC124901302_5	0	0	0
BRD2_5	5	0	5
HLA-DOA_5	0	0	0
HLA-DPA1_6	0	0	0
HLA-DPB1_6	0	0	0
HLA-DPB2_6	0	0	0
LOC105375021_5	0	0	0
HCG24_4	0	0	0
COL11A2_5	0	0	0
RXRB_5	0	0	0
SLC39A7_5	0	0	0
HSD17B8_5	0	0	0
MIR219A1_5	0	0	0
RING1_5	0	0	0
LOC105375022_5	0	0	0
HCG25_5	0	0	0
VPS52_5	0	0	0
RPS18_4	0	0	0
B3GALT4_4	0	0	0
WDR46_4	2	0	2
MIR6873_4	0	0	0
PFDN6_4	0	0	0
MIR6834_4	0	0	0
RGL2_4	11	2	9
TAPBP_4	20	0	20
ZBTB22_4	0	0	0
DAXX_4	1	0	1
SMIM40_4	0	0	0
KIFC1_1	0	0	0
VSTM1_6	0	0	0
TARM1_6	0	0	0
OSCAR_6	0	0	0
NDUFA3_6	0	0	0
TFPT_6	0	0	0
LOC124905399	0	0	0
PRPF31_6	0	0	0
PRPF31-AS1_6	0	0	0
CNOT3_6	0	0	0
LOC102724273_6	0	0	0
LENG1_6	0	0	0
TMC4_6	0	0	0
MBOAT7_6	0	0	0
TSEN34_6	0	0	0
RPS9_6	0	0	0
LOC112268340	0	0	0
KIR3DL3_17	0	0	0
KIR2DL3_13	0	0	0
LOC101928804_16	0	0	0
KIR2DL1_11	0	0	0
KIR3DL2_19	0	0	0
NCR1_8	0	0	0
NLRP7_6	0	0	0
NLRP2_6	0	0	0
GP6-AS1_6	0	0	0
GP6_6	0	0	0
RDH13_6	0	0	0
EPS8L1_6	0	0	0
MUC4_7	0	0	0
MUC20_7	0	0	0
LOC124905401	0	0	0
MIR570HG_7	0	0	0
MIR570_7	0	0	0
SDHAP2_7	0	0	0
LOC105374297_7	0	0	0
TRA-AGC5-1_2	0	0	0
TRA-AGC7-1_2	0	0	0
TRT-AGT3-1_2	0	0	0
TRA-CGC4-1_2	0	0	0
TRV-AAC6-1_7	0	0	0
TRR-CCG1-1_7	0	0	0
TRK-TTT7-1_7	0	0	0
TRA-TGC6-1_7	0	0	0
TRF-GAA6-1_7	0	0	0
TRF-GAA5-1_7	0	0	0
TRA-TGC1-1_7	0	0	0
TRF-GAA1-1_7	0	0	0
TRA-AGC1-1_7	0	0	0
TRA-TGC7-1_7	0	0	0
TRF-GAA3-1_7	0	0	0
TRA-AGC6-1_7	0	0	0
TRA-TGC5-1_7	0	0	0
TRF-GAA4-1_7	0	0	0
TRA-AGC2-1_7	0	0	0
LINC01623_7	0	0	0
TRA-AGC2-2_7	0	0	0
TRR-CCG1-2_5	0	0	0
TRL-CAA1-1_5	0	0	0
HCG14_5	0	0	0
TRIM27_6	0	0	0
TRL-CAA1-2_5	0	0	0
TRQ-CTG1-3_5	0	0	0
TRL-AAG2-2_5	0	0	0
LINC01556_5	0	0	0
TRM-CAT3-1_5	0	0	0
TRK-TTT3-3_5	0	0	0
TRM-CAT3-2_5	0	0	0
TRF-GAA1-2_6	0	0	0
TRE-CTC1-6_6	0	0	0
HCG15_6	0	0	0
TRL-AAG3-1_6	0	0	0
ZNF311_6	11	0	11
LOC105375002_7	0	0	0
OR2W1-AS1_6	0	0	0
OR2W1_7	0	0	0
OR2B3_7	0	0	0
OR2J1_7	0	0	0
OR2J3_7	0	0	0
OR2J2_7	0	0	0
LINC03003_6	0	0	0
LOC105375005_5	0	0	0
OR14J1_6	0	0	0
OR5V1_4	0	0	0
OR12D3_5	0	0	0
OR12D2_5	0	0	0
OR12D1_6	0	0	0
OR11A1_7	0	0	0
OR10C1_7	0	0	0
OR2H1_7	0	0	0
LOC105375008_7	0	0	0
LOC124905400	0	0	0
MAS1L_7	0	0	0
LINC02829_7	0	0	0
LINC01015_7	0	0	0
OR2I1_7	0	0	0
GABBR1_7	0	0	0
MOG_7	0	0	0
ZFP57_7	0	0	0
HLA-F_6	0	0	0
HLA-F-AS1_6	0	0	0
IFITM4P_6	0	0	0
LOC105379663	0	0	0
HCG4_7	0	0	0
HLA-V_7	0	0	0
HLA-G_7	0	0	0
LOC105375010_6	0	0	0
HCP5B_7	0	0	0
HLA-H_7	0	0	0
HCG4B_6	0	0	0
HLA-A_7	4	0	4
HCG9_6	0	0	0
POLR1HASP_7	0	0	0
HLA-J_7	2	2	0
POLR1H_7	0	0	0
PPP1R11_7	0	0	0
RNF39_7	0	0	0
TRIM31_7	0	0	0
TRIM31-AS1_7	0	0	0
LOC124900227_7	0	0	0
TRIM40_7	0	0	0
TRIM10_7	0	0	0
TRIM15_7	0	0	0
TRIM26_7	0	0	0
HCG17_6	0	0	0
HLA-L_5	0	0	0
HCG18_6	0	0	0
TRIM39_6	0	0	0
TRIM39-RPP21_6	0	0	0
RPP21_6	0	0	0
LOC105375012_6	0	0	0
HLA-E_6	0	0	0
LINC02569_7	0	0	0
GNL1_7	0	0	0
PRR3_6	0	0	0
ABCF1_6	0	0	0
MIR877_6	0	0	0
PPP1R10_6	0	0	0
MRPS18B_6	0	0	0
ATAT1_6	0	0	0
C6orf136_6	0	0	0
DHX16_7	0	0	0
LOC107987457	0	0	0
MDC1_7	0	0	0
MDC1-AS1_7	0	0	0
TUBB_7	0	0	0
FLOT1_7	1	0	1
IER3-AS1_5	0	0	0
IER3_5	0	0	0
HCG20_5	0	0	0
LINC00243_5	0	0	0
MUC22_7	0	0	0
HCG22_7	0	0	0
TCF19_6	0	0	0
POU5F1_6	0	0	0
PSORS1C3_6	0	0	0
HCG27_5	0	0	0
HLA-C_6	0	0	0
LINC02571_4	0	0	0
HLA-B_5	0	0	0
MIR6891_3	0	0	0
LOC105379664	0	0	0
LOC124901300_4	0	0	0
MICA-AS1_4	0	0	0
MICA_4	0	0	0
LINC01149_3	0	0	0
HCP5_3	0	0	0
HCG26_5	15	0	15
MICB-DT_6	0	0	0
MICB_7	1	0	1
MCCD1_7	0	0	0
ATP6V1G2-DDX39B_7	0	0	0
DDX39B_7	0	0	0
SNORD117_7	0	0	0
SNORD84_6	0	0	0
DDX39B-AS1_6	0	0	0
ATP6V1G2_6	0	0	0
NFKBIL1_6	0	0	0
LOC100287329_6	0	0	0
LTA_6	0	0	0
TNF_7	0	0	0
LTB_7	0	0	0
LST1_7	0	0	0
NCR3_7	0	0	0
AIF1_5	0	0	0
PRRC2A_6	0	0	0
SNORA38_6	0	0	0
MIR6832_6	0	0	0
BAG6_6	1	0	1
APOM_6	0	0	0
C6orf47_6	0	0	0
GPANK1_6	0	0	0
CSNK2B_6	0	0	0
LY6G5B_6	0	0	0
LY6G5C_6	0	0	0
LOC105375019_6	0	0	0
ABHD16A_6	0	0	0
LOC105375018_5	0	0	0
MIR4646_6	0	0	0
LY6G6F-LY6G6D_6	0	0	0
LY6G6F_6	0	0	0
LY6G6E_6	0	0	0
LY6G6D_6	0	0	0
LY6G6C_6	0	0	0
MPIG6B_6	0	0	0
DDAH2_6	0	0	0
CLIC1_6	0	0	0
MSH5-SAPCD1_7	0	0	0
MSH5_7	0	0	0
SAPCD1_5	0	0	0
SAPCD1-AS1_5	0	0	0
VWA7_5	0	0	0
VARS1_6	0	0	0
NEU1_7	0	0	0
SLC44A4_6	0	0	0
EHMT2-AS1_6	0	0	0
EHMT2_6	0	0	0
C2_6	0	0	0
C2-AS1_6	0	0	0
CFB_6	0	0	0
NELFE_5	0	0	0
MIR1236_4	0	0	0
SKIC2_5	0	0	0
DXO_5	0	0	0
WHR1_5	0	0	0
C4B_2_1	0	0	0
CYP21A1P_2	0	0	0
TNXA_3	0	0	0
C4B_3	0	0	0
CYP21A2_5	0	0	0
TNXB_7	0	0	0
PRRT1_7	0	0	0
LOC100507547_7	0	0	0
PPT2_7	0	0	0
PPT2-EGFL8_7	0	0	0
EGFL8_6	0	0	0
AGPAT1_6	0	0	0
MIR6721_6	0	0	0
RNF5_6	0	0	0
MIR6833_6	0	0	0
AGER_6	0	0	0
PBX2_6	0	0	0
GPSM3_6	0	0	0
NOTCH4_6	0	0	0
TSBP1-AS1_7	0	0	0
TSBP1_7	0	0	0
HCG23_7	0	0	0
BTNL2_7	0	0	0
HLA-DRA_6	0	0	0
HLA-DRB4_2	0	0	0
HLA-DRB1_5	0	0	0
HLA-DQA1_6	0	0	0
HLA-DQB1_6	0	0	0
LOC102725019_7	0	0	0
HLA-DQA2_7	0	0	0
MIR3135B_7	0	0	0
HLA-DQB2_7	0	0	0
HLA-DOB_5	0	0	0
TAP2_7	0	0	0
PSMB8_7	0	0	0
PSMB8-AS1_7	0	0	0
TAP1_7	0	0	0
PSMB9_7	0	0	0
LOC100294145_7	0	0	0
HLA-DMB_7	0	0	0
HLA-DMA_7	0	0	0
LOC124901302_6	0	0	0
BRD2_6	2	0	2
HLA-DOA_6	0	0	0
HLA-DPA1_7	0	0	0
HLA-DPB1_7	0	0	0
HLA-DPB2_7	0	0	0
LOC105375021_6	0	0	0
COL11A2_6	0	0	0
LOC105375022_6	0	0	0
HCG25_6	0	0	0
VPS52_6	0	0	0
RPS18_5	0	0	0
SMIM40_5	0	0	0
KIFC1_2	3	0	3
PHF1_1	124	0	124
CUTA_1	0	0	0
SYNGAP1_1	6	0	6
SYNGAP1-AS1_1	0	0	0
MIR5004_1	0	0	0
ZBTB9_1	20	0	20
VSTM1_7	0	0	0
TARM1_7	0	0	0
OSCAR_7	0	0	0
NDUFA3_7	0	0	0
TFPT_7	0	0	0
PRPF31_7	0	0	0
PRPF31-AS1_7	0	0	0
CNOT3_7	0	0	0
LOC102724273_7	0	0	0
LENG1_7	0	0	0
TMC4_7	0	0	0
MBOAT7_7	0	0	0
TSEN34_7	0	0	0
RPS9_7	140	0	140
LOC124905402	0	0	0
LOC102725035	3	3	0
LOC107985279_2	0	0	0
LILRA6_2	0	0	0
LOC107987463_2	0	0	0
LILRB5_2	0	0	0
LAIR1_2	2	0	2
LILRB2_2	0	0	0
TTYH1_2	0	0	0
LENG8-AS1_2	0	0	0
LENG8_2	0	0	0
LENG9_2	0	0	0
CDC42EP5_2	0	0	0
LAIR2_2	0	0	0
LOC105372460_2	0	0	0
KIR3DX1_2	0	0	0
LOC105372461_2	0	0	0
LOC107985347_1	0	0	0
LILRA2_2	0	0	0
LILRA1_2	0	0	0
LILRB1_2	0	0	0
LILRB4_2	0	0	0
MIR8061_2	0	0	0
LOC102724290	0	0	0
LILRP2_16	0	0	0
KIR3DL3_18	0	0	0
KIR2DL3_14	0	0	0
LOC101928804_17	0	0	0
KIR2DL1_12	0	0	0
KIR2DL4_13	0	0	0
KIR3DL1_11	0	0	0
KIR2DS4_12	0	0	0
KIR3DL2_20	0	0	0
FCAR_4	0	0	0
NCR1_9	0	0	0
NLRP7_7	0	0	0
NLRP2_7	0	0	0
GP6-AS1_7	0	0	0
GP6_7	0	0	0
RDH13_7	0	0	0
EPS8L1_7	0	0	0
HLA-DRA_7	0	0	0
BTNL2_8	0	0	0
TSBP1-AS1_8	0	0	0
HCG23_8	0	0	0
VSTM1_8	0	0	0
TARM1_8	0	0	0
OSCAR_8	0	0	0
NDUFA3_8	0	0	0
TFPT_8	0	0	0
PRPF31_8	0	0	0
PRPF31-AS1_8	0	0	0
CNOT3_8	0	0	0
LOC102724273_8	0	0	0
LENG1_8	0	0	0
TMC4_8	0	0	0
MBOAT7_8	0	0	0
TSEN34_8	0	0	0
RPS9_8	0	0	0
LOC124905652	0	0	0
LILRA6_3	0	0	0
LOC124905651	0	0	0
LOC107987463_3	0	0	0
LILRB5_3	0	0	0
LILRB2_3	0	0	0
MIR4752_3	0	0	0
LILRA3_2	0	0	0
LILRA5_3	0	0	0
LILRA4_2	0	0	0
LAIR1_3	0	0	0
LOC107987461	0	0	0
LILRB4_3	0	0	0
MIR8061_3	0	0	0
LILRP2_17	0	0	0
KIR3DL3_19	0	0	0
KIR2DS2_1	0	0	0
KIR2DL2_2	0	0	0
NCR1_10	0	0	0
NLRP7_8	0	0	0
NLRP2_8	0	0	0
GP6-AS1_8	0	0	0
GP6_8	0	0	0
RDH13_8	0	0	0
EPS8L1_8	0	0	0
VSTM1_9	0	0	0
TARM1_9	0	0	0
OSCAR_9	0	0	0
NDUFA3_9	0	0	0
TFPT_9	0	0	0
LOC124905653	0	0	0
PRPF31_9	0	0	0
PRPF31-AS1_9	0	0	0
CNOT3_9	0	0	0
LOC102724273_9	0	0	0
LENG1_9	0	0	0
TMC4_9	0	0	0
MBOAT7_9	0	0	0
TSEN34_9	0	0	0
RPS9_9	0	0	0
LOC124905654	0	0	0
LOC107987462	0	0	0
LOC107985279_3	0	0	0
LILRA6_4	0	0	0
LOC107987463_4	0	0	0
LILRB5_4	0	0	0
LILRB2_4	0	0	0
MIR4752_4	0	0	0
LILRA3_3	0	0	0
LILRA5_4	0	0	0
LILRA4_3	0	0	0
LAIR1_4	0	0	0
TTYH1_3	0	0	0
LENG8-AS1_3	0	0	0
LENG8_3	0	0	0
LENG9_3	0	0	0
CDC42EP5_3	0	0	0
LAIR2_3	0	0	0
LOC105372460_3	0	0	0
KIR3DX1_3	0	0	0
LOC105372461_3	0	0	0
LOC107985347_2	0	0	0
LILRA2_3	0	0	0
LILRA1_3	0	0	0
LILRB1_3	0	0	0
LILRB4_4	0	0	0
MIR8061_4	0	0	0
LILRP2_18	0	0	0
KIR3DL3_20	0	0	0
KIR2DL3_15	0	0	0
LOC101928804_18	0	0	0
KIR2DL1_13	0	0	0
KIR2DL4_14	0	0	0
KIR3DL1_12	0	0	0
KIR2DS4_13	0	0	0
KIR3DL2_21	0	0	0
FCAR_5	0	0	0
NCR1_11	0	0	0
NLRP7_9	0	0	0
NLRP2_9	0	0	0
GP6-AS1_9	0	0	0
GP6_9	0	0	0
RDH13_9	0	0	0
EPS8L1_9	0	0	0
KIR3DL2_22	0	0	0
KIR2DS1_6	0	0	0
LOC102725023_1	0	0	0
KIR2DL5A_2	0	0	0
KIR3DS1_2	0	0	0
KIR2DL4_15	0	0	0
KIR2DL1_14	0	0	0
LOC101928804_19	0	0	0
KIR2DS3_1	0	0	0
KIR2DL5B_1	0	0	0
KIR2DS2_2	0	0	0
KIR3DL3_21	0	0	0
LILRP2_19	0	0	0
KIR3DL2_23	0	0	0
KIR2DS4_14	0	0	0
KIR3DL1_13	0	0	0
KIR2DL4_16	0	0	0
KIR2DL1_15	0	0	0
LOC101928804_20	0	0	0
KIR2DL3_16	0	0	0
KIR3DL3_22	0	0	0
LILRP2_20	0	0	0
KIR3DL2_24	0	0	0
KIR2DS4_15	0	0	0
KIR3DL1_14	0	0	0
KIR2DL4_17	0	0	0
LOC128966727	0	0	0
KIR2DL2_3	0	0	0
KIR2DS2_3	0	0	0
KIR3DL3_23	0	0	0
LILRP2_21	0	0	0
KIR3DL2_25	0	0	0
KIR2DS4_16	0	0	0
KIR3DL1_15	0	0	0
KIR2DL4_18	0	0	0
KIR2DL1_16	0	0	0
LOC101928804_21	0	0	0
KIR2DL3_17	0	0	0
KIR3DL3_24	0	0	0
LILRP2_22	0	0	0
KIR3DL2_26	0	0	0
KIR2DS4_17	0	0	0
KIR3DL1_16	0	0	0
KIR2DL4_19	0	0	0
KIR2DL1_17	0	0	0
LOC101928804_22	0	0	0
KIR2DS3_2	0	0	0
KIR2DL5B_2	0	0	0
KIR2DS2_4	0	0	0
KIR3DL3_25	0	0	0
LILRP2_23	0	0	0
KIR3DL2_27	0	0	0
KIR2DS1_7	0	0	0
KIR2DS3_3	0	0	0
KIR2DL5A_3	0	0	0
KIR3DS1_3	0	0	0
KIR2DL4_20	0	0	0
KIR2DL1_18	0	0	0
LOC101928804_23	0	0	0
KIR2DL3_18	0	0	0
KIR3DL3_26	0	0	0
LILRP2_24	0	0	0
KIR3DL2_28	0	0	0
KIR2DS4_18	0	0	0
KIR3DL1_17	0	0	0
KIR2DL4_21	0	0	0
LOC128966728	0	0	0
KIR2DL2_4	0	0	0
KIR2DS2_5	0	0	0
KIR3DL3_27	0	0	0
LILRP2_25	0	0	0
KIR3DL2_29	0	0	0
KIR2DS4_19	0	0	0
KIR3DL1_18	0	0	0
KIR2DL4_22	0	0	0
KIR2DL1_19	0	0	0
LOC101928804_24	0	0	0
KIR2DL3_19	0	0	0
KIR3DL3_28	0	0	0
LILRP2_26	0	0	0
KIR3DL2_30	0	0	0
KIR2DS1_8	0	0	0
KIR2DS5_2	0	0	0
KIR2DL5A_4	0	0	0
KIR3DS1_4	0	0	0
KIR2DL4_23	0	0	0
LOC128966729	0	0	0
KIR2DL2_5	0	0	0
KIR2DS2_6	0	0	0
KIR3DL3_29	0	0	0
LILRP2_27	0	0	0
KIR3DL2_31	0	0	0
KIR2DS4_20	0	0	0
KIR3DL1_19	0	0	0
KIR2DL4_24	0	0	0
KIR2DL1_20	0	0	0
LOC101928804_25	0	0	0
KIR2DL3_20	0	0	0
KIR3DL3_30	0	0	0
LILRP2_28	0	0	0
KIR3DL2_32	0	0	0
KIR2DS4_21	0	0	0
KIR3DL1_20	0	0	0
KIR2DL4_25	0	0	0
KIR2DL1_21	0	0	0
LOC101928804_26	0	0	0
KIR2DS5_3	0	0	0
KIR2DL5B_3	0	0	0
KIR2DS2_7	0	0	0
KIR3DL3_31	0	0	0
LILRP2_29	0	0	0
KIR3DL2_33	0	0	0
KIR2DS4_22	0	0	0
KIR3DL1_21	0	0	0
KIR2DL4_26	0	0	0
KIR2DL1_22	0	0	0
LOC101928804_27	0	0	0
KIR2DL3_21	0	0	0
KIR3DL3_32	0	0	0
LILRP2_30	0	0	0
KIR3DL2_34	0	0	0
KIR2DS1_9	0	0	0
KIR2DS3_4	0	0	0
KIR2DL5A_5	0	0	0
KIR3DS1_5	0	0	0
KIR2DL4_27	0	0	0
LOC128966730	0	0	0
KIR2DL2_6	0	0	0
KIR2DS2_8	0	0	0
KIR3DL3_33	0	0	0
LILRP2_31	0	0	0
KIR3DL3_34	0	0	0
KIR2DL3_22	0	0	0
LOC101928804_28	0	0	0
KIR2DL1_23	0	0	0
KIR2DL4_28	0	0	0
KIR3DL1_22	0	0	0
KIR2DS4_23	0	0	0
KIR3DL2_35	0	0	0
FCAR_6	0	0	0
NCR1_12	0	0	0
LILRP2_32	0	0	0
KIR3DL3_35	0	0	0
KIR2DL3_23	0	0	0
LOC101928804_29	0	0	0
KIR2DL1_24	0	0	0
KIR2DL4_29	0	0	0
KIR3DL1_23	0	0	0
KIR3DL2_36	0	0	0
KIR2DS4_24	0	0	0
KIR3DL1_24	0	0	0
KIR2DL4_30	0	0	0
KIR2DL1_25	0	0	0
LOC101928804_30	0	0	0
KIR2DL3_24	0	0	0
KIR3DL3_36	0	0	0
LILRP2_33	0	0	0
LILRP2_34	0	0	0
KIR3DL3_37	0	0	0
KIR2DL3_25	0	0	0
LOC101928804_31	0	0	0
KIR2DL1_26	0	0	0
KIR2DL4_31	0	0	0
KIR3DL1_25	0	0	0
KIR2DS4_25	0	0	0
KIR3DL2_37	0	0	0
FCAR_7	0	0	0
NCR1_13	0	0	0
LILRP2_35	0	0	0
KIR3DL3_38	0	0	0
KIR2DS2_9	0	0	0
KIR2DL5B_4	0	0	0
KIR2DS3_5	0	0	0
LOC101928804_32	0	0	0
KIR2DL1_27	0	0	0
KIR2DL4_32	0	0	0
KIR3DS1_6	0	0	0
KIR2DL5A_6	0	0	0
LOC102725023_2	0	0	0
KIR2DS1_10	0	0	0
KIR3DL2_38	0	0	0
FCAR_8	0	0	0
NCR1_14	0	0	0
KIR3DL3_39	0	0	0
KIR2DL3_26	0	0	0
LOC101928804_33	0	0	0
KIR2DL1_28	0	0	0
KIR2DL4_33	0	0	0
KIR3DL1_26	0	0	0
KIR2DS4_26	0	0	0
KIR3DL2_39	0	0	0
FCAR_9	0	0	0
NCR1_15	0	0	0
LILRP2_36	0	0	0
KIR3DL3_40	0	0	0
KIR2DS2_10	0	0	0
KIR2DL2_7	0	0	0
LOC128966731	0	0	0
KIR2DL4_34	0	0	0
KIR3DL1_27	0	0	0
KIR2DS4_27	0	0	0
KIR3DL2_40	0	0	0
FCAR_10	0	0	0
NCR1_16	0	0	0
KIR3DL3_41	0	0	0
KIR2DL3_27	0	0	0
LOC101928804_34	0	0	0
KIR2DL1_29	0	0	0
KIR2DL4_35	0	0	0
KIR3DL1_28	0	0	0
KIR2DS4_28	0	0	0
KIR3DL2_41	0	0	0
FCAR_11	0	0	0
NCR1_17	0	0	0
KIR3DL2_42	0	0	0
KIR2DS4_29	0	0	0
KIR3DL1_29	0	0	0
KIR2DL4_36	0	0	0
LOC128966732	0	0	0
KIR2DL1_30	0	0	0
LOC101928804_35	0	0	0
KIR2DS5_4	0	0	0
KIR2DL5B_5	0	0	0
KIR2DL3_28	0	0	0
KIR3DL3_42	0	0	0
LILRP2_37	0	0	0
KIR3DL2_43	0	0	0
KIR2DS4_30	0	0	0
KIR3DL1_30	0	0	0
KIR2DL4_37	0	0	0
KIR2DL1_31	0	0	0
LOC101928804_36	0	0	0
KIR2DL3_29	0	0	0
KIR3DL3_43	0	0	0
LILRP2_38	0	0	0
KIR3DL2_44	0	0	0
KIR2DS4_31	0	0	0
KIR3DL1_31	0	0	0
KIR2DL4_38	0	0	0
KIR2DL1_32	0	0	0
LOC101928804_37	0	0	0
KIR2DS5_5	0	0	0
KIR2DL5B_6	0	0	0
KIR2DS2_11	0	0	0
KIR3DL3_44	0	0	0
LILRP2_39	0	0	0
KIR3DL2_45	0	0	0
KIR2DS4_32	0	0	0
KIR3DL1_32	0	0	0
KIR2DL4_39	0	0	0
KIR2DL1_33	0	0	0
LOC101928804_38	0	0	0
KIR2DL3_30	0	0	0
KIR3DL3_45	0	0	0
LILRP2_40	0	0	0
KIR3DL2_46	0	0	0
KIR2DS1_11	0	0	0
KIR2DS5_6	0	0	0
KIR2DL5A_7	0	0	0
KIR3DS1_7	0	0	0
KIR2DL4_40	0	0	0
LOC128966733	0	0	0
KIR2DL2_8	0	0	0
KIR2DS2_12	0	0	0
KIR3DL3_46	0	0	0
LILRP2_41	0	0	0
TRNF	0	0	0
RNR1	11788	8	11780
TRNV	0	0	0
RNR2	204561	52	204511
TRNL1	0	0	0
ND1	85999	164	85838
TRNI	0	0	0
TRNQ	0	216	8
TRNM	0	0	0
ND2	88428	133	88295
TRNW	0	0	5
TRNA	0	2	0
TRNN	0	1	0
TRNC	0	0	0
TRNY	0	1822	1
COX1	437225	177	470011
TRNS1	0	21687	5
TRND	0	0	0
COX2	151512	128	151384
TRNK	0	0	0
ATP8	51	0	51
ATP6	74202	150	74056
COX3	110780	868	109912
TRNG	0	0	0
ND3	3976	280	3697
TRNR	0	0	0
ND4L	9727	31	9696
ND4	292619	893	291730
TRNH	0	0	0
TRNS2	0	0	0
TRNL2	0	0	0
ND5	84738	6836	101007
ND6	13476	35197	1320
TRNE	0	76	4
CYTB	96294	318	96219
TRNT	0	2	17
TRNP	3182	3308	13
