N_unmapped	927422	927422	927422
N_multimapping	1844550	1844550	1844550
N_noFeature	880933	19445971	987204
N_ambiguous	1541671	96715	629006
DDX11L1	0	1	0
WASH7P	494	0	495
MIR6859-1	1	0	1
MIR1302-2HG	1	0	1
MIR1302-2	0	0	0
FAM138A	0	0	0
OR4F5	0	0	0
LOC124903816	0	0	0
LOC124900384	8	0	8
LOC729737	9	0	9
LOC124903814	0	0	0
DDX11L17	1	1	0
WASH9P	93	2	91
MIR6859-2	0	0	0
LOC127239154	3	0	3
LOC124903815	0	0	0
LOC124900618	0	0	0
LOC112268260	0	0	0
OR4F29	0	0	0
LOC100132287	0	0	0
LOC124904706	0	0	0
LOC105378947	1	0	1
LOC101928626	0	0	0
MIR12136	0	0	0
OR4F16	2	0	2
LOC100288069	162	0	162
LINC01409	9	1	8
LOC124903817	8	6	2
FAM87B	3	3	0
LINC00115	36	0	36
LINC01128	166	0	166
LOC107984850	1	0	1
FAM41C	1	1	0
LOC284600	259	404	249
LINC02593	148	26	360
LOC107985728	205	9	352
SAMD11	1823	316	2123
NOC2L	3325	327	3613
KLHL17	489	10	483
PLEKHN1	104	7	134
PERM1	16	53	0
HES4	1640	9	1634
ISG15	26694	5	26692
AGRN	12305	4	12301
LOC100288175	113	29	137
LOC105378948	13	55	11
RNF223	110	0	110
C1orf159	717	2	715
LOC124903819	0	0	0
LOC124903820	0	0	0
LINC01342	0	0	0
MIR200BHG	0	0	0
MIR200B	0	0	0
MIR200A	0	0	0
MIR429	0	0	0
TTLL10-AS1	0	0	0
TTLL10	0	0	0
TNFRSF18	0	0	0
TNFRSF4	3	3	0
SDF4	6038	1	6037
B3GALT6	713	1	712
C1QTNF12	34	15	19
UBE2J2	865	1	864
LINC01786	17	0	17
SCNN1D	73	0	73
ACAP3	731	2	729
MIR6726	0	0	0
SNORD167	2	0	2
PUSL1	436	23	454
INTS11	1477	67	1451
MIR6727	0	0	0
CPTP	632	4	628
TAS1R3	11	5	8
DVL1	1841	9	1834
MIR6808	0	0	0
MXRA8	96	96	0
AURKAIP1	1806	0	1806
CCNL2	2526	1	2527
MRPL20-AS1	313	75	312
MRPL20	589	4	657
MRPL20-DT	82	0	82
ANKRD65	2	0	2
ANKRD65-AS1	0	0	0
TMEM278	0	0	0
LINC01770	0	0	0
LOC107985729	0	0	0
VWA1	1	0	1
ATAD3C	0	0	0
ATAD3B	742	0	742
ATAD3A	1176	4	1172
TMEM240	3	0	3
SSU72	1770	2	1769
SSU72-AS1	2	1	2
FNDC10	0	0	0
LOC105378586	0	0	0
MIB2	159	47	650
LOC124903821	8	546	0
MMP23B	11	0	11
CDK11B	851	1	850
SLC35E2B	952	10	942
MMP23A	0	0	0
CDK11A	363	0	363
SLC35E2A	283	12	271
LOC112268218	4	233	4
NADK	2271	6	2498
GNB1	2374	0	2374
GNB1-DT	11	0	11
LOC124903822	8	0	8
CALML6	1	0	1
TMEM52	10	0	10
CFAP74	1	0	1
LOC107984872	0	0	0
LOC105378589	0	0	0
GABRD	0	0	0
LOC105378590	0	0	0
PRKCZ	202	49	283
PRKCZ-DT	0	0	0
PRKCZ-AS1	10	9	3
FAAP20	353	96	412
LOC112268219	25	39	1
LOC105378593	4	7	9
LOC124903823	0	1	0
SKI	868	3	865
LOC124903824	0	0	0
MORN1	236	0	236
LOC100129534	117	0	117
RER1	1478	137	1708
PEX10	235	230	372
PLCH2	1	0	1
PANK4	0	0	1
HES5	0	0	0
TNFRSF14-AS1	0	0	0
TNFRSF14	0	0	0
LOC100996583	0	0	0
PRXL2B	0	0	0
MMEL1	0	0	0
MMEL1-AS1	0	0	0
TTC34	0	0	0
LOC105378602	0	0	0
LOC105378601	0	0	0
LOC112268220	0	0	0
LOC107985732	0	0	0
LOC105378600	0	0	0
LOC105378598	0	0	0
LOC107984904	0	0	0
LOC105378599	0	0	0
LOC124903825	0	0	0
LOC124903826	0	0	0
ACTRT2	0	0	0
LOC124903827	0	0	0
PRDM16-DT	0	0	0
PRDM16	0	0	0
MIR4251	0	0	0
LOC105378606	0	0	0
LOC107984909	0	0	0
LOC105378605	0	0	0
LOC124903828	0	0	0
LOC105378604	0	0	0
ARHGEF16	568	2	566
MEGF6	587	1	586
LOC105378608	4	0	4
MIR551A	0	0	0
TPRG1L	424	0	424
WRAP73	296	2	294
TP73	0	10	0
TP73-AS3	2	0	2
TP73-AS2	0	0	0
GFOD3P	391	0	401
CCDC27	0	0	0
SMIM1	14	0	14
LRRC47	949	16	933
CEP104	385	0	385
LOC124903829	1	0	1
DFFB	108	0	108
C1orf174	245	0	245
LINC01134	15	0	15
LINC01346	0	0	0
LINC01345	0	0	0
LINC02780	0	0	0
LINC01777	0	0	0
LOC105376674	0	0	0
LOC124904578	0	0	0
LINC01646	0	0	0
AJAP1	0	0	0
LINC02781	0	0	0
LOC124904589	0	0	0
LOC102724429	0	0	0
LINC02782	0	0	0
LOC105376682	0	0	0
LOC124904590	0	0	0
LOC107984911	0	0	0
LOC105376686	0	0	0
LOC124900451	0	0	0
LOC124903830	0	0	0
MIR4689	0	0	0
NPHP4	396	0	396
KCNAB2	331	0	331
LOC124903831	0	0	0
CHD5	20	0	20
RPL22	4111	0	4111
RNF207-AS1	12	4	10
RNF207	358	14	362
ICMT	2048	28	2036
ICMT-DT	24	0	24
HES3	0	0	0
GPR153	387	1	386
ACOT7	624	2	622
HES2	188	0	188
ESPN	100	9	102
MIR4252	0	0	0
TNFRSF25	55	4	62
PLEKHG5	161	0	161
NOL9	261	0	261
TAS1R1	0	0	0
LOC107984912	0	0	0
ZBTB48	180	0	180
KLHL21	720	0	720
LOC107984913	2	0	2
PHF13	429	0	429
THAP3	208	715	215
DNAJC11	950	8	1664
LINC01672	0	0	0
LOC124904847	0	0	0
CAMTA1-DT	15	0	15
CAMTA1	388	0	388
LOC124903832	2	0	2
CAMTA1-AS3	0	0	0
CAMTA1-IT1	0	0	0
CAMTA1-AS2	0	0	0
CAMTA1-AS1	0	0	0
LOC105376691	0	0	0
LOC105376689	0	0	0
VAMP3	1340	0	1340
PER3	94	0	105
LOC124903833	1	12	0
UTS2	0	0	0
TNFRSF9	4	0	4
PARK7	3845	0	3845
LOC124903834	19	2	17
ERRFI1	1099	3	1096
ERRFI1-DT	1	0	1
LOC107984915	2	0	2
LINC01714	0	0	0
LOC105376695	0	0	0
LINC03154	0	0	0
SLC45A1	2	2	0
RERE	1012	1	1011
RERE-AS1	1	1	0
SNORD128	0	0	0
LOC124900452	0	0	0
ENO1	59158	15	59160
MIR6728	1	0	1
ENO1-AS1	40	52	5
LINC03153	0	0	0
CA6	0	0	0
SLC2A7	4	0	4
SLC2A5	31	0	31
LOC124900441	0	0	0
GPR157	309	0	309
MIR34AHG	95	4	95
MIR34A	0	0	0
LNCTAM34A	1	0	5
H6PD	1052	0	1052
LOC124903836	0	0	0
SPSB1	388	0	388
LINC02606	2	0	2
SLC25A33	213	1	212
TMEM201	390	0	390
LOC124903837	3	0	3
PIK3CD	70	56	71
LOC105376712	0	0	0
PIK3CD-AS1	0	0	0
PIK3CD-AS2	0	0	0
LOC124903839	0	1	0
CLSTN1	3746	4	3798
CTNNBIP1	102	0	216
CTNNBIP1-AS1	0	56	0
LOC105376717	0	58	0
LOC124903838	1	0	1
LZIC	328	0	332
NMNAT1	185	6	184
TMEM274P	1	1	0
MIR5697	0	0	0
LOC124903840	0	1	0
RBP7	0	0	0
UBE4B	923	2	921
KIF1B	928	1	927
PGD	1951	0	1951
CENPS-CORT	0	0	0
CENPS	3	0	3
CORT	4	2	2
DFFA	1055	0	1055
PEX14	516	1	515
CASZ1	156	0	156
LOC105376733	0	0	0
LOC105376735	0	0	0
CIROZ	7	0	7
TARDBP	3298	2	3302
MASP2	4	8	2
SRM	1832	1	1831
EXOSC10	2210	16	2309
EXOSC10-AS1	2	103	14
MTOR	1840	0	1931
MTOR-AS1	0	91	0
LOC124904848	0	0	0
ANGPTL7	0	0	0
UBIAD1	313	0	313
LOC105376737	0	0	0
LOC105376739	0	0	0
LOC105376740	0	0	0
LOC124903841	0	0	0
DISP3	7	0	7
LOC124903842	0	0	0
LINC01647	1	1	0
FBXO2	43	0	50
FBXO44	103	10	101
FBXO6	2	0	2
MAD2L2	808	0	809
DRAXIN	0	0	0
AGTRAP	859	1	858
C1orf167	0	173	71
C1orf167-AS1	0	0	0
MTHFR	248	72	420
CLCN6	255	1	254
NPPA-AS1	2	0	10
NPPA	3	11	0
NPPB	0	0	0
RNU5E-1	0	0	0
LOC124903843	0	0	0
KIAA2013	1281	1	1280
PLOD1	6267	1	6266
MFN2	2492	3	2489
MIIP	1227	1	1226
MIR6729	0	0	0
TNFRSF8	74	1	73
MIR7846	0	0	0
TNFRSF1B	2	0	2
LOC124903844	0	0	0
MIR4632	0	0	0
VPS13D	1073	1	1072
LOC124903845	0	0	0
SNORA59A	2	0	2
LINC02766	0	0	0
DHRS3	1031	0	1031
MIR6730	0	0	0
AADACL4	0	0	0
LOC124903846	4	0	4
AADACL3	0	0	0
LOC124904811	0	0	0
CFAP107	1	0	1
PRAMEF12	0	0	0
PRAMEF1	0	0	0
LINC01784	0	0	0
PRAMEF11	0	0	0
HNRNPCL1	0	0	0
PRAMEF2	0	0	0
PRAMEF4	0	0	0
PRAMEF10	0	0	0
PRAMEF7	0	0	0
PRAMEF6	0	0	0
PRAMEF27	0	0	0
HNRNPCL3	0	0	0
PRAMEF25	0	0	0
PRAMEF34P	0	0	0
HNRNPCL2	0	0	0
PRAMEF36P	0	0	0
PRAMEF26	0	0	0
HNRNPCL4	0	0	0
PRAMEF9	0	0	0
PRAMEF13	0	0	0
PRAMEF18	0	0	0
PRAMEF5	0	0	0
PRAMEF8	0	0	0
PRAMEF33	0	0	0
PRAMEF15	0	0	0
PRAMEF14	0	0	0
PRAMEF19	0	0	0
PRAMEF17	0	0	0
PRAMEF20	0	0	0
LRRC38	0	0	0
LOC102724856	0	0	0
LOC107984918	0	0	0
PDPN	0	0	0
LOC105378612	0	0	0
LOC105376756	0	0	0
LOC124900446	0	0	0
PRDM2	130	0	130
KAZN	33	14	32
LOC107985467	0	0	0
LOC124903847	0	0	0
KAZN-AS1	0	0	0
LOC124903850	0	0	0
LOC105376759	0	0	0
LOC124903848	0	0	0
LOC107985469	0	0	0
LOC124903849	0	0	0
TMEM51-AS1	1	0	15
TMEM51	148	1	148
TMEM51-AS2	0	0	0
FHAD1	35	31	37
LOC124903853	39	0	49
LOC124903852	8	0	8
FHAD1-AS1	7	15	14
LOC124903851	3	2	1
EFHD2-AS1	6	4	5
EFHD2	3556	3	3556
CTRC	2	1	1
CELA2A	2	2	1
LOC105376767	0	1	0
CELA2B	9	11	2
CASP9	735	1	738
DNAJC16	330	24	313
SCARNA21B	0	0	0
AGMAT	142	11	138
LOC124903854	1	1	0
DDI2	496	0	496
RSC1A1	0	0	0
PLEKHM2	1650	2	1648
SLC25A34	11	1	12
SLC25A34-AS1	0	1	1
TMEM82	2	0	2
FBLIM1	242	0	242
UQCRHL	390	0	390
SPEN-AS1	51	9	48
SPEN	1679	0	1685
LOC124904815	0	0	0
ZBTB17	401	2	399
LOC124903855	5	1	4
SRARP	0	0	0
HSPB7	783	7	776
CLCNKA	32	0	32
CLCNKB	1	0	1
FAM131C	131	0	131
EPHA2	1671	2	1672
EPHA2-AS1	14	2	15
ARHGEF19	2	0	2
ANO7L1	0	0	0
CPLANE2	0	0	0
FBXO42	0	0	0
SZRD1	0	0	1
SPATA21	0	1	0
NECAP2	0	0	0
LINC01772	0	0	0
CROCCP3	1	0	1
RNU1-1	0	0	0
TRN-GTT5-1	0	0	0
LINC01783	0	0	0
TRE-TTC4-1	0	0	0
LOC124903856	0	0	0
TRG-CCC1-1	0	0	0
NBPF1	38	0	38
CROCCP2	11	0	11
MST1P2	5	0	5
RNU1-3	0	0	0
LOC124903857	0	0	0
TRG-CCC4-1	0	0	0
ESPNP	4	4	0
LOC124903858	0	0	0
TRG-CCC5-1	0	0	0
LOC124903859	0	0	0
RNU1-4	0	0	0
MST1L	0	0	0
MIR3675	0	0	0
TRG-CCC1-2	0	0	0
LINC03126	0	0	0
TRE-TTC3-1	0	0	0
LOC105376805	0	0	0
TRN-GTT4-1	0	0	0
RNU1-2	0	0	0
CROCC	0	0	0
MFAP2	0	0	0
LOC105376806	0	0	0
ATP13A2	1	0	1
SDHB	1	0	1
PADI2	0	0	0
LOC124903861	0	0	0
LOC105376808	0	0	0
LINC02783	0	0	0
PADI1	0	0	0
PADI3	0	0	0
MIR3972	0	0	0
PADI4	0	0	0
PADI6	0	0	0
RCC2	0	0	0
RCC2-AS1	0	0	0
LOC124903862	2	0	2
LOC124904837	0	0	0
ARHGEF10L	713	1	712
LINC02810	0	0	0
ACTL8	165	0	165
LOC105376809	0	0	0
LOC105376812	0	0	0
LINC01654	0	0	0
IGSF21	0	0	0
IGSF21-AS1	0	0	0
LOC124903864	0	0	0
LOC124903863	0	0	0
LOC124903865	0	0	0
KLHDC7A	0	0	0
PAX7	0	0	0
TAS1R2	0	0	0
ALDH4A1	357	0	358
MIR4695	0	0	0
MIR1290	0	0	0
LOC124903866	0	1	0
IFFO2	125	0	125
LOC105376815	0	0	0
UBR4	5697	0	5697
EMC1-AS1	10	187	11
EMC1	1828	18	1998
MRTO4	1181	10	1171
AKR7L	23	1	22
AKR7A3	22	0	22
LOC124903867	5	9	0
LOC100506730	53	0	53
AKR7A2	640	0	644
SLC66A1	310	0	310
CAPZB	1917	1	1916
LOC124903868	0	0	0
LOC124903869	0	0	0
LOC105376819	1	1	0
LOC105376818	0	0	0
LOC105376817	0	0	0
LOC124904816	0	0	0
MICOS10-DT	0	1	0
MICOS10-NBL1	0	0	0
MICOS10	206	0	206
RPS14P3	16	0	16
NBL1	1	0	1
HTR6	1	1	0
TMCO4	615	0	615
RNF186	0	0	0
RNF186-AS1	0	0	0
LOC105376823	0	0	0
OTUD3	290	0	290
PLA2G2E	0	0	0
PLA2G2A	0	0	0
PLA2G5	0	0	0
PLA2G2D	0	0	0
PLA2G2F	0	0	0
LOC117779438	0	0	0
PLA2G2C	0	0	0
UBXN10	3	2	1
LOC105376825	0	0	0
LOC105376826	0	0	0
LINC01757	0	0	0
LOC105376828	0	0	0
VWA5B1	0	0	0
LOC124903870	0	0	0
LINC01141	0	0	0
LOC124903871	0	0	0
CAMK2N1	98	0	98
MUL1	542	1	541
FAM43B	0	0	0
CDA	1000	0	1000
PINK1	352	24	1736
MIR6084	0	0	0
PINK1-AS	19	1390	37
DDOST	3211	1	3210
KIF17	1	0	1
SH2D5	24	0	24
HP1BP3	2836	0	2836
EIF4G3	1643	0	1643
LOC105376830	0	0	0
LOC105376829	0	0	0
MIR1256	0	0	0
ECE1	3684	0	3685
LOC124903872	1	1	0
ECE1-AS1	0	1	0
LOC105376832	0	0	0
NBPF3	35	0	35
ALPL	0	0	0
LINC02596	0	0	0
RAP1GAP	271	1	270
USP48	1031	0	1031
LDLRAD2	0	1375	0
HSPG2	4149	0	5524
CELA3B	0	0	0
CELA3A	0	0	0
LINC01635	6	5	1
LINC00339	153	0	153
CDC42	2186	0	2186
WNT4	1	1	0
LOC105376845	0	0	0
LOC105376850	0	0	0
LOC107985377	0	0	0
MIR4418	0	0	0
LOC105376856	0	0	0
ZBTB40	723	0	723
EPHA8	4	0	4
MIR6127	0	0	0
C1QA	0	0	0
C1QC	0	0	0
C1QB	0	0	0
EPHB2	41	0	43
MIR4684	0	0	0
MIR4253	0	2	0
LOC124903874	0	0	0
LACTBL1	0	0	0
TEX46	1	0	1
KDM1A	2619	12	2610
MIR3115	0	0	0
LUZP1	885	0	888
HTR1D	42	0	42
LINC01355	0	0	0
HNRNPR	0	0	0
ZNF436	0	0	0
ZNF436-AS1	0	0	0
TCEA3	0	0	0
LOC124903875	0	0	0
ASAP3	0	0	0
E2F2	0	0	0
LOC101928163	0	0	0
LOC124903876	0	0	0
LOC105376859	0	0	0
ID3	0	0	0
LOC107984928	12	0	12
MDS2	2	0	2
RPL11	10535	4	10531
ELOA	807	44	930
ELOA-AS1	14	124	57
PITHD1	519	0	519
LOC105376860	1	3	0
LYPLA2	1176	0	1178
GALE	1117	2	1115
HMGCL	464	0	464
LOC105376861	0	0	0
FUCA1	189	0	189
CNR2	0	0	0
MIR378F	0	0	0
LOC124903877	0	0	0
PNRC2	1729	0	1729
SRSF10	2383	0	2383
LOC105378615	0	0	0
LOC105376863	1	0	1
LOC107984931	0	2	0
MYOM3	21	0	23
MYOM3-AS1	0	0	0
LOC124903878	0	0	0
LOC105376864	0	0	0
IL22RA1	36	1	35
LOC124903879	0	0	0
IFNLR1	0	0	0
LINC02800	0	0	0
GRHL3-AS1	0	0	0
GRHL3	1	1	0
STPG1	118	0	122
NIPAL3	183	4	183
RCAN3AS	0	0	5
RCAN3	143	6	168
NCMAP-DT	0	26	0
NCMAP	0	0	0
SRRM1	2255	1	2254
LOC124904829	0	0	0
CLIC4	2232	0	2232
LOC105376876	0	0	0
RUNX3	114	0	114
MIR6731	0	0	0
RUNX3-AS1	1	0	1
MIR4425	0	0	0
LINC02793	0	0	0
LOC124903880	0	0	0
SYF2	570	0	570
LOC124903881	8	0	8
RSRP1	625	5	653
LOC105376882	0	0	0
RHD	1	33	0
TMEM50A	1206	1	1223
LOC124904823	0	0	0
RHCE	2	17	2
MACO1	474	0	474
LDLRAP1	705	0	705
MAN1C1	23	0	23
SELENON	1451	11	1440
MTFR1L	302	23	637
LOC646471	30	178	4
AUNIP	211	209	207
PAQR7	293	11	282
STMN1	3225	0	3225
MIR3917	0	0	0
LOC105376885	0	0	0
PAFAH2	213	0	213
LOC124900433	0	0	0
EXTL1	7	6	1
SLC30A2	0	0	0
LOC105376910	0	0	0
TRIM63	0	0	0
PDIK1L	146	0	146
FAM110D	46	0	46
C1orf232	0	0	0
ZNF593OS	0	350	0
ZNF593	1	0	351
CNKSR1	302	1	301
CATSPER4	0	0	0
LOC124903882	0	0	0
ZPLD2P	0	0	0
CEP85	522	1	521
SH3BGRL3	1034	0	1034
UBXN11	585	0	585
CD52	0	0	0
CRYBG2	11	0	11
ZNF683	0	0	0
LIN28A	0	0	0
LOC124903883	1	0	1
DHDDS	351	1	350
DHDDS-AS1	8	3	5
HMGN2	2595	3	2592
LOC124903884	0	0	0
RPS6KA1	0	0	0
MIR1976	0	0	0
LOC124904769	0	0	0
LOC124904813	0	0	0
LOC105376888	0	0	0
LOC124900417	4	4	2
LOC101928728	0	0	0
ARID1A	1207	1	1208
PIGV	188	2	186
ZDHHC18	411	0	411
SFN	2600	2	2598
GPN2	493	0	514
GPN2-AS1	0	21	0
GPATCH3	319	3	414
NUDC	2497	95	2500
NR0B2	0	0	0
KDF1	0	0	0
OSTCP2	0	0	0
TRNP1	20	0	20
TENT5B	242	0	242
LOC101928391	3	1	2
SLC9A1	647	0	647
LOC102723760	0	0	0
WDTC1-DT	0	0	0
WDTC1	557	0	557
TMEM222	423	0	423
ACTG1P20	36	0	36
SYTL1	2	2	0
MAP3K6	553	2	551
FCN3	3	3	0
CD164L2	0	0	0
GPR3	20	6	14
WASF2	2782	0	2782
LOC105376892	0	0	0
AHDC1	655	2	653
FGR	0	0	0
LINC02574	0	0	0
IFI6	2823	2	2821
FAM76A	49	0	49
STX12	325	0	325
LOC124903885	0	110	0
PPP1R8	991	0	1101
SCARNA1	0	0	0
THEMIS2	0	0	0
RPA2	1015	0	1015
SMPDL3B	53	2	51
XKR8	188	0	188
EYA3	254	0	254
PTAFR	2	0	2
DNAJC8	1646	0	1646
ATP5IF1	0	0	0
SESN2	0	0	0
MED18	1	0	1
PHACTR4	731	3	728
SNHG3	1141	0	1141
RCC1	1561	0	1561
SNORA73A	70	0	70
SNORA73B	67	0	67
LOC124904836	0	0	0
TRNAU1AP	444	1	444
SNHG12	290	1	289
SNORD99	9	0	9
SNORA61	0	0	0
SNORA44	1	0	1
SNORA16A	10	0	10
RAB42	450	3	447
TAF12	161	1	161
TAF12-DT	2	0	3
RNU11	0	0	0
GMEB1	229	1	228
LOC124904809	0	0	0
YTHDF2	1793	12	1781
OPRD1	2	1	1
EPB41	944	3	1037
LOC124903886	0	0	0
TMEM200B	3	94	5
SRSF4	1671	28	1643
MECR	352	1	351
LOC124903887	1	1	0
PTPRU	1298	1	1297
LINC01756	1	1	0
LOC107984933	0	0	0
LOC107984934	0	0	0
LINC01648	0	0	0
LOC105378617	0	0	0
LOC105378618	0	0	0
LOC124903888	0	0	0
MATN1	5	23	4
MATN1-AS1	28	1	49
LAPTM5	31	0	31
MIR4420	0	0	0
LOC105378620	0	0	0
LOC105378621	0	0	0
LINC01778	0	0	0
LOC400748	0	0	0
SDC3	516	0	516
PUM1	2176	0	2176
SNORD103A	1	0	1
SNORD103B	0	0	0
SNORD103C	0	0	0
LOC124904579	0	0	0
LOC107984935	4	0	4
NKAIN1	12	0	12
SNRNP40	1365	0	1365
ZCCHC17	968	0	969
FABP3	24	14	11
LOC124903892	11	0	11
LOC105378623	0	0	0
SERINC2	1934	10	2841
LOC124903900	1	918	0
LOC105378625	3	0	3
LOC105379772	0	0	0
LDC1P	0	0	0
LINC01226	0	0	0
LOC124903917	10	2	8
LOC105378626	4	0	4
TINAGL1	189	1	188
HCRTR1	3	390	0
PEF1	437	3	912
PEF1-AS1	3	46	5
COL16A1	133	1	155
LOC101929444	4	3	3
ADGRB2	352	0	352
MIR4254	0	0	0
LOC124903930	1	0	1
SPOCD1	33	0	33
PTP4A2	6583	11	6572
LOC128031832	0	0	0
KHDRBS1	3628	6	3622
TMEM39B	420	0	420
MIR5585	0	0	0
KPNA6	3175	2	3173
TXLNA	900	1	899
CCDC28B	49	18	31
IQCC	123	5	118
DCDC2B	5	36	0
TMEM234	167	0	198
EIF3I	3869	94	3837
MTMR9LP	182	19	225
FAM167B	118	0	118
LCK	0	0	0
HDAC1	2599	2	2597
MARCKSL1	2534	4	2534
LOC124903949	1	5	0
LOC105378629	0	2	0
LOC124903933	25	5	26
FAM229A	103	0	112
TSSK3	147	161	0
BSDC1	1194	0	1200
ZBTB8B	0	0	0
ZBTB8A	289	0	289
LOC124903952	0	0	0
LOC102723870	14	0	14
ZBTB8OS	355	0	355
RBBP4	2150	231	3203
SYNC	122	1078	328
NHSL3	3190	3	3187
YARS1	3586	3	3586
S100PBP	887	6	885
FNDC5	12	13	0
LOC105378631	3	0	3
HPCA	4	0	4
TMEM54	6	0	6
LOC105378632	0	0	0
RNF19B	494	2	492
LOC107984936	0	0	0
AK2	5191	0	5191
LOC124903969	0	0	0
LOC105378635	0	0	0
AZIN2	4	18	2
ZNF362	303	1	302
TRIM62	132	0	148
A3GALT2	2	2	0
PHC2	1038	17	1021
MIR3605	0	0	0
PHC2-AS1	5	0	5
ZSCAN20	264	0	264
CSMD2	2	2	0
LOC124903976	0	0	0
HMGB4	0	0	0
CSMD2-AS1	0	0	0
C1orf94	0	0	0
LOC105378639	0	0	0
LOC105378641	0	0	0
MIR552	0	0	0
LOC105378642	0	0	0
GJB5	10	2	8
GJB4	0	0	0
GJB3	137	0	137
GJA4	0	0	0
SMIM12	681	0	681
DLGAP3	0	0	0
GPR199P	28	0	28
TMEM35B	193	4	189
ZMYM6	309	2	307
LOC124903990	0	0	0
ZMYM1	417	0	417
LOC105378644	0	0	0
SFPQ	7500	22	7478
ZMYM4	1567	0	1605
LOC124900419	0	0	0
ZMYM4-AS1	0	38	0
KIAA0319L	1711	6	1707
NCDN	612	0	614
TFAP2E-AS1	7	4	6
TFAP2E	21	6	18
PSMB2	3192	0	3192
LOC105378646	0	0	0
C1orf216	448	0	448
CLSPN	501	2	585
CLSPN-AS1	0	86	0
CLSPN-DT	0	0	0
AGO4	153	0	153
AGO1	678	7	671
AGO3	450	2	476
LOC105378647	0	28	0
TEKT2	1	1	0
ADPRS	899	1	898
COL8A2	1	0	1
TRAPPC3	1234	3	1234
MAP7D1	3157	10	3150
THRAP3	3038	2	3036
SH3D21	176	34	237
EVA1B	6	67	34
STK40	486	3	483
LOC124904012	35	31	4
LSM10	403	0	403
LOC124904013	0	0	0
OSCP1	30	0	30
SNORA63C	0	0	0
LOC107984940	0	0	0
MRPS15	2168	0	2168
CSF3R	0	0	0
LOC107984941	0	0	0
LOC105378648	0	0	0
LOC124904023	0	0	0
GRIK3	1	0	1
LOC124904027	0	0	0
MIR4255	0	0	0
LOC107984942	0	0	0
LITATS1	241	0	241
ZC3H12A	1332	2	1330
MIR6732	0	0	0
MEAF6	1042	0	1042
MIR5581	3	0	3
LOC105378649	0	0	0
SNIP1	502	1	501
DNALI1	0	2	0
GNL2	1961	2	1961
RSPO1	0	0	0
AIRIM	276	0	276
CDCA8	739	0	739
EPHA10	1	0	1
LOC124904835	0	0	0
LOC105378650	0	0	0
MANEAL	545	0	545
YRDC	496	339	835
C1orf122	492	356	814
MTF1	317	5	312
INPP5B	420	0	447
LOC124904043	0	0	0
LOC105378651	0	27	0
SF3A3	3208	3	3205
FHL3	529	0	529
UTP11	790	0	790
POU3F1	1	0	1
MIR3659HG	0	0	0
MIR3659	0	0	0
LINC02786	0	0	0
LOC105378654	0	0	0
LINC01343	0	0	0
LOC105378657	0	0	0
LOC107984943	0	0	0
LINC01685	0	0	0
LOC105378658	0	0	0
LOC105378660	0	0	0
RRAGC	802	0	802
RRAGC-DT	2	8	3
GJA9-MYCBP	1	1	0
MYCBP	0	0	0
GJA9	0	0	0
RHBDL2	52	2	66
LOC105378662	0	15	0
AKIRIN1	2054	0	2054
NDUFS5	1981	0	1981
LOC124904088	15	0	15
MACF1	3192	0	3197
LOC124904101	0	5	0
BMP8A	36	57	9
OXCT2P1	0	0	0
PPIEL	55	2	83
PABPC4	3129	2	4671
PABPC4-AS1	4	1548	0
SNORA55	11	0	11
HEYL	0	0	0
NT5C1A	0	0	0
HPCAL4	0	0	0
PPIE	1081	33	1104
BMP8B	245	50	251
OXCT2	15	0	15
BMP8B-AS1	0	0	0
LOC101929536	25	0	25
LOC130932201	2	0	6
LINC02811	0	4	0
LOC105378667	0	0	0
TRIT1	841	0	889
MYCL-AS1	0	66	1
MYCL	111	0	129
MFSD2A	38	0	38
LOC105378669	5	6	9
CAP1	1693	6	4002
PPT1	4165	2307	4163
LOC105378671	0	0	0
RLF	1028	0	1028
TMCO2	1	0	1
ZMPSTE24	1927	0	1927
COL9A2	23	0	23
SMAP2	401	0	401
ZFP69B-DT	0	0	0
ZFP69B	17	0	17
ZFP69	0	0	0
EXO5-DT	0	0	0
EXO5	0	0	0
LOC124904149	0	0	0
ZNF684	55	0	55
LOC105378673	0	0	0
RIMS3	68	0	68
LOC105378675	2	2	0
NFYC-AS1	69	110	76
NFYC	878	12	990
MIR30E	0	0	0
MIR30C1	0	0	0
KCNQ4	42	0	42
LOC105378676	0	0	0
CITED4	3792	8	3784
LOC124904157	1	0	1
CTPS1	2671	0	2671
SLFNL1-AS1	25	211	28
SLFNL1	17	32	1
SCMH1	817	18	998
SCMH1-DT	4	0	4
LOC124904158	0	0	0
LOC124904159	0	0	0
FOXO6	25	2	23
FOXO6-AS1	0	0	0
LOC105378678	1	0	1
EDN2	152	0	152
HIVEP3	119	0	119
LOC128125817	0	0	0
LOC124904160	0	0	0
LOC124904161	0	0	0
GUCA2B	0	0	0
GUCA2A	0	0	0
FOXJ3	1288	9	1279
RIMKLA	0	0	0
ZMYND12	0	0	0
CCDC30	9	0	9
PPCS	447	1	446
LOC124904162	1	295	5
PPIH	176	10	465
YBX1	19457	11	19446
CLDN19	1	1	0
P3H1	2095	2	2093
C1orf50	146	0	157
TMEM269-DT	0	13	0
TMEM269	19	0	21
LOC107984946	0	0	0
SVBP	24	17	44
ERMAP	95	40	221
LOC124904163	8	22	12
ZNF691-DT	1	94	8
ZNF691	375	0	375
LOC339539	3	1	2
SLC2A1	4685	4	4683
SLC2A1-DT	36	7	31
CFAP144	0	0	0
EBNA1BP2	1448	1	1453
MIR6733	0	0	0
CFAP57	61	6	67
LOC105378685	0	5	0
LOC124904164	0	0	0
TMEM125	0	0	0
C1orf210	0	0	0
TIE1	0	0	0
MPL	14	6	8
CDC20-DT	10	0	10
CDC20	2585	0	2585
ELOVL1	1905	1	1905
MIR6734	0	0	0
LOC112268225	28	11	18
MED8	928	0	1229
MED8-AS1	11	314	0
SZT2	1245	713	2001
SZT2-AS1	0	307	5
MIR6735	0	0	0
HYI	0	498	664
HYI-AS1	0	0	0
PTPRF	9876	0	9876
KDM4A	858	43	1315
LOC124904165	5	131	4
KDM4A-AS1	10	339	41
ST3GAL3	303	1	302
ST3GAL3-AS1	0	0	0
LOC124904166	0	0	0
MIR6079	0	0	0
ARTN	33	0	33
LINC02918	20	0	20
LOC101929609	2	0	2
IPO13	814	0	814
DPH2	978	2	978
LOC124904167	2	5	2
ATP6V0B	3284	1	3286
B4GALT2	1851	22	1829
CCDC24	138	16	130
SLC6A9	1614	1	1621
LOC107984948	13	0	13
LOC124904168	1	1	0
KLF17	125	0	125
LOC124904169	16	3	13
KLF18	2	0	2
LOC124904170	2	0	2
DMAP1	1250	2	1248
ERI3	1187	0	1187
ERI3-IT1	4	0	4
SNORA110	0	0	0
RNF220	814	78	1621
MIR5584	0	0	0
LOC107984950	35	839	64
TMEM53	142	0	142
SNORD145	2	0	2
ARMH1	15	7	38
LOC105378690	5	25	10
RNU5F-1	1	1	0
RNU5D-1	1	0	1
KIF2C	3107	4	3103
SNORD160	3	0	3
RPS8	28300	13	28288
SNORD55	39	0	39
SNORD46	15	0	15
SNORD38A	1	0	1
SNORD38B	24	0	24
BEST4	17	1	17
PLK3	195	0	210
DYNLT4	7	17	5
BTBD19	39	0	39
PTCH2	43	0	43
LOC107984952	0	0	0
EIF2B3	617	1	616
HECTD3	1192	1	1192
UROD	1786	6	1785
ZSWIM5	407	17	394
LOC105378691	0	0	0
LINC01144	23	0	23
HPDL	1303	1	1302
MUTYH	478	75	491
TOE1	696	14	805
TESK2	117	36	116
CCDC163	100	1	99
MMACHC	492	3836	496
PRDX1	9084	22	12902
AKR1A1	1116	0	1116
NASP	3512	14	3498
CCDC17	25	0	25
GPBP1L1	1797	2	1797
RPS15AP10	1	0	1
TMEM69	1347	13	1359
IPP	181	20	184
LOC105378693	0	0	0
MAST2	1883	8	1875
LOC105378694	0	0	0
P3R3URF-PIK3R3	0	0	0
PIK3R3	51	4	51
LOC124904171	0	0	0
LOC101929626	6	0	6
TSPAN1	121	1	124
P3R3URF	0	0	0
POMGNT1	2025	1	2024
LURAP1	0	0	0
RAD54L	502	34	676
LRRC41	2528	200	2537
UQCRH	3600	3	3599
NSUN4	545	1	544
FAAH	100	0	100
FAAHP1	8	0	8
LINC01398	0	0	0
DMBX1	175	0	175
TMEM275	0	0	0
MKNK1-AS1	2	130	0
KNCN	0	0	0
MKNK1	369	0	497
MOB3C	218	0	218
LOC105378697	1	0	1
ATPAF1	1492	0	1492
TEX38	1	0	1
EFCAB14-AS1	0	131	0
EFCAB14	1827	1	1955
LOC105378698	1	0	1
LOC105378699	0	0	0
CYP4B1	8	0	8
CYP4Z2P	0	0	0
CYP4A11	2	0	2
CYP4X1	32	1	32
LOC124904172	0	0	0
CYP4Z1	4	3	2
CYP4A22-AS1	29	4	31
CYP4A22	1	1	0
LINC00853	1	0	5
PDZK1IP1	92	0	92
TAL1	0	0	0
STIL	746	0	746
CMPK1	2452	4	2452
LINC01389	26	6	23
FOXE3	5	0	5
FOXD2-AS1	62	0	62
FOXD2	27	0	27
LOC124904173	0	1	0
LINC01738	0	0	0
LOC124904174	0	0	0
TRABD2B	248	19	229
LINC02794	1	0	1
SKINT1L	0	0	0
SLC5A9	0	0	0
SPATA6	0	0	0
LOC124904175	0	0	0
AGBL4	0	0	0
BEND5	1	1	0
LOC105378706	0	0	0
AGBL4-AS1	0	0	0
AGBL4-IT1	0	0	0
LOC107984954	0	0	0
LOC105378708	0	0	0
ELAVL4	0	0	0
LOC105378709	0	0	0
ELAVL4-AS1	0	0	0
LOC105378711	0	0	0
LOC105378710	0	0	0
LINC02808	0	0	0
DMRTA2	2	0	2
LOC105378714	0	0	0
FAF1	1621	1	1860
FAF1-AS1	27	267	0
LOC124904727	0	0	0
CDKN2C	1149	71	1078
MIR4421	0	0	0
MIR6500	0	0	0
C1orf185	0	0	0
LINC01562	1	0	1
LOC124904818	0	0	0
RNF11	1200	0	1200
TTC39A	7	5	3
LOC124904177	0	1	0
TTC39A-AS1	0	0	0
EPS15	670	0	670
OSBPL9	2272	15	2270
EPS15-AS1	0	0	0
CALR4P	6	1	5
LOC105378719	0	0	0
LOC124900447	0	0	0
NRDC	4854	19	4848
MIR761	0	0	0
RAB3B	0	0	0
TXNDC12	1766	2	1765
KTI12	0	0	0
TXNDC12-AS1	0	0	0
BTF3L4	1305	0	1306
LOC107984956	2	1	1
ZFYVE9	554	7	548
CC2D1B	1195	15	1181
ORC1	1240	7	1233
PRPF38A	1640	4	1636
TUT4	1398	0	1398
LOC105378723	0	0	0
GPX7	1	0	1
LOC124904178	0	0	0
SHISAL2A	0	0	0
COA7	952	2	950
ZYG11B	388	0	388
ZYG11A	474	0	474
ECHDC2	480	93	389
SCP2	944	0	946
PODN	0	0	0
SLC1A7	0	0	0
LOC105379783	0	0	0
LOC105378724	0	0	0
CPT2	1126	16	1149
CZIB	275	31	346
CZIB-DT	1	63	1
MAGOH	296	0	296
MAGOH-DT	4	23	6
LRP8	1186	11	1363
LOC105378728	13	173	3
LOC105378726	10	10	0
LRP8-DT	0	0	0
LOC105378731	0	0	0
LINC02812	0	0	0
SLC25A3P1	0	0	0
LOC105378733	0	0	0
DMRTB1	0	0	0
GLIS1	66	2	64
LOC124904179	0	0	0
NDC1	2202	0	2202
LOC124900439	0	0	0
YIPF1	553	0	553
DIO1	2	2	0
LOC124904180	0	0	0
IFT25	460	19	461
LOC124904181	2	3	0
LRRC42	1410	0	1429
LDLRAD1	0	0	0
TMEM59	3910	0	3910
TCEANC2	255	0	255
MIR4781	0	0	0
CDCP2	0	0	0
CYB5RL	234	0	234
MRPL37	3816	9	3818
SSBP3	1739	7	1743
SSBP3-AS1	22	15	7
LOC105378735	0	0	0
LINC02784	0	0	0
ACOT11	47	0	76
FAM151A	2	31	0
MROH7-TTC4	0	0	0
MROH7	0	0	0
TTC4	1	0	1
PARS2	267	0	267
TTC22	3	0	3
LOC124904182	0	0	0
CIMAP2	12	3	12
LOC124904183	36	0	36
DHCR24	8270	29	8251
DHCR24-DT	25	0	32
LOC124904184	1	0	1
TRK-CTT7-1	0	0	0
LOC105378736	0	0	0
TMEM61	4	0	4
BSND	6	6	0
PCSK9	3281	3	3279
USP24	3270	59	3213
LOC100507634	21	0	22
MIR4422HG	0	0	0
MIR4422	0	0	0
LOC105378740	0	0	0
LINC01753	0	0	0
LINC01755	0	0	0
LOC105378737	0	0	0
LOC105378741	0	0	0
LOC124904591	0	0	0
LOC124904188	0	0	0
LOC124904187	2	0	2
LOC124904190	0	0	0
LOC124904186	3	0	3
LOC124904185	13	0	13
LINC01767	1	1	0
LOC124904189	0	0	0
PLPP3	657	0	657
LOC101929935	1	2	3
PRKAA2	947	2	949
FYB2	5	5	0
C8A	0	0	0
C8B	0	0	0
LOC112267900	0	0	0
DAB1	0	0	0
LOC105378748	0	0	0
LOC105378747	0	0	0
DAB1-AS1	0	0	0
LOC105378746	0	0	0
LOC107984960	0	0	0
OMA1	301	0	301
TACSTD2	0	0	0
MYSM1	844	0	844
LOC112268263	0	0	0
LOC124904191	0	0	0
LOC105378751	0	0	0
JUN	4020	2	4018
JUN-DT	6	0	6
LOC101926907	15	3	12
LOC107984961	1	0	1
LINC02777	8	2	6
LINC01358	5	0	5
HSD52	1	1	0
FGGY-DT	7	0	11
FGGY	209	4	209
LOC124904192	0	0	0
MIR4711	0	0	0
LOC105378758	0	0	0
LOC101926944	2	0	2
HOOK1	119	0	119
CYP2J2	0	0	0
C1orf87	0	0	0
LINC02778	0	0	0
LOC107984963	0	0	0
LOC105378761	0	0	0
LOC107984962	0	0	0
LOC107985379	0	0	0
LINC01748	0	0	0
LOC124904193	0	0	0
LOC101926964	0	0	0
LOC105378764	0	0	0
NFIA-AS2	0	0	0
NFIA	958	2	956
NFIA-AS1	3	0	3
LOC105378766	0	0	0
LOC107984964	0	0	0
MGC34796	1	1	0
TM2D1	587	0	587
PATJ-DT	4	9	11
PATJ	1109	7	1118
MIR12132	1	0	1
LOC107984965	0	0	0
MIR3116-1	0	0	0
MIR3116-2	0	0	0
L1TD1	0	0	0
KANK4	0	0	0
LOC105378768	0	0	0
USP1	2857	2	2855
DOCK7	1755	2	1754
ANGPTL3	1	1	0
DOCK7-DT	8	0	9
LOC124904194	3	0	3
ATG4C	430	1	429
LINC01739	0	0	0
LINC00466	10	0	10
LOC105378770	0	0	0
FOXD3-AS1	29	2	29
FOXD3	5	0	7
MIR6068	0	0	0
LOC124904741	0	0	0
ALG6	607	3	605
ITGB3BP	1140	10	1132
LOC102724319	1	1	0
EFCAB7	277	2	275
DLEU2L	2	0	2
PGM1	8842	15	8828
LOC105378771	6	0	6
ROR1	134	0	134
LOC105378772	0	0	0
ROR1-AS1	0	0	0
LOC105378773	0	0	0
UBE2U	0	0	0
LOC105378774	0	0	0
LOC124904732	0	0	0
LOC107984966	0	0	0
CACHD1	47	0	47
LOC124904195	0	0	0
MIR4794	0	0	0
RAVER2	768	3	766
JAK1	6764	2	6763
LINC01359	4	0	4
MIR3671	5	0	5
MIR101-1	0	0	0
AK4	579	0	579
DNAJC6	414	0	414
DNAJC6-AS1	0	0	0
LOC112268227	1	0	1
LEPR	256	0	256
LEPROT	1374	0	1374
LOC124904827	0	0	0
PDE4B	431	0	431
PDE4B-AS1	0	0	0
LOC105378776	2	0	2
SGIP1	1	0	1
LOC124904196	0	0	0
MIR3117	0	0	0
DYNLT5	0	0	0
INSL5	0	0	0
DNAI4	23	0	26
MIER1	1054	11	1160
SLC35D1	696	122	688
C1orf141	0	0	0
LOC124900434	0	0	0
IL23R	0	0	0
IL12RB2	18	17	1
SERBP1	18306	5	18301
LINC01702	0	0	0
LOC105378780	0	0	0
LOC124904197	0	0	0
GADD45A	264	0	264
GNG12	3251	0	3252
LOC105378781	0	0	0
GNG12-AS1	33	187	15
LOC124900403	0	0	0
DIRAS3	20	0	20
WLS	3408	1	3575
MIR1262	1	0	1
LOC105378782	0	0	0
LOC124904198	0	0	0
RPE65	0	0	0
DEPDC1	1036	0	1303
DEPDC1-AS2	5	272	0
DEPDC1-AS1	1	0	1
LOC107984967	0	0	0
LOC105378783	0	0	0
LINC01707	1	0	1
LOC105378787	0	0	0
LINC02791	0	0	0
LINC01758	0	0	0
LOC105378789	3	0	3
LRRC7	8	7	1
LOC124904199	1	0	1
PIN1P1	0	0	0
LRRC7-AS1	1	0	1
LRRC40	895	0	895
SRSF11	6587	2	6585
ANKRD13C	961	1	961
ANKRD13C-DT	217	2	219
LINC03102	6	9	0
CTH	477	0	477
LOC105378793	0	0	0
LOC105378794	0	0	0
LINC01788	0	0	0
LOC102724572	0	0	0
PTGER3	0	0	0
ZRANB2-AS1	15	903	0
ZRANB2	3985	1	4872
MIR186	8	0	8
ZRANB2-DT	6	0	7
LOC105378795	0	0	0
NEGR1	538	3	536
NEGR1-IT1	0	0	0
LOC105378797	8	1	7
LOC105378796	0	0	0
LOC105378798	1	0	1
LINC02796	0	0	0
LINC02797	3	3	0
LINC01360	0	0	0
LOC105378801	0	0	0
LOC107985391	0	0	0
LOC105378802	0	0	0
LINC02238	0	0	0
LRRIQ3	3	0	3
FPGT-TNNI3K	0	0	0
FPGT	366	0	366
TNNI3K	0	0	0
LRRC53	0	0	0
ERICH3	3	0	3
ERICH3-AS1	0	0	0
CRYZ	892	0	899
TYW3	1107	7	1107
LHX8-AS1	0	0	0
LHX8	0	0	0
SLC44A5	6	0	6
ACADM	3504	0	3505
DLSTP1	37	37	1
RABGGTB	3010	0	3010
SNORD45C	17	0	17
SNORD45A	39	0	39
SNORD45B	37	0	37
MSH4	11	0	11
ASB17	0	0	0
LOC105378806	0	0	0
LOC101927342	0	0	0
LOC124904200	0	0	0
ST6GALNAC3	0	0	0
LOC105378807	0	0	0
LOC124904201	0	0	0
LINC02567	0	0	0
ST6GALNAC5	0	0	0
MIR7156	0	0	0
PIGK	1663	1	1662
LOC105378808	72	0	72
AK5	1	0	1
LOC124904202	1	0	1
ZZZ3	1545	2	1543
USP33	2711	5	2706
MIGA1	506	4	503
NEXN-AS1	6	14	13
NEXN	133	9	144
FUBP1	4991	18	4988
DNAJB4	860	2	873
GIPC2	1	0	1
LOC107984997	0	0	0
MGC27382	0	0	0
PTGFR	4	0	4
IFI44L	1648	0	1648
IFI44	6298	0	6298
LOC124904203	5	0	5
ADGRL4	9	0	9
LOC107984998	0	0	0
LOC105378810	2	0	2
LOC105378812	0	0	0
LOC105378811	0	0	0
LINC02792	0	0	0
LINC01781	0	0	0
LOC105378813	0	0	0
LOC107985018	0	0	0
ADGRL2	0	0	0
LOC101927434	0	0	0
MED28P8	0	0	0
LOC124904204	0	0	0
LOC105378814	0	0	0
LOC107985396	0	0	0
LINC01362	0	0	0
LINC01361	0	0	0
LOC105378816	0	0	0
LINC01712	0	0	0
LOC107985043	0	0	0
LINC01725	0	0	0
LOC101927560	0	0	0
TTLL7	64	0	64
TTLL7-IT1	1	0	1
LOC124904205	0	0	0
PRKACB	722	2	720
LOC124904808	0	0	0
SAMD13	21	0	21
UOX	1	0	1
DNASE2B	1	0	1
RPF1	872	17	873
GNG5	2798	10	2815
SPATA1	13	225	4
CTBS	331	1	537
LOC105378819	2	2	0
LINC01461	9	0	9
LINC01555	0	0	0
LOC124904206	0	0	0
SSX2IP	1105	0	1105
LOC102724892	0	0	0
LPAR3	0	0	0
MCOLN2	0	0	0
MCOLN3	1	0	1
DNAI3	0	0	0
MIR4423	0	0	0
SYDE2	163	0	163
LOC124904207	5	0	5
LOC105378821	0	0	0
C1orf52	518	0	518
BCL10	359	5	416
BCL10-AS1	1	57	6
DDAH1	1394	6	1389
LOC124904208	4	2	2
CCN1	6384	4	6380
LOC124900422	0	0	0
LOC112268231	2	4	0
LOC107985057	1	0	3
ZNHIT6	776	0	776
LOC105378823	0	0	0
COL24A1	2	0	2
LINC02795	1	0	1
LOC105378825	0	0	0
ODF2L	757	0	757
MIR7856	0	0	0
CLCA2	34	0	34
CLCA1	0	0	0
LOC124904210	0	0	0
LOC105378827	0	0	0
LOC105378826	0	0	0
CLCA4	0	0	0
CLCA4-AS1	5	0	7
CLCA3P	0	0	0
SH3GLB1	2057	2	2057
LOC105378831	0	0	0
SELENOF	4229	0	4229
HS2ST1	1629	0	1629
LOC124904211	0	0	0
LINC01140	40	0	40
LINC02801	0	0	0
LMO4	2999	1	2998
LINC01364	0	0	0
LOC105378833	7	0	7
LOC105378834	0	0	0
LOC107985408	0	0	0
LOC105378835	0	0	0
LOC107985518	0	0	0
LOC124904212	1	0	1
LINC01773	0	0	0
LOC101927871	0	0	0
LOC105378836	0	0	0
LOC105378839	0	0	0
PKN2-AS1	8	0	13
LOC105378838	0	0	0
PKN2	2470	7	2468
LOC124904213	1	0	1
LOC124904214	4	0	4
GTF2B	964	0	964
KYAT3	722	0	722
RBMXL1	686	0	686
LOC124904215	0	0	0
GBP3	371	0	371
LOC105378841	4	0	4
GBP1	28	0	28
GBP2	42	0	68
LOC112268267	4	30	0
LOC105378842	0	0	0
GBP7	0	0	0
GBP4	20	0	22
LOC107985076	0	2	0
GBP5	49	0	49
LOC729930	0	0	0
GBP6	0	0	0
GBP1P1	0	0	0
LOC105378844	0	0	0
LRRC8B	104	0	104
LOC124904216	0	0	0
LOC128092251	0	0	0
LRRC8C	8	0	8
LRRC8C-DT	0	0	0
LOC107985743	0	0	0
LOC124904833	0	0	0
LOC107985744	0	0	0
LOC101927975	0	0	0
LRRC8D-DT	12	110	31
LRRC8D	1936	22	2042
LOC105378847	4	0	4
GEMIN8P4	156	7	149
ZNF326	1128	3	1125
LOC105378848	0	0	0
LOC105378849	0	0	0
LOC107985088	0	0	0
LOC105378850	0	0	0
LOC105378851	0	0	0
LINC02787	0	0	0
SNORD3G	0	0	0
BARHL2	0	0	0
LINC02609	1	0	1
LOC124904217	0	0	0
LINC02788	0	0	0
LINC01763	0	0	0
ZNF644	1011	0	1011
HFM1	1	0	1
LOC107985417	0	0	0
LOC105378856	0	3	0
CDC7	661	0	664
LOC102723436	2	2	0
TGFBR3	847	2	845
BRDT	0	0	0
LOC124904218	0	0	0
EPHX4	0	0	0
SETSIP	3	0	3
BTBD8	8	0	8
C1orf146	1	1	0
GLMN	507	42	467
RPAP2	818	0	820
GFI1	9	0	9
EVI5	402	0	402
RPL5	23844	8	23839
DIPK1A	315	40	278
SNORD21	10	0	10
SNORA66	20	0	20
LOC124904219	0	0	0
MTF2	1362	1	1361
TMED5	1927	14	2142
CCDC18	545	241	620
LOC107985521	0	85	0
CCDC18-AS1	129	0	131
DR1	1456	1	1455
FNBP1L	1536	0	1536
TRC-GCA7-1	0	0	0
BCAR3	1762	19	1986
BCAR3-AS1	0	239	0
LOC102723480	60	0	61
MIR760	0	1	0
TRR-TCT1-1	0	1	1
DNTTIP2	2623	0	2623
GCLM	639	0	639
LOC124904221	1	0	1
ABCA4	69	2	67
LOC124904222	0	0	0
LOC105378858	8	0	8
LOC124904821	0	0	0
ARHGAP29	693	0	693
ARHGAP29-AS1	0	0	0
ABCD3	1625	0	1625
F3	317	0	317
LOC124904223	4	0	4
MIR12133	0	0	0
LOC105378861	0	0	0
SLC44A3-AS1	2	0	2
MIR378G	0	0	0
SLC44A3	15	6	9
CNN3	3	0	3
CNN3-DT	0	0	0
ALG14	172	1	172
LOC124904224	0	0	0
LOC105378863	0	0	0
ALG14-AS1	0	0	0
TLCD4	448	0	449
TLCD4-RWDD3	15	0	15
RWDD3-DT	2	1	1
RWDD3	129	0	129
LINC01760	0	0	0
LOC105378864	0	0	0
LOC105379825	0	0	0
LINC01650	0	0	0
LOC107985420	1	0	1
LINC01761	0	0	0
LINC02607	0	0	0
LOC101928219	0	0	0
LOC124904592	0	0	0
LINC02790	0	0	0
LINC01787	0	0	0
LOC105378866	0	0	0
PTBP2	588	1	587
DPYD	514	0	583
DPYD-AS1	0	69	0
LOC105378867	2	2	0
LOC124904226	0	0	0
LOC124904225	1	1	0
DPYD-AS2	0	0	0
LINC01930	0	0	0
LOC124904227	0	0	0
MIR137HG	1	0	1
LOC124904228	0	0	0
MIR2682	0	0	0
MIR137	0	0	0
LOC124900404	0	0	0
LINC01776	0	0	0
LOC124904229	0	0	0
SNX7-DT	0	0	0
SNX7	0	0	0
PLPPR5	0	0	0
PLPPR5-AS1	0	0	0
PLPPR4	0	0	0
LOC107985093	0	0	0
LINC01708	0	0	0
PALMD	789	0	789
FRRS1	219	0	219
AGL	1097	0	1097
LOC124904230	56	1	59
SLC35A3	917	5	913
SLC71A1	4057	10	4051
SASS6	751	7	746
TRMT13	342	7	487
LRRC39	46	156	41
DBT	614	0	614
RTCA-AS1	16	0	16
RTCA	1014	0	1014
MIR553	0	0	0
CDC14A	70	0	70
LOC105379827	0	0	0
GPR88	0	0	0
LINC01349	0	0	0
LOC124904231	0	0	0
VCAM1	0	0	0
EXTL2	728	13	715
SLC30A7	1082	6	1076
DPH5	1221	0	1223
DPH5-DT	125	2	125
LOC124900440	0	0	0
LOC101928334	0	0	0
LOC124904817	2	2	0
S1PR1-DT	0	0	0
S1PR1	3	0	3
LOC102723784	0	0	0
LINC01307	0	0	0
LINC01709	7	7	0
OLFM3	0	0	0
DNAJA1P5	0	0	0
LOC107985095	0	0	0
LOC105378874	0	0	0
LOC112268286	0	0	0
LOC107985096	0	0	0
COL11A1	28	0	28
LOC124904593	0	0	0
RNPC3-DT	3	0	3
RNPC3	255	0	255
AMY2B	244	0	244
ACTG1P4	12	0	12
AMY2A	0	0	0
AMY1A	0	0	0
LOC124904594	1	0	1
AMY1B	0	0	0
LOC105378878	0	0	0
AMY1C	0	0	0
THAP3P1	0	0	0
LOC105378879	0	0	0
LOC105378880	0	0	0
LOC105378881	0	0	0
LINC01676	0	0	0
LOC105378882	0	0	0
LOC105378883	0	0	0
LINC01677	0	0	0
LOC124904595	0	0	0
LOC107985116	0	0	0
LOC105378886	0	0	0
LOC105378885	0	0	0
LOC124904596	0	0	0
LOC105378887	0	0	0
LOC124904232	0	0	0
LOC124904233	0	0	0
LINC01661	0	0	0
LOC105378888	0	0	0
PRMT6	583	0	583
NTNG1	0	0	0
VAV3	1908	0	1908
MIR7852	0	0	0
VAV3-AS1	0	0	0
LINC02785	0	0	0
SLC25A24	0	0	0
NBPF4	18	0	18
NBPF6	67	0	67
EEIG2	1064	2	1062
HENMT1	907	16	898
LOC105378890	19	0	26
PRPF38B	1970	1	1969
FNDC7	0	0	0
STXBP3	783	3	780
LOC105378891	1	7	1
AKNAD1	1	0	8
SPATA42	0	0	0
GPSM2	942	448	1265
CLCC1	623	378	1016
WDR47	374	0	374
TAF13	308	0	309
TMEM167B-DT	16	0	19
TMEM167B	554	15	543
SCARNA2	5	0	5
CFAP276	5	5	0
ELAPOR1	94	0	94
SARS1	3464	0	3464
CELSR2	2610	7	2604
PSRC1	653	1	653
MYBPHL	1	0	1
SORT1	588	0	588
PSMA5	4041	0	4041
SYPL2	408	0	408
ATXN7L2	190	0	190
CYB561D1	220	0	220
AMIGO1	255	0	255
LOC105378893	0	0	0
GPR61	6	6	0
GNAI3	2448	1	2447
MIR197	0	0	0
GNAT2	14	12	5
AMPD2	1969	1	1971
GSTM4	178	0	178
GSTM2	5	0	5
GSTM1	1	0	1
GSTM5	0	0	0
GSTM3	1495	0	1495
EPS8L3	1	2	1
LOC124904258	0	0	2
LINC01768	4	0	4
CSF1	0	0	0
AHCYL1	3634	0	3634
STRIP1	839	0	856
LOC105378895	0	17	0
ALX3	293	293	0
LINC01397	4	0	4
UBL4B	4	0	4
SLC6A17	1	0	1
SLC6A17-AS1	0	0	0
KCNC4-DT	2	0	2
KCNC4	294	1	293
RBM15-AS1	13	0	16
LOC124904276	53	56	0
RBM15	600	0	600
SLC16A4	46	22	24
LAMTOR5	1765	13	1763
LAMTOR5-AS1	8	0	19
PROK1	3	0	3
LOC105378899	0	0	0
LOC105378898	0	0	0
CYMP	0	0	0
CYMP-AS1	0	0	0
KCNA10	0	0	0
LOC124904292	0	0	0
KCNA2	0	0	0
KCNA3	0	0	0
LOC107985174	0	0	0
LOC124904296	0	0	0
LOC105378901	0	0	0
CD53	5	0	5
LRIF1	224	5	219
DRAM2	971	12	1330
CEPT1	664	359	677
DENND2D	6	5	2
CHI3L2	2	0	2
CHIAP2	0	0	0
CHIA	0	0	0
LOC105378903	0	0	0
CIMAP3	0	0	0
LOC105378904	1	0	1
PGBP	0	0	0
OVGP1	45	0	129
LOC124904309	6	90	0
WDR77	1397	1	1397
ATP5PB	5600	1	5600
C1orf162	14	0	14
TMIGD3	0	0	0
ADORA3	0	0	0
RAP1A	825	7	856
LINC01160	14	0	14
LOC107985184	7	37	8
INKA2	335	13	335
INKA2-AS1	1	0	8
LOC101928718	2	7	2
DDX20	1315	1	1327
KCND3	2	2	0
LOC124904312	0	0	0
KCND3-IT1	0	0	0
KCND3-AS1	0	0	0
LINC01750	0	0	0
LOC105378906	0	0	0
LOC124904319	0	0	0
LINC02884	0	0	0
LOC124904812	0	0	0
CTTNBP2NL	518	0	518
MIR4256	0	0	0
WNT2B	35	99	18
ST7L	346	16	414
CAPZA1	4437	0	4439
LOC124904810	2	0	2
MOV10	4107	8	4100
RHOC	3489	52	3438
PPM1J	24	0	24
PPM1J-DT	0	0	0
TAFA3	0	0	0
NUTF2P4	0	0	0
LINC01356	5	16	5
LINC01357	1	0	15
LOC105378911	4	4	0
MIR11399	0	0	0
LOC124904342	0	0	0
SLC16A1	1	0	1
AKR7A2P1	0	0	0
SLC16A1-AS1	0	0	0
LOC107985189	0	0	0
LRIG2-DT	1	0	1
LRIG2	348	0	348
LOC643441	1	0	1
MAGI3	282	8	274
PHTF1	588	2	586
RSBN1	412	0	412
AP4B1-AS1	1	121	0
PTPN22	1	0	1
BCL2L15	2	0	2
AP4B1	156	0	311
DCLRE1B	496	35	496
HIPK1-AS1	3	0	3
HIPK1	661	0	661
OLFML3	0	0	0
SYT6	0	0	0
LOC107985443	0	0	0
TRIM33	1524	0	1524
LOC124904348	2	0	2
BCAS2	1000	0	1000
LOC105378914	1	1	0
DENND2C	53	0	53
LOC124904354	0	0	0
AMPD1	0	0	0
NRAS	2295	0	2295
CSDE1	10684	0	10684
SIKE1	678	0	678
SYCP1	0	0	0
LOC105378915	0	0	0
TSHB	0	0	0
TSPAN2	1	0	1
LOC124904359	1	0	1
LINC01765	0	0	0
NGF-AS1	0	0	0
NGF	0	0	0
LOC112268234	0	0	0
LOC124904375	0	0	0
LOC124900438	0	0	0
VANGL1	1145	1	1144
CASQ2	0	0	0
NHLH2	1	0	1
LINC01649	0	2	0
LOC101928977	0	0	2
SLC22A15	223	1	222
MAB21L3	306	0	326
LOC105378918	0	20	0
LOC124904384	0	0	0
LOC105378919	0	0	0
LOC105378920	0	0	0
LOC124904669	0	0	0
ATP1A1	10907	19	19258
ATP1A1-AS1	11	8367	14
LINC01762	3	0	3
LOC112268235	47	47	0
CD58	415	0	468
LOC105378925	27	27	0
MIR548AC	0	0	0
LOC124904385	0	164	0
IGSF3	1021	1	1131
LOC105378924	0	0	0
MIR320B1	0	0	0
LINC02868	0	0	0
LOC105378926	0	0	0
CD2	0	0	0
LOC105378927	0	0	0
PTGFRN	3121	2	3119
CD101	47	13	79
LOC124904386	8	19	14
CD101-AS1	9	10	13
TTF2	816	1	815
MIR942	0	0	0
TRIM45	166	1	165
LOC124904387	0	0	0
VTCN1	0	0	0
LINC01525	0	0	0
MAN1A2	554	0	554
TENT5C-DT	2	0	2
TENT5C	1287	0	1287
LOC124900444	0	0	0
LOC105378929	0	0	0
GDAP2	367	3	364
WDR3	1259	0	1503
SPAG17	11	244	11
LOC105378930	0	0	0
LOC107985447	0	0	0
TBX15	1	0	1
LOC105378933	0	0	0
WARS2	610	89	661
WARS2-IT1	0	0	0
WARS2-AS1	232	54	318
LOC107985192	13	13	0
LOC124904832	0	0	0
LINC01780	0	0	0
HAO2	2	0	2
HAO2-IT1	0	0	0
HSD3B2	0	0	0
LOC124904388	0	0	0
LOC105378935	0	0	0
HSD3B1	0	0	0
HSD3BP4	2	2	0
LINC00622	9	0	9
ZNF697	261	0	261
LOC124904389	5	0	5
LOC124904390	0	0	0
LOC105378937	0	0	1
PHGDH	5383	1	5383
HMGCS2	0	0	0
REG4	0	0	0
NBPF7P	0	0	0
ADAM30	0	0	0
NOTCH2	4144	1	4143
LOC101929178	0	0	0
SEC22B	2265	0	2265
LOC124904391	105	52	53
LOC124904631	1	0	1
LOC101929788	0	0	0
NBPF8	166	0	166
PFN1P2	1	1	0
PDE4DIPP2	2	0	2
LOC107985524	0	0	0
LOC124904392	0	0	0
LOC105378944	0	0	0
NBPF26	0	0	0
NOTCH2NLR	0	0	0
TRN-GTT7-1	0	0	0
RNVU1-19	0	0	0
LOC124904393	0	0	0
PPIAL4A	0	0	0
LINC00623	151	0	252
LOC100996720	0	105	0
RNVU1-4	1	0	1
LOC105369199	2	0	2
PDE4DIPP4	0	0	0
TRG-CCC6-1	0	0	0
TRV-CAC5-1	0	0	0
LOC124904394	0	0	0
TRN-GTT27-1	0	0	0
H3P4	0	0	0
FCGR1BP	1	1	0
LOC100996318	0	0	0
H2BP1	0	0	0
FAM72B	140	0	140
SRGAP2C	367	7	360
LOC107985193	0	0	0
SRGAP2-AS1	0	0	0
LINC02798	6	0	6
EMBP1	0	0	0
LOC101929814	0	0	0
LOC105371172	0	0	0
LOC105371175	5	0	5
LOC107985200	0	0	0
LOC107985201	0	0	0
LOC101927452	0	2	0
LINC02799	0	0	2
LOC112268273	0	0	0
LOC124904406	0	0	0
TRQ-CTG4-2	0	0	0
RNVU1-17	0	0	0
RNVU1-18	0	0	0
TRN-GTT6-1	0	0	0
LOC107985108	0	0	0
LOC105369140	2	0	2
LINC02591	0	0	0
TRV-CAC8-1	0	0	0
TRV-CAC4-1	0	0	0
PDE4DIPP3	0	0	0
H2BP2	0	0	0
FCGR1CP	0	0	0
H3-7	0	0	0
LOC105371209	0	0	0
FAM72C	51	7	51
SRGAP2D	145	0	152
LOC105371207	0	0	0
LOC105371206	0	0	0
LINC02802	0	0	0
LOC101060524	0	0	0
CH17-125A10.2	0	0	0
PPIAL4E	0	0	0
RNVU1-15	1	0	1
TRN-GTT3-1	0	0	0
NBPF15	1246	4	1242
LOC105371211	0	0	0
RNVU1-26	0	0	0
RNVU1-2A	0	0	0
LOC105379574	0	0	0
RNVU1-28	0	0	0
TRN-GTT2-8	0	0	0
PPIAL4F	0	0	0
LINC01632	0	0	0
LOC105371215	0	0	0
KMT2CP1	0	0	0
DRD5P2	0	0	0
LSP1P5	0	0	0
LOC105371216	0	0	0
LOC105371217	0	0	0
LOC107985528	0	0	0
SRGAP2B	190	2	192
LOC107985595	1	0	1
FAM72D	47	11	40
TRN-GTT10-1	2	2	0
LOC101929805	2	2	0
TRNAV-CAC	1	1	0
TRNAV-CAC_1	0	0	0
LINC01145	100	6	133
LOC100996740	13	37	15
PPIAL4D	0	0	0
RNVU1-14	0	0	0
TRN-GTT2-7	0	0	0
NBPF20	604	0	604
LOC105371288	0	0	0
TRQ-CTG3-1	0	0	0
RNVU1-31	1	0	1
TRN-GTT9-1	0	0	0
PDE4DIPP5	0	0	0
NBPF25P	33	0	33
GPR89A	134	0	135
PDZK1	31	12	20
CD160	7	11	2
RNF115	436	15	443
POLR3C	894	30	886
NUDT17	33	131	39
PIAS3	778	13	908
MIR6736	0	0	0
ANKRD35	2	0	2
ANKRD35-DT	0	0	0
ITGA10	4	1	3
PEX11B	250	0	250
GNRHR2	10	267	9
RBM8A	772	0	1827
LIX1L-AS1	0	792	0
LIX1L	996	3	993
ANKRD34A	97	5	92
POLR3GL	263	0	263
TXNIP	9126	2	9124
HJV	0	0	0
TRE-CTC1-1	0	0	0
TRG-TCC2-1	0	0	0
TRH-GTG1-1	0	0	0
TRK-CTT2-1	0	0	0
RNVU1-6	6	0	6
LINC01719	15	0	15
NBPF10	536	0	536
NOTCH2NLA	25	4	168
LOC105371254	1	143	5
LOC124904401	0	0	0
LOC124904408	0	0	0
NUDT4P2	0	0	0
PPIAL4H	0	0	0
TRN-GTT24-1	0	0	0
LOC124904613	0	0	0
LOC112268274	0	0	0
LOC100996756	2	0	2
LOC124904634	0	0	0
LOC105371235	0	0	0
LOC124904407	0	0	0
LOC105371233	1	0	1
HYDIN2	0	0	0
NBPF12	432	0	432
LOC728989	0	0	0
TRH-GTG1-2	0	0	0
RNVU1-8	0	0	0
NBPF13P	0	0	0
PRKAB2	860	0	860
CHD1L	2337	18	2319
PDIA3P1	45	0	45
FMO5	3	1	2
LINC00624	2	0	2
BCL9	1238	2	1236
LOC128071544	0	0	0
ACP6	61	1	60
LOC105371230	0	0	0
LOC102723321	0	0	0
GJA5	5	0	5
GJA8	0	0	0
LOC105371229	2	0	2
GPR89B	143	0	147
PDZK1P1	10	14	0
TRQ-CTG3-2	0	0	0
RNVU1-7	0	0	0
TRN-GTT9-2	0	0	0
PDE4DIPP1	0	0	0
NBPF11	474	0	474
LOC105371227	0	0	0
LINC02805	0	0	0
LOC101927468	0	0	0
TRQ-CTG4-1	0	0	0
LINC01731	0	0	0
LINC02806	11	9	10
TRH-GTG1-3	0	0	0
LOC105371225	20	7	21
TRH-GTG1-4	0	0	0
TRQ-CTG7-1	0	0	0
LOC124904403	3	2	1
LOC124904404	2	7	0
MIR5087	3	0	3
LOC124904402	1	0	6
LOC124904396	20	0	20
RNVU1-1	1	0	1
MIR6077	0	0	0
PDE4DIPP6	28	39	2
RNVU1-3	3	3	0
LOC124904400	0	0	6
LINC01138	207	5	202
LOC105371224	1	0	1
PPIAL4G	0	0	0
RNVU1-27	1	0	1
TRN-GTT2-1	0	0	0
NBPF14	906	1	905
NOTCH2NLB	351	0	351
LOC105371223	0	0	0
LOC105371222	0	0	0
NUDT4B	0	0	0
SEC22B3P	5	0	5
PDE4DIP	407	7	408
LOC112268272	20	2	26
NBPF9	1069	7	1062
LOC101929790	3	3	0
LOC102723348	0	0	0
LOC124904405	0	0	0
LOC124904581	2	2	0
LOC653513	0	0	0
LOC124904395	4	4	0
SEC22B2P	13	0	13
LOC105371403	1	0	1
NOTCH2NLC	65	2	63
NBPF19	1050	0	1051
TRN-GTT25-1	0	0	0
LOC124904410	0	0	0
PPIAL4C	1	0	1
LOC124904409	14	58	17
LINC00869	85	8	137
RNVU1-30	1	0	1
LOC644634	0	0	0
TRV-CAC1-7	0	0	0
PDE4DIPP7	0	1	0
LOC105371406	0	0	1
TRN-GTT8-1	0	0	0
H2BC18	10	0	10
FCGR1A	3	2	1
LOC124904411	0	0	0
H3C13	18	3	15
H4C14	0	0	0
H3C14	0	0	0
H2AC18	0	0	0
H4C15	554	221	356
H2BC20P	0	0	0
H2AC19	0	0	0
H3C15	0	0	0
H2BC21	991	0	996
H2AC20	16	6	16
H2AC21	1	2	1
LOC124904412	1	4	2
BOLA1	344	2	348
SV2A	6	0	6
SF3B4	3893	0	3893
MTMR11	201	1	200
OTUD7B	770	6	776
LOC124904413	0	0	0
VPS45	749	6	755
PLEKHO1	33	0	33
LINC02988	0	0	0
ANP32E	3114	4	3110
CA14	9	7	4
SNORD13C	0	0	0
APH1A	3053	4	3560
C1orf54	3	507	7
LOC124904414	2	2	0
CIART	12	0	12
LOC105371434	1	1	0
MRPS21	1572	0	1572
PRPF3	1531	0	1531
RPRD2	1625	1	1624
LOC124904416	0	0	0
TARS2	1663	0	1663
MIR6878	0	0	0
ECM1	193	0	193
FALEC	19	7	12
ADAMTSL4-AS2	9	561	5
ADAMTSL4	2535	8	3108
LOC124904417	0	0	0
MIR4257	0	0	0
ADAMTSL4-AS1	3	26	4
MCL1	12197	4	12193
LOC107985203	1	1	0
ENSA	2559	1	2559
LOC112268239	20	0	21
GOLPH3L	631	0	631
HORMAD1	35	0	35
CTSS	94	0	94
CTSK	86	0	86
ARNT	1609	0	1609
LOC107985204	0	2	0
CTXND2	0	0	0
SETDB1	1485	16	1474
CERS2	5049	5	5047
ANXA9	98	49	50
LOC105371438	0	1	0
MINDY1	211	16	195
PRUNE1	831	0	831
BNIPL	14	0	14
C1orf56	148	61	134
CDC42SE1	1442	4	1485
MLLT11	44	3	41
GABPB2	243	3	240
LOC124904418	1	0	1
SEMA6C	295	0	295
LYSMD1	206	0	206
TNFAIP8L2-SCNM1	0	0	0
TNFAIP8L2	0	0	0
SCNM1	1	0	1
TMOD4	22	3	19
VPS72	1021	0	1021
PIP5K1A	2760	1	2766
LOC124904419	0	7	0
PSMD4	3574	0	3574
ZNF687-AS1	0	8	19
ZNF687	1581	47	1588
PI4KB	1660	7	1680
RFX5	3309	1	3337
RFX5-AS1	0	28	1
SELENBP1	3419	0	3419
PSMB4	5412	0	5412
POGZ	1703	0	1703
CGN	231	0	231
LOC124900437	0	0	0
TUFT1	498	0	498
MIR554	0	0	0
LOC124904420	2	10	1
SNX27	1039	0	1048
CELF3	3	3	0
RIIAD1	0	0	0
MRPL9	1246	4	1988
OAZ3	1	755	68
TDRKH	134	33	144
TDRKH-AS1	15	0	15
LINGO4	16	0	16
RORC	600	10	600
C2CD4D	2	4	2
C2CD4D-AS1	56	3	87
THEM5	30	48	1
THEM4	901	0	901
LOC124904421	2	0	2
S100A10	3054	1	3053
LOC105371442	0	0	0
NBPF18P	0	0	0
S100A11	6790	2	6788
LOC101927949	5	2	3
LOC100131107	0	0	0
TCHHL1	0	0	0
TCHH	0	0	0
RPTN	0	0	0
CCDST	0	0	0
HRNR	0	0	0
FLG	0	0	0
FLG2	0	0	0
CRNN	0	0	0
LCE5A	5	0	5
CRCT1	0	0	0
LCE3E	0	0	0
LCE3D	0	0	0
LCE3C	0	0	0
LCE3B	0	0	0
LCE3A	0	0	0
LINC00302	0	0	0
LCE2D	0	0	0
LCE2C	0	0	0
LCE2B	0	0	0
LCE2A	0	0	0
LCE4A	0	0	0
KPLCE	0	0	0
KPRP	0	0	0
LCE1F	0	0	0
LCE1E	0	0	0
LCE1D	0	0	0
LCE1C	0	0	0
LCE1B	0	0	0
LCE1A	0	0	0
LCE6A	0	0	0
LCE7A	0	0	0
LOC105371444	0	0	0
LOC105371445	0	0	0
SMCP	0	0	0
IVL	0	0	0
LINC01527	0	0	0
SPRR5	0	0	0
SPRR4	0	0	0
SPRR1A	0	0	0
SPRR3	0	0	0
LOC105371446	0	0	0
LOC124900435	0	0	0
SPRR1B	0	0	0
SPRR2D	0	0	0
SPRR2A	0	0	0
SPRR2B	0	0	0
SPRR2E	0	0	0
SPRR2F	0	0	0
SPRR2C	0	0	0
SPRR2G	0	0	0
LOC101928009	0	0	0
LELP1	0	0	0
PRR9	0	0	0
LORICRIN	0	0	0
PGLYRP3	0	0	0
PGLYRP4	0	0	0
S100A9	205	1	204
S100A12	1	0	1
S100A8	43	0	43
S100A7A	0	0	0
S100A7	2	0	2
LOC124904422	1	0	1
LOC124904423	39	3523	0
S100A6	96	0	3576
S100A5	2	0	3
S100A4	1807	4	4533
LOC101928034	115	3021	168
S100A3	22	62	27
S100A2	50	1	49
S100A16	3683	0	3683
S100A14	77	0	77
S100A13	877	892	949
S100A1	7	31	16
CHTOP	1236	43	2113
SNAPIN	938	4	936
ILF2	6113	19	6111
TRX-CAT1-1	0	2	0
NPR1	4305	30	4295
MIR8083	0	7	0
INTS3	0	0	0
LOC124904820	0	0	0
SLC27A3	0	0	0
LOC124904424	1	0	1
LOC124904426	0	0	0
LOC343052	0	0	0
LOC124904425	0	0	0
GATAD2B	13	0	13
LOC101928059	2	204	1
DENND4B	2121	7	2317
CRTC2	1700	1	1699
SLC39A1	5862	80	5860
MIR6737	0	0	0
CREB3L4	269	29	355
JTB	4577	14	4605
JTB-DT	37	25	24
RAB13	2962	0	2969
RPS27	5770	2	5768
NUP210L	8	4	4
MIR5698	0	0	0
TPM3	8530	1	8529
MIR190B	0	0	0
CFAP141	0	0	0
LTAP1	8244	6	8249
UBAP2L	7652	12	7651
SNORA58B	2	0	2
HAX1	1989	1	1988
LOC124904806	0	0	0
AQP10	0	0	0
ATP8B2	188	0	188
IL6R-AS1	1	0	1
IL6R	635	0	635
SHE	0	0	0
TDRD10	3	0	3
UBE2Q1	1645	3	2117
UBE2Q1-AS1	7	482	0
LOC107985206	0	0	0
CHRNB2	0	0	0
ADAR	11351	3	11353
LOC124904427	3	5	3
LOC124904428	25	0	25
KCNN3	2	0	2
LOC124904429	0	0	0
LOC105371449	1	0	1
PMVK	603	0	603
PBXIP1	1496	0	1496
PYGO2	1003	11	1089
PYGO2-AS1	6	655	27
SHC1	4940	21	5506
CKS1B	1686	2	1692
MIR4258	21	0	21
FLAD1	1714	12	1702
LENEP	4	3	1
ZBTB7B	4619	0	4619
DCST2	55	2	62
DCST1	17	90	9
DCST1-AS1	20	116	84
ADAM15-EFNA4	0	0	0
ADAM15	45	0	45
EFNA4-EFNA3	0	0	0
EFNA4	0	0	0
EFNA3	3	1	2
EFNA1	5425	1	5424
SLC50A1	1687	4	1683
DPM3	481	0	481
KRTCAP2	1529	1	1528
TRIM46	21	1	20
MUC1	1676	1	1675
THBS3-AS1	6	116	48
MIR92B	0	0	0
THBS3	204	97	283
MTX1	1063	18	1062
GBA1LP	143	0	143
GBA1	238	0	238
ENTREP3	0	0	0
SCAMP3	1	0	1
CLK2	0	0	0
HCN3	0	0	0
PKLR	2	1	1
FDPS	1051	22	6355
RUSC1-AS1	112	5431	57
RUSC1	1139	32	1152
ASH1L	1534	41	1532
MIR555	0	0	0
LOC124904842	1	0	1
POU5F1P4	0	0	0
ASH1L-AS1	31	3	34
MSTO1	360	7	458
LOC105371452	0	103	0
YY1AP1	2577	6	2781
SCARNA26A	0	0	0
DAP3	3290	211	3313
LOC124904431	8	27	0
GON4L	956	155	1181
MSTO2P	0	229	116
SCARNA26B	0	0	0
SYT11	0	0	0
RIT1	309	0	309
KHDC4	1364	0	1364
SNORA80E	2	0	2
SCARNA4	0	0	0
LOC107985207	2	0	2
RXFP4	1	1	0
ARHGEF2	2578	8	2578
MIR6738	0	0	0
ARHGEF2-AS2	50	2	56
ARHGEF2-AS1	11	11	0
SSR2	4649	2	5716
LOC105371729	0	1071	0
UBQLN4	1776	1	1777
LAMTOR2	749	0	749
RAB25	0	0	0
MEX3A	213	0	213
LMNA	16321	16	16305
SEMA4A	2	0	2
SLC25A44	781	0	781
PMF1-BGLAP	0	0	0
PMF1	137	0	137
BGLAP	0	0	0
PAQR6	418	0	418
SMG5	2726	87	2738
TMEM79	204	27	280
GLMP	1350	1	1353
VHLL	1	1	0
CCT3	12046	1	12060
TSACC	27	20	22
RHBG	0	0	0
MIR9-1HG	0	0	0
MIR9-1	0	0	0
MEF2D	2	0	2
IQGAP3	0	0	0
LOC124904843	0	0	0
TTC24	0	0	0
NAXE	0	0	0
GPATCH4	0	0	0
HAPLN2	0	0	0
LOC101928177	0	0	0
BCAN	1	56	0
BCAN-AS2	0	0	55
NES	370	0	370
CRABP2	57	0	57
ISG20L2	1099	60	1113
METTL25B	568	17	627
MRPL24	1943	2	1943
HDGF	14015	25	13992
PRCC	2676	0	2678
SH2D2A	86	0	86
NTRK1	8	0	9
INSRR	2	3	0
PEAR1	33	1	32
LRRC71	6	6	1
ARHGEF11	1250	1	1250
MIR765	0	0	0
LOC102724222	0	0	0
ETV3L	0	0	0
ETV3	770	1	769
CYCSP52	0	0	0
LOC107985211	0	0	0
LOC105371456	0	0	0
LINC02772	0	0	0
LOC101928202	0	0	0
FCRL5	0	0	0
FCRL4	0	0	0
LOC105371457	0	0	0
FCRL3	0	0	0
FCRL3-AS1	0	0	0
FCRL2	0	0	0
FCRL1	0	0	0
CD5L	0	0	0
LOC105371458	0	0	0
LOC105371459	0	0	0
KIRREL1	2374	0	2374
KIRREL1-IT1	1	0	1
SMIM42	0	0	0
LINC01704	0	0	0
LOC105371460	0	0	0
CD1D	3	0	3
CD1A	0	0	0
CD1B	0	0	0
CD1C	0	0	0
CD1E	0	0	0
OR10T2	0	0	0
OR10K2	0	0	0
LOC107985212	0	0	0
OR10K1	0	0	0
OR10R2	0	0	0
LOC107985213	0	0	0
OR6Y1	0	0	0
OR6P1	0	0	0
OR10X1	0	0	0
OR10Z1	0	3	0
SPTA1	0	0	3
OR6K2	0	0	0
OR6K3	0	0	0
OR6K6	0	0	0
OR6N1	0	0	0
OR6N2	0	0	0
MNDA	0	0	0
PYHIN1	0	0	0
PYDC5	1	17	1
IFI16	4709	3	4760
LOC124904432	2	1	1
AIM2	11	40	8
TRR-TCT4-1	0	0	0
CADM3	0	0	0
CADM3-AS1	0	0	0
ACKR1	0	0	0
FCER1A	0	0	0
OR10J3	0	0	0
LOC124904433	0	0	0
OR10J1	0	0	0
OR10J4	0	0	0
LINC02819	0	0	0
OR10J5	0	0	0
APCS	0	0	0
CRP	0	0	0
LOC101928264	0	0	0
DUSP23	791	4	787
LOC105371464	0	0	0
FCRL6	0	0	0
SLAMF8	2	41	0
SNHG28	3	0	41
LOC124900450	0	0	0
VSIG8	3	13	3
LOC107985216	222	3	236
CFAP45	21	0	22
LOC124904434	0	1	0
MIR4259	0	0	0
LOC124904435	0	0	0
TAGLN2	11238	4	13158
LOC124904437	11	1930	6
IGSF9	106	1	106
LOC124904438	0	0	1
SLAMF9	31	32	0
LINC01133	53	0	53
LOC124904436	3	1	2
PIGM	334	2	332
KCNJ10	6	6	0
KCNJ9	6	4	2
IGSF8	3211	2	3209
ATP1A2	3	0	3
ATP1A4	1	1	0
CASQ1	3	3	0
PEA15-AS1	3	208	8
PEA15	1106	24	1298
DCAF8	2468	8	2590
DCAF8-DT	16	132	11
PEX19	2189	0	2191
LOC107985219	10	2774	23
COPA	6290	21	9055
SUMO1P3	4	0	4
NCSTN	4386	2	4386
NHLH1	40	1	39
LOC105371466	0	0	0
VANGL2	18	0	18
LOC105371467	0	0	0
SLAMF6	0	0	0
CD84-AS1	0	0	0
CD84	0	0	0
SLAMF1	0	0	0
LOC107985220	0	0	0
CD48	0	0	0
LOC124904439	2	0	2
LOC124904440	0	0	0
SLAMF7	0	0	0
LOC105371470	0	0	0
LY9	0	0	0
CD244	0	0	0
ITLN1	0	0	0
LOC124904441	0	0	0
LOC101928372	0	0	0
ITLN2	0	0	0
F11R	1263	0	1263
TSTD1	0	0	0
USF1	1069	0	1069
ARHGAP30	13	9	4
NECTIN4	15	0	15
NECTIN4-AS1	3	0	3
KLHDC9	0	0	0
PFDN2	1220	1	1219
NIT1	741	402	776
DEDD	495	68	867
LOC112543491	7	0	7
LOC124900457	1	1	0
UFC1	1396	7	1392
USP21	1015	0	1015
PPOX	462	135	471
B4GALT3	1059	13	1190
ADAMTS4	102	0	102
NDUFS2	5291	0	5291
FCER1G	1	0	1
APOA2	1	0	1
TOMM40L	259	1	413
MIR5187	0	0	0
NR1I3	16	171	0
PCP4L1	0	0	0
LOC105371472	0	0	0
LOC107985221	0	0	0
LOC124904442	0	0	0
MPZ	6	0	6
SDHC	2529	1	2528
CFAP126	146	145	1
LOC124904443	1	0	1
TRV-CAC1-1	3	3	0
TRE-TTC4-2	0	0	0
TRN-GTT2-2	0	0	0
TRG-TCC4-1	1	0	1
TRD-GTC2-1	0	0	0
TRL-CAG1-1	0	0	0
TRG-GCC1-1	0	0	0
TRE-CTC1-2	0	0	0
TRG-TCC2-2	0	0	0
TRD-GTC2-2	0	0	0
TRL-CAG1-2	0	0	0
TRG-GCC1-2	0	0	0
TRE-CTC1-3	0	0	0
TRG-TCC2-3	0	0	0
TRD-GTC2-3	0	0	0
TRL-CAG1-3	0	0	0
TRG-GCC1-3	0	0	0
TRE-CTC1-4	0	0	0
TRG-TCC2-4	0	0	0
TRD-GTC2-4	0	0	0
TRL-CAG1-4	0	0	0
TRG-GCC1-4	0	0	0
TRE-CTC1-5	0	0	0
TRG-TCC2-5	0	0	0
TRD-GTC2-5	0	0	0
TRL-CAG1-5	0	0	0
TRG-GCC4-1	0	0	0
LOC105371473	0	0	0
FCGR2A	38	0	38
TRG-GCC2-1	0	0	0
HSPA6	23	0	23
TRL-CAG1-6	0	0	0
TRG-TCC2-6	0	0	0
TRN-GTT1-1	0	0	0
FCGR3A	1	1	0
FCGR2C	0	0	0
HSPA7	0	0	0
TRL-CAA6-1	0	0	0
FCGR3B	3	0	3
FCGR2B	0	0	0
RPL31P11	0	0	0
FCRLA	0	0	0
FCRLB	19	0	19
DUSP12	649	10	639
ATF6-DT	1	0	1
ATF6	2178	0	2178
LOC124904444	3	0	3
OLFML2B	0	0	0
NOS1AP	45	0	45
LOC105371475	0	0	0
MIR4654	0	0	0
LOC124904445	0	0	0
MIR556	0	0	0
SPATA46	0	0	0
C1orf226	298	0	298
SH2D1B	0	0	0
UHMK1	2703	5	2698
UAP1-DT	0	0	0
UAP1	2459	1	2458
DDR2	2908	0	2908
HSD17B7	341	0	341
CCDC190	0	0	0
LOC107985223	0	0	0
RGS4	0	0	0
LOC124904446	0	0	0
RGS5	21	0	21
RGS5-AS1	0	0	0
LOC127814295	90	0	90
NUF2	804	1	803
LOC100422212	0	0	0
LOC124904447	0	0	0
PBX1	1053	0	1053
PBX1-AS1	0	0	0
LOC107985451	0	0	0
LOC107985452	0	0	0
LMX1A	0	0	0
LMX1A-AS2	0	0	0
LMX1A-AS1	0	0	0
RXRG	1	0	1
LRRC52-AS1	0	0	0
LOC124904448	0	0	0
LRRC52	0	0	0
MGST3	2951	0	2951
ALDH9A1	3061	3	3058
CA14P1	2	1	1
TMCO1	2239	0	2239
TMCO1-AS1	30	0	30
UCK2	2971	1	2970
MIR3658	0	0	0
FAM78B	0	0	1
FAM78B-AS1	2	0	2
MIR921	0	0	0
LOC112268276	0	1	0
LINC01675	0	0	0
FMO9P	0	0	0
POGK	1705	5	1700
TADA1	362	15	347
ILDR2	0	0	0
LOC124904449	0	0	0
MAEL	0	0	0
LOC124904834	0	0	0
GPA33-AS1	0	0	0
GPA33	3	0	3
LOC124904451	0	0	0
STYXL2	2	0	2
LOC105371601	0	0	0
LINC01363	10	0	10
POU2F1-DT	9	0	9
POU2F1	782	0	782
LOC124900412	4	0	4
CD247	0	0	0
LOC101928512	0	0	0
LOC107985224	0	0	0
CREG1	2843	1	2842
RCSD1	0	0	0
TRP-CGG1-1	0	0	0
TRP-AGG2-1	0	0	0
MPZL1	3253	0	3253
ADCY10	14	4	10
DCAF6	2272	23	2384
MPC2	901	118	918
MIR1255B2	0	0	0
GPR161	532	0	532
TIPRL	901	0	901
SFT2D2	1299	0	1376
ANKRD36BP1	0	77	0
TBX19	25	0	25
MIR557	0	0	0
LOC125312414	0	0	0
LOC100505918	0	0	0
LOC101928565	0	0	0
XCL2	0	0	0
XCL1	2	0	2
LOC105371604	0	0	0
DPT	0	0	0
LOC124904452	0	0	0
LINC00626	0	0	0
LOC105371606	0	0	0
LINC00970	1	1	0
LOC101928596	0	0	0
ATP1B1	4432	29	4923
NME7	279	492	307
BLZF1	685	0	685
CCDC181	3	2	1
SLC19A2	994	0	994
F5	2	0	2
SELP	0	0	0
LOC107985745	0	0	0
SELL	0	0	0
SELE	0	0	0
LOC101928628	0	0	0
FIRRM	475	145	654
METTL18	129	5	150
SCYL3	260	218	340
KIFAP3	1028	0	1028
NTMT2	0	0	0
MIR3119-2	0	0	0
MIR3119-1	0	0	0
LINC01681	0	0	0
LINC01142	0	0	0
GORAB-AS1	8	3	5
GORAB	662	0	662
LOC124904453	0	0	0
LOC105371610	0	0	0
PRRX1	0	0	0
LOC124904454	0	0	0
LOC124904455	0	0	0
MROH9	0	0	0
FMO3	0	0	0
MIR1295A	0	0	0
MIR1295B	0	0	0
FMO1-AS1	0	0	0
FMO6P	0	0	0
FMO2	0	0	0
LOC124900413	0	0	0
FMO1	0	0	0
FMO4	8	0	8
TOP1P1	0	0	0
LOC124904828	0	0	0
PRRC2C	5007	0	5007
LOC124904697	0	0	0
MYOCOS	0	0	0
MYOC	0	0	0
VAMP4	275	0	275
METTL13	1633	0	1633
DNM3	23	20	17
DNM3-IT1	0	0	0
DNM3OS	0	0	0
MIR214	0	0	0
MIR3120	0	0	0
MIR199A2	0	0	0
LOC102724528	1	1	12
C1orf105	0	79	1
PIGC	488	3	565
SUCO	905	1	904
FASLG	0	0	0
LOC107985225	0	0	0
LOC105371618	0	0	0
TNFSF18	3	0	3
TNFSF4	59	0	59
LOC100506023	21	1	21
PRDX6-AS1	27	0	27
PRDX6	13732	6	13892
LOC124904456	2	166	1
SLC9C2	1	0	1
ANKRD45	17	4	16
TEX50	0	0	0
LOC105371619	2	2	0
LOC124904822	0	0	0
KLHL20	435	0	438
CENPL	297	102	345
DARS2	1213	53	1311
GAS5-AS1	5	173	5
GAS5	1399	2	1522
SNORD81	0	0	0
SNORD47	6	0	6
SNORD80	82	0	82
SNORD79	3	0	3
SNORD78	7	0	7
SNORD44	8	0	8
SNORA103	0	0	0
SNORD77	0	0	0
SNORD76	0	0	0
SNORD75	0	0	0
SNORD74	48	0	48
ZBTB37	298	2	297
SERPINC1	3	0	3
LOC124904457	1	1	0
RC3H1	499	0	499
RC3H1-DT	0	0	0
RABGAP1L-DT	2	0	2
RABGAP1L	420	6	414
LOC124904825	1	1	0
GPR52	0	0	0
RABGAP1L-AS1	0	0	0
LOC105371622	10	28	18
CACYBP	2767	68	2737
MRPS14	474	3	474
TNN	0	0	0
KIAA0040	786	0	786
LOC105371623	0	0	0
TNR	0	0	0
LOC124904458	0	0	0
LINC01657	0	0	0
LINC02803	7	0	7
COP1	884	0	884
MIR1843	0	0	0
SCARNA3	0	0	0
COP1-DT	7	0	7
LOC124904756	0	0	0
PAPPA2	2	0	2
ASTN1	0	0	0
MIR488	0	0	0
BRINP2	0	0	0
LOC105371625	0	0	0
LINC01645	0	0	0
LINC01741	0	0	0
CRYZL2P-SEC16B	0	0	0
SEC16B	0	0	0
CRYZL2P	0	0	0
LOC124904459	0	0	0
RASAL2-AS1	16	8	15
RASAL2	595	4	606
LOC105371630	1	0	1
LOC105371629	6	0	6
CLEC20A	17	24	1
LOC101928866	0	0	0
TEX35	0	0	0
LOC105371631	0	0	0
LOC124904460	4	0	4
C1orf220	24	1	23
LOC105371632	0	0	0
MIR4424	0	0	0
RALGPS2-AS1	4	18	6
RALGPS2	981	2	999
LOC124904462	0	0	0
ANGPTL1	18	3	15
LOC102724754	1	1	0
FAM20B	1668	0	1668
TOR3A	805	14	791
ABL2	1329	2	1327
LOC124900429	0	0	0
SOAT1	2353	0	2353
AXDND1	1	0	1
NPHS2	0	0	0
TDRD5	0	0	0
LOC105371635	0	0	0
FAM163A	0	0	0
LOC128071543	0	0	0
MIR12116	0	0	0
LOC105371634	0	0	0
LINC02818	4	0	4
LOC124904463	0	0	0
TOR1AIP2	1955	0	1956
TOR1AIP1	1109	3	1107
LOC139427322	0	0	0
LOC101928933	0	0	0
CEP350	1088	5	1083
LOC105371636	3	6	3
QSOX1	3853	3	3856
LHX4	25	179	220
ACBD6	1011	154	1095
LHX4-AS1	0	0	0
LOC105371637	7	0	7
MIR3121	0	0	0
OVAAL	0	0	0
XPR1	1407	0	1407
LOC124904464	2	1	1
LINC02816	46	0	46
KIAA1614	71	56	57
LOC107985231	2	8	2
KIAA1614-AS1	1	19	11
STX6	878	4	875
MR1	476	0	476
LOC124904465	1	1	1
IER5	2193	4	2190
LINC01732	3	0	3
LINC01699	0	0	0
LOC107985454	0	0	0
CACNA1E	0	0	0
LOC107985232	0	0	0
LOC105371640	0	0	0
ZNF648	0	0	0
LOC105371642	0	0	0
LINC01344	0	0	0
GLUL	771	0	771
TEDDM1	0	0	0
LINC00272	0	0	0
RGSL1	0	0	0
RNASEL	23	0	23
RGS16	16	0	16
LINC01686	0	0	0
RGS8	0	0	0
LINC01688	0	0	0
NPL	70	1	69
DHX9-AS1	9	88	9
DHX9	7346	5	7429
SHCBP1L	0	0	0
LAMC1	6129	2	6127
LAMC1-AS1	8	8	0
LAMC2	14	0	14
NMNAT2	9	0	9
LOC105371646	4	0	4
SMG7-AS1	10	5	8
SMG7	3598	4	3597
NCF2	636	3	633
ARPC5	3986	4	3982
RGL1	5	0	5
APOBEC4	0	0	0
COLGALT2	2	0	2
TSEN15	443	1	442
LOC102724830	19	0	19
LOC124904466	0	0	0
LOC124904467	0	0	0
C1orf21-DT	2	0	2
C1orf21	399	0	399
LOC107985236	0	0	0
LOC124904468	0	0	0
LOC105371648	0	0	0
EDEM3	494	0	494
LOC105371649	2	0	2
NIBAN1	611	0	611
LOC107985238	0	0	0
LOC124904469	0	0	0
LINC01633	1	0	1
RNF2	488	0	488
TRMT1L	726	3	724
SWT1	127	5	147
LOC105371651	11	24	11
IVNS1ABP	2832	5	2827
CBSLR	27	0	27
GS1-279B7.1	0	0	0
LOC107985239	0	0	0
LINC01350	0	0	0
GS1-204I12.4	0	0	0
HMCN1	6	0	6
LOC105371654	0	0	0
LOC124904471	0	0	0
PRG4	4941	302	6324
TPR	6115	1396	6404
ODR4	774	0	774
PDC-AS1	5	0	5
PDC	1	0	1
PTGS2	442	1	441
PACERR	31	0	31
PLA2G4A	2008	0	2008
LINC01036	0	0	0
LOC105371655	0	0	0
LINC01037	0	0	0
LOC105371656	2	2	0
LINC03121	0	0	0
LINC01035	0	0	0
LOC105371657	2	0	2
LINC01701	0	0	0
BRINP3	335	3	399
LOC105371659	0	66	0
LOC105371658	0	0	0
BRINP3-DT	42	0	43
LINC01720	3	0	3
LINC01680	0	0	0
LINC02770	0	0	0
LOC105371661	0	0	0
RGS18	0	0	0
LOC105371662	0	0	0
RGS21	0	0	0
LOC124904473	0	0	0
LOC124904472	0	0	0
LOC105371664	0	0	0
RGS1	0	0	0
LOC107985241	0	0	0
RGS13	0	0	0
MIR4426	21	0	21
LOC105371665	2	0	2
RGS2	1834	0	1834
LOC105371668	0	0	0
LOC105371667	1	0	1
RGS2-AS1	8	0	8
UCHL5	1867	31	1881
SCARNA18B	0	0	0
RO60	804	40	809
GLRX2	332	1	331
LOC124904474	1	0	1
CDC73	1277	0	1277
MIR1278	0	0	0
B3GALT2	2	2	0
LINC01031	3	0	3
LOC124904475	5	0	5
LOC124904476	0	0	0
LOC107985242	0	0	0
LOC105371670	0	0	0
LOC107985458	0	0	0
LOC105371671	2	0	2
LOC105371672	0	0	0
LINC01724	0	0	0
LOC105371674	0	0	0
KCNT2	0	0	0
LOC124904597	0	0	0
MIR4735	0	0	0
CFH	55	0	55
CFHR3	0	0	0
CFHR1	0	0	0
CFHR4	1	1	0
LOC105371675	26	0	26
CFHR2	0	0	0
CFHR5	0	0	0
F13B	0	0	0
ASPM	2511	0	2511
ZBTB41	379	0	379
CRB1	44	2	42
LOC124904477	0	0	0
DENND1B	428	2	426
C1orf53	77	0	77
LHX9	8	0	8
NEK7	1111	3	1108
LOC105371677	0	0	0
ATP6V1G3	0	0	0
LOC124904478	0	0	0
PTPRC	2	1	1
PTPRC-AS1	0	0	0
MIR181A1HG	1	0	1
MIR181B1	0	0	0
MIR181A1	0	0	0
LINC01222	0	0	0
LINC01221	0	0	0
LOC107985243	0	0	0
LINC02789	0	0	0
LOC105371680	0	0	0
LOC105371682	0	0	0
LOC124904853	0	0	0
NR5A2	16	1	15
LOC107985244	0	0	0
LOC124904479	1	0	1
LINC00862	1	0	1
ZNF281	1009	0	1009
LOC124900414	1	0	1
LOC124904480	0	0	0
LOC107985459	0	0	0
KIF14	656	0	656
DDX59	712	1	713
DDX59-AS1	1	2	1
CAMSAP2	1083	0	1083
GPR25	0	0	0
INAVA	0	0	0
MROH3P	0	0	0
KIF21B	232	0	232
LOC101929305	0	0	0
CACNA1S	0	0	0
LOC124904481	0	0	0
ASCL5	2	0	2
TMEM9	3042	1	3041
IGFN1	0	0	0
PKP1	2	0	2
LOC101929326	0	0	0
TNNT2	1	0	1
LAD1	0	0	0
LOC101929343	0	0	0
TNNI1	0	0	0
PHLDA3	1596	0	1596
CSRP1	2887	2	2895
CSRP1-AS1	118	9	119
LOC124904484	0	0	0
RPS10P7	44	0	44
NAV1	2018	17	2138
LOC124904482	51	5	47
IPO9-AS1	0	250	7
MIR5191	0	0	0
LOC124904483	2	2	0
MIR1231	0	0	0
IPO9	3792	7	3906
MIR6739	5	0	5
SHISA4	54	0	57
LMOD1	20	21	2
TIMM17A	3055	0	3055
SNORA70H	0	0	0
RNPEP	3990	47	3976
ELF3-AS1	91	28	97
MIR6740	0	0	0
ELF3	1547	4	1544
LOC105371684	0	0	0
GPR37L1	16	6	16
LOC105371683	0	0	0
ARL8A	529	0	535
PTPN7	2	0	2
PTPRVP	0	0	0
LGR6	1	0	1
LOC124904840	0	0	0
LOC101929388	0	0	0
LOC124904839	0	0	0
UBE2T	1309	0	1309
PPP1R12B	455	3	461
LOC124900426	0	0	0
SYT2	13	22	0
KDM5B	3282	1	3281
LOC124904583	0	4	0
PCAT6	0	0	4
MGAT4EP	0	0	0
ACTG1P25	5	0	5
RABIF	273	2	271
KLHL12	577	2	575
ADIPOR1	3638	1	3637
CYB5R1	1122	0	1122
MGAT4FP	3	3	0
TMEM183A	2535	3	2532
PPFIA4	875	1	875
LOC105371687	1	2	0
MYOG	0	0	0
MYOPARR	0	0	0
ADORA1	29	0	29
MYBPH	0	0	0
CHI3L1	0	0	0
LOC124904485	0	0	0
CHIT1	0	0	0
LOC124904486	0	0	0
LINC01353	0	0	0
BTG2-DT	5	0	5
BTG2	660	0	660
FMOD	0	0	0
LOC102723529	0	0	0
BMNCR	0	0	0
LOC124904487	0	0	0
PRELP	1	0	1
OPTC	1	2	0
LOC105371688	11	11	4
LOC124904488	2	0	5
ATP2B4	4254	0	4254
SNORA77	5	0	5
LINC00260	10	0	10
LOC102723543	5	5	0
LAX1	3	0	3
ZBED6	118	0	118
ZC3H11A	0	0	0
LOC128031836	0	0	0
SNRPE	1210	0	1210
LOC105371689	2	0	2
LINC00303	1	1	0
SOX13	1801	2	1799
ETNK2	22	8	18
ERLNC1	0	4	0
REN	0	0	0
KISS1	0	0	0
GOLT1A	0	0	0
PLEKHA6	199	0	199
LINC00628	2	0	2
PPP1R15B	4989	23	4966
PIK3C2B	2263	3	2338
LOC124904584	25	78	25
TRK-TTT3-1	0	0	0
TRK-TTT3-2	0	0	0
MDM4	1039	0	1039
LRRN2-AS1	46	536	34
LRRN2	13	1	536
LOC124904490	0	0	0
LOC105371693	0	0	0
LOC105371695	0	0	0
LOC105371694	0	0	0
NFASC	1	4	0
CNTN2	0	0	0
TMEM81	59	0	59
RBBP5	574	0	577
DSTYK	551	0	551
TMCC2	72	0	72
TMCC2-AS1	0	0	0
NUAK2	289	0	289
KLHDC8A	0	0	0
LEMD1-AS1	0	0	0
LOC105371698	0	0	0
LEMD1	7	1	6
BLACAT1	28	0	28
MIR135B	0	0	0
LEMD1-DT	1	0	1
TRK-TTT8-1	0	0	0
CDK18	966	0	966
SLC60A1-AS1	3	0	3
SLC60A1	12	8	5
LOC124904491	1	0	1
ELK4	884	5	880
SLC45A3	131	2	135
LOC105371701	7	7	6
NUCKS1	7312	1	7311
LOC124900423	0	0	0
RAB29	818	0	818
SLC41A1	905	0	905
PM20D1	0	0	0
LOC107985250	0	0	0
PM20D1-AS1	0	0	0
SLC26A9	10	0	10
SLC26A9-AS1	0	4	1
LOC103021295	4	0	4
RAB7B	5	1	9
CTSE	0	0	0
RHEX	0	0	0
LOC105372857	0	0	0
LOC124900428	0	0	0
AVPR1B	0	0	0
AVPR1B-DT	0	0	0
LOC105372869	0	0	0
LOC105372873	0	0	0
FAM72A	88	25	91
SRGAP2	1212	3	1237
IKBKE	221	9	250
MIR6769B	0	0	0
IKBKE-AS1	3	36	5
LOC124904493	2	4	0
RASSF5	523	1	524
LOC124904494	0	0	0
EIF2D	1405	1	1404
DYRK3-AS1	2	43	4
DYRK3	622	2	665
LOC124904496	1	1	0
LOC124904495	3	3	0
MAPKAPK2	2227	2	2225
IL10	0	0	0
IL19	0	0	0
LOC105372878	0	0	0
IL20	6	0	6
LOC105372879	0	0	0
IL24	4	2	3
FCMR	28	0	29
PIGR	0	0	0
FCAMR	0	0	0
C1orf116	6	2	6
PFKFB2	817	0	821
LOC124904826	0	0	0
YOD1	1929	3	1928
C4BPB	3733	2	3731
C4BPA	16522	3	16540
LOC107985251	80	3179	4
LINC02942	39	3	36
CD55	18695	3	21774
LOC124904498	0	0	0
LOC105372880	0	0	0
CR2	0	0	0
CR1	0	0	0
CR1L	2	1	1
CD46	8878	0	8878
MIR29B2CHG	8	2	6
MIR29C	0	0	0
MIR29B2	0	0	0
LOC148696	0	0	0
CD34	1	0	1
LOC107985253	0	0	0
LINC02767	3	0	3
PLXNA2	611	0	612
LOC105372887	0	0	0
LOC124904499	0	0	0
LOC124904500	0	0	0
LOC105372884	4	5	0
LOC105372889	0	0	0
LOC124904501	0	0	0
LOC107985460	0	0	0
LINC01735	0	0	0
LINC02769	0	0	0
LOC105372892	0	0	0
LINC01717	0	0	0
LOC107985255	0	0	0
LINC01774	0	0	0
LOC105372895	0	0	0
LOC105372896	1	0	1
LINC01696	0	0	0
LINC01698	0	0	0
MIR205HG	0	0	0
MIR205	0	0	0
LOC105372898	0	0	0
LOC105372899	0	0	0
LOC107985256	1	0	1
CAMK1G	6	1	5
LAMB3	7691	2	7689
MIR4260	0	0	0
HSD11B1-AS1	3	0	3
G0S2	0	0	0
HSD11B1	1	0	1
TRAF3IP3	0	44	0
C1orf74	106	0	150
IRF6	0	0	0
UTP25	764	0	764
SYT14	0	0	0
SERTAD4-AS1	0	0	0
SERTAD4	0	0	0
LINC02602	0	0	0
LOC124904502	0	0	0
HHAT	0	0	0
LOC124904503	0	0	0
KCNH1	2	2	0
LOC105372901	0	0	0
KCNH1-IT1	0	0	0
LOC105372902	21	1	21
RCOR3	768	0	769
TRAF5	239	0	239
LOC124904504	7	1	6
LINC00467	52	0	101
LOC107985259	0	49	0
RD3	0	0	0
LOC107985261	0	0	0
LOC107985260	0	0	0
SLC30A1	2778	84	2694
LOC105372903	0	0	0
NTRAS	51	0	51
NEK2	1225	0	1225
NEK2-DT	0	0	0
LOC105372904	0	0	0
LPGAT1	1752	0	1753
LPGAT1-AS1	0	1	0
LOC124904505	1	1	0
INTS7	982	0	982
LOC124900448	0	0	0
DTL	2191	0	2191
RPL21P28	7	0	7
MIR3122	1	0	1
LINC02608	3	1	2
PPP2R5A	1304	10	1294
SNORA16B	1	1	0
PACC1	226	0	226
LOC105372906	2	0	2
NENF	676	0	676
LOC124904506	2	0	2
LINC02771	1	0	1
LOC105372908	0	0	0
LINC01740	0	0	0
ATF3	1023	1	1022
GARIN4	0	0	0
LINC02773	2	0	2
BATF3	42	0	42
LOC124904694	1	1	0
NSL1	867	2	867
TATDN3	593	0	595
SPATA45	0	0	0
FLVCR1-DT	66	0	66
FLVCR1	564	0	564
LOC124904507	0	0	0
VASH2	13	11	2
ANGEL2	639	0	639
RPS6KC1	1519	0	1519
PROX1-AS1	0	0	0
LINC00538	0	0	0
LOC124904651	0	0	0
PROX1	0	0	0
LINC02775	0	0	0
LOC124904509	3	4	5
SMYD2	723	3	726
PTPN14	1228	4	1224
LOC124904508	0	0	0
CENPF	6207	1	6206
LOC105372916	0	0	0
LOC124904510	0	0	0
KCNK2	0	0	0
LOC124904511	0	0	0
LOC124904598	0	0	0
LOC124904599	0	20	2
KCTD3	2073	4	2091
USH2A	6	6	0
LOC124904778	0	0	0
USH2A-AS2	0	0	0
USH2A-AS1	0	0	0
LOC107985596	0	0	0
ESRRG	1	0	1
LOC124904512	0	0	0
LOC107985461	0	0	0
LOC105372920	0	0	0
LOC124904807	0	0	0
GPATCH2	351	0	351
SPATA17	28	0	39
SPATA17-AS1	1	12	0
LINC00210	0	0	0
LOC105372922	0	0	0
LINC01653	0	0	0
LOC105372923	0	0	0
RRP15	626	0	626
TGFB2-AS1	1	3	2
TGFB2	50	2	52
TGFB2-OT1	0	0	0
LINC02869	0	0	0
LOC124904666	0	0	0
LOC105372924	0	0	0
LINC01710	1	0	1
LOC124904513	0	0	0
LYPLAL1-DT	0	0	0
LYPLAL1	234	0	234
LOC107984018	0	0	0
LYPLAL1-AS1	0	0	0
LOC124904514	0	0	0
ZC3H11B	6	0	6
LOC105372926	0	0	0
SLC30A10	0	0	0
LOC107985281	0	0	0
LOC124904668	0	0	0
EPRS1	6236	0	6236
LOC124904819	0	0	0
BPNT1	1012	0	1012
IARS2	7711	5	7710
LOC105373475	0	0	0
LOC124904515	1	1	0
MIR215	0	0	0
MIR194-1	0	0	0
LOC124904824	0	0	0
RAB3GAP2	1632	39	1597
MIR664A	0	0	0
SNORA36B	0	0	0
AURKAP1	30	0	30
LINC02779	0	0	0
LOC105372928	0	0	0
MARK1	359	0	359
C1orf115	0	0	0
LOC124904516	1	167	3
MTARC2	367	2	534
MTARC1	3511	5	3506
RNU6ATAC35P	25	0	25
LINC01352	0	0	0
HLX-AS1	0	12	0
HLX	59	2	69
LOC105372930	0	0	0
LOC101929750	2	0	2
LOC105372932	0	0	0
LINC02817	4	0	4
LOC105372934	0	0	0
LOC107985462	0	0	0
LOC105372937	0	0	0
DUSP10	161	0	161
LINC01655	2	0	2
LOC124904517	0	0	0
LINC02257	2	0	2
LINC02474	0	0	0
LINC01705	0	0	0
LOC124904518	2	0	2
TRT-TGT2-1	0	0	0
LOC105372956	3	0	4
LOC124904519	0	1	0
HHIPL2	218	2	216
TAF1A	148	0	148
TAF1A-AS1	29	0	29
MIA3	2206	112	2102
AIDA	974	5	977
BROX	989	0	989
FAM177B	4	0	4
LOC105372984	0	0	0
DISP1	1201	3	1198
LOC124904830	0	0	0
LOC124904520	10	0	10
LOC124904521	0	0	0
LOC102724046	0	0	0
LOC107985323	2	2	0
TLR5	22	22	0
LOC124904522	0	0	0
SUSD4	1	0	1
LOC105373025	0	0	0
CCDC185	0	0	0
LOC105373034	0	0	0
CAPN8	0	0	0
LOC105373281	0	0	0
CAPN2	3140	6	3669
LOC105373046	0	0	0
LOC105373041	20	551	4
TP53BP2	1100	1	1099
GTF2IP20	299	0	299
SEPTIN7P13	82	0	82
LOC105373061	0	0	0
LOC105373056	0	0	0
FBXO28	1846	1	1845
LOC124903813	0	0	0
LOC124900425	0	0	0
DEGS1	7243	4	7239
LOC101927143	9	0	9
LOC101927164	7	381	4
NVL	2164	3	2539
MIR320B2	0	0	0
LOC124904838	0	0	0
CNIH4	1132	0	1132
WDR26	2842	3	2862
MIR4742	0	0	0
CNIH3	9	23	9
CNIH3-AS2	0	0	0
CNIH3-AS1	0	0	0
LOC124904523	0	0	0
LINC02813	0	0	0
LOC105373108	0	0	0
LOC105373109	0	0	0
LOC124904524	0	0	0
DNAH14	46	0	46
LOC124904525	0	0	0
LBR	1634	1	1633
LINC02765	40	2	38
LOC124904526	3	0	3
ENAH	3520	5	3515
LOC102723834	5	0	5
LOC107985352	0	0	0
LOC124904527	0	0	0
SRP9	3416	0	3416
EPHX1	1778	119	1671
TMEM63A	1295	12	1295
LEFTY1	7	0	7
PYCR2	1459	1	1458
MIR6741	0	0	0
LEFTY2	0	0	0
SDE2	835	0	835
H3-3A-DT	0	19	3
H3-3A	4033	4	4051
LINC01703	28	0	28
ACBD3	466	1	792
LOC124904586	0	0	0
ACBD3-AS1	1	329	0
LOC101927247	0	0	0
LOC124904528	0	0	0
MIXL1	0	0	0
LIN9	633	44	589
LOC124904831	0	0	0
LOC124904814	0	0	0
PARP1	5608	0	5608
LOC105373115	0	0	0
LOC105373116	0	0	0
STUM	0	0	0
ITPKB	202	0	202
ITPKB-IT1	0	0	0
LOC124904529	0	0	0
LOC124904530	3	0	3
LOC105373119	1	0	1
PSEN2	772	0	772
LOC107985354	24	0	24
COQ8A	1146	13	1133
CDC42BPA	1392	7	1388
LOC124904531	5	0	8
LINC01641	0	0	0
LOC105373122	0	0	0
ZNF678	108	2	106
ZNF847P	1	1	0
SNAP47	798	977	797
JMJD4	3	2	977
LOC105373289	5	0	5
PRSS38	0	0	0
WNT9A	284	0	284
MIR5008	0	0	0
LOC124904533	3	3	0
LOC107985355	4	0	4
LOC124904532	6	2	4
WNT3A	0	0	0
LINC02809	0	0	0
ARF1	8653	4	8649
MIR3620	0	0	0
C1orf35	694	4	690
MRPL55	875	3	872
GUK1	2936	1	2935
GJC2	6	0	6
LOC124904534	3	4	1
IBA57-DT	0	0	2
IBA57	313	2	311
LOC124904536	18	1	17
OBSCN-AS1	42	3	69
OBSCN	2992	49	4147
LOC124904535	0	48	0
LOC101927401	310	1436	0
TRIM11	917	1	1417
TRIM11-AS1	17	521	1
MIR6742	0	0	0
TRIM17	1	1	0
LOC124904537	3	0	3
H3-4	0	0	0
LOC124904538	0	0	0
H2AC25	0	0	0
H2BC26	0	0	0
MIR4666A	0	0	0
RNF187	0	0	0
BTNL10P	0	0	0
LOC105373124	0	0	0
RNA5S1	0	0	0
RNA5S2	0	0	0
RNA5S3	0	0	0
RNA5S4	0	0	0
RNA5S5	0	0	0
RNA5S6	0	0	0
RNA5S7	0	0	0
RNA5S8	0	0	0
RNA5S9	0	0	0
RNA5S10	0	0	0
RNA5S11	0	0	0
RNA5S12	0	0	0
RNA5S13	0	0	0
RNA5S14	0	0	0
RNA5S15	0	0	0
RNA5S16	0	0	0
RHOU	0	0	0
DUSP5P1	12	0	12
RNA5S17	0	0	0
LOC124904539	5	0	7
LOC105373143	0	2	0
LINC02815	4	0	4
LOC102723935	0	0	0
TMEM78	0	0	0
LOC124904540	0	1	0
RAB4A-AS1	82	33	83
RAB4A	332	0	368
CCSAP	729	17	715
LOC124904541	0	0	0
ACTA1	17	0	17
NUP133	1685	1	1685
NUP133-DT	1	0	2
ABCB10	549	0	549
TAF5L	651	0	651
URB2	524	0	524
LOC105373161	0	0	0
LOC107985464	0	0	0
LOC105373162	0	0	0
LINC01682	0	0	0
LOC105373163	0	0	0
LINC01736	0	0	0
GALNT2	21402	8	21394
LOC124904748	0	0	0
LOC124904542	32	32	0
PGBD5	381	0	381
LOC124904543	1	0	1
LOC105373164	0	0	0
LOC105373165	0	0	0
LOC107985357	0	0	0
LINC01737	0	0	0
LOC124904544	3	0	3
LOC124904545	0	0	0
COG2	868	0	979
LOC107985358	0	111	0
AGT	73	0	73
CAPN9	1	1	0
CAPN9-AS1	0	0	0
LOC124904546	0	0	0
LOC124904548	0	0	0
C1orf198	523	2	521
LOC101927604	2	0	4
LOC124904547	0	2	0
LOC105373167	0	0	0
TTC13	822	0	822
ARV1	523	0	523
FAM89A	0	0	0
MIR1182	0	0	0
TRIM67	3	3	0
TRIM67-AS1	0	0	0
FSAF1	522	0	522
GNPAT	1112	0	1112
EXOC8	492	0	492
SPRTN	375	5	370
LOC107985360	33	6	27
EGLN1	2522	17	2505
SNRPD2P2	0	0	0
TSNAX-DT	172	0	172
TSNAX-DISC1	0	0	0
TSNAX	615	0	615
LINC00582	0	0	0
DISC1	0	0	0
LOC105373170	0	0	0
DISC2	0	3	0
DISC1-IT1	1	0	1
LOC124904549	0	0	0
LOC105373172	0	0	0
LOC105373171	0	0	0
LOC124904550	0	0	0
LOC101929902	0	0	0
LOC105373196	0	0	0
LOC105373198	0	0	0
SIPA1L2	1203	2	1202
LOC124904551	0	0	1
LINC01745	0	0	0
LINC01744	0	0	0
LOC107983960	0	0	0
MAP10	0	0	0
LOC101927711	0	0	0
LOC105373201	0	0	0
LOC107985361	2	129	2
NTPCR	515	10	660
PCNX2	166	18	174
MAP3K21	562	0	562
KCNK1	1419	0	1419
MIR4427	0	0	0
LOC107985362	11	7	4
LOC124904552	6	0	6
SLC35F3	221	0	221
LOC107985363	4	0	4
LOC124904553	0	0	0
SLC35F3-AS1	0	0	0
LOC105373206	0	0	0
MIR4671	0	0	0
COA6-AS1	15	260	22
COA6	258	11	514
TARBP1	1260	2	1258
LINC01354	0	0	0
LOC107985465	0	0	0
LOC124900421	0	0	0
IRF2BP2	5818	2	5816
LINC00184	2	5	1
LOC101927787	14	1	13
LOC105373207	6	6	0
LOC124904554	4	2	6
LOC124904555	3	3	0
LOC105373209	3	0	3
LOC105373208	0	0	0
LOC124904556	1	1	0
LINC01132	60	0	60
LOC105373210	0	0	0
LOC107985364	0	0	0
LINC02961	0	0	0
LOC124904557	0	0	0
LOC107985365	2	0	2
LINC02971	1	9	1
LNCATV	1	0	9
LINC03108	21	0	21
LINC01348	103	0	103
TOMM20	6457	1	6456
LOC105379283	2	0	2
SNORA14B	0	0	0
RBM34	1351	0	1351
ARID4B	882	2	881
MIR4753	1	0	1
GGPS1	1063	1	1063
LOC124904559	0	0	0
TBCE	0	0	0
B3GALNT2	0	0	0
GNG4	0	0	0
LOC124904560	0	0	0
LYST	457	2	455
MIR1537	0	0	0
LOC105373215	1	0	2
LINC02768	1	2	0
NID1	0	0	0
GPR137B	0	0	0
ERO1B	0	0	0
LOC124904561	0	0	0
LOC124904562	0	0	0
EDARADD	1	0	1
LGALS8	127	696	8
LGALS8-AS1	0	0	0
HEATR1	1803	3	2377
ACTN2	16	0	16
MTR	1279	0	1279
LOC105373218	6	0	6
LOC124904563	0	0	0
LOC124904564	0	0	0
LOC107985368	0	0	0
MT1HL1	0	0	0
RYR2	224	0	224
MIR4428	3	0	3
LOC100130331	0	0	0
ZP4	0	0	0
LOC105373220	0	0	0
LINC01139	6	0	6
LOC124904565	0	0	0
LOC105373222	0	0	0
LOC124904566	0	0	0
LOC105373223	0	0	0
CHRM3	1	0	1
LOC105373225	0	0	0
CHRM3-AS2	0	0	0
LOC124904567	0	0	0
CHRM3-AS1	0	0	0
LOC105373224	0	0	0
RPS7P5	0	0	0
FMN2	100	0	100
GREM2	0	0	0
LOC124904600	0	0	0
LOC105373228	0	0	0
LOC100506929	0	0	0
RGS7	0	0	0
LOC124904602	0	0	0
MIR3123	0	0	0
LOC124904601	0	0	0
FH	3904	1	3903
KMO	24	1349	14
OPN3	94	1	1400
CHML	1	0	1
WDR64	3	2	3
LOC124904603	11	0	13
LOC105373231	0	0	0
EXO1	1174	0	1174
LOC124904604	14	0	14
BECN2	0	0	0
MAP1LC3C	2	0	2
PLD5	0	0	0
LOC105373235	0	0	0
LOC105373234	0	0	0
LOC107985466	0	0	0
LINC01347	0	0	0
LOC124904568	0	0	0
CEP170	0	0	0
SDCCAG8	0	0	0
MIR4677	0	0	0
LOC124904569	0	0	0
AKT3	0	0	0
AKT3-IT1	0	0	0
LINC02774	0	0	0
LOC105373258	0	0	0
LOC124904570	0	0	0
ZBTB18	50	0	50
LOC440742	0	0	0
LOC105373261	0	0	0
LOC105373260	0	0	0
LOC105373262	0	0	0
SPMIP3	6	6	0
ADSS2	1599	6	1936
CATSPERE	14	337	20
DESI2	1092	1	1091
C1orf202	1	1	0
LOC107985372	1	1	0
COX20	1111	600	514
HNRNPU	16421	26	16398
SNORA100	0	0	0
LOC124904588	0	0	0
EFCAB2-AS1	4	0	4
LOC124900416	0	45	2
DRC8	354	17	399
LOC107985725	1	0	1
LOC124904572	4	0	4
KIF26B	0	0	0
KIF26B-AS1	0	0	0
LOC124904571	0	0	0
LOC105373265	0	0	0
SMYD3	287	0	287
SMYD3-AS1	0	0	0
LOC124904573	0	0	0
SMYD3-IT1	0	0	0
LINC01743	0	0	0
TFB2M	584	1	584
CNST	453	0	454
LOC105373271	0	0	0
LOC102724382	4	0	4
SCCPDH	688	0	688
LINC01341	3	0	3
AHCTF1	3380	4	3376
ZNF670-ZNF695	0	0	0
ZNF695	9	0	9
ZNF670	91	0	91
ZNF669	0	0	0
FLJ39095	0	0	0
LINC02897	0	0	0
ZNF124	127	0	127
MIR3916	21	0	21
VN1R5	0	0	0
LOC105373273	0	0	0
ZNF496	0	0	0
ZNF496-DT	0	0	0
LOC124904574	0	0	0
LOC107985375	0	0	0
NLRP3	0	0	0
LOC124904575	0	0	0
OR2B11	0	0	0
OR2W5P	0	0	0
GCSAML	0	0	0
OR2C3	0	0	0
GCSAML-AS1	0	0	0
LOC102724446	0	0	0
OR2G2	0	0	0
OR2G3	0	0	0
OR14L1	0	0	0
OR13G1	0	0	0
OR6F1	0	0	0
OR14A2	0	0	0
OR14K1	0	0	0
OR1C1	0	0	0
OR9H1	0	0	0
OR14A16	0	0	0
OR11L1	0	0	0
TRIM58	0	0	0
OR2W3	0	0	0
OR2T8	0	0	0
OR2AJ1	0	0	0
OR2L13	0	0	0
OR2L8	0	0	0
OR2AK2	0	0	0
OR2L1P	0	0	0
OR2L5	0	0	0
OR2L2	0	0	0
OR2L3	0	0	0
LOC105373275	0	0	0
OR2M1P	0	0	0
OR2M5	0	0	0
OR2M2	0	0	0
OR2M3	0	0	0
OR2M4	0	0	0
OR2T33	0	0	0
OR2T12	0	0	0
OR2M7	0	0	0
OR14C36	0	0	0
OR2T4	0	0	0
OR2T6	0	0	0
OR2T1	0	0	0
OR2T7	0	0	0
OR2T2	0	0	0
LOC105373279	0	0	0
OR2T3	0	0	0
LOC105373277	0	0	0
OR2T5	0	0	0
OR2G6	0	0	0
OR2T29	0	0	0
LOC124904576	0	0	0
OR2T34	0	0	0
OR2T10	0	0	0
OR2T11	0	0	0
OR2T35	0	0	0
OR2T27	0	0	0
OR14I1	0	0	0
LYPD9P	0	0	0
LYPD8	0	0	0
LOC107985747	0	0	0
LOC124904577	0	0	0
SH3BP5L	1085	0	1085
MIR3124	13	12	1
ZNF672	1080	2	1078
ZNF692	1097	2	1095
ZNF692-DT	0	0	0
PGBD2	144	9	135
TRL-CAA4-1	0	0	0
TRE-CTC2-1	2	0	2
LOC105379854	107	0	154
LOC101060632	0	49	0
LOC124905319	3	0	3
LOC105379522	0	0	0
LOC124905564	34	0	34
LOC124905320	0	0	0
LOC105379523	0	0	0
LOC107987365	0	0	0
LOC107987366	0	0	0
LOC102724562	1	0	1
LOC124905321	0	0	0
TRN-GTT26-1	0	0	0
LOC440570	0	0	0
TRNAE-UUC	0	0	0
FAM110C	209	0	209
LOC105373324	0	0	0
SH3YL1	74	0	74
ACP1	1890	0	1890
ALKAL2	0	2	0
LOC101927262	15	0	17
LOC105373346	2	3	0
LINC01865	0	0	0
LOC105373351	0	0	0
LOC124905962	1	0	1
LOC124907599	1	0	1
LINC01874	0	0	0
LOC100996637	0	0	0
LINC01875	0	0	0
LOC105373352	2	0	2
TMEM18	282	4	361
TMEM18-DT	2	79	6
LOC105373479	0	0	0
LOC105373358	0	0	0
LOC105373480	0	0	0
LINC01115	0	0	0
LINC01939	2	0	2
SNTG2-AS1	0	0	0
SNTG2	0	0	0
LOC124905965	0	0	0
LOC105373359	0	0	0
TPO	0	1	0
LALTOP	4	0	5
LOC102723730	0	0	0
LOC124907722	0	0	0
PXDN	2076	0	2348
LOC124907723	2	274	0
LOC124907724	0	0	0
MYT1L	37	6	31
LOC124905967	0	0	0
LOC107985838	0	0	0
MYT1L-AS1	0	0	0
LOC105373389	0	0	0
LOC107985839	0	0	0
LOC105373390	0	0	0
LOC124905968	0	0	0
LINC01250	0	0	0
LOC124906153	0	0	0
LOC107985840	0	0	0
EIPR1	643	0	643
TRAPPC12	356	0	356
TRAPPC12-AS1	0	0	0
LOC112268321	0	0	0
ADI1	291	2	291
LOC124907725	2	2	2
RNASEH1	808	0	808
RNASEH1-DT	126	0	126
LOC124907726	82	0	82
RPS7	9095	0	9095
COLEC11	0	0	0
ALLC	0	0	0
LOC105373393	0	0	0
DCDC2C	0	0	0
LINC01304	0	0	0
LOC105373394	0	0	0
LOC105373395	0	0	0
LOC105373397	0	0	0
LOC107985841	0	0	0
LINC01249	0	0	0
LOC105373398	0	0	0
LOC105373399	0	0	0
LOC107985842	0	0	0
LOC124905950	0	0	0
LOC107985843	0	0	0
LINC01248	0	0	0
LOC124908052	0	0	0
SOX11	0	0	0
LOC112268411	0	0	0
LINC01810	0	0	0
SILC1	0	0	0
MIR7158	0	0	0
LOC400940	0	0	0
LOC105373401	0	0	0
LINC01247	0	0	0
LOC105373402	0	0	0
LINC01824	0	0	0
LOC107985845	0	0	0
LINC01246	0	0	0
LINC03156	0	0	0
MIR7515	0	0	0
LINC00487	0	0	0
LOC105373404	0	0	0
NRIR	0	0	0
CMPK2	1	0	1
RSAD2	303	0	303
GRASLND	0	0	0
RNF144A	0	0	0
LOC101929452	0	0	0
LOC124908053	0	0	0
LOC107985846	0	0	0
LOC107985847	0	0	0
LOC105373406	0	0	0
LOC100506274	0	0	0
LOC105373407	0	0	0
LOC101929510	0	0	0
LOC107985848	0	0	0
LINC01871	0	0	0
LOC105373408	0	0	0
LOC101929861	0	0	0
LOC105373409	0	0	0
LOC101929551	0	0	0
LINC00298	0	0	0
LOC124907727	0	0	0
LINC00299	0	0	0
LINC01814	1	0	1
LOC105373411	0	0	0
ID2-AS1	12	3	11
ID2	532	0	534
KIDINS220	431	0	431
MBOAT2	109	0	109
LOC124906167	0	0	0
LOC124907728	3	0	3
LOC124907729	0	0	0
LOC105373414	0	0	0
LOC105373416	0	0	0
LOC105373415	0	0	0
LOC105373417	0	0	0
ASAP2	301	0	763
LOC124907730	1	66	0
ITGB1BP1	583	399	581
CPSF3	971	0	971
IAH1	179	250	177
ADAM17	380	11	617
LOC124906162	0	0	0
LOC101929643	14	0	14
YWHAQ	5884	0	5884
LOC105373418	0	0	0
LOC105373419	0	0	0
LOC124905969	2	0	2
LOC100996549	0	0	0
LOC105373421	1	0	1
TAF1B	217	1	216
LOC105373422	0	0	0
GRHL1	174	0	221
LOC124905970	7	54	0
LOC112268412	1	0	1
KLF11-DT	27	0	28
KLF11	610	1	610
CYS1	0	0	0
RRM2	2276	0	2280
LOC124906144	0	0	0
MIR4261	0	0	0
LOC105373424	2	6	0
LOC124907731	0	0	0
LOC101929691	1	0	1
LOC124900530	0	0	0
HPCAL1	1425	7	1459
LOC124905972	4	44	0
LOC124907732	3	0	4
ODC1	1356	2	1354
SNORA80B	0	0	0
ODC1-DT	2	0	2
LOC105373426	1	0	1
NOL10	648	1	648
RN7SL832P	7	0	8
ATP6V1C2	34	3381	51
LOC105373428	27	12	39
PDIA6	6123	18	9470
LOC124905973	0	0	0
LINC01954	0	0	0
KCNF1	0	0	0
FLJ33534	0	0	0
CIMIP5	0	0	0
SLC66A3	140	0	140
ROCK2	1410	0	1410
LOC124907733	0	0	0
PPIAP60	0	0	0
LOC124907734	0	0	0
LINC00570	31	0	31
LOC105373429	2	0	2
E2F6	392	0	392
GREB1	53	0	53
MIR4429	0	0	0
NTSR2	0	0	0
LPIN1	529	1	528
LOC100506405	1	0	1
LOC101929752	0	0	0
LOC124907735	6	0	6
MIR548S	0	0	0
LOC105373430	0	0	0
MIR4262	0	0	0
MIR3681HG	0	0	0
LOC124906141	0	0	0
LOC105373433	0	0	0
LOC105373432	0	0	0
MIR3681	0	0	0
LOC105373431	0	0	0
LOC107985853	0	0	0
LOC124905974	0	0	0
TRIB2	0	0	0
MIR3125	0	0	0
LOC100506474	0	0	0
LOC105373436	0	0	0
LOC105373484	0	0	0
LOC105373437	0	0	0
LOC105373485	0	0	0
LOC105373438	0	0	0
LOC124907736	0	0	0
LOC107985854	0	0	0
LINC00276	0	0	0
LRATD1	0	0	0
NBAS	723	0	723
LOC105373440	0	0	0
LOC124905975	8	0	8
DDX1	3430	0	3430
LINC01804	1	1	0
LOC124905976	0	0	0
LOC124906147	0	0	0
MYCNUT	0	0	0
MYCNOS	0	0	0
MYCN	0	0	0
GACAT3	0	0	0
LOC105373443	0	0	0
LOC124908049	0	0	0
LOC107985855	0	0	0
LOC105373444	0	0	0
CYRIA	0	0	0
LINC01866	0	0	0
LOC105373447	0	0	0
LOC105373448	0	0	0
RAD51AP2	0	0	0
VSNL1	1	1	0
LOC124908054	1	0	1
SMC6	589	1	594
GEN1	339	5	340
LOC105373449	1	1	0
MSGN1	0	0	0
LOC112267888	0	0	0
LOC124907737	0	0	0
KCNS3	0	0	0
LOC124900534	1	0	1
LOC105373451	0	0	0
LOC105373454	0	0	0
NT5C1B-RDH14	0	0	0
RDH14	0	2	69
LOC105373456	1	151	4
NT5C1B	0	0	0
LINC01376	2	0	2
LOC124907739	0	0	0
LOC124907738	0	0	0
OSR1	11	0	11
MIR4757	0	0	0
LOC105373458	0	0	0
LOC101928196	0	0	0
LINC01808	0	0	0
LOC105373459	0	0	0
LOC124905977	0	0	0
LOC105373461	0	0	0
LINC00954	1	1	0
TTC32	112	3	109
WDR35	227	0	227
WDR35-DT	1	0	1
MATN3	6	0	6
LAPTM4A	4252	0	4252
LAPTM4A-DT	1	1	0
LOC107985807	0	0	0
SDC1	733	0	733
LOC124905978	1	1	0
PUM2	1408	0	1408
LOC105373465	0	0	0
RHOB	19621	19	19602
LOC107985856	4	1	3
LOC102724948	59	40	19
HS1BP3	389	1	388
HS1BP3-IT1	0	0	0
LOC124907740	25	14	11
LOC105373466	0	0	0
GDF7	4	3	1
LDAH	329	0	329
LINC02850	0	0	0
APOB	0	0	0
LOC124905593	0	0	0
LOC124908055	0	0	0
TDRD15	0	0	0
LOC105374317	0	0	0
LOC105374318	0	0	0
LOC100507562	0	0	0
LOC107984020	0	0	0
LOC101929230	0	0	0
LINC01822	0	0	0
LOC124908056	0	0	0
LOC105374320	1	0	1
LOC124905953	0	0	0
LINC01830	0	0	0
LINC01884	0	0	0
LOC107985857	0	0	0
LOC124908057	0	0	0
LOC107985792	1	0	1
LOC107985858	0	0	0
LOC102723389	0	0	0
LINC02923	1	23	0
KLHL29	190	1	235
LOC124907741	0	0	0
LOC105374325	1	0	1
LOC102723401	0	0	0
ATAD2B	274	66	232
UBXN2A	278	4	274
MFSD2B	1	0	1
WDCP	203	3	200
FKBP1B	3	0	3
SF3B6	824	0	824
FAM228B	4	135	4
TP53I3	172	1	306
PFN4	9	0	9
LOC105374328	0	0	0
FAM228A	0	0	0
ITSN2	448	0	448
LOC124900541	0	0	0
LOC105374329	0	0	0
NCOA1	372	0	372
PTRHD1	346	6	345
LOC105369164	2	0	2
CENPO	162	966	383
ADCY3	1733	300	2617
LOC105377626	4	0	4
LOC124907742	1	2	1
DNAJC27	78	0	79
DNAJC27-AS1	6	1	6
EFR3B	335	0	335
POMC	0	0	0
LINC01381	0	0	0
DNMT3A	188	1	187
MIR1301	0	0	0
DTNB	210	0	323
DTNB-AS1	1	35	0
LOC124900608	0	38	0
LOC105374332	1	0	1
ASXL2	556	0	556
KIF3C	101	0	101
LOC124907743	0	0	1
RAB10	1386	1	1386
LOC105374333	5	0	5
GAREM2	85	1100	78
HADHA	5266	8	6352
HADHB	2665	0	2666
LOC105374334	0	0	0
ADGRF3	12	19	11
SELENOI	818	0	836
DRC1	0	0	0
OTOF	10	0	10
CIMIP2C	0	0	0
CIB4	0	0	0
KCNK3	132	2	130
SLC35F6	1082	0	1082
CENPA	301	0	301
DPYSL5	0	0	0
LOC124905979	0	0	0
MAPRE3	102	5	97
MAPRE3-AS1	0	0	0
TMEM214	2157	0	2157
AGBL5-AS1	0	0	0
AGBL5	580	286	555
TRY-GTA2-1	0	0	0
TRA-AGC8-1	0	0	0
OST4	219	2	478
EMILIN1	26	16	10
KHK	40	0	71
CGREF1	0	31	0
LOC124907744	0	0	0
ABHD1	2	18	0
PREB	1301	1	1316
PRR30	0	0	0
TCF23	0	0	0
SLC5A6	1127	271	1159
ATRAID	1675	38	1940
CAD	2859	0	2859
SLC30A3	15	0	15
DNAJC5G	0	0	0
TRIM54	9	0	9
UCN	73	0	73
MPV17	1098	0	1098
GTF3C2	1443	5	1929
GTF3C2-AS1	0	468	0
GTF3C2-AS2	360	343	350
EIF2B4	552	8	855
SNX17	2308	17	2313
ZNF513	97	16	102
PPM1G	3622	1	3621
FTH1P3	13	0	13
NRBP1	2141	11	2130
KRTCAP3	9	50	8
IFT172	254	0	303
FNDC4	1	0	1
GCKR	1	0	1
SPATA31H1	30	30	0
ZNF512	561	1	560
CCDC121	26	1	25
GPN1	708	70	715
LOC124906143	0	0	0
SUPT7L	1002	58	1021
SLC4A1AP	660	0	660
LINC01460	0	0	0
LOC105374378	0	0	0
MRPL33	352	1	351
RBKS	80	0	80
BABAM2	912	2	992
BABAM2-AS1	4	73	5
LOC105374369	2	0	2
MIR4263	8	0	8
LOC100505736	1	0	1
LOC124907745	2	0	2
BABAM2-AS2	17	25	0
LOC105374381	0	0	0
LOC105374382	8	1	7
LOC105374383	0	0	0
FOSL2-AS1	9	3	6
FOSL2	6059	6	6053
LOC102723530	0	0	0
PLB1	5	0	5
LOC124907746	0	0	0
LOC105374384	0	0	0
LOC100505774	0	0	0
PPP1CB-DT	31	15	35
PPP1CB	3383	5	3398
SPDYA	11	114	9
TRMT61B	303	2	415
WDR43	1423	2	1423
SNORD92	0	0	0
SNORD53	2	0	2
SNORD53B	2	0	2
TOGARAM2	3	0	3
PCARE	0	0	0
LOC105374386	0	0	0
CLIP4	7	0	7
LOC124907747	2	0	2
ALK	0	0	0
LOC101929386	0	0	0
LOC105374389	0	0	0
LOC124907748	0	0	0
YPEL5	863	0	863
LOC105374414	0	0	0
SNORA10B	1	0	1
LOC124907749	0	0	0
LBH	17	0	17
LOC102723594	0	0	0
LINC01936	0	0	0
LCLAT1	429	0	429
CAPN13	0	0	0
LOC124905982	0	0	0
LOC105374435	0	0	0
LOC124907750	0	0	0
GALNT14	0	0	0
LOC107985861	0	0	0
CAPN14	0	0	0
EHD3	1	0	1
LOC124905983	0	0	0
LOC124907751	0	0	0
XDH	3	0	3
SRD5A2	1	0	1
LOC107985862	2	0	2
LOC107985863	0	0	0
LINC01946	0	0	0
MEMO1	496	1	495
DPY30	722	7	715
SPAST	321	13	308
SLC30A6-DT	15	0	15
SLC30A6	933	0	938
NLRC4	59	64	0
YIPF4	756	0	756
BIRC6	2147	11	2136
MIR558	0	0	0
BIRC6-AS2	6	6	0
LOC124905985	0	0	0
TTC27	593	0	593
MIR4765	0	0	0
LINC00486	0	0	0
LOC105374453	0	0	0
LOC100271832	0	0	0
LTBP1	25	0	25
MIR4430	0	0	0
RASGRP3	11	4	11
RASGRP3-AS1	2	0	4
FAM98A	789	2	791
LOC105374455	3	2	3
LOC124905986	2	0	2
LINC01317	0	0	0
MYADML	0	0	0
LOC124905987	0	0	0
LOC105374456	0	0	0
LINC01318	0	0	0
LOC105374457	0	0	0
LOC105374459	0	0	0
LINC01320	0	0	0
LOC107985865	0	0	0
LOC105374458	0	0	0
LOC124907752	0	0	0
LOC105374461	0	0	0
LOC107985808	0	0	0
MIR548AD	0	0	0
LOC107985866	0	0	0
CRIM1-DT	0	0	0
CRIM1	1543	10	1533
LOC124907753	1	0	1
LOC124905989	0	0	0
FEZ2	1083	0	1083
LOC124905990	3	2	1
VIT	305	0	305
STRN	672	0	672
HEATR5B	569	0	571
GPATCH11	249	9	247
EIF2AK2	2150	0	2155
SULT6B1	1	0	1
CEBPZOS	682	890	1000
CEBPZ	1011	349	1870
NDUFAF7	526	408	522
PRKD3	994	40	1358
PRKD3-DT	6	0	6
LOC124907754	1	1	0
QPCT	10	0	10
LOC107985868	1	1	0
LOC124905991	2	0	2
LINC03063	5	0	5
CDC42EP3	212	1	211
LOC107985870	0	0	0
LOC105374465	0	0	0
LOC107985869	0	0	0
PIRAT1	0	0	0
RMDN2	64	8	56
RMDN2-AS1	0	0	0
CYP1B1	1152	14	1138
LOC107985871	69	8	61
CYP1B1-AS1	6	0	6
LOC102723739	52	3	49
LOC105374467	0	0	0
ATL2	1203	0	1203
LOC105374468	0	0	0
LINC01883	0	0	0
LINC02613	0	0	0
HNRNPLL	857	0	857
GALM	44	0	47
LOC124905993	0	3	0
SRSF7	3152	0	3152
GEMIN6	336	0	336
DHX57	661	0	661
LOC105374470	1	1	0
MORN2	109	0	109
ARHGEF33	2	0	2
LOC105374471	0	0	0
LOC375196	0	0	0
SOS1	1522	2	1520
CDKL4	3	0	3
MAP4K3	668	2	666
MAP4K3-DT	79	0	79
TMEM178A	5	2	3
THUMPD2	224	0	378
LOC124905994	5	159	0
LOC112268436	0	0	0
SLC8A1-AS1	0	0	0
SLC8A1	4	0	4
LOC101929667	2	0	2
LOC105374473	0	0	0
LOC105374475	0	0	0
LOC105374497	0	0	0
LOC105374491	0	0	0
LINC01794	0	0	0
LOC105374506	0	0	0
LINC01913	1	0	1
LINC01914	38	1	37
LINC02898	0	0	0
LOC124905996	0	0	0
LOC105374517	0	0	0
PKDCC	1301	2	1299
LOC105374531	0	0	0
EML4-AS1	0	0	0
EML4	1205	5	1200
COX7A2L	1182	0	1182
KCNG3	17	0	17
LOC124900542	0	0	0
MTA3	889	4	885
LOC105374555	0	0	0
OXER1	0	0	0
HAAO	0	0	0
TRI-TAT2-1	0	0	0
LOC105374568	0	0	0
LOC112268413	0	0	0
LINC01819	2	0	2
LOC107985876	1	0	1
LOC124907756	1	0	1
LINC02580	0	0	0
LOC105374570	1	0	1
LOC124907755	3	2	1
ZFP36L2	3178	5	3173
LINC01126	11	1	10
THADA	507	10	497
PLEKHH2	73	0	73
C1GALT1C1L	0	0	0
DYNC2LI1	192	0	192
LOC105374571	3	0	3
ABCG5	0	0	0
ABCG8	0	0	0
LOC102725159	0	0	0
LRPPRC	6468	1	6467
LOC124907757	0	0	0
PPM1B-DT	1	2	1
PPM1B	459	0	461
SLC3A1	3	616	0
PREPL	298	0	911
CAMKMT	108	0	108
LOC124905998	0	0	0
LOC124907759	4	0	4
LOC124905999	6	0	6
LOC124907758	2	0	2
LOC105374573	1	0	1
LINC01833	0	0	0
SIX3-AS1	0	0	0
SIX3	0	0	0
SIX2	768	2	766
LOC107985809	0	0	0
LINC01121	0	0	0
LOC105374576	0	0	0
LOC105374577	0	0	0
SRBD1	343	0	343
LOC102724965	39	1	39
PRKCE	136	0	137
PRKCE-AS1	0	0	0
LOC124907761	2	0	2
LOC101926974	1	1	0
LOC105374581	0	0	0
EPAS1	4853	17	4836
LINC01820	2	0	2
LOC124907762	0	0	0
LINC02583	0	0	0
TMEM247	2	2	0
LOC124906002	2	2	0
ATP6V1E2	191	24	188
RHOQ	1675	171	2889
RHOQ-AS1	44	47	1
PIGF	126	1306	181
LOC124906003	16	8	8
CRIPT	378	0	378
LOC105374584	30	0	30
SOCS5	623	0	623
LINC01118	1	0	1
LINC01119	37	0	37
LOC107985880	5	0	5
LOC124906004	0	0	0
MCFD2-AS1	11	286	0
MCFD2	2060	67	2358
TTC7A	1011	15	1076
STPG4	0	0	0
CALM2	6278	0	6278
EPCAM-DT	0	0	0
LOC105374588	0	0	0
LOC124907763	0	0	0
LOC107985882	0	0	0
BCYRN1	0	0	0
EPCAM	0	0	0
MIR559	0	0	0
MSH2	1472	0	1493
KCNK12	1	22	0
MSH2-OT1	0	0	0
LOC105374589	0	0	0
MSH6	3062	32	3036
FBXO11	956	18	1004
LOC100506235	7	60	7
LOC105374590	0	0	0
LOC105374592	0	0	0
LOC105374591	0	0	0
LOC124907765	0	0	0
LOC105374593	0	0	0
LOC102724008	0	0	0
LOC124907766	5	0	6
FOXN2	412	14	399
PPP1R21	254	0	254
STON1-GTF2A1L	0	0	0
STON1	2	0	2
GTF2A1L	0	0	0
LHCGR	0	0	0
LOC105374594	0	0	0
FSHR	0	0	0
MIR548BA	0	0	0
LOC107985810	0	0	0
LOC105374595	0	0	0
LOC124906005	0	0	0
NRXN1	0	0	0
LOC101927089	0	0	0
MIR8485	0	0	0
LOC124906006	0	0	0
NRXN1-DT	0	0	0
LOC105377627	2	0	2
LOC105374597	0	0	0
LOC124907767	0	0	0
LOC107985766	0	0	0
LINC01867	0	0	0
LOC105374598	0	0	0
MIR4431	0	0	0
LOC105369165	0	0	0
LOC124900528	0	0	0
LOC105374600	0	0	0
ASB3	1	1	0
GPR75-ASB3	0	0	0
CHAC2	214	1	213
ERLEC1	1204	0	1223
LOC112268415	4	20	3
MIR3682	5	0	5
GPR75	20	0	20
PSME4	1748	0	1748
ACYP2	101	14	87
LOC105374615	2	0	2
LOC105374610	0	0	0
TSPYL6	0	0	0
CIMIP6	1	0	1
LOC102724072	0	0	0
SPTBN1	4182	4	4655
SPTBN1-AS1	8	59	0
RPL23AP32	0	0	0
LOC124906008	0	0	0
SPTBN1-AS2	20	446	0
LOC105374653	0	0	0
EML6	311	5	306
EML6-AS1	0	0	0
RTN4	5464	10	5454
LOC105374662	2	0	2
CLHC1	204	54	202
RPS27A	15367	13	15406
MTIF2	1241	1	1240
PRORSD1P	18	11	7
CCDC88A	999	0	1065
LOC124907768	0	66	0
CFAP36	387	11	376
PPP4R3B	1924	2	1925
LOC124900537	2	2	0
PPP4R3B-DT	53	24	32
PNPT1	1909	5	1904
LOC107985811	0	0	0
LOC112268416	1	2	0
EFEMP1	5008	0	5009
LOC105374690	0	0	0
MIR217HG	1	0	1
MIR217	0	0	0
MIR216A	0	0	0
MIR216B	0	0	0
LINC01813	0	0	0
LOC100129434	0	0	0
CCDC85A	0	0	0
LOC101927213	0	0	0
LOC124906180	0	0	0
LOC124900539	0	0	0
LOC101927235	0	0	0
LOC105374697	0	0	0
LOC105377628	0	0	0
LOC124907769	0	0	0
VRK2	344	267	611
LOC124907770	0	0	0
LOC107984043	1	22	7
FANCL	611	404	713
LINC01795	0	0	0
LINC01122	0	0	0
LOC124907771	0	0	0
LINC01793	0	0	0
LOC105374754	0	0	0
MIR4432HG	0	0	0
MIR4432	0	0	0
LOC102724142	0	0	0
LOC124906010	0	0	0
BCL11A	0	0	0
PAPOLG	355	0	355
REL-DT	0	0	0
REL	314	11	303
PUS10	157	84	114
PEX13	747	0	788
SANBR	331	1	330
LOC105374759	1	0	1
C2orf74-DT	199	2	197
C2orf74	211	0	213
C2orf74-AS1	2	121	0
AHSA2P	788	1227	948
USP34	2362	135	3497
SNORA70B	0	0	0
USP34-DT	19	1332	19
XPO1	5703	5	7030
LOC107985767	21	8	13
LOC105374760	1	0	1
FAM161A	98	0	98
CCT4	3864	1	6139
LOC124907773	0	1070	0
COMMD1	103	672	104
LOC124906012	10	0	10
LOC124906013	8	0	8
B3GNT2	678	0	678
MIR5192	0	0	0
LOC105374761	0	0	0
LOC124906156	0	0	0
LOC105374764	0	0	0
TMEM17	0	0	0
EHBP1	819	2	1159
EHBP1-AS1	16	354	4
OTX1	308	1	307
DBIL5P2	0	0	0
WDPCP	68	0	68
LOC107985769	1	1	0
MDH1	4804	1	4803
UGP2	4090	12	4078
VPS54	858	8	850
LOC124907774	0	0	0
PELI1	284	0	284
LINC00309	0	0	0
LOC100507006	0	0	0
LOC105374769	0	0	0
LOC105374768	0	0	0
MIR4433B	0	0	0
MIR4433A	0	0	0
LGALSL-DT	8	35	7
LOC124907775	0	0	0
LGALSL	327	0	361
LINC01805	0	0	0
AFTPH-DT	0	0	0
AFTPH	601	0	692
MIR4434	0	0	0
LOC105374773	8	99	0
LINC02579	0	0	0
SERTAD2	674	0	676
SERTAD2-AS1	11	12	1
LOC124907776	11	0	11
LOC105374777	0	0	0
LOC105374776	0	0	0
LINC01800	0	0	0
LINC02245	0	0	0
LOC124906172	0	0	0
SLC1A4	265	3	262
LINC02576	1	1	0
CEP68	312	28	312
RAB1A	3130	3	3155
LOC124906140	0	0	0
LOC124907779	0	0	0
ACTR2	4751	0	4751
LOC124907781	0	0	0
SPRED2	619	0	619
LOC105374780	0	0	0
LOC124907784	2	0	2
LOC105374781	0	0	0
LINC03050	0	0	0
LOC107985889	0	0	0
LOC105369167	0	0	0
LINC02934	0	0	0
LOC107985890	0	0	0
LOC107985812	0	0	0
MIR4778	0	0	0
LINC01873	0	0	0
MEIS1-AS3	4	0	4
MEIS1	226	0	228
MEIS1-AS2	2	4	0
LOC124900511	1	0	1
LINC01798	1	0	1
LINC01797	0	0	0
LINC01799	0	0	0
LINC01628	0	0	0
LOC105374785	0	0	0
LINC01828	3	0	3
LINC01829	0	0	0
LOC101927661	0	0	0
ETAA1	667	0	667
LOC107985891	2	0	2
LOC124907804	0	0	0
LOC124906017	0	0	0
LOC105374786	0	0	0
LINC02831	2	0	2
LINC01812	0	0	0
C1D	476	0	476
LOC105374789	2	0	2
DNAAF10	280	0	280
PNO1	599	2	597
PPP3R1	1631	8	1623
PPP3R1-AS1	0	0	0
CNRIP1	8	1	7
LOC102724389	0	0	0
LOC101927723	0	0	0
PLEK	3	0	3
FBXO48	45	0	45
APLF	49	1	48
PROKR1	1	0	1
ARHGAP25	0	0	0
LOC105374790	0	0	0
LINC01890	0	0	0
LINC01888	0	0	0
BMP10	0	0	0
LOC105374792	0	0	0
GKN2	1	0	1
GKN1	0	0	0
ANTXR1	4480	2	4478
MIR3126	0	0	0
LOC124906019	20	1	19
LOC124907821	0	0	0
GFPT1	1988	0	1988
NFU1	180	0	180
LOC124906020	4	4	0
AAK1	774	2	772
SNORA36C	0	0	0
ANXA4	1095	0	1277
LOC124906149	0	0	0
SMANTIS	2	0	2
LOC124906021	0	182	0
GMCL1	457	0	457
SNRNP27	537	0	537
LOC124906176	12	0	12
MXD1	607	2	792
ASPRV1	19	186	20
LOC124906177	0	0	0
PCBP1-AS1	84	5312	86
PCBP1	4539	4	9852
LOC124906022	0	0	0
LINC01816	4	0	4
C2orf42	232	0	232
TIA1	1545	0	1545
TRG-CCC2-1	0	0	0
MIR1285-2	0	0	0
PCYOX1	2014	1	2013
SNRPG	652	2	650
LOC124906023	1	13	1
FAM136A	1227	11	1229
TGFA	61	0	62
TGFA-IT1	0	0	0
LOC107985895	0	0	0
LOC124907824	0	1	0
ADD2	0	0	0
LOC105374794	0	0	0
FIGLA	0	0	0
CLEC4F	0	0	0
CD207	0	0	0
LINC01143	0	0	0
VAX2	0	0	0
ATP6V1B1	0	0	0
ATP6V1B1-AS1	0	0	0
LOC105374795	0	0	0
ANKRD53	4	4	0
TEX261	883	0	883
LOC105374796	0	0	0
OR7E91P	0	0	0
NAGK	395	0	395
MCEE	157	0	157
MPHOSPH10	1030	0	1030
PAIP2B	42	0	42
LOC105374797	1	10	1
ZNF638	3027	0	3037
DYSF	118	0	118
LOC124907827	0	0	0
LOC105374798	0	0	0
CYP26B1	808	1	807
EXOC6B	663	0	663
LOC124900538	0	0	0
SPR	1129	1	1128
EMX1	0	0	0
SFXN5	212	0	212
LOC107985897	1	0	1
LOC105374800	2	0	2
RAB11FIP5	1342	1	1341
NOTO	0	0	0
SMYD5	891	0	891
PRADC1	425	5	421
CCT7	9677	9	9669
FBXO41	1348	5	1345
LOC124907840	0	0	2
EGR4	0	0	0
LOC105374802	0	0	0
LOC105374803	0	0	0
LOC105374804	0	0	0
ALMS1	0	0	0
ALMS1-IT1	0	0	0
NAT8	0	0	0
ALMS1P1	0	0	0
LOC112268418	0	0	0
NAT8B	0	0	0
LOC124907848	0	0	0
LOC124905592	0	0	0
TPRKB	0	0	0
DUSP11	0	0	0
C2orf78	0	0	0
LOC105374807	3	2	1
STAMBP	738	0	1107
LOC112268419	7	376	0
ACTG2	2	0	2
DGUOK	390	6	710
DGUOK-AS1	6	326	6
TET3	600	38	573
BOLA3	307	0	318
BOLA3-DT	16	1	15
MOB1A	1858	1	1857
MTHFD2	2031	4	2168
SLC4A5	26	139	28
DCTN1	4003	0	4006
DCTN1-AS1	1	4	0
C2orf81	2	0	2
WDR54	91	9	83
RTKN	523	0	524
INO80B-WBP1	0	0	0
INO80B	8	0	8
WBP1	30	0	30
MOGS	1965	1	1964
MRPL53	464	2	462
CCDC142	496	1	497
TTC31	382	2	384
LBX2	15	36	0
LBX2-AS1	16	1	34
PCGF1	368	4	365
TLX2	0	0	0
DQX1	3	0	3
AUP1	2791	2	3885
HTRA2	677	1114	985
LOXL3	83	457	22
DOK1	228	0	298
M1AP	2	2	0
SEMA4F	137	0	137
LOC102724497	6	0	6
LOC102724482	1	0	1
HK2-DT	61	0	75
HK2	7976	89	7901
LINC01291	25	12	25
LOC105374809	103	372	120
POLE4	77	7	447
LOC124907850	1	0	1
TACR1	1	0	1
MIR5000	0	0	0
TACR1-AS1	20	0	22
LOC107985900	8	10	0
LOC105374810	0	0	0
LOC124906160	0	0	0
LOC124906189	0	0	0
EVA1A	11	0	11
EVA1A-AS	0	0	0
LOC124906026	2	0	2
LOC124906195	0	0	0
LOC124906161	0	0	0
MRPL19	1790	19	1771
GCFC2	321	48	469
LOC124906025	59	165	44
LOC105374813	0	43	2
LOC105374814	0	0	0
LRRTM4	0	0	0
LOC105374815	0	0	0
LRRTM4-AS1	0	0	0
LOC101927967	0	0	0
LINC01851	0	0	0
LOC105374817	1	0	1
SNAR-H	0	0	0
LOC105374816	10	0	10
LOC101927948	0	0	0
LOC124906027	34	0	34
LOC105374820	0	0	0
LOC105374819	0	0	0
LOC105374821	0	0	0
LOC105374822	0	0	0
REG3G	0	0	0
REG1B	0	0	0
REG1A	0	0	0
REG1CP	0	0	0
REG3A	0	0	0
CTNNA2	0	0	0
LOC105374823	0	0	0
CTNNA2-AS1	0	0	0
MIR4264	0	0	0
MIR8080	0	0	0
LOC107985903	0	0	0
LRRTM1	0	0	0
LOC107985904	0	0	0
LOC105374824	0	0	0
LOC105374827	0	0	0
LINC01815	0	0	0
LOC102724542	122	1	121
LOC105374828	0	0	0
LOC105374829	0	0	0
LOC124906132	0	0	0
LOC105374831	0	0	0
DHFRP3	0	0	0
LOC105374832	0	0	0
LOC124908050	0	0	0
LOC105374833	0	0	0
LOC105374834	0	0	0
LINC01809	0	0	0
LOC107985905	0	0	0
FUNDC2P2	0	0	0
SUCLG1	1883	0	1883
DNAH6	35	3	32
TRABD2A	1938	1	1937
LOC105374837	0	0	0
LOC105374836	0	334	0
TMSB10	13151	3	13482
KCMF1	1653	1	1652
LINC01964	0	0	0
TCF7L1	0	0	0
TCF7L1-IT1	0	0	0
LOC102724579	0	0	0
TGOLN2	574	0	574
RETSAT	110	0	110
ELMOD3	255	74	198
LOC124906137	0	0	0
CAPG	5109	11	5779
LOC105374841	8	662	10
SH2D6	150	0	150
PARTICL	145	2	144
MAT2A	20486	22	21859
GGCX	1325	1381	1340
VAMP8	1047	0	1048
VAMP5	54	0	55
RNF181	841	0	841
TMEM150A	163	0	164
USP39	1584	3	1582
C2orf68	641	3	638
SFTPB	1	0	1
LOC105374842	4	0	4
GNLY	2	0	2
LOC124907851	1	0	1
ATOH8	462	1	461
MIR6071	2	2	0
LOC284950	5	0	5
ST3GAL5	98	2	96
ST3GAL5-AS1	0	0	0
LOC124906030	2	0	2
LOC124906031	0	0	0
LOC105374843	0	0	0
POLR1A	1654	0	1654
LOC124907852	0	0	0
PTCD3	2545	6	2539
SNORD94	18	0	18
IMMT	3645	9	3636
MIR4779	0	0	0
MRPL35	822	3	819
REEP1	173	0	173
LOC124900517	0	0	0
KDM3A	2013	3	2010
RNF103-CHMP3	2	2	0
CHMP3	0	0	0
CHMP3-AS1	0	95	0
RNF103	458	0	463
LOC124907853	0	0	0
RMND5A	1270	0	1270
CD8A	0	0	0
LOC105374846	0	0	0
CD8B	0	0	0
ANAPC1P1	0	0	0
RGPD1	5	3	2
PLGLB1	0	0	0
ANAPC1P2	153	0	153
LOC102724642	95	0	95
MIR4771-1	0	0	0
LOC107985771	0	0	0
LINC01955	0	0	0
LOC107985908	0	0	0
LOC105374848	0	0	0
LOC124907854	4	1	3
LOC105377635	6	0	6
LINC01943	5	3	2
CYTOR	62	174	28
NCAL1	0	0	0
LOC124906032	72	7	205
LOC107985909	0	0	0
MIR4435-1	0	0	0
LOC101928214	1	1	0
ANAPC1P4	0	0	0
PLGLB2	0	0	11
RGPD2	2	11	2
LOC124906185	0	0	0
RNU2-63P	0	0	0
LOC105374852	11	1	10
KRCC1	337	0	337
SMYD1	0	0	0
MIR4780	0	0	0
FABP1	0	0	0
LOC101928347	0	0	0
THNSL2	0	0	0
LOC124907855	0	0	0
LOC124906155	0	0	0
FOXI3	0	0	0
SPMIP9	0	0	0
EIF2AK3-AS1	0	143	1
EIF2AK3	211	5	353
EIF2AK3-DT	5	0	8
LOC102724805	36	5	31
RPIA	294	0	294
LOC105374853	0	0	0
ANKRD36BP2	0	0	0
MALLP2	0	0	0
MIR4436A	0	0	0
LOC105374854	0	0	0
LOC124907856	0	0	0
LOC107985910	0	0	0
LOC107985911	17	0	17
KMT2CP4	0	0	0
LOC105374862	0	0	0
LOC124905368	0	0	0
LOC124905938	0	0	0
LSP1P4	2	0	2
KMT2CP5	0	0	0
GGT8P	1	0	1
ACTR3BP2	0	0	0
BMS1P23	44	0	46
LOC107985915	8	2	8
LOC100133920	1	0	1
AQP7B	1	0	1
LOC107985916	0	0	0
FAM95A	0	0	0
ANKRD20A8P	0	0	0
LOC442028	0	0	0
TEKT4	0	0	0
LOC105373487	0	0	0
MAL-AS1	0	0	0
MAL	0	0	0
LOC124906047	0	0	0
LOC124907857	8	0	8
LOC105373488	0	0	0
MRPS5	1765	4	1761
ZNF514	46	0	46
ZNF2	76	0	76
ZNF892	2	2	0
PROM2	0	0	0
KCNIP3	5	0	5
LOC124907858	0	0	0
FAHD2A	0	0	0
TRIM43B	0	0	0
LINC03052	0	0	0
TRIM43	0	0	0
LOC124905589	0	0	0
LOC101926959	0	0	0
LOC128966744	0	0	0
LINC00342	27	0	27
ANKRD36C	123	0	123
FAHD2CP	9	0	82
LOC124900512	51	0	51
GPAT2	7	99	0
LOC105373494	0	0	0
ADRA2B	0	0	0
ASTL	6	0	6
DUSP2	2513	1	2512
STARD7	2674	17	3018
STARD7-AS1	47	345	63
SNORA112	0	0	0
TMEM127	1568	3	1565
CIAO1	1749	0	1749
SNRNP200	9458	5	9453
ITPRIPL1	0	0	0
NCAPH	1219	0	1219
NEURL3	0	0	0
LOC105373496	0	0	0
ARID5A	406	2	404
KANSL3	1175	0	1175
FER1L5	2	1	1
LMAN2L	479	0	479
CNNM4	228	3	225
MIR3127	0	0	0
CNNM3-DT	5	0	5
CNNM3	649	126	939
LOC124907859	0	387	27
ANKRD23	49	3	46
ANKRD39	142	0	142
SEMA4C	909	22	944
LOC124908044	5	37	25
FAM178B	0	0	0
LOC101927053	0	0	0
LOC124906158	0	0	0
FAHD2B	2	0	2
ANKRD36	0	0	0
LOC100506076	0	0	0
LOC124907860	0	0	0
LOC107985920	0	0	0
APPAT	0	0	0
ANKRD36B	0	0	0
LOC105373499	0	0	0
COX5B	0	0	0
ACTR1B	0	0	0
C2orf92	0	0	0
LOC124900516	0	0	0
ZAP70	0	0	0
TMEM131	0	0	0
LOC124907861	2	0	2
LOC124905591	0	0	0
LOC105373501	0	0	0
VWA3B	0	0	0
CNGA3	0	0	0
INPP4A	487	1	486
COA5	428	1	427
UNC50	641	1	640
MGAT4A	89	0	89
LOC124906050	0	0	0
LOC107985922	0	0	0
LINC02611	0	0	0
CRACDL	31	0	31
TSGA10	7	0	11
C2orf15	5	3	2
LIPT1	118	9	114
MITD1	489	1	490
MRPL30	1303	1	1303
LYG2	8	8	0
LYG1	50	3	47
LOC107985923	19	20	5
TXNDC9	825	3	828
EIF5B	2821	113	2855
REV1	661	128	680
AFF3	0	0	0
LOC124906051	0	0	0
LOC105373504	0	0	0
LINC01104	0	0	0
LONRF2	1	0	1
CHST10	0	0	0
NMS	0	0	0
LOC105373506	0	0	0
PDCL3	359	0	359
LINC01849	0	0	0
LOC107985814	0	0	0
LINC01868	0	0	0
LOC105375310	0	0	0
LOC105373508	0	0	0
NPAS2	830	3	827
NPAS2-AS1	0	0	0
RPL31	7427	37	7400
TBC1D8	1043	11	1042
LOC105373510	4	0	4
TBC1D8-AS1	8	0	8
LOC124906053	1	0	1
CNOT11	1117	6	1319
LOC105373511	14	217	5
RNF149	2349	4	2345
SNORD89	0	0	0
LOC124906052	2	0	2
LOC105373512	0	0	0
MIR5696	0	0	0
CREG2	462	0	462
RFX8	0	0	0
LINC01870	0	0	0
LOC105373514	0	0	0
MAP4K4	3951	3	3948
LINC01127	0	0	0
IL1R2	5	0	5
LOC107985926	0	0	0
IL1R1	259	0	269
IL1R1-AS1	0	10	0
IL1RL2	0	0	0
CFAP144P2	0	0	0
IL1RL1	10	0	10
IL18R1	36	0	36
IL18RAP	0	0	0
MIR4772	0	0	0
SLC9A4	0	0	0
SLC9A2	0	0	0
LOC124905954	0	0	0
SLC67A2	58	0	58
TMEM182	13	0	13
LINC01796	0	0	0
LINC01935	0	0	0
LOC124907862	0	0	0
LOC105373520	0	0	0
LOC107985927	0	0	0
LINC01965	0	0	0
LOC105373521	0	0	0
LOC105373523	0	0	0
LOC105373522	0	0	0
LOC124908051	0	0	0
LOC100287010	0	0	0
LOC124908058	0	0	0
LINC01831	0	0	0
LINC01102	0	0	0
LINC01103	0	0	0
LOC124906193	0	0	0
LOC105373524	0	0	0
LOC105373525	0	0	0
LOC105373526	0	0	0
LOC101927383	0	0	0
LOC124900520	0	0	0
LINC01114	0	0	0
PANTR1	0	0	0
POU3F3	0	0	0
LOC124908045	0	0	0
LINC01159	0	0	0
DALIR	0	0	0
MRPS9-AS2	0	0	0
MRPS9	643	0	1136
MRPS9-AS1	5	498	0
LOC105373527	0	0	0
LINC01918	0	0	0
LOC105373528	0	0	0
GPR45	1	1	0
TGFBRAP1	651	0	651
C2orf49-DT	82	2	80
C2orf49	465	62	448
FHL2	1693	9	1729
LOC105373529	0	0	0
LOC105375311	0	0	0
LINC02946	0	0	0
LOC107985929	0	0	0
NCK2	43	0	43
LOC105373530	0	0	0
LOC105373531	0	0	0
LOC124906055	0	0	0
ECRG4	0	0	0
UXS1	544	0	544
ANAPC1P6	0	0	0
PLGLA	0	0	0
RGPD3	17	0	17
LOC107985931	0	0	0
CD8B2	0	0	0
LOC124907863	0	0	0
LOC102724744	0	0	0
ST6GAL2	0	0	0
LOC124907864	0	0	0
LOC105373535	0	0	0
LINC01789	0	0	0
LINC01885	1	0	1
LINC01886	2	0	2
LOC124905955	1	1	0
LOC105373539	10	0	10
GACAT1	0	0	0
RGPD4-DT	0	0	0
RGPD4	2	0	2
LOC124906057	0	0	0
SLC5A7	0	0	0
LINC01593	0	0	0
LINC01594	0	0	0
SULT1C3	0	0	0
SULT1C2	0	0	0
SULT1C5P	0	0	0
SULT1C4	0	0	0
GCC2	858	20	922
GCC2-AS1	18	83	23
LIMS1	922	0	923
LIMS1-AS1	4	4	0
LOC107985802	0	0	0
RANBP2	2371	1	2370
CCDC138	310	0	310
EDAR	3	3	0
SH3RF3-AS1	30	77	14
SH3RF3	634	5	690
MIR4265	0	0	0
MIR4266	0	0	0
SEPTIN10	2020	0	2021
SOWAHC	1848	4	1845
LOC105373545	0	0	0
LOC107985774	1	0	1
LOC100506563	0	0	0
RGPD5	1	0	1
LOC102724848	0	0	0
LIMS3-LOC440895	0	0	0
LIMS3	0	0	0
LOC105373547	0	0	0
LOC124907865	0	0	0
LOC440895	0	0	0
LINC01123	172	0	172
LOC112268438	13	0	13
LOC124900614	0	0	0
LOC105373985	0	0	0
LOC124906058	0	0	0
LOC105373548	0	0	0
LOC105373549	0	0	0
LOC105373986	0	0	0
MIR4267	0	0	0
MALL	0	0	0
MIR4436B1	0	0	0
NPHP1	15	0	15
MTLN	102	0	102
LOC124906059	0	0	0
LOC100507334	0	0	0
LOC128966597	0	0	0
MIR4436B2	0	0	0
LOC124906060	0	0	0
LOC105373551	3	0	3
LOC107985776	1	1	0
LOC124906061	5	5	0
LOC105375809	0	0	0
LIMS4	73	0	73
LINC01106	0	0	0
LOC100288570	0	0	0
LOC124906063	0	0	0
LOC105373552	0	0	0
LOC102724875	0	0	0
RGPD6	3	0	3
LOC105373553	0	0	0
BUB1	2282	0	2282
SNORD132	0	0	0
LOC105373554	3	0	3
LOC124906064	0	0	0
ACOXL	7	0	7
LOC124907866	0	0	0
ACOXL-AS1	0	0	0
BCL2L11	1094	1	1093
LOC124907868	7	0	7
MIR4435-2HG	283	1	282
LOC124907867	3	0	3
LOC101927283	0	0	0
MIR4435-2	0	0	0
LOC124906065	133	4	129
SOCAR	6	1	5
LOC124906066	3	0	3
LOC105373559	0	0	0
LOC107985933	10	1	9
ANAPC1	1227	0	1227
MIR4771-2	0	0	0
MERTK	2	0	2
TMEM87B	501	2	499
FBLN7	16	27	0
ZC3H8	299	0	310
ZC3H6	180	2	178
LOC124906067	3	3	0
RGPD8	136	5	131
TTL	1295	6	1291
LOC105373562	0	0	3
POLR1B	1372	13	1360
LOC124907870	2	0	2
LOC101927330	34	60	36
CHCHD5	224	3	280
LOC124907869	20	0	20
LOC107985934	5	0	5
SLC20A1-DT	7	3	4
SLC20A1	2723	4	2719
LOC102724955	0	0	0
NT5DC4	2	118	0
CKAP2L	368	2	482
IL1A	26	0	26
LOC124907871	0	0	0
IL1B	10	0	10
AMANZI	0	0	0
LOC105373563	0	0	0
LOC124906068	0	0	0
IL37	1	0	1
IL36G	1	0	1
IL36A	0	0	0
IL36B	0	0	0
IL36RN	0	0	0
IL1F10	0	0	0
IL1RN	0	0	0
LOC124907872	0	0	0
PSD4	49	0	49
PAX8	14	4	13
PAX8-AS1	38	2	39
LOC105373567	1	3	1
LINC02966	2	0	5
LOC124906070	0	0	0
LOC107985936	0	0	0
LOC124907873	0	0	0
ZNG1B	390	0	390
FOXD4L1	6	0	6
LINC01961	0	0	0
PGM5P4-AS1	1	0	1
PGM5P4	0	0	0
LOC124908046	0	0	0
FAM138B	0	0	0
LOC124907875	0	0	0
MIR1302-3	0	0	0
WASH2P	130	0	131
DDX11L2	8	1	11
LOC124907874	10	13	0
RPL23AP7	85	0	85
RABL2A	178	0	178
LOC112268423	0	0	0
LINC02936	0	0	0
SLC35F5	1193	0	1193
MIR4782	0	0	0
LOC105373570	3	0	3
ACTR3-AS1	2	1	2
LOC124906165	0	0	0
LOC124906071	25	0	25
ACTR3	2777	0	2778
LINC01191	1	0	1
LINC02992	0	0	0
LOC124906194	1	1	0
LOC124907876	0	0	0
DPP10	0	0	0
LOC124907877	0	0	0
DPP10-AS3	0	0	0
LOC105373575	0	0	0
LOC105373574	0	0	0
LOC107985937	0	0	0
DPP10-AS1	0	0	0
LOC105373572	0	0	0
LOC105373576	0	0	0
LOC124907878	0	0	0
DDX18	1967	2	1965
LOC107985939	55	0	55
CCDC93	1190	1	1189
LOC101929908	1	1	0
LOC102723413	0	0	0
LOC107985940	0	0	0
INSIG2	699	0	699
LOC124907879	1	0	1
THORLNC	1	0	1
LOC105373578	0	0	0
LOC107985815	0	0	0
LOC105373579	0	0	0
LOC101927709	0	0	0
LINC01956	0	0	0
EN1	0	0	0
MARCO	9	2	10
LOC124906072	0	3	0
C1QL2	0	0	0
LOC107985941	0	0	0
STEAP3	217	0	263
STEAP3-AS1	5	50	0
LOC105373581	5	6	0
C2orf76	82	663	82
DBI	666	0	1329
TMEM37	605	4	601
SCTR	8	8	0
SCTR-AS1	0	0	0
CFAP221	0	0	0
TMEM177	387	0	387
LOC101927764	2	2	0
PTPN4	527	0	527
LOC124906163	0	0	0
LOC107985817	0	0	0
EPB41L5	297	1	309
LOC105373582	2	14	0
TMEM185B	594	0	595
LOC105373583	38	0	38
RALB	1243	0	1243
LOC105373584	0	0	0
LOC105373989	1	0	1
INHBB	6	0	6
LINC01101	0	0	0
LOC105373585	0	0	0
LOC124906073	0	1	0
LOC124907881	0	0	1
GLI2	134	0	134
LOC124907880	0	0	0
LOC105373587	0	0	0
LOC105373588	0	0	0
TFCP2L1	0	0	0
CLASP1	1647	0	1676
CLASP1-AS1	1	29	1
RNU4ATAC	0	0	0
NIFK-AS1	86	360	85
NIFK	478	1	836
TSN	944	0	944
LOC105373590	0	0	0
LINC01823	0	0	0
LOC105373592	0	0	0
LOC105373591	0	0	0
LOC105373593	0	0	0
LOC107985943	0	0	0
LOC105373594	0	0	0
LOC105373595	0	0	0
LOC105373596	0	0	0
LINC01826	0	0	0
CNTNAP5-DT	0	0	0
CNTNAP5	0	0	0
LOC105373598	0	0	0
LINC01889	0	0	0
LOC124900611	0	0	0
LINC01941	4	0	4
LOC105373601	0	0	0
LOC105373602	0	0	0
GYPC	0	0	0
LOC124907882	0	0	0
LOC105373603	0	0	0
TEX51	0	0	0
LOC105373604	0	0	0
BIN1	1798	3	1832
LOC105373605	0	37	0
CYP27C1	9	0	9
LOC124907883	2	0	2
ERCC3	1804	1	1803
MAP3K2	807	52	789
LOC124906074	0	0	0
MAP3K2-DT	36	4	66
LOC124908047	16	2	14
PROC	2	3	1
MIR4783	0	0	0
LOC105373608	12	0	14
LOC124907884	2	2	0
IWS1	2251	4	2247
MYO7B	22	0	36
LOC105373609	0	0	0
MYO7B-AS1	2	15	1
LIMS2	207	1	210
GPR17	7	7	4
WDR33	2066	287	2327
SFT2D3	0	265	283
LOC124907885	8	1	7
POLR2D	800	0	800
AMMECR1L	1144	11	1133
LOC107985944	42	0	42
SAP130	950	0	950
UGGT1	3294	0	3294
LOC124907886	0	0	0
HS6ST1	672	1	671
LOC105373610	0	0	0
LOC105373611	0	0	0
LOC124907887	0	0	0
LOC124907888	0	0	0
LOC101927881	0	0	0
LINC01854	0	0	0
LOC105373612	0	0	0
LOC124906164	0	0	0
LOC105373613	0	0	0
LOC105373614	0	0	0
LOC124907889	0	0	0
LOC107985945	0	0	0
LINC02572	0	0	0
LOC105373616	0	0	0
PLAC9P1	0	0	0
LINC01856	0	0	0
RAB6C-AS1	0	0	0
RAB6C	0	0	0
FAR2P1	24	0	24
POTEF	3	0	3
POTEF-AS1	0	0	0
MED15P9	0	0	0
CCDC74B	1	0	1
SMPD4	0	0	0
MZT2B	0	0	0
TUBA3E	0	0	0
TRE-TTC1-1	0	0	0
VMA22	250	6	247
IMP4	1069	0	1072
PTPN18	285	0	285
LOC105373618	0	0	0
FAR2P2	0	0	0
CYP4F62P	0	0	0
POTEI	0	0	0
CFC1B	0	0	0
PRSS40B	0	0	0
PRSS40A	0	0	0
CFC1	0	0	0
POTEJ	0	0	0
CYP4F30P	0	0	0
GPR148	0	0	0
LOC124907890	0	0	0
AMER3	0	0	0
LOC124907891	0	0	0
ARHGEF4-AS1	15	6	15
ARHGEF4	796	0	802
LOC124900527	0	0	0
SMIM39	0	0	0
FAM168B	1543	0	1543
PLEKHB2	1969	1	1968
POTEE	5	0	5
LOC440910	0	0	0
RAB6D	2	0	2
LOC112268425	0	0	0
LINC01120	0	0	0
NOC2LP2	0	0	0
MZT2A	878	19	889
TUBA3D	5	5	0
MIR4784	1	0	1
SMPD4BP	575	13	592
CCDC74A	0	0	0
POTEKP	2	0	2
LINC01087	2	0	2
LINC03124	25	0	25
CDRT15P3	0	0	0
LINC01945	0	0	0
LOC124908048	0	0	0
ANKRD30BL	0	0	0
MIR663B	0	0	0
LOC105373622	0	0	0
ZNF285CP	0	0	0
LOC124907892	0	0	0
FAM201B	0	0	0
LOC124905948	0	1	0
GPR39	10	0	40
MIR9986	0	0	0
LYPD1	2	31	0
NCKAP5	2	0	2
NCKAP5-AS1	0	0	0
LOC112268439	0	0	0
NCKAP5-AS2	2	0	2
LOC105373627	0	0	0
LOC105373628	0	0	0
MGAT5	838	0	838
MIR3679	0	0	0
TMEM163	0	0	0
LOC124906076	0	0	0
LOC105373629	0	0	0
ACMSD	1	1	1
MIR5590	0	0	0
CCNT2-AS1	10	1	10
CCNT2	611	0	611
MAP3K19	0	0	0
RAB3GAP1	982	2	980
LOC124906178	0	0	0
SNORA40B	0	0	0
ZRANB3	100	8	113
LOC124906077	3	19	5
R3HDM1	787	0	787
LOC124907893	0	0	0
MIR128-1	0	0	0
LOC107985946	2	99	0
UBXN4	1773	0	1870
LCT	1	0	1
LCT-AS1	0	0	0
MCM6	2359	0	2359
DARS1	1105	20	1278
LOC124906078	9	0	9
DARS1-AS1	12	175	30
CXCR4	2287	0	2287
LOC105373633	0	0	0
THSD7B	4	0	4
LOC105373634	0	0	0
LOC101928273	0	0	0
HNMT	57	0	57
LOC107985948	1	0	1
LOC105373636	2	0	2
LINC01832	0	0	0
SPOPL-DT	7	0	7
SPOPL	284	0	284
LOC124905958	0	0	0
LINC02631	1	0	1
NXPH2	0	0	0
YY1P2	0	0	0
LOC105373639	0	0	0
LOC105373640	0	0	0
LOC107985821	0	0	0
LOC105373643	0	0	0
LOC105373641	0	0	0
LOC105373644	0	0	0
LOC105373645	0	0	0
LOC124900519	0	0	0
LINC01853	0	0	0
LOC107985822	0	0	0
LRP1B	116	2	114
MIR7157	0	0	0
LOC105373649	0	0	0
LOC124906079	1	1	0
LOC107985779	1	1	0
LOC105373648	0	0	0
LOC105373651	0	0	0
LOC105373652	35	7	32
KYNU	7402	2	7406
LOC124907894	6	8	0
ARHGAP15	3	0	3
LOC107985949	0	0	0
LOC101928361	0	0	0
ARHGAP15-AS1	0	0	0
QTMAN-AS1	0	0	0
QTMAN	68	0	68
ZEB2	420	2	420
ZEB2-AS1	2	0	4
LINC01412	0	0	0
LINC02993	4	0	4
TEX41	2	0	2
LOC105373663	0	0	0
LINC01966	0	0	0
LOC100505498	1	0	1
LOC105373664	0	0	0
LOC124908059	0	0	0
LOC105373665	0	0	0
LOC105373666	0	0	0
LOC105373667	0	0	0
LOC124907895	0	0	0
PABPC1P2	0	0	0
LINC01911	0	0	0
LOC107985824	0	0	0
LOC124906150	0	0	0
ACVR2A	97	11	90
ORC4	449	25	450
LOC105373674	0	0	0
MBD5	181	1	202
LOC105373673	0	0	0
LOC124900532	0	0	0
LOC124907896	2	0	2
EPC2	263	0	263
LOC101928526	0	0	0
KIF5C-AS1	0	0	0
KIF5C	0	0	0
LOC101928553	0	0	0
LYPD6B	0	0	0
LOC105373677	0	0	0
LOC105373679	0	0	0
LYPD6	235	0	237
MIR9899	0	2	0
MMADHC	1470	0	1709
MMADHC-DT	0	239	0
LOC105373680	0	0	0
LINC01931	0	0	0
LOC105373682	0	0	0
LINC01818	0	0	0
LINC01817	0	0	0
LOC105373685	0	0	0
RND3	830	0	830
LINC01920	0	0	0
LINC02612	0	0	0
LOC105373686	0	0	0
LOC107985826	0	0	0
RBM43	131	0	131
NMI	539	2	537
LOC107985827	0	0	0
LOC101929319	0	4	0
TNFAIP6	9	0	13
MIR4773-1	0	0	0
MIR4773-2	0	0	0
RIF1	1215	2	1226
NEB	23	34	6
LOC124906081	6	0	10
ARL5A	520	0	520
CACNB4	3	0	3
STAM2	231	0	241
LOC105373689	0	10	0
LOC105373688	0	0	0
FMNL2	868	19	849
PRPF40A	1983	3	1992
ARL6IP6	258	11	259
LOC105373691	0	0	0
GALNT13	3	128	6
LOC124900522	0	0	0
RPRM	49	9	171
GALNT13-AS1	0	0	0
LOC105373694	0	0	0
LOC105373693	0	0	0
KCNJ3	0	0	0
LOC105373696	0	0	0
LOC107985952	0	0	0
LOC124908060	0	0	0
LOC105373698	0	0	0
LOC124908061	0	0	0
LOC105373699	0	0	0
LOC105373700	6	0	6
LOC107985953	0	0	0
LOC107985828	0	0	0
LOC105373703	0	0	0
LINC01876	0	0	0
NR4A2	588	0	588
FLJ46875	54	0	54
LOC124906082	17	0	17
GPD2	1264	0	1264
TRA-CGC3-1	0	0	0
TRG-GCC2-2	0	0	0
LOC124906173	0	0	0
LOC124906170	0	0	0
LOC105373707	4	0	4
LINC01958	0	0	0
LOC124907897	0	0	0
LOC105373710	0	0	0
LOC105373709	0	0	0
GALNT5	4	0	4
ERMN	0	0	0
FAM133DP	2	0	2
CYTIP	0	0	0
LOC105373712	0	0	0
ACVR1C	0	0	0
LOC124907898	2	0	2
ACVR1	185	0	186
LOC124907899	0	1	0
LOC105373714	2	0	2
UPP2	0	0	0
CCDC148-AS1	0	0	0
CCDC148	0	0	0
PKP4	566	0	704
LOC124907900	1	23	0
LOC105373715	1	0	1
PKP4-AS1	2	118	0
DAPL1	0	0	0
LOC124907901	0	0	0
TANC1	1274	1	1273
MIR6888	0	0	0
LOC105373716	9	8	3
WDSUB1	132	11	123
BAZ2B	366	22	371
BAZ2B-AS1	2	5	24
MARCHF7	958	0	990
LY75-CD302	0	0	0
CD302	0	0	0
LOC124906083	1	0	1
LY75	0	0	0
PLA2R1	0	0	0
LOC105373717	0	0	0
ITGB6	7	0	7
LINC02478	3	0	3
RBMS1	937	0	937
MIR4785	12	0	12
LOC105373718	0	0	0
LOC124907902	0	0	0
TANK-AS1	0	0	0
TANK	462	1	461
PSMD14-DT	4	1	3
LINC01806	44	0	44
PSMD14	1568	1	1567
TBR1	2	0	2
AHCTF1P1	6	0	6
LOC124906148	0	0	0
SLC4A10	0	0	0
LOC105373722	0	0	0
DPP4	1	0	1
DPP4-DT	0	0	0
LOC101929532	5	44	0
GCG	0	0	0
FAP	135	0	174
LOC105373724	0	0	0
IFIH1	1521	1	1521
GCA	141	0	142
KCNH7	2	2	0
LOC124906084	0	0	0
KCNH7-AS1	0	0	0
LOC105373727	0	0	0
LOC107985829	0	0	0
LOC105373728	0	0	0
FIGN	131	0	131
LOC107985957	7	2	5
GRB14	1	0	1
COBLL1	454	0	454
SNORA70F	1	0	1
LOC101929633	0	0	0
SLC38A11	1	0	1
SCN3A	17	0	17
SCN2A	1	0	1
CSRNP3	0	0	0
LOC124906085	0	0	0
GALNT3	7	0	8
LOC124906086	0	1	0
LOC100506124	26	0	26
TTC21B	273	0	273
TTC21B-AS1	0	0	0
LOC102724058	0	3	0
SCN1A	15	0	18
SCN1A-AS1	0	0	0
SCN9A	0	0	0
LOC124906181	0	0	0
SCN7A	0	0	0
LOC124906087	0	0	0
LOC107985958	0	0	0
XIRP2	0	0	0
XIRP2-AS1	0	0	0
B3GALT1	0	0	0
B3GALT1-AS1	0	0	0
LOC124907903	0	0	0
STK39	0	0	0
LOC124906088	0	0	0
LOC107985959	0	0	0
LOC105373734	0	0	0
LOC102724081	0	0	0
CERS6	0	0	0
MIR4774	0	0	0
CERS6-AS1	0	0	0
NOSTRIN	12	0	12
SPC25	5	0	5
LOC124907904	0	0	0
G6PC2	0	0	0
ABCB11	0	0	0
DHRS9	0	0	0
LRP2	0	0	0
BBS5	0	0	0
KLHL41	0	0	0
FASTKD1	439	0	439
PPIG	986	2	984
CFAP210	3	1	2
PHOSPHO2-KLHL23	0	0	0
PHOSPHO2	16	0	16
LOC124906089	41	41	0
LOC124900531	0	0	0
KLHL23	0	0	0
LOC124907905	0	0	0
SSB	1884	106	2280
METTL5	406	401	507
SNORD3K	2	2	0
UBR3	491	0	491
MYO3B	0	0	0
LOC124906090	0	0	0
MYO3B-AS1	0	0	0
LOC100130256	0	0	0
ERICH2-DT	0	0	0
LINC01124	0	0	0
SP5	0	0	0
ERICH2	0	0	0
GAD1	7	0	8
GAD1-AS1	0	1	0
GORASP2	1414	0	1414
LOC124906091	2	0	2
TLK1	799	5	794
LOC124906092	0	0	0
LOC107983995	1	0	1
LOC105373737	2	0	2
METTL8	210	8	210
DCAF17	176	0	184
CYBRD1	898	0	898
DYNC1I2	0	0	0
SLC25A12	36	0	36
LOC105373739	0	0	0
LOC105373740	0	0	0
HAT1	7	0	7
LOC124905590	0	0	0
METAP1D	0	0	0
DLX1	0	0	0
DLX2	364	3	362
DLX2-DT	3	0	4
LOC105373741	0	0	0
LOC107985960	0	0	0
LOC105373742	0	0	0
ITGA6	689	8	846
ITGA6-AS1	0	0	0
PDK1-AS1	13	251	26
PDK1	886	14	970
LOC124906146	0	0	0
RAPGEF4-AS1	1	2	0
RAPGEF4	59	0	59
MAP3K20	1178	1	1322
MAP3K20-AS1	10	155	0
LOC105373743	0	0	0
CDCA7	962	0	962
LOC105373744	0	0	0
LOC105373745	0	0	0
SP3	1405	2	1403
LINC01960	125	82	43
LOC105373746	0	0	0
OLA1	1517	0	1517
LOC124907906	1	0	1
LINC01305	0	0	0
LOC102724194	0	0	0
SP9	1	0	1
CIRSR	377	0	377
SCRN3	162	0	162
GPR155	77	7	70
GPR155-DT	7	0	7
LOC124906097	1	0	1
LOC124906096	0	0	0
WIPF1	394	0	430
WIPF1-AS1	0	36	0
LOC124907907	3	3	0
H3P6	745	0	745
CHRNA1	0	0	0
LOC124907908	0	0	0
CHN1	59	0	59
ATF2	420	1	419
MIR933	0	0	0
ATP5MC3	3000	3	2997
LOC105373752	0	0	0
LOC107985962	0	0	0
LOC124907909	0	0	0
LNPK	551	2	549
LOC107985830	0	0	0
EVX2	0	0	0
HOXD13	0	0	0
HOXD12	0	0	0
HOXD11	507	0	507
HOXD10	326	0	326
HOXD9	245	0	245
LOC100129455	5	23	6
HOXD8	44	1	67
HOXD-AS2	2	4	30
LOC401021	3	28	7
MIR10B	0	0	0
HOXD4	11	0	11
HOXD3	5	0	5
HAGLR	1	1	0
HAGLROS	0	0	0
HOXD1	0	0	0
MIR7704	0	0	0
MTX2	531	0	531
NRAL	0	0	0
LOC124907910	0	0	0
MIR1246	0	0	0
LINC01116	0	0	0
LINC01117	0	0	0
LOC105369143	0	0	0
LOC101929963	0	0	0
LOC105373757	0	0	0
LOC105373756	0	0	0
LOC107985965	0	0	0
LOC105373760	0	0	0
LOC105373759	1	0	1
MIR4444-1	0	0	0
HNRNPA3	5571	4	5569
NFE2L2	1318	3	1317
MIR3128	0	0	0
LOC100130691	57	29	28
MIR6512	0	0	0
LOC124906145	0	0	0
AGPS	1215	0	1215
LOC105373762	0	0	0
IFT70B	40	0	40
LOC124906098	0	0	0
IFT70A-AS1	0	8	0
IFT70A	29	0	37
PDE11A	0	0	0
PDE11A-AS1	0	0	0
LOC124906099	1	0	1
RBM45	178	0	178
OSBPL6	170	0	170
CHROMR	109	2	108
PRKRA	407	14	394
PJVK	18	0	18
FKBP7	128	0	128
LOC124906102	0	0	0
PLEKHA3	399	0	399
LOC124907911	0	0	0
TTN-AS1	2	0	73
TTN	208	284	1
LOC124906100	5	0	10
LOC124907912	2	0	2
LOC124906101	0	0	0
LOC101927055	0	0	0
CCDC141	0	0	0
LOC105373766	0	0	0
SESTD1	547	0	547
LOC124906166	2	0	2
ZNF385B	0	0	0
LOC101927073	0	0	0
MIR1258	0	0	0
LOC124900526	0	0	0
CWC22	439	0	439
EPCART	0	0	0
LOC105373768	0	0	0
LOC105373769	0	0	0
LOC105373770	0	0	0
SCHLAP1	1	1	0
LOC105373771	0	0	0
UBE2E3-DT	0	190	1
UBE2E3	642	1	832
LOC107985831	0	0	0
LINC01934	0	0	0
MIR4437	0	0	0
LOC124907913	0	0	0
ITGA4	0	0	0
CERKL	0	0	0
NEUROD1	0	0	0
ITPRID2	3064	8	3056
PPP1R1C	1	1	0
LOC102724288	1	0	1
PDE1A	1751	4	1747
LOC124907915	2	1	1
LOC124907914	0	0	0
LOC101929976	0	0	0
DNAJC10	2196	0	2196
FRZB	6	0	6
LOC124907916	1	0	1
NCKAP1	2155	0	2155
LOC124900540	0	0	0
DUSP19	31	0	31
NUP35	201	1	250
LOC124907917	0	50	0
LOC124906103	30	0	30
LOC124907918	0	0	0
LOC124906171	0	0	0
LOC105373777	0	0	0
LOC102724340	1	0	1
LOC105373776	0	0	0
MIR548AE1	0	0	0
LOC107985968	0	0	0
LOC105373779	0	0	0
LOC105373780	0	0	0
ZNF804A	0	0	0
LOC105373782	0	0	0
LOC105373781	0	0	0
LOC107985832	0	0	0
LOC124907919	0	0	0
LOC124906104	0	0	0
LOC124900518	0	0	0
FSIP2-AS2	1	0	1
FSIP2	2	1	1
FSIP2-AS1	3	0	3
LINC01473	2	0	2
LOC105373785	2	0	2
ZC3H15	1576	1	1575
LOC124907920	0	0	0
LOC107985784	1	0	1
LOC124906105	1	1	1
ITGAV	1623	1	1623
FAM171B	1	0	1
ZSWIM2	0	0	0
CALCRL-AS1	4	4	0
LOC124906106	0	0	0
CALCRL	1	0	1
TFPI	2131	6	2125
LOC105373788	0	0	0
LINC01090	0	0	0
LOC124907927	0	0	0
GULP1	0	0	0
MIR561	0	0	0
LOC124906107	0	0	0
LOC105373790	0	0	0
DIRC1	0	0	0
LOC105373791	0	0	0
COL3A1	0	0	0
MIR1245A	0	0	0
MIR1245B	0	0	0
MIR3606	0	0	0
COL5A2	2052	0	2052
MIR3129	0	0	0
WDR75	1137	0	1138
SLC40A1	0	0	0
ASNSD1	483	0	483
ASDURF	0	0	0
LOC105373793	4	4	0
ANKAR	8	93	8
OSGEPL1	223	0	316
OSGEPL1-AS1	0	3	0
ORMDL1	723	15	718
PMS1	390	0	432
LOC105373796	1	37	0
AKAP19	0	0	0
MSTN	9	0	9
HIBCH	234	0	234
LOC124906109	0	12	0
INPP1	97	0	109
MFSD6	123	17	108
NEMP2	124	8	121
NEMP2-DT	10	0	11
NAB1	640	2	640
LOC124907946	1	0	1
LOC124906110	2	85	2
GLS	721	13	793
STAT1	3188	6	3182
LOC124900514	0	0	0
STAT4-AS1	0	10	0
LOC107985785	2	2	0
STAT4	18	0	28
LOC105373804	0	0	0
MYO1B-AS1	2	0	2
MYO1B	1080	0	1080
LOC107985833	0	0	0
LOC124905959	3	2	1
NABP1	524	0	524
LOC124900605	311	0	311
LOC124908062	5	0	5
LOC105373812	0	0	0
LOC729254	0	0	0
CAVIN2	17	0	21
CAVIN2-AS1	0	4	0
TMEFF2	0	0	0
PCGEM1	0	0	0
LOC107985969	1	0	1
LINC01821	0	0	0
LOC105373816	0	0	0
LOC124906142	0	0	0
LOC105376755	0	0	0
LINC01790	0	0	0
LOC105373817	0	0	0
LINC01825	43	0	43
LINC01827	0	0	0
SLC39A10	2944	10	2934
DNAH7	21	5	18
LOC107985972	5	2	5
STK17B	177	0	179
LOC101927454	0	2	0
HECW2	131	0	131
LOC124906154	0	0	0
HECW2-AS1	0	0	0
LOC105373822	0	0	0
LOC105373821	0	0	0
LOC105373823	0	2	0
CCDC150	140	0	144
LOC124900529	0	0	0
LOC100130452	0	0	0
GTF3C3	770	11	761
C2orf66	19	1	18
PGAP1	197	0	197
ANKRD44	90	0	90
ANKRD44-AS1	0	0	0
ANKRD44-IT1	0	0	0
ANKRD44-DT	0	0	0
SF3B1	5621	1	5620
LOC124900524	0	0	0
COQ10B	333	2	331
LOC124907951	2	2	0
HSPD1	12734	121	12730
SNORA105B	0	0	0
HSPE1-MOB4	0	0	0
HSPE1	20	0	20
MOB4	0	0	0
LOC124907952	3	0	9
RFTN2	2	9	0
MARS2	244	0	244
BOLL	0	0	0
LOC105373828	0	0	0
PLCL1	0	0	0
LINC01923	0	0	0
LOC105373831	0	0	0
LOC105373830	0	0	0
SATB2	228	16	212
SATB2-AS1	0	0	0
LINC01877	0	0	0
FTCDNL1	33	0	33
LOC101927687	1	0	1
C2orf69	223	0	223
TYW5	149	3	149
MAIP1	501	2	502
LOC124906112	2	2	0
LOC124907962	0	0	0
LOC105373833	0	0	0
SPATS2L	618	0	1082
LOC101927741	3	467	0
KCTD18	144	0	144
SGO2	502	0	502
AOX1	443	0	443
AOX3P-AOX2P	8	1	9
LINC01792	1	0	1
BZW1-AS1	0	634	1
BZW1	11938	4	12567
CLK1	1255	2	1253
PPIL3	605	2	605
NIF3L1	603	4	601
ORC2	677	1	719
LOC105373835	8	51	8
HYCC2	225	4	232
NDUFB3	454	0	457
LOC105373836	7	79	6
CFLAR	604	3	767
CFLAR-AS1	0	86	0
CASP10	156	0	156
CASP8	859	7	852
FLACC1	16	0	16
TRAK2	496	0	496
STRADB	540	0	540
CATSPERT	1	1	0
LOC124906113	3	0	3
TMEM237	488	1	487
MPP4	3	3	0
ALS2	321	0	321
CDK15	1	0	1
FZD7	104	0	104
LOC124906114	1	1	0
KIAA2012	0	0	0
LOC124906152	0	0	0
KIAA2012-AS1	0	0	0
SUMO1	1788	0	1788
NOP58	2217	2	2215
SNORD70	0	0	0
SNORD70B	1	0	1
SNORD11B	4	0	4
SNORD11	1	0	1
BMPR2	366	0	366
FAM117B	268	1	267
ICA1L	2	2	0
WDR12	687	0	687
CARF	49	1	48
NBEAL1	501	0	501
LOC124900525	0	0	0
CYP20A1	101	19	82
ABI2	596	17	579
RAPH1	1013	5	1008
CD28	0	0	0
CTLA4	0	0	0
LOC101927840	0	0	0
ICOS	0	0	0
LOC124907966	0	0	0
LOC124906115	0	0	0
LOC105373845	0	0	0
PARD3B	51	0	51
LOC124907967	9	0	9
LOC124907968	0	0	0
NRP2	315	0	315
LOC105373847	0	0	0
LOC124907969	0	0	0
INO80D	0	0	0
INO80D-AS1	0	0	0
NDUFS1	0	0	0
GCSHP3	0	0	0
EEF1B2	0	0	0
SNORD51	0	0	0
SNORA41	0	0	0
CMKLR2	0	0	0
CMKLR2-AS	0	0	0
ZDBF2	0	0	0
ADAM23	0	0	0
FAM237A	0	0	0
DYTN	0	0	0
MDH1B	1	0	1
FASTKD2	713	0	713
MIR3130-1	0	0	0
MIR3130-2	0	0	0
CPO	2	0	2
KLF7	148	5	143
MIR2355	0	0	0
MIR7845	0	0	0
MYOSLID-AS1	3	0	4
LOC124907971	0	0	0
MYOSLID	2	1	2
LINC01802	0	0	0
MIR1302-4	0	0	0
LOC105373851	1	0	1
LOC124907970	14	0	14
CREB1	392	53	399
METTL21A	182	34	208
LINC01857	0	0	0
CCNYL1	360	10	350
MIR4775	0	0	0
FZD5	335	0	335
PLEKHM3	158	0	158
LOC105373854	0	0	0
LOC124905439	0	0	0
LOC100507443	0	0	0
CRYGD	0	0	0
CRYGC	0	0	0
CRYGB	0	0	0
CRYGA	0	0	0
C2orf80	0	0	0
IDH1	4180	3	4179
IDH1-AS1	5	0	7
PIKFYVE	599	0	599
PTH2R	0	0	0
LOC105373855	0	0	0
LOC101927960	0	0	0
LOC105373857	0	0	0
LOC105373856	0	0	0
MAP2	0	0	0
UNC80	0	0	0
RPE	554	9	617
KANSL1L	113	131	61
KANSL1L-AS1	8	4	11
LOC107985977	0	0	0
ACADL	0	0	0
LOC124907972	0	0	0
MYL1	0	0	0
LANCL1-AS1	10	10	0
LANCL1	3281	0	3281
CPS1	42808	5	42803
CPS1-IT1	18	0	18
LOC107985978	0	0	0
ERBB4	0	0	0
LOC124906116	0	0	0
MIR548F2	0	0	0
LINC01878	0	0	0
MIR4776-2	0	0	0
MIR4776-1	0	0	0
LOC102725082	0	0	0
LOC107985980	0	0	0
IKZF2	0	0	0
LINC01953	0	0	0
LOC105373864	0	0	0
LOC107985981	0	0	0
SPAG16-DT	0	0	0
SPAG16	95	0	95
MIR4438	0	0	0
LOC101928084	0	0	0
LOC124907973	0	0	0
VWC2L	0	0	0
VWC2L-IT1	0	0	0
BARD1	233	1	232
SNHG31	5	0	5
SNORA70I	0	0	0
ABCA12	5	2	3
LOC124906117	0	0	0
LOC124907974	0	0	0
LINC02862	0	0	0
LOC124906184	0	0	0
LOC124907975	3	0	3
ATIC	2644	508	2634
FN1	1525	10	2031
FN1-DT	1	18	1
LOC102724849	2	0	2
LOC102724861	0	0	0
LINC00607	0	0	0
LINC01614	0	0	0
COXFA4P5	0	0	0
LOC105373870	0	0	0
MREG	174	0	174
PECR	144	0	144
TMEM169	1	0	1
XRCC5	6837	0	6837
LINC01963	159	0	159
MARCHF4	1	0	1
MARCHF4-AS1	0	0	0
SMARCAL1-AS1	0	5	0
LOC107985984	0	0	0
SMARCAL1	785	2	788
RPL37A-DT	14	10	13
RPL37A	5156	0	5165
LOC101928156	8	0	8
LOC101928180	0	0	0
LOC105373871	0	1	0
LOC124907976	0	0	0
LINC01280	0	0	0
LOC124907977	0	0	0
IGFBP2	0	0	0
IGFBP5	2	0	2
LOC124900515	0	0	0
IGFBP-AS1	0	0	0
LOC124907978	0	0	0
LOC124907979	0	0	0
TNP1	0	0	0
LOC124906118	0	0	0
LOC105373876	0	0	0
TESHL	0	0	0
LOC105373874	0	0	0
LOC105373873	0	0	0
LOC124907980	0	0	0
LOC105373872	0	0	0
DIRC3-AS1	0	0	0
DIRC3	0	0	0
LOC124907981	0	0	0
TNS1	1019	1	1030
SNORA115	0	0	0
MIR6809	1	0	1
LOC124905960	0	0	0
TNS1-AS1	0	12	0
LOC124907982	46	0	46
RUFY4	0	0	0
CXCR2P1	0	0	0
CXCR2	0	0	0
CXCR1	0	0	0
LOC124906159	0	0	0
LOC101928487	31	120	31
ARPC2	3728	2	3846
TRY-ATA1-1	5	0	5
GPBAR1	4	1	3
AAMP	1742	2	1742
PNKD	1193	2	1193
TMBIM1	1035	3	1032
MIR6513	0	0	0
LOC105373881	5	0	5
LOC105373880	11	1	10
CATIP-AS2	8	1	8
LOC124906179	0	0	0
MIR6810	0	0	0
CATIP	12	13	25
CATIP-AS1	1	14	12
SLC11A1	46	5	41
CTDSP1	1720	10	1710
MIR26B	0	0	0
VIL1	0	282	0
USP37	157	0	439
CNOT9	1188	2	1186
PLCD4	29	134	52
ZNF142	477	31	632
BCS1L	319	30	319
RNF25	549	2	548
STK36	450	0	450
LOC124907983	0	0	0
TTLL4	496	0	496
CYP27A1	17	0	17
PRKAG3	0	0	0
MIR9500	0	0	0
WNT6	533	0	533
WNT10A	1	0	1
LOC105373882	1	1	0
LINC01494	0	0	0
LOC124906119	0	0	0
LOC124907984	0	0	0
CDK5R2	4	0	4
LINC00608	0	0	0
FEV	0	0	0
CRYBA2	0	0	0
MIR375	0	0	0
CFAP65-AS1	0	0	0
CFAP65	0	0	0
LOC107985987	1	0	1
IHH	3	0	3
MIR3131	0	0	0
LOC124906120	10	26	0
NHEJ1	272	0	288
SLC23A3	21	2	19
CNPPD1	460	2	458
RETREG2	1922	5	1917
ZFAND2B	200	0	200
ABCB6	1102	0	1102
ATG9A	3007	5	3007
ANKZF1	2351	27	2348
GLB1L	123	19	123
STK16	436	39	445
TUBA4A	4525	10	4574
TUBA4B	15	26	0
DNAJB2	789	0	789
PTPRN	23	23	0
MIR153-1	0	0	0
RESP18	0	0	0
LOC107985835	0	0	0
LOC105373883	32	0	32
DNPEP	730	1	729
DNPEP-AS1	5	0	5
DES	68	0	68
SPEG	477	5	472
ASIC4-AS1	0	0	0
SPEGNB	20	20	0
GMPPA	1180	0	1180
ASIC4	5	0	5
CHPF	3225	13	3433
TMEM198	34	217	98
OBSL1	1546	72	1534
MIR3132	0	0	0
INHA	208	0	208
STK11IP	378	1	377
LOC124908064	0	2	0
SLC4A3	7	0	9
DNAJB6P3	0	0	0
LINC02832	0	0	0
LOC105373887	0	0	0
LOC105373888	0	0	0
LINC01803	0	0	0
LOC105373890	0	0	0
MIR4268	0	0	0
LOC105373891	0	0	0
LOC105373893	0	0	0
LOC105373894	0	0	0
LOC105373895	0	0	0
LOC105373896	0	0	0
LOC107985990	0	0	0
EPHA4	0	0	0
LOC105373897	0	0	0
LOC105373899	0	0	0
LOC105373898	0	0	0
LOC105373900	0	0	0
PAX3	0	0	0
LOC107985991	0	0	0
CCDC140	0	0	0
RNF228	1	1	0
CT75	1	0	1
SGPP2	23	24	0
FARSB	1169	0	1170
LOC105373902	4	4	0
LOC124907985	0	0	0
MOGAT1	0	0	0
LOC124906151	0	0	0
LOC105373903	0	0	0
ACSL3	3066	0	3068
ACSL3-AS1	6	8	0
KCNE4	4	0	4
LOC124907986	0	0	0
LOC105373905	0	0	0
LOC105373906	0	0	0
LOC105373907	0	0	0
LOC124907987	0	0	0
SCG2	118	0	118
AP1S3	294	0	294
LOC124907988	2	0	2
WDFY1	429	1	428
LOC124907989	0	0	0
MRPL44	730	0	730
SERPINE2	445	0	445
LOC124907990	0	0	0
LOC124907991	0	0	0
LOC105373908	0	0	0
LOC124907992	0	0	0
FAM124B	0	0	0
CUL3	1072	0	1072
LOC105373909	0	0	0
LOC105373910	0	0	0
CCDC195	0	0	0
LOC105373911	0	0	0
DOCK10	241	1	240
LOC124906121	0	0	0
MIR4439	0	0	0
NYAP2	138	0	138
LOC105373914	0	0	0
LOC107985992	0	0	0
LOC646736	0	0	0
LOC105373915	0	0	0
MIR5702	0	0	0
IRS1	230	1	229
RHBDD1	170	2	169
COL4A4	577	3	576
LOC124900533	0	0	0
COL4A3	200	9	193
MFF-DT	13	0	16
MFF	1384	2	1385
TM4SF20	1	2	0
SCYGR1	0	0	0
LOC124907993	3	0	3
LOC124907994	0	0	0
MIR5703	0	0	0
AGFG1	1449	0	1449
SCYGR2	0	0	0
SCYGR10	0	0	0
SLC19A4P	1	1	0
SCYGR3	0	0	0
LOC729968	0	0	0
SCYGR4	0	0	0
SCYGR5	0	0	0
SLC19A3	0	0	0
SCYGR6	0	0	0
SCYGR7	0	0	0
SCYGR8	0	0	0
CCL20	0	0	0
DAW1	2	0	2
LOC105373918	0	0	0
SPHKAP	0	0	0
LOC107985993	0	0	0
LINC01807	0	0	0
LOC105373921	0	0	0
PID1	131	0	131
DNER	745	0	745
LOC124907995	0	0	0
LOC107985994	0	0	0
LOC124906135	0	0	0
LOC105373923	0	0	0
TRIP12	1562	3	1559
FBXO36	55	0	55
LOC105373924	0	0	0
LOC107985996	0	0	0
SLC16A14	0	0	0
LOC107985995	3	0	3
SP110	220	0	220
SP140	19	12	7
SP140L	186	0	218
LOC105373925	0	35	0
SP100	818	0	1029
LOC101928816	5	215	1
LOC112268431	0	0	0
LOC124907996	1	81	12
LINC01907	0	0	0
CAB39	1033	11	1114
ITM2C	309	0	309
GCSIR	0	0	0
GPR55	1	1	0
SPATA3-AS1	0	0	0
SPATA3	0	0	0
C2orf72	0	0	0
LOC112268432	0	0	0
PSMD1	2248	0	2248
HTR2B	2	2	0
ARMC9	85	0	85
MIR4777	0	0	0
B3GNT7	3	0	3
LOC124907997	1	0	1
NCL	15526	10	15516
SNORA75	3	0	3
SNORD20	5	0	5
SNORD82	0	0	0
LOC107985998	3	0	3
LINC00471	25	0	25
NMUR1	0	0	0
LOC105376787	0	0	0
TEX44	0	0	0
LOC124906122	0	0	0
LOC105373928	0	0	0
PTMA	16692	16	16676
MIR1244-1	0	0	0
PDE6D	338	1	337
COPS7B	793	0	793
MIR1471	0	0	0
NPPC	0	0	0
DIS3L2	339	2	337
MIR562	0	0	0
LOC124906123	0	89	0
ALPP	660	1	746
ECEL1P2	0	0	0
ALPG	5	0	5
ALPI	43	0	43
ECEL1	13731	56	13718
LOC124906124	506	69	480
PRSS56	16919	15	16904
CHRND	204	1	203
CHRNG	1	4	0
TIGD1	158	0	161
MIR5001	0	0	0
EIF4E2	1345	7	1577
LOC105373929	27	263	0
EFHD1	28	0	28
LOC124906169	0	0	0
GIGYF2	1489	0	1489
KCNJ13	0	0	0
SNORC	68	0	68
NGEF	124	6	118
LOC101928881	0	0	0
NEU2	0	0	0
INPP5D	0	0	0
ATG16L1	0	0	0
SCARNA5	0	0	0
SCARNA6	0	0	0
SAG	0	0	0
DGKD	3366	10	3356
USP40	744	1	743
UGT1A8	0	0	0
UGT1A10	0	0	0
UGT1A9	0	0	0
UGT1A7	64	0	64
UGT1A6	0	0	0
UGT1A5	0	0	0
UGT1A4	0	0	0
UGT1A3	0	0	0
DNAJB3	0	0	0
LOC100286922	0	1	0
UGT1A1	0	0	0
MROH2A	1	0	1
HJURP	778	1	777
MSL3B	208	0	208
TRPM8	0	0	0
SPP2	0	0	0
LOC105373932	0	0	0
LOC105373933	0	0	0
LINC01891	0	0	0
ARL4C	6	0	6
LOC105373936	0	0	0
LINC01173	0	0	0
LOC101927896	1	1	0
LOC105373937	0	0	0
LOC105373938	0	0	0
SH3BP4	638	0	638
LOC105373939	0	0	0
LOC124907998	2	0	2
LOC105373940	0	0	0
LOC105373941	0	0	0
AGAP1	806	1	805
AGAP1-IT1	3	0	3
TNRC17	1	1	0
LOC105373942	0	0	0
LOC124907999	2	0	2
GBX2	35	5	40
GBX2-AS1	0	5	1
LOC124906126	1	0	1
ASB18	0	0	0
LOC124908000	1	0	1
DRC11	3	3	0
LOC105373945	5	0	5
IQCA1-AS1	1	0	1
ACKR3	768	0	768
LOC107986001	0	0	0
LOC105373946	0	0	0
LOC105373947	0	0	0
LOC105373948	4	0	4
LOC105373949	7	0	7
LOC107986002	0	0	0
COPS8-DT	21	2	21
LOC105373950	16	16	0
LOC93463	0	0	0
COPS8	983	0	985
LOC124906127	4	4	0
LOC105373953	3	0	3
LOC105373954	1	0	1
COL6A3	1	0	1
LOC105373957	0	0	0
MLPH	0	0	0
MIR6811	0	0	0
PRLH	0	0	0
RAB17	164	0	164
RAB17-DT	11	0	11
LRRFIP1	1700	2	1698
LOC124906128	4	0	4
RBM44	19	0	19
RAMP1	4	0	4
LOC124900521	0	0	0
LOC105373960	1	0	1
LOC124908001	0	0	0
UBE2F-SCLY	1	1	0
UBE2F	99	0	99
SCLY	5	0	5
ESPNL	20	0	20
KLHL30	24	0	24
ERFE	195	1	194
ILKAP	424	0	424
LINC02610	0	0	0
TARDBPP3	0	0	0
HES6	42	0	42
PER2	123	0	123
LOC112268433	0	0	0
TRAF3IP1	295	1	294
LOC124908002	0	6	0
ASB1	280	0	448
LOC107986003	0	162	0
LINC01107	0	0	0
LOC124906130	0	0	0
LOC105373963	0	0	0
LINC01937	1	0	1
LOC100287387	0	0	0
TWIST2	0	0	0
LINC01940	0	0	0
HDAC4	773	4	776
MIR4440	0	0	0
MIR4441	0	0	0
LOC124908009	1	0	1
HDAC4-AS2	0	2	0
MIR4269	1	1	0
MIR2467	0	0	0
HDAC4-AS1	11	2	14
LOC124908011	0	0	0
LOC124908012	0	0	0
LINC02991	0	0	0
LOC105373966	0	0	0
LOC150935	0	0	0
NDUFA10	1430	0	1430
MIR4786	2	0	2
OR6B2	0	0	0
OR6B3	0	0	0
COPS9	293	0	293
OTOS	0	0	0
LOC107985836	0	0	0
LOC105373968	3	1	2
LOC102723825	6	0	6
GPC1	2649	4	2645
GPC1-AS1	2	0	2
MIR149	0	0	0
ANKMY1	225	41	246
DUSP28	34	24	72
RNPEPL1	816	3	813
CAPN10-DT	46	1	45
CAPN10	424	0	424
GPR35	26	0	26
LOC124908016	0	0	0
AQP12B	0	0	0
LOC285191	0	0	0
AQP12A	0	0	0
KIF1A	0	0	0
AGXT	15	0	15
MAB21L4	3	0	3
CROCC2	2	1	1
LOC112268440	0	0	0
UICLM	1	0	1
TANAR	0	0	0
SNED1	376	147	499
LOC107985787	3	0	3
SNED1-AS1	1	20	1
MTERF4	238	129	359
PASK	452	9	453
PPP1R7	784	3	791
LOC105373971	0	0	0
ANO7	68	2476	84
LOC105376810	2	459	11
HDLBP	8976	144	12028
HDLBP-AS1	6	96	21
SEPTIN2	5375	78	5422
FARP2	92	10	122
LOC105373973	0	0	0
MIR3133	0	0	0
STK25	1227	31	1237
LOC107985788	0	0	1
BOK-AS1	0	56	1
LOC105373974	1	0	1
BOK	359	2	414
THAP4	970	1	969
ATG4B	913	3	910
DTYMK	935	5	931
ING5	287	0	288
D2HGDH	326	3	323
GAL3ST2	0	0	0
LOC124905349	0	0	0
NEU4	0	0	0
LOC124905350	0	0	0
PDCD1	0	0	0
LOC105373977	0	0	0
LOC124908032	0	0	0
RTP5	0	0	0
LOC105373978	0	0	0
LINC01237	2	0	2
FAM240C	0	0	0
LINC01238	0	0	0
LOC285097	0	0	0
LOC105373980	0	0	0
LINC01880	0	0	0
LINC03100	0	0	0
LINC01881	44	0	44
LINC01986	0	0	0
LOC105376921	0	0	0
LOC107986040	0	0	0
LOC107986057	0	0	0
LOC124909336	0	0	0
CHL1-AS2	0	0	0
CHL1	0	0	0
CHL1-AS1	0	0	0
LOC105376922	0	0	0
LOC124909337	0	0	0
LINC01266	0	0	0
LOC107986058	0	0	0
LOC107986059	0	0	0
CNTN6	1	0	1
LOC105376924	0	0	0
LOC105376923	0	0	0
LOC124909338	0	0	0
CNTN4	1	0	1
CNTN4-AS2	0	0	0
LOC105376926	0	0	0
CNTN4-AS1	0	0	0
IL5RA	0	0	0
LOC124909339	0	0	0
TRNT1	733	225	828
CRBN	353	135	538
LOC100130207	0	0	0
LRRN1	2	2	0
LOC102723512	0	0	0
SUMF1	622	27	783
SETMAR	142	4	165
LOC124909340	0	161	0
ITPR1-DT	44	0	44
ITPR1	2829	13	3168
LOC105376933	0	0	0
LOC124906210	2	93	1
EGOT	1	0	1
LOC124906209	3	259	4
LOC124906358	0	0	0
BHLHE40-AS1	5	909	8
BHLHE40	8360	10	9262
ARL8B	1532	0	1532
LOC124906212	1	0	1
EDEM1	721	0	721
MIR4790	0	0	0
LOC105376936	0	0	0
LOC105376939	0	0	0
LOC105376938	0	0	0
LOC105376940	0	0	0
LOC105376941	0	0	0
LOC102723596	0	0	0
LOC105376942	0	0	0
LOC124909341	0	0	0
LOC105376944	68	0	69
GRM7-AS3	1	2	0
LOC105376943	0	0	0
LOC105376945	1	0	1
GRM7	0	0	0
GRM7-AS2	2	2	0
GRM7-AS1	0	0	0
LOC124909342	0	0	0
LOC101927394	0	0	0
LMCD1-AS1	1	1	1
LOC107986010	0	0	0
LMCD1	6	3	4
LINC00312	0	0	0
LOC107986009	2	0	3
SSUH2	62	0	62
CAV3	0	0	0
OXTR	40	0	40
LOC107986061	3	0	3
LOC107984112	6	0	6
RAD18	681	0	681
LOC124900561	0	0	0
SRGAP3	161	0	165
LOC124909343	0	4	0
SRGAP3-AS2	0	0	0
SRGAP3-AS3	0	0	0
SRGAP3-AS4	0	0	0
THUMPD3	1026	35	1201
THUMPD3-AS1	205	196	219
SETD5	3107	5	3103
LHFPL4	2	3	0
LOC105376949	0	0	0
MTMR14	764	1	764
LOC124909344	9	9	1
CPNE9	10	0	10
BRPF1	938	0	938
OGG1	373	595	386
CAMK1	28	63	0
TADA3	618	32	1252
ARPC4	669	9	669
ARPC4-TTLL3	0	1	4
TTLL3	83	5	78
RPUSD3	986	7	983
CIDEC	8	0	8
JAGN1	1809	0	1809
IL17RE	82	0	82
IL17RC	989	69	920
CRELD1	610	6	604
PRRT3	44	29	32
PRRT3-AS1	9	6	20
EMC3	1090	16	1097
EMC3-AS1	103	12	114
CIDECP1	65	0	65
FANCD2	820	0	1035
FANCD2OS	0	215	0
BRK1	1271	1	1270
LOC124906357	0	0	0
VHL	921	0	921
IRAK2	151	0	151
LOC124906338	0	0	0
TATDN2	1165	11	1154
MIR12127	0	0	0
GHRLOS	14	5	11
LINC00852	10	0	10
GHRL	5	3	5
SEC13	2895	9	2886
ATP2B2	0	0	0
MIR378B	0	0	0
MIR885	0	0	0
ATP2B2-IT1	0	0	0
ATP2B2-IT2	0	0	0
LINC00606	0	0	0
SLC6A11	0	0	0
LOC105376950	0	0	0
SLC6A1	0	0	0
SLC6A1-AS1	0	0	0
LOC101927467	0	0	0
HRH1	422	0	422
LOC105376951	6	2	4
LOC124909345	0	0	0
LOC102723663	128	0	128
ATG7	913	988	962
VGLL4	394	58	1373
TAMM41	111	0	111
SYN2	1	0	1
TIMP4	15	0	15
PPARG	1464	5	1459
TSEN2	441	0	441
MKRN2OS	24	24	0
MKRN2	947	122	966
RAF1	2691	91	2741
LOC124906355	0	0	0
TMEM40	29	0	29
CAND2	4	6	0
RPL32	8315	4	8313
SNORA7A	0	0	0
LOC124909346	0	0	0
LOC105376956	0	0	0
LINC02022	0	0	0
IQSEC1	539	2	537
LOC124906214	0	0	0
NUP210	10391	7	10384
HDAC11-AS1	1	0	1
HDAC11	325	0	325
FBLN2	3567	4	3563
SNORA93	1	0	1
LOC100293612	0	0	0
LINC00620	3	1	2
WNT7A	0	0	0
LOC105376957	0	0	0
FGD5P1	0	0	0
TPRXL	0	0	0
LOC112268445	0	0	0
CHCHD4	570	0	570
TMEM43	1724	1	1724
XPC	1140	10	1298
XPC-AS1	15	174	8
LSM3	827	0	827
LOC105376958	5	0	5
LINC01267	3	0	3
LOC105376959	25	0	25
SLC6A6	2653	0	2687
GRIP2	75	35	74
LOC105376960	0	0	0
LOC124909347	8	52	8
CCDC174	251	0	303
LOC124906215	0	0	0
C3orf20	3	0	3
LINC02011	0	0	0
FGD5	0	0	0
LOC105376963	0	0	0
FGD5-AS1	1967	8	1979
NR2C2	1140	861	833
MRPS25	1222	195	1561
RBSN	710	2	708
COL6A4P1	0	0	0
CAPN7	722	11	711
SH3BP5-AS1	134	1733	201
SH3BP5	376	122	2054
LOC124906370	0	0	0
LOC124909348	0	0	0
METTL6	331	17	331
EAF1	548	0	565
COLQ	27	0	27
MIR4270	0	0	0
HACL1	544	0	623
BTD	555	247	555
ANKRD28	1068	6	1230
MIR3134	0	0	0
LOC101927647	0	0	0
LOC107986064	5	0	5
MIR563	0	0	0
LOC124906217	0	0	0
LOC124906216	0	1	0
LOC124909349	0	0	1
GALNT15	2	1	1
LOC124906218	1	183	0
DPH3	157	0	339
OXNAD1	274	0	323
LOC107986065	1	46	0
RFTN1	3	7	0
LOC124906220	0	0	0
LOC124906219	0	0	0
LINC00690	0	0	0
DAZL	0	0	0
PLCL2UT	0	0	0
LOC105376972	0	0	0
PLCL2	0	0	1
MIR3714	0	0	0
PLCL2-AS1	0	1	0
TBC1D5	570	1	569
LOC105376975	0	0	0
LOC124909350	0	0	0
BALR6	0	0	0
LOC124909351	0	0	0
SATB1	0	0	0
SATB1-AS1	0	0	0
LOC107986066	0	0	0
LOC105376978	0	0	0
LOC105376981	0	0	0
KCNH8	0	0	0
MIR4791	0	0	0
LOC105376982	0	0	0
LOC105376984	0	0	0
EFHB	5	0	6
RAB5A	792	1	981
PP2D1	10	199	0
LOC124909352	2	0	2
KAT2B	369	5	364
MIR3135A	0	0	0
SGO1	124	5	270
SGO1-AS1	0	149	2
LOC101927829	0	0	0
LOC107986068	0	0	0
LOC105376987	0	0	0
LOC105376988	0	0	0
VENTXP7	0	0	0
ZNF385D	0	0	0
ZNF385D-AS1	0	0	0
ZNF385D-AS2	0	0	0
UBE2E2-DT	1	0	1
UBE2E2	686	0	686
LOC105376993	20	0	20
LOC124909353	5	0	5
UBE2E1-AS1	0	0	0
UBE2E1	374	26	1337
NKIRAS1	264	981	337
RPL15	19217	65	19215
LOC124909354	2	0	2
NR1D2	547	0	549
LINC00691	0	0	0
THRB	367	6	370
THRB-AS2	0	0	0
THRB-AS1	4	5	8
LOC107986011	0	0	0
LOC107986070	0	0	0
LOC124909355	0	0	0
RARB	2	3	0
LOC124906342	0	0	0
RARB-AS1	0	0	0
LOC124909356	0	0	0
TOP2B	3265	0	3266
MIR4442	0	0	0
NGLY1	830	6	828
OXSM	471	0	475
LOC105377000	0	0	0
LINC00692	0	0	0
LOC124909357	0	0	0
LOC105377001	0	0	0
LOC105377002	0	0	0
LRRC3B-AS1	0	0	0
LRRC3B	0	0	0
LOC124909488	0	0	0
NEK10	101	0	101
SLC4A7	535	1	534
LOC105377005	0	0	0
LOC124906221	0	0	0
LINC02084	0	0	0
EOMES	0	0	0
LINC01980	0	0	0
LINC01981	0	0	0
LINC01967	0	0	0
LOC105377008	0	0	0
CMC1	323	857	320
AZI2	499	5	1530
ZCWPW2	43	182	43
LOC107986012	0	0	0
LINC00693	1	0	1
LOC105377009	0	0	0
RBMS3-AS3	2	0	2
RBMS3	131	0	131
RBMS3-AS2	0	0	0
LOC124906222	0	0	0
RBMS3-AS1	0	0	0
LOC124906224	0	0	0
LOC124909358	0	0	0
LOC124906377	0	0	0
LOC101927995	0	0	0
LOC105377013	0	0	0
LINC01985	0	0	0
LOC105377015	0	42	0
TGFBR2	702	0	744
GADL1	0	0	0
MIR466	0	0	0
LOC105377018	0	0	0
LOC124909359	0	0	0
STT3B	6044	8	6036
OSBPL10	1564	2	1562
LOC124909360	0	0	0
OSBPL10-AS1	0	0	0
ZNF860	154	0	154
LOC124900559	0	0	0
GPD1L	666	0	666
LOC124906367	0	0	0
CMTM8	0	0	0
LOC124909361	0	0	0
CMTM7	0	0	0
CMTM6	271	0	271
MIR548AY	0	0	0
DYNC1LI1	782	22	760
LOC124906226	1	0	1
CNOT10	0	0	0
CNOT10-AS1	0	0	0
TRIM71	0	0	0
CCR4	0	0	0
GLB1	2431	1	2430
LOC107986072	0	0	0
TMPPE	48	0	48
CRTAP	11081	0	11081
SUSD5	5	5	0
LOC124909362	0	0	0
FBXL2	190	20	173
UBP1	1409	12	1400
LOC124909363	0	0	0
CLASP2	786	0	786
PDCD6IP-DT	35	0	50
PDCD6IP	3904	19	3900
LOC105377024	0	0	0
LINC01811	0	0	0
LOC124909364	0	0	0
LOC102724048	0	0	0
LOC124909365	0	0	0
LOC101928135	0	0	0
ARPP21	0	0	0
ARPP21-AS1	0	0	0
MIR128-2	0	0	0
LOC124906227	0	0	0
STAC	0	0	0
DCLK3	0	0	0
LOC105377029	0	0	0
LOC105377030	0	0	0
LINC02033	2	0	2
TRANK1	904	0	904
EPM2AIP1	563	0	563
MLH1	1371	5	1367
LRRFIP2	989	8	983
UBE2FP1	38	0	38
LOC105377642	5	1	5
LOC124906354	0	0	0
LOC124909483	0	0	0
GOLGA4-AS1	85	26	120
GOLGA4	2597	35	2623
APRG1	34	0	34
ITGA9	0	0	0
ITGA9-AS1	0	0	0
CTDSPL	526	0	526
MIR26A1	0	0	0
VILL	11	0	11
PLCD1	43	0	43
DLEC1	8	165	1
LOC105377033	0	0	0
ACAA1	594	0	746
MYD88	22	0	22
LOC101928234	1	3	1
OXSR1	2077	0	2080
SLC22A13	2	0	2
SLC22A14	8	0	8
XYLB	147	10	148
ACVR2B-AS1	19	1	35
ACVR2B	496	6	496
EXOG	140	0	140
SCN5A	1	1	0
SCN10A	0	0	0
LOC105377034	0	0	0
LOC107986042	0	0	0
SCN11A	0	0	0
WDR48	955	2	957
GORASP1	710	3	712
TTC21A	22	1	22
MIR6822	0	0	0
CSRNP1	1615	2	1618
LOC101928263	7	6	6
LOC105377035	0	0	0
XIRP1	0	0	0
LOC124909366	0	0	0
DSTNP4	0	0	0
LOC102724104	0	0	0
CX3CR1	2	0	2
CCR8	0	0	0
LOC105377037	0	2	0
LOC105377644	6	0	9
SLC25A38	760	10	752
RPSA	32950	6	32944
SNORA6	11	0	11
SNORA62	39	0	39
LOC107986075	3	0	3
MOBP	1	0	1
LOC105377039	0	0	0
MYRIP	1	0	1
LOC124909367	0	0	0
EIF1B-AS1	1	5	1
LOC124900557	0	0	0
LOC124906228	0	0	0
EIF1B	436	0	441
ENTPD3	1	3	0
ENTPD3-AS1	28	0	30
RPL14	14865	3	14862
ZNF619	148	1	147
ZNF620	17	0	17
ZNF621	683	0	683
LOC124909368	1	0	1
LOC124909369	2	0	2
LOC124906229	0	0	0
LOC124909370	0	0	0
LOC105377043	0	0	0
LOC124906230	0	0	0
LOC105377045	0	0	0
CTNNB1	7125	6	7119
ULK4	166	1	165
LOC105377046	0	0	0
LOC107986077	0	0	0
TRAK1	997	1	996
LOC124906231	9	0	9
LOC105377048	0	0	0
CCK	0	0	0
LYZL4	0	0	0
LOC124909371	0	0	0
VIPR1	0	0	1
LOC124909372	0	0	0
VIPR1-AS1	0	1	0
SEC22C	769	30	801
SS18L2	292	38	299
NKTR	1568	32	1555
ZBTB47-AS1	0	0	3
ZBTB47	811	7	1032
LOC124906232	1	228	0
KLHL40	0	0	0
HHATL	1	0	1
HHATL-AS1	0	4	0
CCDC13	18	2	24
CCDC13-AS1	0	3	0
CCDC13-AS2	0	2	1
HIGD1A	1314	0	1315
ACKR2	6	0	6
LOC124909373	2	2	0
CYP8B1	6	6	0
ZNF662	0	0	0
KRABD1-AS1	0	0	0
KRABD1	0	0	0
GASK1A	0	0	0
POMGNT2	391	0	392
POMGNT2-AS1	2	3	0
LOC105377051	0	0	0
LOC105377052	0	0	0
SNRK	154	5	422
SNRK-AS1	1	268	6
ANO10	448	0	448
ABHD5	544	0	544
LOC107986081	0	0	0
LOC124909489	0	0	0
MIR138-1	0	0	0
TOPAZ1	0	0	0
LOC105377055	0	1	1
TCAIM	849	1	850
C3orf86P	0	0	0
LINC01988	1	1	0
ZNF445	522	0	522
LOC101928529	0	0	0
ZNF852	0	0	0
ZKSCAN7	0	0	0
ZKSCAN7-AS1	0	0	0
ZNF660-ZNF197	0	0	0
ZNF660	0	0	0
ZNF197-AS1	0	0	0
ZNF197	0	0	0
ZNF35	0	0	0
LOC124905403	0	0	0
ZNF502	0	0	0
LOC105377056	0	0	0
ZNF501	0	0	0
KIAA1143	0	0	0
KIF15	0	0	0
MIR564	0	0	0
TMEM42	0	0	0
TGM4	0	0	0
ZDHHC3	1300	2	1298
EXOSC7	551	0	551
CLEC3B	12	0	12
LOC124906233	1	0	1
CDCP1	0	0	0
LOC101928636	0	0	0
TMEM158	469	3	466
LOC124906378	0	0	0
LOC105377061	0	0	0
LOC105377062	0	0	0
LARS2	1068	0	1068
LARS2-AS1	1	1	0
LIMD1	603	6	1222
LIMD1-AS1	4	624	5
TRR-ACG2-1	0	0	0
SACM1L	891	0	891
SLC6A20	0	0	0
LOC107986082	0	0	0
LZTFL1	353	0	353
LOC124909374	0	0	0
CCR9	0	0	0
FYCO1	581	0	581
CXCR6	7	7	0
LOC105377063	2	0	2
XCR1	0	0	0
LOC105377067	30	0	30
CCR1	13	0	13
CCR3	2	0	2
CCR2	0	0	0
CCR5AS	0	0	0
CCR5	0	0	0
CCRL2	5	0	5
LINC02009	0	0	0
LTF	0	0	0
RTP3	0	0	0
LRRC2	0	0	0
LRRC2-AS1	0	0	0
CRIPTO	0	0	0
FAM240A	0	0	0
ALS2CL	264	0	264
TMIE	1	0	1
PRSS50	0	0	0
PRSS46P	1	1	0
PRSS45P	0	0	0
PRSS43P	0	0	0
PRSS44P	0	0	0
PRSS42P	0	0	0
MYL3	1	0	1
PTH1R	2	0	2
CCDC12	459	0	459
LOC124909375	0	0	0
NBEAL2	1613	0	1613
NRADDP	3	0	3
SETD2	2031	3	2028
KIF9-AS1	33	1	40
KIF9	61	31	42
SNORD13J	0	0	0
KLHL18	339	0	343
PTPN23-DT	27	60	32
PTPN23	1656	16	1705
SCAP	2304	13	2297
LOC124906372	0	6	0
LOC105377073	1	0	1
ELP6	650	1	649
LOC105377074	0	0	0
CSPG5	172	0	172
SMARCC1	3266	0	3266
LOC124906234	0	0	0
SNORD146	0	0	0
HIGD2AP2	1	0	1
DHX30	4386	3	4383
MIR1226	0	0	0
MAP4	7204	3	7201
CDC25A	1195	0	1195
MIR4443	0	0	0
CAMP	0	0	0
ZNF589	283	0	283
NME6	475	9	466
FCF1P2	135	0	135
SPINK8	0	0	0
MIR2115	0	0	0
FBXW12	1	0	1
PLXNB1	607	1	606
CCDC51	1007	35	979
TMA7	830	5	832
ATRIP	3	0	3
ATRIP-TREX1	5	0	5
TREX1	0	0	0
SHISA5	3288	4	3285
PFKFB4	1548	0	1548
MIR6823	0	0	0
UCN2	0	0	0
COL7A1	1143	3	1140
MIR711	0	0	0
UQCRC1	8715	0	8715
SNORA94	0	0	0
TMEM89	1	0	1
SLC26A6	2049	10	2039
MIR6824	0	0	0
CELSR3	490	12	478
MIR4793	1	1	0
LINC02585	6	5	1
NCKIPSD	1442	0	1442
IP6K2	1548	0	1548
PRKAR2A	1197	7	1192
PRKAR2A-AS1	71	0	73
SLC25A20	320	1	319
ARIH2OS	37	132	34
ARIH2	1737	4	1862
LOC124909376	2	1	4
P4HTM	353	4	352
LOC124906235	8	0	8
WDR6	3098	105	3621
DALRD3	466	532	563
MIR425	0	0	0
NDUFAF3	1866	4	1864
MIR191	0	0	0
IMPDH2	4513	79	4435
QRICH1	2181	3	2178
QARS1	4583	0	4583
MIR6890	0	0	0
USP19	2255	1	2254
LAMB2	2730	8	2856
LOC124909377	11	128	17
LAMB2P1	6	0	6
CCDC71	723	0	723
KLHDC8B	23	0	23
CIMIP7	0	0	0
IHO1	2	2	0
C3orf62	131	0	162
MIR4271	0	31	0
USP4	423	0	423
LOC124906236	32	0	32
GPX1	6286	1	6285
RHOA	10121	0	10121
TCTA	464	0	465
AMT	53	5	49
NICN1	218	3	215
DAG1	7843	5	7838
BSN-DT	0	0	0
BSN	35	19	16
APEH	3986	3	3988
MST1	92	24	78
RNF123	1106	167	1477
AMIGO3	139	9	130
GMPPB	524	384	673
IP6K1	1573	0	1573
CDHR4	38	0	38
INKA1	27	0	27
UBA7	233	0	233
MIR5193	0	0	0
TRAIP	275	1	274
CAMKV	0	0	0
MST1R	2266	0	2266
MON1A	237	1	236
RBM6	2052	0	2052
RBM5	1158	2	1944
RBM5-AS1	20	164	0
SEMA3F-AS1	22	667	2
LOC124909484	0	0	0
SEMA3F	2938	2	2937
GNAT1	0	0	0
SLC38A3	2	0	2
GNAI2	1553	2	1551
MIR5787	0	0	0
SEMA3B	9317	67	9303
LINC03143	6	6	0
SEMA3B-AS1	4	5	52
MIR6872	0	0	0
LSMEM2	15	465	16
IFRD2	2806	4	3268
HYAL3	279	0	279
NAA80	329	0	329
HYAL1	1302	2	1300
HYAL2	1893	0	1893
TUSC2	871	0	871
RASSF1	1030	7	1167
RASSF1-AS1	9	146	7
ZMYND10	35	22	19
NPRL2	427	48	394
LOC127898564	3	453	4
CYB561D2	157	6	151
TMEM115	596	7	1043
CACNA2D2	1	10	0
LOC101928965	0	0	8
LOC105377082	0	0	0
LOC124909378	0	0	0
LOC105377083	0	0	0
C3orf18	20	34	20
HEMK1	453	2	486
CISH	292	3	342
MAPKAPK3	1758	52	1758
LINC02019	26	0	26
DOCK3	62	17	45
MIR4787	0	0	0
MANF	1230	0	1230
RBM15B	1569	98	1811
DCAF1	1339	242	1437
LOC105377085	0	0	0
RAD54L2	476	0	476
LOC124906237	2	3	0
TEX264	1128	0	1129
GRM2	1	0	1
LOC105377087	0	0	0
IQCF6	0	0	0
IQCF4P	0	0	0
IQCF3	0	0	0
IQCF2	0	0	0
IQCF5-AS1	0	0	0
IQCF5	0	0	0
IQCF1	0	0	0
RRP9	537	0	537
PARP3	633	3	630
GPR62	1	1	0
PCBP4	447	0	447
ABHD14B	1496	0	1496
ABHD14A-ACY1	0	0	0
ABHD14A	64	6	58
ACY1	1	0	1
RPL29	16669	5	16664
LOC105377088	0	0	0
LOC124906238	9	1	9
DUSP7	682	1	682
LINC00696	2	0	2
POC1A	625	0	625
ALAS1	3012	1	3011
TLR9	4	2	2
TWF2	1267	0	1267
TWF2-DT	7	1	6
PPM1M	197	2	195
WDR82	2161	1	2160
MIRLET7G	0	0	0
LOC107986086	3	6	7
GLYCTK	62	4	70
GLYCTK-AS1	0	0	0
MIR135A1	0	2	0
DNAH1	354	7	347
BAP1	1546	12	1534
PHF7	36	0	36
SEMA3G	13	0	13
TNNC1	6	0	6
NISCH	1148	0	1148
STAB1	3	67	3
NT5DC2	1161	5	1224
UQCC5	64	0	68
PBRM1	469	9	466
GNL3	2589	5	2614
SNORD136	2	0	2
SNORD19	4	0	4
SNORD19B	1	0	1
SNORD19C	8	0	8
SNORD69	2	0	2
GLT8D1	681	87	621
SPCS1	1920	34	1928
NEK4	244	11	275
ITIH1	0	0	0
ITIH3	0	0	0
LOC124906240	0	0	0
ITIH4	79	0	112
ITIH4-AS1	0	33	0
STIMATE-MUSTN1	0	0	0
MUSTN1	0	0	0
STIMATE	134	0	134
MIR8064	0	0	0
SFMBT1	422	2	420
RFT1	461	0	461
PRKCD	995	0	995
TKT	13657	2	13655
LOC107986087	0	0	0
LOC124906364	0	0	0
DCP1A	406	0	406
LOC124909380	0	0	0
SNORD38C	0	0	0
LOC105377094	0	0	0
LOC124900563	0	0	0
CACNA1D	78	42	77
LOC124906242	0	0	0
CHDH	208	7	243
IL17RB	77	45	161
ACTR8	458	114	472
SELENOK	441	0	441
LOC105377095	0	0	0
LOC124909381	0	0	0
CACNA2D3	416	0	447
LOC124909382	0	0	0
LOC107986088	6	6	0
ESRG	0	0	0
CACNA2D3-AS1	0	31	0
LRTM1	0	0	0
LOC124906243	1	1	0
LINC02017	0	0	0
LINC02030	1	0	1
LOC124909383	0	0	0
WNT5A	1173	3	1179
WNT5A-AS1	40	42	7
ERC2	4	0	4
ERC2-AS1	0	0	0
ERC2-IT1	0	0	0
MIR3938	0	0	0
LOC105377099	0	0	0
CCDC66	221	44	224
TASOR	1261	10	1298
ARHGEF3	612	0	612
ARHGEF3-AS1	0	0	0
SPATA12	1	1	0
IL17RD	16	0	16
LOC105377101	0	0	0
HESX1	26	2	24
APPL1	667	0	694
ASB14	11	115	0
LOC105377102	0	0	4
LOC124909384	4	0	4
DNAH12	6	2	4
LOC124906353	0	0	0
PDE12	488	2	486
ARF4	2870	2	2871
ARF4-AS1	6	4	5
DENND6A	348	0	348
DENND6A-DT	1	0	1
SLMAP	821	5	818
LOC105377103	0	2	0
LOC105377104	1	0	1
LOC124909385	0	0	0
FLNB	4840	8	5581
FLNB-AS1	26	773	2
LOC124909485	0	0	0
LOC124909386	3	0	3
DNASE1L3	2	0	2
LOC107986091	0	0	0
ABHD6	474	0	474
RPP14	0	0	0
HTD2	2	0	2
PXK	319	11	308
LOC105377106	0	0	0
PDHB	1264	13	1500
LOC107986092	0	248	1
KCTD6	135	0	135
ACOX2	0	0	0
LOC107984079	0	0	0
FAM107A	0	0	0
FAM3D-AS1	0	0	0
FAM3D	0	0	0
LOC105377109	0	0	0
CFAP20DC	0	0	0
CFAP20DC-AS1	0	0	0
CFAP20DC-DT	0	0	0
LOC339902	0	0	0
FHIT	0	0	0
LOC105377113	0	0	0
LOC105377112	0	0	0
LOC107986015	0	0	0
MIR548BB	0	0	0
LOC124906379	0	0	0
LOC124906244	0	0	0
LOC105377111	0	0	0
LOC124909387	0	0	0
LOC105377114	0	0	0
LOC105377115	0	0	0
PTPRG	12	0	16
LOC124909388	0	0	0
LOC124906245	0	0	0
LOC124909389	0	0	0
PTPRG-AS1	0	4	0
CEP15	0	0	0
FEZF2	0	0	0
LOC105377647	0	0	0
CADPS	0	0	0
LINC00698	0	0	0
SYNPR	0	0	0
SYNPR-AS1	0	0	0
SNTN	0	0	0
LOC105377119	0	0	0
CDHR18P	0	0	0
C3orf49	3	3	0
THOC7	921	0	932
THOC7-AS1	1	1	0
ATXN7	368	16	365
SCAANT1	2	3	1
PSMD6-AS2	20	6	14
PSMD6	1460	13	1447
PSMD6-AS1	9	5	4
LOC105377121	0	0	0
PRICKLE2-AS1	0	19	1
LOC124906380	0	0	0
LINC00994	0	0	0
PRICKLE2	33	1	52
PRICKLE2-AS2	0	0	0
PRICKLE2-AS3	0	0	0
PRICKLE2-DT	0	0	0
LOC105377123	0	0	0
ADAMTS9	0	0	0
ADAMTS9-AS1	0	0	0
ADAMTS9-AS2	0	0	0
LOC105377124	0	0	0
LOC124909390	0	0	0
LOC107986017	0	0	0
LOC105377125	0	0	0
LOC105377127	0	0	0
LINC02040	0	0	0
LOC107986094	0	0	0
MAGI1	383	0	383
LOC124906246	0	0	0
LOC107986018	0	0	0
MAGI1-IT1	0	0	0
MAGI1-AS1	0	0	0
LOC124900543	7	0	7
LOC105377128	0	0	0
SLC25A26	0	0	0
LOC107986095	0	0	0
LRIG1	15	0	15
LOC105377141	0	0	0
LOC105377142	0	0	0
LOC105377143	0	0	0
LOC105377144	0	0	0
KBTBD8	2	0	2
LOC124909391	0	0	0
LOC124909392	0	0	0
MIR4272	0	0	0
LOC112267879	5	0	5
SUCLG2	1113	0	1113
SUCLG2-DT	25	0	25
TAFA1	1	0	1
LOC107986019	0	0	0
LOC105377146	0	0	0
TAFA4	0	0	0
EOGT	167	6	172
EOGT-DT	19	9	21
TMF1	552	1	551
MIR3136	1	0	1
UBA3	1180	0	1180
ARL6IP5	1377	0	1382
LMOD3	0	5	0
FRMD4B	395	3	392
MITF	420	0	420
SAMMSON	0	0	0
MDFIC2	0	0	0
LOC105377152	0	0	0
FOXP1	258	4	254
LOC124906247	1	1	0
FOXP1-AS1	2	2	0
LOC124906248	0	0	0
MIR1284	0	0	0
FOXP1-DT	6	0	6
LOC105377155	0	0	0
EIF4E3	59	0	59
GPR27	0	0	0
PROK2	0	0	0
LOC105377156	0	0	0
LOC105377157	0	0	0
LINC00877	0	0	0
LINC00870	1	0	1
LOC124909393	0	0	0
LOC105377158	1	0	1
LOC105377159	0	0	0
RYBP	1	0	1
LOC105377160	0	0	0
LOC124909394	0	0	0
LOC124905404	0	0	0
LOC105377161	0	0	0
LOC102724817	0	0	0
LOC105377162	0	0	0
SHQ1	280	0	280
LOC124909396	0	0	0
GXYLT2	56	0	56
LOC124909395	0	0	0
PPP4R2	1048	0	1048
EBLN2	13	0	13
LOC124906349	0	0	0
LOC107986098	0	0	0
PDZRN3	0	0	0
LOC101927296	0	0	0
PDZRN3-AS1	0	0	0
LOC105377164	0	0	0
LINC02005	0	0	0
LINC02047	1	0	1
CNTN3	0	0	0
LOC105377166	0	0	0
LOC105377167	0	0	0
LOC105377168	0	0	0
LOC107986099	0	0	0
MIR4444-2	1	0	1
LOC124905452	0	0	0
FAM86DP	0	0	0
LINC02018	0	0	0
MIR1324	0	0	0
FRG2C	0	0	0
LINC00960	2	2	0
ZNF717	57	0	57
MIR4273	0	0	0
ROBO2	0	0	0
LOC124900544	0	0	0
LOC102724949	0	0	0
LOC105377171	0	0	0
LINC02077	0	0	0
LOC105377173	0	0	0
ROBO1	1618	3	1615
LOC101927374	0	0	0
MIR3923	0	0	0
LOC105377177	0	0	0
LOC105377176	0	0	0
LINC02050	0	0	0
LOC105377174	0	0	0
LINC02027	0	0	0
GBE1	1530	2	1528
LOC124906198	0	0	0
LOC124909490	1	0	1
LOC105377178	0	0	0
LOC105377179	0	0	0
LOC124906199	0	0	0
LINC02008	7	0	7
LOC101927439	0	0	0
LOC105377181	0	0	0
LOC105377183	0	0	0
LOC105377186	0	0	0
LOC105377187	0	0	0
LOC105377188	2	0	2
LINC00971	0	0	0
LINC02025	0	0	0
LOC105377193	0	0	0
CADM2	0	0	0
LOC124906200	0	0	0
SNORA95	0	0	0
MIR5688	0	0	0
CADM2-AS2	0	0	0
LOC124906345	0	0	0
LOC102723364	0	0	0
LINC02070	0	0	0
LOC101927518	0	0	0
LOC105377196	1	0	1
VGLL3	730	4	726
LINC00506	0	0	0
MIR4795	0	0	0
CHMP2B	977	3	974
POU1F1	0	0	0
LOC105377198	0	0	0
HTR1F	0	0	0
CGGBP1	823	19	825
LOC128031834	0	0	0
ZNF654	179	5	194
C3orf38	303	0	305
LOC105377202	0	0	0
CSNK2A2IP	0	0	0
EPHA3	7	0	7
LOC124906381	0	0	0
LOC101930420	0	0	0
PROS1	567	0	567
ARL13B	135	1	134
STX19	0	0	0
DHFR2	129	0	129
NSUN3	242	0	242
LOC105373992	0	0	0
LINC00879	0	0	0
MTHFD2P1	0	0	0
MIR8060	0	0	0
LOC124909397	0	0	0
EPHA6	0	0	0
LOC107986103	0	0	0
LOC101929278	0	0	0
LOC124906256	0	0	0
ARL6	72	1	77
LOC101929298	1	6	1
CRYBG3	272	138	510
LOC105373994	0	11	0
RIOX2	358	233	490
LOC124909398	0	0	0
GABRR3	0	0	0
OR5AC2	0	0	0
OR5H1	0	0	0
OR5H14	0	0	0
LOC105373996	0	0	0
OR5H15	0	0	0
LOC105373998	0	0	0
LOC105373997	0	0	0
LOC101929320	0	0	0
LOC105373999	0	0	0
OR5H6	0	0	0
OR5H2	0	0	0
OR5K4	0	0	0
LOC105374000	0	0	0
OR5K3	0	0	0
OR5K1	0	0	0
OR5K2	0	0	0
CLDND1	607	0	609
CLDND1-AS1	0	2	0
GPR15	0	0	0
CPOX	650	0	650
ST3GAL6-AS1	0	0	0
ST3GAL6	1	1	0
DCBLD2	688	0	688
LOC105374002	0	0	0
LINC00973	3	0	3
LOC124906343	0	0	0
LOC124909399	0	0	0
LOC107986104	0	0	0
LOC105374004	0	0	0
LOC105374007	0	0	0
LOC105374005	3	1	2
LOC124909401	8	11	8
COL8A1	328	1	340
HP09053	0	50	0
CMSS1	472	1	698
LOC105374010	1	0	1
FILIP1L	0	0	0
MIR3921	0	0	0
LOC105374009	0	232	0
TMEM30CP	0	0	0
TBC1D23	863	0	863
NIT2	741	18	728
TOMM70	1770	30	1745
LNP1	34	0	34
TMEM45A	3463	0	3463
ADGRG7	0	0	0
TFG	5134	0	5137
ABI3BP	26	27	2
LOC124906260	1	0	1
LOC124906356	0	0	0
IMPG2	4	0	4
SENP7	100	2	99
LOC124906362	0	1	0
ARB2BP	0	0	0
TRMT10C	1213	1	1212
PCNP	2273	28	2245
ZBTB11	656	72	688
ZBTB11-AS1	12	2	10
LOC124906262	99	7521	95
RPL24	381	7	7894
LOC124909402	3	0	3
PDCL3P4	5	0	5
CEP97	296	0	296
NXPE3	90	0	90
NFKBIZ	959	1	958
RDUR	0	0	0
LOC101929411	1	0	1
LOC107986105	0	0	0
ZPLD1	0	0	0
LOC105374016	0	0	0
LOC107986106	0	0	0
LOC105374017	0	0	0
LOC105374018	0	0	0
MIR548AB	0	0	0
LOC124909491	0	0	0
LOC124909492	1	0	1
LOC105374020	1	0	1
LOC105374021	0	0	0
LOC107986108	0	0	0
LOC105374023	0	0	0
ALCAM	253	1	252
LOC124906263	0	0	0
CBLB	418	1	417
LOC105374024	0	0	0
LOC124909403	0	0	0
LOC105374026	0	0	0
LOC105374027	0	0	0
LOC107986110	0	0	0
LOC107986112	0	0	0
LOC101929485	0	0	0
LOC105374029	1	0	1
LOC101929534	4	0	4
LOC124906264	1	0	1
LOC107986021	0	0	0
LINC00882	8	0	8
LOC124909404	0	0	0
DUBR	67	0	67
CCDC54	0	0	0
CCDC54-AS1	0	0	0
LINC01990	0	0	0
BBX	1847	1	1846
LINC00635	0	0	0
LINC00636	0	0	0
LOC124906266	0	0	0
LOC124906265	0	0	0
CD47	384	0	384
LOC105374031	0	0	0
LINC01215	0	0	0
IFT57	0	0	0
LOC124909405	0	0	0
HHLA2	0	0	0
MYH15	18	0	19
LOC124900545	0	1	0
LOC124909406	0	0	0
CIP2A	823	0	830
LOC124900556	3	3	0
DZIP3	247	7	247
LOC105374033	0	0	0
LOC105374034	0	0	0
RETNLB	0	0	0
TRAT1	0	0	0
GUCA1C	0	0	0
MORC1	0	0	0
LOC124906382	0	0	0
MORC1-AS1	0	0	0
C3orf85	0	0	0
LINC00488	0	0	0
DPPA2	11	0	11
DPPA4	0	0	0
LINC01205	0	0	0
MIR4445	0	0	0
LOC124906267	0	0	0
LOC105374036	0	0	0
LOC105374037	0	0	0
LOC151760	23	0	23
NECTIN3-AS1	2	0	2
NECTIN3	179	0	179
LOC124909493	0	0	0
LOC105374038	0	0	0
LOC105374039	0	0	0
CD96	0	0	0
ZBED2	1	0	1
PLCXD2	56	0	56
PLCXD2-AS1	0	0	0
PHLDB2	2851	1	2850
LOC107984087	0	0	0
LOC105374040	5	5	0
ABHD10	533	2	531
TAGLN3	0	0	0
TMPRSS7	0	0	0
C3orf52	96	0	96
MIR567	0	0	0
GCSAM	0	0	0
TBILA	0	0	0
SLC9C1	0	0	0
LOC124909407	0	0	0
LOC105374042	0	0	0
CD200	1	0	1
LOC105374041	0	0	0
LOC124909408	0	0	0
BTLA	0	0	0
ATG3	1060	2	1402
SLC35A5	469	342	471
CCDC80	500	0	500
LINC02042	0	0	0
MIR9900	0	0	0
CD200R1L-AS1	0	0	0
CD200R1L	0	0	0
CD200R1	0	0	0
GTPBP8	265	9	257
RMP64	1062	99	1032
NEPRO-AS1	8	67	10
LOLI1	0	0	0
LOC124906268	0	0	0
LINC02044	3	3	1
LOC124909486	0	0	0
BOC	0	40	0
LOC124909409	2	0	3
SPICE1-CFAP44	18	0	18
CFAP44	2	0	2
CFAP44-AS1	2	19	0
MIR8076	0	0	0
SPICE1	9	0	9
SIDT1	3	3	0
SIDT1-AS1	0	0	0
MIR4446	0	0	0
LOC124909410	0	0	0
USF3	174	0	174
NAA50	4148	1	4147
ATP6V1A	1107	0	1107
GRAMD1C	153	0	153
ZDHHC23	391	16	392
CCDC191	93	4	129
LOC105374048	3	20	2
QTRT2	821	0	821
DRD3	0	0	0
ZNF80	0	0	0
TIGIT	0	0	0
LOC124909411	0	0	0
ZBTB20	355	0	355
MIR568	0	0	0
ZBTB20-AS1	0	0	0
ZBTB20-AS5	0	0	0
MIR4796	0	0	0
ZBTB20-AS3	0	0	0
ZBTB20-AS4	0	0	0
LOC105374051	0	0	0
GAP43	1	0	1
LOC124909412	0	1	0
LOC124906269	0	0	1
LSAMP	2	2	0
LOC124909413	0	0	0
LOC105374053	0	0	0
SNORD155	0	0	0
LOC107986116	0	0	0
LOC124909414	0	0	0
LOC105374052	0	0	0
LSAMP-AS1	0	0	0
LINC00903	0	0	0
TUSC7	0	0	0
MIR4447	0	0	0
LINC00901	0	0	0
LOC124909415	1	0	1
LOC105374054	0	0	0
LOC124906271	0	0	0
LOC105374056	0	0	0
LOC124906270	0	0	0
LINC02024	0	0	0
LOC101926953	0	0	0
LINC03051	0	0	0
LOC124909416	0	0	0
LOC105374058	0	0	0
LOC105374060	0	0	0
LOC101926968	0	0	0
LOC124909417	0	0	0
LOC105374059	0	0	0
IGSF11	3	0	3
IGSF11-AS1	0	0	0
TEX55	0	0	0
UPK1B	2	0	2
B4GALT4	485	0	614
B4GALT4-AS1	0	129	0
ARHGAP31	7	12	0
ARHGAP31-AS1	0	0	0
LOC124906273	9	0	14
TMEM39A	711	0	711
POGLUT1	309	0	309
TIMMDC1	2873	2	2871
CD80	2	0	2
LOC107986118	0	0	0
ADPRH	2	0	2
PLA1A	1	0	1
POPDC2	13	0	13
COX17	149	2	261
LOC105374063	2	116	0
LOC105374064	0	0	0
CFAP91	0	0	0
NR1I2	1	1	0
GSK3B	1584	0	1584
MIR6529	0	0	0
GSK3B-DT	25	0	25
LOC105374065	0	2	0
GPR156	19	1	20
LOC124909418	0	0	0
LRRC58	1158	0	1158
BTNL12P	0	0	0
LOC124906274	0	0	0
FSTL1	34	1	36
MIR198	0	0	0
LOC124900546	1	2	0
LOC107986121	1	0	1
NDUFB4	2488	0	2488
HGD	5	0	5
RABL3	328	0	329
GTF2E1	667	1	667
LINC02049	0	0	0
LOC105374069	0	0	0
STXBP5L	6	4	2
MIR5682	0	0	0
POLQ	746	0	746
ARGFX	0	0	0
LOC124906360	0	0	0
FBXO40	0	0	0
HCLS1	0	0	0
GOLGB1	2848	8	2840
IQCB1	746	0	746
EAF2	81	0	81
SLC15A2	19	0	19
ILDR1	1	0	1
LOC101927010	1	0	1
CD86	21	0	21
CASR	0	0	0
CSTA	4	0	4
MIX23	528	1	529
FAM162A	1642	7	1691
WDR5B	153	53	154
WDR5B-DT	3	0	6
KPNA1	1795	42	1756
LOC107984000	3	0	3
LOC105374071	2	5	0
PARP9	2245	40	2256
DTX3L	1796	8	1836
PARP15	0	0	0
LOC124909419	0	0	0
PARP14	0	0	0
HSPBAP1	184	0	184
LOC124906363	0	0	0
SLC49A4	461	0	461
LINC02035	255	0	255
SEMA5B	1	0	1
PDIA5	1018	0	1018
MIR7110	11	0	11
SEC22A	272	0	272
ADCY5	25	25	0
LOC124909420	0	0	0
HACD2	1579	1	1578
MYLK-AS1	15	16	38
MYLK	192	50	231
LOC124909421	2	16	3
MYLK-AS2	2	0	2
LOC105369194	39	24	40
LOC124906346	0	0	0
CCDC14	1183	0	1183
ROPN1	0	0	0
KALRN	26	0	26
MIR5002	0	0	0
LOC105374077	0	0	0
MIR6083	0	0	0
LOC105374076	0	0	0
LOC124906276	0	0	0
UMPS	1074	0	1074
MIR544B	0	0	0
ITGB5	3691	12	3679
LOC124909422	4	0	4
LOC124906277	0	0	0
MUC13	591	1	590
HEG1	3433	0	3433
DAGARR	8	0	8
LOC124906278	15	0	15
SLC12A8	158	0	158
MIR5092	0	0	0
ZNF148	1224	1	1226
LOC105374080	1	2	2
LOC105374081	0	0	0
LOC124906351	0	0	0
SNX4	769	0	769
OSBPL11	452	0	452
LOC112267908	0	2	0
LOC105374312	0	0	0
LOC124909424	0	0	0
MIR548I1	0	0	0
LINC02614	6	0	6
LOC102723696	20	0	21
FAM86JP	74	0	93
ALG1L1P	1	20	0
ROPN1B	3	0	3
SLC41A3	540	0	587
LOC124909425	0	46	0
ALDH1L1-AS1	13	1	13
ALDH1L1	0	0	0
LOC105374083	0	0	0
ALDH1L1-AS2	0	0	0
LOC124909426	0	0	0
LOC107986124	2	0	4
KLF15	0	2	0
LOC105374088	0	0	0
LOC107986044	0	0	0
CFAP100-DT	0	0	0
CFAP100	0	0	0
LOC124906280	0	0	0
ZXDC	463	1	462
UROC1	0	0	0
CHST13	0	0	0
C3orf22	1	0	1
LOC105374090	3	7	0
TXNRD3	178	0	182
NUP210P1	0	0	0
CHCHD6	171	0	171
PLXNA1	1363	1	1362
PRR23E	0	0	0
LOC124906281	0	0	0
PRR20G	0	0	0
LINC02016	0	0	0
LOC105374094	0	0	0
LINC01471	0	0	0
LINC02034	0	0	0
TPRA1	1295	4	1291
MIR6825	0	0	0
MIR7976	0	0	0
MCM2	5184	7	5182
LOC107986126	0	5	0
PODXL2	4243	5	4238
ABTB1	388	0	388
MGLL	1656	1	1656
LOC107986127	33	0	33
LOC107986129	2	0	2
LOC105374096	0	0	1
LOC124909427	0	0	0
KBTBD12	0	0	0
LOC102723759	5	7	5
SEC61A1	5564	11	6458
RUVBL1	1822	906	1815
RUVBL1-AS1	1	1	0
EEFSEC	0	0	1
LOC124909428	0	0	0
LOC124909429	0	0	0
DNAJB8	0	0	0
DNAJB8-AS1	0	0	0
GATA2	2175	6	2170
GATA2-AS1	598	2	597
LOC90246	15	0	15
LINC01565	0	0	0
LOC124909430	0	0	0
RPN1	9642	2	9640
LOC124900558	0	0	0
RAB7A	4636	2	4634
MIR12124	0	0	0
IFT122P3	82	34	48
ACAD9-DT	35	11	24
ACAD9	1529	1	2116
CFAP92	21	608	1
EFCC1	0	0	0
GP9	0	0	0
LOC124906368	0	0	0
RAB43	13	0	13
ISY1-RAB43	0	0	0
ISY1	119	0	119
CNBP	8249	0	8249
LOC105374101	11	0	11
LOC105374102	2	0	2
COPG1	6450	3	6447
MIR6826	0	0	0
HMCES	1492	2	1490
H1-10	5103	90	5211
H1-10-AS1	63	192	69
RPL32P3	140	0	140
SNORA7B	3	0	3
EFCAB12	10	1	9
MBD4	1128	1	1127
IFT122	567	1	566
RHO	0	0	0
H1-8	0	0	0
PLXND1	4992	3	4989
LOC124909431	3	2	1
TMCC1	378	0	378
TMCC1-DT	85	0	85
TRH	0	0	0
ALG1L2	1	3	1
LINC02014	0	0	0
FAM86HP	37	0	40
LINC02021	0	0	0
LOC124909432	0	0	0
LOC107986131	0	0	0
LOC107986133	0	0	0
LOC124906285	0	0	0
LOC124906287	0	0	0
LOC124909433	0	0	0
COL6A4P2	0	0	0
LOC105374106	0	0	0
COL6A5	1	0	1
COL6A6	6	6	0
PIK3R4	987	2	985
LOC107986023	1	1	0
LOC105374107	0	0	0
LOC105374108	0	0	0
ATP2C1	2710	34	2875
ASTE1	97	182	114
NEK11	45	0	45
LOC124909434	1	0	1
NUDT16-DT	1	0	1
NUDT16L2P	0	0	0
NUDT16	238	0	238
LOC107986025	0	0	0
LOC105374110	0	0	0
MRPL3	2232	0	2463
SNORA58	3	0	3
LOC105374114	1	231	1
CPNE4	0	0	0
LOC105374113	0	0	0
MIR5704	0	0	0
LOC124906288	0	0	0
LOC105374111	0	0	0
TRC-GCA6-1	0	0	0
TRC-GCA9-1	0	0	0
ACP3	0	0	0
LOC124909435	0	0	0
DNAJC13	2333	0	2333
LOC124909436	1	0	1
NPHP3-ACAD11	0	0	0
ACAD11	0	3	10
ACKR4	2	0	2
UBA5	1151	37	1147
NPHP3	72	2	70
NPHP3-AS1	1	9	1
LOC105374115	0	0	0
TMEM108	0	0	0
TMEM108-AS1	0	0	0
LOC101927432	0	0	0
BFSP2	0	0	0
BFSP2-AS1	0	0	0
CDV3	3457	6	3451
LOC124909437	3	0	3
TOPBP1	1485	0	1512
LOC124909487	2	27	2
TF	4	0	4
SRPRB	1266	0	1323
LOC105374116	1	0	1
RAB6B	7	64	0
C3orf36	0	0	0
SLCO2A1	0	0	0
LINC02000	0	0	0
LOC105374117	6	0	6
RYK	671	12	659
LINC02004	0	0	0
LOC105374118	12	4	8
AMOTL2	1873	1	1872
MIR6827	0	0	0
MIR4788	0	0	0
ANAPC13	472	11	545
CEP63	335	73	346
KY	0	0	0
EPHB1	0	0	0
LOC105374121	0	0	0
LOC102724019	0	0	0
LOC105374122	0	0	0
LOC105374123	0	0	0
LOC105374124	0	0	0
PPP2R3A	222	10	212
MSL2	619	2	617
PCCB	1261	0	1261
STAG1	1082	31	1051
STAG1-DT	0	0	0
SLC35G2	129	14	116
NCK1-DT	123	0	126
NCK1	768	10	1412
IL20RB-AS1	12	1109	0
IL20RB	1562	0	2005
LOC105374126	0	0	0
SOX14	0	0	0
LINC01210	0	0	0
CLDN18	10	18	0
LOC105374127	26	0	32
LOC105374128	7	0	7
DZIP1L	203	2	203
A4GNT	0	0	0
DBR1	560	0	560
ARMC8	744	1	853
NME9	3	114	0
LOC124909438	0	0	0
MRAS	758	1	757
ESYT3	101	0	102
CEP70	451	0	451
FAIM	283	4	279
PIK3CB	743	2	741
LOC124906289	0	0	0
LINC01391	7	0	7
FOXL2	584	2	583
FOXL2NB	212	0	213
PRR23A	0	0	0
PRR23B	0	0	0
PRR23C	0	0	0
BPESC1	0	0	0
PISRT1	0	0	0
LOC124906290	2	0	2
LOC124909439	0	0	0
MRPS22	826	74	759
COPB2	4271	17	4261
COPB2-DT	27	0	29
RBP2	0	0	0
RBP1	1	0	1
NMNAT3	0	2	0
CLSTN2	0	0	0
LOC124909440	0	0	0
LOC124900599	0	0	0
LOC105374132	0	0	0
CLSTN2-AS1	0	0	0
LOC102724068	0	0	0
TRIM42	0	0	0
SLC25A36	1833	5	1828
SPSB4	1	1	0
PXYLP1	181	0	181
LOC124909441	5	0	5
ZBTB38	915	2	931
LOC124906291	0	18	0
RASA2	384	0	384
RASA2-IT1	0	0	0
LRRC78P	0	0	0
RNF7	789	4	785
GRK7	10	0	10
LOC105374134	0	0	0
ATP1B3	4481	4	4477
LOC124909442	2	0	2
TFDP2	883	0	883
GK5	568	0	568
XRN1	662	0	662
ATR	1192	1	1191
PLS1-AS1	0	2	0
PLS1	83	0	85
TRPC1	12	3	9
PCOLCE2	1350	0	1352
LOC124909443	4	5	1
HLMR1	0	0	0
PAQR9	0	0	0
PAQR9-AS1	0	15	0
LOC100289361	6	1	20
U2SURP	4206	0	4206
LOC105374138	0	0	0
CHST2	0	0	0
LOC105374137	0	0	0
SLC9A9	0	0	0
SLC9A9-AS1	0	0	0
LOC124906294	0	0	0
LOC102724120	0	0	0
DIPK2A	427	3	424
LOC105374140	2	0	2
LOC124909444	0	0	0
LOC105374141	0	0	0
LOC105374142	0	0	0
LOC105374143	0	0	0
LOC105374144	0	0	0
LOC107986138	0	0	0
LNCSRLR	6	0	6
PLOD2	7336	0	7336
LOC105374145	0	0	0
PLSCR4	165	0	165
PLSCR2	0	0	0
PLSCR1	1401	0	1401
PLSCR5	0	0	0
PLSCR5-AS1	0	0	0
LINC02010	0	0	0
LOC112268449	0	0	0
LOC124909494	0	0	0
ZIC4	0	0	0
ZIC4-AS1	0	0	0
ZIC1	0	0	0
LOC440982	0	0	0
LOC124909495	0	0	0
LOC102724145	0	0	0
LOC124909496	0	0	0
LOC124906206	0	0	0
LINC02032	0	0	0
LINC02045	0	0	0
LINC02046	0	0	0
LOC105374148	0	0	0
LOC105374147	0	0	0
LOC105374150	0	0	0
AGTR1	0	0	0
CPB1	0	0	0
CPA3	0	0	0
LOC107986045	0	0	0
GYG1	701	912	705
HLTF	877	4	1840
HLTF-AS1	0	51	0
HPS3	1326	75	1973
CP	305	653	374
LOC101927942	0	0	0
TM4SF18-AS1	0	0	0
TM4SF18	0	0	0
TM4SF1	16727	0	16731
TM4SF1-AS1	18	12	10
LOC105374151	2	2	0
TM4SF4	8	0	8
WWTR1	1168	24	1148
WWTR1-IT1	0	0	0
WWTR1-AS1	26	0	30
COMMD2	623	1	622
ANKUB1	0	0	0
RNF13	802	0	802
PFN2	5	0	5
LOC646903	3	0	3
LOC124909445	1	1	0
LOC105374153	0	0	0
LINC01998	0	0	0
LOC105374313	0	0	0
LINC01213	1	0	1
LINC01214	0	4	0
LOC105374154	0	0	0
LOC107986141	5	1	8
LOC107986142	0	0	0
TSC22D2	554	6	548
SERP1	2418	1	2417
EIF2A	2246	8	2594
LOC124900547	58	387	27
SELENOT	1095	0	1095
ERICH6	1	0	1
ERICH6-AS1	0	0	0
LOC101928105	0	0	0
SIAH2	777	6	771
SIAH2-AS1	4	2	2
LOC124909447	0	0	0
MINDY4B	5	5	0
LOC124909446	0	0	0
CLRN1	0	0	0
CLRN1-AS1	0	0	0
LOC124909448	0	0	0
MED12L	15	1	15
GPR171	0	0	0
P2RY14	0	0	0
GPR87	24	0	24
P2RY13	0	0	0
P2RY12	0	0	0
IGSF10	15	1	15
LINC02066	0	0	0
MIR5186	0	0	0
LOC105374157	0	0	0
AADACL2	0	0	0
AADACL2-AS1	0	0	0
AADACP1	0	0	0
AADAC	0	0	0
SUCNR1	4	0	4
LOC105374159	0	0	0
LOC107986047	0	0	0
LINC02917	0	0	0
LOC101928166	0	0	0
MBNL1	1039	10	1067
MBNL1-AS1	84	28	94
TMEM14EP	0	0	0
LOC105374163	0	0	0
LOC102724289	0	0	0
LOC124909449	0	0	0
P2RY1	0	0	0
LOC124909450	0	0	0
LOC124909451	0	0	0
RAP2B	572	0	572
LOC105374164	1	0	1
LINC03109	1	2	1
LINC02006	0	0	2
LINC02083	0	0	0
LINC02877	0	0	0
LOC124900552	0	0	0
ARHGEF26-AS1	0	0	0
ARHGEF26	0	0	0
LOC105374167	0	0	0
DHX36	839	1	838
LOC124906350	0	0	0
GPR149	0	0	0
LOC105374170	0	0	0
LOC105374171	0	0	0
MME	859	1	858
LINC01487	0	0	0
STRIT1	0	0	0
LOC105374172	0	0	0
PLCH1-AS1	0	0	0
PLCH1	2	0	2
PLCH1-AS2	0	0	0
LOC124906297	0	0	0
C3orf33	69	0	69
SLC33A1	525	0	525
LOC105374174	2	0	2
GMPS	3005	2	3003
KCNAB1	21	21	0
KCNAB1-AS2	0	0	0
KCNAB1-AS1	0	0	0
LOC124906298	0	0	0
SSR3	3125	0	3125
TIPARP-AS1	7	54	8
TIPARP	1054	1	1108
LINC00886	75	5	70
PA2G4P4	20	0	20
LEKR1	16	1	15
LINC00880	0	3	2
LINC02029	1	3	3
LINC00881	0	0	0
CCNL1	2037	14	2024
LOC101928236	26	13	26
LOC105374179	4	0	4
VEPH1	63	0	75
PTX3	0	0	0
SLC66A1LP	0	0	0
SHOX2	29	9	29
RSRC1	428	10	440
UC.134	0	0	0
MLF1-DT	0	13	0
MLF1	1	1	0
GFM1	1372	23	1361
LXN	2807	8	2811
RARRES1	0	0	0
LOC100287290	17	0	17
MFSD1	1344	0	1344
LOC105374181	4	0	4
LOC124909452	0	0	0
IQCJ-SCHIP1	0	0	0
IQCJ	0	0	0
SCHIP1	5	0	5
MIR3919	0	0	0
IQCJ-SCHIP1-AS1	0	0	0
LOC101928351	0	0	0
LOC124906299	0	0	0
IL12A-AS1	0	0	0
IL12A	0	0	0
LINC01100	0	0	0
LOC124906252	0	0	0
C3orf80	0	0	0
TRIM59-IFT80	2	0	2
IFT80	0	0	0
SMC4	2752	3	2749
MIR15B	0	0	0
MIR16-2	0	0	0
TRIM59	13	13	0
KPNA4	1214	1	1213
SCARNA7	0	0	0
ARL14	17	0	17
LOC124900554	0	0	0
PPM1L-DT	2	0	2
PPM1L	532	0	532
B3GALNT1	0	0	0
LOC124909453	0	0	0
LOC124906300	0	0	0
LOC105374186	0	0	0
NMD3	1874	1	1873
LOC105374187	23	0	23
LOC112268450	15	0	15
SPTSSB	0	0	0
LOC107986150	0	0	0
LINC02067	96	95	1
OTOL1	0	0	0
LOC107986048	0	0	0
LOC107986049	5	0	5
LINC01192	0	0	0
LOC124906371	0	0	0
LOC105374188	0	0	0
LOC102724419	0	0	0
MIR1263	0	0	0
LOC105374189	0	0	0
LOC105374190	0	0	0
LOC105374191	0	0	0
LOC107986151	0	0	0
LINC01323	0	0	0
LINC01324	0	0	0
LOC107986050	0	0	0
SI	0	0	0
LOC105374192	0	0	0
LINC02023	0	0	0
SLITRK3	0	0	0
LINC01322	0	0	0
BCHE	4	0	4
LOC124909497	0	0	0
LOC124909498	0	0	0
LOC105374194	0	0	0
LOC105374193	0	0	0
LOC105374196	0	0	0
ZBBX	0	0	0
LINC01327	0	0	0
SERPINI2	0	0	0
LOC105374197	0	0	0
WDR49	0	0	0
PDCD10	1261	0	1261
SERPINI1	339	0	339
LRRC77P	0	0	0
GOLIM4	831	0	831
EGFEM1P	0	0	0
MIR551B	0	0	0
LOC105374200	0	0	0
LINC02082	0	0	0
LINC01997	0	0	0
LOC107986051	0	0	0
MECOM	211	5	206
LOC124909454	0	0	0
LOC105374206	0	0	0
MECOM-AS1	0	0	0
LOC124906301	0	0	0
TERC	2	0	2
ACTRT3	74	6	68
TRV-AAC1-1	0	0	0
MYNN	328	0	328
LRRC34	16	16	0
LRRIQ4	0	0	0
LRRC31	0	0	0
SAMD7	0	0	0
FHL1P1	0	0	0
SEC62	1543	0	1543
GPR160	29	3	28
LOC124909455	1	1	0
LOC124909456	2	0	3
PHC3	636	1	678
LOC105374209	0	43	0
PRKCI	1079	2	1077
SKIL	628	0	628
CLDN11	5	0	5
MIR6828	0	0	0
SLC7A14	0	0	0
SLC7A14-AS1	0	0	0
LOC124906302	0	0	0
LOC105374211	0	0	0
RPL22L1	1628	0	1628
EIF5A2	59	0	59
SLC2A2	0	0	0
TNIK	39	0	41
LOC105374216	1	2	1
MIR569	0	0	0
LOC124906303	3	0	3
LOC102724479	1	0	1
PLD1	728	0	728
LOC124906352	0	0	0
TMEM212	0	0	0
TMEM212-AS1	0	0	0
LOC105374218	0	0	0
LOC105374217	0	0	0
FNDC3B	2052	2	2050
LOC124906304	7	0	7
GHSR	0	0	0
TNFSF10	137	0	137
LINC02068	0	0	0
NCEH1	481	0	481
LOC124909457	0	0	0
ECT2	2637	0	2637
LOC124900555	0	0	0
LOC107986052	0	0	0
SPATA16	0	0	0
LOC105374221	0	0	0
LOC124906369	0	0	0
LOC105374220	0	0	0
LOC105374224	0	0	0
LOC124909458	0	0	0
NLGN1	0	0	0
LOC105374225	0	0	0
NLGN1-AS1	0	0	0
LOC105374226	2	0	2
NAALADL2	11	0	11
LOC107986027	0	0	0
LOC124906305	0	0	0
NAALADL2-AS3	0	0	0
NAALADL2-AS2	0	0	0
MIR4789	0	0	0
LOC124906366	0	0	0
NAALADL2-AS1	0	0	0
LOC124909459	0	0	0
LOC124909460	0	0	0
MIR7977	0	0	0
LOC105374230	0	0	0
LINC01208	0	0	0
LINC01209	0	0	0
TBL1XR1	1792	0	1886
TBL1XR1-AS1	0	94	0
LOC107986053	0	0	0
LINC00501	0	0	0
LINC00578	4	0	4
LOC124906306	0	0	0
LOC124900562	0	0	0
LINC02015	2	0	2
LOC107986154	0	0	0
LOC105374234	0	0	0
LOC105374235	0	0	0
LINC01014	0	0	0
KCNMB2-AS1	7	0	7
KCNMB2	6	6	0
LOC124909461	4	0	4
LOC124906307	31	0	31
ZMAT3	679	0	679
PIK3CA-DT	0	0	0
PIK3CA	459	0	467
LOC124900560	0	0	0
KCNMB3	4	8	4
ZNF639	724	5	719
MFN1	975	10	965
GNB4	1609	8	1601
ACTL6A	1483	6	1874
LOC124909462	5	369	1
MRPL47	863	30	865
NDUFB5	1369	0	1370
LOC124906348	1	2	0
USP13	527	0	527
LOC124909464	4	0	4
PEX5L	13	17	0
PEX5L-AS2	0	0	0
LOC124909463	0	0	0
LOC124909465	0	0	0
LINC02053	0	0	0
TTC14-DT	0	0	0
LOC124900551	0	0	0
TTC14	490	0	490
CCDC39	62	62	0
CCDC39-AS1	0	0	0
LOC101928882	0	0	0
LOC105374240	0	0	0
LOC124909466	0	0	0
FXR1	4153	27	4128
DNAJC19	375	11	366
SOX2-OT	0	0	0
LOC102724604	0	0	0
SOX2	0	0	0
LINC01206	0	0	0
LOC105374242	0	0	0
LOC105374243	0	0	0
LINC01994	0	0	0
LINC01995	0	0	0
LINC02031	0	0	0
LOC107986054	0	0	0
ATP11B-DT	0	0	0
ATP11B	536	3	533
DCUN1D1	794	2	793
LOC105374246	3	0	4
MCCC1	604	2	602
LOC124906309	8	0	8
LOC105374247	0	0	0
LAMP3	0	0	0
MCF2L2	27	214	19
LOC124906310	0	0	0
B3GNT5	413	4	615
LOC107986160	16	0	16
SNHG33	61	0	61
SNORA63D	0	0	0
LOC124900564	0	0	0
SNORA63E	0	0	0
KLHL6	0	0	0
KLHL6-AS1	0	0	0
LOC105374248	0	0	0
LOC107986162	4	16	3
KLHL24	422	2	435
YEATS2	1368	2	1490
YEATS2-AS1	12	135	1
MAP6D1	40	1	39
PARL	878	0	878
MIR4448	0	0	0
ABCC5	1554	1	1553
ABCC5-AS1	0	0	0
LOC124909468	0	0	0
HTR3D	3	0	3
HTR3C	2	0	2
HTR3E-AS1	0	1	0
HTR3E	11	0	12
EIF2B5-DT	19	32	10
EIF2B5	1131	5	1149
DVL3	1975	2	1973
AP2M1	7729	0	7729
ABCF3	2043	0	2043
VWA5B2	14	17	0
MIR1224	0	0	0
ALG3	3806	4	3805
EEF1AKMT4-ECE2	0	0	0
EEF1AKMT4	73	0	73
CAMK2N2	402	7	395
ECE2	0	0	0
PSMD2	6749	2	6747
EIF4G1	14407	2	14405
SNORD66	0	0	0
FAM131A	250	0	252
CLCN2	244	4	245
LOC124906311	0	0	0
POLR2H	1415	10	1408
THPO	86	0	86
CHRD	275	0	275
LINC02054	0	0	0
LINC01839	0	0	0
LINC01840	0	0	0
LOC124909469	0	0	0
EPHB3	1	0	1
MAGEF1	850	0	850
LOC107986163	7	0	7
LINC02069	0	0	0
LOC105374253	0	0	0
VPS8	845	0	845
C3orf70	0	0	0
EHHADH-AS1	0	0	0
EHHADH	5	0	5
MIR5588	0	0	0
LOC124900548	10	0	10
MAP3K13	216	40	183
LOC124906361	0	0	0
LOC124906312	2	0	2
LOC101929018	14	2	17
TMEM41A	507	0	508
TMEM41A-DT	6	0	6
LIPH	76	1	75
SENP2	1196	0	1196
IGF2BP2	337	0	337
IGF2BP2-AS1	0	0	0
LOC124906313	0	0	0
MIR548AQ	0	0	0
TRA2B	3254	0	3254
NMRAL2P	22	0	22
ETV5	620	0	620
LOC124909470	3	0	3
ETV5-AS1	0	0	0
LOC105374257	0	0	0
DGKG	0	0	0
LINC02020	3	0	3
LINC02052	0	0	0
LINC02051	0	0	0
CRYGS	35	0	35
TBCCD1	197	2	195
DNAJB11	2536	1	2535
AHSG	0	0	0
FETUB	0	0	0
HRG-AS1	0	0	0
HRG	0	0	0
KNG1	0	0	0
EIF4A2	5653	2	5652
SNORD2	5	0	5
SNORA63B	0	0	0
MIR1248	0	0	0
SNORA81	4	0	4
SNORA63	4	0	4
SNORA4	4	0	4
RFC4	1418	1	1418
LINC02043	41	0	41
ADIPOQ	0	0	0
ADIPOQ-AS1	0	0	0
ST6GAL1	399	8	397
LOC124906314	4	0	4
RPL39L	272	2	276
LOC101929106	0	1	0
RTP1	0	0	1
MASP1	0	0	0
LOC105374260	0	0	0
LOC101929130	0	0	0
RTP4	0	0	0
LOC124905594	0	0	0
LINC02041	0	0	0
LOC124909471	0	0	0
LOC105374262	0	0	0
SST	1	0	1
RTP2	1	0	1
LOC100131635	3	3	0
BCL6	2282	0	2341
BCL6-AS1	4	63	0
LOC105374263	0	0	0
LOC105374264	0	0	0
LOC124906315	0	0	0
LOC105374265	0	0	0
LINC01991	0	0	0
LOC107986166	0	0	0
LPP-AS2	18	6	35
LPP	1267	17	1273
FLJ42393	2	0	2
LPP-AS1	0	0	0
LOC124906316	1	1	0
MIR28	0	0	0
TPRG1-AS1	5	0	5
TPRG1	4	0	4
LOC107986167	0	0	0
TPRG1-AS2	0	0	0
LOC105374270	0	0	0
TP63	6	0	6
MIR944	0	0	0
P3H2	2052	0	2053
P3H2-AS1	8	1	8
CLDN16	0	0	0
CLDN1	3	0	3
TMEM207	0	0	0
IL1RAP	1370	1	1369
LINC02013	0	0	0
GMNC	0	0	0
SNAR-I	0	0	0
LOC107986171	0	0	0
OSTN	0	0	0
OSTN-AS1	0	0	0
UTS2B	6	2	4
CCDC50	1304	0	1304
PYDC2-AS1	0	0	0
PYDC2	0	0	0
LOC124909472	0	0	0
LOC105374275	0	0	0
LOC124909473	0	0	0
LOC105374276	0	0	0
LOC105374277	0	0	0
LOC124906318	0	0	0
FGF12	0	0	0
LOC124906320	0	0	0
FGF12-AS1	0	0	0
FGF12-AS2	0	0	0
FGF12-AS3	0	0	0
LOC124906347	0	0	0
LOC124906319	0	0	0
LOC107986056	0	0	0
MB21D2	330	0	330
LOC105374280	0	0	0
PLAAT1	0	0	0
MGC2889	0	0	0
ATP13A5	0	0	0
ATP13A5-AS1	0	0	0
ATP13A4	1	0	1
ATP13A4-AS1	0	0	0
OPA1	1332	3	1389
OPA1-AS1	2	62	0
LOC102724808	1	1	0
LOC105374282	0	0	0
LOC105374283	0	0	0
LOC105374284	0	0	0
LINC02038	0	0	0
LOC105374286	0	0	0
LOC105374287	6	0	6
LINC02026	5	0	5
DPPA2P3	0	0	0
LINC02028	2	0	2
LOC102724877	4	0	4
HES1	510	0	510
LOC107986172	0	0	0
LINC02036	4	0	4
LINC02037	0	0	0
LINC02048	14	6	8
LINC00887	202	0	202
CPN2	4	4	0
LRRC15	7	0	7
GP5	0	0	0
ATP13A3	1887	5	1886
ATP13A3-DT	0	0	4
TMEM44-AS1	213	39	197
TMEM44	226	35	300
LOC105374291	6	59	7
TMEM44-AS2	6	208	7
LSG1	881	1	1066
LOC124909474	0	51	0
FAM43A	103	0	154
LOC105374292	0	0	0
LINC01968	0	0	0
LINC01972	0	0	0
LOC107986173	1	1	0
LOC105374294	0	0	0
LOC105374295	0	0	0
XXYLT1	802	2	801
XXYLT1-AS1	0	0	0
LOC124909476	2	1	1
MIR3137	0	0	0
XXYLT1-AS2	0	0	0
LOC105374296	0	0	0
LOC124909475	7	7	1
ACAP2	790	0	790
PPP1R2	1337	1	1336
APOD	1	1	0
LOC105374297	0	0	0
SDHAP2	0	0	0
MIR570HG	0	0	0
LOC124909477	1	0	1
MIR570	0	0	0
MUC20	0	0	0
MUC4	0	0	0
LOC124905352	0	0	0
LINC01983	0	0	0
LOC107984010	4	0	4
TNK2	893	0	933
MIR6829	0	0	0
TNK2-AS1	9	46	4
LOC124906253	153	1	154
LOC124906254	9	10	0
SDHAP1	308	0	308
LOC124909478	0	0	0
TFRC	10297	1	10296
LINC00885	0	0	0
ZDHHC19	0	0	0
LOC124909479	0	1	0
LOC105374304	13	0	14
SLC51A	10	10	0
PCYT1A	819	0	819
DYNLT2B	18	0	18
TM4SF19-DYNLT2B	0	0	0
LOC107986031	5	0	5
TM4SF19-AS1	5	48	2
TM4SF19	0	0	2
UBXN7	1040	1	1047
UBXN7-AS1	4	8	4
RNF168	470	2	468
LOC105374306	8	0	8
LOC105374307	0	0	0
SMCO1	1	1	0
WDR53	302	1	303
FBXO45	598	2	598
LINC01063	4	0	4
NRROS	0	0	0
CEP19	66	0	66
PIGX	402	0	402
PAK2	1793	5	1788
SENP5	750	1	750
NCBP2	1456	14	1620
NCBP2-AS1	7	176	6
NCBP2AS2	589	3	586
PIGZ	28	1	27
LOC124906255	24	0	24
MELTF	547	28	672
MELTF-AS1	9	130	32
DLG1	962	0	970
MIR4797	0	0	0
DLG1-AS1	6	8	6
LOC101926923	0	0	0
LOC105374308	0	0	0
LOC105374309	0	0	0
LINC02012	0	0	0
BDH1	0	0	0
SDHAP4	286	0	286
LOC112268458	25	0	25
LOC124909481	17	1	16
LOC124906331	1	0	1
RUBCN	327	0	330
MIR922	0	0	0
FYTTD1	1030	4	1029
LRCH3	567	1	645
LOC124909482	0	33	0
LOC105374310	4	47	0
DRC9	147	5	151
LOC124906330	24	27	1
RPL35A	3704	1	3705
LMLN	173	0	196
LMLN-AS1	0	23	0
ANKRD18DP	0	0	0
FAM157A	0	0	0
LOC124905354	0	0	0
LOC105379426	5	0	16
LOC101928669	50	37	25
LOC124905316	7	0	8
ZNF595	8	0	8
LOC124900641	0	0	0
ZNF718	0	0	0
ZNF876P	0	0	0
LOC124900642	0	0	0
ZNF732	0	0	0
LOC105374336	0	0	0
ZNF141	0	0	0
MIR571	0	0	0
ABCA11P	26	0	26
ZNF721	170	0	170
PIGG	899	0	899
TMEM271	0	0	0
LOC105374338	0	0	0
LOC124900162	0	0	0
PDE6B	0	0	0
PDE6B-AS1	0	0	0
ATP5ME	244	4	252
MYL5	298	252	105
SLC49A3	116	28	172
LOC124900643	1	27	12
PCGF3	489	52	559
LOC124900172	1	0	1
PCGF3-AS2	0	0	0
LOC107986246	3	0	3
LOC124900644	0	0	0
LOC124900163	25	17	8
PCGF3-AS1	42	13	29
CPLX1	110	0	110
LOC105374339	4	3	1
LOC105374340	1	0	1
GAK	1939	1	1938
LOC105374341	0	0	0
TMEM175	305	0	305
DGKQ	302	2	317
LOC124900645	0	17	0
SLC26A1	53	79	19
IDUA	136	4	172
LOC124900646	1	0	4
FGFRL1	1523	5	1518
LOC105374343	0	0	0
RNF212	435	3	444
LOC124900647	40	4	76
LOC105374344	0	0	0
TMED11P	4	4	0
LOC124900184	0	0	0
LOC124900837	1	0	1
SPON2	16	5	11
LOC100130872	0	36	3
LOC124900164	0	1	0
CTBP1-AS	21	981	0
CTBP1	899	85	1840
CTBP1-DT	184	0	250
LOC105374347	1	0	1
LOC105374346	2	0	2
MAEA	1203	1	1202
UVSSA	197	14	183
NKX1-1	0	0	0
LOC105374348	0	0	0
FAM53A	17	0	17
LOC105374349	0	0	0
SLBP	1319	1	1318
TMEM129	337	10	434
TACC3	1639	100	2088
LOC112268460	2	441	3
LOC124900648	3	1	2
FGFR3	604	5	599
LETM1	1351	0	1351
NSD2	1638	0	1638
SCARNA22	3	0	3
NELFA	553	2	551
MIR943	2	0	2
LOC124900839	3	2	3
NICOL1	340	0	342
NAT8L	683	2	681
POLN	91	0	91
HAUS3	205	0	205
MXD4	1050	1	1049
MIR4800	0	0	0
ZFYVE28	204	0	223
LOC124900649	1	24	0
LOC105374352	4	0	5
LOC107986249	2	0	2
CFAP99	9	9	0
LOC105374353	4	4	0
LOC107986250	33	0	33
RNF4	1970	0	1970
FAM193A	600	3	597
TNIP2	676	2	674
LOC102723763	0	0	0
SH3BP2	1153	0	1153
ADD1	1538	1	1537
SLC75A1	1215	2	1213
NOP14-AS1	83	307	97
NOP14	907	35	1198
GRK4	28	2	31
HTT-AS	0	0	0
HTT	1777	0	1777
MSANTD1	8	0	8
RGS12	131	1	130
HGFAC	3	0	3
DOK7	0	0	0
LOC105374355	1	0	1
LRPAP1	2568	0	2568
LOC124900650	0	0	0
LINC00955	0	0	0
LOC112268461	0	0	0
LOC105374357	1	0	1
LINC02171	0	0	0
ADRA2C	0	0	0
LOC124900651	2	0	2
LOC124900652	0	0	0
FAM86EP	123	0	123
LOC105374358	0	0	0
LOC105374359	0	0	0
LOC101928217	0	0	0
LOC107986252	0	0	0
OTOP1	0	0	0
TMEM128	179	0	179
LYAR	426	0	426
ZBTB49	41	0	41
LOC112268462	0	0	0
NSG1	1	4	0
STX18	528	5	532
STX18-IT1	0	0	0
LOC107986254	1	0	1
LOC124900165	8	0	8
STX18-AS1	7	0	7
LINC03091	0	0	0
SNORD162	0	0	0
LOC101928279	4	0	4
LINC01396	0	0	0
MSX1	394	1	393
LOC101928306	0	0	0
LOC107986218	0	0	0
CYTL1	0	0	0
STK32B	0	0	0
LOC107986256	0	0	0
LINC01587	1	0	1
EVC2	0	0	0
LOC124900166	0	0	0
EVC	377	0	493
CRMP1	0	116	0
C4orf50	0	0	0
MIR378D1	0	0	0
JAKMIP1	0	0	0
LOC128125818	0	0	0
JAKMIP1-DT	0	0	0
WFS1	738	0	738
PPP2R2C	0	0	0
LOC105374365	0	0	0
MAN2B2	762	2	760
LOC124900653	3	0	3
MRFAP1	6428	3	6425
LINC02482	7	3	4
MRFAP1L2	231	0	231
LINC02481	18	0	18
S100P	1581	1	1580
MRFAP1L1	872	0	872
LOC105378240	0	0	0
BLOC1S4	628	0	628
LOC105374367	5	0	5
KIAA0232	537	1	536
TBC1D14	204	0	662
LOC100129931	1	459	0
CFAP184	22	0	22
TADA2B	373	12	361
GRPEL1	953	1	952
LOC105374368	5	5	0
LOC105374370	0	0	0
LINC02447	2	0	2
SORCS2	848	18	830
LOC105374371	0	0	0
MIR4798	0	0	0
PSAPL1	1	0	1
MIR4274	0	0	0
LOC124900655	0	0	0
LOC124900654	1	0	1
AFAP1-AS1	15	689	0
AFAP1	5142	3	5906
LOC124900656	0	0	0
LOC389199	0	93	0
ABLIM2	290	6	286
LOC124900657	138	0	140
MIR95	0	0	0
SH3TC1	531	0	531
LOC105374373	0	0	0
HTRA3	0	0	0
LINC02517	0	0	0
LOC124900658	0	0	0
ACOX3	185	0	185
TRMT44	271	0	271
GPR78	0	0	0
CPZ	1	0	2
LOC124900659	0	1	0
LOC101928532	0	0	0
HMX1	0	0	0
LOC105369250	0	0	0
LOC124900663	0	0	0
FAM90A26	0	0	0
LOC124900661	0	0	0
USP17L10	0	0	0
USP17L11	0	0	0
USP17L12	0	0	0
USP17L13	0	0	0
USP17L15	0	0	0
USP17L17	0	0	0
USP17L18	0	0	0
USP17L19	0	0	0
USP17L20	0	0	0
USP17L21	0	0	0
USP17L22	0	0	0
USP17L24	0	0	0
USP17L25	0	0	0
USP17L26	0	0	0
USP17L5	0	0	0
USP17L27	0	0	0
USP17L28	0	0	0
USP17L29	0	0	0
USP17L9P	0	0	0
USP17L30	0	0	0
USP17L6P	0	0	0
DEFB131A	0	0	0
LOC124900662	0	0	0
MIR548I2	0	0	0
LOC124900660	0	0	0
SLC2A9	0	0	0
DRD5	0	0	0
SLC2A9-AS1	0	0	0
LOC124900664	0	0	0
LOC124900665	3	3	0
WDR1	2677	0	2677
MIR3138	0	0	0
LOC124900666	1	0	1
LOC124900667	0	0	0
LOC107986260	0	0	0
ZNF518B	0	0	0
CLNK	0	0	0
LOC105374482	0	0	0
LOC105374481	0	0	0
LOC105374480	0	0	0
LINC02498	0	0	0
LOC105374479	0	0	0
LOC105374488	0	0	0
MIR572	0	0	0
HS3ST1	0	0	0
LOC107986178	0	0	0
LINC02360	0	0	0
MIR12113	0	0	0
LOC105374489	0	0	0
LOC107986179	0	0	0
LINC02270	0	0	0
LOC105374492	0	0	0
LOC105374490	0	0	0
LOC107986181	0	0	0
LOC105374493	2	0	2
LOC124900668	2	0	2
RAB28	189	0	189
LOC105374495	0	0	0
LOC124900669	0	0	0
LINC01097	0	0	0
NKX3-2	0	0	0
LINC01096	0	0	0
BOD1L1	1339	1	1338
MIR5091	2	0	2
LINC01182	1	0	1
LOC101929048	0	0	0
LOC107986182	7	0	7
LINC01085	7	0	7
LOC124900670	0	0	0
LINC00504	3	0	3
LOC105374496	0	0	0
CPEB2-DT	0	0	0
LOC105374498	0	0	0
CPEB2	181	0	181
C1QTNF7-AS1	0	0	0
LOC124900673	0	0	0
C1QTNF7	0	0	0
LOC107986185	0	0	0
CC2D2A	198	3	196
LOC124900672	0	1	0
LOC124900671	0	0	0
FBXL5	845	0	845
FAM200B	231	0	231
BST1	3	0	3
LOC107986186	0	0	0
CD38	2	0	2
FGFBP1	23	0	23
FGFBP2	0	0	0
PROM1	1	0	1
LOC124900884	0	0	0
LOC107986261	0	0	0
LOC105374502	0	0	0
TAPT1	172	0	172
LOC107986187	0	0	0
TAPT1-AS1	6	1	5
LOC124900674	0	0	0
LOC105374505	0	0	0
LOC124900675	0	0	0
LDB2	0	0	0
LOC124900604	0	0	0
LOC107986188	0	0	0
LOC105374507	0	0	0
LINC02493	0	0	0
LOC107986219	0	0	0
SNORA75B	0	0	0
LOC124900676	0	0	0
QDPR	232	0	232
CLRN2	0	0	0
LOC124900895	0	0	0
LAP3	1647	0	1647
MED28-DT	0	0	0
MED28	660	0	804
FAM184B	6	150	0
DCAF16	450	0	450
NCAPG	1237	57	1504
LCORL	228	304	248
LOC107986220	0	0	0
LOC107986262	0	0	0
LOC105374510	0	0	0
LOC107986263	0	0	0
LINC02438	6	0	6
LOC105374511	9	0	9
LOC105374513	0	0	0
LOC105374514	0	0	0
SLIT2	0	0	0
SLIT2-IT1	0	0	0
MIR218-1	0	0	0
LOC105374515	0	0	0
PACRGL	110	0	139
KCNIP4	4	33	0
MIR7978	0	0	0
LOC124900677	0	0	0
LOC105374516	0	0	0
KCNIP4-IT1	0	0	0
LOC100505912	4	0	4
LOC124900906	0	0	0
LOC124900841	13	0	13
ADGRA3	552	2	550
MIR12115	0	0	0
GBA3	0	0	0
LOC105374521	0	0	0
LOC105374524	0	0	0
LOC105374523	0	0	0
LOC105374528	0	0	0
LOC124900680	0	0	0
PPARGC1A-AS1	0	0	0
PPARGC1A	449	0	449
LOC124900679	1	1	0
LOC124900678	1	1	0
LOC124900681	2	0	2
MIR573	6	0	6
DHX15	2881	0	2881
LOC124900682	0	0	0
LINC02473	5	0	5
LOC124900683	0	0	0
SOD3	1	0	1
CCDC149	0	0	0
LOC102723675	0	0	0
LGI2	0	0	0
LOC124900684	0	0	0
LOC105374534	2	0	2
SEPSECS	180	0	180
SEPSECS-DT	2	0	4
LOC105374535	10	10	2
PI4K2B	338	0	338
LOC124900685	1	0	1
ZCCHC4	205	0	205
LOC124900686	0	0	0
ANAPC4	412	0	412
LOC105374536	2	0	2
LOC101929161	0	0	0
LOC124900687	0	0	0
SLC34A2	0	0	0
SEL1L3	1346	0	1346
LOC102723733	0	1	5
LOC124900688	1	1	0
LOC105374538	0	5	1
SMIM20	186	0	186
LOC124900689	0	0	0
LINC02357	0	0	0
RBPJ	784	9	775
LOC105374541	0	0	0
LOC105374545	0	0	0
LOC124900690	0	0	0
LOC105374542	0	0	0
CCKAR	0	0	0
TBC1D19	91	0	91
LOC124900179	0	0	0
STIM2-AS1	0	0	0
STIM2	395	0	395
LINC02261	0	0	0
LOC124900842	0	0	0
LOC105374547	0	0	0
LOC105374548	0	0	0
LOC105374549	0	0	0
LOC105374550	0	0	0
LOC105374552	0	0	0
LOC105374553	0	0	0
LOC105374557	0	0	0
LOC107986269	0	0	0
LOC124900843	0	0	0
LOC107986268	0	0	0
LOC105374556	0	0	0
LOC105374558	0	0	0
LOC105374559	0	0	0
MIR4275	0	0	0
LINC02364	0	0	0
LINC02472	0	0	0
LOC124900885	0	0	0
LOC107986221	0	0	0
LOC105374562	0	0	0
LOC124900844	15	4	11
PCDH7	2635	0	2635
LINC02497	0	0	0
LOC105374564	0	0	0
LINC02501	0	0	0
LOC105374566	0	0	0
LOC107986222	0	0	0
LINC02506	0	0	0
LOC105377651	0	0	0
LOC124900845	0	0	0
LOC102723846	0	0	0
LINC02353	0	0	0
LOC107986223	0	0	0
LOC124900831	0	0	0
LOC124900832	0	0	0
LOC105374391	0	0	0
LOC105374392	0	0	0
LOC101928622	0	0	0
LINC02484	0	0	0
LOC107986270	0	0	0
LOC107986271	0	0	0
LOC105378262	0	0	0
LOC107986272	0	0	0
LOC124900893	0	0	0
LOC124900846	1	0	1
LOC105374396	0	0	0
LOC105374397	0	0	0
LOC124900847	0	0	0
ARAP2	147	1	147
LOC439933	0	1	0
DTHD1	0	0	0
LOC105374399	0	0	0
MIR1255B1	0	0	0
LINC02505	0	0	0
LINC02616	38	0	38
LOC101928721	1	0	1
LOC105374402	1	1	0
MIR4801	0	0	0
NWD2	0	0	0
PGCKA1	0	2	0
LOC124900691	0	0	0
RELL1	57	0	59
LOC105374404	0	0	0
LOC105374406	0	0	0
PGM2	477	0	477
TBC1D1	390	4	386
PTTG2	0	0	0
LOC124900692	0	0	0
LOC124900693	17	0	17
LOC105374408	5	0	5
LOC124900694	0	0	0
LOC105374409	0	0	0
LINC02513	0	0	0
LINC01258	0	0	0
LINC01259	0	0	0
LINC02278	0	0	0
KLF3-AS1	9	59	9
KLF3	880	4	935
LOC105374413	0	0	0
TLR10	0	0	0
TLR1	31	0	31
LOC124900695	4	0	4
TLR6	189	6	189
FAM114A1	767	0	770
MIR574	0	0	0
TMEM156	187	0	187
KLHL5	1153	1	1152
LOC105374418	0	0	0
WDR19	532	1	531
RFC1	1407	0	1407
KLB	12	12	0
MIR5591	0	0	0
RPL9	9474	0	9476
LIAS	178	3	177
WDR5CP	0	0	0
UGDH	447	0	447
UGDH-AS1	12	2	10
SMIM14	488	1	487
SMIM14-DT	4	0	4
UBE2K	1617	2	1615
PDS5A	2687	0	2687
LOC344967	1	0	1
N4BP2	92	0	92
RHOH	0	0	0
LINC02265	2	2	0
CHRNA9	684	3	681
RBM47	677	2	721
RBM47-AS1	4	48	2
MIR4802	0	0	0
NSUN7	2	10	2
APBB2	525	0	535
LOC124900907	0	0	0
UCHL1-DT	0	0	0
UCHL1	3	0	3
LIMCH1	3892	1	3898
LOC105374423	4	6	0
LIMCH1-AS1	13	18	0
PHOX2B	0	0	0
PHOX2B-AS1	0	0	0
LINC00682	0	0	0
LOC124900696	0	0	0
LOC105374426	1	0	1
TMEM33	1144	0	1144
DCAF4L1	40	1	39
SLC30A9	1046	0	1046
BEND4	0	0	0
LOC124900697	0	0	0
LOC105374428	0	0	0
SHISA3	0	0	0
ATP8A1	1	0	1
LOC124900698	0	0	0
ATP8A1-DT	0	0	0
LOC105374430	0	0	0
GRXCR1	0	0	0
LOC105374432	0	0	0
LOC105374434	0	0	0
LOC105374433	0	0	0
LINC02383	0	0	0
LOC124900848	0	0	0
LOC124900849	0	0	0
LOC105374438	0	1	0
LINC02475	1	0	2
KCTD8	0	0	0
LOC107986275	0	0	0
YIPF7	0	0	0
GUF1	381	12	370
GNPDA2	243	21	224
LOC105374439	4	0	5
LOC112268465	0	0	0
LOC105374440	0	0	0
LOC105374441	0	0	0
LOC124900850	0	0	0
GABRG1	0	0	0
GABRA2	0	0	0
COX7B2	0	0	0
GABRA4	0	0	0
GABRB1	0	0	0
LOC124900908	0	0	0
COMMD8	224	0	224
LOC107986277	1	0	1
ATP10D	420	0	420
CORIN	38	4	35
LOC105374444	24	2	23
MIR8053	0	0	0
LOC101927179	0	93	0
NFXL1	174	0	285
LOC101927157	2	18	2
CNGA1	0	0	0
NIPAL1	30	0	30
TXK	9	0	9
TEC	118	0	118
LOC105374445	13	0	13
SLAIN2	595	1	594
SLC10A4	1	0	1
ZAR1	0	9	0
FRYL	649	0	658
OCIAD1	1715	0	1728
OCIAD1-AS1	8	21	0
OCIAD2	208	0	208
LOC124900176	0	0	0
CWH43	0	0	0
LOC101927209	0	0	0
DCUN1D4	837	0	837
LRRC66	0	0	0
SGCB	0	0	0
LINC02480	0	0	0
SPATA18	0	0	0
LOC107986279	0	0	0
LOC124900897	0	0	0
USP46	249	1	248
USP46-DT	12	0	12
DANCR	416	0	416
MIR4449	0	0	0
SNORA26	2	0	2
ERVMER34-1	0	0	0
LOC124900185	0	0	0
LOC107986281	0	0	0
LINC01618	1	1	0
LOC124900700	0	0	0
RASL11B	0	0	0
SCFD2	129	2	128
SCFD2-AS1	0	1	0
LOC124900701	0	0	0
LOC105377654	0	147	0
FIP1L1	637	2	934
LNX1	23	171	4
LNX1-AS1	0	0	0
LNX1-AS2	2	0	2
LOC100506444	0	0	0
LOC124900702	0	0	0
RPL21P44	0	0	0
CHIC2	111	2	109
GSX2	0	0	0
LOC124900899	0	0	0
PDGFRA	1	0	1
LINC02283	0	0	0
LINC02260	0	0	0
KIT	0	0	0
LOC105377657	0	0	0
LINC02358	0	0	0
LOC124900703	0	0	0
KDR	0	0	0
SRD5A3	771	1	770
SRD5A3-AS1	1	0	1
LINC02928	14	0	14
TMEM165	2604	16	2606
CLOCK	571	18	573
LOC124900704	0	2	0
PDCL2	0	0	0
NMU	1	0	1
LOC105377660	0	0	0
EXOC1L	0	0	0
LOC105377661	0	0	0
EXOC1	391	0	477
EXOC1-AS1	3	89	0
CEP135	91	0	91
LOC124900705	0	0	0
CRACD	262	4	258
LOC101928760	0	0	0
LOC124900707	0	0	0
AASDH	251	2	249
PPAT	679	10	672
PAICS	8212	7	8321
LOC124900706	13	111	18
SRP72	2790	5	2788
ARL9	3	0	4
LOC105377665	1	2	0
SPMAP2L	0	0	0
HOPX	0	0	0
LOC124900708	0	0	0
LOC105377666	0	0	0
CHAER1	0	0	0
LOC105377668	0	0	0
SPINK2	0	0	0
REST	693	0	693
NOA1	805	0	805
POLR2B	2280	27	2496
IGFBP7	268	217	706
LOC124900898	0	0	0
IGFBP7-AS1	0	412	0
LOC107986283	0	0	0
LINC02380	0	0	0
LOC124900904	0	0	0
LOC105377670	0	0	0
LINC02494	0	0	0
LOC124900833	0	0	0
LOC107986228	0	0	0
LOC105377672	0	0	0
LOC105377246	0	0	0
LINC02429	0	0	0
LINC02619	0	0	0
LINC02496	0	0	0
MIR548AG1	0	0	0
LINC02271	0	0	0
LOC124900173	0	0	0
ADGRL3	0	0	0
ADGRL3-AS1	0	0	0
LOC101927145	0	0	0
LOC124900709	0	0	0
LOC105377253	0	0	0
LOC105377254	0	0	0
LOC124900851	0	0	0
TECRL	0	0	0
LOC107986284	0	0	0
LOC105377255	0	0	0
LINC02232	0	0	0
LINC02835	0	0	0
LOC124900852	0	0	0
EPHA5	178	26	193
EPHA5-AS1	7	18	30
LOC105377258	0	0	0
LOC105377259	0	0	0
LOC105377260	0	0	0
LOC105377261	0	0	0
MIR1269A	0	0	0
LOC105377262	0	0	0
LOC101927237	0	0	0
CENPC	271	0	271
STAP1	0	0	0
UBA6	950	2	950
UBA6-DT	100	0	102
GNRHR	3	3	0
LOC124900175	0	0	0
LOC102724780	5	0	5
TMPRSS11D	0	0	0
TMPRSS11A	0	0	0
TMPRSS11GP	0	0	0
TMPRSS11F	0	0	0
LOC550113	0	0	0
SYT14P1	0	0	0
FTLP10	0	0	0
TMPRSS11BNL	0	0	0
TMPRSS11B	0	0	0
YTHDC1	0	0	0
TMPRSS11E	0	0	0
UGT2B17	6	0	6
UGT2B15	0	0	0
UGT2B10	0	0	0
LOC124900853	0	0	0
UGT2A3	0	0	0
LOC105377265	0	0	0
UGT2B7	1	0	1
LOC105377267	0	0	0
UGT2B11	0	0	0
UGT2B28	0	0	0
UGT2B4	0	0	0
UGT2A1	0	0	0
UGT2A2	0	0	0
SULT1B1	0	0	0
SULT1E1	0	0	0
CSN1S1	1	0	1
CSN2	0	0	0
LOC105377269	0	0	0
STATH	0	0	0
HTN3	0	0	0
HTN1	0	0	0
CSN1S2AP	0	0	0
CSN1S2BP	0	0	0
PRR27	0	0	0
LOC105377270	0	0	0
ODAM	0	0	0
FDCSP	0	0	0
CSN3	0	0	0
CABS1	0	0	0
SMR3A	0	0	0
SMR3B	0	0	0
OPRPN	0	0	0
MUC7	0	0	0
AMTN	2	0	2
AMBN	0	0	0
ENAM	0	0	0
JCHAIN	0	0	0
LOC101927297	0	0	0
UTP3	747	0	747
RUFY3	228	7	221
LOC124900900	0	0	0
GRSF1	2748	0	2751
LOC124900710	1	3	1
LOC124900887	0	0	0
LOC124900711	0	0	1
MOB1B	193	1	193
DCK	273	0	273
SLC4A4	0	0	0
LOC124900712	0	0	0
LOC124900836	0	0	0
LOC107986285	0	0	0
LOC105377271	0	0	0
GC	0	0	0
NPFFR2	2	0	2
ADAMTS3	2	0	2
LOC105377273	0	0	0
LOC107986286	0	0	0
COX18	195	0	195
LOC112268467	0	0	0
ANKRD17	2537	0	2537
LOC124900713	2	2	0
ANKRD17-DT	4	0	4
LOC124900180	0	0	0
ALB	1	0	1
AFP	0	0	0
AFM	0	0	0
LINC02499	0	0	0
LOC107986287	0	0	0
RASSF6	1	0	1
INKILN	0	0	0
UMLILO	0	0	0
CXCL8	3	0	3
CXCL6	0	0	0
PF4V1	0	0	0
CXCL1	0	0	0
PF4	0	0	0
PPBP	0	0	0
CXCL5	0	0	0
LOC124900715	0	0	0
CXCL3	13	0	13
LOC105377275	6	0	6
PPBPP2	1	1	0
CXCL2	197	1	196
MTHFD2L	154	6	148
LOC105377277	0	0	0
LOC105377276	0	0	0
EPGN	166	1	165
EREG	3	0	3
AREG	16	0	16
LOC107986229	0	0	0
LOC124900716	0	0	0
BTC	0	0	0
LOC105377278	0	0	0
LOC105377282	0	0	0
LOC105377280	0	0	0
PARM1	0	0	0
PARM1-AS1	0	0	0
LOC107986289	0	0	0
LINC02562	0	0	0
LOC100506253	5	0	5
LINC02483	0	0	0
LOC107986230	0	0	0
RCHY1	224	0	224
THAP6	205	0	207
LOC124900717	0	2	0
ODAPH	0	0	0
CDKL2	4	0	4
G3BP2	1560	2	1558
USO1	1528	2	1526
LOC105377284	0	0	0
PPEF2	0	0	0
LOC105377285	0	0	0
NAAA	15	0	15
SDAD1	745	0	745
SDAD1-AS1	0	0	0
CXCL9	0	0	0
ART3	0	0	0
CXCL10	202	0	202
CXCL11	327	0	327
NUP54	726	1	725
LOC124900718	12	1	12
SCARB2	2665	1	2666
FAM47E	2	0	3
LOC105377286	0	0	0
FAM47E-STBD1	0	0	0
STBD1	13	1	12
CCDC158	5	4	1
LOC124900891	0	0	0
SHROOM3	659	0	797
MIR4450	0	0	0
MIR548AH	0	0	0
LOC105377290	3	3	0
SHROOM3-AS1	5	143	0
LOC124900719	0	0	0
LOC124900866	0	0	0
SOWAHB	0	0	0
LOC105377294	0	0	0
SEPTIN11	101	4	112
LOC105377291	5	15	5
CCNI	3089	0	3089
LOC101928864	3	57	2
CCNG2	481	0	537
LOC107986292	0	0	0
LOC105377295	0	0	0
CXCL13	0	0	0
LOC105377296	0	0	0
LOC105377297	0	0	0
CNOT6L	465	0	465
MRPL1	202	0	242
LOC102724916	0	40	0
FRAS1	0	0	0
LOC107986293	0	0	0
SNORD161	0	0	0
ANXA3	269	0	269
LOC124900721	0	0	0
LOC124900901	0	0	0
LINC01094	2	0	2
LOC101928893	0	0	0
BMP2K-DT	2	0	2
BMP2K	99	17	300
LOC124900722	7	0	7
LOC105377299	0	0	0
PAQR3	252	204	266
LINC01088	0	0	0
LOC124900723	0	0	0
NAA11	0	0	0
LOC105377300	0	0	0
GK2	0	0	0
LINC00989	0	0	0
LOC107986294	0	0	0
LINC02469	0	0	0
LOC105377302	0	0	0
PCAT4	0	0	0
LOC124900174	0	0	0
ANTXR2	0	0	0
LOC124900724	0	0	0
PRDM8-AS1	0	0	0
PRDM8	1	0	1
LOC124900725	0	0	0
FGF5	0	0	0
CFAP299	0	0	0
LOC105377305	0	0	0
BMP3	0	0	0
PRKG2	4	0	4
PRKG2-AS1	0	0	0
LOC124900726	0	0	0
RASGEF1B	0	0	0
LOC105377306	0	0	0
LOC105377308	0	0	0
VAMP9P	0	0	0
HNRNPD	4336	12	4324
HNRNPD-DT	8	0	8
LOC124900890	0	0	0
HNRNPDL	5401	0	5401
ENOPH1	634	0	634
LOC105377310	0	0	0
TMEM150C	0	0	0
LINC00575	0	0	0
SCD5	0	0	0
LOC124900727	0	0	0
MIR575	0	0	0
SEC31A	5373	1	5372
THAP9-AS1	973	4	975
SNORD143	9	0	9
SNORD144	2	0	2
THAP9	133	6	135
LIN54	470	1	469
COPS4	902	0	902
PLAC8	1096	0	1096
LOC124900167	7	0	7
COQ2	395	0	395
HPSE	317	0	317
LOC105377313	0	0	0
HELQ	176	0	176
MRPS18C	16	87	527
ABRAXAS1	97	515	180
GPAT3	43	0	43
LOC105377315	0	0	0
LINC02994	0	0	0
NKX6-1	0	0	0
LOC102723338	0	0	0
CDS1	0	0	0
LOC124900854	0	0	0
WDFY3	790	1	806
WDFY3-AS1	0	16	0
WDFY3-AS2	8	0	9
ARHGAP24	203	1	202
LOC105377319	3	0	3
LOC124900728	0	0	0
MIR4451	0	0	0
MAPK10	4	1	3
MAPK10-AS1	0	0	0
MIR4452	0	0	0
PTPN13	0	0	0
SLC10A6	0	0	0
C4orf36	25	0	26
AFF1-AS1	14	0	14
AFF1	1248	16	1245
LOC105377320	0	0	0
KLHL8	256	2	254
MIR5705	0	0	0
HSD17B13	7	0	7
HSD17B11	552	0	552
NUDT9	684	0	685
SCPPPQ1	0	0	0
SPARCL1	8	9	0
LOC124900729	0	0	0
DMP1-AS1	0	0	0
DSPP	1	0	1
DMP1	0	0	0
IBSP	0	0	0
MEPE	1	0	1
LOC124900730	0	0	0
SPP1	0	0	0
PKD2	461	0	461
ABCG2	1222	0	1222
LOC124900867	0	0	0
PPM1K	188	4	185
PPM1K-DT	1	0	2
LOC124900731	2	0	2
LOC105377326	0	0	0
HERC6	14	15	16
LOC102723458	50	8	59
HERC5	5683	0	5683
PYURF	0	0	0
PIGY	0	0	0
PIGY-DT	0	0	0
HERC3	294	0	294
NAP1L5	1	1	0
FAM13A-AS1	45	450	62
FAM13A	882	32	1317
LOC124900732	1	0	1
LOC105377327	0	0	0
TIGD2	342	1	341
LOC124900834	0	0	0
GPRIN3	2	1	1
LOC105377328	0	0	0
LOC124900855	0	0	0
LOC105377329	0	0	0
LOC124900602	13	10	13
SNCA	141	1	151
LOC124900856	2	0	2
SNCA-AS1	0	1	0
MMRN1	0	0	0
LOC105377331	0	0	0
CCSER1	0	0	0
LOC124900733	0	0	0
LOC112268468	0	0	0
LNCPRESS2	0	0	0
GRID2	0	0	0
ATOH1	0	0	0
SMARCAD1-DT	0	0	0
LOC124900734	0	0	0
SMARCAD1	702	0	702
HPGDS	1	1	0
PDLIM5	1401	0	1401
BMPR1B-DT	0	0	0
BMPR1B	55	0	55
LOC124900735	1	0	1
UNC5C	2	2	0
LOC124900736	0	0	0
UNC5C-AS1	0	0	0
PDHA2	0	0	0
LINC02267	0	0	0
LOC124900737	0	0	0
STPG2-AS1	0	0	0
STPG2	0	0	0
LOC105377340	0	0	1
RAP1GDS1	693	5	689
TSPAN5	0	0	0
LOC112267901	0	0	0
TSPAN5-DT	0	0	0
LOC105377343	1	0	1
EIF4E	861	0	861
METAP1	860	2	859
MIR3684	0	0	0
LOC124900738	2	0	2
ADH5	2811	2	2809
LOC100507053	1	0	1
LOC124900739	3	0	3
ADH4	0	0	0
PCNAP1	0	0	0
ADH6	0	0	0
ADH1A	0	0	0
ADH1B	0	0	0
ADH1C	0	0	0
LOC102723576	0	0	0
ADH7	0	0	0
C4orf17	0	0	0
TRMT10A	98	0	98
MTTP	4	0	4
C4orf54	0	0	0
DAPP1	3	0	3
LAMTOR3	344	0	344
DNAJB14	386	5	381
H2AZ1	5099	0	5100
H2AZ1-DT	0	1	0
LOC107986232	0	0	0
DDIT4L	0	0	0
DDIT4L-AS1	0	0	0
SNORA101A	0	0	0
EMCN	0	0	0
LOC124900740	0	0	0
LOC105377345	0	0	0
LINC01216	0	0	0
LINC01217	0	0	0
LINC01218	0	0	0
PPP3CA	905	6	900
MIR8066	0	0	0
MIR1255A	0	0	0
PPP3CA-DT	71	0	72
LOC124900741	0	0	0
LOC107986297	0	0	0
BANK1	0	0	0
SLC39A8	2430	1	2429
NFKB1-AS1	11	0	11
NFKB1	594	3	657
LOC124900742	0	0	0
LOC105377347	12	78	0
MANBA	863	0	863
LOC102723704	0	1004	0
LOC124900743	0	0	1
UBE2D3	2772	15	3778
UBE2D3-AS1	2	4	16
LOC124900903	2	0	2
CISD2	299	0	561
SLC9B1	0	262	0
SLC9B2	230	4	226
BDH2	473	0	473
CENPE	548	0	548
LINC02428	0	0	0
TACR3-AS1	21	21	0
TACR3	0	0	0
LINC02503	0	0	0
LOC105377350	0	0	0
LOC124900744	0	0	0
CXXC4	0	0	0
CXXC4-AS1	0	0	0
LOC124900745	0	0	0
LOC124900746	0	0	0
LOC105377351	0	0	0
LOC124900868	18	3	18
TET2	421	1	423
TET2-AS1	0	0	0
PPA2	1102	0	1102
LOC105377352	0	0	0
ARHGEF38	2	5	1
ARHGEF38-IT1	0	0	0
INTS12	285	0	364
LOC124900748	0	69	0
LOC124900747	0	1	0
GSTCD	268	0	306
LOC107986190	0	0	0
GSTCD-AS1	0	0	0
LOC124900749	4	42	0
NPNT	3	0	3
LOC101929577	0	0	0
TBCK	191	130	207
LOC124900750	0	0	0
AIMP1	1117	18	1245
GIMD1	0	0	0
LINC02173	0	0	0
LOC105377356	0	0	0
DKK2	0	0	0
LOC102725220	0	0	0
LOC105377358	0	0	0
PAPSS1	415	0	415
SGMS2	334	0	383
CYP2U1-AS1	1	2	0
LOC107986298	8	50	6
LOC124900751	1	0	1
CYP2U1	0	0	0
LOC107986299	0	0	0
HADH	1290	0	1290
LEF1	2	0	2
LEF1-AS1	0	0	0
LOC124900752	0	0	0
LOC124900753	0	0	0
RPL34-DT	0	0	0
LOC101929621	0	0	0
RPL34	3169	0	3169
OSTC	1181	0	1181
ETNPPL	93	0	93
COL25A1	20	0	20
LOC124900756	0	0	0
LOC124900754	0	0	0
COL25A1-DT	0	0	0
SEC24B-AS1	13	3	13
SEC24B	802	0	805
MIR576	0	0	0
MCUB	183	2	249
LOC124900755	0	0	0
CASP6	241	70	239
PLA2G12A	520	0	520
CFI	1076	0	1076
LOC124900757	0	0	0
GAR1-DT	0	0	0
GAR1	376	0	376
RRH	5	0	5
LRIT3	10	0	10
EGF	19	0	19
ELOVL6	548	2	546
LOC124900759	0	0	0
LOC105377362	0	0	0
LOC124900892	0	0	0
ENPEP	4	0	4
PANCR	0	0	0
LOC105377363	0	0	0
PITX2	0	0	0
LOC124900857	0	0	0
MIR297	0	0	0
LOC105377364	0	0	0
LOC105377366	0	0	0
LOC105377367	0	0	0
LINC02945	57	0	57
LOC105377369	0	0	0
LOC105377370	0	0	0
FAM241A	467	1	466
AP1AR-DT	7	61	9
AP1AR	462	3	522
TIFA	394	0	394
ALPK1	345	0	345
NEUROG2	0	0	0
NEUROG2-AS1	0	0	0
LOC124900760	1	0	1
ZGRF1	167	0	167
H3P14	1	0	1
LARP7	460	0	707
MIR302CHG	0	247	0
MIR367	0	0	0
MIR302D	0	0	0
MIR302A	0	0	0
MIR302C	0	0	0
MIR302B	0	0	0
ANK2	1	0	1
LOC102723896	0	0	0
LOC124900761	0	0	0
ANK2-AS1	0	0	0
MIR1243	0	0	0
MIR8082	0	0	0
LOC105377374	0	0	0
CAMK2D	151	0	151
LOC105377375	0	0	0
ARSJ	162	0	163
LOC107986305	7	1	12
LOC124900762	0	5	0
LOC105377376	0	0	0
LOC107986235	0	0	0
LOC105377378	0	0	0
LOC105377379	0	0	0
LOC105377380	0	0	0
UGT8	227	0	227
MIR577	0	0	0
LOC124900763	1	1	0
LOC105377382	7	0	7
NDST4	0	0	0
LOC124900764	0	0	0
LOC124900835	0	0	0
LOC105377383	0	0	0
MIR1973	0	0	0
LOC105377384	0	0	0
LOC105377385	0	0	0
LOC107986306	0	0	0
LOC105377387	0	0	0
LOC105377388	0	0	0
TRAM1L1	0	0	0
LINC02262	0	0	0
LINC02263	0	0	0
LINC01378	0	0	0
LOC102723914	0	0	0
LINC02264	0	0	0
NDST3	0	0	0
LOC107986307	0	0	0
LOC105377392	0	0	0
LOC124900765	0	0	0
SNHG8	304	0	304
SNORA24	2	0	2
PRSS12	4	3	1
LOC124900766	0	0	0
LOC105379403	0	0	0
LOC124900767	0	0	0
CEP170P1	0	0	0
LOC729218	344	0	344
LOC124900768	2	1	1
METTL14-DT	2	0	2
METTL14	281	0	281
SEC24D	916	0	916
SYNPO2	4	0	4
LOC105377393	1	0	1
SYNPO2-AS1	0	0	0
LOC102723967	0	0	0
LOC105377395	0	0	0
MYOZ2	0	0	0
LOC105379404	0	0	0
LOC101929762	1	1	1
USP53	299	0	300
ARLN	677	0	677
FABP2	0	0	0
LOC107986193	0	0	0
LINC01061	59	3	56
GTF2IP12	10	1	9
SEPTIN7P14	61	0	113
PDE5A	21	73	0
LOC124900187	0	0	0
LOC107986192	0	0	0
LOC105377397	0	0	0
LINC01365	0	0	0
LINC02502	0	0	0
LOC124900769	0	0	0
LOC124900770	0	0	0
MAD2L1	434	0	434
MAD2L1-DT	0	0	0
LOC124900771	0	0	0
PRDM5	0	0	0
LOC105377399	0	0	0
NDNF	0	0	0
NDNF-AS1	0	0	0
TNIP3	0	0	0
QRFPR	0	0	0
LOC107986309	0	0	0
LOC107986310	0	0	0
LOC105377401	0	0	0
LOC105377402	0	0	0
ANXA5	5735	1	5734
SMIM43	2	0	2
PP12613	0	0	0
EXOSC9	921	168	1030
CCNA2	1242	134	1385
BBS7	208	0	208
BBS7-DT	1	0	1
TRPC3	0	0	0
LOC102724158	0	0	0
LOC112268469	2	0	2
BLTP1	654	0	654
ADAD1	0	0	0
IL2	0	0	0
IL21	0	0	0
IL21-AS1	0	0	0
BBS12	146	3	143
CETN4P	11	0	11
FGF2	1091	75	1485
LOC124900773	2	0	2
NUDT6	48	396	121
AFG2A	232	0	232
LOC105377404	1	1	0
LOC124900772	0	0	0
LOC124900774	0	0	0
SPRY1	230	0	230
TRC-GCA2-1	0	0	0
LINC02435	0	0	0
LOC105377405	0	0	0
LINC01091	0	0	0
LOC124900775	0	0	0
LOC124900776	0	0	0
LOC105377407	0	0	0
LOC105377406	0	0	0
LOC105377408	0	0	0
LINC02516	0	0	0
ANKRD50	406	0	406
FAT4	245	0	245
MIR2054	0	0	0
LINC02379	0	0	0
LOC105377409	0	0	0
LOC105377410	0	0	0
LOC124900777	0	0	0
LOC105377411	0	0	0
LOC102724210	3	0	3
LOC107986312	0	0	0
LOC105377412	0	0	0
INTU	64	0	64
SLC25A31	0	0	0
LOC105377414	0	0	0
HSPA4L	847	0	847
LOC112268470	0	0	0
PLK4	373	1	372
MFSD8	251	2	251
ABHD18	141	0	143
LARP1B	261	1	260
PGRMC2	2312	0	2312
LINC02615	35	1	34
LOC101927259	4	1	3
LINC03140	0	0	0
LOC124900905	0	0	0
JADE1	495	11	736
SCLT1	207	250	209
C4orf33	198	0	198
LOC105377416	0	0	0
LOC105377417	0	0	0
LOC124900779	0	0	0
LINC02466	0	0	0
LINC02465	0	0	0
LOC105377418	0	0	0
LINC02479	0	0	0
LOC105377422	0	0	0
LOC105377423	0	0	0
LINC02377	0	0	0
LOC124900860	0	0	0
LOC124900859	0	0	0
SNHG27	0	0	0
LOC105377425	0	0	0
LOC105377428	0	0	0
LINC01256	0	0	0
LOC124900861	0	0	0
LOC124900862	0	0	0
LOC105377431	0	0	0
PCDH10-DT	0	0	0
PCDH10	2	0	2
LOC124900863	3	0	3
PABPC4L	105	0	105
LINC02462	0	0	0
LOC105377436	0	0	0
LOC105377438	0	0	0
LOC105377437	0	0	0
LINC02485	0	0	0
LOC124900883	0	0	0
LINC00613	0	0	0
LOC124900864	0	0	0
LINC02511	0	0	0
LINC02510	0	0	0
LOC105377442	0	0	0
PCDH18	0	0	0
LINC02172	0	0	0
LOC101927414	0	0	0
LOC107986314	0	0	0
LOC105377444	0	0	0
LOC105377445	0	0	0
LOC107986315	0	0	0
LOC105377447	0	0	0
LINC00616	0	0	0
SLC7A11-AS1	1	7	0
SLC7A11	156	1	161
LINC00498	0	0	0
LINC00499	0	0	0
LOC105377448	0	0	0
NOCT	202	3	199
LOC124900780	3	1	2
ELF2	604	27	577
LOC105379412	0	0	0
MGARP	1	0	1
NDUFC1	333	0	333
NAA15	1401	3	1398
LOC124900188	0	0	0
RAB33B	101	33	96
RAB33B-AS1	2	0	30
SETD7	1329	5	1324
LOC105377451	0	0	0
LOC105377622	135	0	135
QKILA	0	0	0
MGST2	511	8	511
MAML3	57	1	64
LOC124900781	0	0	0
LOC124900782	1	0	1
LOC105377452	0	0	0
LOC124900783	0	0	0
MAML3-AS1	2	2	0
LOC124900784	0	0	0
SCOC	0	0	0
SCOC-AS1	0	0	0
LOC124900785	0	0	0
CLGN	0	0	0
MGAT4D	0	0	0
ELMOD2	315	0	315
UCP1	0	0	0
TBC1D9	468	3	465
TNRC18P1	2	0	2
TBC1D9-AS1	0	0	0
LOC124900786	0	0	0
RNF150	48	1	47
ZNF330	723	0	723
LOC124900902	0	0	0
LINC02432	0	0	0
LINC02276	0	0	0
IL15	252	0	252
INPP4B	5	0	5
LOC101927613	0	0	0
LOC105377457	0	0	0
USP38-DT	1	0	1
LOC124900788	0	0	0
USP38	341	0	341
LOC124900789	0	14	0
GAB1	244	0	258
MIR3139	0	0	0
SMARCA5-AS1	1	217	1
SMARCA5	2891	0	3108
GUSBP5	0	0	0
FREM3	0	0	0
LOC105377458	0	0	0
LOC105377459	0	0	0
GYPE	0	0	0
LOC101927636	1	0	1
LOC124900790	0	0	0
GYPB	0	0	0
LOC105377460	0	0	0
GYPA	0	0	0
LOC105377462	0	0	0
HHIP-AS1	0	0	0
HHIP	0	0	0
LOC124900791	0	0	0
LOC124900792	0	0	0
LOC124900793	0	0	0
ANAPC10	96	39	96
ABCE1	1116	1	1154
OTUD4	763	2	761
LOC124900794	0	0	0
LOC105377465	0	0	0
LINC02266	0	0	0
SMAD1	251	6	328
SMAD1-AS2	0	0	0
SMAD1-AS1	0	83	0
LOC285422	0	0	0
LINC02491	0	0	0
MMAA	74	0	74
C4orf51	0	0	0
ZNF827	0	0	0
LOC105377468	0	0	0
LOC105377469	0	0	0
LINC01095	0	0	0
LSM6	65	2	63
REELD1	1	0	1
SLC10A7	115	0	115
LOC105377472	0	0	0
MIR7849	0	0	0
POU4F2	0	0	0
TTC29	0	0	0
LOC105377474	0	0	0
TTC29-AS1	0	0	0
LOC105377475	0	0	0
LOC105377476	0	0	0
MIR548G	0	0	0
EDNRA	0	0	0
LOC124900795	0	0	0
LOC124900796	0	0	0
LINC02507	0	0	0
TMEM184C-DT	0	0	0
TMEM184C	307	10	297
PRMT9	177	0	177
ARHGAP10	358	1	357
MIR4799	0	0	0
NR3C2	25	1	24
LOC102724672	1	1	0
LOC124900798	0	0	0
LOC107986195	0	0	0
LOC105377483	0	0	0
LOC124900797	0	0	0
LOC105377481	0	0	0
LOC105377480	0	0	0
LINC02430	0	0	0
LINC02355	0	0	0
LOC107986320	0	0	0
IQCM	0	0	0
LOC105377479	0	0	0
DCLK2	154	1	153
LRBA	1004	0	1004
LRBA-AS1	1	1	0
MAB21L2	0	0	0
RPS3A	0	0	0
SNORD73B	0	0	0
SNORD73A	0	0	0
SH3D19	0	0	0
SH3D19-AS1	0	0	0
LOC105377485	0	0	0
LOC124900799	0	0	0
PRSS48	0	0	0
FHIP1A-DT	22	0	22
FHIP1A	614	1	614
GATB	521	6	700
LOC107986197	20	189	15
LOC127898557	0	0	0
LOC105377488	0	0	0
LOC102724700	0	0	0
LOC127898556	0	0	0
LINC03074	0	0	0
LINC02273	0	0	0
LOC124900800	0	0	0
LOC105377489	0	0	0
LOC105377490	0	0	0
LOC105377492	1	0	1
FBXW7	165	0	189
FBXW7-AS1	0	24	0
MIR3140	0	0	0
MIR4453HG	52	0	52
MIR4453	0	0	0
TMEM154	1	0	1
LOC105377495	0	0	0
TIGD4	0	0	0
ARFIP1	187	0	187
FHDC1	285	0	285
LOC729870	5	0	5
TRIM2	239	1	238
LOC105377496	0	0	0
ANXA2P1	0	0	0
MND1	175	0	175
TMEM131L	414	0	414
LOC105377498	0	0	0
LOC100419170	0	0	0
TLR2	0	0	0
RNF175	0	0	0
LOC105377499	0	0	0
SFRP2	0	0	0
LOC101927947	0	0	0
DCHS2	0	0	0
PLRG1	975	0	975
FGB	0	0	0
FGA	5	0	5
FGG	37	0	37
LOC124900169	0	0	0
LRAT	0	0	0
LOC105377500	0	0	0
RBM46	0	0	0
LOC105377501	0	0	0
NPY2R	0	0	0
NPY2R-AS1	0	0	0
LOC105377502	0	0	0
MAP9	0	0	0
MAP9-AS1	0	0	0
LOC105377503	0	0	0
LOC105377505	0	0	0
LOC105377504	0	0	0
GUCY1A1	0	0	0
LOC105377506	0	0	0
GUCY1B1	0	0	0
ASIC5	0	0	0
LOC105377507	0	0	0
TDO2	0	0	0
CTSO	0	0	0
LOC102724785	0	0	0
LOC105377508	0	0	0
LINC02272	0	0	0
PDGFC	0	0	0
GLRB	31	0	31
GRIA2	0	0	0
LOC107986238	0	0	0
LINC02433	0	0	0
LOC105377509	0	0	0
LOC124900801	0	0	0
GASK1B	0	0	0
GASK1B-AS1	0	0	0
LOC101928007	0	0	0
TMEM144	0	0	0
LOC105377510	0	0	0
RXFP1-AS1	0	0	0
RXFP1	44	0	44
C4orf46	191	1	190
ETFDH	396	144	428
LOC124900922	0	0	0
PPID	409	42	543
FNIP2	137	0	137
SPMIP2	0	0	0
RAPGEF2	707	0	707
MIR3688-1	0	0	0
MIR3688-2	0	0	0
LOC107986324	0	0	0
LOC105379457	0	0	0
LINC02233	0	0	0
LOC107986239	0	0	0
LINC02477	0	0	0
LOC105377513	0	0	0
LOC105377514	0	0	0
LOC105377515	0	0	0
FSTL5	1	0	1
FSTL5-AS1	0	0	0
LOC124900803	0	0	0
LOC124900804	0	0	0
LOC105377516	0	0	0
MIR4454	0	0	0
NAF1	448	0	448
LOC101928081	0	0	0
LOC105377517	0	0	0
NPY1R	0	0	0
NPY5R	0	0	0
TKTL2	0	0	0
LOC124900805	10	100	9
TMA16	281	1	382
MARCHF1	59	62	0
LOC107986325	0	0	0
SMIM31	0	0	0
APELA	0	0	0
TRIM61	0	0	0
FAM218A	0	0	0
TRIM60	0	0	0
TRIM75	0	0	0
TMEM192	314	0	314
KLHL2	308	0	308
GK3	0	0	0
LOC124900915	0	0	0
MSMO1	802	0	802
LOC105377519	0	0	0
CPE	2	0	2
MIR578	0	0	0
LOC105377520	1	0	1
LOC124900806	0	0	0
LINC01179	2	0	2
LOC101928131	0	0	0
LOC105377521	3	0	3
TLL1	622	4	618
SPOCK3	0	0	0
LOC105377523	0	0	0
ANXA10	9	4	5
LOC124900170	0	0	0
LOC105377524	59	0	59
DDX60	3385	3	3382
LOC124900910	0	0	0
DDX60L	1436	1	1435
LOC124900181	4	4	0
LOC107986198	30	28	2
PALLD	1910	5	2014
LOC124900807	0	0	0
PALLD-AS1	1	1	0
LOC124900808	0	0	0
LOC124900809	2	2	0
LOC102723331	2	1	1
CBR4	368	108	368
LOC107986200	0	0	0
CBR4-DT	0	0	0
LOC105377527	0	0	0
SH3RF1	566	0	566
LOC105377529	0	0	0
NEK1	265	0	265
CLCN3	981	2	979
HPF1	340	0	340
LOC107986240	0	0	0
LOC124900810	0	0	0
LOC105377530	2	0	2
LINC02275	0	0	0
MFAP3L	82	0	82
LOC101928198	0	0	0
AADAT	1	0	1
LOC107986326	0	0	0
LINC01612	0	0	0
LINC02512	0	0	0
LINC02382	0	0	0
LOC124900869	0	0	0
LINC02431	0	0	0
MIR6082	0	0	0
LOC105377534	0	0	0
LINC02504	0	0	0
LOC105377535	0	0	0
LINC02174	0	0	0
LOC441052	0	0	0
GALNTL6	34	2	32
LOC124900811	0	0	0
GALNTL6-AS1	0	0	0
LOC107986201	0	0	0
GALNT7-DT	37	73	46
GALNT7	1793	19	1857
LOC124900812	3	3	0
MIR548T	0	0	0
HMGB2	1591	0	1592
SAP30-DT	66	1	65
SAP30	741	2	739
SCRG1	3	3	0
LOC112268474	3	0	3
LOC112267917	3	0	3
LOC101928409	0	0	0
LOC124900815	0	0	0
HAND2	0	0	0
HAND2-AS1	0	0	0
LOC124900816	0	0	0
LOC107986203	0	0	0
LINC02269	0	0	0
LOC105377543	0	0	0
LOC105377544	0	0	0
LOC105377546	0	0	0
LOC107986204	0	0	0
LINC02268	1	0	1
FBXO8	275	5	283
CEP44	302	18	297
LOC105377547	0	0	0
MIR4276	0	0	0
HPGD	0	0	0
LOC105377548	1	0	1
LOC124900870	0	0	0
LOC105377549	0	0	0
LOC105377551	0	0	0
GLRA3	22	0	22
LOC101928551	0	0	0
ADAM29	0	0	0
LOC124900871	0	0	0
LOC105377552	0	0	0
LOC124900872	0	0	0
GPM6A	0	0	0
GPM6A-DT	0	0	0
LOC107984113	0	0	0
WDR17	0	0	0
SPATA4	0	0	0
ASB5	0	0	0
SPCS3-AS1	5	202	13
SPCS3	1502	23	1689
LOC124900817	0	0	0
HAFML	0	0	0
VEGFC	0	0	0
LINC02509	0	0	0
LOC105377557	0	0	0
NEIL3	227	0	227
LOC105377558	2	2	0
AGA	307	0	307
AGA-DT	0	0	0
LOC124900889	0	0	0
LOC105377559	0	0	0
LINC01098	0	0	0
LOC105377560	0	0	0
LINC01099	0	0	0
LOC105377561	0	0	0
LOC105377562	0	0	0
LOC124900186	0	0	0
LOC105377563	0	0	0
LOC124900818	0	0	0
LOC124900623	0	0	0
LOC124900819	0	0	0
LOC105377567	0	0	0
LOC105377565	0	0	0
LOC124900820	0	0	0
LOC105377568	0	0	0
LOC124900821	0	0	0
LINC00290	0	0	0
LINC02500	0	0	0
LOC107986205	0	0	0
LOC124900822	0	0	0
TENM3	1005	10	1007
TENM3-AS2	0	0	0
TENM3-AS1	116	2	126
MIR1305	0	0	0
LOC105377572	0	0	0
LOC105377571	0	0	0
LOC105377576	36	0	36
DCTD	674	0	674
LOC105377577	0	0	0
LOC107986327	0	0	0
LOC112268472	0	0	0
LOC107986328	0	0	0
CIBAR1P2	0	0	0
LOC105377578	0	0	0
WWC2-AS2	34	3	34
WWC2	856	0	917
WWC2-AS1	0	0	0
LOC124900896	0	1	0
CLDN22	0	57	0
CLDN24	0	0	0
LOC124900894	0	0	0
CDKN2AIP	573	2	571
LOC124900823	4	4	0
ING2-DT	11	0	11
ING2	425	0	425
LOC101929996	0	0	0
LOC105377580	0	0	0
LOC124900911	0	0	0
RWDD4	368	0	368
TRAPPC11	673	0	673
LOC105377581	8	1	7
LOC124900824	0	0	0
STOX2	523	17	506
LOC107986330	0	0	0
LOC124900826	0	0	0
ENPP6	0	0	0
LOC105377582	0	0	0
LOC105377584	0	0	0
LOC124900825	0	0	0
MYL12BP2	0	0	0
LINC02363	0	0	0
LINC02362	2	1	1
IRF2	603	0	603
IRF2-DT	79	3	76
LINC02427	0	0	0
LINC02365	0	0	0
CASP3	418	0	418
PRIMPOL	118	45	171
CENPU	501	53	546
ACSL1	570	0	570
SLED1	0	0	0
LOC105377587	0	0	0
MIR3945HG	0	0	0
MIR3945	0	0	0
LINC01093	0	0	0
MIR4455	0	0	0
LINC02437	0	0	0
HELT	0	0	0
LINC02436	0	0	0
LOC105377588	0	0	0
SLC25A4	817	20	797
CFAP97	519	32	519
SNX25	533	4	638
LOC124900827	2	63	0
LRP2BP	63	70	27
ANKRD37	1	82	78
UFSP2	233	32	370
CFAP96	41	58	43
CCDC110	5	2	5
LOC105377590	0	0	2
PDLIM3	0	0	0
SORBS2	291	0	317
SORBS2-AS1	1	27	0
LOC101928929	0	0	0
LOC124900909	0	0	0
LOC124900828	0	0	0
LOC124900830	0	0	0
LOC124900829	0	0	0
TLR3	68	0	68
FAM149A	0	0	0
LOC124900171	0	0	0
FLJ38576	0	0	0
CYP4V2	0	0	0
KLKB1	0	0	0
LOC124900873	0	0	0
F11	0	0	0
F11-AS1	0	0	0
LOC124900874	0	0	0
LOC105377596	0	0	0
MTNR1A	0	0	0
FAT1	1895	1	1894
LOC107986334	2	0	2
LOC124900875	0	0	0
LOC124900877	0	0	0
LOC102723906	0	0	0
LOC105377599	0	0	0
LOC124900876	0	0	0
LOC124900878	0	0	0
LINC02374	0	0	0
LOC107986335	0	0	0
LOC339975	0	0	0
LINC02514	0	0	0
LINC02515	0	0	0
LINC02492	0	0	0
LOC105377604	0	0	0
LOC124900879	0	0	0
LOC105377603	0	0	0
LOC107983963	0	0	0
LOC124900880	0	0	0
LOC124900881	0	0	0
ZFP42	0	0	0
TRIML2	200	1	199
LOC107986337	0	0	0
TRIML1	2	2	0
LINC02434	61	0	61
LOC105377607	12	0	12
LOC105377608	0	0	0
LOC105377609	0	0	0
LINC01060	0	0	0
LOC101930028	0	0	0
LINC02508	0	0	0
LOC105377611	0	0	0
LOC105377612	0	0	0
LOC105377613	0	0	0
LOC124900838	0	0	0
LOC105377614	0	0	0
LOC105377615	0	0	0
LINC01262	0	0	0
LOC105377616	0	0	0
FRG1-DT	0	0	0
LOC124900882	0	0	0
LOC105377619	0	0	0
LINC01596	0	0	0
FRG1	0	0	0
FRG2	0	0	0
DBET	0	0	0
LOC107986338	0	0	0
DUX4	0	0	0
LOC124900509	9	7	2
ANKRD20A12P	0	0	0
LOC124900928	0	0	0
LOC105374602	0	0	0
PLEKHG4B	2	2	0
LRRC14B	0	0	0
LOC124900929	0	0	0
CCDC127	1102	0	1102
SDHA	15948	2	15947
PDCD6-DT	11	3	11
PDCD6-AHRR	0	0	0
PDCD6	3591	0	3591
AHRR	1	0	1
EXOC3-AS1	190	0	190
EXOC3	3743	4	3739
LOC124900930	1	0	1
SLC9A3	293	782	160
SLC9A3-OT1	0	0	0
SLC9A3-AS1	331	0	980
LOC107986395	0	0	0
MIR4456	0	0	0
LOC105374606	0	0	0
LOC105374607	0	0	0
LOC105374608	0	0	0
CEP72-DT	0	0	0
CEP72	2707	75	2818
TPPP	180	179	187
LOC101929898	4	0	4
ZDHHC11B	112	2	110
ZDHHC11	1882	0	1882
BRD9	3431	231	3280
TRIP13	5931	20	5991
LOC124900931	0	0	0
LINC02982	0	0	0
LOC124900932	0	0	0
NKD2	0	0	0
SLC12A7	189	0	189
MIR4635	0	0	0
LOC107986396	0	0	0
LOC124900189	0	0	0
TERLR1	0	0	0
SLC6A19	2	0	2
SLC6A18	0	0	0
TERT	51	0	51
MIR4457	0	0	0
CLPTM1L	3656	0	3656
LINC01511	0	0	0
SLC6A3	0	0	0
LPCAT1	217	1	455
LOC124901162	0	239	0
MIR6075	3	0	3
LOC124901161	12	0	14
LOC107986397	10	9	7
SDHAP3	300	0	300
PDCD6P1	270	0	270
LOC105374614	0	0	0
MIR4277	0	0	0
LOC101929003	17	17	0
MRPL36	1483	632	1479
NDUFS6	1471	0	2099
LINC02116	0	0	0
LOC124901163	0	0	0
LOC124901164	0	0	0
IRX4	0	0	0
IRX4-AS1	0	0	0
CTD-2194D22.4	0	0	0
LOC124901165	0	0	0
LOC105374618	0	0	0
LOC124901166	0	0	0
LOC100506858	0	0	0
LOC124901167	0	0	0
LSINCT5	0	0	0
IRX2	0	0	0
IRX2-DT	0	0	0
LOC105374620	0	0	0
LOC107983966	0	0	0
LOC107984098	0	0	0
LOC105374621	0	0	0
LINC01377	0	0	0
LINC01019	0	0	0
LINC02162	0	0	0
LINC01017	0	0	0
IRX1	0	0	0
LOC107986399	0	0	0
LOC105374625	0	0	0
LOC105374626	0	0	0
LINC02063	0	0	0
LOC124901168	1	0	1
LOC124901169	0	0	0
LOC107986400	0	0	0
LINC02114	0	0	0
LOC105374629	0	0	0
LOC105374630	0	0	0
LINC01020	0	0	0
LINC02121	0	0	0
ADAMTS16-DT	0	0	0
ADAMTS16	5	2	10
ADAMTS16-AS1	0	0	0
LOC101929200	47	6	48
ICE1	3455	0	3455
LOC105374634	0	0	0
LOC105374636	0	0	0
LINC02145	1	0	1
MED10	0	0	0
LOC124900933	0	0	0
UBE2QL1	0	0	0
LOC105374639	0	0	0
LINC01018	0	0	0
NSUN2	7773	3	7770
SRD5A1	1653	4	1649
LOC124900934	4	1	3
LINC02102	9	3	6
TENT4A	2402	4	2398
LOC107986401	15	0	15
LOC102724943	26	0	26
LINC02236	0	0	0
MIR4278	0	0	0
LOC105374641	3	0	3
LOC105374642	0	0	0
LINC02196	0	0	0
LOC124900935	0	0	0
LOC105374643	0	0	0
LOC442132	0	0	0
LOC105379638	0	0	0
LINC02123	0	0	0
LOC105374645	0	0	0
LINC02142	0	0	0
LOC107986403	0	0	0
ADCY2	0	0	0
LOC105374646	0	0	0
CFAP90	0	0	0
MTRR	2237	193	2232
FASTKD3	525	0	713
LOC124900936	18	0	18
LOC124900937	0	0	0
LOC102723339	0	0	0
LINC02226	0	0	0
MIR4458HG	233	0	233
MIR4458	0	0	0
LOC105374647	0	0	0
LOC101929307	0	0	0
LINC02199	0	0	0
SEMA5A	8	0	8
MIR4636	0	0	0
LOC124901170	0	0	0
SEMA5A-AS1	0	0	0
SNHG18	0	0	0
SNORD123	0	0	0
LOC101929359	0	0	0
TAS2R1	0	0	0
LOC124900938	0	0	0
LINC02112	0	0	0
LOC105374649	0	0	0
LINC02221	0	0	0
LOC107986405	4	0	4
LOC124900939	4	0	4
ATPSCKMT	257	0	258
CCT5	26984	5	26980
CMBL	2790	0	2790
LOC105374651	16	3	13
MARCHF6-DT	93	1	95
MARCHF6	6310	5	6308
MIR10397	0	0	0
ROPN1L-AS1	2	0	2
ROPN1L	6	0	6
LOC124900940	2	0	2
MIR6131	0	0	0
LINC02212	0	0	0
LINC02213	2	0	2
ANKRD33B	216	2	214
DAP	4610	0	5048
DAP-DT	0	438	0
CTD-2154B17.1	0	0	0
LOC105374654	0	0	0
CTNND2	0	0	0
LOC105374656	0	0	0
LOC105374655	56	0	56
LINC01194	25	0	26
LOC124900941	0	1	0
LOC105374657	2	2	0
LINC02220	0	0	0
LOC105374659	0	0	0
LOC105374660	0	0	0
LOC124900942	0	0	0
DNAH5	28	0	28
DNAH5-AS1	0	0	0
TRIO	3774	5	3769
LOC124900943	0	0	0
SNORD170	3	0	3
OTULINL	1586	0	1586
SNORD141B	28	0	28
OTULIN-DT	49	8	43
OTULIN	1298	9	1305
ANKH	1175	197	1386
LOC100130744	2	0	2
LOC124900944	8	2	6
MIR4637	0	0	0
LOC105374661	0	0	0
LOC107986376	0	0	0
LOC124900197	0	0	0
LINC02149	0	0	0
LOC124900945	0	0	0
FBXL7	0	0	0
CTD-2350J17.1	0	0	0
LOC124900946	0	0	0
LOC107986343	0	0	0
MIR887	0	0	0
LOC107986406	0	0	0
MARCHF11	0	0	0
MARCHF11-AS1	1	0	1
LOC105379640	0	0	0
MARCHF11-DT	0	0	0
LINC02150	1	0	1
ZNF622	2615	0	2615
RETREG1	38	2	36
RETREG1-AS1	0	0	0
MYO10	3669	3	3666
LOC124900947	6	0	6
BASP1-AS1	228	23	281
MIR10522	0	0	0
LOC105374664	17	17	0
BASP1	25610	721	24965
LINC02111	7	7	0
LINC02217	1	0	1
LINC02218	0	0	0
H3Y2	0	0	0
TAF11L2	0	0	0
TAF11L3	0	0	0
TAF11L4	0	0	0
TAF11L5	0	0	0
TAF11L6	0	0	0
TAF11L7	0	0	0
TAF11L8	0	0	0
TAF11L9	0	0	0
TAF11L10	0	0	0
TAF11L11	1	0	1
TAF11L12	0	0	0
TAF11L13	0	0	0
TAF11L14	1	0	1
H3Y1	0	0	0
LOC105374666	25	0	25
LINC02223	2	0	2
LOC124900199	0	0	0
LINC02100	54	0	54
LOC124901212	0	0	0
LOC105374669	0	0	0
CDH18	0	0	0
LOC105374672	0	0	0
LOC124900948	0	0	0
CDH18-AS1	0	0	0
LINC02241	0	0	0
LINC02146	0	0	0
LOC105374673	0	0	0
LOC105374678	0	0	0
LOC102723561	0	0	0
LOC124900950	0	0	0
LOC124900951	0	0	0
GUSBP1	5	0	5
LOC124900949	3	0	3
LOC105374685	0	0	0
CDH12	22	2	20
LOC105374683	0	0	0
SNORA105A	0	0	0
LOC107986345	0	0	0
PMCHL1	0	0	0
LOC105374682	0	0	0
LOC105374681	0	0	0
LOC101929617	0	0	0
LOC105374686	0	0	0
LOC105374687	0	0	0
LOC105374688	0	0	0
LOC124901171	0	0	0
PRDM9	0	0	0
LOC124901158	0	0	0
LOC107986377	0	0	0
LOC124901172	0	0	0
LINC02899	0	0	0
LOC124901173	59	0	59
LOC105374689	32	0	32
CDH10	6491	1	6741
LOC124901174	2	251	2
LINC02239	0	0	0
LINC02228	0	0	0
LINC02211	0	0	0
LOC124901175	0	0	0
LOC124901176	0	0	0
TRK-CTT9-1	0	0	0
LOC124901159	0	0	0
CDH9	0	0	0
LOC105374695	1	1	0
PURPL	533	0	533
LOC124901177	3	0	3
LOC105374696	0	0	0
LINC02103	0	0	0
LOC105374701	0	0	0
LOC107986409	0	0	0
LOC124901178	0	0	0
LSP1P3	0	0	0
LOC101929645	0	0	0
LOC105374699	0	0	0
LINC02109	1	0	1
LINC02064	0	0	0
LOC105374702	0	0	0
LOC105374703	0	0	0
LOC105374704	0	0	0
LOC105374705	0	0	0
LOC105374706	0	0	0
LOC105374707	3	0	3
LOC124901160	0	0	0
LOC124901179	0	0	0
LOC124900952	0	0	0
CDH6	0	0	0
LOC105374709	0	0	0
DROSHA	3020	0	3020
C5orf22	1595	0	1595
PDZD2	169	13	180
LOC124901200	0	0	0
LOC124900953	2	0	2
LOC107986346	0	0	0
MIR4279	0	0	0
LOC105374711	28	19	33
GOLPH3	5181	124	5057
MTMR12	1046	0	1046
ZFR	2946	0	2946
MIR579	3	0	3
LOC124900954	0	0	0
SUB1	4345	0	4345
LINC02061	0	0	0
NPR3	2839	6	2833
LOC124900956	1	0	2
LOC124900955	1	2	0
LINC02120	1	0	1
LOC105374715	0	0	0
LINC02160	0	0	0
LOC124900637	0	0	0
TARS1-DT	60	0	67
TARS1	12276	10	12273
LOC105374717	0	0	0
ADAMTS12	0	0	0
RXFP3	0	0	0
SLC45A2	0	0	0
AMACR	8	0	8
C1QTNF3-AMACR	1	0	1
C1QTNF3	55	0	55
LOC646652	0	0	0
LOC105374719	0	0	0
LOC124900957	0	0	0
LOC124900958	0	0	0
LOC105374721	0	0	0
RAI14-DT	0	0	0
RAI14	809	1	808
LOC124900960	0	0	0
TTC23L-AS1	0	0	0
TTC23L	69	206	0
LOC124900959	0	0	0
RAD1	1609	71	1726
BRIX1	6	4	109
LOC124900961	58	367	3
DNAJC21	2095	5	2191
AGXT2	0	0	0
PRLR	0	0	0
LOC124901220	0	0	0
SPEF2	58	0	58
LOC105374724	0	0	0
IL7R	1139	1	1138
CAPSL	18	0	18
CAPSL-DT	0	0	0
UGT3A1	0	0	0
UGT3A2	4	0	4
LMBRD2	665	1	664
MIR580	0	0	0
SKP2	1500	159	1519
NADK2	1215	42	1373
NADK2-AS1	8	8	0
LOC124900962	2	22	2
RANBP3L	11	3	8
LOC124900963	0	0	0
SLC1A3	2625	0	2625
SLC1A3-AS1	37	36	1
NIPBL-DT	453	1	455
NIPBL	3456	42	3422
CPLANE1	1160	17	1164
CPLANE1-AS1	4	1	19
NUP155	4123	6	4117
WDR70	1200	0	1200
GDNF	0	0	0
GDNF-AS1	0	0	0
LINC02117	0	0	0
LINC02110	0	0	0
LINC02107	0	0	0
LOC105374730	0	0	0
LINC02119	0	0	0
LOC124900966	0	0	0
EGFLAM	929	20	1054
EGFLAM-AS4	0	0	0
EGFLAM-AS2	0	0	0
EGFLAM-AS1	0	2	0
EGFLAM-AS5	34	14	27
LOC124900965	0	130	6
LIFR	2675	26	2670
LIFR-AS1	34	0	74
MIR3650	0	4	0
LOC105374735	1	0	1
OSMR-DT	183	9	180
LINC01265	0	0	0
LOC107986414	128	3	128
OSMR	15537	203	15533
RICTOR	2341	13	2524
FYB1	21	0	21
C9	4	0	4
DAB2	3017	1	3016
LINC02104	18	0	18
LINC00603	0	0	0
LINC00604	0	0	0
LOC105374736	1	0	1
LOC124900967	0	0	0
LOC105374737	0	0	0
LOC124900196	0	0	0
PTGER4	237	207	173
TTC33	685	3	819
PRKAA1	2113	2	2265
LOC124900968	20	173	1
LOC124900202	0	0	0
RPL37	13773	7	13766
SNORD72	6	0	6
CARD6	42	0	42
C7	0	0	0
MROH2B	0	0	0
LOC105374739	0	0	0
C6	0	0	0
LOC124900969	0	0	0
LOC102723740	0	0	0
PLCXD3	0	0	0
LOC105374740	0	0	0
OXCT1	5169	0	5495
LOC102723752	22	25	0
OXCT1-AS1	6	323	6
RIMOC1	2219	0	2219
FBXO4	509	0	509
LINC02996	0	0	0
GHR	0	0	0
CCDC152	0	11	0
SELENOP	4	0	15
LOC124900970	0	0	0
LOC124900971	0	0	0
LOC105374745	1	0	1
FLJ32255	3	1	4
LOC105374746	24	3	23
ANXA2R-OT1	398	51	552
LOC105374748	48	148	45
ANXA2R	124	20	124
ANXA2R-AS1	98	8	110
LOC100132356	89	49	46
LOC100506639	62	14	135
LOC124900972	10	13	2
ZNF131	1635	0	1635
NIM1K	8	0	8
HMGCS1	1640	0	1640
CCL28	29	0	29
TMEM267	421	0	424
C5orf34-AS1	0	130	2
C5orf34	478	7	742
LOC124900190	30	122	29
PAIP1	4965	2	4963
NNT-AS1	81	15	93
NNT	718	12	733
FGF10	0	0	0
FGF10-AS1	0	0	0
LINC02224	0	0	0
MRPS30-DT	94	0	94
MRPS30	3161	4	3157
LOC124901180	0	0	0
HCN1	0	0	0
EMB	1	0	1
PARP8	0	0	0
LOC124901181	0	0	0
LINC02106	0	0	0
LOC107986379	0	0	0
LOC124901206	0	0	0
ISL1-DT	34	1	33
ISL1	108	0	108
LOC105378959	0	0	0
LINC02118	0	0	0
LOC105378961	0	0	0
LOC105378962	0	0	0
PELO-AS1	15	554	7
ITGA1	2535	0	2832
PELO	1006	3	1537
ITGA2-AS1	4	301	0
ITGA2	2496	4	2492
LOC124900974	4	0	4
MOCS2	571	7	564
MOCS2-DT	52	0	52
LOC107986380	0	0	0
LOC105378965	0	0	0
FST	40	0	40
NDUFS4	643	6	637
LOC124900975	6	0	6
LINC02105	0	0	0
ARL15	125	0	125
MIR581	0	0	0
LINC01033	2	0	2
HSPB3	20	0	20
SNX18	24	0	24
LINC02998	0	0	0
LOC105378969	0	0	0
LOC124900976	0	0	0
ESM1	0	0	0
LOC102467081	0	0	0
GZMK	0	0	0
LOC105378971	0	0	0
GZMA	0	0	0
CDC20B	2	0	2
GPX8	1530	0	1530
MIR449A	0	0	0
MIR449B	0	0	0
MIR449C	0	0	0
MCIDAS	123	10	150
LOC124900978	36	53	20
CCNO	555	6	554
CCNO-DT	11	60	17
DHX29	902	8	953
MTREX	1833	167	2004
LOC124900979	7	7	0
LOC107986415	0	0	0
LOC124900977	2	0	2
PLPP1	292	173	457
MIR5687	0	0	0
RNF138P1	5	0	5
LOC124900980	0	0	0
SLC38A9	391	0	391
DDX4	1	0	1
IL31RA	2	0	2
IL6ST	3881	3	3878
IL6ST-DT	17	0	17
LOC124901197	0	0	0
LOC105378976	0	0	0
ANKRD55	1	1	0
LOC101928419	11	0	11
LOC105378977	0	0	0
LINC01948	0	0	0
C5orf67	0	0	0
LOC105378979	0	0	0
MAP3K1	251	0	251
LOC105378980	0	0	0
SETD9	131	34	123
MIER3	588	5	609
LOC124900981	0	0	0
GPBP1	1614	0	1614
LOC107986381	0	0	0
RMEL3	0	0	0
ACTBL2	22	0	22
LNCBRM	0	0	0
LOC124901182	0	0	0
LOC101928505	0	0	0
LINC02225	0	0	0
LOC124901183	0	0	0
LOC124901202	0	0	0
LINC02101	0	0	0
LOC105378983	0	0	0
LOC105378984	0	0	0
PLK2	4052	0	4052
GAPT	0	0	0
MIR548AE2	0	0	0
LINC02108	0	0	0
RAB3C	1	1	0
PDE4D	2747	66	2686
PDE4D-AS1	3	0	3
LOC107986347	3	0	3
MIR582	0	0	0
LOC105378988	14	1	18
LOC107986350	0	0	0
PART1	1	1	0
DEPDC1B	247	0	247
LOC124900982	4	0	4
ELOVL7	0	0	0
ERCC8	124	0	163
ERCC8-AS1	1	40	0
NDUFAF2	416	2	414
SMIM15	793	2	935
SMIM15-AS1	0	144	0
LINC02057	2	0	2
LOC105378993	0	0	0
LOC105378994	1	0	1
ZSWIM6	714	0	714
LOC105378997	0	0	0
LINC03122	0	0	0
LINC03152	0	0	0
LINC03123	0	0	0
LOC124900983	0	0	0
LOC105378995	0	0	0
LOC105378998	0	0	0
LOC124900610	0	0	0
KIF2A	1440	279	1743
DIMT1	252	309	525
IPO11	405	0	405
IPO11-LRRC70	0	0	0
LRRC70	10	0	10
LOC107986416	0	0	0
LOC105378999	0	0	0
HTR1A	0	0	0
RNF180	0	0	0
RGS7BP	0	0	0
LOC124900984	0	0	0
SHISAL2B	0	3	0
SREK1IP1	558	0	561
LOC124900985	7	0	7
CWC27	678	0	678
LOC107986419	0	0	0
ADAMTS6	390	0	390
LOC124900986	143	0	143
CENPK	369	0	369
PPWD1	538	8	530
TRIM23	161	1	160
TRAPPC13	381	1	388
SHLD3	56	0	56
SGTB	160	8	160
NLN	808	0	808
ERBIN	1973	1	1972
LOC100303749	0	0	0
LOC124900212	0	0	0
LOC124900987	31	0	31
SREK1	1366	3	1363
LOC401191	4	0	4
LINC02065	0	0	0
LOC124901219	0	0	0
LOC124901205	0	0	0
LOC105379004	0	0	0
LOC124900988	1	0	1
LOC105379003	0	0	0
LOC105379002	0	0	0
LINC02229	0	0	0
MAST4	253	0	253
MAST4-AS1	7	0	7
CD180	9	0	9
TILRLS	0	0	0
LOC124900989	0	0	0
LOC101928819	0	0	0
LINC02242	0	0	0
LINC02997	0	0	0
LOC105379007	0	0	0
LOC107986420	0	0	0
LOC124900990	0	0	0
LINC02219	0	0	0
PIK3R1	3	0	3
LOC105379013	0	0	0
LOC105379012	0	0	0
LOC105379011	0	0	0
LOC105379010	0	0	0
LOC124900991	0	0	0
LOC124900198	0	0	0
LOC105379015	0	0	0
LOC107984116	0	0	0
LINC02198	0	0	0
SLC30A5	1050	3	1047
SNORA50D	0	0	0
CCNB1	3604	1	3604
LOC124901203	6	7	0
LOC112267932	15	0	16
CENPH	633	1	633
KGD4	125	0	125
CDK7	7	0	7
CCDC125	29	3	26
AK6	0	0	0
TAF9	0	0	0
RAD17	10	2	12
MARVELD2	6	0	6
LOC101928924	0	0	0
OCLN	0	0	0
SNORD13B-1	0	0	0
GTF2H2C	3	0	3
GUSBP3	0	0	0
LOC124900997	0	0	0
LOC105379623	0	0	0
LOC124900996	0	0	0
SERF1B	0	0	0
LOC107986372	0	0	0
SMN2	0	0	0
GUSBP14	2	0	2
LOC124900998	0	0	0
LOC105379021	0	0	0
GTF2H2B	2	0	2
GUSBP15	0	0	0
LOC441081	0	0	0
LOC124900992	0	0	0
LOC124900995	0	0	0
LOC105379020	0	0	0
LOC107986355	0	0	0
GUSBP16	5	0	5
LOC101929599	0	0	0
SERF1A	0	0	0
LOC107986373	0	0	0
SMN1	0	0	0
SMN1-AS1	0	0	0
NAIP	0	0	0
LOC112267942	0	0	0
GTF2H2	3	0	3
OCLNP1	0	0	0
SNORD13B-2	0	0	0
LOC124900994	0	0	0
GUSBP17	4	0	4
LOC124900993	0	0	0
LOC105379016	0	0	0
LINC02197	0	0	0
LOC105379025	0	0	0
PMCHL2	0	0	0
LOC107987420	0	0	0
BDP1	0	0	0
LOC124900999	0	0	0
MCCC2	2276	0	2276
CARTPT	0	0	0
LOC105379027	0	0	0
LOC107986382	0	0	0
LOC124901000	0	0	0
LOC105379028	2	0	2
MAP1B	10	5	5
MIR4803	0	0	0
MRPS27	3999	0	3999
LOC107986422	4	0	4
PTCD2	744	1	743
ZNF366	0	0	0
LOC102503427	0	0	0
TNPO1-DT	1	1	0
TNPO1	4143	8	4135
MIR4804	0	0	0
FCHO2-DT	15	0	16
FCHO2	544	1	544
LOC124901001	0	0	0
TMEM171	0	0	0
LOC105379030	0	0	0
TMEM174	0	0	0
LOC340090	0	0	0
LOC124901002	0	0	0
LOC105379031	0	0	0
LINC02230	0	0	0
LOC107986383	2	0	2
FOXD1	1	0	1
LINC01386	0	0	0
BTF3-DT	21	0	21
BTF3	10830	2	10828
ANKRA2	185	0	185
UTP15	579	0	579
ARHGEF28	415	0	415
LOC107986423	0	0	0
LOC105379034	2	0	2
LOC124901003	0	0	0
LINC02122	0	0	0
LOC105379035	0	0	0
LOC124901004	0	0	0
LINC01335	0	0	0
LINC01333	0	0	0
LINC01331	0	0	0
LOC124901005	0	0	0
ENC1	11	0	11
HEXB	4610	1	4668
GFM2	1075	70	1064
NSA2	1997	2	2011
FAM169A	12	28	0
FAM169A-AS1	0	0	0
LOC124900209	0	0	0
LOC105379039	0	0	0
LOC105379040	0	0	0
GCNT4	0	0	0
ANKRD31	6	0	6
LOC124901006	0	0	0
LOC124901007	1	0	1
HMGCR	1640	1	1639
CERT1	525	4	524
POLK	460	0	463
ANKDD1B	2	0	2
POC5	155	1	154
LOC441087	1	0	1
SV2C	1	0	1
SV2C-AS1	0	0	0
SV2C-AS2	0	0	0
IQGAP2	0	0	0
LOC101929109	0	0	0
F2RL2	1	0	1
NCRUPAR	0	0	0
F2R	145	0	145
LOC124901199	0	0	0
F2RL1	17	0	17
S100Z	0	0	0
CRHBP	0	0	0
AGGF1	752	1	751
ZBED3	623	7	651
SNORA47	2	0	2
PDE8B	660	48	612
ZBED3-AS1	17	0	17
LOC124901008	0	0	0
WDR41	800	17	783
LOC124901009	2	1	1
OTP	0	0	0
OTP-AS1	0	0	0
TBCA	1468	0	1468
LOC101929154	0	0	0
AP3B1	1722	0	1722
LOC124901010	0	0	0
SCAMP1-AS1	132	7	131
SCAMP1	975	4	977
LHFPL2	1152	13	1139
LOC124900191	0	0	0
ARSB	290	18	272
DMGDH	0	0	0
BHMT2	0	0	0
BHMT	0	0	0
LOC124901012	0	0	0
LOC124901011	2	0	2
LOC124900205	0	0	0
JMY	601	7	594
LOC102724530	1	0	1
LOC101929201	1	0	1
HOMER1	200	0	200
LOC107986426	0	0	0
LOC124901013	0	0	0
LOC105379047	1	0	1
LOC124901014	1	0	1
TENT2	627	0	627
CMYA5	17	0	17
LOC102724557	0	0	0
LOC105379048	0	1	0
LINC01455	0	0	0
MTX3	489	0	490
THBS4	4	0	4
THBS4-AS1	0	0	0
SERINC5	144	0	144
LOC124901201	0	0	0
LOC644936	0	0	0
LOC124900204	0	0	0
LOC124901015	0	0	0
SPZ1	0	0	0
CRSP8P	1	0	1
ZFYVE16	892	247	702
FAM151B-DT	21	0	80
FAM151B	16	3	15
ANKRD34B	0	0	0
LINC01337	2	0	2
DHFR	1121	19	1123
MSH3	437	3	455
LOC107986428	8	0	8
RASGRF2-AS1	0	0	0
RASGRF2	14	16	4
LOC124901017	3	0	7
CKMT2	6	6	0
CKMT2-AS1	38	0	39
ZCCHC9	227	0	425
ACOT12	9	207	0
SSBP2	145	1	144
LOC107986384	0	0	0
LOC107986385	0	0	0
LOC124901018	0	0	0
ATG10	189	0	192
RPS23	10356	6	10353
ATP6AP1L	171	0	171
LOC124901019	0	0	0
LOC105379050	0	0	0
LOC124901020	0	0	0
MIR3977	0	0	0
LINC01338	0	0	0
LOC107986430	0	0	0
LOC105379051	0	0	0
LOC105379052	3	0	3
TMEM167A	1604	0	1606
SCARNA18	0	0	0
XRCC4	252	2	252
LOC105379053	0	0	0
VCAN	0	0	0
VCAN-AS1	0	0	0
LOC124901021	0	0	0
HAPLN1	0	0	0
LOC107986386	0	0	0
EDIL3	294	11	305
EDIL3-DT	7	12	17
LOC105379059	0	0	0
LOC101929321	0	0	0
LOC105379061	0	0	0
LOC105379062	1	1	0
LOC105379063	0	0	0
NBPF22P	0	0	0
LOC105379064	0	0	0
COX7C	3083	1	3082
SNORD138	1	0	1
LINC02059	0	0	0
MIR4280HG	0	0	0
LOC645261	0	0	0
LOC105379065	0	0	0
MIR4280	0	0	0
LOC101929380	0	0	0
LINC01949	0	0	0
RASA1	437	68	604
LOC124901022	2	0	2
CCNH	824	243	821
LOC644285	36	0	36
LOC105379066	0	1	4
LINC02144	0	0	0
LINC02488	0	0	0
LOC124901023	0	0	0
LOC105379070	0	0	0
TMEM161B	507	0	507
TMEM161B-DT	144	0	144
LOC124900200	0	0	0
LINC02060	4	4	0
MIR9-2HG	0	0	0
MIR9-2	0	0	0
MEF2C-AS2	0	0	0
GSCAR	0	0	0
MEF2C	0	0	0
MEF2C-AS1	0	0	0
LOC105379074	0	0	0
LOC105379073	0	0	0
LOC107986387	0	0	0
LINC02161	0	0	0
LOC124901184	0	0	0
LOC102724637	0	0	0
MIR3660	0	0	0
LINC01339	0	0	0
CETN3	248	0	248
LOC731157	0	0	0
MBLAC2	132	2	166
POLR3G	378	37	377
LYSMD3	266	3	263
ADGRV1	11	0	11
LOC105379077	0	0	0
LOC107986432	0	0	0
LOC107986433	2	0	2
LUCAT1	154	0	154
ARRDC3	1953	0	1956
ARRDC3-AS1	13	3	13
LOC107986434	0	0	0
LOC105379078	0	0	0
LOC105379080	0	0	0
LOC105379082	0	0	0
LINC02058	0	0	0
LOC107986388	0	0	0
LOC124901025	0	0	0
LOC105379083	0	0	0
NR2F1-AS1	115	561	150
LOC124901026	0	0	0
NR2F1	850	45	1401
LOC124901027	0	0	0
ARB2A	324	3	326
MIR2277	0	0	0
LOC124901028	0	0	0
POU5F2	2	2	0
LOC105379087	0	5	0
KIAA0825	200	3	227
SLF1	1778	33	1775
MCTP1	308	152	156
MCTP1-AS1	0	0	0
LOC105379085	0	0	0
LOC105379089	0	0	0
FAM81B	1	0	1
SKIC3	1902	1	1901
ARSK	149	0	149
GPR150	0	0	0
LOC112267933	0	0	0
RFESD	14	0	38
SPATA9	8	118	21
LOC105379090	0	0	1
RHOBTB3	1183	24	1265
GLRX	806	0	806
LOC124901029	6	4	5
LOC102724720	27	1	27
LINC01554	7	1	8
LOC105379091	4	0	4
ELL2	5318	5	5518
CAST	6934	231	10420
LOC101929710	0	0	0
LOC105379096	0	0	0
MIR583	0	0	0
LOC105379675	0	0	0
LOC124901032	0	1	0
LOC107986365	0	0	0
LOC124901034	0	0	0
PCSK1	442	2	440
LOC107986363	16	0	16
ERAP1	860	3604	969
LOC124901031	35	163	33
LOC124901033	3	33	2
ERAP2	125	3	122
LOC124901030	0	2	0
LNPEP	669	0	671
LIX1-AS1	0	0	0
LIX1	0	0	0
RIOK2	821	0	821
LINC01340	0	0	0
LINC02234	0	0	0
LINC01846	0	0	0
RGMB	330	11	326
RGMB-AS1	0	0	7
LOC105379099	0	0	0
CHD1	1322	4	1335
CHD1-DT	1	14	4
LOC100289230	33	0	33
LOC107986436	0	0	0
LINC02113	0	0	0
LOC105379101	0	0	0
GUSBP19	1	0	1
LOC105379100	0	0	0
FAM174A-DT	2	0	2
FAM174A	477	1	476
ST8SIA4	0	0	0
MIR548P	0	0	0
LOC107986437	0	0	0
LOC107986438	0	0	0
LOC105379102	0	0	0
SLCO4C1	0	0	0
SLCO6A1	0	0	0
LOC124901035	0	0	0
LOC124901036	0	0	0
LINC00492	0	0	0
LINC00491	0	0	0
LOC105379104	0	0	0
PAM	5967	3	5964
LOC105379105	1	0	1
GIN1	178	0	178
PPIP5K2	457	0	457
LOC124901037	0	0	0
MACIR	437	0	437
LINC02115	0	0	0
NUDT12	167	0	167
LOC105379107	0	0	0
LOC101930276	0	0	0
NIHCOLE	15	0	15
LOC105379109	0	0	0
RAB9BP1	0	0	0
LOC105379110	1	0	1
LINC01950	0	0	0
EFNA5	280	0	280
LOC124901038	1	1	0
LOC124901039	0	0	0
FBXL17	250	1	249
LOC105379114	0	0	0
LOC107986440	0	0	0
LINC01023	34	18	16
FER	647	5	661
LOC124901040	4	23	0
LOC285638	9	0	9
PJA2	1673	0	1673
LOC105379117	0	0	0
MAN2A1-DT	9	65	8
MAN2A1	1020	2	1082
LINC01848	0	0	0
LOC105379119	0	0	0
TMEM232	3	0	3
MIR548F3	0	0	0
LOC124900207	0	0	0
SLC25A46	1030	0	1030
LOC105379121	0	0	0
TSLP	0	0	0
WDR36	855	0	855
CAMK4	2	1	1
STARD4	517	0	554
STARD4-AS1	50	218	6
LOC105369177	0	0	0
LOC124901042	0	0	0
NREP	444	1	580
LOC105379122	0	0	0
NREP-AS1	0	0	0
EPB41L4A	771	193	706
EPB41L4A-AS1	497	0	529
SNORA13	1	0	1
LOC124901044	2	48	0
LOC101927023	2	2	0
EPB41L4A-DT	12	40	22
LOC124901043	0	0	0
LINC02200	0	0	0
LOC102467216	0	0	0
APC	854	0	854
SRP19	749	13	745
REEP5	2257	10	2262
LOC105379123	0	0	6
LOC105379126	0	0	0
DCP2	760	3	760
MCC	291	10	285
LOC124901045	0	1	0
LOC107986366	0	0	0
TSSK1B	1	1	0
LOC124901046	1	0	1
YTHDC2	1113	0	1113
LOC107986441	0	0	0
LOC105379127	1	0	1
LOC124901047	0	0	0
KCNN2	1	0	1
LOC101927078	0	0	0
LINC01957	0	0	0
TRIM36	49	0	49
PGGT1B	359	3	356
CCDC112	189	0	189
LOC105379129	0	0	0
LOC105379130	0	0	0
FEM1C	516	0	516
TMED7-TICAM2	0	0	0
TICAM2	0	0	2
TICAM2-AS1	2	5	0
TMED7	1241	0	1241
LOC102467217	0	0	0
LOC124901048	0	0	0
CDO1	0	0	0
LOC124901049	4	303	0
ATG12	602	0	901
AP3S1	1125	0	1125
LINCADL	0	0	0
LVRN	7	0	7
ARL14EPL	0	0	0
COMMD10	197	20	177
MIR12130	0	0	0
LOC101927190	0	0	0
SEMA6A	9	13	0
SEMA6A-AS1	1	0	5
SEMA6A-AS2	0	0	0
LINC02214	0	0	0
LOC105379133	0	0	0
LOC105379136	0	0	0
LOC105379135	0	0	0
LOC105379134	0	0	0
LOC105379137	0	0	0
LOC107986375	0	0	0
LOC105379138	0	0	0
LOC105379139	0	0	0
LINC00992	1	0	1
LOC124900192	2	0	2
LOC124901050	0	0	0
LINC02147	0	0	0
LOC124901051	0	0	0
LINC02148	0	0	0
LINC02208	0	0	0
LINC02216	0	0	0
LINC02215	0	0	0
LOC124901052	0	0	0
DTWD2	162	0	162
MIR1244-2	34	0	34
DMXL1-DT	3	0	3
LOC124901209	0	0	0
DMXL1	675	0	675
MIR5706	0	0	0
TNFAIP8	730	1	729
LOC102723444	9	5	4
HSD17B4	2606	0	2606
LOC107986444	0	0	0
LOC124901198	0	0	0
FAM170A	0	0	0
LOC105379144	0	0	0
LOC124901053	0	0	0
LOC124901054	0	0	0
PRR16	0	0	0
LOC105379147	0	0	0
LOC102467226	0	0	0
LOC105379150	0	0	0
LOC105379149	0	0	0
FTMT	0	0	0
LOC105379148	0	0	0
SRFBP1	231	2179	258
LOX	3135	64	5277
ZNF474-AS1	1	1	0
ZNF474	0	0	0
ZNF475	0	0	0
SNCAIP	0	0	0
SNCAIP-AS2	0	0	0
SNCAIP-AS3	0	0	0
LOC107986446	0	0	0
LOC105379151	0	0	0
LOC101927357	0	0	0
LINC02201	0	0	0
SNX2	2155	3	2152
LOC105379154	5	8	3
SNX24	339	120	343
LOC124901213	1	1	0
PPIC	148	3	263
PPIC-AS1	0	0	0
PRDM6-AS1	13	6	14
PRDM6	59	4	62
CEP120	311	0	311
CSNK1G3	580	2	578
LINC01170	0	0	0
LOC101927397	0	0	0
LOC107986448	0	0	0
LOC105379155	0	0	0
ZNF608	2	0	2
LOC105379156	0	0	0
LOC105379157	0	0	0
LOC107986391	0	0	0
LOC124901055	0	0	0
LOC105379158	0	0	0
LOC101927421	0	0	0
LOC124901056	0	0	0
LINC02240	0	0	0
LINC02039	0	0	0
LOC101927488	0	0	0
GRAMD2B	878	0	878
LOC101927514	0	0	0
ALDH7A1	1966	0	1966
PHAX	866	0	866
SPMIP10	1	0	1
LOC105379162	0	0	0
LMNB1-DT	0	0	0
LMNB1	2141	3	2138
MARCHF3	24	8	16
LOC105379163	2	0	2
C5orf63	0	0	0
LOC105379198	0	0	0
MEGF10	0	0	0
LOC124901057	0	0	0
LOC105379199	0	0	0
PRRC1	980	0	980
LOC124901058	4	4	0
CTXN3	0	0	0
LOC105379164	0	0	0
CCDC192	2	17	2
LOC124901059	1	1	0
SLC12A2-DT	160	0	177
SLC12A2	278	0	278
FBN2	2	0	2
LOC105379167	0	0	0
LOC105379168	0	0	0
SLC27A6	0	0	0
LOC102723638	0	0	0
LOC124901060	1	195	1
ISOC1	458	0	653
MIR4633	0	0	0
LOC102723654	0	0	0
LOC105379169	0	0	0
MIR4460	0	0	0
ADAMTS19-AS1	0	0	0
ADAMTS19	0	0	0
MINAR2	0	0	0
CHSY3-AS1	0	0	0
CHSY3	0	0	0
LOC105379171	0	0	0
LOC107986449	0	0	0
LOC105379172	0	0	0
HINT1	3421	0	3421
LYRM7	190	1	189
LOC124901061	0	0	0
CDC42SE2	921	2	921
LOC105379173	8	4	6
RAPGEF6	348	0	348
FNIP1	471	0	471
MEIKIN	0	0	0
ACSL6	4	0	4
ACSL6-AS1	0	0	0
LOC124901062	0	0	0
LOC105379174	0	0	0
IL3	0	0	0
CSF2	0	0	0
P4HA2-AS1	1	242	0
P4HA2	2346	1	2586
MIR6830	0	0	0
PDLIM4	2	0	2
LOC124901063	0	0	0
SLC22A4	151	30	227
MIR3936HG	52	151	78
MIR3936	1	0	1
SLC22A5	710	4	777
CARINH	70	1	72
LINC02863	3	1	3
IRF1	931	9	924
IL5	1	1	0
RAD50	1300	1	1634
TH2LCRR	1	336	0
IL13	0	0	0
IL4	0	0	0
LOC105379176	0	0	0
KIF3A	138	0	138
CCNI2	1	3	1
SEPTIN8	698	2	699
SOWAHA	1	1	0
SHROOM1	390	3	387
LOC124901190	0	0	0
GDF9	18	141	18
UQCRQ	1557	1	1697
LEAP2	15	0	15
AFF4	3015	5	3010
AFF4-DT	1	0	1
ZCCHC10	267	3	264
HSPA4	5993	0	5993
LOC105379178	0	0	0
FSTL4	0	0	0
CTB-49A3.2	0	0	0
FSTL4-AS1	0	0	0
LOC124901068	0	0	0
CTB-3M24.3	0	0	0
MIR1289-2	0	0	0
LOC124901066	0	0	0
LOC124901210	0	0	0
WSPAR	0	0	0
LOC105379182	0	0	0
C5orf15	1838	3	1838
LOC105379183	1	2	2
VDAC1	9770	21	9749
LOC124901069	0	0	0
TCF7	3	2	2
SKP1	5117	0	5118
PPP2CA	3825	5	4581
MIR3661	0	763	3
PPP2CA-DT	10	0	10
CDKL3	69	187	70
UBE2B	715	8	895
CDKN2AIPNL	573	0	573
LINC02999	0	0	0
LINC01843	9	0	9
LOC124901070	2	1	1
JADE2	1021	15	1007
LOC124901191	0	1	0
SAR1B	306	0	306
SEC24A	769	8	761
LOC124901192	0	0	0
CAMLG	389	0	389
DDX46	2329	0	2329
C5orf24	937	0	937
TXNDC15	699	0	701
LOC124901071	1	2	1
PCBD2	134	0	134
CATSPER3	36	1	35
PITX1	1909	10	1949
PITX1-AS1	107	1558	62
EPIST	5	5	0
LOC124901072	1	0	1
LINC02900	1	1	0
MACROH2A1	2999	36	4428
DCANP1	0	0	0
TIFAB	0	0	0
LOC124901073	2	0	2
NEUROG1	0	0	0
CXCL14	0	0	0
SLC25A48	0	0	0
SLC25A48-AS1	0	0	0
MIR5692C1	0	0	0
LOC107986453	0	0	0
LOC124901074	0	0	0
IL9	0	0	0
FBXL21P	0	0	0
LECT2	0	0	0
LOC105379189	0	0	0
TGFBI	3386	1	3385
VTRNA2-1	0	0	0
SMAD5-AS1	0	0	3
SMAD5	866	3	866
SMIM32	0	0	0
TRPC7	0	0	0
TRPC7-AS1	0	0	0
TRPC7-AS2	0	0	0
LOC124901075	0	0	0
LOC124901076	2	0	2
CTB-1I21.1	59	0	59
SPOCK1	1824	0	1824
LOC105379192	0	0	0
KLHL3	82	0	82
MIR874	0	0	0
HNRNPA0	4620	13	4607
NPY6R	0	0	0
PKD2L2-DT	10	0	32
LOC107986368	2	3	0
MYOT	4	25	0
PKD2L2	6	189	1
FAM13B	506	2	724
FAM13B-AS1	6	34	8
LOC124901077	2	0	2
WNT8A	0	0	0
NME5	0	0	0
LOC124901208	0	0	0
BRD8	1812	1	1811
KIF20A	1738	7	1740
CDC23	800	8	801
GFRA3	5	0	5
CDC25C	273	47	275
LOC100128966	1	0	1
FAM53C	1425	6	1468
KDM3B	1998	2	1996
REEP2	4	0	4
EGR1	756	0	756
LOC124901078	0	0	0
ETF1	4402	0	4402
HSPA9	12598	3	14358
SNORD63B	10	0	10
SNORD63	1	0	1
LOC105379193	0	1763	0
LOC124901196	0	0	0
CTNNA1-AS1	5	2	5
CTNNA1	10427	15	10415
LRRTM2	0	0	1
SIL1	1243	0	1633
LOC124901079	13	399	4
LOC124901080	2	2	0
LOC124901081	2	29	0
MATR3	6239	1	6241
SNHG4	573	0	594
SNORA74D	0	0	0
SNORA74A	0	0	0
PAIP2	2219	1	2218
SLC23A1	38	10	28
MZB1	1	0	1
PROB1	75	0	75
SPATA24	135	81	54
DNAJC18	0	0	0
LOC124901082	0	0	0
ECSCR	0	0	0
SMIM33	0	0	0
STING1	0	0	0
LOC124901083	7	0	7
UBE2D2	1290	1	1289
CXXC5	999	1	1064
CXXC5-AS1	0	66	0
LOC124901084	0	0	0
LOC124901085	0	0	0
PSD2-AS1	0	0	0
PSD2	2	0	3
NRG2	11	1	11
LOC124900193	21	26	0
MALINC1	3	0	3
PURA	617	7	620
IGIP	163	0	163
LOC124901086	0	0	0
LOC101929719	1	1	0
CYSTM1	1231	4	1227
PFDN1	868	0	868
HBEGF	73	0	73
SLC4A9	3	1	3
ANKHD1-DT	33	0	34
LOC124901087	2	1	1
ANKHD1-EIF4EBP3	3	1	2
ANKHD1	35	1	34
EIF4EBP3	2	0	2
SRA1	878	13	869
APBB3	379	20	366
MIR6831	0	0	0
SLC35A4	0	0	0
LOC131768270	0	0	0
LOC112267855	1	0	1
LOC124900208	0	0	0
TMCO6	337	678	353
CD14	20	0	20
NDUFA2	17	20	691
IK	3068	5	3090
MIR3655	0	0	0
LOC124901088	4	136	3
WDR55	573	26	1011
DND1	153	470	38
HARS1	1672	11	1661
HARS2	890	0	890
ZMAT2	1531	0	1531
LOC105378198	2	0	2
VTRNA1-1	0	0	0
VTRNA1-2	0	0	0
VTRNA1-3	0	0	0
PCDHA1	0	0	0
PCDHA2	0	0	0
PCDHA3	0	0	0
PCDHA4	0	0	0
PCDHA5	0	0	0
PCDHA6	0	0	0
PCDHA7	0	0	0
PCDHA8	0	0	0
PCDHA9	0	0	0
PCDHA10	0	0	0
LOC112267934	0	0	0
PCDHA11	0	0	0
PCDHA12	0	0	0
PCDHA13	0	0	0
PCDHAC1	0	0	0
PCDHAC2	0	0	0
LOC124901090	0	0	0
PCDHB1-AS1	0	0	0
PCDHB1	0	0	0
PCDHB2	0	0	0
PCDHB3	0	0	0
PCDHB4	0	0	0
PCDHB5	0	0	0
PCDHB6	0	0	0
PCDHB17P	0	0	0
PCDHB7	0	0	0
PCDHB8	0	0	0
PCDHB16	0	0	0
PCDHB9	0	0	0
PCDHB10	0	0	0
PCDHB11	0	0	0
PCDHB12	0	0	0
PCDHB13	0	0	0
PCDHB14	0	0	0
PCDHB18P	0	0	0
PCDHB19P	0	0	0
PCDHB15	0	0	0
LOC105378199	0	0	0
SLC25A2	0	0	0
TAF7	2036	0	2036
PCDHGA1	9	1	8
PCDHGA2	1	0	1
PCDHGA3	0	0	0
PCDHGB1	4	0	4
PCDHGA4	0	0	0
PCDHGB2	0	0	0
PCDHGA5	2	0	2
PCDHGB3	0	0	0
PCDHGA6	0	0	0
PCDHGA7	0	0	0
PCDHGB4	0	0	0
PCDHGA8	0	0	0
PCDHGB5	0	0	0
PCDHGA9	1	0	1
PCDHGB6	1	0	1
PCDHGA10	7	0	7
PCDHGB7	4	0	4
PCDHGA11	3	0	3
PCDHGB8P	0	0	0
PCDHGA12	0	0	0
PCDHGC3	0	0	0
PCDHGC4	0	0	0
PCDHGC5	0	0	0
DIAPH1	3712	1	4150
LOC124901091	2	441	0
DIAPH1-AS1	0	0	0
HDAC3	1357	6	1351
RELL2	31	67	41
FCHSD1	237	10	304
ARAP3	590	0	590
LOC124901092	0	0	0
LOC124901093	0	0	0
LOC124901094	0	0	0
LOC107986454	1	0	1
PCDH1	892	0	892
LOC729080	1	0	1
DELE1	1113	0	1114
PCDH12	20	20	4
RNF14	836	0	839
LOC124901095	6	7	0
GNPDA1	800	3	797
LOC105378204	0	0	0
NDFIP1	2017	0	2017
LOC107986455	3	3	0
LOC124901096	12	0	12
SPRY4	27	0	27
SPRY4-IT1	0	0	0
SPRY4-AS1	2	0	2
FGF1	1	1	0
LOC124901195	0	0	0
LINC01844	0	0	0
ARHGAP26	293	1	305
ARHGAP26-AS1	0	0	0
LOC107986457	0	0	0
LOC124901097	0	13	0
LOC124901098	0	0	0
ARHGAP26-IT1	0	0	0
LOC124901099	3	1	2
LOC124901100	3	0	3
NR3C1	1634	0	1634
LOC128966704	15	15	0
LOC105378208	0	0	0
LOC105378209	0	0	0
LOC105378210	0	0	0
MIR5197	0	0	0
HMHB1	0	0	0
YIPF5	979	0	979
KCTD16	1	0	1
PRELID2	1	0	1
LOC105378211	0	0	0
GRXCR2	0	0	0
LOC107986458	1	2	0
SH3RF2	252	0	253
LOC107986459	0	0	0
PLAC8L1	43	3	40
LARS1	3893	1	3892
RBM27-POU4F3	0	0	0
RBM27	387	0	387
POU4F3	0	0	0
LOC105378213	0	0	0
TCERG1	2008	3	2005
GPR151	2	0	2
PPP2R2B-AS2	0	0	0
PPP2R2B	101	0	101
LOC107986461	2	1	1
PPP2R2B-IT1	0	0	0
LOC105378214	0	0	0
STK32A-AS1	0	0	0
STK32A	1	0	1
DPYSL3	0	0	0
JAKMIP2-AS1	0	0	0
JAKMIP2	0	0	0
LOC105378218	0	0	0
SPINK1	11	0	22
LOC124901101	7	18	0
SCGB3A2	124	0	124
C5orf46	4	0	4
SPINK5	64	0	64
LOC124901185	0	0	0
SPINK14	0	0	0
SPINK6	94	0	94
MARCOL	169	0	174
FBXO38-DT	40	128	5
SPINK13	176	0	255
SPINK7	1	0	1
SPINK9	0	0	0
FBXO38	1028	0	1028
HTR4	0	0	0
LOC107986462	0	0	0
ADRB2	19	0	19
SH3TC2	19	0	19
MIR584	0	0	0
SH3TC2-DT	0	0	0
ABLIM3	6	0	6
LOC124901102	0	0	0
AFAP1L1	297	0	297
LOC124901103	1	0	1
GRPEL2	470	0	518
GRPEL2-AS1	0	48	0
PCYOX1L	224	0	224
IL17B	0	0	0
LOC101927046	0	0	0
CARMN	0	0	0
MIR143	0	0	0
MIR145	0	0	0
CSNK1A1	2423	0	2424
LOC124901105	0	0	0
ARHGEF37	261	2	260
LOC124901104	6	6	0
LOC124901221	0	0	0
LOC105378224	0	0	0
PPARGC1B	361	0	361
MIR378A	5	0	5
PDE6A	0	0	0
MFFP2	0	0	0
SLC26A2	230	2	228
TIGD6	131	2	135
HMGXB3	1730	13	1724
LOC124901207	10	11	0
CSF1R	160	1	159
PDGFRB	132	1	131
CDX1	0	0	0
SLC6A7	0	0	0
CAMK2A	2	0	2
ARSI	31	0	31
LOC105378225	0	0	0
LOC105378226	0	0	0
TCOF1	3052	1	3051
CD74	3	1	2
LOC124901106	1	0	1
RPS14	15148	6	15145
NDST1-AS1	1	33	1
NDST1	2004	5	2035
LOC124901211	0	0	0
SYNPO	1625	0	1625
LOC124901108	0	0	0
LOC124901107	2	2	0
MYOZ3	1	1	0
MYOZ3-AS1	1	0	1
RBM22	1132	0	1132
DCTN4	1388	0	1388
LOC124901110	0	0	0
SMIM3	0	0	0
IRGM	0	1	0
LOC124901113	0	0	0
LOC124901111	1	0	1
ZNF300	316	0	317
LOC124901112	0	0	0
ZNF300P1	4	0	4
LOC124901114	0	0	0
LOC105378228	5	0	5
GPX3	5	5	0
TNIP1	2581	0	2581
ANXA6	2254	1	2253
LOC107986463	0	0	0
CCDC69	0	0	0
LOC105378230	0	0	0
LOC124901115	0	0	0
GM2A	688	0	688
SLC36A3	0	0	0
SLC36A2	0	0	0
SLC36A1	87	0	87
LOC105378234	0	0	0
FAT2	2	2	0
MIR6499	0	0	0
LOC105378231	0	0	0
LOC124901116	0	0	0
SPARC	31	0	32
CLMAT3	0	1	0
ATOX1	268	0	277
ATOX1-AS1	1	10	0
LOC100652758	54	135	55
G3BP1	3182	1	3317
GLRA1	0	0	0
LINC01933	0	0	0
LOC105378236	0	0	0
LOC105378237	0	0	0
NMUR2	0	0	0
LINC01470	0	0	0
LOC124901117	0	0	0
GRIA1	0	0	0
LINC01861	0	0	0
LOC107986464	0	0	0
LOC107983980	0	0	0
FAM114A2	456	0	456
MFAP3	726	0	726
LOC124901118	0	0	0
GALNT10	784	17	768
LOC107986465	7	0	7
MIR1294	0	0	0
SAP30L-AS1	2	3	1
SAP30L	697	1	697
HAND1	0	0	0
MIR3141	0	0	0
LARP1	4712	3	4725
MIR1303	0	0	0
LOC112267936	12	2	13
FAXDC2	35	38	10
MIR378H	2	0	2
CNOT8	2124	0	2124
LOC124901119	6	6	0
GEMIN5	1050	3	1047
MRPL22	733	0	733
KIF4B	1	0	1
LOC105378239	0	0	0
SGCD	0	0	0
LOC124901120	0	0	0
LOC105377673	0	0	0
PPP1R2B	1	0	1
TIMD4	0	0	0
HAVCR1	0	0	0
HAVCR2	4	0	4
MED7	202	0	202
GARIN3	0	0	0
ITK	0	0	0
CYFIP2	0	0	0
FNDC9	0	0	0
NIPAL4-DT	0	0	0
NIPAL4	0	0	0
ADAM19	1	0	1
LOC124901121	0	0	0
SOX30	0	0	0
LOC105377675	0	0	0
C5orf52	0	0	0
LOC105377676	0	0	0
THG1L	279	2	277
LSM11	342	0	342
CLINT1	2022	0	2022
LOC107986466	0	0	0
LOC105377677	0	0	0
LOC105377678	0	0	0
LINC02227	0	0	0
LOC124901122	0	0	0
EBF1	86	0	86
LINC02202	2	0	2
LOC107986467	3	0	3
RNF145	2219	2	2227
LOC107986468	0	8	2
LINC01932	3	0	3
LOC124900203	0	0	0
UBLCP1	492	0	492
LOC105377683	0	0	0
IL12B	0	0	0
IL12B-AS1	0	0	0
LINC01845	0	0	0
LOC124901123	0	0	0
LOC105377685	0	0	0
LOC105377684	0	0	0
LOC105377687	0	0	0
LOC105377688	0	0	0
LINC01847	0	0	0
ADRA1B	0	0	0
LOC101927790	0	0	0
TTC1	1074	0	1074
LOC124901124	9	0	9
PWWP2A	405	5	400
FABP6	2	0	2
FABP6-AS1	0	0	0
CCNJL	15	0	15
LOC105377691	0	0	0
C1QTNF2	2	0	2
FAM200C	83	0	83
SLU7	1298	0	1298
PTTG1	2114	0	2114
MIR3142HG	0	0	0
MIR3142	0	0	0
MIR146A	0	0	0
ATP10B	1	1	0
LINC02159	0	0	0
LOC105377693	0	0	0
GABRB2	0	0	0
LOC105377694	0	0	0
GABRA6	0	0	0
GABRA6-AS1	0	0	0
LOC105377696	0	0	0
GABRA1	0	0	0
LINC01202	0	0	0
GABRG2	0	0	0
LOC105377697	0	0	0
LOC105377698	0	0	0
LOC105377699	0	0	0
LOC105377700	0	0	0
LOC124901125	0	0	0
CCNG1	1818	317	1828
NUDCD2	316	13	630
HMMR	711	0	1014
HMMR-AS1	1	304	0
MAT2B	1539	1	1538
LOC102724458	0	0	0
LINC03000	0	0	0
LINC02143	0	0	0
LOC102546299	0	0	0
LOC105377702	0	0	0
LINC01938	0	0	0
LOC105377705	0	0	0
LOC105377706	0	0	0
LINC01947	0	0	0
TENM2	11	3	11
LOC101927908	0	0	0
TENM2-AS2	0	0	0
LOC124901126	0	0	0
TENM2-AS4	1	0	1
TENM2-AS3	7	0	7
MIR12125	0	0	0
LOC124901128	0	0	0
TENM2-AS1	13	0	16
WWC1	2648	1	2647
LOC124901129	0	0	0
RARS1	3476	2	3474
FBLL1	1	0	1
PANK3	1927	0	1927
MIR103A1	0	0	0
MIR103B1	0	0	0
SLIT3	1	1	0
SLIT3-AS2	0	0	0
MIR218-2	0	0	0
LOC105377713	0	0	0
LOC107986472	0	0	0
LOC124901130	0	0	0
SLIT3-AS1	0	0	0
LOC105377712	0	0	0
MIR585	0	0	0
LOC124901131	0	0	0
LOC105377714	1	0	1
LOC105377715	0	0	0
SPDL1	2180	0	2180
DOCK2	9	0	9
INSYN2B	0	0	0
MIR378E	0	0	0
FOXI1	0	0	0
LINC01187	0	0	0
C5orf58	0	0	0
LCP2	0	0	0
LOC100128059	0	0	0
LINC01366	0	0	0
KCNIP1	1	1	0
KCNMB1	0	0	0
KCNIP1-OT1	0	0	0
LOC124901132	0	0	0
KCNIP1-AS1	0	0	0
LOC107986473	0	0	0
LOC107986474	0	0	0
LOC107986475	2	2	0
GABRP	1	0	1
RANBP17	233	7	226
LOC124901133	0	0	0
TLX3	299	4	295
SNORA70J	0	0	0
MIR3912	0	0	0
NPM1	28189	4	28185
FGF18	1	0	1
LOC105377721	0	0	0
LOC105377720	1	0	1
LOC105377722	0	0	0
LOC107986392	0	0	0
LOC124901134	0	0	0
LOC105377724	0	0	0
LOC105377723	0	0	0
SMIM23	0	0	0
LOC105377725	2	0	2
LOC107986476	0	0	0
FBXW11	1186	0	1186
STK10	848	1	847
EFCAB9	0	0	0
UBTD2	490	1	489
LOC124900201	1	0	1
LOC100288254	1	0	1
SH3PXD2B	1462	0	1462
LOC105377727	0	0	0
LOC107984004	0	0	0
LINC01944	0	0	0
LOC105377729	0	0	0
LOC107986478	0	0	0
NEURL1B	99	0	99
MIR5003	0	0	0
LOC107986479	0	0	0
LOC101928093	1	1	0
DUSP1	8981	3	8978
LOC105377730	2	1	1
ERGIC1	7961	6	7955
LOC124901135	2	2	0
MIR10523	0	0	0
RPL26L1	739	2	740
RPL26L1-AS1	13	5	11
ATP6V0E1	1944	0	1944
SNORA74B	0	0	0
CREBRF	160	0	160
BNIP1	164	0	164
NKX2-5	0	0	0
LOC105377731	0	0	0
LOC124901136	2	0	2
MIR12118	0	0	0
STC2	423	0	423
LOC124901137	0	0	0
MIR8056	0	0	0
LOC105377732	0	0	0
LOC105377733	0	0	0
LINC02995	3	3	0
BOD1	724	0	724
LINC01863	0	0	0
LINC01942	0	0	0
LINC01484	5	0	5
LOC107984118	19	0	19
LOC124901138	0	0	0
LOC107986482	0	0	0
LINC01485	1	0	1
CPEB4	443	0	443
C5orf47	0	0	0
NSG2	0	0	0
LOC102724551	0	0	0
LOC124901139	0	0	0
LINC01411	42	0	42
LOC105377739	2	2	0
LOC105377740	1	0	1
MSX2	0	0	0
MIR4634	0	0	0
LOC105377742	0	0	0
LINC01951	0	0	0
LOC107986484	0	0	0
DRD1	0	0	0
LOC124901204	0	0	0
SFXN1	2305	0	2305
HRH2	1	1	0
LOC105377743	1	0	1
LOC124901140	1	0	1
CPLX2	0	0	0
LOC105377744	0	0	0
THOC3	703	0	703
THOC3-AS1	0	0	0
LOC124900194	0	0	0
LOC124901141	0	0	0
LOC100996385	0	0	0
FAM153B	0	0	0
LOC107986487	0	0	0
CEP192P1	0	0	0
SIMC1	38	0	40
KIAA1191	1996	2	1996
ARL10	3	2	1
MIR1271	0	0	0
NOP16	1056	0	1060
HIGD2A	1469	10	1463
CLTB	1015	3	1012
FAF2	2350	0	2350
LOC124901142	2	0	2
RNF44	1214	1	1214
LOC124901143	3	4	0
CDHR2	5	32	2
GPRIN1	420	0	449
SNCB	0	0	0
MIR4281	0	0	0
EIF4E1B	0	0	0
TSPAN17	836	0	836
LOC124901144	0	0	0
LINC01574	0	0	0
UNC5A	66	1	65
HK3	1	0	1
UIMC1	753	0	753
LOC124901145	0	0	0
ZNF346	299	0	299
FGFR4	613	1	612
NSD1	1938	3	1935
RAB24	407	7	400
PRELID1	1620	4	4049
MXD3	244	2434	243
LMAN2	5645	1	5644
RGS14	75	0	75
SLC34A1	0	0	0
PFN3	2	0	2
F12	135	0	135
GRK6	737	31	706
PRR7-AS1	22	8	25
PRR7	357	10	358
DBN1	3351	3	3348
PDLIM7	2566	3	2563
DOK3	174	1	173
DDX41	2931	3	2928
FAM193B	767	8	760
FAM193B-DT	3	0	4
TMED9	5468	0	5468
B4GALT7	422	1	422
SIMC1P1	8	9	0
LOC107986489	0	0	0
FAM153A	0	0	0
LOC105377752	0	0	0
LOC105377753	0	0	0
LOC728554	0	0	0
LOC124901146	0	0	0
LOC100128340	0	0	0
PROP1	0	0	0
FAM153CP	3	1	2
LOC124901147	9	0	9
LOC105377754	1	0	1
N4BP3	580	2	578
RMND5B	649	1165	684
NHP2	720	70	1850
GMCL2	0	0	0
HNRNPAB	3856	50	4840
PHYKPL	477	1066	445
LOC112267937	0	0	0
COL23A1	0	0	0
LOC105377757	0	0	0
LOC124901148	0	0	0
CLK4	306	0	306
MSANTD5	1	0	1
ZNF354A	86	0	86
AACSP1	0	0	0
ZNF354B	87	0	87
LOC107986493	0	0	0
ZFP2	5	0	5
ZNF454-DT	0	0	0
ZNF454	0	0	0
GRM6	0	0	0
ZNF879	0	0	0
ZNF354C	1	1	0
ADAMTS2	3	0	3
LOC124900195	0	0	0
LOC105377759	0	0	0
LOC124901149	0	0	0
LOC107986494	0	0	0
LOC124901224	0	0	0
LOC128966623	0	0	0
LOC100289470	0	0	0
LOC105377762	3	0	3
RUFY1	1	0	1
RUFY1-AS1	0	0	0
HNRNPH1	318	0	318
SPATA31J1	0	0	0
LOC100502572	0	0	0
LOC105377763	1	0	1
CBY3	0	0	0
CANX	1394	1	1395
MAML1	30	1	29
LTC4S	0	0	0
MGAT4B	20	0	20
MIR1229	0	0	0
SQSTM1	1	0	1
MRNIP	0	0	0
MRNIP-DT	0	0	0
TBC1D9B	130	0	130
RNF130	491	4	723
LOC124901150	1	235	0
MIR340	0	0	0
RASGEF1C	21	0	21
MAPK9	822	0	822
LOC124901151	46	0	46
GFPT2	1120	0	1120
LOC124901152	14	0	14
LOC124901153	0	0	0
LOC102725231	57	0	57
CNOT6	1389	2	1387
SCGB3A1	0	0	0
LOC124901154	0	0	0
FLT4	3	0	3
LINC02222	0	0	0
OR2Y1	0	0	0
MGAT1	1845	4	1841
ZFP62	504	0	504
HEIH	0	0	0
LINC00847	33	79	34
LOC124901155	0	0	0
BTNL8	0	0	0
BTNL3	0	0	0
BTNL9	0	0	0
MIR8089	0	0	0
TRV-CAC1-2	0	0	0
TRL-AAG1-1	0	0	0
TRL-AAG1-2	0	0	0
TRV-CAC1-3	0	0	0
OR2V1	0	0	0
OR2V2	0	0	0
TRV-AAC1-2	0	0	0
TRV-AAC1-3	0	0	0
TRV-CAC1-4	0	0	0
TRL-AAG1-3	0	0	0
TRL-AAG2-1	1	1	0
TRV-AAC2-1	0	0	0
TRP-TGG3-1	1	0	1
LINC01962	6	2	5
TRT-TGT6-1	0	0	0
TRIM7-AS2	12	167	24
TRIM7	247	26	419
TRIM7-AS1	6	14	9
TRA-TGC3-1	1	1	0
TRK-CTT2-2	0	0	0
TRV-AAC1-4	0	0	0
TRK-CTT2-3	2	2	0
TRV-CAC1-5	0	0	0
MIR4638	4	4	0
TRIM41	1137	9	1128
RACK1	27471	7	27485
SNORD96A	33	0	33
SNORD95	3	0	3
CTC-338M12.4	68	54	138
TRIM52	427	294	237
TRIM52-AS1	43	3	41
LOC100132062	4	0	4
OR4F3	1	0	1
LOC124901156	0	0	0
LOC124901157	0	0	0
LOC107986552	0	0	0
SEPTIN14P6	0	0	0
LIRIL2R	0	0	0
LINC03066	0	0	0
LOC105374870	0	0	0
DUSP22	394	1	393
IRF4	0	0	0
EXOC2	1085	0	1085
HUS1B	8	0	8
LOC105374873	0	0	0
LOC101927691	1	0	1
LOC124901236	0	0	0
LINC01622	12	0	12
LOC124901237	0	0	0
LOC124901532	0	0	0
LOC105374879	3	0	3
FOXQ1	0	0	0
FOXF2-DT	61	187	69
FOXF2	230	22	499
MIR6720	0	0	0
LOC102723944	35	0	35
LOC105374883	4	0	4
LOC124901238	2	2	0
LOC107986555	4	0	4
FOXCUT	10	9	1
FOXC1	944	3	941
GMDS	909	2	908
LOC107986514	0	0	0
LOC124901239	4	0	4
LOC107986512	0	0	0
GMDS-DT	20	1	20
LINC01600	6	2	4
LINC02521	6	1	5
MYLK4	26	636	30
LOC124901240	0	0	0
WRNIP1	940	7	1573
LOC124901241	7	6	1
SERPINB1	3398	2	3396
MIR4645	2	0	2
SERPINB9P1	88	0	88
SERPINB9-AS1	0	0	0
SERPINB9	2	2	0
SERPINB6	5221	3	5218
LINC01011	30	51	94
NQO2-AS1	14	70	62
NQO2	1814	8	2582
HTATSF1P2	138	891	40
LOC101927759	96	0	97
LOC124901242	0	0	0
RIPK1	692	60	813
LOC107986556	4	182	4
BPHL	316	0	317
TUBB2A	86	0	86
LOC105374889	0	0	0
LINC02525	0	0	0
TUBB2B	0	0	0
LOC100422781	0	0	0
PSMG4	496	0	498
SLC22A23	230	85	156
LOC105374890	0	0	0
LOC643327	0	9	0
LOC100507336	3	0	3
PXDC1	865	41	824
LOC124901244	0	0	0
FAM50B	59	0	59
LOC107986557	0	0	0
TGILR	16	0	16
LOC124901245	71	9	62
PRP4K	2566	0	2566
FAM217A	0	0	0
TEX56P	3	1784	1
ECI2	612	2	2392
ECI2-DT	10	1	9
LOC107986559	0	0	0
LOC124901246	8	0	8
LOC102724096	0	0	0
LOC101927888	2	1	1
LOC107986560	0	0	0
LOC105374894	0	1	0
LOC107986561	0	0	0
LOC124901247	0	0	1
LINC02533	0	0	0
KU-MEL-3	0	0	0
CDYL	1211	0	1211
CDYL-AS1	1	0	1
LOC105374897	10	0	10
RPP40	184	6	238
LYRM4-AS1	17	58	22
LOC124901248	0	0	0
LYRM4	504	9	496
PPP1R3G	24	1	23
MIR3691	0	0	0
LOC124901249	0	0	3
FARS2	514	1	514
FARS2-AS1	0	0	0
LOC101927950	0	0	0
LOC124901250	2	0	2
LOC124901251	1	0	1
LOC124901252	0	0	0
LOC107986516	0	0	0
LOC105374898	0	0	0
NRN1	0	0	0
F13A1	0	0	0
MIR7853	0	0	0
MIR5683	0	0	0
LOC124901253	0	0	0
LY86-AS1	0	0	0
LY86	0	0	0
LOC101928004	21	1	20
LOC101928047	1	1	0
LOC105374901	0	0	0
LOC124901254	0	0	0
LOC105374903	12	3	10
LINC03055	90	5	86
LOC105374904	0	0	0
RREB1	2451	3	2448
SSR1	7343	4	7339
CAGE1	4	5	4
RIOK1	798	0	803
LOC102724234	0	0	0
DSP-AS1	105	4	102
DSP	15509	8	15502
SNRNP48	920	0	920
LOC105374906	13	0	13
BMP6	1391	591	1512
BLOC1S5-TXNDC5	0	112	0
TXNDC5	51	0	51
PIP5K1P1	1	1	0
EEF1E1-BLOC1S5	0	0	0
BLOC1S5	0	0	0
EEF1E1	66	0	66
SCARNA27	0	0	0
LOC105374910	4	0	4
LOC105374911	0	0	0
SLC35B3	532	0	532
LOC100506207	5	0	5
HULC	0	0	0
LOC112267952	0	0	0
LOC105374914	0	0	0
LOC107986562	0	0	0
LOC124901255	0	0	0
LOC124901484	0	0	0
OFCC1	0	0	0
LOC105374919	0	0	0
LOC124900218	0	0	0
LOC105374918	0	0	0
LOC105374920	0	0	0
LOC105374921	1	0	1
LOC124901485	1	0	1
TFAP2A	1939	46	3188
TFAP2A-AS2	170	1036	51
TFAP2A-AS1	50	350	51
LOC107986564	5	8	0
LINC00518	35	5	51
MIR5689HG	1	16	3
MIR5689	0	0	0
LINC02522	1	1	0
LOC101928146	0	0	0
GCNT2	0	0	0
C6orf52	0	0	0
PAK1IP1	0	0	0
TMEM14C	0	0	0
TMEM14B-DT	10	9	5
TMEM14B	1318	0	1336
MAK	21	33	2
GCM2	2	2	0
SYCP2L	1	0	1
LOC101928191	0	0	0
ELOVL2	0	0	0
ELOVL2-AS1	0	0	0
SMIM13	948	16	932
ERVFRD-1	0	0	0
NEDD9	420	1	420
LOC124901256	0	0	0
LOC105374925	7	0	8
LOC105374927	0	0	0
LOC105374928	0	0	0
LOC105374929	0	0	0
TMEM170B	201	0	201
LOC340184	0	0	0
LOC124900221	0	0	0
ADTRP	25	1	24
LOC124901258	2	2	0
LOC107986567	0	2	0
LOC124901257	0	0	2
LOC102724379	0	0	0
LOC107986570	0	0	0
LOC101928253	0	0	0
HIVEP1	791	1	790
EDN1	190	8	182
LOC124901260	0	0	0
LOC105374931	2	0	2
LINC02530	0	0	0
LOC107984015	0	0	0
PHACTR1	1	1	0
LOC105374935	0	0	0
LOC105374934	0	0	0
LOC124901262	0	0	0
LOC105374933	0	0	0
TBC1D7-LOC100130357	2	0	2
LOC100130357	10	0	10
TBC1D7	0	0	0
LOC124901261	3	0	3
LOC105374936	0	0	0
GFOD1	598	12	631
GFOD1-AS1	0	38	7
LOC105374937	41	3	41
SIRT5	159	45	368
LOC105374938	4	54	1
LOC124901263	0	118	43
NOL7	1869	363	1906
RANBP9	865	40	1225
LOC124901523	0	0	0
LOC124901264	3	3	0
MCUR1	881	7	1092
LOC107986571	3	213	8
RNF182	258	0	258
LOC105374939	0	0	0
LOC124901265	0	0	0
CD83	1085	0	1085
LOC105374940	1	0	1
LINC01108	0	0	0
LOC124901266	0	0	0
LOC105374943	0	0	0
LOC105374942	0	0	0
LOC101928331	4	0	4
LOC101928354	0	0	0
LOC102724463	0	0	0
LOC105374945	0	0	0
LOC105374946	0	0	0
JARID2-DT	23	0	23
JARID2	774	4	773
JARID2-AS1	0	3	0
DTNBP1	173	0	430
LOC105374947	2	255	2
DTNBP1-AS1	0	1	0
LOC102724520	0	0	0
LOC105374948	0	0	0
LOC105374949	0	0	0
LINC02543	0	0	0
MYLIP	238	0	238
MIR4639	0	0	0
GMPR	0	0	0
ATXN1	543	0	544
LOC127903862	0	0	0
ATXN1-AS1	37	1	37
LOC124901268	0	0	0
LOC107986573	0	0	0
LOC105374951	0	0	0
LOC124901269	0	0	0
LOC101928463	0	0	0
STMND1	0	0	0
RBM24	0	0	0
CAP2	427	0	427
LOC101928491	3	3	0
LOC102724591	0	0	0
FAM8A1	413	0	413
NUP153	1732	49	1790
NUP153-AS1	3	58	52
KIF13A	2269	1	2308
LOC105374953	0	40	0
NHLRC1	0	0	0
TPMT	592	0	592
KDM1B	371	1	370
DEK	3956	0	3976
LOC124901270	2	20	2
RNF144B	66	0	66
LOC124901544	0	0	0
LOC124901271	1	0	1
LOC105374955	0	0	0
MIR548A1HG	0	0	0
MIR548A1	0	0	0
LOC105374957	0	0	0
TRQ-CTG1-1	0	0	0
LOC105374958	0	0	0
LOC101928519	0	0	0
LOC105374961	0	0	0
LOC107986575	0	0	0
LOC105374960	0	0	0
LNC-LBCS	2	0	2
LOC105374963	0	0	0
ID4	0	0	0
LOC105374965	3	0	3
MBOAT1	275	0	275
LOC101928573	1	0	1
LOC124901272	0	0	0
LOC124901482	8	19	14
E2F3	1058	6	1077
E2F3-IT1	0	0	0
CDKAL1	309	0	381
LOC124901273	0	0	0
LOC105374968	3	0	3
LOC105374966	0	2	0
LOC107986578	0	70	0
LINC00581	0	0	0
LOC107986579	0	0	0
SOX4	824	13	811
LOC124901483	0	0	0
CASC15	9	0	9
LOC124901274	0	0	0
LOC105374970	0	0	0
NBAT1	0	0	0
LOC124901275	5	0	5
PRL	0	0	0
LOC105374971	0	0	0
HDGFL1	0	0	0
LINC03005	0	0	0
LOC105374973	0	0	0
LOC102724736	0	0	0
LOC105374974	2	0	2
LOC105374976	0	0	0
LOC102724749	0	0	0
LOC105374975	0	0	0
LOC124901276	0	0	0
NRSN1	0	0	0
LOC124900220	0	0	0
DCDC2	0	0	0
KAAG1	0	0	0
MRS2	570	2	917
GPLD1	3	365	5
ALDH5A1	99	0	182
LOC124901277	0	65	0
KIAA0319	28	0	28
TDP2	1064	0	1064
ACOT13	1082	105	1006
LOC124901279	11	5	10
LOC124901278	3	2	1
C6orf62	3517	10	3532
LINC02828	0	0	0
GMNN	1779	0	1779
LOC124901280	0	0	0
ARMH2	1	1	0
RIPOR2	21	0	21
LOC105374981	0	0	0
LOC102724765	2	1	1
CMAHP	263	0	263
LOC124901282	0	0	0
UBE2D3P5	0	0	0
LOC124901283	0	0	0
LOC101928663	0	0	0
CARMIL1	954	0	954
LOC124901281	0	0	0
SCGN	0	0	0
LOC124901284	0	0	0
SLC17A1	0	0	0
H2AC1	0	0	0
H2BC1	0	0	0
H2AC2P	0	0	0
SLC17A4	0	0	0
LOC124901285	0	0	0
SLC17A3	0	0	0
SLC17A2	0	0	0
TRIM38	877	0	877
LINC02980	57	2	55
H1-1	1	0	1
H3C1	5	0	5
H4C1	2	1	1
H4C2	1	0	1
H3C2	84	0	84
H2AC4	3	0	3
H2BC3	0	0	0
H3C3	0	0	0
H1-2	2023	1	2022
HFE-AS1	1	38	1
HFE	324	0	362
H4C3	5	0	5
H1-6	0	0	0
H2BC4	54	0	54
H2AC6	332	0	332
H1-4	21	0	21
H2BC5	319	0	319
H2BC6-AS1	32	24	8
H2BC6	3	2	1
H4C4	2	0	2
H3C4	44	18	26
H2AC7	0	0	0
H2BC7	18	0	18
H4C5	17	2	15
H2BC8	46	0	46
H2AC8	87	0	87
H3C6	41	0	41
H1-3	0	0	0
H4C6	0	0	0
H4C7	0	0	0
H3C7	12	0	12
H2BC9	71	3	68
LOC105374986	2	0	2
H3C8	78	0	78
H2BC10	0	0	0
H4C8	38	0	38
LOC124901287	17	0	17
TRX-CAT1-2	0	0	0
TRR-TCG4-1	0	0	0
TRS-GCT6-1	0	0	0
TRQ-TTG3-1	0	0	0
TRQ-TTG3-2	0	0	0
TRS-TGA3-1	0	0	0
TRX-CAT1-3	1	0	1
TRW-CCA3-1	0	0	0
TRR-TCG2-1	0	0	0
LOC101928743	1	0	1
TRS-AGA2-1	0	0	0
TRR-ACG1-1	0	0	0
TRX-CAT1-4	0	0	0
TRW-CCA3-2	0	0	0
LOC124901288	3	3	0
BTN3A2	1330	0	1330
BTN2A2	119	0	119
BTN3A1	1074	0	1074
BTN2A3P	44	0	44
BTN3A3	735	0	735
BTN2A1	2	0	2
LOC285819	1	1	0
LOC107986583	0	0	0
BTN1A1	0	0	0
TRL-CAG1-7	0	0	0
HCG11	0	0	0
TRT-AGT2-1	0	0	0
TRR-ACG1-2	0	0	0
TRV-CAC1-6	0	0	0
HMGN4	0	0	0
TRA-CGC1-1	0	0	0
TRI-AAT5-1	0	0	0
TRP-AGG2-2	0	0	0
TRK-CTT2-4	0	0	0
TRY-GTA1-1	0	0	0
LOC105374988	0	0	0
TRA-AGC11-1	0	0	0
TRY-GTA8-1	0	0	0
TRY-GTA3-1	0	0	0
TRY-GTA6-1	0	0	0
ABT1	488	1	487
LOC105374989	0	0	0
ZNF322	73	0	73
LOC102724851	0	0	0
TRA-AGC14-1	0	0	0
TRA-AGC12-1	0	0	0
TRA-AGC10-1	0	0	0
LOC105374991	0	0	0
TRM-CAT5-1	0	0	0
TRNAA-AGC	0	0	0
TRI-AAT7-1	0	0	0
TRA-AGC9-1	0	0	0
TRM-CAT4-1	0	0	0
TRM-CAT4-2	0	0	0
TRI-AAT6-1	0	0	0
TRM-CAT4-3	0	0	0
TRNAA-AGC_1	0	0	0
TRI-AAT7-2	0	0	0
LOC105374992	0	0	0
LOC124901289	0	0	0
TRNAA-AGC_2	0	0	0
TRM-CAT5-2	0	0	0
TRNAA-AGC_3	0	0	0
LOC124901290	0	0	0
TRNAA-AGC_4	0	0	0
TRA-AGC14-2	0	0	0
GUSBP2	15	0	15
LINC00240	6	0	6
LARRPM	44	5	43
TRI-TAT2-2	0	0	4
TRP-CGG2-1	0	0	0
TRS-GCT1-1	6	6	0
H2BC11	58	0	58
H2AC11	49	0	49
H2BC12	1375	11	1365
H4C9	66	18	49
H2AC12	2	0	2
MIR3143	0	0	0
TRH-GTG1-5	0	0	0
TRT-AGT6-1	0	0	0
TRI-AAT5-2	0	0	0
TRV-CAC6-1	0	0	0
TRS-CGA2-1	0	0	0
TRR-ACG2-2	0	0	0
TRR-ACG2-3	0	0	0
LOC124901293	0	0	0
TRL-TAA4-1	0	0	0
TRV-AAC5-1	0	0	0
TRI-AAT5-3	0	0	0
PRSS16	150	0	150
TRI-AAT9-1	0	0	0
TRI-AAT3-1	0	0	0
TRV-CAC2-1	0	0	0
TRV-TAC4-1	0	0	0
TRQ-CTG5-1	0	0	0
TRS-GCT2-1	0	0	0
POM121L2	0	0	0
LOC105375107	0	0	0
VN1R10P	0	0	0
TRX-CAT1-5	0	0	0
TRK-TTT6-1	0	0	0
ZNF204P	1	0	1
ZNF391	3	0	3
ZNF184	110	0	110
LOC105375001	6	0	6
TRS-AGA2-2	2	1	1
TRD-GTC2-6	1	0	1
TRS-AGA2-3	0	0	0
TRS-AGA2-4	0	0	0
TRD-GTC2-7	0	0	0
TRS-TGA4-1	0	0	0
TRQ-CTG1-2	0	0	0
TRS-AGA3-1	0	0	0
TRS-AGA1-1	0	0	0
TRS-TGA2-1	0	0	0
TRQ-CTG2-1	0	0	0
TRS-AGA4-1	0	0	0
TRR-TCT5-1	0	0	0
TRK-TTT9-1	0	0	0
TRD-GTC3-1	0	0	0
TRK-TTT4-1	0	0	0
TRX-CAT1-6	2	0	2
TRL-CAA3-1	0	0	0
TRL-CAA2-1	0	0	0
TRT-CGT5-1	0	0	0
TRI-TAT2-3	0	0	0
TRV-AAC3-1	0	0	0
LOC124901292	0	0	0
TRI-AAT8-1	0	0	0
TRR-ACG2-4	0	0	0
TRS-CGA3-1	0	0	0
TRV-AAC4-1	0	0	0
TRT-AGT2-2	0	0	0
TRI-AAT2-1	0	0	0
LINC01012	2	0	3
LOC124901291	0	1	0
TRL-TAA2-1	0	0	0
TRT-AGT4-1	0	0	0
TRV-AAC1-5	0	0	0
LOC100131289	0	0	0
TRQ-CTG6-1	0	0	0
TRQ-TTG3-3	0	0	0
H2BC13	10	0	10
H2AC13	32	0	32
H3C10	63	0	63
H2AC14	1	0	1
H2BC14	0	0	0
H4C11	1	0	1
H4C12	22	0	22
H2AC15	33	1	32
H2BC15	31	0	31
H2AC16	8	0	8
H1-5	6	2	4
H3C11	1	1	0
H4C13	0	0	0
H3C12	2	0	2
H2AC17	39	0	39
H2BC17	15	0	15
TRX-CAT1-7	0	0	0
TRG-GCC2-3	0	0	0
OR2B2	0	0	0
OR2B6	4	0	4
LOC124901506	1	1	0
OR2B8	1	0	1
ZNF165	89	5	84
ZSCAN12P1	48	18	33
ZSCAN16-AS1	53	30	57
ZSCAN16	36	4	63
ZKSCAN8	1173	0	1173
ZKSCAN8P1	49	0	49
TRS-GCT5-1	1	0	1
TOB2P1	60	0	60
ZSCAN9	349	0	349
ZKSCAN4	205	3	202
NKAPL	0	0	0
ZSCAN26	222	0	222
PGBD1	219	0	219
ZSCAN31	86	2	84
ZKSCAN3	162	0	162
ZSCAN12	443	0	443
LOC105374998	2	0	2
ZSCAN23	0	0	0
TRT-TGT1-1	0	0	0
TRL-AAG4-1	0	0	0
LOC124901294	11	0	11
TRT-CGT1-1	1	0	1
LOC124901295	5	0	5
GPX6	0	0	0
GPX5	0	0	0
TRI-TAT3-1	0	0	0
LOC107986586	0	0	0
TRR-TCG5-1	0	0	0
SCAND3	9	1	8
ZBED9-AS1	0	0	0
TRQ-TTG2-1	0	0	0
TRS-GCT4-1	0	0	0
TRA-AGC3-1	0	0	0
LOC105374996	0	0	0
TRA-TGC2-1	0	0	0
TRT-CGT3-1	0	0	0
LINC00533	0	0	0
TRA-AGC4-1	0	0	0
TRA-CGC2-1	0	0	0
TRA-AGC5-1	0	0	0
TRA-AGC7-1	0	0	0
TRT-AGT3-1	0	0	0
TRA-CGC4-1	0	0	0
TRV-AAC6-1	0	0	0
TRR-CCG1-1	0	0	0
TRK-TTT7-1	0	0	0
TRA-TGC6-1	0	0	0
TRF-GAA6-1	0	0	0
TRF-GAA5-1	0	0	0
TRA-TGC1-1	0	0	0
TRF-GAA1-1	0	0	0
TRA-AGC1-1	0	0	0
TRA-TGC7-1	0	0	0
TRF-GAA3-1	0	0	0
TRA-AGC6-1	0	0	0
TRA-TGC5-1	0	0	0
TRF-GAA4-1	0	0	0
LOC124901296	3	0	3
TRA-AGC2-1	0	0	0
LINC01623	0	0	0
TRA-AGC2-2	0	0	0
TRR-CCG1-2	0	0	0
TRL-CAA1-1	0	0	0
HCG14	0	0	0
TRIM27	0	0	0
TRL-CAA1-2	0	0	0
TRQ-CTG1-3	0	0	0
TRL-AAG2-2	0	0	0
LINC01556	0	0	0
TRM-CAT3-1	0	0	0
TRK-TTT3-3	0	0	0
TRM-CAT3-2	0	0	0
TRF-GAA1-2	0	0	0
TRE-CTC1-6	0	0	0
HCG15	0	0	0
TRL-AAG3-1	0	0	0
ZNF311	0	0	0
LOC105375002	0	0	0
OR2W1-AS1	0	0	0
OR2W1	0	0	0
OR2B3	0	0	0
OR2J1	0	0	0
OR2J3	0	0	0
OR2J2	0	0	0
LOC124901297	0	0	0
LINC03003	0	0	0
LOC105375006	0	0	0
LOC105375005	0	0	0
OR14J1	0	0	0
OR5V1	0	0	0
OR12D3	0	0	0
OR12D2	0	0	0
OR12D1	0	0	0
OR11A1	0	0	0
OR10C1	0	0	0
LOC105379641	0	0	0
OR2H1	0	0	0
LOC105375008	0	0	0
MAS1L	0	0	0
LOC124901486	0	0	0
LINC02829	0	0	0
LINC01015	0	0	0
OR2I1	0	0	0
UBD	0	0	0
SNORD32B	0	0	0
OR2H2	0	0	0
GABBR1	0	0	0
MOG	0	0	0
ZFP57	0	0	0
HLA-F	0	0	0
HLA-F-AS1	0	0	0
IFITM4P	0	0	0
HCG4	0	0	0
HLA-V	0	0	0
HLA-G	0	0	0
LOC105375010	0	0	0
HCP5B	0	0	0
HLA-H	0	0	0
HCG4B	0	0	0
LOC124901298	0	2	0
HLA-A	183	0	184
HCG9	0	0	0
POLR1HASP	0	0	0
HLA-J	0	0	0
POLR1H	0	0	0
PPP1R11	0	0	0
RNF39	0	0	0
TRIM31	0	0	0
TRIM31-AS1	0	0	0
LOC124900227	0	0	0
TRIM40	0	0	0
TRIM10	0	0	0
TRIM15	0	0	0
TRIM26	0	0	0
HCG17	0	0	0
HLA-L	0	0	0
HCG18	0	0	0
TRIM39	0	0	0
TRIM39-RPP21	0	0	0
RPP21	0	0	0
LOC105375012	0	0	0
HLA-E	0	0	0
LINC02569	0	0	0
GNL1	0	0	0
PRR3	0	0	0
ABCF1	0	0	0
MIR877	0	0	0
PPP1R10	0	0	0
MRPS18B	0	0	0
ATAT1	0	0	0
C6orf136	0	0	0
DHX16	0	0	0
PPP1R18	0	0	0
NRM	0	0	0
MDC1	0	0	0
MDC1-AS1	0	0	0
TUBB	0	0	0
FLOT1	0	0	0
IER3-AS1	0	0	0
IER3	0	0	0
HCG20	0	0	0
LINC00243	0	0	0
LINC02570	0	0	0
DDR1	3	0	3
MIR4640	0	0	0
GTF2H4	0	0	0
VARS2	0	0	0
SFTA2	0	0	0
LOC124901299	0	0	0
MUCL3	0	0	0
HCG21	0	0	0
MUC21	0	0	0
MUC22	0	0	0
HCG22	0	0	0
C6orf15	0	0	0
PSORS1C1	5	0	7
CDSN	0	0	0
PSORS1C2	1	3	0
CCHCR1	152	0	152
TCF19	17	0	17
POU5F1	0	0	0
PSORS1C3	0	0	0
HCG27	0	0	0
HLA-C	2	0	2
LINC02571	0	0	0
LOC112267902	0	0	0
HLA-B	13	0	13
MIR6891	0	0	0
LOC124901300	0	0	0
MICA-AS1	0	0	0
MICA	122	0	122
LINC01149	0	0	0
HCP5	0	0	0
HCG26	0	0	0
MICB-DT	0	0	0
MICB	0	0	0
MCCD1	0	0	0
ATP6V1G2-DDX39B	0	0	0
DDX39B	0	0	0
SNORD117	0	0	0
SNORD84	0	0	0
DDX39B-AS1	0	0	0
ATP6V1G2	0	0	0
NFKBIL1	0	0	0
LOC100287329	0	0	0
LTA	0	0	0
TNF	0	0	0
LTB	0	0	0
LST1	0	0	0
NCR3	0	0	0
AIF1	0	0	0
PRRC2A	0	0	0
SNORA38	0	0	0
MIR6832	0	0	0
BAG6	0	0	0
APOM	0	0	0
C6orf47	0	0	0
GPANK1	0	0	0
CSNK2B	0	0	0
LY6G5B	0	0	0
LY6G5C	0	0	0
LOC105375019	0	0	0
ABHD16A	0	0	0
LOC105375018	0	0	0
MIR4646	0	0	0
LY6G6F-LY6G6D	0	0	0
LY6G6F	0	0	0
LY6G6E	0	0	0
LY6G6D	0	0	0
LY6G6C	0	0	0
MPIG6B	0	0	0
DDAH2	0	0	0
CLIC1	0	0	0
MSH5-SAPCD1	0	0	0
MSH5	0	0	0
SAPCD1	0	0	0
SAPCD1-AS1	0	0	0
VWA7	0	0	0
VARS1	0	0	0
LSM2	0	0	0
HSPA1L	0	0	0
HSPA1A	0	0	0
HSPA1B	0	0	0
SNHG32	0	0	0
SNORD48	0	0	0
SNORD52	0	0	0
NEU1	0	0	0
SLC44A4	0	0	0
EHMT2-AS1	0	0	0
EHMT2	0	0	0
C2	0	0	0
ZBTB12	0	0	0
C2-AS1	0	0	0
CFB	4	0	4
NELFE	7	0	7
MIR1236	0	0	0
SKIC2	0	0	0
DXO	0	0	0
WHR1	0	0	0
C4A	0	0	0
CYP21A1P	0	0	0
TNXA	0	0	0
C4B	0	0	0
CYP21A2	1	0	1
TNXB	0	0	0
ATF6B	0	0	0
FKBPL	0	0	0
PRRT1	0	0	0
LOC100507547	0	0	0
PPT2	0	0	0
PPT2-EGFL8	0	0	0
EGFL8	0	0	0
AGPAT1	0	0	0
MIR6721	0	0	0
RNF5	0	0	0
MIR6833	0	0	0
AGER	0	0	0
PBX2	3	0	3
GPSM3	0	0	0
NOTCH4	0	0	0
TSBP1-AS1	0	0	0
TSBP1	0	0	0
HCG23	0	0	0
BTNL2	0	0	0
HLA-DRA	0	0	0
HLA-DRB5	0	0	0
HLA-DRB6	0	0	0
HLA-DRB1	0	0	0
HLA-DQA1-AS1	0	0	0
HLA-DQA1	0	0	0
HLA-DQB1	0	0	0
HLA-DQB1-AS1	0	0	0
LOC102725019	0	0	0
HLA-DQA2	0	0	0
MIR3135B	0	0	0
HLA-DQB2	0	0	0
HLA-DOB	0	0	0
TAP2	0	0	0
PSMB8	0	0	0
PSMB8-AS1	0	0	0
TAP1	0	0	0
PSMB9	0	0	0
LOC100294145	0	0	0
HLA-DMB	0	0	0
HLA-DMA	0	0	0
LOC124901302	0	0	0
BRD2	0	0	0
HLA-DOA	0	0	0
HLA-DPA1	0	0	0
HLA-DPB1	0	0	0
HLA-DPB2	0	0	0
LOC105375021	0	0	0
HCG24	0	0	0
COL11A2	0	0	0
RXRB	0	0	0
SLC39A7	0	0	0
HSD17B8	0	0	0
MIR219A1	0	0	0
RING1	0	0	0
LOC105375022	0	0	0
HCG25	0	0	0
VPS52	0	0	0
RPS18	0	0	0
B3GALT4	0	0	0
WDR46	0	0	0
MIR6873	0	0	0
PFDN6	0	0	0
MIR6834	0	0	0
RGL2	2	0	2
TAPBP	0	0	0
ZBTB22	0	0	0
DAXX	28	0	32
LOC124901303	0	4	0
SMIM40	0	0	0
KIFC1	0	0	0
PHF1	0	0	0
CUTA	0	0	0
SYNGAP1	7	0	21
SYNGAP1-AS1	0	14	0
MIR5004	0	0	0
ZBTB9	0	0	0
LOC107986537	0	0	0
BAK1	992	0	992
GGNBP1	0	0	0
LINC00336	0	0	0
ITPR3	7147	64	7088
LOC124901305	1	2	11
ITPR3-AS1	3	24	3
UQCC2	351	1	355
MIR3934	16	16	0
LOC124901304	3	0	3
IP6K3	1	0	1
LEMD2	1242	9	1233
LOC105375024	0	0	0
MLN	0	0	0
LOC105375025	0	0	0
LOC124901306	0	0	0
LOC105375027	0	0	0
LINC01016	0	0	0
LOC105375026	0	0	0
MIR7159	0	0	0
LOC107986590	0	0	0
LOC124901307	0	0	0
LOC124901308	0	0	0
MIR1275	0	0	0
GRM4	1	1	0
LOC124901225	60	0	60
HMGA1	7669	7	7662
MIR6835	1	0	1
SMIM29	117	0	117
SMIM29-AS1	5	2	3
NUDT3	972	14	958
RPS10-NUDT3	0	0	0
RPS10	7	0	7
PACSIN1	1	1	0
SPDEF	8	0	8
ILRUN	2914	16	3184
LOC124901535	0	0	0
LOC105375028	0	0	0
LOC124901540	0	0	0
ILRUN-AS1	10	275	24
SNRPC	2005	0	2005
BLTP3A	1110	9	1110
TAF11	728	15	722
ANKS1A	771	5	766
TCP11	6	1	5
LOC112267955	2	0	2
SCUBE3	2	5	0
SCUBE3-AS1	34	1	37
ZNF76	1005	0	1006
DEF6	18	0	18
PPARD	635	0	635
FANCE	989	0	989
RPL10A	13684	2	13682
MIR7111	0	0	0
TEAD3	373	1	372
TULP1	4	4	2
LOC124901309	0	1	1
LINC03135	0	0	0
LOC124901310	0	0	0
FKBP5	1598	0	1598
LOC124900228	0	0	0
MIR5690	0	0	0
LOC285847	0	5	0
ARMC12	16	0	21
CLPSL2	0	0	0
CLPSL1	0	0	0
CLPS	0	0	0
LHFPL5	5	0	5
SRPK1	2609	1	2608
LOC124901311	6	0	6
SLC26A8	0	0	0
LOC105375035	0	0	0
LOC105375034	0	0	0
MAPK14	1693	1	1692
MAPK13	199	2	197
BRPF3-AS1	14	20	15
BRPF3	744	2	763
LOC105375036	0	0	0
PNPLA1	27	0	27
BNIP5	0	0	0
ETV7	0	0	0
ETV7-AS1	0	1	0
PXT1	0	0	2
KCTD20	2490	2	2489
STK38	1217	0	1217
SRSF3	6037	0	6037
MIR3925	0	0	0
LOC105375038	0	0	0
PANDAR	0	0	0
CDKN1A	4781	3	4778
DINOL	3	0	3
RAB44	1	1	0
CPNE5	30	0	30
PPIL1	696	0	844
C6orf89	1452	148	1452
PI16	3	1	2
MTCH1	3679	2	3677
FGD2	1	0	1
PIM1	1204	6	1198
TMEM217B	0	0	0
TMEM217	21	0	21
LOC124901537	0	0	0
TBC1D22B	368	7	404
LOC105375040	0	0	0
RNF8	576	0	576
CMTR1	1128	1	1131
LOC107986531	0	3	1
CCDC167	183	6	177
LINC02520	0	0	0
LOC124901312	0	0	0
MIR4462	0	0	0
LOC124901313	0	0	0
MDGA1	11	0	11
ZFAND3-DT	3	1	3
ZFAND3	1050	0	1051
LOC124901314	6	0	6
BTBD9	7	2	5
LOC124901315	9	0	9
LOC105375045	0	0	0
BTBD9-AS1	0	0	0
LOC105375044	0	0	0
GLO1	2782	1	2781
DNAH8-DT	0	0	0
DNAH8	0	0	0
LOC124900223	0	0	0
DNAH8-AS1	0	0	0
GLP1R	0	0	0
MIR9983	0	0	0
LOC105375046	0	0	0
SAYSD1	133	0	133
KCNK5	194	0	194
KCNK17	0	0	0
LOC105375047	0	0	0
KCNK16	0	0	0
KIF6	0	0	0
LOC107986594	0	0	0
DAAM2	0	0	0
LOC124901487	0	0	0
DAAM2-AS1	0	0	0
MOCS1	0	0	0
LOC102723789	0	0	0
LOC105375049	0	0	0
LOC105375050	0	0	0
LINC00951	0	0	0
TDRG1	0	0	0
LRFN2	0	0	0
LOC105379699	0	0	0
LOC105375051	0	0	0
LOC101929535	0	0	0
LOC105375052	0	0	0
LOC105375053	0	0	0
LOC101929555	0	0	0
UNC5CL	115	0	115
TSPO2	1	2	0
APOBEC2	3	9	0
OARD1	350	77	356
NFYA	479	1	554
ADCY10P1	10	0	10
TREML1	0	0	0
TREM2	0	0	0
LOC107986595	0	0	0
TREML2	0	0	0
TREML3P	0	0	0
LOC105375055	0	0	0
TREML4	0	0	0
TREML5P	0	0	0
TREM1	2	0	2
NCR2	0	0	0
LOC100505711	0	0	0
LOC107986538	0	0	0
LOC112267957	1	0	1
LINC01276	2	2	0
FOXP4-AS1	20	0	20
FOXP4	1259	0	1259
MIR4641	0	0	0
MDFI	3	0	3
TFEB	469	0	469
MIR10398	1	0	1
PGC	0	0	0
FRS3	125	0	125
PRICKLE4	420	23	397
TOMM6	2860	0	2863
USP49	350	31	322
LOC124900222	0	0	0
MED20	348	0	348
BYSL	1360	0	1360
CCND3	2153	4	2149
LOC105375059	1	1	0
TAF8	564	0	564
C6orf132	0	0	0
GUCA1ANB-GUCA1A	0	0	0
CIMIP3	0	0	0
GUCA1A	0	0	0
GUCA1B	0	0	0
MRPS10	976	0	976
LOC105375061	12	12	0
TRERF1	565	0	566
LOC124901316	17	18	0
LOC124900214	10	0	10
LOC107986596	0	0	0
LOC124901534	0	0	0
LOC124901317	0	0	0
UBR2	1511	0	1511
PRPH2	2	2	0
ATP6V0CP3	0	0	0
TBCC	826	3	823
BICRAL	369	3	366
LOC401261	23	0	23
RPL7L1	3476	1	3475
PEX39	87	1	86
PTCRA	0	0	0
CNPY3	815	14	801
CNPY3-GNMT	0	0	0
LINC02976	18	0	18
GNMT	12	12	0
PEX6	739	9	736
LOC124900215	1	0	1
PPP2R5D	883	200	1748
MEA1	680	1250	848
KLHDC3	3093	0	3446
RRP36	1249	0	1255
CUL7	1147	41	1453
LOC124901318	9	331	19
MRPL2	1224	0	1225
KLC4	488	1	594
KLC4-AS1	1	107	0
PTK7	1	0	1
SRF	1209	8	1201
CUL9	1019	18	1003
DNPH1	1256	0	1258
TTBK1	0	0	0
SLC22A7	0	0	0
LOC124901319	0	0	0
CRIP3	0	0	0
ZNF318	636	0	653
LOC124901227	0	17	0
LOC105375065	0	0	0
ABCC10	256	2	259
MIR6780B	0	0	0
DLK2	25	25	5
TJAP1	939	0	939
LRRC73	4	0	4
YIPF3	2734	1	2733
POLR1C	970	303	808
XPO5	2279	12	2408
LOC124901522	5	0	5
LOC124900224	1	1	0
POLH	540	52	491
GTPBP2	2678	3	2678
MAD2L1BP	701	0	701
RSPH9	15	806	0
MRPS18A	264	0	1055
LOC124901320	0	0	0
VEGFA	3530	6	3524
LOC105375070	1	0	1
LOC105375069	0	0	0
LINC02537	0	0	0
LOC105375068	0	0	0
LINC01512	2	0	2
LOC124901321	60	68	191
SCIRT	129	603	217
LINC03040	1701	14	2149
MRPL14	894	0	898
TMEM63B	1329	6	1572
LOC107986599	1	246	0
CAPN11	2	0	2
LOC105375072	0	0	0
MYMX	0	0	0
SLC29A1	898	0	898
HSP90AB1	35035	5	35030
SLC35B2	3663	1	3662
MIR4647	0	0	0
NFKBIE	223	0	223
TMEM151B	0	0	0
DRC5	43	0	43
AARS2	788	1	878
LOC124901322	2	93	0
SPATS1	0	0	0
LOC124901323	1	78	1
CDC5L	1252	0	1330
MIR4642	0	0	0
LOC105375074	0	0	0
LOC105375075	0	0	0
LOC124901325	0	0	0
LOC101929770	0	30	0
SUPT3H	144	0	174
MIR586	0	0	0
RUNX2	66	0	69
LOC124901324	13	3	13
RUNX2-AS1	0	0	0
LOC124901518	0	0	0
CLIC5	0	0	0
LOC124901326	0	0	0
ENPP4	0	0	0
ENPP5	0	0	0
LOC105375079	0	0	0
RCAN2	0	0	0
LOC101926915	0	0	0
RCAN2-DT	0	0	0
CYP39A1	11	0	11
SLC25A27	69	0	69
TDRD6-AS1	0	0	0
TDRD6	7	0	7
PLA2G7	0	0	0
ANKRD66	0	0	0
MEP1A	0	0	0
ADGRF5	1	0	1
LOC124901488	0	0	0
ADGRF5-AS1	0	0	0
LOC105375080	0	0	0
LOC124901489	0	0	0
ADGRF1	0	0	0
LOC105375081	0	0	0
TNFRSF21	435	0	435
LOC105375082	0	0	0
CD2AP-DT	0	23	1
CD2AP	1143	4	1163
ADGRF2P	0	0	0
ADGRF4	45	0	45
OPN5	0	0	0
LOC107986601	0	0	0
PTCHD4	0	0	0
LOC107986602	0	0	0
LOC124901478	0	0	0
MMUT	617	0	617
CENPQ	398	0	398
GLYATL3	0	0	0
C6orf141	0	0	0
RHAG	0	0	0
CRISP2	0	0	0
CRISP3	0	0	0
PGK2	0	0	0
LOC101927020	0	0	0
LOC101927048	0	0	0
CRISP1	0	0	0
DEFB133	0	0	0
DEFB114	0	0	0
DEFB113	0	0	0
DEFB110	0	0	0
DEFB112	0	0	0
LOC100505985	0	0	0
LOC124901479	0	0	0
TFAP2D	0	0	0
LOC105375084	0	0	0
LOC124901490	0	0	0
TFAP2B	0	0	0
LOC105375085	0	0	0
LOC124900230	0	0	0
PKHD1	0	0	0
LOC101927082	0	0	0
LOC124900615	0	0	0
LOC105375087	0	0	0
LOC124901327	0	0	0
MIR206	0	0	0
LINCMD1	0	0	0
MIR133B	0	0	0
IL17A	0	0	0
LOC102724327	0	0	0
IL17F	0	0	0
LOC124901328	0	0	0
MCM3	5932	1	5931
LOC124901329	0	0	0
PAQR8	42	0	42
LOC124901331	2	5	5
EFHC1	208	3	213
TRAM2	1457	3	1454
TRAM2-AS1	55	0	55
LOC124901330	2	0	2
LOC730101	43	0	43
TMEM14A	399	0	399
GSTA7P	0	0	0
GSTA2	0	0	0
GSTA1	0	0	0
GSTA5	0	0	0
LOC105375091	0	0	0
GSTA3	1	0	1
GSTA4	50	0	50
RN7SK	8	0	8
CILK1	338	0	338
LOC128092246	0	0	0
FBXO9	1596	0	1596
LOC128031835	0	0	0
GCM1	10	0	10
LOC124901332	1	0	1
ELOVL5	2851	11	2840
MIR5685	0	0	0
RPS16P5	0	0	0
GCLC-AS1	1	1	0
GCLC	674	0	674
KILH	1	0	1
LINC01564	0	0	0
KLHL31	27	4	23
LOC124901334	0	0	0
LOC124901333	2	0	2
LRRC1	201	0	201
LOC101927189	0	0	0
MLIP-IT1	0	0	0
MLIP	1	0	1
MLIP-AS1	0	0	0
LOC105375097	0	0	0
LOC124901335	0	0	0
LOC105375098	0	0	0
TINAG	0	0	0
TINAG-AS1	0	0	0
LOC107986606	5	0	5
FAM83B	320	8	312
HCRTR2	0	0	0
LOC124901491	0	0	0
GFRAL	0	0	0
HMGCLL1	0	0	0
BMP5	0	0	0
LOC107986539	0	0	0
LOC105375100	0	0	0
COL21A1	1	0	1
DST	3278	3	3276
DST-AS1	0	0	0
BEND6	57	3	55
KIAA1586	302	0	302
ZNF451	1008	0	1008
ZNF451-AS1	0	0	0
BAG2	1227	242	1278
RAB23	320	61	554
PRIM2	678	3	677
LINC03001	0	0	0
MIR548U	0	0	0
LOC105375103	0	0	0
TRI-AAT1-1	0	0	0
LOC105375102	0	0	0
TRA-AGC24-1	0	0	0
TRNAI-AAU	0	0	0
LOC105375101	0	0	0
TRA-AGC13-2	0	0	0
TRM-CAT7-1	0	0	0
LOC101927268	0	0	0
TRA-AGC12-3	0	0	0
GUSBP4	31	0	31
LINC00680-GUSBP4	0	0	0
LINC00680	77	0	77
LOC101927293	4	0	4
LOC124901336	0	0	0
KHDRBS2	0	0	0
FKBP1C	2	0	2
LGSN	108	1	108
PTP4A1	31	12	37
LOC124901228	0	0	0
LOC128125822	114	0	114
PHF3	1665	8	1662
EYS	17	20	2
SCAT8	17	0	17
LOC105377836	0	0	0
LOC107986608	0	0	0
LOC105377837	0	0	0
LOC107986607	0	0	0
ZC3H11C	22	0	22
SLC25A51P1	0	0	0
LOC105377838	0	0	0
LOC105377840	0	0	0
LOC105377839	0	0	0
LOC105377841	0	0	0
LOC107986540	0	0	0
LOC124900229	0	0	0
LOC105377843	0	0	0
LOC105377842	0	0	0
LOC105377845	0	0	0
LOC107986610	0	0	0
LOC105377844	0	0	0
LOC102723883	0	0	0
LOC105377846	0	0	0
LINC02549	0	0	0
ADGRB3-DT	0	0	0
ADGRB3	0	0	0
LOC127898563	0	0	0
LOC124901492	0	0	0
LMBRD1	527	0	527
LOC124901337	0	0	0
COL19A1	0	0	0
COL9A1	0	0	0
LOC105377848	0	0	0
LOC105377847	0	0	0
LINC01610	0	0	0
FAM135A-AS1	1	1	1
FAM135A	235	0	236
SDHAF4	91	0	91
SMAP1	145	0	1051
B3GAT2	7	913	0
LOC105377850	0	0	0
LOC124901229	0	0	0
LOC124901508	0	0	0
LOC124901338	2	0	2
LOC124901339	15	0	15
OGFRL1	685	16	671
MIR30C2	3	0	3
MIR30A	0	0	0
LINC00472	175	9	173
LINC01626	0	0	7
LOC105377853	0	0	0
RIMS1	748	166	582
LOC107986611	0	0	0
KCNQ5-DT	0	0	0
KCNQ5	0	0	0
KCNQ5-IT1	0	0	0
LOC124901340	0	0	0
LOC105377855	0	0	0
MIR4282	0	0	0
KCNQ5-AS1	0	0	0
LOC122539213	0	0	0
KHDC1L	0	0	0
KHDC1	0	0	0
KHDC1-AS1	15	8	15
C6orf147	3	0	3
DPPA5	0	0	0
KHDC3L	0	0	0
OOEP	7	0	7
OOEP-AS1	0	0	0
LOC124901538	0	0	0
DDX43	7	7	0
CGAS	579	4	575
MTO1	763	1	762
EEF1A1	215704	30	215702
EEF1A1-AS1	18	37	9
SLC17A5	813	0	813
CD109	2866	3	2877
CD109-AS1	15	13	16
LOC101928516	0	0	0
LOC105377858	0	0	0
COL12A1	6516	4	6512
SNORD156	0	0	0
COX7A2	1868	1	1867
TMEM30A	2515	0	2515
LOC124901344	16	0	16
TMEM30A-DT	16	0	23
FILIP1	12	13	6
LOC101928540	2	1	2
LOC124901509	2	3	0
MIR4463	0	0	0
LOC124901343	0	0	0
SENP6	1341	0	1341
MYO6	564	0	564
LOC124901542	0	0	0
IMPG1	3	3	0
LINC02540	0	0	0
LOC105377861	0	0	0
LOC105377862	0	0	0
LOC124901345	0	0	0
LOC101928570	0	0	0
LOC105377864	0	0	0
HTR1B	0	0	0
LOC124901493	0	0	0
MEI4	0	0	0
LOC105377865	0	0	0
MIR10524	0	0	0
LOC107986613	0	0	0
IRAK1BP1	29	37	29
PHIP	1576	1	1620
LOC124901346	10	18	0
LOC124901347	0	0	0
HMGN3	845	8	1546
HMGN3-AS1	28	702	35
LCAL1	0	0	0
LOC100506851	0	2	0
LOC105377867	0	0	0
LCA5	20	0	22
LOC124901348	0	0	0
SH3BGRL2	3	0	3
LOC124901349	0	0	0
LINC01621	0	0	0
LOC107986614	0	0	0
ELOVL4	0	0	0
LOC124901350	0	0	0
LOC124901351	0	0	0
TTK	1026	0	1026
BCKDHB	587	0	587
LOC112267962	0	0	0
LOC105377869	0	0	0
LOC105377871	2	0	2
TENT5A	3428	0	3428
LOC105377873	6	0	7
LOC124900219	0	1	0
LINC01526	3	0	3
LINC02542	9	0	9
LOC107986617	5	0	5
IBTK	0	0	0
LOC105377874	0	0	0
LOC105377875	0	0	0
TPBG	0	0	0
LOC124901352	0	0	0
LOC105377876	1	0	1
LOC105377877	0	0	0
UBE3D	81	0	81
DOP1A	85	393	171
PGM3	785	93	1176
RWDD2A	253	1	257
ME1	517	0	517
PRSS35	0	0	0
SNAP91	0	0	0
LOC105377879	0	0	0
RIPPLY2	0	0	0
RIPPLY2-CYB5R4	0	0	0
CYB5R4	0	0	0
LINC02857	0	0	0
MRAP2	0	0	0
CEP162	239	0	239
LOC107986621	0	0	0
LOC107986620	0	0	0
LOC107986619	0	0	0
LINC01611	0	0	0
TBX18-AS1	0	0	0
TBX18	0	0	0
LOC124901353	0	0	0
LOC124901494	0	0	0
LOC105377881	0	0	0
LINC02535	1	0	1
NT5E	650	0	650
SNX14	733	0	733
SYNCRIP	4039	0	4039
SNHG5	328	0	328
SNORD50A	0	0	0
SNORD50B	3	0	3
LOC101928842	2	2	0
HTR1E	0	0	0
LOC124901354	0	0	0
CGA	117	0	117
LOC124901355	2	2	0
ZNF292	724	0	724
LOC124901356	1	0	1
GJB7	0	0	0
SMIM8	76	0	76
C6orf163	6	0	6
LINC01590	10	0	10
CFAP206	16	0	16
LOC124901357	0	0	0
SLC35A1	230	0	230
RARS2	521	0	521
ORC3	683	80	683
AKIRIN2	454	13	521
LOC124901528	0	0	0
LOC101928911	0	0	0
LOC105377882	0	0	0
LOC107986541	0	0	0
SPACA1	0	0	0
CNR1	0	0	0
LOC105377884	0	0	0
LOC105377885	0	0	0
LOC124901358	0	0	0
LOC101928936	0	0	0
RNGTT	314	0	314
PNRC1-DT	0	1	0
PNRC1	4079	3	4077
PM20D2	341	0	367
SRSF12	0	0	0
LOC101929004	32	27	31
GABRR1	0	0	0
GABRR2	10	0	10
UBE2J1	681	0	681
RRAGD	0	0	0
LOC124901360	0	0	0
ANKRD6	0	15	0
LOC105377889	0	0	0
LOC124901359	0	0	0
LYRM2	250	0	265
MDN1-AS1	0	124	1
MDN1	1361	2	1484
LOC124901536	0	0	0
CASP8AP2	0	0	0
GJA10	0	0	0
BACH2	3	0	3
LOC105377890	0	0	0
LOC124901361	0	0	0
LOC105377891	0	0	0
MIR4464	0	0	0
LOC124901362	3	0	3
MAP3K7	626	0	669
LOC124901363	4	43	4
LOC107986623	0	0	0
LOC105377893	0	0	0
LOC107986624	0	0	0
MIR4643	0	0	0
CASC6	0	0	0
LOC105377894	0	0	0
LOC124901505	0	0	0
LOC107986625	0	0	0
LINC02531	32	0	32
LOC124901495	0	0	0
LOC124901507	0	0	0
LOC105377897	0	0	0
EPHA7	0	0	0
LOC105377899	0	0	0
TSG1	0	0	0
LOC124901496	0	0	0
LOC105377901	0	0	0
MANEA-DT	3	0	3
MANEA	95	0	95
LOC107986543	0	0	0
LOC107986626	0	0	0
FUT9	0	0	0
LOC105377905	0	0	0
UFL1-AS1	39	0	39
UFL1	430	0	430
FHL5	0	0	0
LOC105377908	0	0	0
GPR63	0	0	0
NDUFAF4	224	0	224
KLHL32	0	0	0
MMS22L	316	0	316
LOC101927314	0	0	0
LOC105377909	0	0	0
LOC107986627	0	0	0
MIR2113	0	0	0
LOC105377910	0	0	0
PNKY	2	0	2
POU3F2	5	1	4
LOC124901364	2	4	0
FBXL4	316	0	318
MIR548AI	0	0	0
FAXC	91	0	91
COQ3	281	0	281
PNISR	1682	7	1761
PNISR-AS1	38	79	45
USP45	197	7	190
LOC124901365	4	8	2
TSTD3	41	350	48
CCNC	662	23	990
PRDM13	0	0	0
MCHR2	0	0	0
MCHR2-AS1	0	0	0
LOC105377911	0	0	0
SIM1	0	0	0
SIM1-AS1	0	0	0
ASCC3	1247	0	1247
LOC107984041	13	0	13
LOC124901545	0	0	0
GRIK2	46	0	46
LOC101927388	0	0	0
LOC105377913	0	0	0
LOC105377916	0	0	0
LOC124900225	0	0	0
LOC105377917	0	0	0
LOC102724443	0	0	0
LOC105377918	0	0	0
HACE1	185	0	185
LIN28B-AS1	0	0	0
LIN28B	0	0	0
POPDC1	0	0	0
POPDC1-AS1	0	0	0
POPDC3	0	0	0
PREP	1344	3	1575
PREP-AS1	14	248	0
LOC105377921	0	0	0
LINC02836	0	0	0
LOC105377923	0	0	0
PRDM1	576	0	576
ATG5	1005	0	1005
CRYBG1	1215	17	1211
LOC105377924	0	1	0
LOC101927405	0	0	1
RTN4IP1	398	2	410
QRSL1	571	3	571
LINC02526	4	0	4
LOC105377927	0	0	0
LINC02532	1	0	1
MIR587	0	0	0
LOC105377928	0	0	0
CD24	5324	0	5324
MTRES1	212	0	212
BEND3	241	0	241
PDSS2	298	2	296
LOC124901366	0	0	0
SOBP	0	0	0
LOC124901367	0	0	0
SCML4	0	0	0
SEC63	2109	1	2108
LOC105377929	0	0	0
OSTM1	585	0	585
LOC124901368	0	0	0
OSTM1-AS1	0	0	0
NR2E1	0	0	0
LOC124901369	0	0	0
SNX3	2372	2	2370
LOC124901529	0	0	0
AFG1L	138	0	138
LOC124901371	0	0	0
LOC124901370	1	1	0
LOC124901372	1	1	0
FOXO3	848	2	846
LOC107986629	0	0	0
LINC00222	2	0	2
ARMC2	26	121	24
LOC124901373	9	0	9
LOC124901481	4	0	4
ARMC2-AS1	0	0	0
SESN1	409	2	526
CEP57L1	466	0	466
CCDC162P	18	0	18
LOC124901374	0	0	0
LOC124901530	0	0	0
CD164	4010	3	4007
PPIL6	44	122	47
SMPD2	257	3	380
MICAL1	37	8	30
ZBTB24	282	0	282
ZBTB24-DT	0	0	0
AK9	120	0	120
FIG4	278	0	278
GPR6	0	0	0
LOC107986631	0	0	0
WASF1	899	0	899
CDC40	588	0	588
METTL24	0	0	0
LOC105377937	0	0	0
LOC102724586	0	0	0
DDO	62	0	62
LOC105377936	0	0	0
SLC22A16	1	0	1
LOC105377938	0	0	0
LOC105377940	0	0	0
LOC105377939	0	0	0
LOC105377941	0	0	0
CDK19	401	0	403
AMD1	1938	21	1919
SNORA40C	0	0	0
GTF3C6	982	1	981
LOC124901533	1	0	1
RPF2	595	0	595
LOC124901375	1	0	1
GSTM2P1	0	0	0
SLC16A10	0	0	0
SNORD166	0	0	0
LOC124901377	0	0	0
SLC60A2-DT	0	0	0
LOC124901378	0	0	0
SLC60A2	260	0	260
LOC124901376	9	0	9
REV3L	1005	18	995
TRAF3IP2-AS1	45	28	48
LOC107986522	1	0	1
TRAF3IP2	1094	3	1114
LOC105377944	2	0	2
LOC124901539	0	0	0
FYN	3799	2	4519
LOC105377945	2	721	0
LOC102724646	3	3	3
LINC02527	0	0	0
LOC105377947	0	0	0
CCN6	3	3	0
TUBE1	226	0	226
FAM229B	74	0	74
LAMA4	13	0	16
LOC107986633	0	3	0
LAMA4-AS1	0	0	0
LOC107986632	15	0	15
RFPL4B	2	0	2
LOC101927664	0	0	0
LOC124901541	0	0	0
LOC105377949	0	0	0
LOC107986634	0	0	0
LOC105377950	0	0	0
LOC107986635	0	0	0
LOC107986636	0	0	0
LOC105377952	0	0	0
LOC105377956	0	0	0
LOC105377953	0	0	0
LOC105377955	0	0	0
LOC107986637	0	0	0
LOC124901497	0	0	0
LINC02518	1	0	1
LOC124901379	0	0	0
LOC124901380	0	0	0
LINC02541	0	0	0
LOC124901381	0	0	0
MARCKS	2568	25	2543
MROCKI	0	0	0
LOC124901382	0	0	0
LINC02880	0	0	0
HDAC2	3588	1	3587
HDAC2-AS2	0	0	0
LOC124901384	0	0	0
HS3ST5	2	2	0
LOC124901383	0	0	0
LOC107986638	0	0	0
LNCPOIR	0	0	0
LOC107986639	1	0	1
LOC105377960	0	0	0
LOC105377961	0	0	0
LINC02534	0	0	0
LOC124901385	0	0	0
FRK	178	0	178
TPI1P3	2	0	2
NT5DC1	613	0	613
COL10A1	3	3	0
TSPYL4	170	0	170
DSE	92	2	93
TSPYL1	1216	9	1207
LOC100287467	0	3	0
CALHM6-AS1	0	0	0
CALHM6	0	0	0
TRAPPC3L	7	0	7
CALHM5	76	0	76
CALHM4	1	0	1
RWDD1	931	0	931
RSPH4A	4	1	6
LOC124901386	2	2	3
ZUP1	269	0	269
KPNA5	169	0	169
FAM162B	0	0	0
LOC105377963	0	0	0
GPRC6A	0	0	0
RFX6	0	0	0
LOC105377964	2	2	0
VGLL2	0	0	0
ROS1	6	0	6
DCBLD1	1753	112	1752
GOPC	1290	4	1397
LOC101927919	8	0	8
NUS1	1427	0	1427
LOC124901480	0	0	0
SLC35F1	0	0	0
LOC105377967	0	0	0
LOC107986523	0	0	0
LOC124901387	0	0	0
CEP85L	78	0	82
LOC105377971	0	0	0
BRD7P3	1	1	0
PLN	0	0	0
LOC107986524	0	3	0
LOC124901388	0	1	0
SELENOKP3	0	0	0
MCM9	206	160	215
ASF1A	355	4	508
LOC124901389	0	10	2
FAM184A	0	0	0
MIR548B	0	0	0
MAN1A1	263	3	260
LOC285762	0	0	0
LOC107986525	0	0	0
LOC105377975	0	0	0
LOC105377972	0	0	0
LOC124901390	0	0	0
MIR3144	0	0	0
LOC105377977	0	0	0
TBC1D32	0	0	0
GJA1	0	0	0
LOC105377979	0	0	0
HSF2	359	0	359
SERINC1	1419	4	1418
PKIB	4	0	7
LOC124901391	1	1	0
FABP7	0	0	0
SMPDL3A	156	0	156
LOC124901392	0	0	0
CLVS2	0	0	0
TRDN	0	0	0
LOC124901393	0	0	0
LOC105377984	0	0	0
TRDN-AS1	0	0	0
LOC105377982	0	0	0
LOC105377981	0	0	0
NKAIN2	1	1	0
RNF217-AS1	10	75	17
RNF217	445	8	519
LOC124901394	0	0	0
TPD52L1	1632	3	1629
LOC100126584	0	0	0
LOC124901395	9	34	0
HDDC2	792	0	817
LOC107986640	0	0	0
LOC102723341	0	0	0
HEY2-AS1	2	1	1
LINC02523	0	0	0
HEY2	87	0	87
TRE-CTC1-7	0	0	0
NCOA7	1180	0	1183
NCOA7-AS1	0	0	0
LOC124901397	5	4	4
HINT3	431	0	431
TRMT11	345	0	345
CENPW	212	0	212
MIR588	0	0	0
LOC105377992	0	0	0
LOC105377993	0	0	0
LOC105377989	1	2	1
LOC105377991	0	0	0
RSPO3	15	0	17
LOC124901398	3	0	3
RNF146	358	1	357
ECHDC1	1080	14	1066
LOC105377994	3	3	0
SOGA3-KIAA0408	0	0	0
KIAA0408	0	0	0
LOC124901399	0	0	0
MTCL3	0	0	0
LOC107986642	3	0	3
C6orf58	0	0	0
LOC105377995	0	0	0
LOC105377996	0	0	0
LINC02536	0	0	0
LOC124901400	0	0	0
THEMIS	0	0	0
PTPRK	0	0	0
PTPRK-AS1	0	0	0
LOC124900216	0	0	0
LOC124901543	0	0	0
LOC105377998	0	0	0
LAMA2	20	0	27
LOC124901401	0	4	0
LOC102723409	1	3	1
ARHGAP18	101	0	101
TMEM244	0	0	0
LOC105377999	0	0	0
L3MBTL3	56	0	56
SAMD3	0	0	0
LOC112267974	0	0	0
TMEM200A	0	0	0
LOC105378002	0	0	0
LOC105378003	0	0	0
SMLR1	0	0	0
EPB41L2	1371	0	1371
LOC105378004	0	0	0
LOC102723445	0	0	0
AKAP7	70	2	68
LOC105378005	0	0	0
ARG1	1	1	0
MED23	362	0	362
ENPP3	0	0	0
OR2A4	0	0	0
CTAGE9	0	0	0
MIR548H5	0	0	0
ENPP1	0	0	0
CCN2-AS1	0	0	0
CCN2	521	0	521
MIR548AJ1	0	0	0
LINC01013	0	0	0
MOXD1	3	0	3
STX7	352	0	352
TAAR9	0	0	0
TAAR8	0	0	0
TAAR6	0	0	0
TAAR5	0	0	0
TAAR3P	0	0	0
TAAR2	0	0	0
TAAR1	0	0	0
VNN1	1	0	1
VNN3P	0	0	0
VNN2	0	0	0
SLC18B1	414	0	414
LOC107986644	4	0	4
RPS12	9885	1	9884
SNORD101	10	0	10
SNORD100	5	0	5
SNORA33	9	0	9
LOC105378008	0	0	0
LINC00326	0	0	0
LOC124901231	4	38	15
EYA4	1119	17	1263
LOC124901403	10	0	10
EYA4-AS2	1	42	0
TARID	35	80	33
LOC124901402	3	0	3
LINC01312	0	0	0
TCF21	16	10	14
TBPL1	134	0	149
LOC128092253	0	0	0
SLC2A12	0	15	0
LOC124901404	0	0	0
HMGA1P7	0	0	0
SGK1	17810	12	17798
LOC124901531	0	0	0
LOC105378009	142	142	0
CT69	0	0	0
LINC01010	4	0	4
LINC03002	15	15	0
LOC101928277	1	0	1
ALDH8A1	13	0	13
HBS1L	1133	0	1133
MIR3662	0	0	0
LOC124901405	0	0	0
LOC124901406	0	0	0
LOC105378010	0	0	0
MYB	22	0	30
LOC105378011	1	9	0
MIR548A2	0	0	0
AHI1	477	0	477
LOC124901407	0	0	0
AHI1-DT	2	0	2
LINC02524	0	0	0
LOC105378012	0	0	0
LOC101928326	0	0	0
PDE7B	184	0	184
LOC101928373	3	2	1
PDE7B-AS1	4	0	4
MTFR2	165	0	165
BCLAF1	2119	1	2118
LOC124901408	0	0	0
MAP7	3092	3	3089
MAP7-AS1	6	6	0
MAP3K5	465	0	465
MAP3K5-AS1	1	1	0
LOC124901410	0	0	0
MAP3K5-AS2	0	0	0
PEX7	114	0	114
LOC124900226	0	0	0
SLC35D3	0	0	0
NHEG1	0	0	0
IL20RA	0	0	0
IL22RA2	3	0	3
IFNGR1	1545	3	1542
LOC105378017	0	0	0
LOC102723633	0	0	0
OLIG3	0	0	0
LINC03004	1	0	1
LOC105378018	0	1	0
LOC124901411	0	0	0
LINC02539	0	0	0
WAKMAR2	227	4	229
TNFAIP3	819	4	821
SIMALR	0	0	0
LINC02865	0	0	0
LOC105378021	0	0	0
PERP	4708	1	4707
ARFGEF3	48	0	48
PBOV1	0	0	0
SMIM28	0	0	0
HEBP2	418	2	416
NHSL1	79	15	87
MIR3145	0	0	0
NHSL1-AS1	0	0	0
LOC124900217	7	8	15
CCDC28A-AS1	10	1	10
CCDC28A	108	0	109
ECT2L	0	2	0
LOC124901516	0	0	0
LOC107986650	3	0	3
REPS1	375	0	377
ABRACL	0	0	0
HECA	201	0	216
TXLNB	2	16	1
LOC102723690	0	0	0
CITED2	4545	3	4542
LOC107986651	2	3	0
LINC01625	2	0	3
LOC105378023	0	0	0
LOC105378024	2	0	2
FILNC1	0	0	0
LINC02941	0	0	0
LOC103352541	0	0	0
LOC107986652	0	0	0
LOC124901412	0	0	0
LOC105378025	0	0	0
MIR3668	0	0	0
LOC105378027	1	2	0
LOC124901414	0	0	0
LOC105378026	0	0	0
MIR4465	0	0	0
LOC102723724	116	0	127
LOC124901413	57	67	0
LOC105378029	2	0	2
LOC124901415	0	0	0
LOC105378030	0	0	0
LOC105378031	0	0	0
LOC107986654	0	0	0
NMBR	1	0	1
GJE1	0	0	0
VTA1	852	1	851
LINC02919	0	0	0
ADGRG6	1079	0	1079
LOC153910	0	0	0
HIVEP2	645	1	646
HIVEP2-DT	6	2	6
LINC01277	0	0	0
AIG1	63	0	85
LOC124901416	0	22	0
LOC107986656	0	0	0
ADAT2	299	0	299
PEX3	585	0	585
FUCA2	2430	3	3073
LOC124901417	0	642	0
LOC105378035	9	2	11
PHACTR2	530	0	530
PHACTR2-AS1	0	0	0
LTV1	725	0	725
ZC2HC1B	0	0	0
PLAGL1	2110	2	2108
HYMAI	11	0	11
SF3B5	1343	0	1343
LOC105378036	0	0	0
STX11	135	0	135
TRL-TAA1-1	0	0	0
UTRN	702	2	700
LOC124901418	0	0	0
SNORA98	1	0	1
TRQ-TTG4-1	0	0	0
EPM2A	51	0	51
EPM2A-DT	7	94	8
LOC105378039	1	0	1
LOC124901419	8	0	8
FBXO30	636	1	635
SHPRH	155	3	247
LOC124901420	0	0	0
GRM1	4	0	4
RAB32	465	0	465
ADGB-DT	0	0	0
ADGB	0	0	0
LOC105378040	0	0	0
KATNBL1P6	0	0	0
STXBP5-AS1	7	31	7
LUADT1	0	0	0
LOC124901422	2	1	1
STXBP5	506	0	571
LOC124901421	0	34	0
LOC105378043	0	0	0
SAMD5	0	0	0
LOC105378044	0	0	0
LOC124901423	0	0	0
SASH1	242	0	242
LOC124901425	0	0	0
UST	714	0	772
LOC107986659	0	0	0
UST-AS1	0	58	0
LOC124901424	0	0	0
UST-AS2	1	1	0
LOC124901426	0	0	0
TAB2	1284	0	1284
TAB2-AS1	0	0	0
SUMO4	3	0	3
ZC3H12D	57	0	57
PPIL4	345	0	345
GINM1	764	1	763
RPS18P9	18	0	18
LOC124901526	1	0	2
KATNA1	361	11	351
LATS1	452	4	460
LOC645967	1	8	5
NUP43	699	0	699
PCMT1	1383	1	1382
LOC107986660	3	2	1
RAET1E-LRP11	30	1	29
LRP11	47	10	384
LOC124901427	0	162	0
RAET1E-AS1	0	420	11
RAET1E	259	0	259
RAET1G	0	0	0
LOC105378052	0	0	0
ULBP2	8	0	8
ULBP1	21	0	21
RAET1K	19	0	19
RAET1L	31	0	31
ULBP3	97	0	97
LOC124901428	0	0	0
PPP1R14C	0	0	0
LOC124901527	0	0	0
LOC105378054	0	0	0
IYD	0	0	0
LOC124901429	0	0	0
PLEKHG1	255	16	239
LOC124901430	0	0	0
LOC124901431	3	2	1
MTHFD1L	2741	0	2741
ARL4AP5	0	0	0
LOC124901432	5	5	0
MIR12131	0	0	0
LOC102723831	0	0	0
AKAP12	1	0	1
ZBTB2	344	0	373
LOC124901232	68	34	63
RMND1	312	1	311
LOC124901433	0	0	0
DCPH1	686	0	686
LOC124901434	8	0	8
CCDC170	3	0	3
LOC124901436	0	0	0
LOC107986528	0	0	0
LOC124901435	0	0	0
ESR1	20	2	18
LOC107986529	27	25	2
SYNE1	82	1	86
SYNE1-AS1	1	4	2
SYNE1-AS2	1	0	1
LOC105378061	0	0	0
MYCT1	0	0	0
VIP	0	0	0
LINC02840	0	0	0
LOC124901440	0	0	0
LOC124901439	0	0	0
FBXO5	363	1	362
MTRF1L	363	21	342
RGS17	13	13	0
LOC105378066	0	0	0
LOC107986661	0	0	0
OPRM1	0	0	0
IPCEF1	2	0	2
LOC105378067	0	0	0
CNKSR3	186	0	186
LOC101928868	15	0	15
SCAF8	995	2	993
MIR1273C	0	0	0
TIAM2	5	30	1
TFB1M	314	1	339
CLDN20	6	6	0
NOX3	0	0	0
LOC105378068	0	0	0
LOC105378069	0	0	0
LOC105378072	0	0	0
LOC101928923	0	0	0
LOC124901443	0	0	0
MIR1202	0	0	0
LOC124901442	0	0	0
LOC124901441	0	0	0
LOC105378071	0	0	0
SNORD28B	0	0	0
LOC105378073	0	0	0
LOC124901444	0	0	0
ARID1B	768	15	777
LOC115308161	1	11	14
MIR4466	0	0	0
LOC124901445	0	0	0
LOC105378075	1	0	1
TMEM242	190	0	190
TMEM242-DT	0	0	0
LOC105378076	0	0	0
LOC124901446	2	1	1
ZDHHC14	140	0	140
MIR3692	0	0	0
LOC107986663	0	0	0
SNX9	1362	0	1362
SNX9-AS1	0	0	0
SYNJ2	293	0	294
SYNJ2-IT1	0	0	0
SERAC1	100	1	100
GTF2H5	215	0	215
TULP4	244	0	244
LOC124901447	0	0	0
SNORA116	0	0	0
TMEM181	568	3	565
MIR7161	0	0	0
DYNLT1	630	0	630
SYTL3	40	0	42
MIR3918	0	2	0
EZR	4488	7	4867
EZR-AS1	0	386	0
OSTCP1	0	0	0
LOC124901448	4	0	4
LINC02901	14	0	14
RSPH3	138	1	167
TAGAP-AS1	1	29	2
TAGAP	0	0	0
LOC112267968	0	0	0
LOC124901449	0	0	0
FNDC1-AS1	0	0	0
FNDC1	0	0	0
FNDC1-IT1	0	0	0
LOC105378084	0	0	0
LINC02529	0	0	0
LOC101929142	0	0	0
LOC105378085	1	0	1
LOC124901450	0	0	0
SOD2	8081	216	8129
WTAP	1042	68	1238
SOD2-OT1	4	0	4
ACAT2	609	465	1140
TCP1	5188	280	5649
SNORA20	0	0	0
SNORA29	0	0	0
MRPL18	951	3	950
PNLDC1	0	0	0
MAS1	0	0	0
IGF2R	4440	1	4439
AIRN	0	0	0
LOC124901451	1	0	1
CHP1P2	27	0	27
LOC124901452	3	4	0
SLC22A1	43	0	44
SLC22A2	2	0	2
LOC105378088	1963	0	1963
SLC22A3	361	2	362
LOC124901453	29	31	1
LPAL2	0	0	0
LOC124901454	0	0	0
LPA	0	0	0
PLG	0	0	0
LOC112267969	0	0	0
LOC105378093	0	0	0
LOC102724087	0	0	0
MAP3K4-AS1	2	7	3
MAP3K4	265	1	272
AGPAT4	0	0	0
LOC124901455	0	0	0
AGPAT4-IT1	0	0	0
LOC105378094	0	0	0
PRKN	0	0	0
LOC124901457	0	0	0
LOC124901456	0	0	0
LOC105378098	0	0	0
LNCR-SMAL	0	0	0
LOC105369171	0	0	0
PACRG	0	0	0
PACRG-AS2	0	0	0
PACRG-AS3	0	0	0
LOC105378095	0	0	0
PACRG-AS1	0	0	0
DKFZp451B082	0	0	0
LOC105378099	0	0	0
LOC105378100	0	0	0
LOC124901234	0	8	0
CAHM	0	0	8
QKI	839	1	838
LOC102724152	0	0	0
LOC124901498	0	0	0
LOC105378104	0	0	0
LOC124901499	0	0	0
LOC105378102	0	0	0
LOC105378106	0	0	0
LOC105378109	0	0	0
LOC105379712	0	0	0
LOC107986667	0	0	0
MEAT6	0	0	0
LOC124901500	0	0	0
C6orf118	0	0	0
LOC105378113	0	0	0
PDE10A	662	0	694
LOC105378116	0	32	0
LOC105378115	4	4	0
LOC124901458	12	12	0
LINC00473	2857	3	2854
LINC00602	22	1042	25
LOC105378117	1	0	1
LOC729681	0	0	0
TBXT	1	0	1
LNCDAT	0	0	0
LOC101929297	0	0	0
LOC107986668	0	0	0
LOC105378118	0	0	0
PRR18	0	0	0
LOC107986669	0	0	0
SFT2D1	493	0	493
LOC100289495	3	0	3
MPC1	163	0	163
MPC1-DT	3	0	3
RPS6KA2	2	0	2
LOC124901460	0	0	0
RPS6KA2-IT1	0	0	0
MIR1913	0	0	0
RAMACL	32	0	32
LOC107986671	0	0	0
LOC124901459	0	0	0
LOC124901461	3	0	3
RPS6KA2-AS1	0	0	0
RNASET2	264	0	264
LOC105378120	6	0	6
MIR3939	0	0	0
CEP43	214	0	214
CCR6	2	0	2
LOC107986672	0	0	0
LOC112267970	0	0	0
GPR31	0	0	0
LOC105378123	0	0	0
TCP10L2	0	0	0
LOC124901462	0	0	0
HPAT5	0	0	0
LOC102724220	0	0	0
LOC102725048	0	0	0
UNC93A	0	0	0
TTLL2	0	0	0
TCP10L3	0	0	0
LOC105378126	0	0	0
LOC105378127	0	0	0
LOC105378128	0	0	0
LOC107986546	0	0	0
LOC124901463	0	0	0
LOC105378129	0	0	0
LOC124901464	0	0	0
LOC105378130	0	0	0
LOC105378131	0	0	0
LINC02538	0	0	0
LOC124901465	0	0	0
LINC02487	0	0	0
LOC107986547	0	0	0
LINC01558	0	0	0
LOC441179	0	0	0
AFDN-DT	1	0	1
AFDN	509	0	509
LOC107986673	0	0	0
HGC6.3	0	0	0
KIF25-AS1	0	0	0
KIF25	0	0	0
LOC105378135	0	0	0
FRMD1	0	0	0
LOC107986548	0	0	0
LOC105378137	0	0	0
LOC124901501	0	0	0
LOC101929420	0	0	0
DACT2	0	0	0
LOC105378139	0	0	0
LOC107986549	0	0	0
LOC105378140	0	0	0
LOC105378141	0	0	0
SMOC2	0	0	0
LOC124901466	0	0	0
LOC124901467	0	0	0
LOC124901468	0	0	0
LOC105378142	0	0	0
LOC105378143	0	0	0
LOC107986550	0	0	0
LOC105378144	0	0	0
LOC105378146	0	0	0
LOC105378145	0	0	0
LOC101929460	0	0	0
LOC102724357	0	0	0
LOC124901469	0	0	0
LINC01615	0	0	0
LINC02544	0	0	0
THBS2-AS1	0	0	0
THBS2	0	0	0
LOC124901470	0	0	0
LOC105378148	0	0	0
LOC124901472	0	0	0
LINC02519	0	0	0
LOC124901473	0	4	0
WDR27	437	0	442
LOC124901471	2	2	0
C6orf120	439	418	537
PHF10	720	154	1081
DYNLT2	5	2	3
ERMARD	0	0	0
LINC00242	0	0	0
LINC00574	0	0	0
LOC105378149	0	0	0
LOC107986674	0	0	0
LOC107986675	0	0	0
LOC100131532	0	0	0
LOC105378150	1	1	0
LOC101929614	0	0	0
LOC105378153	9	0	9
LOC102724511	1	0	1
LOC154449	0	0	0
LOC285804	0	0	0
LINC01624	0	0	0
DLL1	0	0	0
FAM120B	2	0	2
MIR4644	0	0	0
LOC124901474	1	1	0
LOC124901475	0	0	0
LOC107986676	0	0	0
LOC124901477	0	0	0
LOC124901235	0	0	0
LOC124901476	0	0	0
LOC105378157	0	0	0
PSMB1	3630	0	3630
TBP	509	3	506
PDCD2	1292	1	1291
LOC101929692	0	0	0
LOC102723872	0	0	0
FAM157D	0	0	0
LOC105375113	0	0	0
LOC101929756	0	0	0
LOC105375114	0	0	0
LINC03015	0	0	0
LINC03014	0	0	0
LOC105375116	0	0	0
LOC105375115	0	0	0
LOC124901806	0	0	0
LOC124901808	0	0	0
FAM20C	0	0	0
LOC124901807	0	0	0
FOXL3	0	0	0
FOXL3-OT1	0	0	0
LOC105375118	3	0	3
LOC124901809	0	0	0
LOC442497	0	0	0
LOC116435278	0	8	0
LOC112267991	4	0	12
LOC124901566	0	0	0
PDGFA	377	18	366
PDGFA-DT	135	2	140
PRKAR1B	610	166	650
PRKAR1B-AS2	0	0	0
PRKAR1B-AS1	0	0	0
LOC105375119	0	0	0
DNAAF5	1540	44	1702
LOC124901567	3	1	2
SUN1	1835	1	1834
LOC124901568	4	4	0
GET4	1246	4	1242
ADAP1	340	2	338
LOC124901569	0	0	0
COX19	497	0	497
CHLSN	839	9	842
CYP2W1	4	12	3
LOC124901570	0	0	0
MIR339	1	0	1
GPR146	215	15	201
CHLSN-AS1	0	0	0
GPER1	524	1	523
LOC102723758	3	3	0
ZFAND2A	532	0	540
ZFAND2A-DT	252	19	241
UNCX	0	0	0
MICALL2	706	2	704
MICALL2-DT	4	7	0
INTS1	5884	5	5882
LOC124901572	1	0	1
MAFK	2900	49	3872
LOC100128653	77	76	5
TMEM184A	1099	974	1142
PSMG3	1401	0	1408
PSMG3-AS1	46	9	44
LOC105375123	0	0	0
TFAMP1	0	0	0
LOC105375303	0	0	0
ELFN1	24	0	24
LNCRI	0	0	0
LOC124901819	0	0	0
LOC105375124	15	0	15
ELFN1-AS1	150	0	150
MAD1L1	787	0	878
LOC100127955	0	0	0
MIR4655	0	0	0
LOC124901573	0	91	0
SNORA114	0	0	0
LOC105375127	0	0	0
LOC105375126	0	0	0
MRM2	897	0	897
NUDT1	351	11	341
SNX8	800	1	801
MIR6836	0	0	0
EIF3B	8434	13	8422
CHST12	568	0	568
GRIFIN	0	0	0
LOC107986759	0	0	0
LFNG	195	0	195
MIR4648	0	0	0
BRAT1	1647	5	1642
IQCE	1005	0	1026
LOC107986760	0	21	0
TTYH3	1044	1	1043
AMZ1	31	248	4
GNA12	769	2	988
CARD11	0	0	0
CARD11-AS1	0	0	0
LOC105375130	0	0	0
LOC100129603	0	0	0
LOC124901574	0	0	0
LOC124901575	0	0	0
SDK1-AS1	0	0	0
SDK1	1	1	0
LOC124901577	0	0	0
LOC124901576	0	0	0
LOC105375131	0	0	0
LOC124901578	0	0	0
LOC124901579	0	0	0
LOC105375133	0	0	0
LOC124901580	12	0	12
FOXK1	1118	2	1116
LOC124901581	4	0	4
AP5Z1	1034	0	1035
MIR4656	1	2	0
RADIL	4	4	0
SNORD165	0	0	0
PAPOLB	0	0	0
MMD2	0	0	0
RNF216P1	647	0	647
RBAK-RBAKDN	0	0	0
RBAK	793	0	793
RBAKDN	1	0	1
ZNF890P	3	0	3
WIPI2	1879	2	1877
SLC29A4	77	3	77
TNRC18	2846	5	2847
TNRC18-AS1	6	5	3
LINC02983	3	2	1
LINC03073	2	0	2
FBXL18	518	0	518
LOC124901847	0	0	0
MIR589	8	0	8
LOC221946	2	2	0
ACTB	57228	17	57211
FSCN1	9373	8	9366
RNF216	1137	1	1136
RNF216-IT1	0	0	0
MIR6874	0	0	0
ZNF815P	59	0	59
OCM	1	0	1
CCZ1	388	1	388
RSPH10B	3	0	4
PMS2	659	0	659
AIMP2	872	104	1756
SNORA80D	0	0	0
EIF2AK1	3391	924	3458
ANKRD61	17	18	2
USP42	496	1	495
CYTH3	483	1	482
FAM220A	0	0	0
SMIM10L3	0	0	0
RAC1	5052	1	5052
DAGLB	894	6	889
KDELR2	5453	0	5453
GRID2IP	0	0	0
LOC101927325	0	0	0
ZDHHC4	909	0	939
LOC124901582	6	36	0
INTS15	254	1	253
ZNF853	0	0	0
ZNF316	800	0	800
LOC124901583	0	0	0
ZNF12	542	0	542
SPDYE20P	0	0	0
PMS2CL	160	0	160
RSPH10B2	201	0	201
CCZ1B	472	1	471
LOC112267992	0	0	0
LOC107986763	0	0	0
LOC105375138	0	0	0
LOC124901585	0	0	0
MIR3683	0	0	0
LOC100131257	0	0	0
LOC124901584	0	0	0
C1GALT1	721	0	721
LINC03016	1	0	1
LOC107986764	0	0	0
COL28A1	5	1	4
MIOS-DT	4	0	4
MIOS	356	1	355
RPA3	585	56	604
UMAD1	353	20	408
LOC105379719	2	0	2
LOC124901586	0	0	0
GLCCI1-DT	3	0	4
GLCCI1	909	1	909
LOC105375142	0	0	0
ICA1	9	2	7
LOC124901587	0	0	0
ICA1-AS1	0	0	0
NXPH1	0	0	0
LOC105375144	0	0	0
LOC105375148	0	0	0
PER3P1	0	0	0
LOC105375145	0	0	0
LOC105375147	0	0	0
LOC105375146	0	0	0
LOC105375149	0	0	0
LOC105375150	0	0	0
LOC124901860	0	0	0
MGC4859	2	2	0
LOC124901588	0	0	0
LOC107986766	0	0	0
LOC124900231	0	0	0
LOC100131472	0	0	0
COXFA4	2767	4	2770
LOC107986767	1	6	2
PHF14	669	0	669
LOC124901590	0	0	0
THSD7A	2	2	0
LOC105375151	0	0	0
LOC124901589	0	0	0
TMEM106B	942	0	942
VWDE	215	0	215
LOC105375154	7	0	7
LOC105375155	0	0	0
LOC105375156	6	0	6
C7orf78	4	0	4
LOC107986768	1	2	0
SCIN	3	0	4
LOC105375157	0	0	0
ARL4A	806	0	806
LOC124900237	0	0	0
LOC105375158	0	0	0
LOC107986770	0	0	0
LOC105375161	0	0	0
ETV1	0	0	0
LOC105375162	3	0	3
DGKB	0	0	0
LOC105375164	0	0	0
AGMO	0	0	0
LOC124901592	0	0	0
LOC124901591	0	0	0
MEOX2	0	0	0
LOC105375166	0	0	0
LINC02587	0	0	0
LOC101927558	0	0	0
LOC105375167	0	0	0
CRPPA	0	0	0
CRPPA-AS1	0	0	0
LOC105375168	0	0	0
SOSTDC1	0	0	0
LRRC72	0	0	0
ANKMY2	703	0	787
LOC105375169	1	85	0
BZW2	2428	0	2428
TSPAN13	1311	0	1311
LOC124901593	7	0	7
AGR2	50	1	49
AGR3	0	0	0
LOC124901594	1	0	1
LOC105375170	0	0	0
LOC124901595	1	0	1
LOC124901596	0	0	0
LOC107986772	0	0	0
LOC101927609	3	22	12
AHR	403	9	425
LOC105375171	0	0	0
LINC02888	0	0	0
LOC105375172	3	0	3
LINC02889	0	0	0
SNX13	871	3	868
PRPS1L1	0	0	0
HDAC9	11	0	11
MIR1302-6	0	0	0
LOC124901598	0	0	0
HDAC9-AS1	0	0	0
LOC124901597	0	0	0
TWIST1	0	0	0
FERD3L	0	0	0
LOC107986773	0	0	0
LOC105375179	1	0	1
LOC105375180	1	0	1
POLR1F	657	0	657
MIR3146	0	0	0
TMEM196	0	0	0
LOC107986774	0	0	0
LOC105379720	0	0	0
MACC1-OT1	0	0	0
LOC105375181	0	0	0
MACC1	0	0	0
MACC1-AS1	0	0	0
GIRGL	0	0	0
LOC101927769	0	0	0
ITGB8-AS1	21	11	38
ITGB8	632	23	637
LOC124900239	0	0	0
ABCB5	0	0	0
SP8	17	0	17
RPL23P8	4	0	4
LINC01162	0	0	0
SP4	121	0	121
MIR1183	0	0	0
DNAH11	13	280	8
LOC105375183	0	0	0
LOC124901599	0	0	0
LOC107986775	0	0	0
CDCA7L	585	0	860
RAPGEF5	1	0	1
STEAP1B	1	0	1
STEAP1B-AS1	6	1	5
LOC401312	0	0	0
IL6-AS1	1	119	1
IL6	362	0	481
TOMM7	922	1	921
LOC112267993	1	0	1
SNHG26	14	0	14
SNORD93	0	0	0
LOC107986776	0	0	0
LOC124901600	0	0	0
HYCC1	389	0	389
LOC105375185	0	0	0
LOC105375186	0	0	0
KLHL7-DT	11	0	11
KLHL7	455	3	452
NUP42	737	0	737
LOC101927890	0	0	0
GPNMB	323	0	323
MALSU1	777	497	776
IGF2BP3	606	16	1086
SNORD65C	0	0	0
RPS2P32	35	0	35
TRA2A	837	0	837
CLK2P1	0	0	0
LOC105375187	0	0	0
CCDC126	218	0	218
FAM221A	2	0	2
STK31	1	0	1
LOC124901835	0	0	0
LOC105375188	0	0	0
LOC107986777	0	0	0
LOC124901831	0	0	0
NPY	1	0	1
LOC124901601	0	0	0
PALS2	1019	3	1016
GSDME	1364	3	1361
LOC124901820	0	0	0
OSBPL3	1480	11	1469
CYCS	4533	1	4532
SPMIP4	21	3	18
LOC124901603	0	0	0
LOC124901602	1	0	1
LOC105375191	0	0	0
NPVF	0	0	0
LOC124901858	0	0	0
LOC105375193	0	0	0
LOC105375195	0	0	0
LOC105375194	0	0	0
LOC124901604	0	0	0
LOC105375196	0	0	0
LINC03007	0	0	0
LOC100506236	0	0	0
LOC105375199	0	0	0
LOC105375200	0	0	0
MIR148A	0	0	0
LOC105375198	0	0	0
NFE2L3	129	131	7
HNRNPA2B1	28736	4	28741
CBX3	5159	3	5156
SNX10	121	0	151
SNX10-AS1	0	31	0
LINC02981	1	0	2
LOC105375202	0	0	0
KIAA0087	0	0	0
LOC124901605	0	0	0
LINC03095	0	0	0
LOC101928077	5	0	5
LINC02860	0	0	0
SKAP2	441	0	441
LOC124901606	0	0	0
HOXA1	15	0	15
HOTAIRM1	235	0	235
HOXA2	2	0	2
HOXA3	17	2	19
HOXA-AS2	1	3	3
HOXA4	12	0	13
HOXA-AS3	0	12	0
HOXA5	195	0	195
HOXA6	9	0	15
HOXA7	0	0	0
HOXA10-HOXA9	0	0	0
HOXA9	3	0	3
HOXA10-AS	5	280	63
MIR196B	0	11	0
HOXA10	129	47	399
HOXA11	163	62	117
HOXA11-AS	144	6	154
HOXA13	179	0	179
HOTTIP	2	0	2
EVX1-AS	0	0	0
EVX1	0	0	0
LOC107986733	0	0	0
LOC105375206	0	0	0
LOC105375207	0	0	0
HIBADH	1986	1	1985
LOC107986699	1	0	1
TSL	0	0	0
LOC105375211	1	1	0
TAX1BP1-AS1	1	229	1
TAX1BP1	2688	0	2930
JAZF1	708	27	736
LOC105375208	2	2	0
JAZF1-AS1	0	41	1
CREB5	27	0	27
TRIL	0	0	0
CPVL-AS2	1	0	1
CPVL	0	0	0
CPVL-AS1	0	0	0
LOC128966558	0	0	0
CHN2	0	4	0
CHN2-AS1	0	0	0
PRR15-DT	7	0	11
PRR15	3	2	1
MIR550A3HG	351	0	351
MIR550A3	0	0	0
ZNRF2P2	0	3	7
DPY19L2P3	12	19	17
WIPF3	0	0	0
LOC124901827	0	0	0
SCRN1	9	0	9
FKBP14-AS1	0	46	0
FKBP14	268	0	314
PLEKHA8	576	1	618
LOC105375216	0	43	0
MTURN	135	0	135
LOC105375217	2	2	0
LOC124901607	9	4	5
LOC105375218	0	0	0
ZNRF2	251	1	250
MIR550A1	0	0	0
MIR550B1	0	0	0
DKFZP586I1420	91	0	91
LINC01176	12	0	12
NOD1	417	21	396
GGCT	971	1	970
GARS1-DT	213	0	213
GARS1	2953	18	2935
LOC124901609	14	0	15
CRHR2	0	1	0
LOC124901608	1	0	1
LOC105375220	0	0	0
LOC105375219	0	0	0
INMT-MINDY4	0	0	0
INMT	0	0	0
MINDY4	0	0	0
AQP1	15	0	15
GHRHR	0	0	0
LOC105375222	0	0	0
LOC105375221	0	0	0
ADCYAP1R1	2	0	2
LOC107986781	0	0	0
LOC107986782	0	0	0
NEUROD6	0	0	0
LOC105375224	0	0	0
ITPRID1	0	0	0
PDE1C	6	0	6
PPP1R17	0	0	0
LOC100130673	0	0	0
LSM5	669	0	669
AVL9	1110	8	1176
DPY19L1P1	27	73	30
ZNRF2P1	57	10	49
MIR550A2	0	0	0
MIR550B2	0	0	0
LINC00997	169	0	169
DPY19L1P2	13	1	12
KBTBD2	847	0	847
RP9P	118	0	118
FKBP9	2213	8	2205
NT5C3A	743	3	740
LOC124901610	6	91	6
RP9	53	0	140
BBS9	101	0	101
LOC124901611	1	0	1
FLJ20712	0	0	0
LOC124901612	2	0	2
LOC124901613	0	0	0
BMPER	6	0	6
NPSR1-AS1	0	0	0
NPSR1	0	0	0
DPY19L1	719	0	719
MIR548N	1	0	1
LOC102724723	0	0	0
LOC105375228	4	0	4
DPY19L2P1	0	0	0
TBX20	7	0	7
LOC401324	0	0	0
LOC105375230	0	0	0
LOC124901614	1	0	1
LOC101928421	6	0	6
HERPUD2	290	2	290
HERPUD2-AS1	133	0	135
LINC03013	0	0	0
LOC124901615	0	0	0
SEPTIN7-DT	9	0	9
SEPTIN7	2256	0	2256
LOC107986734	0	0	0
LOC105375233	0	0	0
LOC124901616	0	0	0
LOC124901617	0	0	0
LOC101928618	0	0	0
EEPD1	27	0	27
MATCAP2	545	111	546
ANLN	2364	2	2474
AOAH	0	0	0
AOAH-IT1	0	0	0
ELMO1	1	0	1
LOC105375235	0	0	0
MIR1200	0	0	0
ELMO1-AS1	0	0	0
LOC124901833	0	0	0
GPR141	6	0	6
NME8	0	0	0
SFRP4	0	0	0
EPDR1	865	0	865
LOC105375236	1	0	1
STARD3NL	392	0	392
TARP	13	0	13
TRG-AS1	0	0	0
AMPH	0	0	0
CFAP144P1	0	0	0
VPS41	697	0	697
POU6F2	0	0	0
POU6F2-AS2	0	0	0
LOC105375239	0	0	0
SNORA20B	0	0	0
POU6F2-AS1	0	0	0
LOC105375238	0	0	0
LOC105375237	0	0	0
YAE1-DT	1	0	1
YAE1	186	0	186
LOC107986785	21	0	21
RALA	731	0	731
LINC00265	61	0	61
LOC101928688	0	0	0
CDK13-DT	15	0	15
CDK13	1009	6	1003
MPLKIP	855	3	852
SUGCT	8	0	8
LOC105375245	0	0	0
SUGCT-AS1	1	0	1
LOC105375244	0	0	0
LOC105375243	1	0	1
LOC112267984	0	0	0
LOC105375242	5	2	3
LINC01450	0	0	0
LINC01449	0	0	0
LOC105375241	0	0	0
LOC105375246	0	0	0
LOC107986787	0	0	0
LOC105379725	1	0	1
LOC105375247	0	0	0
LOC107986789	0	0	0
INHBA	5	0	5
INHBA-AS1	0	0	0
LOC124901618	0	0	0
GLI3	197	1	196
LOC105375249	0	0	0
LOC105375250	0	0	0
LOC105375251	0	0	0
LINC01448	0	0	0
LOC107986735	0	0	0
C7orf25	403	0	403
PSMA2	2636	0	2636
MRPL32	817	0	817
LOC105375253	0	0	0
LOC107986790	0	0	0
HECW1	96	7	120
HECW1-IT1	0	0	0
MIR3943	0	0	0
LOC124901619	0	9	0
LOC102724903	0	0	0
LUARIS	34	24	32
STK17A	1389	102	3782
COA1	1107	2422	1180
BLVRA	1143	2	1141
URGCP-MRPS24	0	0	0
MRPS24	0	0	0
LOC124901620	12	16	4
URGCP	1370	7	1387
UBE2D4	57	36	202
POLR2J4	147	131	163
SPDYE1	18	22	0
RASA4CP	1	4	1
LINC00957	6	3	7
DBNL	1881	10	1924
MIR6837	0	0	0
PGAM2	0	52	0
POLM	322	0	322
MIR6838	0	0	0
AEBP1	1	0	1
MIR4649	0	0	0
POLD2	3809	1	3808
MYL7	0	0	0
GCK	0	0	0
LOC105375258	0	0	0
LOC105375257	0	0	0
YKT6	1539	0	1539
CAMK2B	2	0	2
LOC124901621	0	0	0
NUDCD3	1167	1	1166
NPC1L1	17	0	17
DDX56	2865	0	2865
TMED4	2153	27	2126
OGDH	5277	8	5269
LOC124901622	0	0	0
ZMIZ2	1490	6	1484
LOC105375259	45	1	45
PPIA	33128	7	33122
H2AZ2	2077	1	2076
H2AZ2-DT	3	0	3
PURB	1175	4	1171
MIR4657	0	0	0
LOC105375262	0	0	0
MYO1G	96	0	96
SNHG15	998	0	998
SNORA9	80	0	80
LOC102723334	12	4	14
CCM2	501	4	503
NACAD	6	0	6
TBRG4	2723	1	2722
SNORA5A	0	0	0
SNORA5C	13	0	13
SNORA5B	4	0	4
RAMP3	0	0	0
LOC124901623	0	0	0
LOC107986736	0	0	0
LOC124901624	0	0	0
ADCY1	0	0	0
SEPTIN7P2	306	0	306
GTF2IP13	24	0	27
LOC124901625	0	3	0
LOC730234	5	0	5
LOC112267918	101	0	101
CCDC201	0	0	0
IGFBP1	0	0	0
IGFBP3	2552	0	2552
LOC102723446	1	0	1
LOC105375264	0	0	0
LOC105375266	0	0	0
LOC730338	0	0	0
LOC124901626	0	0	0
LOC105375267	3	0	3
LOC105375268	0	0	0
LOC124901627	0	0	0
LOC124901628	4	0	4
TNS3	2242	0	2242
LOC124901629	14	0	14
SNORD151	0	0	0
LINC01447	2	0	2
LINC02902	1	0	1
LINC00525	38	0	38
PKD1L1	158	0	158
PKD1L1-AS1	0	0	0
HUS1	315	0	315
LOC105375270	1	0	1
SUN3	3	0	3
C7orf57	2	1	1
UPP1	622	0	622
LOC105375271	0	0	0
ABCA13	0	0	0
LOC105375272	0	0	0
LINC02838	0	0	0
CDC14C	1	0	1
LOC124901804	0	0	0
VWC2	0	0	0
ZPBP	0	0	0
LOC124901630	0	0	0
SPMIP7	0	0	0
IKZF1	0	0	0
LOC124901631	0	0	0
FIGNL1	474	0	474
DDC	1	0	2
DDC-AS1	0	1	0
GRB10	2318	1	2317
LOC124901632	0	0	0
LOC124900241	0	0	0
COBL	1803	2	1801
LOC124901633	15	0	15
LOC107986794	1	0	1
LOC102723533	0	0	0
LOC105375277	0	0	0
LOC105375278	0	0	0
LOC124901634	0	0	0
LOC107986738	0	0	0
LOC124900240	0	0	0
LOC124901810	0	0	0
LOC107986796	0	0	0
LOC101928257	0	0	0
LOC124901805	0	0	0
POM121L12	0	0	0
LOC105375282	0	0	0
GS1-278J22.2	0	0	0
LINC01446	25	0	25
LINC02854	0	0	0
LINC01445	0	0	0
LOC124901829	0	0	0
VSTM2A	0	0	0
VSTM2A-OT1	0	0	0
LOC124901635	0	0	0
SEC61G	1061	0	1061
SEC61G-DT	5	5	0
LOC124901636	300	0	300
LOC105375284	2	0	2
EGFR	2927	0	3020
EGFR-AS1	2	95	0
ELDR	11	9	2
LANCL2	193	10	183
VOPP1	651	2	649
VOPP1-DT	0	0	0
FKBP9P1	5	0	5
LOC101060341	11	0	11
LOC102723656	2	0	2
SEPTIN14	0	0	0
ZNF713	16	0	16
MRPS17	338	0	338
NIPSNAP2	1378	0	1379
PSPH	323	1	323
CCT6A	6934	1	6933
SNORA22B	0	0	0
SNORA15	4	0	4
SUMF2	4157	5	4461
PHKG1	21	320	10
CHCHD2	7894	8	7886
NUPR2	0	0	0
LOC105375288	0	0	0
LOC107986800	7	0	7
LOC105375292	0	0	0
LOC101930109	2	0	2
LOC650226	0	0	0
LOC100240728	0	0	0
LOC124901640	0	0	0
DKFZp434L192	0	0	0
LOC101928401	0	0	0
LOC105375291	0	0	0
LOC102723684	0	0	0
LOC105375289	0	0	0
LOC401357	0	0	0
LOC124901637	0	0	0
LOC124901639	0	0	0
LOC124901638	0	0	0
LOC105375294	0	0	0
LOC105375295	0	0	0
LOC100130849	0	0	0
MIR4283-1	0	0	0
ZNF479	0	0	0
GUSBP10	0	0	0
LOC105375297	0	0	0
LOC105375298	0	0	0
LOC105375299	0	0	0
MIR3147HG	0	0	0
MIR3147	0	0	0
ZNF716	0	0	0
LOC105375300	0	0	0
LOC105375301	0	0	0
LOC105375302	0	0	0
LOC102723842	0	0	0
LOC124901826	0	0	0
ZNF733P	0	0	0
LOC102724738	0	0	0
LOC100287704	0	0	0
LINC03075	0	0	0
LOC101929050	0	0	0
LOC124901641	0	0	0
LOC100287834	0	0	0
MIR4283-2	0	0	0
LOC105375313	0	0	0
LOC105375314	0	0	0
LOC105375315	0	0	0
LOC124901649	0	0	0
LOC124901797	0	0	0
LOC124901645	0	0	0
LOC124901650	0	0	0
LOC124901798	0	0	0
LOC124901644	0	0	0
LOC124901647	0	0	0
LOC124901652	0	0	0
LOC124901648	0	0	0
LOC124901651	0	0	0
LOC124901646	0	0	0
LOC124901643	0	0	0
LOC124901654	0	0	0
LINC02848	0	0	0
LOC124901653	0	0	0
LOC105375318	0	0	0
ZNF722	0	0	0
LINC01005	0	0	0
LOC105375317	0	0	0
ZNF727	1	0	1
LOC124901655	0	0	0
ZNF735	0	0	0
LOC105375319	0	0	0
ZNF679	0	0	0
LOC105375323	0	0	0
LOC105375322	0	0	0
ZNF736	153	0	153
LOC105375321	10	0	10
LOC105375324	0	0	0
YWHAEP1	0	0	0
LOC124901658	0	0	0
ZNF680	223	0	223
LOC124901657	0	0	0
LOC100128885	0	0	0
LOC641746	0	0	0
LOC124901656	0	0	0
LOC105375326	0	0	0
ZNF107	238	0	238
MIR6839	0	0	0
ZNF138	93	1	92
ZNF273	74	0	74
LOC441239	0	0	0
ZNF117	0	0	0
ERV3-1-ZNF117	0	0	0
ERV3-1	58	0	58
LOC105375330	0	0	0
LOC105375329	0	0	0
CCT6P3	79	12	68
LOC124901663	1	1	1
SNORA22C	0	0	0
SNORA15B-1	2	2	0
LOC124901662	0	0	0
INTS4P1	19	0	20
LOC124901661	0	1	0
LOC105375334	0	0	0
ZNF92	152	0	152
LOC124901660	0	0	0
LOC101929322	0	0	0
LINC03006	33	63	44
INTS4P2	5	10	0
CCT6P1	136	26	177
SNORA22	2	0	2
SNORA15B-2	0	0	0
LOC124901659	2	0	2
LINC03129	5	0	5
VKORC1L1	978	2	976
GUSB	1968	1	1967
LOC105375336	0	0	0
ASL	758	0	758
CRCP	487	1	486
TPST1	31	1	30
LINC00174	182	0	182
LINC03011	37	0	37
RABGEF1P1	438	3	436
KCTD7	219	0	219
LOC100996437	13	0	13
RABGEF1	651	146	769
LOC107986707	0	0	0
GTF2IRD1P1	1	262	2
GTF2IP23	25	0	25
LINC02604	144	0	144
TMEM248	2498	0	2498
SBDS	2079	1	2078
TYW1	541	4	537
LOC124901664	0	0	0
MIR4650-1	0	0	0
LOC124901666	1	0	1
LOC124901665	10	1	9
PMS2P4	52	1	54
SPDYE21	9	12	0
STAG3L4	246	1	245
LINC01372	8	0	8
LOC105375337	0	0	0
LOC105375340	0	0	0
LOC107986741	0	0	0
LOC102723427	0	0	0
LOC105375341	0	0	0
LOC105375342	0	0	0
LOC105375343	0	0	0
LOC105375344	0	0	0
LOC105375345	0	0	0
LOC124901667	0	0	0
LOC105375346	0	0	0
CT66	1	0	1
AUTS2	98	0	98
LOC124901669	0	0	0
LOC124901668	0	0	0
LOC107986709	0	0	0
LOC105375347	2	0	2
GALNT17	0	0	0
MIR3914-1	0	0	0
MIR3914-2	0	0	0
CALN1	0	0	0
TYW1B	35	0	35
MIR4650-2	0	0	0
SBDSP1	621	0	621
SPDYE7P	0	0	0
POM121	1995	370	1997
NSUN5P2	25	19	347
LOC124901671	9	1	9
TRIM74	7	0	18
FKBP6P1	9	21	0
LOC124901672	34	45	0
STAG3L3	95	2	106
PMS2P7	16	0	17
SPDYE8	0	0	0
SPDYE11	0	0	0
SPDYE9	0	0	0
SPDYE10	0	14	0
GTF2IP4	362	0	376
NCF1B	2	2	0
NSUN5	1277	8	1277
TRIM50	0	0	0
FKBP6	0	0	0
FZD9	32	0	32
BAZ1B	3370	0	3370
BCL7B	934	1	933
TBL2	1573	0	1573
MLXIPL	438	0	438
VPS37D	36	0	36
DNAJC30	406	1	406
BUD23	2559	0	2560
STX1A	174	1	205
LOC105375350	11	41	2
MIR4284	0	0	0
BICDL3P	2	0	2
ABHD11	276	1	275
CLDN3	1	1	0
CLDN4	170	27	143
METTL27	107	0	107
TMEM270	3	0	3
ELN	5	0	5
ELN-AS1	0	0	0
LIMK1	1000	0	1000
EIF4H	11238	5	11233
MIR590	13	0	13
LAT2	17	8	9
RFC2	1269	0	1269
LOC107986742	0	0	0
CLIP2	95	0	95
GTF2IRD1	2004	0	2004
WBSCR23	2	0	2
MIR10525	3	0	3
GTF2I	698	0	1660
GTF2I-AS1	1	964	0
NCF1	1	0	1
GTF2IRD2	36	0	36
LOC124901673	63	152	0
STAG3L2	108	1	197
PMS2P5	32	1	87
SPDYE12	25	80	0
LOC105375352	0	0	0
CASTOR2	345	24	372
RCC1L	1642	31	1662
GTF2IRD2B	132	1	131
NCF1C	0	0	0
GTF2IP1	218	0	222
LOC107986710	0	0	0
SPDYE14	0	0	0
SPDYE13	0	0	0
SPDYE15	0	7	0
PMS2P2	0	0	6
STAG3L1	7	0	17
LOC124901677	7	17	0
FKBP6P2	22	35	0
TRIM73	1	0	14
LOC124901676	11	4	11
NSUN5P1	376	26	370
POM121C	1517	29	1504
SPDYE5	20	20	0
PMS2P3	98	0	98
HIP1	1370	0	1370
CCL26	37	0	37
CCL24	0	0	0
RHBDD2	2261	1	2260
LOC124901680	0	0	0
POR	8346	4	8348
MIR4651	0	0	0
SNORA14A	12	0	12
TMEM120A	563	7	562
STYXL1	402	0	402
MDH2	5846	7	5839
GTF2IP7	13	0	13
LOC124901854	0	0	0
LOC124901674	1	0	1
SRRM3	64	0	64
LOC124901679	0	0	0
HSPB1	14373	6	14367
FPASL	6	0	6
YWHAG	6115	1	6114
SSC4D	39	112	44
ZP3	285	12	390
DTX2	256	0	264
FDPSP2	3	9	2
LOC124901675	4	16	11
UPK3B	2	7	18
SPDYE16	0	0	0
LINC03009	0	0	0
POMZP3	0	0	0
LOC105375358	0	0	0
DTX2P1-UPK3BP1-PMS2P11	27	0	29
SPDYE17	0	2	0
PMS2P9	7	1	7
SPDYE18	5	3	3
FAM185BP	15	1	14
CCDC146	27	0	27
LOC124901678	0	0	0
FGL2	1	1	0
CCDC146-AS1	1	1	0
LOC102723791	0	0	0
GSAP	21	3	18
LOC101927243	0	0	0
LOC124901830	0	0	0
LOC124901681	13	0	13
PTPN12	1253	0	1253
LOC105375363	3	2	3
APTR	118	46	125
RSBN1L	401	6	446
TMEM60	302	0	302
PHTF2	758	1	757
LOC124901682	1	1	0
DDX3ILA1	0	0	0
MAGI2	0	0	0
LOC124901684	0	0	0
RPL13AP17	0	0	0
LOC124901683	0	0	0
MAGI2-AS2	0	0	0
LOC105375366	0	0	0
MAGI2-AS3	0	0	0
LOC105375369	0	0	0
LOC105375370	0	0	0
LOC105375371	0	0	0
LOC105375372	0	0	0
GNAI1	1144	1	1143
LOC107986743	0	0	0
LOC107986744	0	0	0
LOC105375373	1	1	0
LOC101927269	0	0	0
GNAT3	1	0	1
LOC107986812	0	0	0
LOC124901685	0	0	0
CD36	13	0	13
SEMA3C	841	2	839
LOC124901686	3	0	3
LOC105369146	0	0	0
LOC100128317	0	0	0
HGF	0	0	0
CACNA2D1	0	0	0
CACNA2D1-AS1	0	0	0
LOC124901687	0	0	0
LOC107986813	0	0	0
LOC124901688	0	0	0
LOC105375376	0	0	0
PCLO	0	0	0
LOC105375377	0	0	0
SEMA3E	0	0	0
LOC105375378	0	0	0
LOC107986745	0	0	0
SEMA3A	0	0	0
LINC03017	0	0	0
SEMA3D	2	0	2
LINC00972	0	0	0
GRM3	0	0	0
GRM3-AS1	0	0	0
ELAPOR2	0	0	0
LOC124901689	0	0	0
DMTF1-AS1	12	9	16
DMTF1	1312	87	1326
TMEM243	192	24	479
LOC105375384	25	238	9
TP53TG1	1	0	1
CROT	0	0	1
ABCB4	0	1	0
ABCB1	7	0	7
LOC124901834	0	0	0
RUNDC3B	0	0	0
SLC25A40	370	0	370
DBF4	592	2	590
LOC124901690	0	0	0
ADAM22	15	7	9
LOC105375386	0	1	0
SRI	1169	2	1509
LOC124901691	0	0	0
SRI-AS1	1	343	1
STEAP4	6790	4	6787
LOC124901692	0	0	0
LOC107986815	1	0	1
LOC124900238	0	0	0
LOC107986816	0	0	0
ZNF804B	0	0	0
TEX47	0	0	0
LOC105375387	0	0	0
LOC107986817	0	0	0
STEAP2-AS1	0	0	0
DPY19L2P4	0	0	0
STEAP1	3	0	3
STEAP2	0	0	0
LOC107986819	0	0	0
CFAP69	8	0	8
FAM237B	1	1	0
LOC107986715	2	3	0
LOC101927446	0	0	0
GTPBP10	400	0	401
LOC101409256	1	0	1
CLDN12	676	0	676
PTTG1IP2	0	0	0
LOC124901693	0	0	0
CDK14	143	0	143
LOC124901839	0	0	0
LOC124901694	0	0	0
FZD1	225	0	225
LOC124901695	0	0	0
LINC02932	3	0	3
LOC107986716	0	0	0
LOC101927473	0	0	0
LOC124901697	0	0	0
LOC124901696	4	0	4
MTERF1	241	0	241
LOC112267986	2	0	2
LOC124901698	4	0	4
AKAP9	940	5	936
CYP51A1	1510	1	1521
CYP51A1-AS1	0	10	1
LRRD1	0	0	0
KRIT1	462	1	462
MIR1285-1	3	0	3
ANKIB1	1071	0	1072
TMBIM7P	0	0	0
GATAD1	557	174	578
ERVW-1	1	1	0
PEX1	215	26	384
RBM48	344	0	344
FAM133B	317	0	317
LOC105375397	0	0	0
CDK6	1185	9	1179
LOC112268009	5	0	5
CDK6-AS1	0	3	0
SAMD9	2225	0	2225
SAMD9L	530	0	530
HEPACAM2	1	0	1
VPS50	587	1	586
CALCR	0	0	0
MIR653	0	0	0
MIR489	0	0	0
LOC105375400	0	0	0
MIR4652	0	0	0
LOC124901811	0	0	0
TFPI2	0	0	0
TFPI2-DT	0	0	0
GNGT1	0	0	0
LOC105375402	0	0	0
GNG11	795	0	795
BET1	777	0	779
BET1-AS1	35	37	0
LOC130890646	0	0	0
LOC124901812	0	0	0
LOC112267858	0	0	0
LOC107986821	0	0	0
COL1A2-AS1	0	0	0
COL1A2	2	0	2
CASD1	173	4	169
LOC105375404	2	2	0
SGCE	680	1	679
PEG10	2877	0	2877
PPP1R9A	317	0	317
PPP1R9A-AS1	4	0	4
LOC124901848	0	0	0
PON1	16	0	16
PON3	0	0	0
LOC107986822	24	24	0
PON2	10537	0	10537
ASB4	7	0	7
LOC107986823	1	0	1
LOC124901699	3	0	3
PDK4	1551	0	1555
PDK4-AS1	8	4	8
LOC107986746	0	0	0
LOC105375409	0	0	0
DYNC1I1	0	0	0
LOC124901700	0	0	0
LOC124901701	0	0	0
SLC25A13	1563	2	1561
MIR591	0	0	0
LOC105375410	0	0	0
LOC124901702	0	0	0
LOC105375411	0	0	0
SEM1	701	0	701
LOC105375412	0	0	0
LOC107986825	0	0	0
LOC105375414	0	0	0
LOC124901703	0	0	0
DLX6-AS1	0	0	0
DLX6	0	0	0
DLX5	0	0	0
SDHAF3	171	0	171
LOC107984034	0	0	0
LOC124901704	0	0	0
LOC107986826	0	0	0
LOC105375416	0	0	0
TAC1	0	0	0
ASNS	2	0	2
CZ1P-ASNS	6	0	6
MIR5692A1	0	0	0
MIR5692C2	0	0	0
CCZ1P-OR7E38P	106	0	106
OCM2	0	0	0
LMTK2	642	1	641
BHLHA15	0	3	0
TECPR1	273	0	276
LOC124901706	13	0	13
LOC124901705	0	0	0
BRI3	695	741	689
BAIAP2L1	1070	16	1789
NPTX2	0	0	0
LOC105375419	0	0	0
LOC105375418	0	0	0
TMEM130	0	0	0
TRRAP	2356	0	2356
MIR3609	0	0	0
SCARNA28	0	0	0
LOC124901832	0	0	0
LOC101927550	22	124	30
SMURF1	842	19	955
KPNA7	0	0	0
MYH16	2	0	2
LOC105375421	3	0	3
ARPC1A	2800	0	2800
ARPC1B	5274	30	5334
PDAP1	2994	91	2993
BUD31	229	168	863
MIR12119	1	0	1
LOC124901707	1	0	1
LOC124901841	0	0	0
ATP5MF-PTCD1	0	0	0
PTCD1	0	0	0
CPSF4	833	20	816
ATP5MF	149	0	149
TRW-CCA5-1	0	0	0
ZNF789	174	16	183
ZNF394	338	24	339
ZKSCAN5	477	1	476
FAM200A	203	3	205
LOC105375422	2	0	5
ZNF655	617	8	611
TMEM225B	3	0	3
ZSCAN25	359	1	398
CYP3A5	11	38	11
CYP3A7-CYP3A51P	0	0	0
CYP3A7	0	0	0
CYP3A4	0	2	0
CYP3A4-AS1	0	0	2
CYP3A43	0	0	0
OR2AE1	0	0	0
TRIM4	214	1	213
LOC101927610	4	0	6
GJC3	1	3	0
LOC124900245	0	0	0
AZGP1	0	0	0
AZGP1P1	0	0	0
LOC105375423	0	0	0
ZKSCAN1	1061	0	1061
ZSCAN21	84	16	208
ZNF3	593	129	604
COPS6	2972	1	2971
MCM7	6021	11	6693
MIR25	33	0	33
MIR93	0	0	0
MIR106B	0	0	0
AP4M1	275	1451	300
TAF6	1061	103	1837
CNPY4	175	7	236
MBLAC1	23	7	34
LAMTOR4	607	0	609
TRAPPC14	422	3	421
MIR4658	0	0	0
GAL3ST4	3	0	3
GPC2	51	0	51
STAG3	19	162	8
CASTOR3P	197	5	343
PVRIG	13	13	0
LOC105375426	0	0	0
SPDYE3	47	100	0
PMS2P1	137	81	191
STAG3L5P-PVRIG2P-PILRB	180	0	180
STAG3L5P	2	0	2
PVRIG2P	0	0	0
MIR6840	2	0	2
PILRB	15	0	15
PILRA	37	0	37
ZCWPW1	74	4	71
MEPCE	2089	2	2088
PPP1R35	801	7	795
PPP1R35-AS1	5	0	6
TSC22D4-C7ORF61	0	0	0
SPACDR	0	0	0
TSC22D4	154	0	154
NYAP1	13	4	9
LOC107986829	0	0	0
AGFG2	746	1	745
LOC124901708	0	0	0
SAP25	18	0	18
LRCH4	536	2	534
FBXO24	4	0	7
PCOLCE-AS1	2	6	0
PCOLCE	130	0	131
MOSPD3	269	0	269
TFR2	97	0	117
LOC124901709	3	23	0
LOC124901710	3	0	3
ACTL6B	0	0	0
LOC105375429	0	0	0
GNB2	4315	1	4314
GIGYF1	1610	4	1606
POP7	683	1	682
EPO	1	0	1
ZAN	0	0	0
EPHB4	2207	3	2340
SLC12A9	574	139	571
SLC12A9-AS1	1	0	1
TRIP6	3308	1	3307
MIR6875	0	0	0
SRRT	3510	28	3484
UFSP1	74	0	76
ACHE	2	0	2
LOC105375431	0	0	0
MUC3A	22	0	22
LOC124900622	0	0	0
MUC12	0	0	0
MUC12-AS1	0	0	0
MUC17	2	0	2
TRIM56	1506	0	1506
SERPINE1	547	0	547
AP1S1	1769	0	1769
MIR4653	0	0	0
VGF	51	0	51
NAT16	29	0	29
MOGAT3	0	0	0
PLOD3	4381	1	4380
ZNHIT1	1064	0	1064
CLDN15	257	0	257
FIS1	804	0	804
LNCPRESS1	0	0	0
EMSLR	71	3	87
IFT22	373	44	348
COL26A1	24	0	24
LINC01007	0	0	0
LOC107986832	0	0	0
MYL10	0	0	0
CUX1	2212	3	2209
LOC124900244	0	0	0
LOC124901711	0	0	0
SH2B2	263	0	263
MIR4285	0	0	0
LOC107986717	0	0	0
SPDYE6	20	20	0
LOC100630923	0	0	0
LOC100289561	6	0	6
PRKRIP1	23	0	23
MIR548O	0	0	0
LOC105375433	1	145	0
ORAI2	68	17	65
ALKBH4	226	4	237
LRWD1	515	3	513
MIR5090	0	0	0
MIR4467	4	0	4
POLR2J	462	5	458
RASA4B	12	0	23
LOC124901715	0	11	0
POLR2J3-UPK3BL2	0	0	0
UPK3BL2	0	0	0
SPDYE2	26	37	0
POLR2J3	0	0	0
LOC124901712	0	0	0
RASA4	25	0	32
LOC124901714	0	7	0
POLR2J2-UPK3BL1	0	0	0
UPK3BL1	0	0	0
SPDYE2B	3	3	0
POLR2J2	0	0	0
RASA4DP	3	0	8
LOC124901713	1	5	1
FAM185A	146	0	146
FBXL13	6	2	5
LRRC17	3	1	3
NFE4	0	0	0
ARMC10	232	2	232
NAPEPLD	0	1	2
RPL19P12	1	0	1
LOC105375434	1	0	2
DPY19L2P2	0	0	0
PMPCB	1769	447	1853
DNAJC2	1164	113	1582
PSMC2	2523	1	2522
SLC26A5	4	4	0
SLC26A5-AS1	0	0	0
RELN	0	0	0
LOC105375435	0	0	0
ORC5	505	0	505
LHFPL3	0	0	0
LHFPL3-AS1	0	0	0
LHFPL3-AS2	0	0	0
LOC101927902	0	0	0
LINC01004	124	0	124
KMT2E-AS1	126	3	125
KMT2E	1176	58	1130
SRPK2	1276	24	1444
LOC124901717	5	182	5
LOC124901718	0	0	0
PUS7	727	0	727
RINT1	345	0	539
EFCAB10	1	195	0
EFCAB10-AS1	19	0	19
ATXN7L1	98	0	98
CDHR3	0	0	0
LOC107986833	0	0	0
SYPL1	1467	1	1466
LOC124901719	0	0	0
NAMPT	5268	8	5268
NAMPT-AS1	0	0	8
CTB-30L5.1	1	0	1
LOC105375440	0	0	0
CCDC71L	568	7	561
LINC02577	0	0	0
PIK3CG	0	0	0
PRKAR2B	0	0	0
PRKAR2B-AS1	0	0	0
HBP1	0	0	0
COG5	0	0	0
LOC124901720	0	0	0
LOC124901721	0	0	0
GPR22	0	0	0
DUS4L-BCAP29	0	0	0
DUS4L	0	0	0
BCAP29	0	0	0
SLC26A4-AS1	0	1	0
SLC26A4	17	0	17
CBLL1-AS1	21	11	28
CBLL1	687	7	698
SLC26A3	0	0	0
LOC105375444	0	0	0
LOC105375445	0	0	0
DLD	1572	1	1575
LAMB1	2708	20	2692
LAMB4	0	0	0
LOC107986834	0	0	0
LOC107986835	0	0	0
LOC105375446	0	0	0
NRCAM	0	0	0
LOC102724363	0	0	0
PNPLA8	583	0	583
LOC124901722	0	0	0
THAP5	337	0	337
DNAJB9	432	0	432
LOC105375448	1	0	1
LOC107986836	0	0	0
LINC02903	0	0	0
EIF3IP1	0	0	0
LOC105375451	3	0	3
LOC105375450	0	0	0
LOC105375452	0	0	0
LOC124901723	0	0	0
IMMP2L	373	3	370
LOC124901724	0	0	0
LRRN3	4	0	4
LOC124901725	51	0	51
LOC124900232	9	0	9
DOCK4	334	1	350
LOC124901727	0	0	0
LOC124901726	0	16	0
DOCK4-AS1	0	0	0
ZNF277	391	0	392
ZNF277-AS1	3	3	0
LOC105375456	0	0	1
LOC105375457	6	1	6
IFRD1	1327	0	1327
LOC128031837	0	0	0
LSMEM1	36	0	36
LINC03076	0	0	0
LOC101928012	0	0	0
TMEM168	0	0	0
LOC124901729	0	0	0
SAMTOR	135	0	135
HRAT17	0	0	0
GPR85	0	0	0
LOC107986837	0	0	0
SMIM30	589	0	589
LOC124901813	0	0	0
LOC124901814	0	0	0
PPP1R3A	0	0	0
FOXP2	216	0	216
MIR3666	0	0	0
MDFIC	404	0	404
LINC01393	0	0	0
LINC01392	0	0	0
SNORA25B	0	0	0
LOC100506489	0	0	0
LOC105375461	0	0	0
LOC105375462	0	0	0
LOC102724407	0	0	0
TFEC	0	0	0
TES	1201	0	1398
LOC124901730	14	207	4
LOC102724434	0	0	0
LOC105375463	0	0	0
LOC124900233	0	0	0
CAV2-DT	3	0	3
CAV2	718	0	718
CAV1	1641	1	1640
COMETT	1	0	1
MET	2877	1	2876
LOC124901731	0	0	0
CAPZA2	2327	0	2327
LOC105375465	0	0	0
ST7-AS1	16	84	39
ST7	209	16	429
ST7-OT4	5	12	6
MIR6132	0	0	0
ST7-AS2	0	148	0
LOC124901732	0	0	0
ST7-OT3	0	0	0
LOC105375466	0	0	0
WNT2	0	0	0
LOC124900596	0	0	0
LOC105375467	0	0	0
ASZ1	9	0	9
LOC105375468	0	0	0
CFTR	0	0	0
CFTR-AS1	0	0	0
CFTR-AS2	0	0	0
CTTNBP2	2	0	2
LOC105375469	0	0	0
LOC105375470	0	0	0
LSM8	571	0	571
ANKRD7	0	0	0
LOC102724495	0	0	0
LOC124901815	0	0	0
LOC105375471	0	0	0
LOC105375472	0	0	0
LOC107986747	0	0	0
LOC105375473	0	0	0
LOC124901816	0	0	0
LINC02476	13	0	13
LOC107986840	0	0	0
LOC105375477	0	0	0
KCND2	0	0	0
TSPAN12	306	0	308
LOC124901733	0	2	0
ING3	178	0	178
LOC124901734	0	0	0
CPED1	6	1	5
LOC124901735	7	0	7
WNT16	8	6	2
FAM3C	795	1	794
LOC124901737	0	0	0
LOC124901736	0	0	0
LOC105375478	0	0	0
PTPRZ1	0	0	0
AASS	0	0	0
LOC102724527	0	0	0
FEZF1	0	0	0
FEZF1-AS1	0	0	0
CADPS2	0	0	0
LOC105375481	0	0	0
LOC124901739	0	0	0
RNF133	0	0	0
RNF148	0	0	0
LOC124901738	0	0	0
LOC105375482	0	0	0
TAS2R16	0	0	0
SLC13A1	0	0	0
IQUB	1	0	1
LOC124901740	1	0	1
NDUFA5	529	0	529
ASB15	0	0	0
ASB15-AS1	0	0	0
LMOD2	0	0	0
WASL	1026	13	1017
WASL-DT	93	2	95
HYAL4	28	2	26
HYAL6P	0	0	0
SPAM1	0	0	0
LOC105375483	0	0	0
TMEM229A	0	0	0
LOC124901741	0	0	0
LOC105375484	0	0	0
LOC107986841	0	0	0
LOC101928211	0	0	0
LOC102724577	0	0	0
SSU72L6	0	0	0
GPR37	866	0	866
LINC03043	0	0	0
POT1	706	1	707
POT1-AS1	21	2	21
LINC02830	0	0	0
LOC101928283	2	0	2
LOC101928254	0	0	0
LOC100506664	0	0	0
LOC105375487	0	0	0
LOC105375488	0	0	0
GRM8	0	0	0
LOC101928357	0	0	0
LOC107986843	0	0	0
MIR592	0	0	0
LOC124901742	0	0	0
GRM8-AS1	0	0	0
ZNF800	524	1	523
LINC03012	0	0	0
LOC105375490	0	13	0
GCC1	508	0	508
ARF5	1946	1	2318
LOC105375489	0	344	0
FSCN3	1	0	1
PAX4	0	0	0
SND1-DT	2	0	2
SND1	7955	2	7953
SND1-IT1	3	0	3
LRRC4	1	1	0
LOC124901743	1	1	0
MIR593	1	0	1
LOC105375493	0	0	0
LOC124901744	0	0	0
MIR129-1	0	0	0
LEP	0	0	0
RBM28	839	0	839
PRRT4	0	0	0
LOC107986845	0	21	0
IMPDH1	2608	5	2624
EFCAB3P1	107	0	107
HILPDA	101	0	101
METTL2B	612	0	612
LINC01000	1104	0	1104
GARIN1A	58	0	58
GARIN1B	2	0	2
CALU	5984	0	6132
OPN1SW	1	149	0
TRP-AGG2-3	0	0	0
CCDC136	3	0	3
FLNC	0	0	1
FLNC-AS1	0	1	0
ATP6V1F	1169	0	1169
SPMIP1	37	2	35
KCP	4	0	5
LOC105375497	3	1	3
IRF5	1	1	0
TNPO3	1737	14	1734
TPI1P2	25	0	36
LOC124901836	0	0	0
LOC124901863	0	0	0
LOC407835	3	0	3
TSPAN33	15	0	15
SMO	0	0	0
AHCYL2	466	0	471
LOC124900234	0	0	0
LOC105375500	4	0	4
LOC107986847	0	7	0
STRIP2	919	0	919
SMKR1	9	0	9
NRF1	384	0	384
LOC105375501	0	0	0
MIR182	0	0	0
MIR96	0	0	0
MIR183	0	0	0
UBE2H	2094	12	2082
UBE2H-DT	0	173	0
ZC3HC1	572	0	745
KLHDC10	714	1	713
LINC03008	0	0	0
TMEM209	708	0	711
LOC124901745	15	15	0
SSMEM1	0	3	0
CPA2	11	0	11
CPA4	821	0	821
LOC105375503	7	11	0
LOC124901842	0	0	4
LOC124901837	0	0	0
CPA5	2	0	2
LOC105375504	0	0	0
CPA1	0	0	0
CEP41	138	0	138
LOC105375505	0	0	0
MESTIT1	0	26	2
MEST	228	4	255
MIR335	0	0	0
COPG2	569	5	567
COPG2IT1	7	0	7
LOC124901746	0	0	0
TSGA13	0	0	0
KLF14	6	0	6
LOC105375508	1	0	2
LOC105375509	0	1	0
MIR29A	0	0	0
MIR29B1	0	0	0
LINC-PINT	173	5	170
LINC00513	6	0	6
MKLN1	1549	7	1544
MKLN1-AS	98	0	98
LOC124901747	5	0	5
PODXL	4574	14	4560
LOC107986849	2	0	2
LOC101928782	0	0	0
PLXNA4	5	0	5
PLXNA4-AS2	0	0	0
PLXNA4-AS1	0	0	0
LOC105375511	0	0	0
LOC102724906	0	0	0
FLJ40288	0	0	0
LOC124900236	0	0	0
LOC100506937	0	0	0
CHCHD3	1107	0	1107
MIR3654	84	0	84
LOC105375512	0	0	0
EXOC4	1362	1	1502
MIR6133	0	0	0
LOC124901748	0	142	0
LOC124901749	2	0	2
LOC101928861	0	0	0
LOC105375514	0	0	0
LRGUK	9	0	9
SLC35B4	555	0	555
LOC105375518	0	0	0
LOC105375517	1	0	1
LINC03060	9	0	9
AKR1B1	7714	1	7713
AKR1B10	11	0	11
LOC105375520	0	1	0
AKR1B15	1	0	2
LOC124901750	1	11	0
BPGM	255	0	259
CALD1	1722	1	1727
AGBL3	42	4	38
CYREN	242	27	369
TMEM140	153	265	42
WDR91	173	0	173
MIR6509	0	0	0
STRA8	0	0	0
LOC107984123	0	0	0
CNOT4	484	1	483
NUP205	3620	1	3619
STMP1	485	1	484
SLC13A4	8	30	0
LOC105375521	20	0	40
FAM180A	3	3	0
LOC105375522	0	0	0
MTPN	2700	0	2700
LOC105375523	1	0	1
LOC105375524	0	0	0
LOC124901850	0	0	0
CHRM2	0	0	0
LOC349160	0	0	0
MIR490	0	0	0
LOC105375525	0	0	0
PTN	2	0	2
LOC124900235	0	0	0
LOC105375527	0	0	0
DGKI	3	0	3
CREB3L2	1619	0	1619
CREB3L2-AS1	2	2	0
LOC124901752	0	0	0
LOC124901753	0	0	0
AKR1D1	1	0	1
LOC124901828	0	0	0
MIR4468	0	0	0
LOC107986749	1	0	1
LOC124900243	0	0	0
LOC124901754	0	0	0
TRIM24	1259	12	1247
LOC124901843	0	0	0
LOC124901755	0	0	0
SVOPL	149	0	149
LOC124900246	0	0	0
ATP6V0A4	60	1	59
TMEM213	0	0	0
KIAA1549	1130	0	1130
ZC3HAV1L	639	45	620
LOC107986852	15	0	41
ZC3HAV1	11754	6	11748
MIR10399	0	0	0
IFT56	339	0	339
LOC124901756	1	0	1
UBN2	1371	34	1337
LUC7L2	259	20	239
FMC1	2	0	2
TRR-CCT4-1	0	0	0
FMC1-LUC7L2	0	0	0
LOC100129148	0	1099	0
KLRG2	0	0	0
CLEC2L	0	0	0
HIPK2	10	0	10
LOC105375530	0	0	0
TBXAS1	0	0	0
LOC107986853	0	0	0
LOC105375532	0	0	0
PARP12	1753	0	1753
LOC124901757	0	0	0
KDM7A	392	1	391
KDM7A-DT	71	0	71
LOC107986854	0	0	0
LOC105375534	4	0	4
LOC124901758	1	0	1
SLC37A3	650	0	650
LOC124901838	1	0	1
LOC124901759	0	0	0
RAB19	0	0	0
MKRN1	2937	2	2935
DENND2A	2	0	2
LOC105375535	0	0	0
ADCK2	580	5	575
NDUFB2-AS1	10	690	14
NDUFB2	131	7	819
BRAF	837	12	825
LOC105375536	5	0	5
LOC107986720	0	0	0
MRPS33	718	0	718
LOC107986719	0	0	0
LOC105375537	0	0	0
TMEM178B	502	0	502
LOC124901760	0	0	0
AGK-DT	1	1	1
AGK	66	0	67
DENND11	0	0	0
WEE2-AS1	0	0	0
WEE2	0	0	0
SSBP1	487	0	487
TAS2R3	0	0	0
TAS2R4	9	0	9
TAS2R5	34	0	34
PRSS37	0	0	0
OR9A4	0	0	0
CLEC5A	0	0	0
LOC124901761	0	0	0
TAS2R38	0	0	0
MGAM	0	0	0
MGAM2	0	0	0
MOXD2P	0	0	0
PRSS58	0	0	0
PRSS59P	0	0	0
LOC105375539	0	0	0
LOC107986855	0	0	0
MIR11400	0	0	0
PRSS1	0	0	0
LOC124901763	0	0	0
PRSS2	0	0	0
LOC124901762	0	0	0
LOC105375541	0	0	0
EPHB6	0	0	0
TRPV6	0	0	0
TRPV5	0	0	0
LOC105375542	0	0	0
LLCFC1	0	0	0
KEL	0	0	0
OR9A2	0	0	0
LOC105375544	0	0	0
OR6V1	0	0	0
OR6W1P	0	0	0
PIP	0	0	0
TAS2R39	0	0	0
LOC124901764	0	0	0
TAS2R40	0	0	0
LOC105375546	0	0	0
TMEM139-AS1	1	135	3
GSTK1	2826	0	2826
TMEM139	592	3	726
CASP2	1291	0	1291
CLCN1	3	0	3
FAM131B	9	2	7
FAM131B-AS1	0	0	0
FAM131B-AS2	166	2	164
ZYX	0	0	0
MIR6892	0	0	0
EPHA1	0	0	0
EPHA1-AS1	0	0	0
TAS2R60	0	0	0
TAS2R41	0	0	0
LOC105375547	0	0	0
OR10AC1	0	0	0
CTAGE15	0	0	0
LOC101928466	21	0	21
TCAF2	77	0	77
CTAGE6	0	0	0
TCAF2P1	0	3	0
LOC154761	0	0	3
LOC112267988	0	0	0
TCAF1	39	0	39
LOC105375549	0	0	0
OR2F2	0	0	0
OR2F1	0	0	0
OR6B1	0	0	0
OR2A5	0	0	0
OR2A25	0	0	0
OR2A12	0	0	0
OR2A2	0	0	0
OR2A14	0	0	0
CTAGE4	15	1	14
ARHGEF35	87	0	117
ARHGEF35-AS1	0	30	0
OR2A42	0	0	0
OR2A1-AS1	2	0	2
OR2A20P	0	0	0
OR2A7	0	0	0
ARHGEF34P	10	0	10
CTAGE8	0	0	0
OR2A9P	0	0	0
OR2A1	0	0	0
ARHGEF5	36	0	36
LOC124901817	0	0	0
NOBOX	0	0	0
TPK1	28	2	26
LOC105375552	0	0	0
LOC105375553	0	0	0
LOC124901765	0	0	0
CNTNAP2	0	0	0
CNTNAP2-AS1	0	0	0
MIR548F4	0	0	0
LOC107986721	0	0	0
LOC105375556	0	0	0
LOC105375554	0	0	0
LOC124901859	0	0	0
LOC124901766	0	0	0
C7orf33	0	0	0
LOC124901818	0	0	0
LOC105375557	0	0	0
CUL1	2434	37	2397
EZH2	1670	1	1669
LOC124901767	5	1	4
RNY5	0	0	0
RNY4	0	0	0
LOC124901768	0	0	0
RNY3	0	0	0
RNY1	0	0	0
GHET1	5	0	5
PDIA4	6878	0	6878
ZNF786	149	5	144
ZNF425	67	0	67
ZNF398	392	2	391
LOC107986856	0	1	0
ZNF282	1207	1	1206
ZNF212	344	3	341
LOC124901769	1	23	1
ZNF783	197	0	220
LOC155060	313	1	312
TRC-GCA1-1	0	0	0
TRC-GCA9-2	0	0	0
TRC-GCA13-1	0	0	0
LOC124901770	0	0	0
TRC-GCA18-1	0	0	0
TRC-GCA10-1	0	0	0
LOC105375559	0	0	0
LOC101928733	0	0	0
TRC-GCA11-1	0	0	0
ZNF777	646	1	645
ZNF746	843	0	843
TRC-GCA16-1	8	8	0
ZNF767P	329	0	329
TRC-GCA22-1	3	3	0
TRC-GCA15-1	0	0	0
TRC-GCA3-1	0	0	0
TRC-GCA23-1	0	0	0
TRC-GCA20-1	0	0	0
TRS-AGA5-1	0	0	0
TRC-GCA19-1	0	0	0
TRC-GCA9-3	0	0	0
TRC-GCA12-1	0	0	0
TRC-GCA21-1	0	0	0
TRC-GCA17-1	0	0	0
TRC-GCA9-4	0	0	0
KRABD3	159	0	159
LOC124901771	1	1	0
ZNF467	509	2	508
SSPOP	82	0	83
ZNF862	323	1	322
ATP6V0E2-AS1	0	0	0
ATP6V0E2	0	0	0
ACTR3C	128	175	142
LOC124901772	0	0	0
LOC100134040	0	0	0
LRRC61	527	17	699
ZBED10P	222	0	222
RARRES2	7	7	0
LOC107986858	7	0	7
REPIN1-AS1	12	1307	13
REPIN1	2293	5	3596
ZNF775	52	0	56
ZNF775-AS1	0	4	0
LOC728743	56	0	56
LOC124901773	0	0	0
LINC00996	0	0	0
GIMAP8	0	0	0
GIMAP7	0	0	0
LOC107986860	0	0	0
GIMAP4	0	0	0
GIMAP6	0	0	0
LOC124901774	0	0	0
GIMAP2	3	0	3
GIMAP1-GIMAP5	0	0	0
GIMAP1	0	0	0
GIMAP5	0	0	0
LOC105375566	0	0	0
TMEM176B	0	0	0
TMEM176A	0	0	0
LOC105375567	0	0	0
LOC124901775	0	0	0
AOC1	0	0	0
KCNH2	0	0	0
LOC124901776	0	0	0
NOS3	0	3	0
ATG9B	4	0	7
LOC124901777	0	0	0
ABCB8	1004	6	1000
ASIC3	193	7	186
CDK5	618	0	621
SLC4A2	6662	38	6627
LOC128092247	0	0	0
FASTK	2616	2	2616
TMUB1	1562	1	1561
AGAP3	1907	3	1904
LOC124901778	30	0	30
GBX1	0	0	0
ASB10	0	0	0
DRC11L	1	0	1
ABCF2-H2BK1	8	0	8
H2BK1	4	0	4
ABCF2	473	0	473
CHPF2	1551	5	1554
MIR671	0	0	0
SMARCD3	296	45	542
LOC124901779	8	255	25
NUB1	761	0	1592
WDR86	66	897	0
WDR86-AS1	0	0	0
CRYGN	3	1	2
LOC124901780	2	2	0
MIR3907	0	0	0
RHEB	2913	6	2907
PRKAG2	188	4	191
PRKAG2-AS2	0	0	0
PRKAG2-AS1	57	7	57
LOC105375570	0	0	0
LOC105375571	0	0	0
GALNTL5	0	0	0
GALNT11	720	19	725
LOC124901844	0	0	0
LOC731075	7	23	8
KMT2C	1440	7	1433
FABP5P3	0	0	0
LINC01003	90	0	90
LOC124901846	0	0	0
LOC124900247	0	0	0
XRCC2	452	0	452
ACTR3B	333	0	333
LOC102723686	0	0	0
LOC105375577	0	0	0
LINC01287	0	0	0
LOC105375578	0	0	0
LOC105375579	0	0	0
LOC107986750	0	0	0
DPP6	0	0	0
LOC107986722	0	0	0
LOC101929998	0	0	0
LOC105375582	0	0	0
LOC105375581	0	0	0
LOC105375580	0	0	0
PAXIP1-AS2	29	270	35
PAXIP1	442	17	701
LOC124901781	6	1	5
PAXIP1-DT	112	0	112
HTR5A-AS1	0	0	0
HTR5A	0	0	0
LOC105375584	0	0	0
LOC124901782	0	0	0
LOC124901783	4	1	17
LOC124901786	2	2	0
LOC124901784	0	14	0
LOC124901785	6	2	4
LOC124901787	0	0	0
LOC105375587	0	0	0
LOC105375588	0	0	0
LOC105375589	0	0	0
INSIG1-DT	32	382	34
INSIG1	1080	3	1464
LOC105375592	4	7	0
BLACE	0	0	0
LOC105375593	0	0	0
LINC03010	0	0	0
LOC105375594	0	0	0
EN2-DT	0	0	0
EN2	0	0	0
CNPY1	0	0	0
RBM33-DT	57	0	57
RBM33	1320	0	1320
SHH	0	0	0
LOC124901788	0	0	0
LOC389602	3	0	3
LOC105375597	0	0	0
LOC124901789	0	0	0
LOC105375603	0	0	0
LOC105375602	0	0	0
LOC105375601	0	0	0
LOC124901790	0	0	0
LOC124901791	0	0	0
LOC105375599	0	0	0
LOC285889	0	0	0
LOC124901792	0	0	0
RNF32-DT	2	0	5
LOC112268012	0	0	0
LINC00244	0	0	0
RNF32	28	125	0
RNF32-AS1	42	0	89
LMBR1	568	0	611
LOC102723795	2	0	2
LOC105375604	0	0	0
LOC105375605	0	0	0
NOM1	610	0	610
MNX1	118	0	119
MNX1-AS2	4	5	0
MNX1-AS1	47	0	47
LOC105375607	0	0	0
UBE3C	2879	0	2879
LOC124901803	1	1	0
DNAJB6	1902	0	1902
LOC101927914	0	0	0
LOC105375610	0	0	0
PTPRN2	4	0	4
MIR153-2	0	0	0
LOC105375615	0	0	0
LOC105375614	0	0	0
PTPRN2-AS1	0	0	0
LOC105375613	0	0	0
MIR595	0	0	0
LOC124901793	0	0	0
LINC01022	0	0	0
MIR5707	0	0	0
NCAPG2	2246	0	2246
ESYT2	4393	3	4390
DYNC2I1	1285	3	1282
LOC124901796	0	0	0
LOC124901794	49	0	49
LOC124901795	636	2	634
LINC00689	252	12	241
VIPR2	445	136	310
LOC101927506	8	0	8
OR4F21	0	0	0
LOC124902051	0	0	0
RPL23AP53	52	0	59
ZNF596	60	7	60
LOC101927566	0	0	0
LOC124902052	0	0	0
LOC105377773	0	0	0
FAM87A	0	0	0
FBXO25	66	0	66
TDRP	0	0	0
ERICH1	315	1	314
LOC124902055	0	0	0
LOC124902053	1	0	1
LOC124902054	0	0	0
LOC124902044	0	0	0
DLGAP2	0	0	0
LOC401442	0	0	0
LOC105377777	0	0	0
LOC124900249	0	0	0
LOC286083	0	0	0
LOC124901869	0	0	0
LOC105379585	0	0	0
LOC105377775	0	0	0
LOC105379586	0	0	0
DLGAP2-AS1	0	0	0
LOC124901870	0	0	0
LOC105377778	0	0	0
CLN8	0	0	0
CLN8-AS1	0	0	0
MIR3674	0	0	0
LOC105377779	0	0	0
MIR596	0	0	0
ARHGEF10	0	0	0
LOC100131395	0	0	0
KBTBD11-AS1	0	0	0
KBTBD11-OT1	0	0	0
KBTBD11	0	0	0
MYOM2	0	0	0
MIR7160	0	0	0
LOC105377781	0	0	0
LOC105377782	0	0	0
LOC105377783	0	0	0
LOC105377784	0	0	0
LINC03021	0	0	0
LOC107986865	0	0	0
LOC105377785	0	8	0
LOC124901871	0	0	0
CSMD1	216	0	224
LOC105377791	0	0	0
LOC105377790	0	0	0
LOC105377789	0	0	0
LOC107986907	0	0	0
LOC124900260	0	0	0
LOC105377793	0	0	0
LOC105377794	0	0	0
LOC124902045	0	0	0
LOC107986908	0	0	0
LOC105377795	0	0	0
LOC105377796	0	0	0
LOC105377797	0	0	0
MCPH1-DT	0	0	0
MCPH1	0	0	53
ANGPT2	9	14	5
MCPH1-AS1	0	7	0
MIR8055	0	0	0
AGPAT5	0	0	0
MIR4659A	0	0	0
MIR4659B	0	0	0
LOC124901872	0	0	0
LOC107986909	0	0	0
XKR5	0	0	0
GS1-24F4.2	0	0	0
DEFB1	0	0	0
DEFA6	0	0	0
DEFA4	0	0	0
DEFA8P	0	0	0
DEFA9P	0	0	0
DEFA10P	0	0	0
LOC124901873	0	0	0
DEFA1	0	0	0
DEFT1P	0	0	0
LOC124901874	0	0	0
DEFA1B	0	0	0
DEFT1P2	0	0	0
LOC124901875	0	0	0
DEFA3	0	0	0
DEFA11P	0	0	0
DEFA5	0	0	0
LOC105377799	0	0	0
LOC105377803	0	0	0
LOC101928095	0	0	0
LOC124901876	0	0	0
LOC124901878	0	0	0
FAM90A15	0	0	0
LINC00965	0	0	0
FAM90A3	0	0	0
LOC124901877	0	0	0
FAM90A13	0	0	0
FAM90A5	0	0	0
FAM90A20	0	0	0
FAM66B	0	0	0
DEFB109B	0	0	0
USP17L1	0	0	0
USP17L4	0	0	0
ZNF705G	0	0	0
DEFB4B	0	0	0
DEFB103B	0	0	0
SPAG11B	0	0	0
DEFB104B	0	0	0
DEFB106B	0	0	0
DEFB105B	0	0	0
DEFB107B	0	0	0
LOC105377801	0	0	0
PRR23D1	0	0	0
FAM90A7	0	0	0
LOC105377800	0	0	0
LOC128966594	0	0	0
FAM90A22	0	0	0
FAM90A23	0	0	0
LOC107986910	0	0	0
LOC101929400	0	0	0
FAM90A14	0	0	0
FAM90A18	0	0	0
FAM90A16	0	0	0
FAM90A8	0	0	0
FAM90A17	0	0	0
FAM90A19	0	0	0
FAM90A9	0	0	0
FAM90A10	0	0	0
PRR23D2	0	0	0
DEFB107A	0	0	0
DEFB105A	0	0	0
DEFB106A	0	0	0
DEFB104A	0	0	0
SPAG11A	0	0	0
DEFB103A	0	0	0
DEFB4A	0	0	0
ZNF705B	0	0	0
FAM66E	0	0	0
USP17L8	0	0	0
USP17L3	0	0	0
FAM90A11	0	0	0
FAM90A24	0	0	0
FAM90A12	0	0	0
LOC124900617	0	0	0
MIR548I3	0	0	0
FAM85B	0	0	0
FAM86B3P	0	0	0
PRAG1	28	0	28
LOC124901879	0	0	0
LOC105379222	0	0	0
LINC02949	0	0	0
LINC02950	0	0	0
LOC107986913	0	0	0
LOC105379224	0	0	0
LOC124901881	0	0	0
LOC105379225	0	0	0
CLDN23	19	0	19
MFHAS1	53	0	53
LOC124900259	0	0	0
LOC124901866	0	0	0
LOC105379227	0	0	0
ERI1	79	0	79
MIR4660	0	0	0
SNORD3I	0	0	0
LOC112268402	0	0	0
PPP1R3B	12	0	12
PPP1R3B-AS1	0	0	0
PPP1R3B-DT	0	0	0
LOC101929128	0	0	0
LOC124901883	0	0	0
LOC157273	0	0	0
LOC105379228	0	0	0
LOC105379231	0	0	0
LOC105379230	0	0	0
LOC124901884	0	0	0
TNKS	2	0	2
MIR597	0	0	0
LOC124902085	0	0	0
LOC124902056	0	0	0
MIR124-1HG	0	0	0
MIR124-1	0	0	0
LOC124902057	0	0	0
LOC124902082	0	0	0
LOC105379235	0	0	0
MSRA-DT	0	0	0
MSRA	0	0	0
LOC124901885	0	0	0
LOC124901886	0	0	0
LINC03022	0	0	0
LOC124901887	0	0	0
PRSS51	0	0	0
PRSS55	0	0	0
LOC105379237	0	0	0
RP1L1	0	0	0
MIR4286	0	0	0
C8orf74	1	1	0
SOX7	0	0	0
SOX7-AS1	0	0	0
PINX1	35	0	35
MIR1322	0	0	0
PINX1-DT	0	0	0
LOC101929248	0	0	0
LOC112268022	0	0	0
XKR6	0	0	0
MIR598	0	0	0
LOC101929269	0	0	0
LINC00529	0	0	0
MTMR9	0	0	0
MTMR9-AS1	0	0	0
SLC35G5	0	0	0
TDH	0	0	0
TDH-AS1	0	0	0
FAM167A-AS1	0	0	0
FAM167A	8	0	8
BLK	0	0	0
BLK-AS1	0	0	0
LINC00208	0	0	0
LOC105379242	0	0	0
GATA4	0	0	0
SNORA99	0	0	0
LINC02905	0	0	0
LOC124901888	0	3	1
NEIL2	9	2	16
LOC105379243	0	4	1
FDFT1	17	0	17
CTSB	12	3	9
LOC105379244	0	0	0
LOC112268017	0	0	0
DEFB136	0	0	0
DEFB135	0	0	0
DEFB134	0	0	0
LOC105379245	0	0	0
LOC105379246	0	0	0
DEFB130B	0	0	0
ZNF705D	0	0	0
FAM66D	0	0	0
LOC392196	0	0	0
USP17L7	0	0	0
USP17L2	0	0	0
FAM90A2P	0	0	0
FAM86B1	12	0	13
FAM85A	0	3	0
DEFB130A	0	0	0
FAM66A	0	0	0
LOC649352	0	0	0
DEFB109A	0	0	0
FAM90A25P	0	0	0
FAM86B2	9	0	9
FAM86B2-DT	11	0	11
LOC729732	0	0	0
MIR5692A2	0	0	0
LONRF1	22	0	22
MIR3926-1	0	0	0
MIR3926-2	0	0	0
LINC03019	0	0	0
LINC00681	0	0	0
LOC105379289	0	0	0
TRMT9B	0	0	0
LOC124901889	0	0	0
DLC1	0	0	0
LOC101930149	0	0	0
LOC124901890	0	0	0
C8orf48	0	0	0
LOC102725080	0	0	0
LOC105379292	0	0	0
SGCZ	0	0	0
LOC124902058	0	0	0
MIR383	0	0	0
LOC124902059	0	0	0
TUSC3	29	0	29
LOC124902060	0	0	0
MSR1	0	0	0
LOC101929028	0	0	0
LOC105379297	0	0	0
FGF20	0	0	0
MICU3	0	0	0
ZDHHC2	278	0	279
LOC107986918	0	0	0
CNOT7	1016	16	1001
VPS37A	537	0	663
MTMR7	3	129	0
LOC102724838	0	0	0
SLC7A2	520	0	520
PDGFRL	49	0	49
LOC107986919	0	0	0
MTUS1	2279	2	2452
LOC124901891	8	177	1
MIR548V	0	0	0
MTUS1-DT	48	5	48
LOC124901893	2	2	0
FGL1	60	0	60
LOC124901892	0	0	0
LOC124901867	3	8	3
PCM1	1199	0	1207
LOC124901894	0	0	0
ASAH1	1185	5	1188
ASAH1-AS1	6	7	7
NAT1	26	0	26
NAT2	0	0	0
PSD3	472	0	472
LOC124901896	0	0	0
PSD3-AS1	0	0	0
LOC124901897	0	0	0
LOC124901895	0	0	0
LOC107986868	0	0	0
LOC124900256	1	1	0
LOC105379303	3	3	0
LOC124901898	1	0	1
LOC105379301	0	0	0
LOC100128993	0	0	0
LOC105379300	0	0	0
LOC105379306	0	0	0
SH2D4A	864	0	895
CSGALNACT1	1000	148	883
LOC124901900	0	0	0
CSGALNACT1-AS1	9	0	9
LOC107986920	4	0	4
INTS10	1660	0	1660
LOC124901901	0	0	0
LOC105379309	0	0	0
LOC107986921	0	0	0
LPL	236	0	236
LOC105379311	1	0	1
LOC105379312	0	0	0
SLC18A1	0	0	0
ATP6V1B2	867	0	867
LZTS1	0	0	0
LZTS1-AS1	0	0	0
LOC105379314	0	0	0
SNORD3F	0	0	0
LOC105379315	0	0	0
LOC105379316	0	0	0
LINC03023	0	0	0
LINC02153	0	0	0
LOC124901902	0	0	0
LINC03093	0	0	0
LOC107986922	0	0	0
GFRA2	0	0	0
DOK2	0	0	0
XPO7	1519	1	1518
LOC124901903	0	0	0
NPM2	0	0	0
LOC124902091	0	0	0
FGF17	2	0	2
DMTN	403	0	403
FHIP2B	945	34	912
NUDT18	163	0	164
HR	1324	3	1321
HRURF	0	0	0
REEP4	1116	3	1113
LGI3	2	0	2
SFTPC	3	0	3
BMP1	3249	10	3239
LOC124901904	5	3	2
PHYHIP	376	34	342
MIR320A	6	0	6
POLR3D	655	0	659
PIWIL2-DT	6	10	0
PIWIL2	2	0	2
SLC39A14	1258	1	1257
PPP3CC	227	0	227
LOC124901905	1	0	1
SORBS3	1285	2	1283
PDLIM2	565	1	564
C8orf58	158	0	377
LOC107986876	3	266	0
CCAR2	1967	179	1951
BIN3	130	0	249
BIN3-IT1	0	0	0
LOC107986924	1	1	0
EGR3	3	0	3
LOC105379321	0	0	0
LOC107986926	0	0	0
PEBP4	0	0	0
LOC124901908	0	0	0
LOC107986925	0	0	0
LOC105379325	0	0	0
LOC124901906	0	0	0
PEBP4-AS1	2	2	0
LOC124901907	0	0	0
RHOBTB2	1223	99	1208
RHOBTB2-AS1	0	35	3
TNFRSF10B	2878	5	2919
TNFRSF10B-AS1	5	0	5
LOC254896	20	0	20
TNFRSF10C	12	0	12
TNFRSF10D	298	0	298
TNFRSF10A	271	5	274
TNFRSF10A-DT	97	3	102
CHMP7	691	0	691
R3HCC1	331	2	329
LOXL2	4806	11	5572
LOXL2-AS1	3	780	0
ENTPD4	510	0	510
ENTPD4-DT	16	0	22
LOC105379327	0	6	0
SLC25A37	772	0	772
LOC107986930	0	0	0
NKX3-1	0	0	0
NKX2-6	0	0	0
LOC101929258	0	0	0
STC1	33	0	33
LOC107986931	0	0	0
LOC105379328	0	0	0
ADAM28	0	0	0
ADAM7-AS1	0	0	0
ADAMDEC1	0	0	0
ADAM7	0	0	0
ADAM7-AS2	0	0	0
LOC107986932	0	0	0
LOC107986882	0	0	0
LOC105379329	0	0	0
NEFM	0	0	0
LOC112268023	0	0	0
NEFL	0	0	0
MIR6841	0	0	0
LOC105379330	0	0	0
LOC124901911	0	0	0
LOC124901912	2	1	2
DOCK5	1724	1	1724
MIR6876	0	0	0
LOC105379331	0	0	0
GNRH1	58	6	52
KCTD9	792	3	789
LOC124901913	4	0	4
CDCA2	737	0	737
LOC107986933	0	0	0
LOC105379333	0	0	0
LOC105379332	0	0	0
LOC124901915	0	0	0
EBF2	0	0	0
LOC102723395	0	0	0
LOC124901914	0	0	0
LOC105379335	0	0	0
LOC105379336	0	0	0
PPP2R2A	1367	0	1367
SDAD1P1	45	0	46
BNIP3L	2101	1	2103
LOC124901868	9	3	6
PNMA2	0	2	0
DPYSL2	719	0	719
LOC124901916	1	0	1
ADRA1A	0	0	0
LOC124901918	0	0	0
LOC124901917	0	0	0
LOC105379339	0	0	0
MIR548H4	0	0	0
LOC105379340	0	0	0
STMN4	0	0	0
TRIM35	266	0	266
PTK2B	181	1	180
MIR6842	0	0	0
CHRNA2	0	0	0
EPHX2	0	0	0
LOC124901919	0	4	0
CLU	6437	3	6438
MIR6843	0	0	0
SCARA3	690	183	692
LOC124901921	0	0	0
LOC124901920	3	0	3
MIR3622B	0	1	0
MIR3622A	0	0	0
CCDC25	674	2	936
LOC107986934	0	79	0
ESCO2	281	912	267
PBK	531	5	1424
SCARA5	100	3	97
MIR4287	0	0	0
LOC105379342	4	0	4
NUGGC	0	0	0
ELP3	755	0	755
LOC105379343	0	0	0
PNOC	0	0	0
ZNF395	1339	0	1339
FBXO16	9	0	9
FZD3	89	0	89
MIR4288	0	0	0
EXTL3	966	0	966
EXTL3-AS1	6	0	6
INTS9	240	0	240
HMBOX1	65	0	68
LOC105379346	4	6	1
KIF13B	238	0	238
LOC124901922	0	0	0
LOC124901923	0	0	0
DUSP4	627	0	627
LOC124901924	7	2	5
LOC105379349	0	0	0
LOC107986883	0	0	0
LOC107986935	0	0	0
LOC105379350	0	0	0
LINC02948	0	0	0
LOC124901925	0	0	0
LOC105379352	0	0	0
LOC124901926	2	0	2
LINC00589	0	0	0
LINC02099	0	0	0
LOC101929470	0	0	0
LOC107986884	0	0	0
LOC105379354	0	0	0
LINC02209	0	0	0
MIR3148	0	0	0
SARAF	2761	20	2741
LEPROTL1	468	1	468
MBOAT4	0	1	0
DCTN6-DT	1	149	1
DCTN6	487	0	636
LOC124901927	1	1	0
LOC124901928	1	0	1
RBPMS-AS1	12	44	18
RBPMS	197	23	273
LOC112268025	1	0	1
LOC124901929	0	41	0
GTF2E2	475	0	476
SMIM18	2	3	0
GSR	1151	0	1151
UBXN8	360	0	360
LOC105379356	1	1	1
LOC105379355	1	0	2
PPP2CB	1300	1	1299
TEX15	393	0	393
LOC105379357	0	0	0
PURG	0	0	0
WRN	411	0	411
LOC105379358	2	0	2
LOC101929492	0	0	0
LOC105379360	0	0	0
NRG1	1	0	1
NRG1-IT1	0	0	0
LOC105379361	0	0	0
NRG1-IT3	0	0	0
LOC128092250	0	0	0
LOC105379362	20	0	20
POFUT3	377	0	377
MAK16	339	60	543
TTI2	183	206	241
SNORD13	0	0	0
RNF122	125	0	125
DUSP26	0	0	0
LOC105379364	0	0	0
LOC105379366	0	0	0
LOC101929881	0	0	0
LINC01288	0	0	0
LOC105379368	0	0	0
LOC105379369	0	0	0
UNC5D	0	0	0
LOC101929550	0	0	0
LOC124902062	0	0	0
LOC105379370	0	0	0
LOC105379371	0	0	0
KCNU1	5	0	5
LOC105379375	0	0	0
LOC105379376	0	0	0
LOC105379377	1	0	1
LOC100507403	7	1	6
LOC124901930	0	0	0
LINC01605	8	0	8
LOC105379379	0	0	0
LOC105379378	0	0	0
LOC105379380	0	0	0
LOC124901931	0	0	0
LOC124901932	0	0	0
LOC124901933	3	0	8
ZNF703	765	12	758
LOC101929622	0	0	0
LOC102723701	0	27	0
ERLIN2	1216	0	1258
LOC728024	1	3	0
LOC124901934	4	62	0
PLPBP	394	0	439
LOC105379381	0	0	0
ADGRA2	141	147	180
BRF2	109	40	255
RAB11FIP1	767	0	767
GOT1L1	0	0	0
ADRB3	0	0	0
EIF4EBP1	1074	0	1074
ASH2L	602	2	600
STAR	4	3	1
LOC105379382	0	4	0
LSM1	424	0	431
BAG4	308	3	308
DDHD2	702	487	746
PLPP5	20	31	182
NSD3	635	22	947
LETM2	47	6	42
LOC102723716	1	1	1
FGFR1	189	0	189
LINC03042	0	0	0
LOC124901935	0	0	0
LOC105379384	0	0	0
RNF5P1	4	0	4
LOC124901936	0	0	0
TACC1	224	0	224
LOC124901937	7	2	7
PLEKHA2	750	2	750
HTRA4	0	0	0
TM2D2	475	64	475
ADAM9	1524	0	1588
SNORD38D	0	0	0
ADAM32	0	0	0
ADAM5	0	0	0
ADAM3A	0	0	0
LOC100130964	0	0	0
ADAM18	0	0	0
ADAM2	0	0	0
IDO1	4	0	4
IDO2	0	0	0
LINC02866	1	1	0
TCIM	576	0	576
SIRLNT	0	0	0
LOC105379388	0	0	0
ZMAT4	0	0	0
LOC107986938	0	0	0
LOC105379389	0	0	0
LOC105379390	0	0	0
LOC105379771	0	0	0
SFRP1	0	0	0
MIR548AO	0	0	0
SNORD65B	0	0	0
LOC105379391	0	0	0
LOC124901938	0	0	0
GOLGA7	586	0	586
GINS4	497	0	564
GPAT4-AS1	0	68	0
LOC124901939	2	0	2
GPAT4	1064	0	1065
NKX6-3	0	0	0
ANK1	19	0	19
MIR486-1	0	0	0
MIR486-2	0	0	0
LOC105379392	4	0	4
KAT6A	398	0	399
LOC124900271	0	0	0
KAT6A-AS1	0	1	0
LOC107986939	0	0	0
AP3M2	204	0	205
PLAT	37	10	28
LOC124902095	0	0	0
IKBKB-DT	0	0	0
IKBKB	679	0	679
LOC105379395	1	0	1
POLB	310	0	310
DKK4	0	0	0
VDAC3	1827	0	1827
SLC20A2	281	54	295
SMIM19	116	14	170
LOC124900250	0	0	0
CHRNB3	0	0	0
LOC105379396	0	0	0
CHRNA6	0	0	0
THAP1	91	1	145
LOC124901940	0	54	1
RNF170	230	1	229
MIR4469	1	0	1
HOOK3	279	0	279
FNTA	885	1	884
POMK	45	0	45
HGSNAT	1521	1	1520
POTEA	0	0	0
LOC124902100	0	0	0
LOC105379397	0	0	0
ASNSP1	0	0	0
LOC124901941	0	0	0
LOC105375811	0	0	0
LOC124901942	0	0	0
LOC105375812	0	0	0
LINC00293	0	0	0
LOC105375813	0	0	0
LOC105375814	0	0	0
LOC105375815	0	0	0
LOC105375816	2	0	2
LOC105375817	0	0	0
LOC107986885	0	0	0
LOC124900251	0	0	0
LOC100287846	0	0	0
IGLV8OR8-1	0	0	0
SPIDR	1079	192	887
LOC107986940	0	0	0
CEBPD	3232	15	3217
PRKDC	13082	3	13079
LOC105375818	0	0	0
MCM4	5806	0	5806
UBE2V2-AS1	0	0	0
UBE2V2	1736	0	1736
LOC107986941	0	0	0
LOC105375820	0	0	0
LOC105375821	0	0	0
LINC02947	0	0	0
LOC112268027	0	0	0
LOC101929268	6	0	6
LOC124901943	0	0	0
LINC02847	0	0	0
LINC03054	0	0	0
CLXN	0	0	0
LOC105375825	9	0	9
SNAI2	441	0	443
LOC107986942	9	4	7
PPDPFL	1415	0	1415
LOC105375826	0	0	0
LOC100507464	0	0	0
SNTG1	0	0	0
LOC124900619	0	0	0
LOC105375829	0	0	0
LOC105375828	0	0	0
LOC105375830	0	0	0
LOC124902078	0	0	0
LOC105375831	0	0	0
PXDNL	1	0	1
LOC105375833	0	0	0
PCMTD1	644	1	644
PCMTD1-DT	89	0	90
LOC124901944	0	0	0
ST18	1	0	2
LOC124901945	0	1	0
ST18-AS3	0	0	0
ALKAL1	0	0	0
RB1CC1	1255	5	1250
LOC105375835	0	0	0
LOC107986943	0	0	0
NPBWR1	0	0	0
LOC105375836	0	0	0
OPRK1	0	0	0
LOC124901946	0	0	0
LOC124901947	0	0	0
LINC02984	1	0	1
ATP6V1H	1432	2	1430
RGS20	81	4	77
LYPLA1-TCEA1	0	0	0
TCEA1	1	2	26
LOC133039971	26	273	6
LYPLA1	340	1	339
MRPL15	1013	0	1013
RNU105C	0	0	0
LOC105375840	0	0	0
LOC105375841	0	0	0
SOX17	0	0	0
LOC100129098	0	0	0
RP1	5	0	5
LOC105375842	0	0	0
LOC107986886	0	0	0
LOC107986887	0	0	0
XKR4	0	0	0
LOC105375844	0	0	0
SBF1P1	0	0	0
XKR4-AS1	0	0	0
LOC105375845	0	0	0
LOC105375846	5	0	5
TMEM68	235	0	235
TGS1	545	0	545
LYN	701	0	701
SNORA1B	0	0	0
RPS20	10246	2	10244
SNORD54	1	0	1
CERNA3	0	0	0
MOS	0	0	0
PLAG1	182	0	182
CHCHD7	375	0	375
SDR16C5	535	0	535
SDR16C6P	1	1	0
LOC105375849	0	0	0
LOC124901948	0	0	0
PENK	0	0	0
PENK-AS1	0	0	0
LOC101929398	1	0	1
LINC00968	10	0	10
LOC105375850	0	0	0
LOC105375851	0	0	0
LOC105375852	0	0	0
BPNT2	3558	19	3539
LINC01606	0	0	0
LOC286177	0	0	0
LINC00588	0	0	0
LOC101929488	0	0	0
LOC107986888	0	0	0
LOC105375855	0	0	0
LINC03018	0	0	0
LOC105375856	0	0	0
LINC01602	0	0	0
FAM110B	69	0	69
LOC107986945	0	0	0
LINC03133	0	0	0
UBXN2B	474	1	473
CYP7A1	0	0	0
SDCBP	4202	5	4197
NSMAF	590	10	580
LOC124902083	0	0	0
LOC105375858	0	0	0
TOX	0	0	0
TOX-DT	0	0	0
LOC124900267	0	0	0
LOC105375860	0	0	0
LOC105375859	0	0	0
LOC105375861	0	0	0
LOC105375863	0	0	0
CA8	0	0	0
LOC105375864	0	0	0
LINC01301	1	0	1
LOC124901949	7	7	0
RAB2A	2165	0	2165
LOC124901950	0	0	0
CHD7	1237	0	1237
LOC124901951	0	0	0
LOC105375938	0	0	0
CLVS1	0	509	0
LOC100130298	0	0	0
LOC105375870	0	0	0
ASPH	7062	3	7568
MIR4470	0	0	0
LINC02842	0	0	0
LOC105375871	0	0	0
LINC02155	0	0	0
LOC124901952	0	0	0
NKAIN3	0	0	0
LOC107986946	0	0	0
GGH	1601	0	1601
TTPA	9	0	9
YTHDF3-DT	10	0	13
YTHDF3	1140	10	1133
LOC105375873	0	0	0
LOC105375875	0	0	0
LOC105375874	0	0	0
LOC102724612	0	0	0
LOC124902063	0	0	0
LOC105375876	0	0	0
LINC01289	0	0	0
LINC01414	0	0	0
LOC105375877	0	0	0
MIR124-2HG	0	0	0
MIR124-2	0	0	0
BHLHE22-AS1	0	0	0
LOC124900252	0	0	0
BHLHE22	0	0	0
CYP7B1	0	0	0
LOC105375879	0	0	0
LOC105375878	0	0	0
LOC105375880	0	0	0
LINC00251	0	0	0
LOC105375881	0	0	0
LINC01299	0	0	0
ARMC1	467	0	467
MTFR1	1037	236	1016
PDE7A	484	25	683
LOC107986949	9	4	5
PDE7A-DT	5	9	3
LOC107986950	0	0	0
LOC105375883	1	0	1
DNAJC5B	0	0	0
TRIM55	2	0	2
TRY-GTA5-1	0	0	0
TRY-GTA5-2	0	0	0
TRA-AGC8-2	0	0	0
CRH	0	0	0
LOC112268029	0	0	0
LOC124901954	0	0	0
LINC00967	0	0	0
LOC102724687	3	0	3
RRS1-DT	1	0	1
RRS1	968	2	966
ADHFE1	19	0	19
VXN	7	0	7
LOC124901955	0	0	0
MYBL1	277	0	278
LOC105375884	31	4	28
VCPIP1	426	1	425
C8orf44-SGK3	0	0	0
C8orf44	52	0	52
SGK3	7	3	4
PTTG3P	0	0	0
MCMDC2	8	316	0
SNHG6	778	0	1085
SNORD87	4	0	4
TCF24	1	1	0
PPP1R42	0	0	0
LOC105375885	0	0	0
COPS5	1494	0	1494
CSPP1	439	8	541
LOC124901956	12	8	4
ARFGEF1	780	110	785
ARFGEF1-DT	1	2	4
CPA6	0	0	0
LOC105375886	0	0	0
PREX2	0	0	0
LOC105375888	0	0	0
LOC124901957	0	0	0
C8orf34-AS1	0	0	0
C8orf34	0	0	0
LOC107986951	3	0	3
LINC01592	0	0	0
LOC124901958	11	0	11
LINC01603	1	0	1
SULF1	100	0	100
SLCO5A1	0	0	0
LOC105375889	0	0	0
SLCO5A1-AS1	0	0	0
PRDM14	0	0	0
NCOA2	600	5	595
LINC03020	0	0	0
LOC105375890	0	0	0
TRAM1	4279	0	4279
LOC124902090	0	0	0
LACTB2-AS1	1	298	1
LACTB2	160	0	458
XKR9	2	0	2
LOC124901960	0	0	0
LOC124901959	0	0	0
EYA1	0	0	0
LOC105375894	0	0	0
LOC124901961	0	0	0
LOC102724772	0	0	0
LOC105375892	0	0	0
LOC107986890	0	0	0
LOC124900257	0	0	0
MSC	2	0	2
MSC-AS1	1	1	4
TRPA1	0	3	1
LOC124901962	0	0	0
TRPA2P	0	0	0
LOC105375897	0	0	0
KCNB2	0	0	0
LOC101926908	0	0	0
LOC124901963	0	0	0
KCNB2-AS1	0	0	0
TERF1	546	0	546
SBSPON	51	24	27
LOC107986891	0	0	0
LOC105375901	0	0	0
C8orf89	0	0	0
RPL7	20486	8	20482
RDH10	547	4	547
RDH10-AS1	10	10	0
LOC105375899	0	0	0
STAU2-AS1	1	1	0
STAU2	743	1	742
UBE2W	481	0	481
LINC01617	0	0	0
ELOC	887	0	887
TMEM70	820	0	820
LY96	2	0	2
LOC105375903	3	1	2
JPH1	371	1	370
GDAP1	178	0	178
MIR5681A	0	0	0
MIR5681B	0	0	0
MIR2052HG	0	0	0
LINC03071	0	0	0
MIR2052	0	0	0
PI15	4	0	4
CRISPLD1	1	1	1
LOC124901964	0	0	1
LOC105375905	0	0	0
CASC9	106	0	106
HNF4G	13	0	13
LOC124902089	0	0	0
LOC105375906	25	0	25
LOC102724858	65	0	65
LINC01109	0	0	0
LINC01111	0	0	0
LOC107986952	0	0	0
ZFHX4-AS1	0	0	0
ZFHX4	4	4	0
MIR3149	0	0	0
PEX2	344	1	343
LOC105375909	0	0	0
LOC102724874	0	0	0
LOC105375911	0	0	0
PKIA	0	0	0
PKIA-AS1	0	0	0
ZC2HC1A	52	0	59
IL7	2	9	0
C4orf46P3	1	1	0
MITA1	0	0	0
LINC02605	0	0	0
LOC105375912	0	0	0
LOC105375913	0	0	0
LOC107986892	0	0	0
LOC105375915	0	0	0
MIR12123	0	0	0
STMN2	1	0	1
LOC105375916	0	0	0
LOC124901965	0	0	0
LOC107986893	0	0	0
HEY1	1724	0	1724
LINC01607	1	0	1
LOC101927040	4	1	3
LOC124902076	0	0	0
LOC124901966	0	0	0
TPD52-MRPS28	0	0	0
MRPS28	26	0	26
TPD52	2099	0	2099
LOC105375919	0	0	0
LOC105375918	0	0	0
LOC105375920	0	0	0
MIR5708	0	0	0
LOC124900264	0	0	0
LOC105375922	0	0	0
LOC105375921	3	0	14
ZBTB10	598	32	577
LINC02986	99	0	99
ZNF704	404	0	404
LOC107986894	0	0	0
PAG1	77	0	77
LOC124901967	0	0	0
LOC105375924	3	0	3
LNMICC	0	0	0
FABP5	0	0	0
LOC105375925	0	0	0
LOC105375926	0	0	0
PMP2	0	0	0
FABP9	0	0	0
LOC101927118	0	0	0
FABP4	0	0	0
FABP12	0	0	0
IMPA1P1	1	0	1
IMPA1	625	0	625
SLC10A5	15	0	15
ZFAND1	589	0	589
CHMP4C	156	2	154
SNX16	103	0	103
LINC02235	4	0	4
LINC02839	0	0	0
LOC105375930	0	0	0
LOC124902064	0	0	0
LOC105375931	0	0	0
LOC107986953	0	0	0
LOC101927141	0	0	0
LINC01419	0	0	0
LOC105375932	0	0	0
LOC124901968	0	0	0
RALYL	0	0	0
LOC105375933	0	0	0
LRRCC1	0	0	0
E2F5-DT	0	0	0
E2F5	1	9	2
RBIS	435	1	444
LOC124901969	0	0	0
LOC105375936	0	0	0
CA13	0	0	0
CA1	0	0	0
LOC124901970	0	0	0
CA3	0	0	0
CA3-AS1	0	0	0
CA2	0	0	0
LOC105375937	0	0	0
LOC101929601	0	0	0
LOC101929627	0	0	0
REXO1L2P	0	0	0
LOC124902048	0	0	0
LINC02849	0	0	0
LOC124901971	0	0	0
LOC107986954	0	0	0
PSKH2	0	0	0
ATP6V0D2	2	0	2
LOC105375623	0	0	0
SLC7A13	0	0	0
WWP1-AS1	11	40	12
WWP1	1245	17	1284
RMDN1	638	29	624
CPNE3	1205	1	1204
CNGB3	0	0	0
CNGB3-AS1	0	0	0
CNBD1	0	0	0
LOC105375626	0	0	0
DCAF4L2	167	0	167
LOC124901972	0	0	0
LOC105375628	0	0	0
MMP16	0	0	0
LOC105375630	0	0	0
LOC105375629	0	0	0
LOC124901973	0	0	0
LOC105375631	2	0	2
LOC112268015	0	0	0
PARAIL	34	0	34
RIPK2	498	0	498
LOC124901974	25	5	29
OSGIN2	655	5	659
NBN	814	2	812
DECR1	804	2	802
CALB1	0	0	0
LOC124901976	0	0	0
LINC00534	0	0	0
LOC124901975	3	0	3
LOC107986955	0	0	0
LINC01030	1	0	1
TMEM64	606	1	605
LOC124906712	9	0	9
LOC105375633	0	0	0
NECAB1	0	0	0
LOC105375635	1	0	1
LOC105375634	0	0	0
C8orf88	0	0	0
PIP4P2	2	0	2
OTUD6B-AS1	298	0	298
OTUD6B	306	0	306
LRRC69	19	0	19
MIR4661	0	0	0
SLC26A7	5	0	5
LOC105375637	0	0	0
LOC124902088	0	0	0
RUNX1T1	0	0	0
LOC105375638	0	0	0
LOC124901977	0	0	0
LOC105375639	0	0	0
LOC102724710	0	0	0
LOC101926956	0	0	0
FLJ46284	0	0	0
LOC124901978	3	0	3
TRIQK	311	0	311
MIR8084	0	0	0
LINC02906	0	0	0
LOC105375644	0	0	0
LOC105375643	0	0	0
LOC107986956	0	0	0
LOC105375642	0	0	0
CIBAR1-DT	0	0	0
LOC105375641	0	0	0
CIBAR1	6	269	0
RBM12B	591	3	885
RBM12B-AS1	0	31	3
RBM12B-DT	0	0	0
TMEM67	179	0	179
MIR378D2HG	2	0	2
MIR378D2	0	0	0
PDP1	455	0	455
LOC124901979	0	0	0
CDH17	0	0	0
LOC105375647	0	0	0
LOC105375648	0	0	0
GEM	3	0	3
LOC107986896	4	0	4
RAD54B	344	0	344
FSBP	0	0	0
VIRMA	1372	0	1372
VIRMA-DT	2	0	2
LINC02894	0	0	0
ESRP1	0	0	0
DPY19L4	426	0	426
INTS8	872	227	893
CCNE2	175	34	392
NDUFAF6	348	0	354
LOC124902084	0	0	0
TP53INP1	204	4	203
LOC124901981	0	0	0
MIR3150BHG	2	2	0
LOC124901980	0	0	0
MIR3150B	0	0	0
MIR3150A	0	0	0
PLEKHF2	203	1	202
LOC124901982	1	0	1
LINC01298	0	0	0
CFAP418	93	3	90
CFAP418-AS1	1	0	1
TRS-AGA2-5	7	7	0
LOC107986957	0	0	0
SRSF3P2	0	0	0
LOC124901983	0	0	0
GDF6	1	0	1
LOC124901984	0	0	0
UQCRB	1227	0	3086
UQCRB-AS1	3	1860	2
MTERF3	468	0	468
PTDSS1	2825	0	2826
LOC105375652	0	0	0
LOC102724804	0	1	0
LOC105375653	0	0	0
SDC2	1192	0	1192
LOC124900253	0	0	0
CPQ	87	0	87
LOC124901985	0	0	0
LOC101927066	0	0	0
LOC105375655	5	1	4
TSPYL5	0	0	0
SNORD3H	0	0	0
LOC105375657	0	0	0
MTDH	2845	0	2845
LOC124901986	2	6	3
LAPTM4B	9835	7	9835
MATN2	503	0	503
LOC124901987	0	0	0
RPL30	6540	2	6538
SNORA72	24	0	24
ERICH5	0	0	0
RIDA	387	0	387
POP1	769	0	769
NIPAL2-AS1	0	0	0
NIPAL2	36	0	36
LOC105375659	0	0	0
STK3	555	0	556
LOC124901988	0	0	0
MIR9903	0	0	0
KCNS2	2	3	0
ATP5PFP3	1	1	0
LOC112268016	2	0	2
OSR2	217	1	216
LOC107986872	1	0	1
VPS13B-DT	20	0	20
VPS13B	725	6	719
MIR599	0	0	0
MIR875	0	0	0
LOC124901989	0	0	0
COX6C	1387	0	1387
RGS22	0	0	0
SNORD77B	0	0	0
FBXO43	146	1	145
POLR2K	840	0	840
SPAG1	148	1	161
LOC105375669	2	16	0
RNF19A	1463	4	1461
LOC124901991	111	1	112
MIR4471	0	0	0
LOC124901990	0	0	0
LOC105375670	1	0	1
LOC124901992	7	0	7
ANKRD46	248	0	248
SNX31	0	0	0
LOC105375671	0	0	0
LOC105375672	0	0	0
PABPC1	19841	0	19841
MIR7705	0	0	0
YWHAZ	12013	2	12011
LOC401471	0	0	0
SLEAR	0	0	0
LINC03044	12	0	12
LINC03090	0	0	0
LOC105375676	0	0	0
ZNNT1	36	0	36
ZNF706	661	10	651
LOC107984005	0	0	0
LINC02844	0	0	0
LOC124901993	0	0	0
LOC124901994	0	0	0
NACA4P	0	0	0
LINC02845	0	0	0
LOC107986897	0	0	0
GRHL2-DT	1	1	0
GRHL2	0	0	0
NCALD	12	0	12
LOC124902079	0	0	0
LOC124901996	0	0	0
LOC104054148	0	0	0
LOC124901997	0	0	0
MIR5680	0	0	0
RRM2B	435	0	435
UBR5-DT	8	0	8
UBR5	4217	12	4230
LOC105375683	0	25	0
LINC03047	0	0	0
LOC124901998	0	0	0
LOC105375684	0	0	0
ODF1	0	0	0
KLF10	2756	1	2755
LOC101927245	69	0	87
LOC105375686	1	1	0
LOC105375685	0	18	0
LOC124901999	5	0	5
GASAL1	173	0	173
AZIN1	1880	1	1879
MAILR	18	0	22
LOC124902000	2	6	0
ATP6V1C1	1917	0	1917
LINC01181	1	0	1
BAALC-AS2	0	0	0
BAALC	0	0	0
MIR3151	0	0	0
BAALC-AS1	0	0	0
LOC105369147	11	3	13
FZD6	943	4	944
SNORD173	0	0	0
CTHRC1	1	1	0
SLC25A32	616	7	609
DCAF13	936	0	936
LOC105375690	0	0	0
RIMS2	0	0	0
LOC124902094	0	0	0
LOC105375689	0	0	0
LOC107984007	0	0	0
LOC105375688	0	0	0
LOC124902065	0	0	0
LOC107986899	0	0	0
DCSTAMP	0	0	0
DPYS	0	0	0
LOC105375692	0	0	0
LOC105375691	0	0	0
MIR548A3	0	0	0
LRP12	65	0	65
LOC105375694	0	0	0
LOC105375693	0	0	0
LINC03084	0	0	0
ZFPM2	0	0	0
LOC124902002	0	0	0
LOC124902001	0	0	0
LOC105375696	0	0	0
ZFPM2-AS1	65	0	65
LOC124902003	1	0	1
OXR1	487	3	484
OXR1-AS1	5	0	5
ABRA	0	0	0
LOC124902004	0	0	0
LOC124902066	0	0	0
LOC105375701	0	0	0
ANGPT1	236	0	236
LOC124902067	0	0	0
LOC105375703	0	0	0
RSPO2	0	0	0
EIF3E	8372	3	8369
LOC105375704	0	0	0
EMC2	728	0	728
TMEM74	3	0	3
LOC102723368	0	0	0
LOC101927413	13	0	13
LOC107984017	5	0	5
TRHR	3	3	0
NUDCD1	830	2	830
ENY2	723	0	725
PKHD1L1	0	0	0
EBAG9	393	0	393
EBAG9UORF	0	0	0
SYBU	159	0	159
SYBU-AS1	1	1	0
KCNV1	0	0	0
LINC01608	0	0	0
LINC01609	0	0	0
LOC107986965	0	0	0
LOC105375705	0	0	0
LOC107986964	0	0	0
LINC02237	0	0	0
LOC105375707	0	0	0
CSMD3	0	0	0
LOC124902087	0	0	0
MIR2053	0	0	0
LOC107986966	0	0	0
LOC105375709	0	0	0
LOC105375710	8	0	8
LOC107986901	0	0	0
TRPS1	442	0	442
TRPS1-AS1	0	0	0
LOC107986968	0	0	0
LOC107986902	0	0	0
LOC107986903	0	0	0
LINC00536	1	0	1
LOC124902005	0	0	0
LOC102723447	0	0	0
LOC105375711	0	0	0
LOC105375712	0	0	0
EIF3H	5087	0	5087
LOC105375713	4	4	0
LOC124902006	4	0	4
UTP23	253	0	253
LOC112268030	43	1016	3
RAD21	7123	0	8148
RAD21-AS1	8	60	8
MIR3610	0	0	0
AARD	4	0	4
LOC105375715	0	0	0
SLC30A8	0	0	0
LOC105375716	0	1	0
LOC105375719	0	0	0
LOC105375717	0	0	0
MED30	98	0	99
LOC105375721	2	0	2
LOC107986970	2	0	2
EXT1	1258	2	1256
SNORD168	0	0	0
SAMD12	14	0	14
LOC105375724	0	0	0
SAMD12-AS1	0	0	0
LOC124902007	0	0	0
LOC105375723	0	0	0
LOC124902008	0	0	0
TNFRSF11B	1	0	1
COLEC10	0	0	0
LOC101927513	0	0	0
LOC105375725	0	0	0
MAL2	955	1	1349
MAL2-AS1	1	395	1
MIR548AZ	0	0	0
LOC124902009	0	3	0
LOC124900266	0	0	0
CCN3	708	0	711
ENPP2	0	0	0
LOC105375727	0	0	0
TAF2	810	1	810
LOC105375728	1	77	21
DSCC1	187	21	261
DEPTOR	78	0	78
LOC105375730	0	0	0
COL14A1	5	0	5
MRPL13	1198	1	1197
MTBP	217	0	218
SNTB1	354	13	408
SNTB1-AS2	0	0	0
SNTB1-AS1	14	58	22
LOC124902010	0	0	0
LOC105375731	0	0	0
HAS2	102	9	102
HAS2-AS1	28	0	37
LINC02855	0	0	0
LOC105375733	0	0	0
SMILR	0	0	0
LOC107986972	0	0	0
LINC01151	0	0	0
LOC124902081	0	0	0
LOC107986904	0	0	0
ZHX2-AS1	2	0	2
ZHX2	190	0	190
LOC124902011	0	0	0
LOC124902013	0	490	0
DERL1	1283	1	1773
TBC1D31	412	0	413
TRM-CAT1-1	0	0	0
FAM83A	5030	6	5320
LOC124902101	3	4	0
FAM83A-AS2	11	233	12
FAM83A-AS1	14	73	2
MIR4663	0	0	0
C8orf76	10	0	10
ZHX1-C8orf76	1	0	1
ZHX1	874	2	872
LOC124902080	0	0	0
ATAD2	1778	1	1777
MIR548AA1	0	6	0
MIR548D1	0	0	0
NTAQ1	205	0	205
FBXO32	114	0	114
KLHL38	40	0	40
LOC105375738	1	0	1
ANXA13	0	0	0
LOC105375739	0	0	0
FAM91A1	765	0	765
FER1L6	0	0	0
LOC124902014	0	0	0
FER1L6-AS1	0	0	0
FER1L6-AS2	0	0	0
LOC124902015	0	0	0
LOC101927588	0	0	0
TMEM65	768	1	767
TYW2	103	0	103
RNF139-DT	2	0	2
RNF139	0	0	0
TATDN1	0	0	0
MIR6844	0	0	0
NDUFB9	0	0	0
MTSS1	0	1	0
LOC105375740	28	0	29
LOC124902016	0	0	0
LOC105375741	0	0	0
MIR4662B	0	0	0
MIR4662A	0	0	0
LOC105375743	0	0	0
LOC105375742	0	0	0
LINC00964	0	0	0
ZNF572	35	0	35
SQLE-DT	0	0	0
SQLE	779	2	777
WASHC5	964	0	1192
WASHC5-AS1	0	228	0
NSMCE2	505	2	503
TRIB1	1114	0	1114
TRIB1AL	0	0	0
LINC02964	0	0	0
LOC105375747	0	0	0
LOC124902017	0	0	0
LINC00861	0	0	0
LOC101927657	0	0	0
LOC105375750	0	0	0
LRATD2	255	1	256
LOC105375751	4	2	4
LOC105375753	0	0	0
PCAT1	0	0	0
PCAT2	3	0	3
PRNCR1	3	3	0
CASC19	99	5	94
CCAT1	1773	5	1768
CASC21	4	0	4
CASC8	66	8	58
CCAT2	0	0	0
POU5F1B	58	0	58
LOC105375754	7	0	7
CASC11	6	0	10
MYC	7332	10	7326
PVT1	585	3	582
MIR1204	0	0	0
LINC02912	0	0	0
MIR1205	0	0	0
MIR1206	0	0	0
MIR1207	0	0	0
MIR1208	0	0	0
LOC124902020	7	0	7
LINC00824	0	0	0
LOC124902021	0	0	0
LINC00976	0	0	0
LOC124902023	0	0	0
LINC00977	0	0	0
LOC124902022	0	0	0
LOC124902024	0	0	0
CCDC26	1	0	1
MIR3686	0	0	0
GSDMC	17	0	17
CYRIB	1445	1	1444
LOC124902025	0	0	0
MIR5194	0	0	0
ASAP1	1580	0	1597
ASAP1-IT2	0	0	0
LOC124900269	0	0	0
LOC124902027	0	0	0
ASAP1-IT1	0	0	0
LOC124902026	0	17	0
LOC105375758	0	0	0
ADCY8	0	0	0
LOC105375762	0	0	0
LOC105375761	0	0	0
LOC124902068	0	0	0
LOC105375760	0	0	0
LOC105375759	0	0	0
IADEN	0	0	0
LOC105375763	0	0	0
LOC107986976	0	0	0
EFR3A	1009	0	1009
OC90	0	0	0
HHLA1	0	0	0
KCNQ3	0	0	0
LOC105375765	0	0	0
LOC124902028	0	0	0
HPYR1	0	0	0
DNAAF11	0	0	0
LOC105375767	0	0	0
TMEM71	0	0	0
PHF20L1	610	0	610
TG	0	0	0
LOC105375768	0	0	0
SLA	2	0	2
MIR7848	0	0	0
PTCSC1	0	0	0
LOC105375769	0	0	0
CCN4	4	2	2
LOC102723635	0	0	0
NDRG1	15298	2	15296
LOC105375771	0	0	1
LOC105375772	19	1	19
ST3GAL1	936	1	962
ST3GAL1-DT	46	28	45
LOC124900268	0	0	0
LINC03024	0	0	0
LOC101927798	0	0	0
LOC101927822	0	0	0
LOC124902070	1	0	1
ZFAT	306	0	354
ZFAT-AS1	0	48	0
LOC124902072	0	0	0
LOC124902071	0	0	0
MIR30B	0	0	0
MIR30D	0	0	0
NCRNA00250	1	0	1
LOC101927845	0	0	0
LINC01591	0	0	0
LOC101927872	0	0	0
KHDRBS3	1	0	1
LOC124902046	0	0	0
LOC107986978	0	0	0
LOC107986979	0	0	0
LOC105375775	0	0	0
LOC124900255	0	0	0
LINC02055	82	0	82
LOC124902073	1	0	1
LOC107986905	13	0	13
LOC101927915	0	0	0
LOC105375776	0	0	0
LOC401478	0	0	0
FAM135B	0	0	0
COL22A1	0	0	0
KCNK9	2	0	2
TRAPPC9	711	0	712
LOC107986981	0	0	0
LOC105375781	0	0	0
C8orf17	0	0	0
PEG13	2	0	2
LOC124902029	0	0	0
LOC105375779	2	2	0
LOC105375782	3	1	3
CHRAC1	1181	6	1175
AGO2	2123	8	2156
LOC107986982	6	0	6
ERICD	49	41	49
PTK2	2856	0	2856
MIR151A	0	0	0
LOC105375783	0	0	0
LOC124902030	0	0	0
LOC105375784	0	0	0
DENND3-AS1	13	0	13
DENND3	930	20	911
LOC105375785	7	0	8
SLC45A4	805	0	833
SLC45A4-AS1	0	28	0
LINC01300	0	0	0
GPR20	0	0	0
LOC101928037	0	0	0
ASTILCS	0	0	0
PTP4A3	0	0	0
MROH5	0	0	0
LOC107983985	0	0	0
LOC105375789	0	0	0
LOC124900270	0	0	0
LOC124902031	0	0	0
LOC105375791	0	0	0
C8orf90	0	0	0
LOC124902074	0	0	0
MIR1302-7	0	0	0
LOC124902047	0	0	0
MIR4472-1	0	0	0
LOC105375792	2	0	2
LINC00051	0	0	0
TSNARE1	50	0	50
ADGRB1	0	0	0
LOC124902075	1	1	0
ARC	5	0	5
LOC101928087	0	0	0
JRK	804	0	804
PSCA	964	55	909
LOC124902032	22	1	21
LY6K	2546	75	5080
LNCOC1	71	2551	129
THEM6	1038	1	1037
SLURP1	0	0	0
LYPD2	0	0	0
SLURP2-AS1	0	0	0
LYNX1-SLURP2	0	0	0
SLURP2	0	0	0
LYNX1	0	0	0
LY6D	1	0	1
GML	0	0	0
CYP11B1	0	0	0
CYP11B2	0	0	0
LOC105375794	0	0	0
LY6E-DT	7	0	7
CDC42P3	2	2	0
LY6E	0	0	0
LOC124902034	0	0	0
LY6S-AS1	0	0	0
LY6S	0	0	0
LY6L	0	0	0
LY6H	2	0	2
LOC124902035	0	0	0
LOC107986906	0	0	0
GPIHBP1	17	17	0
LOC124902036	18	0	18
ZFP41	303	4	299
GLI4	468	0	468
MINCR	129	0	129
ZNF696	253	2	252
LOC124902037	0	0	0
TOP1MT	542	26	517
RHPN1	464	19	463
RHPN1-AS1	8	0	26
MAFA-AS1	6	3	3
MAFA	35	0	35
ZC3H3	833	0	833
SNORD149	0	0	0
GSDMD	0	0	0
LOC100310756	0	0	0
MROH6	0	0	0
NAPRT	0	0	0
EEF1D	18	0	18
TIGD5	0	0	0
PYCR3	0	0	0
GFUS	45	2	43
LOC105375798	2	2	0
ZNF623	30	1	29
LOC124902077	0	0	0
LOC105375799	0	0	0
ZNF707	0	0	0
LINC02878	0	0	0
CCDC166	0	0	0
LOC101928160	0	0	0
MAPK15	0	0	0
FAM83H	0	0	0
MIR4664	0	0	0
IQANK1	0	0	0
LOC105375800	0	0	0
SCRIB	0	0	0
MIR937	0	0	0
PUF60	13	2	363
LOC107986985	36	359	61
NRBP2	781	24	784
MIR6845	2	0	2
EPPK1	967	9	958
PLEC	17923	14	17909
LOC124902040	0	0	0
MIR661	0	0	0
PARP10	1468	2	1466
GRINA	8015	2	8013
SPATC1	12	12	0
SMPD5	8	8	0
OPLAH	931	1	933
LOC124902039	1	4	0
MIR6846	0	0	0
EXOSC4	0	5	1039
LOC124902038	56	1078	28
MIR6847	0	0	0
GPAA1	4528	1	4527
CYC1	6335	4	6331
SHARPIN	1109	3	1117
MAF1	3074	66	3019
WDR97	46	0	46
HGH1	906	0	906
MROH1	1078	14	1071
BOP1	2180	114	2073
MIR7112	0	0	0
SCX	25	0	25
HSF1	0	0	0
DGAT1	0	0	0
LOC124902050	0	0	0
MIR6848	0	0	0
SCRT1	0	0	0
CATSPERQ	0	0	0
FBXL6	0	0	0
SLC52A2	0	0	0
LOC101928902	0	0	0
ADCK5	0	0	0
CPSF1	0	0	0
MIR939	0	0	0
MIR1234	0	0	0
MIR6849	0	0	0
SLC39A4	0	0	0
LOC124902041	0	0	0
VPS28	35	0	35
TONSL	865	7	1327
TONSL-AS1	12	477	5
MIR6893	0	0	0
TMEM276-ZFTRAF1	0	0	0
ZFTRAF1	37	0	37
MIR10400	0	0	0
TMEM276	45	114	44
KIFC2	587	11	921
FOXH1	17	221	26
PPP1R16A	931	19	1890
LOC101928953	51	1027	46
GPT	44	10	77
SLC33A2	1334	4	1335
RECQL4	2014	30	1991
LRRC14	676	57	1464
LRRC24	0	792	43
C8orf82	517	3	516
ARHGAP39	496	0	496
LOC100996662	0	0	0
ZNF251	1	0	1
LOC107986986	7	7	0
LOC105375805	1	0	1
ZNF34	72	0	72
RPL8	35420	10	35410
MIR6850	0	0	0
ZNF517	81	88	60
LOC100130027	29	19	77
ZNF7	537	15	715
COMMD5	704	214	683
ZNF250	225	9	225
LOC124902042	0	7	2
ZNF16	240	0	240
ZNF252P	380	0	406
TMED10P1	8	24	0
ZNF252P-AS1	13	3	13
C8orf33	1	0	1
DDX11L5	0	1	0
WASHC1	276	0	277
MIR1302-9HG	0	0	0
MIR1302-9	0	0	0
FAM138C	0	0	0
LOC124902106	0	0	0
PGM5P3-AS1	0	0	0
LINC01388	0	0	0
FOXD4	10	0	10
ZNG1A	369	0	369
LOC105375942	1	0	1
LOC105375943	0	0	0
DOCK8	65	0	78
DOCK8-AS1	0	0	0
LOC105375945	0	0	0
LOC124902108	0	0	0
DOCK8-AS2	0	13	0
KANK1	1542	8	1558
LOC105375947	7	20	10
KANK1-AS1	0	0	0
LOC107987042	1	2	0
LOC124902109	0	0	0
LOC105375949	0	0	0
DMRT1	0	0	0
DMRT3	0	0	0
LINC-ADAIN	0	0	0
DMRT2	0	0	0
LOC102723803	0	0	0
LOC105375951	0	0	0
LOC105375952	0	0	0
SMARCA2	1487	0	1487
LOC107987043	2	2	0
LOC105375955	0	0	0
LOC101930053	2	0	2
LOC105375956	0	0	0
VLDLR-AS1	2	59	2
VLDLR	757	7	1167
LOC105375957	57	363	52
KCNV2	6	6	0
PUM3	931	1	930
LINC01231	0	0	0
LOC105375959	0	0	0
RFX3	85	0	85
LOC124902110	1	0	1
RFX3-DT	4	0	4
LOC105375962	0	0	0
GLIS3	36	2	37
GLIS3-AS1	0	1	0
LOC105375964	0	0	0
LOC124902111	0	0	0
GLIS3-AS2	0	0	0
SLC1A1	249	0	251
SPATA6L	3	2	1
PLPP6	242	1	241
CDC37L1-DT	2	0	3
CDC37L1	477	3	475
AK3	767	0	767
LOC124902112	0	0	0
RCL1	487	0	487
MIR101-2	0	0	0
LOC124902113	10	0	10
JAK2	372	1	371
INSL6	0	0	0
INSL4	182	0	182
RLN2	0	0	0
RLN1	0	0	0
PLGRKT	183	0	183
CD274	9	2	7
INCR1	72	0	72
PDCD1LG2	20	1	19
RIC1	1245	46	1231
LOC124902115	0	31	1
ERMP1	2170	13	2157
BRD10	575	2	589
LOC124902341	0	0	0
MLANA	8	15	0
MIR4665	0	9	0
RANBP6	1053	0	1053
LOC124902116	13	0	13
IL33	6	0	6
LOC107987046	0	0	0
TPD52L3	0	0	0
UHRF2	1118	0	1118
GLDC	14	0	14
LINC02851	0	0	0
LOC124902117	0	0	0
KDM4C	555	3	552
LOC105375969	2	0	2
LOC105375970	0	0	0
LOC102723994	0	0	0
LOC124902118	0	0	0
DMAC1	423	0	423
LOC105375971	0	0	0
PTPRD	0	0	0
PTPRD-AS1	0	0	0
LOC105375972	0	0	0
PTPRD-DT	0	0	0
LINC03131	2	0	2
LOC102724027	0	0	0
LOC105375974	0	0	0
LOC105375975	0	0	0
LOC101929446	0	0	0
LOC105375976	0	0	0
TYRP1	0	0	0
LURAP1L-AS1	2	0	2
LURAP1L	326	2	324
SNORD137	0	0	0
MPDZ	986	0	986
LINC01235	0	0	0
LOC105375977	0	0	0
LOC101929507	0	0	0
LOC124902326	0	0	0
LINC00583	0	0	0
NFIB	643	2	641
NFIB-AS1	5	0	5
TRH-GTG1-6	0	0	0
LOC124902121	0	0	0
LOC124902120	0	0	0
ZDHHC21	0	0	0
CER1	0	0	0
FREM1	0	0	0
LOC105375979	0	0	0
LOC124902122	0	0	0
LOC105375980	0	0	0
LOC389705	0	0	0
LOC124902123	0	0	0
TTC39B	20	0	20
SNAPC3	801	709	865
PSIP1	1741	85	2429
CCDC171	35	0	35
LOC107987049	0	0	0
LINC03041	0	0	0
LOC124902124	0	0	0
LOC124902125	0	2	0
BNC2	270	1	271
BNC2-AS1	22	0	22
LOC124902126	0	0	0
LOC105375983	0	0	0
CNTLN	319	0	319
LOC107987051	0	0	0
SH3GL2	675	0	675
LOC105375987	0	0	0
ADAMTSL1	8	0	8
LOC107986990	0	0	0
LOC105369293	0	0	0
MIR3152	0	0	0
LOC102724102	0	0	0
LOC124902127	0	0	0
LOC105375985	0	0	0
SAXO1	4	0	5
RRAGA	2139	5	2135
HAUS6	2640	2	2638
SCARNA8	2	0	2
PLIN2	6063	5	6058
DENND4C	1052	42	1010
RPS6	24096	22	24074
ACER2	61	2	59
MAP1LC3BP1	0	0	0
LOC105375988	0	0	0
SLC24A2	0	0	0
LOC124902128	0	0	0
MLLT3	1203	0	1203
LOC124902129	3	3	0
MIR4473	0	0	0
MIR4474	0	0	0
FOCAD	1282	5	1282
FOCAD-AS1	0	5	0
MIR491	1	0	1
SNORA30B	0	0	0
HACD4	10	9	1
LOC105375989	0	0	0
IFNB1	0	0	0
IFNW1	1	1	0
IFNA21	0	0	0
IFNA4	0	0	0
IFNA7	0	0	0
IFNA10	0	0	0
IFNA16	0	0	0
IFNA17	0	0	0
IFNA14	0	0	0
LOC107987053	1	0	1
IFNA22P	0	0	0
IFNA5	0	0	0
KLHL9	931	1	930
IFNA6	0	0	0
IFNA13	0	0	0
IFNA2	0	0	0
IFNA8	3	3	0
IFNA1	1	1	0
MIR31HG	111	1	110
IFNE	15	0	15
MIR31	0	0	0
LOC124900282	1	0	1
LOC107987026	1	1	0
MTAP	1089	0	1089
CDKN2A-AS1	2	2	0
CDKN2A	5952	42	5980
LOC124902130	94	0	94
CDKN2B-AS1	160	44	194
CDKN2B	1018	13	1005
DMRTA1	106	0	106
LINC01239	23	0	23
LOC107987054	0	0	0
LOC105375990	0	0	0
LOC124902131	0	0	0
LOC124902132	0	0	0
LOC105369298	0	0	0
LOC101929563	0	0	0
ELAVL2	70	0	70
LOC105375992	5	0	5
LOC105375993	0	0	0
LOC124902327	0	0	0
LOC105375994	0	0	0
IZUMO3	0	0	0
LOC107987056	0	0	0
LOC105375996	0	0	0
LOC105375997	0	0	0
TUSC1	499	16	483
LINC01241	0	0	0
LINC03106	0	0	0
LOC107987027	0	0	0
LOC105375999	0	0	0
LOC124902133	0	0	0
LOC105369289	0	0	0
LOC105376000	1	0	1
LOC107987028	0	0	0
CAAP1	575	6	569
PLAA	1360	0	1456
IFT74	250	96	250
IFT74-AS1	0	0	0
LRRC19	0	0	0
LOC124902134	17	0	17
TEK	14	0	14
REXO6P	5	0	5
EQTN	1	0	1
MOB3B	399	8	415
IFNK	0	0	0
LOC124902107	1	16	9
C9orf72	146	0	146
LOC105376002	0	0	0
LOC124902135	0	0	0
LINGO2	39	0	39
LOC105376004	0	0	0
LOC124902136	0	0	0
LOC105376003	0	0	0
MIR876	0	0	0
MIR873	0	0	0
LOC105376005	0	0	0
LOC124902344	0	0	0
LINC01242	0	0	0
LOC107987029	0	0	0
LOC105376009	0	0	0
LINC01243	0	0	0
LOC105376010	0	0	0
LOC105376013	1	2	0
LOC124902137	33	0	34
LOC105376011	0	0	0
LOC107987059	5	6	0
ACO1	1614	192	1438
RIGI	2861	11	4972
LOC101060445	42	1050	22
LOC124902138	101	1170	4
TOPORS	693	21	732
SMIM27	20	60	26
NDUFB6	796	2	796
LOC105376015	0	0	0
TAF1L	0	0	0
LOC105376017	1	0	1
LOC105376016	0	0	0
TMEM215	0	0	0
LOC107987060	7	0	7
APTX	978	1	979
LOC124902140	5	6	0
LOC124902139	12	0	12
DNAJA1	6022	1	6022
SMU1	1339	2	1337
B4GALT1	6980	2	7431
MIR12117	0	0	0
LOC124902141	8	0	8
B4GALT1-AS1	25	461	17
SPINK4	58	2	56
BAG1	11733	16	11718
CHMP5	2380	0	2381
NFX1	2238	2	2398
LOC105376018	0	162	0
LOC124902142	1	0	1
AQP7	20	2	18
LOC105376020	3	0	3
AQP3	5327	2	5325
NOL6	1871	1	1870
MIR6851	0	0	0
LOC107987061	1	0	1
SUGT1P1	51	0	51
ANKRD18B	119	0	119
ANXA2P2	44	0	44
PTENP1	1	0	1
PTENP1-AS	0	0	0
LOC124902143	0	0	0
UBE2R2-AS1	0	0	0
PRSS3	0	0	0
UBE2R2	1988	9	1980
UBAP2	1454	3	1452
SNORD121B	0	0	0
SNORD121A	0	0	0
DCAF12	1628	2	1626
UBAP1	2696	15	2733
LOC114224	0	0	0
KIF24	415	61	406
NUDT2	475	0	475
MYORG	225	0	225
SPMIP6	2	0	2
LOC124902144	3	0	3
FAM219A	176	0	176
LOC124902145	1	0	1
DNAI1	1	0	1
ENHO	0	0	0
CNTFR	0	0	0
CNTFR-AS1	0	0	0
LOC105376023	0	0	0
RPP25L	292	0	292
DCTN3	630	0	630
ARID3C	57	0	57
SIGMAR1	7355	1	7354
GALT	609	0	609
IL11RA	141	0	141
CCL27	0	0	0
LOC730098	14	13	41
PHF24	36	31	48
LOC124902146	40	40	0
CCL19	0	0	0
CCL21	3	0	3
SPATA31F1	2	2	0
SPATA31F2P	0	0	0
SPATA31F3	0	2	0
DNAJB5-DT	0	0	0
DNAJB5	249	2	247
LOC105376025	6	0	6
SPATA31G1	0	0	0
VCP	7789	0	7789
FANCG	1189	2	1187
PIGO	1386	0	1391
PIGO-AS1	15	2735	3
STOML2	0	2	2716
ATOSB	1054	0	1054
LOC124902147	4	0	5
UNC13B	1033	1	1033
ATP8B5P	8	0	8
RUSC2	999	0	1000
LOC105376026	0	0	0
CIMIP2B	2	1	2
TESK1	1061	1	1065
MIR4667	0	0	0
CD72	16	5	20
LOC124902148	0	0	0
LOC101926948	0	4	0
SIT1	1	0	1
RMRP	12	0	12
CCDC107	111	54	883
ARHGEF39	577	833	570
CA9	2495	0	2495
TPM2	8189	5	8184
TLN1	6937	13	6924
MIR6852	0	0	0
CREB3	850	44	863
MIR6853	0	0	0
GBA2	1364	117	1307
RGP1	957	10	1231
MSMP	0	278	3
NPR2	37	1	46
SPAG8	0	10	0
HINT2	624	5	621
FAM221B	2	2	0
TMEM8B	217	0	219
OR13J1	0	0	0
LOC124902149	5	0	5
HRCT1	82	0	82
SPAAR	32	2	30
OR2S2	0	0	0
RECK	558	3	555
GLIPR2	0	0	0
CCIN	0	0	0
CLTA	2862	0	2863
LOC124902151	33	30	3
GNE	740	9	736
LOC124902150	8	0	12
LOC102724322	5	0	5
RNF38	641	0	641
LOC124902152	0	0	0
MELK	1511	0	1511
LOC105376030	0	0	0
MIR4475	0	0	0
PAX5	0	0	0
MIR4540	0	0	0
MIR4476	0	0	0
LOC105376032	0	0	0
LOC105376031	0	0	0
EBLN3P	836	0	836
LOC105376034	0	0	0
ZCCHC7	456	0	456
LOC105376033	42	0	42
LOC124902153	10	0	10
LINC01627	0	0	0
LOC124902154	0	1	0
LOC105376035	2	0	3
GRHPR	2012	334	2022
ZBTB5	530	18	856
POLR1E	539	0	540
FBXO10	140	13	128
TOMM5	819	0	819
FRMPD1	1	0	1
TRMT10B	236	122	114
EXOSC3	665	3	663
LOC105376037	24	21	24
DCAF10	921	7	937
SLC25A51	115	0	116
SHB	404	1	403
LOC105376039	0	0	0
LOC124900277	0	0	0
LOC124902348	0	0	0
LOC107987064	0	0	0
LOC107987065	0	0	0
LOC105376040	0	0	0
ALDH1B1	631	0	631
IGFBPL1	0	0	0
LOC105376041	0	0	0
GAS2L1P1	0	0	0
LOC105376042	0	0	0
FAM95C	0	0	0
ANKRD18A	1	0	1
FAM201A	0	0	0
LOC124902156	0	0	0
FAM240B	0	0	0
LOC105376043	0	0	0
LOC105376044	0	0	0
LOC124902157	0	0	0
CNTNAP3	0	0	0
LOC105376045	0	0	0
SPATA31A1	0	0	0
FAM74A1	0	0	0
ZNF658B	0	0	0
GLIDR	3	0	3
FGF7P3	1	1	0
FAM88D	0	0	0
LOC105376050	0	0	0
LOC124902158	0	0	0
LOC107986992	1	0	1
LOC112268033	0	0	0
LOC102724431	0	0	0
LOC105369249	0	0	0
ANKRD20A2P	0	0	0
FAM95B1	0	0	0
GXYLT1P3	0	0	0
LOC124902159	0	0	0
LOC107986995	0	0	0
LOC124902160	0	0	0
LOC102724580	0	6	0
BMS1P14	0	0	6
LOC107984006	14	0	14
LOC107986993	0	0	0
LOC100132004	0	0	0
MIR1299	0	0	0
LOC107986997	2	0	2
FRG1HP	70	1	80
PGM5P2	4	15	0
LOC124902161	0	0	0
LOC105376058	12	0	12
LINC03025	0	0	0
FOXD4L6	1	0	1
ZNG1F	106	0	106
MIR4477A	0	0	0
LOC124902162	1	0	1
LOC124900272	24	3	21
LOC107984035	32	0	32
LOC105376065	6	6	0
LOC101928906	0	0	0
FAM27E2	0	0	0
FAM242F	0	0	0
LOC107987000	7	0	7
LOC105376063	10	0	10
LOC124902163	0	0	0
CNTNAP3B	0	0	0
SPATA31A6	0	0	0
FAM74A7	0	0	0
LOC112268036	0	0	0
FAM88E	0	0	0
LOC101927827	0	0	0
XLOC_007697	0	0	0
LOC102724818	0	0	0
LOC112268044	0	0	0
LOC105376067	0	0	0
LOC102724904	0	0	0
LOC105379434	0	0	0
SPATA31A5	0	0	0
FAM74A6	0	0	0
LOC107984126	0	0	0
LOC105379249	0	0	0
SPATA31A7	0	0	0
LOC124902165	0	0	0
FAM74A4	0	0	0
LOC105379435	0	0	0
CNTNAP3C	0	0	0
LOC105379437	1	0	1
FAM242D	0	0	0
FAM27C	5	5	0
FAM27E4	11	0	19
LOC105379807	0	8	0
LOC102723678	0	0	0
FAM242E	0	0	0
LOC107987007	16	0	16
LOC107987008	0	0	0
LOC105379439	0	0	0
LOC105379263	0	0	0
LOC124902168	0	0	0
FAM88C	0	1	0
FGF7P6	0	0	0
LOC128966771	0	0	0
LINC01189	0	0	0
FAM88F	0	0	0
LOC107987020	7	7	0
LINC01410	5	0	5
LOC100132249	0	0	0
PTGER4P2-CDK2AP2P2	0	0	0
LERFS	6	22	47
FAM88B	4	41	26
LOC107987004	0	0	0
LOC107987003	0	0	0
LOC286297	0	0	0
LOC105379814	0	0	0
AQP7P1	0	0	0
LOC100996643	1	1	0
LOC105379442	0	0	0
LOC107987009	0	0	0
LOC124902167	6	0	6
LINC00537	16	16	0
MIR4477B	7	7	0
FRG1JP	19	0	19
FLJ43315	0	0	0
LOC124902333	0	0	0
ANKRD20A4-ANKRD20A20P	2	0	2
LOC105379257	0	0	0
LOC101929583	0	0	0
LOC107987067	2	0	2
LOC124902169	1	0	1
LINC03155	0	0	0
LOC100132154	1	1	0
LOC102724507	0	0	0
LOC105379443	0	0	0
LOC112268045	1	1	0
FOXD4L5	1	0	1
LOC105379444	0	0	0
LOC107987069	0	0	0
LOC105379446	0	0	0
LOC124902170	0	0	0
LOC105379447	0	0	0
FRG1KP	4	0	4
ZNG1E	262	1	261
FOXD4L4	0	0	0
LOC101928381	0	0	0
LOC124902171	0	0	0
LOC107987071	0	0	0
LOC101928195	0	0	0
LOC112267859	0	0	0
AQP7P3	1	0	1
LOC105379252	0	0	0
ANKRD20A3P	0	0	0
LOC642929	0	0	0
LOC107987073	0	0	0
LOC105379448	0	0	0
LOC124902172	0	0	0
ZNF658	30	0	30
FAM74A3	0	0	0
SPATA31A3	0	0	0
LOC105379450	0	0	0
CNTNAP3P2	0	0	0
LOC101927602	0	0	0
LOC105379451	0	0	0
LOC105379452	0	0	0
LOC105379453	0	0	0
LOC102723709	0	0	0
FAM27E3	36	0	36
FAM27B	15	5	10
LOC101928608	0	0	0
ANKRD20A1	1	0	1
ZNG1C	52	0	52
LOC124902173	0	0	0
FOXD4L3	0	0	0
LOC107987077	0	0	0
LOC101929800	0	0	0
LOC102723624	0	0	0
PGM5-AS1	0	0	0
PGM5	0	1	0
LOC105376070	0	0	0
LOC124902174	1	0	2
TMEM252	0	0	0
TMEM252-DT	0	0	0
LINC01506	0	0	0
LOC105376071	0	0	0
PIP5K1B	299	0	299
PABIR1	516	1	515
LOC101927069	0	0	0
PRKACG	2	2	0
FXN	347	0	347
TJP2	740	0	740
LOC124902175	2	0	2
LOC124902176	0	0	0
BANCR	0	0	0
ENTREP1	16	0	16
LOC124902177	0	0	0
APBA1	0	0	0
LOC124902178	0	0	0
PTAR1	627	0	627
LOC105376076	2	0	2
CFAP95-DT	0	0	0
CFAP95	0	0	0
LOC124902179	0	0	0
MAMDC2	206	0	206
MAMDC2-AS1	0	0	0
SMC5-DT	6	0	6
SMC5	586	2	584
KLF9	1050	23	1042
LOC124900273	7	0	7
KLF9-DT	1	6	10
LOC105376079	0	0	0
TRPM3	0	30	0
LOC107984011	176	0	206
LOC105376078	0	0	0
MIR204	0	0	0
LOC107987078	0	0	0
LOC124902180	0	0	0
LOC107987079	0	0	0
CEMIP2	1020	0	1020
ABHD17B	592	0	592
C9orf85	303	0	303
LOC101927108	0	0	0
C9orf57	0	0	0
GDA	1290	0	1290
LINC01504	0	0	0
ZFAND5	2520	0	2520
LOC105376080	0	0	0
TMC1	0	0	0
LOC101927234	0	0	0
LOC124902347	0	0	0
LOC101927191	0	0	0
LOC124902181	0	0	0
LINC01474	0	0	0
ALDH1A1	0	0	0
LOC105376081	0	0	0
ANXA1	4801	0	4801
LOC105376082	0	0	0
LOC101927281	0	0	0
LOC124902182	0	0	0
LOC105376084	0	0	0
LOC105376083	0	0	0
LOC105376085	0	0	0
LOC105376086	0	0	0
LOC101927329	0	0	0
LOC105376087	0	0	0
LOC101927358	0	0	0
RORB-AS1	0	0	0
RORB	0	0	0
LOC105376088	0	0	0
TRPM6	3	0	3
C9orf40	591	3	590
CARNMT1-AS1	2	40	4
CARNMT1	388	0	426
NMRK1	535	1	535
OSTF1	742	1	742
LOC105376090	0	0	0
LOC105376091	0	0	0
PCSK5	1	1	0
LOC124902183	0	0	0
RFK	521	11	697
GCNT1	0	176	11
RPSAP9	28	0	28
LOC124902184	0	0	0
LOC105376093	0	0	0
LOC105376095	0	0	0
PRUNE2	0	0	0
PCA3	0	0	0
FOXB2	0	0	0
LOC105376096	0	0	0
VPS13A-AS1	1	3	1
VPS13A	1198	1	1200
GNA14	3	0	3
GNA14-AS1	0	0	0
LOC124902185	0	0	0
GNAQ	672	1	671
LOC107987081	0	0	0
LOC107987031	0	0	0
CEP78	469	1	468
PSAT1	1476	0	1476
LOC107987083	0	0	0
LOC105376097	0	0	0
LOC101927450	0	0	0
LOC124902186	0	0	0
LOC124902328	0	0	0
LNCARSR	0	0	0
TLE4	392	0	392
LOC124902329	0	0	0
LINC01507	0	0	0
LOC105376101	0	0	0
LOC105376100	0	0	0
LOC105376099	0	0	0
LOC105376103	0	0	0
LOC107987085	0	0	0
LOC107987084	0	0	0
TLE1	348	1	383
LOC105376106	4	38	2
TLE1-DT	0	0	0
LOC105376105	0	0	0
LOC124900283	0	0	0
LOC124902187	0	0	0
SPATA31D5P	0	0	0
SPATA31D4	0	0	0
SPATA31D3	0	0	0
LOC105376107	1	0	1
SPATA31D1	0	0	0
LOC112268046	0	0	0
LOC107987086	0	0	0
LOC107987087	0	0	0
LOC105376110	0	0	0
LOC124902188	0	0	0
LOC124902189	0	0	0
RASEF	0	0	0
FRMD3-AS1	0	0	0
FRMD3	58	0	58
LOC124902190	0	0	0
LOC124902346	0	0	0
IDNK	74	2	72
UBQLN1	2671	0	2904
UBQLN1-AS1	27	233	27
LOC124902191	1	0	1
GKAP1	161	1	178
LOC101927552	0	46	2
KIF27	87	2	138
LOC124900638	0	5	0
LOC105376335	0	18	0
QNG1	527	0	527
HNRNPK	7581	1	15797
MIR7-1	23	0	23
HNRNPK-AS1	16	7494	1
RMI1	450	520	449
LOC101927575	1	0	1
SLC28A3	17	0	21
SLC28A3-AS1	0	4	0
LOC102724036	0	0	0
LOC124902192	0	0	0
NTRK2	1	0	1
LOC124902193	0	0	0
LOC105376118	0	0	0
LOC107987088	0	0	0
LOC105376119	0	0	0
LOC124902322	0	0	0
LOC105376121	0	0	0
LOC101927603	7	0	7
AGTPBP1	867	17	860
LOC389765	65	0	75
NAA35	784	4	780
GOLM1	4659	146	4513
LOC101927623	4	4	0
C9orf153	1	0	1
ISCA1	1147	0	1147
LOC124902194	5	0	5
TUT7	810	2	808
LOC102724080	0	0	0
LOC105376123	40	0	40
LINC02834	0	0	0
LOC124902195	0	0	0
GAS1	1266	2	1264
GAS1RR	100	0	101
LINC02893	7	8	0
LOC124902196	0	0	0
NFYCP2	0	0	0
LOC124902197	0	0	0
LINC02872	12	1	11
LOC105376126	0	0	0
LOC105376127	0	0	0
DAPK1	9	0	9
DAPK1-IT1	0	0	0
CTSL	6313	0	6316
LOC124902198	0	0	0
CTSL3P	0	0	0
LOC112267903	0	3	0
CTSLP8	0	0	0
NPAP1P9	0	0	0
LOC107987091	2	0	2
LOC497256	0	0	0
LOC124902199	0	0	0
SPATA31E1	0	0	0
SPATA31C1	0	0	0
LOC122394732	0	0	0
CDK20	20	0	47
LOC124902200	0	19	0
LOC105376131	0	8	0
LOC124902201	4	0	4
LINC03026	0	0	0
LOC124902202	0	0	0
LOC124902203	0	0	0
SPATA31C2	0	0	0
LOC124902204	54	10	44
SPIN1	1652	0	1652
LOC105376134	0	0	0
NXNL2	0	0	0
LINC02843	0	0	0
LOC105376135	0	0	0
MIR4289	0	0	0
LOC124902205	0	0	0
S1PR3	305	0	305
SHC3	1	0	1
LOC124902206	0	0	0
LOC105376136	110	0	110
CKS2	1553	1	1552
MIR3153	6	0	6
SECISBP2	704	17	725
SEMA4D	202	22	218
LOC105376137	0	0	0
LOC124902207	0	0	0
LOC105376139	0	0	0
GADD45G	0	0	0
LINC03062	0	0	0
LOC105376140	0	0	0
LOC107987032	0	0	0
LOC101927823	0	0	0
LOC101927847	0	0	0
MIR4290HG	0	0	0
MIR4290	0	0	0
LOC105376142	0	0	0
LINC01508	0	0	0
LINC01501	0	0	0
DIRAS2	0	0	0
SYK	0	0	0
LOC105379829	1	0	1
LOC105376143	0	0	0
LINC02957	1	0	1
LOC100129316	11	8	3
LINC02937	15	1	15
LINC00484	1	0	2
LOC124902208	5	3	2
AUH	660	0	660
NFIL3	1713	7	1720
LOC124902209	1	2	0
LOC105376146	17	7	23
MIR3910-1	0	0	0
MIR3910-2	0	0	0
ROR2	1788	7	1781
LOC124902210	5	0	5
LOC105376148	0	0	0
LOC107987094	0	0	0
SPTLC1	1378	0	1378
LOC100128076	0	0	0
LINC00475	0	0	0
LOC124902345	0	0	0
LOC112268048	0	0	0
IARS1	0	0	0
MIR3651	0	0	0
SNORA84	0	0	0
NOL8	0	0	0
CENPP	0	0	0
OGN	0	0	0
OMD	0	0	0
ASPN	0	0	0
ECM2	0	0	0
MIR4670	0	0	0
IPPK	199	3	199
LOC100128361	0	0	0
LOC107987095	39	0	39
BICD2	859	0	859
LOC101929748	1	0	1
LOC124902211	0	0	0
ANKRD19P	22	22	0
ZNF484	80	0	80
SPATA31B2P	0	0	0
FGD3	7	0	8
LOC101927954	0	1	0
SUSD3	1	0	1
LOC101927993	0	0	0
CARD19	303	0	303
NINJ1	904	0	904
LOC124902212	7	3	4
LOC124902213	0	0	0
WNK2	300	0	323
LOC124902214	0	23	0
FAM120A2P	0	0	0
LOC107987097	8	0	8
FAM120AOS	801	163	810
FAM120A	2808	10	2970
PHF2	385	0	385
MIR548AU	0	0	0
LOC124902215	9	0	9
LOC101928014	0	0	0
MIR4291	0	0	0
BARX1	763	0	763
LOC124902216	19	1	18
BARX1-DT	0	0	0
PTPDC1	339	5	334
LOC107987099	1	0	1
MIRLET7A1HG	4	0	4
MIRLET7A1	0	0	0
MIRLET7F1	0	0	0
LINC02603	36	37	0
MIRLET7D	12	0	12
LOC124902342	0	0	0
ZNF169	53	0	54
LOC105376154	2	0	3
NUTM2F	0	0	0
LOC124902217	0	1	0
LOC100132077	0	0	0
SLC71A2	1585	4	1581
LOC107987100	1	0	1
LOC124902218	3	4	3
PCAT7	41	1	61
FBP2	3	17	0
FBP1	8	0	8
LOC124902219	0	0	0
LOC107987101	0	0	0
AOPEP	712	86	734
LOC124902220	0	0	0
MIR2278	0	0	0
AOPEP-AS1	2	27	0
MIR6081	0	0	0
MIR23B	0	0	0
MIR27B	0	0	0
MIR3074	0	14	0
MIR24-1	0	0	0
FANCC	430	15	578
LOC107987102	2	79	4
LOC124902339	0	0	0
LOC105376155	4	0	4
LOC105376156	114	0	114
PTCH1	385	19	431
LOC100507346	0	65	0
LOC105376157	0	0	0
LOC105376158	0	0	0
LOC105376161	0	0	0
ERCC6L2-AS1	213	25	221
LOC107987103	4	0	4
LOC124902221	11	11	0
ERCC6L2	477	8	502
LINC00092	0	0	0
LOC105376159	0	0	0
LOC158435	0	0	0
LOC158434	0	0	0
LOC112268039	0	0	0
LOC107987033	0	0	0
SLC35D2-HSD17B3	0	0	0
HSD17B3	0	0	0
HSD17B3-AS1	0	1	0
SLC35D2	4	0	4
ZNF367	582	3	579
HABP4	287	4	301
CDC14B	389	16	391
LOC105376163	0	0	0
PRXL2C	223	1	222
MKRN10P	0	0	0
ZNF510	345	0	345
ZNF782	53	0	61
LOC100132781	0	0	0
PTMAP11	1	1	0
NUTM2G	3	19	0
SLC71A3P	45	0	51
CTSV	325	0	325
GAS2L1P2	0	0	0
LOC107987104	12	0	12
LOC105376166	4	0	4
LOC112268050	19	0	19
ANKRD18CP	13	4	35
LOC107987025	7	0	7
LOC124902224	0	0	0
SUGT1P4-STRA6LP-CCDC180	0	0	0
SUGT1P4-STRA6LP	4	0	4
CCDC180	0	0	0
MIR1302-8	0	0	0
LOC286359	0	0	0
TDRD7	473	0	473
TMOD1	326	391	580
TMOD1-AS1	0	0	0
TSTD2	286	259	672
NCBP1	1770	37	1737
XPA	243	11	236
PTCSC2	1	0	1
FOXE1	155	0	155
TRMO	287	0	287
HEMGN	0	0	0
LOC124902226	1	1	0
ANP32B	3179	1	3178
LOC124902225	6	0	6
TRIM14	1733	865	1742
LOC124902227	2	0	2
NANS	312	72	1114
CORO2A	163	0	163
TBC1D2	1396	3	1393
MIR6854	0	0	0
GABBR2	4	0	4
LOC124902228	0	0	0
ANKS6	923	0	923
LOC124902229	0	0	0
GALNT12	21	0	21
LOC102724684	0	0	0
ADIPINT	2	0	2
COL15A1-AS1	0	1	0
COL15A1	354	0	355
TGFBR1	5669	15	5654
LOC105376174	0	0	0
ALG2	957	3	956
SEC61B	1516	0	1518
LOC124902230	1	0	1
LOC124902231	0	0	0
NAMA	0	0	0
LOC124902232	0	0	0
LOC107987011	2	0	2
LOC124902236	0	0	0
LOC124902233	0	0	0
LOC107987012	0	0	0
LOC101928438	2	0	2
LOC124902234	0	0	0
NR4A3	347	0	347
STX17-DT	1	0	1
STX17	573	4	570
ERP44	2052	18	2038
LOC105376176	7	8	2
INVS	522	4	569
LOC124902235	3	42	3
TEX10	732	29	712
LOC105376177	40	0	40
MSANTD3	264	0	264
MSANTD3-TMEFF1	0	0	0
LOC124902237	0	1	0
TMEFF1	0	0	0
CAVIN4	15	0	15
LOC105376179	0	0	0
LOC105376180	0	0	0
LOC105376181	0	0	0
PLPPR1	0	0	0
LOC105376183	0	0	0
LOC105376182	0	0	0
LOC124902238	0	0	0
BAAT	0	0	0
MRPL50	658	0	658
ZNF189	414	0	414
ALDOB	1	1	0
LOC105376184	0	0	0
TMEM246-AS1	0	0	0
PGAP4	0	0	0
RNF20	963	0	964
GRIN3A	17	17	1
PPP3R2	0	0	0
LOC105376186	0	0	0
LOC105376187	0	0	0
LOC105376188	0	0	0
LOC105376190	0	0	0
LINC00587	0	0	0
CYLC2	0	0	0
LOC105376191	0	0	0
LINC01492	0	0	0
LOC105376192	0	0	0
LOC105376193	0	0	0
LINC03094	0	0	0
SMC2-DT	0	0	1
SMC2	1977	35	1943
LOC105376194	0	0	0
LOC105376195	0	0	0
OR13F1	0	0	0
OR13C4	0	0	0
LOC107987105	0	0	0
OR13C3	0	0	0
OR13C8	0	0	0
OR13C5	0	0	0
OR13C2	0	0	0
OR13C9	0	0	0
OR13D1	0	0	0
NIPSNAP3A	367	0	367
NIPSNAP3B	13	11	14
ABCA1	49	2	59
LOC124902239	0	0	0
LOC105376196	0	0	0
CT70	11	11	0
LOC105376197	0	0	0
LOC112268038	1	1	0
SLC44A1	1270	3	1267
FSD1L	180	0	180
RALGAPA1P1	15	0	15
FKTN-AS1	0	7	0
FKTN	457	0	464
TAL2	0	0	0
TMEM38B	542	0	542
LOC107987107	0	0	0
LOC107987108	0	0	0
LOC107987109	0	0	0
LOC124902240	0	0	0
MIR8081	0	0	0
LINC01505	0	0	0
LOC105376204	0	0	0
ZNF462	11	1	10
LOC340512	0	0	0
LOC107987110	0	0	0
RAD23B	6152	7	6145
LOC124902241	5	0	5
LOC107987111	0	0	0
LINC01509	0	0	0
KLF4	3371	4	3367
LOC105376206	0	0	0
LOC105376205	0	0	0
LOC105376207	0	0	0
LOC124902242	32	1	31
LOC105376208	24	0	24
LOC105376209	0	0	0
LOC107987112	2	0	4
LOC124902243	0	2	0
LOC105376214	18	9	9
LOC105376213	0	0	0
LOC105376212	0	0	0
ACTL7B	0	0	0
ACTL7A	0	0	0
ELP1	1621	1	1620
ABITRAM	423	2	421
CTNNAL1	1586	4	1582
LOC105376216	0	0	0
TMEM245	2362	2	2360
MIR32	0	0	0
FRRS1L	0	0	0
EPB41L4B	336	0	336
PTPN3	528	0	528
MIR3927	0	0	0
PALM2AKAP2	1140	0	1140
PALM2AKAP2-AS1	0	0	0
LOC124902244	2	0	2
LOC105376217	0	0	0
C9orf152	8	0	8
TXN	3858	1	3857
LOC107987114	0	0	0
LOC124902246	2	0	2
TXNDC8	0	3	0
LOC124902245	1	0	4
SVEP1	2229	38	2191
LOC124902331	0	0	0
LOC124902247	0	0	0
LOC105376218	1	0	1
MUSK	3	0	3
LOC107987115	0	0	0
LPAR1	0	0	0
LOC124902248	0	0	0
MIR7702	0	0	0
LOC105376219	0	0	0
OR2K2	0	0	0
ECPAS	3942	0	3942
ZNF483	23	24	0
PTGR1	2013	1	2013
LRRC37A5P	0	0	0
LOC107987116	10	0	10
DNAJC25-GNG10	0	0	0
DNAJC25	369	0	369
GNG10	0	0	0
SHOC1	99	5	96
LOC124902249	15	0	15
UGCG	1193	2	1191
MIR4668	0	0	0
LOC124902250	0	0	0
LINC02977	6	0	6
SUSD1	129	0	129
PTBP3	2404	2	2402
HSDL2	692	0	797
HSDL2-AS1	9	111	8
KIAA1958	612	3	614
INIP	329	0	329
SNX30-DT	4	0	6
SNX30	283	2	285
SLC46A2	0	2	0
ZNF883	4	3	1
ZFP37	0	0	0
FAM225B	0	0	0
FAM225A	0	0	0
SLC31A2	0	33	132
FKBP15	1190	141	1214
SLC31A1	873	1	873
LOC107987119	1	0	1
CDC26	291	2	290
PRPF4	1453	0	1453
RNF183	9	0	9
WDR31	147	0	147
BSPRY	10	1	9
HDHD3	1809	0	1809
ALAD	1041	0	1041
POLE3	2559	1	2558
C9orf43	13	0	13
RGS3	191	0	191
LOC105376222	0	0	0
LOC105376223	0	0	0
ZNF618	432	0	432
AMBP	0	0	0
LOC107987120	0	0	0
KIF12	2	0	2
LOC124902251	0	0	0
LOC105376225	0	0	0
COL27A1	374	8	470
MIR455	0	0	0
LOC124902252	2	22	2
LOC105376224	10	91	0
ORM1	0	0	0
ORM2	0	0	0
AKNA	364	0	364
LOC124902253	0	0	0
WHRN	588	13	575
LOC124902254	2	0	2
LOC105376229	0	0	0
LOC124902352	0	0	0
ATP6V1G1	2387	0	2387
TMEM268	346	8	338
TEX53	0	1	0
LOC107987121	2	0	3
TEX48	1	1	0
LOC105376231	0	0	0
TNFSF15	0	0	0
TNFSF8	0	0	0
TNC	80	0	80
LOC124902256	0	0	0
LOC124902255	0	0	0
LOC101928748	0	0	0
DELEC1	0	0	0
LOC124902257	0	0	0
LOC105376233	0	0	0
LOC105376232	0	0	0
LOC105376235	2	0	2
LOC101928775	0	0	0
LOC105376234	0	0	0
LINC00474	0	0	0
LOC124902258	12	0	12
LOC105376236	3	0	3
PAPPA	615	11	967
PAPPA-AS2	2	0	2
PAPPA-AS1	0	362	1
ASTN2	78	1	77
ASTN2-AS1	0	0	0
LOC107987014	1	1	0
LOC105376240	0	0	0
TRIM32	709	0	709
LOC105376239	0	0	0
LOC105376238	0	0	0
SNORA70C	0	0	0
LOC105376237	0	0	0
LOC105376242	0	0	0
LOC124902330	0	0	0
LOC101928797	0	0	0
TLR4	195	0	195
LOC105376244	6	0	7
LOC105376243	0	1	0
LOC105376246	0	0	0
LOC105376247	2	0	2
LOC105376248	0	0	0
LOC105376249	0	0	0
LOC102724929	0	0	0
LINC02578	0	0	0
LOC101928849	0	0	0
BRINP1	0	0	0
LOC105376250	0	0	0
LOC107987122	0	0	0
LINC01613	0	0	0
LOC107987123	0	0	0
LOC124902259	0	0	0
LOC124902260	2	0	2
MIR147A	0	0	0
LOC105376253	7	0	7
CDK5RAP2	1660	1	1659
MEGF9	366	0	366
FBXW2	1469	0	1469
B3GALT9	88	1	88
PSMD5	1686	0	1689
CUTALP	184	7	179
PHF19	1108	1	1107
TRAF1	89	0	89
C5-OT1	0	0	0
C5	23	0	23
LOC124902261	0	0	0
CNTRL	188	3	186
RAB14	1600	4	1601
GSN	762	33	789
GSN-AS1	0	55	0
STOM	6328	1	6328
LOC102723324	9	2	7
GGTA1	0	0	0
LOC107987016	0	0	0
DAB2IP	1137	0	1137
LOC105376257	2	1	1
LOC107987125	0	0	0
TTLL11	254	1	253
LOC124902262	3	3	0
LOC124902263	0	0	0
MIR4478	0	0	0
NDUFA8	953	0	953
MORN5	0	0	0
LHX6	39	1	38
RBM18	371	10	371
MRRF	1792	0	1802
PTGS1	25	0	25
LOC124902264	0	0	0
OR1J2	1	0	1
OR1J1	0	0	0
OR1J4	0	0	0
OR1N1	0	0	0
OR1L8	0	0	0
OR1N2	0	0	0
LOC124902265	0	0	0
OR1Q1	0	0	0
OR1B1	2	0	2
OR1L1	0	0	0
OR1L3	0	0	0
OR1L4	0	0	0
OR1L6	0	0	0
OR5C1	0	0	0
OR1K1	0	0	0
PDCL	311	0	311
RC3H2	1029	0	1029
SNORD90	0	0	0
ZBTB6	321	0	321
ZBTB26	177	0	177
RABGAP1	803	2	802
LOC105379839	0	0	0
GPR21	1	0	1
STRBP	566	5	562
MIR600HG	0	0	0
MIR600	0	0	0
LOC105376265	0	0	0
LOC124902266	0	0	0
CRB2	13	117	7
DENND1A	889	3	997
MIR601	2	0	2
MIR7150	0	0	0
LOC105376266	14	0	14
LOC105376267	0	0	0
LHX2-AS1	0	0	0
LHX2	94	0	94
LOC107987037	0	0	0
NEK6	933	2	932
LOC613206	7	7	0
LOC124902268	2	0	2
PSMB7	1570	116	3013
LOC100129034	710	1486	766
LOC124902267	6	2	4
LOC105376270	79	0	111
ADGRD2	0	32	0
NR5A1	5	0	5
NR6A1	307	0	307
MIR181A2HG	2	0	2
MIR181A2	1	0	1
MIR181B2	0	0	0
LOC124902269	6	0	6
LOC124900274	6	0	6
LOC107987126	6	0	6
OLFML2A	399	1	398
WDR38	2	1	1
RPL35	6694	3	6699
ARPC5L	1712	31	1689
GOLGA1	709	1	708
SCAI	79	0	79
PPP6C	1330	4	1327
LOC105376271	0	0	0
RABEPK	519	0	520
HSPA5	23650	7	23643
HSPA5-DT	1	1	0
GAPVD1	1610	0	1610
LOC101929014	0	0	0
LOC112268055	0	0	0
MAPKAP1	1006	1	1005
LOC124902270	3	0	3
LOC105376272	3	0	3
PBX3-DT	0	0	0
PBX3	266	0	266
LOC124902271	2	0	2
LOC105376273	0	0	0
LOC105376274	0	0	0
LOC105376275	0	0	0
LOC101929116	0	0	0
MVB12B	0	0	0
NRON	0	0	0
LOC105376276	0	0	0
LOC124902272	0	0	0
LMX1B-DT	0	0	0
LMX1B	0	0	0
LOC107987129	0	0	0
ZBTB43	405	2	403
ZBTB34	415	0	415
RALGPS1	72	1	72
LOC105376279	0	0	0
ANGPTL2	72	0	72
LOC105376278	7	1	7
LOC124902273	0	0	0
GARNL3	85	1	87
LOC124902274	0	2	1
LOC124902275	4	0	4
SLC2A8	345	0	345
ZNF79	95	0	95
RPL12	14485	10	14477
SNORA65	9	1	8
LRSAM1	911	3	910
NIBAN2	9324	7	9317
LOC105376281	2	0	2
LOC124902276	14	0	14
LOC124902277	3	0	3
STXBP1	2363	26	2583
MIR3911	4	219	7
PTRH1	5	27	255
CFAP157	69	313	6
TTC16	58	37	26
TOR2A	373	4	374
SH2D3C	22	0	22
LOC107987132	0	0	0
MIR3960	0	0	0
MIR2861	0	0	0
CDK9	1517	0	1517
FPGS	1935	2	1933
ENG	519	25	748
LOC102723566	11	245	20
LOC105379841	0	0	0
LOC124902278	2	0	2
LOC124902279	1	1	0
AK1	0	0	0
ST6GALNAC4-ST6GALNAC6-AK1	0	0	0
MIR4672	0	0	0
ST6GALNAC6	1	0	1
ST6GALNAC4	265	0	265
PIP5KL1	73	0	73
DPM2	913	0	915
LOC124902280	4	16	0
EEIG1	901	0	911
NAIF1	291	0	291
SLC25A25	295	16	279
SLC25A25-AS1	177	0	177
PTGES2	1281	0	1281
PTGES2-DT	13	0	13
LCN2	1	0	1
BBLN	403	0	403
CIZ1	1855	2	1853
DNM1	11	0	11
MIR199B	0	0	0
MIR3154	0	0	0
GOLGA2	3237	2	3235
SWI5	299	0	299
TRUB2	800	13	1408
LOC105376286	10	612	17
COQ4	776	0	776
TRR-TCT3-1	0	0	0
SLC27A4	1051	0	1051
URM1	1116	2	1114
MIR219A2HG	0	0	0
MIR219A2	0	0	0
MIR219B	0	0	0
CERCAM	2728	4	2724
ODF2	671	0	1062
ODF2-AS1	0	184	0
LOC124902281	0	207	0
GLE1	1731	0	1731
LOC101929270	4	2	2
SPTAN1	6806	46	6811
DYNC2I2	3452	42	3461
SET	8722	21	8701
PKN3	2067	34	2060
ZDHHC12	667	20	674
ZDHHC12-DT	18	3	24
ZER1	937	8	939
LOC124902340	0	0	0
LOC124902282	0	1	0
TBC1D13	1059	0	1059
ENDOG	354	267	794
KYAT1-SPOUT1	0	0	0
SPOUT1	0	0	0
KYAT1	19	1	18
LRRC8A	1142	8	1290
LOC101929291	23	171	8
PHYHD1	338	0	338
DOLK	366	0	368
NUP188	2639	40	4305
LOC101929314	5	1679	17
SH3GLB2	1183	5	1188
MIGA2	700	0	700
DOLPP1	309	2	307
CRAT	720	0	720
PTPA	2066	0	2066
IER5L	3443	8	3436
LOC105376289	14	0	15
IER5L-AS1	1	0	1
LINC02975	0	0	0
LOC107987133	0	0	0
LINC02913	2	0	2
LINC01503	132	0	132
LOC107987038	0	0	0
LOC105376291	0	0	0
LOC124902283	11	2	9
LINC00963	41	0	41
LOC124900275	725	3	722
LOC105376292	32	0	32
NTMT1	440	123	1007
C9orf50	1	1	0
ASB6	674	581	783
PRRX2	168	0	168
PRRX2-AS1	0	0	0
LOC124902284	2	0	2
PTGES	1401	0	1401
TOR1B	693	9	684
TOR1A	948	9	939
C9orf78	744	1	743
USP20	533	0	533
MIR6855	0	0	0
FNBP1	674	0	674
GPR107	2044	0	2044
GPRACR	0	0	0
NCS1	1664	4	1660
MIR12126	0	0	0
LOC124902285	0	0	0
HMCN2	7	9	6
LOC107987134	4	1	11
ASS1	18788	5	18783
LOC124902349	10	0	10
LOC100272217	31	0	31
FUBP3	1390	1	1389
LOC124902286	9	0	9
MIR6856	0	0	0
PRDM12	15	1	14
EXOSC2	1134	0	1134
ABL1	5429	2	5427
LOC128092248	0	0	0
LOC124902288	2	0	2
LOC124902287	76	1	75
QRFP	21	21	0
FIBCD1	591	0	591
FIBCD1-AS1	0	0	0
LAMC3	1442	2	1440
LOC124902289	0	0	0
AIF1L	206	0	206
NUP214	2393	0	2393
FAM78A	512	7	505
PLPP7	19	1	18
LOC105376299	74	0	130
LOC105376300	0	56	0
PRRC2B	6274	1	6273
SNORD62A	1	0	1
SNORD62B	8	0	8
POMT1	160	1	160
LOC105376301	3	2	2
UCK1	543	2	541
PRRT1B	1	1	0
RAPGEF1	921	0	921
MED27	583	0	583
LOC105376302	0	0	0
LOC124902291	0	0	0
NTNG2	1	0	1
SETX	1483	0	1483
LOC124902292	0	4	0
TTF1	492	1	495
CFAP77	0	2	0
LOC105376304	0	0	0
LOC124902293	0	0	0
BARHL1	0	0	0
DDX31	667	2	674
GTF3C4	1147	5	1149
AK8	1	0	1
LOC124902335	0	0	0
SPACA9	124	0	124
TSC1	835	2	833
GFI1B	0	0	0
MIR548AW	0	0	0
SNORD141A	161	22	139
LOC105376306	9	0	9
GTF3C5	1430	1	1759
MIR6877	0	0	0
LOC124902325	0	330	0
CEL	26	0	26
CELP	0	0	0
LOC124902343	0	0	0
RALGDS	578	0	578
GBGT1	0	0	0
OBP2B	0	0	0
LOC124902294	0	0	0
ABO	1	0	1
SURF6	0	0	0
MED22	0	0	0
RPL7A	5	0	5
SNORD24	0	0	0
SNORD36B	0	0	0
SNORD36A	0	0	0
SNORD36C	0	0	0
SURF1	0	0	0
SURF2	0	0	0
SURF4	0	0	0
STKLD1	0	0	0
REXO4	0	0	0
ADAMTS13	0	0	0
CACFD1	0	0	0
LOC124902295	0	0	0
SLC2A6	0	0	0
LOC102723855	0	0	0
MYMK	0	0	0
ADAMTSL2	0	0	0
FAM163B	0	0	0
LOC124902296	0	0	0
DBH	0	0	0
DBH-AS1	0	0	0
SARDH	0	0	0
VAV2	1433	4	1429
BRD3OS	321	226	325
BRD3	488	10	708
LOC100130548	0	0	0
WDR5-DT	8	8	19
WDR5	1195	14	1200
LOC124902297	21	17	4
RNU6ATAC	0	0	0
LOC124902298	0	0	0
LOC107987137	0	0	0
LOC101928384	0	0	0
LOC107987039	0	0	0
LOC124902299	0	0	0
LINC02247	0	0	0
RXRA	843	1	842
MIR4669	0	0	0
LOC105376311	3	0	3
LOC100506532	0	0	0
COL5A1	14225	25	15800
LOC124902300	19	0	27
COL5A1-AS1	0	8	0
LOC124902301	8	288	0
LOC101448202	0	1320	0
MIR3689C	0	0	0
MIR3689A	0	0	0
MIR3689D1	0	0	0
MIR3689B	0	0	0
MIR3689D2	0	0	0
MIR3689E	0	0	0
MIR3689F	0	0	0
FCN2	5	0	5
FCN1	0	0	0
LOC105376314	0	0	0
LOC124902302	0	0	0
LOC105376313	0	0	0
LOC124902303	0	0	0
OLFM1	17	0	17
LOC102723948	0	0	0
LOC401557	0	0	0
LOC107987138	0	0	0
LINC02907	0	0	0
LOC124902304	0	0	0
LOC124902305	0	0	0
LOC124902306	0	0	0
PPP1R26-AS1	57	0	57
PPP1R26	1256	6	1250
PIERCE1	58	0	79
MRPS2	536	35	2163
LOC101928525	0	1641	0
LCN1	0	0	0
OBP2A	0	0	0
LOC107987040	0	0	0
PAEP	0	0	0
LINC01502	0	0	0
LOC105376316	0	0	0
LOC102723971	0	0	0
GLT6D1	0	0	0
LCN9	0	0	0
LOC105376317	0	0	0
LOC105376318	0	0	0
SOHLH1	0	0	0
KCNT1	2	2	0
LOC107987140	1	0	1
CAMSAP1	766	0	766
CAMSAP1-DT	55	0	55
UBAC1	1446	3	1443
NACC2	1285	2	1283
LOC124902307	4	4	0
LINC02846	34	2	32
TMEM250	2056	7	2058
LOC107987142	12	8	13
LHX3	0	0	0
QSOX2	1650	0	1650
CCDC187	1	0	1
LOC124902308	0	0	0
DKFZP434A062	0	0	0
GPSM1	424	1	434
DNLZ	116	25	109
LOC124902309	2	5	11
CARD9	22	5	24
SNAPC4	1094	2	1092
ENTR1	1775	1	1774
PMPCA	2499	1	2498
INPP5E	436	6	430
SEC16A	3719	9	3732
C9orf163	14	15	21
NOTCH1	786	0	830
LOC124902310	0	44	0
MIR4673	0	0	0
MIR4674	3	15	0
NALT1	78	0	90
LOC124902311	0	0	0
LINC01451	0	0	0
LOC105376325	0	0	0
LOC102724193	0	0	0
LNCEGFL7OS	0	0	0
EGFL7	1198	0	1198
MIR126	0	0	0
AGPAT2	1810	2	1808
DIPK1B	0	84	0
LOC124900276	74	0	107
SNHG7	58	0	80
SNORA17B	0	0	0
SNORA17A	0	0	0
LCN10	0	0	0
LCN6	0	0	0
LOC100128593	0	0	0
MIR6722	0	0	0
LCN8	1	0	1
LCN15	3	0	3
LOC107987143	0	0	0
TMEM141	490	0	490
CCDC183	20	27	25
CCDC183-AS1	21	12	42
RABL6	2135	550	1585
MIR4292	13	0	13
AJM1	487	182	305
PHPT1	982	110	947
MAMDC4	184	7	177
EDF1	2272	1	2346
TRAF2	1824	4	1820
LOC105376326	10	0	10
MIR4479	4	0	4
FBXW5	3035	18	3017
C8G	22	0	22
LCN12	21	0	21
LINC02692	0	0	0
LOC124902312	8	0	8
PTGDS	13	0	13
LCNL1	2	0	2
PAXX	714	0	714
CLIC3	161	0	161
ABCA2	3062	2	3060
LINC02908	3	5	3
FUT7	0	1	0
NPDC1	1119	0	1123
ENTPD2	60	0	74
LOC105376327	0	14	0
SAPCD2	1027	0	1027
UAP1L1	644	0	644
MAN1B1-DT	58	2	58
MAN1B1	2079	10	2072
LOC124902338	0	0	0
LOC124902313	58	0	58
DPP7	2089	6	2083
LOC124902314	18	0	18
LOC124902353	0	0	0
GRIN1	50	56	0
LOC105376328	8	1	14
LRRC26	202	0	202
MIR3621	0	0	0
TMEM210	1	1	0
LOC124902315	73	393	6
ANAPC2	837	4	1161
SSNA1	895	5	892
TPRN	270	0	270
TMEM203	883	0	883
NDOR1	776	0	776
LOC122513141	0	0	0
RNF208	65	0	65
CYSRT1	13	5	8
RNF224	17	7	10
SLC34A3	20	13	7
TUBB4B	9878	9	10280
CIMIP2A	11	409	20
LOC124902316	1	1	0
STPG3-AS1	0	0	0
STPG3	0	21	0
NELFB	1900	1	1899
TOR4A	1318	1	1317
NRARP	458	2	456
EXD3	256	2	254
NOXA1	285	1	289
ENTPD8	1	6	0
NSMF	1676	1	1675
MIR7114	0	0	0
PNPLA7	124	2	124
MRPL41	709	7	734
LOC124902317	0	31	0
DPH7	409	0	410
ZMYND19	1145	6	1139
LOC124902318	3	0	3
ARRDC1	654	23	643
ARRDC1-AS1	286	18	282
EHMT1	1480	0	1482
LOC124902319	0	0	0
LOC651337	0	0	0
MIR602	0	0	0
CACNA1B-AS2	0	0	0
CACNA1B	1	0	1
LOC124902320	0	0	0
CACNA1B-AS1	0	0	0
LOC101928786	0	0	0
TUBBP5	1	0	1
LOC101928932	0	0	0
FAM157B	1	0	1
LOC124902321	0	0	0
LOC105376333	0	0	0
LOC105376332	0	0	0
LOC105379525	0	0	0
LOC102724727	0	0	0
LOC107987370	0	0	0
LOC124905322	4	0	4
LOC102724750	0	0	0
LOC107987371	0	0	0
LOC107987372	0	0	0
LOC102724813	50	0	50
LOC102723376	0	0	0
LOC124902360	0	0	0
TUBB8	0	0	0
ZMYND11	811	4	894
LOC107984190	0	87	0
LOC107984191	0	0	0
DIP2C	6	0	6
LOC124902362	0	0	0
LOC124902361	0	0	0
DIP2C-AS2	0	0	0
MIR5699	0	0	0
DIP2C-AS1	0	0	0
LARP4B	1666	5	1666
LOC124902363	5	0	8
LARP4B-DT	0	0	0
GTPBP4	2887	3	2945
IDI2	1	66	0
IDI2-AS1	7	251	17
IDI1	1407	35	1646
WDR37	485	3	498
LOC105376344	1	1	0
LINC00200	0	0	0
ADARB2	1085	1	1084
LOC105376342	1	0	1
LOC124902364	2	2	0
ADARB2-AS1	4	4	0
LOC105376345	0	0	0
LOC105376346	13	0	13
LINC00700	7	7	0
MIR6072	0	0	0
LINC02662	0	0	0
LOC107984168	0	0	0
LINC00701	16	0	16
LOC105376349	0	0	0
LINC02645	0	0	0
LOC107983989	0	0	0
LOC105376350	0	0	0
LOC105376352	0	0	0
LOC124902532	0	0	0
PFKP-DT	5	0	7
LOC124902536	0	2	0
PFKP	8500	8	8492
SNORD142	9	0	9
PITRM1	1072	13	1671
PITRM1-AS1	24	616	20
LINC02668	0	0	0
LOC105376353	0	0	0
LOC124902537	0	0	0
LOC107987146	0	0	0
LOC105376356	0	0	0
LOC124902565	0	0	0
LOC105376360	0	0	0
LOC105376358	0	0	0
LOC105376357	0	0	0
LINC02669	0	0	0
LOC124902538	0	0	0
LOC107984192	2	0	2
LOC124902539	0	0	0
LOC107984193	0	0	0
LOC124902540	0	0	0
LOC105376361	0	0	0
LOC105376363	0	0	0
KLF6	1222	0	1222
LOC105376364	0	0	0
LINC02639	0	0	0
LOC124902541	0	0	0
LINC02660	0	0	0
LOC105376367	0	0	0
MIR6078	0	0	0
LOC107984195	0	0	0
LOC105376368	0	0	0
LINC00702	0	0	0
LOC105376369	0	0	0
LOC105376370	0	0	0
LOC105376371	0	0	0
LOC105376372	0	0	0
LINC00703	0	0	0
MANCR	0	0	0
LINC00705	0	0	0
LOC105376373	0	0	0
LOC105376375	0	0	0
LOC107984197	1	0	1
LOC105376374	0	0	0
AKR1E2	2	2	0
AKR1C6P	0	0	0
AKR1C1	3	0	3
LOC124902365	0	0	0
AKR1C2	1	0	1
LOC101928051	0	0	0
LOC107984198	0	0	0
AKR1C3	3	0	3
LOC124902366	0	0	0
LOC124900291	0	0	0
AKR1C8	0	0	0
AKR1C4	0	0	0
LINC02561	0	0	0
UCN3	0	0	0
TUBAL3	4	0	4
NET1	812	2	810
CALML5	0	0	0
CALML3-AS1	5	1	4
CALML3	0	0	0
LOC105376380	0	0	0
LOC105376381	0	0	0
LASTR	0	0	0
LINC02678	0	0	0
LINC02677	0	0	0
LOC107984199	0	0	0
ASB13	973	0	973
TASOR2	1800	7	1793
GDI2	4605	3	4602
LOC124902367	11	0	11
TRV-TAC3-1	0	0	0
ANKRD16	220	0	248
FBH1	1319	29	1715
LOC105376384	2	399	0
IL15RA	186	1	186
LOC107984200	8	9	0
IL2RA	0	0	0
LOC124902368	0	0	0
LOC124902573	0	0	0
IL2RA-AS1	0	0	0
RBM17	1348	1	1347
LOC101928080	0	0	0
LOC124902369	0	0	0
PFKFB3	695	1	694
MIR3155A	0	0	0
MIR3155B	0	0	0
PFKFB3-AS1	2	0	2
LINC02649	5	0	5
LINC02656	2	0	2
PRKCQ	0	0	0
LOC124902370	0	0	0
LOC107984202	0	0	0
PRKCQ-AS1	0	0	0
LINC02648	0	0	0
LINP1	12	0	12
LINC00706	2	0	2
LINC00707	111	0	111
LOC105376387	3	0	3
LINC02665	0	0	0
SFMBT2	1047	4	1043
SNORD129	0	0	0
LOC124902372	17	0	17
LOC124902373	0	0	0
LINC02642	0	0	0
LOC105376390	0	0	0
LOC105376391	0	0	0
ITIH5	0	0	0
ITIH2	4	4	0
KIN	270	0	270
ATP5F1C	3767	0	3768
LOC105376392	7	7	1
TAF3	197	0	197
LOC105376394	0	0	0
GATA3	7	0	7
GATA3-AS1	0	0	0
LOC105376395	0	0	0
LOC107984206	0	0	0
LOC107984205	0	0	0
LINC00708	0	0	0
LOC105376396	0	0	0
LOC105376397	0	0	0
LOC105376398	0	0	0
LOC105376399	0	0	0
LOC105376400	0	0	0
LINC02676	0	0	0
LOC101928272	0	0	0
LINC00709	0	0	0
LINC02663	0	0	0
LOC124902542	0	0	0
LOC105376403	0	0	0
LINC02670	0	0	0
LOC107984207	0	0	0
CELF2-DT	0	0	0
CELF2	0	0	0
SFTA1P	0	0	0
LINC00710	0	0	0
CELF2-AS4	0	0	0
CELF2-AS2	0	0	0
LOC124902375	0	0	0
CELF2-AS1	0	0	0
LOC105376409	0	0	0
USP6NL	380	0	417
LOC105376411	0	25	0
LOC105376410	1	1	0
USP6NL-AS1	0	12	0
LOC105376413	0	0	0
LOC105376412	0	0	0
ECHDC3	312	0	312
LOC105379850	0	0	0
LOC105376415	0	0	0
PROSER2	528	3	639
PROSER2-AS1	3	115	2
UPF2	1113	0	1113
LOC105376416	0	0	0
DHTKD1	1324	0	1324
SEC61A2	227	622	206
MIR548AK	0	0	0
LOC124902579	0	0	0
NUDT5	1531	0	2132
CDC123	2415	4	2411
CAMK1D	450	0	450
LOC107984209	0	0	0
MIR4480	0	0	0
MIR4481	0	0	0
MIR548Q	0	0	0
CCDC3	0	0	0
LOC105376418	0	0	0
OPTN	1165	2	1163
MCM10	670	0	670
UCMA	0	0	0
PHYH	543	3	543
LOC124902377	8	6	5
SEPHS1	1346	0	1346
LOC105376419	0	0	0
LOC105376420	0	0	0
BEND7	0	0	0
BEND7-DT	0	0	0
LOC105376422	0	0	0
PRPF18	396	1	459
FRMD4A	5	69	0
LOC124902379	0	0	0
LOC105376426	0	0	0
FRMD4A-AS2	0	0	0
FRMD4A-AS3	0	0	0
LOC124902378	0	0	0
MIR4293	0	0	0
MIR1265	0	0	0
LOC124902380	0	0	0
FAM107B	2414	0	2414
LOC124902381	4	4	0
LOC105376429	0	0	0
CDNF	83	0	83
HSPA14	283	8	639
MSANTD7	828	2	826
SUV39H2-DT	59	364	59
SUV39H2	338	12	431
DCLRE1C	314	146	276
MEIG1	4	3	4
ACBD7-DCLRE1CP1	0	0	0
DCLRE1CP1	0	0	0
OLAH	2	0	2
ACBD7	4	0	4
RPP38-DT	1	47	1
RPP38	489	18	521
NMT2	79	23	101
LOC105376431	0	24	1
LOC107984210	2	15	2
PPIAP30	0	0	0
LOC105376434	0	0	0
LOC107984211	0	0	0
FAM171A1-AS1	0	0	0
FAM171A1	0	0	0
ITGA8	0	0	0
LOC124902383	1	0	1
MINDY3	495	0	495
LOC124902582	0	0	0
LINC02654	0	0	0
LOC124902585	0	0	0
PTER	349	0	349
C1QL3	8	8	0
RSU1	784	0	784
LOC124902385	0	0	0
LOC124902384	14	0	14
LOC105376435	0	0	0
CUBN	17	0	17
TRDMT1	143	0	143
VIM-AS1	50	16287	71
VIM	20280	26	36562
ST8SIA6	0	0	0
ST8SIA6-AS1	0	0	0
LOC105376436	0	0	0
LOC105376437	0	0	0
HACD1	684	0	684
STAM-DT	21	0	21
STAM	850	0	850
TMEM236	7	0	7
MRC1	5	0	5
MIR511	0	0	0
SLC39A12	3	0	4
SLC39A12-AS1	0	1	0
CACNB2	83	46	84
CACNB2-AS2	0	0	0
CACNB2-AS1	71	22	76
LOC124902387	4	7	6
NSUN6	207	0	211
ARL5B	820	4	819
LOC105376440	0	0	0
LOC107984180	0	0	0
MALRD1	1	0	1
LOC105376441	0	0	0
LOC102724082	0	0	0
LOC124902595	0	0	0
MALRD1-AS1	0	0	0
LOC124902388	0	0	0
PLXDC2	0	0	0
MIR4675	0	0	0
LOC105376442	0	0	0
NEBL	185	5	189
LOC102725112	0	0	0
LOC124902389	0	0	0
NEBL-AS1	0	4	5
LINC02643	0	0	0
LOC124902390	0	0	0
LOC105376445	0	0	0
MIR1915HG	420	0	420
MIR1915	3	0	3
SKIDA1	100	3	97
MLLT10	965	9	956
LOC107984214	2	1	1
DNAJC1	1142	0	1142
EBLN1	0	0	0
TRN-GTT2-3	1	1	0
LOC124902391	0	0	0
LOC105376447	0	0	0
LOC100130992	0	0	0
COMMD3-BMI1	0	0	0
COMMD3	66	0	66
BMI1	28	1	27
SPAG6	3	0	3
LINC03027	0	0	0
LOC105376449	0	0	0
LOC105376450	0	0	0
LOC124902392	0	0	0
PIP4K2A	525	0	525
LOC124902393	0	0	0
LOC105376451	0	0	0
ARMC3	0	0	0
LOC107984215	0	0	0
MSRB2	499	0	499
PTF1A	0	0	0
C10orf67	9	0	9
C10orf67-AS1	0	0	0
OTUD1	3480	7	3473
LOC105376454	2	0	2
KIAA1217	107	0	109
MIR603	0	0	0
LOC124902395	0	0	0
LOC105376455	0	2	0
LOC124902394	0	0	0
ARHGAP21	3138	3	3135
LOC105376456	1	0	1
PRTFDC1	394	0	394
THNSL1	287	2	285
ENKUR	8	0	8
LINC01516	0	0	0
GPR158-AS1	0	0	0
GPR158	179	0	179
LINC00836	0	0	0
LOC124902396	0	0	0
LOC124902397	0	0	0
LOC105376460	0	0	0
LOC101929073	0	0	0
MYO3A	0	0	0
GAD2	0	0	0
APBB1IP	84	0	84
LINC03028	0	0	0
FAM238A	0	0	0
LOC102724202	0	0	0
LOC105376461	0	0	0
FAM238B	0	0	0
SELENOOLP	0	0	0
PDSS1	278	6	309
ABI1	809	32	814
LOC124900293	0	0	0
LOC124902581	0	0	0
LOC124902398	0	0	0
FAM238C	15	0	15
ANKRD26	331	0	331
YME1L1	3298	1	3302
MASTL	1016	21	1000
ACBD5	1088	17	1071
LRRC37A6P	6	0	6
ODAD2P1	0	0	0
LOC102724245	0	0	0
LINC02673	0	0	0
PTCHD3	0	0	0
RAB18	1610	0	1610
LOC124902399	1	0	1
LINC02680	7	0	7
MKX	152	3	149
MKX-AS1	0	0	0
ODAD2	48	0	51
LOC112268060	0	3	0
MPP7	559	0	559
SNORD130	0	0	0
MIR8086	0	0	0
MPP7-DT	0	0	0
LOC124902596	0	0	0
LINC02652	4	0	4
LOC107984216	0	0	0
WAC-AS1	420	0	420
WAC	3039	16	3023
BAMBI	992	0	992
LOC105376470	0	0	0
LOC107984170	0	0	0
LINC01517	0	0	0
LINC00837	0	0	0
C10orf126	0	0	0
LOC107984174	0	0	0
LOC107984171	0	0	0
LOC105376472	1	1	0
LYZL1	0	0	0
LOC124902400	0	0	0
LOC107984217	0	0	0
LOC105376473	0	0	0
LOC105376474	5	0	5
SVIL-AS1	205	544	228
SVIL	552	42	1120
LOC124902401	0	43	0
MIR604	0	0	0
MIR938	0	0	0
LOC105376475	11	0	11
LOC105376476	0	0	0
LOC102724333	0	0	0
LOC107984172	0	0	0
LOC107984173	0	0	0
LOC124902402	0	0	0
LOC124902403	0	0	0
LOC107984218	0	0	0
JCAD	1	0	1
LOC101929256	0	0	0
LOC105376477	0	0	0
LOC101929279	0	0	0
MTPAP	551	0	551
GOLGA2P6	5	0	5
MIR7162	0	0	0
MAP3K8	672	2	670
LOC105376478	0	0	0
LOC105376479	1	0	1
LYZL2	0	0	0
LOC124902404	0	0	0
SVIL2P	32	0	32
LINC02644	0	0	0
LOC124902405	0	0	0
ZNF438	212	1	212
LOC105376481	1	0	2
LOC105376482	0	0	0
LOC105376483	0	0	0
LINC02664	0	0	0
ZEB1-AS1	58	0	106
ZEB1	528	48	528
LOC124906892	0	0	0
LOC105376484	1	1	0
MACORIS	0	0	0
ARHGAP12	596	1	609
LOC107984219	6	620	2
LOC105376485	0	0	0
KIF5B	2595	2	3195
EPC1	672	0	673
EPC1-AS1	0	1	0
LOC101929431	1	0	1
CCDC7	69	0	69
LOC124902406	0	0	0
ITGB1	16287	2	16285
SNORA86	0	0	0
ITGB1-DT	53	0	53
IATPR	0	0	0
NRP1	592	1	732
LOC124902407	0	141	0
LOC105376489	0	0	0
LINC02628	0	0	0
LOC124902408	0	0	0
LINC00838	0	0	0
LINC02629	0	0	0
PARD3	1095	4	1091
PARD3-DT	5	0	5
LINC02635	0	0	0
LOC124902409	0	0	0
CUL2	1144	9	1144
MIR3611	0	0	0
CREM	339	0	348
LINC02634	0	0	0
CCNY	1005	1	1004
LOC107984220	0	0	0
CCNY-AS1	120	0	120
LOC124902410	0	0	0
LOC107984221	1	0	1
GJD4-AS1	0	2	0
GJD4	0	0	2
FZD8	5	0	5
MIR4683	0	0	0
LOC124902528	0	0	0
LOC105376494	0	0	0
LOC124902411	0	0	0
LOC107984188	0	0	0
PCAT5	0	0	0
LINC02630	0	0	0
LOC107984222	0	0	0
LOC124900298	0	0	0
LOC105376496	0	0	0
ANKRD30A	0	0	0
LOC124902412	0	0	0
LINC00993	0	0	0
LOC107984175	0	0	0
LOC107984223	0	0	0
LOC105376497	0	0	0
LOC102724533	0	0	0
LOC105376498	0	0	0
ZNF248	336	1	340
ZNF33BP1	3	0	3
ZNF248-AS1	8	4	9
LOC124902413	0	0	0
ZNF25	61	0	61
ZNF25-DT	0	0	0
ZNF33A	636	0	636
ZNF37A	696	0	696
LOC105376500	0	0	0
CCNYL4	2	0	2
HSD17B7P2	4	0	4
SEPTIN7P9	0	0	0
LOC101929540	0	0	0
LINC00999	0	0	0
ACTR3BP5	0	0	0
LOC105378267	0	0	0
LOC101929373	0	0	0
LOC441666	4	0	4
CCNYL2	0	0	0
LINC00839	0	0	0
ZNF37BP	248	0	248
ZNF33B	206	0	211
LOC105378268	0	5	0
LINC01518	0	0	0
LINC02632	0	0	0
LOC283028	0	0	0
LOC105378269	0	0	0
BMS1	1892	0	1892
LOC124902575	2	2	0
LINC02623	0	0	0
LINC01264	0	0	0
MIR5100	0	0	0
RET	0	0	0
CSGALNACT2-DT	12	0	12
CSGALNACT2	174	0	174
RASGEF1A	13	0	13
LOC107984225	0	0	0
LOC105378271	0	0	0
LINC02633	0	0	0
LOC124902414	0	0	0
LOC107984226	0	0	0
FXYD4	0	0	0
HNRNPF	7624	5	7619
SNORD3J	0	0	0
LINC02916	18	0	18
ZNF487	68	4	64
ZNF239	230	0	230
LOC107984165	0	0	0
ZNF485	74	0	74
ZNF32-AS3	0	0	0
LOC124902416	0	0	0
ZNF32	58	0	101
ZNF32-AS1	2	18	0
ZNF32-AS2	2	28	1
LOC124902417	0	0	0
LINC02658	0	0	0
LOC105378275	0	0	0
HNRNPA3P1	1	0	1
LINC00619	0	0	0
LINC00840	0	0	0
LINC02659	0	0	0
LINC00841	0	0	0
LOC124902543	0	0	0
LINC02881	0	0	0
LOC124902544	0	0	0
CXCL12	0	0	0
LOC107984179	0	0	0
LOC124902533	0	0	0
LOC124902534	0	0	0
TMEM72-AS1	0	0	0
TMEM72	0	0	0
RASSF4	3	0	4
LOC105378281	0	1	0
DEPP1	48	0	48
ZNF22-AS1	0	1	0
LOC124902530	0	0	0
ZNF22	0	0	0
RSU1P2	0	0	0
ANKRD30BP3	0	0	0
MIR3156-1	0	0	0
LOC105378283	0	0	0
OR13A1	0	0	0
ALOX5	0	0	0
LOC102724323	0	0	0
MARCHF8	36	0	50
LOC105378286	0	14	0
ZFAND4	54	0	54
AGAP10P	27	0	27
LOC107984227	6	1	13
WASHC2C	1132	7	1133
FAM25EP	0	0	0
PARGP1-AGAP4	0	0	0
AGAP4	31	0	31
PARGP1	6	0	6
TIMM23	2036	0	2038
SNORA74C-1	0	0	0
NCOA4	3930	48	3882
LOC105378287	0	0	0
MSMB	1	0	1
AGAP7P	29	1	30
LOC124902418	0	0	0
ANTXRLP1	0	0	0
LOC105378577	2	0	2
ANTXRL	1	0	1
AGAP14P	8	0	8
FAM25BP	0	0	0
ANXA8L1	329	0	329
LINC00842	26	0	26
HNRNPA1P33	37	0	37
NPY4R	916	0	916
LOC124902419	1	0	1
GPRIN2	3	0	3
SYT15	22	25	1
SYT15-AS1	5	1	8
LOC105378289	0	0	0
SHLD2P1	5	0	6
LINC02637	22	23	0
LOC101927584	0	0	0
FAM245B	0	0	0
GLUD1P2	1	0	5
BMS1P1	62	5	61
AGAP13P	64	0	64
FRMPD2B	1	0	1
PTPN20	0	0	0
LOC105378291	0	0	0
GDF10	0	0	0
GDF2	0	0	0
RBP3	2	2	0
ZNF488	20	0	20
LOC107001062	1	0	1
LINC03029	0	0	0
LOC124902420	0	0	0
ANXA8	319	0	319
FAM25G	0	0	0
BMS1P2-AGAP9	0	0	0
AGAP9	0	0	0
LOC124902421	16	0	16
BMS1P2	1	0	1
CTSLP2	0	0	0
LINC02675	0	0	0
SHLD2P3	33	0	33
LOC102724603	1	1	0
LOC124902422	1	0	1
LOC102724593	0	0	0
SYT15B	0	0	0
NPY4R2	0	0	0
LOC124902423	0	0	0
FAM25C	0	0	0
AGAP12P	0	0	0
FRMPD2	0	0	0
MAPK8	290	0	290
ARHGAP22	1	1	0
ARHGAP22-IT1	0	0	0
WDFY4	0	0	0
LOC105378299	0	0	0
LRRC18	0	0	0
LOC105378298	0	0	0
MIR4294	0	0	0
VSTM4	0	0	0
LOC124902545	0	0	0
FAM170B-AS1	0	0	0
FAM170B	0	0	0
TMEM273	0	0	0
C10orf71-AS1	0	0	0
C10orf71	0	0	0
DRGX	0	0	0
ERCC6	722	3	719
PGBD3	1	0	1
CHAT	0	0	0
SLC18A3	0	0	0
C10orf53	0	0	0
OGDHL	155	0	155
PARG	740	2	738
TIMM23B-AGAP6	17	0	17
TIMM23B	56	0	56
SNORA74C-2	0	0	0
AGAP6	8	0	8
FAM21EP	19	0	21
WASHC2A	1290	14	1278
ASAH2	11	0	11
SGMS1	608	5	610
LOC124902424	0	0	0
SGMS1-AS1	5	2	10
LOC105378302	0	0	0
ASAH2B	264	0	264
A1CF	3	3	0
PRKG1	0	4	1
LOC102724719	0	0	0
MIR605	0	0	0
CSTF2T	1019	0	1019
LOC124902425	0	0	0
PRKG1-AS1	6	1	12
DKK1	804	2	804
LNCAROD	3	0	3
LOC124902426	1	0	1
LOC105378305	0	0	0
MBL2	0	0	0
LOC105378306	0	0	0
LOC105378307	0	0	0
LOC105378308	1	1	0
LINC02672	0	0	0
LOC105378310	0	0	0
PCDH15	2	2	0
LOC105378311	0	0	0
MIR548F1	0	0	0
LOC124902580	0	0	0
ZWINT	1942	0	1942
LOC124902546	8	0	8
LOC124900300	0	0	0
MIR3924	0	0	0
LOC105378313	0	0	0
LOC105378314	0	0	0
LOC124902547	0	0	0
IPMK	436	1	435
LOC124902578	0	0	0
CISD1	1323	0	1323
LOC112268068	0	0	0
UBE2D1	326	0	326
TFAM	1059	0	1059
LOC105378316	1	0	1
LOC124902427	1	0	1
BICC1	283	0	283
FAM133CP	0	0	0
LINC00844	0	0	0
LOC102724768	1	0	1
PHYHIPL	0	0	0
CCEPR	0	0	0
FAM13C	0	0	0
LOC124902429	0	0	0
LOC102724778	0	0	0
LOC124902428	0	0	0
LOC107984235	0	0	0
LOC105378318	0	0	0
LOC105378319	0	0	0
SLC16A9	37	0	37
MRLN	0	0	0
CCDC6	2336	0	2336
LINC01553	0	0	0
ANK3	71	0	71
LOC124902430	0	0	0
ANK3-DT	0	0	0
CDK1	2755	0	2755
RHOBTB1	831	2	830
LOC124902432	1	1	0
LOC124902431	0	0	0
LOC107984236	6	0	7
LOC124902433	0	0	0
LINC00845	0	0	0
LOC124902434	0	0	0
LOC105378323	0	0	0
TMEM26	0	0	0
TMEM26-AS1	2	0	2
LOC124902548	0	0	0
LOC124902535	2	0	2
CABCOCO1	0	0	0
LINC02625	3	0	3
ARID5B	1658	0	1658
LOC124902435	0	0	0
RTKN2	52	0	52
LINC02621	0	0	0
LOC283045	0	0	0
ZNF365	0	0	0
LOC105378327	0	0	0
LOC124902436	0	0	0
LOC124902437	1	0	1
ADO	637	0	637
EGR2	8	0	8
LOC107984012	0	0	0
LOC105378328	0	0	0
NRBF2	467	0	467
JMJD1C	957	22	961
LOC124900287	12	0	12
MIR1296	0	0	0
JMJD1C-AS2	0	0	0
JMJD1C-AS1	8	5	27
REEP3	1050	1	1054
LOC105378329	0	3	0
LOC107984238	1	0	1
LOC101929846	1	0	1
LOC124902438	0	0	0
LOC101928859	0	0	0
LOC124902439	0	0	0
LOC105378333	0	0	0
LOC105378335	0	0	0
LOC107984239	0	0	0
LOC105378336	0	0	0
ANXA2P3	0	0	0
LINC02671	0	0	0
LOC102724863	0	0	0
LOC105378337	0	0	0
LINC01515	0	0	0
LOC105378339	2	2	0
CTNNA3	0	0	0
CTNNA3-AS1	0	0	0
LOC124902440	0	0	0
LOC124902441	0	0	0
LOC124902584	0	0	0
LOC101928961	0	0	0
LRRTM3	0	0	0
MIR7151	0	0	0
TRS-TGA1-1	0	0	0
DNAJC12	741	1	740
SIRT1	869	1	868
HERC4	2711	15	2696
POU5F1P5	1	0	1
LOC124902442	4	2	2
MYPN	3158	8	3277
LOC107984240	1	128	0
LOC124902443	4	4	0
ATOH7	17	3	14
LINC02640	0	0	0
PBLD	64	8	73
HNRNPH3	1995	15	3129
RUFY2	246	1131	247
DNA2	442	1	441
SLC25A16	221	0	221
TET1	1	0	1
CCAR1	2686	0	2686
SNORD98	0	0	0
STOX1	38	0	38
DDX50	814	0	814
DDX21	5082	0	5082
KIFBP	959	2	957
LOC105378342	0	0	0
SRGN	2920	0	2920
VPS26A	2212	1	2211
SUPV3L1	1341	1	1340
LOC101928994	1	0	1
HKDC1	49	0	49
HK1	754	0	754
TACR2	0	0	0
TSPAN15	29	0	29
LOC105378345	0	0	0
NEUROG3	0	0	0
LOC101929021	0	0	0
FAM241B	34	0	34
LINC02651	0	0	0
LOC124902444	3	2	3
COL13A1	81	0	83
LOC105378347	0	0	0
LOC107984242	4	4	0
LINC02636	0	0	0
MACROH2A2	0	0	0
AIFM2	719	0	719
TYSND1	998	0	998
SAR1A	4595	0	4595
PPA1	7208	2	7206
NPFFR1	1	0	1
LRRC20	141	0	141
EIF4EBP2	2220	2	2218
NODAL	11	11	0
PALD1	0	0	0
PRF1	0	0	0
ADAMTS14	7	0	7
TBATA	17	0	17
SGPL1	543	0	543
PCBD1	508	0	508
LINC02622	0	0	0
LOC105378350	0	0	0
LOC105378351	0	0	0
UNC5B	426	1	425
UNC5B-AS1	0	0	0
LOC112268061	2	1	1
LOC124902445	0	0	0
SLC29A3	176	0	176
LOC124902574	0	0	0
LOC105378353	0	0	0
CDH23	2	0	3
LOC105378356	0	0	0
CDH23-AS1	0	0	0
LOC105378355	0	0	0
C10orf105	1	2	0
VSIR	190	1	189
MIR7152	0	0	0
LOC124902446	0	0	0
PSAP	25644	10	25634
LINC03139	19	2	17
CHST3	1329	1	1328
LOC124902448	0	0	0
SPOCK2	170	0	170
ASCC1	859	189	941
LOC124902572	0	0	0
ANAPC16	1156	86	1341
DDIT4-AS1	15	11	6
DDIT4	10972	0	10974
DNAJB12	941	4	937
MICU1	1653	0	1653
MCU	1423	0	1423
MIR4676	0	0	0
LOC124902450	10	0	10
OIT3	2	0	2
PLA2G12B	0	0	0
LOC124902451	0	0	0
P4HA1	2663	0	2663
NUDT13	124	75	50
SNORA11F	12	4	9
ECD	870	1	870
LOC124902452	2	1	1
FAM149B1	81	776	192
LOC105378358	1	0	1
DNAJC9	385	123	1166
DNAJC9-AS1	62	108	52
MRPS16	1911	13	1905
CFAP70	64	28	109
LOC124902577	0	0	0
ANXA7	1870	0	1870
MSS51	26	0	26
PPP3CB	598	2	601
PPP3CB-AS1	22	132	37
USP54	703	24	821
MYOZ1	0	0	0
SYNPO2L	4	0	4
SYNPO2L-AS1	0	92	0
BMS1P4-AGAP5	7	1	6
AGAP5	9	0	9
BMS1P4	5	0	5
GLUD1P3	14	0	15
LOC124902453	113	4	114
SEC24C	2782	14	2773
POFUT4	605	41	564
LOC107984243	26	1	26
CHCHD1	649	0	650
ZSWIM8	554	59	1733
NDST2-ZSWIM8-AS1	11	500	20
ZSWIM8-AS1	0	0	0
NDST2	0	0	0
CAMK2G	1428	15	1413
LOC124902454	4	0	4
PLAU	12	0	30
C10orf55	1	19	0
VCL	4423	88	4572
LOC124902455	10	0	10
LOC124902458	0	154	0
AP3M1	1476	8	1551
ADK	1266	3	1266
LOC124902456	4	0	4
ADK-AS1	0	3	0
LOC124902457	2	0	2
LOC124902459	0	0	0
KAT6B	0	0	0
SNORD172	0	0	0
DUSP29	0	0	0
DUSP13B	0	0	1
SAMD8	901	2	900
DUSP13A	0	0	0
LOC124902460	0	0	0
VDAC2	6816	18	6798
COMTD1	832	0	832
ZNF503	1022	11	1243
ZNF503-AS1	0	0	0
LOC124902461	4	83	0
ZNF503-AS2	143	144	152
LOC101929234	10	4	6
LOC107984293	0	0	0
LRMDA	0	0	0
MIR606	0	0	0
LOC105378367	0	0	0
LOC124902463	0	0	0
LOC124902462	0	0	0
LOC112268057	0	0	0
KCNMA1	4	0	4
KCNMA1-AS1	0	0	0
LOC124902466	0	0	0
KCNMA1-AS2	0	0	0
KCNMA1-AS3	0	0	0
LOC124902464	0	0	0
LOC124902465	0	0	0
LOC105378372	0	0	0
DLG5	1256	5	1256
LOC101929347	0	0	0
DLG5-AS1	9	3	11
POLR3A	1058	0	1058
RPS24	15910	1	15909
LOC105378375	0	0	0
LOC124902467	1	0	1
LINC00856	0	0	0
LINC00595	1	0	1
LOC124902468	0	0	0
LOC107984245	0	0	0
LOC105378378	0	0	0
LOC107984246	0	0	0
LOC105378379	0	0	0
ZMIZ1-AS1	58	0	58
LOC112268062	2	0	2
ZMIZ1	1968	12	1956
PPIF	5481	0	5481
ZCCHC24	378	0	378
LOC105378383	1	0	1
LOC729815	0	0	0
EIF5AL1	28	0	28
SFTPA2	0	0	0
LOC124902469	0	0	0
SFTPA1	0	0	0
LINC02679	1	0	1
LOC124900288	1	0	1
BEND3P3	58	61	0
NUTM2B-AS1	173	11	277
NUTM2B	9	8	1
LOC642361	3	101	13
NUTM2E	1	0	1
BMS1P21	0	0	0
MBL1P	0	0	0
SFTPD	0	0	0
TMEM254-AS1	2	35	2
TMEM254	314	0	349
PLAC9	7	7	0
ANXA11	3297	2	3295
LINC00857	149	0	149
LOC124902470	1	0	1
LOC100130698	0	0	0
MAT1A	1	0	1
DYDC1	0	0	0
DYDC2	0	0	0
PRXL2A	206	0	206
TSPAN14	775	0	775
LOC124902471	20	0	21
TSPAN14-AS1	0	1	0
SH2D4B	1	0	1
LOC105378387	0	0	0
LINC02655	0	0	0
LOC105378390	0	0	0
LOC124902549	0	0	0
NRG3	0	0	0
LOC124902472	0	0	0
NRG3-AS1	0	0	0
LOC107984187	0	0	0
LOC105378392	0	0	0
LOC105378394	0	0	0
LOC105378393	0	0	0
LOC105378396	0	0	0
LINC02650	1	0	1
LOC107984181	0	0	0
LOC105378398	0	0	0
LOC105378399	0	0	0
GHITM	6451	3	6448
CERNA2	0	0	0
GPR15LG	0	0	0
CDHR1	0	0	0
LRIT2	0	0	0
LRIT1	0	0	0
RGR	0	0	0
LINC00858	1	0	1
CCSER2	407	0	407
LOC124902550	0	0	0
LOC105378400	0	0	0
LOC107984249	0	0	0
LOC105378401	0	0	0
LINC01519	0	0	0
LOC105378402	0	0	0
LOC105378403	0	0	0
LINC02647	0	0	0
LOC101929662	0	0	0
LINC01520	0	0	0
LOC105378404	0	0	0
GRID1-AS1	0	0	0
GRID1	0	0	0
GRID1-AS2	0	0	0
MIR346	0	0	0
LOC124902473	0	0	0
WAPL	1561	0	1561
WAPL-DT	54	0	54
LOC105378408	0	0	0
LOC105378407	0	0	0
LOC105378406	0	0	0
OPN4	0	0	0
LOC105378409	0	0	0
LDB3	6	3	3
BMPR1A	857	8	849
MMRN2	559	6	553
SNCG	2439	2	2437
ADIRF-AS1	79	61	90
ADIRF	4	7	2
AGAP11	12	0	12
LOC124902474	0	0	0
FAM25A	0	0	0
GLUD1	2075	5	2450
SHLD2	1102	378	1133
LOC124902475	11	11	1
LOC105378410	3	26	3
NUTM2A	14	1	13
NUTM2A-AS1	160	12	204
LINC00863	100	49	107
NUTM2D	25	0	25
FAM245A	0	0	0
LOC112268063	0	0	0
LOC112268064	5	0	5
MIR4678	3	3	0
MINPP1	746	0	746
LOC105378412	0	0	0
PAPSS2	2475	47	2428
ATAD1	979	0	1214
LOC124902476	1	235	0
CFL1P1	0	0	0
KLLN	0	0	0
MLDHR	0	0	0
PTEN	19	0	19
LOC124900295	0	0	0
LOC105378414	0	0	0
LOC105378415	0	0	0
LOC105378416	0	0	0
LOC101929727	2	0	2
RNLS	31	0	31
LIPJ	0	0	0
LIPF	2	0	2
LIPK	5	0	5
LIPN	2	0	2
LIPM	0	0	0
ANKRD22	1	0	1
LOC124902551	0	142	0
STAMBPL1	645	0	787
ACTA2-AS1	4	87	8
ACTA2	37	26	223
FAS	944	112	957
FAS-AS1	2	4	1
LOC124902587	0	0	0
MIR4679-2	0	0	0
MIR4679-1	0	0	0
LOC124902552	0	0	0
LOC105378418	0	0	0
CH25H	1	1	0
LIPA	1954	57	1929
LOC124902477	26	0	27
LOC105378419	2	5	0
IFIT2	13966	2	13966
IFIT3	11855	1	11855
IFIT1B	2	0	2
IFIT1	9984	11	9973
IFIT5	352	0	383
SLC16A12	0	0	0
SLC16A12-AS1	0	0	0
PANK1	392	0	392
MIR107	0	0	0
PANK1-AS1	14	3	11
FLJ37201	15	0	15
KIF20B	955	0	955
LOC105378424	0	0	0
LINC00865	0	0	0
LINC01374	0	0	0
LINC01375	0	0	0
LOC105378426	0	0	0
LINC02653	0	0	0
LOC124902478	0	0	0
HTR7	0	0	0
RPP30	634	0	634
ANKRD1	10	0	10
XLOC_008559	0	0	0
LOC107984252	0	0	0
LOC124902479	0	0	0
LOC105378430	0	0	0
LINC00502	0	0	0
LOC105378429	0	0	0
LOC124902481	1	0	1
NUDT9P1	12	0	12
PCGF5	1041	13	1028
LOC124902480	0	0	0
HECTD2-AS1	2	0	2
HECTD2	402	6	396
LOC105378433	4	0	4
PPP1R3C	861	0	861
LOC107984253	0	0	0
LOC124902482	2	2	0
TNKS2-DT	4	0	4
TNKS2	1608	0	1608
FGFBP3	13	0	24
FGFBP3-AS1	0	11	0
BTAF1	1978	1	1977
CPEB3	234	118	233
LOC107984254	2	2	0
LOC124902483	0	2	0
MARCHF5	1016	1	1130
MARK2P9	1	1	0
LOC124902484	5	0	5
IDE	1599	0	1599
KIF11	1280	2	1278
HHEX	239	0	239
EXOC6	205	0	205
CYP26C1	0	0	0
CYP26A1	2	0	2
MYOF	6012	3	6009
CEP55	1264	0	1264
LOC105378436	0	0	0
FFAR4	0	0	0
LOC124902485	0	0	0
RBP4	0	0	0
PDE6C	6	6	0
FRA10AC1	362	0	362
LOC101927013	0	0	0
LGI1	0	0	0
LOC105378437	0	0	0
SLC35G1	249	0	249
PIPSL	6	0	6
LOC105378438	0	0	0
PLCE1	74	69	8
PLCE1-AS2	0	0	0
LOC107984255	0	0	0
PLCE1-AS1	0	0	0
NOC3L	712	0	715
TBC1D12	258	1	257
HELLS	826	0	826
CYP2C18	24	0	24
CYP2C19	2	0	2
CYP2C9	0	0	0
LOC107984256	0	0	0
CYP2C8	0	0	0
LOC107984257	4	0	4
ACSM6	1	1	0
PDLIM1	2417	0	2417
SORBS1	350	0	350
ALDH18A1	2793	0	2793
TCTN3	1109	0	1109
ENTPD1	356	383	1
ENTPD1-AS1	3	0	37
CC2D2B	3	6	0
CCNJ	79	8	73
MIR3157	0	0	0
LOC124902486	5	5	16
ZNF518A	334	14	338
BLNK	2	2	2
LOC124902487	0	0	0
DNTT	0	0	0
OPALIN	0	0	0
TLL2	1	1	0
TM9SF3	4038	4	4037
LOC105378443	5	0	8
PIK3AP1	1	0	1
RPL13AP5	266	2	264
MIR607	0	0	0
LOC102723665	7	1	8
LCOR	578	1	579
SLIT1	31	1	30
SLIT1-AS1	0	0	0
ARHGAP19-SLIT1	0	0	0
LOC112268065	0	0	0
LOC105378447	0	0	0
ARHGAP19	134	0	134
FRAT1	87	0	87
FRAT2	1077	5	1076
LOC105378448	4	3	5
RRP12	1337	1	1336
LOC644215	1	0	1
PGAM1	10097	3	10094
EXOSC1	650	0	650
ZDHHC16	1018	7	1011
MMS19	1983	53	1932
UBTD1	208	0	210
LOC124902488	0	0	0
ANKRD2	6	0	6
HOGA1	70	0	70
C10orf62	1	0	1
MORN4	16	2	14
PI4K2A	1049	110	943
AVPI1	4183	3	4184
MARVELD1	1608	1	1607
ZFYVE27	1045	0	1045
SFRP5	1	0	1
LOC107984260	0	0	0
GOLGA7B-DT	0	0	0
GOLGA7B	6	0	7
CRTAC1	0	1	0
MIR3085	0	0	0
R3HCC1L	511	0	511
LOXL4	3	3	0
LOC124902489	3	0	3
LOC105378449	0	0	0
PYROXD2	122	0	122
MIR1287	0	0	0
HPS1	690	2	689
MIR4685	0	0	0
HPS1-AS1	1	1	1
HPSE2	0	0	0
MIR6507	0	0	0
CNNM1	22	0	22
GOT1	1091	0	1091
GOT1-DT	55	4	51
LINC01475	0	0	0
NKX2-3	0	0	0
LOC124902589	0	0	0
SLC25A28	625	0	625
SLC25A28-DT	6	1	5
LOC105378450	0	0	0
ENTPD7	842	65	947
COX15	1440	271	1341
CUTC	655	6	651
ABCC2	3295	1	3294
DNMBP	576	1	643
DNMBP-AS1	0	68	0
LOC124902490	0	0	0
LOC124902583	0	0	0
CPN1	0	0	0
ERLIN1	890	2	888
CHUK	607	8	599
CHUK-DT	10	137	2
CWF19L1	651	1	779
SNORA12	2	0	2
BLOC1S2	552	0	552
PKD2L1	0	0	0
SCD	26691	8	26683
OLMALINC	278	0	278
WNT8B	4	4	0
SEC31B	195	0	195
NDUFB8	1586	0	1586
HIF1AN	1138	0	1138
PAX2	1	0	1
SLF2	472	26	446
SEMA4G	60	341	0
MIR608	0	0	0
MRPL43	998	1	1278
TWNK	843	0	843
LZTS2	2729	1	2825
PDZD7	158	97	158
SFXN3	2591	6	2585
LOC107984262	38	1	37
KAZALD1	1078	57	1021
TLX1NB	0	0	0
TLX1	0	0	0
LINC01514	0	0	0
LOC124902491	0	0	0
LBX1	0	0	0
LBX1-AS1	0	0	0
LINC02681	0	0	0
LOC105378453	0	0	0
BTRC	587	0	587
LOC124902576	0	0	0
POLL	644	1	643
DPCD	318	0	318
MIR3158-1	0	0	0
MIR3158-2	0	0	0
FBXW4	431	4	427
LINC03046	61	0	61
LOC105378458	0	0	0
LOC105378457	0	2	0
FGF8	0	0	2
NPM3	449	0	449
OGA	2958	0	2958
KCNIP2-AS1	2	7	7
KCNIP2	20	6	25
ARMH3	790	2	788
LOC101927445	0	0	0
LOC124902492	1	1	0
HPS6	914	1	913
LDB1	1666	4	1690
PPRC1	1943	32	1939
NOLC1	5682	0	5682
ELOVL3	688	0	688
PITX3	18	6	69
GBF1	2128	52	2181
LOC107984263	0	48	0
NFKB2	5944	9	5936
PSD	7	5	3
FBXL15	686	8	678
CUEDC2	1668	0	1668
MIR146B	0	0	0
C10orf95-AS1	123	7	224
C10orf95	10	113	7
LOC124902493	0	24	5
SLC68A1	180	11	198
ACTR1A	1523	14	1509
SUFU	479	0	479
TRIM8-DT	12	8	4
TRIM8	1015	6	1196
LOC105378460	0	185	2
ARL3	291	1	290
SFXN2	133	0	133
WBP1L	691	0	691
CYP17A1	8	4	4
CYP17A1-AS1	2	0	2
BORCS7-ASMT	0	0	0
BORCS7	66	0	66
AS3MT	0	0	0
LOC107984265	0	15	0
CNNM2	681	1077	694
NT5C2	511	29	1557
RPEL1	0	0	0
INA	0	0	0
PCGF6	440	0	440
TAF5	259	86	257
ATP5MK	836	1	919
MIR1307	0	0	0
PDCD11	2379	3	2376
CALHM2	83	58	25
LOC124902494	0	0	0
CALHM1	0	0	0
CALHM3	11	0	11
NEURL1-AS1	0	0	0
NEURL1	702	7	699
LOC124902496	0	0	0
SH3PXD2A	2872	157	2771
LOC124902495	4	52	4
SH3PXD2A-AS1	0	0	0
STN1	409	0	409
LOC102724351	30	0	30
SLK	2499	0	2499
COL17A1	46	2	44
MIR936	0	0	0
SFR1	208	0	208
CFAP43	5	0	5
MIR609	0	0	0
LOC124902497	5	1	4
GSTO1	1429	12	1417
MIR4482	3	1	2
GSTO2	21	3	18
ITPRIP	1681	1	1682
ITPRIP-AS1	2	2	0
CFAP58	36	2	36
CFAP58-DT	1	1	0
LINC02620	0	0	0
LOC105378464	0	0	0
SORCS3	1	0	1
SORCS3-AS1	0	0	0
LOC105378465	0	0	0
LOC105378466	0	0	0
LOC105378467	0	0	0
LOC107984266	0	0	0
LINC02627	0	0	0
LOC105378468	0	0	0
LOC124902553	0	0	0
LOC105378469	0	0	0
LINC02624	0	0	0
LOC102724439	0	0	0
LOC105378472	0	0	0
SORCS1	5	2	3
LOC105378473	2	1	1
LOC105378475	0	0	0
LOC105378474	0	0	0
LOC101927573	0	0	0
LINC01435	0	0	0
LOC105378476	0	0	0
LOC105378477	0	0	0
LINC02661	0	0	0
LOC107984182	0	0	0
XPNPEP1	1825	0	1825
ADD3-AS1	1	29	4
ADD3	942	3	971
LOC105378479	0	0	0
MXI1	1587	4	1583
LOC105378480	10	6	4
SMNDC1	864	4	860
LOC105378482	10	0	10
DUSP5-DT	16	0	16
DUSP5	896	0	896
LOC105378483	8	0	8
SMC3	2334	2	2332
LOC124902586	0	0	0
RBM20	6	2	5
LOC124902498	0	0	0
LOC124902499	2	0	3
LOC124902500	0	0	0
PDCD4-AS1	39	0	40
PDCD4	3005	57	3593
MIR4680	0	0	0
BBIP1	132	593	183
SHOC2	653	0	653
RPL13AP6	8	0	8
MIR548E	0	0	0
ADRA2A	2	0	2
HEAT2	0	0	0
LOC105378484	0	0	0
LOC105378485	0	0	0
LOC124902501	2	0	2
LOC107984268	0	0	0
GPAM	302	0	302
TECTB	0	0	0
MIR6715A	0	0	0
MIR6715B	0	0	0
GUCY2GP	0	0	0
ACSL5	358	12	647
ZDHHC6	1058	356	1072
VTI1A	453	10	512
LOC124902503	7	0	7
MIR4295	0	0	0
LOC103344931	132	0	132
LINC02935	0	0	0
TCF7L2	250	3	278
LOC124902502	7	30	8
SNORA87	0	0	0
LOC105378490	0	0	0
LOC107984270	0	0	0
LOC124902504	0	0	0
HABP2	0	0	0
NRAP	2	0	2
CASP7	412	0	413
LOC124902505	0	1	0
PLEKHS1	7	0	7
MIR4483	0	0	0
LOC124900297	0	0	0
DCLRE1A	391	2	389
NHLRC2	549	1	548
LOC124902506	0	0	0
LOC124902507	0	0	0
LOC105378492	0	0	0
LOC105378493	0	0	0
ADRB1	32	0	32
LOC124902554	0	0	0
CCDC186	194	0	194
MIR2110	0	0	0
TDRD1	0	0	0
VWA2	0	0	0
AFAP1L2	0	0	0
LOC105378494	0	0	0
ABLIM1	2070	2	2068
LOC124902588	0	0	0
LOC101927692	0	0	0
LOC124902508	3	18	3
FHIP2A	551	0	569
TRUB1	611	0	611
LINC02626	1	0	1
LOC107984272	0	0	0
LOC124902509	0	0	0
LOC105378496	0	0	0
ATRNL1	0	0	0
LOC105378497	0	0	0
GFRA1	0	0	0
SNORD158	0	0	0
LOC107984273	0	0	0
CCDC172	0	0	0
PNLIPRP3	0	0	0
PNLIP	0	0	0
PNLIPRP1	0	0	0
LOC124902510	0	0	0
PNLIPRP2	0	0	0
SPMIP5	0	0	0
HSPA12A-AS1	0	0	0
HSPA12A	0	0	0
LOC105378498	0	0	0
MIR9851	0	0	0
ENO4	0	82	0
SHTN1	923	1	1004
VAX1	0	0	0
MIR3663HG	0	0	0
MIR3663	0	0	0
KCNK18	0	0	0
SLC18A2-AS1	0	0	0
SLC18A2	9	146	0
PDZD8	436	0	573
LOC105378502	0	0	0
EMX2OS	1	1	0
EMX2	0	0	0
LOC124902555	0	0	0
LOC107984274	0	0	0
LOC124902556	0	0	0
LINC02674	0	0	0
LOC105378504	0	0	0
RAB11FIP2	277	0	279
CASC2	8	2	8
LINC02944	0	0	0
FAM204A	409	0	409
LINC00867	0	0	0
LOC105378507	0	0	0
PRLHR	0	0	0
CACUL1	1772	0	1772
LOC107987151	0	0	0
LINC03036	0	0	0
NANOS1	22	0	22
EIF3A	7964	17	7947
SNORA19	0	0	0
LOC124900296	0	0	0
DENND10	830	13	817
SFXN4	665	0	665
PRDX3	6276	1	6275
GRK5	553	0	553
GRK5-IT1	2	0	2
GRK5-AS1	0	0	0
MIR4681	0	0	0
RGS10	209	0	209
TIAL1	1567	0	1656
LOC105378512	5	90	4
BAG3	2348	8	2340
LOC124902513	1	1	0
INPP5F	167	9	163
LOC105378513	0	5	0
MCMBP	2242	1	2241
SEC23IP	1232	0	1232
MIR4682	0	0	0
LOC124902514	0	0	0
LOC105378515	0	0	0
PLPP4	0	0	0
LINC01561	0	0	0
LINC02930	1	1	0
WDR11-DT	1	0	1
WDR11	1227	0	1374
LOC105378519	0	147	0
LOC105378520	0	0	0
LOC105378521	4	0	4
LOC124902516	0	0	0
LOC124902515	0	0	0
LOC105378522	0	0	0
LINC01153	0	0	0
LOC105378523	1	0	1
FGFR2	19	0	19
LOC107984183	0	0	0
ATE1	532	17	530
ATE1OSP	8	1	22
NSMCE4A	410	5	666
LOC124902517	9	258	12
TACC2	1568	2	1566
LOC124902518	0	0	0
BTBD16	17	0	17
PLEKHA1	953	0	953
MIR3941	0	0	0
HTRA1-AS1	2	1	2
ARMS2	0	1	0
HTRA1	2549	0	2549
DMBT1	46	0	46
SPADH	0	0	0
C10orf120	0	0	0
DMBT1L1	0	0	0
LOC124900290	0	0	0
FAM24B-CUZD1	0	0	0
CUZD1	0	0	0
FAM24B	54	0	54
C10orf88B	54	1	53
FAM24A	0	0	0
C10orf88	188	0	188
LOC124902519	4	0	4
PSTK	23	0	23
IKZF5	296	2	294
ACADSB	321	0	321
HMX3	0	0	0
HMX2	0	0	0
BUB3	3040	1	3039
LOC107984275	7	0	7
LINC02641	0	0	0
LOC105378530	0	0	0
GPR26	0	0	0
LOC105378532	0	0	0
CPXM2	0	0	0
CPXM2-AS1	0	0	0
LOC105378534	0	0	0
LOC107984128	8	0	8
CHST15	343	1	342
LOC105378536	0	0	0
LOC107984184	0	0	0
OAT	419	0	419
NKX1-2	0	0	0
LHPP	416	0	416
FAM53B	871	3	868
FAM53B-AS1	1	1	0
EEF1AKMT2	289	0	289
ABRAXAS2	714	0	714
ZRANB1	406	118	860
CTBP2	1512	469	1622
LOC124902520	17	20	4
MIR4296	1	0	1
LOC105378541	0	0	0
LOC105378542	0	0	0
LOC105378543	0	0	0
LOC124902521	0	0	0
LOC105378544	0	0	0
LOC105378545	0	0	0
LOC124902522	0	0	0
TEX36-AS1	0	0	0
TEX36	3	0	3
LOC102724793	0	0	0
LOC283038	1	20	0
EDRF1-DT	5	0	24
EDRF1	583	2	687
EDRF1-AS1	2	107	0
MMP21	1	0	2
UROS	1317	0	1317
MIR4484	0	0	0
BCCIP	1672	367	1897
DHX32	993	263	1322
FANK1	117	0	117
FANK1-AS1	0	0	0
ADAM12	3	2	1
LINC00601	2	0	2
LOC112267914	0	0	0
C10orf90	15	0	24
LOC728158	2	11	0
LOC105378549	0	0	0
LOC124902523	0	0	0
LOC105378548	0	0	0
LOC124900294	0	0	0
LOC105378550	45	0	45
DOCK1	1048	0	1119
LOC124900289	8	3	5
LOC107984059	0	0	0
DOCK1-AS1	0	71	0
INSYN2A	7	7	0
LOC105378551	2	2	0
LOC124902524	6	6	0
NPS	0	0	0
FOXI2	0	0	0
CLRN3	0	0	0
PTPRE	4	0	4
PTPRE-AS1	0	0	0
AS-PTPRE	0	0	0
MKI67	5355	1	5354
LINC01163	0	0	0
LOC124902558	0	0	0
LOC105378554	0	0	0
LOC107984185	0	0	0
LOC105378555	0	0	0
LINC02667	0	0	0
LOC124902559	0	0	0
LOC105378556	0	0	0
LOC105378557	0	0	0
MGMT	0	0	0
LOC124902531	0	0	0
LOC105378560	0	0	0
LOC107984281	0	0	0
EBF3	0	0	0
MIR4297	0	0	0
EBF3-AS1	0	0	0
C10orf143	7	0	7
CTAGE7P	20	20	0
LOC102724883	14	0	15
LOC124902560	0	1	0
LOC105378561	1	2	1
GLRX3	1737	0	1739
LOC124902561	31	0	31
LOC124900609	0	0	0
LOC105378562	0	0	0
MIR378C	0	0	0
LOC107984186	0	0	0
TCERG1L	0	0	0
TCERG1L-AS1	0	0	0
LOC105378563	0	0	0
LOC101927461	0	0	0
LINC01164	0	0	0
LOC105378565	0	0	0
LOC105378566	0	0	0
PPP2R2D	936	2868	845
BNIP3	1639	7	4409
LOC124902525	1	0	1
JAKMIP3	3	3	2
JAKMIP3-AS1	0	0	2
DPYSL4	0	0	0
STK32C	437	10	438
LRRC27	134	1	144
LOC124902526	44	42	3
PWWP2B	1021	0	1022
LINC03068	123	0	123
LINC02870	50	0	50
LOC105378569	1	0	1
LOC107984282	11	3	8
INPP5A	269	0	323
NKX6-2	0	54	0
CFAP46	0	0	0
LOC105378571	0	0	0
LOC105378572	0	0	0
LINC01166	0	0	0
LINC01167	0	0	0
LINC01168	0	2	0
LOC124902527	0	0	2
LOC107984283	0	0	0
LOC112268067	16	0	16
ADGRA1-AS1	0	0	0
ADGRA1	0	0	0
KNDC1	91	0	95
LOC105378574	0	1	0
LOC105378573	0	3	0
UTF1	0	0	0
VENTX	0	0	0
MIR202HG	0	0	0
MIR202	0	0	0
ADAM8	177	0	177
TUBGCP2	1872	275	1875
LOC124902562	0	0	0
ZNF511-PRAP1	0	0	0
ZNF511	23	0	23
CALY	8	2	6
PRAP1	3	3	0
FUOM	374	0	374
ECHS1	4912	0	4912
MIR3944	0	0	0
LOC124902563	1	1	0
PAOX	4	0	4
MTG1	1065	1	1216
SPRN	9	161	1
LOC124902564	0	0	1
SCART1	58	0	58
LOC105378575	2	3	0
CYP2E1	21	0	22
SYCE1	0	0	0
SPRNP1	11	11	0
FRG2B	0	0	0
LINC01001	13	0	13
LOC112268070	1	0	1
LOC101930129	0	0	0
SCGB1C1	0	0	0
CIMAP1A	0	0	0
BET1L	838	0	838
RIC8A	1980	11	2042
MIR6743	0	0	0
SIRT3	463	74	462
PSMD13	1703	0	1703
NLRP6	3	1	3
PGGHG	468	0	468
IFITM5	0	0	0
IFITM2	3897	1	3898
IFITM1	6907	4	6903
IFITM3-AS1	18	8	10
IFITM3	13597	5	13593
B4GALNT4	1499	4	1495
PKP3	1689	1	1688
SIGIRR	207	0	207
ANO9	2	2	0
LOC105376506	0	0	0
PTDSS2	181	1	180
RNH1	0	2	0
LRRC56	3	0	3
HRAS	0	0	0
LMNTD2	29	2	31
LMNTD2-AS1	0	4	0
RASSF7	147	0	147
MIR210HG	235	2	233
MIR210	1	0	1
LOC124902805	0	0	0
LOC143666	5	2	3
PHRF1	0	0	0
IRF7	0	0	0
CDHR5	0	0	0
SCT	0	0	0
DRD4	8	0	8
DEAF1	1009	54	987
LOC124902603	1	1	0
TMEM80	174	22	152
EPS8L2	2276	8	2300
LOC105376509	2	1	1
TALDO1	4380	9	4371
GATD1	1123	1	1122
GATD1-DT	35	0	37
LOC124900301	90	0	90
CEND1	2	2	0
SLC25A22	1669	78	1663
PANO1	15	37	44
PIDD1	610	10	602
RPLP2	9245	2	9245
SNORA52	21	0	21
PNPLA2	2746	29	2717
CRACR2B	64	64	0
CD151	4729	9	4723
POLR2L	1224	7	1225
TSPAN4	1615	16	1604
CHID1	1121	1	1120
AP2A2	180	0	180
MUC6	0	0	0
LOC124902605	0	0	0
LINC02688	0	0	0
LOC107987157	0	0	0
MUC2	0	0	0
MUC5AC	0	0	0
MUC5B	15	0	15
MUC5B-AS1	0	0	0
MIR6744	0	0	0
TOLLIP	1	0	1
TOLLIP-DT	0	0	0
LOC124902606	0	0	0
LINC02689	0	0	0
BRSK2	0	0	0
MOB2	0	0	0
LOC124902607	0	0	0
DUSP8	0	0	0
LOC124902608	0	0	0
KRTAP5-AS1	0	0	0
KRTAP5-1	0	0	0
KRTAP5-2	0	0	0
KRTAP5-3	0	0	0
KRTAP5-4	0	0	0
KRTAP5-5	0	0	0
LOC124902609	0	0	0
FAM99A	0	0	0
FAM99B	0	0	0
LINC02708	0	0	0
KRTAP5-6	0	0	0
IFITM10	58	0	58
CTSD	7202	6	9044
PRADX	12	1861	0
LOC105376517	0	0	0
LOC124902610	0	0	0
SYT8	0	0	0
TNNI2	0	0	0
LOC107984299	0	0	0
LSP1	0	0	0
MIR4298	0	0	0
MIR7847	0	0	0
PRR33	0	0	0
LINC01150	0	0	0
TNNT3	0	0	0
MRPL23	0	0	0
SNORD131	0	0	0
MRPL23-AS1	0	0	0
LINC01219	0	0	0
H19	0	0	0
MIR675	0	0	0
INS-IGF2	0	0	0
IGF2	0	0	0
MIR483	0	0	0
IGF2-AS	0	0	0
INS	0	0	0
TH	0	0	0
MIR4686	0	0	0
ASCL2	0	0	0
C11orf21	0	0	0
TSPAN32	3	3	0
LOC124902612	0	0	0
CD81-AS1	3	471	4
LOC124902611	0	0	0
LOC105376520	0	0	0
CD81	3005	5	3472
TSSC4	595	0	595
TRPM5	0	0	0
KCNQ1	10	0	10
LOC124902613	0	0	0
KCNQ1OT1	0	0	0
LOC124902614	0	0	0
KCNQ1-AS1	1	0	1
KCNQ1DN	0	0	0
CDKN1C	32	1	31
SLC67A1-AS	15	96	1
SLC67A1	54	0	136
PHLDA2	0	0	0
NAP1L4	115	0	115
SNORA54	0	0	0
CARS1	206	0	207
CARS1-AS1	1	2	0
LOC124902615	49	0	49
OSBPL5	1486	2	1484
MRGPRG	0	0	0
MRGPRG-AS1	0	0	0
MRGPRE	0	0	0
ZNF195	524	0	524
TSSC2	0	0	0
OR7E12P	0	0	0
LOC105376526	0	0	0
LOC101927708	0	0	0
LOC107984301	0	0	0
LOC124902617	0	0	0
XNDC1CP	0	0	0
TRPC2	0	0	0
ART5	11	0	11
ART1	25	0	25
CHRNA10	119	80	39
NUP98	3877	0	3877
LOC124902832	2	2	0
PGAP2	666	1	771
LOC124902618	1	106	1
RHOG	1091	0	1091
LOC124902619	1	1	0
STIM1-AS1	1	5	5
STIM1	1430	8	1431
MIR4687	0	0	0
PPIAP40	0	0	0
RRM1	5359	0	5359
LINC02749	0	0	0
SSU72L5	0	0	0
SSU72L2	0	0	0
SSU72L4	0	0	0
SSU72L3	0	0	0
SSU72L1	0	0	0
OR52B4	0	0	0
TRIM21	683	0	683
OR52K2	0	0	0
OR52K1	0	0	0
OR52M1	0	0	0
C11orf40	0	0	0
OR52I2	1	1	0
OR52I1	0	0	0
TRIM68	156	0	156
OR51D1	0	0	0
OR51E1	0	0	0
LOC105376528	0	0	0
OR51E2	0	0	0
OR51C1	0	0	0
MMP26	0	0	0
LOC124900304	0	0	0
OR51F1	0	0	0
OR52R1	0	0	0
OR51F2	0	0	0
OR51S1	0	0	0
OR51H1	0	0	0
OR51T1	0	0	0
OR51A7	0	0	0
OR51G2	0	0	0
OR51G1	0	0	0
OR51A4	0	0	0
OR51A2	0	0	0
OR51L1	0	0	0
OR52J3	0	0	0
OR52E2	0	0	0
OR52E1	0	0	0
OR52A5	0	0	0
OR52A1	0	0	0
OR52Z1P	0	0	0
OR51V1	0	0	0
HBB	2	0	2
HBD	0	0	0
HBBP1	0	0	0
BGLT3	0	0	0
HBG1	0	0	0
HBG2	0	0	0
HBE1	25	0	25
OR51B4	4	0	4
OR51B2	0	0	0
OR51B5	24	0	24
OR51B6	0	0	0
OR51M1	0	0	0
OR51Q1	0	0	0
OR51I1	0	0	0
OR51I2	0	0	0
OR52D1	0	0	0
UBQLN3	0	0	0
UBQLNL	7	0	7
OLFM5P	0	0	0
OR52H1	0	0	0
OR52B6	0	0	0
TRIM5	530	0	531
TRIM6	181	0	181
TRIM6-TRIM34	0	0	0
TRIM34	2	0	2
LOC107984302	4	0	4
TRIM22	113	0	113
LOC124902620	0	0	0
OR52N4	1	0	1
OR52P1	0	0	0
OR56B1	0	0	0
OR56B2	1	1	0
OR52N5	0	0	0
OR52N1	0	0	0
OR52N2	0	0	0
OR52E6	0	0	0
OR52E8	0	0	0
OR52E4	0	0	0
LOC112268071	1	0	1
OR52E5	0	0	0
OR56A3	0	0	0
OR56A5	0	0	0
LOC124902621	0	0	0
OR52L1	0	0	0
OR56A4	0	0	0
OR56A1	0	0	0
LOC107984303	0	0	0
LOC124902622	0	0	0
OR56B4	0	0	0
OR52B2	0	0	0
OR52W1	0	0	0
C11orf42	3	3	0
FHIP1B	653	0	653
CNGA4	0	0	0
CCKBR	0	0	0
CAVIN3	254	5	1179
LOC101927825	9	934	5
LOC124902623	0	0	0
LOC124902624	1	0	1
SMPD1	742	0	742
APBB1	5	0	5
HPX	13	0	13
TRIM3	355	2	353
ARFIP2	2948	0	2948
TIMM10B	612	0	612
DNHD1	1284	18	1268
RRP8	637	0	647
ILK	30	80	2492
TAF10	1560	2492	1602
TPP1	3461	0	3461
DCHS1	10	0	10
MRPL17	2571	0	2571
LOC124902625	0	0	0
GVINP1	9	0	9
OR2AG2	1	0	1
OR2AG1	0	0	0
OR6A2	0	0	0
OR10A5	0	0	0
OR10A2	0	0	0
OR10A4	0	0	0
OR2D2	0	0	0
LOC107984019	2	10	2
OR2D3	0	0	0
ZNF215	115	4	160
LOC102724711	2	36	2
ZNF214	25	17	8
NLRP14	4	0	4
RBMXL2	0	0	0
MIR302E	0	0	0
SYT9	0	0	0
SYT9-AS1	0	0	0
OLFML1	301	0	301
LOC124902806	1	1	1
PPFIBP2	126	0	132
LOC105376535	2	5	2
CYB5R2	3	3	0
LOC105376533	0	0	0
OVCH2	1	1	0
LOC124902626	0	0	0
OR5P2	0	0	0
OR5P3	0	0	0
OR5E1P	0	0	0
LOC283299	0	0	0
LOC107984307	0	0	0
OR10A6	0	0	0
OR10A3	0	0	0
NLRP10	0	0	0
EIF3F	4516	2	4514
CASC23	0	0	0
TUB	0	0	0
LOC124902627	0	0	0
TUB-AS1	0	0	0
RIC3	2	0	2
RIC3-DT	0	0	0
LMO1	172	0	189
LOC105376536	7	24	0
STK33	5	0	5
LOC124900315	0	0	0
TRIM66	448	15951	421
RPL27A	6639	22	22531
SNORA3A	46	0	46
SNORA3B	15	0	15
DENND2B	1888	7	1881
LOC107984308	1	1	0
DENND2B-AS1	0	0	0
AKIP1	1314	1	1316
C11orf16	14	17	0
ASCL3	1	1	0
TMEM9B	588	31	610
TMEM9B-AS1	46	29	70
NRIP3	1	0	1
NRIP3-DT	0	1	0
SCUBE2	21	0	22
MIR5691	0	0	0
KRT8P41	0	0	0
LOC105376542	2	0	2
DENND5A	3171	0	3171
TRL-CAA5-1	0	0	0
TMEM41B	692	0	692
IPO7	8466	0	8466
SNORA23	0	0	0
ZNF143-AS1	103	0	103
ZNF143	552	0	552
WEE1	1859	2	1857
LOC124902827	6	0	6
LOC124902628	0	0	0
SWAP70	1016	1	1015
LINC02709	16	0	16
SBF2-AS1	48	115	86
SBF2	1267	68	1368
LOC105369149	0	0	3
LOC124902802	6	6	0
LOC101928008	0	1	0
ADM	5727	2	5727
CAND1.11	7	0	7
AMPD3	46	1	45
MIR4485	0	0	0
RNF141	576	4	572
IRAG1-AS1	0	1	0
LYVE1	0	0	0
IRAG1	4	0	5
CTR9	2175	0	2175
EIF4G2	17346	3	17343
SNORD97	1	0	1
LOC101928053	15	10	5
ZBED5	1557	2	1555
ZBED5-AS1	46	0	46
LOC124902629	19	0	19
LOC107984309	4	0	7
LOC105379882	2	3	2
LINC02752	1	0	1
LOC105376548	0	0	0
LOC124902630	0	0	0
LOC124902631	0	0	0
GALNT18	0	0	0
LOC124902633	0	0	0
CSNK2A3	0	0	0
LOC107983976	0	0	0
GALNT18-AS1	0	0	0
LOC105376553	0	0	0
MIR4299	0	0	0
MIR8070	0	0	0
LOC107984311	0	0	0
USP47	2188	1	2187
DKK3	0	0	0
LINC02547	0	0	0
LINC02989	1	0	1
MICAL2	422	0	422
MIR6124	0	0	0
LOC124902634	4	4	0
PARVA	1558	6	1552
LOC105376556	0	0	0
TEAD1	3410	14	3396
LOC107984313	0	0	0
TEAD1-AS1	0	0	0
LINC00958	379	0	379
RASSF10-DT	495	0	496
RASSF10	4	5	0
LOC105376558	0	0	0
LOC124902635	0	0	0
BMAL1	635	11	628
LOC124902636	3	7	0
BTBD10	458	0	458
PTH	0	0	0
FAR1	970	0	970
LINC02548	0	0	0
LINC02545	0	0	0
LINC02683	1	0	1
SPON1	42	49	0
LOC124902637	0	0	0
RRAS2	1291	1	1297
COPB1	6466	2	6464
PSMA1	4807	1	4807
PDE3B	496	82	482
LOC107984315	1	0	1
LOC124902639	1	0	1
CYP2R1	258	19	306
CALCA	0	0	0
CALCB	0	0	0
INSC	1	0	1
LINC02751	0	0	0
LOC105376568	0	0	0
LOC105376567	0	0	0
LOC107984370	0	0	0
LOC124902800	0	0	0
LINC02682	0	0	0
SOX6	0	0	0
MIR6073	0	0	0
LOC105376572	0	0	0
LOC124900593	0	0	0
LOC105376571	0	0	0
C11orf58	2204	0	2204
PLEKHA7	356	0	356
SNORD147	0	0	0
OR7E14P	0	0	0
RPS13	5274	2	5272
SNORD14A	13	0	13
SNORD14B	12	0	12
PIK3C2A	999	0	999
NUCB2	901	0	901
LOC124902640	44	0	44
LOC105376576	0	0	0
NCR3LG1	125	0	125
KCNJ11	0	0	0
ABCC8	0	0	0
LOC124902641	0	0	0
USH1C	26	0	26
OTOG	1	0	1
LINC02729	0	0	0
MYOD1	0	0	0
KCNC1	0	0	0
SERGEF	141	0	141
LOC124902642	0	0	3
LOC107984317	0	3	0
TPH1	4	0	4
SAAL1	243	0	243
SAA3P	0	0	0
MRGPRX3	0	0	0
MRGPRX4	0	0	0
SLC25A51P4	0	0	0
SAA2-SAA4	0	0	0
SAA4	0	0	0
SAA2	0	0	0
SAA1	0	0	0
HPS5	0	0	0
GTF2H1	0	0	0
LOC105376577	0	0	0
MIR3159	0	0	0
LDHA	0	0	0
LDHC	1	0	1
LDHAL6A	2	2	0
TSG101	735	0	735
UEVLD	289	0	289
LOC112268073	3	4	0
MISFA	4	70	5
SPTY2D1	444	0	515
LOC105376578	0	1	0
TMEM86A	2	0	2
IGSF22	0	0	0
IGSF22-AS1	0	0	0
PTPN5	0	0	0
MRGPRX1	0	0	0
MRGPRX2	0	0	0
ZDHHC13	204	0	204
CSRP3	0	0	0
CSRP3-AS1	0	0	1
E2F8	129	1	129
NAV2	1217	6	1338
NAV2-AS5	0	0	0
NAV2-AS4	0	0	0
MIR4486	0	0	0
LOC124900310	0	0	0
LEISA1	5	4	11
MIR4694	0	0	0
NAV2-AS3	0	0	0
LOC124902644	4	15	1
NAV2-AS2	0	99	0
LOC107984418	3	3	0
LOC124902643	0	0	0
DBX1	0	0	0
LOC105376583	0	0	0
HTATIP2	2216	0	2216
PRMT3	626	0	626
LOC124902808	1	0	1
LOC105376584	0	0	0
SLC6A5	0	0	0
NELL1	0	0	0
LOC105376585	0	0	0
NELL1-AS1	0	0	0
LOC102723370	0	0	0
LOC105376587	0	0	0
LOC124902645	0	0	0
ANO5	0	0	0
SLC17A6-DT	0	0	0
SLC17A6	0	0	0
LINC01495	0	0	0
LOC105376588	0	0	0
FANCF	149	5	144
GAS2	0	0	0
SVIP	123	0	124
LINC02718	0	1	0
CCDC179	0	0	0
LOC124902646	0	0	0
MIR8054	0	0	0
LINC02726	0	0	0
LOC124902647	0	0	0
LOC107984378	0	0	0
LINC02686	0	0	0
LOC105376595	0	0	0
LUZP2	0	0	0
LINC02699	0	0	0
ANO3	0	0	0
ANO3-AS1	0	0	0
LOC105376598	0	0	0
MUC15	0	0	0
LOC124902648	0	0	0
LOC107987160	0	0	0
SLC5A12	0	0	0
LOC124902649	0	0	0
LOC124902650	0	0	0
FIBIN	0	0	0
BBOX1	0	0	0
BBOX1-AS1	0	0	0
LOC124902651	0	0	0
LOC105376600	0	0	0
LOC105376601	25	0	25
CCDC34	679	0	679
LGR4	2548	2	2549
LGR4-AS1	1	3	1
LIN7C	586	0	586
BDNF-AS	2	179	4
MIR8087	0	0	0
LINC00678	0	0	0
BDNF	362	6	537
LOC124902652	1	0	1
LOC124902653	0	0	0
LOC124902654	1	0	1
LOC124902655	7	0	7
KIF18A	482	0	482
MIR610	0	0	0
METTL15	418	0	418
MIR8068	0	0	0
LINC02758	3	0	3
LOC105376604	1	1	0
LINC02742	1	0	1
LINC02755	8	0	8
LINC02546	0	0	0
LINC01616	0	0	0
KCNA4	0	0	0
LOC107984321	0	0	0
ARL14EP-DT	1	0	1
FSHB	0	0	0
ARL14EP	308	0	308
LOC102723403	0	0	0
MPPED2	0	0	0
MPPED2-AS1	0	0	0
LINC02859	0	0	0
LOC101928338	0	0	0
LOC107984419	0	0	0
DCDC1	2	0	2
LOC124902656	0	0	0
LOC105376611	0	0	0
DNAJC24	226	25	296
IMMP1L	27	74	48
ELP4	374	40	374
ELP4-AS1	2	2	0
PAX6	333	3	370
PAX6-AS1	0	0	0
PAUPAR	0	0	0
LOC107984420	0	0	0
LOC124902657	0	0	0
LOC124902658	5	5	0
LINC03031	4	0	4
LOC105376613	2	2	0
LOC101928385	2	0	2
LOC124902847	0	0	0
RCN1	17466	2	17464
LOC107984322	0	0	0
SNORA88	0	0	0
WT1	0	0	0
WT1-AS	0	0	0
EIF3M	3721	1	3730
CCDC73	6	28	6
PRRG4	200	0	218
QSER1	1357	0	1438
LOC105376615	0	81	0
DEPDC7	317	0	317
TCP11L1	182	0	182
LINC00294	445	0	445
CSTF3	893	6	887
CSTF3-DT	3	0	3
HIPK3	1018	1	1017
KIAA1549L	5	5	0
LOC105376617	0	0	0
C11orf91	32	0	32
CD59	7292	1	7291
FBXO3	565	0	565
FBXO3-DT	0	0	0
LINC02722	9	0	9
LINC02721	0	0	0
LMO2	30	0	30
LOC105376621	0	0	0
LOC124902659	0	0	0
LOC101929918	6	752	9
CAPRIN1	11466	3	12218
LOC124902660	0	0	0
NAT10	1443	0	1443
ABTB2	770	66	704
LOC105376622	0	0	0
CAT	2069	1	2068
ELF5	0	0	0
LINC02707	3	0	3
EHF	107	0	107
LOC102723568	0	0	0
LOC105376625	0	0	0
LOC105376624	3	0	3
APIP	359	2	359
PDHX	2028	0	2030
MIR1343	1	0	1
LOC105376626	26	20	6
LOC105376627	4	0	4
CD44-DT	2	0	2
CD44	6130	2	7481
SNORD164	0	0	0
CD44-AS1	8	1361	0
SLC1A2	5	0	5
SLC1A2-AS1	0	0	0
SLC1A2-AS2	0	0	0
PAMR1	2	0	2
FJX1	142	1	141
TRIM44	3415	0	3415
LOC124902661	1	0	1
LDLRAD3	360	1	364
MIR3973	0	0	0
LOC101928510	0	0	0
COMMD9	1203	8	1200
PRR5L	514	0	514
TRAF6	228	1	227
RAG1	3	0	3
RAG2	0	33	0
IFTAP	48	0	81
LOC107984325	0	0	0
LOC107984326	0	0	0
LOC105376631	0	0	0
LOC105376632	0	0	0
LINC02760	0	0	0
LOC105376634	7	0	7
LINC02759	0	0	0
LOC105376635	0	0	0
LINC01493	0	0	0
LOC101928563	9	0	9
LOC107984362	0	0	0
LOC105376636	0	0	0
LOC105376637	0	0	0
LRRC4C	0	0	0
LINC02741	0	0	0
LINC01499	0	0	0
LOC105376639	0	0	0
LINC02745	0	0	0
LOC105376641	0	0	0
LINC02740	0	0	0
LOC105376642	0	0	0
LOC124902662	0	0	0
HNRNPKP3	0	0	0
API5	2677	1	2676
TTC17	1660	0	1660
HSD17B12	273	0	325
MIR670	0	0	0
LOC124902807	0	0	0
MIR670HG	0	0	0
MIR129-2	0	0	0
LOC107984328	1	53	0
LOC105376644	0	0	0
ALKBH3	332	0	333
SEC14L1P1	13	0	13
ALKBH3-AS1	8	10	0
ACCSL	5	0	6
LOC124902663	1	1	0
C11orf96	0	0	0
ACCS	123	0	123
EXT2	1849	4	1845
ALX4	0	0	0
LOC105376645	0	0	0
LOC105376646	0	0	0
CD82	341	2	465
CD82-AS1	0	125	1
LINC02704	0	0	0
TSPAN18-AS1	0	0	0
TSPAN18	0	3	0
LOC124902664	0	0	0
TP53I11	302	1	304
LOC105376649	0	0	0
LINC02685	0	0	0
LOC105376650	0	0	0
PRDM11	373	3	374
LOC105376652	1	2	3
SYT13	1	0	1
LINC02696	0	0	0
LINC02687	0	0	0
LOC105376654	0	0	0
LOC105376655	0	0	0
LOC105376656	0	0	0
LOC124902665	0	0	0
CHST1	0	0	0
LOC124902666	0	0	0
MIR7154	0	0	0
LOC100507384	0	0	0
LOC124902667	0	0	0
LINC02690	0	0	0
LINC02716	6	0	6
SLC35C1	1822	5	1817
CRY2	436	0	436
MAPK8IP1	41	5	36
LOC124902668	0	0	0
FREY1	4	0	4
PEX16	745	0	745
LARGE2	1	0	1
PHF21A	2665	1	2664
LOC105376661	9	0	9
LOC101928894	0	0	0
LINC02710	0	0	0
LOC124902669	39	1	38
LINC02489	2	1	1
CREB3L1	61	0	61
DGKZ	1463	1	1462
MIR4688	0	0	0
MDK	26	0	28
CHRM4	9	2	9
AMBRA1	1056	0	1056
MIR3160-1	0	0	0
MIR3160-2	0	0	0
HARBI1	68	150	71
ATG13	1540	3	1690
ARHGAP1	934	3	931
ZNF408	455	0	455
F2	0	0	0
CKAP5	3260	2	3258
MIR5582	0	0	0
LOC124900314	0	0	0
SNORD67	0	0	0
LRP4-AS1	0	13	0
LRP4	138	0	151
CSTPP1	530	72	675
LOC124902670	0	0	0
LOC124902671	8	1	7
LOC124902672	17	166	16
ARFGAP2	1655	8	1699
PACSIN3	2207	4	2203
MIR6745	0	0	0
DDB2	1094	71	1043
ACP2	1772	34	2093
NR1H3	995	334	996
MADD	1776	0	1776
MADD-AS1	0	0	0
MYBPC3	8	0	8
SPI1	0	0	0
SLC39A13-AS1	1	1	1
MIR4487	0	0	0
SLC39A13	396	0	397
PSMC3	4704	3	4701
LOC124902673	0	0	0
RAPSN	11	0	11
CELF1	2873	42	2869
PTPMT1	1530	0	1599
KBTBD4	0	31	0
NDUFS3	0	0	0
FAM180B	0	0	0
C1QTNF4	0	0	0
MTCH2	0	0	0
AGBL2	0	0	0
FNBP4	0	0	0
NUP160	177	2	175
PTPRJ	1901	0	1901
MIR3161	1	0	1
OR4B1	0	0	0
OR4X2	0	0	0
OR4X1	0	0	0
OR4S1	0	0	0
OR4C3	0	0	0
OR4C5	0	0	0
OR4A47	0	0	0
TRIM51G	0	0	0
TRIM49B	0	0	0
TRIM64C	0	0	0
FOLH1	1	0	1
GRM5P1	0	0	0
OR4C13	0	0	0
OR4C12	0	0	0
OR4C45	0	0	0
LOC101060224	0	0	0
LOC124902811	0	0	0
SEPTIN7P11	0	0	0
LINC02750	0	0	0
LOC646813	0	0	0
OR4C46	0	0	0
OR4A5	0	0	0
TRIM48	0	0	0
TRIM51HP	0	0	0
OR4A16	0	0	0
OR4A15	0	0	0
OR4C15	0	0	0
OR4C16	0	0	0
OR4C11	0	0	0
OR4P4	0	0	0
OR4S2	0	0	0
OR4C6	0	0	0
OR5D3	0	0	0
OR5D13	0	0	0
OR5D14	0	0	0
OR5L1	0	0	0
OR5D18	0	0	0
OR5L2	0	0	0
OR5D16	0	0	0
TRIM51	0	0	0
OR5W2	0	0	0
OR5I1	0	0	0
OR10AG1	0	0	0
OR7E5P	0	0	0
OR5F1	0	0	0
OR5AS1	0	0	0
OR8I2	0	0	0
OR8H2	0	0	0
OR8H3	0	0	0
OR8J3	0	0	0
OR8K5	0	0	0
OR5J2	0	0	0
OR8J2	0	0	0
OR5T2	0	0	0
OR5T3	0	0	0
OR5T1	0	0	0
OR8H1	0	0	0
OR8K3	0	0	0
OR8K1	0	0	0
OR8J1	0	0	0
OR8U1	0	0	0
OR5AL1	0	0	0
OR8U3	0	0	0
OR5M9	0	0	0
OR5M3	0	0	0
OR5M8	0	0	0
OR5M11	0	0	0
OR5M10	0	0	0
OR5M1	0	0	0
OR5AP2	0	0	0
OR5AR1	0	0	0
OR9G1	0	0	0
OR9G4	0	0	0
MIR6128	0	0	0
LINC02735	0	0	0
LOC105369310	0	0	0
OR5AK2	0	0	0
OR5AK4P	0	0	0
LOC105369309	0	0	0
LRRC55	0	0	0
APLNR	0	0	0
LOC107984364	0	0	0
TNKS1BP1	4034	1	4033
SSRP1	6206	2	6210
LOC124902831	11	0	11
P2RX3	90	11	85
PRG3	0	0	0
PRG2	126	0	126
SLC43A3	11957	3	11954
RTN4RL2	3049	3	3046
SLC43A1	109	1	108
TIMM10	510	0	510
SMTNL1	0	0	0
UBE2L6	0	0	0
SERPING1	160	0	160
MIR130AHG	7	0	7
MIR130A	0	0	0
YPEL4	7	5	2
CLP1	534	0	534
ZDHHC5	2322	3	2319
MED19	271	4	270
TMX2-CTNND1	0	0	0
TMX2	2080	0	2080
SELENOH	1704	1	1705
BTBD18	2	4	0
CTNND1	15	0	15
LOC107984365	0	0	0
LOC107984331	0	0	0
OR9Q1	0	0	0
OR6Q1	0	0	0
LOC124902674	0	0	0
OR9I1	0	0	0
OR9Q2	0	0	0
OR1S2	0	0	0
OR1S1	0	0	0
OR10Q1	0	0	0
OR10W1	0	0	0
OR5B17	0	0	0
OR5B3	0	0	0
OR5B2	0	0	0
OR5B12	0	0	0
LOC105369313	6	0	6
OR5B21	0	0	0
LPXN	101	19	83
ZFP91	2174	0	2174
ZFP91-CNTF	0	0	0
CNTF	1	0	1
GLYAT	0	0	0
GLYATL2	8	0	8
GLYATL1	0	0	0
GLYATL1-AS1	0	0	0
GLYATL1B	0	0	0
LOC105369315	0	0	0
FAM111B	386	0	386
FAM111A-DT	32	0	32
FAM111A	182	0	182
LOC124902601	3	34	2
DTX4	1029	2	1127
LOC124902675	2	69	0
MPEG1	0	0	0
OR5AN1	0	0	0
OR5A2	0	0	0
OR5A1	0	0	0
OR4D6	0	0	0
OR4D10	0	0	0
LOC124902818	0	0	0
OR4D11	0	0	0
OR4D9	0	0	0
LOC102723575	5	12	4
TRV-TAC1-1	1	1	0
TRV-TAC2-1	0	1	0
TRR-TCT3-2	0	0	1
TRL-TAA3-1	0	0	0
TRK-TTT5-1	1	0	1
TRF-GAA1-3	0	0	0
LINC02739	14	2	23
TRK-TTT3-4	0	0	0
TRF-GAA2-1	0	0	0
OSBP	1962	4	1958
MIR3162	0	0	0
LOC101927226	5	1	4
PATL1	2213	0	2213
PATL1-DT	4	0	4
OR10V1	0	0	0
OR10V2P	0	0	0
STX3	350	5	345
MRPL16	1833	5	1828
CBLIF	0	0	0
TCN1	2	0	2
OOSP3	2	0	2
OOSP1	0	0	0
OOSP4A	0	0	0
OOSP4B	0	0	0
OOSP2	0	0	0
MS4A3	0	0	0
MS4A2	0	0	0
LINC02705	0	0	0
MS4A6A	0	0	0
MS4A4E	0	0	0
MIR6503	0	0	0
MS4A4A	0	0	0
MS4A6E	0	0	0
MS4A7	0	0	0
MS4A14	0	0	0
MS4A5	0	0	0
MS4A1	0	0	0
MS4A12	0	0	0
MS4A13	0	0	0
LOC105369321	0	0	0
LINC00301	0	0	0
MS4A8	0	0	0
MS4A18	0	0	0
MS4A15	0	0	0
MS4A10	0	0	0
LOC105369322	0	0	0
CCDC86-AS1	0	182	0
CCDC86	1582	4	1914
PTGDR2	10	0	10
ZP1	1	1	0
PRPF19	4208	1	4207
PRPF19-DT	8	0	8
TMEM109-DT	1	49	0
TMEM109	2556	2	2602
LOC124902676	8	10	2
TMEM132A	3099	6	3139
SLC15A3	200	42	200
CD6	0	0	0
LOC105369326	0	0	0
LOC105369325	0	0	0
LINC02954	0	0	0
LOC124902677	0	0	0
CD5	0	0	0
VPS37C	374	0	374
LOC124902678	0	0	0
PGA3	0	0	0
PGA4	0	0	0
PGA5	2	2	0
VWCE	169	0	169
DDB1	8584	1	8587
TKFC	2471	816	2491
CYB561A3	1326	37	2128
TMEM138	1180	3	1184
TMEM216	126	1	125
CPSF7	3146	6	3141
SDHAF2	966	0	967
SAXO4	27	0	27
LOC105369329	1	0	1
MIR4488	0	0	0
LRRC10B	0	0	0
SYT7	1207	3	1204
LOC105369331	6	0	6
LOC101927495	4	0	4
RPLP0P2	3	0	3
DAGLA	217	0	217
MYRF	41	26	16
MYRF-AS1	0	0	0
TMEM258	284	0	285
MIR611	1	0	1
FEN1	4022	40	3982
FADS1	3663	69	3980
MIR1908	0	0	0
FADS2	960	323	1023
LOC124902680	31	0	31
LOC124902679	6	0	6
FADS3	1829	3	1826
MIR6746	2	0	2
RAB3IL1	419	0	419
BEST1	13	35377	6
LOC107984334	0	2	0
FTH1	0	33	114521
LOC399900	80	11019	43
LINC02733	9	3	6
LOC124902681	0	0	0
INCENP	1683	4	1679
SCGB1D1	0	0	0
SCGB2A1	0	0	0
SCGB1D2	0	0	0
SCGB2A2	0	0	0
SCGB1D4	0	0	0
ASRGL1	81	0	81
LOC124902682	0	0	0
LOC102723765	0	0	0
SCGB1A1	0	0	0
AHNAK	8694	3	8691
EEF1G	40272	13	40259
MIR6747	0	0	0
TUT1	937	71	866
MTA2	2736	6	2730
EML3	1312	8	1312
ROM1	37	0	45
B3GAT3	785	2	783
GANAB	17715	3	17712
INTS5	874	0	874
LBHD1	127	262	221
C11orf98	3	0	10
CSKMT	35	136	22
SNORA57	0	0	0
UQCC3	24	55	280
UBXN1	1632	2	1630
LRRN4CL	5	0	5
HNRNPUL2-BSCL2	0	0	0
BSCL2	10	0	24
GNG3	32	110	0
HNRNPUL2	329	0	329
TTC9C	585	0	585
ZBTB3	51	0	51
POLR2G	450	0	450
TMEM223	252	153	268
TAF6L	344	40	322
TMEM179B	332	35	447
MIR6748	0	0	0
NXF1	1610	1	1609
MIR6514	0	0	0
STX5	603	1	602
STX5-DT	2	305	0
TEX54	0	0	0
WDR74	571	8	866
RNU2-2	0	0	0
SNHG1	1388	1	1387
SNORD22	17	0	17
SNORD31	69	0	69
SNORD30	0	0	0
SNORD29	2	0	2
LOC124900306	33	0	33
SNORD28	14	0	14
SNORD27	3	0	3
SNORD26	0	0	0
SNORD25	0	0	0
SLC3A2	24451	5	24446
CHRM1	6	0	9
CHRM1-AS1	0	3	0
LOC105369333	0	0	0
SLC22A6	0	0	0
SLC22A8	0	0	0
SLC22A24	0	0	0
SLC22A25	0	0	0
LOC105369334	0	0	0
SLC22A10	0	0	0
SLC22A9	0	0	0
PLAAT5	0	0	0
LOC124902684	0	0	0
LGALS12	8	0	8
PLAAT4	442	0	442
PLAAT2	215	0	215
PLAAT3	494	1	493
LOC105369335	0	0	0
LNCROPM	0	81	0
ATL3	1128	0	1209
RTN3	2819	2	2817
ZFTA	742	2	740
SPINDOC	544	0	544
MARK2	741	1	740
RCOR2	8	0	8
NAA40	408	1	407
COX8A	1644	0	1644
OTUB1	1190	5	1187
MACROD1	901	9	920
LOC124902685	0	0	0
FLRT1	15	38	3
LOC105369339	27	0	27
LOC124902686	53	2	57
STIP1	5617	7	5616
FERMT3	29	10	30
TRPT1	335	1	348
NUDT22	366	7	574
LOC124902687	10	223	4
DNAJC4	206	5	201
VEGFB	823	1	822
FKBP2	0	0	0
LOC114841035	0	0	0
PPP1R14B	2625	28	2615
PPP1R14B-AS1	116	53	80
PLCB3	1287	9	1278
BAD	187	9	179
GPR137	813	1	813
KCNK4	0	0	0
KCNK4-CATSPERZ	0	0	0
CATSPERZ	0	0	0
ESRRA	1449	94	1661
TRMT112	1159	233	1249
PRDX5	3434	1	3450
LOC102723878	1	2	0
CCDC88B	160	0	161
MIR7155	0	0	0
RPS6KA4	1160	0	1160
MIR1237	0	0	0
LOC124902688	0	0	0
LINC02723	0	0	0
LOC105369341	0	0	0
LOC124902689	0	0	0
LINC02724	0	0	0
LOC124902690	0	0	0
SLC22A11	0	0	0
SLC22A12	0	0	0
NRXN2	3	0	3
NRXN2-AS1	0	0	0
RASGRP2	1	0	1
PYGM	10	0	10
SF1	3829	1	3828
MAP4K2	621	0	621
MEN1	1045	4	1041
CDC42BPG	160	1	159
EHD1	745	9	736
MIR10392	0	0	0
MIR194-2HG	0	0	0
MIR192	0	0	0
MIR194-2	0	0	0
ATG2A	1315	0	1315
MIR6750	0	0	0
MIR6749	0	0	0
PPP2R5B	537	0	537
GPHA2	0	0	0
MAJIN	0	0	0
BATF2	18	0	18
ARL2-SNX15	0	0	0
ARL2	203	0	203
MIR6879	0	0	0
SNX15	0	0	0
SAC3D1	755	0	756
NAALADL1	0	1	0
CDCA5	839	5	836
ZFPL1	469	1	473
CATSPERH	1	3	1
VPS51	1093	0	1093
TM7SF2	74	0	74
ZNHIT2	314	3	311
FAU	3349	3	3348
MRPL49	1106	4	1107
SYVN1	976	2	977
MIR6751	0	0	0
SPDYC	11	0	11
CAPN1-AS1	14	17	22
CAPN1	2434	8	2451
SLC22A20P	7	0	7
POLA2	787	16	1180
LOC105369344	35	408	40
CDC42EP2	485	0	485
LOC124902691	14	0	14
DPF2	1699	13	1686
TIGD3	30	7	23
FRMD8	1228	73	1218
SLC25A45	190	4	250
NEAT1	22547	3	22544
MIR612	0	0	0
FAUP4	206	0	206
ENEMAL	0	0	0
LINC02736	0	0	0
MALAT1	53	1	7108
TALAM1	1	7183	0
MASCRNA	0	0	0
SCYL1	2823	13	2973
LTBP3	2520	155	2528
ZNRD2-DT	44	17	36
ZNRD2	510	1	518
FAM89B	563	0	563
EHBP1L1	1641	2	1895
LOC124902692	3	259	0
KCNK7	3	1	2
MAP3K11	1210	0	1210
PCNX3	2800	2	2798
MIR4690	0	0	0
SIPA1	1871	5	1866
MIR4489	0	0	0
RELA	2052	15	2062
RELA-DT	20	20	25
KAT5	502	471	889
RNASEH2C	1191	401	1648
AP5B1	2758	3	2755
OVOL1	4	0	4
LOC124902693	2	0	2
OVOL1-AS1	0	0	0
SNX32	0	0	0
CFL1	12720	4	12723
MUS81	802	14	796
EFEMP2	59	3	57
CTSW	0	0	0
FIBP	1163	0	1163
CCDC85B	1388	6	1382
FOSL1	497	11	486
C11orf68	356	5	351
DRAP1	1088	0	1088
LOC105369350	0	0	0
TSGA10IP	0	0	0
SART1	1662	15	1647
EIF1AD	614	0	614
BANF1	1507	0	1507
CST6	0	0	0
CATSPER1	11	0	11
GAL3ST3	1	1	0
SF3B2	6481	1	6480
SNORD13F	0	0	0
PACS1	1654	2	1652
LOC124902833	0	0	0
LOC105369354	3	0	3
KLC2	649	5	1450
LOC124902694	0	50	3
KLC2-AS1	9	695	0
KLC2-AS2	2	80	1
RAB1B	2393	0	3426
LOC107984340	1	1035	0
CNIH2	22	0	24
YIF1A	1834	0	1834
TMEM151A	5	0	5
CD248	1	1	0
RIN1	1153	2	1151
BRMS1	1046	10	1036
B4GAT1	643	1	642
B4GAT1-DT	1	310	10
TRS-GCT3-1	1	0	1
SLC29A2	696	23	992
NPAS4	0	0	0
LOC124900311	0	0	0
MRPL11	900	0	900
PELI3	262	11	318
DPP3-DT	18	72	14
DPP3	1000	0	1000
BBS1	318	15	375
ZDHHC24	689	66	695
ACTN3	2	1	1
CTSF	608	0	608
CCDC87	23	0	23
CCS	402	2	400
RBM14-RBM4	0	0	0
RBM14	1302	0	1302
RBM4	460	55	557
RBM4B	291	106	341
SPTBN2	1803	5	1798
TOP6BL	333	40	293
RCE1	599	40	559
PC	4414	3	4424
LRFN4	2101	46	2068
MIR3163	1	0	1
C11orf86	1059	0	1059
SYT12	1845	5	1840
MIR6860	0	0	0
RHOD	226	1	225
LOC107984341	0	0	0
KDM2A	1423	0	1423
LOC124902695	0	0	0
LOC124902839	0	0	0
GRK2	1393	7	1386
ANKRD13D	389	0	389
SSH3	502	0	502
LOC100130987	27	0	27
POLD4	491	2	489
CLCF1	169	7	162
RAD9A	306	257	348
PPP1CA	1837	42	2102
TBC1D10C	9	9	0
CARNS1	12	17	3
RPS6KB2	1587	1	1587
CORO1B	2387	8	2379
PTPRCAP	0	0	0
GPR152	0	0	0
CABP4	5	5	0
TMEM134	431	1	430
AIP	533	0	533
MIR6752	0	0	0
PITPNM1	1927	1	1926
CDK2AP2	525	3	522
CABP2	0	0	0
GSTP1	0	0	0
NDUFV1-DT	0	0	0
NDUFV1	2569	1	2568
DOC2GP	1	0	1
LOC124902696	2	1	1
NUDT8	68	0	68
TBX10	0	0	0
ACY3	0	0	0
ALDH3B2	0	0	0
LOC105369358	0	0	0
FAM86C2P	145	0	145
LOC112268076	0	0	0
LINC02754	0	0	0
LOC124900601	0	0	0
LOC124902697	0	0	0
UNC93B1	772	0	772
ALDH3B1	2424	6	2420
GLTC1	41	38	5
NDUFS8	1133	0	1133
MIR7113	0	0	0
MIR4691	1	0	1
TCIRG1	1170	192	1190
MIR6753	2	0	2
CHKA	388	21	579
CHKA-DT	14	0	14
KMT5B	303	0	303
C11orf24	676	3	673
LOC105369363	4	0	4
LRP5	2350	1	2349
LOC124900302	13	0	13
LOC124902698	0	0	0
PPP6R3	1435	0	1435
LOC107984343	0	398	0
GAL	386	2	782
TESMIN	59	0	59
CPT1A	1659	0	1659
LOC124902699	0	0	0
LOC124902700	0	0	0
LINC02701	1	1	0
MRPL21	468	1	467
IGHMBP2	421	0	421
MRGPRD	0	0	0
MRGPRF	1	0	1
MRGPRF-AS1	0	0	0
LOC124902701	0	0	0
LOC124902702	0	0	0
TPCN2	351	0	351
MIR3164	0	0	0
LOC338694	0	0	0
SMIM38	5	0	5
LOC105369366	0	0	0
LOC105369367	4	0	4
LOC105369368	0	0	0
MYEOV	23	0	23
LOC105369370	8	0	8
LINC02953	0	0	0
LINC02952	0	0	0
LOC124902703	0	0	0
LINC02747	1	0	1
LINC01488	0	0	0
CCND1	2445	4	2442
LOC124902704	1	0	1
LTO1	189	0	190
FGF19	0	0	0
FGF4	0	0	0
FGF3	0	0	0
LOC107984368	0	0	0
ANO1	0	0	0
LINC02753	0	0	0
LOC105369371	0	0	0
LINC02584	0	0	0
LOC101928473	0	0	0
FADD	846	5	841
LOC124902705	4	4	0
PPFIA1	0	0	0
MIR548K	0	0	0
LOC107984346	0	0	0
LOC105369373	0	0	0
CTTN-DT	0	0	0
CTTN	0	0	0
SHANK2	0	0	0
SHANK2-AS1	0	0	0
SHANK2-AS3	0	0	0
MIR3664	0	0	0
LOC124902706	0	0	0
ACTE1P	0	0	0
DHCR7	1506	10	1505
DHCR7-DT	5	0	13
NADSYN1	684	0	684
MIR6754	0	0	0
KRTAP5-7	1	0	1
KRTAP5-8	0	0	0
KRTAP5-9	0	0	0
KRTAP5-10	0	0	0
KRTAP5-11	0	0	0
FAM86C1P	29	2	78
ALG1L9P	10	59	2
XNDC1N-ZNF705EP-ALG1L9P	17	12	5
ZNF705EP	9	4	5
DEFB108B	0	0	0
XNDC1N	3	0	4
DEFB131B	0	4	0
RNF121	343	0	343
IL18BP	112	808	99
NUMA1	2014	47	4016
NUMA1-AS1	7	1249	12
MIR3165	0	0	0
LRTOMT	1	171	3
LRRC51	15	4	11
LAMTOR1	631	1	631
TOMT	0	0	0
ANAPC15	23	5	198
FOLR3	5	0	5
FOLR1-AS1	0	0	0
FOLR1	9019	4	9015
FOLR2	1	1	0
INPPL1	8515	5	8512
PHOX2A	0	2	0
CLPB	740	2	962
LOC124902708	1	225	0
LOC112268077	0	0	0
LOC105369376	7	0	7
LINC01537	84	28	56
PDE2A	2613	3	2983
PDE2A-AS2	6	374	5
LOC105369377	0	0	0
MIR139	0	0	0
PDE2A-AS1	2	2	0
ARAP1	2440	2	2650
ARAP1-AS2	1	213	0
STARD10	135	1	134
MIR4692	0	0	0
LOC107984421	46	1	45
ATG16L2	329	79	330
FCHSD2	253	12	321
IUR1	0	0	0
LOC124902709	7	0	7
P2RY2	70	0	70
LOC105369382	0	0	0
P2RY6	872	1	871
ARHGEF17-AS1	5	35	23
ARHGEF17	907	20	940
LOC124902710	9	0	9
RELT	639	0	639
FAM168A	1178	54	1124
PLEKHB1	0	0	0
RAB6A	1915	10	1907
LOC124902711	9	1	10
MRPL48	604	4	600
COA4	1415	3	1436
PAAF1	453	24	453
DNAJB13	27	8	19
UCP2	2082	0	2082
UCP3	63	0	63
C2CD3	562	0	562
PPME1	2706	4	2702
LOC105369383	5	0	5
P4HA3	268	6	302
LOC124902824	6	6	0
P4HA3-AS1	1	40	1
LOC112268078	0	17	0
PGM2L1	740	0	760
MIR548AL	0	0	0
KCNE3	2	1	1
LOC107984356	0	0	0
LIPT2	31	2	82
LIPT2-AS1	33	51	35
LOC124902712	0	0	0
LOC105369386	0	0	0
POLD3	1276	0	1276
CHRDL2	38	1	37
LOC124902713	4	4	0
LOC124902714	0	0	0
LOC124900308	0	0	0
MIR4696	0	0	0
RNF169	776	55	1269
LOC124902715	1	0	1
XRRA1	127	501	175
LOC107984352	3	1	3
SPCS2	1763	0	1763
NEU3	439	0	439
OR2AT4	0	0	0
LOC107984358	0	0	0
SLCO2B1	0	0	0
TPBGL-AS1	0	0	0
LOC124902716	0	0	0
LOC124902717	0	0	0
TPBGL	0	0	0
ARRB1	463	0	463
MIR326	0	0	0
RPS3	25419	4	25415
SNORD15A	3	0	3
SNORD15B	3	0	3
KLHL35	219	2	217
GDPD5	541	1	540
LOC105369389	1	1	0
SERPINH1	14090	6	14084
MAP6-AS1	0	0	0
MAP6	0	0	0
LOC105369392	0	0	0
MOGAT2	0	0	0
DGAT2-DT	0	0	0
DGAT2	476	0	476
UVRAG-DT	3	1	2
UVRAG	801	0	801
WNT11	34	17	25
LOC112268079	3	7	9
LINC02761	0	0	4
TRP-AGG2-4	0	0	0
TRP-TGG2-1	0	0	0
LOC105369395	0	0	0
THAP12	744	0	744
GVQW3	145	0	145
EMSY-DT	107	0	107
EMSY	694	0	694
LINC02757	0	0	0
LRRC32-AS1	2	14	0
LRRC32	36	0	48
GUCY2EP	168	0	168
LOC105369397	19	3	16
LOC124902719	53	0	53
TSKU	3279	12	3269
TSKU-AS1	22	0	24
LOC124902720	0	0	0
ACER3	328	0	339
ACER3-AS1	1	12	0
B3GNT6	0	0	0
LOC105369399	0	0	0
LOC105369400	0	0	0
CAPN5	31	0	31
OMP	0	0	0
MYO7A	17	0	17
GDPD4	0	0	0
PAK1	518	0	518
LOC124902722	2	0	2
LINC03030	2	1	1
AQP11	8	8	0
CLNS1A	1849	0	1849
LOC107984369	0	0	0
RSF1	1441	60	1444
RSF1-IT1	0	0	0
AAMDC	116	193	176
INTS4	471	5	656
NDUFC2-KCTD14	0	0	0
KCTD14	0	0	0
LOC124902723	0	0	0
THRSP	0	0	0
NDUFC2	52	0	52
LOC105369401	0	0	0
ALG8	1603	0	1603
KCTD21-AS1	17	57	18
KCTD21	269	2	325
USP35	279	18	295
GAB2	136	25	145
LOC105369402	0	0	0
LINC02728	4	0	4
NARS2	615	0	615
LOC105369403	0	0	0
NARS2-AS1	0	0	0
TENM4	36	0	36
LOC124902724	1	1	0
TENM4-AS1	0	0	0
MIR708	0	0	0
MIR5579	0	0	0
LOC105369405	0	0	0
LOC105369406	0	0	0
LOC105369408	0	0	0
LOC105369409	0	0	0
LINC02720	0	0	0
MIR4300HG	0	0	0
MIR4300	0	0	0
LOC105369410	0	0	0
FAM181B	0	0	0
LINC02734	1	1	0
PRCP	3423	0	3423
LOC124902840	0	0	0
LOC124902602	0	0	0
DDIAS	605	0	605
RAB30	1253	0	1253
SNORA70E	0	0	0
RAB30-DT	36	0	96
LINC02951	10	70	0
LOC124902725	0	0	0
LOC124902726	0	0	0
PCF11	1154	83	1419
ANKRD42-DT	55	252	44
PCF11-AS1	2	29	80
ANKRD42	295	332	265
CCDC90B	339	1	699
CCDC90B-AS1	2	59	2
LOC105369420	0	0	0
DLG2	263	4	260
LOC107984425	70	8	62
DLG2-AS2	2	3	0
LOC124902729	0	0	0
LOC105369416	0	0	0
LOC124902727	0	0	0
TMEM126B	988	0	988
TMEM126A	545	14	531
CREBZF	2758	3	2755
CCDC89	0	0	0
SYTL2	21	0	21
CCDC83	0	0	0
PICALM	4701	1	4700
LOC124902730	35	0	35
LOC124902731	0	0	0
LOC124902829	0	0	0
LINC02695	2	0	2
EED	941	0	941
MIR6755	0	0	0
HIKESHI	524	1	523
LOC105369421	1	0	1
CCDC81	6	0	6
ME3	528	9	519
LOC102724775	3	0	3
PRSS23	15569	403	15796
OR7E2P	0	0	0
PRSS23-AS1	11	0	11
FZD4	1879	251	2258
FZD4-DT	22	0	22
LOC105369422	4	4	0
TMEM135	1001	0	1001
LOC107984361	0	0	0
LINC02711	0	0	0
RAB38	6	0	6
MIR3166	0	0	0
CTSC	4854	0	4854
LOC101929174	27	0	27
GRM5-AS1	0	0	0
GRM5	0	0	0
TYR	0	0	0
NOX4	2	0	2
FOLH1B	0	0	0
TRIM77	0	0	0
TRIM49	0	0	0
TRIM64GP	0	0	0
TRIM64B	0	0	0
TRIM49D1	0	0	0
TRIM49D2	0	0	0
TRIM64	0	0	0
TRIM51EP	0	0	0
TRIM53AP	0	0	0
TRIM49C	0	0	0
UBTFL1	0	0	0
LOC124900309	0	0	0
NAALAD2	0	0	0
CHORDC1	0	0	0
LOC124902812	0	0	0
DISC1FP1	0	0	0
MIR4490	0	0	0
MIR1261	0	0	0
LINC02748	0	0	0
LOC107984371	0	0	0
LINC02756	0	0	0
LOC105369429	0	0	0
FAT3	1	0	1
LOC124902732	0	0	0
LINC02746	0	0	0
LOC124902733	0	0	0
MTNR1B	0	0	0
SLC36A4	367	0	367
LOC112268080	0	0	0
DEUP1	0	0	0
LOC124902734	0	0	0
SMCO4	568	1	567
CEP295	1471	176	1472
SCARNA9	3	0	3
TAF1D	2826	31	2950
SNORA25	1	0	1
SNORA32	71	0	71
SNORD6	36	0	36
SNORA1	19	0	19
SNORA8	60	0	60
SNORD5	1	0	1
SNORA18	0	0	0
MIR1304	27	0	27
SNORA40	310	1	309
C11orf54	487	5	482
MED17	1264	2	1262
LOC124902836	2	0	2
VSTM5	1	1	0
HEPHL1	3	0	5
LOC124902735	0	2	1
PANX1	528	0	528
LOC105369435	7	0	7
IZUMO1R	0	0	0
GPR83	11	0	11
MRE11	1252	1	1252
MIR548L	0	0	0
ANKRD49	418	2	417
C11orf97	0	0	0
FUT4	16	0	20
PIWIL4-AS1	0	4	0
PIWIL4	2	0	2
LINC02700	2	0	2
AMOTL1	1440	0	1440
CWC15	972	0	972
KDM4D	51	0	51
KDM4E	0	0	0
LOC107984375	0	0	0
KDM4F	0	0	0
SRSF8	617	3	614
ENDOD1	343	0	343
LNCRNA-IUR	1	0	1
SESN3	858	7	858
LOC100129203	7	0	14
LOC105369439	0	0	0
LOC105369440	0	0	0
LOC105369441	0	0	0
LOC107984377	0	0	0
FAM76B	360	0	361
CEP57	1932	23	1911
MTMR2	1867	14	1854
MAML2	122	0	128
MIR1260B	0	6	0
CCDC82	383	0	383
JRKL	434	0	434
JRKL-AS1	0	0	0
LINC02737	0	0	0
LOC105369448	0	0	0
LINC02553	0	0	0
LOC105369450	0	0	0
LOC105369451	0	0	0
LOC105369452	0	0	0
LOC105369453	0	0	0
LINC02713	0	0	0
LOC105369455	0	0	0
CNTN5	0	0	0
LOC107984431	0	0	0
LOC105369456	0	0	0
LOC124902736	0	0	0
ARHGAP42-AS1	2	15	3
ARHGAP42	377	1	392
LOC105369457	0	0	0
SNORD13I	0	0	0
PGR	0	0	0
PGR-AS1	0	0	0
LOC105369458	0	0	0
LOC124902737	0	0	0
TRPC6	1	0	1
MIR3920	0	0	0
LOC124902738	0	0	0
ANGPTL5	7	4	3
CEP126	48	3	45
CFAP300	0	0	0
LOC124902830	0	0	0
YAP1-DT	15	37	12
YAP1	3635	24	3645
LOC105369460	1	0	1
LOC124902739	3	0	5
BIRC3	293	2	293
BIRC2	952	1	951
TMEM123	3092	2	3098
TMEM123-DT	5	8	5
LOC124902740	0	0	0
LOC102723838	0	0	0
MMP7	14	0	14
MMP20	0	0	0
MMP20-AS1	0	0	0
MMP27	0	0	0
MMP8	0	0	0
MMP10	0	0	0
WTAPP1	0	0	0
MMP1	1	0	1
MMP3	0	0	0
LOC124902741	0	0	0
MMP12	1	0	1
MMP13	5	0	5
DCUN1D5	903	0	903
DYNC2H1	156	0	156
LOC105369463	0	0	0
LOC102723862	0	0	0
MIR4693	0	0	0
PDGFDDN	0	0	0
PDGFD	3	0	3
DDI1	0	0	0
LOC102723879	0	0	0
LINC02552	0	0	0
LOC105369466	0	0	0
LOC107984380	0	0	0
CASP12	0	0	0
CASP4LP	0	0	0
CASP4	6	0	117
LOC124902813	0	111	0
CASP5	0	0	0
LOC124902742	0	1	0
CASP1	941	0	942
CARD16	245	0	245
LOC107984381	0	0	0
CASP1P2	0	0	0
CARD17P	2	0	2
CARD18	0	0	0
LOC105369468	0	0	0
LOC105369469	0	0	0
GRIA4	3	3	1
LOC124902743	0	0	0
MSANTD4	283	0	283
KBTBD3	49	0	49
AASDHPPT	878	0	878
LINC02719	0	0	0
LOC101928535	0	0	0
LOC105369474	0	0	0
LOC124902744	0	0	0
GUCY1A2	149	2	147
LOC112268081	0	0	0
LOC105369475	0	0	0
LOC105369477	6	0	6
LOC124902745	0	0	0
CWF19L2	290	0	290
ALKBH8	139	0	139
ELMOD1	0	0	0
SLN	3	0	3
SLC35F2	686	1	685
LOC124902746	0	0	0
LOC124902747	0	0	0
RAB39A	0	0	0
CUL5	396	12	384
LOC124902748	1	1	0
ACAT1	2221	2	2219
NPAT	500	0	500
ATM	776	2	869
C11orf65	9	97	7
POGLUT3	822	4	879
LOC124902749	0	59	0
LOC112267909	4	0	6
EXPH5	65	0	65
DDX10	475	0	477
LOC124902750	0	2	0
C11orf87	0	0	0
LINC02715	0	0	0
LOC105369483	0	0	0
LOC105369484	0	0	0
ZC3H12C	252	0	252
RDX	2079	0	2079
LOC124902752	0	0	0
LINC02732	89	0	89
LOC107984385	1	0	1
FDX1	371	2	369
ARHGAP20	0	0	0
LOC124902753	0	0	0
LOC124902754	0	0	0
LOC105369488	0	0	0
LOC105369489	0	0	0
LINC02550	0	0	0
LOC102723966	0	0	0
POU2AF2	2	0	2
COLCA1	0	0	0
POU2AF3	0	0	0
LOC105369491	0	0	0
LOC124902755	0	0	0
MIR4491	0	0	0
POU2AF1	0	0	0
BTG4	0	0	0
LOC100132078	0	0	0
LOC107984386	0	0	0
LOC644277	0	0	0
MIR34BHG	0	0	0
MIR34B	0	0	0
MIR34C	0	0	0
HOATZ	0	0	0
LAYN	0	0	0
SIK2	1420	65	1513
PPP2R1B	1195	155	1198
ALG9	664	0	665
LOC124902756	4	1	4
FDXACB1	35	7	35
CFAP68	120	0	127
CRYAB	151	0	151
HSPB2	0	0	0
HSPB2-C11orf52	0	0	0
C11orf52	0	0	0
DIXDC1	684	4	680
DLAT	2020	5	2069
PIH1D2	26	58	22
NKAPD1	877	85	825
TIMM8B	557	16	575
SDHD	1370	1	1370
IL18	645	0	645
TEX12-AS1	0	0	0
TEX12	3	0	3
BCO2	76	0	76
PTS	628	0	628
PLET1	0	0	0
LOC100132686	2	0	2
LINC02762	3	0	3
LOC107984388	0	0	0
LOC107984389	0	0	0
LINC02763	0	0	0
LINC02764	0	0	0
LOC124902757	0	0	0
LOC105369496	0	0	0
LOC124902801	0	0	0
LOC105369498	0	0	0
NCAM1-AS2	0	0	0
NCAM1	0	0	0
NCAM1-AS1	0	0	0
TTC12-DT	0	0	0
TTC12	187	0	187
ANKK1	2	0	2
DRD2	0	0	0
MIR4301	0	0	0
LOC105369501	0	0	0
LOC107984390	1	0	1
LOC124902758	2	0	2
TMPRSS5	18	0	18
ZW10	608	0	608
CLDN25	0	0	0
USP28	819	0	819
LOC124902821	0	0	0
HTR3B	0	0	0
HTR3A	25	0	25
LOC124902760	0	0	0
LOC124902759	0	0	0
LOC124902761	0	0	0
ZBTB16	0	0	0
NNMT	2364	3	2361
LOC101928940	1	1	0
LOC107984391	1	0	1
C11orf71	125	15	114
RBM7	729	0	733
REXO2	1269	1	1268
NXPE2	3	0	3
NXPE1	0	0	0
LOC124902825	0	0	0
NXPE4	0	0	0
LOC105369506	0	0	0
CADM1	504	1	503
LOC105369509	0	0	0
CADM1-AS1	0	0	0
LOC105369511	0	0	0
LOC124902826	0	0	0
LINC02698	0	0	0
LOC101928985	0	0	0
LINC00900	0	0	0
LOC107987165	0	0	0
LINC02703	0	0	0
LOC105369513	0	0	0
LOC107984393	0	0	0
LOC107987166	0	0	0
LOC124902834	0	0	0
LINC02151	0	0	0
LOC107984372	0	0	0
LINC02702	0	0	0
BUD13	207	0	207
BUD13-DT	0	2	0
ZPR1	559	0	561
APOA5	0	0	0
LNC-RHL1	0	0	0
APOA4	0	0	0
APOC3	0	0	0
APOA1	1	0	1
APOA1-AS	2	2	0
SIK3	986	0	986
LOC124902763	2	0	2
PAFAH1B2	1672	0	1672
SIDT2	486	38	624
LOC100652768	40	192	44
TAGLN	51	569	104
PCSK7	563	48	1111
RNF214	369	60	371
LOC124900313	0	0	0
BACE1	453	94	464
BACE1-AS	9	35	17
CEP164	832	3	829
DSCAML1	1	1	0
LOC105369515	0	0	0
FXYD6-FXYD2	0	0	0
FXYD2	0	0	0
FXYD6-AS1	0	0	0
FXYD6	0	0	0
TMPRSS13	0	0	0
IL10RA	0	0	0
SMIM35	0	0	0
TMPRSS4	0	0	0
LOC105369517	0	0	0
SCN4B	4	0	4
SCN2B	0	0	0
JAML	0	0	0
MPZL3	78	0	78
MPZL2	467	0	467
CD3E	0	0	0
CD3D	0	0	0
CD3G	0	0	0
UBE4A	603	0	638
LOC100131626	3	35	3
ATP5MG	1578	0	1578
KMT2A	1154	0	1244
TTC36-AS1	0	90	0
TTC36	0	0	0
TMEM25	3	0	3
IFT46	109	7	114
LOC124902764	0	12	0
ARCN1	2669	0	2689
LOC124902765	2	20	2
PHLDB1	540	4	682
MIR6716	0	0	0
TREH	1	146	1
LOC105369519	1	2	0
LOC124902766	289	10	280
DDX6	1671	9	1662
CXCR5	5	1667	10
LOC124902767	3	0	3
BCL9L	2752	8	4416
MIR4492	8	8	0
UPK2	1	0	1
FOXR1	1	0	1
LOC124902768	3	0	3
CENATAC-DT	0	0	0
CENATAC	0	0	0
RPL23AP64	0	0	0
RPS25	1	0	1
TRAPPC4	0	0	0
SLC37A4	131	0	131
HYOU1	1	0	1
HYOU1-AS1	0	0	0
LOC124902769	0	0	0
VPS11	0	0	0
HMBS	680	1	679
DPAGT1	993	7	986
H2AX	0	0	0
C2CD2L	250	1	249
HINFP	345	0	345
ABCG4	1	0	1
NLRX1	709	1	708
NHERF4	0	0	0
DRC12	7	0	7
SNORD150	0	0	0
CBL	770	4	766
MCAM	10365	5	10360
MIR6756	0	0	0
RNF26	1298	2	1296
C1QTNF5	0	0	0
MFRP	0	0	0
USP2	147	5	142
USP2-AS1	17	0	20
THY1	1	4	0
LOC124902770	0	0	0
LOC107984398	0	0	0
LOC105369520	0	0	0
NECTIN1	295	0	295
LOC124900303	2	0	2
NECTIN1-AS1	0	0	0
NECTIN1-DT	1	0	1
LOC124902771	0	0	0
LOC124902772	0	0	0
LOC105369526	0	0	0
LINC02744	0	0	0
LOC105369527	0	0	0
LOC105378956	0	0	0
TRIM29	2573	2	2865
LOC105369529	0	293	1
LOC107984399	0	0	0
LOC124902773	0	0	0
LOC105369530	0	0	0
OAF	1719	3	1716
POU2F3	69	0	69
POU2F3-AS1	0	0	0
LOC105369531	0	0	0
TLCD5	3	0	3
ARHGEF12	1857	0	1857
GRIK4	1	0	1
LOC105369532	0	0	0
LOC101929227	0	0	0
LOC101929208	0	0	0
TBCEL-TECTA	0	0	0
TBCEL	295	0	295
TECTA	0	0	0
LOC105369533	0	0	0
LOC105369534	0	0	0
SC5D	285	0	285
SORL1-AS1	0	0	0
SORL1	0	0	0
LOC105369535	0	0	0
LOC107984402	0	0	0
MIR100HG	142	0	142
MIR125B1	0	0	0
BLID	0	0	0
MIRLET7A2	0	0	0
MIR10526	0	0	0
MIR100	0	0	0
TRK-TTT2-1	0	0	0
UBASH3B	666	2	664
LOC124902828	0	0	0
CRTAM	1	0	1
JHY	0	0	0
LOC124902774	0	0	0
BSX	0	0	0
SAE1P1	0	0	0
HSPA8	26701	3	26698
SNORD14E	4	0	4
SNORD14D	1	0	1
SNORD14C	0	0	0
LOC124902775	30	458	22
CLMP	2453	3	2896
LOC105369540	0	0	0
LOC105369539	0	0	0
LOC124900305	0	0	0
LINC02727	0	0	0
GRAMD1B	3938	5	4174
MIR4493	0	0	0
LOC124902776	30	241	30
SCN3B	8	3	5
LOC124902777	1	0	1
LOC105369543	0	0	0
ZNF202	212	0	212
OR6X1	0	0	0
LOC105369544	0	0	0
OR6M1	0	0	0
TMEM225	0	0	0
OR8D4	0	0	0
OR4D5	0	0	0
OR6T1	0	0	0
OR10S1	0	0	0
OR10G6	0	0	0
OR10G4	0	0	0
OR10G9	0	0	0
OR10G8	0	0	0
OR10G7	0	0	0
LOC105369545	0	0	0
VWA5A	2069	1	2068
LOC124902778	0	0	0
OR10D3	0	0	0
OR8G3	1	1	0
LOC102724410	0	0	0
OR8G2P	0	0	0
OR8G1	0	0	0
OR8G5	2	0	2
OR8D1	0	0	0
LOC112268069	0	0	0
OR8D2	0	0	0
OR8B2	0	0	0
OR8B3	0	0	0
LOC107984404	0	0	0
OR8B4	0	0	0
OR8B8	0	0	0
OR8B12	0	0	0
OR8A1	0	0	0
PANX3	0	0	0
LOC124902779	1	51	1
TBRG1	198	13	359
SIAE	766	162	777
SPA17	38	0	84
LOC124902780	0	0	1
LOC107984405	0	0	0
NRGN	9	1	93
NRGN-AS1	2	84	3
VSIG2	1	0	1
ESAM	56	0	56
ESAM-AS1	12	2	10
MSANTD2	171	5	169
MSANTD2-AS1	6	1	8
ROBO3	0	0	0
ROBO4	1	0	1
LOC107984406	0	0	0
HEPACAM	1	0	1
HEPN1	0	0	0
CCDC15-DT	0	0	0
CCDC15	0	0	0
SLC37A2	2	2	0
TMEM218	163	0	163
PKNOX2-DT	0	0	0
PKNOX2	0	0	0
PKNOX2-AS1	0	0	0
FEZ1	2	0	2
LOC403312	0	0	0
STT3A-AS1	0	0	0
EI24	2105	4	2101
STT3A	3022	3	3019
CHEK1	843	25	849
LOC118567325	0	3	25
ACRV1	3	6	0
LOC105369551	2	0	2
PATE1	0	0	0
PATE2	0	0	0
PATE3	0	0	0
PATE4	0	0	0
LINC03136	0	0	0
HYLS1	2	2	0
PUS3	273	0	273
DDX25	0	3	0
DDX25-AS1	3	0	6
VSIG10L2	44	1	43
CDON	395	5	390
LOC124902782	0	0	0
LOC107984407	0	0	0
LOC124902784	0	0	0
LOC105369591	1	0	1
LOC124902783	0	0	0
RPUSD4	490	0	490
FAM118B	103	71	173
SRPRA	4450	82	4511
FOXRED1	1101	0	1103
TIRAP	82	10	88
TIRAP-AS1	36	146	8
DCPS	624	15	714
GSEC	131	9	127
ST3GAL4	1436	0	1439
KIRREL3	23	26	0
KIRREL3-AS1	14	0	14
KIRREL3-AS4	9	0	9
LOC124902785	0	0	0
LOC105369561	0	0	0
LOC105369559	0	0	0
KIRREL3-AS2	0	0	0
MIR3167	0	0	0
LOC105369558	0	0	0
KIRREL3-AS3	0	0	0
LOC101929473	0	0	0
LOC105369562	0	0	0
LOC107984379	0	0	0
LINC02712	0	0	0
LOC107984373	0	0	0
LOC107984374	0	0	0
LINC02725	0	0	0
LINC02098	0	0	0
LOC124902786	0	0	0
LOC124902787	0	0	0
LOC124902788	0	0	0
LOC124902789	0	0	0
ETS1	226	0	226
MIR6090	0	0	0
ETS1-AS1	0	0	0
LOC124902790	0	0	0
LOC105369565	0	0	0
LOC105369568	0	0	0
LOC101929538	0	0	0
FLI1	0	0	0
SENCR	0	0	0
KCNJ1	0	0	0
LOC107984409	0	0	0
KCNJ5	0	0	0
KCNJ5-AS1	0	0	0
TP53AIP1	3	0	3
ARHGAP32	286	0	286
LOC399975	31	0	31
LOC124902791	0	0	0
LOC105369571	0	0	0
LOC105369572	0	0	0
BARX2	0	0	0
LINC01395	0	0	0
LOC124902792	0	0	0
LOC124902793	0	0	0
TMEM45B	9	4	5
NFRKB	1042	0	1042
PRDM10	203	0	205
PRDM10-DT	0	2	0
LOC107984432	4	0	4
APLP2	10311	3	10308
ST14	685	8	677
ZBTB44	626	0	626
ZBTB44-DT	0	0	0
ADAMTS8	0	0	0
ADAMTS15	317	0	317
LOC105369574	1	0	1
MIR8052	0	0	0
LINC02873	0	0	0
LOC105369575	16	0	16
LOC105369576	0	0	0
LINC02551	2	0	2
SNX19	683	0	683
LOC105369577	0	0	0
LOC107984411	0	0	0
LOC105369579	0	0	0
LOC105369578	0	0	0
LOC107984412	0	0	0
LOC124902794	0	0	0
NTM	0	0	0
NTM-AS2	0	0	0
NTM-AS1	0	0	0
NTM-AS3	0	0	0
LOC124902795	0	0	0
NTM-IT	0	0	0
OPCML	0	0	0
LOC105369580	0	0	0
LOC124902796	0	0	0
OPCML-IT1	0	0	0
LOC124902835	0	0	0
LINC02743	0	0	0
SPATA19	0	0	0
IGSF9B	43	0	43
MIR4697	0	0	0
LINC02730	0	0	0
LINC02731	0	0	0
JAM3	3	57	0
LOC124902797	0	0	0
NCAPD3	2138	126	2180
SNORD153	0	0	0
VPS26B	641	2	767
THYN1	306	0	306
ACAD8	428	1	427
GLB1L3	0	0	0
GLB1L2	1	0	1
LOC124902798	0	0	0
B3GAT1	0	0	0
B3GAT1-DT	0	0	0
LOC124902799	0	0	0
LOC105369583	2	0	2
LINC02706	0	0	0
LINC02714	0	0	0
LINC02697	0	0	0
LOC100507548	0	0	0
LINC02717	0	0	0
LOC105369587	0	0	0
LINC02684	0	0	0
WASH8P	0	0	0
LOC107987170	0	0	0
FAM138D	0	0	0
IQSEC3	8	0	8
IQSEC3-AS2	0	0	0
IQSEC3-AS3	0	0	0
IQSEC3-AS1	0	0	0
SLC6A12	29	3	33
SLC6A12-AS1	0	7	0
SLC6A13	4	0	4
LOC102723544	0	0	0
KDM5A	1490	0	1499
CCDC77	945	9	945
LOC105369594	2	2	0
B4GALNT3	7	0	7
LOC124902853	1	0	1
LOC124902852	0	0	0
NINJ2	305	33	280
LOC105369595	0	0	0
NINJ2-AS1	97	0	105
LINC02455	1	1	0
LOC101929432	0	0	0
WNK1	9639	31	9608
RAD52	324	1	369
LOC124902855	0	37	0
ERC1	1648	8	1647
LOC124902857	0	0	0
LOC124902854	6	0	6
LOC107987182	0	0	0
LOC124902856	8	0	8
LINC00942	1	0	1
LOC107984507	0	0	0
FBXL14	471	1	470
WNT5B	3	0	3
MIR3649	0	0	0
ADIPOR2	0	0	0
CACNA2D4	0	0	0
LOC105369602	0	0	0
LOC105369601	0	0	0
LRTM2	0	0	0
LOC124902858	0	0	0
LINC00940	0	0	0
DCP1B	0	0	0
CACNA1C	0	0	0
CACNA1C-IT1	0	0	0
CACNA1C-IT2	0	0	0
LOC107984131	0	0	0
CACNA1C-AS4	0	0	0
CACNA1C-IT3	0	0	0
CACNA1C-AS2	0	0	0
CACNA1C-AS1	0	0	0
LINC02371	3	4	0
ITFG2-AS1	9	61	15
FKBP4	7638	15	7658
ITFG2	142	1151	214
NRIP2	19	40	0
TEX52	18	17	1
FOXM1	2426	55	3546
RHNO1	1031	1	1030
LOC124902860	7	0	7
TULP3	962	0	962
LOC124903097	0	0	0
LOC124902859	27	183	24
TEAD4	823	10	993
TSPAN9	339	0	339
TSPAN9-IT1	0	0	0
LOC124902861	0	0	0
LOC100128253	0	0	0
LINC02827	0	0	0
LINC02417	0	0	0
PRMT8	0	0	0
LOC105369607	0	0	0
LOC124902862	0	0	0
THCAT155	0	0	0
CRACR2A	0	0	0
LOC107984495	0	0	0
PARP11	0	0	0
PARP11-AS1	0	0	0
LOC105369608	0	0	0
LINC03141	0	0	0
LOC124900317	0	0	0
LOC105369612	0	0	0
CCND2-AS1	0	0	0
CCND2	0	0	0
TIGAR	640	0	640
FGF23	0	0	0
FGF6	0	0	0
FERRY3	660	0	660
RAD51AP1	888	0	888
DYRK4	46	0	46
AKAP3	2	0	2
NDUFA9	1892	1	1891
GAU1	3	3	0
GALNT8	2	0	2
LOC124902863	3	3	0
KCNA6-AS1	0	0	0
KCNA6	1	0	1
KCNA1	0	0	0
LOC100507560	0	0	0
KCNA5	0	0	0
LOC105369617	0	0	0
LOC124902864	0	0	0
LOC105369616	0	0	0
LINC02443	0	0	0
LOC105369618	0	0	0
NTF3	0	0	0
LOC124902865	0	0	0
ANO2	0	0	0
LOC105369621	0	0	0
VWF	1	0	1
SNORA120	0	0	0
LOC124902866	0	0	0
LOC105369623	0	0	0
LOC105369622	0	0	0
CD9	3361	0	3361
LOC105369625	0	0	0
PLEKHG6	24	8	16
TNFRSF1A	6959	4	6955
LOC112268088	3	96	0
SCNN1A	873	19	1272
LOC107984500	1	275	1
LOC105369626	3	2	1
LTBR	6108	44	6118
CD27-AS1	63	0	67
CD27	6	9	0
TAPBPL	126	92	100
VAMP1	187	5	244
MRPL51	1748	0	1748
NCAPD2	5037	47	4995
SCARNA10	0	0	0
GAPDH-DT	34	21	23
GAPDH	149503	35	149474
IFFO1	4	0	4
NOP2	3604	3	3605
CHD4-AS1	19	1357	11
CHD4	7488	6	8829
SCARNA11	0	0	0
LOC124902867	2	2	0
LOC105369631	0	2	0
LPAR5	51	0	51
ACRBP	12	0	12
ING4	793	0	793
ZNF384	1908	1	1907
PIANP	22	22	0
COPS7A	1701	1	1700
MLF2	6843	2	6842
PTMS	3975	20	3956
LAG3	7	0	7
CD4	0	0	0
GPR162	0	0	0
P3H3	0	0	0
GNB3	15	156	0
CDCA3	708	0	849
USP5	3737	4	3733
TPI1	35077	8	35078
SPSB2	246	16	237
LOC105369632	21	26	0
RPL13P5	49	0	52
DSTNP2	63	0	63
LRRC23	137	0	137
ENO2	3	1	5
LOC124902868	52	46	16
ATN1	5383	12	5378
C12orf57	1590	53	1537
RNU7-1	1	0	1
PTPN6	182	7	175
LOC105369634	1	0	1
MIR200CHG	0	0	0
MIR200C	0	0	0
MIR141	0	0	0
PHB2	7740	0	7740
SCARNA12	25	0	25
EMG1	1651	2382	1802
LPCAT3	794	204	3123
C1S	5869	2	5867
C1R	0	0	0
C1RL	1	0	1
C1RL-AS1	0	0	0
RBP5	0	1	0
CLSTN3	0	0	0
LOC124902869	0	0	0
PEX5	0	0	0
ACSM4	0	0	0
CD163L1	17	0	17
LOC101927882	0	0	0
CD163	0	0	0
LOC124902870	0	0	0
APOBEC1	0	0	0
GDF3	0	0	0
DPPA3	0	0	0
CLEC4C	0	0	0
NANOGNB	0	0	0
NANOG	0	0	0
SLC2A14	8	0	8
SLC2A3	23710	6	23704
LOC124902871	282	0	282
FOXJ2	898	15	883
C3AR1	6	6	0
NECAP1	792	0	792
CLEC4A	4	0	4
POU5F1P3	2	2	0
ZNF705A	0	0	0
FAM66C	0	0	0
FAM90A1	1	0	1
FAM86FP	34	1	71
LINC02449	9	46	1
LOC112268090	0	0	0
LOC107987171	0	0	0
LINC00937	0	0	0
CLEC6A	0	0	0
CLEC4D	0	0	0
CLEC4E	0	0	0
LOC124902872	0	0	0
LOC105369645	0	0	0
LOC124900334	0	0	0
AICDA	0	0	0
MFAP5	266	1	265
RIMKLB	2434	0	2516
A2ML1-AS1	0	82	0
LINC02972	3	0	3
A2ML1	0	0	0
PHC1	74	831	83
M6PR	1965	9	2796
KLRG1	134	0	189
LINC00612	9	9	1
A2M-AS1	37	9	45
A2M	65	11	72
PZP	623	674	4
A2MP1	41	338	54
MIR1244-3	3	3	2
LINC00987	246	44	556
LOC642846	467	10	457
LOC105369649	0	0	0
LINC02367	5	26	6
LOC101928030	0	0	0
LOC728715	100	6	121
LOC105369647	0	0	0
DDX12P	609	7	704
LOC124902873	3	103	0
OVOS1P	73	2	73
KLRB1	0	0	0
LOC374443	3	0	3
LOC105369728	0	0	0
CLEC2D	22	0	22
CLECL1	0	0	0
LINC02390	0	0	0
CD69	0	0	0
KLRF1	0	0	0
CLEC2B	16	0	16
CLEC2A	0	0	0
KLRF2	0	0	0
LINC02470	0	0	0
CLEC12A-AS1	0	0	0
CLEC12A	0	0	0
LOC124902874	0	0	0
CLEC1B	0	0	0
CLEC12B	0	0	0
LOC102724020	0	0	0
CLEC9A	0	0	0
CLEC1A	0	0	0
LOC105369655	0	0	0
CLEC7A	1	0	1
OLR1	2892	45	2899
TMEM52B	172	9	215
GABARAPL1	3868	3	4041
GABARAPL1-AS1	126	302	0
KLRD1	3	0	3
LOC124902875	0	0	0
LOC105369656	0	0	0
LINC02617	4	0	4
LINC02598	1	0	1
KLRK1-AS1	4	3	2
KLRC4-KLRK1	0	0	0
KLRK1	0	0	0
KLRC4	1	0	1
KLRC3	15	0	15
KLRC2	5	0	5
KLRC1	1	0	1
LOC105369657	2	0	2
EIF2S3B	13	0	13
LOC105369658	0	0	0
LINC02446	2	3	0
LOC105376675	22	0	23
KLRA1P	86	0	86
MAGOHB	760	0	760
STYK1	4	0	4
YBX3	8651	63	11479
LOC124902876	4	2835	60
LOC112268104	1	1	0
LINC02366	0	0	0
TAS2R7	0	0	0
TAS2R8	0	0	0
TAS2R9	0	0	0
TAS2R10	0	0	0
PRH1-PRR4	0	0	0
PRR4	0	0	0
PRH1	0	0	0
TAS2R13	0	0	0
PRH2	0	0	0
PRH1-TAS2R14	0	0	0
TAS2R14	0	0	0
TAS2R50	0	0	0
TAS2R20	0	0	0
TAS2R19	0	0	0
TAS2R31	0	0	0
TAS2R46	0	0	0
TAS2R43	0	0	0
TAS2R30	0	0	0
SMIM10L1	0	0	0
TAS2R42	0	0	0
LOC107987435	0	0	0
PRB3	0	0	0
PRB4	0	0	0
PRB1	0	0	0
PRB2	0	0	0
LOC124902878	0	0	0
LOC440084	0	0	0
LOC124902877	0	0	0
LINC01252	1	0	1
ETV6	591	0	591
LOC124902879	1	0	1
BCL2L14	0	0	0
MIR1244-4	0	0	0
LRP6	0	0	0
MANSC1	0	0	0
LOH12CR2	0	0	0
BORCS5	0	0	0
DUSP16	0	0	0
LOC107984486	0	0	0
CREBL2	1584	0	1584
LOC124902880	2	0	2
GPR19	7	7	4
CDKN1B	2072	0	2076
LOC105369663	4	1	3
APOLD1	124	2	122
MIR613	0	0	0
DDX47	2714	0	2714
RPL13AP20	59	0	59
LOC124902881	6	0	6
GPRC5A	15131	2	15129
MIR614	0	0	0
GPRC5D-AS1	70	7	63
GPRC5D	40	40	0
LOC124903100	0	0	0
HEBP1	662	0	662
HTR7P1	16	1	15
FAM234B	327	0	327
GSG1	0	0	0
LOC105369666	4	0	4
LOC124902882	0	0	0
EMP1	404	0	404
LINC01559	0	0	0
GRIN2B	2	0	2
LOC105369668	0	0	0
LOC105369667	0	0	0
LOC124902883	0	0	0
LOC124902884	0	14	0
ATF7IP	687	0	701
PLBD1	0	0	0
PLBD1-AS2	0	0	0
PLBD1-AS1	0	0	0
GUCY2C	1	0	1
GUCY2C-AS1	3	4	0
LOC105369669	11	0	12
H4C16	13	4	9
H2AJ	1152	12	1140
WBP11	4385	1	4385
C12orf60	75	0	78
SMCO3	1	3	0
ART4	1	0	1
MGP	303	0	303
LOC124902885	0	0	0
ERP27	0	0	0
ARHGDIB	20	0	20
PDE6H	0	0	0
LINC01489	0	0	0
RERG	167	0	208
RERG-IT1	3	0	3
RERG-AS1	0	0	0
LOC124902887	6	0	6
LOC124902886	2	43	0
LOC105369673	2	0	2
PTPRO	1	0	1
LOC105369672	0	0	0
EPS8	31	0	31
LOC102724146	2	0	2
STRAP	4063	1	4062
DERA	963	0	963
LOC101928362	0	0	0
SLC15A5	0	0	0
MGST1	4221	0	4221
LMO3	5	5	0
LOC105369677	0	0	0
SKP1P2	0	0	0
LINC02378	0	0	0
LOC124902888	0	0	0
LOC124902889	0	0	0
MIR3974	0	0	0
RERGL	0	0	0
PIK3C2G	0	0	0
LOC124902890	0	0	0
LOC124902891	0	0	0
PLCZ1	0	0	0
CAPZA3	0	0	0
LOC102724227	0	0	0
LOC107984527	0	0	0
PLEKHA5	409	0	409
LOC124902892	0	0	0
AEBP2	1388	7	1381
LOC101928387	97	0	97
LOC105369682	1	0	1
LINC02398	3	0	3
LOC124902893	6	0	6
LOC105369685	0	0	0
LINC02468	1	1	0
LOC105369686	0	0	0
LOC105369687	6	2	4
LOC105369688	1	0	1
PDE3A-AS1	13	194	25
PDE3A	4233	34	4405
SLCO1C1	41	0	41
SLCO1B3	7	0	7
SLCO1B3-SLCO1B7	9	0	9
LOC124902894	5	0	5
SLCO1B1	8	0	8
LOC124902895	0	0	0
SLCO1A2	3	0	3
IAPP	0	0	0
PYROXD1	347	594	482
RECQL	721	143	1307
GOLT1B	1054	0	1054
SPX	1	0	1
GYS2	1	0	1
LOC124902896	0	0	0
LDHB	28917	5	28912
KCNJ8-AS1	0	0	0
LOC102724261	0	0	0
KCNJ8	0	0	0
ABCC9	0	0	0
CMAS	890	0	890
LOC105369690	2	2	0
SULT6B2P	0	0	0
ST8SIA1	0	0	0
LOC112268093	0	0	0
LOC105369151	0	0	0
C2CD5	426	2	424
C2CD5-AS1	0	0	0
ETNK1-DT	0	0	0
ETNK1	650	1	649
LINC02955	0	0	0
SOX5	0	0	0
LOC105369697	0	0	0
MIR920	0	0	0
SOX5-AS1	0	0	0
LINC00477	0	0	0
LOC105369698	0	0	0
LOC124902897	0	0	0
BCAT1	0	0	0
BCAT1-AS1	0	0	0
LOC124902898	0	0	0
BCAT1-DT	0	0	0
LINC02909	0	0	0
IRAG2	0	0	0
DNAI7	3	0	3
ETFRF1	274	2	273
KRAS	1138	20	1126
LOC124902899	1	8	0
LOC105369701	0	0	0
LOC124902900	0	0	0
LMNTD1	3	0	3
MIR4302	0	0	0
RASSF8-AS1	44	0	51
RASSF8	1276	26	1257
LOC107984501	0	0	0
LOC124902901	1	1	0
BHLHE41	327	0	368
SSPN	5	41	7
SSPN-AS1	0	4	0
LOC105369705	0	0	0
LOC105369704	0	0	0
ITPR2-AS2	2	3	0
LOC107984482	4	0	4
ITPR2	856	2	855
LOC124902903	1	1	0
LOC124902902	0	0	0
INTS13	1590	0	1590
FGFR1OP2	400	1	399
TM7SF3	2430	1	2429
MED21	972	0	972
C12orf71	3	3	0
STK38L	895	1	894
LOC124902905	0	0	0
LOC124902906	0	0	0
BMAL2	135	0	156
BMAL2-AS1	0	21	0
SMCO2	2	0	2
PPFIBP1	1996	0	1996
MRPS35-DT	3	4	0
REP15	29	0	29
MRPS35	2140	0	2141
MANSC4	1	20	0
KLHL42	620	1	638
LOC105369709	0	0	0
PTHLH	1	0	1
LOC105369710	0	0	0
LOC107984462	0	0	0
LOC729291	24	37	25
CCDC91	408	3	443
LOC105369711	0	0	0
LOC124902907	0	0	0
LOC101928735	0	0	0
LOC124902908	0	0	0
FAR2	40	40	0
FAR2-AS1	4	0	4
ERGIC2	1586	1	1585
OVCH1-AS1	0	3	0
OVCH1	19	0	22
TMTC1	1922	0	1922
LOC105369714	10	10	0
LOC124902909	0	0	0
LOC105369715	0	0	0
LOC105369716	0	0	0
LINC02386	0	0	0
LOC105369718	0	0	0
LOC105369719	0	0	0
IPO8	1538	0	1538
CAPRIN2	678	0	678
LOC645485	0	0	0
LINC00941	0	0	0
LOC107984476	0	0	0
LOC124902911	1	0	1
TSPAN11	3	3	0
TSPAN11-AS1	6	0	6
DDX11-AS1	39	0	41
DDX11	2313	2	2313
OVOS2P	0	0	0
LOC124902912	0	0	0
SINHCAF	0	0	0
FLJ13224	0	0	0
LINC02387	0	0	0
LOC124903091	0	0	0
DENND5B	1717	3	1718
LOC124903111	1	1	0
DENND5B-AS1	12	7	9
LOC124902913	0	0	0
ETFBKMT	80	98	100
AMN1	95	21	193
LOC105369722	1	1	0
AMN1-AS1	18	0	19
LOC105369724	4	0	4
LOC107984470	0	0	0
H3-5	4	0	4
LINC02422	0	0	0
LOC105369725	4	0	4
RESF1	437	0	437
BICD1-AS1	1	34	1
BICD1	315	0	349
FGD4	179	0	179
LOC124902914	0	0	0
DNM1L	2610	31	2580
YARS2	910	5	906
PKP2	596	0	596
SYT10	0	0	0
LOC105369726	0	0	0
ALG10	138	0	138
LOC124902915	0	0	0
LINC02963	0	0	0
LOC107984469	0	0	0
LOC124902916	0	0	0
ALG10B	359	0	359
LOC124902917	0	0	0
CPNE8	744	60	751
CPNE8-AS1	24	12	79
LOC107984484	0	0	0
LINC02406	0	0	0
KIF21A	787	0	791
LOC101927019	2	6	0
LOC124902919	1	0	1
ABCD2	0	0	0
LOC124902918	0	0	0
REDIC1	0	33	0
SLC2A13	516	0	549
LOC124900327	0	0	0
LOC112268095	0	0	0
LRRK2-DT	0	0	0
LINC02471	0	0	0
LOC105369735	0	0	0
LINC01779	0	0	0
LRRK2	0	0	0
LOC105369736	0	0	0
MUC19	0	0	0
CNTN1	3	0	3
LOC124903069	0	0	0
PDZRN4	0	0	0
PDZRN4-AS1	0	0	0
LOC107984498	0	0	0
LINC02400	0	0	0
LOC105378247	0	0	0
GXYLT1	441	0	441
YAF2	449	0	449
LOC124902920	8	0	8
LOC124902921	0	0	0
ZCRB1	980	3	980
MIR7851	0	0	0
PPHLN1	1686	0	1689
PRICKLE1	1	1	0
LINC02402	0	0	0
LINC02451	0	0	0
LINC02450	0	0	0
LINC02461	0	0	0
ADAMTS20	0	0	0
PUS7L	493	0	493
IRAK4	439	0	439
TWF1	2877	0	2881
TMEM117	116	17	103
LOC124902922	0	0	0
NELL2	0	0	0
DBX2	1	0	1
LOC105369742	0	0	0
DBX2-AS1	0	0	0
RACGAP1P1	0	0	0
PLEKHA8P1	120	1	119
ANO6	1555	1	1554
LOC105369743	0	0	0
LOC105369744	0	0	0
LINC00938	204	0	204
ARID2	864	1	882
LOC105369745	0	18	0
SCAF11	3174	4	3170
SLC38A1	7659	2	7659
LOC105378248	28	1	29
SLC38A2	10805	0	10811
SLC38A2-AS1	0	6	0
SLC38A4-AS1	21	1	21
LOC124902923	0	1	0
SLC38A4	4	1	3
LOC124902924	0	0	0
LOC124902925	0	0	0
LOC107984466	2	1	1
AMIGO2	509	13	538
PCED1B	187	29	203
MIR4698	0	0	0
PCED1B-AS1	1	4	0
LOC105369746	0	0	0
LOC105369747	5	0	5
LOC124900322	0	0	0
LINC02416	3	0	3
MIR4494	0	0	0
LINC02156	0	0	0
RPAP3	747	0	747
RPAP3-DT	10	1	10
ENDOU	0	1	0
RAPGEF3	43	3	42
SLC48A1	176	3	175
HDAC7	2224	4	2258
LOC124902926	3	40	1
LINC02354	4	0	4
VDR	317	3	314
TMEM106C	3797	4	3793
COL2A1	1	1	0
LOC105369752	0	0	0
LOC105369750	0	0	0
LOC124902927	1	0	1
SENP1	584	5	632
LOC101927180	1	1	0
PFKM	3764	50	3768
MIR6505	0	0	0
ASB8	572	42	531
CCDC184	0	0	0
LOC102725258	0	0	0
OR10AD1	0	0	0
LOC105369753	0	0	0
H1-7	0	0	0
ZNF641	720	0	720
C12orf54	3	0	3
ANP32D	0	0	0
OR8S1	0	0	0
OR5BS1	0	0	0
LALBA	0	0	0
LOC124902928	6	0	6
KANSL2	772	0	772
SNORA2C	0	0	0
MIR1291	0	0	0
SNORA2A	0	0	0
SNORA2B	0	0	0
CCNT1	1594	1	1593
SPMIP11	4	179	0
ADCY6	1552	3	1726
MIR4701	0	0	0
ADCY6-DT	0	2	0
LOC101927241	3	33	2
CACNB3	418	2	448
DDX23	3556	2	3756
LOC105369755	1	203	0
RND1	8	0	8
DRC2	60	60	0
FKBP11	256	1	255
ARF3	1211	0	1211
LOC124903110	1	1	0
WNT10B	263	0	263
WNT1	0	0	0
LOC105369757	0	0	0
LOC105369756	0	0	0
DDN	29	0	36
DDN-AS1	0	91	1
PRKAG1	1908	0	1971
KMT2D	3057	2	3076
RHEBL1	494	6	488
DHH	1	1	0
DHH-AS1	0	0	0
LMBR1L	558	0	558
TUBA1B	38264	13	38255
TUBA1B-AS1	6	0	6
TUBA1A	437	4	433
TUBA1C	16632	7	16629
TROAP-AS1	2	167	0
PRPH	1	0	4
TROAP	1550	1	1710
C1QL4	24	0	24
DNAJC22	135	0	135
SPATS2	1336	0	1336
LOC100335030	17	0	17
KCNH3	5	11	4
LOC105369761	0	1	0
MCRS1	1741	1	1749
FAM186B	16	16	1
PRPF40B	93	52	274
FMNL3	245	187	290
LOC124902929	0	0	0
TMBIM6	18229	3	18226
NCKAP5L	1156	2	1154
BCDIN3D-AS1	17	213	15
BCDIN3D	43	8	246
FAIM2	0	0	0
LINC02396	0	0	0
LINC02395	0	0	0
LOC124902930	0	0	0
LOC105369763	1	0	1
AQP2	0	0	0
AQP5-AS1	0	0	0
AQP5	0	0	0
LOC105369764	0	0	0
AQP6	5	2	4
RACGAP1	2522	0	2523
ASIC1	59	1	58
SMARCD1	1818	3	1815
GPD1	27	17	10
COX14	472	0	472
CERS5	517	10	574
LOC124902931	3	67	3
LIMA1	3334	1	3333
MIR1293	0	0	0
LOC107984505	12	0	12
FAM186A	0	0	0
LARP4	2753	0	2753
SNORD133	2	0	2
DIP2B	1603	3	1720
LOC124902932	4	121	3
ATF1	1268	4	1264
TMPRSS12	0	0	0
TMT1A	688	0	688
HIGD1C	11	15	3
SLC11A2	1962	6	1963
LETMD1	1558	101	1561
CSRNP2	443	10	537
TFCP2	837	0	837
LOC124902933	0	0	0
POU6F1	369	0	369
DAZAP2	3745	104	3776
SMAGP	155	83	207
BIN2	0	0	0
LOC105369767	0	0	0
CELA1	0	0	0
GALNT6	1665	0	1665
SLC4A8	29	0	29
SLC4A8-AS1	0	0	0
SCN8A	15	0	15
TMDD1	0	0	0
FIGNL2	0	0	0
FIGNL2-DT	0	0	0
ANKRD33	0	0	0
ACVRL1	44	0	44
ACVR1B	563	0	564
TAMALIN-AS1	3	4	0
TAMALIN	25	0	25
LOC124902934	0	0	0
NR4A1	1394	5	2022
LOC107984510	2	2	0
NR4A1AS	0	633	0
ATG101	1415	4	1411
SMIM41	0	0	0
OR7E47P	0	0	0
SMIM41-AS1	0	0	0
KRT80	1636	6	1630
LINC02874	3	0	3
LINC00592	10	0	10
KRT7	8599	7	14140
KRT7-AS	75	5568	5
KRT87P	8	48	0
KRT86-AS2	3	0	4
KRT86	89	44	46
KRT81	51	4	47
LOC124902935	0	0	0
KRT83	0	0	0
KRT85	0	0	0
KRT84	0	0	0
KRT82	0	0	0
KRT75	0	0	0
KRT6B	0	0	0
KRT6C	0	0	0
KRT6A	8	0	8
KRT5	0	0	0
KRT71	0	0	0
KRT74	0	0	0
KRT72	0	0	0
KRT73	0	0	0
KRT73-AS1	0	0	0
KRT2	0	0	0
KRT1	0	0	0
KRT77	0	0	0
KRT76	0	0	0
KRT3	0	0	0
KRT4	0	0	0
KRT79	0	0	0
KRT78	0	0	0
KRT8	32242	10032	32296
MIR9898	2	0	2
KRT18	16767	77	26775
EIF4B	16205	41	16165
TNS2-AS1	54	135	80
TNS2	1666	34	1794
MIR6757	1	0	1
SPRYD3	985	3	984
IGFBP6	32	0	32
SOAT2	0	0	0
LOC124902936	0	0	0
CSAD	565	58	567
ZNF740	1432	13	1500
ITGB7	2	12	11
RARG	1957	1	1956
LOC122455340	0	0	0
SLC61A1	941	1	940
ESPL1	377	0	377
PFDN5	0	0	0
MYG1	86	0	86
AAAS	0	0	0
SP7	0	0	0
SP1	2600	2	2598
AMHR2	0	0	0
PRR13	3083	1	3082
PCBP2	9021	19	9537
PCBP2-OT1	4	0	4
MAP3K12	396	793	376
TARBP2	903	19	1122
ATF7-NPFF	0	0	0
NPFF	6	0	6
ATF7	557	1	929
ATF7-AS1	0	451	0
LOC124902937	0	0	0
LOC124902938	0	0	0
ATP5MC2	5049	3	5046
CALCOCO1	1097	0	1097
LOC105369774	0	0	0
LOC105378250	0	0	0
CISTR	0	0	0
HOXC13-AS	103	151	127
HOXC13	683	27	831
LOC105369775	0	0	0
HOXC12	4	0	4
HOTAIR	779	10	774
HOXC11	606	8	603
HOXC-AS3	9	298	36
HOXC10	1275	37	1563
MIR196A2	0	0	0
HOXC-AS2	49	35	14
HOXC-AS1	29	26	15
HOXC9	265	3	274
HOXC8	33	0	33
LOC124902939	3	55	0
HOXC4	330	0	330
HOXC5	25	0	25
HOXC6	299	0	299
MIR615	0	0	0
FLJ12825	24	33	2
LOC100240735	7	0	7
LOC100240734	0	0	0
FAM242C	3	0	8
LINC02381	6	11	0
SMUG1-AS1	14	14	0
SMUG1	672	0	675
LOC102724030	2	5	0
LOC105369777	3	1	2
CBX5	4610	1	4609
MIR3198-2	0	0	0
SCAT2	44	40	4
HNRNPA1	27003	8	26995
NFE2	606	0	606
COPZ1	2107	0	5369
MIR148B	0	0	0
GPR84	2	3262	2
GPR84-AS1	4	778	4
ZNF385A	1249	0	1249
ITGA5	14340	3	15115
GTSF1	0	0	0
NCKAP1L	3	0	3
PDE1B	0	0	0
PPP1R1A	0	0	0
GLYCAM1	0	0	0
LACRT	0	0	0
DCD	0	0	0
MUCL1	0	0	0
TESPA1	0	0	0
LOC107984515	0	0	0
NEUROD4	0	0	0
LOC101927484	0	0	0
OR9K2	0	0	0
OR10A7	0	0	0
OR6C74	0	0	0
OR6C6	0	0	0
OR6C1	0	0	0
OR6C3	0	0	0
OR6C75	0	0	0
OR6C65	0	0	0
OR6C76	0	0	0
LOC124902940	0	0	0
OR6C2	0	0	0
OR6C70	0	0	0
OR6C68	0	0	0
OR6C4	0	0	0
OR2AP1	0	0	0
OR10P1	0	0	0
TMT1B	0	0	0
ITGA7	16	4	16
BLOC1S1-RDH5	0	0	0
BLOC1S1	14	0	14
RDH5	8	0	8
CD63	10227	138	10343
CD63-AS1	51	118	129
GDF11	410	65	400
SARNP	1550	10	1595
ORMDL2	856	438	906
DNAJC14	952	214	1343
TMEM198B	212	5	453
MMP19	24	127	26
LOC124903120	0	0	0
PYM1	1136	4	1138
LOC124902941	18	0	18
DGKA	197	8	196
PMEL	67	0	68
CDK2	2129	1	2129
RAB5B	3184	1	3183
SUOX	427	0	427
IKZF4	36	2	37
LOC105369781	0	3	0
RPS26	5500	2	5498
ERBB3	233	0	233
LOC105369782	0	9	0
PA2G4	8444	1	8452
RPL41	4313	0	4313
ZC3H10	223	2	221
ESYT1	3476	6	4169
LOC124902943	4	994	1
MYL6B-AS1	0	136	2
LOC124902942	2	1	1
MYL6B	450	2	584
MYL6	7228	1	7234
SMARCC2	2908	18	2896
TRS-CGA4-1	0	0	0
LOC107984468	0	0	0
RNF41	941	0	941
NABP2	597	1	596
SLC39A5	5	8	4
ANKRD52	4189	4	4192
COQ10A	375	0	375
CS	5167	4	5163
CNPY2	2013	12	3275
CNPY2-AS1	30	1302	2
PAN2	832	8	824
IL23A	27	18	9
STAT2	1595	0	1595
APOF	0	0	0
TIMELESS	2497	0	2497
MIP	4	0	4
SPRYD4	474	0	519
GLS2	3	48	0
LOC124902944	0	0	0
SNORA105C	2	0	2
RBMS2	1855	65	1892
BAZ2A	3827	43	3886
ATP5F1B	29111	2	29109
SNORD59B	0	0	0
SNORD59A	0	0	0
PTGES3	6911	1	6910
NACA	15128	4	15124
PRIM1	527	2	527
HSD17B6	90	0	92
LOC124900330	0	0	0
SDR9C7	1	0	1
RDH16	7	0	7
LOC124902945	1	0	1
ACKR5	2	3	0
ZBTB39	324	0	325
TAC3	5	0	5
MYO1A	26	0	26
NEMP1	1287	0	1287
NAB2	806	14	810
STAT6	3579	7	3811
LOC124902946	2	223	0
LRP1	8405	2	8454
LRP1-AS	7	58	0
MIR1228	0	0	0
NXPH4	1057	4	1053
SHMT2	7052	24	7042
COXFA4L2	1122	1	1135
STAC3	51	1	50
R3HDM2	581	1	581
R3HDM2-DT	0	1	0
INHBC	2	1	1
INHBE	7	7	8
LOC124902947	11	2	19
GLI1	22	2	22
ARHGAP9	1	0	1
MARS1	2860	1	2891
MIR6758	1	0	1
DDIT3	221	31	222
LOC128125814	0	0	0
MIR616	2	0	2
MBD6	1106	20	1126
DCTN2	2980	30	2990
KIF5A	1	0	1
PIP4K2C	892	0	892
DTX3	0	0	0
ARHGEF25	3	0	3
LOC101927583	0	0	0
SLC26A10P	0	1	0
B4GALNT1	0	0	1
OS9	4078	3	4075
AGAP2	1	483	2
AGAP2-AS1	1	2	483
TSPAN31	383	1822	468
CDK4	1941	98	3734
MIR6759	0	1	2
MARCHF9	433	7	426
CYP27B1	168	0	168
METTL1	242	0	242
EEF1AKMT3	228	0	228
TSFM	1634	6	1655
AVIL	126	83	70
CTDSP2	4662	4	4658
MIR26A2	0	0	0
CTDSP2-AS1	0	0	0
LOC283387	10	13	8
LOC124902948	1	0	1
LOC101927608	0	0	11
GIHCG	42	0	42
ATP23	0	0	0
LOC105369784	0	0	0
LINC02403	0	0	0
LOC105369786	0	0	0
LOC105369787	6	0	6
LOC105369788	0	0	0
LOC105369789	0	0	0
LINC02388	0	0	0
LOC124902949	0	0	0
LOC100506869	0	0	0
LRIG3	388	0	388
LRIG3-DT	4	0	4
LINC02448	8	0	8
SLC16A7	0	0	0
LOC100996696	1	0	1
LOC124903070	0	0	0
LOC124903071	0	0	0
LOC105369793	0	0	0
TAFA2	5	0	6
LOC124902950	0	0	0
MIR6125	0	0	0
USP15	1612	0	1612
MON2	901	1	900
MON2-AS1	0	0	0
LINC01465	8	2	14
MIRLET7IHG	32	8	30
MIRLET7I	1	2	1
PPM1H	1242	1	1241
LOC124903103	0	0	0
LOC105369795	2	2	0
AVPR1A	0	0	0
LINC03056	0	0	0
LOC105369797	0	0	0
DPY19L2	0	0	0
RXYLT1	246	0	312
RXYLT1-AS1	0	66	0
MIR10527	0	0	0
SRGAP1	498	1	497
LOC105369801	0	0	0
LOC105369798	2	0	2
KICS2	211	5	209
LOC124902952	1	0	4
C12orf56	0	0	0
LOC124903101	0	0	0
XPOT	3629	5	3624
TBK1	867	0	867
LOC105369803	0	0	0
RASSF3	480	1	479
LOC124903098	0	0	0
LOC107984521	0	0	0
RASSF3-DT	0	0	0
MIR548Z	0	0	0
MIR548C	0	0	0
GNS	8611	0	8611
TBC1D30	216	5	211
LOC124903113	0	0	0
LINC02389	0	0	0
LINC02231	0	0	0
LOC107984522	0	0	0
WIF1	0	0	0
LOC124902953	6	0	6
LEMD3	455	0	455
MSRB3	634	0	635
LOC124902954	4	0	4
MSRB3-AS1	1	2	0
LOC105369809	5	0	5
LOC105369187	0	0	0
LOC105369808	0	0	0
LINC02454	0	0	0
LOC105369806	0	0	0
RPSAP52	0	0	0
HMGA2	0	0	0
HMGA2-AS1	0	0	0
HMGA2-AS2	2	0	2
MIR6074	0	0	0
LINC02425	0	0	0
LLPH	564	0	567
LLPH-DT	13	3	13
TMBIM4	323	28	295
IRAK3	0	0	0
MIR6502	0	0	0
HELB	50	0	50
LOC124903104	10	0	10
GRIP1	5	5	0
LOC105369811	0	0	0
LOC124902956	0	0	0
LOC102724421	0	0	0
CAND1	4397	1	4396
LOC124902957	8	0	8
LOC105369813	0	0	0
LOC105369812	3	0	3
LOC124903072	0	0	0
LINC02420	0	0	0
LINC02408	0	0	0
LINC02442	0	0	0
DYRK2	580	0	580
LOC105369816	7	0	7
LOC124902958	2	2	0
LINC02421	0	0	0
LINC01479	0	0	0
IFNG-AS1	0	0	0
IFNG	0	0	0
LOC105369818	0	0	0
IL26	0	0	0
IL22	0	0	0
MDM1	233	0	233
LOC105369819	0	0	0
LINC02384	0	0	0
RAP1B	1587	0	1587
SNORA70G	1	1	0
LOC100507250	1	0	1
NUP107	2009	0	2009
SLC35E3	267	0	267
SZRD1P1	0	0	0
MDM2	1509	127	1620
CPM	3069	218	3089
TODL	5	3	2
CPSF6	2319	0	2368
MIR1279	0	49	0
LYZ	0	0	0
YEATS4	598	0	598
LINC02373	0	0	0
FRS2	698	0	698
SNORA113	0	0	0
MIR3913-1	0	0	0
MIR3913-2	0	0	0
CCT2	5684	2	5682
LRRC10	0	0	0
LOC105369823	0	0	0
BEST3	1	0	1
LOC101928002	0	0	0
RAB3IP	307	1	306
MYRFL	7	2	5
LOC124902959	0	0	0
LINC02821	0	0	0
PRANCR	16	11	63
CNOT2	1279	47	1290
KCNMB4	273	0	273
PTPRB-AS1	174	23	331
PTPRB	21	170	31
PTPRR	109	3	118
LOC124902960	0	11	1
LOC124902961	8	0	8
TSPAN8	913	0	913
LOC105369831	0	0	0
LOC105369832	1	0	1
LOC124902962	0	0	0
LGR5	1	1	0
LOC105369833	0	0	0
LOC124902963	0	0	0
LOC124902964	1	0	1
ZFC3H1	1876	95	1781
LOC124900332	0	0	0
THAP2	141	0	141
LOC124902965	3	0	3
TMEM19	465	0	465
LOC107984530	0	0	0
RAB21	851	0	851
TBC1D15	1119	0	1119
MRS2P2	0	0	0
TPH2	0	0	0
TRHDE	0	0	0
TRHDE-AS1	0	0	0
LOC105369838	0	0	0
LINC02444	0	0	0
LOC105369839	0	0	0
LOC124902966	0	0	0
LINC02445	0	0	0
LOC124900319	0	0	0
LINC02394	0	0	0
LINC02882	0	0	0
LOC107987178	0	0	0
LOC124902967	0	0	0
ATXN7L3B	1378	1	1377
LOC101929967	0	0	0
LOC105369842	0	0	0
LOC105369843	0	0	0
KCNC2	0	0	0
LOC100130268	0	0	0
CAPS2-AS1	0	0	0
CAPS2	47	0	51
GLIPR1L1	0	4	0
LOC124902968	19	0	19
GLIPR1L2	4	0	4
GLIPR1	12	591	10
GLIPR1-AS1	96	0	100
KRR1	756	1	1326
LOC105369844	0	0	0
LOC107984533	0	0	0
LOC105369846	0	0	0
LOC124902969	0	0	0
LOC105369847	0	0	0
PHLDA1	148	2	298
PHLDA1-AS1	0	148	2
PHLDA1-DT	9	5	7
NAP1L1	8816	5	8812
LOC124902970	2	0	2
LNCOG	1	0	1
BBS10	240	0	240
OSBPL8	620	0	620
LOC105369850	8	0	8
LOC105369851	0	0	0
ZDHHC17	464	1	463
CSRP2	733	1	733
LOC124902971	0	0	1
E2F7	461	0	461
LOC105369853	0	0	0
LOC124903107	0	0	0
LINC02464	0	0	0
LOC124902972	0	0	0
NAV3	1	0	1
LINC02424	0	0	0
LOC105369859	0	0	0
SYT1	16	2	14
LOC105369863	1	1	0
LOC124902973	0	0	0
MIR1252	0	0	0
PAWR	1295	2	1487
PPP1R12A-AS2	8	299	1
PPP1R12A	1499	9	1595
LOC124902974	0	0	0
PPP1R12A-AS1	20	0	27
OTOGL	6	0	6
PTPRQ	1	0	1
LOC124902975	0	0	0
LOC105369867	0	0	0
MYF6	0	0	0
MYF5	0	0	0
LINC01490	0	0	0
LIN7A	0	0	0
MIR617	0	0	0
MIR618	0	0	0
ACSS3	0	0	0
ACSS3-AS1	0	0	0
MIR4699	0	0	0
PPFIA2	1	0	1
PPFIA2-AS1	0	0	0
LOC105369872	0	0	0
PPFIA2-AS2	0	0	0
LINC02426	0	0	0
LOC105369873	0	0	0
CCDC59	455	8	459
METTL25	59	4	67
LOC107987180	0	0	0
LOC107984487	0	0	0
TMTC2	0	0	0
LOC105369874	0	0	0
LOC107984536	1	0	1
LOC124902976	0	0	0
LOC124903066	0	0	0
LOC105369875	0	0	0
SLC6A15	3	0	3
LOC102724680	0	0	0
TSPAN19	0	0	0
LRRIQ1	2	0	2
ALX1	0	0	0
LINC02820	1	0	1
LOC107984537	0	0	0
LOC124903073	0	0	0
RASSF9	506	0	506
NTS	416	0	416
MGAT4C	1	0	1
LOC105369877	2	0	2
MIR3059	0	0	0
LOC105369878	0	0	0
LOC105369879	0	0	0
LOC107984478	0	0	0
LOC105369880	1	0	1
LOC105369881	0	0	0
LINC02258	0	0	0
MKRN9P	0	0	0
C12orf50	3	0	3
LOC107984542	0	0	0
RLIG1	255	42	286
CEP290	336	32	380
LOC124902977	11	14	0
TMTC3	430	0	430
LOC124902978	17	0	17
KITLG	1052	0	1052
LOC124902979	2	0	2
LOC105369885	20	0	20
LOC105369886	0	0	0
LOC105369887	0	0	0
LINC02458	2	0	2
LOC105378255	0	0	0
DUSP6	69	0	69
POC1B-DUSP6	0	0	0
LOC124902980	0	0	0
LOC124902981	1	1	0
POC1B	181	0	181
LOC105369889	3	3	0
POC1B-GALNT4	2	4	0
GALNT4	1	0	1
POC1B-AS1	6	0	12
ATP2B1	2545	3	2554
ATP2B1-AS1	42	11	43
LOC107984543	1	0	1
LOC105369890	0	0	0
LINC02399	1	0	1
LOC105369892	0	0	0
LINC02392	0	0	0
LOC124902982	0	0	0
LINC02822	0	0	0
LOC105369895	0	0	0
LOC124903074	0	0	0
LINC00615	0	0	0
CCER1	0	0	0
EPYC	0	0	0
KERA	0	0	0
LUM	53	0	53
DCN	1260	0	1260
LOC124903075	0	0	0
LOC105369896	0	0	0
LOC107984544	0	0	0
LINC02823	0	0	0
LINC02404	0	0	0
LOC105369901	2	0	2
LINC01619	11	0	11
BTG1	2357	2	2355
BTG1-DT	5	0	5
LINC02391	0	0	0
LOC105369902	0	0	0
LOC107984467	0	0	0
CLLU1-AS1	0	0	0
CLLU1	0	0	0
LINC02397	1	1	0
LOC105369904	0	0	0
LOC105369905	0	0	0
LOC124902983	0	0	0
PLEKHG7	0	1	0
EEA1	316	0	349
LOC124902984	0	32	0
LINC02413	0	0	0
LOC643339	1	0	1
LOC105369908	0	0	0
LINC02412	2	0	2
LOC124903102	0	0	0
LOC124900325	0	0	0
LOC124903116	0	0	0
NUDT4	884	24	888
UBE2N	1350	7	1371
MRPL42	1191	0	1191
LOC124902985	0	0	0
SOCS2-AS1	14	3	17
SOCS2	328	7	327
CRADD	97	3	94
CRADD-AS1	0	0	0
LOC105369911	1	0	1
LOC105369912	0	0	0
LOC105369913	0	0	0
LOC124902986	0	0	0
PLXNC1	12	21	0
PLXNC1-AS1	0	0	0
LOC124902987	0	0	0
CEP83	309	0	318
CEP83-DT	0	0	0
LOC102724960	0	0	0
LNCHR1	0	0	0
MIR5700	0	0	0
TMCC3	13	0	13
MIR7844	0	0	0
LOC105369914	1	1	0
LOC124902989	0	0	0
MIR492	0	0	0
KRT19P2	0	0	0
LOC105369915	1	0	1
NDUFA12	455	0	455
NR2C1	797	0	797
FGD6	694	0	695
VEZT	914	1	914
MIR331	1	0	1
MIR3685	12	0	12
LOC105369917	0	0	0
LOC107984545	0	0	0
METAP2	2412	0	2412
USP44	2	2	0
PGAM1P5	5	3	2
NTN4	361	0	361
LOC105369919	2	0	2
SNRPF-DT	1	0	1
LINC02410	0	0	0
SNRPF	549	0	549
CCDC38	4	1	3
AMDHD1	41	0	41
HAL	5	0	5
LOC102723340	35	333	0
LTA4H	1183	1	1480
TRD-GTC2-8	0	0	0
LOC124902990	0	0	0
LOC105369923	0	0	0
LINC02452	0	0	0
ELK3	279	5	274
LOC124902991	0	0	0
CDK17	810	0	810
CFAP54	12	0	12
NEDD1	427	0	427
LOC124902992	0	0	0
LOC124902993	0	0	0
LOC105369928	0	0	0
LOC105369927	0	0	0
LOC101928912	0	0	0
LINC02409	0	0	0
LOC105369930	0	0	0
RMST	0	0	0
MIR1251	0	0	0
MIR135A2	0	0	0
PAFAH1B2P2	0	0	0
MIR4495	0	0	0
MIR4303	0	0	0
LOC105369932	0	0	0
LOC105369933	0	0	0
SLC9A7P1	0	0	0
LOC124902994	0	0	0
LINC02453	1	0	1
TRD-GTC1-1	0	0	0
TRW-CCA4-1	0	0	0
TMPO-AS1	58	425	151
TMPO	3028	95	3451
SLC25A3	14209	1	14208
SNORA53	2	0	2
IKBIP	1575	1	1574
APAF1	443	1	556
ANKS1B	34	114	34
LOC101928937	0	0	0
GARIN6	0	0	0
BLTP3B	568	0	568
BLTP3B-DT	0	0	0
GOLGA2P5	557	0	557
MIR1827	0	0	0
ACTR6	532	0	533
DEPDC4	41	12	33
SCYL2	824	0	827
SLC17A8	0	0	0
LOC124903108	0	0	0
NR1H4	0	0	0
GAS2L3	185	0	185
ANO4	94	0	94
SLC5A8	0	0	0
UTP20	883	12	876
LOC124903119	0	0	0
ARL1	772	2	775
SPIC	0	0	0
LOC105369935	0	0	0
MYBPC1	2	0	2
LOC105369938	0	0	0
LOC105369937	0	0	0
LOC124902996	0	0	0
CHPT1	684	2	775
SYCP3	3	96	0
LOC124902997	7	7	0
GNPTAB	1122	6	1116
LOC124903105	0	0	0
DRAM1	1149	0	1149
DRAM1-AS1	1	0	1
WASHC3	249	0	249
NUP37	754	1	754
PARPBP	212	1	399
PMCH	2	189	0
LOC124902998	9	0	9
LINC02456	4	0	4
IGF1	3	3	0
LINC00485	0	0	0
PAH	0	0	0
LOC124902999	0	0	0
LOC112267865	0	0	0
ASCL1	2	0	2
C12orf42	0	0	0
LOC124903096	0	0	0
C12orf42-AS1	0	0	0
LOC105369945	0	0	0
LINC02401	0	0	0
STAB2	6	10	0
LOC124900318	0	0	0
LOC105369946	0	0	0
LOC124903106	0	0	0
NT5DC3	177	0	183
LOC124903000	0	2	0
LOC107984433	6	4	10
TTC41P	13	6	15
LOC124903001	0	0	0
HSP90B1	30803	8	30850
MIR3652	0	0	0
UQCC6	259	73	241
TDG	913	12	901
GLT8D2	739	6	733
HCFC2	139	2	139
NFYB	755	0	757
LOC105369947	0	0	0
LINC02385	0	0	0
TXNRD1	4459	0	4459
TXNRD1-AS1	20	0	20
EID3	32	0	32
LOC105369949	8	0	8
LOC124903003	1	0	1
CHST11	531	0	531
MIR3922	0	0	0
SLC41A2	477	0	477
LOC105369952	1	100	4
NOPCHAP1	252	3	352
ALDH1L2	61	2	60
LOC124903005	2	0	2
LOC414300	6	0	6
WASHC4	1315	0	1315
APPL2	253	13	240
C12orf75-AS1	0	0	0
C12orf75	49	0	49
LOC105369957	0	0	0
LOC105369956	0	0	0
LOC105369955	0	0	0
LOC105369958	0	0	0
LOC124903006	1	0	1
CASC18	1	0	2
LOC105369959	0	0	0
LOC107984435	1	1	1
LOC105369960	0	0	0
NUAK1	229	0	229
LOC124903007	0	0	0
CKAP4	4812	11	4801
LOC124903008	10	0	10
TCP11L2	95	0	95
POLR3B	485	5	482
LOC100287944	0	20	1
RFX4	2	2	0
LOC100505978	0	0	0
RIC8B	320	1	339
LOC105369961	0	1	0
TMEM263-DT	45	0	45
TMEM263	1466	3	1465
MTERF2	347	41	308
CRY1	370	0	370
LOC124903009	0	0	0
ABTB3	0	0	0
LOC124900324	0	0	0
PWP1	1481	4	1533
LOC124903010	1	55	1
PRDM4	468	0	554
PRDM4-AS1	3	89	0
ASCL4	0	0	0
LOC105369963	0	0	0
LOC728739	0	0	0
LOC105369964	0	0	0
WSCD2	0	0	0
LOC124903076	0	0	0
LOC105369965	0	0	0
LOC124903077	0	0	0
LOC124903078	0	0	0
CMKLR1	0	0	0
LINC01498	0	0	0
FICD	69	2	67
SART3	1756	0	1756
ISCU	1579	2	1577
TMEM119	2	0	2
SELPLG	152	1	151
LOC105369968	15	1077	11
MIR4496	0	0	0
CORO1C	1165	4	2234
LOC105369969	1	0	1
LOC124900333	0	0	0
SSH1	1078	0	1106
LOC101929204	6	34	0
MIR619	0	0	0
DAO	0	0	0
LOC124903011	0	0	0
SVOP	0	0	0
LOC105378256	0	0	0
USP30	253	6	279
USP30-AS1	0	29	3
ALKBH2	365	0	366
UNG	1395	7	1389
ACACB	386	0	386
LOC105369974	1	1	0
FOXN4	33	0	33
MYO1H	4	1	3
LINC01486	0	0	0
KCTD10	1082	0	1082
UBE3B	1262	1	1261
MMAB	465	1	622
MVK	416	157	417
FAM222A	76	1	75
FAM222A-AS1	1	0	1
TRPV4	0	0	0
MIR4497	0	0	0
LOC105369975	0	0	0
GLTP	515	1	514
TCHP	456	4	452
LOC124903012	0	0	0
GIT2	759	2	828
LOC124903013	0	71	0
ANKRD13A	809	39	793
C12orf76	116	0	139
LOC105369976	0	0	0
IFT81	578	0	578
ATP2A2	8874	11	8863
LOC124903014	3	0	3
ANAPC7	1456	0	1456
ARPC3	3678	0	3678
GPN3	563	52	565
FAM216A	364	13	408
LOC124903016	2	2	0
VPS29	757	13	1223
LOC124903015	40	543	1
LOC124903099	0	0	17
RAD9B	18	88	20
PPTC7	777	3	863
TCTN1	336	0	344
HVCN1	1	9	0
LOC124903017	0	0	0
PPP1CC	3423	0	3423
CCDC63	1	0	1
MYL2	0	0	0
VHRT	0	0	0
LINC01404	0	0	0
LOC105369981	0	0	0
CUX2	0	0	0
LOC124903018	0	0	0
LOC105369983	0	0	0
MIR6760	0	0	0
PHETA1	229	0	229
LINC02356	1	0	1
SH2B3	498	0	499
LOC124903019	4	2	3
ATXN2	1065	3	1066
LOC124903094	0	0	0
ATXN2-AS	2	1	5
BRAP	561	0	561
LOC124903020	0	0	0
ACAD10	506	0	506
ALDH2	49	0	49
MIR6761	0	0	0
MAPKAPK5-AS1	263	209	260
MAPKAPK5	856	2	1060
TMEM116	126	0	127
ERP29	2093	22	4442
LOC124903021	61	2399	32
NAA25	1379	0	1380
MIR3657	0	0	0
LOC124903022	1	2	0
TRAFD1	1438	2	1436
HECTD4	1124	0	1124
MIR6861	0	0	0
RPL6	19262	3	19259
PTPN11	2571	0	2571
LOC124903023	0	0	0
LOC124903024	0	0	0
RPH3A	0	0	0
MIR1302-1	0	0	0
OAS1	3310	0	3310
OAS3	3243	2	3241
OAS2	1287	0	1287
DTX1	0	0	0
RASAL1	0	0	0
CFAP73	1	714	1
DDX54	1713	7	2401
MIR7106	0	0	2
RITA1	988	0	990
DRC10	11	1	11
TPCN1	2187	4	2185
MIR6762	0	0	0
SLC8B1	863	5	859
LOC105369989	0	0	0
PLBD2	1994	0	1994
SDS	3	1	2
SDSL	202	0	202
LHX5	0	0	0
LHX5-AS1	0	0	0
LOC105369990	0	0	0
LOC105369991	0	0	0
LINC01234	80	0	80
RBM19	1053	3	1050
LOC124903025	0	0	0
LOC105369993	2	2	0
LOC105369994	0	0	0
LOC105369995	0	0	0
LINC02459	0	0	0
TBX5	0	0	0
TBX5-AS1	0	0	0
LOC105369998	0	0	0
LOC124903026	0	0	0
TBX3	2396	2	2396
TBX3-AS1	4	6	0
LOC105369999	0	0	0
LOC124900329	0	0	0
LOC124903079	18	0	18
LOC124903080	0	0	0
LOC102723639	0	0	0
LOC124903081	0	0	0
LOC124903082	2	0	2
LOC105370003	0	0	0
LOC105370002	0	0	0
LINC02463	0	0	0
LOC124900323	0	0	0
MED13L	970	0	970
MIR620	0	0	0
LOC105370005	0	0	0
MIR4472-2	0	0	0
LOC105370007	0	0	0
LOC105370008	0	0	0
LINC02457	2	2	0
LINC00173	22	0	22
MAP1LC3B2	1	0	1
LOC124903028	0	0	0
LINC03088	0	0	0
SPRING1	905	0	905
RNFT2	41	0	41
HRK	232	2	230
FBXW8	348	1	387
LOC100506551	2	42	0
TESC	330	1	330
TESC-AS1	0	1	0
LOC105370010	0	0	0
FBXO21	1810	1	1809
NOS1	2	0	2
KSR2	0	0	0
LOC105370012	0	0	0
LOC105370011	0	0	0
RFC5	1059	946	1055
WSB2	376	15	1303
LOC124903030	4	2	2
VSIG10	382	12	370
LOC124903029	32	0	32
LOC101928274	116	0	116
PEBP1	4540	2	4538
TAOK3	778	0	778
LOC124903031	2	0	2
SUDS3	1058	2	1056
LINC02460	0	0	0
LINC02423	0	0	0
LINC02440	0	0	0
LOC105370017	0	0	0
LOC107984472	0	0	0
LINC02439	0	0	0
LOC105370018	0	0	0
LOC105370019	0	0	0
LOC124900328	0	0	0
LOC105370020	0	0	0
SRRM4	1	0	1
SRRM4-AS1	0	0	0
LOC105370021	0	0	0
LOC112268101	0	0	0
LOC105370024	0	0	0
HSPB8	526	0	526
HSPB8-AS1	0	0	0
LOC105370026	0	0	0
LOC105370025	0	0	0
LOC124903032	0	0	0
LINC00934	0	0	0
CCDC60	0	0	0
PRKAB1-AS1	0	72	0
TMEM233	0	0	0
PRKAB1	245	0	383
LOC124903033	10	76	0
CIT	1074	2	1072
MIR1178	0	0	0
LOC112268087	0	0	0
BICDL1	643	2	641
LOC124903114	0	0	0
RAB35	1625	5	1625
RAB35-AS1	64	5	66
GCN1	7861	0	7861
MIR4498	0	0	0
RPLP0	43110	9	43103
PXN-AS1	13	361	44
PXN	1687	57	2579
LOC124903034	33	576	14
RNU4-2	0	0	0
SIRT4	22	1	21
RNU4-1	0	0	0
PLA2G1B	0	0	0
MSI1	0	0	0
COX6A1	4286	3	4283
TRIAP1	537	0	537
GATC	693	1352	670
SRSF9	1247	55	2523
DYNLL1	2707	5	2704
NRAV	286	2	284
COQ5	471	0	471
RNF10	2468	3	2465
LOC128071547	0	0	0
POP5	461	0	461
CABP1-DT	1	0	1
CABP1	0	0	0
LOC105370029	0	8	0
MLEC	3871	3	3885
LOC124903035	12	21	0
LOC124903036	0	26	0
UNC119B	799	0	825
MIR4700	0	0	0
ACADS	556	0	556
SPPL3	841	0	841
XLOC_009911	0	0	0
HNF1A-AS1	0	0	0
HNF1A	0	33	0
C12orf43	334	0	367
OASL	39066	14	39052
LOC105378258	3	0	3
LOC105370031	0	0	0
LOC124900320	0	0	0
LOC105370030	0	0	0
LOC105370032	0	0	0
P2RX7	4	0	4
P2RX4	310	0	310
CAMKK2	809	0	809
ANAPC5	3814	0	3814
LOC124903037	0	0	0
RNF34	733	11	725
KDM2B	652	63	595
MIR7107	0	0	0
KDM2B-DT	2	1	4
ORAI1	0	0	0
MORN3	4	4	0
LOC105370034	0	0	0
TMEM120B	421	2344	466
RHOF	74	110	2353
SETD1B	1512	25	1488
LINC01089	220	1	220
HPD	3786	2	6674
TIALD	0	2889	1
PSMD9	875	0	875
CFAP251	17	0	17
LOC124903038	0	0	0
BCL7A	86	0	86
LINC02985	0	0	0
MLXIP	707	0	707
LRRC43	9	8	1
IL31	0	0	0
B3GNT4	46	1031	35
DIABLO	327	2	1345
LOC128125816	0	0	0
LOC101593348	0	0	0
VPS33A	1095	1	1094
CLIP1	2940	4	2943
CLIP1-AS1	0	7	0
ZCCHC8	735	2	733
RSRC2	1355	0	1355
KNTC1	1781	0	1781
MIR9902-1	0	0	0
HCAR2	200	4	196
MIR9902-2	0	0	0
HCAR3	218	0	218
HCAR1	0	0	0
DENR	1376	0	1376
CCDC62	56	0	56
LOC124903040	1	25	0
HIP1R	3402	7	3421
LOC124903039	6	1	6
VPS37B	967	18	952
ABCB9	238	42	243
OGFOD2	365	5	407
ARL6IP4	2158	6	2152
PITPNM2	968	0	968
MIR4304	0	0	0
PITPNM2-AS1	0	0	0
MPHOSPH9	664	2	671
MTRFR	395	42	362
CDK2AP1	2629	4	2625
SBNO1	1249	0	1249
MIR8072	0	0	0
SBNO1-AS1	23	0	23
KMT5A	663	0	666
RILPL2	239	3	239
LOC124903041	1	0	1
SNRNP35	347	121	350
RILPL1	322	11	435
MIR3908	0	0	0
LOC124903042	14	0	14
TMED2-DT	15	0	15
TMED2	5185	3	5182
DDX55	594	9	1070
LOC105370041	7	349	4
SNORA9B	2	0	3
EIF2B1	1441	144	1437
GTF2H3	586	0	586
TCTN2	209	0	209
ATP6V0A2	369	0	371
LOC105370042	3	5	0
DNAH10	0	0	0
LOC105370044	0	0	0
LOC124903043	0	0	0
DNAH10OS	0	0	0
CCDC92	78	2	76
ZNF664-RFLNA	0	0	0
ZNF664	1852	0	1852
RFLNA	0	0	0
NCOR2	5387	16	5371
MIR6880	0	0	0
LOC124903044	20	0	20
LOC105370047	3	3	0
LOC101927436	0	0	0
LOC124903045	0	0	0
SCARB1	10467	0	10467
LOC124903046	5	5	0
LOC105370050	0	0	0
UBC	20231	5	20226
MIR5188	2	0	2
TRA-TGC3-2	0	0	0
TRD-GTC2-9	1	0	1
TRF-GAA1-4	1	0	1
TRD-GTC2-10	3	0	3
TRA-TGC4-1	5	4	1
DHX37	1484	4	1480
BRI3BP	798	0	1000
THRIL	0	202	0
LOC105370052	1	0	1
AACS	1367	3	1364
LOC105370053	1	0	1
TMEM132B	1	0	1
LOC105370054	0	0	0
LOC107984445	0	0	0
LOC105370055	0	0	0
LOC124903047	0	0	0
LINC00939	0	0	0
LINC02826	0	0	0
LOC105370058	0	0	0
LOC105370056	0	0	0
LINC02359	0	0	0
LOC107984447	0	0	0
LOC105379613	0	0	0
LOC101927531	0	0	0
LOC107984448	0	0	0
LINC02825	0	0	0
LOC124903048	0	0	0
LINC02350	0	0	0
LINC02347	0	0	0
LOC100996671	0	0	0
LINC02824	0	0	0
LINC00944	0	0	0
LINC00943	0	0	0
LINC02372	0	0	0
LOC105370061	0	0	0
LINC02405	10	0	10
LOC105370063	1	1	0
LOC107984449	27	0	40
LOC107984450	0	12	0
LOC105370062	0	1	0
LOC105370064	0	0	0
LOC124903049	11	0	11
LINC02376	0	0	0
LOC124903050	0	0	0
LINC02375	0	0	0
LOC105370066	0	0	0
LOC105370067	0	0	0
LOC124903051	0	0	0
LINC02411	0	0	0
LOC105370068	0	0	0
LOC105370069	0	0	0
LOC124903052	0	0	0
LINC02393	0	0	0
LINC00508	0	0	0
LINC00507	0	0	0
LINC02441	0	0	0
LOC105370071	0	0	0
LINC02369	0	0	0
LINC02368	0	0	0
LOC107987176	0	0	0
TMEM132C	0	0	0
MIR3612	0	0	0
SLC15A4	594	0	616
LOC124903083	3	22	3
LOC100128276	0	0	0
GLT1D1	0	0	0
LOC124903084	0	0	0
LOC105370073	0	0	0
TMEM132D	0	0	0
LOC124903086	0	0	0
TMEM132D-AS1	1	0	1
TMEM132D-AS2	0	0	0
LOC105370074	0	0	0
LOC124903085	0	0	0
LOC105370076	0	0	0
LOC124903087	0	0	0
LINC02418	0	0	0
LOC105370077	10	9	1
LINC02419	0	0	0
LOC124903088	425	4	421
FZD10-AS1	528	133	396
FZD10	527	3	525
LOC107984480	0	0	0
LOC101927786	0	0	0
PIWIL1	0	0	0
RIMBP2	0	0	0
LOC105370080	0	0	0
STX2	414	1	413
LOC124903053	0	0	0
RAN	14526	2	14524
ADGRD1	522	1	586
LOC124903054	0	27	0
ADGRD1-AS1	0	38	0
LOC107984452	0	0	0
LINC01257	0	0	0
LOC105370082	354	0	354
LOC107987177	0	0	0
LOC100128002	0	0	0
LINC02415	0	0	0
LOC124903055	0	0	0
LINC02370	0	0	0
LOC124903090	13	1	12
LOC101929974	0	0	0
LOC124903056	0	0	0
LOC105370084	0	0	0
LINC02414	0	0	0
LOC105370086	0	0	0
LOC100996701	0	0	0
LOC124903057	0	0	0
LOC105370087	0	0	0
SFSWAP	1606	3	1603
LOC105370088	4	0	4
MMP17	72	0	72
LOC124903058	5	0	5
LOC124903059	0	0	0
ULK1	3915	1	3914
PUS1-AS1	27	0	27
PUS1	1058	1	1057
EP400	1774	2	1772
SNORA49	0	0	0
EP400P1	29	0	29
LOC107987169	0	0	0
DDX51	0	0	0
NOC4L	0	0	0
LINC02361	0	0	0
GALNT9	0	0	0
LOC105370091	0	0	0
GALNT9-AS1	0	0	0
LOC101928416	0	0	0
LOC105370092	0	0	0
LOC112268102	0	0	0
LOC124903060	0	0	0
MUC8	3	1	3
FBRSL1	1122	2	1121
LOC124903061	27	0	27
MIR6763	0	0	0
LOC124903062	0	0	0
LOC105370094	2	0	2
LRCOL1	0	0	0
P2RX2	9	9	0
POLE	3721	4	3722
PXMP2	297	4	300
LOC124903063	16	2	16
PGAM5	1450	0	1450
ANKLE2	3002	1	3001
GOLGA3	1390	25	1365
CHFR	2	0	2
CHFR-DT	0	0	0
LOC124903065	0	0	0
ZNF605	242	0	242
LOC124903064	0	0	0
ZNF26	136	0	136
ZNF84-DT	0	0	0
ZNF84	401	0	401
ZNF140	8	38	80
ZNF891	118	73	155
ZNF10	71	0	71
ZNF268	142	0	142
ANHX	0	0	0
FAM230C	0	0	0
LOC124903275	0	0	0
LINC00349	0	0	0
LINC00417	0	0	0
ANKRD20A9P	0	0	0
LINC00408	0	0	0
LINC00442	0	0	0
LOC107984132	0	0	0
TUBA3C	0	0	0
LOC101928697	0	0	0
LOC124900335	0	0	0
ANKRD26P3	0	0	0
LINC00421	0	0	0
TPTE2	3	0	3
TPTE2-AS1	0	0	0
MPHOSPH8	355	38	505
PSPC1	837	178	847
ZMYM5	140	0	140
ZMYM2	1377	1	1376
LOC124903265	0	0	0
LINC01072	0	0	0
LOC105370101	0	0	0
LOC124903128	0	0	0
GJA3	0	0	0
LOC107984553	0	0	0
GJB2	0	0	0
GJB6	0	0	0
LOC105370102	0	0	0
CRYL1	91	0	91
MIR4499	0	0	0
LOC105370103	0	0	0
IFT88	161	0	161
IL17D	10	10	0
EEF1AKMT1	89	1	88
XPO4	795	0	795
LOC124903129	0	0	0
LINC00367	0	0	0
LOC124903269	0	0	0
LATS2	837	8	829
LOC105370104	0	0	0
LOC124900339	0	0	0
SAP18	1354	2	1352
SKA3	449	4	448
MRPL57	656	1	658
LINC01046	0	0	0
LOC105370105	0	0	0
LOC101928764	1	0	1
MIPEPP3	10	27	10
LINC00539	3	3	0
GRK6P1	3	0	3
ZDHHC20	534	1	560
LOC124903130	1	1	0
LOC124903131	0	0	0
MICU2	371	0	371
LOC124903270	0	0	0
FGF9	0	0	0
LOC124903132	0	0	0
LINC00424	0	0	0
LOC105370108	0	0	0
LINC00540	0	0	0
LOC107984599	0	0	0
LOC124903133	0	0	0
LINC00621	0	0	0
LOC105370109	0	0	0
BASP1P1	0	0	0
LOC124903230	0	0	0
LOC105370111	0	0	0
LOC105370112	0	0	0
LOC124903134	0	0	0
SGCG	0	0	0
LINC00362	0	0	0
LOC107984585	2	0	2
SACS	584	0	584
SACS-AS1	0	0	0
LINC00327	0	0	0
LOC124903135	0	0	0
TNFRSF19	0	0	0
LOC105370113	1	1	0
MIPEP	544	3	548
PCOTH	0	4	14
C1QTNF9B	1	10	0
ANKRD20A19P	0	0	0
LOC105370115	0	0	0
SPATA13	121	0	121
LOC124903136	0	0	0
MIR2276	0	0	0
SPATA13-AS1	0	0	0
C1QTNF9	0	0	0
LINC00566	0	0	0
PARP4	1903	1	1927
LOC105370117	3	25	3
LOC105370295	0	0	0
LOC101927375	0	0	0
TPTE2P6	0	0	0
LOC107984610	0	0	0
ATP12A	0	0	0
LOC105370118	0	0	0
RNF17	7	7	0
CPAP	394	0	394
TPTE2P1	0	0	0
LOC105370119	0	0	0
LOC124900613	0	0	0
PABPC3	6	0	6
LOC105370120	0	0	0
AMER2	0	0	0
LINC00463	0	0	0
LINC01053	0	0	0
LOC105370121	1	0	1
MTMR6	359	0	359
NUP58	1133	2	1131
ATP8A2	1	0	1
LOC105370122	0	0	0
SHISA2	0	0	0
LINC00415	0	0	0
RNF6	431	3	428
CDK8	517	2	515
WASF3	0	0	0
LOC107984597	0	0	0
GPR12	0	0	0
LOC105370124	7	0	7
USP12	966	0	966
USP12-AS1	0	0	0
USP12-DT	4	0	4
LOC124903137	3	3	0
LINC00412	2	0	2
RPL21	9658	0	9658
SNORD102	27	0	27
SNORA27	20	0	20
RASL11A	308	0	308
LOC105370126	0	0	0
LOC124903138	0	0	0
GTF3A	1377	67	1394
MTIF3	303	40	347
LNX2	234	31	234
POLR1D	1405	0	1436
LOC105370129	0	0	0
GSX1	0	0	0
PLUT	2	0	2
LOC124903139	3	0	3
LOC105370130	0	0	0
PDX1	0	0	0
LINC00543	1	0	1
CDX2	0	0	0
URAD	0	0	0
LOC105370132	0	0	0
FLT3	0	0	0
PAN3-AS1	11	19	15
PAN3	447	4	490
LOC124903140	22	46	0
FLT1	0	0	0
LOC124903141	0	0	0
LOC124903142	0	0	0
LOC105370135	0	0	0
POMP	1299	0	1299
LOC124903143	1	0	1
SLC46A3	0	0	0
MTUS2	106	4	106
LOC124903144	0	0	0
MTUS2-AS2	0	0	0
MTUS2-AS1	2	0	5
SLC7A1	1522	6	1517
LOC102723345	0	0	0
LOC105370139	0	0	0
UBL3	394	0	394
LINC00297	0	0	0
LINC00572	0	0	0
LINC00544	0	0	0
LINC00365	0	0	0
LINC00384	0	0	0
LINC00385	0	0	0
KATNAL1	243	2	241
LOC102723381	0	0	0
LINC00427	0	0	0
LOC124903145	0	0	0
LINC00426	1	0	1
LINC01058	6	0	6
UBE2L5	0	0	0
LOC107984577	0	0	0
HMGB1	4358	0	4359
USPL1	319	2	318
TRN-GTT2-4	0	0	0
ALOX5AP	4	0	4
LOC124903146	0	0	0
LINC00398	0	0	0
LINC00545	0	0	0
TEX26-AS1	0	0	0
MEDAG	0	0	0
TEX26	0	0	0
TEX26-AS2	0	0	0
LINC01066	0	0	0
LOC124903147	0	0	0
LOC102723392	0	0	0
HSPH1	1906	0	1906
LOC105370148	2	0	2
B3GLCT	242	0	242
LOC124903148	0	0	0
LOC105370150	0	0	0
RXFP2	0	0	0
LOC105370152	0	0	0
LOC124903150	0	0	0
EEF1DP3	2	0	2
LOC124900336	0	0	0
LOC124903149	0	0	0
FRY-AS1	0	0	0
FRY	41	0	41
ZAR1L	0	0	0
BRCA2	379	0	379
N4BP2L1	32	0	32
LOC124903256	0	0	0
N4BP2L2	842	0	842
MICOS10P1	3	0	3
N4BP2L2-IT2	0	0	0
PDS5B-DT	0	0	0
PDS5B	948	0	948
LINC00423	0	0	0
LOC124903151	0	0	0
KL	0	0	0
STARD13	117	5	112
STARD13-AS	1	1	0
LINC02344	0	0	0
LOC124903152	0	0	0
LOC102723406	12	11	1
LOC107984551	0	0	0
RFC3	1027	0	1027
LOC105370156	0	0	0
LOC107984589	0	0	0
LOC124903153	2	0	2
LOC124900343	0	0	0
LOC124903154	1	0	1
LINC02343	0	0	0
LINC00457	0	0	0
LOC105370159	0	0	0
LOC107987189	0	0	0
LOC124903231	0	0	0
NBEA	4	0	4
LOC124903232	0	0	0
MAB21L1	0	0	0
LOC105370161	0	0	0
LOC124903224	0	0	0
LINC00445	0	0	0
DCLK1	0	0	0
LOC105370163	0	0	0
LOC107984604	0	0	0
CCDC169-SOHLH2	0	0	0
SOHLH2	18	0	18
CCDC169	31	0	31
SPART	1235	0	1253
SPART-AS1	2	18	2
CCNA1	1	0	1
LOC124903155	0	0	0
LOC124903157	0	0	0
SERTM1	1	1	0
LOC102723490	3	0	3
LOC124903156	0	0	0
LOC124903158	0	0	0
RFXAP	78	0	78
SMAD9	7	6	1
ALG5	424	0	424
EXOSC8	698	51	724
SUPT20H	891	28	940
CSNK1A1L	0	0	0
LOC105377814	0	0	0
LOC124903159	0	0	0
LINC01048	0	0	0
LINC00547	0	0	0
POSTN	3	0	3
TRPC4	0	0	0
LOC124903160	0	0	0
LINC02334	2	2	0
LINC00571	2	0	2
UFM1	634	1	633
LINC00437	0	0	0
LOC105370167	0	0	0
LINC00366	0	0	0
FREM2	0	0	0
FREM2-AS1	0	0	0
STOML3	0	0	0
PROSER1	810	0	810
NHLRC3	285	0	285
LOC105370169	3	0	3
LOC105370168	0	0	0
LOC107984579	0	0	0
LOC124903161	0	0	0
LOC107984580	0	0	0
LHFPL6	3	0	3
LOC124903266	0	0	0
LOC105370170	0	0	0
LOC112268119	0	0	0
COG6	283	0	283
MIR4305	0	0	0
LOC124903255	0	0	0
LOC105370171	0	0	0
LOC107984569	0	0	0
LOC124903162	2	0	2
LINC00332	0	0	0
LINC00548	0	0	0
LINC00598	0	0	0
FOXO1	315	2	313
MIR320D1	0	0	0
MRPS31	358	0	358
SLC25A15	256	0	334
TPTE2P5	2	80	0
MIR621	0	0	0
SUGT1P3	0	0	0
ELF1	615	1	615
TRE-TTC1-2	0	0	0
WBP4	266	1	266
MIR3168	1	0	1
KBTBD6	390	0	390
KBTBD6-DT	7	0	7
LOC124903260	0	0	0
KBTBD7	208	1	207
MTRF1	181	1	185
LOC105370173	0	0	0
NAA16	316	5	316
OR7E37P	0	0	0
RGCC	0	0	0
LOC105370174	1	1	0
LOC105370175	0	0	0
VWA8	603	0	603
MIR5006	1	0	1
VWA8-AS1	1	0	1
LOC105370176	0	0	0
DGKH	354	3	351
AKAP11	419	0	419
LINC02341	0	0	0
TNFSF11	0	0	0
LOC124903163	0	0	0
LOC124903164	2	0	2
FAM216B	0	0	0
LOC107984611	0	0	0
LINC01050	6	0	6
LINC00428	2	2	0
EPSTI1	4	3	2
LOC124903165	2	0	3
LOC105370178	0	0	0
LOC105370179	0	0	0
DNAJC15	875	1	874
LINC00400	4	0	4
ENOX1	130	0	130
ENOX1-AS2	0	0	0
LOC124903166	0	0	0
CCDC122	20	2	26
LACC1	54	6	56
LOC105370182	0	0	0
NRAD1	3	0	3
LINC00390	0	2	0
SMIM2-AS1	4	0	17
SMIM2	7	17	1
SMIM2-IT1	1	1	0
MIR8079	1	1	0
LOC107984552	16	0	16
LOC105370297	0	0	0
SERP2	0	0	0
TUSC8	0	0	0
TSC22D1	5939	0	6003
LOC124903167	0	8	0
TSC22D1-AS1	5	56	5
LOC124903261	0	0	0
LINC00407	0	0	0
LOC105370185	4	0	4
LINC00330	2	0	2
LOC105370187	0	0	0
LOC107984619	0	0	0
TRE-TTC2-1	0	0	0
NUFIP1	204	0	204
GPALPP1	253	0	253
LOC105370188	0	0	0
LOC107984596	0	0	0
LOC101929259	0	0	0
GTF2F2	521	0	521
KCTD4	0	0	0
LOC124903168	0	0	0
LOC105370190	0	0	0
TPT1	19289	4	19288
SNORA31B	0	0	0
SNORA31	1	0	1
TPT1-AS1	110	11	102
LOC124903169	0	0	0
SLC25A30	109	1	113
SLC25A30-AS1	0	5	0
COG3	370	2	368
ERICH6B	0	0	0
LINC01055	0	0	0
CBY2	0	0	0
SIAH3	0	0	0
LOC105370191	0	0	0
ZC3H13	988	0	988
CPB2-AS1	2	0	2
CPB2	2	2	0
LCP1	1	1	0
LOC107984578	0	0	0
LOC105370192	0	0	0
LRRC63	0	0	0
LOC124903262	0	0	0
LOC105370194	0	0	0
LOC124903170	0	0	0
LINC00563	0	0	0
RUBCNL	0	0	0
LINC01198	0	0	0
LOC112268117	0	0	0
LOC124903171	0	0	0
LRCH1	288	1	287
LOC107984563	0	0	0
ESD	801	0	801
HTR2A	0	0	0
HTR2A-AS1	0	0	0
LOC105370195	3	0	3
LOC105370196	2	0	2
LINC00562	7	0	7
SUCLA2	859	0	859
SUCLA2-AS1	5	4	2
LOC124903172	8	61	58
NUDT15	396	46	455
MED4	237	0	699
MED4-AS1	2	464	0
LOC105370198	0	0	0
ITM2B	5082	1	5081
RB1-DT	0	0	0
RB1	1368	0	1414
LOC112268118	0	46	0
LPAR6	2	2	0
RCBTB2	86	0	86
LOC124903173	11	0	11
LOC124903174	0	0	0
LINC01077	0	0	0
LINC00462	0	0	0
LOC105370202	0	0	0
CYSLTR2	3	0	3
LOC107984559	0	0	0
FNDC3A	3563	172	3391
MLNR	0	0	0
LOC105370203	6	0	6
CDADC1	167	0	167
CAB39L	97	0	97
SETDB2-PHF11	0	0	0
SETDB2	47	0	47
PHF11	0	0	0
RCBTB1	251	0	251
LOC105370204	0	0	0
ARL11	6	0	6
LOC105370205	5	0	5
EBPL	884	0	884
KPNA3	982	0	982
CTAGE10P	2	0	2
SPRYD7	291	0	291
DLEU2	54	35	69
MIR3613	0	0	0
TRIM13	198	20	228
KCNRG	3	0	3
MIR16-1	0	0	0
MIR15A	0	0	0
DLEU1	160	0	160
ST13P4	9	0	9
LOC124900337	0	0	0
DLEU1-AS1	0	0	0
LOC107984568	0	0	0
DLEU7	0	0	0
DLEU7-AS1	0	0	0
RNASEH2B-AS1	1	1	2
RNASEH2B	470	1	471
GUCY1B2	10	0	10
C13orf42	0	0	0
LOC107984554	0	0	0
FAM124A	9	2	7
INTS6	1021	0	1079
SERPINE3	6	65	0
MIR5693	0	0	1
INTS6-AS1	9	0	9
LOC124903175	0	0	0
MIR4703	0	0	0
WDFY2	488	14	610
LOC124903177	0	42	0
DHRS12	52	102	47
LOC107984561	7	6	15
TMEM272	1	0	1
CCDC70	0	0	0
ATP7B	222	0	222
ALG11	78	0	78
UTP14C	0	0	0
NEK5	2	1	1
LOC101929657	1	1	0
NEK3	103	2	114
LOC124903176	3	16	0
MRPS31P5	43	0	43
TPTE2P2	1	0	1
LINC02333	0	0	0
LOC105370207	2	0	2
THSD1	28	0	28
VPS36	604	3	601
CKAP2-DT	7	0	7
CKAP2	1226	4	1222
LINC00345	2	2	1
TPTE2P3	2	0	2
HNRNPA1L2	148	0	149
SUGT1-DT	27	0	27
SUGT1	882	0	882
CNMD	1	1	0
MIR759	0	0	0
PCDH8	0	0	0
OLFM4	0	0	0
LINC01065	0	0	0
LOC105370210	0	0	0
LINC00558	0	0	0
LINC00458	0	0	0
MIR1297	0	0	0
LOC105370213	0	0	0
LOC124903233	0	0	0
LINC02335	0	0	0
MIR5007	0	0	0
LOC105370214	0	0	0
LOC124903268	0	0	0
LOC124903235	0	0	0
PRR20A	0	0	0
PRR20B	0	0	0
PRR20C	0	0	0
PRR20D	0	0	0
PRR20E	0	0	0
LOC105370216	0	0	0
LOC105370217	0	0	0
PCDH17	339	0	339
LINC02338	0	0	0
LINC00374	0	0	0
LOC105370218	0	0	0
LOC105370219	0	0	0
LOC105370220	0	0	0
LOC105370221	1	0	1
LOC105370224	6	0	6
LOC105370223	0	0	0
LOC105370222	0	0	0
LOC107984625	0	0	0
DIAPH3	803	0	840
DIAPH3-AS1	0	37	0
DIAPH3-AS2	0	0	0
LOC105370227	1	0	1
LINC00434	0	0	0
LOC105370228	0	0	0
TDRD3	472	2	470
LOC124903178	0	0	0
LOC105370230	0	0	0
LINC00378	0	0	0
LINC01442	0	0	0
LOC102723910	0	0	0
MIR3169	0	0	0
PCDH20	0	0	0
LINC02339	0	0	0
LOC105370231	0	0	0
LINC00358	0	0	0
LINC01075	0	0	0
LINC01074	0	0	0
LINC00459	0	0	0
LOC105370232	0	0	0
LINC00448	0	0	0
LOC105370234	0	0	0
LINC00376	0	0	0
LOC124903236	1	0	1
LOC105370237	0	0	0
LOC105370236	0	0	0
LINC00395	0	0	0
LOC105370235	0	0	0
OR7E156P	0	0	0
LOC112267897	0	0	0
LOC102723968	1	0	1
LOC647264	0	0	0
LOC105377815	0	0	0
LINC00355	13	0	13
LOC124903237	1	0	1
LOC105370238	0	0	0
LOC107987190	0	0	0
LOC105370239	0	0	0
LOC105370240	0	0	0
LOC105370241	0	0	0
LINC01052	0	0	0
LOC105370243	0	0	0
LOC105370244	0	0	0
MIR548X2	0	0	0
LOC105370245	0	0	0
LOC124903225	0	0	0
MIR4704	0	0	0
LOC124903179	0	0	0
PCDH9	21	0	25
PCDH9-AS1	0	4	0
LOC105370247	0	0	0
PCDH9-AS2	0	0	0
PCDH9-AS3	0	0	0
PCDH9-AS4	0	0	0
LOC105370246	0	0	0
LINC00364	0	0	0
LOC105370248	0	0	0
LOC105370249	0	0	0
LOC105370250	0	0	0
LOC107984622	0	0	0
LOC124903238	0	0	0
LOC105370251	0	0	0
LOC101927072	0	0	0
LOC124903239	0	0	0
LINC00550	0	0	0
LOC105370254	0	0	0
LINC02342	0	0	0
LINC00383	0	0	0
KLHL1	0	0	0
ATXN8OS	0	0	0
LOC105370255	0	0	0
LINC00348	0	0	0
DACH1	0	0	0
LOC124900345	0	0	0
LOC124903181	0	0	0
LOC124900344	0	0	0
MZT1	575	0	575
BORA	258	70	472
DIS3	1512	240	1556
PIBF1	355	0	355
KLF5	1899	0	1899
LOC105377816	0	0	0
LINC00393	1	0	1
LINC00392	0	0	0
LOC128966561	0	0	0
LOC105370256	6	0	6
KLF12	301	0	301
LOC124903182	0	0	0
LINC00402	0	0	0
LOC105370259	0	0	0
LOC100288208	0	0	0
LINC00381	0	0	0
LOC107987191	0	0	0
LINC00347	0	0	0
LOC105370260	0	0	0
LOC107984620	0	0	0
CTAGE11P	0	0	0
LINC01078	0	0	0
TBC1D4	853	0	853
COMMD6	368	0	368
UCHL3	293	0	439
LMO7-AS1	2	148	4
LMO7	6549	4	6549
LMO7DN	0	0	0
LMO7DN-IT1	4	0	4
LINC00561	0	0	0
LOC105370262	0	0	0
LOC105370261	0	0	0
LOC105370263	0	0	0
LOC105370264	0	0	0
LOC124903183	0	0	0
LOC105370266	0	0	0
LOC112268120	0	0	0
LOC105370265	1	0	1
LOC107984587	0	0	0
KCTD12	195	4	191
BTF3P11	0	0	0
LOC105370269	0	0	0
ACOD1	0	0	0
CLN5	349	24	331
FBXL3	474	6	474
MYCBP2	1543	1	1760
MYCBP2-AS1	0	218	0
MYCBP2-AS2	0	0	0
LOC124903184	0	0	0
LOC127898562	0	0	0
LOC107984564	1	0	1
LOC124903185	0	0	0
LOC124903186	0	0	0
LOC105370271	0	0	0
SCEL	0	0	0
SCEL-AS1	0	0	0
LOC100129307	0	0	0
SLAIN1	0	0	0
MIR3665	0	0	0
EDNRB-AS1	0	0	0
EDNRB	39	0	39
LINC01069	0	0	0
LINC00446	0	0	0
OBI1-AS1	1	317	0
LOC780529	0	0	0
POU4F1	0	0	0
OBI1	265	0	581
LOC105370272	0	0	0
LINC00331	0	0	0
LOC105370273	0	0	0
RBM26	1586	1	1585
RBM26-AS1	41	0	44
LOC105370274	1	4	0
NDFIP2-AS1	0	1	0
NDFIP2	1037	0	1038
LINC01068	0	0	0
LOC124903226	0	0	0
LINC01038	0	0	0
LINC00382	0	0	0
LINC01080	0	0	0
LOC105370275	0	0	0
LOC101927238	0	0	0
SPRY2	609	4	605
LOC105370276	0	0	0
LOC124903240	0	0	0
LOC105370278	0	0	0
LOC124903241	0	0	0
LINC00377	0	0	0
LINC00564	0	0	0
LOC105370281	0	0	0
LOC105370282	0	0	0
LOC105370283	0	0	0
LOC105370284	0	0	0
LOC105370285	0	0	0
LOC124903242	1	1	0
LOC105370286	0	0	0
SLITRK1	0	0	0
LOC105370287	0	0	0
LINC00333	0	0	0
LOC105370289	0	0	0
SNORA107	0	0	0
LOC105370290	0	0	0
LINC00375	0	0	0
LOC105370291	0	0	0
LOC105370292	0	0	0
LINC00351	0	0	0
SLITRK6	0	0	0
LOC124903227	0	0	0
LOC105370299	0	0	0
LOC105370300	0	0	0
LINC00430	0	0	0
LOC105370301	0	0	0
LOC105370302	1	2	0
MIR4500HG	0	0	1
LOC124900338	4	25	4
MIR4500	0	0	0
LOC124903229	0	0	0
SLITRK5	416	6	435
LOC112268106	40	7	35
LINC00397	8	0	10
LOC105370304	0	0	0
LINC00373	0	0	0
LOC124903243	0	0	0
LINC00433	0	0	0
LINC00560	0	0	0
LOC105370307	0	0	0
LINC01047	0	0	0
LINC00440	0	0	0
LOC107984621	0	0	0
LINC01040	0	0	0
LINC00353	0	0	0
LINC02336	0	0	0
LOC124903257	0	0	0
LINC00559	0	0	0
MIR622	1	1	0
LOC124903228	0	0	0
LOC105370310	0	0	0
LINC01049	0	0	0
LOC107984572	0	0	0
LOC105370311	7	0	7
LINC00410	0	0	0
LINC00380	0	0	0
LOC105370312	0	0	0
LOC124903187	0	0	0
LINC00379	0	0	0
LOC124903188	0	0	0
LOC105370313	0	0	0
LOC105370314	0	0	0
MIR17HG	92	0	92
MIR17	0	0	0
MIR18A	0	0	0
MIR19A	0	0	0
MIR20A	0	0	0
MIR19B1	0	0	0
MIR92A1	0	0	0
LOC124903189	0	0	0
GPC5	366	1	365
GPC5-AS2	0	0	0
GPC5-IT1	1	0	1
MIR548AS	0	0	0
LOC124903190	0	0	0
LOC105370315	0	0	0
GPC5-AS1	0	0	0
LOC105370317	0	0	0
LINC00363	0	0	0
GPC6	0	0	0
GPC6-AS2	0	0	0
GPC6-AS1	0	0	0
DCT	3	0	5
LOC124903191	0	3	0
TRF-GAA1-5	0	0	0
TGDS	283	0	283
GPR180	389	0	389
LINC00391	0	0	0
SOX21	0	0	0
SOX21-AS1	0	0	0
LOC112268114	0	0	0
LOC101927284	0	0	0
LINC00557	0	0	0
ABCC4	1437	9	1455
SNORD13G	0	0	0
LOC124903192	1	0	1
LOC102724149	18	20	25
LOC124903193	0	0	0
CLDN10	0	0	0
CLDN10-AS1	0	0	0
DZIP1	0	0	0
LOC124903194	0	0	0
DNAJC3-DT	51	0	51
DNAJC3	783	3	780
UGGT2	827	0	827
HS6ST3	0	0	0
MIR4501	0	0	0
LOC124903195	0	0	0
LINC00359	0	0	0
OXGR1	0	0	0
LOC124903264	0	0	0
LOC124903196	0	0	0
LOC124903197	1	1	0
MBNL2	818	0	818
LINC00456	0	0	0
LOC107984573	2	2	0
LOC101927385	4	4	0
RAP2A	418	0	418
LOC105370324	0	0	0
LOC105370325	0	0	0
LOC124903259	0	0	0
IPO5	5622	2	5620
LOC105370328	0	0	0
LOC107984566	0	0	0
FARP1	806	798	1472
RNF113B	0	0	0
MIR3170	0	0	0
LOC105370327	0	0	0
FARP1-AS1	3	159	1
STK24	1053	528	1833
STK24-AS1	10	3	9
SLC15A1	0	0	0
LOC105370330	0	0	0
DOCK9	955	10	955
DOCK9-AS1	0	0	0
DOCK9-DT	10	0	20
UBAC2-AS1	40	2	39
UBAC2	1687	1	1688
GPR18	1	2	0
LOC124903198	0	0	0
GPR183	1	1	0
FKSG29	0	0	0
MIR623	0	0	0
LNCARGI	0	0	0
LINC01232	11	0	11
LINC00449	13	6	10
TM9SF2	3939	1	3941
LINC01039	0	0	0
LOC105370332	0	0	0
CLYBL	130	0	165
MIR4306	0	0	0
LOC124903199	0	0	0
CLYBL-AS2	0	0	0
CLYBL-AS1	0	0	0
CLYBL-AS3	0	35	0
LOC124903263	0	0	0
ZIC5	358	25	333
ZIC2	555	4	551
LINC00554	0	0	0
LOC124903200	0	0	0
PCCA-DT	119	0	119
PCCA	315	2	347
LOC105370335	0	0	0
LOC124903201	1	0	1
PCCA-AS1	3	3	0
LOC107984574	0	0	0
GGACT	102	34	102
TMTC4	571	2	569
NALCN-AS1	0	17	0
LINC00411	0	0	0
NALCN	110	0	127
LOC124903202	1	1	0
ITGBL1	1	0	9
FGF14	2	10	0
MIR2681	0	0	0
MIR4705	0	0	0
LOC107984615	0	0	0
FGF14-IT1	0	0	0
FGF14-AS1	0	0	0
FGF14-AS2	0	0	0
LOC107984588	9	0	9
TPP2	990	0	990
METTL21C	1	1	0
LOC124903258	0	0	0
LRTM3	6	0	6
LOC105370337	0	200	0
TEX30	212	0	412
POGLUT2	361	0	362
BIVM	193	1	193
BIVM-ERCC5	0	0	0
ERCC5	20	2	18
METTL21EP	2	0	2
SLC10A2	0	0	0
LOC105370338	0	0	0
LOC105370339	0	0	0
LINC01309	0	0	0
LOC124903203	0	0	0
LOC124903204	0	0	0
LOC105370340	0	0	0
LOC107984624	0	0	0
LOC107984606	0	0	0
LOC107984607	0	0	0
LOC107984608	0	0	0
LOC105370342	0	0	0
LOC105370343	0	0	0
LOC107984609	0	0	0
LOC105370344	0	0	0
DAOA-AS1	0	0	0
DAOA	0	0	0
LOC105370345	0	0	0
LINC00343	0	0	0
LOC124903244	0	0	0
LOC124903245	0	0	0
LOC107984626	0	0	0
LINC00460	0	0	0
LOC124903246	0	0	0
LOC105370346	0	0	0
LOC124903247	0	0	0
EFNB2	9	0	9
ARGLU1	1738	2	1736
ARGLU1-DT	0	0	0
LINC00443	0	0	0
LOC107984627	0	0	0
LOC105370349	0	0	0
LOC124903248	0	0	0
LOC124903205	0	0	0
NALF1	0	0	0
SNORD31B	0	0	0
LOC105370353	0	0	0
LOC112268110	0	0	0
MIR1267	0	0	0
NALF1-IT1	0	0	0
LOC124903206	0	0	0
LIG4	205	0	205
ABHD13	269	0	269
TNFSF13B	2	0	2
LOC105370355	0	0	0
MYO16	10	2	10
MYO16-AS2	0	1	0
LOC124903208	0	0	0
LOC105370356	3	0	3
MYO16-AS1	34	1	33
LOC124903207	141	1	147
LINC03061	910	47	872
LOC130494219	24	0	24
LINC00370	2	0	2
LOC105370359	0	0	0
LINC00399	0	0	0
LOC107984602	0	0	0
LOC124903210	0	0	0
LOC101927627	0	0	0
LINC00676	0	0	0
IRS2	1331	13	1322
LOC124903211	58	0	58
LOC105370360	3	0	7
LINC03082	2	1	1
LINC00396	0	0	0
LINC03032	1	0	1
LOC101927712	1	0	1
COL4A1	4016	14	4010
LOC124903212	0	0	0
COL4A2	7895	13	9239
MIR8073	0	0	0
LOC124903267	0	0	0
COL4A2-AS2	0	284	0
COL4A2-AS1	4	1068	1
RAB20	1368	0	1368
NAXD-AS1	11	57	12
NAXD	1008	9	1057
CARS2	2315	9	2311
ING1	630	4	631
LOC107984613	0	0	0
LINC00567	0	0	0
LOC105370362	4	0	4
LOC105370363	4	0	4
PRECSIT	35	0	35
ANKRD10	1378	3	1375
LOC105370364	0	0	0
LINC00431	9	0	9
LOC124903213	0	0	0
LINC00368	0	0	0
ARHGEF7-AS2	0	0	0
ARHGEF7	1134	0	1134
ARHGEF7-AS1	0	0	0
LOC101060553	0	0	0
TEX29	2	0	2
LOC105370365	0	0	0
LOC107984618	0	0	0
LINC02337	0	0	0
LOC107983958	0	0	0
LOC105370366	0	0	0
LOC102724489	0	0	0
LOC102724510	0	0	0
LINC00354	0	0	0
SOX1-OT	0	0	0
LOC105378193	0	0	0
LOC124900341	0	0	0
SOX1	0	0	0
LINC00404	0	0	0
LOC100506016	0	0	0
LOC105370370	0	0	0
LINC01070	0	0	0
LOC124903249	0	0	0
LOC101928730	0	0	0
LOC107984555	0	0	0
LINC01043	0	0	0
LINC01044	0	0	0
LOC124903250	0	0	0
LOC105370373	0	0	0
SPACA7	0	0	0
LOC105370372	0	0	0
TUBGCP3	515	0	515
LOC124903251	10	0	10
ATP11AUN	0	0	0
LOC102725228	25	0	25
ATP11A	1489	1	1488
ATP11A-AS1	0	0	0
LOC124903253	0	0	0
LOC124903252	8	0	8
MCF2L	283	0	283
LOC124903214	0	0	0
MCF2L-AS1	0	0	0
LOC107984591	0	0	0
F7	1	0	1
F10	11	11	0
F10-AS1	2	0	2
LOC124903215	1	0	1
F10-AS2	17	0	17
LOC124903216	0	0	0
PROZ	7	43	0
PCID2	2209	17	2430
CUL4A	4681	192	4691
MIR8075	1	0	1
LAMP1	9459	3	9456
GRTP1	247	54	269
LOC124903217	0	0	0
GRTP1-AS1	1	75	2
LOC124903218	0	0	0
ADPRHL1	478	16	462
DCUN1D2	371	3	368
SLC9D1	1681	1	1680
TFDP1	3217	0	3217
LOC124903219	20	0	20
GRK1	0	0	0
ATP4B	0	0	0
LOC105377805	0	0	0
LINC00552	0	0	0
TMEM255B	3	1	2
GAS6-AS1	19	7	28
LOC124903220	1	0	1
GAS6	48	17	47
GAS6-DT	1	0	1
LINC00454	0	0	0
LINC00452	0	0	0
C13orf46	13	0	13
SWINGN	0	0	0
RASA3	2	0	2
RASA3-IT1	0	0	0
LOC124903221	0	0	0
LOC107987192	0	0	0
CFAP97D2	0	0	0
CDC16	1018	0	1326
MIR548AR	12	0	12
LOC105370384	4	312	1
MIR4502	0	0	0
UPF3A	1113	2	1112
LOC124903222	3	0	3
CHAMP1	953	0	953
LINC01054	0	0	1
LOC112268113	3	1	3
OR11H12	0	0	0
LINC02297	0	0	0
POTEM	0	0	0
LOC100508046	0	0	0
DUXAP9	64	0	64
BMS1P18	4	4	0
LNCRNA-ATB	1	0	1
LINC01297-DUXAP10-NBEAP6	1	0	1
DUXAP10	0	0	0
BMS1P17	1	1	0
LINC01297	0	0	0
POTEG	2	0	2
LOC101929572	0	0	0
LOC124903277	0	0	0
OR11H2	0	0	0
OR4Q3	0	0	0
LOC124903431	0	0	0
OR4M1	0	0	0
OR4N2	0	0	0
OR4K3	0	0	0
OR4K2	0	0	0
LOC124903278	0	0	0
OR4K1	0	0	0
OR4K5	0	0	0
OR4K15	0	0	0
OR4Q2	0	0	0
OR4K14	0	0	0
OR4K13	0	0	0
OR4L1	0	0	0
OR4K17	0	0	0
OR4N5	0	0	0
OR11G2	0	0	0
OR11H6	0	0	0
OR11H7	0	0	0
OR11H4	0	0	0
LOC124903279	0	0	0
TTC5	0	0	0
CCNB1IP1	0	0	0
SNORA79B	0	0	0
SNORD126	0	0	0
RPPH1	0	0	0
PARP2	0	0	0
TEP1	0	0	0
KLHL33	0	0	0
OSGEP	0	0	0
APEX1	0	0	0
PIP4P1	0	0	0
PNP	0	0	0
RNASE10	0	0	0
RNASE9	0	0	0
RNASE11	0	0	0
RNASE11-AS1	0	0	0
RNASE12	0	0	0
TRP-AGG2-5	0	0	0
LOC124903280	0	0	0
TRL-AAG2-3	0	0	0
TRP-AGG2-6	0	0	0
TRT-TGT3-1	0	0	0
TRL-TAG2-1	0	0	0
TRT-TGT4-1	0	0	0
TRP-TGG1-1	0	0	0
OR6S1	0	0	0
TRY-GTA5-3	0	0	0
LOC124903281	0	0	0
TRY-GTA4-1	0	0	0
TRY-GTA7-1	0	0	0
TRY-GTA5-4	0	0	0
TRT-TGT5-1	0	0	0
TRY-GTA5-5	0	0	0
TRP-TGG3-2	0	0	0
ANG	25	0	38
RNASE4	118	0	140
EGILA	0	212	0
LOC124903282	0	0	0
LOC107984671	0	0	0
EDDM3A	0	0	0
EDDM3B	0	0	0
RNASE6	0	0	0
LOC105370397	0	0	0
RNASE1	0	0	0
LOC100507513	0	0	0
RNASE3	0	0	0
RNASE2CP	0	0	0
RNASE2	0	0	0
METTL17	736	0	1344
LOC101929718	2	610	0
SLC39A2	0	0	0
NDRG2	92	0	92
MIR6717	0	0	0
TPPP2	1	1	0
RNASE13	0	0	0
RNASE7	0	0	0
LOC105370398	0	0	0
RNASE8	0	0	0
ARHGEF40	528	48	525
ZNF219	1042	2	1100
TMEM253	46	40	21
LOC105378175	0	0	0
OR5AU1	0	0	0
LINC00641	209	0	209
HNRNPC	10088	2	10086
RPGRIP1	8	6	3
SUPT16H	3609	1	3610
LOC107984643	6	277	7
CHD8	1418	0	1695
SNORD9	0	0	0
SNORD8	0	0	0
LOC124903283	1	1	0
RAB2B	201	6	201
TOX4	1051	119	1110
METTL3	568	69	671
SALL2	0	0	0
OR10G3	0	0	0
OR10G2	0	0	0
OR4E2	0	0	0
OR4E1	0	0	0
LOC124903284	2	0	2
LOC107984649	0	0	0
TRD-AS1	0	0	0
LINC02332	0	0	0
LOC105370399	0	0	0
DAD1	1362	1	1361
ABHD4	428	0	428
OR6J1	0	0	0
OXA1L-DT	4	0	4
LOC124900351	0	0	0
OXA1L	3642	0	3644
SLC7A7	15	16	1
MRPL52	300	1	299
MMP14	6	0	6
LRP10	3711	7	3704
REM2	7	0	7
RBM23	1251	1	1250
PRMT5-AS1	1	1077	0
PRMT5	523	0	2686
LOC124903285	0	934	0
PRMT5-DT	1	1	0
TRR-ACG1-3	0	0	0
HAUS4	697	0	697
MIR4707	0	0	0
AJUBA	600	3	601
LOC124903287	1	5	0
AJUBA-DT	11	115	15
C14orf93	186	28	287
LOC124903286	2	10	2
PSMB5	2655	0	2655
PSMB11	0	0	0
CDH24	305	0	305
LOC105370705	1	13	3
ACIN1	3331	330	4199
LOC124903288	1	879	0
C14orf119	570	0	877
CIROP	0	2	0
CEBPE	0	0	0
SLC7A8	29	0	29
RNF212B	0	10	0
LOC105370406	0	0	0
HOMEZ	448	0	458
PPP1R3E	151	5	147
BCL2L2-PABPN1	6	0	6
BCL2L2	430	0	430
PABPN1	39	0	39
SLC22A17	0	0	0
EFS	0	0	0
IL25	0	0	0
CMTM5	0	0	0
MYH6	0	0	0
MIR208A	0	0	0
MYH7	0	0	0
MHRT	0	0	0
MIR208B	0	0	0
NGDN	717	0	717
THTPA	216	48	231
ZFHX2	13	1	13
LOC124903289	0	1	0
AP1G2	255	178	616
AP1G2-AS1	12	300	148
JPH4	0	0	0
DHRS2	43	0	43
LOC105370407	0	0	0
LOC105370408	0	0	0
LOC105370410	0	0	0
LOC105370409	0	0	0
LINC00596	0	0	0
LOC105370411	0	0	0
DHRS4-AS1	0	0	0
DHRS4	0	0	0
LOC124903290	0	0	0
DHRS4L2	0	0	0
DHRS4L1	0	0	0
CARMIL3	0	0	0
LOC105370412	0	0	0
CPNE6	0	0	0
NRL	0	0	0
PCK2	0	0	0
DCAF11	0	0	0
FITM1	0	0	0
PSME1	0	0	0
EMC9	0	0	0
PSME2	0	0	0
MIR7703	0	0	0
RNF31	0	0	0
IRF9	0	0	0
REC8	0	0	0
IPO4	0	0	0
TM9SF1	0	0	0
TSSK4	0	0	0
CHMP4A	0	0	0
NEDD8-MDP1	0	0	0
MDP1	0	0	0
NEDD8	0	0	0
GMPR2	0	0	0
TINF2	0	0	0
TGM1	0	0	0
RABGGTA	0	4	0
NOP9	0	0	9
DHRS1	0	2	0
CIDEB	0	0	0
LTB4R2	0	0	0
LTB4R	0	0	0
ADCY4	0	0	0
RIPK3	0	0	0
LOC124903291	0	0	0
NFATC4	0	0	0
LOC124903292	0	0	0
NYNRIN	18	0	18
KHNYN	1056	472	1533
CBLN3	43	2	48
SDR39U1	28	489	481
LOC101927045	27	0	27
CMA1	0	0	0
CTSG	0	0	0
GZMH	0	0	0
GZMB	0	0	0
GZMH-AS1	0	0	0
STXBP6	1	0	4
LOC124903293	0	3	0
LOC124903294	0	0	0
LOC124903295	0	0	0
LINC02286	0	0	0
LOC105370415	0	0	0
LOC112268135	0	0	0
LOC124900350	0	0	0
LINC02306	0	0	0
LOC105370418	0	0	0
NOVA1	0	0	0
NOVA1-DT	0	0	0
LINC02294	0	0	0
LINC02293	1	0	1
LOC124903296	0	0	0
MIR4307HG	0	0	0
MIR4307	0	0	0
LOC105370419	3	0	3
LOC105370420	7	0	7
LOC105370421	2	0	2
MIR3171HG	2	0	2
LINC00645	2	1	1
MIR3171	0	0	0
LOC107984684	0	0	0
LINC02300	0	0	0
FOXG1-AS1	0	0	0
FOXG1	0	0	0
LINC01551	0	0	0
LINC02282	0	0	0
LINC02281	0	0	0
LINC02327	19	0	19
LOC107984685	18	0	20
LINC02326	5	7	0
LOC102724934	0	0	0
PRKD1	0	0	0
LOC124903297	0	0	0
LOC105370429	0	0	0
LOC112267868	9	0	9
LOC105370430	0	0	0
G2E3-AS1	0	0	0
LOC105370432	0	0	0
G2E3	221	0	221
SCFD1	801	0	801
COCH	0	76	0
COCH-AS1	0	0	0
STRN3	224	0	300
MIR624	0	0	0
AP4S1	60	0	60
HECTD1	1366	2	1364
HEATR5A	1102	0	1102
HEATR5A-DT	1	0	1
DTD2	203	0	203
GPR33	0	0	0
LOC105370438	0	0	0
NUBPL-DT	0	0	0
NUBPL	159	0	159
LINC02313	0	0	0
LOC105370440	0	0	0
ARHGAP5-AS1	61	2	60
ARHGAP5	921	0	922
RNU6-7	0	0	0
RNU6-8	2	0	2
AKAP6	50	0	50
LOC124903298	0	0	0
NPAS3	0	0	0
LOC124903299	0	0	0
LOC124903300	1	0	1
SNORA89	0	0	0
EGLN3	1232	0	1232
LOC102724945	1	0	1
LOC105370446	0	0	0
EGLN3-AS1	0	0	0
LOC105370444	0	0	0
SPTSSA	2405	0	2405
EAPP	516	0	517
LOC105370447	1	1	1
LOC112268123	0	0	0
LOC105370449	0	0	0
SNX6	1322	0	1322
LOC107984628	0	0	0
CFL2	1102	0	1102
BAZ1A	1030	22	1063
BAZ1A-AS1	21	33	43
SRP54-AS1	22	0	22
IGBP1P1	1	1	0
SRP54	1378	0	1378
FAM177A1	285	4	281
LOC101927178	1	30	0
PPP2R3C	173	5	259
PRORP-PSMA6	0	0	0
PRORP	78	0	78
PSMA6	6	0	6
NFKBIA	1463	7	1459
LOC124903301	0	0	0
LOC107984681	0	0	3
LOC105370450	0	0	0
INSM2	0	0	0
RALGAPA1	493	0	493
SNORA101B	0	0	0
LOC124903425	0	0	0
BRMS1L	133	3	130
LOC105370452	0	0	0
LINC00609	0	0	0
PTCSC3	0	0	0
LOC124903302	0	0	0
LOC107984003	0	0	0
MBIP	292	0	292
SFTA3	0	0	0
NKX2-1	33	1	40
NKX2-1-AS1	0	16	0
LOC105370453	0	0	0
NKX2-8	25	0	25
LOC105370455	0	0	0
PAX9	65	3	75
SLC25A21	18	39	22
LOC107984668	0	0	0
MIR4503	0	0	0
SLC25A21-AS1	19	3	46
MIPOL1	100	0	100
LOC107984702	0	0	0
FOXA1	440	2	438
TTC6	16	0	16
LINC00517	11	0	11
LOC105370456	0	0	0
LOC124903303	0	0	0
SSTR1	4	0	4
CLEC14A	0	0	0
LOC112268136	0	0	0
LOC124903304	1	0	1
LINC00639	10	0	10
LOC105370457	0	0	0
LOC102723516	0	0	0
SEC23A	1523	5	1540
SEC23A-AS1	0	20	2
LOC105370459	0	61	0
GEMIN2	152	0	213
TRAPPC6B	285	0	285
PNN-AS1	1	273	1
PNN	4009	1	4281
MIA2	927	10	936
MIA2-AS1	3	10	12
FBXO33	278	7	271
LOC105370461	12	0	12
LOC105370460	0	0	0
LOC112267899	6	0	6
LOC105370464	0	0	0
LOC105370463	0	0	0
LOC105370462	0	0	0
LOC105370465	0	0	0
LOC105370466	0	0	0
LOC105370467	0	0	0
LINC02315	0	0	0
LRFN5-DT	1	0	1
LOC124900349	0	0	0
LRFN5	0	0	0
LOC124903305	0	0	0
LOC124903306	0	0	0
LOC105370470	0	0	0
LOC124903307	0	0	0
LINC02307	0	0	0
LINC02277	0	0	0
FSCB	0	0	0
LOC105370473	0	0	0
LOC105370472	0	0	0
LINC02302	0	0	0
DORIP1	48	0	48
LOC101927418	0	0	0
KLHL28	154	0	154
TOGARAM1	133	0	133
PRPF39-DT	0	0	0
PRPF39	579	424	580
LOC124903416	0	0	0
SNORD127	0	0	0
FKBP3	871	2	1294
FANCM	192	0	192
MIS18BP1	755	0	755
LOC107984674	1	0	1
LOC105370475	3	0	3
LOC105370476	2	0	2
LOC124903308	0	0	0
LOC107984644	0	0	0
LINC02303	0	0	0
LOC105370478	0	0	0
LOC105378177	0	0	0
LINC00871	0	0	0
LOC124903309	0	0	0
LOC105370480	0	0	0
LOC105370481	0	0	0
RPL10L	0	0	0
MDGA2	104	0	104
MIR548Y	0	0	0
LINC00648	0	0	0
LOC101927483	0	0	0
LOC105370482	0	0	0
LOC124903310	0	0	0
LOC124903311	0	0	0
LOC105378178	0	0	0
LOC107984701	0	0	0
RPS29	1358	4	1363
RN7SL1	53	0	53
LRR1	556	10	555
RPL36AL	1253	0	1253
MGAT2	491	1	490
DNAAF2	330	0	330
POLE2	235	2	233
KLHDC1	2	0	2
KLHDC2	439	372	629
NEMF	562	213	911
RN7SL3	0	0	0
LOC105378179	28	2	26
RN7SL2	0	0	0
ARF6	1845	3	1842
LOC100506446	1	0	1
MIR6076	0	0	0
LOC105370485	1	0	1
LINC01588	41	6	35
LINC01599	1	0	1
VCPKMT	166	0	166
SOS2	343	0	343
L2HGDH	305	0	305
MIR4504	0	0	0
DMAC2L	76	31	114
CDKL1	54	68	55
MAP4K5	640	0	640
LOC124903312	5	0	5
ATL1	25	19	6
SAV1	660	1	659
NIN	399	0	458
LOC124903313	1	44	0
LOC105370489	0	16	0
LOC124903423	0	0	0
ABHD12B	9	9	0
PYGL	1411	1	1410
LOC124903314	4	0	4
LOC400212	5	1	4
TRIM9	1	0	1
TMX1	911	0	911
LOC124900346	0	0	0
LOC124903315	1	0	1
LINC00519	0	0	0
LINC00640	0	0	0
LOC124900595	0	0	0
LOC105370495	0	0	0
LINC02310	0	0	0
FRMD6	267	8	264
FRMD6-AS2	1	0	1
FRMD6-AS1	0	0	5
LOC101927598	0	0	0
GNG2	0	0	0
LOC102723604	0	0	0
LOC105370497	0	1	0
RTRAF	2347	4	2360
NID2	12	17	11
LOC105378180	0	0	0
LINC02319	3	1	2
PTGDR	0	0	0
PTGER2	0	0	0
TXNDC16	168	0	168
GPR137C	51	0	51
ERO1A	4165	0	4165
PSMC6	1398	0	1398
STYX	330	3	327
GNPNAT1	846	6	840
LOC105370500	0	0	0
FERMT2	1922	0	1922
DDHD1	311	0	311
DDHD1-DT	0	0	0
LOC105370502	0	0	0
LOC105370504	4	0	4
LOC124903316	0	0	0
LINC02331	0	0	0
LOC107984676	0	0	0
MIR5580	0	0	0
BMP4	18	0	18
LOC124903317	0	0	0
LOC105370507	0	0	0
LOC105370505	0	0	0
CDKN3	332	0	332
CNIH1	1254	0	1254
GMFB	948	0	948
CGRRF1	90	0	90
SAMD4A	352	2	350
LOC112268133	16	0	16
SAMD4A-AS1	0	0	0
GCH1	378	1	377
MIR4308	3	3	0
WDHD1	585	0	585
SOCS4	529	0	529
MAPK1IP1L	1870	6	1864
LOC124903318	19	0	19
LOC124903319	0	0	0
LGALS3	4982	2	4980
DLGAP5	1011	0	1011
LOC105370508	1	0	1
LOC107984708	0	0	0
FBXO34-AS1	0	3	0
FBXO34	582	1	585
ATG14	775	18	758
TBPL2	0	0	0
KTN1-AS1	44	1	44
KTN1	4436	0	4437
LOC124903320	0	0	0
RPL13AP3	1	0	1
LINC00520	3	0	3
LOC105370511	0	0	0
LOC102723670	11	0	11
LOC105370512	0	0	0
LOC105370513	0	0	0
PELI2	2	0	2
LINC02284	0	0	0
LOC101927690	0	0	0
TMEM260	284	0	284
LOC124903322	0	0	0
OTX2	0	0	0
OTX2-AS1	0	0	0
LOC124903323	0	0	0
LOC124903324	0	0	0
EXOC5	723	1	723
AP5M1	498	0	499
NAA30	325	0	325
CCDC198	0	0	0
LOC105370519	1	0	1
SLC35F4	0	0	0
SLC35F4-AS1	0	0	0
ARMH4	0	0	0
ACTR10	811	0	811
TRK-CTT1-1	0	0	0
PSMA3	1843	6	1839
PSMA3-AS1	197	16	185
LINC00216	0	2	0
ARID4A	253	0	253
TOMM20L-DT	0	0	0
TOMM20L	1	22	0
TIMM9	353	0	385
KIAA0586	333	11	333
DACT1	0	0	0
LOC102723725	0	0	0
LINC01500	1	0	1
LOC124903325	0	0	0
LOC107984692	0	0	0
LOC107984642	0	0	0
DAAM1	124	11	114
GPR135	76	0	77
L3HYPDH	216	0	216
JKAMP	679	0	687
LOC124903326	5	0	5
CCDC175	0	3	0
RTN1	1	0	1
MIR5586	0	0	0
LRRC9	0	0	0
PCNX4-DT	0	0	0
PCNX4	471	131	464
DHRS7	449	3	570
LOC101927702	0	0	0
PPM1A	434	0	434
LINC02322	0	0	0
C14orf39	0	0	0
SIX6	0	0	0
SALRNA1	1	1	0
SIX1	103	0	140
MIR9718	0	37	0
SIX4	423	2	423
MNAT1	492	0	494
TRMT5	479	64	473
SLC38A6	144	0	202
LOC101927756	2	2	0
PRKCH	48	3	45
TMEM30B	0	0	0
PRKCH-AS1	0	0	0
PRKCH-AS2	0	0	0
LINC01303	8	11	8
LINC03033	5	0	16
HIF1A-AS1	4	421	8
HIF1A	4004	5	6858
HIF1A-AS3	5	5	0
HIF1A-AS2	1	2435	0
SNAPC1	202	0	202
SYT16	0	0	0
SERTAD4BP	0	0	0
LINC00644	0	0	0
LOC105370529	0	0	0
LOC105370528	0	0	0
KCNH5	134	0	134
LOC105370531	0	0	0
LOC105370530	0	0	0
RHOJ	0	0	0
GPHB5	0	0	0
PPP2R5E	604	0	668
LOC124903414	0	0	0
LOC112268140	2	64	2
WDR89	237	0	237
LOC105370532	2	0	2
SGPP1	0	0	0
LOC124903327	0	0	0
SYNE2	1909	0	1909
MIR548H1	0	0	0
ESR2	18	13	7
LOC124903328	1	0	2
TEX21P	0	0	0
MTHFD1	2733	55	3418
ZBTB25	329	761	363
AKAP5	37	6	31
ZBTB1	726	13	772
HSPA2-AS1	3	10	0
HSPA2	227	0	227
PPP1R36	2	0	2
PLEKHG3	939	0	1060
SPTB	16	123	14
MIR7855	0	0	0
LOC105370534	0	0	0
CHURC1-FNTB	0	0	0
CHURC1	514	0	514
GPX2	0	0	0
RAB15	28	28	0
LOC107984655	7	13	9
FNTB	0	2	2
MAX	467	0	638
MIR4706	0	0	0
MAX-AS1	0	171	0
LOC124903329	0	0	0
LINC02324	0	0	0
MIR4708	0	0	0
FUT8	308	5	320
FUT8-AS1	0	12	5
MIR625	0	0	0
LOC107984641	0	0	0
LINC02290	0	0	0
CCDC196	1	1	0
GPHN	314	0	314
LOC124903332	0	0	0
LOC105370538	0	0	0
GARIN2	0	0	2
LOC124903330	3	3	3
PALS1	747	36	712
ATP6V1D	637	0	637
EIF2S1	2230	2	2228
PLEK2	107	2	105
MIR5694	0	0	0
LOC105370542	0	0	0
TMEM229B	4	0	4
PLEKHH1	294	29	309
PIGH	150	15	179
ARG2	5	297	17
LOC124903331	2	0	2
VTI1B	622	17	912
RDH11	1312	0	1312
RDH12	3	9	0
ZFYVE26	751	0	757
RAD51B	96	0	98
LOC105370546	0	0	0
LOC101927971	0	0	0
LOC124903334	10	3	7
LOC124903335	5	3	4
LOC107984016	0	0	0
LOC100996664	1	1	0
RAD51B-AS1	3	2	1
LOC105370547	0	0	0
LOC107984709	0	0	0
ZFP36L1	1002	1	1001
ACTN1	3266	3	3263
LOC124903336	1	0	1
ACTN1-DT	0	0	0
DCAF5	635	0	635
GALNT16-AS1	2	2	0
EXD2	303	1	302
GALNT16	7	4	3
LOC105370549	0	0	0
ERH	1636	0	1640
SLC39A9	1151	5	1149
PLEKHD1	6	4	3
CCDC177	437	0	437
SUSD6	408	0	408
LOC100289511	17	493	2
SRSF5	2686	1	3163
SLC10A1	0	0	0
LOC124900353	0	0	0
LOC100506358	9	0	9
SMOC1	4231	1	4231
SNORD169	0	0	0
SLC8A3	1	2	0
LOC646548	2	0	2
LOC107984686	0	0	0
LOC124903338	0	0	0
ADAM21P1	0	0	0
LOC101928046	0	0	0
LOC105370552	0	0	0
SYNJ2BP-COX16	0	0	0
COX16	3	0	3
LOC124903340	2	2	0
SYNJ2BP	250	0	250
LOC124903339	1	1	0
ADAM21	39	0	39
ADAM20P1	11	4	7
ADAM20	25	0	25
LOC105370556	0	0	0
MED6	533	0	533
TTC9-DT	1	0	1
TTC9	18	0	18
LINC01269	2	0	2
MAP3K9	261	2	265
MAP3K9-DT	9	4	11
LOC124903341	0	0	0
PCNX1	1356	4	1352
LOC105370557	0	0	0
LOC105370706	0	0	0
LOC107984654	0	9	0
SIPA1L1-AS1	3	0	12
SIPA1L1	543	1	621
SNORD56B	0	0	0
LOC145474	0	0	0
LOC124903342	2	80	1
RGS6	0	0	0
LOC124903404	0	0	0
LOC124903343	0	0	0
LOC105370559	0	0	0
MIR7843	0	0	0
DPF3	16	0	16
LOC107984711	0	0	0
DCAF4	188	0	188
TRC-GCA8-1	0	0	0
ZFYVE1	222	0	222
RBM25-AS1	14	105	15
RBM25	1945	7	2044
PSEN1	687	0	687
PAPLN	742	14	770
PAPLN-AS1	0	42	0
NUMB	1016	16	1000
LOC101928143	0	0	0
HEATR4	8	28	4
ACOT1	148	4	147
RIOX1	0	0	0
LOC124903344	0	0	2
ACOT2	981	112	869
ACOT4	1	0	1
ACOT6	0	0	0
DNAL1	114	0	114
PNMA1	706	0	706
MIDEAS	786	10	803
LOC124903345	0	20	0
MIR4505	0	0	0
MIDEAS-AS1	23	1	29
LOC124903424	0	0	0
LINC02274	53	2	51
PTGR2	389	4	385
ZNF410	918	4	919
FAM161B	29	3	31
COQ6	37	73	336
ENTPD5	331	330	375
BBOF1	26	62	42
ALDH6A1	275	14	337
LIN52	246	0	246
LOC105370563	0	0	0
LOC105370564	0	0	0
VSX2	0	0	0
ABCD4	279	0	279
VRTN	1	0	1
SYNDIG1L	13	0	13
NPC2	1040	0	1042
MIR4709	0	0	0
ISCA2	306	3	305
LTBP2	162	6	158
LOC124903347	1	1	0
LOC124903346	0	2	0
LOC101928352	0	0	0
LOC105370567	17	0	17
AREL1	706	1	705
FCF1	518	0	518
YLPM1	703	0	703
LOC105370569	2	0	2
PROX2	9	10	0
LOC124903348	8	0	9
DLST	1534	0	1534
RPS6KL1	86	3	83
PGF	0	0	0
LOC107984690	0	0	0
EIF2B2	519	15	504
MLH3	480	1	479
ACYP1	84	1	84
ZC2HC1C	10	1	10
NEK9	1453	0	1453
TMED10	3447	5	3442
FOS	9206	1	9205
LINC01220	2	0	2
JDP2-AS1	7	0	7
JDP2	211	0	211
LOC105370572	0	0	0
BATF	0	0	0
LOC107984653	0	0	0
FLVCR2-AS1	0	46	1
FLVCR2	104	1	150
ERG28	482	0	482
TTLL5	567	0	567
TGFB3	219	2	217
IFT43	300	0	300
LOC105370573	10	10	0
GPATCH2L	423	1	422
LOC105370575	0	0	0
ESRRB	2	0	2
LOC105370576	0	0	0
LOC105370577	0	0	0
VASH1	1	54	0
VASH1-AS1	1	0	42
ANGEL1	262	0	262
LRRC74A	0	0	0
LOC124903349	0	0	0
LINC01629	0	0	0
IRF2BPL	926	10	1205
LOC107984638	8	281	16
LOC105370579	9	1	8
LINC02288	7	1	6
LINC02289	3	0	3
LOC124903350	1	0	1
CIPC	230	0	230
ZDHHC22	0	0	0
TMEM63C	9	0	9
LOC124903351	0	0	0
NGB	0	0	0
MIR1260A	0	0	0
POMT2	588	1	589
GSTZ1	324	3	330
TMED8	444	26	425
SAMD15	11	0	11
NOXRED1	15	1	14
VIPAS39	254	0	254
AHSA1	1966	0	1966
ISM2	0	0	0
SPTLC2	493	0	493
ALKBH1	254	0	254
SLIRP	433	0	433
SNW1	1690	2	1802
SLIRP-OT1	0	114	0
ADCK1	167	0	167
LOC105370581	0	0	0
NRXN3	30	0	30
NRXN3-AS2	0	0	0
NRXN3-AS1	0	0	0
LOC105370588	0	0	0
LOC124903352	0	0	0
LOC105370586	0	0	0
LOC124903354	0	0	0
NRXN3-AS3	0	0	0
LOC105370582	0	0	0
LOC107984630	0	0	0
LOC112267892	1	1	0
LOC105370590	0	0	0
LOC105370591	0	0	0
LOC105370593	0	0	0
DIO2	2291	0	2334
DIO2-AS1	0	43	0
CEP128	146	1	145
TSHR	0	0	0
TSHR-AS1	7	0	7
LOC105370594	4	0	4
GTF2A1	649	4	647
SNORA79	0	0	0
GTF2A1-AS1	9	0	11
STON2	255	0	255
LINC02308	0	0	0
SEL1L	763	0	763
LINC01467	0	0	0
LINC02311	0	0	0
LOC107984704	0	0	0
LOC105370598	0	0	0
LOC105370599	0	0	0
LOC124903428	0	0	0
LINC02301	0	0	0
LOC105370600	0	0	0
LOC107984645	0	0	0
LOC105370601	0	0	0
LINC02305	0	0	0
LOC124903401	0	0	0
LOC124903402	0	0	0
LOC105370603	0	0	0
LOC105370604	0	0	0
SNORD3P3	0	0	0
LINC02329	0	0	0
LINC00911	0	0	0
FLRT2-AS1	0	0	0
FLRT2	0	0	0
LINC02328	2	0	2
LINC02316	0	0	0
LINC02309	0	0	0
LINC01148	0	0	0
LOC105370608	0	0	0
LINC02296	0	0	0
LINC02330	0	0	0
GALC	0	0	0
LOC124903355	0	0	0
GPR65	0	0	0
LINC01147	0	0	0
HISLA	0	0	0
LOC107984699	0	0	0
KCNK10-AS1	0	0	0
KCNK10	0	0	0
SPATA7	128	22	128
PTPN21	175	0	204
LOC105370614	0	7	0
LOC124903405	0	0	0
ZC3H14	852	3	1023
EML5	0	174	0
TTC8	290	0	290
TRA-AGC15-1	0	0	0
LOC124903356	0	0	0
LOC105370615	0	0	0
LOC124903357	0	0	0
FOXN3	547	0	548
FOXN3-AS3	1	1	0
FOXN3-AS1	76	0	76
LOC107984635	0	0	0
FOXN3-AS2	0	0	0
LOC105370617	0	1	0
LOC105370616	0	0	0
EFCAB11	88	0	88
LOC124903358	0	0	0
TDP1	388	0	388
LOC124903406	0	0	0
KCNK13	0	0	0
PSMC1	578	19	1694
NRDE2	219	1132	222
LOC105370618	0	0	0
CALM1	2156	0	2156
LINC02317	0	0	0
LINC00642	0	0	0
LOC124903359	0	0	0
LOC105370619	0	0	0
TTC7B	18	0	20
TTC7B-AS1	0	2	0
TTC7B-AS2	0	0	0
LOC124903360	0	0	0
LINC02321	0	0	0
RPS6KA5	61	3	63
DGLUCY	11	2	14
SNORA11B	0	0	0
GPR68	0	0	0
CCDC88C	289	0	289
LOC107984673	0	0	0
LOC105370624	8	0	8
CCDC88C-DT	2	0	2
LOC112268126	3	0	3
LOC124903361	0	0	0
PPP4R3A	967	0	967
LOC101928957	0	0	0
CATSPERB	0	0	0
LOC124903436	0	0	0
TC2N	0	0	0
LOC124903362	0	0	0
FBLN5	592	0	592
TRIP11	625	5	620
LOC124903363	0	6	0
ATXN3	158	1	163
NDUFB1	163	0	165
CPSF2	1361	6	1357
LOC105370627	0	0	0
SLC24A4	0	0	0
RIN3	0	0	0
LOC124903365	0	0	0
LOC124903364	0	0	0
LGMN	1926	0	1926
GOLGA5	679	0	679
LINC02833	0	0	0
LINC02287	0	0	0
CHGA	0	0	0
ITPK1	0	0	0
LOC124903366	0	0	0
ITPK1-AS1	0	0	0
MOAP1	0	0	0
LYSET	0	0	0
GON7	0	0	0
UBR7	0	0	0
BTBD7	0	0	0
UNC79	0	0	0
COX8C	0	0	0
LOC124903367	0	0	0
PRIMA1	0	0	0
LOC105370631	0	0	0
FAM181A-AS1	0	0	0
FAM181A	0	0	0
ASB2	0	0	0
MIR4506	0	0	0
LOC107984663	0	0	0
CCDC197	0	0	0
LOC124903368	0	0	0
OTUB2	0	0	0
DDX24	0	0	0
IFI27L1	0	0	0
IFI27	0	0	0
IFI27L2	0	0	0
LOC105370634	0	0	0
PPP4R4	0	0	0
SERPINA10	0	0	0
SERPINA6	0	0	0
SERPINA2	0	0	0
SERPINA1	0	0	0
SERPINA11	0	0	0
LOC105370635	0	0	0
SERPINA9	0	0	0
SERPINA12	0	0	0
LOC124903410	0	0	0
SERPINA4	0	0	0
SERPINA5	0	0	0
LOC112268127	0	0	0
LOC124903411	0	0	0
SERPINA3	1	0	1
SERPINA13P	0	0	0
GSC	0	0	0
GSC-DT	0	0	0
LOC107984693	0	0	0
LOC124903369	0	0	0
LOC124903370	0	0	0
LINC02279	0	0	0
LOC107984646	0	0	0
DICER1	561	20	560
MIR3173	0	0	0
DICER1-AS1	26	0	45
CLMN	254	2	252
LOC105370637	0	0	0
LINC02292	0	0	0
LOC124903371	0	0	0
LOC107984710	0	0	0
LOC105370638	0	0	0
LOC105370639	0	0	0
LOC105370640	0	0	0
SYNE3	175	0	175
SYNE3-AS1	0	0	0
SNHG10	95	3	95
SCARNA13	0	0	0
GLRX5	659	0	662
LINC02318	0	0	0
LOC105370643	0	0	0
TCL6	0	0	0
LOC124903372	0	0	0
TCL1B	0	0	0
LOC124903373	0	0	0
TCL1A	0	0	0
LOC107984703	0	0	0
LOC105370644	0	0	0
TUNAR	0	0	0
C14orf132	0	0	0
LOC124903374	0	0	0
BDKRB2	43	0	43
BDKRB1	10	0	10
BDKRB1-AS1	1	1	0
ATG2B	389	0	389
GSKIP	227	0	227
AK7	1	0	1
LOC124903276	0	0	0
PAPOLA-DT	13	0	13
PAPOLA	2910	0	2910
LOC105370645	0	0	0
LINC02299	0	0	0
VRK1	260	0	260
LINC00618	0	0	0
LOC124903376	1	1	0
LOC105370647	2	0	2
LINC02304	0	0	0
LINC02325	0	0	0
LOC124903378	0	0	0
LINC02291	0	0	0
LOC124903377	0	0	0
LOC105370650	0	0	0
LOC105370651	0	0	0
LINC02312	0	0	0
LINC01550	0	0	0
LOC107984706	0	0	0
LOC105370655	0	0	0
LOC105370654	0	0	0
LOC105370653	0	0	0
LINC02295	0	0	0
LOC107987207	0	0	0
LOC105370656	0	0	0
LOC105370657	0	0	0
LINC02914	0	0	0
LOC124903403	0	0	0
LOC105370658	0	0	0
LOC107984696	0	0	0
LOC105370659	0	0	0
BCL11B	0	0	0
LOC124903412	0	0	0
LOC105370660	0	0	0
SETD3	1037	1	1036
CCNK	127	75	939
CCDC85C	867	852	902
LOC105370661	0	0	0
HHIPL1	3	3	0
CYP46A1	2	0	2
EML1	319	0	319
LOC102724682	8	0	8
EVL	934	2	1270
LOC124903379	3	3	0
MIR151B	0	0	0
MIR342	0	0	0
LOC124903381	0	213	0
DEGS2	1	125	1
LOC124903380	0	0	0
YY1-DT	9	3	6
YY1	2165	22	2573
MIR6764	2	0	2
SLC25A29	946	430	946
MIR345	0	0	0
SLC25A47	0	0	0
WARS1	11866	2	11864
WDR25	441	0	441
LOC105370664	36	0	36
LOC124903383	1	0	1
BEGAIN	439	30	1569
LOC124903382	49	1205	3
LOC124903384	48	48	1
LINC00523	1	1	0
LOC105370668	0	0	0
LOC124903385	1	1	0
LOC105370669	0	0	0
DLK1	1	0	1
MIR2392	0	0	0
MEG3	0	0	0
MIR770	0	0	0
MIR493	0	0	0
MIR337	0	0	0
MIR665	0	0	0
RTL1	2	0	2
MIR431	0	0	0
MIR433	0	0	0
MIR127	0	0	0
MIR432	0	0	0
MIR136	0	0	0
MEG8	0	0	0
SNORD112	0	0	0
MIR370	0	0	0
SNORD113-1	0	0	0
SNORD113-2	0	0	0
SNORD113-3	0	0	0
SNORD113-4	0	0	0
SNORD113-5	0	0	0
SNORD113-6	0	0	0
SNORD113-7	0	0	0
SNORD113-8	0	0	0
SNORD113-9	0	0	0
SNORD114-1	0	0	0
SNORD114-2	0	0	0
SNORD114-3	0	0	0
SNORD114-4	0	0	0
SNORD114-5	0	0	0
LOC124903418	0	0	0
SNORD114-6	0	0	0
SNORD114-7	0	0	0
SNORD114-8	0	0	0
SNORD114-9	0	0	0
SNORD114-10	0	0	0
SNORD114-11	0	0	0
SNORD114-12	0	0	0
SNORD114-13	0	0	0
SNORD114-14	0	0	0
SNORD114-15	0	0	0
SNORD114-16	0	0	0
SNORD114-17	0	0	0
SNORD114-18	0	0	0
SNORD114-19	0	0	0
LOC124903419	0	0	0
LOC124903420	0	0	0
SNORD114-20	0	0	0
SNORD114-21	0	0	0
SNORD114-22	0	0	0
SNORD114-23	0	0	0
SNORD114-24	0	0	0
SNORD114-25	0	0	0
SNORD114-26	0	0	0
SNORD114-27	0	0	0
SNORD114-28	0	0	0
SNORD114-29	0	0	0
SNORD114-30	0	0	0
SNORD114-31	0	0	0
LOC124903422	0	0	0
LOC124903421	0	0	0
LOC124903407	0	0	0
MIR379	0	0	0
MIR411	0	0	0
MIR299	0	0	0
MIR380	0	0	0
MIR1197	0	0	0
MIR323A	0	0	0
MIR758	0	0	0
MIR329-1	0	0	0
MIR329-2	0	0	0
MIR494	0	0	0
MIR1193	0	0	0
MIR543	0	0	0
MIR495	0	0	0
MIR376C	0	0	0
MIR376A2	0	0	0
MIR654	0	0	0
MIR376B	0	0	0
MIR376A1	0	0	0
MIR300	0	0	0
MIR1185-1	0	0	0
MIR1185-2	0	0	0
MIR381HG	0	0	0
MIR381	0	0	0
MIR487B	0	0	0
MIR539	0	0	0
MIR889	0	0	0
MIR544A	0	0	0
MIR655	0	0	0
MIR487A	0	0	0
MIR382	0	0	0
MIR134	0	0	0
MIR668	0	0	0
MIR485	0	0	0
MIR323B	0	0	0
MIR154	0	0	0
MIR496	0	0	0
MIR377	0	0	0
MIR541	0	0	0
MIR409	0	0	0
MIR412	0	0	0
MIR369	0	0	0
MIR410	0	0	0
MIR656	0	0	0
MEG9	0	0	0
LOC105370670	0	0	0
LOC124903386	0	0	0
LINC02285	0	0	0
LOC124903435	0	0	0
LOC124903387	0	0	0
LOC107984697	0	0	0
LINC00524	0	0	0
LINC02314	0	0	0
LINC03117	15	0	15
LOC105370673	0	0	0
LOC105370674	0	0	0
DIO3OS	16	0	16
MIR1247	0	0	0
DIO3	18	0	18
LOC105370675	0	0	0
LINC02320	7	0	7
LINC00239	2	0	2
PPP2R5C	1092	0	1092
LOC107984658	67	0	67
LOC124903388	4	0	4
DYNC1H1	6630	6	7308
LOC107984661	1	685	0
HSP90AA1	16486	1	16488
WDR20	165	7	206
LOC105370677	6	20	1
MOK	118	38	110
TRI-AAT5-4	0	0	0
ZNF839	368	16	352
CINP	351	1	350
LOC124903427	0	0	0
TECPR2	294	23	303
LOC124903389	0	0	0
ANKRD9	1429	11	1450
LOC105370679	1	1	0
LOC105370680	2	1	1
MIR4309	0	0	0
LINC02323	62	0	62
RCOR1	1178	0	1178
LOC124903390	36	0	36
TRAF3	419	5	414
LOC124903426	0	0	0
AMN	11	11	0
CDC42BPB	2828	1	2827
LBHD2	5	0	5
EXOC3L4	68	7	61
LINC00677	1	0	1
TNFAIP2	3015	1	3014
LOC105370685	0	0	0
LINC00605	0	0	0
LOC124903391	138	91	47
LOC105370686	0	0	0
LOC105378183	0	0	0
EIF5-DT	12	231	13
EIF5	2709	1	2940
SNORA28	1	0	1
MARK3	1057	0	1057
LOC112268130	7	7	0
CKB	8996	10	8986
TRMT61A	291	0	291
LOC124903392	6	4	2
BAG5	841	2	840
COA8	275	0	276
LOC105370688	0	0	0
KLC1	1147	17	1132
XRCC3	554	55	501
ZFYVE21	235	0	317
PPP1R13B	147	84	145
LOC124900347	0	0	0
PPP1R13B-DT	0	0	0
LOC105370689	0	0	0
ATP5MJ	613	0	613
TDRD9	775	0	775
RD3L	0	0	0
LOC124903408	40	0	40
ASPG	38	0	38
MIR203A	2	0	5
MIR203B	0	3	0
KIF26A-DT	25	16	25
KIF26A	1115	3	1128
LOC124903393	0	0	0
LINC02691	0	0	0
LOC124903394	0	0	0
LOC124903395	0	0	0
C14orf180	0	0	0
TMEM179	0	0	0
LINC02280	1	0	1
MIR4710	1	0	1
INF2	2576	9	2567
ADSS1	262	10	498
LOC124903396	3	105	10
LOC107984670	0	132	0
LOC107987209	28	611	1
SIVA1	45	0	626
LOC102723342	8	12	8
AKT1	2070	8	2074
ZBTB42	144	0	144
VESTAR	14	0	14
LOC124903397	2	0	2
CEP170B	1156	1	1155
MIR12121	0	0	0
PLD4	0	908	0
AHNAK2	5794	3	6699
CLBA1	180	10	170
CDCA4	789	1	788
LOC124903398	0	0	0
GPR132	0	0	0
LINC02298	0	0	0
JAG2	1151	0	1151
MIR6765	0	0	0
NUDT14	112	0	112
BRF1	410	60	437
BTBD6	168	7	220
PACS2	422	27	423
TEX22	20	0	20
MTA1-DT	54	0	54
MTA1	1647	0	1647
CRIP2	1418	2	1416
CRIP1	946	0	946
TEDC1	390	0	390
TMEM121	6	0	6
LOC105370697	0	0	0
LOC105370698	0	0	0
MIR8071-1	0	0	0
MIR8071-2	0	0	0
ELK2AP	0	0	0
LOC105378184	0	0	0
MIR4539	0	0	0
MIR4507	0	0	0
MIR4538	0	0	0
MIR4537	0	0	0
FAM30A	0	0	0
ADAM6	0	0	0
LOC105370700	0	0	0
LINC00226	0	0	0
LOC124903400	0	0	0
LINC00221	0	0	0
LOC102724977	0	0	0
LOC124903399	0	0	0
MIR5195	0	0	0
LOC105379271	44	0	46
LOC105379272	35	30	7
LOC124905323	0	0	0
LOC105379274	30	85	2
MAFIP	180	1	236
LOC112268314	0	0	0
LOC124905324	0	0	0
LOC105379527	23	0	23
LOC102723407	0	0	0
FAM30B	0	0	0
LOC105379203	0	0	0
CHEK2P2	0	0	0
LOC124903442	0	0	0
HERC2P3	21	0	21
GOLGA6L6	0	0	0
GOLGA8CP	0	0	0
NBEAP1	0	0	0
LOC124903443	0	0	0
MIR3118-2	0	0	0
POTEB2	0	0	0
MIR5701-1	0	0	0
LINC01193	0	0	0
FAM30C	0	0	0
LOC105379205	0	0	0
LOC105370714	0	0	0
LOC124900633	0	0	0
LOC646214	0	0	0
LOC112268154	0	0	0
CXADRP2	1	0	1
POTEB3	0	0	0
MIR3118-3	0	0	0
LOC124900632	0	0	0
LOC105369227	0	0	0
MIR5701-2	0	0	0
LINC02203	0	0	0
LOC124903610	0	0	0
OR4M2B	0	0	0
OR4N4C	0	0	0
LOC102724737	60	1	59
LOC102724760	0	0	0
IGHV1OR15-3	0	0	0
LOC102724971	0	0	0
LOC105379208	0	0	0
LOC105379207	0	0	0
MIR3118-4	0	0	0
POTEB	0	0	0
NF1P2	0	0	0
MIR5701-3	0	0	0
OR4M2-OT1	0	0	0
LOC124903611	0	0	0
OR4M2	0	0	0
OR4N4	0	0	0
OR4N3P	0	0	0
LOC107984743	0	0	0
IGHV1OR15-1	0	0	0
LOC642131	0	0	0
LOC107983983	0	0	0
MIR1268A	0	0	0
LOC101928039	0	0	0
LOC124903445	0	0	0
REREP3	0	0	0
GOLGA8EP	0	0	0
LOC124900355	0	0	0
GOLGA6L22	0	0	0
HERC2P7	2	0	2
HERC2P2	599	1	598
LOC101927846	0	0	0
GOLGA8IP	0	0	0
WHAMMP3	30	1	29
LOC283683	0	0	0
NIPA1	94	0	94
NIPA2	64	4	180
CYFIP1	3	116	7
TUBGCP5	0	0	0
GOLGA6L1	0	0	0
GOLGA8DP	0	0	0
MIR4509-1	0	0	0
LOC102723534	0	0	0
LOC102723564	11	0	11
GOLGA6L26	0	0	0
LOC105376698	0	0	0
GOLGA8S	0	0	0
LOC105370726	0	0	0
LOC124903446	0	0	0
LOC105370728	0	0	0
GOLGA6L2	0	0	0
LOC105370729	0	0	0
MIR4508	0	0	0
MKRN3	18	0	18
LOC124903576	0	0	0
MAGEL2	0	0	0
NDN	0	0	0
LOC124903577	0	0	0
LOC124903447	0	0	0
LOC107984787	0	0	0
PWRN4	0	0	0
LOC105370733	0	0	0
LOC105370732	0	0	0
PWRN2	0	0	0
LOC102723749	0	0	0
LOC102725165	0	0	0
PWRN3	0	0	0
PWRN1	0	0	0
NPAP1	0	0	0
SNHG14	0	0	0
SNRPN	0	0	0
LOC124903612	0	0	0
SNURF	0	0	0
PWARSN	0	0	0
SNORD107	0	0	0
PWAR5	0	0	0
SNORD64	0	0	0
SNORD108	0	0	0
PWAR6	0	0	0
SNORD109A	0	0	0
SNORD116-1	0	0	0
SNORD116-2	0	0	0
SNORD116-3	0	0	0
SNORD116-4	0	0	0
SNORD116-5	0	0	0
LOC128966705	0	0	0
SNORD116-6	0	0	0
SNORD116-7	0	0	0
SNORD116-8	0	0	0
SNORD116-9	0	0	0
SNORD116-10	0	0	0
SNORD116-11	0	0	0
SNORD116-12	0	0	0
SNORD116-13	0	0	0
SNORD116-14	0	0	0
SNORD116-15	0	0	0
SNORD116-16	0	0	0
SNORD116-17	0	0	0
SNORD116-18	0	0	0
SNORD116-19	0	0	0
SNORD116-20	0	0	0
SNORD116-21	0	0	0
SNORD116-22	0	0	0
SNORD116-23	0	0	0
SNORD116-24	0	0	0
SNORD116-25	0	0	0
SNORD116-26	0	0	0
SNORD116-27	0	0	0
SNORD116-28	0	0	0
SNORD116-29	0	0	0
SNORD116-30	0	0	0
IPW	0	0	0
PWAR1	0	0	0
SNORD115-1	0	0	0
SNORD115-2	0	0	0
SNORD115-3	0	0	0
SNORD115-4	0	0	0
SNORD115-5	0	0	0
SNORD115-6	0	0	0
SNORD115-7	0	0	0
SNORD115-8	0	0	0
SNORD115-9	0	0	0
SNORD115-10	0	0	0
SNORD115-11	0	0	0
SNORD115-12	0	0	0
SNORD115-13	0	0	0
SNORD115-14	0	0	0
SNORD115-15	0	0	0
SNORD115-16	0	0	0
SNORD115-17	0	0	0
SNORD115-18	0	0	0
SNORD115-19	0	0	0
SNORD115-20	0	0	0
SNORD115-21	0	0	0
SNORD115-22	0	0	0
PWAR4	0	0	0
SNORD115-23	0	0	0
SNORD115-24	0	0	0
SNORD115-25	0	0	0
SNORD115-26	0	0	0
SNORD115-27	0	0	0
SNORD115-28	0	0	0
SNORD115-29	0	0	0
SNORD115-30	0	0	0
SNORD115-31	0	0	0
SNORD115-32	0	0	0
SNORD115-33	0	0	0
SNORD115-34	0	0	0
SNORD115-35	0	0	0
SNORD115-36	0	0	0
SNORD115-37	0	0	0
SNORD115-38	0	0	0
SNORD115-39	0	0	0
SNORD115-40	0	0	0
SNORD115-41	0	0	0
SNORD115-42	0	0	0
SNORD115-43	0	0	0
SNORD115-44	0	0	0
SNORD115-45	0	0	0
SNORD115-46	0	0	0
SNORD115-47	0	0	0
SNORD115-48	0	0	0
SNORD109B	0	0	0
UBE3A	1347	1	1346
LINC02250	0	0	0
LOC107984789	0	0	0
LOC124903448	0	0	0
ATP10A	0	0	0
LOC107984770	0	0	0
MIR4715	0	0	0
ATP10A-DT	0	0	0
LINC02346	0	0	0
LOC124900363	0	0	0
TRE-TTC2-2	0	0	0
LOC105370739	0	0	0
LINC00929	0	0	0
LOC124903568	0	0	0
LINC02248	0	0	0
LOC105370740	0	0	0
GABRB3	2	0	2
LOC124903578	0	0	0
LOC112268151	0	0	0
GABRA5	0	0	0
GABRG3	0	0	0
LOC124903449	0	0	0
LOC107984766	0	0	0
GABRG3-AS1	0	0	0
OCA2	0	0	0
HERC2	123	0	123
GOLGA6L24	0	0	0
GOLGA8F	0	0	0
MIR4509-2	0	0	0
LOC101059997	0	0	0
MIR4509-3	0	0	0
GOLGA8G	0	0	0
GOLGA6L25	0	0	0
HERC2P11	0	0	0
LOC124903450	1	0	1
HERC2P9	1	0	1
GOLGA8M	0	0	0
LOC107984746	0	0	0
WHAMMP2	0	0	0
LOC100289656	0	0	0
PDCD6IPP2	0	0	0
GOLGA6L7	0	0	0
APBA2	0	0	0
ENTREP2	0	0	0
NSMCE3	0	0	0
LCIIAR	0	0	0
LOC105370743	0	0	0
TJP1	5	0	5
LOC124903451	0	0	0
GOLGA8J	0	0	0
ULK4P3	0	0	0
LOC124900359	0	0	0
GOLGA8T	0	0	0
LOC105370746	0	0	0
LOC105370747	0	0	0
LINC02249	0	0	0
CHRFAM7A	0	0	0
LOC105370751	0	0	0
LOC124900357	0	0	0
GOLGA8R	0	1	0
LOC101927788	0	0	1
LOC105376704	0	0	0
WHAMMP4	24	0	24
LOC124903452	0	0	0
GOLGA8Q	0	0	0
DNM1P50	0	0	0
ULK4P2	0	0	0
LOC124900358	0	0	0
ARHGAP11B-DT	0	0	0
GOLGA8H	0	0	0
ARHGAP11B	0	0	0
LOC100288637	27	0	27
LOC101930434	8	0	8
LOC124903453	0	0	0
HERC2P10	1	0	1
FAN1	38	3	67
MTMR10	30	33	29
TRPM1	0	0	0
TRPM1-AS1	0	0	0
MIR211	0	0	0
LINC02352	0	0	0
LOC124903454	0	0	0
LINC03034	0	0	0
KLF13	438	1	437
LOC105370939	0	0	0
OTUD7A	18	0	18
LOC105370753	0	0	0
LOC124903455	0	0	0
LOC124900362	0	0	0
LOC124903441	0	0	0
CHRNA7	0	0	0
LOC102724078	0	0	0
LOC105376709	0	0	0
LOC112268159	0	0	0
GOLGA8K	0	0	0
LOC107987221	0	0	0
LOC124903457	0	0	0
ULK4P1	0	0	0
LOC124900356	0	0	0
GOLGA8O	3	0	3
LOC124903456	0	0	0
LOC105376710	0	0	0
LOC100653133	0	0	0
WHAMMP1	0	0	0
LINC02256	0	0	0
ARHGAP11A-DT	0	0	0
GOLGA8N	0	0	0
ARHGAP11A	0	0	0
ARHGAP11A-SCG5	0	0	0
SCG5	1	0	1
LOC124903458	1	0	1
SCG5-AS1	0	0	0
LOC105370756	0	0	0
GREM1	0	0	0
GREM1-AS1	0	0	0
FMN1	0	0	0
LOC107984089	0	0	0
LOC124903606	0	0	0
LOC124903460	0	0	0
LOC124900367	0	0	0
LOC124903459	0	0	0
LOC105370759	0	0	0
TMCO5B	0	0	0
RYR3-DT	0	0	0
RYR3	17	60	0
AVEN	365	4	404
CHRM5	1	0	1
EMC7	2298	1	2297
PGBD4	99	0	99
KATNBL1	246	0	246
EMC4	768	14	1430
SLC12A6	616	662	685
LOC124903461	1	56	0
NOP10	0	0	0
NUTM1	0	0	0
LPCAT4	6	0	6
GOLGA8A	134	0	134
MIR1233-1	0	0	0
GOLGA8B	903	0	903
MIR1233-2	0	0	0
LOC124903462	0	0	0
LINC02252	0	0	0
LOC124903463	0	0	0
GJD2	0	0	0
GJD2-DT	0	0	0
ACTC1	0	0	0
LOC107984776	0	0	0
AQR	1334	0	1334
ZNF770	936	0	936
LOC105370764	0	0	0
LOC105370763	0	0	0
LOC105370765	0	0	0
NANOGP8	0	0	0
DPH6	159	0	161
ANP32AP1	0	0	0
MIR3942	1	0	1
LOC124903464	4	0	4
DPH6-DT	2	2	2
LOC105370766	0	0	0
MIR4510	0	0	0
LINC02853	0	0	0
LOC102724214	0	0	0
LOC105370767	0	0	0
LOC105370769	0	0	0
LOC105370768	0	0	0
LOC105370770	0	0	0
CDIN1	93	0	93
LOC124903466	0	0	0
CSNK1A1P1	0	0	0
LOC124903595	0	0	0
LOC145845	1	0	1
MEIS2	571	5	607
MIR8063	0	0	0
LOC124903465	61	36	66
LOC105370772	0	0	0
LOC105370773	0	0	0
TMCO5A	0	0	0
LINC02345	0	0	0
LINC01852	0	0	0
SPRED1	363	0	363
FAM98B	899	0	899
RASGRP1	9	11	0
LOC105370774	25	0	27
LOC105370775	0	0	0
LINC02694	0	0	0
LOC105370776	0	0	0
LOC102724253	0	0	0
LOC105370777	2	0	2
LOC105370781	0	0	0
LOC124900600	0	0	0
LOC105370780	0	0	0
LOC124903467	0	0	0
LINC02915	0	0	0
LOC124903468	0	0	0
LOC105370783	0	0	0
LOC124903469	0	0	0
LOC105370784	0	0	0
LOC124903470	0	0	0
THBS1	344	1	349
THBS1-IT1	0	0	0
FSIP1	5	6	5
LOC105370785	0	0	0
LOC105370941	30	0	30
GPR176	170	0	170
GPR176-DT	1	0	1
EIF2AK4	1526	11	1516
LOC124903607	0	0	0
SRP14	1262	2	5830
LOC124903471	13	4581	1
SRP14-DT	139	0	140
LOC105370787	8	7	2
BMF	206	0	206
BUB1B	1275	0	1275
LOC107984763	0	0	0
BUB1B-PAK6	1	0	1
PAK6	0	0	0
PAK6-AS1	0	0	0
ANKRD63	1	0	1
PLCB2	59	0	59
LOC112268152	0	0	0
INAFM2	65	0	65
CCDC9B	738	0	738
PHGR1	0	0	0
DISP2	20	1	21
LOC124903472	1	2	1
KNSTRN	1652	0	1652
IVD	1307	0	1307
BAHD1	1045	2	1043
LOC124903473	0	0	0
CHST14	408	0	408
CCDC32	274	0	274
MRPL42P5	0	0	0
RPUSD2	546	0	546
TRS-GCT4-2	0	0	0
KNL1	710	0	710
LOC124903601	0	0	0
RAD51-AS1	10	1	12
RAD51	452	4	451
RMDN3	1023	4	1019
LOC124903474	0	0	0
GCHFR	4	5	758
DNAJC17	264	790	313
C15orf62	57	24	33
ZFYVE19	893	48	925
PPP1R14D	6	2	4
SPINT1-AS1	0	0	0
SPINT1	6	0	6
RHOV	2593	2	3317
LOC124903475	8	726	8
VPS18	1429	0	1429
LOC105370943	12	0	12
DLL4	18	0	18
CHAC1	31	0	31
LOC105370789	0	0	0
INO80	1622	0	2185
LOC124903476	9	410	0
LOC105376713	0	0	0
INO80-AS1	1	163	0
EXD1	0	0	0
CHP1	3270	2	3268
OIP5-AS1	2944	279	2899
OIP5	351	9	576
NUSAP1	3104	0	3106
NDUFAF1	463	1	462
RTF1	1213	0	1213
LOC105370790	4	4	0
ITPKA	49	0	49
LTK	28	2	28
RPAP1	1538	2	1536
TYRO3	1308	0	1308
LOC105370791	0	0	0
MGA	1259	0	1259
MIR626	0	0	0
MAPKBP1	521	0	521
JMJD7-PLA2G4B	0	0	0
JMJD7	29	0	29
PLA2G4B	5	0	5
SPTBN5	96	9	90
MIR4310	0	0	0
LOC105370792	0	57	0
EHD4	643	1	797
EHD4-AS1	2	2	0
LOC124903477	0	100	1
PLA2G4E-AS1	2	0	2
PLA2G4E	6	2	4
LOC105370793	1	0	1
PLA2G4D	5	0	5
PLA2G4F	0	0	0
VPS39	1219	0	1219
MIR627	0	0	0
VPS39-DT	1	135	0
TMEM87A	1049	5	1274
GANC	346	91	351
CAPN3	174	2	176
LOC105370794	1	7	0
ZNF106	1526	1	1525
SNAP23	443	1	579
LRRC57	302	146	296
HAUS2	631	0	634
STARD9	329	9	320
LOC124903605	0	0	0
CDAN1	443	7	436
TTBK2	232	2	296
TTBK2-AS1	0	64	3
UBR1	1036	0	1036
TMEM62	854	0	854
LOC124903478	0	172	0
CCNDBP1	397	1	568
EPB42	1	0	1
TGM5	0	0	0
TGM7	0	0	0
LCMT2	396	10	473
MAPDA	398	77	408
ZSCAN29	508	11	497
TUBGCP4	399	396	1025
TP53BP1	1185	628	1579
MAP1A	5	2	3
PPIP5K1	480	0	480
CKMT1B	76	0	76
STRC	29	0	29
LOC124903598	0	0	0
CATSPER2	6	0	6
PPIP5K1P1-CATSPER2	6	0	6
CKMT1A	28	0	28
STRCP1	4	1	4
LOC124903599	0	1	0
CATSPER2P1	29	0	29
PDIA3	19052	24	19111
ELL3	22	63	43
SERF2	181	6	756
SERF2-C15ORF63	0	0	0
MIR1282	0	4065	1
SERINC4	93	258	10
HYPK	6	10	1
MFAP1	1748	2	1748
WDR76	490	0	490
FRMD5	9	9	0
PIN4P1	3	1	2
GOLM2	1001	0	1001
LOC124903479	0	0	0
CTDSPL2	945	3	943
EIF3J-DT	123	0	124
EIF3J	2316	11	2346
SPG11	1290	154	1177
PATL2	13	0	13
B2M	2846	0	2846
MIR10393	0	0	0
RNF4BP	0	0	0
TRIM69	2	0	2
SORD2P	77	0	77
LOC105370798	0	0	0
TERB2	0	0	0
SORD	876	0	876
DUOX2	3	0	3
DUOXA2	0	2	1
DUOXA1	5	1	7
DUOX1	25	27	0
LOC124903480	0	0	2
SHF	12	6	8
LOC124903481	7	1	8
TRH-GTG1-7	0	0	0
TRH-GTG1-8	0	0	0
TRH-GTG1-9	0	0	0
LOC124900370	0	0	0
SLC28A2-AS1	0	0	0
SLC28A2	0	0	0
LOC107984732	0	0	0
LOC124903482	0	0	0
GATM	10	0	14
AFG2B	593	10	587
COXFA4L3	0	0	0
MIR147B	0	0	0
LOC107987223	1	1	0
SLC30A4-AS1	10	56	13
LOC124903483	19	2	29
SLC30A4	28	4	79
LOC124903596	0	0	0
HMGN2P46	4	8	4
SNORA41B	0	0	0
BLOC1S6	774	4	770
SQOR	2487	0	2487
LOC124903484	8	0	8
LOC105370802	1	0	1
LOC124900365	0	0	0
LOC107984794	0	0	0
LOC124900371	0	0	0
LOC105370803	0	0	0
LOC107984733	0	0	0
SEMA6D	539	1	538
LOC124900620	0	0	0
LOC105370804	0	0	0
LINC01491	0	0	0
LOC124900354	2	0	2
LOC102724553	1	0	1
LOC107984792	1	1	0
LOC105370805	0	0	0
LOC124903485	0	0	0
SLC24A5	0	0	0
MYEF2	0	0	0
CTXN2	0	0	0
CTXN2-AS1	0	0	0
SLC12A1	0	0	0
LOC128966560	0	0	0
DUT-AS1	4	682	5
LOC124903486	0	0	0
DUT	1517	5	2195
FBN1	4707	1	4740
LOC124903488	0	34	0
FBN1-DT	17	1	16
CEP152	627	1	636
LOC124903487	0	10	0
SHC4	6	0	6
EID1	3890	2	3888
SECISBP2L	722	1	721
LOC124903489	0	0	0
COPS2	2609	0	2609
GALK2	286	0	396
NDUFAF4P1	2	0	2
MIR4716	0	0	0
FAM227B	101	213	27
FGF7	283	0	312
LOC105370811	0	0	0
DTWD1	1201	1	1200
ATP8B4	357	0	364
LOC102724587	1	8	0
SLC27A2	1931	2	1929
HDC	46	12	34
GABPB1	493	48	590
GABPB1-IT1	59	2	285
GABPB1-AS1	121	326	171
MIR4712	7	0	7
USP8	1210	3	1465
USP50	7	263	2
TRPM7	1620	0	1620
LOC128092252	0	0	0
SPPL2A	1098	0	1098
LOC124903490	0	0	0
AP4E1	570	20	550
DCAF13P3	1	0	1
MIR4713HG	0	0	0
TNFAIP8L3	0	0	0
LOC124903491	0	0	0
LOC124903492	0	0	0
CYP19A1	55	0	55
MIR4713	0	0	0
LOC124903493	0	0	0
MIR7973-2	0	0	0
MIR7973-1	0	0	0
LOC112268146	0	0	0
GLDN	3	0	3
DMXL2	717	0	717
LOC105370816	0	0	0
SCG3	0	0	0
LYSMD2	191	0	191
TMOD2	1	0	1
TMOD3	1860	2	1859
LOC100422556	2	2	4
LOC112268148	14	89	14
LEO1	1119	3	1201
MAPK6	2123	3	2123
MAPK6-DT	4	0	4
LOC112268150	15	3	15
LOC124903494	0	0	0
BCL2L10	0	0	0
GNB5	722	6	722
CERNA1	1	103	6
MYO5C	562	1	771
LOC105370820	0	107	0
MIR1266	0	0	0
LOC105370819	3	2	1
MYO5A	526	0	526
ARPP19	2837	0	2837
ATOSA	409	0	409
LOC105370821	0	0	0
ONECUT1	0	0	0
LOC105370824	0	0	0
LOC101928499	0	0	0
LOC107983981	0	0	0
LOC105370823	0	0	0
LINC02490	0	0	0
LOC105370826	0	0	0
WDR72	17	0	17
UNC13C	0	0	0
LOC105370827	0	0	0
LOC124903495	0	0	0
LOC105370829	0	0	0
RSL24D1	1636	0	1636
RAB27A	515	0	515
PIGBOS1	95	0	95
PIGB	404	60	575
DNAAF4-CCPG1	0	0	1
CCPG1	213	6	210
MIR628	1	0	1
PIERCE2	59	0	65
DNAAF4	3	3	3
LOC124903496	0	0	0
PYGO1	0	0	0
LOC124903497	0	0	0
PRTG	367	2	365
NEDD4	966	1	965
LOC124903604	0	0	0
RFX7	559	6	554
LOC124903498	1	0	2
LOC124903569	0	0	0
TEX9	0	1	0
MNS1	0	0	0
LOC105370832	0	0	0
ZNF280D	510	0	510
TCF12-DT	11	2	20
LINC03065	0	0	1
TCF12	1239	11	1238
SNORD13D	0	0	0
LINC00926	32	0	32
LINC01413	0	0	0
CGNL1	0	0	0
GCOM1	8	0	8
MYZAP	10	0	10
POLR2M	8	0	8
LOC105370834	0	0	0
ALDH1A2	1	0	2
ALDH1A2-AS1	0	0	0
AQP9	0	1	0
LOC124903499	0	0	0
LIPC	0	0	0
LIPC-AS1	0	0	0
ADAM10	2407	0	2407
LOC124903600	3	0	3
HSP90AB4P	1	0	1
MINDY2-DT	2	0	2
MINDY2	334	1	333
SLTM	1970	2	1968
RNF111	799	0	799
CCNB2	1438	21	1417
MYO1E	6819	18	6808
MIR2116	1	0	1
LDHAL6B	15	19	1
FAM81A	325	0	327
GCNT3	155	0	155
GTF2A2	835	1	834
BNIP2	1155	2	1153
FOXB1	35	5	30
LOC105370838	0	0	0
LOC105370839	0	0	0
LOC105370840	0	0	0
ANXA2	15829	4	15825
ICE2	781	1	780
RORA-AS1	8	0	11
RORA	2	5	0
LOC105370846	10	0	10
RORA-AS2	0	0	0
RORA-AS4	0	0	0
LOC124903500	0	0	0
LOC102724802	0	0	0
LOC107984805	0	0	0
LOC105370841	0	0	0
LOC105370847	0	0	0
LOC107984782	0	0	0
LOC101928850	0	0	0
LOC107984783	0	0	0
LINC02349	0	0	0
LOC124903501	0	0	0
VPS13C	965	0	965
VPS13C-DT	2	0	2
C2CD4A	2	2	0
C2CD4B	0	0	0
LOC124903502	0	0	0
LOC107984784	0	0	0
GOLGA2P11	1	0	1
LOC102724938	0	0	0
MIR8067	0	0	0
MIR6085	0	0	0
LOC124903503	1	0	1
TLN2	481	0	661
MGC15885	0	0	0
LOC105370855	0	0	0
MIR190A	0	0	0
LOC105370854	2	180	2
TPM1	866	0	1055
TPM1-AS	3	189	3
LOC107984798	2	0	2
LACTB	1154	2	1152
RPS27L	1253	3	1250
LOC101928972	0	0	0
RAB8B	666	0	666
LOC124903504	1	0	1
APH1B	249	0	249
LOC124903506	0	0	0
LOC124903505	0	0	0
CA12	4	1	3
LINC02568	1	0	1
USP3	775	19	1141
USP3-AS1	16	394	19
FBXL22	20	14	15
HERC1	1313	0	1313
MIR422A	0	0	0
DAPK2	237	0	267
LOC101928988	1	31	0
CIAO2A	1076	0	1076
SNX1	2186	0	2186
SNX22	26	12184	6
PPIB	2884	3	15045
CSNK1G1	480	0	480
LOC124900364	0	0	0
PCLAF	1882	0	1882
TRIP4	514	0	514
LOC105370861	0	0	0
ZNF609	1231	0	1231
LOC101930091	0	0	0
OAZ2	1660	3	1657
LOC124903507	4	1	3
RBPMS2	380	0	380
MIR1272	1	0	1
PIF1	421	0	421
LOC124903508	1	1	0
PLEKHO2	173	0	173
ANKDD1A	56	44	28
SPG21	1843	0	1859
MTFMT	207	0	207
SLC51B	0	0	1
RASL12	0	1	0
KBTBD13	0	0	0
UBAP1L	58	0	58
PDCD7	460	0	460
CLPX	1556	0	1556
LOC124903509	0	0	0
CILP	2	0	2
PARP16	231	0	231
SNORA24B	0	0	0
RNU5A-1	2	0	2
RNU5B-1	0	0	0
IGDCC3	0	0	0
IGDCC4	0	0	0
LOC124903510	0	0	0
DPP8	760	1	759
HACD3	2890	1	2889
LOC124903602	0	0	0
INTS14	823	1	822
SLC24A1	145	85	127
LOC102723464	0	5	0
DENND4A	427	3	486
SNORD13E	0	0	0
MIR4511	0	0	0
LOC105370866	5	0	5
TRQ-CTG1-4	0	0	0
RAB11A	2255	0	2256
MEGF11	7	8	0
LOC105370867	0	0	0
MIR4311	0	0	0
DIS3L-AS1	0	1	1
DIS3L	563	56	511
TIPIN	318	1	319
SCARNA14	0	0	0
MAP2K1	1494	46	2078
SNAPC5	603	604	629
MIR4512	2	0	2
RPL4	48520	6	48514
SNORD18C	4	0	4
SNORD18B	4	0	4
SNORD16	3	0	3
SNORD18A	0	0	0
ZWILCH	770	0	1126
LCTL	1	357	0
LINC01169	4	0	4
SMAD6	1387	2	1385
LOC105370869	0	0	0
LOC105376718	14	0	14
SMASR	0	0	0
SMAD3-DT	1	1	0
SMAD3	687	4	683
SMAD3-AS1	0	0	0
AAGAB	1030	0	1030
IQCH	34	4	51
IQCH-AS1	45	102	49
LOC124903511	0	5	0
C15orf61	11	4	96
MAP2K5-DT	34	0	34
MAP2K5	394	0	394
LOC124903512	0	0	0
LOC124903570	2	0	2
SKOR1	13	0	30
LOC105370870	1	17	0
SKOR1-AS1	0	2	0
RNU6-1	0	0	0
PIAS1	789	36	1056
LOC105370871	54	221	1
CALML4	60	105	90
CLN6	1182	0	1182
FEM1B	874	0	874
ITGA11	1	1	0
LOC124903513	0	0	0
LOC105370873	0	0	0
CORO2B	0	0	0
LOC124903514	0	0	0
ANP32A	3754	5	3749
MIR4312	0	0	0
ANP32A-IT1	3	0	3
SPESP1-NOX5	0	0	0
SPESP1	1	0	1
NOX5	0	0	0
LOC124903515	1	1	0
EWSAT1	19	0	19
LOC124903516	0	0	0
GLCE	906	0	906
PAQR5-DT	7	1	6
PAQR5	585	7	819
LOC124900368	0	0	0
KIF23-AS1	5	283	12
KIF23	1486	3	1532
RPLP1	16243	4	16246
LINC02896	10	7	10
LOC124903594	0	0	0
DRAIC	2	0	2
LOC124903517	0	0	0
PCAT29	0	0	0
LOC107984788	0	0	0
LINC00593	0	0	0
LOC101929129	0	0	0
LOC124903518	6	0	6
TLE3	3226	2	3224
MIR629	0	0	0
LOC107984734	0	0	0
LOC105370878	0	0	0
LOC124903519	0	0	0
LINC02205	0	0	0
LOC107984781	0	0	0
LINC02204	0	0	0
SALRNA3	0	0	0
LOC107984791	3	0	3
SALRNA2	0	0	0
UACA	700	1	699
LARP6	115	0	116
LRRC49	28	1	28
THAP10	56	0	56
LOC105370886	2	0	2
THSD4	399	0	408
CT62	0	9	0
THSD4-AS1	0	0	0
LOC105370884	0	0	0
LOC124903521	1	1	1
LOC124903520	2	0	3
LOC107984716	0	0	0
THSD4-AS2	0	0	0
NR2E3	6	0	6
MYO9A	428	11	431
LOC107984713	0	0	0
MYO9A-AS1	0	6	0
SENP8	65	3	72
LOC124903522	0	4	0
GRAMD2A	92	1	97
PKM	60187	27	60160
PARP6	719	0	719
LOC105370887	0	0	0
CELF6	30	0	30
HEXA	2035	1	2048
HEXA-AS1	10	18	6
TMEM202	0	0	0
TMEM202-AS1	6	0	10
ARIH1	1720	6	1718
MIR630	0	0	0
LINC02259	0	0	0
LOC112268145	1	0	1
GOLGA6B	6	0	6
HIGD2B	0	0	0
BBS4	661	11	650
ADPGK	1320	0	1499
ADPGK-AS1	0	179	0
LOC107984801	0	0	0
NEO1	189	0	189
MIR12135	0	0	0
HCN4	11	0	12
LOC105370890	0	1	0
LOC124903571	0	0	0
REC114	0	0	0
NPTN	2623	0	2623
NPTN-IT1	24	0	24
LOC105370891	0	0	0
CD276	6298	2	6296
INSYN1	91	0	91
INSYN1-AS1	0	0	0
LOC105370892	0	0	0
LOC102723657	0	0	0
TBC1D21	0	0	0
LOXL1-AS1	0	0	0
LOXL1	0	0	0
STOML1	109	2	107
PML	1326	0	1326
GOLGA6A	1	0	1
LOC107987224	0	0	0
COMMD4P2	0	0	0
ISLR2	0	0	0
LOC283731	0	0	0
LOC124903523	0	0	0
ISLR	0	0	0
STRA6	0	4	0
CCDC33	0	0	4
LOC105370893	0	0	0
CCDC33-AS1	0	0	0
CYP11A1	0	0	0
PPIAP46	0	0	0
LOC124903524	0	0	0
LINC02255	0	0	0
SEMA7A	0	0	0
MIR6881	0	0	0
UBL7	0	0	0
UBL7-DT	0	0	0
LOC101929333	0	0	0
LOC124900366	0	0	0
LOC124903526	0	0	0
LOC102723714	0	0	0
LOC124903528	0	0	0
ARID3B	398	0	457
LOC124903527	12	71	0
CLK3-AS1	59	54	15
CLK3	1769	1	1778
EDC3	1504	3	1501
CYP1A1	54	0	54
CYP1A2	0	0	0
CSK	1298	0	1298
MIR4513	0	0	0
LMAN1L	52	0	52
CPLX3	47	0	47
LOC105370897	0	0	0
ULK3	950	0	950
MIR6882	0	0	0
SCAMP2	1130	2	1128
MPI	1037	539	1332
FAM219B	183	307	710
COX5A	2463	0	2463
RPP25	1514	5	1509
SCAMP5	47	0	47
PPCDC	164	0	164
LOC124903529	3	0	3
LOC124900369	0	0	0
LOC124903530	6	0	6
LOC107984772	3	3	0
C15orf39	1593	0	1593
TRCG1P	0	0	0
GOLGA6C	0	0	0
GOLGA6D	0	0	0
COMMD4	1930	3	1927
NEIL1	145	440	86
MIR631	4	4	6
MAN2C1	877	17	1235
SIN3A	1621	9	1612
PTPN9	750	0	836
LOC105370902	1	87	0
SNUPN	668	1	667
IMP3	2311	9	2303
SNX33	1599	4	1596
CSPG4	4592	20	4572
CIMAP1C	31	0	31
DNM1P35	0	0	0
LOC101929408	0	0	0
MIR4313	0	0	0
GOLGA6EP	0	0	0
UBE2Q2	198	2	196
FBXO22	922	156	952
NRG4	223	72	337
TMEM266	53	9	71
LOC124903531	0	1	0
LOC101929439	11	26	11
ETFA	2437	0	2437
TYRO3P	0	0	0
ISL2	126	0	128
LOC124903532	0	2	0
SCAPER	308	0	308
MIR3713	0	0	0
RCN2	1403	0	1403
LOC105370904	0	0	0
PSTPIP1	0	0	0
TSPAN3	2466	0	2466
PEAK1	480	32	479
LINC00597	0	0	0
HMG20A	796	0	827
LOC101929457	0	0	0
LOC105370906	1	0	1
LINGO1	0	0	0
LINGO1-AS1	0	0	0
LINGO1-AS2	0	0	0
LOC141374963	0	0	0
GOLGA6FP	2	3	0
LOC124903533	0	0	1
COMMD4P1	1	0	1
LOC91450	0	0	0
TBC1D2B	390	1	389
SH2D7	0	0	0
CIB2	5	0	5
LOC124903534	7	1	6
IDH3A	573	1	1501
ACSBG1	3	929	3
DNAJA4-DT	0	0	0
DNAJA4	1	8	1
LOC105370910	2	0	10
SKIC8	1213	0	1213
CRABP1	0	0	0
LOC105370912	0	0	0
IREB2	1677	0	1677
HYKK	68	0	68
PSMA4	3529	1	3528
CHRNA5	252	0	341
CHRNA3	2	91	0
CHRNB4	0	0	0
LOC105370913	1	0	1
LOC646938	0	0	0
LOC112268143	0	0	0
ADAMTS7	27	0	27
TRK-CTT1-2	0	0	0
LOC124903535	3	3	0
MORF4L1	5271	0	5271
CTSH	4	4	0
RASGRF1	0	0	0
LOC100129540	0	0	0
LOC105370917	0	0	0
LOC107984750	0	0	0
ANKRD34C-AS1	0	0	0
MIR184	0	0	0
ANKRD34C	0	0	0
TMED3	1869	0	1869
MINAR1	56	0	59
LOC105370918	1	4	0
LOC105370919	0	0	0
TRC-GCA5-1	0	0	0
LOC124903536	2	0	2
ST20-MTHFS	0	0	0
MTHFS	7	3	4
ST20	4	23	49
ST20-AS1	30	108	42
BCL2A1	0	0	0
ZFAND6	1648	1	1647
FAH	353	0	353
CTXND1	1	1	0
LINC00927	0	0	0
ARNT2-DT	0	0	0
ARNT2	662	3	688
LOC124903537	0	0	0
ARNT2-AS3	0	0	0
ARNT2-AS1	10	62	15
MIR5572	0	1	0
ABHD17C	2040	1	2039
CEMIP	151	25	143
LOC124903539	0	0	0
MIR549A	0	0	0
MESD	1458	13	1462
MIR4514	0	0	0
TLNRD1	478	0	478
LOC128071545	0	0	0
LOC124903540	0	0	0
CFAP161	0	0	0
IL16	2	16	0
STARD5	2	0	16
TMC3-AS1	0	0	1
TMC3	0	1	0
LOC102723985	0	0	0
LOC105370921	0	0	0
LOC124903541	0	0	0
LINC01418	0	0	0
LOC105370922	0	0	0
LOC105370923	0	0	0
MEX3B	55	0	55
LINC01583	0	0	0
LOC105370924	0	0	0
EFL1	774	0	774
SAXO2	8	0	8
ADAMTS7P1	0	0	0
GOLGA6L10	1	0	1
UBE2Q2P2	1	0	1
GOLGA6L9	36	0	36
LOC102724034	0	0	0
GOLGA2P10	244	0	244
LOC105370926	0	0	0
GOLGA6L17P	0	0	0
RPS17	2	0	2
CPEB1	8	2	9
CPEB1-AS1	0	1	2
AP3B2	144	1	143
LOC338963	0	0	0
ACTG1P17	16	0	16
SNHG21	52	0	83
FSD2	24	77	0
SCARNA15	0	0	22
WHAMM	221	1	228
HOMER2	3	8	3
LOC105370928	0	0	0
RAMAC	20	7	323
C15orf40	317	308	320
LOC124903542	6	1	6
BTBD1	1598	3	1598
MIR4515	0	3	0
LOC124903543	0	0	0
TM6SF1	0	0	0
HDGFL3	0	0	0
BNC1	0	0	0
BNC1-AS1	0	0	0
LOC105370933	0	0	0
LOC105370934	0	0	0
SH3GL3	0	0	0
ADAMTSL3	0	0	0
LOC105370935	0	0	0
EFL1P1	0	0	0
DNM1P41	1	1	0
LOC124903544	0	0	0
UBE2Q2P16	0	0	0
LOC440300	1	3	0
GOLGA2P7	0	3	2
LOC105376724	0	0	0
GOLGA6L4	11	0	11
LOC105370936	0	0	0
LOC105376722	0	0	0
LOC103171574	0	0	0
LOC102724117	0	0	0
LOC102724135	17	0	20
LOC105370946	0	0	0
GOLGA6L5P	0	0	0
UBE2Q2P1	0	0	0
LINC00933	0	0	0
LOC105370947	0	5	0
ZSCAN2	0	0	5
SCAND2P	0	0	0
WDR73	0	0	0
NMB	0	0	0
SEC11A	2572	0	2572
ZNF592	770	0	770
ALPK3	25	0	25
SLC28A1	1	0	1
PDE8A	523	0	638
LOC124903545	4	119	0
LOC727751	58	0	58
LOC101929479	0	0	0
LOC105370948	0	0	0
GOLGA6L3P	2	2	0
MIR7706	0	0	0
AKAP13	1406	13	1393
LOC124903546	3	3	0
LINC02883	3	0	3
KLHL25	118	0	118
MIR1276	0	0	0
MIR548AP	0	0	0
LOC105370952	0	0	0
LOC105370953	0	0	0
AGBL1	0	0	0
LINC01584	0	0	0
AGBL1-AS1	0	0	0
LOC105370954	0	0	0
LOC102724452	0	0	0
LOC105370955	0	0	0
LOC107984735	0	0	0
LOC102724465	0	0	0
LINC00052	43	0	43
LOC124903579	0	0	0
LOC124903580	0	0	0
NTRK3	0	0	0
MIR11181	0	0	0
NTRK3-AS1	0	0	0
LOC105370957	0	0	0
LOC105370958	0	0	0
LOC105370959	0	0	0
MRPL46	550	0	550
MRPS11	1109	2	1107
DET1	116	0	126
LOC124903547	0	10	0
LINC01586	0	0	0
AEN	981	0	981
MIR1179	0	0	0
MIR7-2	0	0	0
MIR3529	0	0	0
ISG20	972	3	969
LOC105370960	0	0	0
ACAN	1	0	1
HAPLN3	9	0	9
MFGE8	239	0	239
ABHD2	755	1	764
CARMAL	0	0	0
LOC124903573	0	10	0
RLBP1	0	0	0
FANCI	1596	423	2621
LOC124903548	1	571	1
POLG	1410	469	1845
MIR6766	0	0	0
POLGARF	0	0	0
POLG-DT	11	80	13
TRR-TCG1-1	0	0	0
LOC124903549	0	0	0
MIR9-3HG	0	0	0
MIR9-3	0	0	0
LOC107984777	0	0	0
LOC105371031	0	0	0
LOC105370964	0	0	0
LOC112268153	0	0	0
RHCG	5	0	5
LINC00928	0	0	0
TICRR	843	2	897
KIF7	175	174	57
PLIN1	67	0	67
PEX11A	517	0	517
WDR93	6	3	3
MESP1	130	0	130
LOC124903550	0	0	0
MESP2	7	0	7
ANPEP	9	0	9
LOC124903551	2	0	2
ARPIN-AP3S2	0	0	0
AP3S2	1	0	1
LOC124903552	12	168	6
MIR5094	0	0	0
MIR5009	0	0	0
ARPIN	747	0	747
ZNF710	519	86	551
MIR3174	0	0	0
ZNF710-AS1	0	104	14
IDH2	1063	0	1282
IDH2-DT	0	219	0
SEMA4B	4257	1	4256
CIB1	1893	435	1893
GDPGP1	71	0	71
TTLL13	12	2	10
NGRN	2020	0	2452
PERPP2	102	0	102
GABARAPL3	1	0	1
ZNF774	61	0	61
IQGAP1	7222	0	7222
CRTC3	2329	5	2662
LOC124903555	9	141	3
LOC124903554	11	0	11
CRTC3-AS1	1	207	0
LINC01585	0	0	0
BLM	402	0	403
LOC124903590	0	1	0
LOC105370969	0	0	0
FURIN	4997	5	4992
FES	5	0	5
MAN2A2	1097	6	1091
HDDC3	325	1	328
UNC45A	1565	8	2022
RCCD1-AS1	2	463	0
RCCD1	963	2	962
PRC1	2235	7	3490
PRC1-AS1	4	1259	6
LOC124903556	1	0	2
VPS33B	524	13	513
LOC105370970	0	0	0
VPS33B-DT	5	0	6
SV2B	4	0	4
LOC105370972	0	0	0
LOC107984778	0	0	0
CRAT37	0	0	0
LOC105370973	0	0	0
LOC105370974	0	0	0
SLCO3A1	783	1	782
LOC124903557	0	0	0
LOC107987227	0	0	0
ST8SIA2	0	0	0
LOC104613533	0	0	0
C15orf32	0	0	0
LINC00930	0	0	0
FAM174B	7	0	7
LOC124903559	0	0	0
LOC101926994	38	0	38
ASB9P1	0	0	0
LOC124903558	9	2	7
CHASERR	899	1	898
CHD2	2576	0	2576
MIR3175	0	0	0
RGMA	2	2	0
LOC101927025	0	0	0
LOC105370980	0	0	0
LOC105370982	0	0	0
LOC124900612	0	0	0
LOC107983974	0	0	0
LINC02207	0	0	0
LINC01579	0	0	0
LINC01580	0	0	0
LINC01581	0	0	0
LOC105369203	0	0	0
LOC105370984	2	2	0
MCTP2	2050	0	2050
LINC02852	0	0	0
LOC105370986	0	0	0
LOC105370987	0	0	0
LOC105370988	0	0	0
LOC440311	1	0	1
LOC105370989	0	0	0
LOC105370991	0	0	0
LOC124903581	0	0	0
LOC105370990	0	0	0
LETR1	0	0	0
LINC00924	0	0	0
LOC105370993	0	0	0
LOC105370995	0	0	0
LOC124903582	0	0	0
LOC112268156	0	0	0
LOC105370998	0	0	0
LOC105369212	1	0	1
NR2F2-AS1	14	0	14
LOC124903583	6	0	6
LOC105370997	0	0	0
LOC124903584	3	3	0
NR2F2	697	11	686
MIR1469	2	0	2
SCDAL	1	0	1
LOC101927263	4	0	4
LOC105371001	0	0	0
LOC105371002	0	0	0
SPATA8-AS1	0	0	0
SPATA8	0	0	0
LOC105371004	2	0	2
LOC105371005	0	0	0
LINC02253	0	0	0
LOC105371006	0	0	0
LINC02254	0	0	0
LOC101927310	0	0	0
LOC105371007	0	0	0
LINC00923	0	0	0
LOC124903585	0	0	0
ARRDC4	87	0	87
LOC105371009	0	0	0
LINC02251	0	0	0
LINC01582	0	0	0
LOC105371010	0	0	0
LINC02351	0	0	0
FAM169BP	0	0	0
IRAIN	23	87	25
IGF1R	4050	172	3967
LOC124903560	8	8	0
MIR4714	0	0	0
LOC124903561	25	9	16
PGPEP1L	0	0	0
LUNAR1	5	0	5
SYNM-AS1	0	34	0
SYNM	1188	182	1211
TTC23	148	5	372
TTC23-AS1	0	0	0
LRRC28	147	0	147
HSP90B2P	12	0	12
LINC02244	0	0	0
LOC105371017	2	1	1
LINC03080	25	1	24
LOC107984790	5	0	5
LOC105371019	1	1	0
MEF2A	827	4	1063
LYSMD4	138	237	141
LOC105371020	0	0	0
DNM1P46	0	1	0
LOC124903563	0	0	1
LOC400464	0	0	0
ADAMTS17	0	0	0
LOC105371022	0	0	0
SPATA41	1	1	0
LOC105371021	0	0	0
CERS3-AS1	0	0	0
CERS3	2	0	2
PRKXP1	22	0	25
LOC102723335	0	3	0
LINS1	216	0	216
ASB7	388	2	386
LOC105371024	0	0	0
LOC440313	0	0	0
GCAWKR	66	0	66
LOC124903575	15	1	15
ALDH1A3	70	16	331
ALDH1A3-AS1	38	271	43
LRRK1	931	3	1001
LRRK1-AS1	10	78	4
LOC124903565	0	0	0
LOC124903564	0	0	0
CHSY1	753	2	751
LOC107984727	0	0	0
SELENOS	950	0	950
SNRPA1	1757	3	1758
SNRPA1-DT	14	312	30
PCSK6	456	22	701
LOC100507472	9	4	5
PCSK6-AS1	0	0	0
LOC124903566	9	0	9
LOC107987228	28	1	28
LOC124903567	0	0	0
LINC02348	11	0	11
TM2D3	272	0	272
TARS3	265	0	265
LOC124903609	0	0	0
UBE2Q2P13	0	0	0
OR4F6	0	0	0
OR4F15	0	0	0
OR4F13P	0	0	0
LOC105376730	0	0	0
FAM138E	0	0	0
MIR1302-10	0	0	0
WASH3P	0	0	0
MIR6859-3	0	0	0
DDX11L9	0	0	0
LOC102723461	0	0	0
LOC124905326	0	0	0
LOC124905325	0	0	0
LOC102723502	0	0	0
LOC124905327	0	0	0
LOC105369218	0	0	0
LOC124900616	0	0	0
LOC124905328	0	0	0
LOC102723532	0	0	0
LOC107987381	0	0	0
LOC102723573	0	0	0
DDX11L10	0	0	0
MIR6859-4	4	0	4
WASIR2	0	0	0
POLR3K	833	7	827
SNRNP25	1022	1	1022
RHBDF1	644	1	644
LOC124903617	4	3	2
MPG	665	13	1390
NPRL3	2062	735	2065
HBZ	0	0	0
LOC107983982	0	0	0
HBM	0	0	0
HBA2	2	0	2
HBA1	1	0	1
HBQ1	6	6	0
LUC7L	1061	1	1060
FAM234A	4181	1	4182
RGS11	0	2	0
ARHGDIG	0	0	0
PDIA2	0	0	0
AXIN1	1596	4	1592
MRPL28	2789	0	2789
PGAP6	1159	4	1155
LOC100134368	17	0	17
NME4	3301	20	3281
DECR2	0	0	0
RAB11FIP3	28	0	28
LOC107987417	3	3	0
LINC00235	0	0	0
CAPN15	3692	4	3688
MIR5587	3	0	3
MIR3176	0	0	0
PRR35	0	0	0
NHLRC4	6	0	6
PIGQ	2347	0	2347
RAB40C	2393	56	2337
LOC124903618	35	35	0
WFIKKN1	365	0	365
METTL26	2444	4	2440
TRG-CCC2-2	1	0	1
LOC100287175	28	0	28
MCRIP2	2076	9	2108
LOC105371038	2	39	10
WDR90	2773	6	2772
RHOT2	2864	2	2862
RHBDL1	87	0	87
STUB1-DT	6	1	5
STUB1	1269	1285	3227
JMJD8	679	1961	1960
WDR24	1117	47	1070
FBXL16	1223	2	1221
METRN	1982	13	1969
ANTKMT	554	1	560
CCDC78	195	12	191
HAGHL	610	36	579
CIAO3	902	36	870
MSLN	6448	4	6444
MIR662	15	1	14
RPUSD1	1335	1	1334
CHTF18	1261	2	1267
GNG13	7	15	0
LMF1	229	1	274
LOC124903619	1	0	1
LOC107984876	0	0	0
LMF1-AS1	2	48	0
LOC124903620	0	0	0
CEROX1	0	0	0
SOX8	0	0	0
SSTR5-AS1	10	1	14
SSTR5	66	28	42
C1QTNF8	12	3	9
LOC107984906	0	0	0
LOC105371042	0	0	0
CACNA1H	61	0	62
LOC124903622	2	0	2
LOC124903623	0	1	0
TPSG1	3	0	5
LOC124903621	0	2	0
TPSB2	0	0	0
TPSAB1	0	0	0
TPSD1	0	0	0
UBE2I-AS1	0	0	0
UBE2I	1878	2	1877
BAIAP3	45	285	45
TSR3	1491	0	1776
GNPTG	1287	189	1369
UNKL	493	86	678
UNKL-AS1	0	0	0
UQCC4	498	0	498
LOC105371044	7	0	7
PERCC1	0	2	0
CCDC154	34	0	36
CLCN7	3970	0	3970
PTX4	2	0	2
TELO2	1954	2	1959
IFT140	1012	14	1008
TMEM204	5	6	0
LOC105371046	0	2	0
CRAMP1	712	1	711
JPT2	3301	2	3299
MAPK8IP3	1719	11	1712
MAPK8IP3-AS1	0	0	0
MIR3177	0	0	0
NME3	657	0	661
MRPS34	1380	4	3872
EME2	282	3372	355
SPSB3	5	83	871
NUBP2	1756	0	1756
IGFALS	8	3	5
HAGH	1243	37	1241
FAHD1	832	0	879
MEIOB	1	13	0
LINC00254	0	0	0
LINC02124	0	0	0
HS3ST6	0	0	0
MSRB1	0	0	0
LOC124903625	0	0	0
RPL3L	0	0	0
NDUFB10	0	0	0
RPS2	0	0	0
SNORA10	0	0	0
SNORA64	0	0	0
SNHG9	0	0	0
SNORA78	0	0	0
RNF151	0	0	0
TBL3	0	0	0
NOXO1	0	0	0
GFER	0	0	0
SYNGR3	0	0	0
ZNF598	37	0	37
LOC124903626	0	0	0
NPW	0	0	0
NHERF2	179	0	179
NTHL1	509	0	509
TSC2	2371	258	2371
PKD1	1811	36	2250
MIR1225	0	0	0
PKD1-AS1	3	219	1
MIR6511B1	0	0	0
MIR4516	0	0	0
MIR3180-5	0	0	0
RAB26	722	1	721
SNHG19	199	0	199
SNORD60	0	0	0
TRAF7	3624	4	4855
CASKIN1	21	1233	23
MLST8	1953	17	2031
BRICD5	91	81	105
PGP	2598	7	2591
E4F1	1725	15	1710
DNASE1L2	71	23	48
ECI1	4098	11	4087
ECI1-AS1	48	44	4
LOC107984839	1	80	0
RNPS1	4539	1	4617
MIR3677HG	40	25	15
MIR3677	4	0	4
MIR940	0	0	0
MIR4717	0	0	0
ABCA3	32	0	32
ABCA17P	1	0	1
CCNF	1018	11	1280
MIR6767	0	0	0
LOC105371050	4	269	9
TEDC2	376	5	375
MIR6768	0	0	0
TEDC2-AS1	10	3	10
NTN3	10	4	6
TBC1D24	365	0	365
ATP6V0C	4348	1	4347
AMDHD2	987	3	1419
CEMP1	0	433	2
MIR3178	2	2	0
PDPK1	861	42	819
LOC652276	84	0	84
FLJ42627	199	0	199
ERVK13-1	245	6	239
LOC124903627	0	0	0
KCTD5	861	0	861
PRSS27	112	0	112
SRRM2-AS1	46	16	45
SRRM2	10454	4	10465
ELOB	2128	0	2128
PRSS33	0	0	0
SNORA3C	0	0	0
PRSS41	0	0	0
PRSS21	2842	0	2842
ZG16B	0	0	0
LOC124903628	0	0	0
PRSS30P	0	0	0
PRSS22	0	0	0
LOC101929566	0	0	0
FLYWCH2	2186	4	2182
FLYWCH1	1883	7	1881
FLYWCH1-AS1	16	14	7
KREMEN2	548	49	499
PAQR4	1099	247	1453
PKMYT1	1036	366	1272
GREP1	2	0	3
CLDN9	13	0	13
CLDN6	2	0	2
TNFRSF12A	2372	1	2371
HCFC1R1	479	142	682
THOC6	417	210	568
BICDL2	0	16	0
LOC100128770	1	1	0
MMP25	4	67	0
MMP25-AS1	74	0	74
LOC124900372	56	0	69
IL32	120	2	118
ZSCAN10	3	0	3
LOC124903629	5	4	1
ZNF205-AS1	1	91	13
ZNF205	356	24	438
ZNF213-AS1	169	0	171
ZNF213	337	29	308
CASP16P	9	9	0
TRR-CCG1-3	0	0	0
TRR-CCT3-1	0	0	0
TRK-CTT3-1	18	0	18
TRP-TGG3-3	0	0	0
TRK-CTT8-1	0	0	0
TRP-CGG1-2	0	0	0
TRK-CTT2-5	0	0	0
TRK-CTT5-1	1	0	1
TRP-AGG2-7	0	0	0
TRP-TGG3-4	0	0	0
TRP-TGG3-5	0	0	0
OR1F1	15	0	15
TRP-AGG2-8	0	0	0
TRK-CTT4-1	0	0	0
TRP-AGG1-1	1	0	1
OR1F2P	0	0	0
ZNF200	653	0	653
MEFV	12	0	12
LINC00921	45	1	44
ZNF263	963	0	972
TIGD7	12	21	0
ZNF75A	83	0	83
OR2C1	0	0	0
LOC105371059	2	78	0
ZSCAN32	500	0	576
ZNF174	363	1	362
ZNF597	171	6	165
NAA60	1378	2	1619
MIR6126	0	243	0
C16orf90	0	1	0
CLUAP1	453	2	456
NLRC3	21	28	1
LOC101929732	1	0	2
LOC124903632	0	0	1
LOC105371060	21	19	6
SLX4	361	0	365
DNASE1	80	3182	223
LOC124903631	2	78	32
TRAP1	1537	81	7459
LOC124903630	223	2998	3
CREBBP	1863	2	1861
TRIDDENT	71	0	71
ADCY9	768	3	840
LOC124903633	18	93	0
LOC124900373	2	0	2
LOC105371062	19	12	7
SRL	3	1	2
LINC01569	123	0	123
TFAP4	503	0	513
LOC124903634	3	13	0
GLIS2	81	2	79
GLIS2-AS1	0	0	0
CORO7-PAM16	0	0	0
PAM16	0	0	0
CORO7	0	0	0
VASN	0	0	0
LOC124903635	0	0	0
DNAJA3	0	0	0
NMRAL1	0	0	0
HMOX2	0	0	0
LOC124903636	0	0	0
CDIP1	16	0	53
C16orf96	4	37	4
UBALD1	953	0	953
MGRN1	1291	0	1291
MIR6769A	0	0	0
NUDT16L1	289	2	287
ANKS3	596	0	602
DNAAF8	37	28	18
ZNF500	385	2	386
SEPTIN12	1	0	1
SMIM22	1	1	0
ROGDI	394	1	393
GLYR1	2916	0	2917
LOC124903638	5	0	5
UBN1	1857	168	1691
PPL	2448	4	2615
LOC124903637	1	171	0
LOC105371064	2	2	0
SEC14L5	8	0	8
NAGPA	671	0	804
NAGPA-AS1	7	133	8
C16orf89	7	10	0
ALG1	597	165	962
EEF2KMT	312	379	463
LOC107984828	0	0	0
LOC105371067	0	0	0
LINC02164	1	0	1
RBFOX1	0	0	0
LINC01570	0	0	0
MIR8065	0	0	0
LOC105371068	0	0	0
LOC124903640	0	0	0
LOC105371069	3	0	3
LOC124903641	0	0	0
LINC02152	0	0	0
LOC105371072	0	0	0
TMEM114	0	0	0
METTL22	353	0	353
ABAT	25	2	23
LOC107984840	0	0	0
TMEM186	491	0	491
PMM2	1543	16	1527
LOC100130283	18	925	21
CARHSP1	1503	44	2387
CARHSP1-DT	1	0	1
LITAFD	0	0	0
USP7	2587	1	2586
USP7-AS1	2	0	2
HAPSTR1	1833	2	1831
LOC105371075	0	0	0
LINC02177	2	0	2
LINC01177	0	0	0
LINC01195	0	0	0
LOC101927026	0	0	0
LOC132205950	0	0	0
GRIN2A	0	0	0
LOC105371077	0	0	0
LOC105371076	0	0	0
LOC107984900	0	0	0
LOC105371078	0	0	0
ATF7IP2	93	7	86
LOC107984877	116	2	114
LINC01290	4	0	4
EMP2	3404	0	3404
TEKT5	2	0	2
LOC105371079	0	0	0
NUBP1	271	9	923
TVP23A	32	690	3
CIITA	100	868	25
DEXI	0	1	792
CLEC16A	929	1	928
LOC105371081	0	0	0
LOC107984859	1	0	1
LOC105371082	41	2	40
SOCS1	23	0	23
TNP2	0	0	0
PRM3	0	0	0
PRM2	0	0	0
PRM1	0	0	0
LOC124903805	0	0	0
MIR548H2	0	0	0
LOC105371083	8	0	8
RMI2	512	0	512
LOC400499	233	174	61
LOC101927131	0	0	1
LITAF	3298	1	3297
LOC124903643	0	0	0
SNN	268	12	268
TXNDC11	1533	2	1544
TXNDC11-AS1	0	0	1
ZC3H7A	1254	0	1254
BCAR4	0	0	0
RSL1D1	7048	0	7048
GSPT1	5914	32	5882
NPIPB2	8	0	8
TNFRSF17	0	0	0
SNX29	276	0	276
LOC642696	0	0	0
LOC124900383	0	0	0
SNX29-AS2	0	0	0
LOC105371087	0	0	0
LOC124903644	0	0	0
SNX29-AS3	1	1	0
LOC105371088	1	0	1
CPPED1	301	0	301
MIR4718	0	0	0
LOC105371090	0	0	0
LOC124900378	0	0	0
SHISA9	0	0	0
LOC105371092	0	0	0
LOC105371091	0	0	0
LOC107984137	0	0	0
LOC124903645	0	0	0
LOC124903646	0	0	0
LOC105371093	0	20	0
LOC124903647	0	0	0
ERCC4	338	0	358
MRTFB	856	0	856
LINC02185	0	0	0
LINC02186	0	0	0
TRT-CGT2-1	2	0	2
MIR193BHG	214	0	214
MIR193B	1	1	0
MIR365A	0	0	0
LINC02130	0	0	0
LINC03107	0	0	0
PARN	0	0	0
LOC105371094	0	0	0
LOC107984865	0	0	0
BFAR	0	0	0
PLA2G10	0	0	0
NPIPA3	0	0	0
LOC100652777	0	0	0
NPIPA2	0	0	0
ABCC6P2	0	0	0
NOMO1	68	0	68
LOC101927469	11	0	11
MIR3179-1	0	0	0
MIR3670-1	0	0	0
MIR3180-1	0	0	0
PKD1P3-NPIPA1	185	0	231
LOC100288162	0	46	0
MIR6511A1	0	0	0
MIR6770-1	0	0	0
NPIPA1	0	0	0
PDXDC1	288	0	288
MIR1972-1	0	0	0
NTAN1	0	0	0
RRN3	6	0	6
LOC100505915	0	30	0
PKD1P6-NPIPP1	57	0	86
MIR6511B2	0	0	0
MIR3180-4	1	0	1
LOC105371096	0	0	0
LOC105371097	0	0	0
NPIPA5	13	0	13
MPV17L-BMERB1	0	0	0
MPV17L	26	0	26
BMERB1	0	0	0
LOC105371102	0	0	0
MARF1	0	0	0
MIR6506	0	0	0
LOC124903649	0	0	0
MIR484	0	0	0
NDE1	0	0	0
MYH11	0	0	0
LOC124903650	0	0	0
LOC124903651	0	0	0
CEP20	0	0	0
LOC107984869	0	0	0
ABCC1	169	0	169
ABCC6	17	0	17
LOC105371100	0	0	0
NOMO3	4	0	4
LOC105371099	0	0	0
MIR3179-2	0	0	0
MIR3670-2	0	0	0
MIR3180-2	0	0	0
LOC131696449	0	0	0
PKD1P1	0	0	0
MIR6511A2	0	0	0
MIR6770-2	0	0	0
NPIPA6	0	0	0
MIR6511A3	0	0	0
NPIPA7	0	0	0
LOC105371105	0	0	0
LOC124903652	0	0	0
LOC124903653	0	0	0
XYLT1	0	0	0
LOC102723692	0	0	0
LOC124903654	0	0	0
LOC107987234	0	0	0
LOC105371106	0	0	0
LOC107984893	0	0	0
LOC105371108	0	0	0
LOC105376751	0	0	0
PKD1P4-NPIPA8	52	0	52
NPIPA8	1	0	1
MIR6511A4	0	0	0
NPIPA9	0	0	0
PKD1P5-LOC105376752	110	0	110
MIR6770-3	0	0	0
LOC112268172	0	0	0
MIR3180-3	0	0	0
MIR3670-3	0	0	0
MIR3179-3	0	0	0
LOC102723728	0	0	0
MIR3670-4	0	0	0
LOC105379460	0	0	0
MIR3179-4	0	0	0
NOMO2	1084	0	1084
ABCC6P1	0	0	0
LOC124903655	0	0	0
RPS15A	9931	1	9930
ARL6IP1	3719	0	3719
SMG1	1995	7	2001
LOC124903799	0	0	0
SMG1-DT	0	9	4
TMC7	348	2	371
COQ7-DT	3	55	1
COQ7	281	0	309
LOC124903656	29	0	29
ITPRIPL2	2769	189	2580
LOC124903657	3	0	3
SYT17	122	0	201
LOC124903658	0	79	0
CLEC19A	0	0	0
LINC02858	0	0	0
LOC105371114	2	0	2
TMC5	187	14	242
TMC5-AS1	0	69	0
GDE1	2490	2	2488
CCP110	340	0	340
VPS35L	47	11	36
KNOP1	817	3	816
IQCK	65	1	117
IQCK-AS1	0	0	0
GPRC5B	12	51	12
LOC105371116	0	0	0
LOC105371117	0	0	0
LOC124903660	0	0	0
GPR139	0	0	0
LOC102723396	0	0	0
GP2	0	0	0
UMOD	0	0	0
PDILT	0	0	0
ACSM5	1	0	1
LOC105371119	0	0	0
ACSM2A	0	0	0
ACSM2B	0	0	0
LOC105371120	0	0	0
LOC107984831	0	0	0
ACSM1	0	0	0
ACSM3	2	104	1
THUMPD1	583	0	583
ERI2	155	1	262
REXO5	280	8	331
LOC105371121	2	56	0
DCUN1D3	212	0	222
LYRM1	265	11	264
DNAH3	2	0	2
LOC107984888	0	0	0
LDAF1	159	0	159
ZP2	0	0	0
LOC105371123	0	0	0
ANKS4B	0	0	0
CRYM	0	0	0
LOC105371125	0	0	0
ABCA15P	0	0	0
SNX29P1	3	0	3
NPIPB3	71	0	71
LOC100190986	0	0	0
SMG1P3	13	2	16
LOC124903800	0	0	0
LOC124903662	0	5	0
MIR3680-1	0	0	0
SLC7A5P2	3	0	3
LOC101927814	0	0	0
METTL9	0	0	0
IGSF6	0	0	0
LOC124903663	0	0	0
OTOA	0	0	0
LOC105371126	0	0	0
RRN3P1	0	0	0
LOC112268174	0	0	0
NPIPB4	50	0	50
LOC124903801	0	0	0
UQCRC2	15	0	16
PDZD9	0	1	0
MOSMO	1	0	2
LOC124903665	0	0	0
LOC105371129	0	1	0
VWA3A	0	0	0
SDR42E2	0	0	0
LOC124903666	0	0	0
TRL-TAG3-1	0	0	0
EEF2K	0	0	0
TRL-AAG2-4	0	0	0
POLR3E	8	0	8
LOC124903664	0	0	0
CDR2	0	0	0
CDR2-DT	0	0	0
SLC68A2P	0	0	0
RRN3P3	1	0	1
SMG1P1	0	0	0
LOC124903802	0	0	0
NPIPB5	0	0	0
LOC105371131	0	0	0
OTOAP1	0	0	0
LOC112268175	0	0	0
LINC02890	0	0	0
LOC107984851	0	0	0
HS3ST2	0	0	0
LOC112268176	0	0	0
USP31	387	0	387
SCNN1G	0	0	0
SCNN1B	0	0	0
COG7	414	19	486
LOC124903667	8	72	27
GGA2	1649	1	1648
EARS2	189	0	189
UBFD1	1371	4	1367
NDUFAB1	1402	0	1402
PALB2	494	1	494
DCTN5	1726	0	1727
PLK1	2641	4	2665
ERN2	0	28	0
CHP2	0	0	0
PRKCB	34	0	34
MIR1273H	0	0	0
LINC02194	0	0	0
CACNG3	15	0	15
LOC124900377	0	0	0
LOC105371143	0	0	0
RBBP6	1454	0	1454
TNRC6A	35	0	35
LINC01567	0	0	0
SLC5A11	0	0	0
ARHGAP17	0	0	0
LCMT1P1	9	0	9
LINC02175	1	1	0
LCMT1-AS1	13	0	13
LCMT1	401	0	401
LCMT1-AS2	1	1	0
AQP8	0	0	0
ZKSCAN2	114	3	125
ZKSCAN2-DT	40	12	42
LINC02191	0	0	0
LOC105371147	0	0	0
LOC105369297	0	0	0
HS3ST4	0	0	0
MIR548W	0	0	0
LOC105371149	0	0	0
LOC105371150	0	0	0
LOC102723536	0	0	0
LINC02195	0	0	0
LOC105371153	0	0	0
LOC105371154	0	0	0
C16orf82	0	0	0
LOC105371155	0	0	0
LINC02129	0	0	0
KDM8	66	24	42
NSMCE1	592	0	610
NSMCE1-DT	1	18	1
IL4R	2176	2	2174
IL21R	0	0	0
LOC124903668	0	0	0
IL21R-AS1	1	0	1
GTF3C1	2757	2	2755
KATNIP	487	0	501
LOC107984874	2	2	0
LOC100128079	3	17	0
LOC105371157	0	0	0
GSG1L	1	0	1
LOC124903669	0	0	0
XPO6	3159	0	3159
SBK1	1	0	1
LOC124903670	29	0	29
NPIPB6	31	0	31
EIF3CL	26	1	25
MIR6862-1	0	0	0
LOC124903790	0	0	0
NPIPB7	0	0	0
CLN3	1103	3	1103
APOBR	30	1	32
IL27	1	0	1
NUPR1	1129	2	1129
SGF29	318	16	304
SULT1A2	39	0	39
SULT1A1	489	0	561
LOC107984835	11	100	0
LOC124903674	0	0	13
NPIPB8	16	0	16
LOC124903791	0	0	0
EIF3C	447	0	447
MIR6862-2	0	0	0
LOC124903761	0	0	0
NPIPB9	8	0	8
LOC124903792	0	0	0
LOC124903672	19	4	15
ATXN2L	3122	15	3107
TUFM	5366	3	5367
MIR4721	0	0	0
SH2B1	904	17	891
ATP2A1	228	30	235
ATP2A1-AS1	2	19	16
RABEP2	233	3	235
CD19	31	9	22
NFATC2IP	1004	0	1178
NFATC2IP-AS1	41	215	0
MIR4517	1	0	1
SPNS1	1409	2	1407
LAT	53	0	53
LOC124903793	0	0	0
RRN3P2	1	0	1
LOC101928215	0	0	0
LOC124903671	0	0	0
LOC101928188	0	0	0
LOC102723708	0	0	0
LOC124903676	0	0	0
LOC105371159	4	3	1
SNX29P2	4	0	4
NPIPB11	36	0	36
SMG1P6	21	0	21
LOC124903796	0	0	0
BOLA2-SMG1P6	0	0	0
LOC606724	0	0	0
BOLA2	0	0	0
SLX1B	0	0	0
SLX1B-SULT1A4	0	0	0
SULT1A4	0	0	0
LOC388242	0	0	0
NPIPB12	19	0	19
LOC124903797	0	0	0
SMG1P2	75	0	75
LOC105371168	3	1	2
MIR3680-2	0	0	0
SPN	0	0	0
QPRT	38	0	38
C16orf54	0	0	0
LOC124903673	0	0	0
ZG16	0	0	0
LOC124903675	0	0	0
LOC105371167	0	0	0
KIF22	1850	7	1843
MAZ	3815	20	5926
MVP-DT	26	2498	12
PRRT2	5	5	0
PAGR1	688	8	1011
MVP	5870	2	5868
CDIPT	1273	3	1270
CDIPTOSP	17	0	17
SEZ6L2	1705	0	1707
ASPHD1	777	9	788
KCTD13	271	24	265
KCTD13-DT	58	0	58
TMEM219	1297	0	1297
LOC124903762	0	0	0
TAOK2	1565	0	1565
HIRIP3	558	38	531
INO80E	849	0	973
DOC2A	0	113	0
C16orf92	0	1	0
TLCD3B	4	0	5
LOC112694756	72	1	71
ALDOA	34	3	31
PPP4C	1787	4	1783
TBX6	17	0	17
YPEL3	323	2	321
YPEL3-DT	14	19	14
GDPD3	83	0	102
MAPK3	1209	2	1207
CORO1A-AS1	0	0	0
CORO1A	2	1	1
BOLA2B	1	0	1
SLX1A	0	0	0
SLX1A-SULT1A3	0	0	0
SULT1A3	0	0	0
LOC613038	6	0	6
LOC101929894	0	1	0
NPIPB13	17	0	18
LOC124903798	0	0	0
SMG1P5	31	0	31
CD2BP2	997	2	1000
CD2BP2-DT	36	1097	62
TBC1D10B	332	32	1419
MYL11	1	0	1
SEPTIN1	14	1	39
ZNF48	266	26	266
ZNF771	129	12	117
SNORA80C	1	0	1
DCTPP1	956	2	954
SEPHS2	1607	0	1607
ITGAL	0	0	0
ITGAL-AS1	0	0	0
MIR4518	0	0	0
ZNF768	872	2	870
ZNF747	240	2	239
ZNF747-DT	34	1	34
LOC124903677	0	0	0
ZNF764	254	7	247
ZNF688	143	2	141
ZNF785	207	1	206
ZNF689	487	0	487
LOC124903678	1	0	1
PRR14	472	2	470
FBRS	1326	4	1322
LOC730183	35	12	30
SRCAP	2716	5	2718
SNORA30	0	0	0
TMEM265	42	0	42
PHKG2	810	64	811
CFAP119	0	7	113
RNF40	3030	46	3024
ZNF629	707	2	707
LOC124903679	21	0	21
BCL7C	110	2	525
MIR4519	4	4	0
MIR762HG	48	263	44
MIR762	0	146	1
CTF1	13	0	13
FBXL19-AS1	258	31	285
FBXL19	1491	28	1521
ORAI3	570	0	570
SETD1A	1810	5	1805
HSD3B7	901	12	890
STX1B	179	0	180
STX4	921	5	916
ZNF668	600	5	661
ZNF646	941	147	943
PRSS53	225	2	306
VKORC1	2217	0	2217
LOC124903680	3	0	3
BCKDK	1818	0	1818
KAT8	627	0	627
PRSS8	115	1	114
PRSS36	19	2	17
FUS	8756	5	8751
PYCARD	0	3	0
PYCARD-AS1	0	0	1
TRIM72	3	0	3
PYDC1	0	0	0
ITGAM	10	0	10
ITGAX	3	0	3
ITGAD	5	3	2
COX6A2	0	0	0
ZNF843	11	0	11
ARMC5	483	120	363
TGFB1I1	0	0	0
SLC5A2	10	840	1
RUSF1	1227	1	2057
RUSF1-DT	8	0	8
AHSP	0	0	0
LINC02190	0	0	0
FRG2KP	0	0	0
YBX3P1	3	0	3
CLUHP3	99	0	99
KRABD5	142	0	142
LOC107983990	7	0	7
VN1R3	0	0	0
ZNF267	232	0	232
LOC124903681	0	0	0
LOC105371174	0	0	0
LOC102725101	0	0	0
HERC2P4	9	0	9
LOC105379466	0	0	0
TP53TG3D	0	0	0
LOC100507221	0	0	0
LOC390705	0	0	0
LOC105371191	0	0	0
FAM153DP	0	0	0
LOC107984013	0	0	0
TP53TG3	0	0	0
LOC105371177	0	0	0
SLC6A10P	2	0	2
IGHV3OR16-8	0	0	0
TP53TG3C	0	0	0
LOC124903683	0	0	0
TP53TG3E	0	0	0
LOC105369266	0	0	0
TP53TG3B	0	0	0
LOC105379473	0	0	0
TP53TG3F	0	0	0
LOC105379474	0	0	0
LOC101929031	1	0	1
LOC107984855	0	0	0
LOC107984083	0	0	0
LOC102724207	0	0	0
ENPP7P13	0	0	0
IGHV3OR16-17	0	0	0
LOC105369183	0	0	0
LINC00273	0	0	0
MIR9901	0	0	0
CCNYL1B	0	0	0
LOC124903767	0	0	0
LOC102724523	0	0	0
LINC02184	0	0	0
LOC162137	0	0	0
LOC107984902	0	0	0
CCNYL3	0	0	0
LOC105371197	0	0	0
UBE2MP1	3	0	3
LOC112268173	0	0	0
LOC105371200	0	0	0
LOC124903769	0	0	0
LOC124903768	0	0	0
LOC105371199	0	0	0
LOC105371198	0	0	0
LINC01566	0	0	0
LOC105371201	0	0	0
LOC105371203	0	0	0
FRG2DP	0	0	0
TP53TG3HP	0	0	0
LOC105371204	0	0	0
LINC02167	0	0	0
ANKRD26P1	0	0	0
SHCBP1	1105	0	1105
VPS35	2584	0	2584
ORC6	536	1	535
MYLK3	340	1	339
C16orf87	340	1	339
GPT2	708	0	708
SNORD148	0	0	0
DNAJA2	1647	4	1643
DNAJA2-DT	6	0	6
NETO2	782	0	782
LOC124903806	0	0	0
ITFG1-AS1	0	510	0
ITFG1	979	0	1734
ITFG1-AS2	1	246	0
PHKB	1246	0	1246
LOC105371236	0	0	0
LINC02192	0	0	0
LINC02133	1	0	1
LOC124903685	0	0	0
LOC105371237	0	0	0
LINC02134	0	0	0
LOC124903686	0	0	0
ABCC12	0	0	0
ABCC11	5	81	4
LONP2	1269	298	1384
SIAH1	69	49	353
LOC124903786	0	0	0
N4BP1	1160	0	1160
LOC124903687	0	0	0
LOC105371240	1	0	1
LOC124903794	0	0	0
LOC105371241	0	0	0
LOC102724847	0	0	0
CBLN1	0	0	0
SYNAGE	0	0	0
LOC105371243	0	0	0
LOC124903689	0	0	0
LOC105371244	0	0	0
C16orf78	0	0	0
LINC02179	0	0	0
ZNF423	0	0	0
ADAM3B	0	0	0
CNEP1R1	144	0	144
HEATR3-AS1	0	39	0
HEATR3	428	0	467
TENT4B	210	2	208
ADCY7	186	89	255
MIR6771	0	0	0
BRD7	1343	111	1390
LOC124903785	0	0	0
LINC02178	2	0	2
LOC124903770	0	0	0
LOC124903772	0	0	0
LOC124903771	0	0	0
NKD1	0	0	0
NKD1-AS1	0	0	0
SNX20	0	0	0
LOC101927272	0	0	0
NOD2	0	3	0
CYLD-AS1	5	0	8
CYLD	677	0	677
MIR3181	0	0	0
CYLD-AS2	0	0	0
LINC02168	0	0	0
LINC02128	0	0	0
LOC124903775	0	0	0
LINC02127	0	0	0
LOC107984903	0	0	0
LOC107984887	0	0	0
LOC105371253	0	0	0
SALL1	0	0	0
LOC107984886	0	0	0
LOC105371256	0	0	0
LOC102723323	0	0	0
LOC107984892	0	0	0
HNRNPA1L3	62	0	62
LOC105371257	0	0	0
LINC01571	0	0	0
LOC124903765	0	0	0
LOC105371259	0	0	0
LINC02911	0	0	0
LINC00919	0	0	0
LINC02180	0	0	0
LOC105371261	0	0	0
CASC22	0	0	0
LOC107983961	0	0	0
LOC107984901	0	0	0
LOC105371262	0	0	0
TOX3	0	0	0
CASC16	0	0	0
LOC105371265	0	0	0
LINC03064	0	0	0
CHD9NB	17	0	17
CHD9	802	0	802
LOC124903784	0	0	0
MPHOSPH10P1	0	0	0
LOC102723373	0	0	0
RBL2	1044	2	1178
AKTIP	84	135	85
LOC124903690	0	0	0
LOC105371268	0	0	0
LOC105371269	0	0	0
RPGRIP1L	196	0	196
FTO	853	0	853
LOC124903691	0	0	0
FTO-IT1	1	0	1
LOC105371271	14	1	13
LINC02169	0	0	0
IRX3	2066	8	2058
LINC02140	0	0	0
LOC105371272	0	0	0
LINC02183	0	0	0
LOC105371274	0	0	0
LOC101927480	0	0	0
LOC105371275	5	0	6
LOC105371276	0	1	0
CRNDE	254	1	253
IRX5	404	3	401
LOC124903692	0	0	0
LOC105371277	0	0	0
LOC105371278	0	0	0
IRX6	0	0	0
LOC105371279	0	0	0
MMP2-AS1	0	0	0
MMP2	7	0	7
LPCAT2	307	0	307
CAPNS2	1	0	1
LOC124903693	0	0	0
SLC6A2	0	0	0
LOC105371280	0	0	0
CES1P2	4	0	4
CES1P1	0	0	0
CES1	3	0	3
CES5A	0	0	0
LOC124903694	0	0	0
LOC107984815	0	0	0
LOC105371281	0	0	0
GNAO1-DT	1	0	1
LOC102725116	0	0	0
GNAO1	246	0	246
GNAO1-AS1	0	0	0
MIR3935	0	0	0
AMFR	1220	0	1220
NUDT21	1374	0	1374
OGFOD1	961	5	1224
BBS2	576	268	576
LOC105371283	0	0	0
MT4	0	0	0
LOC124903782	0	0	0
MT3	0	0	0
LOC124903695	0	1	0
MT2A	344	0	345
MT1L	0	0	0
MT1E	0	0	0
MT1M	0	0	0
MT1JP	0	0	0
MT1A	0	0	0
MT1DP	1	0	1
MT1B	0	0	0
MT1F	3	0	3
LOC101927536	0	0	0
MT1G	0	0	0
MT1H	0	0	0
MT1IP	0	0	0
MT1X	71	2	69
NUP93-DT	0	0	0
LOC105371287	0	0	0
NUP93	2025	1	2024
MIR138-2	0	0	0
SLC12A3	3298	2	3296
MIR6863	1	0	1
HERPUD1	1545	2	1543
CETP	18	18	0
LOC124903696	25	5	23
NLRC5	2433	2	2434
CPNE2	561	13	548
PSME3IP1	2084	0	2084
RSPRY1	501	0	501
ARL2BP	538	3	731
LOC124903697	9	196	9
PLLP	534	0	534
TRL-CAG2-1	0	0	0
TRL-CAG2-2	0	0	0
CCL22	59	0	59
CX3CL1	5	0	5
CCL17	3	3	0
CIAPIN1	1715	2	1715
COQ9	1487	0	1489
POLR2C	1553	2	1556
DOK4	701	5	701
CCDC102A	330	0	415
ADGRG5	3	85	4
LOC105371291	0	1	0
LOC107984889	0	0	0
ADGRG1	1578	9	1569
ADGRG3	107	0	107
DRC7	4	0	4
LOC107984852	3	0	3
KATNB1	602	1	601
KIFC3	4166	6	4160
MIR6772	1	0	1
LOC388282	3	1	2
CNGB1	28	0	28
SPMIP8	0	0	0
ZNF319	307	0	317
USB1	1374	11	1373
MMP15	5087	4	5083
CFAP20	332	0	595
LOC101927556	0	505	0
CSNK2A2	1146	1	1387
LOC105371293	0	0	0
CFAP263	253	0	325
PRSS54	1	73	0
GINS3	409	53	356
LINC02137	0	0	0
NDRG4	29	29	0
SETD6	499	1458	543
CNOT1	4153	63	5592
SNORA46	1	0	1
SNORA50A	0	0	0
SLC38A7	1524	0	1524
GOT2	4286	1	4285
LOC107984867	1	0	1
LOC105371296	0	0	0
LOC107984824	0	0	0
LOC105371298	0	0	0
APOOP5	0	0	0
LINC02141	0	0	0
LOC105371300	0	0	0
LOC105371299	0	0	0
LOC101927605	0	0	0
LOC107984812	0	0	0
LOC105371301	0	0	0
LOC105371302	0	0	0
CDH8	19	0	19
CDH8-AS1	0	0	0
LOC124903777	0	0	0
LOC124903778	0	0	0
LOC124903803	0	0	0
LOC105371306	0	0	0
LOC102723560	0	0	0
LOC105371307	0	0	0
LOC105371308	0	0	0
LINC02165	0	0	0
LOC105371309	0	0	0
LOC105371310	0	0	0
LOC105371311	0	0	0
LOC107984894	0	0	0
LOC107984822	0	0	0
LOC124903779	0	0	0
LOC105371313	0	0	0
CDH11	0	0	0
LINC02126	0	0	0
LOC124903780	1	0	1
LINC00922	0	0	0
LOC107984823	0	0	0
LOC105371316	0	0	0
LOC105371317	0	0	0
LOC105371318	0	0	0
CDH5	2	0	2
LINC00920	12	0	12
BEAN1	4	8	3
LOC124903698	17	1	21
BEAN1-AS1	0	0	0
TK2	566	1	565
CKLF	5	17	1
CKLF-CMTM1	0	0	0
CMTM1	7	1	6
CMTM2	3	6	0
CMTM4	419	1	435
CMTM3	0	0	0
DYNC1LI2	1465	1	1464
DYNC1LI2-DT	5	0	5
TERB1	2	0	2
NAE1	1626	1	1625
LOC124903699	1	0	4
CA7	0	3	0
PDP2	389	0	389
LOC124903700	1	0	1
LOC107984821	1	1	0
CDH16	3	0	3
RRAD	28	0	28
CIAO2B	658	3	659
CES2	1561	2	1563
LOC107984881	0	0	0
CES3	167	0	167
CES4A	1	0	1
CBFB	956	3	953
PHAF1	371	20	421
B3GNT9	90	53	107
TRADD	504	3	505
FBXL8	234	5	233
HSF4	309	1	308
NOL3	1190	5	1203
MATCAP1	437	14	441
EXOC3L1	38	21	17
E2F4	1126	1	1125
ELMO3	92	0	92
MIR328	0	0	0
FBXL9P	17	0	17
TMEM208	760	0	760
FHOD1	1069	5	1064
SLC9A5	26	12	26
LOC124903701	65	13	89
PLEKHG4	435	30	430
KCTD19	3	1	2
LRRC36	0	0	0
TPPP3	0	0	0
ZDHHC1	2	0	2
LOC124903702	0	0	0
HSD11B2	57	3	54
ATP6V0D1	1097	1	1096
ATP6V0D1-DT	33	0	33
AGRP	0	0	0
LOC100505942	33	0	88
RIPOR1	1915	68	1902
LOC124903703	3	1	2
CTCF-DT	4	0	4
CTCF	1041	0	1041
CARMIL2	10	2	10
ACD	600	0	602
PARD6A	28	0	28
ENKD1	249	1	250
C16orf86	8	7	4
GFOD2	289	0	290
RANBP10	677	1	676
TSNAXIP1	7	0	7
CENPT	743	82	744
THAP11	836	1	835
NUTF2	1908	2	1989
EDC4	2042	0	2042
NRN1L	1	0	1
PSKH1	992	0	1004
CTRL	41	16	37
PSMB10	627	8	619
LCAT	210	20	190
SLC12A4	1807	11	1796
DPEP3	0	0	0
DPEP2	7	2	5
DPEP2NB	0	0	0
DDX28	712	0	712
DUS2	613	0	613
NFATC3	887	210	748
LOC124900379	0	0	0
ESRP2	1098	26	1143
MIR6773	0	0	0
PLA2G15	648	0	648
LOC124903704	2	13	0
SLC7A6	595	368	2020
SLC7A6OS	150	1424	508
PRMT7	2549	4	2670
LOC124903789	0	0	0
SMPD3	2	124	3
LOC124903705	0	0	0
LOC105371321	0	0	0
ZFP90	112	0	112
LOC124903808	0	0	0
CDH3-AS1	0	4	0
CDH3	11	0	15
CDH1	14	0	14
TANGO6	394	0	394
HAS3	106	928	102
DERPC	0	0	0
CHTF8	0	0	0
UTP4	619	0	619
SNTB2	989	0	989
VPS4A	1768	250	1583
COG8	603	15	638
PDF	114	1	113
NIP7	564	0	564
TMED6	16	9	7
TERF2	676	0	676
CYB5B	3488	0	3488
LOC105371325	0	0	0
MIR1538	0	0	0
NFAT5	846	5	841
SNORD13H	0	0	0
NQO1	1102	2	1269
NQO1-AS1	0	168	0
NQO1-DT	21	1010	31
NOB1	947	14	1952
WWP2	888	0	888
MIR140	0	0	0
CLEC18A	8	0	8
PDXDC2P-NPIPB14P	292	0	292
MIR1972-2	0	0	0
LOC124903706	0	0	0
PDPR	1020	2	1060
LOC400541	0	42	0
CLEC18C	1	0	1
LOC105371328	2	0	2
SMG1P7	77	0	77
LOC124903795	0	0	0
EXOSC6	602	0	602
AARS1	6635	4	6631
DDX19B	261	17	425
DDX19A-DT	8	168	24
DDX19A	1131	2	1129
ST3GAL2	824	6	818
LOC124903707	0	0	0
LOC124903708	0	5	0
FCSK	734	17	722
COG4	2206	1	2205
SF3B3	6590	0	6590
SNORD111B	0	0	0
SNORD111	0	0	0
IL34	4	0	4
MTSS2	2076	1	2075
VAC14	1313	4	1443
VAC14-AS1	6	139	1
TRG-GCC3-1	0	0	0
TRG-GCC2-4	0	0	0
TRG-GCC2-5	0	0	0
HYDIN	0	0	0
CMTR2	27	0	27
LOC102723786	0	0	0
LOC102725168	0	0	0
CALB2	0	0	0
LOC105371332	0	0	0
LINC02136	0	0	0
TRM-CAT2-1	0	0	0
TLE7	0	0	0
ZNF23	270	0	270
LOC124903709	12	6	6
ZNF19	39	0	39
LOC105371335	0	0	0
CHST4	7	0	7
LOC124903710	0	0	0
TAT-AS1	0	0	0
TAT	0	0	0
LOC105371334	0	0	0
MARVELD3	8	27	0
LOC124903711	0	0	14
PHLPP2	486	2	488
LOC124903712	0	0	0
SNORA70D	0	0	0
AP1G1	1645	0	1663
SNORD71	0	0	0
LOC124903713	0	0	0
LOC124903714	0	18	0
ATXN1L	1120	1	1121
ZNF821	129	10	126
IST1	2326	4	2347
PKD1L3	2	22	0
DHODH	304	27	277
HP	0	0	0
HPR	0	0	0
TXNL4B	283	4	283
DHX38	1708	17	1695
PMFBP1	52	0	52
LOC105371341	0	0	0
LOC124903720	0	0	0
LINC01572	17	0	23
LOC124903718	2	8	0
ZFHX3-AS1	8	33	19
ZFHX3	759	45	762
LOC124903715	0	0	0
LOC124903719	1	1	0
HCCAT5	1	2	3
ZFHX3-AS3	34	0	34
LOHAN2	5	0	5
TRK-TTT1-1	0	0	0
LOC124903717	0	0	0
LOC102723876	0	0	0
LOC105371342	0	0	0
LOC124903721	1	1	0
LOC107984856	0	0	0
LOC124903722	0	0	0
PSMD7-DT	0	0	0
PSMD7	2688	39	2650
PCHILR	9	9	0
PDPR2P	94	2	93
NPIPB15	96	0	96
LOC105376772	0	0	0
CLEC18B	5	0	5
LOC107984827	0	0	0
GLG1	3756	0	3756
RFWD3	1992	0	1992
MLKL	1005	0	1005
FA2H	463	0	463
LOC105371343	0	0	0
WDR59	856	0	856
ZNRF1	626	24	602
LDHD	146	0	146
ZFP1	42	0	42
CTRB2	0	0	0
CTRB1	0	0	0
LOC100506281	0	0	0
BCAR1	531	4	531
LOC105371344	6	10	0
CFDP1	597	0	597
LOC124900382	0	0	0
LOC124903723	7	0	7
TMEM170A	283	0	283
CHST6	5	0	5
CHST5	8	0	8
TMEM231	235	4	231
GABARAPL2	1154	1	1153
ADAT1	454	0	454
KARS1	3713	0	3717
TERF2IP	830	9	826
CPHXL2	1	2	0
DUXB	1	1	0
CPHXL	0	0	0
LOC105371348	0	0	0
LOC105371347	0	0	0
LOC105371349	0	0	0
CNTNAP4	292	0	292
LINC02125	0	0	0
LOC105376774	0	0	0
MIR4719	0	0	0
LOC124903724	0	0	0
LOC124903725	0	0	0
MON1B	702	1	701
SYCE1L	3	0	4
LOC124903726	0	1	0
ADAMTS18	0	0	0
LOC124903727	0	0	0
LOC105376775	0	0	0
LINC02131	0	0	0
NUDT7	30	0	30
LOC107984878	0	0	0
VAT1L	0	0	0
LOC105371351	0	0	0
CLEC3A	0	0	0
LOC107984897	0	0	0
WWOX	51	0	72
WWOX-AS1	0	0	0
LOC124903728	0	0	0
WWOX-AS2	0	0	0
LOC105371354	0	0	0
LOC112268165	0	0	0
LOC107984806	0	0	0
MAF	0	21	0
LOC124903729	0	0	0
LOC101928230	0	0	0
LOC105371356	0	0	0
MAFTRR	0	0	0
LINC01229	0	0	0
LINC01228	0	0	0
LOC105371357	0	0	0
LOC105371358	0	0	0
DYNLRB2-AS1	1	0	1
DYNLRB2	9	1	8
LINC01227	2	0	2
CDYL2	2015	1	2014
ARLNC1	268	0	268
CMC2	0	0	0
CENPN	0	0	0
CENPN-AS1	0	0	0
ATMIN	0	0	0
C16orf46	0	0	0
C16orf46-AS1	0	0	0
GCSH	0	0	0
PKD1L2	0	0	0
BCO1	0	0	0
GAN	371	0	371
MIR4720	0	0	0
CMIP	903	0	903
MIR7854	0	0	0
MIR6504	0	0	0
LOC105371362	0	0	0
LOC100129617	2	0	2
PLCG2	738	0	738
LOC105369213	1	0	1
LOC124903731	0	0	0
SDR42E1	0	0	0
LOC112268169	0	0	0
HSD17B2	0	0	0
HSD17B2-AS1	0	0	0
MPHOSPH6	243	0	243
LOC101928392	0	0	0
CDH13	0	0	0
MIR8058	0	0	0
LOC101928446	0	0	0
LOC124903733	0	0	0
LOC101928417	0	0	0
CDH13-AS1	0	0	0
MIR3182	0	0	0
LOC124900603	0	0	0
CEDORA	0	0	0
CDH13-AS2	0	0	0
HSBP1	1587	0	1587
MLYCD	212	0	218
LOC105371372	3	9	0
OSGIN1	45	0	45
NECAB2	1	0	1
SLC38A8	2	0	2
MBTPS1	2811	0	2811
MBTPS1-DT	32	0	32
HSDL1	529	2	527
DNAAF1	2	9	3
TAF1C	1163	3	1170
ADAD2	0	0	0
ADAD2-AS1	1	1	0
KCNG4	0	0	0
LOC124903734	1	0	1
WFDC1	424	0	424
ATP2C2	12	26	4
ATP2C2-AS1	19	2	34
MEAK7	403	0	403
LOC124903736	4	0	4
LOC124903735	4	0	4
COTL1	3789	1	3788
LOC105371376	2	0	2
KLHL36	366	2	364
USP10	2040	0	2040
LOC124903737	6	1	5
LOC105371378	1	0	1
CRISPLD2	28	0	28
LINC02176	0	0	0
ZDHHC7	1675	0	1675
KIAA0513	300	0	300
CIBAR2	0	0	0
LOC105371381	0	0	0
LINC02139	0	0	0
LOC105371382	0	0	0
GSE1	2667	49	2622
MIR12128	0	0	0
LINC00311	0	0	0
MIR5093	0	0	0
LOC101928502	0	0	0
LOC107984830	4	0	4
LOC124903738	2	2	0
LOC124903739	0	0	0
GSE1-AS1	3	3	0
GINS2	632	0	636
LOC124903740	0	0	0
C16orf74	249	0	249
MIR1910	2	0	2
EMC8	733	5	730
LOC101928557	0	1	0
COX4I1	6399	4	6396
IRF8	0	0	0
MIR6774	0	0	0
LINC02132	0	0	0
LOC105371388	0	0	0
LOC124903741	0	0	0
LOC105371389	0	0	0
LOC105376778	0	0	0
LOC124903742	0	0	0
LOC124903743	0	0	0
LINC01082	0	0	0
LOC124903744	1	0	1
LINC01081	0	0	0
LINC02135	0	0	0
LOC124903745	0	0	0
LINC00917	6	1	5
FENDRR	2	1	1
FOXF1	0	0	0
MTHFSD	513	1	512
FLJ30679	0	0	0
FOXC2-AS1	4	84	11
FOXC2	275	10	356
FOXL1	52	0	52
LINC02189	0	0	0
LINC02188	0	0	0
LOC105371392	0	0	0
LOC107984819	1	0	1
LOC124903746	1	0	1
LINC02181	0	0	0
LOC105371394	0	0	0
LOC101928708	0	0	0
LOC101928682	2	0	2
C16orf95	100	1	100
LOC124903787	0	0	0
C16orf95-DT	12	0	13
FBXO31	809	5	807
LOC124903747	0	1	5
TRM-CAT6-1	0	0	0
MAP1LC3B	2083	1	2082
ZCCHC14	732	8	724
ZCCHC14-DT	19	0	19
LOC124903748	0	0	0
LOC124903749	3	0	3
LOC124903750	0	0	0
JPH3	11	20	0
LOC100129215	15	0	15
KLHDC4	1272	4	1286
LOC124903752	51	0	51
LOC124903751	143	9	134
LOC105371399	20	16	21
LOC102724467	55	7	56
SLC7A5	81448	268	91144
MIR6775	11	2	9
SLC7A5-AS1	91	9880	191
MIR11401	1	1	0
CA5A	2	0	2
BANP	1352	0	1352
LOC124903754	0	0	0
LOC400553	0	0	0
ZNF469	0	0	0
LOC105371401	0	0	0
LINC02182	0	0	0
LOC124900374	0	0	0
LOC107984862	0	0	0
LOC112268182	0	0	0
ZFPM1	321	26	300
MIR5189	0	0	0
LOC107984890	30	1	29
ZFPM1-AS1	11	0	16
ZC3H18-DT	0	0	0
ZC3H18	2215	27	2188
LOC124903755	0	0	0
IL17C	2	0	2
CYBA	5919	21	5898
MVD	1100	0	1100
SNAI3-AS1	80	0	81
SNAI3	14	7	8
RNF166	533	1	532
CTU2	334	55	325
PIEZO1	15553	20	16279
MIR4722	0	0	0
HSALR1	3	703	0
PIEZO1-AS1	0	0	0
CDT1	2422	3	2419
APRT	2957	11	2946
GALNS	1675	36	1642
LOC107983950	2	1	3
TRAPPC2L	1543	6	1542
PABPN1L	1	0	1
CBFA2T3	420	5	484
LOC101927793	5	71	3
LOC102724632	3	3	0
LOC105371409	90	12	78
LOC107984871	7	0	9
LOC100129697	6	3	5
LOC124903756	0	0	0
LOC105371411	1	1	0
LOC105371412	0	0	0
ACSF3	1572	3	1569
LINC00304	13	0	13
LINC02138	2	0	2
CDH15	9	0	9
SLC22A31	4	0	4
ZNF778-DT	88	0	88
ZNF778	612	0	612
LOC124903766	6	0	8
ANKRD11	4138	12	4194
LOC124903757	345	381	25
LOC105371414	0	0	0
LOC128462377	0	0	0
LOC100287036	4	0	4
LOC101927817	0	15	0
LOC101930112	31	1	30
LOC101927863	15	3	12
SPG7	2427	0	2427
RPL13	23597	14	23583
SNORD68	1	0	1
CPNE7	364	3	361
DPEP1	0	0	0
LOC124903758	3	24	0
CHMP1A	2324	0	2345
SPATA33	199	0	199
LINC02166	8	100	8
CDK10	1020	8	1112
SPATA2L	189	3	186
VPS9D1	289	303	432
VPS9D1-AS1	166	184	401
ZNF276	528	913	1039
FANCA	1972	525	2844
SPIRE2	1203	5	1455
LOC124903760	3	2	1
LOC112268179	10	257	10
TCF25	2393	1	2392
LOC124903759	205	6	199
MC1R	429	20	409
TUBB3	909	2	907
DEF8	1126	15	1111
SNORA119	6	0	6
CENPBD1P	221	0	233
AFG3L1P	319	15	316
DBNDD1	295	10	309
DRC4	259	30	672
GAS8-AS1	15	16	0
URAHP	13	417	14
PRDM7	0	0	0
LOC105376786	0	0	0
FAM157C	4	2	2
LOC105376781	7	0	7
LOC101927999	176	10	166
LINC02193	1	0	1
LOC107987240	0	0	0
LOC102723655	0	0	0
LOC124905329	0	0	0
LOC105379545	0	0	0
LOC107987382	0	0	0
LOC105379535	0	0	0
LOC105379533	0	0	0
LOC102723713	0	0	0
LOC105379537	0	0	0
LOC112268315	0	0	0
LOC102723753	25	0	25
LOC107987384	0	0	0
SLC6A10PB	1	0	1
LOC105379539	0	0	0
LOC105379540	0	0	0
LOC112268316	0	0	0
LOC102724014	0	0	0
LOC102723841	0	0	0
LOC105379544	0	0	0
LOC102723869	0	0	0
LOC102724052	0	0	0
LOC105379547	0	0	0
LOC107987386	0	0	0
LOC124907782	0	0	0
LOC102723890	0	0	0
LINC02887	2	0	2
LOC124904108	0	0	0
LOC101929823	0	0	0
LOC101929828	0	0	0
SCGB1C2	0	0	0
DOC2B	0	0	0
LINC02091	0	0	0
LOC124903889	1	0	1
RPH3AL	0	0	0
RPH3AL-AS1	0	0	0
LOC105371425	0	0	0
LOC105371430	0	0	0
LIAT1	0	0	0
RFLNB	0	0	0
VPS53	0	0	0
VPS53-AS1	0	0	0
LOC124903891	0	0	0
LOC124903893	0	0	0
TLCD3A	1178	67	1113
GEMIN4	1785	16	1778
DBIL5P	2	0	9
GLOD4	893	0	894
MRM3	740	6	735
NXN	1013	8	1005
LOC124903894	0	0	0
LOC101927727	0	0	0
TIMM22	0	0	0
ABR	4	0	4
LOC105371481	0	0	0
MIR3183	0	0	0
LOC124903895	0	0	0
LOC105371480	1	0	1
ABR-AS1	0	0	0
BHLHA9	0	0	0
TRARG1	0	0	0
YWHAE	0	0	0
CRK	107	0	107
CRK-AS1	0	0	0
MYO1C	6583	0	6583
LOC105371483	2	16	2
INPP5K	570	3	583
PITPNA-AS1	1	6	81
PITPNA	1768	84	1770
SLC43A2	27	0	27
LOC124904121	0	0	0
SCARF1	0	0	0
RILP	0	0	0
PRPF8	1	0	1
TLCD2	2	0	2
MIR22HG	0	0	0
MIR22	0	0	0
WDR81	307	0	307
SERPINF2	1	0	1
SERPINF1	56	52	4
SMYD4	434	0	434
RPA1	3714	0	3714
RTN4RL1	162	0	162
LOC105371486	0	0	0
RTN4RL1-AS1	0	0	0
DPH1	504	1	503
OVCA2	22	0	22
LOC124903896	1	0	1
MIR132	0	0	0
MIR212	0	0	0
HIC1	51	277	38
SMG6	376	1	642
LOC107984988	1	1	0
SMG6-AS1	0	0	0
LOC101927839	0	0	0
SRR	209	1795	286
TSR1	2321	152	4038
SNORD91B	1	0	1
SNORD91A	0	0	0
SGSM2	1724	37	1850
LOC101927864	2	164	1
MNT	949	2	947
LOC284009	5	0	5
METTL16	777	0	777
PAFAH1B1	2346	0	2346
LOC124904127	0	0	0
LOC105371490	2	0	2
CLUH	4700	1	4706
MIR6776	1	0	1
LOC105371592	95	7	95
CCDC92B	33	7	26
MIR1253	0	0	0
RAP1GAP2	1807	0	1862
RAP1GAP2-AS1	1	56	0
OR1D5	0	0	0
OR1D2	0	0	0
OR1G1	0	0	0
LOC100288728	2	2	0
OR1A2	0	0	0
OR1A1	0	0	0
OR1D4	0	0	0
OR3A2	0	0	0
OR3A1	0	0	0
OR3A4P	0	0	0
OR1R1	0	0	0
OR1E1	0	0	0
OR3A3	0	0	0
OR1E2	0	0	0
SPATA22	0	0	0
ASPA	0	0	0
TRPV3	0	0	0
TRPV1	354	0	354
SHPK	290	0	294
CTNS	407	175	341
LOC105371493	69	29	80
P2RX5-TAX1BP3	35	1270	18
TAX1BP3	6	5	2
EMC6	6	9	1253
P2RX5	229	0	229
ITGAE	36	14	22
HASPIN	312	3	309
NCBP3	759	1	758
LOC124903897	0	0	0
CAMKK1	472	1	471
P2RX1	1	0	1
ATP2A3	139	0	139
LINC01975	0	0	0
ZZEF1	1719	0	1719
LOC124904128	0	0	0
CYB5D2	349	7	436
LOC124903898	4	97	1
ANKFY1	1970	4	1966
UBE2G1	1724	0	1724
SPNS3	0	0	0
LOC124903899	0	0	0
SPNS2-AS1	0	0	0
SPNS2	29	80	0
MYBBP1A	3389	5	3435
GGT6	0	0	0
SMTNL2	0	0	0
LINC01996	0	0	0
LOC105371498	0	0	0
ALOX15	3	0	3
LOC105371499	1	1	0
PELP1	3282	6	3277
PELP1-DT	11	1	11
ARRB2	444	3	441
MED11	468	0	498
CXCL16	37	31	36
ZMYND15	4	0	4
TM4SF5	0	0	0
VMO1	7	0	10
GLTPD2	50	49	4
PSMB6	1791	0	1791
C17orf114	1	0	1
PLD2	668	0	668
MINK1	3721	1	3954
CHRNE	2	252	2
C17orf107	2	0	20
GP1BA	33	29	4
SLC25A11	1705	0	1712
RNF167	2799	11	2795
PFN1	12944	10	12968
ENO3	616	89	561
SPAG7	983	2	981
LOC124900387	29	1	28
CAMTA2	680	26	754
MIR6864	0	0	0
MIR6865	0	0	0
LOC124903901	0	88	13
CAMTA2-AS1	5	5	39
INCA1	12	42	7
KIF1C	3953	2	4506
KIF1C-AS1	1	556	0
LOC105371501	4	1	3
SLC52A1	0	0	0
ZFP3-DT	0	0	0
ZFP3	1	1	0
ZNF232	312	81	312
ZNF232-AS1	31	0	112
USP6	1	32	0
ZNF594	183	0	214
ZNF594-DT	4	0	18
SCIMP	0	14	0
RABEP1	1340	250	1637
LOC105371505	5	99	2
NUP88	1873	206	2117
RPAIN	478	42	494
C1QBP	5584	18	5624
DHX33	1061	0	1061
DHX33-DT	0	0	0
DERL2	976	32	984
MIS12	643	8	675
LOC728392	0	0	0
LOC124900388	0	0	0
NLRP1	27	0	29
LOC101928044	0	0	0
LOC124903902	0	2	0
LOC105371507	0	0	0
LOC124903903	0	0	0
LOC339166	0	0	0
WSCD1	0	0	0
LOC105371508	0	0	0
LOC124903904	0	0	0
LOC105371509	1	0	1
AIPL1	1	0	1
LOC107985017	4	233	2
PIMREG	242	34	471
PITPNM3	912	6	933
KIAA0753	647	0	647
LOC122526780	15	0	15
TXNDC17	740	231	825
MED31	75	90	301
C17orf100	35	0	35
MIR4520-1	0	0	0
MIR4520-2	0	0	0
ALOX15P1	3	0	3
SLC13A5	0	0	0
XAF1	112	0	114
LOC124903905	0	2	0
FBXO39	0	0	0
TEKT1	0	0	0
ALOX12P2	0	0	0
LOC124903907	45	0	45
LOC124903908	0	0	0
LOC124903906	0	0	0
ALOX12-AS1	14	0	50
ALOX12	83	118	0
RNASEK-C17orf49	1	1	1
RNASEK	9	0	9
BACC1	0	0	0
MIR497HG	3	211	5
MIR195	0	0	0
MIR497	0	0	0
BCL6B	43	0	43
SLC16A13	220	0	220
SLC16A11	5	5	0
LOC124903909	0	0	0
CLEC10A	0	0	0
ASGR2	0	0	0
LOC105371512	0	0	0
LOC124903910	0	0	0
LOC124903911	0	1	0
ASGR1	12	0	13
DLG4	490	1412	528
ACADVL	9119	59	10555
MIR324	9	54	0
DVL2	1436	0	1436
PHF23	1828	3	1825
GABARAP	951	0	951
CTDNEP1	1610	1	1609
ELP5	0	0	0
CLDN7	0	0	0
SLC2A4	0	0	0
YBX2	0	0	0
LOC124903912	0	0	0
EIF5A	0	0	0
GPS2	0	0	0
NEURL4	0	0	0
ACAP1	0	0	0
KCTD11	0	0	0
TMEM95	0	0	0
TNK1	0	0	0
TMEM256-PLSCR3	0	0	0
PLSCR3	0	0	0
TMEM256	0	0	0
NLGN2	0	0	0
SPEM1	0	0	0
SPEM2	0	0	0
SPEM3	0	0	0
TMEM102	0	0	0
FGF11	0	0	0
CHRNB1	0	0	0
ZBTB4	0	0	0
SLC35G6	0	0	0
POLR2A	483	1	482
TNFSF12-TNFSF13	0	0	0
TNFSF12	0	0	0
TNFSF13	158	13	145
SENP3	32	0	32
SENP3-EIF4A1	4	0	4
EIF4A1	0	0	0
SNORA48	8	0	8
SNORD10	18	0	18
SNORA67	6	0	6
CD68	869	32	893
MPDU1-AS1	184	448	252
MPDU1	1362	45	1782
SOX15	18	15	11
FXR2	2322	12	2310
SHBG	7	213	7
SAT2	351	1	563
ATP1B2	5	0	5
TP53	969	2	1068
WRAP53	719	122	698
EFNB3	0	0	0
DNAH2	44	4	40
RPL29P2	0	0	0
KDM6B	955	0	1302
LOC124904106	3	47	1
LOC107987244	0	302	0
TMEM88	9	0	9
NAA38	610	5	618
CYB5D1	834	47	797
CHD3	9316	12	9308
SCARNA21	3	0	3
RNF227	145	1	145
KCNAB3	23	1	22
TRAPPC1	837	0	837
CNTROB	1123	0	1123
GUCY2D	0	0	0
ALOX15B	6	0	6
ALOX12B	21	38	13
LOC107985075	8	6	32
MIR4314	0	0	0
ALOXE3	18	3	15
TRK-TTT3-5	0	0	0
TRQ-CTG1-5	0	0	0
TRL-TAG1-1	0	0	0
HES7	934	1	944
TRR-TCT2-1	0	10	0
TRG-GCC2-6	0	1	0
TRS-CGA1-1	0	0	0
TRT-AGT5-1	0	0	0
PER1	1776	2	1774
MIR6883	0	0	0
VAMP2	248	0	248
TMEM107	205	0	332
SNORD118	0	0	0
LOC105371520	18	145	0
TRW-CCA3-3	2	2	0
TRS-GCT4-3	0	0	0
MIR4521	0	0	0
TRT-AGT1-1	0	0	0
TRI-AAT5-5	0	0	0
BORCS6	489	5	484
LOC124903913	5	0	5
AURKB	961	1	960
LINC00324	20	4	17
TRW-CCA1-1	0	0	0
TRG-TCC3-1	0	1	0
TRD-GTC2-11	0	0	0
TRP-CGG1-3	0	0	0
CTC1	481	15	466
TRT-AGT1-2	0	0	0
TRS-AGA2-6	0	0	0
TRI-AAT4-1	0	0	0
PFAS	2283	0	2283
SLC25A35	343	351	388
RANGRF	0	47	347
LOC124903915	0	1	0
LOC124903914	0	0	1
ARHGEF15	0	0	0
LOC124900396	0	0	0
LOC124903916	0	0	0
ODF4	0	0	0
LOC100128288	1	1	0
KRABD2	74	0	74
RPL26	15627	1	15626
RNF222	2	2	0
NDEL1	1075	3	1079
MYH10	537	25	656
LOC107987245	44	65	42
LOC102724262	0	73	1
LOC105371525	0	0	0
LOC105371526	0	0	0
CCDC42	0	0	0
LOC105371529	0	0	0
SPDYE4	0	0	0
LOC105371530	0	0	0
LOC124903918	0	0	0
MFSD6L	0	0	0
PIK3R6	0	0	0
LOC107985071	0	0	0
LOC124903919	0	0	0
PIK3R5	0	0	0
LOC124903922	0	0	0
LOC124903920	0	0	0
LOC124903921	0	0	0
PIK3R5-DT	0	0	0
NTN1	1	1	0
LOC101928266	0	0	0
LOC124903923	4	4	0
STX8	208	1	208
CFAP52	17	17	3
LOC124903924	12	6	17
USP43	226	0	241
LOC107985011	0	15	0
DHRS7C	9	9	0
GSG1L2	1	1	1
LOC124903925	4	0	5
GLP2R	1471	0	1471
RCVRN	1	1	0
GAS7	26	1	25
LOC107985004	0	0	0
MYH13	1	1	0
MYHAS	0	0	0
MYH8	0	0	0
MYH4	0	0	0
MYH1	0	0	0
MYH2	0	0	0
MYH3	78	1	119
LOC124903927	0	41	1
SCO1	1553	0	1553
ADPRM	119	0	126
TMEM220	56	15	100
MAGOH2P	7	4	3
TMEM220-AS1	5	50	7
TMEM238L	1	1	0
PIRT	0	0	0
LOC124903926	0	0	0
LOC105371536	0	0	0
SHISA6	0	0	0
LOC124903929	0	0	0
DNAH9	0	0	0
LOC101928350	0	0	0
LOC124903928	6	0	6
ZNF18	110	0	110
MAP2K4	804	0	804
MIR744	0	0	0
LINC00670	0	0	0
LOC105371540	0	0	0
MYOCD	0	0	0
MYOCD-AS1	0	0	0
ARHGAP44-AS1	0	0	0
ARHGAP44	4	5	2
MIR1269B	0	0	0
ELAC2	3382	2	3383
LINC02093	0	0	0
LOC124904097	0	0	0
LOC105371543	0	0	0
HS3ST3A1	0	0	0
MIR548H3	0	0	0
LOC105371544	0	0	0
LOC107985014	4	0	4
LOC100506974	0	0	0
CDRT15P1	22	22	1
COX10-DT	122	0	122
COX10	510	2	508
CDRT15	2	3	0
HS3ST3B1	0	0	0
MGC12916	0	0	0
LROMI1	0	0	0
LOC107984996	0	0	0
LOC105371545	0	0	0
LINC02096	0	0	0
LOC101928475	0	0	0
CDRT7	0	0	0
CDRT8	0	0	0
LOC107984976	0	0	0
LOC105371547	0	0	0
PMP22	4135	0	4149
MIR4731	1	0	1
LOC124903931	0	14	0
LOC124903932	2	0	2
TEKT3	3	0	3
TVP23C-CDRT4	0	0	0
CDRT4	0	0	0
CDRT3	1	0	1
TVP23C	25	0	25
FBXW10B	45	1	44
TRIM16	547	0	547
ZNF286A-TBC1D26	0	0	0
ZNF286A	100	0	100
TBC1D26-AS1	0	0	0
TBC1D26	0	0	0
LOC105371559	0	0	0
CDRT15P2	0	0	0
MEIS3P1	0	0	0
LOC124903935	0	0	0
LINC02087	0	0	0
LOC105371557	0	0	0
ADORA2B	10	7	3
ZSWIM7	240	0	240
TTC19	856	11	854
NCOR1	2393	12	2390
SNORD163	0	0	0
PIGL	159	0	159
MIR1288	0	0	0
CENPV	1059	10	1049
LOC124903937	0	0	0
UBB	16606	5	16601
TRPV2	9	0	9
SNHG29	3614	0	4883
SNORD49B	0	0	0
SNORD49A	4	0	4
SNORD65	0	0	0
LRRC75A	27	1274	24
LOC124903936	0	0	0
LOC124903940	2	0	2
LOC124903941	0	0	1
LOC105371554	1	1	1
ZNF287	1	1	0
ZNF624	18	0	18
LOC124903934	0	0	0
CCDC144A	2	0	2
USP32P1	1	0	1
FAM106C	2	0	2
LOC105371552	0	0	0
KRT16P2	4	0	4
LOC105371551	0	0	0
KRT17P1	11	0	11
LOC124903939	4	0	4
TBC1D27P	0	0	0
TNFRSF13B	0	0	0
LOC284191	0	0	0
LINC02090	0	0	0
LOC124903938	0	0	0
MPRIP	3969	7	3967
PLD6	238	9	234
FLCN	572	2	570
COPS3	1819	5	1814
NT5M	97	2	95
MED9	363	0	363
RASD1	11	2	9
PEMT	639	12	627
SMCR2	0	0	0
RAI1	1988	2	1988
LOC124903943	34	34	0
RAI1-AS1	0	0	0
LOC124903942	0	0	0
SMCR5	0	0	0
SREBF1	6682	7	6677
MIR6777	0	0	0
MIR33B	0	0	0
TOM1L2	449	0	449
DRC3	10	19	3
LOC107984989	0	1	2
ATPAF2	282	1	286
GID4	178	0	178
DRG2	837	0	932
LOC105371566	0	95	0
MYO15A	4	0	4
LOC124904129	0	0	0
LOC124903944	0	0	0
LOC105371567	0	0	0
ALKBH5	2607	4	2603
LLGL1	605	0	605
FLII	0	0	0
MIEF2	0	0	0
TOP3A	0	0	0
SMCR8	0	0	0
SHMT1	0	0	0
MIR6778	0	0	0
EVPLL	0	0	0
LINC02076	0	0	0
KRT17P5	0	0	0
KRT17P2	0	0	0
LOC105371570	0	0	0
KRT16P1	0	0	0
LOC105371569	0	0	0
LGALS9C	0	0	0
USP32P2	112	0	112
FAM106A	2	0	2
CCDC144BP	24	0	24
LOC107985051	5	5	0
TBC1D28	0	0	0
LOC124903945	0	0	0
ZNF286B	18	0	18
FOXO3B	18	0	18
TRIM16L	393	0	393
FBXW10	10	0	10
TVP23B	1231	0	1231
LOC101929141	0	0	0
PRPSAP2	675	0	675
LOC124904114	0	0	0
SLC5A10	14	261	11
FAM83G	737	1	987
GRAP	5	3	9
SNORD3B-1	1	0	1
SNORD3B-2	0	0	0
LOC102724624	0	0	0
SNORD3D	0	0	0
LOC124903946	0	0	0
GRAPL	4	3	1
GRAPL-AS1	0	0	0
SNORD3A	4	0	4
SNORD3C	0	0	0
LOC388436	0	0	0
EPN2	510	18	995
EPN2-IT1	0	0	0
EPN2-AS1	0	0	0
B9D1	298	495	312
MIR1180	2	0	2
LOC105371573	5	3	3
MAPK7	673	3	674
MFAP4	8	8	1
LOC124903947	1	1	0
RNF112	48	0	48
LINC02094	0	0	0
LOC105371574	0	0	0
TRW-CCA2-1	0	0	0
SLC47A1	81	0	97
SNORA59B	0	0	0
LOC105371578	0	16	0
SLC47A1P2	1	1	0
ALDH3A2	1071	0	1071
SLC47A2	4	6	1
LOC124903948	3	1	5
ALDH3A1	64	0	64
ULK2	1	0	1
TRG-CCC3-1	0	0	0
AKAP10	848	1	847
SPECC1-DT	0	0	0
SPECC1	4298	1	4297
LOC100131943	0	0	0
CCDC144CP	9	0	9
USP32P3	312	0	312
FAM106B	3	0	3
NOS2P3	13	0	13
LGALS9B	1	0	1
KRT16P3	1	0	1
LOC100996294	0	0	0
LOC105371580	0	0	0
CDRT15L2	0	0	0
LINC02088	0	0	0
LOC100287072	0	0	0
LOC105371583	0	0	0
CCDC144NL	0	0	0
CCDC144NL-AS1	3	0	3
LOC124900389	5	87	5
LOC339260	0	0	0
USP22	4151	0	4238
LINC01563	0	0	0
DHRS7B	554	2	552
TMEM11	989	2	997
TMEM11-DT	10	16	4
NATD1	226	7	219
MAP2K3	703	0	703
KCNJ12	132	1	131
LOC124903950	0	0	0
LOC124903951	0	0	0
LOC105371589	0	0	0
LINC02693	375	0	375
LOC124903953	0	0	0
LOC101930665	0	0	0
KCNJ18	2	0	2
UBBP4	74	0	74
LINC02002	0	0	0
LOC105371597	0	0	0
FAM27E5	0	0	0
LOC105377824	0	0	0
LOC107987246	0	0	0
FLJ36000	0	0	0
LOC124903954	0	0	0
LOC124904098	0	0	0
LOC124903955	0	0	0
LOC105371703	0	0	0
LOC105371704	0	0	0
LOC124903956	0	0	0
MIR4522	0	0	1
WSB1	1733	1	1733
LINC03146	12	12	0
LOC124903959	15	11	4
LOC124903958	6	0	6
LOC105371705	0	0	0
TBC1D3P5	0	0	0
KSR1	403	0	403
LOC124903960	8	0	8
LGALS9	24	0	24
NOS2	0	0	0
LOC124903961	0	0	0
LYRM9	87	0	87
LINC01992	0	0	0
LOC124903962	0	0	0
LOC124900393	0	0	0
LOC105371709	1	0	1
NLK	354	0	364
LOC102724517	31	0	31
LOC105371711	3	1	2
LOC105371710	2	18	1
PYY2	7	1	13
LOC105371712	0	0	0
PPY2P	0	0	0
LOC101926984	17	0	17
KRT18P55	0	0	0
TMEM97	1235	95	1270
IFT20	203	44	289
TNFAIP1	2215	145	2361
POLDIP2	3626	219	4988
LOC124903963	1	1283	5
VMA12	913	4	931
MIR4723	0	0	0
SEBOX	0	20	2
VTN	3873	0	3873
SARM1	155	1036	390
SLC46A1	345	279	1337
LOC124903964	2	0	2
SLC13A2	1	0	1
FOXN1	35	0	35
UNC119	619	2	617
PIGS	1946	0	1946
ALDOC	1297	0	1297
SPAG5	3738	0	3740
SPAG5-AS1	5	1195	14
RSKR	92	8	85
BLTP2	3440	16	4624
SDF2	610	6	610
SUPT6H	4900	0	4906
PROCA1	59	1	58
RAB34	3196	23	3173
RPL23A	15290	6	15289
SNORD42B	9	0	9
SNORD4A	15	1	14
SNORD42A	2	0	2
SNORD4B	0	0	0
TLCD1	514	4	518
NEK8	158	8	153
TRAF4	3214	1	3214
FAM222B	725	2	725
LOC124903965	1	0	1
ERAL1	1691	0	1692
LOC124903966	0	0	0
MIR451A	0	0	0
MIR451B	0	0	0
MIR144	0	0	0
MIR4732	0	0	0
FLOT2	4210	2	4208
DHRS13	819	1	818
PHF12	1324	7	1331
LOC101927018	2	14	0
LOC105371716	2	0	4
SEZ6	0	0	0
PIPOX	5	0	5
MYO18A	2332	1	2331
LOC124903967	0	0	0
CRYBA1	0	0	0
NUFIP2	3763	0	3763
TAOK1	1726	1	1725
MIR4523	0	0	0
ABHD15	195	1	249
TP53I13	607	422	545
GIT1	1469	2	1774
ANKRD13B	781	12	772
CORO6	693	1	693
SSH2	902	4	956
SSH2-AS1	0	0	0
LOC124900390	2	0	2
LOC124904117	0	0	0
EFCAB5	31	57	32
NSRP1	1014	1	1013
MIR423	0	0	0
MIR3184	0	1	0
SLC6A4	6	4	2
LOC124903970	2	0	2
LOC105371720	4	4	0
BLMH	852	3	850
LOC124903971	6	0	7
LOC105371721	0	0	0
TMIGD1	0	0	0
CPD	2693	0	2693
GOSR1	1060	0	1060
TBC1D29P	2	1	1
LOC101927093	0	0	0
SMURF2P1-LRRC37BP1	362	0	362
LOC124903978	0	0	0
SH3GL1P2	6	2	4
LOC105371723	2	0	2
SUZ12P1	192	41	193
CRLF3	197	29	210
ATAD5	338	9	329
TEFM	284	36	248
ADAP2	0	0	0
RNF135	0	0	0
DPRXP4	0	0	0
LOC107984974	0	0	0
LOC646030	0	0	0
MIR4733HG	0	0	0
LOC124903974	0	0	0
MIR4733	0	0	0
NF1	6	0	6
LOC101927057	0	0	0
OMG	0	0	0
EVI2B	0	0	0
EVI2A	0	0	0
RAB11FIP4	49	0	49
LOC124903977	0	0	0
LOC105371725	0	0	0
MIR4724	0	0	0
TRT-CGT4-1	0	0	0
MIR193A	1	0	1
MIR365BHG	0	0	0
MIR4725	0	0	0
MIR365B	0	0	0
LOC124903975	0	0	0
COPRS	645	1	644
UTP6	1630	0	1630
SUZ12	1466	3	1463
LOC124903972	0	7	0
LRRC37B	114	2	119
SH3GL1P1	12	0	12
VILMIR	0	0	0
LOC102724625	0	0	0
LOC105371730	12	63	70
RHOT1	910	58	973
ARGFXP2	2	2	0
LOC124903979	1	0	1
LOC105371731	0	0	0
RHBDL3	0	0	0
LOC124903980	0	0	0
C17orf75	315	0	315
MIR632	0	0	0
ZNF207	3360	0	3360
PSMD11	2154	0	2154
CDK5R1	34	0	34
MYO1D	0	0	0
LOC124903982	0	0	0
LOC105371734	0	0	0
LOC107985012	0	0	0
LOC124903981	0	0	0
MYO1D-DT	0	0	0
H2BN1	0	0	0
TMEM98	0	0	0
SPACA3	0	0	0
ASIC2	0	0	0
ASIC2-AS2	0	0	0
LOC124903985	0	0	0
AA06	0	0	0
LOC112268206	0	0	0
ASIC2-AS1	0	0	0
LOC124903984	0	0	0
LOC124903983	0	0	0
LOC107985038	0	0	0
LOC107987247	0	0	0
LOC107985035	0	0	0
LOC107985036	0	0	0
LOC105371735	0	0	0
LINC01989	0	0	0
CCL2	3	0	3
CCL7	0	0	0
CCL11	0	0	0
CCL8	0	0	0
CCL13	0	0	0
CCL1	0	0	0
LOC124903986	0	0	0
LOC105371738	0	0	0
LOC105371739	0	0	0
TMEM132E-DT	0	0	0
TMEM132E	0	0	0
LOC105371740	0	0	0
LOC124903987	0	0	0
LOC105371742	0	0	0
CCT6B	14	0	18
ZNF830	319	1	319
LIG3	695	81	841
RFFL	31	125	32
RAD51L3-RFFL	0	0	0
LOC124904123	0	0	0
RAD51D	383	0	383
FNDC8	7	120	0
NLE1	795	0	908
UNC45B	0	0	0
SLC35G3	0	0	0
LOC105371932	57	59	46
SLFN5	1744	0	1792
SLFN11	0	0	0
LOC105371933	0	0	0
SLFN12	10	0	10
SLFN13	0	0	0
SLFN12L	0	0	0
SLFN14	0	0	0
LOC107985033	0	0	0
SNHG30	200	0	200
SNORD7	0	0	0
PEX12	171	0	171
AP2B1	5271	0	5271
RASL10B	53	0	53
GAS2L2	5	0	5
MMP28	23	0	23
C17orf50	2	2	0
TAF15	0	0	0
HEATR9	0	0	0
LOC105371745	0	0	0
CCL5	1	0	1
LRRC37A8P	0	0	0
RDM1	0	0	0
LYZL6	0	0	0
CCL16	0	0	0
CCL14	0	0	0
CCL15-CCL14	0	0	0
CCL15	0	0	0
LOC107985068	0	0	0
CCL23	0	0	0
LOC105371746	0	0	0
CCL18	0	0	0
CCL3-AS1	0	0	0
CCL3	0	0	0
CCL4	0	0	0
LOC101927369	0	0	0
LOC107985055	0	0	0
TBC1D3B	0	0	0
LOC128966684	0	0	0
LOC128966706	0	0	0
CCL3L3	0	0	0
CCL4L2	0	0	0
LOC105371747	0	0	0
TBC1D3I	0	0	0
LOC102724956	0	0	0
LOC101060212	0	0	0
TBC1D3G	0	0	0
LOC102723414	0	0	0
TBC1D3H	0	0	0
TBC1D3F	0	0	0
LOC105371749	0	0	0
ZNHIT3	0	0	0
MYO19	2	0	2
PIGW	0	0	0
GGNBP2	1	0	1
DHRS11	0	0	0
LOC107985031	0	0	0
MRM1	6	0	6
LOC105371750	4	0	4
LOC105371751	0	0	0
LHX1-DT	0	0	0
LHX1	1	0	1
AATF	0	0	0
MIR2909	0	0	0
LOC105371753	0	0	0
ACACA	14	0	14
SNORA90	0	0	0
C17orf78	0	0	0
TADA2A	37	0	37
DUSP14	0	0	0
SYNRG	0	0	0
DDX52	242	0	243
MIR378J	0	0	0
LOC105371756	0	1	0
HNF1B	0	0	0
LOC124903989	0	0	0
LOC105371754	0	0	0
LOC105371757	0	0	0
YWHAEP7	0	0	0
TBC1D3K	1	0	1
LOC102723608	0	0	0
TBC1D3L	97	0	97
TBC1D3D	11	0	11
LOC102723819	0	0	0
TBC1D3C	0	0	0
LOC101929950	2	0	2
TBC1D3E	6	0	7
LOC102723851	0	1	0
LOC102723933	0	0	0
TBC1D3	2	0	2
NPEPPSP1	13	0	13
LOC105371760	0	0	0
MRPL45	0	0	0
GPR179	0	0	0
LOC124903991	0	0	0
SOCS7	40	0	40
ARHGAP23	101	0	101
LOC101929494	0	0	0
SRCIN1	3	3	0
LOC105371761	0	0	0
LOC124903992	0	0	0
EPOP	0	0	0
LOC105371763	0	0	0
MIR4734	0	0	0
MLLT6	0	0	0
LOC124903993	0	0	0
LOC105371762	0	0	0
MIR4726	0	0	0
CISD3	0	0	0
PCGF2	0	0	0
LOC100287808	0	0	0
TRN-GTT2-5	0	0	0
PSMB3	0	0	0
PIP4K2B	0	0	0
CWC25	1	0	1
MIR4727	0	0	0
SPMAP1	0	0	0
LOC124903994	0	19	0
RPL23	7025	2	7042
SNORA21B	12	0	12
SNORA21	1	0	1
TRC-GCA14-1	0	0	0
TRC-GCA2-2	0	0	0
TRC-GCA4-1	0	1	0
LASP1	7074	3	7072
MIR6779	0	0	0
LASP1NB	9	0	9
FBXO47	1	0	1
LOC105371767	0	0	0
LINC02079	0	0	0
LRRC37A11P	2	0	2
RDM1P5	2	1	4
PLXDC1	5	4	4
LOC124903995	0	0	0
TRC-GCA2-3	0	0	0
TRC-GCA2-4	0	0	0
ARL5C	0	0	0
CACNB1	4	0	4
CACNB1-AS1	0	0	0
LOC124903996	16	7429	3
RPL19	24093	15	31494
STAC2	62	1	61
LOC101929578	2	1	1
FBXL20	365	0	365
MIR548BC	0	0	0
MED1	1652	38	1614
CDK12	1500	1	1499
LOC124904107	0	0	0
LOC105371770	56	56	0
LOC105371771	5	5	0
NEUROD2	3	3	0
LOC124903997	4	0	4
PPP1R1B	0	0	0
LOC124903998	2	99	2
STARD3	757	0	856
TCAP	19	0	19
PNMT	0	0	0
PGAP3	170	0	170
ERBB2	1168	3	1189
MIR4728	0	0	0
MIEN1	510	24	512
GRB7	363	0	365
IKZF3	0	0	0
ZPBP2	0	0	0
GSDMB	220	0	220
ORMDL3	528	0	528
LOC124903999	0	0	0
LRRC3C	0	0	0
GSDMA	0	0	0
PSMD3	2165	7	3047
LOC124904000	27	916	0
PSMD3-AS1	6	0	6
CSF3	0	0	0
MED24	1717	0	1717
MIR6884	0	0	0
SNORD124	0	0	0
THRA	948	138	1037
NR1D1	534	94	667
LOC124904001	11	8	3
MSL1	3001	18	2983
CASC3	1595	0	1595
MIR6866	0	0	0
RAPGEFL1	137	0	137
MIR6867	0	0	0
WIPF2	1181	0	1181
CDC6	2201	1	2200
RARA	959	67	1051
LOC105371934	0	88	0
RARA-AS1	6	6	71
GJD3	3	256	5
GJD3-AS1	31	2	287
TOP2A	6168	1	6167
IGFBP4	8	0	8
TNS4	4644	4	4640
LOC105371773	7	0	7
LOC107985090	0	0	0
CCR7	12	7	5
SMARCE1	1856	4	1852
KRT222	0	0	0
LOC105371775	0	0	0
KRT24	0	0	0
KRT25	0	0	0
KRT26	0	0	0
KRT27	0	0	0
KRT28	0	0	0
LOC105371776	0	0	0
KRT10	526	16	544
KRT10-AS1	230	21	243
LOC105371777	0	0	0
KRT12	0	0	0
KRT20	0	0	0
KRT23	0	0	0
LOC107985072	0	0	0
KRT39	0	0	0
KRT40	0	0	0
KRTAP3-3	0	0	0
KRTAP3-2	0	0	0
KRTAP3-1	0	0	0
KRTAP1-5	0	0	0
KRTAP1-4	0	0	0
KRTAP1-3	0	0	0
KRTAP1-1	0	0	0
KRTAP2-1	0	0	0
KRTAP2-2	0	0	0
KRTAP2-3	0	0	0
KRTAP2-4	0	0	0
KRTAP4-7	0	0	0
KRTAP4-8	0	0	0
KRTAP4-16	0	0	0
KRTAP4-9	0	0	0
LOC124904002	0	0	0
KRTAP4-11	0	0	0
KRTAP4-12	0	0	0
KRTAP4-6	0	0	0
KRTAP4-5	0	0	0
KRTAP4-4	0	0	0
KRTAP4-3	0	0	0
KRTAP4-2	0	0	0
KRTAP4-1	0	0	0
KRTAP9-1	0	0	0
KRTAP9-2	0	0	0
KRTAP9-3	0	0	0
KRTAP9-8	0	0	0
KRTAP9-4	0	0	0
KRTAP9-9	0	0	0
KRTAP9-6	0	0	0
KRTAP9-7	0	0	0
KRTAP29-1	0	0	0
KRTAP16-1	0	0	0
KRTAP17-1	0	0	0
KRT33A	0	0	0
LOC105371778	0	0	0
KRT33B	0	0	0
KRT34	0	0	0
KRT31	0	0	0
LOC100505782	0	0	0
KRT37	0	0	0
KRT38	0	0	0
KRT32	0	0	0
KRT35	0	0	0
KRT36	0	0	0
KRT13	1	0	1
KRT15	22	0	22
MIR6510	0	0	0
KRT19	4	0	4
LINC00974	0	0	0
KRT9	16	0	16
KRT14	19	0	19
LOC124904003	0	0	0
KRT16	740	2	738
KRT17	17156	12	17144
KRT42P	0	0	0
LOC124904004	1	0	1
EIF1	5535	0	5535
GAST	1	0	1
HAP1	5	0	5
JUP	6498	1	6497
P3H4	2417	4	2413
FKBP10	8475	3	8472
NT5C3B	896	0	903
KLHL10	3	7	3
KLHL11	378	1	377
ACLY	7136	2	7138
LOC124904005	28	30	0
ODAD4	5	0	7
CNP	1813	533	1801
DNAJC7	2050	21	2564
NKIRAS2	1060	15	1070
ZNF385C	0	11	0
C17orf113	0	0	0
DHX58	1715	3	1712
KAT2A	2550	13	2537
HSPB9	3	0	3
RAB5C	3646	1	3647
RAB5C-AS1	1	2	1
KCNH4	9	0	9
HCRT	0	0	0
GHDC	424	0	424
STAT5B	2607	40	2616
STAT5A	1074	10	1113
STAT3	5038	0	5038
CAVIN1	4953	4	5296
LOC102725238	9	347	9
ATP6V0A1	1068	0	1068
MIR548AT	0	0	0
MIR5010	0	0	0
NAGLU	1929	1	1928
HSD17B1-AS1	76	32	539
HSD17B1	2	468	29
COASY	4264	2	4262
MLX	1094	294	1240
PSMC3IP	220	158	502
RETREG3	689	0	689
TUBG1	2269	2	2267
TUBG2	239	2	237
PLEKHH3	2054	2	2052
CCR10	16	6	10
CNTNAP1	78	20	61
EZH1	450	2	451
MIR6780A	0	0	0
RAMP2-AS1	0	0	0
RAMP2	0	0	0
VPS25	1600	0	1600
WNK4	82	5	77
COA3	798	0	798
CNTD1	4	305	0
BECN1	576	0	877
MIR6781	0	0	0
PSME3	3678	0	3678
AOC2	187	0	187
AOC3	208	0	208
AOC4P	3	0	3
LINC00671	0	0	0
G6PC1	0	0	0
LOC124900400	0	0	0
PTGES3L-AARSD1	1	0	1
AARSD1	1	0	1
PTGES3L	19	2	17
RUNDC1	586	1	838
LOC124904006	88	7453	1
RPL27	838	1	7950
IFI35	1089	2	1090
VAT1	5180	6	5177
RND2	0	0	0
BRCA1	1029	0	1029
NBR2	97	0	97
LOC101929767	32	7	25
LOC124900391	254	25	254
NBR1	3120	2	3143
TMEM106A	3	1	2
CCDC200	0	0	0
RNU2-1	0	0	0
LOC124904135	0	0	0
LOC124904136	0	0	0
LOC124904137	0	0	0
LOC124904138	0	0	0
LOC124904139	0	0	0
LOC124904140	0	0	0
LOC124904146	0	0	0
LOC124904141	0	0	0
LOC124904142	0	0	0
LOC124904145	0	0	0
LOC124904143	0	0	0
LOC124904144	0	0	0
LOC124904147	0	0	0
LOC105371785	11	8	3
LINC00910	71	4	68
LOC124904007	0	1	0
ARL4D	863	0	863
MIR2117HG	0	0	0
MIR2117	0	0	0
DHX8	1429	81	1447
LOC124904112	0	0	0
ETV4	396	27	468
LOC124904008	5	0	5
MEOX1	633	0	633
LINC02594	23	0	25
LOC107985085	1	3	0
SOST	0	0	0
DUSP3	1610	0	1610
CFAP97D1	2	0	2
MPP3	425	0	425
LOC107984979	0	0	0
CD300LG	0	0	0
LOC107985077	0	0	0
MPP2	285	0	285
LOC105371787	0	0	0
FAM215A	0	0	0
LOC107985086	0	0	0
LOC102724183	0	0	0
LINC01976	0	0	0
PPY	0	0	0
PYY	0	0	2
NAGS	15	13	4
TMEM101	729	2	727
LSM12	594	0	594
G6PC3	2380	0	2385
HDAC5	1263	33	1235
LOC105371789	2	2	0
HROB	380	6	374
ASB16	49	197	2
ASB16-AS1	41	0	191
TMUB2	697	17	696
ATXN7L3	2078	8	2106
ATXN7L3-AS1	16	53	15
UBTF	3510	25	3517
MIR6782	0	0	0
SLC4A1	0	0	0
LOC105371790	0	0	0
RUNDC3A-AS1	2	0	2
RUNDC3A	3	2	1
SLC25A39	7173	0	7173
LOC124904009	174	22	152
GRN	16665	6	16659
FAM171A2	548	1	547
ITGA2B	24	2	22
GPATCH8	1553	4	1549
LOC105371791	0	0	0
FZD2	784	2	782
LINC01180	0	0	0
MEIOC	40	43	0
CCDC43	507	1	647
LOC105371792	0	137	0
LOC124904010	1	1	1
DBF4B	615	1	699
LOC107985044	4	89	0
ADAM11	197	2	195
GJC1	615	0	615
HIGD1B	13	25	0
EFTUD2	5003	2	5014
DNAAF19	92	0	110
GFAP	1	75	0
FAM187A	0	0	0
LOC105371793	0	4	0
KIF18B	1293	0	1297
MIR6783	0	0	0
C1QL1	1254	3	1251
LOC107987243	9	0	9
DCAKD	372	0	372
NMT1	3689	44	3647
PLCD3	2391	1	2394
MIR6784	0	0	0
ACBD4	227	2	227
HEXIM1	1441	53	3030
HEXIM2-AS1	4	1623	24
HEXIM2	54	79	374
HEXIM2-AS2	23	345	76
FMNL1-DT	177	18	185
FMNL1	2496	113	3212
FMNL1-AS1	14	767	50
MAP3K14-AS1	69	85	102
SPATA32	2	2	1
MAP3K14	429	38	489
LOC105371796	0	0	0
ARHGAP27	0	0	0
LOC124904016	0	0	0
PLEKHM1	0	0	0
MIR4315-1	0	0	0
LOC105369225	0	0	0
LRRC37A4P	0	0	0
MAPK8IP1P2	0	0	0
LINC02210	0	0	0
LINC02210-CRHR1	0	0	0
LOC105371802	0	0	0
LOC107985028	0	0	0
CRHR1	0	0	0
MAPT-AS1	0	0	0
SPPL2C	0	0	0
MAPT	0	0	0
MAPT-IT1	0	0	0
LOC105371800	0	0	0
STH	0	0	0
KANSL1	0	0	0
LOC107985027	0	0	0
KANSL1-AS1	0	0	0
LRRC37A	5	9	7
LOC124904014	0	0	0
ARL17B	13	10	14
LRRC37A2	20	30	19
NSFP1	0	0	0
ARL17A	3	1	2
NSF	0	0	0
WNT3	0	0	0
LOC101929777	0	0	0
WNT9B	0	0	0
LINC01974	0	0	0
LOC112268191	0	0	0
GOSR2-DT	1	0	1
GOSR2	786	3	783
MIR5089	0	0	0
RPRML	3	3	0
LOC101927060	269	9	290
LOC124904015	1	1	1
CDC27	1865	4	1862
MYL4	0	0	1
ITGB3	0	0	0
LOC107985029	0	0	0
EFCAB13-DT	12	1	12
EFCAB13	86	11	76
MRPL45P2	100	0	100
NPEPPS	2498	7	3965
KPNB1-DT	29	1490	13
KPNB1	6976	1	6975
TBKBP1	0	0	0
TBX21	0	0	0
OSBPL7	112	0	112
MRPL10	971	1	971
LRRC46	15	1	16
SCRN2	636	0	637
SP6	113	0	113
SP2-DT	7	0	7
SP2	319	5	314
SP2-AS1	17	0	17
PNPO	624	0	624
PRR15L	0	0	0
CDK5RAP3	1494	0	1494
LOC124904017	0	0	0
COPZ2	9	0	9
MIR10226	0	0	0
MIR152	0	0	0
NFE2L1-DT	0	0	0
NFE2L1	4227	0	4227
CBX1	1719	0	1720
SNX11	444	1	444
SKAP1	0	0	0
LOC124904018	0	0	0
MIR1203	0	0	0
SKAP1-AS2	0	0	0
LOC124904151	0	0	0
LOC101927166	0	0	0
LOC124904019	0	0	0
LOC105371808	0	0	0
HOXB1	0	0	0
HOXB2	6	0	7
HOXB-AS1	4	32	0
HOXB3	80	1	107
HOXB-AS2	0	1	0
HOXB4	5	0	5
MIR10A	0	0	0
HOXBLINC	2	0	2
HOXB-AS3	44	140	0
HOXB5	61	0	75
HOXB6	167	0	249
HOXB7	367	0	367
HOXB8	0	0	0
HOXB9	4	0	4
HOXB-AS4	0	0	0
MIR196A1	0	0	0
LINC03057	1	0	1
LINC02086	0	0	0
PRAC2	0	0	0
PRAC1	0	0	0
MIR3185	0	0	0
HOXB13	97	0	97
LOC105371811	0	0	0
LOC105371812	0	0	0
TTLL6	18	0	18
LOC105371813	0	0	0
CALCOCO2	1316	0	1316
LOC105371814	4	1	4
LOC124900395	0	0	0
ATP5MC1	1474	0	1474
UBE2Z	3092	3	3091
SNF8	1249	82	1168
LOC124904116	0	0	0
GIP	1	0	1
IGF2BP1	2241	11	2231
LOC124904020	0	1	0
B4GALNT2	0	0	0
LOC124904021	0	0	0
TRQ-TTG1-1	0	0	0
GNGT2	1	1	0
ABI3	0	0	0
PHOSPHO1	2	0	2
LOC124904022	0	0	0
FLJ40194	0	0	0
ZNF652	913	1	913
MIR6129	0	0	0
LOC124904111	0	0	0
ZNF652-AS1	2	0	3
PHB1	4974	2	4972
LINC02075	0	0	0
NGFR	2	0	2
NGFR-AS1	0	0	0
MIR6165	0	0	0
NXPH3	1	1	0
SPOP	820	0	820
LOC107984999	0	0	0
SLC35B1	1520	0	1520
FAM117A	23	0	23
KAT7	941	0	941
TAC4	12	9	3
FLJ45513	4	0	4
DLX4	580	0	580
DLX3	339	1	338
PICART1	25	15	14
ITGA3	6989	2	6991
LOC124904024	5	0	5
PDK2	599	6	1053
PDK2-AS1	16	2	14
SAMD14	3	458	5
PPP1R9B	2281	3	2278
LOC124904025	1	0	1
LOC105371818	0	2	0
SGCA	20	0	22
H1-9P	2	1	1
COL1A1	4506	2	4504
TILAM	0	0	0
LOC124904130	0	0	0
LOC105371822	0	0	0
LOC124904028	0	0	0
TMEM92	281	7	276
TMEM92-AS1	19	3	18
XYLT2	1071	8	1063
MRPL27	712	1	712
EME1	509	466	550
LRRC59	4032	61	5452
LRRC59-AS1	6	968	13
ACSF2	1604	0	1681
CHAD	15	92	0
RSAD1	618	0	618
MYCBPAP	3	0	3
EPN3	7	9	0
LOC105371824	1	0	3
SPATA20	1133	0	1133
CACNA1G-AS1	1	1	0
CACNA1G	51	1	51
LOC101927253	0	0	1
ABCC3	1869	5	1864
ANKRD40	730	0	730
LUC7L3	4016	1	4015
ANKRD40CL	0	0	0
MIR8059	0	0	0
WFIKKN2	0	0	0
TOB1	4124	24	4126
TOB1-AS1	17	4	39
LOC105371825	0	0	0
LOC124904102	3	0	3
LOC124904029	0	0	0
SPAG9	3860	2	3858
LOC124904125	0	0	0
NME1-NME2	0	0	0
NME1	206	0	206
NME2	10	0	10
MBTD1	442	591	445
UTP18	1446	5	2035
LINC02071	0	0	0
LINC02072	0	0	0
LINC02073	0	0	0
CA10	0	0	0
LOC105371829	0	0	0
LINC01982	0	0	0
LINC02089	0	0	0
LOC107984983	0	0	0
LINC02876	0	0	0
LOC107984982	0	0	0
LOC124904030	0	0	0
KIF2B	0	0	0
LOC107985001	0	0	0
LOC124904031	0	0	0
LOC124904033	0	2	0
TOM1L1	738	45	1140
LOC124904032	0	0	0
COX11	669	493	621
STXBP4	163	0	163
LOC107985002	0	0	0
HLF	11	0	11
MMD	338	0	338
SMIM36	0	0	0
LOC124904034	0	0	0
LOC102724732	0	0	0
LOC101927389	0	0	0
LOC124904099	0	0	0
TMEM100	0	0	0
PCTP	279	0	279
ANKFN1	4	0	4
LOC124904035	0	0	0
LOC112268194	0	0	0
NOG	980	1	979
C17orf67	83	3	82
DGKE	229	6	225
LOC124904036	0	0	0
LOC124904037	0	0	0
MTVR2	4	0	4
TRIM25	2470	0	2470
MIR3614	0	0	0
COIL	966	0	966
LOC105371836	0	0	0
SCPEP1	1444	0	1444
RNF126P1	0	0	0
AKAP1-DT	20	0	20
AKAP1	1592	5	1587
LOC101927510	7	13	14
MSI2	1470	11	1479
LOC101927557	0	0	0
LOC107984993	5	0	5
MSI2-AS1	0	0	0
CCDC182	0	0	0
MRPS23	894	0	894
CUEDC1	742	3	739
CUEDC1-AS1	0	0	0
VEZF1	682	0	697
LOC101929185	6	249	0
SRSF1	5630	8	5850
LOC105371840	0	0	0
DYNLL2-DT	0	0	0
DYNLL2	1191	0	1191
OR4D1	0	0	0
MSX2P1	0	0	0
OR4D2	0	0	0
EPX	1	1	0
MKS1	401	2	401
LOC105371841	1	0	3
LPO	0	0	0
LOC124904038	0	0	0
MPO	0	0	0
TSPOAP1	0	0	0
TSPOAP1-AS1	0	678	5
MIR142HG	0	0	0
MIR142	0	0	0
MIR4736	0	0	0
SUPT4H1	391	1	1068
RNF43	94	4	94
HSF5	0	0	0
MTMR4	682	0	682
SEPTIN4-AS1	1	4	8
SEPTIN4	13	4	13
TEX14	27	2	30
LOC107985048	0	2	0
LOC105371842	0	0	0
LOC124904122	0	0	0
IGBP1C	5	0	5
RAD51C	627	0	627
LOC105371843	1	1	0
PPM1E	2	16	0
TRIM37	910	1	923
LOC124904039	26	5	21
SKA2	691	5	686
MIR454	0	0	0
MIR301A	0	0	0
PRR11	757	0	757
SMG8	741	0	741
GDPD1	97	0	97
YPEL2	113	0	113
MIR4729	0	0	0
LINC01476	0	0	0
LOC124904040	0	0	0
LOC105371845	0	0	0
LOC105371847	0	0	0
DHX40	1119	0	1119
CLTC	9527	68	9459
PTRH2	910	0	910
VMP1	6996	2	6994
MIR21	0	0	0
TUBD1	228	0	228
RPS6KB1	902	2	900
RNFT1	247	1	246
TBC1D3P1-DHX40P1	1	0	6
RNFT1-DT	5	6	4
LOC105371848	0	0	0
HEATR6	371	0	371
MIR4737	0	0	0
HEATR6-DT	1	130	2
WFDC21P	30	2	159
LOC653653	1	1	0
LOC100996660	32	1	31
CA4	0	161	0
USP32	994	0	1155
SCARNA20	0	0	0
LOC105371850	0	0	0
CHCT1	0	0	0
APPBP2	611	2	609
LINC01999	0	0	0
PPM1D	386	0	386
BCAS3	277	0	323
LOC124904118	0	0	0
BCAS3-AS1	5	51	0
LOC124904041	1	0	1
LOC101927855	0	0	0
TBX2-AS1	13	0	13
TBX2	2	0	2
LINC02875	0	0	0
TBX4	1	0	3
LOC124904042	0	2	0
NACA2	6	0	6
BRIP1	409	0	409
INTS2	291	0	291
MED13	1236	0	1236
TBC1D3P2	0	0	0
LOC105371853	0	0	0
LOC105371936	0	0	0
EFCAB3	0	0	0
LOC105371854	0	0	0
METTL2A	525	0	525
LOC112268200	0	0	0
TLK2	971	11	960
LOC107985020	0	2	0
MRC2	422	3	421
MARCHF10	3	4	1
MARCHF10-AS1	1	1	2
MARCHF10-DT	0	0	0
MIR633	0	0	0
TANC2	1266	12	1254
LOC105371856	0	0	0
CYB561	1108	3	1105
ACE	0	0	0
KCNH6	1	1	0
DCAF7	1903	0	1903
TACO1	610	0	610
MAP3K3	480	4	509
LOC101927898	0	2	0
LIMD2	29	28	38
LOC729683	1	7	0
STRADA	408	1	407
CCDC47	4462	0	4462
DDX42	3103	6	3102
FTSJ3	2891	249	2885
PSMC5	1952	2	2189
SMARCD2	1361	1	1361
TCAM1P	4	0	4
CSH2	0	0	0
GH2	0	0	0
CSH1	0	0	0
CSHL1	0	0	0
LOC112268204	0	0	0
GH1	0	0	0
CD79B	1	0	1
SCN4A	21	0	21
LOC105371858	0	0	0
PRR29-AS1	0	0	0
PRR29	0	0	0
ICAM2	0	0	0
ERN1	270	1	269
SNHG25	0	0	0
SNORD104	1	0	1
SNORA50C	26	0	26
TEX2	773	33	740
PECAM1	183	3	180
MILR1	76	102	76
POLG2	230	0	332
DDX5	11645	10	11676
MIR3064	55	0	55
MIR5047	563	0	563
CEP95	948	36	953
SMURF2	499	1	498
ARHGAP27P1-BPTFP1-KPNA2P3	99	0	147
LOC101929240	23	69	2
ARHGAP27P1	47	0	47
MIR6080	0	20	0
PLEKHM1P1	58	0	58
MIR4315-2	0	0	0
LOC105371860	0	0	0
LOC105376844	1	5	0
LRRC37A3	70	2	72
LOC107985000	15	2	13
AMZ2P1	125	0	125
LOC124904044	0	0	0
GNA13	1121	1	1120
LOC105371864	0	0	0
LOC100507002	39	0	39
RGS9	46	0	46
LINC02563	0	0	0
AXIN2	6	0	6
CEP112	5	0	5
LOC105371867	0	0	0
APOH	0	0	0
PRKCA	837	0	837
PRKCA-AS1	0	0	0
MIR634	0	0	0
CACNG5	0	0	0
CACNG4	0	0	0
CACNG1	1	0	1
HELZ	963	4	967
HELZ-AS1	0	4	4
LOC124900398	0	0	0
PSMD12	1719	0	1719
PITPNC1	662	2	872
LOC124904047	0	0	0
LOC124904124	0	0	0
LOC124904046	2	2	0
MIR548D2	0	0	0
MIR548AA2	0	0	0
LOC124904045	0	0	0
LOC101928045	8	216	4
NOL11	1419	0	1419
SNORA38B	0	0	0
BPTF	1377	0	1377
C17orf58	179	1	178
TRR-CCG2-1	0	0	0
KPNA2	7828	4	7824
LOC124904048	0	0	0
LINC00674	546	0	546
LOC105371870	9	0	9
ARHGAP27P2	0	0	0
AMZ2	866	4	862
ARSG	381	197	430
SLC16A6	828	8	822
PRKAR1A	6284	8	6276
WIPI1	89	76	257
MIR635	4	0	4
FAM20A	46	13	33
LINC01482	6	0	6
LOC124904049	0	0	0
LOC105371874	0	0	1
LOC124904050	0	0	0
ABCA8	0	1	0
ABCA9	4	0	4
ABCA9-AS1	0	0	0
LOC124904051	0	0	0
ABCA6	13	0	13
MIR4524B	0	0	0
MIR4524A	0	0	0
ABCA10	70	0	70
PRO1804	2	0	2
ABCA5	1027	0	1027
LOC105371878	0	0	0
LOC105371879	0	0	0
MAP2K6	2193	0	2201
MAP2K6-AS1	7	15	0
LINC01483	0	0	0
LINC01497	0	0	0
LOC105371881	0	0	0
LOC112267896	0	0	0
LOC124904053	0	0	0
LINC01028	0	0	0
KCNJ16	15	0	15
LOC124904052	0	0	0
LOC105371882	0	0	0
KCNJ2-AS1	4	0	4
KCNJ2	22	0	22
LOC124904100	0	0	0
LOC105371884	0	0	0
LOC124904104	0	0	0
CASC17	0	0	0
LOC124904109	0	0	0
LOC107985015	0	0	0
ROCR	0	0	0
LINC01152	0	0	0
LOC102723517	0	0	0
SOX9-AS1	0	0	0
LINC02097	0	0	0
SOX9	0	0	0
LOC124900392	0	0	0
LINC02003	1	1	0
LINC00673	179	0	179
LINC00511	4	0	4
LOC107985005	2	0	2
LOC105371887	0	0	0
SLC39A11	290	0	290
LOC124904115	0	0	0
SSTR2	15	15	0
COG1	911	313	939
VCF1	839	97	1085
MTNAP1	471	5	663
CPSF4L	0	193	2
CDC42EP4	3019	0	3019
SDK2	5	0	5
SDK2-AS1	0	0	0
LOC124904054	0	0	0
LOC100134391	0	0	0
LINC00469	0	0	0
LINC02092	0	0	0
LOC107985081	0	0	0
LOC105371888	0	0	0
LINC02074	0	0	0
RPL38	3673	8	3680
MGC16275	11	11	15
TTYH2	113	0	113
DNAI2	0	0	0
LOC105371891	0	0	0
KIF19	0	0	0
LOC107985078	0	0	0
BTBD17	0	0	0
GPR142	0	0	0
LOC124904055	2	0	2
GPRC5C	0	0	0
LOC124904056	0	0	0
CD300A	0	0	0
LOC107985074	0	0	0
CD300LB	0	0	0
CD300C	0	0	0
CD300H	0	0	0
CD300LD	0	0	0
CD300LD-AS1	0	0	0
LOC101928343	0	0	0
CD300E	0	0	0
RAB37-AS1	0	0	0
RAB37	0	1	0
CD300LF	0	0	0
LOC124904057	0	0	0
SLC9A3R1-AS1	0	2494	10
MIR3615	0	0	0
NHERF1	3412	10	5283
NAT9	646	0	646
SLC38A12	657	0	657
GRIN2C	11	9	2
FDXR	508	0	508
FADS6	0	0	0
USH1G	2	0	2
OTOP2	0	0	0
OTOP3	0	0	0
HID1	0	0	0
HID1-AS1	0	0	0
LOC124904058	14	0	14
CDR2L	1122	3	1119
MRPL58	1056	0	1056
KCTD2	1200	2	1198
TRR-CCT1-1	0	0	0
TRR-CCT2-1	0	0	0
TRR-TCG3-1	0	0	0
ATP5PD	3301	7	3294
SLC16A5	730	2	728
ARMC7	275	65	270
NT5C	1259	4	1316
JPT1	428	10	2281
LOC107985034	51	1905	17
SUMO2	3371	0	3371
NUP85	2884	9	2875
GGA3	1249	134	1199
MRPS7	2753	62	2984
MIF4GD	670	199	680
MIF4GD-DT	49	286	74
SLC25A19	315	26	600
LOC124904059	4	4	0
GRB2	3917	1	3918
LOC124904060	1	1	1
MIR3678	0	0	0
TMEM94	2387	26	2406
MIR6785	0	0	0
CASKIN2	1266	21	1291
TSEN54	1134	27	1108
LLGL2	1326	5	1321
MYO15B	43	8	35
RECQL5	920	0	1078
SMIM5	11	22	0
ERLN	0	0	0
LOC107985013	0	146	0
SAP30BP	1676	0	1676
SAP30BP-AS1	0	0	0
ITGB4	215	4	211
GALK1	1354	1	1353
H3-3B	12517	4	12513
MIR4738	0	0	0
UNK	1449	9	1440
UNC13D	1739	1	1738
WBP2	3585	5	3580
TRIM47	1912	3	1909
TRIM65	1380	1	1379
MRPL38	2226	2	2224
FBF1	846	0	846
ACOX1	1109	1	1110
TEN1-CDK3	2	0	2
TEN1	0	0	0
LOC124904061	2	229	2
CDK3	0	0	0
EVPL	1427	1	1426
SRP68	2960	0	2960
GALR2	9	0	9
ZACN	1	951	1
EXOC7	1735	3	2683
MIR6868	0	0	0
LOC101928447	0	0	0
FOXJ1	0	0	0
RNF157-AS1	0	2	0
RNF157	4	0	6
LOC105371896	1	1	0
UBALD2	687	3	684
QRICH2	296	0	296
PRPSAP1	1221	0	1221
LOC124904120	0	0	0
SPHK1	2033	1	2032
UBE2O	2128	4	2125
AANAT	4	3	2
RHBDF2	930	0	930
CYGB	45	2	58
PRCD	26	27	14
SNHG16	3726	0	3728
SNORD1C	5	0	5
SNORD1B	2	0	2
SNORD1A	1	0	1
ST6GALNAC2	29	5	26
LOC122455342	0	0	0
ST6GALNAC1	1	0	1
LOC105274304	5	3	28
MXRA7	1994	42	1978
JMJD6	2419	3	2416
METTL23	1143	9	1139
SRSF2	5014	33	7040
MIR636	0	0	4
MFSD11	435	3656	453
LINC02080	0	0	0
LOC107985089	0	0	0
LINC00868	0	0	0
MGAT5B	1292	0	1294
LOC105371899	2	4	0
SNHG20	168	0	168
SEC14L1	2143	0	2143
SCARNA16	0	0	0
MIR6516	0	0	0
LOC105371901	0	0	0
LACAT1	1	0	1
SEPTIN9-DT	0	3	0
SEPTIN9	7652	10	7648
LOC124904062	0	0	0
MIR4316	0	0	0
LOC112268199	0	3	0
LOC112268198	0	0	0
LOC105371903	0	0	0
LOC400622	0	0	0
LOC100507351	0	0	0
LOC124904103	0	0	0
LOC107985079	0	0	0
LINC01987	0	0	0
LOC105371908	0	0	0
LINC01973	0	0	0
LOC107985087	0	0	0
LOC105371909	0	0	0
TNRC6C	86	21	88
TMC6	2689	6	2706
TMC8	33	1	33
C17orf99	0	0	0
SYNGR2	2696	1	2695
TK1	2978	12	2976
AFMID	259	0	268
BIRC5	2155	0	2155
TMEM235	0	0	0
LOC105371910	1	1	0
LINC01993	0	0	0
LOC105371912	85	2	85
LOC124904064	4	0	6
SOCS3	1880	1	1883
SOCS3-DT	66	8	62
PGS1	999	2	1263
LOC124900399	0	0	0
DNAH17	52	318	23
DNAH17-AS1	14	1	36
LOC124904065	0	0	0
SCAT1	1	0	1
LOC124904066	1	0	1
CYTH1	1251	3	1248
USP36	2404	3	2401
LOC124904067	54	0	54
TIMP2	5723	2	5721
LOC124904068	6	1	5
CEP295NL	9	1	8
LGALS3BP	24944	8	24936
CANT1	2047	0	2047
C1QTNF1-AS1	100	0	103
C1QTNF1	1169	21	1151
ENGASE	672	0	672
RBFOX3	22	22	0
LOC124904069	0	0	0
MIR4739	0	0	0
LINC02078	0	0	0
ENPP7	0	0	0
LOC124904070	144	0	144
CBX2	2408	1	2407
CBX8	1320	1	1319
LOC124904071	0	0	0
LINC01977	3	1	2
CBX4	2473	4	2469
LINC01979	9	0	11
LINC01978	1	3	0
TBC1D16	1563	0	1563
LOC124904073	0	0	0
LOC124904072	0	0	0
CCDC40	0	0	0
LOC124904074	0	0	0
MIR1268B	0	0	0
GAA	0	0	0
EIF4A3	0	0	0
CARD14	0	15	1
SGSH	1042	20	1040
SLC26A11	853	0	855
RNF213	10191	18	10637
RNF213-AS1	6	466	4
ENDOV	420	0	420
MIR4730	0	0	0
NPTX1	12656	6	12650
RPTOR	4143	21	4345
LOC105371922	1	1	0
LOC101928855	2	2	0
LOC124904076	51	1	50
LOC124904075	53	181	66
LOC400627	12	41	0
CHMP6	349	0	349
LOC124904077	139	0	139
LOC124904078	3	3	0
BAIAP2-DT	293	7	286
BAIAP2	624	1	623
AATK	44	6	38
MIR657	0	0	0
MIR3065	0	0	0
MIR338	0	0	0
LOC124904079	4	0	4
MIR1250	0	0	0
LOC124904080	3	0	3
PVALEF	8	8	0
CEP131	631	1	630
TEPSIN	175	0	773
TEPSIN-AS1	19	410	0
LOC124904081	10	136	0
NDUFAF8	946	3	943
SLC38A10	5511	30	5481
LOC124904082	9	0	9
LINC00482	173	4	169
TMEM105	37	4	33
RENO1	60	0	60
LOC124904083	3	0	3
LINC03048	0	0	0
BAHCC1	132	0	132
MIR4740	0	0	0
MIR3186	0	0	0
LOC124904084	0	0	0
LINC01971	0	0	0
ACTG1	1	0	1
FSCN2	44	0	44
FAAP100	807	98	719
LOC124904085	11	500	20
NPLOC4	4499	17	4981
TSPAN10	138	0	138
PDE6G	6	1	5
OXLD1	1452	1	1452
CCDC137	1682	6	1679
ARL16	511	2	511
HGS	4982	10	4972
MIR6786	0	0	0
MRPL12	4156	3	4153
SLC25A10	2059	0	2059
LOC105371929	5	0	5
LOC105376789	0	0	0
GCGR	2	0	2
MCRIP1	0	0	0
PPP1R27	0	0	0
P4HB	37274	10	37264
LOC124904086	45	53	45
ARHGDIA	5447	5	5495
ALYREF	1764	4	2862
ANAPC11	1108	1107	1103
PCYT2	537	18	547
NPB	0	22	3
SIRT7	734	2	732
MAFG	1324	15	1459
MAFG-AS1	0	137	0
MILIP	26	0	39
PYCR1	3466	3	3463
MYADML2	11	11	0
NOTUM	34	2	32
LOC124904087	0	0	0
LOC105371939	0	0	0
ASPSCR1	867	1	866
CENPX	1359	1	1358
LRRC45	885	1	884
RAC3	95	0	95
DCXR	821	0	821
DCXR-DT	2	0	2
RFNG	647	2	751
GPS1	4291	116	4282
DUS1L	3791	11	3781
FASN	25398	14	25384
SNORD134	0	0	0
CCDC57	1254	6	1248
SLC16A3	18602	16	21763
MIR6787	1	0	1
CSNK1D	5241	3624	4797
LOC124904089	37	0	40
LINC01970	37	1	36
CD7	29	0	29
SECTM1	2165	9	2156
TEX19	33	0	33
UTS2R	3	3	0
LOC124904092	0	0	0
OGFOD3	288	73	539
LOC124904090	9	162	0
HEXD	512	162	547
HEXD-IT1	1	0	1
LOC124904091	0	0	0
CYBC1	2055	4	2077
NARF-AS2	75	30	90
NARF	1831	18	1858
TRX-CAT1-8	0	0	0
FOXK2	2180	1	2821
FOXK2-AS1	16	658	0
WDR45B	3417	2	3415
RAB40B	184	1	183
MIR4525	0	0	0
LOC124904093	0	0	0
LOC101929552	2	0	2
FN3KRP	924	0	924
FN3K	62	2	60
TBCD	1014	17	1216
ZNF750	0	0	0
LOC124904096	0	202	0
LOC124904095	0	0	0
QTGAL	27	1	43
LOC124904094	1	0	1
METRNL	446	3	443
LOC101930496	2	0	2
LOC101929650	0	0	0
LOC124904105	0	0	0
LOC105371948	0	0	0
LOC100505909	0	0	0
RPL23AP87	0	0	0
MGC70870	0	0	0
LOC105379281	0	0	0
LINC02564	0	0	0
LOC124904234	0	0	0
LOC105371950	0	0	0
TUBB8B	5	0	5
ROCK1P1	19	0	23
MIR8078	0	4	0
LOC105371951	0	0	0
USP14	2394	40	2398
THOC1	810	9	845
COLEC12	0	0	0
LOC107985155	0	0	0
LINC01925	0	0	0
CETN1	0	0	0
CLUL1	1	5	1
LOC105371952	3	0	3
TYMSOS	10	763	95
TYMS	205	124	2966
ENOSF1	1539	2005	1570
YES1	1758	8	1750
LOC124904340	0	0	0
ADCYAP1	0	0	0
LINC01904	0	0	0
LOC107985165	0	0	0
LOC105371953	30	7	24
LINC00470	75	2	74
LOC105371954	22	0	22
LOC105371960	0	0	0
LOC105371959	0	0	0
LOC105371958	0	0	0
LOC105371957	0	0	0
LOC105371956	4	0	4
LOC105371961	0	0	0
LOC124904235	2	0	2
METTL4	241	0	241
LOC124904380	0	0	0
NDC80	718	0	718
CBX3P2	37	0	37
SMCHD1	1760	0	1760
EMILIN2	2	2	0
LPIN2	1156	1	1155
CHORDC1P4	2	0	2
LPIN2-AS2	0	0	0
LOC124904236	3	0	3
LOC124900407	0	0	0
MYOM1	167	4	164
MYL12A	1265	2	3789
MYL12-AS1	10	4662	5
MYL12B	4412	0	6500
LINC01895	140	0	140
TGIF1	4273	19	4266
LOC124904237	13	23	2
LOC105371965	1	1	0
GAPLINC	5	0	5
DLGAP1	2	6	2
LOC124904373	0	0	0
DLGAP1-AS1	288	5	283
DLGAP1-AS2	45	0	45
DLGAP1-AS6	31	0	37
LOC124904368	0	0	0
LOC124904238	0	0	0
DLGAP1-AS3	0	0	0
MIR6718	0	0	0
DLGAP1-AS4	4	0	4
LOC124904239	0	0	0
DLGAP1-AS5	0	0	0
LOC105371968	0	0	0
LINC01892	0	0	0
AKAIN1	0	0	0
LOC124904341	0	0	0
LINC00526	36	0	36
LINC00667	368	0	368
ZBTB14	267	0	267
LOC107985144	0	0	0
LOC105371970	0	1	0
EPB41L3	17	0	17
LOC107985145	0	0	0
MIR3976HG	0	0	0
MIR3976	0	0	0
TMEM200C	0	0	0
LOC121725015	0	0	0
L3MBTL4	0	0	0
L3MBTL4-AS1	0	0	0
LOC124904240	0	0	0
MIR4317	0	0	0
LINC01387	0	0	0
LOC105371972	0	0	0
LOC107985176	0	0	0
ARHGAP28-AS1	0	7	2
ARHGAP28	216	2	223
LINC00668	41	1	40
LAMA1	3330	1	4010
LOC101927188	9	690	0
LRRC30	0	0	0
LOC105371973	0	0	0
LOC105371974	0	0	0
LOC124900409	0	0	0
LOC105371975	0	0	0
LOC112577592	0	0	0
LOC105371976	0	0	1
PTPRM	1485	3	1483
LOC124904242	0	0	0
LOC124904381	0	0	0
LOC107985119	1	1	0
LOC100192426	0	0	0
LOC124904241	13	0	13
RAB12	318	4	462
RAB12-AS1	4	152	0
GACAT2	0	0	1
MTCL1	589	2	588
LOC124904243	0	0	0
NDUFV2	1417	0	1417
NDUFV2-AS1	12	9	7
ANKRD12	229	5	228
LOC124904369	4	0	4
TWSG1-DT	0	0	0
TWSG1	302	0	302
LOC105371980	0	0	0
RALBP1	1131	1	1130
PPP4R1	1621	10	1615
PPP4R1-AS1	0	0	4
LINC02856	0	0	0
LOC124904244	10	0	11
RAB31	3741	0	3741
LOC105371981	2	1	2
TXNDC2	4	0	4
LOC105371982	0	0	0
LOC124904245	9	5	8
VAPA	3015	7	3012
LOC124904246	0	0	0
LOC105371983	0	0	0
LOC105371984	0	0	0
LOC124904247	0	0	0
LOC105371985	0	0	0
LOC105371986	0	0	0
LOC105371989	0	0	0
LOC124904370	0	0	0
LINC01254	0	0	0
LOC105371988	0	0	0
APCDD1	0	0	0
NAPG	276	0	276
LOC124904248	1	0	1
LINC01887	0	0	0
LOC107987262	0	0	0
LOC101927410	4	4	0
PIEZO2	2017	1	2016
MIR6788	0	0	0
LOC124904249	16	1	15
LOC105371993	0	0	0
LOC107985173	0	0	0
LOC124904250	0	0	0
LOC105371995	0	0	0
LINC01928	0	0	0
LINC01255	0	0	0
SLC35G4	0	0	0
MIR7153	0	0	0
GNAL	282	248	623
CHMP1B	1965	24	1941
LOC124904251	37	1	47
LOC124904252	17	66	11
MPPE1	359	299	578
LOC101927511	19	4	15
IMPA2	4461	2	4459
ANKRD62	0	0	0
C18orf61	0	0	0
LOC124904253	0	0	0
CIDEA	0	0	0
LOC105371996	0	0	0
TUBB6	3505	542	3510
AFG3L2	971	44	1766
LOC107985154	5	287	1
PRELID3A	49	0	49
LOC105371998	6	80	9
SPIRE1	458	8	533
LOC124904371	0	0	0
PSMG2	641	0	641
CEP76	179	0	179
LINC01882	0	0	0
PTPN2	596	0	596
SEH1L	534	0	534
CEP192	717	0	717
LOC124904254	2	2	0
LOC124904255	0	0	0
LDLRAD4	14	14	0
C18orf15	0	0	0
LDLRAD4-AS1	0	0	0
MIR5190	0	0	0
LDLRAD4-AS3	0	0	0
MIR4526	0	0	0
FAM210A	517	0	517
RNMT	1257	0	1257
MC5R	0	0	0
MC2R	0	0	0
LOC124904257	0	0	0
ZNF519	54	0	54
ANKRD20A5P	0	0	0
CYP4F35P	0	0	0
LOC105372003	0	0	0
CXADRP3	0	0	0
POTEC	0	0	0
LOC105372004	0	0	0
GTF2IP8	0	0	0
LOC105372006	0	0	0
LOC105372005	0	0	0
LOC105372007	0	0	0
ANKRD30B	0	0	0
LOC105372008	0	0	0
MIR3156-2	0	0	0
LINC01906	0	0	0
LOC105372010	0	0	0
LINC01443	0	0	0
LINC01444	0	0	0
LOC644669	0	0	0
ROCK1	988	0	988
LOC107985161	0	0	0
GREB1L-DT	2	0	2
GREB1L	392	1	401
GREB1L-AS1	0	10	0
LOC124900410	0	0	0
ESCO1	386	1	385
SNRPD1	1152	0	1152
ABHD3	483	0	483
MIR320C1	1	1	0
MIB1	781	0	781
LOC124900411	0	0	0
LOC124904362	0	0	0
MIR133A1HG	0	0	0
MIR133A1	0	0	0
MIR1-2	0	0	0
LOC105372016	0	0	0
LINC01900	0	0	0
LOC124904259	0	0	0
GATA6-AS1	16	0	18
GATA6	393	7	388
LOC105372017	0	0	0
LOC105372018	0	0	0
LOC124904367	0	0	0
LOC101927548	0	0	0
LOC105372019	4	0	4
CTAGE1	0	0	0
LOC124904261	0	0	0
LOC124904260	0	0	0
LOC124904265	0	0	0
LOC124904262	0	0	0
LOC124904264	2	0	2
RBBP8-AS1	1	2	7
LOC124904263	0	0	0
LOC124904378	0	0	0
RBBP8	913	5	914
MIR4741	0	0	0
LOC124904266	1	0	1
CABLES1	716	11	709
SLC35D4	133	0	137
RIOK3	1088	0	1088
RMC1	237	200	360
NPC1	2577	169	2731
ANKRD29	240	0	240
LAMA3	1637	0	1637
LINC02958	101	8	93
TTC39C	839	2	858
TTC39C-AS1	16	28	9
CABYR	33	17	20
OSBPL1A	876	2	908
MIR320C2	0	0	0
LOC124904267	0	0	0
LOC124904268	4	30	4
IMPACT	335	0	335
HRH4	3	0	3
LOC105372026	0	0	0
LINC01915	0	0	0
LOC105372027	0	0	0
LOC105372028	0	0	0
LOC105372029	0	0	0
LINC01894	0	0	0
LOC107985141	0	0	0
ZNF521	238	1	237
LOC124904269	0	0	0
LOC124904270	0	0	0
LOC105372031	0	0	0
LOC124904271	0	0	0
SS18	1258	1	1257
PSMA8	0	0	0
TAF4B	156	0	156
LOC107985142	0	0	0
LINC01543	0	0	0
LOC124904274	0	0	0
KCTD1	308	2	325
LOC124904273	0	19	0
MIR8057	0	0	0
LOC102725227	2	2	0
PCAT18	1	0	1
LOC124904272	8	0	8
LOC105372035	0	0	0
AQP4	0	0	0
AQP4-AS1	0	0	1
CHST9	0	1	0
LOC124904275	1	0	1
LOC105372036	0	0	0
LINC01908	0	0	0
LOC105372038	0	0	0
LOC105372040	0	0	0
LOC105372041	0	0	0
LOC107985126	0	0	0
LOC105372042	0	0	0
CDH2-AS1	0	0	2
CDH2	1	2	1
LOC105372043	0	0	0
LOC124904343	0	0	0
LINC02879	0	0	0
LOC105372044	0	0	0
LOC105372045	0	0	0
LOC124904344	21	0	21
MIR302F	0	0	0
LOC105372046	0	0	0
LOC105372047	0	0	0
DSC3	1	0	1
LOC124904345	0	0	0
DSC2	1000	1	999
DSCAS	1	0	2
DSC1	2	3	0
LOC105372049	0	0	0
LOC124904346	0	0	0
DSG1	0	0	0
DSG1-AS1	0	0	0
DSG4	0	0	0
DSG3	0	0	0
DSG2	2549	0	2809
DSG2-AS1	7	267	0
TTR	0	0	0
LOC124904277	0	0	0
B4GALT6	23	4	19
SLC25A52	0	0	0
TRAPPC8	570	2	568
RNF125	294	0	294
LOC124904278	0	1	4
RNF138	434	8	431
LOC124904366	0	0	0
MEP1B	0	0	0
GAREM1	152	0	152
WBP11P1	0	0	0
KLHL14	0	0	0
LOC112268208	0	0	0
LOC105372055	0	0	0
LOC105372058	0	0	0
LOC107985186	0	0	0
CCDC178	0	0	0
LOC105372059	0	0	0
ASXL3	0	0	0
LOC124904347	0	0	0
NOL4	0	0	0
LOC124904279	0	0	0
LOC124904280	2	0	2
DTNA	107	0	118
LOC124904281	0	0	0
DTNA-AS1	0	11	0
LOC105372061	0	0	0
LOC124904282	0	0	0
MAPRE2	137	0	137
ZNF397	253	49	250
ZSCAN30	337	12	371
ZNF271P	250	0	250
ZNF24	1234	3	1264
LOC124904283	5	32	6
ZNF396	0	0	0
LOC105372063	0	0	0
LOC124904284	0	0	0
ZNF24TR	0	0	0
INO80C	182	2	180
GALNT1	809	4	1020
MIR3975	0	0	0
LOC105372065	0	0	0
LOC124904285	0	0	0
LOC105372064	11	226	0
MIR187	0	0	0
MIR3929	0	0	0
LOC105372066	1	0	1
RMP24	292	0	292
RPRD1A	1190	1	1189
SLC39A6	3106	0	3106
ELP2	1823	63	1850
COSMOC	10	35	72
MOCOS	1794	3	1797
LOC124904286	40	0	41
FHOD3	20	23	2
LOC105372071	0	0	0
TPGS2	880	0	885
KIAA1328	81	0	81
LOC105372069	0	0	0
LOC124904287	4	0	4
CELF4	2	2	0
LOC105372068	0	0	0
SNORA111	0	0	0
LOC124904288	0	0	0
LOC124904289	0	0	0
LOC107985118	0	0	0
MIR4318	0	0	0
LOC102724417	0	0	0
LOC105372073	0	0	0
LOC105372074	0	0	0
LOC112268212	0	0	0
LOC124904338	0	0	0
LOC105372076	0	0	0
LOC105372077	0	0	0
MIR924HG	67	0	70
LOC101927879	3	6	0
MIR924	0	0	0
LOC101927857	5	5	0
MIR5583-2	0	0	0
MIR5583-1	0	0	0
LINC01901	0	0	0
LINC01902	0	0	0
LOC124904349	0	0	0
LOC105372081	0	0	0
LINC01477	0	0	0
LOC105372082	0	0	0
LOC107985132	0	0	0
LOC124904364	0	0	0
LOC105372084	0	0	0
LOC107985168	0	0	0
KC6	0	0	0
LOC105372083	0	0	0
LOC105372085	0	0	0
PIK3C3	975	0	975
LOC124904350	0	0	0
LINC00907	2	0	2
LOC124904351	0	0	0
RIT2	0	0	0
SYT4	1	0	1
LOC105372088	0	0	0
LOC105372087	0	0	0
LINC01478	0	0	0
LOC124904291	0	0	0
LINC01601	0	0	0
LOC124904290	0	0	0
LOC105372089	0	0	0
SETBP1-DT	10	1	9
SETBP1	112	0	112
MIR4319	0	0	0
LOC105372091	0	0	0
LOC101927961	0	0	0
SLC14A2	0	0	0
SLC14A2-AS1	0	0	0
LOC105372093	1	0	1
LOC105372092	0	0	0
SLC14A1	1	0	1
EPG5	442	0	443
SIGLEC15	0	1	0
PSTPIP2	0	0	0
ATP5F1A	10257	4	10253
TRK-CTT6-1	1	0	1
HAUS1	336	0	336
ARK2N	463	1	462
ARK2C	276	0	285
LOC105372095	0	0	0
LOC124904293	0	9	0
LOXHD1	0	0	0
LOC105372096	0	0	0
ST8SIA5	5	0	5
ST8SIA5-DT	17	17	0
PIAS2	583	0	583
LOC124904294	0	0	0
KATNAL2	70	25	74
ELOA2	1	1	0
LOC105372098	18	20	27
HDHD2	309	6	303
IER3IP1	820	0	820
SKOR2	0	0	0
LOC124904295	0	0	0
MIR4527HG	0	0	0
MIR4527	0	0	0
LOC105372100	0	0	0
SMAD2	2508	1	2507
LOC124904297	3	0	3
LOC105372101	0	0	0
ZBTB7C	22	14	8
ZBTB7C-AS1	0	0	0
ZBTB7C-AS2	0	0	0
LOC124904352	0	0	0
LOC124904353	0	0	0
CTIF	0	0	0
MIR4743	0	0	0
LOC105372107	0	0	0
LOC107985147	0	0	0
LOC105372106	0	0	0
CTIF-AS1	0	0	0
LOC124904355	0	0	0
SMAD7	433	0	433
LOC105372108	1	0	1
DYM-AS1	2	2	2
DYM	548	1	549
MIR4744	0	0	0
LOC124904298	0	0	0
C18orf32	18	0	18
RPL17-C18orf32	0	0	0
MIR1539	0	0	0
RPL17	23	0	23
SNORD58C	13	0	13
SNORD58A	4	0	4
SNORD58B	0	0	0
LINC02837	0	0	0
LIPG	0	0	0
LOC105372112	0	0	0
LOC112268210	0	0	0
ACAA2	2437	0	2437
SNHG22	1	104	2
SCARNA17	4	0	4
MYO5B	578	10	673
LOC124904299	0	0	0
MIR4320	0	0	0
CFAP53	63	0	63
LOC124904300	27	0	27
MBD1	1302	0	1302
CXXC1	1945	1	1944
LOC124904301	0	0	0
LOC105372114	0	0	0
SKA1	0	0	0
LOC105372115	0	0	0
MAPK4	426	0	426
LOC124904302	0	0	0
LOC105372116	0	0	0
MRO	19	0	19
ME2	943	0	943
ELAC1	47	0	66
LOC107985152	18	27	10
LOC124904303	4	0	4
SMAD4	793	3	790
MEX3C	359	0	359
LINC01630	0	0	0
LOC124904365	0	0	0
LOC105372120	0	0	0
LOC105372121	0	0	0
DCC	0	0	0
MIR4528	0	0	0
LOC124904305	0	0	0
LOC124904304	0	0	0
LINC01919	0	0	0
LINC01917	0	0	0
MBD2	1700	4	1696
SNORA37	0	0	0
LOC124904306	0	0	0
LOC124904307	3	1	4
POLI	139	4	137
STARD6	0	0	0
C18orf54	101	0	101
DYNAP	0	0	0
LOC124904308	0	0	0
RAB27B	680	2	678
CCDC68	279	0	279
LOC107985125	0	0	0
LINC03035	0	0	0
LINC01929	0	0	0
TCF4	0	0	0
TCF4-AS1	0	0	0
MIR4529	0	0	0
LOC105372126	0	0	0
LOC105372130	0	0	0
LINC01415	0	0	0
LOC107985183	0	0	0
LOC105372131	0	0	0
LINC01416	0	0	0
LINC03092	0	0	0
LINC03069	0	0	0
LINC01905	0	0	0
LOC124904363	0	0	0
LINC01539	0	0	0
LOC105372132	0	0	0
LOC105372135	0	0	0
TXNL1	867	0	867
WDR7	123	3	120
WDR7-OT1	2	0	2
LOC105372136	0	0	0
LINC-ROR	0	0	0
BOD1L2	0	0	0
LINC02565	0	0	0
ST8SIA3	0	0	0
ONECUT2	443	0	443
FECH	535	0	535
NARS1	3087	0	3087
ATP8B1-AS1	53	0	56
ATP8B1	8	10	3
LOC105372141	19	0	21
LOC124904310	3	0	3
LOC105372140	10	0	10
LINC01897	0	0	0
NEDD4L	950	1	949
LOC105372143	0	0	0
MIR122HG	0	0	0
MIR122	0	0	0
MIR3591	0	0	0
ALPK2	253	0	253
ALPK2-AS1	0	0	0
SNORA108	0	0	0
LINC03110	0	0	0
MALT1-AS1	5	34	5
MALT1	844	0	878
LOC105372146	0	0	0
LINC01926	0	0	0
LOC124900406	0	0	0
ZNF532	624	3	621
OACYLP	0	0	0
SEC11C	396	0	396
GRP	0	0	0
RAX	0	0	0
CPLX4	0	0	0
LMAN1	5365	4	5361
LOC107985156	0	0	0
CCBE1	0	0	0
PMAIP1	1184	0	1184
LOC105372151	0	0	0
LOC105372152	0	0	0
LINC03111	0	0	0
LOC105372155	0	0	0
MC4R	0	0	0
LOC124904313	0	0	0
LOC105372156	0	0	0
CDH20	0	0	0
LOC124904314	0	0	0
LOC105372157	0	0	0
LINC01544	0	0	0
LOC124904315	0	0	0
RNF152	0	0	0
LOC105372159	0	0	0
LOC112268209	0	0	0
PIGN	605	0	605
RELCH	528	0	528
TNFRSF11A	195	0	195
ZCCHC2	557	0	557
PHLPP1	458	6	452
LOC105372160	0	0	0
LOC105372161	0	0	0
BCL2	229	0	229
KDSR	1230	0	1245
LOC124904317	12	3	9
KDSR-DT	6	16	7
VPS4B	605	1	671
LOC124904316	1	67	0
SERPINB5	2911	0	2911
SERPINB12	4	0	4
SERPINB13	0	0	0
SERPINB4	271	3	268
SERPINB3	801	4	797
SERPINB11	1	0	1
LOC124904318	0	0	0
SERPINB7	13	0	13
LOC124904356	0	0	0
SERPINB2	1	0	1
SERPINB10	0	0	0
HMSD	0	1	0
LOC105372165	2	19	6
SERPINB8	184	4	202
LINC00305	0	0	0
LINC01924	0	0	0
LOC124904357	0	0	0
LINC01538	0	0	0
LOC105372166	0	0	0
LOC105372167	0	0	0
LOC107985178	0	0	0
LOC101927404	0	0	0
LOC105372168	0	0	0
LINC01916	0	0	0
LOC105372169	0	0	0
CDH7	0	0	0
LOC105372170	0	0	0
CDH19	0	0	0
LOC124904320	0	0	0
MIR5011	0	0	0
DSEL	0	0	0
DSEL-AS1	0	0	0
LOC105372174	0	0	0
LOC105372173	0	0	0
LOC105372172	0	0	0
LINC01903	0	0	0
LINC01912	0	0	0
TMX3	779	0	779
CCDC102B	9	0	9
LOC107985134	0	0	0
LOC107985136	0	0	0
DOK6	0	0	0
LOC105372179	0	0	0
LOC107985138	0	0	0
CD226	5	0	5
RTTN	400	1	402
LOC105372180	5	3	6
LOC124904321	0	1	0
LOC107985158	1	0	2
SOCS6	516	4	513
LINC01909	1	1	1
LIVAR	0	1	0
LINC01910	2	0	2
LOC105376872	0	0	0
GTSCR1	0	0	0
LOC124904322	0	0	0
LOC105372185	0	0	0
LOC105372188	0	0	0
LOC105372187	0	0	0
LOC107985179	0	0	0
LINC01541	0	0	0
LOC105372186	0	0	0
LINC01899	0	0	0
LOC105376873	0	0	0
LOC102725148	0	0	0
LOC105372189	0	0	0
CBLN2	0	0	0
NETO1	0	0	0
MIR548AV	0	0	0
NETO1-DT	0	0	0
LINC02864	204	0	204
LINC02582	15	0	15
LOC105372190	0	0	0
LOC105372191	0	0	0
LOC124904358	0	0	0
FBXO15	0	0	0
TIMM21	531	0	531
CYB5A	1	0	1
C18orf63	0	0	0
LINC01922	0	0	0
DIPK1C	0	0	0
CNDP2	828	0	828
CNDP1	0	0	0
LOC124904324	0	0	0
ZNF407-AS1	69	0	69
ZNF407	227	0	227
LOC124904323	0	0	0
LOC124904325	0	0	0
LOC124904326	0	0	0
LOC105376874	0	0	0
PTGR3	438	0	438
TSHZ1	224	0	224
LOC105372200	0	0	0
SMIM21	0	0	0
LOC124900405	0	0	0
LOC107985177	0	0	0
LOC105372201	0	0	0
LOC105372202	0	0	0
LINC01898	0	0	0
LOC105372203	0	0	0
LOC124904339	0	0	0
LOC105372204	0	0	0
LOC339298	0	0	0
LOC124904360	0	0	0
LOC105372206	0	0	0
LINC01893	0	0	0
LOC105372210	0	0	1
LOC105372209	3	4	0
LOC105372211	0	0	0
ZNF516	0	0	0
ZNF516-AS1	0	0	0
ZNF516-DT	0	0	0
LINC00908	0	0	0
LINC00683	0	0	0
LINC01927	0	0	0
LOC107985151	0	0	0
LOC105372212	0	0	0
LINC01879	0	0	0
LOC105372213	0	0	0
LOC124904327	0	0	0
ZNF236-DT	10	0	10
ZNF236	243	0	243
LOC105372214	0	0	0
MBP	157	2	156
MBP-AS1	8	2	7
LOC124904328	1	0	1
LOC124904329	0	0	0
GALR1	0	0	0
LOC107985171	0	0	0
LOC107985172	0	0	0
LOC107985129	0	0	0
LINC01029	0	0	0
LOC105372219	0	0	0
LOC105372220	0	0	0
LOC105372221	0	0	0
LOC124904330	0	0	0
LOC105372224	0	0	0
LINC01896	0	0	0
SALL3	0	0	0
LOC105372225	0	0	0
ATP9B	447	0	447
LOC124904331	0	0	0
LOC105372226	0	0	0
LOC124904332	0	0	0
LOC107985149	0	0	0
NFATC1	73	0	86
LOC124904333	2	0	2
LOC124904334	1	0	1
LOC101927897	4	17	0
LOC107985162	0	0	0
LOC102723506	0	0	0
LOC284240	0	0	0
LOC124904335	0	0	0
LOC105372228	0	0	0
CTDP1-DT	0	1	0
CTDP1	391	2	390
KCNG2	2	2	0
SLC66A2	709	1	708
LOC124904336	12	0	12
HSBP1L1	747	3	745
TXNL4A	1272	0	1273
RBFA	325	0	325
RBFADN	7	0	7
ADNP2	575	0	575
PARD6G-AS1	13	0	14
PARD6G	78	76	3
LOC124904337	0	0	0
WASH5P	34	0	34
LOC105376912	1	1	0
MIR1302-11	0	0	0
FAM138F	0	0	0
OR4F17	0	0	0
LINC01002	1	0	1
LOC101928344	8	0	8
LOC107985295	0	0	0
PLPP2	2727	0	2727
LOC124904605	0	0	0
MIER2	725	0	725
SPMAP2	0	0	0
LOC124904606	0	0	0
C2CD4C	10	0	10
LOC124904607	0	0	0
SHC2	1	0	1
CIMAP1D	0	0	0
LOC124904608	7	1	6
MADCAM1	5	5	0
MADCAM1-AS1	2	354	4
TPGS1	212	3	565
CDC34	1614	0	1614
GZMM	5	0	5
BSG-AS1	43	196	145
BSG	37078	117	37260
HCN2	902	13	1511
LOC107987266	18	626	14
POLRMT	3701	58	3892
LOC105372234	94	227	122
FGF22	2	2	0
RNF126	1665	1	1665
FSTL3	17722	14	17708
PRSS57	3	1	2
PALM	1465	5	1460
MISP	2893	1	2892
LOC101928450	78	30	58
LINC01836	184	0	194
PTBP1	12388	3	12385
MIR4745	0	0	0
PLPPR3	9	1	10
MIR3187	0	2	0
AZU1	0	0	0
PRTN3	0	0	0
ELANE	1	0	1
CFD	18	0	18
MED16	502	189	313
RNU6-9	1	0	1
R3HDM4	959	0	959
KISS1R	0	0	0
ARID3A	659	0	659
WDR18	1447	0	1447
GRIN3B	5	193	0
TMEM259	5093	5	5276
RNU6-2	0	0	0
CNN2	2980	1	2979
ABCA7	2771	1	2770
ARHGAP45	1530	214	1428
POLR2E	4490	32	4570
GPX4	7690	2	7688
SBNO2	123	2	155
LOC102723798	7	25	0
LOC102725180	23	24	4
STK11	105	32	89
CBARP	300	6	327
CBARP-DT	3	20	0
ATP5F1D	5107	6	5101
LOC102723811	6	2	4
MIDN	3200	2	3198
LOC107985303	11	5	23
LOC105372236	17	32	6
CIRBP-AS1	88	27	67
CIRBP	1518	222	1302
FAM174C	1628	5	1623
EFNA2	72	0	72
PWWP3A	1405	4	1401
TRF-GAA1-6	0	0	0
TRN-GTT2-6	1	0	1
NDUFS7	1941	33	1908
GAMT	1483	2	1481
DAZAP1	3576	4	3572
RPS15	13928	3	13926
APC2	747	693	56
C19orf25	287	1	288
PCSK4	140	0	140
REEP6	1082	0	1082
ADAMTSL5	313	3	402
LOC124904609	13	102	3
LOC107985337	0	0	0
PLK5	3	0	3
MEX3D	576	4	572
MBD3	2388	0	2388
UQCR11	1537	3	1534
TCF3	3045	4	3041
ONECUT3	1	0	1
LOC101928543	0	0	0
ATP8B3	241	0	241
REXO1	899	1	1025
MIR1909	0	0	0
LOC100288123	18	145	0
KLF16	792	1	791
ABHD17A	1356	2	1354
SCAMP4	1217	0	1217
ADAT3	230	0	230
LOC105372238	4	6	4
CSNK1G2	2459	1	2486
CSNK1G2-AS1	6	28	0
BTBD2	1514	74	1787
LOC124904610	63	346	67
LOC107985278	7	0	7
MKNK2	6696	2	6694
MOB3A	1027	3	1024
IZUMO4	16	0	16
AP3D1	4632	1	4631
DOT1L	1959	71	2356
DOT1L-AS1	3	195	0
PLEKHJ1	751	235	784
MIR1227	0	0	0
MIR6789	0	0	0
SF3A2	1837	5	1832
AMH	469	1	468
MIR4321	0	0	0
JSRP1	2	0	2
LOC105372240	0	0	0
OAZ1	6296	0	6296
PEAK3	0	0	0
LINGO3	0	0	0
LOC101928572	0	0	0
LSM7	615	1	614
SPPL2B	1212	1	1211
TMPRSS9	8	47	1
LOC124904612	4	0	10
TIMM13	1559	1	1592
LMNB2	2581	4	2577
MIR7108	0	0	0
LINC01775	0	0	0
GADD45B	547	0	547
LOC124904614	0	0	0
GNG7	12	0	12
LOC124904789	0	0	0
MIR7850	0	0	0
DIRAS1	385	0	385
SLC39A3	896	1	895
SGTA	2042	1	2041
THOP1	4048	3	4045
ZNF554	171	0	171
ZNF555	145	0	145
ZNF556	68	0	68
ZNF57	173	15	159
ZNF77	109	0	110
TLE6	723	0	723
TLE2	2218	2	2216
TLE5	11616	13	11603
LOC105372242	1	1	0
GNA11	1706	0	1706
LOC124904615	1	0	1
GNA15	17	5	13
GNA15-DT	3	0	4
S1PR4	36	6	30
NCLN	3975	2	3973
CELF5	17	0	17
LOC105372244	0	0	0
NFIC	2585	3	2582
SMIM24	0	0	0
SMIM44	0	0	0
LOC105372246	2	85	0
DOHH	322	0	531
LOC105372245	3	129	0
FZR1	1182	71	1140
LOC124904617	36	3	43
MFSD12	7173	8	7408
TEKTIP1	373	595	2
LOC124904618	36	1032	22
HMG20B	4414	15	5422
GIPC3	751	3	748
TBXA2R	297	1	298
CACTIN-AS1	15	488	66
CACTIN	480	139	876
PIP5K1C	1146	1	1145
TJP3	451	28	433
APBA3	520	9	521
LOC105372248	0	3	0
MRPL54	344	0	347
RAX2	0	0	0
MATK	1534	2	1532
ZFR2	1	0	1
ATCAY	0	0	0
NMRK2	0	0	0
DAPK3	1440	1	1439
MIR637	14	0	14
EEF2	80212	46	80166
SNORD37	0	0	0
PIAS4	799	1	798
ZBTB7A	900	3	897
MAP2K2	4696	4	4692
CREB3L3	2	0	2
SIRT6	595	1	594
ANKRD24	32	0	32
EBI3	18	0	18
YJU2	665	3	662
SHD	0	0	0
TMIGD2	0	0	0
FSD1	3	0	3
STAP2	2	0	2
MPND	216	0	219
SH3GL1	2459	19	2443
CHAF1A	2526	2055	2560
UBXN6	225	61	2262
MIR4746	0	0	0
HDGFL2	2091	3	2092
PLIN4	2364	24	2344
PLIN5	12	0	12
LRG1	1301	0	1301
SEMA6B	72	1	71
LOC105372249	3	0	3
TNFAIP8L1	215	9	208
MYDGF	4806	1	4807
DPP9	1370	4	1910
DPP9-AS1	20	489	0
LOC105372250	3	74	4
TRG-TCC1-1	0	0	0
TRV-CAC3-1	0	0	0
MIR7-3HG	0	0	0
MIR7-3	0	0	0
LOC124904620	1	0	1
FEM1A	994	2	992
TICAM1	1348	0	1348
PLIN3	7435	3	7432
ARRDC5	4	1	3
UHRF1	1781	3	1778
MIR4747	0	0	0
KDM4B	1598	0	1598
PTPRS-AS1	0	0	0
PTPRS	2663	2	2661
LOC105372253	0	0	0
LOC105372252	0	0	0
ZNRF4	0	0	0
LOC124904622	0	0	0
TINCR	1302	0	1302
SAFB2	1605	4	1602
SAFB	3949	0	3950
LOC107985320	12	13	0
MICOS13	519	2	518
HSD11B1L	55	0	55
RPL36	2319	74	2323
LONP1	11772	16	11834
CATSPERD	0	0	0
PRR22	46	0	46
DUS3L	880	0	880
NRTN	51	0	51
FUT6	0	0	0
FUT3	0	0	0
LOC101928844	0	0	0
FUT5	0	0	0
NDUFA11	7	0	7
VMAC	0	0	0
CAPS	1	5	1
RANBP3	1486	0	1491
RANBP3-DT	8	0	8
RFX2	170	1	169
RFX2-AS1	0	0	0
LOC105372255	0	0	0
ACSBG2	15	12	3
MLLT1	3760	6	3754
ACER1	0	0	0
CLPP	1657	0	1657
ALKBH7	691	3	696
PSPN	14	6	16
GTF2F1	2358	6	2352
MIR6885	0	0	0
MIR6790	0	0	0
LOC390877	0	0	0
KHSRP	5459	3	5456
MIR3940	0	0	0
SLC25A41	40	0	40
SLC25A23	3494	0	3494
CRB3	17	0	17
DENND1C	20	12	8
TUBB4A	1	0	1
TNFSF9	4221	0	4221
CD70	1378	0	1378
TNFSF14	40	0	40
C3	19691	6	19685
GPR108	2600	1	2599
MIR6791	0	0	0
TRIP10	3010	2	3014
LOC124904623	9	4	7
SH2D3A	436	27	413
VAV1	285	4	281
ADGRE1	11	0	11
LOC105372256	0	0	0
ADGRE4P	0	0	0
MARK2P21	0	0	0
LOC112268245	0	0	0
MBD3L2B	0	0	0
MBD3L5	0	0	0
MBD3L4	0	0	0
MBD3L2	0	0	0
MBD3L3	0	0	0
ZNF557	164	8	156
LOC124904625	9	1	8
INSR	675	0	675
LOC124904626	0	0	0
ARHGEF18	1841	213	1769
ARHGEF18-AS1	13	0	13
PEX11G	33	1	175
SAXO5	46	19	30
ZNF358	1076	2	1074
LOC105372261	6	178	6
MCOLN1	1087	18	1246
PNPLA6	1697	22	1675
CAMSAP3	697	7	691
MIR6792	0	0	0
XAB2	1699	2	1698
STXBP2	1584	1	1583
PET100	11	1	11
PCP2	11	5	11
RPS27AP19	0	0	0
RETN	0	0	0
MCEMP1	5	4	1
TRAPPC5	1569	1	1568
FCER2	1	0	1
LOC105372262	0	0	0
CLEC4G	0	0	0
CD209	0	0	0
CLEC4M	0	0	0
LOC105372263	0	0	0
CLEC4GP1	2	0	2
LOC124904628	2	0	2
EVI5L	977	0	977
PRR36	1	0	1
LYPLA2P2	0	0	0
LRRC8E	400	25	379
LOC124904630	2	2	4
MAP2K7	979	1	978
TGFBR3L	72	10	62
SNAPC2	255	2	253
CTXN1	337	7	655
LOC124904629	0	354	7
TIMM44	1037	0	1073
ELAVL1	1526	0	1526
LOC105372266	22	0	22
CCL25	0	0	0
FBN3	9	0	9
CERS4	66	0	66
LOC107985282	0	0	0
CD320	3119	0	3119
NDUFA7	791	3	788
RPS28	4659	7	4692
KANK3	26	37	29
ANGPTL4	5248	9	5244
RAB11B-AS1	28	280	68
LOC124904632	40	3	38
MIR4999	0	0	0
RAB11B	1458	36	1736
MARCHF2	276	0	276
HNRNPM	9650	4	9646
PRAM1	3	0	3
ZNF414	384	1	383
MYO1F	19	4	15
LOC124904633	1	0	1
ADAMTS10	808	0	808
NFILZ	0	0	0
ACTL9	0	0	0
OR2Z1	0	0	0
ZNF558	0	0	0
MBD3L1	0	0	0
MUC16	0	0	0
OR1M1	1	0	1
OR7G2	0	0	0
OR7G1	0	0	0
OR7G3	0	0	0
ZNF317	847	0	847
OR7D2	1	1	0
OR7E24	0	0	0
OR7D4	0	0	0
ZNF699	13	0	13
ZNF559	46	0	46
ZNF559-ZNF177	1	0	1
ZNF177	0	0	0
LOC112268250	0	0	0
ZNF266	640	1	639
LOC105372269	1	0	1
ZNF560	0	0	0
LOC105372268	0	0	0
ZNF426	139	0	139
ZNF426-DT	2	0	2
ZNF121	896	0	896
LOC105376914	0	0	0
ZNF561	513	0	513
ZNF561-AS1	27	0	29
ZNF562	629	8	623
ZNF812P	0	0	0
LOC105372270	0	0	0
ZNF846	49	0	49
LOC100505555	0	0	0
LOC124904635	0	0	0
FBXL12	468	0	468
LOC124900430	2	0	2
UBL5	909	0	909
PIN1-DT	0	0	0
PIN1	884	0	885
OLFM2	227	1	227
LOC124904636	0	0	0
COL5A3	9	0	9
RDH8	0	0	0
MIR5589	0	0	0
C3P1	0	0	0
SHFL	399	7	625
ANGPTL6	28	229	34
PPAN	102	1	102
PPAN-P2RY11	0	0	0
SNORD105	0	0	0
SNORD105B	0	0	0
P2RY11	0	0	0
EIF3G	3059	42	3517
DNMT1	5301	0	5301
S1PR2	103	0	103
MIR4322	0	0	0
MRPL4	1834	3	1847
LIMASI	0	18	0
ICAM1	2170	0	2806
ICAM4-AS1	1	637	2
ICAM4	0	1	3
ICAM5	906	0	906
FDX2-ZGLP1	0	0	0
ZGLP1	0	0	0
FDX2	0	0	0
RAVER1	2061	4	2057
ICAM3	238	71	167
TYK2	2124	3	2121
CDC37	3577	3	3574
MIR1181	0	0	0
PDE4A	243	2	241
KEAP1	1462	2	1460
S1PR5	129	0	129
ATG4D	406	69	476
MIR1238	0	0	0
KRI1	1370	75	1435
CDKN2D	92	0	92
AP1M2	319	0	319
SLC44A2	1813	0	1813
ILF3-DT	192	15	177
ILF3	8586	4	8582
QTRT1	843	0	843
DNM2	3763	4	4119
MIR638	0	0	0
LOC124904637	0	272	0
MIR4748	0	0	0
MIR199A1	0	0	0
MIR6793	0	0	0
TMED1	938	242	786
C19orf38	20	0	21
HIKESHIP2	0	0	0
CARM1	1339	240	1622
YIPF2	579	286	816
TIMM29	413	0	413
SMARCA4	4917	5	4912
LDLR-AS1	3	160	2
LDLR	3564	7	3719
MIR6886	0	0	0
SPC24	620	0	623
KANK2	2192	3	2190
DOCK6	587	4	584
DOCK6-AS1	13	3	11
ANGPTL8	4	1	3
TSPAN16	1	1	0
TSPAN16-AS1	3	0	3
RAB3D	313	0	313
TMEM205	725	0	725
CCDC159	35	0	35
PLPPR2	1259	1	1258
SWSAP1	65	5	60
EPOR	527	4	523
RGL3	454	0	454
ODAD3	16	1078	15
PRKCSH	7934	3	9009
ELAVL3	1	0	1
ZNF653	194	0	194
MIR7974	0	0	0
ECSIT	908	0	908
CNN1	0	0	0
ELOF1	774	0	774
ACP5	2	2	2
LOC124904638	0	1	1
ZNF627	208	0	208
HNRNPA1P10	22	3	19
ZNF833P	9	0	9
ZNF823	72	0	72
ZNF441	33	0	34
LOC124904639	0	1	0
ZNF491	0	0	0
ZNF440	146	0	146
ZNF439	0	0	0
ZNF69	0	0	0
ZNF700	345	0	345
ZNF763	3	0	3
ZNF433-AS1	0	0	0
ZNF433	0	0	0
ZNF878	0	0	0
ZNF844	0	0	0
ZNF788P	0	0	0
ZNF625-ZNF20	0	0	0
ZNF20	0	0	0
ZNF625	0	0	0
ZNF136	105	0	105
LOC100289333	2	2	2
ZNF44	241	7	236
ZNF563	0	0	0
ZNF442	0	0	0
ZNF799	85	0	85
ZNF443	73	1	72
ZNF709	1	0	1
ZNF564	127	2	127
LINC02926	3	0	5
ZNF490	96	0	96
ZNF791	364	6	437
LOC105372279	0	75	4
MAN2B1	2053	0	2053
WDR83	156	1464	223
WDR83OS	235	10	1554
DHPS	1369	91	1480
GNG14	5	5	0
FBXW9	344	0	344
TNPO2	2070	0	2070
SNORD135	0	0	0
SNORD41	0	0	0
TRIR	2894	2	2892
GET3	2897	2	2895
BEST2	1	0	1
HOOK2	1137	3660	1135
MIR5684	0	0	0
JUNB	13560	9	17210
PRDX2	8428	6	8423
THSD8	7	5	3
RNASEH2A	2211	1	2210
RTBDN	15	36	33
RTBDN-AS1	31	20	65
MAST1	212	6	206
MIR6794	0	0	0
DNASE2	2642	2	2640
KLF1	1	0	1
GCDH	486	3	496
SYCE2	65	23	55
MIR5695	0	0	0
FARSA	4091	1	4866
FARSA-AS1	0	775	1
CALR	31562	9	31553
MIR6515	0	0	0
RAD23A	3762	34	4643
GADD45GIP1	2668	887	2696
DAND5	13	0	13
NFIX	13	0	13
NFIX-AS1	0	0	0
LYL1	0	0	0
LOC105372282	0	1	0
TRMT1	2743	2	2746
NACC1	5770	14	5760
STX10	1382	4	1379
IER2	9648	4	9645
CACNA1A	27	3	24
LOC107985287	0	0	0
LOC105372284	1	0	1
YJU2B	709	3	706
MRI1	1276	0	1276
C19orf53	2319	0	2319
ZSWIM4	0	0	0
LOC107985334	0	0	0
MIR23AHG	1	0	1
MIR24-2	0	0	0
MIR27A	0	0	0
MIR23A	0	0	0
NANOS3	0	0	0
MIR181C	0	0	0
MIR181D	0	0	0
BRME1	0	0	0
CC2D1A	0	0	0
PODNL1	0	0	0
DCAF15	0	0	0
RFX1	0	0	0
RLN3	0	0	0
IL27RA	0	0	0
PALM3	0	0	0
MISP3	0	0	0
MIR1199	0	0	0
C19orf67	0	0	0
SAMD1	0	0	0
PRKACA	0	0	0
SMIM46	0	0	0
LOC124904642	0	0	0
ASF1B	0	0	0
ADGRL1-AS1	0	0	0
ADGRL1	1	0	1
LINC01841	0	0	0
LINC01842	1	0	1
ADGRE5	3040	0	3040
DDX39A	2779	1	2778
PKN1	2677	4	2673
PTGER1	1	1	0
GIPC1	1657	0	1657
DNAJB1	2019	5	2020
TECR	3280	6	3280
MIR639	0	0	0
NDUFB7	1266	0	1266
CLEC17A	0	0	0
ADGRE3	0	0	0
SNORA104	194	2	192
ZNF333	51	29	50
ADGRE2	178	0	206
OR7C1	0	0	0
OR7A5	0	0	0
OR7A10	0	0	0
OR7A17	0	0	0
OR7C2	0	0	0
SLC1A6	0	0	0
TEKTL1	0	0	0
CASP14	45	0	45
OR1I1	0	0	0
SYDE1	2553	2	2551
HACL2	1217	1	1216
ILVBL-AS1	3	3	0
NOTCH3	31	0	31
MIR6795	0	0	0
EPHX3	0	0	0
BRD4	1905	1	1905
LOC124904643	2	192	4
AKAP8	1091	6	1278
AKAP8L	1510	2	1508
WIZ	1807	1	1806
MIR1470	0	0	0
RASAL3	0	0	0
PGLYRP2	0	0	0
CYP4F22	1	0	1
LOC124904644	0	0	0
CYP4F8	0	0	0
CYP4F3	0	0	0
CYP4F12	53	0	53
OR10H2	0	0	0
OR10H3	0	0	0
CYP4F24P	0	0	0
OR10H5	0	0	0
OR10H1	0	0	0
LOC124900418	2	0	2
UCA1	7	0	7
CLEC4OP	0	0	0
CYP4F2	0	0	0
CYP4F11	0	0	0
OR10H4	0	0	0
LOC105372291	0	0	0
LINC00661	0	0	0
LINC00905	0	0	0
LINC01855	0	0	0
TPM4	7063	26	7037
RAB8A	1306	0	1614
HSH2D-AS1	3	311	0
HSH2D	50	0	50
CIB3	0	0	0
FAM32A	1484	9	1475
AP1M1	1115	0	1115
KLF2-DT	3	0	3
KLF2	287	0	287
EPS15L1	681	0	681
CALR3	0	0	0
C19orf44	164	765	239
CHERP	1310	88	2062
SLC35E1	1543	2	1543
LOC105372295	7	27	15
MED26	312	7	338
LOC105372296	11	0	11
SMIM7	693	0	693
LOC124904647	4	0	4
TMEM38A	59	0	59
NWD1	0	0	0
LOC124904648	0	0	0
SIN3B	2300	0	2300
F2RL3	4	1	3
CPAMD8	23	0	23
HAUS8	283	0	283
MYO9B	1571	2	1569
SNORA118	0	0	0
USE1	408	3	405
OCEL1	668	0	668
NR2F6	4845	15	4830
USHBP1	1	0	1
BABAM1	2092	2	2090
ANKLE1	79	2	77
ABHD8	388	67	570
MRPL34	1687	212	1724
DDA1	1283	1	1286
ANO8	766	6	767
GTPBP3	877	4	876
PLVAP	2	0	2
LOC105372298	0	0	0
CCDC194	37	0	37
BST2	12077	2	12080
BISPR	138	4	138
MVB12A	975	1	974
TMEM221	6	6	0
NXNL1	1	0	1
SLC27A1	306	26	317
PGLS-DT	8	710	12
PGLS	826	0	1503
NIBAN3	3	0	3
COLGALT1	5613	0	5613
UNC13A	212	0	212
MAP1S	1429	3	1581
FCHO1-AS1	4	162	0
FCHO1	245	0	245
B3GNT3	87	0	87
INSL3	7	0	7
JAK3	224	3	221
RPL18A	24530	14	24516
SNORA68	32	0	32
SLC5A5	3	2	1
CCDC124	1768	0	1768
KCNN1	70	5	65
ARRDC2	894	0	894
IL12RB1	8	0	8
MAST3	411	0	460
LOC124904650	0	49	0
PIK3R2	2453	1	2452
IFI30	7468	1	7467
MPV17L2	603	1	602
RAB3A	28	0	28
LOC102725254	7	0	10
PDE4C	47	8	42
CIST1	0	0	0
IQCN	21	0	21
JUND	3643	25	3618
MIR3188	0	0	0
LOC124904652	31	1	30
LOC124904653	9	0	9
LSM4	3259	13	4425
LOC105372300	12	1184	7
LOC124904654	4	0	4
PGPEP1	269	0	269
GDF15	764	0	764
MIR3189	3	0	3
LRRC25	0	0	0
SSBP4	1819	2	1911
ISYNA1	72	96	69
ELL	674	1	674
FKBP8	7711	14	7697
KXD1	1489	1	1488
UBA52	10713	5	10708
REX1BD	724	8	716
CRLF1	567	2	565
TMEM59L	71	0	71
KLHL26	368	1	367
CRTC1	188	0	188
COMP	0	0	0
UPF1	3068	0	3068
CERS1	8	0	8
GDF1	0	0	0
COPE	3605	8	3598
DDX49	1627	0	1628
HOMER3	1554	1	1559
HOMER3-AS1	4	8	2
SUGP2	2244	74	2247
ARMC6	685	4	758
LOC124904655	0	0	0
SLC25A42	95	0	95
TMEM161A	1405	0	1405
BORCS8-MEF2B	0	0	0
MEF2B	2	0	2
BORCS8	65	0	65
RFXANK	702	141	889
NR2C2AP	283	190	414
NCAN	1	0	1
HAPLN4	0	0	0
TM6SF2	0	0	0
SUGP1	752	0	752
MAU2	1296	4	1294
LOC124904656	0	34	2
GATAD2A	1547	1	1580
MIR640	0	0	0
TSSK6	87	3	84
NDUFA13	1537	0	1537
YJEFN3	277	0	277
CILP2	45	0	45
PBX4	49	0	49
LPAR2	135	0	135
GMIP	389	0	389
ATP13A1	3474	0	3474
ZNF101	184	0	184
ZNF14	80	0	80
LOC101060187	0	0	0
LINC00663	15	0	15
ZNF56P	6	0	6
ZNF506	5	5	0
LOC124904664	0	0	0
ZNF253	0	0	0
ZNF93	1	0	1
LOC124904665	0	0	0
ZNF682	0	0	0
LOC105372308	0	0	0
LOC105372309	0	0	0
ZNF90	0	0	0
LOC105372310	16	14	2
LOC124904662	0	0	0
LOC124904667	0	0	0
ZNF486	0	0	0
LOC102724427	0	0	0
LOC105372314	0	0	0
LOC124904660	0	0	0
ZNF826P	0	0	0
MIR1270	0	0	0
LOC124904663	0	0	0
LOC105372317	0	0	0
LOC105372316	1	0	1
ZNF737	2	0	2
LOC105372318	0	0	0
ZNF626	6	0	6
LOC105372319	0	0	0
ZNF66	6	0	6
ZNF85	0	0	0
LOC112268247	0	0	0
ZNF430	67	0	67
ZNF714	236	2	234
ZNF431	228	0	228
ZNF708	38	0	38
ZNF738	125	0	125
ZNF493	85	0	85
LOC105372321	0	0	0
LINC00664	0	0	0
ZNF429	0	0	0
LOC124904670	0	0	0
LOC101929007	0	0	0
LOC105372323	1	0	1
LOC400682	0	0	0
ZNF100	0	0	0
CCNYL6	0	0	0
ZNF43	0	0	0
LOC105372324	0	0	0
LOC105372326	0	0	0
LOC105372325	0	0	0
ZNF208	0	0	0
LOC124904672	0	0	0
LOC112268248	0	0	0
ZNF257	1	0	1
ZNF676	0	0	0
ZNF729	0	0	0
LOC105372330	0	0	0
ZNF98	0	0	0
LOC105376917	0	0	0
LOC101929124	0	0	0
LINC01233	0	0	0
LOC105372331	0	0	0
GOLGA2P9	0	0	0
LOC100996349	0	0	0
LINC01785	0	0	0
ZNF492	0	0	0
ZNF99	0	0	0
ZNF723	0	0	0
LOC105372332	0	0	0
ZNF728	0	0	0
LINC01859	0	0	0
LINC01858	0	0	0
ZNF730	1	0	1
ZNF724	0	0	0
IPO5P1	0	0	0
ZNF91	169	0	169
LOC124904675	0	0	0
LOC124904674	0	0	0
LOC107985285	0	0	0
LINC01224	0	0	0
LOC105372335	0	0	0
LOC105372334	0	0	0
LOC105372337	0	0	0
LOC105372338	45	0	45
LOC105372339	0	0	0
ZNF675	205	1	204
ZNF681	0	0	0
RPSA2	2716	0	2716
LOC124904677	0	0	0
ZNF726	6	0	6
ZNF276-AS1	2	0	2
ZNF254	126	0	126
LINC03085	1	0	1
HAVCR1P1	0	0	0
LOC124904678	0	0	0
LOC105372345	10	0	10
LINC00662	52	20	68
LINC02987	64	16	84
LOC105372348	0	0	0
LOC105372347	0	0	0
LOC105372346	0	0	0
LOC100420587	0	0	0
LOC105372349	0	0	0
LOC124904681	0	0	0
ERVE-5	4	0	4
LOC124904679	0	0	0
LOC124904797	0	0	0
LINC00906	0	0	0
LOC102724958	0	0	0
LINC01532	0	0	0
LOC124904682	0	0	0
UQCRFS1	2706	0	2706
UQCRFS1-DT	2	0	2
VSTM2B-DT	0	0	0
LOC124904683	0	0	0
VSTM2B	0	0	0
POP4	709	0	709
LOC105372353	15	0	15
PLEKHF1	159	0	159
C19orf12	365	0	365
LOC107985345	0	0	0
CCNE1	585	0	585
URI1	1191	0	1191
LOC107985271	0	0	0
ZNF536	0	0	0
ZNF536-AS1	0	0	0
LOC105372354	0	0	0
LINC01834	0	0	0
LOC105372355	0	0	0
LOC124900621	0	0	0
LOC105372356	0	0	0
LOC105372358	0	0	0
TSHZ3	0	0	0
LINC01791	0	0	0
TSHZ3-AS1	0	0	0
LOC124904794	0	0	0
LINC02841	0	0	0
LINC03103	0	0	0
LOC105372361	0	0	0
LOC105372362	0	0	0
LINC01837	0	0	0
LOC105372364	0	0	0
LINC01533	0	0	0
LOC105376899	0	0	0
LINC01782	0	0	0
LOC124904688	0	0	0
ZNF507	491	1	490
LOC124904689	0	0	0
DPY19L3-DT	6	0	6
DPY19L3	387	0	387
PDCD5	988	0	988
ANKRD27	932	1	931
SNORA68B	0	0	0
RGS9BP	4	0	4
NUDT19-DT	13	79	43
NUDT19	351	33	433
LOC124904690	19	12	12
TDRD12	0	0	0
SLC7A9	0	0	0
CEP89	188	0	188
FAAP24	122	0	122
RHPN2	535	0	535
GPATCH1	279	0	279
WDR88	2	19	2
LOC124904691	18	0	37
TRT-AGT1-3	0	0	0
LRP3	535	1	534
SLC7A10	0	0	0
CEBPA	1046	4	1042
CEBPA-DT	11	1	10
CEBPG	774	0	774
PEPD	927	0	1190
LOC124904692	0	263	0
LOC105372370	3	0	3
LOC100996681	0	0	0
CHST8	0	0	0
KCTD15	1091	9	1082
LOC124904693	0	0	0
SUNO1	0	0	0
LOC105372371	0	0	0
LSM14A	94	0	94
GARRE1	161	2	159
GPI	1003	0	1003
PDCD2L	0	0	0
LOC124904695	0	0	0
UBA2	0	0	0
WTIP	0	0	0
ZNF807P	0	0	0
LOC105372374	0	0	0
SCGB1B2P	5	0	5
SCGB2B2	4	0	4
SCGB2B3P	0	0	0
ZNF302	173	8	172
ZNF181	191	26	166
LOC124904698	1	2	0
ZNF599	19	0	19
LOC124904696	0	0	0
LINC01801	0	0	0
LINC02965	0	0	0
LINC03049	0	0	0
LINC00904	0	0	0
LINC01838	0	0	0
ZNF30-AS1	0	0	0
ZNF30	63	2	61
ZNF792	64	0	66
LOC124904699	0	2	0
LOC124904700	0	0	0
GRAMD1A	3021	0	3021
SCN1B	64	0	64
HPN	0	0	0
HPN-AS1	0	2	0
LOC124904701	6	0	8
FXYD3	91	0	91
MIR6887	0	0	0
LGI4	10	0	11
FXYD1	1	1	0
FXYD7	1	1	0
FXYD5	3188	4	3186
LOC105372379	0	0	0
FAM187B	0	0	0
LSR	452	8	444
LOC105372380	1	0	1
USF2	2368	1	2367
HAMP	0	0	0
MAG	6	0	6
CD22	20	0	20
MIR5196	0	0	0
FFAR1	0	0	0
FFAR3	0	0	0
GPR42	0	0	0
LINC01531	0	0	0
LOC101927522	0	0	0
FFAR2	1	0	1
KRTDAP	0	0	0
LOC124904703	0	0	0
DMKN	3	0	3
SBSN	2	0	2
GAPDHS	66	111	0
TMEM147-AS1	55	1082	101
TMEM147	1247	1	2329
ATP4A	0	0	0
LOC124904704	0	0	0
PMIS2	0	0	0
LINC01766	0	0	0
HAUS5-DT	0	0	0
HAUS5	808	0	808
RBM42	2421	1	2420
ETV2	17	1	16
COX6B1	2254	0	2254
UPK1A	1	0	1
UPK1A-AS1	1	1	0
ZBTB32	32	12	20
KMT2B	1897	5	1898
IGFLR1	155	5	156
U2AF1L4	151	2	151
PSENEN	562	1	562
LIN37	239	0	239
HSPB6	0	0	0
PROSER3	251	0	251
ARHGAP33	68	0	68
TEX14BP	0	0	0
PRODH2	0	0	0
NPHS1	23	0	23
KIRREL2	5	5	1
LOC107985317	0	0	1
APLP1	593	1	606
LOC124904705	0	14	0
NFKBID	136	0	136
HCST	3	0	3
TYROBP	0	0	0
LRFN3	195	0	195
LOC105372383	1	0	1
SDHAF1	329	0	329
SYNE4	16	11	5
ALKBH6	452	0	452
LOC101927572	10	15	16
CLIP3	45	15	52
THAP8	99	1	98
WDR62	1013	4	1009
OVOL3	2	1	2
POLR2I	187	3	241
TBCB	722	62	716
LOC105372385	6	6	0
CAPNS1	5355	3	5353
COX7A1	0	1	0
ZNF565	35	1	36
ZNF146	1669	1	1785
LOC107985304	2	108	0
LOC124904707	480	0	480
CYKILR	4	0	4
LINC00665	15	0	15
ZFP14	23	0	23
ZFP82	62	0	62
ACOT4P1	0	0	0
ZNF566	126	0	127
ZNF566-AS1	47	3	45
ZNF260	346	0	346
ZNF529	182	17	169
ZNF529-AS1	23	4	23
ZNF382	7	0	7
ZNF461	1	0	1
ZNF567	84	2	84
ZNF567-DT	0	0	2
ZNF850	9	2	7
LOC728485	1	0	1
ZNF790-AS1	0	0	0
ZNF790	0	0	0
ZNF345	0	0	0
ZNF829	10	0	10
ZNF568	6	0	6
ZNF420	105	0	105
LOC105372390	3	0	3
ZNF585A	0	0	0
ZNF585B	4	0	4
ZNF383	114	0	114
LINC01535	0	0	0
LOC284412	6	0	6
ZNF875	207	0	207
ZNF527	43	0	43
ZNF569	30	3	28
ZNF570	1	0	2
ZNF793-AS1	0	0	0
ZNF793	0	0	0
LOC124904708	0	0	0
ZNF571-AS1	3	7	0
ZNF540	2	0	2
ZNF571	12	0	16
ZFP30	41	0	41
ZNF781	4	0	4
ZNF607	154	0	154
ZNF573	6	0	6
LOC105372394	0	0	0
LOC644554	0	0	0
WDR87BP	0	0	0
LOC105372395	0	0	0
WDR87	0	0	0
LOC107985301	0	0	0
SIPA1L3	649	0	649
LOC105372396	0	0	0
SNORD152	0	0	0
DPF1	22	1	21
PPP1R14A	0	0	0
SPINT2	64	0	64
YIF1B	1518	552	1570
C19orf33	0	57	547
KCNK6	9	0	9
CATSPERG	3	0	5
LOC124904798	0	2	0
PSMD8	1847	0	1847
GGN	14	14	0
SPRED3	81	0	81
FAM98C	254	1	253
RASGRP4	0	0	0
RYR1	7	1	6
LOC124904710	0	0	0
MAP4K1	1	0	1
MAP4K1-AS1	0	0	0
EIF3K	0	0	0
ACTN4	1	0	1
LOC107985291	0	0	0
CAPN12	0	0	0
LOC124904711	0	0	0
LGALS7	0	0	0
LGALS7B	0	0	0
LGALS4	0	0	0
ECH1	3	0	3
LOC124904712	0	0	0
HNRNPL	0	0	0
RINL	0	0	0
SIRT2	0	0	0
NFKBIB	0	0	0
CCER2	0	0	0
SARS2	0	0	0
MRPS12	0	0	0
LOC124904713	2	0	2
FBXO17	0	0	0
FBXO27	51	0	51
ACP7	0	0	0
PAK4	1587	4	1583
PAK4-AS1	0	0	0
LOC124904716	1	1	0
NCCRP1	42	0	42
SYCN	0	0	0
LOC124904717	0	0	0
IFNL3	0	0	0
IFNL4	0	0	0
IFNL2	0	0	0
IFNL1	0	0	0
LRFN1	0	0	0
GMFG	0	0	0
SAMD4B	1629	2	1642
PAF1	1896	17	1894
MED29	986	0	986
ZFP36	1806	0	1806
MIR4530	0	0	0
TRI-TAT1-1	0	0	0
PLEKHG2	730	1	729
RPS16	17796	5	17791
SUPT5H	4824	0	4824
SNORD175	1	0	1
TIMM50	1563	0	1563
LOC124904718	20	0	20
DLL3	41	0	41
SELENOV	0	0	0
EID2B	109	0	109
EID2	635	7	628
LOC105372399	0	0	0
LGALS13	0	0	0
LOC100129935	0	0	0
LGALS16	0	0	0
LGALS17A	0	0	0
LGALS14	0	0	0
CLC	0	0	0
LEUTX	0	0	0
LOC124904719	0	0	0
DYRK1B	0	0	0
MIR6719	0	0	0
FBL	0	0	0
FCGBP	0	0	0
LOC124904722	0	0	0
LOC124904720	0	0	0
PSMC4	0	0	0
ZNF546	0	0	0
ZNF780B	0	0	0
ZNF780A	0	0	0
MAP3K10	865	3	862
TTC9B	9	5	4
CCNP	22	0	22
AKT2	2578	3	2575
LOC107985289	5	0	5
MIR641	6	0	6
C19orf47	450	6	450
PLD3	3601	1	3606
MIR6796	0	0	0
HIPK4	1	0	1
PRX	239	0	239
SERTAD1	559	1	558
SERTAD3	697	0	711
SERTAD3-AS1	3	17	0
BLVRB	1946	0	1946
SPTBN4	30	0	30
SHKBP1	1554	2	1552
LTBP4	2354	4	2350
NUMBL	714	0	714
COQ8B	708	0	708
ITPKC	277	0	277
ACTMAP	624	0	635
SNRPA	2856	15	2852
MIA	0	0	0
MIA-RAB4B	0	0	0
RAB4B-EGLN2	0	0	0
RAB4B	0	0	0
EGLN2	1	0	1
CYP2T1P	10	11	0
CYP2A6	0	0	0
CYP2A7	0	0	0
CYP2G1P	0	0	0
CYP2B7P	3	0	3
CYP2B6	0	0	0
CYP2A13	0	0	0
CYP2F1	0	0	0
LOC124904790	0	0	0
CYP2S1	214	0	214
AXL	2540	0	2540
HNRNPUL1	7147	19	7238
LOC105372401	14	104	22
CCDC97	1296	8	1291
TGFB1	2239	3	2237
B9D2	72	3	167
TMEM91	47	105	39
EXOSC5	1016	5	1011
BCKDHA	3342	0	3342
B3GNT8	7	6	1
DMAC2	804	3	801
ERICH4	0	0	0
LOC107985329	0	0	0
PCAT19	0	0	0
LINC01480	0	0	0
CEACAM21	0	0	0
LOC105372404	0	0	0
CEACAM4	0	0	0
LOC105372405	0	0	0
CEACAM7	0	0	0
CEACAM5	0	0	0
CEACAM6	0	0	0
LOC112268252	0	0	0
CEACAM3	0	0	0
LYPD4	0	0	0
DMRTC2	0	0	0
RPS19	16811	5	16806
MIR6797	0	0	0
CD79A	1	0	1
ARHGEF1	1462	2	1462
ERFL	6	1	7
RABAC1	1232	0	1232
ATP1A3	2	0	2
GRIK5	26	0	26
ZNF574	574	0	574
POU2F2	10	0	10
LNROP	0	0	0
MIR4323	0	0	0
POU2F2-AS2	0	0	0
DEDD2	669	0	669
ZNF526	456	1	455
GSK3A	1883	70	1813
ERF	2520	8	2512
CIC	2361	0	2361
PAFAH1B3	276	55	894
PRR19	74	618	129
TMEM145	2	0	2
MEGF8	1447	0	1447
MIR8077	0	0	0
CNFN	54	1	53
LOC101930071	0	0	1
LIPE-AS1	36	1	35
LIPE	9	7	5
CXCL17	1	1	0
CEACAM1	201	4	197
LOC105372407	2	0	2
CEACAM8	0	0	0
PSG3	0	0	0
PSG8	0	0	0
PSG8-AS1	1	0	1
PSG10P	4	0	4
PSG1	7	0	7
PSG6	0	0	0
PSG7	0	0	0
PSG11	0	0	0
PSG2	0	0	0
PSG11-AS1	0	1	0
PSG5	4	0	5
PSG4	78	0	78
LOC284344	0	0	0
PSG9	2	0	2
LINC03078	36	3	33
PRG1	1	0	1
CD177	111	1	110
TEX101	3	0	3
LYPD3	4488	5	4483
PHLDB3	285	1	284
ETHE1	679	1	678
ZNF575	19	4	16
XRCC1	690	1	760
PINLYP	9	69	10
IRGQ	643	0	643
ZNF576	260	0	260
ZNF428	88	5	311
SRRM5	30	140	31
LOC105372411	4	33	4
CADM4	165	11	176
PLAUR	2390	10	2802
LOC124904724	10	422	10
LOC105372412	22	1	21
IRGC	2	2	0
SMG9	792	4	788
KCNN4	1100	0	1100
LYPD5	0	0	0
ZNF283	195	0	195
ZNF404	9	6	3
LOC100505715	2	0	2
ZNF45-AS1	4	38	0
ZNF45	201	0	235
ZNF221	169	0	169
ZNF155	28	3	69
ZNF230-DT	9	44	9
ZNF230	122	0	122
ZNF222-DT	0	0	0
ZNF222	83	0	83
ZNF223	63	0	63
ZNF284	50	0	50
ZNF224	105	2	282
ZNF225-AS1	3	181	4
ZNF225	80	0	80
ZNF234	120	0	120
ZNF226	223	0	223
ZNF227	137	18	163
LOC124904726	13	31	26
ZNF233	8	5	3
ZNF235	46	0	46
ZNF112	97	0	97
ZNF285	0	0	0
ZNF229	0	0	0
ZNF180	195	0	195
CEACAM20	2	0	2
CEACAM22P	6	0	6
IGSF23	2	0	2
PVR	2451	9	2442
MIR4531	0	0	0
CEACAM19	139	2	137
LOC107985306	12	2	10
CEACAM16-AS1	39	3	42
CEACAM16	2	7	0
BCL3	1814	0	1814
MIR8085	0	0	0
CBLC	0	0	0
BCAM	11	0	11
NECTIN2	2480	1	2479
TOMM40	3477	1	3476
APOE	44	0	44
APOC1	0	0	0
APOC1P1	0	0	0
APOC4	0	0	0
APOC4-APOC2	0	0	0
APOC2	0	0	0
CLPTM1	4148	7	4141
RELB	452	0	452
CLASRP	908	2	906
ZNF296	78	3	96
GEMIN7	137	22	728
GEMIN7-AS1	15	607	0
PPP1R37	639	3	636
NKPD1	11	0	11
LOC105372420	0	0	0
TRAPPC6A	199	0	200
BLOC1S3	342	2	341
EXOC3L2	0	0	0
MARK4	494	0	494
CKM	4	4	0
KLC3	12	251	15
ERCC2	788	4	1038
PPP1R13L	2354	2	2352
POLR1G	67	314	415
ERCC1	986	355	1293
MIR6088	0	0	0
FOSB	950	0	950
TRU-TCA1-1	0	0	0
RTN2	685	2	685
PPM1N	24	5	36
LOC107985314	6	17	3
VASP	3168	3	3171
LOC107985315	7	12	0
OPA3	671	8	663
GPR4	0	0	0
EML2	2775	372	2870
MIR330	1	0	1
EML2-AS1	28	96	399
GIPR	18	0	18
MIR642A	0	0	0
MIR642B	0	0	0
SNRPD2	3110	0	3110
QPCTL	1117	0	1117
FBXO46	1430	1	1429
MEIOSIN	6	0	6
SIX5	1197	106	1380
DM1-AS	12	882	44
DMPK	1649	41	2230
DMWD	915	1	914
RSPH6A	2	0	2
SYMPK	3988	0	3988
FOXA3	0	0	0
IRF2BP1	1046	0	1046
MYPOP	261	2	259
NANOS2	0	0	0
NOVA2	0	0	0
CCDC61	104	0	104
MIR769	0	0	0
PGLYRP1	5	5	0
LOC105372421	5	0	5
IGFL4	8	7	1
IGFL2	81	149	29
IGFL3	0	0	0
LOC105372424	35	0	35
IGFL2-AS1	90	4	183
LOC93429	2	0	2
IGFL1	0	0	0
LOC124904728	0	0	0
HIF3A	0	0	0
PPP5C	1883	0	1897
PPP5C-AS1	74	88	0
CCDC8	0	0	0
PNMA8C	0	0	0
PNMA8A	0	0	0
PNMA8B	0	0	0
PPP5D1P	1	0	2
CALM3	2171	5	3959
LOC124904729	10	1771	2
PTGIR	0	29	0
GNG8	0	0	0
DACT3	3	0	3
DACT3-AS1	1	1	0
PRKD2	929	1	928
MIR320E	0	0	0
LOC107987269	4	0	4
STRN4	2398	7	2392
FKRP	313	1	313
SLC1A5	2531	33	2498
SNAR-E	0	0	0
AP2S1	1742	0	1742
LOC124904791	21	13	19
ARHGAP35	1840	0	1851
NPAS1	41	0	42
TMEM160	705	1	705
ZC3H4	1050	1	1050
SAE1	2818	0	2819
LOC124904730	2	0	2
BBC3	229	1	228
MIR3190	0	10	0
MIR3191	0	0	3
LOC124904731	2	0	2
CCDC9	571	1	570
INAFM1	0	0	0
C5AR1	228	0	228
C5AR2	628	0	628
DHX34	1085	1	1084
MEIS3	647	1	646
SLC8A2	1	0	1
KPTN	176	0	176
NAPA-AS1	7	434	32
NAPA	1226	18	1653
ZNF541	0	0	0
BICRA-AS2	5	2	17
BICRA	698	12	700
EHD2	3907	0	3907
LOC124904733	7	5	2
NOP53	5885	7	5887
SNORD23	20	0	20
NOP53-AS1	4	15	0
SELENOW	1151	0	1151
TPRX1	0	0	0
CRX	0	0	0
TPRX2	0	0	0
LINC01595	0	0	0
SULT2A1	0	0	0
SNAR-A12	0	0	0
SNAR-C5	0	0	0
SNAR-A1	0	0	0
SNAR-A3	0	0	0
SNAR-C2	0	0	0
SNAR-A2	0	0	0
SNAR-C4	0	0	0
SNAR-A13	0	0	0
SNAR-C3	0	0	0
SNAR-C1	0	0	0
BSPH1	0	0	0
ELSPBP1	2	0	2
CABP5	0	0	0
PLA2G4C	72	0	87
PLA2G4C-AS1	0	15	0
LIG1	1614	4	1610
LIG1-AS1	0	0	0
ZSWIM9	409	2	407
CARD8	187	5	195
LOC124904734	0	0	1
CARD8-AS1	20	10	22
ZNF114-AS1	0	2	0
ZNF114	3	0	5
ODAD1	18	20	18
LOC124904735	16	0	30
EMP3	1729	1	1728
TMEM143	282	0	282
SYNGR4	9	0	9
KDELR1	4767	2	4766
GRIN2D	756	32	725
GRWD1	1517	1	1516
KCNJ14	40	0	68
LOC105372430	0	180	0
CYTH2	847	1	998
LMTK3	381	3	378
SULT2B1	37	0	37
FAM83E	5	0	5
SPACA4	1	1	0
RPL18	12951	3	12948
SPHK2	383	5	429
DBP	434	51	434
CA11	598	1	650
SEC1P	1	53	1
NTN5	2	0	2
LOC105372431	1	0	1
FUT2	0	0	0
LOC105447645	0	0	0
MAMSTR	7	1	6
RASIP1	2100	3	2097
LOC124904737	12	12	0
IZUMO1	2	0	2
FUT1	32	0	32
FGF21	4	0	4
BCAT2	1156	2	1190
LOC105372432	4	40	0
HSD17B14	22	0	22
PLEKHA4	263	1	262
PPP1R15A	1142	1	1141
TULP2	2	0	2
NUCB1	4618	5	6991
NUCB1-AS1	3	2381	0
DHDH	2	0	2
BAX	753	2	751
FTL	19271	13	19258
GYS1	4723	4	4719
RUVBL2	3394	1	3393
MIR6798	0	0	0
LHB	1	1	0
SAXO3	1	3	0
LOC124904738	14	0	16
CGB3	0	0	0
SNAR-G2	0	0	0
CGB2	0	0	0
CGB1	0	0	0
SNAR-G1	0	0	0
CGB5	0	0	0
CGB8	0	0	0
CGB7	0	0	0
NTF4	0	0	0
KCNA7	0	0	0
SNRNP70	6572	41	6531
LIN7B	57	0	59
C19orf73	11	3	10
PPFIA3	559	1	558
HRC	0	0	0
TRPM4	337	0	337
LOC107985340	0	0	0
SLC6A16	175	0	182
MIR4324	2	0	2
CD37	46	54	0
TEAD2	829	0	838
DKKL1	9	12	5
LOC101928295	2	2	0
KASH5	0	0	0
LOC124904740	0	0	0
PTH2	0	0	0
GFY	18	0	18
SLC17A7	4	0	4
PIH1D1	2238	3	2265
ALDH16A1	1113	37	1106
FLT3LG	28	0	28
RPL13A	52531	13	52518
SNORD32A	11	0	11
SNORD33	0	0	0
SNORD34	0	0	0
SNORD35A	8	0	8
RPS11	15601	6	15595
SNORD35B	2	0	2
MIR150	0	0	0
FCGRT	3	0	3
RCN3	410	0	410
NOSIP	1707	1	1706
PRRG2	34	0	34
PRR12	1386	3	1383
RRAS	754	1	753
SCAF1	2651	13	2638
IRF3	1357	5	1664
BCL2L12	781	328	765
PRMT1	3172	3	3169
MIR5088	0	0	0
ADM5	25	0	25
CPT1C	96	0	96
TSKS	3	8	2
LOC105372434	4	0	11
AP2A1	2480	4	3412
MIR6799	0	0	0
LOC124904742	2	832	1
FUZ	6	112	0
LOC105372435	0	0	1
MED25	1288	7	1706
MIR6800	0	0	0
PTOV1-AS1	3	418	10
PTOV1	1128	135	2803
MIR4749	0	0	0
PTOV1-AS2	56	1781	90
PNKP	871	0	873
AKT1S1	2231	125	2232
TBC1D17	125	4	940
LOC124904743	14	740	1
MIR4750	0	0	0
IL4I1	14	0	14
NUP62	2412	0	2412
ATF5	143	202	249
MIR4751	0	0	0
SIGLEC11	0	0	0
LOC124904802	0	0	0
LOC124904745	0	0	0
SIGLEC16	5	5	0
VRK3	634	0	634
ZNF473	386	0	430
ZNF473-AS1	5	49	0
ZNF473CR	0	0	0
SNAR-A4	0	0	0
SNAR-A14	0	0	0
SNAR-A5	0	0	0
SNAR-A6	0	0	0
SNAR-A7	0	0	0
SNAR-A8	0	0	0
SNAR-A9	0	0	0
SNAR-A10	0	0	0
SNAR-A11	0	0	0
SNAR-B1	0	0	0
LOC105372436	0	0	0
SNAR-B2	0	0	0
SNAR-D	0	0	0
IZUMO2	0	0	0
LOC124904746	19	0	19
MYH14	20	0	20
KCNC3	1	0	1
LOC105372437	1	0	1
NAPSB	2	0	2
NAPSA	0	0	0
NR1H2	2348	0	2348
POLD1	2513	3	2510
SPIB	3	0	3
MYBPC2	0	0	0
GARIN5A	10	309	17
EMC10	1433	7	1747
MYREM	0	5	0
JOSD2	279	0	279
LOC124904747	0	0	0
ASPDH	10	10	0
LRRC4B	1	1	0
SNAR-F	0	0	0
SYT3	0	0	0
C19orf81	8	0	12
SHANK1	0	4	0
CLEC11A	0	0	0
GPR32	0	0	0
SMIM47	0	0	0
LOC105372439	7	0	7
ACP4	9	9	0
C19orf48P	2517	0	2518
SNORD88B	0	0	0
SNORD88A	3	0	3
SNORD88C	0	0	0
TMEM277P	6	1	6
KLK1	4	0	4
KLK15	0	0	0
LOC105372441	0	0	0
KLK3	0	0	0
KLK2	1	0	1
KLKP1	0	0	0
KLK4	0	0	0
PPIAP59	0	0	0
KLK5	0	0	0
LOC105372442	0	0	0
KLK6	0	0	0
KLK7	1	0	1
KLK8	0	0	0
KLK9	0	0	0
KLK10	2	0	2
KLK11	0	0	0
KLK12	0	0	0
KLK13	0	0	0
KLK14	4	0	4
CTU1	262	0	262
SIGLEC9	0	0	0
LOC124904749	0	0	0
SIGLEC7	0	0	0
LOC101928517	0	0	0
SIGLEC17P	0	0	0
LOC107985327	0	0	0
MIR8074	0	0	0
LOC124904751	0	0	0
CD33	2	0	2
SIGLECL1	0	0	0
LINC01872	0	0	0
LOC107985326	0	0	0
IGLON5	13	13	0
VSIG10L	55	4	59
VSIG10L-AS1	0	4	4
ETFB	3094	4	3090
CLDND2	35	6	29
NKG7	0	2	0
LOC124904752	0	0	2
LIM2	0	0	0
LIM2-AS1	0	0	0
C19orf84	0	0	0
SIGLEC10	2	5	0
SIGLEC10-AS1	0	0	3
SIGLEC8	0	0	0
CEACAM18	0	0	0
SIGLEC12	0	0	0
SIGLEC6	0	1	0
ZNF175	148	2	150
LINC01530	0	4	0
SIGLEC5	0	0	0
LOC124904753	0	0	0
SIGLEC14	0	0	0
LOC124904796	0	0	0
SPACA6	252	23	290
SPACA6-AS1	0	37	20
MIR99B	0	0	0
MIRLET7E	0	0	0
MIR125A	0	0	0
HAS1	3	6	0
LOC124904754	0	0	0
FPR1	0	0	0
FPR2	0	0	0
LOC105372448	0	0	0
FPR3	0	0	0
ZNF577	0	0	0
ZNF649-AS1	0	0	0
ZNF649	0	0	0
ZNF613	24	0	24
ZNF350-AS1	0	0	0
ZNF350	96	0	96
ZNF615	0	0	0
LOC124904755	3	10	0
ZNF614	66	0	75
LOC112268244	2	2	2
ZNF432	175	3	172
ZNF841	160	0	160
ZNF616	225	0	225
ZNF836	20	0	20
PPP2R1A	6813	3	6810
MIR6801	1	0	1
LOC105372449	2	0	2
LOC124904763	3	13	0
ZNF766	384	0	394
MIR643	0	0	0
ZNF480	275	0	275
ZNF610	2	0	2
ZNF880	0	0	0
ZNF528-AS1	0	0	0
ZNF528	0	0	0
ZNF534	0	0	0
ZNF578	0	0	0
ZNF808	16	0	16
ZNF701	0	0	0
ZNF137P	0	0	0
LOC137778871	1	0	1
ZNF83	0	0	0
LOC122539214	0	0	0
ZNF611	33	0	35
LOC124904760	0	2	0
LOC105372452	0	0	0
ZNF600	73	0	73
ZNF28	196	1	195
ZNF468	138	0	138
ZNF320	361	0	361
ZNF888	85	1	85
ZNF888-AS1	0	1	0
ZNF816-ZNF321P	0	0	0
ZNF321P	2	0	2
LOC124904761	13	13	0
ZNF816	107	0	107
ZNF702P	0	0	0
LOC105372453	0	0	0
LOC124904758	0	0	0
ERVV-1	0	0	0
ERVV-2	3	0	3
LOC124904762	0	0	0
ZNF160	556	2	554
ZNF415	0	0	0
ZNF347	0	0	0
ZNF665	0	0	0
LOC124904792	0	0	0
ZNF818P	0	0	0
ZNF677	0	0	0
VN1R2	0	0	0
VN1R4	0	0	0
FAM90A27P	0	0	0
BIRC8	0	0	0
LOC107987270	0	0	0
ZNF845	260	0	260
ZNF525	2	0	2
ZNF765-ZNF761	0	0	0
ZNF765	165	0	165
TPM3P9	125	1	124
ZNF761	3	0	3
ZNF813	0	0	0
ZNF331	382	2	380
LOC284379	0	0	0
DPRX	0	0	0
LOC107985342	0	0	0
MIR512-1	0	0	0
MIR512-2	0	0	0
MIR1323	0	0	0
MIR498	0	0	0
MIR520E	0	0	0
MIR515-1	0	0	0
MIR519E	0	0	0
MIR520F	0	0	0
MIR515-2	0	0	0
MIR519C	0	0	0
MIR1283-1	0	0	0
MIR520A	0	0	0
MIR526B	0	0	0
MIR519B	0	0	0
MIR525	0	0	0
MIR523	0	0	0
MIR518F	0	0	0
LOC107985346	0	0	0
MIR520B	0	0	0
MIR518B	0	0	0
MIR526A1	0	0	0
MIR520C	0	0	0
MIR518C	0	0	0
MIR524	0	0	0
MIR517A	0	0	0
MIR519D	0	0	0
MIR521-2	0	0	0
MIR520D	0	0	0
MIR517B	0	0	0
MIR520G	0	0	0
MIR516B2	0	0	0
MIR526A2	0	0	0
MIR518E	0	0	0
MIR518A1	0	0	0
MIR518D	0	0	0
MIR516B1	0	0	0
LOC124904765	0	0	0
MIR518A2	0	0	0
MIR517C	0	0	0
MIR520H	0	0	0
MIR521-1	0	0	0
MIR522	0	0	0
MIR519A1	0	0	0
MIR527	0	0	0
LOC124904766	0	0	0
MIR516A1	0	0	0
MIR1283-2	0	0	0
MIR516A2	0	0	0
MIR519A2	0	0	0
LOC124904767	0	0	0
MIR371A	0	0	0
MIR371B	0	0	0
MIR372	0	0	0
MIR373	0	0	0
NLRP12	1	0	1
MYADM-AS1	7	5	4
MYADM	1488	2	1488
PRKCG	10	0	10
CACNG7	2	0	2
CACNG8	36	4	32
MIR935	0	0	0
CACNG6	113	0	113
VSTM1	0	0	0
TARM1	0	0	0
OSCAR	3	0	3
NDUFA3	0	0	0
TFPT	0	0	0
PRPF31	16	0	17
PRPF31-AS1	0	1	0
CNOT3	88	0	133
LOC102724273	0	45	0
LENG1	0	0	0
TMC4	0	0	0
MBOAT7	205	0	205
TSEN34	0	0	0
RPS9	0	0	0
LILRB3	0	0	0
LOC124904768	0	0	0
LOC107985279	0	0	0
LILRA6	0	0	0
LOC107987463	0	0	0
LILRB5	0	0	0
LILRB2	0	0	0
MIR4752	0	0	0
LILRA5	0	0	0
LILRA4	0	0	0
LAIR1	2	0	2
TTYH1	0	0	0
LOC124904770	0	0	0
LENG8-AS1	3	0	3
LENG8	5	0	5
LENG9	0	0	0
CDC42EP5	0	0	0
LAIR2	0	0	0
LOC105372460	0	0	0
KIR3DX1	0	0	0
LOC105372461	0	0	0
LOC107985347	0	0	0
LILRA2	0	0	0
LILRA1	0	0	0
LILRB1	0	0	0
MIR8061	0	0	0
LILRB4	0	0	0
LILRP2	0	0	0
KIR3DL3	0	0	0
KIR2DL3	0	0	0
LOC101928804	0	0	0
KIR2DL1	0	0	0
KIR2DL4	0	0	0
KIR3DL1	0	0	0
KIR2DS4	0	0	0
KIR3DL2	0	0	0
FCAR	0	0	0
NCR1	0	0	0
NLRP7	0	0	0
NLRP2	0	0	0
GP6-AS1	0	0	0
GP6	0	0	0
RDH13	0	0	0
EPS8L1	117	1	116
PPP1R12C	1370	7	1363
MIR7975	0	0	0
TNNT1	1621	0	1621
TNNI3	22	0	22
DNAAF3	157	44	402
DNAAF3-AS1	5	253	43
LOC124904795	0	0	0
SYT5	5	0	5
PTPRH	497	3	494
LOC124904771	4	3	1
TMEM86B	35	0	35
PPP6R1	3517	6	3511
MIR6804	0	0	0
MIR6802	0	0	0
MIR6803	0	0	0
HSPBP1	1074	4	1070
BRSK1	37	0	37
TMEM150B	0	0	0
KMT5C	679	3	676
COX6B2	17	4	13
GARIN5B	5	0	5
IL11	13	0	13
TMEM190	3	2	1
TMEM238	487	5	482
RPL28	8318	6	8315
MIR6805	0	0	0
UBE2S	2953	9	2948
SNORD157	10	0	10
LOC105372462	0	1	0
SHISA7	0	0	0
ISOC2	1221	0	1221
C19orf85	2	0	2
ZNF628	406	25	381
NAT14	43	1	42
SSC5D	478	6	472
SBK2	26	0	26
SBK3	52	0	52
ZNF579	1077	1	1076
FIZ1	523	1	524
ZNF524	299	3	298
ZNF865	731	2	729
ZNF784	109	7	102
ZNF581	362	0	362
LOC107983998	46	3	43
ZNF580	553	0	553
CCDC106	21	10	11
U2AF2	4626	2	4624
EPN1	2831	2	2842
NLRP9	1	14	0
LOC105372465	0	0	0
RFPL4A	0	0	0
RFPL4AL1	0	0	0
NLRP11	0	0	0
NLRP4	0	0	0
NLRP13	0	0	0
NLRP8	0	0	0
NLRP5	0	0	0
LINC01864	4	2	2
ZNF787	1321	2	1319
LOC124904773	3	0	3
LOC124904772	3	0	3
ZNF444	854	0	854
GALP	0	0	0
ZSCAN5B	4	0	4
ZSCAN5C	0	0	0
ZSCAN5A	136	1	153
LOC124904774	10	0	10
LOC124904775	2	0	2
LOC124900420	7	7	0
EDDM13	0	0	0
ZSCAN5A-AS1	0	15	0
LOC105372468	1	0	2
ZNF542P	0	0	0
ZNF582	0	0	0
ZNF582-DT	1	1	0
ZNF583	32	0	32
ZNF667	0	0	0
ZNF667-AS1	0	0	0
LOC105372471	0	0	0
LOC124904776	0	0	0
ZNF471	0	0	0
ZFP28-DT	0	0	0
ZFP28	0	0	0
ZNF470-DT	0	0	0
ZNF470	0	0	0
LOC124904777	0	0	0
ZNF71-SMIM17	0	0	0
ZNF71	63	0	63
SMIM17	0	0	0
ZNF835	0	0	0
LOC105372473	0	0	0
LOC105372472	0	0	0
ZIM2-AS1	0	0	0
ZIM2	0	0	0
PEG3	0	0	0
PEG3-AS1	0	0	0
MIMT1	0	0	0
LOC124904779	0	0	0
LOC105372475	0	0	0
USP29	0	0	0
LOC124904804	0	0	0
ZIM3	0	0	0
DUXA	0	0	0
LOC124904780	2	0	2
ZNF264	369	0	369
AURKC	7	0	7
ZNF805	187	2	185
ZNF460-AS1	5	0	8
ZNF460	38	3	38
ZNF543	85	0	85
ZNF304	307	0	307
ZNF547	36	0	36
TRAPPC2B	30	0	30
ZNF548	232	0	232
ZNF17	113	0	113
ZNF749	132	0	132
VN1R1	1	1	0
ZNF772	33	0	33
ZNF419	98	0	98
ZNF773	7	0	7
ZNF549	1	1	0
ZNF550	180	3	180
LOC124904781	0	0	3
ZNF416	102	0	102
ZIK1	0	0	0
ZNF530	82	0	82
ZNF134	174	0	174
ZNF211	128	0	128
ZSCAN4	0	0	0
ZNF551	74	0	74
ZNF154	4	4	0
LOC124904783	0	0	0
ZNF671	0	0	0
ZNF776	234	0	234
ZNF586	168	2	167
ZNF552	141	6	136
FKBP1AP1	0	0	0
ZNF587B	305	0	305
ZNF587	491	1	495
LOC124904782	0	4	0
UBE2CP5	52	1	51
ZNF814	260	76	186
ZNF417	109	0	109
ZNF418	0	0	0
ZNF256	0	0	0
C19orf18	1	0	1
ZNF606	37	0	37
ZNF606-AS1	0	0	0
VN2R19P	0	0	0
ZSCAN1	0	0	0
ZNF135	0	0	0
ZSCAN18	0	0	0
ZNF329	77	0	77
LOC124904784	0	0	0
ZNF274	454	0	454
LOC105372479	2	2	0
ZNF544	633	79	687
ZNF8-DT	62	87	110
ZNF8	303	0	303
ZNF8-ERVK3-1	9	0	9
ERVK3-1	0	0	0
LOC105372480	0	115	77
ZSCAN22	148	20	152
MIR6806	0	0	0
A1BG	4	4	2
A1BG-AS1	1	12	0
ZNF497	38	0	54
ZNF497-AS1	3	8	2
ZNF837	61	3	67
LOC124904788	2	9	2
LOC105372484	2	2	0
MIR4754	0	1	0
RPS5	4486	2	4485
MIR10394	0	0	0
RNF225	0	0	0
LINC02560	0	0	0
ZNF584	316	4	312
ZNF584-DT	280	2	278
ZNF324B	152	2	152
ZNF132	60	63	0
ZNF132-DT	12	0	13
ZNF324	286	48	238
ZNF446	211	42	183
LOC112268251	4	12	3
SLC27A5	128	13	130
LOC105372485	6	0	18
ZBTB45	443	252	191
TRIM28	10274	8	10266
MIR6807	0	0	0
CHMP2A	1626	0	1626
UBE2M	2735	18	2717
MZF1-AS1	50	216	35
MZF1	824	21	1006
CENPBD2P	514	0	514
LOC107987272	11	0	11
DEFB125	0	0	0
DEFB126	0	0	0
DEFB127	0	0	0
DEFB128	0	0	0
DEFB129	0	0	0
DEFB132	0	0	0
C20orf96	0	0	0
ZCCHC3	634	24	610
NRSN2-AS1	30	0	30
SOX12	1043	1	1042
LOC101929937	0	0	0
NRSN2	12	0	12
TRIB3	1169	0	1169
RBCK1	1230	2	1228
TBC1D20	602	1	601
CSNK2A1	2103	0	2103
TCF15	0	0	0
SRXN1	933	0	1087
LOC107985423	10	154	10
SCRT2	0	0	0
SLC52A3	4	0	4
FAM110A	50	0	50
ANGPT4	0	0	0
LOC124904854	0	0	0
LOC105372492	0	0	0
RSPO4	0	0	0
PSMF1	1230	0	1230
LOC105372493	3	0	3
LOC124904855	8	0	8
TMEM74B	14	14	0
C20orf202	23	0	23
RAD21L1	4	0	4
SNPH	209	0	209
FKBP1A-SDCBP2	0	0	0
SDCBP2	0	1	0
LOC124904856	0	3	0
SDCBP2-AS1	64	12	61
FKBP1A	2052	4	2048
MIR6869	0	0	0
LOC105372497	0	0	0
NSFL1C	1012	0	1012
SIRPB2	0	0	0
LOC105372499	0	0	0
LOC105372498	0	0	0
SIRPD	0	0	0
LOC107985409	0	0	0
SIRPB1	0	0	0
SIRPG	0	0	0
SIRPG-AS1	0	0	0
SIRPB3P	0	0	0
LOC124904858	0	0	0
LOC100289473	0	0	0
LOC105372501	0	0	0
LOC124904857	0	0	0
LOC102724545	0	0	0
SIRPA	14	0	14
PDYN-AS1	0	0	0
PDYN	0	0	0
STK35	735	9	726
LOC124900458	48	0	48
LOC124904859	1	0	1
LOC105372502	0	0	0
LINC03086	0	0	0
LOC124904860	0	0	0
LOC105372503	4	0	4
TGM3	1	1	0
TGM6	0	0	0
SNRPB	4995	1	4994
SNORD119	0	0	0
ZNF343	324	0	324
LOC105372504	0	0	0
TMC2	5	5	0
LOC105372505	3	1	3
NOP56	3242	0	3242
MIR1292	0	0	0
SNORD110	12	0	12
SNORA51	1	0	1
SNORD86	0	0	0
SNORD56	1	0	1
SNORD57	0	0	0
IDH3B	1733	0	1733
IDH3B-DT	0	0	0
LOC105372507	0	0	0
EBF4	4	0	4
CPXM1	0	0	0
C20orf141	35	0	35
TMEM239	29	0	29
PCED1A	845	2	844
VPS16	488	0	489
PTPRA	500	0	500
GNRH2	1	0	1
MRPS26	940	4	936
LOC101929098	0	0	0
OXT	0	0	0
AVP	0	0	0
UBOX5-AS1	4	36	0
UBOX5	160	0	192
FASTKD5	647	0	647
LZTS3	191	0	191
LOC107985414	13	5	8
DDRGK1	788	3	786
ITPA	973	21	953
SLC4A11	104	3	101
DNAAF9	16	0	16
LOC124904983	0	0	0
LOC105372508	0	0	0
LOC105372509	0	0	0
ATRN	984	0	984
GFRA4	1	1	0
ADAM33	0	0	0
SIGLEC1	1	0	1
HSPA12B	2	2	0
ADISSP	592	0	592
SPEF1	1	0	1
CENPB	2876	9	2870
CDC25B	2909	3	2909
LINC01730	4	2	2
AP5S1	215	0	215
MAVS	1742	4	1738
PANK2-AS1	13	2	19
PANK2	555	1251	612
MIR103A2	0	0	3
MIR103B2	0	3	0
RNF24	1173	56	2417
SMOX	547	0	547
LOC124904861	0	0	0
LINC01433	5	0	5
ADRA1D	4	4	0
LOC124904862	0	0	0
LOC105372510	0	0	0
PRNP	981	0	981
PRND	0	0	0
PRNT	0	0	0
LOC105372511	0	0	0
RASSF2	2	0	2
LOC107985392	0	0	0
SLC23A2	326	0	326
TMEM230	896	0	896
PCNA	1628	1	3323
PCNA-AS1	0	1695	1
LOC124900464	0	0	0
CDS2	678	0	678
PROKR2	0	0	0
LINC00658	0	0	0
LOC107985411	0	0	0
LOC643406	0	0	0
LOC124904863	0	0	0
LINC00654	1	0	1
LINC01729	0	0	0
GPCPD1	1191	0	1191
LOC124904864	0	0	0
LOC105372514	0	0	0
SHLD1	45	0	45
CHGB	0	0	0
TRMT6	574	0	574
MCM8	541	0	541
MCM8-AS1	10	10	0
CRLS1	631	2	629
LRRN4	8	8	0
LOC124904865	1	1	0
FERMT1	257	0	257
LOC124904866	0	0	0
CASC20	0	0	0
LINC01713	0	0	0
LOC105372517	4	4	0
BMP2	3987	3	3984
LINC01428	0	0	0
LINC01751	0	0	0
LINC01706	0	0	0
MIR8062	0	0	0
LOC105372518	0	0	0
HAO1	0	0	0
TMX4	728	0	728
TMX4-AS1	0	0	0
PLCB1	11	0	11
PLCB1-IT1	0	0	0
LOC124900459	1	0	1
LOC124904867	0	0	0
LOC124904868	0	0	0
LOC105372521	4	0	4
RNU105B	0	0	0
LOC105372522	1	0	1
PLCB4	2	0	2
LAMP5-AS1	0	0	0
LAMP5	0	0	0
PAK5	0	0	0
LOC105372523	0	0	0
LOC101929348	0	0	0
PARAL1	0	0	0
SNAP25-AS1	17	1	26
ANKEF1	219	0	219
LOC105372524	4	9	5
LOC124904959	3	0	3
SNAP25	491	0	491
MKKS	448	0	448
LOC128706665	0	0	0
LOC128706666	0	0	0
SLX4IP	102	0	103
JAG1	552	2	551
MIR6870	0	0	0
LINC01752	0	0	0
LOC107985398	0	0	0
LOC101929413	0	0	0
LINC02871	0	0	0
LOC105372527	0	0	0
LOC105372528	0	0	0
LOC124904960	0	0	0
LOC339593	0	0	0
LOC105372529	0	0	0
LOC107985384	0	0	0
LOC105372530	0	0	0
LINC00687	2	2	0
BTBD3	3294	2	3551
BTBD3-AS1	9	268	0
LOC124904869	1	0	1
LOC107985406	0	0	0
LOC124904870	0	0	0
LOC107985407	0	0	0
LOC124904871	0	0	0
LOC105372532	0	0	0
LINC01722	0	0	0
LOC102606466	0	0	0
LOC105372535	0	0	0
LINC01723	0	0	0
SPTLC3	261	0	261
TASP1	145	2	145
ISM1	12	2	12
ISM1-AS1	0	0	0
LOC124904872	0	0	0
ESF1	269	0	269
NDUFAF5	95	1	94
SEL1L2	0	0	0
MACROD2	1	0	1
FLRT3	9	0	9
LOC124904873	0	0	0
MACROD2-IT1	0	0	0
MACROD2-AS1	0	0	0
LOC613266	0	0	0
LOC124904874	0	0	0
KIF16B	203	0	203
LOC124904875	3	0	3
LOC105372541	0	0	0
LOC105372542	0	0	0
SNRPB2	723	0	723
OTOR	0	0	0
LOC105372544	0	0	0
LOC105372545	0	0	0
PCSK2	0	0	0
LOC105372546	0	0	0
BFSP1	60	3	60
DSTN	2770	2	2771
RRBP1	5351	66	5285
BANF2	0	0	0
LOC105372547	0	0	0
LOC107985440	0	0	0
LOC105372548	0	0	0
SNX5	1080	1	1252
SNORD17	11	0	11
MGME1	647	174	646
OVOL2	0	0	0
KAT14	141	3	138
PET117	0	0	0
LOC124904876	0	0	0
LOC105372551	0	0	0
ZNF133	109	0	297
ZNF133-AS1	3	191	0
LOC124904978	0	0	0
LOC107985418	0	0	0
LINC00851	0	0	0
DZANK1	36	0	37
LOC124904877	0	1	0
POLR3F	184	2	182
MIR3192	1	0	1
RBBP9	360	0	360
SEC23B	1940	1	1939
SMIM26	235	0	235
LOC124904878	0	0	0
DTD1	302	0	302
DTD1-AS1	0	0	0
LINC00652	1	8	1
LCDR	11	0	19
SCP2D1-AS1	0	0	0
SCP2D1	0	0	0
LOC102724734	0	0	0
LOC107985442	0	0	0
LOC101929547	0	0	0
SLC24A3	0	0	0
LOC124904879	0	0	0
SLC24A3-AS1	0	0	0
RIN2	292	0	292
NAA20	709	7	702
CRNKL1	341	1	340
CFAP61	0	0	0
LOC124904880	0	0	0
LOC105372554	0	0	0
CFAP61-AS1	1	0	1
INSM1	0	0	0
RALGAPA2	324	0	324
LOC105372555	0	0	0
LINC03083	0	0	0
LINC00237	0	0	0
KIZ	744	0	744
KIZ-AS1	15	15	0
XRN2	2458	15	2443
NKX2-4	0	0	0
LOC105372558	0	0	0
LOC112268271	0	0	0
NKX2-2	0	0	0
BETALINC1	0	0	0
LINC01727	0	0	0
LINC01726	0	0	0
PAX1	0	0	0
LINC01432	0	0	0
LOC105372560	0	0	0
LOC105372561	0	0	0
LINC01427	0	0	0
LOC284788	0	0	0
LOC105372562	0	0	0
LOC105372563	0	0	0
LOC105372564	0	0	0
LINC00261	0	0	0
FOXA2	0	0	0
LNCNEF	0	0	0
LINC01747	0	0	0
LOC124904963	0	0	0
LOC124904962	0	0	0
LOC105372567	0	0	0
LOC105372568	0	0	0
LOC107985449	1	0	1
LOC101929707	0	0	0
SSTR4	0	0	0
THBD	6	0	6
LOC124904964	0	0	0
CD93	0	0	0
LINC00656	0	0	0
LINC03125	5	1	4
NXT1-AS1	0	1	0
LOC105372571	0	0	0
NXT1	252	0	253
LINC01431	4	0	4
GZF1	264	25	240
NAPB	296	0	297
CSTL1	0	0	0
CST11	0	0	0
CST8	0	0	0
CST13P	0	0	0
CST9L	0	0	0
CST9	0	0	0
CST3	1727	0	1727
LOC124904965	0	0	0
LOC107985383	0	0	0
CST4	0	0	0
LOC105372574	0	0	0
LOC124904966	0	0	0
CST1	0	0	0
LOC107985432	0	0	0
LOC105372575	0	0	0
CST2	0	0	0
CST5	0	0	0
GGTLC1	0	0	0
LOC107985438	0	0	0
WAKMAR1	0	0	0
LINC01721	0	0	0
LOC105372577	0	0	0
SYNDIG1	0	0	0
LOC107985402	0	0	0
LOC124904881	1	0	1
LINC02967	0	0	0
CST7	1	1	0
APMAP	1162	0	1162
ACSS1	0	0	0
LOC124904882	0	0	0
VSX1	0	0	0
LOC284798	0	0	0
LOC101926889	0	0	0
ENTPD6	841	1	840
LOC105372579	6	2	4
PYGB	940	8	932
ABHD12	1751	6	1745
LOC105372581	1	1	0
GINS1	447	0	447
NINL	269	0	269
NANP	209	0	209
ZNF337-AS1	18	153	35
ZNF337	354	35	489
LOC107985400	22	0	22
LOC105372582	6	0	6
FAM182B	26	0	26
LOC101926935	2	0	2
LINC01733	0	0	0
LOC100134868	0	0	0
FAM182A	0	0	0
NCOR1P1	0	0	0
MIR663AHG	0	0	0
MIR663A	0	0	0
LOC124904967	0	0	0
FRG1CP	23	0	23
FRG1DP	32	0	32
LOC105379476	0	0	0
FRG2EP	0	0	0
LOC105379477	0	0	0
FRG1EP	43	0	43
FAM242B	0	0	0
LOC124904968	0	0	0
LINC01597	0	0	0
LOC107985433	0	0	0
LOC105372586	0	0	0
FAM242A	0	0	0
FRG1BP	69	0	69
MLLT10P1	0	0	0
LOC105379481	0	0	0
LOC102723636	0	0	0
LOC107987280	1	0	1
LOC112268265	0	0	0
ANKRD20A21P	1	0	1
LOC124904986	0	0	0
LOC124904970	31	0	31
DEFB115	0	0	0
DEFB116	0	0	0
DEFB118	0	0	0
LOC124900462	0	0	0
DEFB119	0	0	0
DEFB121	0	0	0
DEFB122	0	0	0
DEFB123	0	0	0
DEFB124	0	0	0
REM1	0	0	0
LINC00028	0	0	0
HM13	3176	2	3182
MCTS2	85	0	85
HM13-AS1	6	14	2
LOC107985416	5	1	6
LOC105372588	7	11	5
ID1	7957	7	7959
MIR3193	1	0	1
COX4I2	0	0	0
BCL2L1	875	1	874
LOC124904883	1	1	0
BCL2L1-AS1	1	1	0
TPX2	4205	1	4204
MYLK2	12	0	12
FOXS1	1	1	0
DUSP15	0	0	0
TTLL9	1	9	0
PDRG1	426	0	434
XKR7	0	0	0
CCM2L	2	0	2
HCK	0	0	0
TM9SF4	2983	1	2982
TSPY26P	2	0	2
PLAGL2	887	0	887
POFUT1	1380	0	1572
LOC124904884	17	209	0
MIR1825	0	0	0
LOC124904885	0	0	0
KIF3B	966	0	966
ASXL1	2410	1	2409
NOL4L	309	1	316
LOC124904886	3	0	3
LOC101929698	1	8	0
LOC105372592	0	0	0
NOL4L-AS1	0	0	0
NOL4L-DT	0	0	0
C20orf203	0	0	0
COMMD7	427	1	426
DNMT3B	758	0	758
MAPRE1	2659	0	2659
LOC119746555	96	0	96
EFCAB8	2	0	2
LOC124904887	0	0	0
SUN5	0	0	0
BPIFB2	0	0	0
BPIFB6	0	0	0
BPIFB3	0	0	0
BPIFB4	6	0	6
LOC105372714	0	0	0
BPIFA2	4	0	4
BPIFA4P	0	0	0
BPIFA3	0	0	0
BPIFA1	0	0	0
LOC105372593	0	0	0
BPIFB1	0	0	0
LOC124904888	0	0	0
LOC105372594	0	0	0
CDK5RAP1	879	0	879
LOC124904889	20	390	5
SNTA1	335	4	706
CBFA2T2	608	30	578
NECAB3	1517	1	1517
C20orf144	0	1	0
ACTL10	0	0	0
E2F1	1461	2	1459
PXMP4	87	0	87
LOC124904890	0	0	0
ZNF341	171	0	171
ZNF341-AS1	4	4	1
CHMP4B	2113	7	2107
RALY-AS1	20	0	20
RALY	2250	10	2240
MIR4755	0	0	0
EIF2S2	3522	9	3513
ASIP	5	3	2
AHCY	4790	5	4785
ITCH	841	2	839
MIR644A	0	0	0
DYNLRB1	1382	0	1382
MAP1LC3A	0	0	0
PIGU	542	3	539
LOC105372599	0	0	0
TP53INP2	244	0	244
NCOA6	1428	0	1428
HMGB3P1	0	0	0
GGT7	2	0	2
ACSS2	921	18	903
GSS	1658	1	1657
MYH7B	34	28	16
MIR499A	0	1	0
MIR499B	0	0	2
TRPC4AP	2452	0	2462
MMP24-AS1-EDEM2	4	0	4
EDEM2	6	0	6
LOC124900460	5	0	5
PROCR	391	0	391
MMP24	51	103	42
MMP24OS	169	12	251
EIF6	2651	1	2650
FAM83C-AS1	2	0	2
FAM83C	0	0	0
UQCC1	998	0	998
GDF5-AS1	0	0	0
GDF5	1	0	1
MIR1289-1	1	0	1
CEP250	1499	3	1653
CEP250-AS1	0	157	0
C20orf173	1	1	0
ERGIC3	4108	0	4108
FER1L4	10	0	12
LOC124904891	0	2	0
SPAG4	31	1	30
CPNE1	1579	0	1579
RBM12	1207	1	1206
NFS1	1579	7	1578
ROMO1	413	3	417
RBM39	5321	7	5315
LOC124904980	0	0	0
PHF20	1482	0	1482
SCAND1	958	86	1213
CNBD2	3	300	44
NORAD	3528	0	3528
EPB41L1	876	1	1007
EPB41L1-AS1	0	0	0
LOC124904893	0	0	0
LOC124904892	0	0	0
LOC105372602	0	135	0
AAR2	882	0	885
DLGAP4	946	1	945
DLGAP4-AS1	1	0	1
MYL9	5	0	5
TGIF2	827	2	825
TGIF2-RAB5IF	0	0	0
RAB5IF	244	2	242
SLA2	0	564	1
NDRG3	921	0	921
DSN1	764	1	763
LOC124904894	0	0	0
MTCL2	1302	0	1302
TLDC2	0	69	0
SAMHD1	282	0	351
RBL1	302	0	302
MROH8	0	0	0
RPN2	0	0	0
GHRH	0	0	0
MANBAL	0	0	0
LOC105372606	0	0	0
SRC	0	0	0
BLCAP	885	0	901
NNAT	28	44	0
LINC01746	0	0	0
LINC00489	0	0	0
LOC100287792	0	0	0
LOC105372609	0	0	0
CTNNBL1	1208	0	1208
LOC124904895	8	0	8
LOC124904896	0	0	0
VSTM2L	1	0	1
TTI1	1110	0	1110
RPRD1B	725	0	725
LOC124904898	4	0	4
LOC124904897	36	0	36
LOC124904899	0	0	0
TGM2	115	3	112
KIAA1755	0	0	0
LOC124904900	0	0	0
LOC149684	0	0	0
BPI	0	0	0
LBP	2	0	2
LOC124904901	31	0	31
SNHG17	236	0	488
LOC124904974	27	0	27
SNORA71B	5	0	5
SNORA71A	3	0	3
SNORA71C	3	0	3
LOC124904958	7	260	0
SNORA71D	0	0	0
LOC124904975	0	0	0
SNHG11	226	0	226
SNORA71E	6	0	6
SNORA60	13	0	13
RALGAPB	1132	1	1131
MIR548O2	0	0	0
ADIG	0	0	0
ARHGAP40	1	0	1
SLC32A1	0	0	0
ACTR5	233	0	233
LOC124904902	3	0	3
PPP1R16B	0	0	0
FAM83D	1240	1	1239
DHX35	360	2	358
LOC107985448	0	0	0
LINC01734	0	0	0
LOC102724950	0	0	0
LOC105372614	0	0	0
LOC105372613	0	0	0
LINC01370	0	0	0
LOC105372616	0	0	0
LOC105372617	0	0	0
LOC105372618	0	0	0
LOC102724968	0	0	0
LOC107985435	0	0	0
LOC105372620	0	0	0
MAFB	441	0	441
LOC101927098	0	0	0
SNORD154	0	0	0
LOC100128988	1	0	1
LOC105372621	0	0	0
TOP1	2317	0	2913
PLCG1-AS1	1	627	1
LOC124904903	0	3	0
PLCG1	931	3	967
MIR6871	0	0	0
ZHX3	700	5	695
LPIN3	326	0	400
EMILIN3	0	74	0
CHD6	1209	0	1209
LOC124904904	5	0	5
LOC124904905	0	0	0
LOC124900463	0	0	0
LOC101927182	0	0	0
LOC105372622	0	0	0
PTPRT	0	0	0
LOC105372624	0	0	0
LOC101927159	0	0	0
LOC105372623	0	0	0
PTPRT-AS1	0	0	0
PTPRT-DT	0	0	0
LOC124900461	0	0	0
SRSF6	3303	1	3302
L3MBTL1	149	2	147
SGK2	4	0	4
IFT52	326	0	326
LOC124904906	0	0	0
MYBL2	4705	1	4704
GTSF1L	0	0	0
LOC101927200	0	0	0
LOC105372625	0	0	0
LOC124904907	0	0	0
LOC124904908	0	0	0
LINC01728	0	0	0
TOX2	183	0	183
JPH2	901	0	901
LOC124904909	0	0	0
OSER1	1004	16	1004
OSER1-DT	18	0	34
GDAP1L1	0	0	0
LOC124904910	1	0	1
FITM2	233	0	233
R3HDML	0	0	0
R3HDML-AS1	0	0	0
HNF4A	8	0	8
HNF4A-AS1	0	0	0
MIR3646	0	0	0
LINC01430	0	0	0
LINC01620	0	0	0
TTPAL	305	5	300
SERINC3	2579	1	2578
PKIG	94	1	93
ADA	681	0	681
LINC01260	96	1	95
LOC124904911	2	2	0
KCNK15-AS1	2	1	1
CCN5	6319	1	6318
KCNK15	0	2	0
RIMS4	60	0	62
YWHAB	4596	0	4596
PABPC1L	307	0	307
TOMM34	1220	7	1442
LOC124904912	20	231	18
STK4-DT	9	0	9
STK4	693	0	694
KCNS1	11	11	0
WFDC5	0	0	0
WFDC12	0	1	0
LOC101929863	0	0	0
PI3	18	0	18
LINC02597	0	0	0
SEMG1	0	0	0
SEMG2	0	0	0
LOC105372630	0	4	0
LOC124904913	28	0	31
SLPI	1268	0	1268
MATN4	12	0	12
RBPJL	4	4	0
SDC4	2541	1	2540
SYS1	297	1	318
LOC124904914	0	84	3
SYS1-DBNDD2	0	0	0
TP53TG5	4	26	0
LOC107985404	5	9	0
DBNDD2	0	0	2
LOC107985405	0	612	0
PIGT	2531	2	3138
MIR6812	0	0	0
LOC105372631	7	0	7
WFDC2	0	0	0
LOC107987282	0	0	0
SPINT3	0	0	0
WFDC6	0	0	0
EPPIN-WFDC6	0	0	0
EPPIN	0	0	0
WFDC8	0	0	0
WFDC9	0	0	0
WFDC10A	0	0	0
WFDC11	0	0	0
WFDC10B	0	0	1
WFDC13	0	1	0
MIR3617	0	0	0
SPINT4	0	0	0
LOC124904915	0	0	0
WFDC3	11	0	12
DNTTIP1	670	1	670
UBE2C	1364	0	1364
TNNC2	7	0	7
SNX21	247	115	224
ACOT8	330	47	375
ZSWIM3	205	1	204
ZSWIM1	289	10	279
SPATA25	10	3	7
NEURL2	0	3	0
CTSA	6507	6	7420
PLTP	31	917	31
LOC107985388	11	127	16
PCIF1	1187	6	1313
ZNF335	1251	6	1245
MMP9	5	21	7
SLC12A5-AS1	4	11	29
SLC12A5	43	5	50
NCOA5	787	0	787
CD40	0	0	0
CDH22	0	0	0
LOC124904916	0	0	0
SLC35H1	1032	0	1032
LOC124904917	5	86	1
ELMO2	863	2	943
LOC105372633	2	0	2
ZNF663P	0	0	0
ZNF334	0	0	0
MKRN7P	0	0	0
OCSTAMP	0	0	0
SLC13A3	2	0	2
TP53RK	255	3	395
TP53RK-DT	1	140	4
SLC2A10	0	0	0
LOC124904918	0	0	0
LOC124904919	0	0	0
EYA2	1	0	1
EYA2-AS1	0	0	0
MIR3616	0	0	0
ZMYND8	1800	0	1800
LOC100131496	0	0	0
LOC101927377	1	1	0
LINC01754	3	0	3
NCOA3	1209	0	1209
SULF2	6	6	0
LOC124904922	0	0	0
LOC124904920	0	0	0
LOC124904921	0	0	0
LOC107985401	0	0	0
LOC105372636	0	0	0
LOC105372637	0	0	0
LINC01522	0	0	0
LINC01523	0	0	0
LOC107985436	0	0	0
LOC107985437	0	0	0
LOC105372639	2	0	4
LOC124904923	0	2	0
LOC105372640	0	0	0
LOC105372641	0	0	0
LOC124904924	0	0	0
LINC00494	0	0	0
LOC105372643	0	0	0
LOC105372645	0	0	0
LOC107985439	0	0	0
LOC105372647	0	0	0
LOC105372646	0	0	0
PREX1	644	0	644
ARFGEF2	1515	1	1514
CSE1L-DT	3	0	4
CSE1L	5296	2	5295
STAU1	2638	0	2638
DDX27	1835	13	1824
ZNFX1	4963	7	4958
ZFAS1	1357	2	1355
SNORD12C	2	0	2
SNORD12B	4	0	4
SNORD12	4	0	4
LOC124904925	0	0	0
LOC105372649	0	0	0
KCNB1	1	1	0
PTGIS	0	0	0
LOC101927486	0	0	0
LOC105372651	0	0	0
LOC124904926	13	0	13
B4GALT5	3278	1	3277
LOC105372652	2	0	2
SLC9A8	786	2	784
MIR12122	4	0	4
SPATA2	294	0	294
LOC105372653	0	0	0
RNF114	2084	1	2083
LOC124904976	0	0	0
SNAI1	555	0	555
SCREEM1	2	2	0
TRERNA1	4	4	0
LOC105372655	0	0	0
PEDS1-UBE2V1	0	0	0
UBE2V1	39	0	39
PEDS1	586	1	585
LOC124904927	0	0	0
LINC01275	9	0	9
LINC01273	15	0	16
CEBPB-AS1	14	8992	22
CEBPB	2082	16	11065
LOC107985386	3	0	3
LOC105372656	23	0	23
PELATON	61	0	61
LINC01270	128	15	285
LINC01271	84	182	74
LOC105372657	0	0	0
LOC124904928	2	0	2
PTPN1	1302	1	1301
MIR645	1	0	1
RIPOR3	4	4	0
MIR1302-5	0	0	0
RIPOR3-AS1	1	0	1
LOC105372659	0	0	0
PARD6B	84	0	84
BCAS4	6	1	5
LOC124904929	0	0	0
ADNP	2402	7	2443
ADNP-AS1	7	47	9
DPM1	834	3	832
MOCS3	328	2	326
KCNG1	1	0	1
LOC105372661	0	0	0
LOC105372662	0	0	0
LOC124904930	11	0	11
LOC105372663	0	0	0
NFATC2	2	0	2
MIR3194	0	0	0
ATP9A	1146	0	1146
SALL4	617	1	616
LINC01429	15	0	15
LOC105372664	6	6	0
ZFP64	569	0	569
LOC105372666	0	0	0
LOC107985427	0	0	0
LOC105372667	0	0	0
LOC124904931	0	0	0
LOC105372665	0	0	0
LINC01524	0	0	0
LOC105376985	0	0	0
LOC105372668	0	0	0
LOC124904932	2	0	2
TSHZ2	531	0	534
LOC105372670	8	8	0
TSHZ2-AS1	4	7	0
LOC105372671	0	0	0
ZNF217-AS1	15	15	0
ZNF217	995	1	995
LOC105372672	0	1	0
LOC124904933	0	0	0
LOC124904934	0	0	0
LOC124904935	0	0	0
SUMO1P1	0	0	0
BCAS1-AS1	0	0	0
BCAS1	0	0	0
MIR4756	0	0	0
CYP24A1	6	0	6
LOC105372675	1	0	1
LOC124904937	0	13	0
PFDN4	335	0	348
LOC107985385	0	0	0
DOK5	0	0	0
LINC01441	0	0	0
LINC01440	0	0	0
LOC105372676	0	0	0
LOC107984001	0	0	0
LOC105372677	0	0	0
LOC105372678	0	0	0
CBLN4	0	0	0
LOC105376989	0	0	0
LOC105372680	0	0	0
MC3R	0	0	0
FAM210B	206	0	206
AURKA	2457	0	2458
CSTF1	1206	1	1206
CASS4	3	0	3
RTF2	1549	0	1550
LOC124904979	0	0	0
GCNT7	1	2	0
FAM209A	0	0	0
FAM209B	0	0	0
LOC124904971	0	0	0
LINC01716	0	0	0
TFAP2C	499	0	499
LOC105372683	0	0	0
LOC105372685	0	0	0
LOC105372686	0	0	0
BMP7	0	0	0
BMP7-AS1	0	0	0
LOC112268270	0	0	0
LOC105372687	0	0	0
MIR4325	0	0	0
SPO11	0	0	0
RAE1	653	0	1020
LOC124904938	26	393	0
RBM38-AS1	0	247	0
RBM38	641	1	887
LOC124904939	0	0	0
LOC105372688	2	0	2
CTCFL	0	0	0
LOC124904940	0	0	0
LOC124904941	0	0	0
PCK1	0	0	0
ZBP1	0	0	0
PMEPA1	1025	18	1062
NKILA	34	39	50
LOC105372692	42	0	42
LOC105372693	0	0	0
LINC01742	0	0	0
LOC107987284	0	0	0
LOC107985434	0	0	0
CIMIP1	0	0	0
LOC105372694	0	0	0
ANKRD60	5	0	5
PPP4R1L	79	0	79
RAB22A	691	0	691
VAPB	1148	0	1148
APCDD1L	0	0	0
APCDD1L-DT	2	0	2
LINC01711	0	0	0
LOC107985410	0	0	0
STX16-NPEPL1	1	0	1
STX16	1391	0	1391
NPEPL1	7	1	6
LOC124904942	2	0	2
LOC105372695	0	0	0
MIR296	0	0	0
MIR298	0	0	0
GNAS-AS1	1	0	1
GNAS	38010	32	37983
LOC101927932	7	0	12
LOC107985382	0	0	0
NELFCD	2916	93	2834
CTSZ	17375	16	17370
TUBB1	31	98	1
ATP5F1E	25	0	74
SLMO2-ATP5E	0	0	0
PRELID3B	3179	1	3178
LOC124904943	9	0	9
ZNF831	1090	7	1083
EDN3	2	0	2
PHACTR3	0	1	0
PHACTR3-AS1	0	0	0
SYCP2	215	0	216
FAM217B	272	56	273
PPP1R3D	247	1	303
CDH26	11	0	11
LINC02910	0	0	0
LOC729296	0	0	0
MIR646HG	0	0	0
LOC105372698	0	0	0
MIR646	0	0	0
LOC105372697	0	0	0
LOC101928048	0	0	0
LOC124904944	0	0	0
MIR4533	0	0	0
LOC124904945	0	0	0
MIR548AG2	0	0	0
LOC105372699	0	0	0
LOC105372700	0	0	0
LINC01718	0	0	0
LOC105372701	0	0	0
CDH4	1	1	0
LOC105372703	0	0	0
CDH4-AS2	0	0	0
CDH4-AS1	0	0	0
MIR1257	0	0	0
TAF4	100	1	105
LOC105372704	0	0	0
MIR3195	0	5	1
LOC105372705	13	0	13
LOC105372706	2	2	0
LSM14B	744	4	740
PSMA7	3656	10	3646
SS18L1	507	3	504
MTG2	1298	0	1298
HRH3	0	0	0
LOC105369209	2	1	1
OSBPL2	672	0	672
ADRM1	2531	101	2438
LAMA5	19547	14	20162
MIR4758	0	0	0
LOC124904946	1	417	0
LAMA5-AS1	8	192	12
LOC105372708	6	0	6
RPS21-DT	59	10	58
RPS21	3499	7	3502
CABLES2	277	1	276
LOC105372709	24	0	24
RBBP8NL	0	0	0
LOC105372710	0	0	0
GATA5	43	0	43
LOC105372711	0	0	0
LOC124904947	0	0	0
LOC105376995	0	0	0
CRMA	0	0	0
MIR1-1HG	0	0	0
MIR1-1	0	0	0
MIR133A2	0	0	0
LINC02970	239	27	212
LOC124904948	0	0	0
LOC124904949	4	1	3
SLCO4A1	2498	2	3581
SLCO4A1-AS2	29	11	19
SLCO4A1-AS1	12	1096	0
NTSR1	14	13	1
NTSR1-AS1	9	0	9
LINC00659	25	0	25
LOC105372716	1	0	1
MRGBP	873	1	878
OGFR-AS1	7	10	3
OGFR	2485	10	2475
COL9A3	586	12	616
TCFL5	782	45	840
LOC105372717	93	271	139
DIDO1	1344	61	1539
SNORA117	0	0	0
GID8	952	0	952
SLC17A9	0	0	0
BHLHE23	0	0	0
LOC105372718	0	0	0
LINC00029	0	0	0
LINC01056	0	0	0
LINC01749	0	0	0
HAR1B	0	0	0
HAR1A	0	0	0
LOC105372719	0	0	0
LOC105376996	0	0	0
LOC124904952	3	0	3
MIR124-3	0	0	0
YTHDF1	1203	0	1203
BIRC7	138	0	138
MIR3196	0	0	0
NKAIN4	0	6	0
LOC124904950	5	0	11
FLJ16779	0	0	0
ARFGAP1	1959	1	1958
MIR4326	1	0	1
COL20A1	2	0	2
CHRNA4	0	0	0
LOC100130587	0	0	0
LOC124904953	0	0	0
KCNQ2	2	0	2
LOC105372724	0	0	0
LOC105372721	0	0	0
KCNQ2-AS1	0	0	0
EEF1A2	6	0	6
LOC124904955	0	0	0
LOC105372725	0	0	0
LOC102723814	12	2	11
PPDPF	1136	4	1134
PTK6	157	8	150
SRMS	15	8	7
FNDC11	1	0	1
HELZ2	2272	0	2272
GMEB2	1148	9	1144
MHENCR	148	1	152
STMN3	1	0	1
RTEL1-TNFRSF6B	0	1	0
RTEL1	9	0	9
LOC124904954	13	46	12
TNFRSF6B	0	0	0
ARFRP1	435	6	440
ZGPAT	443	7	446
LIME1	193	0	193
SLC2A4RG	1490	2	1518
ZBTB46	108	91	149
ZBTB46-AS2	0	42	13
LOC124904956	0	0	0
ZBTB46-AS1	0	0	0
C20orf181	0	0	0
ABHD16B-AS1	89	0	242
ABHD16B	0	151	0
TPD52L2	2457	9	2450
DNAJC5	2217	7	2211
LOC124904951	0	0	0
MIR941-1	0	0	0
MIR941-2	0	0	0
MIR941-3	0	0	0
MIR941-4	0	0	0
MIR941-5	0	0	0
UCKL1	870	4	986
MIR1914	0	0	0
MIR647	11	0	11
UCKL1-AS1	3	156	5
ZNF512B	634	0	673
SAMD10	236	5	231
PRPF6	2606	3	2603
C20orf204	13	1	12
SOX18	191	1	190
TCEA2	411	1	410
RGS19	374	0	374
MIR6813	0	0	0
OPRL1	3	0	3
LKAAEAR1	0	0	0
NPBWR2	0	0	0
LOC105372727	0	0	0
MYT1	0	0	0
PCMTD2	176	0	176
LOC124904957	0	0	0
SEPTIN14P20	1	0	1
LOC105379484	0	1	0
LOC124905051	0	0	1
LOC102723996	66	0	66
LOC124905052	0	0	0
LOC124900468	0	0	0
LOC107987292	0	0	0
CH507-9B2.8	0	0	0
LOC101928576	1	1	0
LOC102724023	182	0	182
LOC102724159	211	0	211
LOC102724200	78	0	78
LINC01670	0	0	0
LOC105379488	0	0	0
LINC03104	0	0	0
LOC124904990	0	0	0
LOC102724334	0	0	0
LOC102724354	3	0	3
LOC102724370	0	0	0
CH507-42P11.6	8	0	8
LOC102724428	2701	1	2700
LOC107987288	1	0	1
LOC124905049	1	0	1
LOC102724701	1	0	1
CH507-145C22.1	0	0	0
LOC102724560	38	0	38
LOC102724594	27	0	37
LOC102724652	0	10	0
LOC106780825	0	0	0
LOC110091777	0	0	0
MIR8069-1	0	0	0
LOC105379499	12	0	12
LOC102724843	0	0	0
LOC124904989	0	0	0
LOC105379502	0	0	0
LINC03105	0	0	0
LOC124904991	0	0	0
LOC102723360	0	0	0
LOC102723553	6	0	6
LOC102723451	0	0	0
LOC105379504	0	0	0
LOC107983987	0	0	0
LOC102723475	1	0	1
LOC124900474	0	0	0
LOC105379505	0	0	0
LOC124904992	0	0	0
LOC124904993	1	0	1
MIR6724-1	0	0	0
RNA45SN2	11	0	11
MIR3648-1	0	0	0
RNA18SN2	0	0	0
RNA5-8SN2	0	0	0
RNA28SN2	0	0	0
CDC27P9	0	0	0
MIR6724-2	0	0	0
MIR6724-3	0	0	0
RNA45SN3	3	0	3
RNA18SN3	0	0	0
RNA5-8SN3	0	0	0
RNA28SN3	0	0	0
CDC27P10	0	0	0
MIR6724-4	0	0	0
RNA45SN1	0	0	0
MIR10396B	0	0	0
RNA18SN1	0	0	0
RNA5-8SN1	0	0	0
RNA28SN1	0	0	0
LINC01666	1	1	5
LOC124904994	0	4	1
LOC124904996	76	2	74
MIR3648-2	0	0	0
MIR10396A	0	0	0
LOC101927615	0	0	0
TEKT4P2	38	0	38
LOC101930100	3	0	5
LOC101927345	19	5	16
NCOR1P4	0	0	0
LOC105379514	0	0	0
LOC124904997	0	0	0
LINC01667	28	0	28
LOC105372734	0	0	0
LOC105372733	0	0	0
BAGE2	0	0	0
TPTE	0	0	0
ANKRD30BP2	0	0	0
MIR3156-3	0	0	0
LINC01674	0	0	0
POTED	0	0	0
MIR3118-1	0	0	0
LOC107985482	0	0	0
LOC112268283	0	0	0
MIR8069	0	0	0
CYP4F29P	1	0	1
LOC110091776	0	0	0
ANKRD20A11P	0	0	0
LOC105377134	13	0	13
LIPI	0	0	0
RBM11	0	0	0
ABCC13	0	0	0
HSPA13	764	1	798
LOC105369304	16	34	17
LOC124905053	0	0	0
SAMSN1	0	0	0
SAMSN1-AS1	0	0	0
LOC105372738	0	0	0
LOC124905054	0	0	0
ASMER1	23	0	23
NRIP1	648	2	646
LINC02920	0	0	0
LOC107985483	0	0	0
LOC124905047	0	0	0
LOC105369292	0	0	0
LOC101927745	17	0	17
LOC124905055	0	0	0
LOC105369302	0	0	0
LOC124905056	0	0	0
LOC124905073	0	0	0
USP25	951	0	951
MIR99AHG	102	0	102
SNORD74B	0	0	0
MIR99A	0	0	0
MIRLET7C	0	0	0
MIR125B2	0	0	0
LOC124904998	0	0	0
LOC105372740	0	0	0
LOC107985511	0	0	0
LINC01549	0	0	0
TRG-GCC1-5	0	0	0
CXADR	758	2	790
BTG3	411	72	386
BTG3-AS1	0	13	0
LOC124904999	0	0	0
LOC124900465	0	0	0
C21orf91-OT1	1	0	1
C21orf91	244	0	244
LINC03147	0	0	0
CHODL	2	0	2
LOC124905000	0	0	0
TMPRSS15	0	0	0
MIR548XHG	0	0	0
MIR548X	0	0	0
LOC107985490	0	0	0
LOC124905048	0	0	0
LINC01683	0	0	0
LOC105372745	0	0	0
LINC02573	0	0	0
LINC00320	0	0	0
LOC124905057	0	0	0
NCAM2	149	0	149
LINC00317	0	0	0
LINC01425	0	0	0
LINC01687	16	0	16
LINC00308	0	0	0
LOC107985508	3	0	3
LOC107985494	0	0	0
MIR6130	0	0	0
D21S2088E	0	0	0
LOC105372747	0	0	0
LOC107985512	0	0	0
LOC105372749	0	0	0
LOC105372750	0	0	0
LINC01689	0	0	0
LINC01684	0	0	0
LINC01692	0	0	0
LOC107985516	0	0	0
LINC00158	1	0	1
LOC105372753	4	0	4
MIR155HG	3	3	0
MIR155	0	0	0
LINC00515	4	0	4
MRPL39	762	0	762
JAM2	4	6	0
LOC124905001	0	0	0
LOC124905002	4	0	5
ATP5PF	1374	21	1712
GABPA	540	339	560
LOC105372757	0	0	0
LOC105372756	0	0	0
APP	9812	2	9810
LOC124900466	2	0	2
APP-DT	0	0	0
CYYR1-AS1	0	0	0
LOC105372758	0	0	0
LOC107985474	0	0	0
CYYR1	0	0	0
ADAMTS1	311	0	311
LOC105372760	0	0	0
ADAMTS5	334	1	333
MIR4759	0	0	0
LOC124905050	4	3	1
LOC102724355	0	0	0
LOC105372759	0	0	0
LOC124905003	0	0	0
LOC105372762	0	0	0
LINC01673	0	0	0
LINC00113	0	0	0
LINC00314	0	0	0
LINC01697	0	0	0
LINC01695	0	0	0
LINC00161	0	0	0
HEMK2	155	0	155
LOC124905004	0	0	0
LTN1	0	0	0
LOC105372766	0	0	0
RWDD2B	0	0	0
LOC124905005	0	0	0
USP16	0	0	0
CCT8	0	0	0
MAP3K7CL	0	0	0
LOC105372767	0	0	0
LOC124905065	0	0	0
LINC00189	0	0	0
LOC124905007	0	0	0
LOC105369299	8	0	8
BACH1	547	0	547
BACH1-IT2	1	0	1
LOC124905071	0	0	0
LOC107985486	10	0	10
LOC105372770	0	0	0
BACH1-IT3	0	0	0
GRIK1	11	19	0
LOC124905006	1	0	1
LOC105372768	0	0	5
GRIK1-AS2	2	0	2
GRIK1-AS3	6	0	6
GRIK1-AS1	0	0	0
CLDN17	0	0	0
LINC00307	0	0	0
CLDN8	0	0	0
KRTAP24-1	0	0	0
KRTAP25-1	0	0	0
KRTAP26-1	0	0	0
KRTAP27-1	0	0	0
KRTAP23-1	0	0	0
KRTAP13-2	0	0	0
MIR4327	0	0	0
LOC105372772	0	0	0
KRTAP13-1	0	0	0
KRTAP13-3	0	0	0
KRTAP13-4	0	0	0
KRTAP15-1	0	0	0
KRTAP19-1	0	0	0
KRTAP19-2	0	0	0
KRTAP19-3	0	0	0
KRTAP19-4	0	0	0
KRTAP19-5	0	0	0
KRTAP19-6	0	0	0
KRTAP19-7	0	0	0
KRTAP22-2	0	0	0
KRTAP6-3	0	0	0
KRTAP6-2	0	0	0
KRTAP22-1	0	0	0
KRTAP6-1	0	0	0
KRTAP20-1	0	0	0
KRTAP20-4	0	0	0
KRTAP20-2	0	0	0
KRTAP20-3	0	0	0
LOC105372773	0	0	0
KRTAP21-3	0	0	0
KRTAP21-2	0	0	0
KRTAP21-1	0	0	0
KRTAP8-1	0	0	0
KRTAP7-1	0	0	0
KRTAP11-1	0	0	0
LOC105372776	0	0	0
LOC105372775	0	0	0
LOC105372774	0	0	0
KRTAP19-8	0	0	0
TIAM1	0	0	0
LOC105372777	0	0	0
TIAM1-AS1	0	0	0
LOC107985488	0	0	0
SOD1-DT	4	1170	5
SOD1	1085	27	2229
LOC124900469	1	0	1
SCAF4	650	0	650
LOC124905008	0	0	0
HUNK	1	0	1
LINC00159	0	0	0
MIS18A	273	0	276
MIS18A-AS1	3	5	1
MRAP	0	161	1
LOC124905009	1	0	3
MRAP-AS1	0	0	0
URB1	1249	2	1406
SNORA80A	2	0	2
URB1-AS1	52	1	52
EVA1C	1034	9	1025
CFAP298-TCP10L	0	0	0
TCP10L	1	0	1
CFAP298	108	0	108
SYNJ1	446	2	446
LOC124905011	1	1	0
PAXBP1-AS1	19	124	10
PAXBP1	632	2	870
LOC124905010	56	183	0
EPCIP-AS1	0	0	0
EPCIP	0	0	0
LOC124900470	0	0	0
LOC124905012	0	0	0
LOC105377136	0	0	0
LINC01690	0	0	0
OLIG2	0	0	0
LINC00945	0	0	0
OLIG1	0	0	0
LOC101928107	0	0	0
LINC01548	0	0	0
LOC105372787	0	0	0
IFNAR2-IL10RB	0	0	0
IFNAR2	338	0	339
IL10RB-DT	1	6	1
IL10RB	13	0	13
IFNAR1	870	19	851
IFNGR2	284	0	284
TMEM50B	7	0	7
DNAJC28	0	0	0
GART	2796	0	2796
SON	5168	16	5163
MIR6501	0	0	0
DONSON	976	4	983
CRYZL1	307	0	307
ITSN1	1909	0	1909
ATP5PO	3482	2	3480
LINC00649	0	0	0
LOC124905013	0	0	0
LOC101928126	1	0	1
LOC105372790	0	0	0
LOC105372789	0	0	0
MRPS6	146	0	146
SLC5A3	405	0	405
LINC00310	0	0	0
LOC105372791	0	0	3
KCNE2	0	3	0
SMIM11	0	0	0
C21orf140	0	0	0
LOC105372793	0	0	0
SMIM34	0	0	0
KCNE1	1	0	1
LOC124900475	0	0	0
RCAN1	513	0	513
CLIC6	7	4	3
LINC00160	11	0	11
LOC107985515	2	1	1
LINC01426	13	0	13
RUNX1	1146	9	1137
RUNX1-AS1	4	3	1
RUNX1-IT1	2	0	2
LOC124905015	0	0	0
LOC100506403	0	0	0
MIR802	0	0	0
PPP1R2P2	0	0	0
LOC101928269	0	0	0
LINC01436	0	0	0
SETD4	260	0	261
SETD4-AS1	0	1	0
CBR1-AS1	2	868	0
CBR1	608	1	1472
LOC105369306	0	0	0
CBR3-AS1	9	72	11
CBR3	115	2	187
DOP1B	209	0	209
LOC124905016	2	0	2
LOC124905072	0	0	0
MORC3	324	2	322
CHAF1B	710	0	710
CLDN14-AS1	38	0	43
CLDN14	4	9	0
LOC105369308	1	0	1
SIM2	146	12	193
LOC107985492	5	1	4
HLCS	398	70	393
LOC105369305	10	10	0
HLCS-AS1	3	4	5
RIPPLY3	0	0	0
LOC124905017	0	0	0
PIGP	312	0	313
TTC3	2131	1	2299
TTC3-AS1	0	168	0
DSCR9	8	5	3
VPS26C	866	10	856
LOC124905018	0	0	0
LOC124905019	0	0	0
DYRK1A	997	16	981
LOC105372797	1	1	0
KCNJ6-AS1	0	0	0
LOC105372798	4	4	0
KCNJ6	0	0	0
LOC101928368	0	0	0
DSCR4	0	0	0
DSCR8	0	0	0
LOC124905020	0	0	0
LOC124905070	0	0	0
DSCR10	0	0	0
KCNJ15	3	0	3
LOC105372801	0	0	0
LINC01423	0	0	0
LOC107985513	1	0	1
ERG	483	3	480
LOC105372802	25	1	24
LINC00114	0	0	0
LOC107985480	8	0	8
ETS2	6701	6	6695
LOC101928398	0	0	0
ETS2-AS1	9	0	9
LINC01700	1	0	1
LINC02940	23	0	23
LINC02943	4	3	1
PSMG1	2018	0	2018
BRWD1	1496	7	1489
BRWD1-AS2	20	0	20
BRWD1-AS1	1	0	1
HMGN1	5206	1	5205
LOC124905074	26	0	26
LOC105372804	0	0	0
GET1-SH3BGR	0	0	0
GET1	77	3	81
LCA5L	42	29	37
SH3BGR	1	0	1
MIR6508	0	0	0
B3GALT5-AS1	0	0	0
B3GALT5	0	0	0
LOC107985499	0	0	0
IGSF5	0	0	0
LOC107985500	0	0	0
PCP4	0	0	0
DSCAM	0	0	0
MIR4760	0	0	0
DSCAM-AS1	0	0	0
LOC105369294	0	0	0
LOC124900473	0	0	0
DSCAM-IT1	0	0	0
LINC00323	7	0	7
MIR3197	14	1	13
BACE2	9130	3	9127
PLAC4	226	14	212
FAM3B	8	0	8
MX2	27	0	27
MX1	6	0	6
TMPRSS2	0	0	0
LOC124905021	0	0	0
LOC124900472	0	0	0
LOC105372809	0	0	0
PCSEAT	0	0	0
LOC105372812	0	0	0
LOC107985478	0	0	0
LOC105372813	0	0	0
LINC00111	0	0	0
LINC00479	1	0	1
LINC00112	0	0	0
RIPK4	89	0	89
MIR6814	0	0	0
LOC102724800	6	0	6
PRDM15	677	0	677
C2CD2	681	0	681
SNORA91	0	0	0
ZBTB21	492	1	492
ZNF295-AS1	0	1	0
LOC107985502	0	0	0
UMODL1	0	0	0
UMODL1-AS1	0	0	0
ABCG1	2	0	2
LOC105372814	0	0	0
TFF3	0	0	0
TFF2	0	0	0
LOC105372815	0	0	0
TFF1	0	0	0
TMPRSS3	1163	0	1163
UBASH3A	7	0	7
RSPH1	0	0	0
RSPH1-DT	0	0	0
SLC37A1	589	2	651
LOC107987299	1	64	0
LOC101928212	2	0	3
LINC01671	28	0	28
LOC101928255	6	0	6
PDE9A	310	0	310
PDE9A-AS1	0	0	0
LOC107985504	0	0	0
LINC01668	0	0	0
WDR4	645	10	635
LOC105372817	21	1	20
NDUFV3	881	0	881
ERVH48-1	18	1	17
LOC124905022	11	0	11
LOC124905023	127	3	124
MIR5692B	0	0	0
LOC124905024	1	0	1
PKNOX1	413	0	413
CBS	586	3	583
U2AF1	12	0	12
LOC101928369	11	0	11
FRGCA	0	0	0
LOC107987300	0	0	0
CRYAA	0	0	0
LOC105372821	1	0	1
LOC124905025	0	0	0
LOC124905026	1	0	1
LINC00322	33	0	33
LOC124905027	147	0	147
LINC01679	30	30	0
LINC03039	15	0	15
LOC124905028	8	0	8
SIK1	1442	0	1442
LOC124905029	21	5	16
HSF2BP	81	100	80
LINC00319	0	0	7
LOC124900467	0	0	0
LINC00313	0	0	0
LOC102723380	7	7	0
H2BC12L	0	4	0
MIR6070	0	0	0
RRP1B	2401	10	2394
LOC124905030	6	0	6
LOC124905031	1	0	4
LOC124905032	1	0	1
PDXK	5306	6	5300
LOC105372824	51	0	51
CSTB	2796	5	2793
LOC105372825	0	0	0
RRP1	1694	0	1696
AATBC	1	1	0
LOC124905033	13	0	13
AGPAT3	1369	0	1369
LOC124905034	4	0	4
LOC105372826	0	0	0
LOC105372829	0	0	0
TRAPPC10	426	1	425
PWP2	241	0	241
GATD3	203	0	203
LINC01678	0	0	0
LOC124905035	8	0	8
LOC105377139	0	0	0
LOC105372832	0	0	0
LOC102725065	0	0	0
ICOSLG	79	0	79
DNMT3L	9	6	22
DNMT3L-AS1	0	19	0
AIRE	10	8	2
PFKL	5971	9	5962
CFAP410	527	264	263
TRPM2	307	103	263
TRPM2-AS	23	3	79
LOC124905069	0	0	0
LOC124905068	0	0	0
LRRC3-DT	0	0	0
LRRC3	89	0	89
HEPFAL	2	0	2
LOC124905037	0	0	0
LINC02575	2	0	2
TSPEAR	3	3	0
TSPEAR-AS1	5	5	0
TSPEAR-AS2	4	1	3
LOC124905038	1	0	1
KRTAP10-1	0	0	0
KRTAP10-2	0	0	0
KRTAP10-3	0	0	0
KRTAP10-4	0	0	0
KRTAP10-5	0	0	0
KRTAP10-6	0	0	0
KRTAP10-7	0	0	0
KRTAP10-8	0	0	0
KRTAP10-9	0	0	0
KRTAP10-10	0	0	0
KRTAP10-11	0	0	0
KRTAP12-4	0	0	0
KRTAP12-3	0	0	0
KRTAP12-2	0	0	0
KRTAP12-1	0	0	0
KRTAP10-12	0	0	0
UBE2G2	1259	0	1259
LINC01424	37	0	37
SUMO3	1558	0	1558
PTTG1IP	6017	3	6014
LOC124905039	22	0	22
ITGB2	63	1	63
LOC107987303	0	0	0
ITGB2-AS1	1	0	2
LINC01547	114	0	162
SLX9	1109	52	1105
LINC00163	6	5	1
LINC00165	90	0	90
PICSAR	405	9	396
LOC105372836	77	41	36
SSR4P1	141	44	97
ADARB1	2850	5	2845
LINC00334	3	3	0
LOC124905062	0	0	0
POFUT2	724	0	724
LINC00205	311	1	310
LOC124905040	1	0	1
LINC00316	0	0	0
LOC105372839	0	0	0
LOC124905041	1	0	1
BNAT1	0	0	0
COL18A1	0	0	0
COL18A1-AS2	0	0	0
COL18A1-AS1	0	0	0
LOC124905042	0	0	0
MIR6815	0	0	0
SLC19A1	1	0	1
LOC107985485	0	0	0
LINC01694	1	0	1
PCBP3	0	0	0
PCBP3-AS1	0	0	0
LOC124905044	0	0	0
LOC101928796	0	0	0
LOC105372841	0	0	0
COL6A1	333	1	332
LOC105372842	0	0	0
COL6A2-DT	0	0	0
COL6A2	13	0	14
LOC124905043	0	1	0
FTCD	1	0	1
FTCD-AS1	0	0	0
SPATC1L	0	0	0
LOC124905045	0	0	0
LSS	136	0	136
SNORD159	0	0	0
MCM3AP-AS1	78	554	82
MCM3AP	1444	82	1926
YBEY	341	18	336
C21orf58	393	2	399
PCNT	2037	12	2026
LOC128092249	0	0	0
LOC124905046	79	0	79
DIP2A	1067	0	1067
DIP2A-IT1	1	0	1
S100B	0	0	0
PRMT2	625	1	624
LOC124905058	16	0	16
LOC124905154	0	0	0
LOC105379418	0	0	0
FRG1FP	4	0	4
LOC107984037	4	0	4
LOC102723769	0	0	0
LOC107987323	10	0	10
LOC105379516	0	0	0
LOC105379428	0	0	0
LOC124905168	0	0	0
OR11H1	0	0	0
LOC112268291	0	0	0
POTEH	0	0	0
POTEH-AS1	0	0	0
PSLNR	0	0	0
DUXAP8	96	0	96
BMS1P22	12	12	0
LOC124905169	0	0	0
CCT8L2	0	0	0
TPTEP1	0	0	0
ANKRD62P1-PARP4P3	0	0	0
LINC01665	0	0	0
XKR3	2	0	2
HSFY1P1	0	0	0
GAB4	0	0	0
CECR7	128	0	128
IL17RA	563	0	563
TMEM121B	3	0	3
LINC01664	0	0	0
HDHD5	1495	3	1495
HDHD5-AS1	5	1	7
ADA2	2	2	0
LOC107985573	0	0	0
CECR3	0	0	0
CECR2	0	0	0
SLC25A18	28	28	9
LOC105372850	0	0	1
LOC101929372	4	2	10
ATP6V1E1	3809	0	3809
BCL2L13	1463	0	1463
BID	449	31	418
MIR3198-1	0	0	0
LINC00528	0	0	0
MICAL3	1845	1	1844
LOC124905075	0	0	0
MIR648	0	0	0
LINC01634	4	0	4
LOC105372853	12	12	0
PEX26	1199	4	1195
TUBA8	26	0	26
LOC124905076	2	0	2
USP18	512	0	512
FAM230D	0	0	0
LOC105372858	0	0	0
LOC105379518	0	0	0
FAM247D	0	0	0
FAM230J	0	0	0
LOC107987325	0	0	0
FAM230A	0	0	0
FAM247B	0	0	0
GGTLC3	0	0	0
TMEM191B	1	1	0
PI4KAP1	191	0	191
LOC124905077	0	0	0
LOC124905174	0	0	0
LOC124900482	0	0	0
RIMBP3	35	0	35
FAM246B	0	0	0
FAM230E	0	0	0
FAM247C	0	0	0
GGT3P	0	0	0
POM121L15P	1	1	0
LOC102724728	0	0	0
FAM230F	0	0	0
DGCR6	186	0	186
PRODH	28	6	22
LOC122455341	0	0	0
DGCR5	94	61	33
FAM246C	6	6	0
DGCR2	1274	0	1274
DGCR11	17	0	17
LOC124905078	4	0	4
ESS2	762	2	801
TSSK2	0	41	0
LOC112268297	0	0	0
GSC2	0	0	0
LINC01311	61	0	61
SLC25A1	3450	6	3444
CLTCL1	893	1	1022
LOC112268289	7	134	3
LOC124900485	0	0	0
LOC105372859	1	215	2
HIRA	1198	3	1411
MRPL40	945	1	944
C22orf39	179	1	276
UFD1-AS1	41	129	15
UFD1	1285	12	1278
CDC45	952	3	950
CLDN5	5	5	0
LINC00895	0	0	0
LOC124905079	0	0	0
SEPTIN5	0	0	0
SEPT5-GP1BB	0	0	0
GP1BB	0	0	0
LOC105372861	0	0	0
TBX1	473	22	454
GNB1L	227	4	226
RTL10	625	0	625
LOC124905080	8	1	7
TXNRD2	1567	165	1577
LOC124905081	1	1	0
COMT	1764	18	1927
MIR4761	0	0	0
ARVCF	185	9	182
LOC124905082	0	0	0
TANGO2	350	0	350
MIR185	0	0	0
DGCR8	862	3	859
MIR3618	0	0	0
MIR1306	0	0	0
TRMT2A	654	2	905
MIR6816	0	0	0
RANBP1	2909	253	2909
SNORA77B	0	0	0
ZDHHC8	765	1	765
CCDC188	0	1	0
LINC02891	1	0	1
LOC105372862	49	1	59
LINC00896	55	60	6
LOC124905083	8	0	8
LOC105372863	0	0	0
RTN4R	234	0	234
MIR1286	0	0	0
DGCR6L	660	1	659
FAM230G	0	0	0
LOC124905153	0	0	0
ZNF74	231	0	231
SCARF2	182	0	182
LOC107985588	1	1	0
KLHL22	290	0	290
LOC124905085	0	0	0
LOC101928824	25	0	25
MED15	2587	0	2588
LOC124905084	0	1	0
POM121L4P	0	0	0
LOC107985584	2	2	0
TMEM191A	9	0	9
PI4KA	1760	0	1760
SERPIND1	0	0	0
SNAP29	787	0	787
CRKL	3707	4	3703
LINC01637	0	0	0
AIFM3	0	0	0
LZTR1	1044	1	1043
THAP7	781	2	834
THAP7-AS1	80	53	82
TUBA3FP	0	0	0
P2RX6	116	0	117
SLC7A4	10	11	0
MIR649	4	4	0
P2RX6P	8	0	8
LRRC74B	0	0	0
BCRP2	57	0	57
FAM230B	0	0	0
FAM247A	0	0	0
GGT2P	0	0	0
POM121L8P	4	4	0
FAM230H	0	0	0
LINC01651	0	0	0
FAM246A	0	0	0
RIMBP3B	3	0	3
LOC124900483	0	0	0
LOC124905172	0	0	0
HIC2	272	1	271
TMEM191C	3	0	3
PI4KAP2	352	2	350
LOC124905173	0	0	0
LOC124900484	0	0	0
RIMBP3C	0	0	0
UBE2L3	3012	25	2987
YDJC	1051	51	1000
CCDC116	4	0	4
SDF2L1	1178	0	1178
LOC107985532	9	0	9
MIR301B	0	0	0
MIR130B	0	0	0
PPIL2	920	0	1065
YPEL1	3	145	3
MAPK1	2233	0	2233
PPM1F	992	0	1081
PPM1F-AS1	5	89	5
TOP3B	1081	1	1080
PRAMENP	0	0	0
LOC102724653	0	0	0
VPREB1	0	0	0
LOC124905087	60	0	60
LOC105372952	24	2	24
BMS1P20	190	0	192
LOC101929255	0	0	0
ZNF280B	0	0	0
ZNF280A	0	0	0
PRAME	0	0	0
LL22NC03-63E9.3	0	0	0
POM121L1P	3	3	0
GGTLC2	1	0	1
LOC112267890	0	0	0
LL22NC03-102D1.18	0	0	0
LOC105372948	0	0	0
MIR650	0	0	0
LOC124905086	0	0	0
LOC102724638	0	0	0
MIR5571	0	0	0
IGLL5	0	0	0
LOC105372947	0	0	0
RSPH14	0	11	0
GNAZ	22	0	22
LOC124905170	0	0	0
RAB36	3	3	0
BCR	799	0	974
FBXW4P1	8	1	7
LOC107985554	1	165	0
LINC02556	0	0	0
CES5AP1	0	0	0
ZDHHC8BP	0	0	0
LINC01659	0	0	0
FAM230I	0	0	0
LINC02557	0	0	0
LOC107985580	0	0	0
LOC124900476	0	0	0
PCAT14	0	0	0
LOC105372957	0	0	0
IGLL1	0	0	0
DRICH1	59	0	59
LOC124905089	5	0	5
GUSBP11	289	0	358
RGL4	104	173	0
LOC124905088	4	0	4
ZNF70	85	0	85
VPREB3	11	0	11
C22orf15	0	0	0
CHCHD10	0	0	0
LOC107985577	0	0	0
MMP11	0	0	0
SMARCB1	0	0	0
DERL3	0	0	0
SLC2A11	0	0	0
MIF-AS1	0	0	0
MIF	0	0	0
LOC100652871	0	0	0
GSTT2B	191	0	191
DDTL	0	0	0
DDT	0	1	0
GSTT2	9	0	10
GSTT4	0	0	0
LOC105372959	0	0	0
CABIN1	1967	0	1967
SUSD2	166	0	166
LOC124905090	2	0	2
GGT5	31	0	31
POM121L9P	2	0	2
SPECC1L-ADORA2A	0	0	0
SPECC1L	402	0	402
LOC105372960	0	0	0
ADORA2A	3	0	5
ADORA2A-AS1	13	20	0
UPB1	0	0	0
GUCD1	1931	29	1963
SNRPD3	2834	35	2860
LOC124905091	11	11	0
GGT1	301	0	301
LRRC75B	6	0	6
BCRP3	3	0	8
POM121L10P	3	8	0
LOC124905092	0	0	0
LOC105372962	0	0	0
PIWIL3	1	0	1
TOP1P2	0	0	0
SGSM1	13	1	12
LOC124900481	0	0	0
LHFPL7	0	0	0
KIAA1671	1128	0	1129
KIAA1671-AS1	0	1	0
CRYBB3	28	0	28
CRYBB2	12	0	12
LOC105372969	0	0	0
IGLL3P	0	0	0
LRP5L	147	1	146
LOC124905095	0	0	0
LOC124905093	0	0	0
CRYBB2P1	495	0	495
MIR6817	0	0	0
LOC124905094	22	0	22
GRK3-AS1	0	5	0
GRK3	66	0	70
MYO18B	3	0	3
MYO18B-AS1	0	0	0
LOC102724801	0	0	0
LINC02559	0	0	0
LOC105372971	0	0	0
SEZ6L	0	0	0
SEZ6L-AS1	0	0	0
LOC124905096	0	0	0
ASPHD2	2	7	3
HPS4	965	1	972
SRRD	213	237	415
TFIP11	780	223	996
TFIP11-DT	106	0	106
TPST2	360	1	359
MIR548J	0	0	0
CRYBA4	0	0	0
CRYBB1	0	0	0
MIAT	12	0	12
MIATNB	12	0	12
LOC110091768	4	0	4
LINC01422	0	0	0
LOC107985582	7	0	7
LOC284898	0	0	0
LOC107985534	0	0	0
LOC105372977	0	0	0
LINC01638	0	0	0
LINC02554	0	0	0
LOC105372979	0	0	0
LOC102724900	0	0	0
LOC105372980	0	0	0
LOC105372981	2	0	2
LOC124905098	1	1	0
CPMER	6	1	5
MN1	2235	7	2228
LOC107985529	1	0	1
PITPNB	1505	0	1506
TTC28-AS1	203	73	235
MIR3199-1	0	0	0
MIR3199-2	0	0	0
TTC28	851	40	915
LOC124905171	1	0	1
MIR5739	0	0	0
LOC101929594	0	0	0
CHEK2	2255	1	2256
HSCB	456	4	454
CCDC117	1104	0	1104
XBP1	5371	6	5365
LOC107985549	13	0	13
ZNRF3	654	0	654
ZNRF3-AS1	3	0	3
C22orf31	0	0	0
KREMEN1	530	0	530
LOC101929638	0	0	0
EMID1	0	0	0
LOC124905099	0	0	0
LOC105372985	0	0	0
RHBDD3	924	5	921
EWSR1	7280	15	7267
GAS2L1	1480	2	1478
RASL10A	9	0	9
AP1B1	2791	6	2785
SNORD125	7	0	7
RFPL1	0	38	0
LOC102723305	0	0	6
RFPL1S	23	0	53
LOC107985541	23	0	24
NEFH	737	20	718
THOC5	1129	0	1129
NIPSNAP1	2832	3	2829
NF2	947	0	947
CABP7-DT	1	1	0
CABP7	5	233	7
ZMAT5	115	6	346
UQCR10	1391	1	1392
ASCC2	1425	0	1425
MTMR3	834	1	894
MIR6818	0	0	0
HORMAD2-AS1	1	62	0
HORMAD2	0	0	0
LOC105372988	1	0	1
LIF-AS1	0	0	0
LIF	97	0	105
LIF-AS2	1	9	0
OSM	0	0	0
CASTOR1	81	0	81
TBC1D10A	456	0	456
SF3A1	2818	5	2987
CCDC157	29	278	39
KIAA1656	15	29	92
RNF215	251	0	258
SEC14L2	223	25	199
MTFP1	761	13	748
LOC105372990	6	0	6
SEC14L3	0	0	0
LOC105372991	0	0	0
SDC4P	0	0	0
LOC107985579	1	1	0
SEC14L4	282	0	282
SEC14L6	0	0	0
GAL3ST1	18	0	18
PES1	4499	5	4495
TCN2	2	1	2
SLC35E4	147	21	147
DUSP18	26	0	47
OSBP2	1870	75	2322
MIR3200	0	0	0
LOC105372994	0	0	0
LOC107985544	51	498	80
MORC2-AS1	0	68	1
MORC2	1501	3	1567
TUG1	3739	2	3737
SMTN	1933	17	1916
SELENOM	599	0	599
LOC105372995	0	0	1
LOC124905100	0	1	0
INPP5J	377	0	377
PLA2G3	47	0	47
MIR3928	0	0	0
RNF185	908	0	908
LIMK2	265	3	262
PIK3IP1	25	3	22
LOC105372997	1	1	0
PATZ1	689	0	689
PIK3IP1-DT	1	1	0
LINC01521	88	19	69
DRG1	2522	9	2513
EIF4ENIF1	764	97	667
SFI1	711	32	711
PISD	835	2	865
MIR7109	0	0	0
PRR14L	1439	0	1439
DEPDC5	457	0	457
LOC105372998	0	0	0
LOC124905102	0	0	0
YWHAH-AS1	0	1	3
YWHAH	1657	2	1655
LOC124900477	5	3	6
LOC124905158	2	0	2
LINC02558	0	0	0
SLC5A1	0	0	0
LOC105373000	0	0	0
AP1B1P1	0	0	0
C22orf42	0	0	0
RFPL2	0	0	0
SLC5A4-AS1	0	0	0
SLC5A4	0	0	0
LOC107985561	0	0	0
RFPL3	0	10	0
RFPL3S	0	0	10
LOC339666	5	7	0
RTCB	2200	1	2201
BPIFC	0	0	0
FBXO7	3142	0	3142
SYN3	6	7	5
LOC124905103	91	0	97
SYN3-AS1	32	1	31
LOC107985545	1	0	1
LOC105373002	0	0	0
TIMP3	1575	0	1575
LOC124905104	1	0	1
LARGE1	0	0	0
LINC01640	0	0	0
LOC124905107	0	0	0
LARGE1-AS2	0	0	0
LOC124905106	0	0	0
MIR4764	0	0	0
LOC105373007	0	0	0
SNORA50B	0	0	0
LARGE-AS1	0	0	0
LARGE1-AS1	0	0	0
LINC01643	0	0	0
LL22NC03-13G6.2	0	0	0
LOC124905108	0	0	0
LOC105373012	0	0	0
LOC105373013	0	0	0
LINC02885	0	0	0
LOC105373014	0	0	0
LOC124905109	0	0	0
LOC105373015	0	0	0
ISX	0	0	0
LOC124905110	0	0	0
LINC01399	1	0	1
LOC105373017	13	10	4
HMGXB4	736	0	737
TOM1	1199	0	1199
MIR3909	0	0	0
MIR6069	0	0	0
HMOX1	1264	0	1264
MCM5	4387	5	4382
RASD2	144	138	15
LOC107985590	33	0	42
MB	162	0	162
LOC284912	3	1	2
APOL6	1874	0	1874
APOL5	0	0	0
RBFOX2	105	1	104
APOL3	239	0	239
APOL4	0	0	0
APOL2	1364	0	1364
APOL1	994	0	994
MYH9	14424	5	14419
MIR6819	0	0	0
MYH9-DT	7	0	7
LOC124905111	2	0	2
TXN2	1382	1	1381
FOXRED2	1475	0	1663
LOC105373020	0	188	0
EIF3D	7681	4	7677
CACNG2	0	0	0
CACNG2-DT	10	13	0
LOC124905112	0	0	0
IFT27	145	0	148
PVALB	0	0	0
NCF4-AS1	0	0	0
NCF4	0	0	0
LOC105373022	0	0	0
CSF2RB	1	0	1
LOC105373023	0	0	0
LOC124900478	0	0	0
LL22NC01-81G9.3	0	0	0
CIMIP4	0	0	0
TST	1379	0	1379
MPST	1911	0	1911
LOC112268295	4	0	4
KCTD17	0	0	0
TMPRSS6	0	0	0
LOC124905113	0	0	0
IL2RB	20	0	20
IL2RB-AS1	78	1139	16
C1QTNF6	2558	10	3625
SSTR3	0	0	0
RAC2	4	0	4
LOC107985576	0	0	0
CYTH4	3	0	3
LOC105373024	0	0	0
ELFN2	509	2	507
LOC100506271	2	0	2
LOC124905114	1	1	0
MFNG	57	0	57
CARD10	1291	1	1290
CDC42EP1	2447	6	2441
LGALS2	18	18	0
GGA1	1117	0	1117
SH3BP1	27	5	71
PDXP-DT	5	50	4
PDXP	1221	0	1221
LGALS1	4515	6	4509
NOL12	475	3	472
TRIOBP	1525	2	1523
LOC124905115	5	1	4
LOC102724378	11	0	11
LOC124905159	0	0	0
H1-0	4132	5	4127
GCAT	577	0	578
GALR3	6	0	6
ANKRD54	540	8	533
MIR658	0	0	0
MIR659	1	0	1
EIF3L	7243	0	7243
MICALL1	741	1	752
C22orf23	108	112	8
POLR2F	686	0	686
MIR6820	0	0	0
SOX10	0	0	0
MIR4534	0	0	0
POLR2F-AS1	1	1	0
PICK1	538	4	536
SLC16A8	20	24	1
LOC105373027	13	0	16
BAIAP2L2	54	32	22
PLA2G6	281	1	280
MAFF	494	6	528
TMEM184B	2232	38	2395
SNORA92	3	0	3
TMEM184B-AS1	0	161	0
TPTEP2-CSNK1E	6	0	6
CSNK1E	12	3	9
TPTEP2	0	0	0
LOC105373030	0	0	0
LOC101927183	0	0	0
KCNJ4	0	0	0
LOC105373029	0	0	0
LOC124905116	0	0	0
KDELR3	281	12	275
DDX17	8701	2	8705
DMC1	4	0	4
LOC105373031	2	0	2
FAM227A	90	0	90
CBY1	287	36	254
TOMM22-DT	23	0	26
TOMM22	852	3	849
JOSD1	1710	19	1691
GTPBP1	2301	1027	2990
SUN2	532	717	1531
DNAL4	160	0	160
NPTXR	357	0	357
CBX6	1520	0	1520
LOC105373032	0	0	0
APOBEC3A	0	0	0
LOC105373033	1	0	1
LOC124905118	0	0	0
APOBEC3B	389	0	579
APOBEC3B-AS1	0	197	0
APOBEC3C	911	2	909
APOBEC3D	4	0	4
APOBEC3F	1	0	1
LOC107985563	0	0	0
APOBEC3G	0	0	0
LOC101927202	1	0	1
APOBEC3H	12	0	12
CBX7	259	0	259
PDGFB	1212	4	1208
LOC124905119	0	0	0
RPL3	45378	12	45366
SNORD83B	18	0	18
SNORD83A	17	0	17
SNORD139	15	0	15
SNORD43	16	0	16
SYNGR1	0	0	0
TAB1	742	0	742
LOC100506472	38	0	38
MGAT3	6	1	5
MGAT3-AS1	0	0	0
MIEF1	1867	1	1866
LOC105373035	6	0	6
MIURF	0	0	0
ATF4	8043	0	8043
RPS19BP1	984	0	984
LOC124905120	0	0	0
CACNA1I	0	0	0
ENTHD1	0	0	0
GRAP2	2	0	2
TMA7B	0	0	0
LOC124905155	0	0	0
FAM83F	68	0	68
TNRC6B-DT	0	0	0
TNRC6B	778	4	774
LOC124905121	0	0	0
ADSL	2026	0	2026
SGSM3	1602	8	1595
MRTFA	1135	1	1135
MRTFA-AS1	1	1	0
LOC105373037	0	0	0
LOC124905122	4	0	4
LOC124905123	2	2	0
MCHR1	0	0	0
SLC25A17	661	0	661
MIR4766	0	0	0
ST13	7237	1	7236
XPNPEP3	484	0	525
DNAJB7	1	42	0
LOC124905124	0	0	0
LOC124905157	0	0	0
RBX1	980	1	979
SNORD140	0	0	0
MIR1281	3	0	3
EP300	1829	1	1828
EP300-AS1	25	0	25
L3MBTL2	881	1	1469
L3MBTL2-AS1	3	313	1
CHADL	1	279	0
RANGAP1	3809	1	3808
MIR6889	0	0	0
ZC3H7B	1807	1	1806
TEF	239	3	236
LOC100996598	0	0	0
LOC105373042	1	0	1
TOB2	1345	4	1341
LOC105373043	16	5	11
PHF5A	998	0	998
ACO2	2658	271	4581
POLR3H	816	1962	1048
LOC105373044	0	0	0
CSDC2	7	0	7
PMM1	372	0	372
DESI1	1668	0	1668
XRCC6	14227	1	14226
SNU13	3366	11	3364
LOC107985567	45	0	45
C22orf46P	763	3	769
MEI1	1	0	1
CCDC134	56	10	272
SREBF2-AS1	3	445	10
SREBF2	5634	3	5857
MIR33A	0	0	0
SHISA8	0	0	0
LOC124905125	35	0	35
TNFRSF13C	37	0	37
MIR378I	0	0	0
CENPM	316	1	542
SMIM45	21	226	22
SEPTIN3	4	0	4
WBP2NL	2	3	2
NAGA	541	0	544
LOC107985551	0	0	0
PHETA2	81	0	81
SMDT1	0	0	0
NDUFA6	0	0	0
NDUFA6-DT	0	0	0
CYP2D6	4	0	4
CYP2D7	0	0	0
LOC105377203	0	0	0
TCF20	54	6	56
OGFRP1	6	4	10
LINC01315	163	1	162
LOC124905126	5	0	5
NFAM1	24	0	24
LOC101927344	7	0	7
SERHL	0	360	0
LOC101927372	1	0	1
RRP7A	1312	0	1683
LOC124900479	28	33	0
SERHL2	88	142	0
RRP7BP	268	1	319
POLDIP3	2834	2	2832
LOC124905127	8	0	8
RNU12	2	0	2
CYB5R3	7061	5	7056
ATP5MGL	0	0	0
A4GALT	1209	0	1209
ARFGAP3	1147	0	1147
PACSIN2	1336	4	1537
LOC101927393	17	220	6
LOC124905128	0	0	0
TTLL1-AS1	2	11	0
TTLL1	64	0	73
BIK	29	0	29
MCAT	753	0	753
TSPO	3185	1	3184
TTLL12	3302	9	3293
SCUBE1	1	0	2
SCUBE1-AS2	0	0	0
LOC124905129	1	2	0
SCUBE1-AS1	0	0	0
LOC105373053	0	0	0
LINC01639	0	0	0
MPPED1	0	0	0
EFCAB6-AS1	0	0	0
EFCAB6	2	0	2
LOC101927474	0	0	0
LOC124905130	0	0	0
EFCAB6-DT	2	0	2
SULT4A1	0	0	0
PNPLA5	0	0	0
PNPLA3	156	0	156
SAMM50	1556	0	1556
PARVB	1034	0	1034
LOC124905131	19	0	19
TRU-TCA2-1	0	0	0
PARVG	0	0	0
SHISAL1	694	0	694
LOC101927499	0	0	0
LINC01656	0	0	0
RTL6	1905	3	1902
LOC105373059	0	0	0
LINC00207	0	0	0
LINC00229	0	0	0
LOC105373060	0	0	0
LOC124905132	0	0	0
PRR5	201	0	201
PRR5-ARHGAP8	0	0	0
ARHGAP8	0	0	0
LOC105373062	1	1	0
LOC124905133	0	0	0
PHF21B	0	0	0
LOC101927551	0	0	0
NUP50-DT	336	6	330
NUP50	1944	3	1943
LOC105373064	4	4	2
KIAA0930	1298	1	1297
MIR1249	1	0	1
UPK3A	0	0	0
FAM118A	257	0	257
SMC1B	3	3	0
RIBC2	0	0	0
LOC107985537	0	0	0
LOC105373066	13	0	13
FBLN1	10727	4	10723
LINC01589	9	2	7
LOC105373069	2	0	2
LOC105373067	0	0	0
LOC105373068	0	0	0
ATXN10	3102	1	3101
MIR4762	0	0	0
LOC105373071	10	1	10
LOC107985535	0	0	1
WNT7B	785	4	781
LOC730668	13	1	12
LOC124905134	34	0	34
LOC124905136	5	1	5
LINC00899	42	2	55
LOC124905135	33	13	35
PRR34	17	22	14
PRR34-AS1	20	0	39
LINC02939	5	4	1
MIRLET7BHG	0	0	0
LOC112268288	6	0	6
MIR3619	0	0	0
MIRLET7A3	0	0	0
MIR4763	0	0	0
MIRLET7B	0	0	0
LOC124905137	0	0	0
LOC124905138	0	0	0
PPARA	323	2	321
LOC105373074	0	0	0
CDPF1	261	0	261
PKDREJ	4	3	1
TTC38	1021	0	1021
GTSE1-DT	7	0	7
GTSE1	880	1	879
TRMU	1361	7	1354
CELSR1	2048	2	2046
LINC02925	13	2	11
LOC105373075	4	2	2
GRAMD4	447	1	446
CERK	723	4	719
LOC105373077	7	0	7
TBC1D22A-DT	130	0	130
TBC1D22A	772	1	771
TBC1D22A-AS1	0	0	0
LOC105369161	5	0	5
LOC124905141	6	0	6
LOC124905139	0	0	0
LOC124905140	0	0	0
LOC339685	2	0	2
LINC01644	0	0	0
LINC00898	2	0	2
EPIC1	18	0	18
LOC124905150	0	0	0
LOC107985536	0	0	0
LOC107985581	0	0	0
MIR3201	0	0	0
LOC105373080	0	0	0
LOC105373081	0	0	0
LOC124905142	0	0	0
TAFA5	0	0	0
LOC284933	0	0	0
LOC124900480	0	0	0
MIR4535	0	0	0
LINC01310	0	0	0
NHIP	0	0	0
LOC105373086	0	0	0
LOC124905143	0	0	0
MIR3667HG	3	0	3
MIR3667	0	0	0
LOC124905144	0	0	0
LOC124905145	0	0	0
LOC124905146	0	0	0
BRD1	948	0	948
LOC105377205	0	0	0
LOC124905156	2	0	2
LOC105373091	0	0	0
ZBED4	833	7	828
LOC124905147	0	0	0
ALG12	624	45	604
CRELD2	838	32	829
PIM3	4207	2	4205
MIR6821	0	0	0
IL17REL	22	1	21
TTLL8	1	0	1
MLC1	2	0	2
MOV10L1	3	0	3
PANX2	125	0	125
TRABD	1866	8	2173
TRABD-AS1	10	312	13
SELENOO	907	29	1431
SELENOO-AS1	143	672	22
TUBGCP6	801	4	799
HDAC10	609	7	602
MAPK12	482	0	482
MAPK11	669	0	669
PLXNB2	10229	3	10226
DENND6B	54	5	59
LOC105373096	4	14	0
PPP6R2	1661	90	1644
MIR12114	4	0	4
SBF1	3717	13	3777
ADM2	107	0	107
MIOX	0	0	0
LMF2	2455	2	2454
NCAPH2	1285	881	1337
SCO2	28	96	812
TYMP	6331	9	6322
CIMAP1B	801	26	775
LOC102724608	1	25	5
KLHDC7B-DT	3	234	25
KLHDC7B	838	0	1065
SYCE3	5	0	5
LOC107985568	3	49	6
CHKB-CPT1B	0	1	0
CPT1B	6	0	6
CHKB	1	0	1
CHKB-DT	57	0	61
MAPK8IP2	165	0	165
ARSA	950	0	950
LOC124905149	5	0	5
SHANK3	4	0	4
LOC105373100	0	0	0
ACR	0	0	0
RPL23AP82	155	23	158
RABL2B	320	7	339
LOC102724751	4	0	16
LOC124905330	0	11	0
LOC102724151	0	0	0
LOC102724197	0	0	0
LOC105379548	0	0	0
LOC107987389	0	0	0
LOC107987392	9	1	8
RNA45SN4	104	0	136
RNA18SN4	0	0	0
RNA5-8SN4	0	0	0
RNA28SN4	0	0	0
LOC105379549	15	4	11
LOC107987393	34	0	34
LOC124905331	183	247	0
PLCXD1	0	0	0
GTPBP6	0	0	0
LINC00685	0	0	0
PPP2R3B	0	0	0
LOC102724521	0	0	0
SHOX	0	0	0
CRLF2	0	0	0
CSF2RA	0	0	0
LOC124905238	0	0	0
MIR3690	0	0	0
IL3RA	0	0	0
LOC101928032	0	0	0
SLC25A6	0	0	0
LOC124900597	7	0	7
LINC00106	0	0	0
ASMTL-AS1	0	0	0
ASMTL	0	0	0
P2RY8	0	0	0
AKAP17A	0	0	0
ASMT	0	0	0
LINC02968	0	0	0
LOC105379413	0	0	0
LOC107985677	0	0	0
DHRSX	0	0	0
LOC124905239	0	0	0
ZBED1	0	0	0
LINC03112	0	0	0
MIR6089	0	0	0
CD99P1	0	0	0
LINC00102	0	0	0
CD99	0	0	0
XG	0	0	0
GYG2	3	0	3
ARSD	0	0	0
ARSD-AS1	0	0	0
ARSL	0	0	0
ARSH	0	0	0
ARSF	0	0	0
LINC01546	0	0	0
MXRA5	0	0	0
SNORA48B	0	0	0
PRKX	525	0	525
PRKX-AS1	0	0	0
LOC389906	184	9	175
LOC124900487	173	0	173
TRI-GAT1-1	0	0	0
FAM239A	111	0	111
TRI-GAT1-2	0	0	0
FAM239B	20	0	20
TRI-GAT1-3	0	0	0
FAM239C	9	0	9
LOC101928201	0	0	0
LOC124900497	0	0	0
LINC03070	0	0	0
NLGN4X	778	1	777
LOC105373156	0	0	0
MIR4770	0	0	0
VCX3A	0	0	0
LOC124905240	1	0	1
PUDP	645	23	681
LOC107987331	0	0	0
STS	1147	38	1151
MIR4767	0	0	0
LOC124905241	1	0	1
VCX	0	0	0
PNPLA4	315	2	325
LOC107985675	32	12	32
MIR651	0	0	0
VCX2	0	0	0
LOC107985676	0	0	0
VCX3B	0	0	0
LINC03113	1	0	1
ANOS1	0	0	0
FAM9A	0	0	0
LINC03114	0	0	0
FAM9B	5	0	5
LOC124905242	0	0	0
LOC107985634	0	0	0
TBL1X	1872	0	1872
GPR143	0	0	0
LOC105373126	7	0	7
SHROOM2	0	0	0
CLDN34	0	0	0
WWC3	0	0	0
CLCN4	1	0	1
MID1	569	2	600
LOC124905245	2	31	4
HCCS-DT	22	0	22
LOC124905244	0	0	0
LOC124905243	0	0	0
HCCS	1838	0	1838
ARHGAP6	0	0	0
AMELX	0	0	0
MIR548AX	0	0	0
LOC124905246	0	0	0
LOC105373131	0	0	0
MSL3-DT	2	0	2
MSL3	893	0	893
FRMPD4	2	0	2
FRMPD4-AS1	0	0	0
PRPS2	957	1	956
TLR7	0	0	0
TLR8-AS1	0	0	0
TLR8	0	0	0
TMSB4X	15655	1	15654
FAM9C	0	0	0
LOC105373133	0	0	0
LOC105373134	0	0	0
LINC02154	3	0	3
GS1-600G8.3	0	0	0
ATXN3L	0	0	0
LINC01203	0	0	0
LOC124905248	0	0	0
EGFL6	0	0	0
MIR6086	0	0	0
LOC107985657	1	4	2
TCEANC	73	1	77
LOC107985656	19	0	19
RAB9A	1919	4	1915
TRAPPC2	213	19	217
OFD1	1049	47	1058
GPM6B	51	51	33
GEMIN8	345	0	345
UBE2E4P	0	0	0
GLRA2	0	0	0
LOC107985686	2	0	2
FANCB	189	0	189
MOSPD2	683	0	683
ASB9	209	0	209
ASB11	0	0	0
PIGA	1169	1	1168
PIR-FIGF	0	0	0
VEGFD	2	0	2
PIR	10	0	10
BMX	0	0	0
ACE2	159	0	159
ACE2-DT	2	0	2
CLTRN	26	33	23
CA5BP1	555	0	555
CA5BP1-CA5B	4	0	4
LOC124905268	0	0	0
CA5B	0	0	0
INE2	0	58	0
ZRSR2	432	4	428
AP1S2	248	0	248
GRPR	1	1	1
MAGEB17-AS1	4	0	6
MAGEB17	3	4	0
LOC124905249	0	0	0
CTPS2	1172	0	1172
MIR548AM	0	0	0
S100G	0	0	0
SYAP1	2454	3	2451
LOC124905250	1	0	1
TXLNG	1956	18	2275
LOC124905251	28	239	11
RBBP7	15051	115	15051
REPS2	467	0	467
LOC124905266	0	0	0
LOC124905252	0	0	0
LOC124905270	0	0	0
NHS	858	3	855
MIR4768	0	0	0
LOC101928389	0	0	0
NHS-AS1	0	0	0
LOC105373142	8	7	1
SCML1	989	0	989
RAI2	0	0	0
LINC01456	0	0	0
BEND2	0	0	0
SCML2	307	0	307
LOC124905253	1	0	1
CDKL5	430	1	430
RS1	3	0	4
TRV-TAC1-2	0	0	0
PPEF1	489	0	489
PPEF1-AS1	0	0	0
LOC124905254	16	0	16
PHKA2-AS1	245	250	851
PHKA2	1425	1307	974
LOC101928415	14	6	10
ADGRG2	878	5	875
PDHA1	8283	62	9477
MAP3K15	106	1207	155
SH3KBP1	1493	0	1493
LOC124905255	0	0	0
BCLAF3	160	0	160
LOC124905256	2	0	2
LOC729609	0	0	0
MAP7D2	4	0	4
MIR23C	0	0	0
EIF1AX	2954	0	2954
SCARNA9L	0	0	0
EIF1AX-AS1	0	0	0
RPS6KA3	1982	1	1981
LOC124905257	2	0	2
LOC124905258	1	0	1
LOC105373146	0	0	0
CNKSR2	4	0	4
KLHL34	0	0	0
SMPX	11	0	11
MBTPS2	1503	0	1503
YY2	167	0	167
LOC124905259	23	0	23
SMS	5528	1	5527
PHEX	15	0	20
PHEX-AS1	0	0	0
PTCHD1-AS	1	6	0
CBLL2	0	0	0
DDX53	0	0	0
PTCHD1	0	0	0
LOC124905276	0	0	0
PRDX4	7920	0	7920
ACOT9	1319	0	1319
SAT1-DT	8	0	8
SAT1	3054	0	3054
LOC127933115	0	0	0
APOO	926	1	931
CXorf58	1	6	1
KLHL15	670	0	670
EIF2S3	15608	1	15607
LOC124905261	15	0	15
LOC124905260	3	0	3
LOC124900492	3	0	3
ZFX-AS1	13	11	6
ZFX	1597	5	1596
SUPT20HL2	1	1	0
SUPT20HL1	0	0	0
PDK3	577	0	577
PCYT1B	0	0	0
PCYT1B-AS1	0	0	0
LOC124905262	0	0	0
POLA1	2548	0	2548
SCARNA23	0	0	0
LOC124905263	8	0	8
ARX	0	0	0
LOC107985652	0	0	0
LOC107985707	0	0	0
MAGEB18	0	0	0
MAGEB6B	0	0	0
MAGEB6	2	0	2
MAGEB5	0	0	0
VENTXP1	0	0	0
LOC124905231	2	0	2
LOC105373150	45	0	45
PPP4R3C	0	0	0
DCAF8L2	0	0	0
MAGEB10	0	0	0
DCAF8L1	0	0	0
LOC105373151	0	0	0
LOC105373152	0	0	0
MIR6134	0	0	0
IL1RAPL1	0	0	0
MIR4666B	0	0	0
LOC107985632	0	0	0
MAGEB2	4	0	4
MAGEB3	0	0	0
MAGEB4	0	0	0
MAGEB1	0	0	0
NR0B1	0	0	0
TASL	0	0	0
GK	153	0	211
GK-AS1	1	59	0
TAB3	893	0	893
TAB3-AS1	10	10	0
FTHL17	0	0	0
DMD	1772	0	1772
LOC124905175	0	0	0
MIR3915	0	0	0
MIR548F5	0	0	0
LOC124905283	0	0	0
LOC105373153	0	0	0
FAM47A	0	0	0
LOC107985674	0	0	0
TMEM47	0	0	0
FAM47B	0	0	0
MAGEB16	0	0	0
CFAP47	0	0	0
LOC101928627	0	0	0
LOC105373155	0	0	0
FAM47C	0	0	0
FTHL18P	0	0	0
PRRG1	714	0	714
LANCL3	1	0	1
XK	154	0	154
CYBB	7	0	7
DYNLT3	1463	0	1463
SYTL5	10	0	10
H2AP	0	0	0
H2AL3	0	0	0
MIR548AJ2	0	0	0
SRPX	0	0	0
LOC124905176	0	0	0
RPGR	161	0	161
OTC	0	0	0
TSPAN7	0	0	0
MID1IP1-AS1	23	225	4
MID1IP1	3275	6	3475
LOC124905178	0	0	0
LOC124905177	0	0	0
LOC105373175	0	0	0
LINC01281	0	0	0
LINC01282	0	0	0
LOC105373176	0	0	0
LINC01283	0	0	0
MIR3937	0	0	0
LOC105373178	3	0	3
LOC105373177	3	1	2
MIR1587	0	0	0
LOC105373180	14	0	14
LINC03053	9	8	1
BCOR	3996	11	3985
LOC107985687	48	0	48
LINC03099	9	0	9
LOC124905275	0	0	0
LOC105373182	0	0	0
ATP6AP2	2980	2	2978
MPC1L	0	0	0
CXorf38	704	0	704
MED14	2507	1	2522
MED14OS	2	16	2
TNIP2P1	0	0	0
USP9X	5622	2	5620
LINC02601	9	3	6
DDX3X	12012	6	12006
NYX	2	0	2
CASK	428	0	596
CASK-AS1	3	123	0
LOC124905180	1	49	0
GPR34	3	1	2
GPR82	0	0	0
LOC124905181	0	0	0
LOC105373186	1	0	1
PPP1R2C	0	0	0
LOC105373188	0	0	0
PINCR	0	0	0
MAOA	13	0	13
MAOB	30	0	30
NDP	0	0	0
NDP-AS1	0	0	0
EFHC2	8	0	8
FUNDC1	382	0	382
DUSP21	0	0	0
LOC105373190	1	1	0
KDM6A	643	0	643
DIPK2B	0	0	0
LOC105373191	0	0	0
LINC01204	0	0	0
MFFP3	0	0	0
MIR222HG	49	0	49
MIR221	0	0	0
MIR222	0	0	0
LINC02595	3	0	3
LOC124900502	0	0	0
LINC01186	13	0	13
KRABD4	264	1	263
ZNF674	37	4	33
LOC124900488	1	0	1
ZNF674-AS1	86	0	86
CHST7	3	0	3
SLC9A7	22	0	24
LOC124905182	1	3	0
RP2	333	0	333
LINC01545	3	0	4
JADE3	933	1	933
RGN	1	0	1
LOC105373193	1	2	2
LOC107985720	2	1	4
NDUFB11	2647	120	2661
RBM10	1784	15	1903
UBA1	13426	7	13419
LOC105373194	3	86	13
INE1	4	9	19
CDK16	4320	5	4383
USP11	1461	2	1459
LOC124905277	0	0	0
LOC124905264	0	0	0
ZNF157	0	0	0
SNORA11C	0	0	0
ZNF41	388	17	399
LINC01560	64	11	81
LOC124905183	7	0	7
LOC124905184	3	147	9
ARAF	1815	7	1963
SYN1	8	2	8
TIMP1	7967	0	7967
MIR4769	0	0	0
CFP	26	0	26
ELK1	1785	0	1785
UXT	246	1	850
UXT-AS1	1	604	2
CXXC1P1	0	0	0
ZNF81	197	0	199
ZNF182	1	2	1
SPACA5	0	0	0
ZNF630-AS1	0	0	0
ZNF630	0	0	0
LOC124905272	0	0	0
SSX6P	0	0	0
SPACA5B	0	0	0
SSX5	0	0	0
SSX1	0	0	0
SSX9P	0	0	0
SSX3	1	0	1
SSX4	0	0	0
SSX4B	0	0	0
SLC38A5	2393	0	2393
LOC124905185	3	373	4
FTSJ1	1919	4	2289
PORCN-DT	15	4	12
PORCN	482	1	482
EBP	2574	0	2574
TBC1D25	582	0	582
RBM3	2744	15	2729
WDR13	1606	3	1603
LOC107985695	2	0	2
LOC124905186	0	0	0
WAS	11	0	11
LOC124905187	0	0	0
SUV39H1	1327	2	1325
GLOD5	0	0	0
GATA1	2	0	2
HDAC6	1277	0	1277
ERAS	1	0	1
PCSK1N	0	0	0
TIMM17B	0	0	0
PQBP1	0	0	0
SLC35A2	0	0	0
PIM2	0	0	0
OTUD5	0	0	0
KCND1	0	0	0
GRIPAP1	0	0	0
TFE3	0	0	0
CCDC120	0	0	2
PRAF2	0	0	0
WDR45	0	0	0
GPKOW	0	0	0
LOC105373195	0	0	0
MAGIX	0	0	0
PLP2	4939	68	7191
PRICKLE3	987	2254	1053
SYP	11	0	14
SYP-AS1	0	3	0
CACNA1F	0	2	0
CCDC22	707	1	722
FOXP3	12	22	6
FLICR	0	0	0
PPP1R3F	323	0	323
GAGE10	0	0	0
LOC124905188	0	0	0
GAGE12J	4	0	4
GAGE13	0	0	0
GAGE12B	0	0	0
GAGE12C	0	0	0
GAGE12D	0	0	0
GAGE12E	0	0	0
GAGE12F	0	0	0
GAGE12G	0	0	0
GAGE12H	0	0	0
GAGE2A	50	0	50
GAGE1	272	0	272
PAGE1	1930	0	1930
PAGE4	0	0	0
USP27X-DT	6	0	6
USP27X	10	0	10
CLCN5	357	0	357
MIR532	0	0	0
MIR188	0	0	0
MIR500A	0	0	0
MIR362	0	0	0
MIR501	0	0	0
MIR500B	0	0	0
MIR660	0	0	0
MIR502	0	0	0
AKAP4	0	0	0
CCNB3	16	0	16
DGKK	0	0	0
SHROOM4	2	0	2
BMP15	0	0	0
ASMER2	0	0	0
LINC01284	2	0	2
LOC105373204	0	0	0
NUDT10	0	0	0
EZHIP	0	0	0
NUDT11	0	0	0
LINC01496	0	0	0
CENPVL3	0	0	0
LOC105373205	0	0	0
CENPVL2	0	0	0
CENPVL1	0	0	0
GSPT2	0	0	0
MAGED1	20	0	20
LOC401589	0	0	0
LOC105377208	0	0	0
MAGED4B	0	0	0
SNORA11E	0	0	0
MAGED4	0	0	0
SNORA11D	0	0	0
LOC105377209	0	0	0
MIR8088	0	0	0
LOC124905189	0	0	0
XAGE2	3	0	3
XAGE1A	0	0	0
XAGE1B	0	0	0
LOC107985659	0	0	0
SSX8P	0	0	0
SSX7	0	0	0
SSX2	20	0	20
SSX2B	4	0	4
SPANXN5	0	0	0
XAGE5	0	0	0
XAGE3	0	0	0
FAM156B	2	0	2
LOC124905190	16	2	14
FAM156A	5	0	5
GPR173	0	0	0
TSPYL2	979	0	979
KANTR	50	0	50
KDM5C	5445	12	5433
MIR6895	0	0	0
MIR6894	0	0	0
IQSEC2	627	0	627
LOC124905191	19	0	19
SMC1A	5565	6	5561
MIR6857	0	0	0
RIBC1	29	0	31
HSD17B10	2945	0	2945
HUWE1	10610	15	10595
MIR98	0	0	0
MIRLET7F2	0	0	0
PHF8	696	1	695
FAM120C	269	2	267
WNK3	4	4	0
TSR2	594	321	668
FGD1	580	84	891
GNL3L	1237	2	1235
ITIH6	0	0	0
MAGED2	2126	0	2126
SNORA11	1	0	1
TRO	2	2	0
SNORA11G	0	0	0
PFKFB1	1	0	1
APEX2	1424	1	1425
ALAS2	5	7	0
PAGE2B	8	0	8
PAGE2	0	0	0
VCF2	141	0	141
SNORA109	0	0	0
PAGE5	0	0	0
PAGE3	0	0	0
LOC100421746	0	0	0
MIR4536-2	0	0	0
MIR4536-1	0	0	0
MAGEH1	0	0	0
USP51	0	0	0
LOC101928692	0	0	0
FOXR2	0	0	0
XAGE-4	0	0	0
RRAGB	293	0	293
KLF8	0	0	0
LOC124905192	0	0	0
LOC124905193	0	0	0
LOC124900486	0	0	0
UBQLN2	1207	4	1203
LOC124905194	3	0	3
NBDY	520	0	520
UQCRBP1	2	1	1
SPIN3	220	0	220
SPIN2B	109	0	109
FAAH2	520	2	518
SPIN2A	4	2	2
ZXDB	736	17	719
LOC107985708	0	0	0
NLRP2B	0	0	0
LOC124905232	1	0	1
ZXDA	145	17	128
LOC105377211	0	0	0
LOC105377212	2	0	2
SPIN4-AS1	0	29	0
SPIN4	144	0	173
LINC01278	341	0	341
ARHGEF9	403	0	403
ARHGEF9-IT1	0	0	0
LOC128031833	0	0	0
MIR1468	0	0	0
AMER1	531	0	531
LOC112268307	0	0	0
ASB12	0	0	0
MTMR8	0	0	0
PFN5P	0	0	0
LOC124905195	0	0	0
LOC105373239	0	0	0
ZC4H2	0	0	0
ZC3H12B	44	45	0
LAS1L	2022	0	2023
FRMD8P1	0	0	0
MSN	11969	2	11967
MIR223HG	0	0	0
MIR223	0	0	0
VSIG4	0	0	0
HEPH	0	0	0
EDA2R	27	0	27
LOC105373240	0	0	0
AR	0	0	0
NXTAR	3	0	3
OPHN1	338	0	338
YIPF6	1138	0	1138
STARD8	342	0	342
EFNB1	194	0	194
LOC102723911	0	0	0
LOC105373242	0	0	0
LOC124905196	0	0	0
LOC107985646	0	0	0
PJA1	43	0	43
LINC00269	0	0	0
NALF2	0	0	0
EDA	0	0	0
MIR676	0	0	0
AWAT2	0	0	0
OTUD6A	0	0	0
IGBP1	1711	4	1727
LOC107985683	8	28	0
DGAT2L6	0	0	0
AWAT1	0	0	0
P2RY4	0	0	0
ARR3	3	3	0
RAB41	10	10	0
PDZD11	669	0	674
KIF4A	1474	3	1474
GDPD2	1	0	1
LOC105373244	2	0	2
DLG3	708	0	721
DLG3-AS1	1	13	1
TEX11	1	0	1
SNORD3E	0	0	0
SLC7A3	0	0	0
SNX12	1210	0	1210
FOXO4	395	0	395
CXorf65	0	0	0
IL2RG	123	0	123
MED12	2073	7	2074
LOC124905197	75	83	0
NLGN3	252	0	252
LOC107985688	0	0	0
GJB1	0	0	0
ZMYM3	2164	2	2164
LOC105373247	3	2	3
NONO	12283	3	12280
ITGB1BP2	9	0	9
LOC124905198	0	0	0
TAF1	836	0	836
INGX	0	0	0
OGT	3698	0	3698
GCNA	51	0	51
CXCR3	0	0	0
LOC100129291	0	0	0
LOC101059915	1	0	1
LINC00891	0	0	0
CXorf49	0	0	0
CXorf49B	0	0	0
LOC100132741	0	0	0
LOC101060274	0	0	0
NHSL2	0	0	0
RPS26P11	0	0	0
RTL5	1	0	1
PIN4	245	0	246
ERCC6L	155	3	153
RPS4X	24054	4	24050
CITED1	11	0	11
LOC105373250	1	0	1
HDAC8	463	0	463
PHKA1	504	0	504
PHKA1-AS1	0	0	0
LOC124905290	0	0	0
DMRTC1B	0	0	0
FAM226B	0	0	0
FAM236B	0	0	0
FAM236D	0	0	0
DMRTC1	0	0	0
FAM236C	0	0	0
FAM236A	0	0	0
FAM226A	0	0	0
PABPC1L2B-AS1	0	0	0
PABPC1L2B	0	0	0
PABPC1L2A	0	0	0
LOC101928380	0	0	0
NAP1L6P	0	0	0
NAP1L2	0	0	0
CDX4	0	0	0
MAP2K4P1	0	0	0
CHIC1	0	0	0
TSIX	0	0	0
XIST	0	0	0
JPX	161	5	156
FTX	17	4	13
MIR421	0	0	0
MIR374B	0	0	0
MIR374C	0	2	0
MIR545	0	0	0
MIR374A	0	0	0
LOC124905199	1	0	1
ZCCHC13	0	0	0
LOC105373252	1	0	1
SLC16A2	88	0	88
RLIM	2405	0	2405
NEXMIF	0	0	0
ABCB7	815	0	815
UPRT	223	0	223
LOC124905200	0	0	0
ZDHHC15	0	0	0
LOC107985664	0	0	0
TTC3P1	2	0	2
MAGEE2	0	0	0
PBDC1	0	0	0
MAGEE1	0	0	0
MIR325HG	0	0	0
MIR384	0	0	0
MIR325	0	0	0
LOC105373254	0	0	0
FGF16	0	0	0
ATRX	1155	0	1155
MAGT1	2068	0	2068
COX7B	2788	0	2788
ATP7A	452	0	452
PGAM4	5	0	5
LOC124905201	0	0	0
PGK1	31690	9	31681
TAF9B	660	406	254
LOC107985669	0	0	0
CYSLTR1	0	0	0
LOC107985670	0	0	0
RTL3	1	0	1
LPAR4	0	0	0
MIR4328	0	0	0
P2RY10	0	0	0
GPR174	0	0	0
ITM2A	0	0	0
LOC105373282	0	0	0
TBX22	0	0	0
CHMP1B2P	0	0	0
TENT5D	0	0	0
BRWD3	997	1	1000
LOC124905202	17	3	18
LOC124900504	0	0	0
HMGN5	361	0	361
SH3BGRL	173	0	173
LOC124905203	0	0	0
LOC105373284	2	0	2
LOC105373285	0	0	0
LOC105373286	0	0	0
EIF3JP1	1	0	1
LOC124900496	0	0	0
LOC105373287	0	0	0
LOC105373288	0	0	0
LOC107985635	0	0	0
POU3F4	0	0	0
CYLC1	0	0	0
RPS6KA6	0	0	0
MIR548I4	0	0	0
HDX	0	0	0
UBE2DNL	0	0	0
APOOL	419	0	556
SATL1	0	137	0
LOC101928128	0	0	0
ZNF711	0	0	0
POF1B	8	0	8
MIR1321	0	0	0
CHM	419	0	419
MIR361	0	0	0
DACH2	0	0	0
KLHL4	0	0	0
LOC124905233	155	0	155
LOC124900505	0	0	0
LOC107985713	0	0	0
CPXCR1	0	0	0
LOC107985653	0	0	0
LOC102724150	0	0	0
TGIF2LX	0	0	0
LOC105373292	0	0	0
LOC107985700	0	0	0
PABPC5-AS1	0	0	0
PABPC5	0	0	0
LOC105373293	0	0	0
PCDH11X	0	0	0
NAP1L3	0	0	0
FAM133A	50	0	50
LOC124900491	0	0	0
LOC107985704	0	0	0
LOC107985647	0	0	0
LOC107985710	0	0	0
MIR548M	0	0	0
LOC124905234	0	0	0
BRDTP1	0	0	0
LOC105373294	0	0	0
LOC107985714	0	0	0
LOC105373296	0	0	0
DIAPH2	0	0	0
RPA4	0	0	0
DIAPH2-AS1	0	0	0
ERVFC1	0	0	0
LINC03077	14	0	14
PCDH19	0	0	0
TNMD	0	0	0
LOC105373298	0	0	0
TSPAN6	593	0	593
SRPX2	15	28	13
SYTL4	37	1	62
CSTF2	772	0	772
LOC124900498	0	0	0
NOX1	10	10	0
XKRX	51	0	51
ARL13A	2	5	0
TRMT2B	519	1	521
TMEM35A	0	0	0
CENPI	393	0	393
DRP2	79	0	79
TAF7L	1	0	1
TIMM8A	235	0	235
BTK	2	0	2
RPL36A-HNRNPH2	0	0	0
RPL36A	9	1	8
GLA	1721	0	1721
HNRNPH2	0	0	0
ARMCX4	1	1	0
ARMCX1	0	0	0
ARMCX6	0	0	0
ARMCX3	0	0	0
ARMCX2	0	0	0
NXF5	0	0	0
ZMAT1	3	0	3
TCEAL2	0	0	0
TCEAL6	0	0	0
LOC105373299	0	0	0
BEX5	0	0	0
TCP11X1	0	0	0
NXF2	0	0	0
NXF2B	0	0	0
TCP11X2	0	0	0
TMSB15A	0	0	0
NXF4	0	0	0
ARMCX5	0	0	0
ARMCX5-GPRASP2	0	0	0
GPRASP1	0	0	0
GPRASP2	0	0	0
GPRASP3	0	0	0
LINC00630	73	0	73
RAB40AL	1	0	1
BEX1	0	0	0
NXF3	0	0	0
BEX4	0	0	0
TCEAL8	694	0	694
TCEAL5	0	0	0
BEX2	0	0	0
TCEAL7	0	0	0
LOC124905204	6	515	7
TCEAL9	1213	1	1728
BEX3	3415	4	3411
LL0XNC01-250H12.3	22	2	50
RAB40A	22	40	12
LINC02589	7	0	7
TCEAL4	1333	8	1325
TCEAL3	9	1	8
TCEAL1	433	0	433
MORF4L2	9685	3	9856
MORF4L2-AS1	12	171	14
GLRA4	0	0	0
TMEM31	0	0	0
RAB9B	0	0	0
PLP1	0	0	0
TMSB15B-AS1	0	0	0
TMSB15B	0	0	0
H2BW4P	0	0	0
LOC107987334	0	0	0
H2BW1	0	0	0
H2BW2	0	0	0
LOC107985662	0	0	0
H2BW3P	0	0	0
TMSB15C	0	0	0
SLC25A53	11	0	11
ZCCHC18	0	0	0
LOC286437	23	0	23
FAM199X	1664	0	1664
ESX1	0	0	0
IL1RAPL2	1	0	1
TEX13A	1	0	1
LOC107985680	0	0	0
LOC105373303	0	0	0
NRK	0	0	0
LOC105373304	0	0	0
LOC105373305	0	0	0
SERPINA7	0	0	0
PWWP3B	0	0	0
RADX	0	0	0
MIR548AN	0	0	0
LOC124905235	0	0	0
RNF128	0	0	0
TBC1D8B	3	0	3
RIPPLY1	0	0	0
CLDN2	6	6	0
MORC4	463	0	463
RBM41	772	0	772
NUP62CL	212	0	212
DNAAF6	0	0	0
FRMPD3	0	0	0
FRMPD3-AS1	0	0	0
PRPS1	2796	0	2796
TSC22D3	510	0	510
NCBP2L	0	0	0
MID2	86	0	86
LOC101928335	0	0	0
LOC112267910	0	0	0
TEX13B	1	0	1
VSIG1	0	0	0
PSMD10	1323	0	1758
ATG4A	420	435	420
COL4A6	1016	3	1013
LOC124905205	0	0	0
COL4A5	4110	2	4108
IRS4	0	0	0
IRS4-AS1	0	0	0
GUCY2F	0	0	0
NXT2	264	0	264
KCNE5	37	0	37
ACSL4	5905	8	6043
LOC105373311	42	167	21
TMEM164	488	1	487
MIR652	0	0	0
MIR3978	0	0	0
LOC124905230	0	0	0
AMMECR1	896	2	895
SNORD96B	0	0	0
LOC105373312	2	0	3
GNG5B	1	0	1
RTL9	9	0	9
CRIPTO3	0	0	0
CHRDL1	0	0	0
PAK3	1	0	1
CAPN6	0	0	0
DCX	0	0	0
SERTM2	0	0	0
ALG13	552	5	547
TRPC5	0	0	0
TRPC5OS	0	0	0
RTL4	0	0	0
LHFPL1	0	0	0
AMOT	1	0	1
MIR4329	0	0	0
LOC107985651	0	0	0
LOC101928437	0	0	0
XACT	0	0	0
LOC124905236	0	0	0
LOC124905291	0	0	0
LOC102724491	0	0	0
LOC124900490	0	0	0
HTR2C	0	0	0
SNORA35	0	0	0
MIR764	0	0	0
MIR1912	0	0	0
MIR1264	0	0	0
MIR1298	0	0	0
LOC105373313	0	0	0
MIR1911	0	0	0
MIR448	0	0	0
IL13RA2	0	0	0
LRCH2	6	0	6
SNORA35B	0	0	0
RBMXL3	0	0	0
LUZP4	0	0	0
LOC107985681	0	0	0
LOC124905206	42	0	42
PLS3-AS1	56	0	56
PLS3	7093	0	7093
DANT2	4	0	4
DANT1	1	1	0
AGTR2	1	1	0
SLC6A14	28	28	0
CT83	233	0	233
LOC105373320	0	0	0
LOC100126447	0	0	0
KLHL13	695	0	695
WDR44	1120	0	1120
MIR1277	0	0	0
DOCK11	372	0	372
LOC124905207	1	0	1
IL13RA1	3557	2	3555
LOC124900501	0	0	0
ZCCHC12	1	0	1
LINC01285	0	0	0
LONRF3	287	1	286
CT47C1	0	0	0
KIAA1210	0	0	0
PGRMC1	2962	0	2962
AKAP17BP	5	5	0
LINC03098	1	0	1
SLC25A43	447	0	447
SLC25A5-AS1	53	3338	28
SLC25A5	6555	12	9856
STEEP1	458	0	458
LOC124905208	0	0	0
UBE2A	0	0	0
NKRF	0	0	0
SEPTIN6	173	0	173
MIR766	0	0	0
SOWAHD	2	3	0
RPL39	4915	0	4924
SNORA69	19	0	19
LOC107985694	33	31	34
UPF3B	603	13	615
RNF113A	559	8	565
NDUFA1	811	10	815
AKAP14	0	1	0
NKAP	658	0	659
LOC124905209	5	0	5
RHOXF1P1	0	0	0
RHOXF1-AS1	7	0	7
RHOXF2B	0	0	0
RHOXF1	3	3	0
LINC01402	0	0	0
RHOXF2	1	1	0
NKAPP1	48	4	44
ZBTB33	1149	5	1144
TMEM255A	1	1	0
ATP1B4	0	0	0
LAMP2	2284	0	2284
CUL4B	2858	1	2858
LOC124905273	0	0	0
LOC124905210	3	0	3
MCTS1	7	0	8
C1GALT1C1	0	0	0
CT47B1	0	0	0
CT47A12	0	0	0
CT47A11	0	0	0
CT47A10	0	0	0
CT47A9	0	0	0
CT47A8	0	0	0
CT47A7	0	0	0
CT47A6	0	0	0
CT47A5	0	0	0
CT47A4	0	0	0
CT47A3	0	0	0
CT47A2	0	0	0
CT47A1	0	0	0
LOC105373328	0	0	0
GLUD2	0	0	0
MIR3672	0	0	0
UBE2V1P16	0	0	0
LOC101928359	0	0	0
LOC124905292	0	0	0
GRIA3	0	0	0
THOC2	2443	0	2443
XIAP	676	0	676
STAG2-AS1	2	0	8
STAG2	2948	9	2945
LOC124905280	0	0	0
TEX13D	0	0	0
SH2D1A	0	0	0
TENM1	6	0	6
LOC105373331	0	0	0
LOC124905282	0	0	0
LOC124905211	0	0	0
TEX13C	0	0	0
LOC124905212	1	0	1
LOC101928495	0	0	0
DCAF12L2	0	0	0
LOC107985648	0	0	0
DCAF12L1	0	0	0
PRR32	0	0	0
LOC107985666	0	0	0
LOC107985650	0	0	0
LOC107985709	0	0	0
LOC105373332	0	0	0
LOC105373333	0	0	0
ACTRT1	0	0	0
LOC107985698	0	0	0
LOC107985699	0	0	0
LOC124905213	0	0	0
LOC107985684	0	0	0
SMARCA1	16	0	16
LOC124900503	0	0	0
OCRL	1492	1	1491
APLN	4	0	4
LOC105373334	7	0	7
LOC124905214	0	0	0
XPNPEP2	0	0	0
LOC124905215	2	0	3
SASH3	0	1	0
ZDHHC9	1758	0	1758
UTP14A	1497	1	1664
LOC105373335	0	168	0
BCORL1	643	1	705
LOC124905216	0	63	0
ELF4	1208	0	1211
RAB33A	3	3	3
AIFM1	2968	1	2967
ZNF280C	70	0	70
LOC112268303	0	0	0
SLC25A14	186	0	186
GPR119	0	0	0
RBMX2	304	0	304
DENND10P1	6	0	6
LOC105373336	0	0	0
ENOX2	406	0	406
ENOX2-AS1	0	0	0
LOC124905217	0	0	0
LINC01201	0	0	0
ARHGAP36	0	0	0
IGSF1	36	1	35
LOC102723546	77	0	88
LOC107985705	0	11	0
OR13H1	0	0	0
LOC124905218	1	0	1
FIRRE	218	1	217
STK26	1918	0	1918
FRMD7	0	0	0
RAP2C	1011	2	1010
RAP2C-AS1	13	7	7
MBNL3	769	0	769
HS6ST2	0	0	0
HS6ST2-AS1	0	0	0
LOC124905219	0	0	0
USP26	0	0	0
LOC124900495	0	0	0
TFDP3	0	0	0
GPC4	0	0	0
GPC3	0	0	0
GPC3-AS1	0	0	0
LOC124905220	0	0	0
MIR106AHG	0	0	0
MIR363	0	0	0
MIR92A2	0	0	0
MIR19B2	0	0	0
MIR20B	0	0	0
MIR18B	0	0	0
MIR106A	0	0	0
CCDC160	0	0	0
PHF6	1258	0	1258
HPRT1	1109	0	1109
MIR450B	0	0	0
MIR450A1	0	0	0
MIR450A2	0	0	0
MIR542	0	0	0
MIR503HG	96	0	96
MIR503	1	0	1
MIR424	0	0	0
LINC00629	7	0	7
PLAC1	6	0	6
PABIR2	1285	4	1351
PABIR3	363	67	366
MOSPD1	1542	1	1541
LINC02243	5	2	3
SMIM10	771	0	771
RTL8B	390	4	391
RTL8C	1757	1	1761
RTL8A	1217	2	1215
SMIM10L2B	14	1	16
ETDB	0	0	0
SMIM10L2B-AS1	0	0	0
CT55	1	1	0
ZNF75D	244	0	246
ETDA	0	2	0
ETDC	0	0	0
LOC105373342	0	0	0
ZNF449	200	0	200
LOC100506790	0	0	0
SMIM10L2A	0	2	1
INTS6L-AS1	0	0	0
INTS6L	0	0	0
SAGE2P	0	0	0
CT45A1	0	0	0
CT45A3	0	0	0
CT45A5	0	0	0
CT45A6	0	0	0
CT45A2	0	0	0
CT45A7	0	0	0
CT45A8	0	0	0
CT45A9	0	0	0
CT45A10	21	0	21
SAGE1	92	0	92
MMGT1	315	0	316
SLC9A6	829	1	829
LOC124905271	0	0	0
FHL1	129	4	125
MAP7D3	732	0	732
ADGRG4	1	0	1
BRS3	0	0	0
HTATSF1	2547	1	2546
VGLL1	0	0	0
MIR934	0	0	0
LINC00892	0	0	0
CD40LG	0	0	0
ARHGEF6	2	0	2
RBMX	4594	1	4593
SNORD61	0	0	0
GPR101	0	0	0
LINC02931	0	0	0
ZIC3	0	0	0
FGF13	26	0	26
MIR504	0	0	0
FGF13-AS1	0	0	0
LOC124905222	0	0	0
SRD5A1P1	0	0	0
F9	0	0	0
MCF2	63	0	63
LOC124905269	0	0	0
ATP11C	1405	0	1405
MIR505	0	0	0
CXorf66	0	0	0
LOC728660	0	0	0
HAPSTR2	0	0	0
LOC105373343	0	0	0
LOC124905265	0	0	0
SOX3	0	0	0
LOC105373344	0	0	0
LOC101928833	0	0	0
LINC00632	0	0	0
MIR320D2	0	0	0
SPANXB1	0	0	0
LDOC1	259	0	259
SPANXC	0	0	0
SPANXA2-OT1	0	0	0
SPANXA1	0	0	0
SPANXA2	0	0	0
LOC645188	0	0	0
SPANXD	0	0	0
MAGEC3	0	0	0
MAGEC1	0	0	0
MAGEC2	0	0	0
LOC105373345	7	0	7
LOC124905278	0	0	0
SPANXN4	0	0	0
SPANXN3	0	0	0
SLITRK4	0	0	0
SPANXN2	0	0	0
UBE2NL	0	0	0
SPANXN1	0	0	0
SLITRK2	0	0	0
LOC107985703	0	0	0
MIR892C	0	0	0
MIR890	0	0	0
MIR888	0	0	0
MIR892A	0	0	0
MIR892B	0	0	0
MIR891B	0	0	0
MIR891A	0	0	0
LOC101928808	0	0	0
CXorf51B	0	0	0
CXorf51A	0	0	0
LOC101928832	0	0	0
LOC105373347	0	0	0
MIR513C	0	0	0
MIR513B	0	0	0
MIR513A1	0	0	0
MIR513A2	0	0	0
MIR506	0	0	0
MIR507	0	0	0
MIR508	0	0	0
MIR514B	0	0	0
MIR509-2	0	0	0
MIR509-3	0	0	0
MIR509-1	0	0	0
MIR510	0	0	0
MIR514A1	0	0	0
MIR514A2	0	0	0
LOC101928863	0	0	0
MIR514A3	0	0	0
LOC105373348	0	0	0
LOC105373349	1	0	1
FMR1-AS1	0	0	0
FMR1	1264	1	1263
FMR1NB	0	0	0
AFF2	0	0	0
LOC122319696	0	0	0
LOC107985667	0	0	0
IDS	363	0	363
EOLA1-DT	39	0	46
EOLA1	341	7	357
HSFX3	0	16	0
MAGEA9B	0	0	0
HSFX2	0	0	0
TMEM185A	217	0	217
MAGEA11	3	0	3
HSFX1	1	0	1
MAGEA9	0	0	0
LINC00850	0	0	0
MAGEA8-AS1	0	0	0
MAGEA8	0	0	0
EOLA2	469	0	509
HSFX4	0	36	0
EOLA2-DT	34	5	34
MIR2114	0	0	0
MAMLD1	1609	1	1608
LOC124905223	32	0	32
MTM1	195	1	194
MTMR1	475	7	468
CD99L2	1155	0	1155
LINC02927	0	0	0
HMGB3	1052	1	1051
MIR4330	0	0	0
GPR50-AS1	0	1	0
GPR50	0	0	1
VMA21	1129	0	1129
LOC105373367	0	0	0
LOC105377213	0	0	0
PASD1	44	0	44
PRRG3	0	0	0
FATE1	0	0	0
CNGA2	2	0	2
MAGEA4-AS1	0	0	0
MAGEA4	0	0	0
GABRE	1654	0	1654
MIR224	4	0	4
MIR452	3	0	3
LOC105373369	24	1	23
LOC100533997	0	0	0
MAGEA5P	0	0	0
MAGEA10	0	0	0
GABRA3	333	0	333
MIR105-1	0	0	0
MIR767	0	0	0
MIR105-2	0	0	0
MAGEA3-DT	0	0	0
GABRQ	0	0	0
MAGEA3	0	0	0
CSAG2	1	0	1
LOC124905224	0	0	0
MAGEA2B	0	0	0
CSAG1	1	0	1
MAGEA12	313	0	313
CSAG4	0	0	0
MAGEA2	0	0	0
CSAG3	0	0	0
MAGEA6	0	0	0
MAGEA6-DT	0	0	0
CETN2	0	0	0
NSDHL	0	0	0
ZNF185	0	0	0
LOC124905237	0	0	0
LOC105373372	0	0	0
PNMA5	0	0	0
PNMA3	0	0	0
PNMA6A	0	0	0
LOC124905225	0	0	0
MAGEA1	1036	1	1035
LOC105373373	0	0	0
PWWP4	0	0	0
PNMA6F	0	0	0
ZNF275	143	0	143
MIR12129	0	0	0
LOC124905279	0	0	0
LOC105373378	0	0	0
PNMA6E	0	0	0
LOC105373379	0	0	0
ZFP92	0	0	0
TREX2	5	0	5
HAUS7	373	0	373
ECMXP	0	0	0
BGN	0	0	0
ATP2B3	0	0	0
CCNQ	277	1	276
LOC105373383	7	0	7
DUSP9	477	0	477
PNCK	7	0	7
SLC6A8	1069	4	1065
BCAP31	5778	0	5788
ABCD1	1708	19	2334
PLXNB3-AS1	20	655	5
PLXNB3	360	0	365
LOC124905227	9	1	38
SRPK3	2	33	0
IDH3G	1450	28	1953
SSR4	4207	503	4234
PDZD4	3	0	3
L1CAM	10229	8	10224
L1CAM-AS1	4	5	2
AVPR2	12	5	7
ARHGAP4	1190	5	1185
NAA10	1650	3	1647
RENBP	7	0	7
HCFC1	4041	8	4033
HCFC1-AS1	0	0	0
TMEM187	356	0	356
MIR3202-1	0	0	0
MIR3202-2	0	0	0
IRAK1	4029	1	4028
MIR718	0	0	0
MECP2	1478	2	1476
OPN1LW	0	0	0
OPN1MW	0	0	0
OPN1MW2	0	0	0
OPN1MW3	0	0	0
TEX28	0	0	0
TKTL1	0	0	0
LOC105373386	3	0	3
FLNA	27850	23	27827
EMD	1882	1	1881
LOC124905228	123	9612	54
RPL10	15171	307	24677
SNORA70	126	0	126
DNASE1L1	551	171	886
TAFAZZIN	648	72	812
ATP6AP1-DT	40	0	42
ATP6AP1	5245	5	5242
GDI1	1971	1	1970
FAM50A	2190	5	2185
MIR6858	0	0	0
PLXNA3	280	1	280
LAGE3	696	1	696
UBL4A	1999	3	1996
SLC10A3	901	6	895
FAM3A	1059	0	1059
LOC124905229	0	0	0
G6PD	4194	17	4188
IKBKG	649	1	659
FAM223A	0	0	0
CTAG1A	0	0	0
CTAG1B	0	0	0
FAM223B	0	0	0
CTAG2	3028	2	3026
LOC105373387	64	0	64
GAB3	2	0	2
DKC1	2957	1	2956
SNORA36A	0	0	0
MIR664B	0	0	0
SNORA56	0	0	0
MPP1	314	0	314
SMIM9	0	0	0
F8	86	0	87
H2AB1	0	0	0
F8A1	167	0	169
MIR1184-1	0	2	0
FUNDC2	1346	6	1341
CMC4	26	0	26
MTCP1	75	0	75
BRCC3	651	0	651
VBP1	936	0	936
RAB39B	0	0	0
CLIC2	4	0	4
LOC101927830	0	0	0
H2AB2	0	0	0
F8A2	0	0	0
MIR1184-2	0	0	0
F8A3	1	0	1
MIR1184-3	0	0	0
H2AB3	0	0	0
TMLHE-AS1	6	0	6
TMLHE	261	3	259
SPRY3	1	2	0
VAMP7	0	0	0
IL9R	0	0	0
WASIR1	0	0	0
DDX11L16	0	0	0
LOC124905300	0	0	0
PLCXD1_1	0	0	0
GTPBP6_1	0	0	0
LINC00685_1	0	0	0
PPP2R3B_1	0	0	0
LOC102724521_1	0	0	0
SHOX_1	0	0	0
CRLF2_1	0	0	0
CSF2RA_1	0	0	0
LOC124905238_1	0	0	0
MIR3690_1	0	0	0
IL3RA_1	0	0	0
LOC101928032_1	0	0	0
SLC25A6_1	0	0	0
LOC124900597_1	0	0	0
LINC00106_1	0	0	0
ASMTL-AS1_1	0	0	0
ASMTL_1	0	0	0
P2RY8_1	0	0	0
AKAP17A_1	0	0	0
ASMT_1	0	0	0
LINC02968_1	0	0	0
LOC105379413_1	0	0	0
LOC107985677_1	0	0	0
DHRSX_1	0	0	0
LOC124905239_1	0	0	0
ZBED1_1	0	0	0
LINC03112_1	0	0	0
MIR6089_1	0	0	0
CD99P1_1	0	0	0
LINC00102_1	0	0	0
CD99_1	0	0	0
XGY2	0	0	0
SRY	0	0	0
RPS4Y1	0	0	0
ZFY	0	0	0
ZFY-AS1	0	0	0
LINC00278	0	0	0
TGIF2LY	0	0	0
LOC105377227	0	0	0
MIR9985	0	0	0
PCDH11Y	0	0	0
TTTY23B	0	0	0
TSPY2	0	0	0
FAM197Y9	0	0	0
LINC00280	0	0	0
LOC107987353	0	0	0
TTTY1B	0	0	0
TTTY2B	0	0	0
TTTY21B	0	0	0
TTTY7	0	0	0
TTTY8B	0	0	0
AMELY	0	0	0
TBL1Y	0	0	0
PRKY	0	0	0
LOC107987338	0	0	0
TTTY16	0	0	0
LOC107987339	0	0	0
TTTY12	0	0	0
LOC105377229	0	0	0
LOC105377231	0	0	0
LOC105377232	0	0	0
LOC107987354	0	0	0
LINC00279	0	0	0
LOC107987340	0	0	0
TTTY18	0	0	0
LOC105377234	0	0	0
TTTY19	0	0	0
LOC105377235	0	0	0
TTTY11	0	0	0
LOC105379264	0	0	0
LOC105379265	0	0	0
LOC105379266	0	0	0
LOC105379267	0	0	0
RBMY1A3P	0	0	0
TTTY20	0	0	0
TSPY4	0	0	0
FAM197Y8	0	0	0
TSPY8	0	0	0
FAM197Y7	0	0	0
FAM197Y6	0	0	0
TSPY3	0	0	0
FAM197Y5	0	0	0
TSPY1	0	0	0
FAM197Y4	0	0	0
TSPY9	0	0	0
FAM197Y3	0	0	0
FAM197Y2	0	0	0
TSPY10	0	0	0
RBMY3AP	0	0	0
TTTY8	0	0	0
TTTY7B	0	0	0
TTTY21	0	0	0
TTTY2	0	0	0
TTTY1	0	0	0
LOC107987342	0	0	0
TTTY22	0	0	0
TTTY23	0	0	0
LOC105379273	1	0	1
LOC107987343	0	0	0
GYG2P1	0	0	0
LOC112268311	0	0	0
TTTY15	0	0	0
USP9Y	0	0	0
DDX3Y	2	0	2
LOC112268312	0	0	0
UTY	0	0	0
MIR12120	0	0	0
TMSB4Y	0	0	0
VCY	0	0	0
VCY1B	0	0	0
NLGN4Y	11	0	11
NLGN4Y-AS1	0	0	0
LOC107987355	0	0	0
LOC124900508	0	0	0
FAM41AY1	0	0	0
LOC105377217	0	0	0
FAM224B	0	0	0
LOC105377218	0	0	0
LOC124905302	0	0	0
XKRY	0	0	0
CDY2B	0	0	0
CDY2A	0	0	0
XKRYP7	0	0	0
LOC124905303	0	0	0
LOC105377219	0	0	0
FAM224A	0	0	0
LOC105377220	0	0	0
FAM41AY2	0	0	0
LOC124905304	0	0	0
HSFY1	0	0	0
TTTY9B	0	0	0
TTTY9A	0	0	0
HSFY2	0	0	0
LOC124905305	0	0	0
TTTY14	0	0	0
LOC124905306	0	0	0
BCORP1	0	0	0
LOC102723934	0	0	0
LOC105377223	0	0	0
TXLNGY	0	0	0
KDM5D	0	0	0
KDM5D-DT	0	0	0
TTTY10	0	0	0
EIF1AY	0	0	0
RPS4Y2	0	0	0
LOC105377225	0	0	0
LOC107987346	0	0	0
LOC107987347	0	0	0
PRORY	0	0	0
RBMY2EP	0	0	0
RBMY1B	0	0	0
RBMY1A1	0	0	0
TTTY13	0	0	0
LOC105377236	0	0	0
LOC105377237	0	0	0
RBMY1D	0	0	0
RBMY1E	0	0	0
LOC107987356	0	0	0
PRY2	0	0	0
LOC102725532	0	0	0
TTTY6B	0	0	0
RBMY1F	0	0	0
TTTY5	0	0	0
RBMY2FP	0	0	0
LOC100652931	0	0	0
RBMY1J	0	0	0
LOC101929148	0	0	0
TTTY6	0	0	0
PRY	0	0	0
LOC107987357	0	0	0
LOC107987348	0	0	0
TTTY17A	0	0	0
TTTY4	0	0	0
BPY2	0	0	0
LOC105377238	0	0	0
DAZ1	0	0	0
DAZ2	0	0	0
LOC105377239	0	0	0
LOC124900506	0	0	0
REREP1Y	0	0	0
LOC107987349	0	0	0
TTTY3B	0	0	0
CDY1B	0	0	0
GOLGA2P2Y	0	0	0
LOC107987350	0	0	0
TTTY17B	0	0	0
TTTY4B	0	0	0
BPY2B	0	0	0
LOC105377241	0	0	0
DAZ3	0	0	0
DAZ4	0	0	0
LOC105377242	0	0	0
BPY2C	0	0	0
TTTY4C	0	0	0
TTTY17C	0	0	0
SEPTIN14P23	0	0	0
GOLGA2P3Y	0	0	0
CSPG4P1Y	0	0	0
CDY1	0	0	0
TTTY3	0	0	0
LOC107987352	0	0	0
REREP2Y	0	0	0
LOC124900507	0	0	0
LOC105377244	0	0	0
SPRY3_1	0	0	0
VAMP7_1	0	0	0
IL9R_1	0	0	0
WASIR1_1	0	0	0
DDX11L16_1	0	0	0
LOC102724902	0	0	0
LOC389831	0	0	0
LOC105379275	0	0	0
LOC124905312	1	0	1
LOC283788	48	0	48
LOC105379420	0	0	0
LOC100507395	0	0	0
LOC100507412	58	0	58
RNA45SN5	4	0	4
RNA18SN5	0	0	0
RNA5-8SN5	0	0	0
RNA28SN5	0	0	0
LOC100287610	0	0	0
LOC100505874	0	0	0
LOC124900598	0	0	0
LOC101927555	0	0	0
LOC107987359	0	0	0
LOC100288966	0	0	0
LOC124905313	0	0	0
LOC102725051	12	5	7
LOC107984150	0	0	0
LOC102723347	19	0	19
LOC102723382	7	3	4
LOC124905334	0	0	0
LOC102723393	0	0	0
LOC105379554	0	0	0
LOC112268317	24	1	23
LOC101929819	9	0	9
LOC105379557	0	0	0
LOC105379561	5	0	6
LOC124905335	0	1	0
LOC105379562	0	0	0
LOC124905337	0	0	0
LOC102723847	88	0	88
LOC105379565	0	0	0
LOC105379417	1	0	1
LOC105379566	17	0	17
LOC107987401	8	6	2
LOC101927088	1	1	0
LOC100233156	45	0	45
LOC389834	110	0	110
LOC124905310	20	0	20
LINC01784_1	0	0	0
PRAMEF11_1	0	0	0
HNRNPCL1_1	0	0	0
PRAMEF2_1	0	0	0
PRAMEF4_1	0	0	0
PRAMEF10_1	0	0	0
PRAMEF7_1	0	0	0
PRAMEF6_1	0	0	0
PRAMEF22	0	0	0
PRAMEF27_1	0	0	0
HNRNPCL3_1	0	0	0
PRAMEF25_1	0	0	0
PRAMEF34P_1	0	0	0
HNRNPCL2_1	0	0	0
PRAMEF36P_1	0	0	0
PRAMEF26_1	0	0	0
HNRNPCL4_1	0	0	0
PRAMEF9_1	0	0	0
PRAMEF13_1	0	0	0
PRAMEF18_1	0	0	0
PRAMEF5_1	0	0	0
PRAMEF8_1	0	0	0
PRAMEF33_1	0	0	0
PRAMEF22_1	0	0	0
PRAMEF27_2	0	0	0
HNRNPCL3_2	0	0	0
PRAMEF25_2	0	0	0
PRAMEF34P_2	0	0	0
HNRNPCL2_2	0	0	0
PRAMEF36P_2	0	0	0
PRAMEF26_2	0	0	0
HNRNPCL4_2	0	0	0
PRAMEF9_2	0	0	0
PRAMEF18_2	0	0	0
PRAMEF5_2	0	0	0
PRAMEF8_2	0	0	0
PRAMEF33_2	0	0	0
ARHGEF19_1	0	0	0
ANO7L1_1	0	0	0
CPLANE2_1	0	0	0
FBXO42_1	0	0	0
SZRD1_1	0	0	236
SPATA21_1	0	236	0
NECAP2_1	5	0	5
LINC01772_1	0	0	0
CROCCP3_1	0	0	0
RNU1-1_1	0	0	0
TRN-GTT5-1_1	0	0	0
LINC01783_1	0	0	0
TRE-TTC4-1_1	0	0	0
TRNAG-CCC	0	0	0
LOC124905558	4	0	4
LOC128966566	0	0	0
LOC124905552	3	0	4
LOC124905574	0	0	0
TRNAN-GUU	0	0	0
LOC124905561	0	0	0
TRNAE-UUC_1	0	0	0
TRNAG-CCC_1	0	0	0
LOC124905553	11	0	11
LOC124905562	0	0	0
LOC124905557	28	0	28
LINC01719_1	0	0	0
LOC102724250	16	0	16
LOC124905572	17	0	17
LOC124905560	0	0	0
LOC124905559	2	0	2
RNVU1-7_1	0	0	0
TRNAN-GUU_1	0	0	0
LOC124905554	0	0	0
TRNAE-UUC_2	0	0	0
LOC124905556	0	0	0
MST1L_1	0	0	0
RNU1-4_1	0	0	0
TRNAN-GUU_2	0	0	0
LOC124905563	0	0	0
TRNAE-UUC_3	0	0	0
TRG-CCC5-1_1	0	0	0
ESPNP_1	0	0	0
LOC124905571	1	0	1
TRG-CCC4-1_1	0	0	0
LOC124903857_1	0	0	0
RNU1-3_1	0	0	0
LOC102724562_1	0	0	0
LOC440570_1	0	0	0
TRNAE-UUC_4	0	0	0
TRNAN-GUU_3	0	0	0
LOC105379524	0	0	0
RNVU1-18_1	1	1	0
LOC124900583	6	1	6
LOC124905569	2	1	2
LOC124905564_1	44	0	44
LOC124905570	1	0	1
LOC124905565	0	0	0
TRNAG-CCC_2	0	0	0
LOC124905566	0	0	0
LOC107985736	2	5	2
RNVU1-28_1	0	0	0
MST1P2_1	10	0	16
CROCCP2_1	40	4	37
NBPF1_1	13	0	13
MIR3675_1	0	0	0
TRG-CCC1-2_1	0	0	0
LINC03126_1	0	0	0
TRE-TTC3-1_1	0	0	0
LOC105376805_1	0	0	0
TRN-GTT4-1_1	0	0	0
RNU1-2_1	1	0	1
CROCC_1	24	1	24
MFAP2_1	0	0	0
LOC105376806_1	0	0	0
ATP13A2_1	0	0	0
SDHB_1	461	0	461
PADI2_1	0	0	0
LOC124903861_1	0	0	0
LOC105376808_1	0	0	0
LINC02783_1	0	0	0
PADI1_1	0	0	0
PADI3_1	1	0	1
MIR3972_1	0	0	0
PADI4_1	0	0	0
PADI6_1	0	0	0
RCC2_1	0	0	0
RCC2-AS1_1	0	0	0
LOC124904837_1	0	0	0
LINC01355_1	0	0	0
HNRNPR_1	0	0	0
ZNF436_1	0	0	0
ZNF436-AS1_1	0	0	0
TCEA3_1	0	0	0
LOC124903875_1	0	0	0
ASAP3_1	0	0	0
E2F2_1	0	0	0
LOC101928163_1	0	0	0
LOC124903876_1	0	0	0
LOC105376859_1	0	0	0
ID3_1	0	0	0
RPS6KA1_1	0	0	0
MIR1976_1	0	0	0
LOC124904769_1	0	0	0
LOC124904813_1	0	0	0
DNAJC8_1	0	0	0
ATP5IF1_1	0	0	0
SESN2_1	0	0	0
MED18_1	0	0	0
SCMH1-DT_1	0	0	0
FOXO6_1	47	6	41
FOXO6-AS1_1	0	0	0
VAV3-AS1_1	0	0	0
LINC02785_1	0	0	0
SLC25A24_1	0	0	0
NBPF6_1	1	0	1
LOC124905418	0	0	0
LOC124905416	3	0	3
LOC124905417	0	0	0
NBPF4_1	3	0	3
SLC16A1_1	0	0	0
AKR7A2P1_1	0	0	0
SLC16A1-AS1_1	0	0	0
LOC107985189_1	0	0	0
LRIG2-DT_1	0	0	0
LOC101929788_1	0	0	0
NBPF8_1	1077	4	1073
LOC124905549	0	0	0
PFN1P2_1	0	0	0
PDE4DIPP2_1	35	0	35
LOC107985524_1	0	0	0
NBPF26_1	0	0	0
NOTCH2NLR_1	0	0	0
TRN-GTT7-1_1	0	0	0
RNVU1-19_1	0	0	0
PPIAL4A_1	0	0	0
MIR9-1HG_1	2	0	2
MEF2D_1	0	0	0
IQGAP3_1	0	0	0
LOC124904843_1	0	0	0
TTC24_1	0	0	0
NAXE_1	0	0	0
GPATCH4_1	306	3	303
HAPLN2_1	0	0	0
LOC101928177_1	0	0	0
BCAN_1	0	0	0
BCAN-AS2_1	0	0	0
FCER1A_1	0	0	0
OR10J3_1	0	0	0
OR10J1_1	0	0	0
OR10J4_1	0	0	0
LINC02819_1	0	0	0
LOC105371674_1	0	0	0
KCNT2_1	0	0	0
LOC124904597_1	0	0	0
MIR4735_1	0	0	0
CFH_1	16	0	16
CFHR4_1	1	1	0
LOC105371675_1	5	0	5
CFHR2_1	0	0	0
CFHR5_1	0	0	0
F13B_1	0	0	0
SERTAD4-AS1_1	0	0	0
SERTAD4_1	0	0	0
LINC02602_1	0	0	0
HHAT_1	0	0	0
TRIM17_1	0	0	0
H3-4_1	0	0	0
H2AC25_1	0	0	0
H2BC26_1	0	0	0
MIR4666A_1	0	0	0
RNF187_1	0	0	0
BTNL10P_1	0	0	0
LOC105373124_1	0	0	0
LOC124905422	0	0	0
LOC124905433	0	0	0
LOC124905436	0	0	0
LOC124905437	0	0	0
LOC124905438	0	0	0
LOC124905424	0	0	0
LOC124905425	0	0	0
LOC124905426	0	0	0
LOC124905427	0	0	0
LOC124905428	0	0	0
LOC124905429	0	0	0
LOC124905430	0	0	0
LOC124905431	0	0	0
LOC124905432	0	0	0
LOC124905434	0	0	0
LOC124905435	0	0	0
RNA5S1_1	0	0	0
RNA5S2_1	0	0	0
RNA5S3_1	0	0	0
RNA5S4_1	0	0	0
RNA5S5_1	0	0	0
RNA5S6_1	0	0	0
RNA5S7_1	0	0	0
RHOU_1	0	0	0
RNA5S8_1	0	0	0
RNA5S9_1	0	0	0
RNA5S10_1	0	0	0
RNA5S11_1	0	0	0
RNA5S12_1	0	0	0
RNA5S13_1	0	0	0
RNA5S14_1	0	0	0
RNA5S15_1	0	0	0
RNA5S16_1	0	0	0
DUSP5P1_1	5	0	5
RNA5S17_1	0	0	0
LOC124905421	41	2	39
TBCE_1	5	0	5
B3GALNT2_1	0	0	0
GNG4_1	0	0	0
VN1R5_1	0	0	0
LOC105373273_1	0	0	0
ZNF496_1	0	0	0
ZNF496-DT_1	0	0	0
NLRP3_1	0	0	0
OR2T4_1	0	0	0
OR2T6_1	0	0	0
OR2T1_1	0	0	0
OR2T7_1	0	0	0
OR2T2_1	0	0	0
LOC105373279_1	0	0	0
OR2T3_1	0	0	0
LOC124905550	0	0	0
OR2T29_1	0	0	0
LOC105373277_1	0	0	0
OR2G6_1	0	0	0
OR2T5_1	0	0	0
OR2T34_1	0	0	0
OR2T10_1	0	0	0
OR2T11_1	0	0	0
OR2T35_1	0	0	0
OR2T27_1	0	0	0
OR14I1_1	0	0	0
APOB_1	0	0	0
LOC124905593_1	0	0	0
TDRD15_1	0	0	0
LINC01822_1	0	0	0
LOC105374804_1	0	0	0
ALMS1_1	0	0	0
ALMS1-IT1_1	0	0	0
NAT8_1	0	0	0
ALMS1P1_1	0	0	0
LOC112268418_1	0	0	0
NAT8B_1	0	0	0
LOC124905592_1	0	0	0
TPRKB_1	0	0	0
DUSP11_1	0	0	0
C2orf78_1	0	0	0
TCF7L1_1	0	0	0
TCF7L1-IT1_1	0	0	0
LOC102724579_1	0	0	0
TGOLN2_1	937	0	937
RETSAT_1	204	0	204
ELMOD3_1	0	0	0
LOC105377636	0	0	0
LOC107987467	0	0	0
LOC105374859	0	0	0
LOC105374858	0	0	0
LOC105374857	0	0	0
LOC124900624	0	0	0
PROM2_1	0	0	0
KCNIP3_1	5	0	5
FAHD2A_1	2	0	2
LOC105373490	0	0	0
TRIM43_1	0	0	0
LINC03052_1	0	0	0
TRIM43B_1	0	0	0
LOC124905589_1	0	0	0
LOC101926959_1	0	0	0
GPAT2_1	0	0	0
FAHD2B_1	0	0	0
ANKRD36_1	0	0	0
LOC100506076_1	0	0	0
APPAT_1	42	0	42
ANKRD36B_1	0	0	0
LOC105373499_1	0	0	0
COX5B_1	0	0	0
ACTR1B_1	0	0	0
C2orf92_1	0	0	0
LOC124900516_1	0	0	0
ZAP70_1	1	0	1
TMEM131_1	0	0	0
LOC124905591_1	0	0	0
LINC02572_1	0	0	0
LOC105373616_1	0	0	0
PLAC9P1_1	0	0	0
LINC01856_1	0	0	0
RAB6C-AS1_1	0	0	0
RAB6C_1	0	0	0
FAR2P1_1	1	0	1
POTEF_1	0	0	0
POTEF-AS1_1	0	0	0
MED15P9_1	0	0	0
CCDC74B_1	0	0	0
SMPD4_1	3	0	3
MZT2B_1	0	0	0
MIR4784_1	3	0	3
TUBA3E_1	0	0	0
DYNC1I2_1	0	0	0
SLC25A12_1	1	0	1
LOC105373740_1	0	0	0
HAT1_1	11	0	248
LOC124905590_1	0	237	0
METAP1D_1	0	0	0
DLX1_1	0	0	0
LOC105373791_1	0	0	0
COL3A1_1	43	0	43
MIR1245A_1	0	0	0
MIR1245B_1	0	0	0
MIR3606_1	0	0	0
INO80D_1	0	0	0
INO80D-AS1_1	0	0	0
NDUFS1_1	0	0	0
GCSHP3_1	0	0	0
EEF1B2_1	0	0	0
SNORD51_1	0	0	0
SNORA41_1	0	0	0
CMKLR2_1	0	0	0
CMKLR2-AS_1	0	0	0
ZDBF2_1	0	0	0
LOC105373854_1	0	0	0
LOC124905439_1	0	0	0
LOC100507443_1	0	0	0
CRYGD_1	0	0	0
CRYGC_1	0	0	0
INPP5D_1	0	0	0
ATG16L1_1	0	0	0
SCARNA5_1	0	0	0
SCARNA6_1	0	0	0
SAG_1	0	0	0
DGKD_1	0	0	0
LOC100287387_1	0	0	0
TWIST2_1	0	0	0
LOC150935_1	0	0	0
NDUFA10_1	0	0	0
PLCL2UT_1	0	0	0
PLCL2_1	0	0	0
LOC105376972_1	2	0	2
MIR3714_1	0	0	0
PLCL2-AS1_1	0	0	0
CNOT10_1	0	0	0
CNOT10-AS1_1	0	0	0
TRIM71_1	0	0	0
APRG1_1	0	0	0
ITGA9_1	0	0	0
ITGA9-AS1_1	0	0	0
CTDSPL_1	0	0	0
LOC101928529_1	0	0	0
ZNF852_1	0	0	0
ZKSCAN7_1	0	0	0
ZKSCAN7-AS1_1	0	0	0
ZNF660-ZNF197_1	0	0	0
ZNF660_1	0	0	0
ZNF197-AS1_1	0	0	0
ZNF197_1	0	0	0
ZNF35_1	0	0	0
LOC124905403_1	0	0	0
ZNF502_1	0	0	0
LOC105377056_1	0	0	0
ZNF501_1	0	0	0
KIAA1143_1	0	0	0
KIF15_1	0	0	0
MIR564_1	0	0	0
TMEM42_1	0	0	0
TGM4_1	0	0	0
ZDHHC3_1	0	0	0
MAGI1_1	0	0	0
LOC105377128_1	0	0	0
SLC25A26_1	0	0	0
LOC107986095_1	0	0	0
LRIG1_1	0	0	0
RYBP_1	57	0	57
LOC105377160_1	0	0	0
LOC124905404_1	0	0	0
LOC105377161_1	0	0	0
LOC102724817_1	0	0	0
LOC105377162_1	0	0	0
LOC124905452_1	0	0	0
FAM86DP_1	0	0	0
LINC02018_1	0	0	0
LINC00971_1	0	0	0
LINC02025_1	0	0	0
LOC105377193_1	0	0	0
CADM2_1	0	0	0
LOC101930420_1	0	0	0
LINC00879_1	0	0	0
C3orf52_1	0	0	0
GCSAM_1	0	0	0
TBILA_1	0	0	0
SLC9C1_1	0	0	0
RUVBL1_1	0	7	0
EEFSEC_1	77	0	84
MIR4789_1	0	0	0
NAALADL2_1	0	0	0
LOC101929106_1	0	0	0
RTP1_1	0	0	0
MASP1_1	0	0	0
LOC105374260_1	0	0	0
LOC101929130_1	0	0	0
RTP4_1	0	0	0
LOC124905594_1	0	0	0
LINC02041_1	0	0	0
LOC105374262_1	0	0	0
LOC105374348_1	0	0	0
LOC105374349_1	0	0	0
FAM53A_1	0	0	0
LOC101928532_1	0	0	0
HMX1_1	0	0	0
LOC105374498_1	0	0	0
CPEB2-DT_1	0	0	0
CPEB2_1	0	0	0
C1QTNF7-AS1_1	0	0	0
GBA3_1	0	0	0
LOC105374521_1	0	0	0
LOC101927209_1	0	0	0
ANKRD20A12P_1	0	0	0
LOC105377672_1	0	0	0
LINC02619_1	0	0	0
LOC105377260_1	0	0	0
LOC105377261_1	0	0	0
CSN2_1	0	0	0
LOC105377269_1	0	0	0
STATH_1	0	0	0
HTN3_1	0	0	0
HTN1_1	0	0	0
CSN1S2AP_1	0	0	0
CSN1S2BP_1	0	0	0
PRR27_1	0	0	0
LOC105377270_1	0	0	0
RPS3A_1	0	0	0
SNORD73B_1	0	0	0
SNORD73A_1	0	0	0
SH3D19_1	0	0	0
SH3D19-AS1_1	0	0	0
LOC105377485_1	0	0	0
PRSS48_1	1	1	0
LOC101927947_1	0	0	0
DCHS2_1	0	0	0
LOC105377611_1	0	0	0
LOC105377612_1	0	0	0
FRG1-DT_1	0	0	0
FRG1_1	0	0	0
FRG2_1	0	0	0
DBET_1	0	0	0
LOC124905412	0	0	0
FRG1-DT_2	0	0	0
FRG1_2	0	0	0
FRG2_2	0	0	0
DBET_2	0	0	0
LOC124905408	0	0	0
LOC124905411	0	0	0
LOC124905410	0	0	0
LOC124905409	0	0	0
DUX4_1	0	0	0
AK6_1	0	0	0
TAF9_1	0	0	0
RAD17_1	0	0	0
MARVELD2_1	0	0	0
LOC101928924_1	0	0	0
OCLN_1	0	0	0
SNORD13B-1_1	0	0	0
GTF2H2C_1	6	0	6
LOC101929599_1	0	0	0
LINC02197_1	0	0	0
SMN2_1	0	0	0
SERF1B_1	1	0	1
LOC128966726	0	0	0
LOC105369228	0	0	0
LOC124905599	0	0	0
LOC105379023	0	0	0
LOC112268330	0	0	0
GUSBP3_1	0	0	0
LOC105379623_1	0	0	0
LOC124900626	0	0	0
GUSBP17_1	0	0	0
LOC441081_1	0	0	0
LOC107987433	0	0	0
LOC124905596	0	0	0
NAIP_1	5	0	6
GTF2H2B_1	0	0	0
LOC124905598	0	1	0
SMN1_1	0	0	0
SERF1A_1	0	0	0
LOC107986373_1	0	0	0
GUSBP16_1	2	0	2
GUSBP19_1	0	0	0
LOC105379025_1	0	0	0
PMCHL1_1	0	0	0
LOC107987420_1	0	0	0
BDP1_1	0	0	0
LOC124900999_1	0	0	0
MCCC2_1	0	0	0
LOC105374625_1	0	0	0
LINC02145_1	0	0	0
MED10_1	0	0	0
UBE2QL1_1	0	0	0
LOC105374639_1	0	0	0
LOC102723561_1	0	0	0
GUSBP1_1	13	0	13
LOC107987432	0	0	0
LOC124900629	3	0	3
LOC124905413	0	0	0
LOC112268347	0	0	0
LOC646652_1	0	0	0
LOC105374685_1	0	0	0
PRDM9_1	0	0	0
DNAJC18_1	0	0	0
LOC124905454	0	0	0
ECSCR_1	0	0	0
SMIM33_1	0	0	0
STING1_1	0	0	0
PCDHA1_1	0	0	0
PCDHA2_1	0	0	0
PCDHA3_1	0	0	0
PCDHA4_1	0	0	0
PCDHA5_1	0	0	0
PCDHA6_1	0	0	0
PCDHA7_1	0	0	0
PCDHA8_1	0	0	0
PCDHA9_1	0	0	0
PCDHA10_1	0	0	0
LOC112267934_1	0	0	0
PCDHA11_1	0	0	0
PCDHA12_1	0	0	0
PCDHA13_1	0	0	0
PCDHAC1_1	0	0	0
PCDHAC2_1	0	0	0
PCDHB1-AS1_1	0	0	0
PCDHB1_1	0	0	0
PCDHB2_1	0	0	0
PCDHB3_1	0	0	0
PCDHB4_1	0	0	0
PCDHB5_1	0	0	0
PCDHB6_1	0	0	0
PCDHB17P_1	0	0	0
PCDHB7_1	0	0	0
PCDHB8_1	0	0	0
PCDHB16_1	0	0	0
PCDHB9_1	0	0	0
PCDHB10_1	0	0	0
PCDHB11_1	0	0	0
PCDHB12_1	0	0	0
PCDHB13_1	0	0	0
PCDHB14_1	0	0	0
PCDHB18P_1	0	0	0
PCDHB19P_1	0	0	0
PCDHB15_1	0	0	0
LOC105378199_1	0	0	0
ADAMTS2_1	0	0	0
LOC105377759_1	0	0	0
LOC124901149_1	0	0	0
LOC107986494_1	0	0	0
LOC124901224_1	0	0	0
LOC100289470_1	0	0	0
RUFY1_1	6	0	6
RUFY1-AS1_1	0	0	0
HNRNPH1_1	111	0	111
LOC100502572_1	0	0	0
SPATA31J1_1	0	0	0
LOC105377763_1	0	0	0
CBY3_1	0	0	0
CANX_1	1358	0	1358
MAML1_1	34	0	34
LTC4S_1	0	0	0
MGAT4B_1	0	6	0
MIR1229_1	0	0	0
LOC128966721	13	0	13
SQSTM1_1	3	0	3
MRNIP_1	0	0	0
MRNIP-DT_1	0	0	0
TBC1D9B_1	0	0	0
LOC124901156_1	0	0	0
LOC101928146_1	0	0	0
GCNT2_1	0	0	0
C6orf52_1	0	0	0
PAK1IP1_1	0	0	0
TMEM14C_1	0	0	0
BTN2A1_1	0	0	0
LOC285819_1	0	0	0
LOC107986583_1	0	0	0
BTN1A1_1	0	0	0
TRL-CAG1-7_1	0	0	0
HCG11_1	0	0	0
TRT-AGT2-1_1	0	0	0
TRR-ACG1-2_1	0	0	0
TRV-CAC1-6_1	0	0	0
HMGN4_1	0	0	0
TRA-CGC1-1_1	0	0	0
TRI-AAT5-1_1	0	0	0
TRP-AGG2-2_1	0	0	0
TRK-CTT2-4_1	0	0	0
TRY-GTA1-1_1	0	0	0
LOC105374988_1	0	0	0
TRA-AGC11-1_1	0	0	0
TRY-GTA8-1_1	0	0	0
TRY-GTA3-1_1	0	0	0
TRY-GTA6-1_1	0	0	0
ABT1_1	1	0	1
LOC105374989_1	0	0	0
ZNF322_1	15	0	15
LOC102724851_1	3	0	3
TRA-AGC14-1_1	0	0	0
TRA-AGC12-1_1	0	0	0
TRA-AGC10-1_1	0	0	0
LOC105374991_1	0	0	0
TRM-CAT5-1_1	0	0	0
TRNAA-AGC_5	0	0	0
TRI-AAT7-2_1	0	0	0
LOC124905602	0	0	0
TRM-CAT4-2_1	0	0	0
TRM-CAT4-1_1	0	0	0
TRI-AAT7-1_1	0	0	0
LOC105374992_1	0	0	0
LOC124901289_1	0	0	0
TRNAA-AGC_6	0	0	0
TRM-CAT5-2_1	0	0	0
LOC124901290_1	0	0	0
TRNAA-AGC_7	0	0	0
TRNAA-AGC_8	0	0	0
TRA-AGC14-2_1	0	0	0
IBTK_1	32	0	32
LOC105377874_1	0	0	0
LOC105377875_1	0	0	0
TPBG_1	0	0	0
CASP8AP2_1	79	0	79
MDN1_1	0	0	0
LOC124901536_1	0	0	0
GJA10_1	0	0	0
BACH2_1	0	0	0
FAM157D_1	0	0	0
LOC105375113_1	0	0	0
LOC101929756_1	0	0	0
LOC105375114_1	0	0	0
LINC03015_1	0	0	0
LINC03014_1	0	0	0
LOC105375116_1	0	0	0
LOC105375115_1	0	0	0
FAM20C_1	0	0	0
LOC124901807_1	0	0	0
LINC01445_1	0	0	0
LOC124901829_1	0	0	0
LOC112268371	0	0	0
SMURF1_1	0	0	0
KPNA7_1	0	0	0
PRKAR2B_1	0	0	0
HBP1_1	0	0	0
COG5_1	60	0	60
LOC124901720_1	0	0	0
LOC124901721_1	0	0	0
GPR22_1	0	0	0
DUS4L-BCAP29_1	0	0	0
DUS4L_1	0	0	0
BCAP29_1	0	0	0
FAM131B-AS2_1	0	0	0
ZYX_1	0	0	0
FAM131B_1	0	0	0
MIR6892_1	0	0	0
EPHA1_1	0	0	0
EPHA1-AS1_1	0	0	0
TAS2R60_1	0	0	0
TAS2R41_1	0	0	0
LOC105375547_1	0	0	0
OR10AC1_1	0	0	0
CTAGE15_1	0	0	0
LOC101928466_1	0	0	0
TCAF2_1	3	0	3
CTAGE6_1	0	0	0
TCAF2P1_1	0	9	0
LOC154761_1	1	0	10
LOC112267988_1	0	0	0
TCAF1_1	4	0	4
LOC105375549_1	0	0	0
OR2F2_1	0	0	0
OR2F1_1	0	0	0
OR6B1_1	0	0	0
OR2A5_1	0	0	0
LOC105375548	0	0	0
OR2A25_1	0	0	0
OR2A12_1	0	0	0
OR2A2_1	0	0	0
OR2A14_1	0	0	0
CTAGE4_1	11	0	11
ARHGEF35_1	3	0	5
ARHGEF35-AS1_1	0	2	0
OR2A42_1	0	0	0
OR2A1-AS1_1	1	1	1
OR2A20P_1	0	0	0
OR2A7_1	0	0	0
ARHGEF34P_1	0	0	0
CTAGE8_1	0	0	0
OR2A9P_1	1	0	1
OR2A1_1	0	0	0
LOC107987545	46	2	44
LOC112268384	0	0	0
ARHGEF5_1	5	0	5
LOC124905440	0	2	0
NOBOX_1	0	0	0
TPK1_1	0	0	0
DPP6_1	0	0	0
MCPH1-DT_1	0	0	0
MCPH1_1	0	0	0
MCPH1_2	0	0	0
MCPH1-AS1_1	0	0	0
MIR8055_1	0	0	0
AGPAT5_1	0	0	0
MIR4659A_1	0	0	0
MIR4659B_1	0	0	0
LOC124901872_1	0	0	0
LOC107986909_1	0	0	0
XKR5_1	0	0	0
GS1-24F4.2_1	0	0	0
DEFB1_1	2	0	2
DEFA6_1	0	0	0
DEFA4_1	0	0	0
DEFA8P_1	0	0	0
DEFA9P_1	0	0	0
DEFA10P_1	0	0	0
LOC124901873_1	0	0	0
DEFA1_1	0	0	0
DEFT1P_1	0	0	0
LOC124901874_1	0	0	0
DEFA1B_1	0	0	0
DEFT1P2_1	0	0	0
LOC124901875_1	0	0	0
DEFA3_1	0	0	0
DEFA11P_1	0	0	0
DEFA5_1	0	0	0
LOC105377799_1	0	0	0
LOC105377803_1	0	0	0
LOC101928095_1	0	0	0
LOC112268400	0	0	0
FAM90A19_1	0	0	0
FAM90A9_1	0	0	0
FAM90A10_1	0	0	0
PRR23D2_1	0	0	0
LOC105379216	0	0	0
DEFB107A_1	0	0	0
DEFB105A_1	0	0	0
DEFB106A_1	0	0	0
DEFB104A_1	0	0	0
SPAG11A_1	0	0	0
DEFB103A_1	0	0	0
DEFB4A_1	0	0	0
ZNF705B_1	0	0	0
FAM66E_1	0	0	0
USP17L8_1	0	0	0
USP17L3_1	0	0	0
FAM90A20_1	0	0	0
LINC00965_1	0	0	0
FAM90A11_1	0	0	0
FAM90A24_1	0	0	0
LOC124905443	0	0	0
FAM90A12_1	0	0	0
LOC124905441	0	0	0
FAM85A_1	3	0	3
FAM66A_1	0	0	0
LOC124905442	0	0	0
LOC649352_1	0	0	0
ZNF705D_1	0	0	0
DEFB130A_1	0	0	0
LOC105379246_1	0	0	0
LOC105379245_1	0	0	0
DEFB134_1	0	0	0
DEFB135_1	0	0	0
DEFB136_1	0	0	0
LOC105379244_1	0	0	0
CTSB_1	2625	8	2618
FDFT1_1	578	0	579
LOC105379243_1	0	0	0
NEIL2_1	3	0	3
LINC02905_1	0	0	0
GATA4_1	0	0	0
SNORA99_1	0	0	0
LOC124905444	0	0	0
LOC105379242_1	0	0	0
LINC00208_1	0	0	0
BLK_1	0	0	0
BLK-AS1_1	0	0	0
FAM167A_1	16	0	16
FAM167A-AS1_1	0	0	0
TDH_1	0	0	0
TDH-AS1_1	0	0	0
MTMR9_1	4	0	4
SLC35G5_1	0	0	0
MTMR9-AS1_1	0	0	0
LINC00529_1	0	0	0
XKR6_1	0	0	0
LOC101929269_1	0	0	0
MIR598_1	0	0	0
LOC112268405	0	0	0
LOC101929248_1	0	0	0
PINX1-DT_1	0	0	0
PINX1_1	2	0	2
MIR1322_1	0	0	0
SOX7-AS1_1	0	0	0
SOX7_1	0	0	0
C8orf74_1	0	0	0
MIR4286_1	0	0	0
RP1L1_1	2	0	2
LOC105379237_1	0	0	0
PRSS55_1	0	0	0
PRSS51_1	0	0	0
LINC03022_1	0	0	0
MSRA_1	0	0	0
LOC105379235_1	0	0	0
MSRA-DT_1	0	0	0
LOC124902082_1	0	0	0
MIR124-1_1	0	0	0
MIR124-1HG_1	0	0	0
LOC124902085_1	0	0	0
TNKS_1	41	0	41
MIR597_1	0	0	0
LOC105379231_1	0	0	0
LOC124901884_1	0	0	0
LOC105379230_1	0	0	0
LOC105379228_1	0	0	0
LOC157273_1	0	0	0
LOC112268404	0	0	0
LOC101929128_1	0	0	0
PPP1R3B-DT_1	0	0	0
PPP1R3B_1	0	0	0
LOC112268402_1	0	0	0
ERI1_1	14	0	14
SNORD3I_1	0	0	0
MIR4660_1	0	0	0
LOC105379227_1	0	0	0
LOC124905446	0	0	0
LOC124901866_1	0	0	0
LOC124900259_1	0	0	0
LOC124905445	0	0	0
MFHAS1_1	26	0	26
CLDN23_1	0	0	0
LOC105379225_1	0	0	0
LOC105379224_1	0	0	0
LOC107986913_1	0	0	0
LINC02950_1	0	0	0
LINC02949_1	0	0	0
LOC105379222_1	0	0	0
PRAG1_1	0	0	0
LOC124901879_1	0	0	0
FAM86B3P_1	0	0	0
FAM85B_1	2	0	2
LOC124905449	1	0	1
LOC124905447	0	0	0
LOC124905448	0	0	0
LOC112268390	0	0	0
LOC128966725	0	0	0
FAM90A23_1	0	0	0
FAM90A17_1	0	0	0
FAM90A16_1	0	0	0
LOC128966567	0	0	0
FAM90A7_1	0	0	0
PRR23D1_1	0	0	0
LOC105377801_1	0	0	0
DEFB107B_1	0	0	0
DEFB105B_1	0	0	0
DEFB106B_1	0	0	0
DEFB104B_1	0	0	0
SPAG11B_1	0	0	0
DEFB103B_1	0	0	0
DEFB4B_1	0	0	0
ZNF705G_1	0	0	0
USP17L7_1	0	0	0
USP17L1_1	0	0	0
FAM90A25P_1	0	0	0
FAM90A2P_1	0	0	0
LOC128966724	0	35	0
FAM86B2_1	25	0	60
FAM86B2-DT_1	2	0	2
LOC729732_1	0	0	0
MIR5692A2_1	0	0	0
LONRF1_1	55	0	55
MIR3926-1_1	0	0	0
MIR3926-2_1	0	0	0
LINC03019_1	0	0	0
LINC00681_1	0	0	0
LOC105379289_1	0	0	0
TRMT9B_1	0	0	0
LOC124901889_1	0	0	0
DLC1_1	0	0	0
LOC107986922_1	0	0	0
LOC107986941_1	0	0	0
LOC112268372	0	0	0
RNF139-DT_1	0	0	0
RNF139_1	0	0	0
TATDN1_1	0	0	0
MIR6844_1	0	0	0
NDUFB9_1	0	0	0
MTSS1_1	0	0	0
GSDMC_1	5	0	5
LINC01300_1	0	0	0
GPR20_1	0	0	0
LOC101928037_1	0	0	0
ASTILCS_1	0	0	0
PTP4A3_1	0	0	0
MROH5_1	0	0	0
LOC107983985_1	0	0	0
LOC105375789_1	0	0	0
LOC124900270_1	0	0	0
LOC105375791_1	0	0	0
C8orf90_1	0	0	0
BOP1_1	0	0	0
HSF1_1	0	0	0
DGAT1_1	0	0	0
LOC124902050_1	0	0	0
MIR6848_1	0	0	0
SCRT1_1	0	0	0
CATSPERQ_1	0	0	0
FBXL6_1	0	0	0
SLC52A2_1	0	0	0
LOC101928902_1	0	0	0
ADCK5_1	0	0	0
CPSF1_1	0	0	0
MIR939_1	0	0	0
MIR1234_1	0	0	0
MIR6849_1	0	0	0
SLC39A4_1	0	0	0
VPS28_1	489	0	489
TONSL_1	0	0	0
LOC124905603	0	0	0
C8orf33_1	0	0	0
LOC105379435_1	0	0	0
CNTNAP3_1	0	0	0
LOC101927042	0	0	0
LOC124905604	0	0	0
LOC105376134_1	0	1	0
NXNL2_1	0	0	1
LINC02843_1	0	0	0
LOC105376135_1	0	0	0
MIR4289_1	0	0	0
IARS1_1	0	0	0
MIR3651_1	0	0	0
SNORA84_1	0	0	0
NOL8_1	0	0	0
CENPP_1	0	0	0
OGN_1	0	0	0
OMD_1	0	0	0
ASPN_1	0	0	0
ECM2_1	0	0	0
MIR4670_1	0	0	0
IPPK_1	0	0	0
LOC100128361_1	0	0	0
OBP2B_1	0	0	0
LOC124902294_1	0	0	0
ABO_1	0	0	0
LCN1_1	0	0	0
SURF6_1	0	0	0
MED22_1	0	0	0
RPL7A_1	0	0	0
SNORD24_1	0	0	0
SNORD36B_1	0	0	0
SNORD36A_1	0	0	0
SNORD36C_1	0	0	0
SURF1_1	0	0	0
SURF2_1	0	0	0
SURF4_1	0	0	0
STKLD1_1	0	0	0
REXO4_1	0	0	0
ADAMTS13_1	0	0	0
CACFD1_1	0	0	0
SLC2A6_1	0	0	0
LOC102723855_1	0	0	0
HSD17B7P2_1	0	0	0
SEPTIN7P9_1	0	0	0
LOC101929540_1	0	0	0
LINC00999_1	0	0	0
ACTR3BP5_1	0	0	0
LOC102724593_1	0	0	0
SYT15B_1	0	0	0
GPRIN2_1	2	0	2
NPY4R2_1	0	0	0
ANXA8_1	25	0	25
FAM25C_1	0	0	0
AGAP12P_1	0	0	0
LOC124905455	0	0	0
LINC01515_1	0	0	0
KAT6B_1	0	0	0
SNORD172_1	0	0	0
DUSP29_1	0	0	0
ATAD1_1	0	0	0
CFL1P1_1	0	0	0
KLLN_1	0	0	0
MLDHR_1	0	0	0
PTEN_1	51	0	51
LOC124900295_1	0	0	0
PNLIPRP1_1	0	0	0
PNLIPRP2_1	0	0	0
SPMIP5_1	0	0	0
HSPA12A-AS1_1	0	0	0
HSPA12A_1	0	0	0
LOC105378498_1	0	0	0
LOC105378536_1	0	0	0
MUC6_1	2	2	0
LOC124902605_1	0	0	0
LINC02688_1	0	0	0
LOC107987157_1	0	0	0
MUC2_1	0	0	0
MUC5AC_1	0	0	0
TOLLIP_1	0	0	0
TOLLIP-DT_1	0	0	0
LINC02689_1	0	0	0
BRSK2_1	0	0	0
MOB2_1	62	0	62
LOC124902607_1	0	0	0
DUSP8_1	0	0	0
LOC124902608_1	0	0	0
KRTAP5-AS1_1	0	0	0
KRTAP5-1_1	0	0	0
KRTAP5-2_1	0	0	0
KRTAP5-3_1	0	0	0
KRTAP5-4_1	0	0	0
KRTAP5-5_1	0	0	0
FAM99A_1	0	0	0
FAM99B_1	0	0	0
LINC02708_1	0	0	0
SYT8_1	0	0	0
TNNI2_1	0	0	0
LOC107984299_1	0	0	0
LSP1_1	0	0	0
MIR4298_1	0	0	0
MIR7847_1	0	0	0
PRR33_1	0	0	0
TNNT3_1	0	0	0
LINC01150_1	0	0	0
MRPL23_1	0	0	0
SNORD131_1	0	0	0
MRPL23-AS1_1	0	0	0
LINC01219_1	0	0	0
H19_1	0	0	0
MIR675_1	0	0	0
OR51L1_1	0	0	0
OR52J3_1	0	0	0
OR52E2_1	0	0	0
OR52E1_1	0	0	0
OR5P2_1	0	0	0
OR5P3_1	0	0	0
OR5E1P_1	0	0	0
LOC283299_1	0	0	0
LOC107984307_1	0	0	0
OR10A6_1	0	0	0
OR10A3_1	0	0	0
NLRP10_1	0	0	0
SAA1_1	0	0	0
HPS5_1	0	0	0
GTF2H1_1	0	0	0
LOC105376577_1	0	0	0
MIR3159_1	0	0	0
LDHA_1	0	0	0
LDHC_1	0	0	0
PTPMT1_1	0	0	0
KBTBD4_1	0	0	0
NDUFS3_1	0	0	0
FAM180B_1	0	0	0
C1QTNF4_1	0	0	0
MTCH2_1	0	0	0
AGBL2_1	0	0	0
FNBP4_1	0	0	0
NUP160_1	0	0	0
GRM5P1_1	0	0	0
OR4C12_1	0	0	0
OR4C45_1	0	0	0
LOC101060224_1	0	0	0
OR8J2_1	0	0	0
OR5T2_1	0	0	0
OR5T3_1	0	0	0
OR5T1_1	0	0	0
OR8H1_1	0	0	0
OR8K3_1	0	0	0
OR8K1_1	0	0	0
OR8J1_1	0	0	0
OR8U1_1	0	0	0
OR5AL1_1	0	0	0
OR8U3_1	0	0	0
OR5M9_1	0	0	0
OR5M3_1	0	0	0
OR5M8_1	0	0	0
OOSP1_1	0	0	0
OOSP4A_1	0	0	0
OOSP4B_1	0	0	0
OOSP2_1	0	0	0
MS4A3_1	0	0	0
PPFIA1_1	0	0	0
MIR548K_1	0	0	0
LOC107984346_1	0	0	0
LOC105369373_1	0	0	0
CTTN-DT_1	0	0	0
CTTN_1	0	0	0
LOC124905456	0	0	0
RAB38_1	0	0	0
LOC124900309_1	0	0	0
NAALAD2_1	0	0	0
CHORDC1_1	0	0	0
FAT3_1	0	0	0
LOC107984380_1	0	0	0
CASP12_1	0	0	0
CASP4LP_1	0	0	0
CASP4_1	0	0	0
FOXR1_1	0	0	0
CENATAC-DT_1	0	0	0
CENATAC_1	0	0	0
RPL23AP64_1	0	0	0
RPS25_1	0	0	0
TRAPPC4_1	0	0	0
SLC37A4_1	1	0	1
HYOU1_1	0	0	0
HYOU1-AS1_1	0	0	0
VPS11_1	0	0	0
HMBS_1	0	0	0
ERC1_1	0	0	0
LOC124902857_1	0	0	0
MIR3649_1	0	0	0
ADIPOR2_1	0	0	0
CACNA2D4_1	0	0	0
LOC105369602_1	0	0	0
LOC105369601_1	0	0	0
LRTM2_1	0	0	0
LOC124902858_1	0	0	0
LINC00940_1	0	0	0
DCP1B_1	0	0	0
CACNA1C_1	0	0	0
CACNA1C-IT1_1	0	0	0
CACNA1C-IT2_1	0	0	0
LOC107984131_1	0	0	0
CACNA1C-AS4_1	0	0	0
CACNA1C-IT3_1	0	0	0
CACNA1C-AS2_1	0	0	0
CACNA1C-AS1_1	0	0	0
C1R_1	0	0	0
C1RL_1	0	0	0
C1RL-AS1_1	0	0	0
RBP5_1	0	0	0
CLSTN3_1	0	0	0
PEX5_1	0	0	0
BCL2L14_1	0	0	0
MIR1244-4_1	0	0	0
LRP6_1	0	0	0
MANSC1_1	0	0	0
LOH12CR2_1	0	0	0
BORCS5_1	0	0	0
DUSP16_1	4	0	4
ESPL1_1	0	0	0
PFDN5_1	0	0	1
MYG1-AS1	0	1	0
MYG1_1	150	0	150
AAAS_1	0	0	0
SP7_1	0	0	0
LOC112268407	0	0	0
LOC105369878_1	0	0	0
ORAI1_1	128	2	126
MORN3_1	0	0	0
BCL7A_1	0	0	0
LINC02985_1	0	0	0
MLXIP_1	0	0	0
LINC02405_1	0	0	0
LOC105370062_1	3	3	0
EP400P1_1	0	0	0
LOC124905457	0	0	0
DDX51_1	0	0	0
NOC4L_1	0	0	0
LINC02361_1	0	0	0
GALNT9_1	0	0	0
LOC105370091_1	0	0	0
GALNT9-AS1_1	0	0	0
LOC101928416_1	0	0	0
LOC124905463	0	0	0
LOC105379280	33	0	33
LOC124905459	0	0	0
LOC105379491	0	0	0
LOC124905460	19	0	19
LOC124905464	1	1	0
LOC128966556	0	0	0
BAGE5	0	0	0
FAM230C_1	0	0	0
LOC105379278	0	0	0
LINC00411_1	0	0	0
NALCN-AS1_1	0	0	0
MYO16_1	0	0	0
ATP4B_1	0	0	0
GRK1_1	0	0	0
LOC105377805_1	0	0	0
LINC00552_1	0	0	0
C13orf46_1	2	0	2
RASA3_1	0	0	0
RASA3-IT1_1	0	0	0
LOC124903221_1	0	0	0
LOC107987192_1	0	0	0
LOC124905466	0	0	0
LOC124905468	0	0	0
LOC124905469	0	0	0
LOC389831_1	0	0	0
LOC124905471	0	0	0
LOC124905472	0	0	0
OR4N2_1	0	0	0
OR4K3_1	0	0	0
OR4K2_1	0	0	0
LOC124903278_1	0	0	0
OR4K1_1	0	0	0
OR4K5_1	0	0	0
OR4K15_1	0	0	0
OR4Q2_1	0	0	0
OR4K14_1	0	0	0
OR4K13_1	0	0	0
OR4L1_1	0	0	0
OR4K17_1	0	0	0
OR4N5_1	0	0	0
OR11G2_1	0	0	0
OR11H6_1	0	0	0
OR11H7_1	0	0	0
OR11H4_1	0	0	0
TTC5_1	0	0	0
CCNB1IP1_1	0	0	0
SNORA79B_1	0	0	0
SNORD126_1	0	0	0
RPPH1_1	0	0	0
PARP2_1	0	0	0
TEP1_1	0	0	0
KLHL33_1	0	0	0
OSGEP_1	0	0	0
APEX1_1	0	0	0
PIP4P1_1	0	0	0
PNP_1	0	0	0
RNASE10_1	0	0	0
LOC105370410_1	0	0	0
LOC105370409_1	0	0	0
LINC00596_1	0	0	0
LOC105370411_1	0	0	0
DHRS4-AS1_1	0	0	0
DHRS4_1	0	0	0
DHRS4L2_1	12	0	12
DHRS4L1_1	0	0	0
CARMIL3_1	0	0	0
LOC105370412_1	0	0	0
CPNE6_1	0	0	0
NRL_1	0	0	0
PCK2_1	0	0	0
DCAF11_1	0	0	0
FITM1_1	0	0	0
PSME1_1	0	0	0
EMC9_1	0	0	0
PSME2_1	0	0	0
MIR7703_1	0	0	0
RNF31_1	0	0	0
IRF9_1	0	0	0
REC8_1	0	0	0
IPO4_1	0	0	0
TM9SF1_1	0	0	0
TSSK4_1	0	0	0
CHMP4A_1	0	0	0
NEDD8-MDP1_1	0	0	0
MDP1_1	0	0	0
NEDD8_1	0	0	0
GMPR2_1	0	0	0
TINF2_1	0	0	0
TGM1_1	0	0	0
RABGGTA_1	0	0	0
DHRS1_1	0	0	0
NOP9_1	0	0	0
CIDEB_1	0	0	0
LTB4R2_1	0	0	0
LTB4R_1	0	0	0
ADCY4_1	0	0	0
RIPK3_1	0	0	0
NFATC4_1	0	0	0
LOC124903292_1	0	0	0
LINC00871_1	0	0	0
LOC124903309_1	0	0	0
SGPP1_1	0	0	0
OCA2_1	0	0	0
HERC2_1	0	0	0
LOC124905371	0	0	0
GOLGA6L24_1	0	0	0
GOLGA8F_1	0	0	0
MIR4509-2_1	0	0	0
LOC101059997_1	0	0	0
MIR4509-3_1	0	0	0
GOLGA8G_1	0	0	0
GOLGA6L25_1	0	0	0
HERC2P11_1	0	0	0
LOC124903450_1	0	0	0
HERC2P9_1	0	0	0
GOLGA8M_1	0	0	0
LOC107984746_1	0	0	0
WHAMMP2_1	0	0	0
LOC100289656_1	0	0	0
PDCD6IPP2_1	0	0	0
GOLGA6L7_1	0	0	0
APBA2_1	0	0	0
ENTREP2_1	0	0	0
NSMCE3_1	0	0	0
LCIIAR_1	0	0	0
LOC105370743_1	0	0	0
TJP1_1	0	0	0
GOLGA8J_1	0	0	0
ULK4P3_1	0	0	0
LOC124900359_1	0	0	0
GOLGA8T_1	0	0	0
LOC101929922	0	0	0
LOC105370746_1	0	0	0
LOC105370747_1	0	0	0
LINC02249_1	0	0	0
CHRFAM7A_1	0	0	0
LOC105370751_1	0	0	0
LOC124900358_1	0	0	0
ULK4P2_1	0	0	0
DNM1P50_1	0	0	0
GOLGA8Q_1	0	0	0
LOC124903452_1	0	0	0
WHAMMP4_1	5	0	5
LOC105376704_1	1	0	1
GOLGA8R_1	0	0	0
ULK4P1_1	0	0	0
LOC124900357_1	0	0	0
ARHGAP11B-DT_1	0	0	0
GOLGA8H_1	0	0	0
ARHGAP11B_1	0	0	0
LOC100288637_1	0	0	0
LOC101930434_1	0	0	0
LOC124905372	0	0	0
LOC124900565	0	0	0
LOC124903453_1	0	0	0
HERC2P10_1	0	0	0
FAN1_1	0	0	0
MTMR10_1	0	0	0
TRPM1_1	0	0	0
TRPM1-AS1_1	0	0	0
MIR211_1	0	0	0
LOC107984779	0	0	0
LINC02352_1	0	0	0
LOC107984092	0	0	0
LINC03034_1	0	0	0
KLF13_1	0	0	0
LOC105370939_1	0	0	0
OTUD7A_1	0	0	0
LOC124900362_1	0	0	0
LOC124903441_1	0	0	0
CHRNA7_1	0	0	0
LOC102724078_1	0	0	0
LOC101060588	0	0	0
WHAMMP1_1	0	0	0
LINC02256_1	0	0	0
ARHGAP11A-DT_1	0	0	0
GOLGA8N_1	0	0	0
ARHGAP11A_1	2	0	2
ARHGAP11A-SCG5_1	0	0	0
SCG5_1	0	0	0
SCG5-AS1_1	0	0	0
GREM1_1	0	0	0
GREM1-AS1_1	0	0	0
FMN1_1	0	0	0
LOC107984089_1	0	0	0
LOC124903606_1	0	0	0
LOC100507412_1	0	0	0
LOC124905531	0	0	0
LOC124905524	0	0	0
LOC128966565	0	0	0
LOC124905525	0	0	0
LOC124905526	0	0	0
LOC124905527	5	0	5
LOC105379279	1	1	0
LOC124905529	0	0	0
FAM30B_1	0	0	0
LOC105379203_1	0	0	0
LOC124905484	0	0	0
CHEK2P2_1	0	0	0
LOC124903442_1	0	0	0
HERC2P3_1	9	0	9
GOLGA6L6_1	0	0	0
GOLGA8CP_1	0	0	0
LOC124905498	0	0	0
NBEAP1_1	0	0	0
LOC105370714_1	0	0	0
LOC124905495	0	0	0
LOC124905496	0	0	0
LOC124903443_1	0	0	0
MIR3118-2_1	0	0	0
POTEB2_1	0	0	0
MIR5701-1_1	0	0	0
LINC01193_1	0	0	0
OR4M2-OT1_1	0	0	0
LOC124905520	0	0	0
OR4M2_1	0	0	0
OR4N4_1	0	0	0
OR4N3P_1	0	0	0
IGHV1OR15-1_1	0	0	0
LOC642131_1	0	0	0
LOC124905475	0	0	0
MIR1268A_1	0	0	0
LOC124905490	0	0	0
REREP3_1	0	0	0
LOC124905499	22	0	22
LOC124905500	0	0	0
LOC124905491	0	0	0
LOC124905476	0	0	0
LOC124905489	0	0	0
LOC124905488	0	0	0
LOC124900633_1	0	0	0
LOC124905497	0	0	0
LOC646214_1	0	0	0
LOC124905492	0	0	0
LOC124905493	0	0	0
LOC124905494	0	0	0
CXADRP2_1	0	0	0
POTEB3_1	0	0	0
MIR3118-3_1	0	0	0
LOC124900632_1	0	0	0
MIR5701-2_1	0	0	0
LINC02203_1	0	0	0
LOC124903610_1	0	0	0
OR4M2B_1	0	0	0
OR4N4C_1	0	0	0
LOC107987218	0	0	0
LOC102724737_1	0	0	0
LOC102724760_1	0	0	0
IGHV1OR15-3_1	0	0	0
LOC102724971_1	0	0	0
LOC101928039_1	0	0	0
LOC124905501	0	0	0
LOC124905503	0	0	0
LOC124905479	0	0	0
LOC124905504	0	0	0
LOC124905506	0	0	0
LOC124905507	0	0	0
LOC124905508	0	0	0
LOC124905509	0	0	0
FAM30C_1	0	0	0
LOC124905510	0	0	0
LOC124905511	0	0	0
MIR5701-3_1	0	0	0
NF1P2_1	0	0	0
POTEB_1	0	0	0
LOC124905519	0	0	0
MIR3118-4_1	0	0	0
LOC124905513	0	0	0
LOC124905514	1	0	1
LOC124905518	0	0	0
LOC124905517	0	0	0
LOC105370715	0	0	0
LOC124905515	0	0	0
LOC124905516	0	0	0
GOLGA8EP_1	0	0	0
GOLGA6L22_1	0	0	0
HERC2P7_1	0	0	0
HERC2P2_1	172	0	172
LOC101927846_1	0	0	0
GOLGA8IP_1	0	0	0
WHAMMP3_1	10	0	10
LOC283683_1	0	0	0
NIPA1_1	82	0	82
NIPA2_1	30	2	94
CYFIP1_1	14	65	15
TUBGCP5_1	0	0	0
GOLGA6L1_1	0	0	0
GOLGA8DP_1	0	0	0
MIR4509-1_1	0	0	0
LOC124907502	0	0	0
LOC124905482	0	0	0
LOC102723534_1	0	0	0
LOC102723564_1	0	0	0
GOLGA6L26_1	0	0	0
GOLGA8S_1	0	0	0
LOC105370726_1	0	0	0
LOC105370728_1	0	0	0
GOLGA6L2_1	0	0	0
LOC105370729_1	0	0	0
LOC105370730	0	0	0
LOC107984793	0	0	0
MIR4508_1	0	0	0
MKRN3_1	0	0	0
MAGEL2_1	0	0	0
NDN_1	0	0	0
LOC107984787_1	0	0	0
PWRN4_1	0	0	0
LOC105370732_1	0	0	0
PWRN2_1	0	0	0
PWRN1_1	0	0	0
LOC102723749_1	0	0	0
LOC102725165_1	0	0	0
PWRN3_1	0	0	0
GOLGA8J_2	0	0	0
ULK4P3_2	0	0	0
LOC124900566	0	0	0
GOLGA8K_1	0	0	0
LOC112268159_1	0	0	0
LOC105376709_1	0	0	0
LOC107984151	0	0	0
CHRNA7_2	0	0	0
ARHGAP11B_2	2	1	2
ARHGAP11B-DT_2	0	0	0
GOLGA8H_2	0	0	0
ULK4P1_2	0	0	0
LOC124900356_1	0	0	0
GOLGA8O_1	1	0	1
LOC124905406	0	0	0
LOC100653133_1	0	0	0
WHAMMP1_2	4	0	4
LINC02256_2	0	0	0
ARHGAP11A-DT_2	3	1	3
GOLGA8N_2	37	4	33
ARHGAP11A_2	95	0	95
ARHGAP11A-SCG5_2	0	0	0
SCG5_2	0	0	0
SCG5-AS1_2	0	0	0
LOC105370756_1	0	0	0
GREM1_2	0	0	0
GREM1-AS1_2	0	0	0
FMN1_2	0	0	0
SLC12A6_1	2	0	2
NOP10_1	0	0	0
NUTM1_1	0	0	0
LPCAT4_1	11	0	11
GOLGA8A_1	599	0	599
ISLR_1	0	0	0
STRA6_1	0	0	0
CCDC33_1	0	0	0
LOC105370893_1	0	0	0
CYP11A1_1	0	0	0
PPIAP46_1	0	0	0
LINC02255_1	0	0	0
SEMA7A_1	0	0	0
MIR6881_1	0	0	0
UBL7_1	0	0	0
UBL7-DT_1	0	0	0
LOC101929333_1	0	0	0
LOC124900366_1	0	0	0
SH3GL3_1	0	0	0
ADAMTSL3_1	0	0	0
LOC105370935_1	0	0	0
EFL1P1_1	0	0	0
DNM1P41_1	0	0	0
LOC124903544_1	0	0	0
UBE2Q2P16_1	0	0	0
LOC440300_1	0	0	0
GOLGA2P7_1	0	0	0
LOC105376724_1	0	0	0
GOLGA6L4_1	10	0	10
LOC105376722_1	0	0	0
LOC124905605	2	0	2
LOC103171574_1	0	0	0
LOC102724117_1	1	0	1
LOC102724135_1	14	0	14
LOC105370946_1	0	0	0
GOLGA6L5P_1	0	0	0
GOLGA6L3P_1	0	0	0
UBE2Q2P1_1	0	0	0
LINC00933_1	0	0	0
LOC105370947_1	0	0	0
ZSCAN2_1	0	0	0
SCAND2P_1	0	0	0
WDR73_1	0	0	0
NMB_1	0	0	0
FAM138E_1	0	0	0
MIR1302-10_1	0	0	0
WASH3P_1	1	0	1
MIR6859-3_1	0	0	0
DDX11L9_1	0	0	0
LOC102723897	7	0	7
LOC124905473	0	0	0
MSRB1_1	0	0	0
RPL3L_1	0	0	0
NDUFB10_1	0	0	0
RPS2_1	0	0	0
SNORA10_1	0	0	0
SNORA64_1	0	0	0
SNHG9_1	0	0	0
SNORA78_1	0	0	0
RNF151_1	0	0	0
TBL3_1	0	0	0
NOXO1_1	0	0	0
GFER_1	0	0	0
SYNGR3_1	0	0	0
ZNF598_1	97	0	97
NPW_1	0	0	0
PRSS21_1	0	0	0
ZG16B_1	1	0	1
PRSS30P_1	0	0	0
PRSS22_1	0	0	0
LOC101929566_1	0	0	0
XYLT1_1	0	0	0
LOC102723692_1	0	0	0
LOC124903654_1	0	0	0
LOC107987234_1	0	0	0
LDAF1_1	0	0	0
ZP2_1	0	0	0
LOC105371123_1	0	0	0
ANKS4B_1	0	0	0
CRYM_1	0	0	0
LOC105371125_1	0	0	0
ABCA15P_1	1	0	1
SNX29P1_1	0	0	0
NPIPB3_1	23	0	23
LOC100190986_1	0	0	0
SMG1P3_1	13	0	13
LOC124903800_1	0	0	0
MIR3680-2_1	0	0	0
LOC105371132	0	0	0
LOC124900576	0	0	0
LOC105371131_1	0	0	0
NPIPB5_1	0	0	0
SMG1P1_1	0	0	0
LOC124905420	0	0	0
RRN3P3_1	0	0	0
SLC68A2P_1	0	0	0
CDR2-DT_1	0	0	0
CDR2_1	72	0	72
POLR3E_1	1	0	1
TRL-AAG2-4_1	0	0	0
EEF2K_1	71	0	71
TRL-TAG3-1_1	0	0	0
SDR42E2_1	0	0	0
VWA3A_1	2	0	2
LOC105371129_1	0	0	0
MOSMO_1	0	0	0
PDZD9_1	0	0	0
UQCRC2_1	2	0	2
LOC124903801_1	0	0	0
NPIPB4_1	1	1	0
LOC112268174_1	0	3	0
RRN3P1_1	5	0	5
LOC105371126_1	0	0	0
OTOA_1	0	0	0
METTL9_1	0	0	0
IGSF6_1	0	0	0
LOC101927814_1	0	0	0
LOC124900577	0	0	0
SLC7A5P2_1	0	0	0
SMG1P2_1	3	0	3
MIR3680-1_1	0	0	0
SMG1P6_1	0	0	0
LOC124905419	0	0	0
NPIPB11_1	59	0	59
LOC128966723	0	0	0
LOC100505915_1	13	13	0
OTOAP1_1	0	0	0
LOC112268175_1	0	0	0
LINC02890_1	0	0	0
LOC112268374	0	0	0
TNRC6A_1	0	0	0
SLC5A11_1	0	0	0
ARHGAP17_1	0	0	0
HYDIN_1	0	0	0
LOC107987474	0	0	0
CMTR2_1	11	0	14
LOC102723786_1	0	3	0
LOC102725168_1	0	0	0
CALB2_1	0	0	0
LOC105371332_1	0	0	0
ZFP1_1	0	0	0
CTRB2_1	0	0	0
CTRB1_1	0	0	0
LOC100506281_1	1	1	0
BCAR1_1	191	0	191
CMC2_1	0	0	0
CENPN_1	0	0	0
CENPN-AS1_1	0	0	0
ATMIN_1	0	0	0
C16orf46_1	0	0	0
C16orf46-AS1_1	0	0	0
GCSH_1	0	0	0
PKD1L2_1	3	0	3
BCO1_1	0	0	0
LOC105371430_1	0	0	0
LIAT1_1	0	0	0
RFLNB_1	0	0	0
VPS53_1	0	0	0
VPS53-AS1_1	0	0	0
CTDNEP1_1	0	0	0
ELP5_1	0	0	0
CLDN7_1	0	0	0
SLC2A4_1	0	0	0
YBX2_1	0	0	0
EIF5A_1	0	0	0
GPS2_1	0	0	0
NEURL4_1	0	0	0
ACAP1_1	0	0	0
KCTD11_1	0	0	0
TMEM95_1	0	0	0
TNK1_1	0	0	0
TMEM256-PLSCR3_1	0	0	0
PLSCR3_1	0	0	0
TMEM256_1	0	0	0
NLGN2_1	0	0	0
SPEM1_1	0	0	0
SPEM2_1	0	0	0
SPEM3_1	0	0	0
TMEM102_1	0	0	0
FGF11_1	0	0	0
CHRNB1_1	0	0	0
ZBTB4_1	1	0	1
SLC35G6_1	0	0	0
POLR2A_1	10	0	10
LLGL1_1	0	0	0
FLII_1	0	0	0
MIEF2_1	0	0	0
TOP3A_1	0	0	0
SMCR8_1	0	0	0
SHMT1_1	0	0	0
MIR6778_1	0	0	0
LOC124905415	0	0	0
EVPLL_1	0	0	0
LINC02076_1	0	0	0
KRT17P5_1	0	0	0
KRT17P2_1	0	0	0
LOC105371570_1	0	0	0
KRT16P1_1	0	0	0
LOC105371569_1	0	0	0
LGALS9C_1	0	0	0
ADAP2_1	0	0	0
RNF135_1	0	0	0
DPRXP4_1	0	0	0
LOC107984974_1	0	0	0
LOC646030_1	0	0	0
MIR4733HG_1	0	0	0
MIR4733_1	0	0	0
NF1_1	78	0	78
LOC101927057_1	0	0	0
OMG_1	0	0	0
EVI2B_1	0	0	0
EVI2A_1	0	0	0
RAB11FIP4_1	0	0	0
KRTAP2-2_1	0	0	0
KRTAP2-3_1	0	0	0
KRTAP2-4_1	0	0	0
KRTAP4-7_1	0	0	0
KRTAP4-8_1	0	0	0
KRTAP4-16_1	0	0	0
KRTAP4-9_1	0	0	0
KRTAP4-11_1	0	0	0
KRTAP4-12_1	0	0	0
KRTAP4-6_1	0	0	0
KRTAP4-5_1	0	0	0
KRTAP4-4_1	0	0	0
KRTAP4-3_1	0	0	0
KRTAP4-2_1	0	0	0
KRTAP4-1_1	0	0	0
KRTAP9-1_1	0	0	0
KRTAP9-2_1	0	0	0
KRTAP9-3_1	0	0	0
KRTAP9-8_1	0	0	0
KRTAP9-4_1	0	0	0
KRTAP9-9_1	0	0	0
KRTAP9-7_1	0	0	0
KRTAP29-1_1	0	0	0
KRTAP16-1_1	0	0	0
KRTAP17-1_1	0	0	0
KRT33A_1	0	0	0
LOC105371778_1	0	0	0
KRT33B_1	0	0	0
KRT34_1	0	0	0
KRT31_1	0	0	0
LOC100505782_1	0	0	0
KRT37_1	0	0	0
LINC01982_1	0	0	0
GPRC5C_1	0	0	0
CD300A_1	0	0	0
LOC107985074_1	0	0	0
CD300LB_1	0	0	0
CD300C_1	0	0	0
CD300H_1	0	0	0
CD300LD_1	0	0	0
CD300LD-AS1_1	0	0	0
LOC124905606	0	0	0
TBC1D16_1	0	0	0
CCDC40_1	0	0	0
LOC124904074_1	0	0	0
MIR1268B_1	0	0	0
GAA_1	0	0	0
EIF4A3_1	0	0	0
CARD14_1	0	0	0
LOC124905607	0	0	0
SGSH_1	0	0	0
RENO1_1	0	0	0
LINC03048_1	0	0	0
BAHCC1_1	43	1	68
MIR4740_1	0	0	0
MIR3186_1	6	6	0
LOC105371926	0	26	0
LINC01971_1	0	0	0
ACTG1_1	0	0	0
FSCN2_1	0	0	0
LOC105376789_1	0	0	0
GCGR_1	0	0	0
MCRIP1_1	0	0	0
PPP1R27_1	0	0	0
LOC101930496_1	2	0	2
LOC101929650_1	0	0	0
LOC105371948_1	0	0	0
LOC100505909_1	0	0	0
RPL23AP87_1	0	0	0
LOC105371959_1	0	0	0
LOC124905450	0	0	0
CTAGE1_1	0	0	0
LOC124904260_1	0	0	0
LOC124904265_1	0	0	0
SLC14A2-AS1_1	0	0	0
LOC112268408	0	0	0
CTIF_1	0	0	0
MIR4743_1	0	0	0
LOC105372107_1	0	0	0
LOC107985147_1	0	0	0
LOC105372106_1	0	0	0
CTIF-AS1_1	0	0	0
LOC124904355_1	0	0	0
LOC107985185	0	0	0
LOC105376872_1	0	0	0
GARRE1_1	0	0	0
GPI_1	411	0	411
PDCD2L_1	1	0	1
UBA2_1	0	0	0
WTIP_1	0	0	0
ZNF807P_1	0	0	0
LOC124905609	0	0	0
NRTN_1	0	0	0
FUT6_1	0	0	0
FUT3_1	0	0	0
LOC101928844_1	0	0	0
FUT5_1	0	0	0
NDUFA11_1	0	0	0
VMAC_1	0	0	0
CAPS_1	0	0	0
ZNF558_1	0	0	0
MBD3L1_1	0	0	0
MUC16_1	567	0	567
ZSWIM4_1	0	0	0
LOC107985334_1	0	0	0
MIR23AHG_1	0	0	0
MIR24-2_1	0	0	0
MIR27A_1	0	0	0
MIR23A_1	0	0	0
NANOS3_1	0	0	0
MIR181C_1	0	0	0
MIR181D_1	0	0	0
BRME1_1	0	0	0
CC2D1A_1	0	0	0
PODNL1_1	0	0	0
DCAF15_1	0	0	0
RFX1_1	0	0	0
RLN3_1	0	0	0
IL27RA_1	0	0	0
PALM3_1	0	0	0
MISP3_1	0	0	0
MIR1199_1	0	0	0
C19orf67_1	0	0	0
SAMD1_1	81	3	78
PRKACA_1	0	0	0
SMIM46_1	0	0	0
ASF1B_1	0	0	0
ADGRL1-AS1_1	0	0	0
ADGRL1_1	0	0	0
MAP4K1_1	0	0	0
MAP4K1-AS1_1	0	0	0
EIF3K_1	0	0	0
ACTN4_1	0	0	0
LOC107985291_1	0	0	0
CAPN12_1	0	0	0
LOC124904711_1	0	0	0
LGALS7_1	0	0	0
LGALS7B_1	0	0	0
LGALS4_1	0	0	0
ECH1_1	0	0	0
LOC124904712_1	0	0	0
HNRNPL_1	0	0	0
RINL_1	0	0	0
SIRT2_1	0	0	0
NFKBIB_1	0	0	0
CCER2_1	0	0	0
SARS2_1	0	0	0
MRPS12_1	0	0	0
FBXO17_1	0	0	0
LOC124904717_1	0	0	0
IFNL3_1	0	0	0
IFNL4_1	0	0	0
IFNL2_1	0	0	0
IFNL1_1	0	0	0
LRFN1_1	0	0	0
GMFG_1	0	0	0
SAMD4B_1	0	0	0
LEUTX_1	0	0	0
DYRK1B_1	0	0	0
MIR6719_1	0	0	0
FBL_1	0	0	0
FCGBP_1	4	0	4
LOC124904720_1	0	0	0
PSMC4_1	0	0	0
ZNF546_1	0	0	0
ZNF780B_1	0	0	0
ZNF780A_1	0	0	0
LILRP2_1	0	0	0
KIR3DL3_1	0	0	0
KIR2DL3_1	0	0	0
LOC101928804_1	0	0	0
KIR2DL1_1	0	0	0
KIR2DL4_1	0	0	0
KIR3DL1_1	0	0	0
KIR2DS4_1	0	0	0
KIR3DL2_1	0	0	0
LILRP2_2	0	0	0
KIR3DL3_2	0	0	0
KIR2DL3_2	0	0	0
LOC101928804_2	0	0	0
KIR2DL1_2	0	0	0
KIR2DL4_2	0	0	0
KIR3DL1_2	0	0	0
KIR2DS4_2	0	0	0
KIR3DL2_2	0	0	0
LILRP2_3	0	0	0
KIR3DL3_3	0	0	0
KIR2DL3_3	0	0	0
LOC101928804_3	0	0	0
KIR2DL1_3	0	0	0
KIR2DL4_3	0	0	0
KIR3DL1_3	0	0	0
KIR2DS4_3	0	0	0
KIR3DL2_3	0	0	0
LILRP2_4	0	0	0
KIR3DL3_4	0	0	0
KIR2DL3_4	0	0	0
LOC101928804_4	0	0	0
KIR2DL1_4	0	0	0
LOC112268354	0	0	0
LOC112268355	0	0	0
KIR2DL5B	0	0	0
KIR2DS3	0	0	0
LOC112267881	0	0	0
LOC124900568	0	0	0
KIR3DS1	0	0	0
LOC124900569	0	0	0
KIR2DS5	0	0	0
KIR2DS1	0	0	0
KIR3DL2_4	0	0	0
LILRP2_5	0	0	0
KIR3DL3_5	0	0	0
KIR2DL3_5	0	0	0
LOC101928804_5	0	0	0
KIR2DL1_5	0	0	0
KIR2DL4_4	0	0	0
KIR2DL5A	0	0	0
LOC128966550	0	0	0
KIR2DS1_1	0	0	0
KIR3DL2_5	0	0	0
FCAR_1	0	0	0
NCR1_1	0	0	0
LILRP2_6	0	0	0
KIR3DL3_6	0	0	0
KIR2DL3_6	0	0	0
LOC101928804_6	0	0	0
KIR2DL1_6	0	0	0
KIR2DL4_5	0	0	0
KIR3DL1_4	0	0	0
KIR2DS4_4	0	0	0
KIR3DL2_6	0	0	0
LILRP2_7	0	0	0
KIR3DL3_7	0	0	0
LOC124900570	0	0	0
LOC101928804_7	0	0	0
KIR2DL1_7	0	0	0
KIR2DL4_6	0	0	0
KIR3DL1_5	0	0	0
KIR2DS4_5	0	0	0
KIR3DL2_7	0	0	0
LILRP2_8	0	0	0
KIR3DL3_8	0	0	0
KIR2DL3_7	0	0	0
LOC101928804_8	0	0	0
KIR2DL1_8	0	0	0
KIR2DL4_7	0	0	0
KIR3DL1_6	0	0	0
KIR2DS4_6	0	0	0
KIR3DL2_8	0	0	0
LILRP2_9	0	0	0
KIR3DL3_9	0	0	0
KIR2DL3_8	0	0	0
LOC101928804_9	0	0	0
LOC124900571	0	0	0
KIR3DL2_9	0	0	0
LILRP2_10	0	0	0
KIR3DL3_10	0	0	0
KIR2DL3_9	0	0	0
LOC101928804_10	0	0	0
KIR2DL1_9	0	0	0
KIR2DL4_8	0	0	0
KIR3DL1_7	0	0	0
KIR2DS4_7	0	0	0
KIR3DL2_10	0	0	0
LILRP2_11	0	0	0
LOC124900573	0	0	0
KIR2DL2	0	0	0
LOC101928804_11	0	0	0
KIR2DL4_9	0	0	0
LOC124900572	0	0	0
LOC102725023	0	0	0
KIR2DS1_2	0	0	0
KIR3DL2_11	0	0	0
LILRP2_12	0	0	0
KIR3DL3_11	0	0	0
KIR2DL3_10	0	0	0
LOC101928804_12	0	0	0
LOC112268362	0	0	0
LOC124900630	0	0	0
LILRP2_13	0	0	0
KIR3DL3_12	0	0	0
KIR2DL3_11	0	0	0
LOC101928804_13	0	0	0
LOC128966555	0	0	0
KIR2DL4_10	0	0	0
KIR3DL1_8	0	0	0
KIR2DS4_8	0	0	0
KIR3DL2_12	0	0	0
LILRP2_14	0	0	0
KIR3DL3_13	0	0	0
LOC128966722	0	0	0
KIR2DL4_11	0	0	0
KIR3DL1_9	0	0	0
KIR2DS4_9	0	0	0
KIR3DL2_13	0	0	0
NCR1_2	0	0	0
FCAR_2	0	0	0
KIR3DL2_14	0	0	0
KIR2DS1_3	0	0	0
LOC128966554	0	0	0
LOC124900574	0	0	0
KIR2DS2	0	0	0
KIR3DL3_14	0	0	0
NDUFAF5_1	0	0	0
SEL1L2_1	0	0	0
MACROD2_1	0	0	0
MROH8_1	0	0	0
RPN2_1	0	0	0
GHRH_1	0	0	0
MANBAL_1	0	0	0
LOC105372606_1	0	0	0
SRC_1	0	0	0
LOC124905537	0	0	0
LOC124905534	0	0	0
LOC102723360_1	6	0	6
LOC124905538	0	0	0
LOC124905532	0	0	0
LOC124905533	1	0	1
MIR6724-3_1	0	0	0
RNA45SN3_1	0	0	0
RNA18SN3_1	0	0	0
RNA5-8SN3_1	0	0	0
RNA28SN3_1	0	0	0
CDC27P10_1	0	0	0
MIR6724-4_1	0	0	0
RNA45SN1_1	0	0	0
MIR10396B_1	0	0	0
RNA18SN1_1	0	0	0
RNA5-8SN1_1	0	0	0
RNA28SN1_1	0	0	0
LOC105379507	1	0	1
LOC124905004_1	0	0	0
LTN1_1	0	0	0
LOC105372766_1	0	0	0
RWDD2B_1	0	0	0
LOC124905005_1	0	0	0
USP16_1	0	0	0
CCT8_1	0	0	0
MAP3K7CL_1	0	0	0
LOC105372767_1	0	0	0
LOC124905065_1	0	0	0
LINC00189_1	0	0	0
PCP4_1	0	0	0
DSCAM_1	0	0	0
MIR4760_1	0	0	0
DSCAM-AS1_1	0	0	0
LOC105369294_1	0	0	0
LOC124900473_1	0	0	0
DSCAM-IT1_1	0	0	0
BNAT1_1	0	0	0
COL18A1_1	0	0	0
COL18A1-AS2_1	0	0	0
COL18A1-AS1_1	0	0	0
LOC124905042_1	0	0	0
MIR6815_1	0	0	0
SLC19A1_1	0	0	0
LOC124905540	0	0	0
LOC124905539	0	0	0
LOC124905542	6	0	6
LOC124905543	0	0	0
LOC124905544	0	0	0
LOC124905545	2	0	2
LOC124905548	0	0	0
LOC124905547	0	0	0
LOC124905169_1	0	0	0
NDUFA6_1	75	0	75
NDUFA6-DT_1	0	0	0
CYP2D7_1	0	0	0
TCF20_1	0	0	0
LOC124900628	0	0	0
CYP2D7_2	0	0	0
TCF20_2	0	0	0
NDUFA6-DT_2	0	0	0
CYP2D6_1	0	0	0
LOC107987479	0	0	0
LOC107987478	0	0	0
LOC112268342	0	0	0
CYP2D7_3	0	0	0
TCF20_3	0	0	0
NDUFA6-DT_3	0	0	0
CYP2D6_2	0	0	0
LOC101929829	0	0	0
LOC107987464	0	0	0
CYP2D7_4	0	0	0
TCF20_4	0	0	0
NDUFA6-DT_4	0	0	0
CYP2D6_3	0	0	0
LOC102723722	0	0	0
CYP2D7_5	0	0	0
TCF20_5	0	0	0
SHANK3_1	8	0	8
LOC105373100_1	0	0	0
ACR_1	0	0	0
TIMM17B_1	0	0	0
PQBP1_1	0	0	0
SLC35A2_1	0	0	0
PIM2_1	0	0	0
OTUD5_1	0	0	0
KCND1_1	0	0	0
GRIPAP1_1	0	0	0
TFE3_1	0	0	0
CCDC120_1	78	0	78
PRAF2_1	0	0	0
WDR45_1	0	0	0
GPKOW_1	0	0	0
LOC105373195_1	0	0	0
MAGIX_1	0	0	0
CCNB3_1	0	0	0
TCEAL2_1	0	0	0
TCEAL6_1	0	0	0
LOC105373299_1	0	0	0
BEX5_1	0	0	0
STEEP1_1	0	0	0
UBE2A_1	0	0	0
NKRF_1	31	0	31
SEPTIN6_1	0	0	0
MIR766_1	0	0	0
MCTS1_1	0	0	0
C1GALT1C1_1	0	0	0
CT47B1_1	0	0	0
CT47A11_1	0	0	0
CT47A5_1	0	0	0
CT47A4_1	0	0	0
CT47A3_1	0	0	0
CT47A2_1	0	0	0
CT47A1_1	0	0	0
GLUD2_1	0	0	0
SPANXN2_1	0	0	0
UBE2NL_1	0	0	0
MIR105-1_1	0	0	0
MIR767_1	0	0	0
MIR105-2_1	0	0	0
LOC124905610	0	0	0
GABRQ_1	0	0	0
MAGEA6_1	437	0	437
CSAG3_1	0	0	0
MAGEA2_1	0	0	0
CSAG4_1	25	0	25
MAGEA12_1	11	0	11
CSAG1_1	666	0	666
MAGEA2B_1	1	1	0
CSAG2_1	6	0	6
MAGEA3_1	20	0	20
LOC124905611	0	0	0
CETN2_1	0	0	0
NSDHL_1	0	0	0
ZNF185_1	0	0	0
LOC105373372_1	0	0	0
PNMA5_1	0	0	0
LOC105379264_1	0	0	0
LOC105379265_1	0	0	0
LOC105379266_1	0	0	0
LOC105379267_1	0	0	0
RBMY1A3P_1	0	0	0
TTTY20_1	0	0	0
TSPY4_1	0	0	0
FAM197Y8_1	0	0	0
TSPY8_1	0	0	0
FAM197Y7_1	0	0	0
FAM197Y6_1	0	0	0
TSPY3_1	0	0	0
LOC124905645	0	0	0
LOC124909293	0	0	0
LOC124905646	0	0	0
TSPY2_1	0	0	0
LOC124905637	0	0	0
LOC124905624	0	0	0
LOC124905634	0	0	0
LOC124905626	0	0	0
FAM197Y9_1	0	0	0
LOC124905625	0	0	0
LOC124905639	0	0	0
LOC124908978	0	0	0
LOC124905638	0	0	0
LOC124905628	0	0	0
LOC124905649	0	0	0
LOC124905613	0	0	0
LOC124905640	0	0	0
LOC124905629	0	0	0
LOC124905635	0	0	0
LOC124905622	0	0	0
LOC124905644	0	0	0
LOC124905614	0	0	0
LOC124905647	0	0	0
TSPY9_1	0	0	0
LOC124905633	0	0	0
LOC124905618	0	0	0
LOC124905642	0	0	0
LOC128966655	0	0	0
LOC124905650	0	0	0
LOC128966595	0	0	0
LOC124905641	0	0	0
LOC124905627	0	0	0
LOC124905636	0	0	0
LOC124905619	0	0	0
LOC124905631	0	0	0
LOC124908980	0	0	0
LOC124905643	0	0	0
LOC124909294	0	0	0
LOC124905648	0	0	0
LOC124905623	0	0	0
FAM197Y5_1	0	0	0
TSPY1_1	0	0	0
FAM197Y4_1	0	0	0
LOC124909015	0	0	0
FAM197Y3_1	0	0	0
FAM197Y2_1	0	0	0
TSPY10_1	0	0	0
RBMY3AP_1	0	0	0
TTTY13_1	0	0	0
LOC105369226	0	0	0
PLCH2_1	0	0	0
PANK4_1	0	0	0
HES5_1	0	0	0
TNFRSF14-AS1_1	0	0	0
TNFRSF14_1	0	0	0
LOC100996583_1	0	0	0
PRXL2B_1	0	0	0
MMEL1_1	0	0	0
MMEL1-AS1_1	0	0	0
TTC34_1	0	0	0
LOC105378602_1	0	0	0
LOC105378601_1	0	0	0
LOC112268220_1	0	0	0
LOC107985732_1	0	0	0
LOC105378600_1	0	0	0
LOC105378598_1	0	0	0
LOC107984904_1	0	0	0
LOC105378599_1	0	0	0
PRAMEF34P_3	0	0	0
HNRNPCL2_3	0	0	0
PRAMEF36P_3	0	0	0
PRAMEF26_3	0	0	0
PRAMEF9_3	0	0	0
HNRNPCL4_3	0	0	0
PRAMEF13_2	0	0	0
PRAMEF18_3	0	0	0
PRAMEF5_3	0	0	0
PRAMEF8_3	0	0	0
PRAMEF33_3	0	0	0
LOC107987405	0	0	0
RNVU1-26_1	0	0	0
RNVU1-2A_1	0	0	0
LOC105379574_1	0	0	0
RNVU1-28_2	0	0	0
TRN-GTT2-8_1	0	0	0
PPIAL4F_1	0	0	0
LINC01632_1	0	0	0
LOC105371215_1	0	0	0
KMT2CP1_1	0	0	0
INTS3_1	0	0	0
LOC124904820_1	0	0	0
SLC27A3_1	0	0	0
LOC124904426_1	0	0	0
LOC343052_1	0	0	0
LOC124904425_1	0	0	0
GATAD2B_1	0	0	0
MTX1_1	5	2	3
GBA1LP_1	13	1	12
GBA1_1	0	0	0
ENTREP3_1	0	0	0
SCAMP3_1	0	0	0
CLK2_1	0	0	0
HCN3_1	0	0	0
PKLR_1	0	0	0
LOC105371677_1	0	0	0
ATP6V1G3_1	0	0	0
PTPRC_1	0	0	0
PTPRC-AS1_1	0	0	0
LOC100132287_1	0	0	0
LINC01347_1	0	0	0
LOC124904568_1	0	0	0
CEP170_1	0	0	0
SDCCAG8_1	0	0	0
MIR4677_1	0	0	0
AKT3_1	0	0	0
AKT3-IT1_1	0	0	0
KIF26B_1	0	0	0
LOC105373265_1	0	0	0
OR2T4_2	0	0	0
OR2T6_2	0	0	0
OR2T1_2	0	0	0
OR2T7_2	0	0	0
OR2T2_2	0	0	0
LOC105373279_2	0	0	0
OR2T3_2	0	0	0
OR2T5_2	0	0	0
OR2G6_2	0	0	0
LINC01115_1	0	0	0
SNTG2_1	0	0	0
SNTG2_2	0	0	0
TPO_1	0	0	0
LALTOP_1	0	0	0
TRAPPC12_1	0	0	0
TRAPPC12-AS1_1	0	0	0
LOC112268321_1	0	0	0
ADI1_1	0	0	0
CRIM1_1	0	0	0
CRIM1-DT_1	0	0	0
LOC102724983	48	0	48
LINC03124_1	1	0	1
CDRT15P3_1	0	0	0
KIF5C_1	0	0	0
NOSTRIN_1	1	4	0
SPC25_1	26	0	29
G6PC2_1	0	0	0
ABCB11_1	0	0	0
GAL3ST2_1	0	0	0
LOC124905349_1	0	0	0
NEU4_1	0	0	0
LOC124905350_1	0	0	0
PDCD1_1	0	0	0
LOC105373977_1	0	0	0
RTP5_1	0	0	0
LOC105373978_1	0	0	0
LINC01237_1	0	0	0
FAM240C_1	0	0	0
LINC01237_2	0	0	0
LINC01238_1	0	0	0
LOC285097_1	0	0	0
LOC105373980_1	0	0	0
LINC01880_1	0	0	0
LINC03100_1	0	0	0
LINC01881_1	0	0	0
TAMM41_1	0	0	0
LOC101927829_1	0	0	0
LOC105379578	0	0	0
LOC105374312_1	0	0	0
MIR548I1_1	0	0	0
LOC124905353	0	0	0
LINC02614_1	0	0	0
LOC105374157_1	0	0	0
LINC02066_1	0	0	0
AADACL2_1	0	0	0
AADACL2-AS1_1	0	0	0
DHX36_1	0	0	0
ARHGEF26_1	0	0	0
LOC105374167_1	0	0	0
LOC107987407	0	0	0
LINC01839_1	0	0	0
LINC02054_1	0	0	0
LOC124905351	0	0	0
LOC105374297_1	0	0	0
SDHAP2_1	0	0	0
MIR570HG_1	0	0	0
MIR570_1	0	0	0
MUC20_1	0	0	0
MUC4_1	0	0	0
LOC124905352_1	0	0	0
BDH1_1	0	0	0
LINC02012_1	0	0	0
LOC105374309_1	0	0	0
LOC105379576	0	0	0
LOC105374308_1	0	0	0
FAM157A_1	0	0	0
LOC124905354_1	0	0	0
ANKRD18DP_1	0	0	0
KCNIP4_1	0	0	0
LOC105374516_1	0	0	0
LOC107986270_1	0	0	0
LOC107986271_1	0	0	0
LOC105378262_1	0	0	0
YTHDC1_1	0	0	0
TMPRSS11E_1	0	0	0
UGT2B15_1	0	0	0
UGT2B10_1	0	0	0
LOC124900853_1	0	0	0
UGT2A3_1	0	0	0
LOC101929773	0	0	0
MAD2L1-DT_1	0	0	0
ASIC5_1	0	0	0
LOC105377507_1	0	0	0
TDO2_1	0	0	0
CTSO_1	0	0	0
LOC105379580	0	0	0
LOC105377608_1	0	0	0
LOC105377609_1	0	0	0
LINC01060_1	0	0	0
LOC105377616_1	0	0	0
FRG1-DT_3	0	0	0
LOC105377619_1	0	0	0
LINC01596_1	0	0	0
CEP72_1	0	0	0
CEP72-DT_1	0	0	0
LOC105374608_1	0	0	0
LOC105374607_1	0	0	0
LOC105374606_1	0	0	0
MIR4456_1	0	0	0
SLC9A3_1	0	0	0
LINC02982_1	0	0	0
NKD2_1	0	0	0
SLC12A7_1	53	0	53
MIR4635_1	0	0	0
LOC107986396_1	0	0	0
LPCAT1_1	16	0	16
SLC6A3_1	2	0	2
LINC01511_1	0	0	0
CLPTM1L_1	63	0	63
LOC105374657_1	0	0	0
LOC101929645_1	0	0	0
LOC105374699_1	0	0	0
LINC02109_1	0	0	0
ADAMTS12_1	0	0	0
RXFP3_1	0	0	0
SLC45A2_1	0	0	0
KGD4_1	1	0	1
CDK7_1	6	0	6
CCDC125_1	8	0	8
AK6_2	0	0	0
TAF9_2	0	0	0
RAD17_2	3	0	3
MARVELD2_2	1	0	1
LOC101928924_2	0	0	0
OCLN_2	1	0	1
SNORD13B-1_2	0	0	0
GTF2H2C_2	2	0	2
NAIP_2	0	0	0
LOC112267942_1	0	0	0
SMN1_2	0	0	0
SMN1-AS1_1	0	0	0
SERF1A_2	0	0	0
LOC128966712	0	0	0
LOC112268327	0	0	0
GUSBP14_1	2	0	2
LOC101929599_2	0	0	0
GUSBP3_2	0	0	0
GUSBP1_2	0	0	0
LOC107987419	0	0	0
LOC107986355_1	0	0	0
GUSBP16_2	0	0	0
GUSBP19_2	0	0	0
GTF2H2C_2_1	1	0	1
OCLNP1_1	1	0	1
SNORD13B-2_1	0	0	0
LINC02197_2	0	0	0
LOC105379025_2	0	0	0
PMCHL2_1	0	0	0
LOC107987420_2	0	0	0
BDP1_2	0	0	0
LOC124900999_2	0	0	0
MCCC2_2	0	0	0
LOC105379085_1	0	0	0
LOC101927421_1	0	0	0
LOC105377697_1	0	0	0
LOC105377753_1	0	0	0
LOC728554_1	0	0	0
LOC100128340_1	0	0	0
PROP1_1	0	0	0
TRV-AAC6-1_1	0	0	0
TRR-CCG1-1_1	0	0	0
TRK-TTT7-1_1	0	0	0
TRA-TGC6-1_1	0	0	0
TRF-GAA6-1_1	0	0	0
TRF-GAA5-1_1	0	0	0
TRA-TGC1-1_1	0	0	0
TRF-GAA1-1_1	0	0	0
TRA-AGC1-1_1	0	0	0
TRA-TGC7-1_1	0	0	0
TRF-GAA3-1_1	0	0	0
TRA-AGC6-1_1	0	0	0
TRA-TGC5-1_1	0	0	0
TRF-GAA4-1_1	0	0	0
TRA-AGC2-1_1	0	0	0
LINC01623_1	0	0	0
TRA-AGC2-2_1	0	0	0
TRR-CCG1-2_1	0	0	0
TRL-CAA1-1_1	0	0	0
HCG14_1	0	0	0
TRIM27_1	0	0	0
TRF-GAA1-2_1	0	0	0
TRE-CTC1-6_1	0	0	0
HCG15_1	0	0	0
TRL-AAG3-1_1	0	0	0
ZNF311_1	0	0	0
LOC105375002_1	0	0	0
OR2W1_1	0	0	0
OR2B3_1	0	0	0
OR2J1_1	0	0	0
OR2J3_1	0	0	0
OR2J2_1	0	0	0
LINC03003_1	0	0	0
OR14J1_1	0	0	0
OR11A1_1	0	0	0
OR10C1_1	0	0	0
LOC105379641_1	0	0	0
OR2H1_1	0	0	0
LOC105375008_1	0	0	0
LOC124905338	0	0	0
MAS1L_1	0	0	0
LINC02829_1	0	0	0
LINC01015_1	0	0	0
OR2I1_1	0	0	0
UBD_1	0	0	0
SNORD32B_1	0	0	0
OR2H2_1	0	0	0
GABBR1_1	0	0	0
MOG_1	0	0	0
ZFP57_1	0	0	0
HCG4_1	0	0	0
HLA-V_1	0	0	0
HLA-G_1	0	0	0
LOC105375010_1	0	0	0
HCP5B_1	0	0	0
LOC124905339	0	0	0
HLA-H_1	0	0	0
LOC124905340	0	0	0
HCG4B_1	0	0	0
LOC124901298_1	0	0	0
HLA-A_1	0	0	0
POLR1HASP_1	0	0	0
HLA-J_1	0	0	0
POLR1H_1	0	0	0
PPP1R11_1	0	0	0
RNF39_1	0	0	0
TRIM31_1	0	0	0
TRIM31-AS1_1	0	0	0
LOC124900227_1	0	0	0
TRIM40_1	0	0	0
TRIM10_1	0	0	0
TRIM15_1	0	0	0
TRIM26_1	0	0	0
HCG17_1	0	0	0
HCG18_1	0	0	0
TRIM39_1	0	0	0
TRIM39-RPP21_1	0	0	0
RPP21_1	0	0	0
LINC02569_1	0	0	0
GNL1_1	0	0	0
DHX16_1	0	0	0
PPP1R18_1	0	0	0
NRM_1	0	0	0
MDC1_1	0	0	0
MDC1-AS1_1	0	0	0
TUBB_1	0	0	0
FLOT1_1	2	0	2
DDR1_1	0	0	0
MUC21_1	0	0	0
MUC22_1	0	0	0
HCG22_1	0	0	0
MICB-DT_1	0	0	0
MICB_1	0	0	0
MCCD1_1	0	0	0
ATP6V1G2-DDX39B_1	0	0	0
DDX39B_1	0	0	0
SNORD117_1	0	0	0
TNF_1	0	0	0
LTB_1	0	0	0
LST1_1	0	0	0
NCR3_1	0	0	0
MSH5-SAPCD1_1	0	0	0
MSH5_1	0	0	0
SAPCD1_1	0	0	0
SAPCD1-AS1_1	0	0	0
VWA7_1	0	0	0
VARS1_1	0	0	0
LSM2_1	0	0	0
HSPA1L_1	0	0	0
HSPA1A_1	0	0	0
HSPA1B_1	0	0	0
SNHG32_1	0	0	0
SNORD48_1	0	0	0
SNORD52_1	0	0	0
NEU1_1	0	0	0
SLC44A4_1	0	0	0
EHMT2-AS1_1	0	0	0
EHMT2_1	0	0	0
TNXB_1	0	0	0
PRRT1_1	0	0	0
LOC100507547_1	0	0	0
PPT2_1	0	0	0
PPT2-EGFL8_1	0	0	0
EGFL8_1	0	0	0
AGPAT1_1	0	0	0
MIR6721_1	0	0	0
RNF5_1	0	0	0
MIR6833_1	0	0	0
AGER_1	0	0	0
PBX2_1	0	0	0
GPSM3_1	0	0	0
NOTCH4_1	0	0	0
TSBP1_1	0	0	0
TSBP1-AS1_1	0	0	0
HCG23_1	0	0	0
BTNL2_1	0	0	0
HLA-DRB3	0	0	0
LOC102725019_1	0	0	0
HLA-DQA2_1	0	0	0
MIR3135B_1	0	0	0
HLA-DQB2_1	0	0	0
HLA-DOB_1	0	0	0
TAP2_1	0	0	0
PSMB8_1	0	0	0
PSMB8-AS1_1	0	0	0
TAP1_1	0	0	0
PSMB9_1	0	0	0
LOC100294145_1	0	0	0
HLA-DMB_1	0	0	0
HLA-DMA_1	0	0	0
LOC124901302_1	0	0	0
HLA-DPA1_1	0	0	0
HLA-DPB1_1	0	0	0
HLA-DPB2_1	0	0	0
LOC105375021_1	0	0	0
SLC25A51P1_1	0	0	0
LOC105377867_1	0	0	0
LOC100506851_1	0	0	0
LINC02536_1	0	0	0
LOC124901400_1	0	0	0
THEMIS_1	0	0	0
PTPRK_1	0	0	0
PTPRK-AS1_1	0	0	0
LOC124900216_1	0	0	0
LOC101929297_1	0	0	0
LOC107986668_1	0	0	0
LOC105378118_1	0	0	0
LOC105378144_1	0	0	0
LOC105378146_1	0	0	0
DYNLT2_1	0	0	0
ERMARD_1	0	0	0
LINC00242_1	0	0	0
LINC00574_1	0	0	0
LOC105378149_1	0	0	0
LINC01624_1	0	0	0
LOC285804_1	0	0	0
DLL1_1	0	0	0
FAM120B_1	1	0	1
MIR4644_1	0	0	0
LOC124901474_1	1	1	0
LOC124901475_1	0	0	0
LOC107986676_1	0	0	0
LOC124901235_1	0	0	0
LOC105378157_1	0	0	0
LOC105375113_2	0	0	0
LOC101929756_2	0	0	0
LINC03015_2	4	0	4
LINC03014_2	0	0	0
LOC105375116_2	0	0	0
LOC105375115_2	0	0	0
FAM20C_2	0	0	0
DTX2_1	1	0	1
UPK3B_1	28	1	27
SPDYE16_1	1	1	0
LINC03009_1	0	0	0
POMZP3_1	0	0	0
DPY19L2P2_1	0	0	0
LOC105375434_1	0	0	0
NAPEPLD_1	0	0	0
RPL19P12_1	3	0	3
ARMC10_1	0	0	0
AGK_1	0	0	0
DENND11_1	0	0	0
WEE2-AS1_1	0	0	0
WEE2_1	0	0	0
SSBP1_1	0	0	0
MGAM_1	0	0	0
MGAM2_1	0	0	0
MOXD2P_1	0	0	0
PRSS58_1	0	0	0
PRSS59P_1	0	0	0
LOC105375539_1	0	0	0
MIR11400_1	0	0	0
LOC105379749	0	0	0
PRSS1_1	0	0	0
PRSS3P2	0	0	0
PRSS2_1	0	0	0
LOC124905356	0	0	0
EPHB6_1	0	0	0
TRPV6_1	0	0	0
TRPV5_1	0	0	0
LOC105375542_1	0	0	0
LLCFC1_1	0	0	0
KEL_1	0	0	0
OR9A2_1	0	0	0
OR6V1_1	0	0	0
OR6W1P_1	0	0	0
CNTNAP2_1	0	0	0
LOC124901859_1	0	0	0
LOC107986864	0	0	0
LOC105379583	0	0	0
ERICH1_1	0	0	0
DLGAP2_1	0	0	0
LOC401442_1	0	0	0
LOC105377777_1	0	0	0
DLGAP2_2	0	0	0
LOC124900249_1	0	0	0
LOC286083_1	0	0	0
LOC105377776	0	0	0
LOC105379585_1	0	0	0
LOC105377775_1	0	0	0
LOC105379586_1	0	0	0
DLGAP2_3	0	0	0
DLGAP2-AS1_1	0	0	0
MIR596_1	0	0	0
ARHGEF10_1	0	0	0
LOC100131395_1	0	0	0
KBTBD11_1	0	0	0
KBTBD11-AS1_1	0	0	0
KBTBD11-OT1_1	0	0	0
MYOM2_1	1	0	1
MIR7160_1	0	0	0
LOC105377781_1	0	0	0
LOC105377782_1	0	0	0
LOC105377783_1	0	0	0
LOC105377784_1	0	0	0
LINC03021_1	0	0	0
LOC105377785_1	0	0	0
DEFB109B_1	0	0	0
LOC649352_2	0	0	0
FAM66D_1	0	0	0
ZNF705G_2	0	0	0
DEFB4B_2	0	0	0
DEFB103B_2	0	0	0
SPAG11B_2	0	0	0
DEFB104B_2	0	0	0
DEFB106B_2	0	0	0
DEFB105B_2	0	0	0
DEFB107B_2	0	0	0
LOC105377801_2	0	0	0
PRR23D1_2	0	0	0
FAM90A7_2	0	0	0
LOC105377800_1	0	0	0
LOC128966594_1	0	0	0
FAM90A22_1	0	0	0
FAM90A23_2	0	0	0
LOC107986910_1	0	0	0
ADAM9_1	0	0	0
ADAM32_1	1	0	1
ADAM5_1	1	0	1
LOC100130964_1	0	0	0
ADAM18_1	0	0	0
ADAM2_1	0	0	0
LINC01606_1	0	0	0
LOC286177_1	0	0	0
LINC00588_1	0	0	0
LINC00824_1	0	0	0
LINC01300_2	0	0	0
GPR20_2	0	0	0
LOC101928037_2	0	0	0
ASTILCS_2	0	0	0
PTP4A3_2	0	0	0
MROH5_2	0	0	0
LOC107983985_2	0	0	0
LOC124900270_2	0	0	0
MIR1302-7_1	0	0	0
LY6E-DT_1	2	0	2
LY6E_1	0	0	0
LOC124902034_1	0	0	0
LY6S-AS1_1	0	0	0
LY6S_1	0	0	0
LOC124905357	0	0	0
LY6L_1	0	0	0
LY6H_1	0	0	0
ZC3H3_1	0	0	0
GSDMD_1	0	0	0
LOC100310756_1	0	0	0
MROH6_1	0	0	0
NAPRT_1	0	0	0
EEF1D_1	0	0	0
TIGD5_1	0	0	0
PYCR3_1	0	0	0
LOC105375798_1	0	0	0
GFUS_1	31	0	31
ZNF623_1	43	0	43
LOC124902077_1	0	0	0
LOC105375799_1	0	0	0
ZNF707_1	0	0	0
LINC02878_1	0	0	0
CCDC166_1	0	0	0
LOC101928160_1	0	0	0
MAPK15_1	0	0	0
FAM83H_1	0	0	0
MIR4664_1	0	0	0
IQANK1_1	0	0	0
LOC105375800_1	0	0	0
SCRIB_1	0	0	0
MIR937_1	0	0	0
PUF60_1	0	0	0
LOC100996662_1	0	0	0
ZNF251_1	0	0	0
LOC107986986_1	0	0	0
LOC101929802	0	0	0
APBA1_1	0	0	0
MAMDC2_1	0	0	0
MAMDC2-AS1_1	0	0	0
PLPPR1_1	0	0	0
LOC105376183_1	0	0	0
LOC105376182_1	0	0	0
BAAT_1	0	0	0
ODAD2P1_1	0	0	0
LINC02673_1	0	0	0
PTCHD3_1	0	0	0
LOC105378267_1	0	0	0
LOC101929373_1	0	0	0
LOC105378283_1	0	0	0
OR13A1_1	0	0	0
ALOX5_1	0	0	0
LOC102724323_1	0	0	0
MARCHF8_1	0	0	0
PTDSS2_1	0	0	0
RNH1_1	0	0	0
LRRC56_1	13	0	13
HRAS_1	0	0	0
LMNTD2_1	16	0	18
LMNTD2-AS1_1	0	2	0
RASSF7_1	0	0	0
MIR210HG_1	10	0	10
MIR210_1	0	0	0
LOC124902805_1	0	0	0
LOC143666_1	1	0	1
PHRF1_1	164	0	164
IRF7_1	0	0	0
CDHR5_1	0	0	0
SCT_1	0	0	0
DRD4_1	2	0	2
DEAF1_1	0	0	0
DUSP8_2	0	0	0
LOC124902608_2	0	0	0
KRTAP5-AS1_2	0	0	0
KRTAP5-1_2	0	0	0
KRTAP5-2_2	0	0	0
KRTAP5-3_2	0	0	0
KRTAP5-4_2	0	0	0
KRTAP5-5_2	0	0	0
FAM99A_2	0	0	0
FAM99B_2	0	0	0
LINC02708_2	0	0	0
KCNQ1_1	0	0	0
LOC124902614_1	0	0	0
LOC107987412	0	0	0
KCNQ1-AS1_1	0	0	0
KCNQ1DN_1	0	0	0
CDKN1C_1	0	0	0
LOC107987413	0	0	2
SLC67A1-AS_1	0	146	0
SLC67A1_1	165	0	309
PHLDA2_1	0	0	0
NAP1L4_1	10	0	10
SNORA54_1	0	0	0
CARS1_1	1	0	1
CARS1-AS1_1	0	0	0
OR5P2_2	0	0	0
OR5P3_2	0	0	0
OR5E1P_2	0	0	0
LOC283299_2	0	0	0
LOC107984307_2	0	0	0
OR10A6_2	0	0	0
OR10A3_2	0	0	0
NLRP10_2	0	0	0
OR8J2_2	0	0	0
OR5T2_2	0	0	0
OR5T3_2	0	0	0
OR5T1_2	0	0	0
OR8H1_2	0	0	0
OR8K3_2	0	0	0
OR8K1_2	0	0	0
OR8J1_2	0	0	0
OR8U8	0	0	0
OR8U9	0	0	0
OR9G1_1	0	0	0
OR9G9	0	0	0
OR9G4_1	0	0	0
MIR6128_1	0	0	0
LOC107987426	0	0	0
LOC105369366_1	0	0	0
LOC338694_1	0	0	0
LOC105369367_1	0	0	0
LINC02697_1	0	0	0
WASH8P_1	0	0	0
FAM138D_1	0	0	0
IQSEC3_1	0	0	0
IQSEC3-AS2_1	0	0	0
IQSEC3-AS3_1	0	0	0
IQSEC3-AS1_1	0	0	0
TAS2R7_1	0	0	0
TAS2R8_1	0	0	0
TAS2R9_1	0	0	0
TAS2R10_1	0	0	0
PRH1-PRR4_1	0	0	0
PRR4_1	0	0	0
PRH1_1	0	0	0
TAS2R13_1	0	0	0
PRH2_1	0	0	0
PRH1-TAS2R14_1	0	0	0
TAS2R14_1	0	0	0
TAS2R50_1	0	0	0
TAS2R20_1	0	0	0
TAS2R19_1	0	0	0
TAS2R31_1	0	0	0
TAS2R46_1	0	0	0
TAS2R43_1	0	0	0
TAS2R45	0	0	0
TAS2R30_1	0	0	0
SMIM10L1_1	0	0	0
LOC124905358	0	0	0
PRB2_1	0	0	0
LINC02367_1	0	0	0
OVOS2P_1	0	0	1
LOC124902912_1	0	1	0
SINHCAF_1	0	0	0
FLJ13224_1	0	0	0
LOC105369784_1	0	0	0
LINC02403_1	0	0	0
ATP23_1	0	0	0
GIHCG_1	0	0	0
LOC107987421	0	0	0
SLC5A8_1	0	0	0
ANO4_1	0	0	0
DNAH10_1	0	0	0
LOC124903043_1	0	0	0
DNAH10OS_1	0	0	0
CCDC92_1	0	0	0
LOC105379613_1	0	0	0
LOC101927531_1	0	0	0
LOC107984448_1	0	0	0
LINC02825_1	0	0	0
LOC101927786_1	0	0	0
PIWIL1_1	0	0	0
LINC00417_1	0	0	0
ANKRD20A9P_1	0	0	0
ATP8A2_1	0	0	0
LOC105370370_1	0	0	0
LINC01070_1	0	0	0
LOC101928730_1	0	0	0
LOC107984555_1	0	0	0
LINC01043_1	0	0	0
LINC01044_1	0	0	0
LOC105370373_1	0	0	0
SPACA7_1	0	0	0
LOC105370372_1	0	0	0
TUBGCP3_1	0	0	0
GRK1_2	0	0	0
LOC105377805_2	0	0	0
LINC00552_2	0	0	0
LOC101928957_1	0	0	0
CATSPERB_1	2	0	2
LOC124903436_1	0	0	0
TC2N_1	0	0	0
LINC02833_1	0	0	0
LINC02287_1	0	0	0
CHGA_1	0	0	0
ITPK1_1	0	0	0
ITPK1-AS1_1	0	0	0
MOAP1_1	0	0	0
LYSET_1	0	0	0
GON7_1	0	0	0
UBR7_1	0	0	0
BTBD7_1	0	0	0
UNC79_1	0	0	0
COX8C_1	0	0	0
PRIMA1_1	0	0	0
LOC105370631_1	0	0	0
FAM181A-AS1_1	0	0	0
FAM181A_1	0	0	0
ASB2_1	0	0	0
MIR4506_1	0	0	0
LOC107984663_1	0	0	0
CCDC197_1	0	0	0
LOC124903368_1	0	0	0
OTUB2_1	0	0	0
DDX24_1	0	0	0
IFI27L1_1	0	0	0
IFI27_1	0	0	0
IFI27L2_1	0	0	0
LOC105370634_1	0	0	0
PPP4R4_1	0	0	0
SERPINA10_1	0	0	0
SERPINA6_1	0	0	0
SERPINA2_1	0	0	0
SERPINA1_1	0	0	0
LOC124903395_1	0	0	0
C14orf180_1	0	0	0
TMEM179_1	0	0	0
LOC105370697_1	0	0	0
LOC105370698_1	0	0	0
LOC107987414	0	0	0
MIR8071-1_1	0	0	0
MIR8071-2_1	0	0	0
ELK2AP_1	0	0	0
LOC105378184_1	0	0	0
MIR4539_1	0	0	0
MIR4507_1	0	0	0
MIR4538_1	0	0	0
MIR4537_1	0	0	0
FAM30A_1	0	0	0
ADAM6_1	0	0	0
LOC107984634	0	0	0
LOC105370700_1	0	0	0
LINC00226_1	0	0	0
LINC00221_1	0	0	0
LOC102724977_1	0	0	0
MIR5195_1	0	0	0
LOC105370714_2	0	0	0
LOC124900633_2	0	0	0
LOC646214_2	0	0	0
LOC105379593	0	0	0
LOC112268154_1	0	0	0
CXADRP2_2	0	0	0
POTEB3_2	0	0	0
MIR3118-3_2	0	0	0
LOC105369227_1	0	0	0
LOC124900634	0	0	0
MIR5701-2_2	0	0	0
LOC124905359	0	0	0
LINC02203_2	0	0	0
LOC124903610_2	0	0	0
OR4M2B_2	0	0	0
FAM30C_2	0	0	0
LOC107987218_1	0	0	0
LOC102724737_2	0	0	0
GOLGA8EP_2	0	0	0
LOC124907501	0	0	0
HERC2P7_2	1	0	1
HERC2P2_2	109	0	109
LOC101927846_2	0	0	0
GOLGA8IP_2	0	0	0
CYFIP1_2	101	0	101
TUBGCP5_2	0	0	0
GOLGA6L1_2	0	0	0
GOLGA8DP_2	0	0	0
MIR4509-1_2	0	0	0
LOC107987422	10	0	10
LOC124905362	0	0	0
GOLGA6L24_2	0	0	0
GOLGA8F_2	0	0	0
MIR4509-2_2	0	0	0
LOC101059997_2	0	0	0
MIR4509-3_2	0	0	0
GOLGA8G_2	0	0	0
GOLGA6L25_2	0	0	0
HERC2P11_2	0	0	0
LOC124905363	1	0	1
PATL2_1	8	0	8
B2M_1	0	0	0
MIR10393_1	0	0	0
RNF4BP_1	0	0	0
TRIM69_1	0	0	0
SORD2P_1	3	0	3
LOC105370798_1	0	0	0
MEGF11_1	0	0	0
LOC105370867_1	0	0	0
MIR4311_1	0	0	0
DIS3L-AS1_1	0	0	0
ADAMTS7P1_1	0	0	0
GOLGA6L10_1	0	0	0
LOC727751_1	1	1	2
LOC101929479_1	2	0	3
LOC105379597	0	0	0
LOC440300_2	0	22	1
UBE2Q2P16_2	0	0	0
LOC103171574_2	0	0	0
DNM1P41_2	0	1	0
GOLGA6L4_2	0	0	0
UBE2Q2P2_1	0	0	0
GOLGA6L9_1	29	0	29
LOC102724034_1	5	6	0
LOC128966709	0	0	0
GOLGA2P10_1	47	0	48
LOC105370926_1	0	0	0
GOLGA6L17P_1	0	0	0
RPS17_1	0	0	0
CPEB1_1	0	0	0
DECR2_1	0	0	0
RAB11FIP3_1	0	0	0
LOC107987417_1	1	1	0
LINC00235_1	0	0	0
CAPN15_1	0	0	0
LINC00254_1	0	0	0
LINC02124_1	0	0	0
HS3ST6_1	0	0	0
GLIS2_1	72	6	66
GLIS2-AS1_1	0	0	0
CORO7-PAM16_1	0	0	0
PAM16_1	0	0	0
CORO7_1	0	0	0
VASN_1	0	0	0
LOC124903635_1	0	0	0
DNAJA3_1	0	0	0
NMRAL1_1	0	0	0
HMOX2_1	0	0	0
LOC124903636_1	0	0	0
CDIP1_1	0	0	0
PARN_1	0	0	0
LOC105371094_1	0	0	0
LOC107984865_1	0	0	0
BFAR_1	0	0	0
PLA2G10_1	0	0	0
NPIPA3_1	0	0	0
LOC105371097_1	0	0	0
LOC105371096_1	0	0	0
MIR3180-4_1	0	0	0
PDXDC1_1	115	0	119
MIR4516_1	0	0	0
PKD1P6-NPIPP1_1	134	0	134
MIR6511B2_1	0	0	0
NPIPA8_1	0	0	0
LOC100505915_2	0	16	0
RRN3_1	2	0	2
NTAN1_1	4	0	4
MIR1972-2_1	0	0	0
PKD1_1	68	0	111
NPIPA9_1	24	1	24
MIR6770-1_1	0	0	0
LOC100288162_1	0	43	0
MIR6511A1_1	0	0	0
LOC102724992	1	1	0
MIR3180-3_1	0	0	0
MIR3670-3_1	0	0	0
MIR3179-3_1	0	0	0
LOC124905360	0	3	0
NPIPA1_1	16	0	20
LOC124900586	54	8	50
MIR1972-1_1	0	0	0
MIR3180-1_1	0	0	0
MIR3670-1_1	0	0	0
MIR3179-1_1	0	0	0
NOMO1_1	9	0	9
ABCC6P2_1	0	0	0
ABCC6P1_1	0	0	0
NPIPA5_1	4	0	4
MPV17L-BMERB1_1	0	0	0
MPV17L_1	23	0	23
BMERB1_1	0	0	0
LOC105371102_1	0	0	0
MARF1_1	0	0	0
MIR6506_1	0	0	0
LOC124903649_1	0	0	0
MIR484_1	0	0	0
NDE1_1	19	0	19
MYH11_1	0	0	0
LOC124903650_1	0	0	0
LOC124903651_1	0	0	0
CEP20_1	57	0	57
LOC107984869_1	0	0	0
ABCC1_1	151	0	151
ABCC6_1	6	0	6
LOC105371100_1	0	0	0
NOMO3_1	1	0	1
LOC105371099_1	0	0	0
MIR3179-2_1	0	0	0
MIR3670-2_1	0	0	0
MIR3180-2_1	0	0	0
LOC131696449_1	0	0	0
PKD1P1_1	0	0	0
MIR6511A2_1	0	0	0
MIR6770-2_1	0	0	0
NPIPA6_1	0	0	0
MIR6511A3_1	0	0	0
NPIPA7_1	0	0	0
LOC105371105_1	0	0	0
LOC107987423	0	0	0
CES1_1	0	0	0
CES5A_1	0	0	0
SNTB2_1	0	0	0
UTP4_1	0	0	0
LOC124904108_1	0	0	0
LOC101929823_1	0	0	0
LOC101929828_1	0	0	0
SCGB1C2_1	0	0	0
DOC2B_1	0	0	0
LINC02091_1	0	0	0
LOC101929045	0	0	0
RPH3AL_1	0	0	0
RPH3AL-AS1_1	0	0	0
NXN_1	0	0	0
TIMM22_1	0	0	0
ABR_1	0	0	0
LOC105371481_1	0	0	0
MIR3183_1	0	0	0
LOC105371480_1	0	0	0
ABR-AS1_1	0	0	0
YWHAE_1	0	0	0
CRK_1	0	0	0
CRK-AS1_1	0	0	0
SLC43A2_1	0	0	0
LOC124904121_1	0	0	0
SCARF1_1	0	0	0
RILP_1	0	0	0
PRPF8_1	0	0	0
TLCD2_1	0	0	0
MIR22HG_1	0	0	0
MIR22_1	0	0	0
WDR81_1	32	0	32
SERPINF2_1	0	0	0
SERPINF1_1	0	0	0
MMP28_1	0	0	0
TAF15_1	0	0	0
HEATR9_1	0	0	0
LOC105371745_1	0	0	0
CCL5_1	1	0	1
LRRC37A8P_1	0	0	0
RDM1_1	0	0	0
LYZL6_1	0	0	0
CCL16_1	0	0	0
CCL14_1	0	0	0
CCL15-CCL14_1	0	0	0
CCL15_1	0	0	0
CCL23_1	0	0	0
CCL18_1	0	0	0
CCL3-AS1_1	0	0	0
CCL3_1	0	0	0
CCL4_1	0	0	0
LOC101927369_1	0	0	0
TBC1D3B_1	0	0	0
LOC128966710	0	0	0
LOC128966684_1	0	0	0
CCL3L3_1	0	0	0
CCL4L2_1	0	0	0
LOC105371747_1	0	0	0
TBC1D3I_1	0	0	0
LOC102724956_1	0	0	0
LOC101060212_1	0	0	0
TBC1D3G_1	0	0	0
LOC102723414_1	0	0	0
TBC1D3H_1	0	0	0
TBC1D3F_1	0	0	0
LOC105371749_1	0	0	0
ZNHIT3_1	0	0	0
MYO19_1	0	0	0
PIGW_1	0	0	0
GGNBP2_1	0	0	0
DHRS11_1	0	0	0
LOC107985031_1	0	0	0
MRM1_1	3	0	3
LOC105376836	0	0	0
LOC105371751_1	0	0	0
LOC105379600	0	0	0
LOC105371750_1	6	0	6
LHX1-DT_1	1	0	1
LHX1_1	1	0	1
AATF_1	0	0	0
MIR2909_1	0	0	0
LOC105371753_1	0	0	0
ACACA_1	11	0	11
SNORA90_1	0	0	0
C17orf78_1	0	0	0
TADA2A_1	0	0	0
DUSP14_1	52	0	52
SYNRG_1	0	0	0
LOC105371755	0	0	0
DDX52_1	1	0	1
MIR378J_1	0	0	0
LOC105371756_1	0	0	0
HNF1B_1	0	0	0
LOC107985009	0	0	0
LOC105371754_1	0	0	0
LOC105371757_1	0	0	0
YWHAEP7_1	0	0	0
LOC102723851_1	0	0	0
TBC1D3E_1	0	0	0
LOC102723933_1	0	0	0
TBC1D3_1	0	0	0
NPEPPSP1_1	83	0	83
LOC105371760_1	0	0	0
MRPL45_1	427	0	427
GPR179_1	1	0	1
SOCS7_1	0	0	0
ARHGAP23_1	36	0	36
LOC101929494_1	0	0	0
SRCIN1_1	0	0	0
LOC105371761_1	0	0	0
EPOP_1	0	0	0
LOC105371763_1	0	0	0
MIR4734_1	0	0	0
MLLT6_1	0	0	0
LOC105371762_1	0	0	0
MIR4726_1	0	0	0
CISD3_1	0	0	0
PCGF2_1	0	0	0
LOC100287808_1	0	0	0
TRN-GTT2-5_1	0	0	0
PSMB3_1	0	0	0
PIP4K2B_1	0	0	0
CWC25_1	0	0	0
MIR4727_1	0	0	0
SPMAP1_1	0	0	0
LOC105371777_1	0	0	0
KRT12_1	0	0	0
KRT20_1	0	0	0
KRT23_1	0	0	0
LOC107985072_1	0	0	0
KRT39_1	0	0	0
KRT40_1	0	0	0
KRTAP3-3_1	0	0	0
KRTAP3-2_1	0	0	0
KRTAP3-1_1	0	0	0
KRTAP1-5_1	0	0	0
KRTAP1-4_1	0	0	0
KRTAP1-3_1	0	0	0
KRTAP1-1_1	0	0	0
KRTAP2-1_1	0	0	0
KRTAP2-2_2	0	0	0
KRTAP2-3_2	0	0	0
KRTAP2-4_2	0	0	0
LOC100996750	0	0	0
KRTAP4-8_2	0	0	0
KRTAP4-16_2	0	0	0
KRTAP4-9_2	0	0	0
KRTAP4-11_2	0	0	0
KRTAP4-12_2	0	0	0
KRTAP29-1_2	0	0	0
KRTAP9-6_1	0	0	0
KRTAP9-9_2	0	0	0
KRTAP9-4_2	0	0	0
KRTAP9-8_2	0	0	0
KRTAP9-3_2	0	0	0
KRTAP9-2_2	0	0	0
KRT37_2	0	0	0
LOC100505782_2	0	0	0
KRT31_2	0	0	0
LOC100653049	1	0	1
KRT34_2	0	0	0
KRT33B_2	0	0	0
LOC105371778_2	0	0	0
KRT33A_2	0	0	0
KRTAP17-1_2	0	0	0
KRTAP16-1_2	0	0	0
LOC105371796_1	0	0	0
ARHGAP27_1	25	0	25
PLEKHM1_1	0	0	0
MIR4315-1_1	0	0	0
LOC101929774	1	0	2
LRRC37A2_1	0	0	0
NSFP1_1	0	0	0
LOC100996709	1	0	1
LRRC37A_1	3	1	2
LOC124904014_1	0	0	0
LOC105371799	0	0	0
KANSL1_1	4	0	4
KANSL1-AS1_1	0	0	0
MAPT_1	0	0	0
STH_1	0	0	0
LOC124905347	0	0	0
LOC105371800_1	0	0	0
MAPT-IT1_1	0	0	0
MAPT-AS1_1	0	0	0
SPPL2C_1	0	0	0
LINC02210-CRHR1_1	0	0	0
CRHR1_1	0	0	0
LOC105371802_1	0	0	0
LINC02210_1	3	0	3
MAPK8IP1P2_1	0	0	0
LOC124905345	0	0	0
LRRC37A3_1	0	0	0
LOC107984142	0	0	0
LOC124905346	0	0	0
LOC124905344	0	0	0
LOC101929775	0	0	0
LOC107984156	1	0	1
NSF_1	2	0	2
WNT3_1	0	0	0
LOC101929777_1	0	0	0
LACAT1_1	0	0	0
SEPTIN9-DT_1	0	0	0
LOC107984143	1	0	1
SEPTIN9_1	0	0	0
METRNL_1	177	0	177
LOC124904094_1	0	0	0
QTGAL_1	1	59	3
TBCD_1	430	2	489
LOC124904095_1	0	0	0
LOC105372114_1	0	0	0
SKA1_1	0	0	0
DSEL_1	0	0	0
LOC105372219_1	0	0	0
LOC105372220_1	0	0	0
LOC105372221_1	0	0	0
LINC01896_1	0	0	0
SALL3_1	0	0	0
LOC105372225_1	0	0	0
LOC284240_1	0	0	0
LOC124904335_1	0	0	0
LOC105372228_1	0	0	0
CTDP1-DT_1	0	0	0
CTDP1_1	0	0	0
LOC128966711	0	0	0
AZU1_1	0	0	0
PRTN3_1	0	0	0
ELANE_1	11	0	11
CFD_1	7	0	7
MED16_1	192	127	65
SBNO2_1	1	0	1
LOC105372319_1	0	0	0
ZNF66_1	3	0	3
ZNF85_1	0	0	0
LOC112268247_1	0	0	0
ZNF430_1	0	0	0
LOC400682_1	0	0	0
ZNF100_1	0	0	0
CCNYL6_1	0	0	0
ZNF43_1	0	0	0
ZNF676_1	0	0	0
LSM14A_1	5	0	5
GARRE1_2	0	0	0
GARRE1_3	0	0	0
GPI_2	0	0	0
CEACAM7_1	0	0	0
LOC105372405_1	0	0	0
CEACAM4_1	0	0	0
CEACAM21_1	0	0	0
LINC01480_1	0	0	0
PCAT19_1	0	0	0
VSTM1_1	0	0	0
TARM1_1	0	0	0
OSCAR_1	0	0	0
NDUFA3_1	0	0	0
TFPT_1	0	0	0
PRPF31_1	0	0	0
PRPF31-AS1_1	0	0	0
CNOT3_1	0	0	0
LOC102724273_1	0	0	0
LENG1_1	0	0	0
TMC4_1	0	0	0
MBOAT7_1	0	0	0
TSEN34_1	0	0	0
RPS9_1	2	0	2
LOC124905364	0	0	0
LOC107987425	0	0	0
LOC107985279_1	0	0	0
LILRA6_1	0	0	0
LOC107987463_1	0	0	0
LILRB5_1	0	0	0
LILRB2_1	0	0	0
MIR4752_1	0	0	0
LILRA3	0	0	0
LILRA5_1	0	0	0
TTYH1_1	0	0	0
LENG8-AS1_1	0	0	0
LENG8_1	0	0	0
LENG9_1	0	0	0
CDC42EP5_1	0	0	0
LAIR2_1	0	0	0
LOC105372460_1	0	0	0
KIR3DX1_1	0	0	0
LOC105372461_1	0	0	0
LILRA2_1	0	0	0
LILRA1_1	0	0	0
LILRB1_1	0	0	0
LILRB4_1	0	0	0
MIR8061_1	0	0	0
LILRP2_15	0	0	0
KIR3DL3_15	0	0	0
KIR2DL3_12	0	0	0
LOC101928804_14	0	0	0
KIR2DL1_10	0	0	0
NCR1_3	0	0	0
NLRP7_1	0	0	0
NLRP2_1	0	0	0
GP6-AS1_1	0	0	0
GP6_1	0	0	0
RDH13_1	0	0	0
EPS8L1_1	0	0	0
LOC107985440_1	0	0	0
CDH4_1	4	4	0
MIR1257_1	0	0	0
TAF4_1	0	0	0
LOC105372704_1	0	0	0
KCNQ2_1	0	0	0
LOC105372721_1	0	0	0
OPRL1_1	0	0	0
NPBWR2_1	0	0	0
LOC105372727_1	0	0	0
MYT1_1	0	0	0
PCMTD2_1	0	0	0
LOC107985511_1	0	0	0
LOC107987418	0	0	0
BTG3_1	0	0	0
BTG3-AS1_1	0	0	0
LOC100134423	0	0	0
LINC00308_1	0	1	0
LOC105379618	1	0	2
PAXBP1_1	0	0	0
EPCIP-AS1_1	0	0	0
EPCIP_1	0	0	0
IFNGR2_1	0	0	0
TMEM50B_1	0	0	0
DNAJC28_1	0	0	0
GART_1	0	0	0
FTCD_1	0	0	0
FTCD-AS1_1	0	0	0
SPATC1L_1	0	0	0
LSS_1	0	0	0
SNORD159_1	0	0	0
IGLV5-45_1	0	0	0
LOC102724999	0	0	0
IGLV7-43_1	0	0	0
IGLV5-39	0	0	0
LOC105379605	0	0	0
LOC102725003	0	0	0
IGLV5-37_1	0	0	0
LOC105379603	0	0	0
ZNF280B_1	0	0	0
LOC105379602	0	0	0
ZNF280A_1	0	0	0
LOC105379601	0	0	0
PRAME_1	0	0	0
LL22NC03-63E9.3_1	0	0	0
CES5AP1_1	0	0	0
ZDHHC8BP_1	0	0	0
LINC01659_1	0	0	0
FAM230I_1	0	0	0
LOC124905361	0	0	0
LINC02557_1	0	0	0
C22orf15_1	0	0	0
CHCHD10_1	0	0	0
LOC107985577_1	0	0	0
MMP11_1	0	0	0
SMARCB1_1	0	0	0
DERL3_1	0	0	0
SLC2A11_1	0	0	0
MIF-AS1_1	0	0	0
MIF_1	0	0	0
LOC100652871_1	0	0	0
GSTT2B_1	0	0	0
DDTL_1	1	0	1
DDT_1	0	0	0
GSTT2_1	12	0	12
GSTT4_1	0	0	0
LOC391322	66	0	66
GSTT1-AS1	8	5	9
GSTT1	767	1	772
GSTTP2	0	0	0
LOC105372959_1	0	0	0
CABIN1_1	0	0	0
APOL5_1	0	0	0
RBFOX2_1	78	0	78
PVALB_1	0	0	0
NCF4-AS1_1	0	0	0
NCF4_1	0	0	0
LOC105373032_1	0	0	0
APOBEC3A_B	0	0	0
PHETA2_1	0	0	0
SMDT1_1	0	0	0
NDUFA6_2	0	0	0
NDUFA6-DT_5	0	0	0
CYP2D7_6	0	0	0
TCF20_6	0	0	0
LINC00685_2	2	0	2
PPP2R3B_2	0	0	0
LOC102723840	0	0	0
TBX22_1	0	0	0
OR2T4_3	0	0	0
OR2T6_3	0	0	0
OR2T1_3	0	0	0
OR2T7_3	0	0	0
OR2T2_3	0	0	0
LOC105373279_3	0	0	0
OR2T3_3	0	0	0
OR2T5_3	0	0	0
OR2G6_3	0	0	0
LOC105374866	0	0	0
LOC128966714	0	0	0
LOC124905368_1	0	0	0
LINC01237_3	0	0	0
LINC01238_2	0	0	0
LOC285097_2	0	0	0
LOC105373980_2	0	0	0
LINC01880_2	0	0	0
LINC03100_2	0	0	0
LINC01881_2	0	0	0
MUC4_2	0	0	0
MUC20_2	0	0	0
LOC124905369	0	0	0
MIR570HG_2	0	0	0
MIR570_2	0	0	0
SDHAP2_2	0	0	0
LOC105374297_2	0	0	0
LOC105377616_2	0	0	0
FRG1-DT_4	0	0	0
LOC105377619_2	0	0	0
LINC01596_2	0	0	0
FRG1_3	0	0	0
FRG2_3	0	0	0
LOC105379623_2	0	0	0
GUSBP3_3	0	0	0
GUSBP15_1	0	0	0
LOC112268330_1	0	0	0
LOC105379023_1	0	0	0
LOC105369228_1	0	0	0
SERF1B_2	0	0	0
LOC107986372_1	0	0	0
SMN2_2	0	0	0
SERF1A_3	0	0	0
LOC107986373_2	0	0	0
SMN1_3	0	0	0
SMN1-AS1_2	0	0	0
NAIP_3	0	0	0
GTF2H2_1	1	0	1
LOC107987433_1	0	0	0
GUSBP17_2	0	0	0
LOC441081_2	0	0	0
LINC02197_3	0	0	0
LOC105379025_3	0	0	0
PMCHL2_2	0	0	0
LOC107987420_3	0	0	0
BDP1_3	0	0	0
LOC124900999_3	0	0	0
MCCC2_3	0	0	0
LOC105377753_2	0	0	0
LOC728554_2	0	0	0
LOC124901146_1	0	0	0
LOC100128340_2	0	0	0
PROP1_2	0	0	0
GPX6_1	0	0	0
GPX5_1	0	0	0
TRI-TAT3-1_1	0	0	0
LOC107986586_1	0	0	0
TRR-TCG5-1_1	0	0	0
SCAND3_1	7	0	7
ZBED9-AS1_1	0	0	0
TRQ-TTG2-1_1	0	0	0
TRS-GCT4-1_1	0	0	0
TRA-AGC3-1_1	0	0	0
LOC105374996_1	0	0	0
TRA-TGC2-1_1	0	0	0
TRT-CGT3-1_1	0	0	0
LINC00533_1	0	0	0
TRA-AGC4-1_1	0	0	0
TRA-CGC2-1_1	0	0	0
TRA-CGC5-1	0	0	0
TRA-AGC5-1_1	0	0	0
TRA-AGC7-1_1	0	0	0
TRT-AGT3-1_1	0	0	0
TRA-CGC4-1_1	0	0	0
TRV-AAC6-1_2	0	0	0
TRR-CCG1-1_2	0	0	0
TRK-TTT7-1_2	0	0	0
TRA-TGC6-1_2	0	0	0
TRF-GAA6-1_2	0	0	0
TRF-GAA5-1_2	0	0	0
TRA-TGC1-1_2	0	0	0
TRF-GAA1-1_2	0	0	0
TRA-AGC1-1_2	0	0	0
TRA-TGC7-1_2	0	0	0
TRF-GAA3-1_2	0	0	0
TRA-AGC6-1_2	0	0	0
TRA-TGC5-1_2	0	0	0
TRF-GAA4-1_2	0	0	0
TRA-AGC2-1_2	0	0	0
LINC01623_2	0	0	0
TRA-AGC2-2_2	0	0	0
TRR-CCG1-2_2	0	0	0
TRL-CAA1-1_2	0	0	0
HCG14_2	0	0	0
TRIM27_2	1	0	1
TRL-CAA1-2_1	0	0	0
TRQ-CTG1-3_1	0	0	0
TRL-AAG2-2_1	0	0	0
LINC01556_1	1	0	1
TRM-CAT3-1_1	0	0	0
TRK-TTT3-3_1	0	0	0
TRM-CAT3-2_1	0	0	0
TRF-GAA1-2_2	0	0	0
TRE-CTC1-6_2	0	0	0
HCG15_2	0	0	0
TRL-AAG3-1_2	0	0	0
ZNF311_2	0	0	0
LOC105375002_2	0	0	0
OR2W1-AS1_1	0	0	0
OR2W1_2	0	0	0
OR2B3_2	0	0	0
OR2J1_2	0	0	0
OR2J3_2	0	0	0
OR2J2_2	0	0	0
LINC03003_2	0	0	0
LOC105375006_1	0	0	0
LOC105375005_1	0	0	0
OR14J1_2	0	0	0
OR5V1_1	0	0	0
OR12D3_1	0	0	0
OR12D2_1	0	0	0
OR12D1_1	0	0	0
OR11A1_2	0	0	0
OR10C1_2	0	0	0
LOC105379641_2	0	0	0
OR2H1_2	0	0	0
LOC105375008_2	0	0	0
LOC124905365	0	0	0
MAS1L_2	0	0	0
LINC02829_2	0	0	0
LINC01015_2	0	0	0
OR2I1_2	0	0	0
UBD_2	0	0	0
SNORD32B_2	0	0	0
OR2H2_2	0	0	0
GABBR1_2	0	0	0
MOG_2	0	0	0
ZFP57_2	0	0	0
HLA-F_1	0	0	0
HLA-F-AS1_1	0	0	0
IFITM4P_1	0	0	0
LOC107987427	0	0	0
HCG4_2	0	0	0
HLA-V_2	0	0	0
HLA-G_2	0	0	0
LOC124905366	52	0	52
LOC105375010_2	0	0	0
HCP5B_2	0	0	0
HLA-H_2	0	0	0
HCG4B_2	0	0	0
HLA-A_2	0	0	0
HCG9_1	0	0	0
POLR1HASP_2	0	0	0
HLA-J_2	0	0	0
POLR1H_2	0	0	0
PPP1R11_2	0	0	0
RNF39_2	0	0	0
TRIM31_2	0	0	0
TRIM31-AS1_2	0	0	0
LOC124900227_2	0	0	0
TRIM40_2	0	0	0
TRIM10_2	0	0	0
TRIM15_2	0	0	0
TRIM26_2	1	0	1
HCG17_2	0	0	0
HLA-L_1	0	0	0
HCG18_2	0	0	0
TRIM39_2	0	0	0
TRIM39-RPP21_2	0	0	0
RPP21_2	0	0	0
LOC105375012_1	0	0	0
HLA-E_1	0	0	0
LINC02569_2	0	0	0
GNL1_2	0	0	0
PRR3_1	0	0	0
ABCF1-DT	0	0	0
ABCF1_1	0	0	0
MIR877_1	0	0	0
PPP1R10_1	0	0	0
MRPS18B_1	0	0	0
ATAT1_1	0	0	0
C6orf136_1	0	0	0
DHX16_2	0	0	0
PPP1R18_2	0	0	0
NRM_2	0	0	0
MDC1_2	0	0	0
MDC1-AS1_2	0	0	0
TUBB_2	1103	1	1102
FLOT1_2	0	0	0
IER3-AS1_1	0	0	0
IER3_1	0	0	0
HCG20_1	0	0	0
LINC00243_1	0	0	0
LINC02570_1	0	0	0
DDR1_2	0	0	0
MIR4640_1	0	0	0
GTF2H4_1	0	0	0
VARS2_1	0	0	0
SFTA2_1	0	0	0
LOC124901299_1	0	0	0
MUCL3_1	0	0	0
HCG21_1	0	0	0
MUC21_2	0	0	0
MUC22_2	0	0	0
HCG22_2	0	0	0
C6orf15_1	0	0	0
PSORS1C1_1	0	0	0
CDSN_1	0	0	0
PSORS1C2_1	0	0	0
CCHCR1_1	0	0	0
TCF19_1	0	0	0
POU5F1_1	0	0	0
PSORS1C3_1	0	0	0
HCG27_1	0	0	0
HLA-C_1	0	0	0
LOC112267902_1	0	0	0
HLA-B_1	30	0	30
MIR6891_1	0	0	0
LOC124905367	0	0	0
LOC107987429	0	0	0
LOC124901300_1	0	0	0
MICA-AS1_1	0	0	0
MICA_1	0	0	0
LINC01149_1	0	0	0
HCP5_1	3	0	3
HCG26_1	0	0	0
MICB-DT_2	5	2	3
MICB_2	0	0	0
MCCD1_2	0	0	0
ATP6V1G2-DDX39B_2	0	0	0
DDX39B_2	0	0	0
SNORD117_2	0	0	0
SNORD84_1	0	0	0
DDX39B-AS1_1	0	0	0
ATP6V1G2_1	0	0	0
NFKBIL1_1	0	0	0
LOC100287329_1	0	0	0
LTA_1	0	0	0
TNF_2	0	0	0
LTB_2	0	0	0
LST1_2	0	0	0
NCR3_2	0	0	0
AIF1_1	0	0	0
PRRC2A_1	0	0	0
SNORA38_1	0	0	0
MIR6832_1	0	0	0
BAG6_1	0	0	0
APOM_1	0	0	0
C6orf47_1	0	0	0
GPANK1_1	0	0	0
CSNK2B_1	0	0	0
LY6G5B_1	0	0	0
LY6G5C_1	0	0	0
LOC105375019_1	0	0	0
ABHD16A_1	0	0	0
LOC105375018_1	0	0	0
MIR4646_1	0	0	0
LY6G6F-LY6G6D_1	0	0	0
LY6G6F_1	0	0	0
LY6G6E_1	0	0	0
LY6G6D_1	0	0	0
LY6G6C_1	0	0	0
MPIG6B_1	0	0	0
DDAH2_1	0	0	0
CLIC1_1	0	0	0
LOC105375020	0	0	0
MSH5-SAPCD1_2	0	0	0
MSH5_2	0	0	0
SAPCD1_2	0	0	0
SAPCD1-AS1_2	0	2	4
VWA7_2	0	0	0
VARS1_2	0	0	0
LSM2_2	0	0	0
HSPA1L_2	0	0	0
HSPA1A_2	0	0	0
HSPA1B_2	0	0	0
SNHG32_2	0	0	0
SNORD48_2	0	0	0
SNORD52_2	0	0	0
NEU1_2	0	0	0
SLC44A4_2	0	0	0
EHMT2-AS1_2	0	0	0
EHMT2_2	0	0	0
C2_1	0	0	0
ZBTB12_1	0	0	0
C2-AS1_1	0	0	0
CFB_1	0	0	0
NELFE_1	0	0	0
SKIC2_1	0	0	0
DXO_1	0	0	0
WHR1_1	0	0	0
C4B_1	0	0	0
CYP21A2_1	0	0	0
TNXB_2	0	0	0
ATF6B_1	0	0	0
FKBPL_1	0	0	0
PRRT1_2	0	0	0
LOC100507547_2	0	0	0
PPT2_2	0	0	0
PPT2-EGFL8_2	0	0	0
EGFL8_2	0	0	0
AGPAT1_2	0	0	0
MIR6721_2	0	0	0
RNF5_2	1	0	1
MIR6833_2	0	0	0
AGER_2	0	0	0
PBX2_2	0	0	0
GPSM3_2	0	0	0
NOTCH4_2	0	0	0
TSBP1-AS1_2	0	0	0
TSBP1_2	0	0	0
HCG23_2	0	0	0
BTNL2_2	0	0	0
HLA-DRA_1	0	0	0
HLA-DRB3_1	0	0	0
HLA-DRB1_1	0	0	0
HLA-DQA1_1	0	0	0
HLA-DQB1_1	0	0	0
LOC102725019_2	0	0	0
HLA-DQA2_2	0	0	0
MIR3135B_2	0	0	0
HLA-DQB2_2	0	0	0
HLA-DOB_2	2	0	2
TAP2_2	4	0	4
PSMB8_2	0	0	0
PSMB8-AS1_2	0	0	0
TAP1_2	0	0	0
PSMB9_2	0	0	0
LOC100294145_2	0	0	0
HLA-DMB_2	0	0	0
HLA-DMA_2	0	0	0
LOC124901302_2	0	0	0
BRD2_1	0	0	0
HLA-DOA_1	0	0	0
HLA-DPA1_2	0	0	0
HLA-DPB1_2	0	0	0
HLA-DPB2_2	0	0	0
LOC105375021_2	0	0	0
HCG24_1	0	0	0
COL11A2_1	0	0	0
RXRB_1	3	0	3
SLC39A7_1	0	0	0
HSD17B8_1	1	0	1
MIR219A1_1	0	0	0
RING1_1	0	0	0
LOC105375022_1	0	0	0
HCG25_1	0	0	0
VPS52_1	0	0	0
RPS18_1	0	0	0
B3GALT4_1	0	0	0
WDR46_1	0	0	0
MIR6873_1	0	0	0
PFDN6_1	0	0	0
MIR6834_1	0	0	0
RGL2_1	0	0	0
TAPBP_1	0	0	0
ZBTB22_1	0	0	0
DAXX_1	0	0	0
SMIM40_1	0	0	0
LOC102723872_1	0	0	0
FAM157D_2	0	0	0
LOC105375113_3	0	0	0
LOC101929756_3	0	0	0
LOC105375114_2	0	0	0
LINC03015_3	0	0	0
LINC03014_3	0	0	0
LOC105375116_3	0	0	0
LOC105375115_3	0	0	0
FAM20C_3	0	0	0
LOC105379627	0	0	0
LOC105377775_2	0	0	0
LOC105379586_2	0	0	0
DLGAP2_4	0	0	0
DLGAP2-AS1_2	0	0	0
AP2A2_1	0	0	0
MUC6_2	0	0	0
DUSP8_3	0	0	0
LOC124902608_3	0	0	0
KRTAP5-AS1_3	1	0	1
KRTAP5-1_3	0	0	0
KRTAP5-2_3	0	0	0
KRTAP5-3_3	0	0	0
KRTAP5-4_3	0	0	0
KRTAP5-5_3	0	0	0
FAM99A_3	0	0	0
FAM99B_3	0	0	0
LOC124905370	0	0	0
LINC02708_3	0	0	0
KRTAP5-6_1	0	0	0
IFITM10_1	0	0	0
TAS2R7_2	0	0	0
TAS2R8_2	0	0	0
TAS2R9_2	0	0	0
TAS2R10_2	0	0	0
PRH1-PRR4_2	0	6	0
PRR4_2	0	0	0
PRH1_2	0	0	0
TAS2R13_2	0	0	0
PRH2_2	0	0	0
PRH1-TAS2R14_2	0	0	0
TAS2R14_2	0	0	0
TAS2R50_2	0	0	0
TAS2R20_2	10	0	10
TAS2R19_2	3	0	3
TAS2R31_2	1	0	1
TAS2R46_2	0	0	0
TAS2R45_1	0	0	0
TAS2R30_2	0	0	0
SMIM10L1_2	140	23	289
TAS2R42_1	0	0	0
LOC107987435_1	0	0	0
PRB3_1	0	0	0
PRB4_1	0	0	0
PRB1_1	0	0	0
TUBGCP5_3	0	0	0
GOLGA6L1_3	0	0	0
GOLGA8DP_3	0	0	0
MIR4509-1_3	0	0	0
OCA2_2	0	0	0
HERC2_2	0	0	0
LOC124905371_1	0	0	0
GOLGA6L24_3	0	0	0
GOLGA8F_3	0	0	0
MIR4509-2_3	0	0	0
LOC101059997_3	0	0	0
MIR4509-3_3	0	0	0
GOLGA8G_3	0	0	0
GOLGA6L25_3	0	0	0
HERC2P11_3	0	0	0
LOC124903450_2	0	0	0
HERC2P9_2	0	0	0
GOLGA8M_2	0	0	0
LOC107984746_2	0	0	0
WHAMMP2_2	0	0	0
LOC100289656_2	0	0	0
PDCD6IPP2_2	0	0	0
APBA2_2	0	0	0
ENTREP2_2	0	0	0
NSMCE3_2	0	0	0
LCIIAR_2	0	0	0
LOC105370743_2	0	0	0
TJP1_2	0	0	0
GOLGA8J_3	0	0	0
ULK4P3_3	0	0	0
LOC124900359_2	0	0	0
GOLGA8T_2	0	0	0
LOC101929922_1	0	0	0
LOC105370746_2	0	0	0
LOC105370747_2	0	0	0
LINC02249_2	0	0	0
CHRFAM7A_2	0	0	0
LOC105370751_2	0	0	0
LOC124900358_2	0	0	0
ULK4P2_2	0	0	0
DNM1P50_2	0	0	0
GOLGA8Q_2	0	0	0
LOC124903452_2	0	0	0
LOC105376704_2	0	0	0
GOLGA8R_2	0	0	0
ULK4P1_3	0	0	0
LOC124900357_2	0	0	0
ARHGAP11B-DT_3	0	0	0
GOLGA8H_3	0	0	0
ARHGAP11B_3	0	0	0
LOC100288637_2	0	0	0
LOC101930434_2	0	0	0
LOC124905372_1	0	0	0
LOC124900565_1	0	0	0
LOC124903453_2	0	0	0
HERC2P10_2	0	0	0
FAN1_2	0	0	0
MTMR10_2	0	0	0
TRPM1_2	0	0	0
TRPM1-AS1_2	0	0	0
MIR211_2	0	0	0
LOC107984779_1	0	0	0
LINC02352_2	0	0	0
LOC107984092_1	0	0	0
LINC03034_2	0	0	0
KLF13_2	0	0	0
LOC105370939_2	0	0	0
OTUD7A_2	0	0	0
LOC124900362_2	0	0	0
LOC124903441_2	0	0	0
CHRNA7_3	0	0	0
LOC102724078_2	0	0	0
LOC101060588_1	0	0	0
WHAMMP1_3	0	0	0
LINC02256_3	0	0	0
ARHGAP11A-DT_3	0	0	0
GOLGA8N_3	0	0	0
ARHGAP11A_3	0	0	0
ARHGAP11A-SCG5_3	0	0	0
SCG5_3	0	0	0
SCG5-AS1_3	0	0	0
LOC105370756_2	0	0	0
GREM1_3	0	0	0
GREM1-AS1_3	0	0	0
FMN1_3	0	0	0
LOC107984089_2	0	0	0
LOC124903606_2	0	0	0
RPH3AL_2	0	0	0
LOC105371425_1	0	0	0
RPH3AL-AS1_2	0	0	0
NXN_2	0	0	0
TIMM22_2	0	0	0
ABR_2	0	0	0
LOC105371481_2	0	0	0
MIR3183_2	0	0	0
CCL18_2	0	0	0
CCL3-AS1_2	0	0	0
CCL3_2	0	0	0
CCL4_2	0	0	0
LOC101927369_2	0	0	0
TBC1D3B_2	0	0	0
LOC128966715	0	0	0
LOC128966684_2	0	0	0
CCL3L3_2	0	0	0
CCL4L2_2	0	0	0
LOC105379635	0	0	0
TBC1D3G_2	0	0	0
LOC124905374	0	0	0
CCL3L1	0	0	0
CCL4L1	0	0	0
LOC105371747_2	0	0	0
TBC1D3I_2	0	0	0
LOC102724956_2	0	0	0
KRTAP29-1_3	0	0	0
KRTAP9-7_2	0	0	0
KRTAP9-6_2	0	0	0
KRTAP9-9_3	0	0	0
KRTAP9-4_3	0	0	0
KRTAP9-2_3	0	0	0
LOC105371796_2	0	0	0
ARHGAP27_2	0	0	0
PLEKHM1_2	0	0	0
MIR4315-1_2	0	0	0
LOC105369225_1	0	0	0
LRRC37A3_2	0	0	0
LRRC37A4P_1	0	0	0
MAPK8IP1P2_2	0	0	0
LINC02210_2	0	0	0
LINC02210-CRHR1_2	0	0	0
LOC105371802_2	0	0	0
LOC107985028_1	0	0	0
CRHR1_2	0	0	0
MAPT-AS1_2	0	0	0
SPPL2C_2	0	0	0
MAPT_2	0	0	0
MAPT-IT1_2	0	0	0
LOC105371800_2	0	0	0
STH_2	0	0	0
KANSL1_2	64	0	64
LOC107985027_1	0	0	0
KANSL1-AS1_2	0	0	0
LOC124904014_2	0	0	0
ARL17A_1	90	38	95
LOC124905376	0	0	0
LRRC37A2_2	29	17	55
LOC124905375	0	0	0
NSF_2	0	0	0
WNT3_2	1	0	1
LOC101929777_2	0	0	0
WNT9B_1	0	0	0
LOC105372219_2	0	0	0
LOC105372220_2	0	0	0
LOC105372221_2	0	0	0
LINC01896_2	0	0	0
SALL3_2	0	0	0
LOC105372225_2	0	0	0
VSTM1_2	0	0	0
TARM1_2	0	0	0
OSCAR_2	0	0	0
NDUFA3_2	0	0	0
TFPT_2	0	0	0
PRPF31_2	0	0	0
PRPF31-AS1_2	0	0	0
CNOT3_2	0	0	0
LOC102724273_2	0	0	0
LENG1_2	0	0	0
TMC4_2	0	0	0
MBOAT7_2	0	0	0
TSEN34_2	0	0	0
RPS9_2	0	0	0
LOC124905378	0	0	0
LOC124905377	0	0	0
MIR4752_2	0	0	0
LILRA3_1	0	0	0
LILRA5_2	0	0	0
LILRA4_1	0	0	0
LAIR1_1	0	0	0
KIR2DL2_1	0	0	0
KIR2DL4_12	0	0	0
KIR3DS1_1	0	0	0
KIR2DL5A_1	0	0	0
KIR2DS5_1	0	0	0
KIR2DS1_4	0	0	0
KIR3DL2_15	0	0	0
FCAR_3	0	0	0
NCR1_4	0	0	0
NLRP7_2	0	0	0
NLRP2_2	0	0	0
GP6-AS1_2	0	0	0
GP6_2	0	0	0
RDH13_2	0	0	0
EPS8L1_2	0	0	0
PHETA2_2	0	0	0
SMDT1_2	0	0	0
NDUFA6_3	0	0	0
NDUFA6-DT_6	0	0	0
CYP2D6_4	0	0	0
LOC101929829_1	0	0	0
LOC102723722_1	0	0	0
PPP2R3B_3	101	0	101
LOC102723840_1	0	0	0
MUC4_3	0	0	0
MUC20_3	0	0	0
MIR570HG_3	0	0	0
MIR570_3	0	0	0
SDHAP2_3	0	0	0
LOC105374297_3	0	0	0
LOC105377614_1	0	0	0
LOC105377615_1	0	0	0
LINC01262_1	0	0	0
LOC107987311	0	0	0
LOC105377616_3	0	0	0
FRG1-DT_5	0	0	0
LOC105377619_3	0	0	0
LINC01596_3	0	0	0
TRV-AAC6-1_3	0	0	0
TRR-CCG1-1_3	0	0	0
TRK-TTT7-1_3	0	0	0
TRA-TGC6-1_3	0	0	0
TRF-GAA6-1_3	0	0	0
TRF-GAA5-1_3	0	0	0
TRA-TGC1-1_3	0	0	0
TRF-GAA1-1_3	0	0	0
TRA-AGC1-1_3	0	0	0
TRA-TGC7-1_3	0	0	0
TRF-GAA3-1_3	0	0	0
TRA-AGC6-1_3	0	0	0
TRA-TGC5-1_3	0	0	0
TRF-GAA4-1_3	0	0	0
TRA-AGC2-1_3	0	0	0
LINC01623_3	0	0	0
TRA-AGC2-2_3	0	0	0
TRF-GAA1-2_3	0	0	0
TRE-CTC1-6_3	0	0	0
HCG15_3	0	0	0
TRL-AAG3-1_3	0	0	0
ZNF311_3	0	0	0
LOC105375002_3	0	0	0
OR2W1-AS1_2	0	0	0
OR2W1_3	0	0	0
OR2B3_3	0	0	0
OR2J1_3	0	0	0
OR2J3_3	0	0	0
OR2J2_3	0	0	0
LINC03003_3	0	0	0
LOC105375005_2	0	0	0
OR14J1_3	0	0	0
OR12D3_2	0	0	0
OR12D2_2	0	0	0
OR12D1_2	0	0	0
OR11A1_3	0	0	0
OR10C1_3	0	0	0
LOC105379641_3	0	0	0
OR2H1_3	0	0	0
LOC105375008_3	0	0	0
LOC124905379	0	0	0
MAS1L_3	0	0	0
LOC124901486_1	0	0	0
LINC02829_3	0	0	0
LINC01015_3	0	0	0
OR2I1_3	0	0	0
UBD_3	0	0	0
SNORD32B_3	0	0	0
OR2H2_3	0	0	0
GABBR1_3	0	0	0
MOG_3	0	0	0
ZFP57_3	0	0	0
HLA-F_2	0	0	0
HLA-F-AS1_2	0	0	0
IFITM4P_2	0	0	0
LOC107987440	0	0	0
HCG4_3	0	0	0
HLA-V_3	0	0	0
HLA-G_3	0	0	0
LOC105375010_3	0	0	0
HCP5B_3	0	0	0
LOC124905380	0	0	0
HLA-H_3	0	0	0
HCG4B_3	1	1	0
HLA-A_3	13	0	13
HCG9_2	0	0	0
POLR1HASP_3	0	0	0
HLA-J_3	0	0	0
POLR1H_3	0	0	0
PPP1R11_3	0	0	0
RNF39_3	0	0	0
TRIM31_3	0	0	0
TRIM31-AS1_3	0	0	0
LOC124900227_3	0	0	0
TRIM40_3	0	0	0
TRIM10_3	0	0	0
TRIM15_3	0	0	0
TRIM26_3	0	0	0
HCG17_3	0	0	0
HLA-L_2	0	0	0
HCG18_3	0	0	0
TRIM39_3	0	0	0
TRIM39-RPP21_3	0	0	0
RPP21_3	0	0	0
LOC105375012_2	0	0	0
HLA-E_2	0	0	0
LINC02569_3	0	0	0
GNL1_3	0	0	0
PRR3_2	0	0	0
ABCF1_2	0	0	0
MIR877_2	0	0	0
PPP1R10_2	0	0	0
MRPS18B_2	0	0	0
ATAT1_2	0	0	0
C6orf136_2	0	0	0
DHX16_3	0	0	0
PPP1R18_3	0	0	0
NRM_3	0	0	0
MDC1_3	0	0	0
MDC1-AS1_3	0	0	0
TUBB_3	0	0	0
FLOT1_3	0	0	0
IER3-AS1_2	0	0	0
IER3_2	0	0	0
HCG20_2	0	0	0
LINC00243_2	0	0	0
LINC02570_2	0	0	0
DDR1_3	5	0	5
MIR4640_2	0	0	0
GTF2H4_2	0	0	0
VARS2_2	0	0	0
SFTA2_2	0	0	0
LOC124901299_2	0	0	0
MUCL3_2	0	0	0
HCG21_2	0	0	0
MUC21_3	0	0	0
MUC22_3	0	0	0
HCG22_3	0	0	0
C6orf15_2	0	0	0
PSORS1C1_2	4	0	5
CDSN_2	0	0	0
PSORS1C2_2	1	2	0
CCHCR1_2	0	0	0
TCF19_2	0	0	0
POU5F1_2	0	0	0
PSORS1C3_2	0	0	0
HCG27_2	0	0	0
HLA-C_2	5840	4	5836
LINC02571_1	0	0	0
LOC112267902_2	0	0	0
HCG26_2	0	0	0
MICB-DT_3	0	0	0
MICB_3	0	0	0
MCCD1_3	0	0	0
ATP6V1G2-DDX39B_3	0	0	0
DDX39B_3	0	0	0
SNORD117_3	0	0	0
SNORD84_2	0	0	0
DDX39B-AS1_2	0	0	0
ATP6V1G2_2	0	0	0
NFKBIL1_2	0	0	0
LOC100287329_2	0	0	0
LTA_2	0	0	0
TNF_3	0	0	0
LTB_3	0	0	0
LST1_3	0	0	0
NCR3_3	0	0	0
AIF1_2	0	0	0
PRRC2A_2	0	0	0
SNORA38_2	0	0	0
MIR6832_2	0	0	0
BAG6_2	0	0	0
APOM_2	0	0	0
C6orf47_2	0	0	0
GPANK1_2	0	0	0
CSNK2B_2	0	0	0
LY6G5B_2	0	0	0
LY6G5C_2	0	0	0
LOC105375019_2	0	0	0
ABHD16A_2	0	0	0
LOC105375018_2	0	0	0
MIR4646_2	0	0	0
LY6G6F-LY6G6D_2	0	0	0
LY6G6F_2	0	0	0
LY6G6E_2	0	0	0
LY6G6D_2	0	0	0
LY6G6C_2	0	0	0
MPIG6B_2	0	0	0
DDAH2_2	0	0	0
CLIC1_2	0	0	0
MSH5-SAPCD1_3	0	0	0
MSH5_3	0	0	0
SAPCD1_3	0	0	0
SAPCD1-AS1_3	0	0	0
VWA7_3	0	0	0
VARS1_3	0	0	0
LSM2_3	0	0	0
HSPA1L_3	0	0	0
HSPA1A_3	0	0	0
HSPA1B_3	0	0	0
SNHG32_3	0	0	0
SNORD48_3	0	0	0
SNORD52_3	0	0	0
NEU1_3	0	0	0
SLC44A4_3	0	0	0
EHMT2-AS1_3	0	0	0
EHMT2_3	0	0	0
C2_2	0	0	0
ZBTB12_2	0	0	0
C2-AS1_2	0	0	0
CFB_2	0	0	0
NELFE_2	0	0	0
MIR1236_1	0	0	0
SKIC2_2	0	0	0
DXO_2	1	0	1
WHR1_2	0	0	0
C4A_1	0	0	0
CYP21A1P_1	0	0	0
TNXA_1	1	1	0
C4B_2	0	0	0
CYP21A2_2	0	0	0
TNXB_3	0	0	0
LOC124905381	0	0	0
ATF6B_2	0	0	0
FKBPL_2	0	0	0
PRRT1_3	0	0	0
LOC100507547_3	0	0	0
PPT2_3	0	0	0
PPT2-EGFL8_3	0	0	0
TSBP1-AS1_3	0	0	0
TSBP1_3	0	0	0
HCG23_3	0	0	0
BTNL2_3	0	0	0
HLA-DRA_2	0	0	0
HLA-DRB1_2	0	0	0
HLA-DQA1_2	0	0	0
HLA-DQB1_2	0	0	0
HLA-DQB1-AS1_1	0	0	0
LOC102725019_3	0	0	0
HLA-DQA2_3	0	0	0
MIR3135B_3	0	0	0
HLA-DQB2_3	0	0	0
HLA-DOB_3	0	0	0
TAP2_3	0	0	0
PSMB8_3	0	0	0
PSMB8-AS1_3	0	0	0
TAP1_3	0	0	0
PSMB9_3	0	0	0
LOC124905382	0	0	0
LOC100294145_3	0	0	0
LOC124905383	0	0	0
HLA-DMB_3	0	0	0
BRD2_2	4	0	4
HLA-DMA_3	0	0	0
HLA-DOA_2	0	0	0
HLA-DPA1_3	0	0	0
HLA-DPB1_3	0	0	0
HLA-DPB2_3	0	0	0
LOC105375021_3	0	0	0
HCG24_2	0	0	0
COL11A2_2	0	0	0
RXRB_2	0	0	0
SLC39A7_2	0	0	0
HSD17B8_2	0	0	0
MIR219A1_2	0	0	0
RING1_2	0	0	0
LOC105375022_2	0	0	0
HCG25_2	0	0	0
VPS52_2	0	0	0
RPS18_2	0	0	0
B3GALT4_2	0	0	0
WDR46_2	0	0	0
MIR6873_2	0	0	0
PFDN6_2	0	0	0
MIR6834_2	0	0	0
RGL2_2	0	0	0
TAPBP_2	0	0	0
ZBTB22_2	0	0	0
DAXX_2	0	0	0
SMIM40_2	0	0	0
DLGAP2-AS1_3	0	0	0
DLGAP2_5	0	0	0
LOC124901870_1	0	0	0
LOC105377778_1	0	0	0
CLN8_1	0	0	0
CLN8-AS1_1	0	0	0
MIR3674_1	0	0	0
LOC105377779_1	0	0	0
AP2A2_2	0	0	0
MUC6_3	0	0	0
LOC124905385	1	1	0
LOC124902605_2	0	0	0
LINC02688_2	0	0	0
LOC107987157_2	0	0	0
MUC2_2	0	0	0
VSTM1_3	0	0	0
TARM1_3	0	0	0
OSCAR_3	0	0	0
NDUFA3_3	0	0	0
TFPT_3	0	0	0
LOC124905386	0	0	0
PRPF31_3	0	0	0
PRPF31-AS1_3	0	0	0
CNOT3_3	0	0	0
LOC102724273_3	0	0	0
LENG1_3	0	0	0
TMC4_3	0	0	0
MBOAT7_3	0	0	0
TSEN34_3	0	0	0
RPS9_3	0	0	0
LOC107987441	0	0	0
LOC112267881_1	0	0	0
KIR3DL1_10	0	0	0
KIR2DS4_10	0	0	0
KIR3DL2_16	0	0	0
NCR1_5	0	0	0
NLRP7_3	0	0	0
NLRP2_3	0	0	0
GP6-AS1_3	0	0	0
GP6_3	0	0	0
RDH13_3	0	0	0
EPS8L1_3	0	0	0
PHETA2_3	0	0	0
SMDT1_3	0	0	0
NDUFA6_4	0	0	0
NDUFA6-DT_7	0	0	0
CYP2D6_5	10	0	10
LOC102723722_2	1	1	0
CYP2D7_7	1	0	1
LOC105377203_1	1	0	1
TCF20_7	0	0	0
MUC4_4	0	0	0
MUC20_4	0	0	0
LOC124905391	1	1	0
MIR570HG_4	1	0	1
MIR570_4	0	0	0
SDHAP2_4	0	0	0
LOC105374297_4	0	0	0
LOC105374298	0	0	0
TRV-AAC6-1_4	0	0	0
TRR-CCG1-1_4	0	0	0
TRK-TTT7-1_4	0	0	0
TRA-TGC6-1_4	0	0	0
TRF-GAA6-1_4	0	0	0
TRF-GAA5-1_4	0	0	0
TRA-TGC1-1_4	0	0	0
TRF-GAA1-1_4	0	0	0
TRA-AGC1-1_4	0	0	0
TRA-TGC7-1_4	0	0	0
TRF-GAA3-1_4	0	0	0
TRA-AGC6-1_4	0	0	0
TRA-TGC5-1_4	0	0	0
TRF-GAA4-1_4	0	0	0
TRA-AGC2-1_4	0	0	0
LINC01623_4	0	0	0
TRA-AGC2-2_4	0	0	0
TRIM27_3	0	0	0
TRL-CAA1-2_2	0	0	0
TRQ-CTG1-3_2	0	0	0
TRL-AAG2-2_2	0	0	0
LINC01556_2	0	0	0
TRM-CAT3-1_2	0	0	0
TRK-TTT3-3_2	0	0	0
TRM-CAT3-2_2	0	0	0
TRF-GAA1-2_4	0	0	0
TRE-CTC1-6_4	0	0	0
HCG15_4	0	0	0
TRL-AAG3-1_4	0	0	0
ZNF311_4	0	0	0
LOC105375002_4	0	0	0
OR2W1-AS1_3	0	0	0
OR2W1_4	0	0	0
OR2B3_4	0	0	0
OR2J1_4	0	0	0
OR2J3_4	0	0	0
OR2J2_4	0	0	0
LINC03003_4	0	0	0
LOC105375005_3	0	0	0
OR14J1_4	0	0	0
OR5V1_2	0	0	0
OR12D3_3	0	0	0
OR12D2_3	0	0	0
OR12D1_3	0	0	0
OR11A1_4	0	0	0
OR10C1_4	0	0	0
LOC105379641_4	0	0	0
OR2H1_4	0	0	0
LOC105375008_4	0	0	0
LOC124905387	0	0	0
MAS1L_4	0	0	0
LINC02829_4	0	0	0
LINC01015_4	0	0	0
OR2I1_4	0	0	0
UBD_4	0	0	0
SNORD32B_4	0	0	0
OR2H2_4	0	0	0
GABBR1_4	0	0	0
MOG_4	0	0	0
ZFP57_4	0	0	0
HLA-F_3	0	0	0
HLA-F-AS1_3	0	0	0
IFITM4P_3	0	0	0
LOC107987443	0	0	0
HCG4_4	0	0	0
HLA-V_4	0	0	0
HLA-G_4	0	0	0
LOC105375010_4	0	0	0
HCP5B_4	0	0	0
LOC124905390	0	19	0
HLA-H_4	0	0	0
HCG4B_4	0	0	0
HLA-A_4	94	0	94
HCG9_3	0	0	0
POLR1HASP_4	0	0	0
HLA-J_4	0	0	0
POLR1H_4	0	0	0
PPP1R11_4	0	0	0
RNF39_4	0	0	0
TRIM31_4	0	0	0
TRIM31-AS1_4	0	0	0
LOC124900227_4	0	0	0
TRIM40_4	0	0	0
TRIM10_4	0	0	0
TRIM15_4	0	0	0
TRIM26_4	52	0	52
HCG17_4	3	0	3
HLA-L_3	0	0	0
HCG18_4	251	0	251
TRIM39_4	1	1	1
TRIM39-RPP21_4	0	0	0
RPP21_4	0	0	0
LOC105375012_3	0	0	0
HLA-E_3	0	0	0
LINC02569_4	0	0	0
GNL1_4	0	0	0
PRR3_3	0	0	0
ABCF1_3	0	0	0
MIR877_3	0	0	0
PPP1R10_3	0	0	0
MRPS18B_3	0	0	0
ATAT1_3	0	0	0
C6orf136_3	0	0	0
DHX16_4	0	0	0
PPP1R18_4	0	0	0
NRM_4	0	0	0
MDC1_4	0	0	0
MDC1-AS1_4	0	0	0
TUBB_4	0	0	0
FLOT1_4	4	0	4
IER3-AS1_3	0	0	0
IER3_3	0	0	0
HCG20_3	0	0	0
LINC00243_3	0	0	0
LINC02570_3	0	0	0
DDR1_4	0	0	0
MIR4640_3	0	0	0
GTF2H4_3	0	0	0
VARS2_3	0	0	0
SFTA2_3	0	0	0
MUC21_4	0	0	0
MUC22_4	0	0	0
HCG22_4	0	0	0
C6orf15_3	0	0	0
PSORS1C1_3	0	0	0
CDSN_3	0	0	0
PSORS1C2_3	0	0	0
CCHCR1_3	0	0	0
TCF19_3	0	0	0
POU5F1_3	0	0	0
PSORS1C3_3	0	0	0
HLA-C_3	5017	14	5003
LINC02571_2	0	0	0
HLA-B_2	4	0	4
MIR6891_2	0	0	0
LOC124901300_2	0	0	0
MICA-AS1_2	0	1	0
MICA_2	21	0	22
LINC01149_2	0	0	0
MICB_4	0	0	0
MCCD1_4	0	0	0
ATP6V1G2-DDX39B_4	0	0	0
DDX39B_4	0	0	0
SNORD117_4	0	0	0
SNORD84_3	0	0	0
DDX39B-AS1_3	0	0	0
ATP6V1G2_3	0	0	0
NFKBIL1_3	0	0	0
LOC100287329_3	0	0	0
LTA_3	0	0	0
TNF_4	0	0	0
LTB_4	0	0	0
LST1_4	0	0	0
NCR3_4	0	0	0
PRRC2A_3	0	0	0
SNORA38_3	0	0	0
MIR6832_3	0	0	0
BAG6_3	0	0	0
APOM_3	0	0	0
C6orf47_3	0	0	0
GPANK1_3	0	0	0
CSNK2B_3	0	0	0
LY6G5B_3	0	0	0
LY6G5C_3	0	0	0
LOC105375019_3	0	0	0
ABHD16A_3	0	0	0
MIR4646_3	0	0	0
LY6G6F-LY6G6D_3	0	0	0
LY6G6F_3	0	0	0
LY6G6E_3	0	0	0
LY6G6D_3	0	0	0
LY6G6C_3	0	0	0
MPIG6B_3	0	0	0
DDAH2_3	0	0	0
CLIC1_3	0	0	0
LOC105375020_1	0	0	0
MSH5-SAPCD1_4	0	0	0
MSH5_4	0	0	0
NEU1_4	0	0	0
C2_3	7	8	7
C2-AS1_3	5	2	11
CFB_3	1050	1	1049
TNXB_4	0	0	0
LOC124905388	0	0	0
PRRT1_4	0	0	0
LOC100507547_4	5	38	4
PPT2_4	0	0	1
PPT2-EGFL8_4	1	1	0
EGFL8_3	0	0	0
AGPAT1_3	275	4	275
MIR6721_3	0	0	0
RNF5_3	0	0	0
MIR6833_3	0	0	0
AGER_3	1	0	1
PBX2_3	4	0	4
GPSM3_3	0	0	0
NOTCH4_3	0	0	0
TSBP1-AS1_4	0	0	0
TSBP1_4	0	0	0
HCG23_4	0	0	0
BTNL2_4	0	0	0
HLA-DRA_3	0	0	0
HLA-DRB4	0	0	0
HLA-DRB1_3	0	0	0
HLA-DQA1_3	0	0	0
HLA-DQB1_3	0	0	0
LOC102725019_4	0	0	0
HLA-DQA2_4	0	0	0
MIR3135B_4	0	0	0
HLA-DQB2_4	0	0	0
TAP2_4	0	0	0
PSMB8_4	0	0	0
PSMB8-AS1_4	0	0	0
TAP1_4	0	0	0
PSMB9_4	0	0	0
LOC124905389	0	0	0
LOC100294145_4	0	0	0
HLA-DMB_4	0	0	0
HLA-DMA_4	0	0	0
LOC124901302_3	6	0	6
BRD2_3	541	0	541
HLA-DOA_3	0	0	0
HLA-DPA1_4	0	0	0
HLA-DPB1_4	0	0	0
HLA-DPB2_4	0	0	0
LOC105375021_4	0	0	0
HCG24_3	0	0	0
COL11A2_3	0	0	0
RXRB_3	0	0	0
SLC39A7_3	0	0	0
HSD17B8_3	0	0	0
MIR219A1_3	0	0	0
RING1_3	0	0	0
LOC105375022_3	0	0	0
HCG25_3	0	0	0
VPS52_3	0	0	0
VSTM1_4	0	0	0
TARM1_4	0	0	0
OSCAR_4	0	0	0
NDUFA3_4	0	0	0
TFPT_4	0	0	0
PRPF31_4	0	0	0
PRPF31-AS1_4	0	0	0
CNOT3_4	0	0	0
LOC102724273_4	0	0	0
LENG1_4	0	0	0
TMC4_4	0	0	0
MBOAT7_4	0	0	0
TSEN34_4	0	0	0
RPS9_4	0	0	0
LOC112268336	0	0	0
KIR3DL3_16	0	0	0
LOC101928804_15	0	0	0
KIR2DS1_5	0	0	0
KIR3DL2_17	0	0	0
NCR1_6	0	0	0
NLRP7_4	0	0	0
NLRP2_4	0	0	0
GP6-AS1_4	0	0	0
GP6_4	0	0	0
RDH13_4	0	0	0
EPS8L1_4	0	0	0
LOC105374297_5	0	0	0
SDHAP2_5	0	0	0
MIR570HG_5	0	0	0
MIR570_5	0	0	0
MUC20_5	0	0	0
MUC4_5	0	0	0
LOC124905352_2	0	0	0
TRV-AAC6-1_5	0	0	0
TRR-CCG1-1_5	0	0	0
TRK-TTT7-1_5	0	0	0
TRA-TGC6-1_5	0	0	0
TRF-GAA6-1_5	0	0	0
TRF-GAA5-1_5	0	0	0
TRA-TGC1-1_5	0	0	0
TRF-GAA1-1_5	0	0	0
TRA-AGC1-1_5	0	0	0
TRA-TGC7-1_5	0	0	0
TRF-GAA3-1_5	0	0	0
TRA-AGC6-1_5	0	0	0
TRA-TGC5-1_5	0	0	0
TRF-GAA4-1_5	0	0	0
TRA-AGC2-1_5	0	0	0
LINC01623_5	0	0	0
TRA-AGC2-2_5	0	0	0
TRR-CCG1-2_3	0	0	0
TRL-CAA1-1_3	0	0	0
HCG14_3	0	0	0
TRIM27_4	0	0	0
TRL-CAA1-2_3	0	0	0
TRQ-CTG1-3_3	0	0	0
TRL-AAG2-2_3	0	0	0
LINC01556_3	0	0	0
TRM-CAT3-1_3	0	0	0
TRK-TTT3-3_3	0	0	0
TRM-CAT3-2_3	0	0	0
LOC105375002_5	0	0	0
OR2W1-AS1_4	0	0	0
OR2W1_5	0	0	0
OR2B3_5	0	0	0
OR2J1_5	0	0	0
OR2J3_5	0	0	0
OR2J2_5	0	0	0
LINC03003_5	0	0	0
OR14J1_5	0	0	0
LOC105375005_4	0	0	0
OR5V1_3	0	0	0
OR12D3_4	0	0	0
OR12D2_4	0	0	0
OR12D1_4	0	0	0
OR11A1_5	0	0	0
OR10C1_5	0	0	0
OR2H1_5	0	0	0
LOC105375008_5	0	0	0
LOC124905392	0	0	0
MAS1L_5	0	0	0
LOC124901486_2	0	0	0
LINC02829_5	0	0	0
LINC01015_5	0	0	0
OR2I1_5	0	0	0
UBD_5	0	0	0
SNORD32B_5	0	0	0
OR2H2_5	0	0	0
GABBR1_5	0	0	0
MOG_5	0	0	0
ZFP57_5	0	0	0
HLA-F_4	0	0	0
HLA-F-AS1_4	0	0	0
IFITM4P_4	0	0	0
LOC107987447	0	0	0
HCG4_5	0	0	0
HLA-V_5	0	0	0
HLA-G_5	0	0	0
LOC105375010_5	0	0	0
HCP5B_5	0	0	0
HLA-H_5	0	0	0
HLA-A_5	0	0	0
HCG9_4	0	0	0
POLR1HASP_5	0	0	0
HLA-J_5	0	0	0
POLR1H_5	0	0	0
PPP1R11_5	0	0	0
RNF39_5	0	0	0
TRIM31_5	0	0	0
TRIM31-AS1_5	0	0	0
LOC124900227_5	0	0	0
TRIM40_5	0	0	0
TRIM10_5	0	0	0
TRIM15_5	0	0	0
TRIM26_5	0	0	0
LOC105375012_4	0	0	0
HLA-E_4	0	0	0
LINC02569_5	0	0	0
GNL1_5	0	0	0
PRR3_4	0	0	0
ABCF1_4	0	0	0
MIR877_4	0	0	0
PPP1R10_4	0	0	0
MRPS18B_4	0	0	0
ATAT1_4	0	0	0
C6orf136_4	0	0	0
DHX16_5	0	0	0
PPP1R18_5	0	0	0
NRM_5	0	0	0
MDC1_5	0	0	0
MDC1-AS1_5	0	0	0
TUBB_5	0	0	0
FLOT1_5	0	0	0
LINC02570_4	0	0	0
DDR1_5	8	0	8
MIR4640_4	0	0	0
GTF2H4_4	0	0	0
VARS2_4	0	0	0
SFTA2_4	0	0	0
LOC124901299_3	0	0	0
MUCL3_3	0	0	0
HCG21_3	0	0	0
MUC21_5	0	0	0
MUC22_5	0	0	0
HCG22_5	0	0	0
C6orf15_4	0	0	0
PSORS1C1_4	0	0	0
CDSN_4	0	0	0
PSORS1C2_4	0	0	0
CCHCR1_4	0	0	0
TCF19_4	0	0	0
POU5F1_4	0	0	0
PSORS1C3_4	1	0	1
HCG27_3	26	0	26
HLA-C_4	21	0	21
LOC112267902_3	0	0	0
HLA-B_3	1313	1	1312
HCP5_2	0	0	0
HCG26_3	0	0	0
MICB-DT_4	0	8	3
MICB_5	137	3	145
MCCD1_5	0	0	0
ATP6V1G2-DDX39B_5	0	0	4
DDX39B_5	0	0	0
SNORD117_5	0	0	0
SNORD84_4	0	0	0
DDX39B-AS1_4	0	4	0
ATP6V1G2_4	1	0	1
NFKBIL1_4	0	0	0
LOC100287329_4	0	0	0
LTA_4	0	0	0
TNF_5	0	0	0
LTB_5	0	0	0
LST1_5	0	0	0
NCR3_5	0	0	0
AIF1_3	0	0	0
PRRC2A_4	2	0	2
SNORA38_4	0	0	0
MIR6832_4	0	0	0
BAG6_4	1	0	1
APOM_4	0	0	0
C6orf47_4	0	0	0
GPANK1_4	0	0	0
CSNK2B_4	0	0	0
LY6G5B_4	0	0	0
LY6G5C_4	0	0	0
LOC105375019_4	0	0	0
ABHD16A_4	0	0	0
LOC105375018_3	0	0	0
MIR4646_4	0	0	0
LY6G6F-LY6G6D_4	0	0	0
LY6G6F_4	0	0	0
LY6G6E_4	0	0	0
LY6G6D_4	0	0	0
LY6G6C_4	0	0	0
MPIG6B_4	0	0	0
DDAH2_4	0	0	0
CLIC1_4	0	0	0
MSH5-SAPCD1_5	0	0	0
MSH5_5	0	0	0
SAPCD1_4	0	0	0
SAPCD1-AS1_4	0	0	0
VWA7_4	0	0	0
VARS1_4	0	0	0
LSM2_4	0	0	0
NEU1_5	0	0	0
SLC44A4_4	0	0	0
EHMT2-AS1_4	0	0	0
EHMT2_4	0	0	0
C2_4	0	0	0
ZBTB12_3	0	0	0
C2-AS1_4	0	0	0
CFB_4	0	0	0
NELFE_3	0	0	0
MIR1236_2	0	0	0
SKIC2_3	0	0	0
DXO_3	0	0	0
WHR1_3	0	0	0
TNXA_2	0	0	0
LOC110384692	0	0	0
CYP21A2_3	0	0	0
TNXB_5	0	0	0
ATF6B_3	1	0	1
FKBPL_3	0	0	0
PRRT1_5	0	0	0
LOC100507547_5	0	0	0
PPT2_5	0	0	0
PPT2-EGFL8_5	0	0	0
EGFL8_4	0	0	0
AGPAT1_4	0	0	0
MIR6721_4	0	0	0
RNF5_4	0	0	0
MIR6833_4	0	0	0
AGER_4	0	0	0
PBX2_4	0	0	0
GPSM3_4	0	0	0
NOTCH4_4	0	0	0
TSBP1-AS1_5	0	0	0
TSBP1_5	0	0	0
HCG23_5	0	0	0
BTNL2_5	0	0	0
HLA-DRA_4	0	0	0
HLA-DRB4_1	0	0	0
HLA-DQA1_4	0	0	0
HLA-DQB1_4	0	0	0
HLA-DQB1-AS1_2	0	0	0
LOC102725019_5	0	0	0
HLA-DQA2_5	0	0	0
MIR3135B_5	0	0	0
HLA-DQB2_5	0	0	0
HLA-DOB_4	0	0	0
TAP2_5	5	0	5
PSMB8_5	0	0	0
PSMB8-AS1_5	0	0	0
TAP1_5	0	0	0
PSMB9_5	0	0	0
LOC100294145_5	0	0	0
HLA-DMB_5	0	0	0
HLA-DMA_5	0	0	0
LOC128966717	0	0	0
LOC124901302_4	0	0	0
BRD2_4	0	0	0
HLA-DOA_4	0	0	0
HLA-DPA1_5	0	0	0
HLA-DPB1_5	0	0	0
HLA-DPB2_5	0	0	0
COL11A2_4	1	0	1
RXRB_4	11	0	11
SLC39A7_4	0	0	0
HSD17B8_4	0	0	0
MIR219A1_4	0	0	0
RING1_4	0	0	0
LOC105375022_4	0	0	0
HCG25_4	0	0	0
VPS52_4	0	0	0
RPS18_3	0	0	0
B3GALT4_3	0	0	0
WDR46_3	0	0	0
MIR6873_3	0	0	0
PFDN6_3	0	0	0
MIR6834_3	0	0	0
RGL2_3	0	0	0
TAPBP_3	0	0	0
ZBTB22_3	0	0	0
DAXX_3	4	0	4
SMIM40_3	0	0	0
VSTM1_5	0	0	0
TARM1_5	0	0	0
OSCAR_5	0	0	0
NDUFA3_5	0	0	0
TFPT_5	0	0	0
PRPF31_5	0	0	0
PRPF31-AS1_5	0	0	0
CNOT3_5	0	0	0
LOC102724273_5	0	0	0
LENG1_5	0	0	0
TMC4_5	0	0	0
MBOAT7_5	0	0	0
TSEN34_5	0	0	0
RPS9_5	0	0	0
LOC112268337	0	0	0
KIR2DS4_11	0	0	0
KIR3DL2_18	0	0	0
NCR1_7	0	0	0
NLRP7_5	0	0	0
NLRP2_5	0	0	0
GP6-AS1_5	0	0	0
GP6_5	0	0	0
RDH13_5	0	0	0
EPS8L1_5	0	0	0
MUC4_6	0	0	0
MUC20_6	0	0	0
LOC124905398	0	0	0
MIR570HG_6	0	0	0
LOC112268339	1	1	0
MIR570_6	0	0	0
SDHAP2_6	0	0	0
LOC105374297_6	0	0	0
TRV-AAC6-1_6	0	0	0
TRR-CCG1-1_6	0	0	0
TRK-TTT7-1_6	0	0	0
TRA-TGC6-1_6	0	0	0
TRF-GAA6-1_6	0	0	0
TRF-GAA5-1_6	0	0	0
TRA-TGC1-1_6	0	0	0
TRF-GAA1-1_6	0	0	0
TRA-AGC1-1_6	0	0	0
TRA-TGC7-1_6	0	0	0
TRF-GAA3-1_6	0	0	0
TRA-AGC6-1_6	0	0	0
TRA-TGC5-1_6	0	0	0
TRF-GAA4-1_6	0	0	0
TRA-AGC2-1_6	0	0	0
LINC01623_6	0	0	0
TRA-AGC2-2_6	0	0	0
TRR-CCG1-2_4	0	0	0
TRL-CAA1-1_4	0	0	0
HCG14_4	0	0	0
TRIM27_5	0	0	0
TRL-CAA1-2_4	0	0	0
TRQ-CTG1-3_4	0	0	0
TRL-AAG2-2_4	0	0	0
LINC01556_4	0	0	0
TRM-CAT3-1_4	0	0	0
TRK-TTT3-3_4	0	0	0
TRM-CAT3-2_4	0	0	0
TRF-GAA1-2_5	0	0	0
TRE-CTC1-6_5	0	0	0
HCG15_5	0	0	0
TRL-AAG3-1_5	0	0	0
ZNF311_5	0	0	0
LOC105375002_6	0	0	0
OR2W1-AS1_5	0	0	0
OR2W1_6	0	0	0
OR2B3_6	0	0	0
OR2J1_6	0	0	0
OR2J3_6	0	0	0
OR2J2_6	0	0	0
OR12D1_5	0	0	0
OR11A1_6	0	0	0
OR10C1_6	0	0	0
LOC105379641_5	0	0	0
OR2H1_6	0	0	0
LOC105375008_6	0	0	0
LOC124905393	0	0	0
MAS1L_6	0	0	0
LINC02829_6	0	0	0
LINC01015_6	0	0	0
OR2I1_6	0	0	0
UBD_6	0	0	0
SNORD32B_6	0	0	0
OR2H2_6	0	0	0
GABBR1_6	0	0	0
MOG_6	0	0	0
ZFP57_6	0	0	0
HLA-F_5	0	0	0
HLA-F-AS1_5	0	0	0
IFITM4P_5	0	0	0
LOC107987452	0	0	0
HCG4_6	0	0	0
HLA-V_6	0	0	0
HLA-G_6	0	0	0
HCP5B_6	0	0	0
LOC124905394	0	0	0
HLA-H_6	0	0	0
HCG4B_5	0	0	0
HLA-A_6	4928	3	4925
HCG9_5	0	0	0
POLR1HASP_6	16	0	16
HLA-J_6	6	6	0
POLR1H_6	48	0	48
PPP1R11_6	238	0	247
RNF39_6	55	61	3
TRIM31_6	0	0	0
TRIM31-AS1_6	0	0	0
LOC124900227_6	0	0	0
TRIM40_6	0	0	0
TRIM10_6	0	0	0
TRIM15_6	0	0	0
TRIM26_6	0	0	0
HCG17_5	0	0	0
HLA-L_4	0	0	0
HCG18_5	0	0	0
TRIM39_5	0	0	0
TRIM39-RPP21_5	0	0	0
RPP21_5	0	0	0
LOC105375012_5	0	0	0
HLA-E_5	0	0	0
LINC02569_6	0	0	0
GNL1_6	0	0	0
PRR3_5	0	0	0
ABCF1_5	0	0	0
MIR877_5	0	0	0
PPP1R10_5	0	0	0
MRPS18B_5	0	0	0
ATAT1_5	0	0	0
C6orf136_5	0	0	0
DHX16_6	0	0	0
PPP1R18_6	0	0	0
NRM_6	0	0	0
MDC1_6	0	0	0
MDC1-AS1_6	0	0	0
TUBB_6	11	0	11
FLOT1_6	0	0	0
IER3-AS1_4	0	0	0
IER3_4	0	0	0
HCG20_4	0	0	0
LOC124905395	0	0	0
LINC00243_4	0	0	0
LINC02570_5	0	0	0
DDR1_6	0	0	0
MIR4640_5	0	0	0
GTF2H4_5	0	0	0
VARS2_5	0	0	0
SFTA2_5	0	0	0
LOC124901299_4	0	0	0
MUCL3_4	0	0	0
HCG21_4	0	0	0
MUC21_6	0	0	0
MUC22_6	0	0	0
HCG22_6	0	0	0
C6orf15_5	0	0	0
PSORS1C1_5	4	0	4
CDSN_5	5	2	3
PSORS1C2_5	1	1	0
CCHCR1_5	11	0	11
TCF19_5	0	0	0
POU5F1_5	0	0	0
PSORS1C3_5	0	0	0
HCG27_4	0	0	0
HLA-C_5	0	0	0
LINC02571_3	0	0	0
HLA-B_4	7	0	7
LOC105379656	0	0	0
LOC124901300_3	0	0	0
MICA-AS1_3	10	0	10
MICA_3	5	0	5
HCG26_4	0	0	0
MICB-DT_5	0	0	0
MICB_6	0	0	0
MCCD1_6	0	0	0
ATP6V1G2-DDX39B_6	0	0	0
DDX39B_6	0	0	0
SNORD117_6	0	0	0
SNORD84_5	0	0	0
DDX39B-AS1_5	0	0	0
ATP6V1G2_5	0	0	0
NFKBIL1_5	0	0	0
LOC100287329_5	0	0	0
LTA_5	0	0	0
TNF_6	0	0	0
LTB_6	0	0	0
LST1_6	0	0	0
NCR3_6	0	0	0
AIF1_4	0	0	0
PRRC2A_5	0	0	0
SNORA38_5	0	0	0
MIR6832_5	0	0	0
BAG6_5	0	0	0
APOM_5	0	0	0
C6orf47_5	0	0	0
GPANK1_5	0	0	0
CSNK2B_5	0	0	0
LY6G5B_5	0	0	0
LY6G5C_5	0	0	0
LOC105375019_5	0	0	0
ABHD16A_5	0	0	0
LOC105375018_4	0	0	0
MIR4646_5	0	0	0
LY6G6F-LY6G6D_5	0	0	0
LY6G6F_5	0	0	0
LY6G6E_5	0	0	0
LY6G6D_5	0	0	0
LY6G6C_5	0	0	0
MPIG6B_5	0	0	0
DDAH2_5	0	0	0
CLIC1_5	3	0	3
LOC105375020_2	0	0	0
MSH5-SAPCD1_6	0	0	0
MSH5_6	0	0	0
VARS1_5	0	0	0
LSM2_5	4	0	4
HSPA1L_4	0	0	0
HSPA1A_4	312	0	312
HSPA1B_4	145	0	145
SNHG32_4	0	0	0
SNORD48_4	0	0	0
SNORD52_4	0	0	0
NEU1_6	1	0	1
SLC44A4_5	0	0	0
EHMT2-AS1_5	0	1	0
EHMT2_5	2	0	3
C2_5	0	3	0
ZBTB12_4	29	1	31
C2-AS1_5	0	0	0
CFB_5	4	0	4
NELFE_4	0	0	0
MIR1236_3	0	0	0
SKIC2_4	0	0	0
DXO_4	0	0	0
WHR1_4	0	0	0
C4A_2	3	0	3
CYP21A2_4	0	0	0
TNXB_6	0	0	0
PRRT1_6	0	0	0
LOC100507547_6	0	0	0
PPT2_6	0	0	0
PPT2-EGFL8_6	0	0	0
EGFL8_5	0	0	0
AGPAT1_5	0	0	0
MIR6721_5	0	0	0
RNF5_5	0	0	0
MIR6833_5	0	0	0
AGER_5	0	0	0
PBX2_5	0	0	0
GPSM3_5	0	0	0
NOTCH4_5	0	0	0
TSBP1-AS1_6	0	0	0
TSBP1_6	0	0	0
HCG23_6	0	0	0
BTNL2_6	0	0	0
HLA-DRA_5	0	0	0
HLA-DRB3_2	0	0	0
HLA-DRB1_4	0	0	0
HLA-DQA1_5	0	0	0
HLA-DQB1_5	0	0	0
LOC102725019_6	0	0	0
HLA-DQA2_6	0	0	0
MIR3135B_6	0	0	0
HLA-DQB2_6	0	0	0
TAP2_6	0	0	0
PSMB8_6	0	0	0
PSMB8-AS1_6	0	0	0
TAP1_6	0	0	0
PSMB9_6	0	0	0
LOC124905396	0	0	0
LOC100294145_6	0	0	0
HLA-DMB_6	0	0	0
HLA-DMA_6	0	0	0
LOC124901302_5	0	0	0
BRD2_5	12	0	12
HLA-DOA_5	0	0	0
HLA-DPA1_6	0	0	0
HLA-DPB1_6	0	0	0
HLA-DPB2_6	0	0	0
LOC105375021_5	0	0	0
HCG24_4	0	0	0
COL11A2_5	0	0	0
RXRB_5	0	0	0
SLC39A7_5	0	0	0
HSD17B8_5	0	0	0
MIR219A1_5	0	0	0
RING1_5	0	0	0
LOC105375022_5	0	0	0
HCG25_5	0	0	0
VPS52_5	0	0	0
RPS18_4	0	0	0
B3GALT4_4	0	0	0
WDR46_4	1	0	1
MIR6873_4	0	0	0
PFDN6_4	0	0	0
MIR6834_4	0	0	0
RGL2_4	8	2	6
TAPBP_4	20	0	20
ZBTB22_4	0	0	0
DAXX_4	1	0	1
SMIM40_4	0	0	0
KIFC1_1	0	0	0
VSTM1_6	0	0	0
TARM1_6	0	0	0
OSCAR_6	0	0	0
NDUFA3_6	0	0	0
TFPT_6	0	0	0
LOC124905399	0	0	0
PRPF31_6	0	0	0
PRPF31-AS1_6	0	0	0
CNOT3_6	0	0	0
LOC102724273_6	0	0	0
LENG1_6	0	0	0
TMC4_6	0	0	0
MBOAT7_6	0	0	0
TSEN34_6	0	0	0
RPS9_6	0	0	0
LOC112268340	0	0	0
KIR3DL3_17	0	0	0
KIR2DL3_13	0	0	0
LOC101928804_16	0	0	0
KIR2DL1_11	0	0	0
KIR3DL2_19	0	0	0
NCR1_8	0	0	0
NLRP7_6	0	0	0
NLRP2_6	0	0	0
GP6-AS1_6	0	0	0
GP6_6	0	0	0
RDH13_6	0	0	0
EPS8L1_6	0	0	0
MUC4_7	0	0	0
MUC20_7	1	0	1
LOC124905401	0	0	0
MIR570HG_7	0	0	0
MIR570_7	0	0	0
SDHAP2_7	0	0	0
LOC105374297_7	0	0	0
TRA-AGC5-1_2	0	0	0
TRA-AGC7-1_2	0	0	0
TRT-AGT3-1_2	0	0	0
TRA-CGC4-1_2	0	0	0
TRV-AAC6-1_7	0	0	0
TRR-CCG1-1_7	0	0	0
TRK-TTT7-1_7	0	0	0
TRA-TGC6-1_7	0	0	0
TRF-GAA6-1_7	0	0	0
TRF-GAA5-1_7	0	0	0
TRA-TGC1-1_7	0	0	0
TRF-GAA1-1_7	0	0	0
TRA-AGC1-1_7	0	0	0
TRA-TGC7-1_7	0	0	0
TRF-GAA3-1_7	0	0	0
TRA-AGC6-1_7	0	0	0
TRA-TGC5-1_7	0	0	0
TRF-GAA4-1_7	0	0	0
TRA-AGC2-1_7	0	0	0
LINC01623_7	0	0	0
TRA-AGC2-2_7	0	0	0
TRR-CCG1-2_5	0	0	0
TRL-CAA1-1_5	0	0	0
HCG14_5	0	0	0
TRIM27_6	0	0	0
TRL-CAA1-2_5	0	0	0
TRQ-CTG1-3_5	0	0	0
TRL-AAG2-2_5	0	0	0
LINC01556_5	0	0	0
TRM-CAT3-1_5	0	0	0
TRK-TTT3-3_5	0	0	0
TRM-CAT3-2_5	0	0	0
TRF-GAA1-2_6	0	0	0
TRE-CTC1-6_6	0	0	0
HCG15_6	0	0	0
TRL-AAG3-1_6	0	0	0
ZNF311_6	16	0	16
LOC105375002_7	0	0	0
OR2W1-AS1_6	0	0	0
OR2W1_7	0	0	0
OR2B3_7	0	0	0
OR2J1_7	0	0	0
OR2J3_7	0	0	0
OR2J2_7	0	0	0
LINC03003_6	0	0	0
LOC105375005_5	0	0	0
OR14J1_6	0	0	0
OR5V1_4	0	0	0
OR12D3_5	0	0	0
OR12D2_5	0	0	0
OR12D1_6	0	0	0
OR11A1_7	0	0	0
OR10C1_7	0	0	0
OR2H1_7	0	0	0
LOC105375008_7	0	0	0
LOC124905400	0	0	0
MAS1L_7	0	0	0
LINC02829_7	0	0	0
LINC01015_7	0	0	0
OR2I1_7	0	0	0
GABBR1_7	0	0	0
MOG_7	0	0	0
ZFP57_7	0	0	0
HLA-F_6	0	0	0
HLA-F-AS1_6	0	0	0
IFITM4P_6	0	0	0
LOC105379663	0	0	0
HCG4_7	0	0	0
HLA-V_7	0	0	0
HLA-G_7	0	0	0
LOC105375010_6	0	0	0
HCP5B_7	0	0	0
HLA-H_7	0	0	0
HCG4B_6	0	0	0
HLA-A_7	17	0	17
HCG9_6	0	0	0
POLR1HASP_7	0	0	0
HLA-J_7	0	0	0
POLR1H_7	0	0	0
PPP1R11_7	0	0	0
RNF39_7	0	0	0
TRIM31_7	0	0	0
TRIM31-AS1_7	0	0	0
LOC124900227_7	0	0	0
TRIM40_7	0	0	0
TRIM10_7	0	0	0
TRIM15_7	0	0	0
TRIM26_7	1	0	1
HCG17_6	0	0	0
HLA-L_5	0	0	0
HCG18_6	0	0	0
TRIM39_6	0	0	0
TRIM39-RPP21_6	0	0	0
RPP21_6	0	0	0
LOC105375012_6	0	0	0
HLA-E_6	0	0	0
LINC02569_7	0	0	0
GNL1_7	0	0	0
PRR3_6	0	0	0
ABCF1_6	0	0	0
MIR877_6	0	0	0
PPP1R10_6	0	0	0
MRPS18B_6	0	0	0
ATAT1_6	0	0	0
C6orf136_6	0	0	0
DHX16_7	0	0	0
LOC107987457	0	0	0
MDC1_7	1	0	1
MDC1-AS1_7	0	0	0
TUBB_7	0	0	0
FLOT1_7	0	0	0
IER3-AS1_5	0	0	0
IER3_5	0	0	0
HCG20_5	0	0	0
LINC00243_5	0	0	0
MUC22_7	0	0	0
HCG22_7	0	0	0
TCF19_6	0	0	0
POU5F1_6	0	0	0
PSORS1C3_6	0	0	0
HCG27_5	0	0	0
HLA-C_6	0	0	0
LINC02571_4	0	0	0
HLA-B_5	0	0	0
MIR6891_3	0	0	0
LOC105379664	0	0	0
LOC124901300_4	0	0	0
MICA-AS1_4	0	0	0
MICA_4	0	0	0
LINC01149_3	0	0	0
HCP5_3	0	0	0
HCG26_5	3	0	3
MICB-DT_6	0	0	0
MICB_7	1	0	1
MCCD1_7	0	0	0
ATP6V1G2-DDX39B_7	0	0	0
DDX39B_7	0	0	0
SNORD117_7	0	0	0
SNORD84_6	0	0	0
DDX39B-AS1_6	0	0	0
ATP6V1G2_6	0	0	0
NFKBIL1_6	0	0	0
LOC100287329_6	0	0	0
LTA_6	0	0	0
TNF_7	0	0	0
LTB_7	0	0	0
LST1_7	0	0	0
NCR3_7	0	0	0
AIF1_5	0	0	0
PRRC2A_6	0	0	0
SNORA38_6	0	0	0
MIR6832_6	0	0	0
BAG6_6	1	0	1
APOM_6	0	0	0
C6orf47_6	0	0	0
GPANK1_6	0	0	0
CSNK2B_6	0	0	0
LY6G5B_6	0	0	0
LY6G5C_6	0	0	0
LOC105375019_6	0	0	0
ABHD16A_6	1	0	1
LOC105375018_5	0	0	0
MIR4646_6	0	0	0
LY6G6F-LY6G6D_6	0	0	0
LY6G6F_6	0	0	0
LY6G6E_6	0	0	0
LY6G6D_6	0	0	0
LY6G6C_6	0	0	0
MPIG6B_6	0	0	0
DDAH2_6	0	0	0
CLIC1_6	0	0	0
MSH5-SAPCD1_7	0	0	0
MSH5_7	0	0	0
SAPCD1_5	0	0	0
SAPCD1-AS1_5	0	0	0
VWA7_5	0	0	0
VARS1_6	0	0	0
NEU1_7	0	0	0
SLC44A4_6	0	0	0
EHMT2-AS1_6	0	0	0
EHMT2_6	0	0	0
C2_6	0	0	0
C2-AS1_6	0	0	0
CFB_6	0	0	0
NELFE_5	0	0	0
MIR1236_4	0	0	0
SKIC2_5	0	0	0
DXO_5	0	0	0
WHR1_5	0	0	0
C4B_2_1	0	0	0
CYP21A1P_2	0	0	0
TNXA_3	0	0	0
C4B_3	0	0	0
CYP21A2_5	0	0	0
TNXB_7	0	0	0
PRRT1_7	0	0	0
LOC100507547_7	0	0	0
PPT2_7	0	0	0
PPT2-EGFL8_7	0	0	0
EGFL8_6	0	0	0
AGPAT1_6	0	0	0
MIR6721_6	0	0	0
RNF5_6	0	0	0
MIR6833_6	0	0	0
AGER_6	0	0	0
PBX2_6	1	0	1
GPSM3_6	0	0	0
NOTCH4_6	0	0	0
TSBP1-AS1_7	0	0	0
TSBP1_7	0	0	0
HCG23_7	0	0	0
BTNL2_7	0	0	0
HLA-DRA_6	0	0	0
HLA-DRB4_2	0	0	0
HLA-DRB1_5	0	0	0
HLA-DQA1_6	0	0	0
HLA-DQB1_6	0	0	0
LOC102725019_7	0	0	0
HLA-DQA2_7	0	0	0
MIR3135B_7	0	0	0
HLA-DQB2_7	0	0	0
HLA-DOB_5	0	0	0
TAP2_7	0	0	0
PSMB8_7	0	0	0
PSMB8-AS1_7	0	0	0
TAP1_7	0	0	0
PSMB9_7	0	0	0
LOC100294145_7	0	0	0
HLA-DMB_7	0	0	0
HLA-DMA_7	0	0	0
LOC124901302_6	0	0	0
BRD2_6	3	0	3
HLA-DOA_6	0	0	0
HLA-DPA1_7	0	0	0
HLA-DPB1_7	0	0	0
HLA-DPB2_7	0	0	0
LOC105375021_6	0	0	0
COL11A2_6	0	0	0
LOC105375022_6	0	0	0
HCG25_6	0	0	0
VPS52_6	0	0	0
RPS18_5	0	0	0
SMIM40_5	0	0	0
KIFC1_2	3	0	3
PHF1_1	104	1	103
CUTA_1	0	0	0
SYNGAP1_1	8	0	8
SYNGAP1-AS1_1	0	0	0
MIR5004_1	0	0	0
ZBTB9_1	25	0	25
VSTM1_7	0	0	0
TARM1_7	0	0	0
OSCAR_7	0	0	0
NDUFA3_7	0	0	0
TFPT_7	0	0	0
PRPF31_7	0	0	0
PRPF31-AS1_7	0	0	0
CNOT3_7	0	0	0
LOC102724273_7	0	0	0
LENG1_7	0	0	0
TMC4_7	0	0	0
MBOAT7_7	0	0	0
TSEN34_7	0	0	0
RPS9_7	173	0	173
LOC124905402	0	0	1
LOC102725035	5	6	0
LOC107985279_2	0	0	0
LILRA6_2	0	0	0
LOC107987463_2	0	0	0
LILRB5_2	0	0	0
LAIR1_2	4	0	4
LILRB2_2	0	0	0
TTYH1_2	0	0	0
LENG8-AS1_2	0	0	0
LENG8_2	0	0	0
LENG9_2	0	0	0
CDC42EP5_2	0	0	0
LAIR2_2	0	0	0
LOC105372460_2	0	0	0
KIR3DX1_2	0	0	0
LOC105372461_2	0	0	0
LOC107985347_1	0	0	0
LILRA2_2	0	0	0
LILRA1_2	0	0	0
LILRB1_2	0	0	0
LILRB4_2	0	0	0
MIR8061_2	0	0	0
LOC102724290	0	0	0
LILRP2_16	0	0	0
KIR3DL3_18	0	0	0
KIR2DL3_14	0	0	0
LOC101928804_17	0	0	0
KIR2DL1_12	0	0	0
KIR2DL4_13	0	0	0
KIR3DL1_11	0	0	0
KIR2DS4_12	0	0	0
KIR3DL2_20	0	0	0
FCAR_4	0	0	0
NCR1_9	0	0	0
NLRP7_7	0	0	0
NLRP2_7	0	0	0
GP6-AS1_7	0	0	0
GP6_7	0	0	0
RDH13_7	0	0	0
EPS8L1_7	0	0	0
HLA-DRA_7	0	0	0
BTNL2_8	0	0	0
TSBP1-AS1_8	0	0	0
HCG23_8	0	0	0
VSTM1_8	0	0	0
TARM1_8	0	0	0
OSCAR_8	0	0	0
NDUFA3_8	0	0	0
TFPT_8	0	0	0
PRPF31_8	0	0	0
PRPF31-AS1_8	0	0	0
CNOT3_8	0	0	0
LOC102724273_8	0	0	0
LENG1_8	0	0	0
TMC4_8	0	0	0
MBOAT7_8	0	0	0
TSEN34_8	0	0	0
RPS9_8	0	0	0
LOC124905652	0	0	0
LILRA6_3	0	0	0
LOC124905651	0	0	0
LOC107987463_3	0	0	0
LILRB5_3	0	0	0
LILRB2_3	0	0	0
MIR4752_3	0	0	0
LILRA3_2	0	0	0
LILRA5_3	0	0	0
LILRA4_2	0	0	0
LAIR1_3	0	0	0
LOC107987461	0	0	0
LILRB4_3	0	0	0
MIR8061_3	0	0	0
LILRP2_17	0	0	0
KIR3DL3_19	0	0	0
KIR2DS2_1	0	0	0
KIR2DL2_2	0	0	0
NCR1_10	0	0	0
NLRP7_8	0	0	0
NLRP2_8	0	0	0
GP6-AS1_8	0	0	0
GP6_8	0	0	0
RDH13_8	0	0	0
EPS8L1_8	0	0	0
VSTM1_9	0	0	0
TARM1_9	0	0	0
OSCAR_9	0	0	0
NDUFA3_9	0	0	0
TFPT_9	0	0	0
LOC124905653	0	0	0
PRPF31_9	0	0	0
PRPF31-AS1_9	0	0	0
CNOT3_9	0	0	0
LOC102724273_9	0	0	0
LENG1_9	0	0	0
TMC4_9	0	0	0
MBOAT7_9	0	0	0
TSEN34_9	0	0	0
RPS9_9	0	0	0
LOC124905654	0	0	0
LOC107987462	0	0	0
LOC107985279_3	0	0	0
LILRA6_4	0	0	0
LOC107987463_4	0	0	0
LILRB5_4	0	0	0
LILRB2_4	0	0	0
MIR4752_4	0	0	0
LILRA3_3	0	0	0
LILRA5_4	0	0	0
LILRA4_3	0	0	0
LAIR1_4	0	0	0
TTYH1_3	0	0	0
LENG8-AS1_3	0	0	0
LENG8_3	0	0	0
LENG9_3	0	0	0
CDC42EP5_3	0	0	0
LAIR2_3	0	0	0
LOC105372460_3	0	0	0
KIR3DX1_3	0	0	0
LOC105372461_3	0	0	0
LOC107985347_2	0	0	0
LILRA2_3	0	0	0
LILRA1_3	0	0	0
LILRB1_3	0	0	0
LILRB4_4	0	0	0
MIR8061_4	0	0	0
LILRP2_18	0	0	0
KIR3DL3_20	0	0	0
KIR2DL3_15	0	0	0
LOC101928804_18	0	0	0
KIR2DL1_13	0	0	0
KIR2DL4_14	0	0	0
KIR3DL1_12	0	0	0
KIR2DS4_13	0	0	0
KIR3DL2_21	0	0	0
FCAR_5	0	0	0
NCR1_11	0	0	0
NLRP7_9	0	0	0
NLRP2_9	0	0	0
GP6-AS1_9	0	0	0
GP6_9	0	0	0
RDH13_9	0	0	0
EPS8L1_9	0	0	0
KIR3DL2_22	0	0	0
KIR2DS1_6	0	0	0
LOC102725023_1	0	0	0
KIR2DL5A_2	0	0	0
KIR3DS1_2	0	0	0
KIR2DL4_15	0	0	0
KIR2DL1_14	0	0	0
LOC101928804_19	0	0	0
KIR2DS3_1	0	0	0
KIR2DL5B_1	0	0	0
KIR2DS2_2	0	0	0
KIR3DL3_21	0	0	0
LILRP2_19	0	0	0
KIR3DL2_23	0	0	0
KIR2DS4_14	0	0	0
KIR3DL1_13	0	0	0
KIR2DL4_16	0	0	0
KIR2DL1_15	0	0	0
LOC101928804_20	0	0	0
KIR2DL3_16	0	0	0
KIR3DL3_22	0	0	0
LILRP2_20	0	0	0
KIR3DL2_24	0	0	0
KIR2DS4_15	0	0	0
KIR3DL1_14	0	0	0
KIR2DL4_17	0	0	0
LOC128966727	0	0	0
KIR2DL2_3	0	0	0
KIR2DS2_3	0	0	0
KIR3DL3_23	0	0	0
LILRP2_21	0	0	0
KIR3DL2_25	0	0	0
KIR2DS4_16	0	0	0
KIR3DL1_15	0	0	0
KIR2DL4_18	0	0	0
KIR2DL1_16	0	0	0
LOC101928804_21	0	0	0
KIR2DL3_17	0	0	0
KIR3DL3_24	0	0	0
LILRP2_22	0	0	0
KIR3DL2_26	0	0	0
KIR2DS4_17	0	0	0
KIR3DL1_16	0	0	0
KIR2DL4_19	0	0	0
KIR2DL1_17	0	0	0
LOC101928804_22	0	0	0
KIR2DS3_2	0	0	0
KIR2DL5B_2	0	0	0
KIR2DS2_4	0	0	0
KIR3DL3_25	0	0	0
LILRP2_23	0	0	0
KIR3DL2_27	0	0	0
KIR2DS1_7	0	0	0
KIR2DS3_3	0	0	0
KIR2DL5A_3	0	0	0
KIR3DS1_3	0	0	0
KIR2DL4_20	0	0	0
KIR2DL1_18	0	0	0
LOC101928804_23	0	0	0
KIR2DL3_18	0	0	0
KIR3DL3_26	0	0	0
LILRP2_24	0	0	0
KIR3DL2_28	0	0	0
KIR2DS4_18	0	0	0
KIR3DL1_17	0	0	0
KIR2DL4_21	0	0	0
LOC128966728	0	0	0
KIR2DL2_4	0	0	0
KIR2DS2_5	0	0	0
KIR3DL3_27	0	0	0
LILRP2_25	0	0	0
KIR3DL2_29	0	0	0
KIR2DS4_19	0	0	0
KIR3DL1_18	0	0	0
KIR2DL4_22	0	0	0
KIR2DL1_19	0	0	0
LOC101928804_24	0	0	0
KIR2DL3_19	0	0	0
KIR3DL3_28	0	0	0
LILRP2_26	0	0	0
KIR3DL2_30	0	0	0
KIR2DS1_8	0	0	0
KIR2DS5_2	0	0	0
KIR2DL5A_4	0	0	0
KIR3DS1_4	0	0	0
KIR2DL4_23	0	0	0
LOC128966729	0	0	0
KIR2DL2_5	0	0	0
KIR2DS2_6	0	0	0
KIR3DL3_29	0	0	0
LILRP2_27	0	0	0
KIR3DL2_31	0	0	0
KIR2DS4_20	0	0	0
KIR3DL1_19	0	0	0
KIR2DL4_24	0	0	0
KIR2DL1_20	0	0	0
LOC101928804_25	0	0	0
KIR2DL3_20	0	0	0
KIR3DL3_30	0	0	0
LILRP2_28	0	0	0
KIR3DL2_32	0	0	0
KIR2DS4_21	0	0	0
KIR3DL1_20	0	0	0
KIR2DL4_25	0	0	0
KIR2DL1_21	0	0	0
LOC101928804_26	0	0	0
KIR2DS5_3	0	0	0
KIR2DL5B_3	0	0	0
KIR2DS2_7	0	0	0
KIR3DL3_31	0	0	0
LILRP2_29	0	0	0
KIR3DL2_33	0	0	0
KIR2DS4_22	0	0	0
KIR3DL1_21	0	0	0
KIR2DL4_26	0	0	0
KIR2DL1_22	0	0	0
LOC101928804_27	0	0	0
KIR2DL3_21	0	0	0
KIR3DL3_32	0	0	0
LILRP2_30	0	0	0
KIR3DL2_34	0	0	0
KIR2DS1_9	0	0	0
KIR2DS3_4	0	0	0
KIR2DL5A_5	0	0	0
KIR3DS1_5	0	0	0
KIR2DL4_27	0	0	0
LOC128966730	0	0	0
KIR2DL2_6	0	0	0
KIR2DS2_8	0	0	0
KIR3DL3_33	0	0	0
LILRP2_31	0	0	0
KIR3DL3_34	0	0	0
KIR2DL3_22	0	0	0
LOC101928804_28	0	0	0
KIR2DL1_23	0	0	0
KIR2DL4_28	0	0	0
KIR3DL1_22	0	0	0
KIR2DS4_23	0	0	0
KIR3DL2_35	0	0	0
FCAR_6	0	0	0
NCR1_12	0	0	0
LILRP2_32	0	0	0
KIR3DL3_35	0	0	0
KIR2DL3_23	0	0	0
LOC101928804_29	0	0	0
KIR2DL1_24	0	0	0
KIR2DL4_29	0	0	0
KIR3DL1_23	0	0	0
KIR3DL2_36	0	0	0
KIR2DS4_24	0	0	0
KIR3DL1_24	0	0	0
KIR2DL4_30	0	0	0
KIR2DL1_25	0	0	0
LOC101928804_30	0	0	0
KIR2DL3_24	0	0	0
KIR3DL3_36	0	0	0
LILRP2_33	0	0	0
LILRP2_34	0	0	0
KIR3DL3_37	0	0	0
KIR2DL3_25	0	0	0
LOC101928804_31	0	0	0
KIR2DL1_26	0	0	0
KIR2DL4_31	0	0	0
KIR3DL1_25	0	0	0
KIR2DS4_25	0	0	0
KIR3DL2_37	0	0	0
FCAR_7	0	0	0
NCR1_13	0	0	0
LILRP2_35	0	0	0
KIR3DL3_38	0	0	0
KIR2DS2_9	0	0	0
KIR2DL5B_4	0	0	0
KIR2DS3_5	0	0	0
LOC101928804_32	0	0	0
KIR2DL1_27	0	0	0
KIR2DL4_32	0	0	0
KIR3DS1_6	0	0	0
KIR2DL5A_6	0	0	0
LOC102725023_2	0	0	0
KIR2DS1_10	0	0	0
KIR3DL2_38	0	0	0
FCAR_8	0	0	0
NCR1_14	0	0	0
KIR3DL3_39	0	0	0
KIR2DL3_26	0	0	0
LOC101928804_33	0	0	0
KIR2DL1_28	0	0	0
KIR2DL4_33	0	0	0
KIR3DL1_26	0	0	0
KIR2DS4_26	0	0	0
KIR3DL2_39	0	0	0
FCAR_9	0	0	0
NCR1_15	0	0	0
LILRP2_36	0	0	0
KIR3DL3_40	0	0	0
KIR2DS2_10	0	0	0
KIR2DL2_7	0	0	0
LOC128966731	0	0	0
KIR2DL4_34	0	0	0
KIR3DL1_27	0	0	0
KIR2DS4_27	0	0	0
KIR3DL2_40	0	0	0
FCAR_10	0	0	0
NCR1_16	0	0	0
KIR3DL3_41	0	0	0
KIR2DL3_27	0	0	0
LOC101928804_34	0	0	0
KIR2DL1_29	0	0	0
KIR2DL4_35	0	0	0
KIR3DL1_28	0	0	0
KIR2DS4_28	0	0	0
KIR3DL2_41	0	0	0
FCAR_11	0	0	0
NCR1_17	0	0	0
KIR3DL2_42	0	0	0
KIR2DS4_29	0	0	0
KIR3DL1_29	0	0	0
KIR2DL4_36	0	0	0
LOC128966732	0	0	0
KIR2DL1_30	0	0	0
LOC101928804_35	0	0	0
KIR2DS5_4	0	0	0
KIR2DL5B_5	0	0	0
KIR2DL3_28	0	0	0
KIR3DL3_42	0	0	0
LILRP2_37	0	0	0
KIR3DL2_43	0	0	0
KIR2DS4_30	0	0	0
KIR3DL1_30	0	0	0
KIR2DL4_37	0	0	0
KIR2DL1_31	0	0	0
LOC101928804_36	0	0	0
KIR2DL3_29	0	0	0
KIR3DL3_43	0	0	0
LILRP2_38	0	0	0
KIR3DL2_44	0	0	0
KIR2DS4_31	0	0	0
KIR3DL1_31	0	0	0
KIR2DL4_38	0	0	0
KIR2DL1_32	0	0	0
LOC101928804_37	0	0	0
KIR2DS5_5	0	0	0
KIR2DL5B_6	0	0	0
KIR2DS2_11	0	0	0
KIR3DL3_44	0	0	0
LILRP2_39	0	0	0
KIR3DL2_45	0	0	0
KIR2DS4_32	0	0	0
KIR3DL1_32	0	0	0
KIR2DL4_39	0	0	0
KIR2DL1_33	0	0	0
LOC101928804_38	0	0	0
KIR2DL3_30	0	0	0
KIR3DL3_45	0	0	0
LILRP2_40	0	0	0
KIR3DL2_46	0	0	0
KIR2DS1_11	0	0	0
KIR2DS5_6	0	0	0
KIR2DL5A_7	0	0	0
KIR3DS1_7	0	0	0
KIR2DL4_40	0	0	0
LOC128966733	0	0	0
KIR2DL2_8	0	0	0
KIR2DS2_12	0	0	0
KIR3DL3_46	0	0	0
LILRP2_41	0	0	0
TRNF	0	0	0
RNR1	12519	4	12517
TRNV	0	0	0
RNR2	188396	75	188324
TRNL1	0	0	0
ND1	74334	153	74182
TRNI	0	0	1
TRNQ	0	215	10
TRNM	0	0	0
ND2	71159	105	71058
TRNW	0	0	6
TRNA	0	21	0
TRNN	0	2	0
TRNC	0	2	0
TRNY	0	1594	1
COX1	381225	297	409166
TRNS1	0	18609	27
TRND	0	0	0
COX2	124111	411	123703
TRNK	0	0	0
ATP8	52	0	52
ATP6	61091	886	60211
COX3	113084	835	112254
TRNG	0	0	0
ND3	3188	206	2983
TRNR	0	0	0
ND4L	7934	54	7883
ND4	227939	1532	226416
TRNH	0	0	0
TRNS2	0	0	0
TRNL2	0	0	0
ND5	73314	5081	87303
ND6	11460	29652	869
TRNE	0	74	5
CYTB	76190	295	76155
TRNT	0	0	12
TRNP	2197	2346	8
