N_unmapped	517821	517821	517821
N_multimapping	1472160	1472160	1472160
N_noFeature	587630	15722095	675766
N_ambiguous	1347771	84489	589889
DDX11L1	0	0	0
WASH7P	318	0	318
MIR6859-1	0	0	0
MIR1302-2HG	0	0	0
MIR1302-2	0	0	0
FAM138A	0	0	0
OR4F5	0	0	0
LOC124903816	0	0	0
LOC124900384	4	0	4
LOC729737	2	0	2
LOC124903814	0	0	0
DDX11L17	0	0	0
WASH9P	56	0	56
MIR6859-2	0	0	0
LOC127239154	1	0	1
LOC124903815	0	0	0
LOC124900618	0	0	0
LOC112268260	0	0	0
OR4F29	0	0	0
LOC100132287	0	0	0
LOC124904706	0	0	0
LOC105378947	0	0	0
LOC101928626	0	0	0
MIR12136	2	2	0
OR4F16	0	0	0
LOC100288069	83	0	83
LINC01409	2	0	2
LOC124903817	6	4	2
FAM87B	1	1	0
LINC00115	18	0	19
LINC01128	115	1	115
LOC107984850	0	0	0
FAM41C	0	0	0
LOC284600	144	347	115
LINC02593	158	12	328
LOC107985728	211	9	342
SAMD11	1720	247	1990
NOC2L	2799	284	3026
KLHL17	401	4	397
PLEKHN1	88	6	102
PERM1	14	34	0
HES4	1424	5	1419
ISG15	19747	13	19734
AGRN	10708	11	10697
LOC100288175	64	16	80
LOC105378948	15	31	16
RNF223	61	0	61
C1orf159	574	0	574
LOC124903819	0	0	0
LOC124903820	1	1	0
LINC01342	0	0	0
MIR200BHG	0	0	0
MIR200B	0	0	0
MIR200A	0	0	0
MIR429	0	0	0
TTLL10-AS1	0	0	0
TTLL10	0	0	0
TNFRSF18	0	0	0
TNFRSF4	0	0	0
SDF4	5439	3	5436
B3GALT6	553	1	552
C1QTNF12	9	5	4
UBE2J2	879	0	879
LINC01786	14	0	14
SCNN1D	68	0	68
ACAP3	751	0	751
MIR6726	0	0	0
SNORD167	0	0	0
PUSL1	459	16	478
INTS11	1342	72	1305
MIR6727	0	0	0
CPTP	693	1	692
TAS1R3	13	3	11
DVL1	1836	13	1824
MIR6808	0	0	0
MXRA8	91	80	11
AURKAIP1	1863	3	1860
CCNL2	1952	0	1952
MRPL20-AS1	320	114	318
MRPL20	754	2	864
MRPL20-DT	60	0	60
ANKRD65	0	0	0
ANKRD65-AS1	0	0	0
TMEM278	0	0	0
LINC01770	0	0	0
LOC107985729	0	0	0
VWA1	1	0	1
ATAD3C	0	0	0
ATAD3B	554	0	554
ATAD3A	1049	0	1049
TMEM240	2	0	2
SSU72	1589	1	1588
SSU72-AS1	3	0	3
FNDC10	1	0	1
LOC105378586	0	0	0
MIB2	154	41	612
LOC124903821	15	513	1
MMP23B	8	0	8
CDK11B	700	1	699
SLC35E2B	991	21	970
MMP23A	2	0	2
CDK11A	230	1	229
SLC35E2A	191	3	188
LOC112268218	0	212	0
NADK	2234	4	2442
GNB1	2316	2	2316
GNB1-DT	6	2	6
LOC124903822	5	0	5
CALML6	1	0	1
TMEM52	13	0	13
CFAP74	1	0	1
LOC107984872	0	0	0
LOC105378589	0	0	0
GABRD	0	0	0
LOC105378590	0	0	0
PRKCZ	200	53	284
PRKCZ-DT	0	0	0
PRKCZ-AS1	10	10	2
FAAP20	345	90	418
LOC112268219	17	35	0
LOC105378593	2	6	5
LOC124903823	0	1	0
SKI	781	0	781
LOC124903824	0	0	0
MORN1	143	0	143
LOC100129534	55	0	55
RER1	1336	154	1636
PEX10	249	301	402
PLCH2	0	0	0
PANK4	0	0	0
HES5	0	0	0
TNFRSF14-AS1	0	0	0
TNFRSF14	0	0	0
LOC100996583	0	0	0
PRXL2B	0	0	0
MMEL1	0	0	0
MMEL1-AS1	0	0	0
TTC34	0	0	0
LOC105378602	0	0	0
LOC105378601	0	0	0
LOC112268220	0	0	0
LOC107985732	0	0	0
LOC105378600	0	0	0
LOC105378598	0	0	0
LOC107984904	0	0	0
LOC105378599	0	0	0
LOC124903825	0	0	0
LOC124903826	0	0	0
ACTRT2	0	0	0
LOC124903827	0	0	0
PRDM16-DT	0	0	0
PRDM16	0	0	0
MIR4251	0	0	0
LOC105378606	0	0	0
LOC107984909	0	0	0
LOC105378605	0	0	0
LOC124903828	1	0	1
LOC105378604	0	0	0
ARHGEF16	541	3	538
MEGF6	563	1	562
LOC105378608	4	0	4
MIR551A	0	0	0
TPRG1L	531	0	531
WRAP73	349	0	349
TP73	9	13	9
TP73-AS3	0	0	0
TP73-AS2	0	0	0
GFOD3P	294	1	306
CCDC27	0	0	0
SMIM1	21	0	21
LRRC47	897	13	884
CEP104	319	2	317
LOC124903829	2	0	2
DFFB	91	0	91
C1orf174	203	1	202
LINC01134	4	0	4
LINC01346	0	0	0
LINC01345	0	0	0
LINC02780	0	0	0
LINC01777	0	0	0
LOC105376674	0	0	0
LOC124904578	0	0	0
LINC01646	0	0	0
AJAP1	0	0	0
LINC02781	0	0	0
LOC124904589	0	0	0
LOC102724429	0	0	0
LINC02782	0	0	0
LOC105376682	0	0	0
LOC124904590	0	0	0
LOC107984911	0	0	0
LOC105376686	0	0	0
LOC124900451	0	0	0
LOC124903830	0	0	0
MIR4689	0	0	0
NPHP4	375	1	375
KCNAB2	441	1	441
LOC124903831	0	0	0
CHD5	1	0	1
RPL22	3051	2	3049
RNF207-AS1	10	2	8
RNF207	314	15	312
ICMT	1513	9	1517
ICMT-DT	16	0	16
HES3	0	0	0
GPR153	485	2	483
ACOT7	933	1	932
HES2	293	0	293
ESPN	238	13	241
MIR4252	0	0	0
TNFRSF25	63	3	76
PLEKHG5	162	0	162
NOL9	196	0	196
TAS1R1	1	0	1
LOC107984912	0	0	0
ZBTB48	199	7	192
KLHL21	597	0	597
LOC107984913	2	0	2
PHF13	431	0	431
THAP3	179	645	193
DNAJC11	783	15	1427
LINC01672	0	0	0
LOC124904847	0	0	0
CAMTA1-DT	5	0	5
CAMTA1	363	0	363
LOC124903832	2	0	2
CAMTA1-AS3	0	0	0
CAMTA1-IT1	0	0	0
CAMTA1-AS2	0	0	0
CAMTA1-AS1	0	0	0
LOC105376691	0	0	0
LOC105376689	0	0	0
VAMP3	1236	0	1236
PER3	45	0	56
LOC124903833	0	11	0
UTS2	1	0	1
TNFRSF9	9	0	9
PARK7	2911	2	2909
LOC124903834	11	3	8
ERRFI1	646	4	642
ERRFI1-DT	1	0	1
LOC107984915	0	0	0
LINC01714	0	0	0
LOC105376695	0	0	0
LINC03154	0	0	0
SLC45A1	0	0	0
RERE	860	0	860
RERE-AS1	0	0	0
SNORD128	0	0	0
LOC124900452	0	0	0
ENO1	51150	19	51156
MIR6728	0	0	0
ENO1-AS1	39	58	6
LINC03153	0	0	0
CA6	0	0	0
SLC2A7	1	0	1
SLC2A5	59	0	59
LOC124900441	0	0	0
GPR157	317	0	317
MIR34AHG	63	3	63
MIR34A	0	0	0
LNCTAM34A	8	0	11
H6PD	930	0	930
LOC124903836	2	1	1
SPSB1	410	0	410
LINC02606	6	0	6
SLC25A33	231	0	231
TMEM201	403	0	403
LOC124903837	0	0	0
PIK3CD	79	28	87
LOC105376712	0	0	0
PIK3CD-AS1	0	0	0
PIK3CD-AS2	2	0	2
LOC124903839	0	8	0
CLSTN1	3256	2	3282
CTNNBIP1	86	0	165
CTNNBIP1-AS1	0	46	0
LOC105376717	0	33	0
LOC124903838	0	0	0
LZIC	234	0	240
NMNAT1	126	8	124
TMEM274P	1	1	0
MIR5697	0	0	0
LOC124903840	0	0	0
RBP7	0	0	0
UBE4B	765	0	765
KIF1B	584	1	583
PGD	2718	0	2718
CENPS-CORT	0	0	0
CENPS	1	0	1
CORT	1	1	0
DFFA	1032	0	1032
PEX14	412	0	413
CASZ1	198	0	198
LOC105376733	0	1	0
LOC105376735	0	0	0
CIROZ	1	0	1
TARDBP	1922	2	1922
MASP2	1	3	0
SRM	1813	1	1812
EXOSC10	1410	19	1486
EXOSC10-AS1	1	79	17
MTOR	1553	0	1615
MTOR-AS1	0	62	0
LOC124904848	0	0	0
ANGPTL7	3	3	0
UBIAD1	355	1	354
LOC105376737	0	0	0
LOC105376739	0	0	0
LOC105376740	0	0	0
LOC124903841	0	0	0
DISP3	11	0	11
LOC124903842	0	0	0
LINC01647	1	0	1
FBXO2	63	0	65
FBXO44	124	7	119
FBXO6	1	1	0
MAD2L2	799	0	799
DRAXIN	0	0	0
AGTRAP	747	0	747
C1orf167	0	146	71
C1orf167-AS1	0	0	0
MTHFR	206	71	352
CLCN6	213	0	213
NPPA-AS1	0	0	4
NPPA	1	5	0
NPPB	0	0	0
RNU5E-1	1	0	1
LOC124903843	0	0	0
KIAA2013	1748	0	1748
PLOD1	4572	1	4571
MFN2	2543	1	2542
MIIP	898	1	897
MIR6729	0	0	0
TNFRSF8	41	0	41
MIR7846	0	0	0
TNFRSF1B	1	0	1
LOC124903844	0	0	0
MIR4632	0	0	0
VPS13D	617	0	617
LOC124903845	0	0	0
SNORA59A	0	0	0
LINC02766	0	0	0
DHRS3	791	0	791
MIR6730	0	0	0
AADACL4	0	0	0
LOC124903846	1	0	1
AADACL3	0	0	0
LOC124904811	0	0	0
CFAP107	0	0	0
PRAMEF12	0	0	0
PRAMEF1	0	0	0
LINC01784	0	0	0
PRAMEF11	0	0	0
HNRNPCL1	0	0	0
PRAMEF2	0	0	0
PRAMEF4	0	0	0
PRAMEF10	0	0	0
PRAMEF7	0	0	0
PRAMEF6	0	0	0
PRAMEF27	0	0	0
HNRNPCL3	0	0	0
PRAMEF25	0	0	0
PRAMEF34P	0	0	0
HNRNPCL2	0	0	0
PRAMEF36P	0	0	0
PRAMEF26	0	0	0
HNRNPCL4	0	0	0
PRAMEF9	0	0	0
PRAMEF13	0	0	0
PRAMEF18	0	0	0
PRAMEF5	0	0	0
PRAMEF8	0	0	0
PRAMEF33	0	0	0
PRAMEF15	0	0	0
PRAMEF14	0	0	0
PRAMEF19	0	0	0
PRAMEF17	0	0	0
PRAMEF20	0	0	0
LRRC38	0	0	0
LOC102724856	0	0	0
LOC107984918	0	0	0
PDPN	0	0	0
LOC105378612	0	0	0
LOC105376756	0	0	0
LOC124900446	0	0	0
PRDM2	173	0	173
KAZN	29	5	29
LOC107985467	0	0	0
LOC124903847	0	0	0
KAZN-AS1	0	0	0
LOC124903850	0	0	0
LOC105376759	0	0	0
LOC124903848	0	0	0
LOC107985469	0	0	0
LOC124903849	0	0	0
TMEM51-AS1	3	0	8
TMEM51	137	1	136
TMEM51-AS2	0	0	0
FHAD1	10	17	10
LOC124903853	9	0	11
LOC124903852	6	0	12
FHAD1-AS1	6	5	9
LOC124903851	2	0	2
EFHD2-AS1	3	2	3
EFHD2	2832	1	2833
CTRC	4	1	3
CELA2A	0	1	0
LOC105376767	0	0	1
CELA2B	10	15	0
CASP9	679	0	684
DNAJC16	276	11	268
SCARNA21B	0	0	0
AGMAT	117	1	119
LOC124903854	0	0	0
DDI2	265	0	265
RSC1A1	0	0	0
PLEKHM2	1299	3	1296
SLC25A34	6	1	6
SLC25A34-AS1	0	0	1
TMEM82	11	0	11
FBLIM1	249	0	249
UQCRHL	339	1	338
SPEN-AS1	31	11	31
SPEN	1027	0	1038
LOC124904815	0	0	0
ZBTB17	361	7	356
LOC124903855	4	2	4
SRARP	0	0	0
HSPB7	979	10	969
CLCNKA	19	0	19
CLCNKB	1	0	1
FAM131C	159	0	159
EPHA2	1810	1	1809
EPHA2-AS1	18	0	18
ARHGEF19	3	0	3
ANO7L1	0	0	0
CPLANE2	0	0	0
FBXO42	0	0	0
SZRD1	0	0	0
SPATA21	0	0	0
NECAP2	0	0	0
LINC01772	0	0	0
CROCCP3	4	0	4
RNU1-1	0	0	0
TRN-GTT5-1	0	0	0
LINC01783	0	0	0
TRE-TTC4-1	0	0	0
LOC124903856	0	0	0
TRG-CCC1-1	0	0	0
NBPF1	40	0	40
CROCCP2	6	0	6
MST1P2	6	0	6
RNU1-3	0	0	0
LOC124903857	0	0	0
TRG-CCC4-1	0	0	0
ESPNP	0	0	0
LOC124903858	0	0	0
TRG-CCC5-1	0	0	0
LOC124903859	0	0	0
RNU1-4	0	0	0
MST1L	0	0	0
MIR3675	0	0	0
TRG-CCC1-2	0	0	0
LINC03126	0	0	0
TRE-TTC3-1	0	0	0
LOC105376805	0	0	0
TRN-GTT4-1	0	0	0
RNU1-2	0	0	0
CROCC	1	0	1
MFAP2	0	0	0
LOC105376806	0	0	0
ATP13A2	0	0	0
SDHB	3	0	3
PADI2	0	0	0
LOC124903861	0	0	0
LOC105376808	0	0	0
LINC02783	0	0	0
PADI1	0	0	0
PADI3	0	0	0
MIR3972	0	0	0
PADI4	0	0	0
PADI6	0	0	0
RCC2	0	0	0
RCC2-AS1	0	0	0
LOC124903862	1	0	1
LOC124904837	0	0	0
ARHGEF10L	618	0	618
LINC02810	0	0	0
ACTL8	68	0	68
LOC105376809	0	0	0
LOC105376812	0	0	0
LINC01654	0	0	0
IGSF21	0	0	0
IGSF21-AS1	0	0	0
LOC124903864	0	0	0
LOC124903863	0	0	0
LOC124903865	0	0	0
KLHDC7A	2	0	2
PAX7	0	0	0
TAS1R2	0	0	0
ALDH4A1	451	0	451
MIR4695	0	0	0
MIR1290	0	0	0
LOC124903866	1	0	1
IFFO2	120	0	120
LOC105376815	0	0	0
UBR4	4134	0	4134
EMC1-AS1	6	159	10
EMC1	1399	14	1548
MRTO4	1110	6	1105
AKR7L	12	1	11
AKR7A3	24	0	24
LOC124903867	13	15	0
LOC100506730	53	1	53
AKR7A2	720	0	722
SLC66A1	287	0	287
CAPZB	1909	1	1909
LOC124903868	0	0	0
LOC124903869	0	1	0
LOC105376819	2	2	0
LOC105376818	0	0	0
LOC105376817	0	0	0
LOC124904816	0	0	0
MICOS10-DT	0	0	0
MICOS10-NBL1	0	0	0
MICOS10	145	0	145
RPS14P3	6	0	6
NBL1	3	0	3
HTR6	3	3	0
TMCO4	549	1	548
RNF186	0	0	0
RNF186-AS1	0	0	0
LOC105376823	0	0	0
OTUD3	206	0	206
PLA2G2E	0	0	0
PLA2G2A	0	0	0
PLA2G5	0	0	0
PLA2G2D	0	0	0
PLA2G2F	0	0	0
LOC117779438	0	0	0
PLA2G2C	0	0	0
UBXN10	0	0	0
LOC105376825	0	0	0
LOC105376826	1	0	1
LINC01757	0	0	0
LOC105376828	0	0	0
VWA5B1	0	0	0
LOC124903870	0	0	0
LINC01141	0	0	0
LOC124903871	0	0	0
CAMK2N1	125	0	125
MUL1	609	1	608
FAM43B	0	0	0
CDA	903	0	903
PINK1	445	33	1963
MIR6084	0	0	0
PINK1-AS	17	1526	42
DDOST	3106	2	3104
KIF17	3	0	3
SH2D5	25	0	25
HP1BP3	2087	0	2087
EIF4G3	781	2	779
LOC105376830	1	1	0
LOC105376829	0	0	0
MIR1256	0	0	0
ECE1	2581	3	2578
LOC124903872	0	0	0
ECE1-AS1	1	1	0
LOC105376832	0	0	0
NBPF3	24	0	24
ALPL	0	0	0
LINC02596	0	0	0
RAP1GAP	227	0	227
USP48	526	0	526
LDLRAD2	3	1399	2
HSPG2	4900	7	6291
CELA3B	0	0	0
CELA3A	0	0	0
LINC01635	1	4	0
LINC00339	102	0	105
CDC42	1891	0	1891
WNT4	0	0	1
LOC105376845	2	1	2
LOC105376850	7	0	7
LOC107985377	0	0	0
MIR4418	0	0	0
LOC105376856	0	0	0
ZBTB40	584	0	584
EPHA8	5	0	5
MIR6127	0	0	0
C1QA	0	0	0
C1QC	0	0	0
C1QB	0	0	0
EPHB2	51	0	55
MIR4684	0	0	0
MIR4253	0	4	0
LOC124903874	0	0	0
LACTBL1	0	0	0
TEX46	1	0	1
KDM1A	1907	11	1896
MIR3115	0	0	0
LUZP1	827	2	825
HTR1D	118	2	116
LINC01355	0	0	0
HNRNPR	0	0	0
ZNF436	0	0	0
ZNF436-AS1	0	0	0
TCEA3	0	0	0
LOC124903875	0	0	0
ASAP3	0	0	0
E2F2	1	0	2
LOC101928163	0	1	0
LOC124903876	0	0	0
LOC105376859	0	0	0
ID3	0	0	0
LOC107984928	3	0	3
MDS2	0	0	0
RPL11	6238	1	6237
ELOA	559	23	657
ELOA-AS1	6	99	28
PITHD1	352	0	352
LOC105376860	3	2	2
LYPLA2	1357	6	1352
GALE	1060	0	1060
HMGCL	332	0	332
LOC105376861	0	0	0
FUCA1	192	0	192
CNR2	0	0	0
MIR378F	0	0	0
LOC124903877	0	0	0
PNRC2	841	1	840
SRSF10	1515	0	1515
LOC105378615	0	0	0
LOC105376863	0	0	0
LOC107984931	0	2	0
MYOM3	10	0	12
MYOM3-AS1	0	0	0
LOC124903878	0	0	0
LOC105376864	0	0	0
IL22RA1	32	0	32
LOC124903879	0	0	0
IFNLR1	0	0	0
LINC02800	0	0	0
GRHL3-AS1	0	0	0
GRHL3	5	0	5
STPG1	58	3	61
NIPAL3	209	3	212
RCAN3AS	0	1	0
RCAN3	130	1	142
NCMAP-DT	0	12	0
NCMAP	0	0	0
SRRM1	1837	0	1837
LOC124904829	0	0	0
CLIC4	2109	0	2109
LOC105376876	0	0	0
RUNX3	93	0	93
MIR6731	0	0	0
RUNX3-AS1	0	0	0
MIR4425	0	0	0
LINC02793	0	0	0
LOC124903880	0	0	0
SYF2	276	0	276
LOC124903881	15	0	15
RSRP1	382	3	402
LOC105376882	0	0	0
RHD	0	21	0
TMEM50A	1115	0	1140
LOC124904823	0	0	0
RHCE	1	23	1
MACO1	256	0	256
LDLRAP1	792	1	791
MAN1C1	17	0	17
SELENON	1233	5	1228
MTFR1L	274	20	536
LOC646471	12	118	3
AUNIP	188	173	188
PAQR7	238	3	235
STMN1	2676	0	2676
MIR3917	0	0	0
LOC105376885	0	0	0
PAFAH2	226	0	226
LOC124900433	0	0	0
EXTL1	2	0	2
SLC30A2	1	1	0
LOC105376910	0	0	0
TRIM63	0	0	0
PDIK1L	72	0	72
FAM110D	60	0	60
C1orf232	0	0	0
ZNF593OS	2	362	1
ZNF593	3	1	363
CNKSR1	273	2	271
CATSPER4	0	0	0
LOC124903882	0	0	0
ZPLD2P	0	0	0
CEP85	477	1	476
SH3BGRL3	1179	3	1176
UBXN11	627	0	627
CD52	0	0	0
CRYBG2	13	0	13
ZNF683	0	0	0
LIN28A	0	0	0
LOC124903883	2	0	2
DHDDS	331	4	327
DHDDS-AS1	5	3	2
HMGN2	2136	0	2136
LOC124903884	0	0	0
RPS6KA1	0	0	0
MIR1976	0	0	0
LOC124904769	0	0	0
LOC124904813	0	0	0
LOC105376888	0	0	0
LOC124900417	3	10	1
LOC101928728	0	0	0
ARID1A	1039	3	1044
PIGV	128	0	128
ZDHHC18	318	0	318
SFN	2764	3	2761
GPN2	442	1	454
GPN2-AS1	0	13	0
GPATCH3	187	3	238
NUDC	1840	52	1842
NR0B2	0	0	0
KDF1	0	0	0
OSTCP2	0	0	0
TRNP1	29	0	29
TENT5B	332	0	332
LOC101928391	1	0	1
SLC9A1	555	0	555
LOC102723760	0	0	0
WDTC1-DT	0	0	0
WDTC1	637	0	637
TMEM222	500	1	499
ACTG1P20	28	0	28
SYTL1	0	0	0
MAP3K6	431	0	431
FCN3	0	0	0
CD164L2	0	0	0
GPR3	17	5	12
WASF2	2376	3	2373
LOC105376892	0	0	0
AHDC1	641	1	640
FGR	1	0	1
LINC02574	0	0	0
IFI6	1120	1	1119
FAM76A	29	0	29
STX12	151	0	151
LOC124903885	1	56	1
PPP1R8	467	0	523
SCARNA1	3	0	3
THEMIS2	0	0	0
RPA2	735	0	735
SMPDL3B	49	0	49
XKR8	117	0	117
EYA3	190	0	190
PTAFR	5	0	5
DNAJC8	1314	0	1314
ATP5IF1	0	0	0
SESN2	0	0	0
MED18	0	0	0
PHACTR4	771	0	771
SNHG3	794	0	794
RCC1	1401	0	1401
SNORA73A	60	0	60
SNORA73B	43	0	43
LOC124904836	0	0	0
TRNAU1AP	353	1	352
SNHG12	199	3	196
SNORD99	7	0	7
SNORA61	0	0	0
SNORA44	0	0	0
SNORA16A	15	0	15
RAB42	557	1	556
TAF12	133	2	133
TAF12-DT	2	0	4
RNU11	0	0	0
GMEB1	153	0	153
LOC124904809	0	0	0
YTHDF2	1222	4	1218
OPRD1	0	0	0
EPB41	601	4	652
LOC124903886	0	0	0
TMEM200B	0	53	2
SRSF4	1084	16	1068
MECR	322	0	322
LOC124903887	4	4	0
PTPRU	1469	0	1469
LINC01756	2	2	0
LOC107984933	0	0	0
LOC107984934	0	0	0
LINC01648	0	0	0
LOC105378617	0	0	0
LOC105378618	0	0	0
LOC124903888	0	0	0
MATN1	2	18	1
MATN1-AS1	26	0	43
LAPTM5	30	0	30
MIR4420	0	0	0
LOC105378620	0	0	0
LOC105378621	0	0	0
LINC01778	0	0	0
LOC400748	0	0	0
SDC3	653	2	651
PUM1	1576	1	1575
SNORD103A	5	0	5
SNORD103B	0	0	0
SNORD103C	0	0	0
LOC124904579	0	0	0
LOC107984935	0	0	0
NKAIN1	10	0	10
SNRNP40	1228	0	1228
ZCCHC17	736	0	736
FABP3	19	17	2
LOC124903892	5	0	5
LOC105378623	0	0	0
SERINC2	1467	4	2184
LOC124903900	2	721	2
LOC105378625	2	0	2
LOC105379772	0	0	0
LDC1P	0	0	0
LINC01226	0	0	0
LOC124903917	2	0	2
LOC105378626	7	0	7
TINAGL1	327	0	327
HCRTR1	3	459	0
PEF1	460	2	1022
PEF1-AS1	3	65	4
COL16A1	129	0	163
LOC101929444	6	9	2
ADGRB2	740	0	740
MIR4254	0	0	0
LOC124903930	0	0	0
SPOCD1	41	0	41
PTP4A2	4276	7	4269
LOC128031832	0	0	0
KHDRBS1	3283	5	3278
TMEM39B	344	0	344
MIR5585	0	0	0
KPNA6	2253	2	2251
TXLNA	744	0	744
CCDC28B	17	6	11
IQCC	90	7	83
DCDC2B	3	24	0
TMEM234	108	0	129
EIF3I	3522	99	3480
MTMR9LP	236	22	271
FAM167B	111	0	111
LCK	2	0	2
HDAC1	1485	0	1485
MARCKSL1	2260	2	2262
LOC124903949	2	6	0
LOC105378629	0	2	0
LOC124903933	16	1	17
FAM229A	95	0	106
TSSK3	101	117	2
BSDC1	989	1	993
ZBTB8B	0	0	0
ZBTB8A	206	2	204
LOC124903952	0	0	0
LOC102723870	10	0	10
ZBTB8OS	252	0	252
RBBP4	1620	181	2354
SYNC	86	748	253
NHSL3	2642	3	2639
YARS1	3028	1	3035
S100PBP	574	17	565
FNDC5	5	4	1
LOC105378631	1	0	1
HPCA	5	0	5
TMEM54	10	0	10
LOC105378632	0	0	0
RNF19B	417	1	416
LOC107984936	0	0	0
AK2	4177	4	4173
LOC124903969	0	0	0
LOC105378635	0	0	0
AZIN2	9	25	1
ZNF362	394	0	394
TRIM62	160	0	177
A3GALT2	5	3	2
PHC2	979	13	966
MIR3605	0	0	0
PHC2-AS1	2	0	2
ZSCAN20	135	0	135
CSMD2	0	0	0
LOC124903976	0	0	0
HMGB4	0	0	0
CSMD2-AS1	0	0	0
C1orf94	0	0	0
LOC105378639	0	0	0
LOC105378641	0	0	0
MIR552	0	0	0
LOC105378642	0	0	0
GJB5	37	0	37
GJB4	2	2	0
GJB3	153	0	153
GJA4	0	0	0
SMIM12	627	0	627
DLGAP3	0	0	0
GPR199P	24	0	24
TMEM35B	110	1	109
ZMYM6	154	0	154
LOC124903990	0	0	0
ZMYM1	290	1	289
LOC105378644	0	0	0
SFPQ	5615	21	5594
ZMYM4	767	1	794
LOC124900419	0	0	0
ZMYM4-AS1	1	29	0
KIAA0319L	1370	1	1370
NCDN	716	0	717
TFAP2E-AS1	2	4	2
TFAP2E	9	8	5
PSMB2	3200	2	3198
LOC105378646	0	0	0
C1orf216	366	1	365
CLSPN	326	1	373
CLSPN-AS1	0	48	0
CLSPN-DT	3	0	3
AGO4	95	0	95
AGO1	542	2	540
AGO3	326	1	339
LOC105378647	2	13	3
TEKT2	0	0	0
ADPRS	778	0	778
COL8A2	1	0	1
TRAPPC3	1003	0	1003
MAP7D1	3158	12	3146
THRAP3	2107	0	2107
SH3D21	88	48	129
EVA1B	0	43	46
STK40	315	0	315
LOC124904012	28	21	7
LSM10	450	1	449
LOC124904013	0	0	0
OSCP1	28	0	28
SNORA63C	0	0	0
LOC107984940	0	0	0
MRPS15	1564	0	1564
CSF3R	0	0	0
LOC107984941	0	0	0
LOC105378648	0	0	0
LOC124904023	0	0	0
GRIK3	0	0	0
LOC124904027	0	0	0
MIR4255	0	0	0
LOC107984942	0	0	0
LITATS1	209	0	209
ZC3H12A	794	3	791
MIR6732	1	0	1
MEAF6	838	0	838
MIR5581	4	0	4
LOC105378649	0	0	0
SNIP1	404	1	403
DNALI1	0	1	0
GNL2	645	0	646
RSPO1	0	0	0
AIRIM	385	0	385
CDCA8	729	1	728
EPHA10	0	0	0
LOC124904835	0	0	0
LOC105378650	0	0	0
MANEAL	756	1	755
YRDC	441	396	766
C1orf122	460	354	827
MTF1	296	0	296
INPP5B	368	1	392
LOC124904043	0	0	0
LOC105378651	0	25	0
SF3A3	1725	1	1724
FHL3	449	0	449
UTP11	453	0	453
POU3F1	0	0	0
MIR3659HG	0	0	0
MIR3659	0	0	0
LINC02786	0	0	0
LOC105378654	0	0	0
LINC01343	0	0	0
LOC105378657	0	0	0
LOC107984943	0	0	0
LINC01685	0	0	0
LOC105378658	0	0	0
LOC105378660	0	0	0
RRAGC	541	2	539
RRAGC-DT	2	0	3
GJA9-MYCBP	1	0	1
MYCBP	0	0	0
GJA9	0	0	0
RHBDL2	28	0	45
LOC105378662	0	17	0
AKIRIN1	1670	1	1669
NDUFS5	1711	0	1711
LOC124904088	10	0	10
MACF1	1476	0	1476
LOC124904101	0	0	0
BMP8A	27	28	20
OXCT2P1	2	0	2
PPIEL	27	5	43
PABPC4	2517	0	3687
PABPC4-AS1	6	1176	0
SNORA55	3	0	3
HEYL	0	0	0
NT5C1A	0	0	0
HPCAL4	3	2	1
PPIE	969	35	982
BMP8B	262	22	288
OXCT2	20	0	20
BMP8B-AS1	2	2	0
LOC101929536	13	1	12
LOC130932201	0	0	0
LINC02811	0	0	0
LOC105378667	0	0	0
TRIT1	366	0	393
MYCL-AS1	3	41	3
MYCL	81	1	94
MFSD2A	59	0	59
LOC105378669	7	3	12
CAP1	1622	9	3760
PPT1	2058	2137	2060
LOC105378671	0	0	0
RLF	321	0	321
TMCO2	0	0	0
ZMPSTE24	1304	0	1304
COL9A2	22	0	22
SMAP2	559	1	558
ZFP69B-DT	0	0	0
ZFP69B	21	0	21
ZFP69	0	0	0
EXO5-DT	0	0	0
EXO5	0	0	0
LOC124904149	0	0	0
ZNF684	41	0	41
LOC105378673	0	0	0
RIMS3	112	0	112
LOC105378675	3	1	2
NFYC-AS1	48	125	52
NFYC	961	8	1085
MIR30E	0	0	0
MIR30C1	0	0	0
KCNQ4	37	0	37
LOC105378676	0	0	0
CITED4	4416	8	4408
LOC124904157	3	1	2
CTPS1	2245	1	2244
SLFNL1-AS1	17	153	20
SLFNL1	8	18	1
SCMH1	685	3	828
SCMH1-DT	0	1	0
LOC124904158	0	0	0
LOC124904159	0	0	0
FOXO6	30	3	27
FOXO6-AS1	0	0	0
LOC105378678	2	0	2
EDN2	265	0	265
HIVEP3	127	0	127
LOC128125817	0	0	0
LOC124904160	0	0	0
LOC124904161	0	0	0
GUCA2B	0	0	0
GUCA2A	0	0	0
FOXJ3	866	2	864
RIMKLA	0	0	0
ZMYND12	0	0	0
CCDC30	7	0	7
PPCS	381	0	381
LOC124904162	0	220	6
PPIH	148	8	366
YBX1	17894	9	17885
CLDN19	0	0	0
P3H1	1753	0	1753
C1orf50	106	0	111
TMEM269-DT	1	7	0
TMEM269	7	0	8
LOC107984946	1	1	0
SVBP	14	14	25
ERMAP	47	32	115
LOC124904163	9	16	9
ZNF691-DT	1	44	14
ZNF691	300	0	300
LOC339539	1	0	1
SLC2A1	3506	17	3494
SLC2A1-DT	20	5	20
CFAP144	0	0	0
EBNA1BP2	1981	0	1987
MIR6733	0	0	0
CFAP57	30	6	30
LOC105378685	0	0	0
LOC124904164	0	0	0
TMEM125	0	0	0
C1orf210	0	0	0
TIE1	0	0	0
MPL	12	4	8
CDC20-DT	13	0	13
CDC20	2930	2	2928
ELOVL1	1668	0	1668
MIR6734	0	0	0
LOC112268225	7	3	4
MED8	700	0	892
MED8-AS1	11	208	0
SZT2	884	507	1408
SZT2-AS1	0	199	1
MIR6735	0	0	0
HYI	0	338	491
HYI-AS1	0	0	0
PTPRF	9055	6	9049
KDM4A	823	33	1202
LOC124904165	2	109	2
KDM4A-AS1	25	291	38
ST3GAL3	262	0	264
ST3GAL3-AS1	0	0	0
LOC124904166	0	0	0
MIR6079	0	0	0
ARTN	24	0	24
LINC02918	7	0	7
LOC101929609	10	0	10
IPO13	816	0	816
DPH2	967	0	967
LOC124904167	2	8	0
ATP6V0B	3481	4	3483
B4GALT2	1769	35	1734
CCDC24	118	30	100
SLC6A9	1621	1	1633
LOC107984948	9	2	7
LOC124904168	0	0	0
KLF17	61	0	61
LOC124904169	5	1	4
KLF18	1	0	1
LOC124904170	0	0	0
DMAP1	954	3	951
ERI3	1169	0	1169
ERI3-IT1	5	0	5
SNORA110	0	0	0
RNF220	675	91	1364
MIR5584	0	0	0
LOC107984950	21	705	79
TMEM53	163	0	163
SNORD145	0	0	0
ARMH1	9	4	32
LOC105378690	2	26	3
RNU5F-1	1	1	0
RNU5D-1	3	0	3
KIF2C	2276	3	2273
SNORD160	1	0	1
RPS8	24428	14	24414
SNORD55	22	0	22
SNORD46	3	0	3
SNORD38A	0	0	0
SNORD38B	31	0	31
BEST4	7	0	7
PLK3	210	0	221
DYNLT4	4	11	4
BTBD19	28	0	28
PTCH2	24	0	24
LOC107984952	2	0	2
EIF2B3	394	0	394
HECTD3	1809	1	1808
UROD	1984	2	1983
ZSWIM5	236	7	230
LOC105378691	0	0	0
LINC01144	29	1	28
HPDL	1528	0	1528
MUTYH	362	101	372
TOE1	578	12	697
TESK2	98	21	97
CCDC163	102	0	102
MMACHC	460	2768	470
PRDX1	6982	23	9737
AKR1A1	1259	1	1258
NASP	1844	16	1828
CCDC17	15	0	15
GPBP1L1	1055	4	1052
RPS15AP10	0	0	0
TMEM69	846	8	861
IPP	160	20	162
LOC105378693	0	0	0
MAST2	1801	4	1797
LOC105378694	0	0	0
P3R3URF-PIK3R3	0	0	0
PIK3R3	44	0	44
LOC124904171	0	0	0
LOC101929626	2	0	2
TSPAN1	77	1	77
P3R3URF	0	0	0
POMGNT1	1632	0	1633
LURAP1	0	0	0
RAD54L	407	35	563
LRRC41	2240	167	2264
UQCRH	3105	0	3105
NSUN4	456	0	456
FAAH	53	0	53
FAAHP1	11	0	11
LINC01398	0	0	0
DMBX1	120	0	120
TMEM275	0	0	0
MKNK1-AS1	2	136	0
KNCN	0	0	0
MKNK1	344	0	478
MOB3C	187	0	187
LOC105378697	0	0	0
ATPAF1	1302	0	1302
TEX38	0	0	0
EFCAB14-AS1	0	114	0
EFCAB14	1369	1	1479
LOC105378698	3	0	3
LOC105378699	0	0	0
CYP4B1	6	0	6
CYP4Z2P	0	0	0
CYP4A11	2	0	2
CYP4X1	23	0	23
LOC124904172	0	0	0
CYP4Z1	0	0	0
CYP4A22-AS1	9	0	9
CYP4A22	1	0	1
LINC00853	1	0	1
PDZK1IP1	82	0	82
TAL1	0	0	0
STIL	454	0	454
CMPK1	1568	6	1563
LINC01389	29	5	25
FOXE3	0	0	0
FOXD2-AS1	46	0	46
FOXD2	48	0	48
LOC124904173	0	0	0
LINC01738	0	0	0
LOC124904174	0	0	0
TRABD2B	194	15	179
LINC02794	0	0	0
SKINT1L	0	0	0
SLC5A9	0	0	0
SPATA6	0	0	0
LOC124904175	0	0	0
AGBL4	0	0	0
BEND5	0	0	0
LOC105378706	0	0	0
AGBL4-AS1	0	0	0
AGBL4-IT1	0	0	0
LOC107984954	0	0	0
LOC105378708	0	0	0
ELAVL4	0	0	0
LOC105378709	0	0	0
ELAVL4-AS1	0	0	0
LOC105378711	0	0	0
LOC105378710	0	0	0
LINC02808	0	0	0
DMRTA2	3	0	3
LOC105378714	0	0	0
FAF1	1206	0	1328
FAF1-AS1	10	132	0
LOC124904727	0	0	0
CDKN2C	1147	44	1103
MIR4421	0	0	0
MIR6500	0	0	0
C1orf185	0	0	0
LINC01562	0	0	1
LOC124904818	0	0	0
RNF11	1201	2	1200
TTC39A	3	2	1
LOC124904177	0	0	0
TTC39A-AS1	0	0	0
EPS15	425	0	425
OSBPL9	882	1	882
EPS15-AS1	0	0	0
CALR4P	3	0	3
LOC105378719	0	0	0
LOC124900447	0	0	0
NRDC	2334	12	2323
MIR761	0	0	0
RAB3B	0	0	0
TXNDC12	864	3	861
KTI12	0	0	0
TXNDC12-AS1	1	1	0
BTF3L4	999	1	998
LOC107984956	1	0	1
ZFYVE9	334	1	333
CC2D1B	844	15	829
ORC1	952	5	947
PRPF38A	972	0	972
TUT4	834	0	835
LOC105378723	0	1	0
GPX7	3	0	3
LOC124904178	0	0	0
SHISAL2A	0	0	0
COA7	621	1	620
ZYG11B	366	0	366
ZYG11A	341	0	341
ECHDC2	388	77	311
SCP2	670	2	668
PODN	3	0	3
SLC1A7	1	0	1
LOC105379783	0	0	0
LOC105378724	0	0	0
CPT2	989	14	1008
CZIB	205	28	282
CZIB-DT	0	72	0
MAGOH	137	0	138
MAGOH-DT	3	34	11
LRP8	1194	10	1355
LOC105378728	9	137	1
LOC105378726	0	1	0
LRP8-DT	0	0	0
LOC105378731	0	0	0
LINC02812	0	0	0
SLC25A3P1	0	0	0
LOC105378733	0	0	0
DMRTB1	0	0	0
GLIS1	58	0	58
LOC124904179	1	0	1
NDC1	1558	0	1558
LOC124900439	0	0	0
YIPF1	511	0	511
DIO1	5	5	0
LOC124904180	1	0	1
IFT25	345	6	350
LOC124904181	5	10	0
LRRC42	1082	0	1088
LDLRAD1	1	0	1
TMEM59	2644	2	2642
TCEANC2	184	0	184
MIR4781	0	0	0
CDCP2	3	0	3
CYB5RL	166	0	166
MRPL37	3917	10	3918
SSBP3	1407	4	1414
SSBP3-AS1	9	6	3
LOC105378735	0	0	0
LINC02784	0	0	0
ACOT11	69	0	115
FAM151A	3	49	0
MROH7-TTC4	1	0	1
MROH7	1	0	1
TTC4	0	0	0
PARS2	200	0	200
TTC22	0	0	0
LOC124904182	0	0	0
CIMAP2	2	2	1
LOC124904183	30	0	31
DHCR24	9356	23	9341
DHCR24-DT	14	1	19
LOC124904184	1	0	3
TRK-CTT7-1	0	0	0
LOC105378736	0	0	0
TMEM61	4	0	4
BSND	3	2	1
PCSK9	4064	6	4058
USP24	1152	48	1104
LOC100507634	5	0	5
MIR4422HG	0	0	0
MIR4422	0	0	0
LOC105378740	0	0	0
LINC01753	0	0	0
LINC01755	0	0	0
LOC105378737	0	0	0
LOC105378741	0	0	0
LOC124904591	0	0	0
LOC124904188	0	0	0
LOC124904187	0	0	0
LOC124904190	0	0	0
LOC124904186	1	0	1
LOC124904185	3	0	3
LINC01767	1	1	0
LOC124904189	0	0	0
PLPP3	431	0	431
LOC101929935	0	2	3
PRKAA2	411	3	413
FYB2	1	1	0
C8A	0	0	0
C8B	0	0	0
LOC112267900	0	0	0
DAB1	0	0	0
LOC105378748	0	0	0
LOC105378747	0	0	0
DAB1-AS1	0	0	0
LOC105378746	0	0	0
LOC107984960	0	0	0
OMA1	118	0	118
TACSTD2	0	0	0
MYSM1	353	0	353
LOC112268263	1	0	1
LOC124904191	0	0	0
LOC105378751	0	0	0
JUN	3387	6	3381
JUN-DT	6	0	6
LOC101926907	11	3	8
LOC107984961	0	0	0
LINC02777	2	0	2
LINC01358	0	0	0
HSD52	0	0	0
FGGY-DT	9	0	11
FGGY	136	4	134
LOC124904192	0	0	0
MIR4711	0	0	0
LOC105378758	0	0	0
LOC101926944	0	0	0
HOOK1	64	0	64
CYP2J2	0	0	0
C1orf87	0	0	0
LINC02778	0	0	0
LOC107984963	0	0	0
LOC105378761	0	0	0
LOC107984962	0	0	0
LOC107985379	0	0	0
LINC01748	0	0	0
LOC124904193	0	0	0
LOC101926964	0	0	0
LOC105378764	0	0	0
NFIA-AS2	0	0	0
NFIA	645	1	644
NFIA-AS1	0	0	0
LOC105378766	0	0	0
LOC107984964	0	0	0
MGC34796	0	0	0
TM2D1	495	0	495
PATJ-DT	7	5	12
PATJ	648	5	653
MIR12132	0	0	0
LOC107984965	0	0	0
MIR3116-1	0	0	0
MIR3116-2	0	0	0
L1TD1	0	0	0
KANK4	0	0	0
LOC105378768	0	0	0
USP1	1628	1	1627
DOCK7	719	2	717
ANGPTL3	2	2	0
DOCK7-DT	3	1	2
LOC124904194	2	0	2
ATG4C	195	0	195
LINC01739	0	0	0
LINC00466	8	1	7
LOC105378770	0	0	0
FOXD3-AS1	34	6	34
FOXD3	6	0	12
MIR6068	0	0	0
LOC124904741	0	0	0
ALG6	326	1	326
ITGB3BP	641	0	643
LOC102724319	0	0	0
EFCAB7	154	0	154
DLEU2L	7	0	7
PGM1	7443	4	7440
LOC105378771	1	0	1
ROR1	73	0	73
LOC105378772	0	0	0
ROR1-AS1	0	0	0
LOC105378773	0	0	0
UBE2U	0	0	0
LOC105378774	0	0	0
LOC124904732	0	0	0
LOC107984966	0	0	0
CACHD1	14	0	14
LOC124904195	0	0	0
MIR4794	0	0	0
RAVER2	586	3	584
JAK1	5540	5	5536
LINC01359	1	0	1
MIR3671	2	0	2
MIR101-1	0	0	0
AK4	329	0	329
DNAJC6	292	0	292
DNAJC6-AS1	0	0	0
LOC112268227	0	0	0
LEPR	103	0	103
LEPROT	1014	0	1014
LOC124904827	0	0	0
PDE4B	181	0	181
PDE4B-AS1	0	0	0
LOC105378776	1	0	1
SGIP1	0	0	0
LOC124904196	0	0	0
MIR3117	0	0	0
DYNLT5	0	0	0
INSL5	0	0	0
DNAI4	5	0	6
MIER1	662	3	712
SLC35D1	714	58	708
C1orf141	0	0	0
LOC124900434	0	0	0
IL23R	0	0	0
IL12RB2	9	9	0
SERBP1	11383	5	11378
LINC01702	0	0	0
LOC105378780	0	0	0
LOC124904197	0	0	0
GADD45A	337	1	336
GNG12	2867	4	2863
LOC105378781	0	0	0
GNG12-AS1	15	122	7
LOC124900403	0	0	0
DIRAS3	12	0	12
WLS	3238	0	3352
MIR1262	0	0	0
LOC105378782	0	0	0
LOC124904198	0	0	0
RPE65	0	0	0
DEPDC1	516	0	651
DEPDC1-AS2	7	142	0
DEPDC1-AS1	1	0	1
LOC107984967	0	0	0
LOC105378783	0	0	0
LINC01707	0	0	0
LOC105378787	0	0	0
LINC02791	0	0	0
LINC01758	0	0	0
LOC105378789	8	0	8
LRRC7	4	2	2
LOC124904199	0	0	0
PIN1P1	0	0	0
LRRC7-AS1	0	0	0
LRRC40	452	0	452
SRSF11	3363	2	3361
ANKRD13C	703	3	703
ANKRD13C-DT	163	2	164
LINC03102	3	3	0
CTH	313	0	313
LOC105378793	0	0	0
LOC105378794	0	0	0
LINC01788	0	0	0
LOC102724572	0	0	0
PTGER3	0	0	0
ZRANB2-AS1	10	392	0
ZRANB2	1606	0	1988
MIR186	3	0	3
ZRANB2-DT	2	0	2
LOC105378795	0	0	0
NEGR1	352	0	352
NEGR1-IT1	0	0	0
LOC105378797	5	0	5
LOC105378796	1	1	0
LOC105378798	1	0	3
LINC02796	0	0	0
LINC02797	0	2	0
LINC01360	0	0	0
LOC105378801	0	0	0
LOC107985391	0	0	0
LOC105378802	0	0	0
LINC02238	0	0	0
LRRIQ3	10	0	10
FPGT-TNNI3K	0	0	0
FPGT	200	0	200
TNNI3K	0	0	0
LRRC53	0	0	0
ERICH3	0	0	0
ERICH3-AS1	0	0	0
CRYZ	502	0	504
TYW3	483	4	481
LHX8-AS1	0	0	0
LHX8	0	0	0
SLC44A5	2	0	2
ACADM	1644	0	1645
DLSTP1	32	32	1
RABGGTB	1025	0	1025
SNORD45C	6	0	6
SNORD45A	22	0	22
SNORD45B	27	0	27
MSH4	1	0	1
ASB17	0	0	0
LOC105378806	0	0	0
LOC101927342	0	0	0
LOC124904200	0	0	0
ST6GALNAC3	0	0	0
LOC105378807	0	0	0
LOC124904201	0	0	0
LINC02567	0	0	0
ST6GALNAC5	0	0	0
MIR7156	0	0	0
PIGK	952	0	952
LOC105378808	21	0	21
AK5	0	0	0
LOC124904202	0	0	0
ZZZ3	613	0	613
USP33	1763	2	1761
MIGA1	393	0	393
NEXN-AS1	8	9	9
NEXN	48	1	57
FUBP1	2830	13	2828
DNAJB4	520	1	530
GIPC2	0	0	0
LOC107984997	0	0	0
MGC27382	2	0	2
PTGFR	2	0	2
IFI44L	381	0	381
IFI44	1637	0	1637
LOC124904203	3	0	3
ADGRL4	4	0	4
LOC107984998	0	0	0
LOC105378810	0	0	0
LOC105378812	0	0	0
LOC105378811	0	0	0
LINC02792	0	0	0
LINC01781	0	0	0
LOC105378813	0	0	0
LOC107985018	0	0	0
ADGRL2	0	0	0
LOC101927434	0	0	0
MED28P8	0	0	0
LOC124904204	0	0	0
LOC105378814	0	0	0
LOC107985396	0	0	0
LINC01362	0	0	0
LINC01361	0	0	0
LOC105378816	0	0	0
LINC01712	0	0	0
LOC107985043	0	0	0
LINC01725	0	0	0
LOC101927560	0	0	0
TTLL7	58	0	58
TTLL7-IT1	1	0	1
LOC124904205	0	0	0
PRKACB	609	2	607
LOC124904808	0	0	0
SAMD13	10	0	10
UOX	0	0	0
DNASE2B	0	0	0
RPF1	607	23	606
GNG5	2999	7	3021
SPATA1	7	142	7
CTBS	305	0	437
LOC105378819	1	0	1
LINC01461	1	0	1
LINC01555	0	0	0
LOC124904206	0	0	0
SSX2IP	585	0	585
LOC102724892	0	0	0
LPAR3	0	0	0
MCOLN2	0	0	0
MCOLN3	0	0	0
DNAI3	0	0	0
MIR4423	0	0	0
SYDE2	126	0	126
LOC124904207	2	0	2
LOC105378821	0	0	0
C1orf52	408	0	408
BCL10	330	8	385
BCL10-AS1	2	55	10
DDAH1	926	4	922
LOC124904208	3	0	3
CCN1	4622	6	4616
LOC124900422	0	0	0
LOC112268231	0	4	0
LOC107985057	0	0	4
ZNHIT6	382	0	382
LOC105378823	0	0	0
COL24A1	0	0	0
LINC02795	0	0	0
LOC105378825	0	0	0
ODF2L	284	0	284
MIR7856	0	0	0
CLCA2	34	0	34
CLCA1	0	0	0
LOC124904210	0	0	0
LOC105378827	0	0	0
LOC105378826	0	0	0
CLCA4	0	0	0
CLCA4-AS1	3	0	5
CLCA3P	0	0	0
SH3GLB1	1263	4	1261
LOC105378831	0	0	0
SELENOF	3045	0	3046
HS2ST1	963	2	962
LOC124904211	0	0	0
LINC01140	26	0	26
LINC02801	0	0	0
LMO4	2734	0	2734
LINC01364	0	0	0
LOC105378833	5	0	5
LOC105378834	0	0	0
LOC107985408	0	0	0
LOC105378835	0	0	0
LOC107985518	0	0	0
LOC124904212	1	0	1
LINC01773	0	0	0
LOC101927871	0	0	0
LOC105378836	0	0	0
LOC105378839	0	0	0
PKN2-AS1	3	0	4
LOC105378838	0	0	0
PKN2	1271	2	1270
LOC124904213	0	0	0
LOC124904214	3	0	3
GTF2B	461	0	461
KYAT3	368	0	368
RBMXL1	429	0	429
LOC124904215	0	0	0
GBP3	106	0	106
LOC105378841	0	0	0
GBP1	7	0	7
GBP2	31	0	42
LOC112268267	1	12	0
LOC105378842	0	0	0
GBP7	0	0	0
GBP4	2	0	2
LOC107985076	0	0	0
GBP5	11	0	11
LOC729930	0	0	0
GBP6	0	0	0
GBP1P1	0	0	0
LOC105378844	0	0	0
LRRC8B	111	1	110
LOC124904216	0	0	0
LOC128092251	0	0	0
LRRC8C	2	0	2
LRRC8C-DT	0	0	0
LOC107985743	0	0	0
LOC124904833	0	0	0
LOC107985744	0	0	0
LOC101927975	0	0	0
LRRC8D-DT	21	134	42
LRRC8D	1536	21	1670
LOC105378847	4	0	4
GEMIN8P4	95	5	90
ZNF326	594	0	594
LOC105378848	0	0	0
LOC105378849	0	0	0
LOC107985088	0	0	0
LOC105378850	0	0	0
LOC105378851	0	0	0
LINC02787	0	0	0
SNORD3G	0	0	0
BARHL2	0	0	0
LINC02609	0	0	0
LOC124904217	0	0	0
LINC02788	0	0	0
LINC01763	0	0	0
ZNF644	396	0	396
HFM1	0	0	0
LOC107985417	0	0	0
LOC105378856	0	0	0
CDC7	338	1	337
LOC102723436	1	1	0
TGFBR3	640	3	637
BRDT	0	0	0
LOC124904218	0	0	0
EPHX4	0	0	0
SETSIP	0	0	0
BTBD8	1	0	1
C1orf146	0	0	0
GLMN	229	9	221
RPAP2	315	0	316
GFI1	1	0	1
EVI5	293	0	293
RPL5	17014	10	17005
DIPK1A	192	36	157
SNORD21	7	0	7
SNORA66	9	0	9
LOC124904219	0	0	0
MTF2	540	0	540
TMED5	1252	10	1419
CCDC18	172	180	196
LOC107985521	0	25	1
CCDC18-AS1	51	0	52
DR1	1568	0	1568
FNBP1L	769	0	769
TRC-GCA7-1	0	0	0
BCAR3	1727	27	1993
BCAR3-AS1	0	290	1
LOC102723480	59	0	61
MIR760	0	0	0
TRR-TCT1-1	0	0	0
DNTTIP2	727	0	727
GCLM	612	0	612
LOC124904221	0	0	0
ABCA4	75	0	75
LOC124904222	0	0	0
LOC105378858	1	0	1
LOC124904821	0	0	0
ARHGAP29	439	0	439
ARHGAP29-AS1	0	0	0
ABCD3	1046	0	1046
F3	161	0	161
LOC124904223	8	0	8
MIR12133	0	0	0
LOC105378861	0	0	0
SLC44A3-AS1	0	0	0
MIR378G	0	0	0
SLC44A3	11	1	10
CNN3	0	0	0
CNN3-DT	0	0	0
ALG14	130	0	130
LOC124904224	0	0	0
LOC105378863	0	0	0
ALG14-AS1	0	0	0
TLCD4	340	0	340
TLCD4-RWDD3	8	0	8
RWDD3-DT	1	0	1
RWDD3	57	0	57
LINC01760	0	0	0
LOC105378864	0	0	0
LOC105379825	0	0	0
LINC01650	0	0	0
LOC107985420	0	0	0
LINC01761	0	0	0
LINC02607	0	0	0
LOC101928219	1	0	1
LOC124904592	0	0	0
LINC02790	0	0	0
LINC01787	0	0	0
LOC105378866	0	0	0
PTBP2	240	0	240
DPYD	278	0	327
DPYD-AS1	0	48	0
LOC105378867	0	1	0
LOC124904226	0	0	0
LOC124904225	0	0	0
DPYD-AS2	0	0	0
LINC01930	0	0	0
LOC124904227	0	0	0
MIR137HG	0	0	0
LOC124904228	1	1	0
MIR2682	0	0	0
MIR137	0	0	0
LOC124900404	0	0	0
LINC01776	0	0	0
LOC124904229	0	0	0
SNX7-DT	0	0	0
SNX7	1	1	0
PLPPR5	0	0	0
PLPPR5-AS1	0	0	0
PLPPR4	0	0	0
LOC107985093	0	0	0
LINC01708	0	0	0
PALMD	422	0	422
FRRS1	152	0	152
AGL	610	0	610
LOC124904230	36	0	39
SLC35A3	643	2	641
SLC71A1	2810	6	2807
SASS6	357	3	354
TRMT13	174	2	254
LRRC39	21	86	17
DBT	435	0	435
RTCA-AS1	10	0	10
RTCA	757	0	757
MIR553	0	0	0
CDC14A	76	0	76
LOC105379827	0	0	0
GPR88	0	0	0
LINC01349	0	0	0
LOC124904231	0	0	0
VCAM1	0	0	0
EXTL2	434	10	424
SLC30A7	816	5	813
DPH5	779	0	787
DPH5-DT	59	9	56
LOC124900440	0	0	0
LOC101928334	0	0	0
LOC124904817	0	0	0
S1PR1-DT	0	0	0
S1PR1	0	0	0
LOC102723784	0	0	0
LINC01307	0	0	0
LINC01709	5	5	0
OLFM3	0	0	0
DNAJA1P5	0	0	0
LOC107985095	0	0	0
LOC105378874	0	0	0
LOC112268286	0	0	0
LOC107985096	0	0	0
COL11A1	7	0	7
LOC124904593	0	0	0
RNPC3-DT	3	0	3
RNPC3	129	0	129
AMY2B	74	0	74
ACTG1P4	2	0	2
AMY2A	0	0	0
AMY1A	0	0	0
LOC124904594	0	0	0
AMY1B	0	0	0
LOC105378878	0	0	0
AMY1C	0	0	0
THAP3P1	0	0	0
LOC105378879	0	0	0
LOC105378880	0	0	0
LOC105378881	0	0	0
LINC01676	0	0	0
LOC105378882	0	0	0
LOC105378883	0	0	0
LINC01677	0	0	0
LOC124904595	0	0	0
LOC107985116	0	0	0
LOC105378886	0	0	0
LOC105378885	0	0	0
LOC124904596	0	0	0
LOC105378887	0	0	0
LOC124904232	0	0	0
LOC124904233	0	0	0
LINC01661	0	0	0
LOC105378888	0	0	0
PRMT6	337	0	337
NTNG1	0	0	0
VAV3	884	0	884
MIR7852	0	0	0
VAV3-AS1	0	0	0
LINC02785	0	0	0
SLC25A24	2	0	2
NBPF4	16	0	16
NBPF6	56	0	56
EEIG2	613	4	609
HENMT1	556	13	547
LOC105378890	9	0	13
PRPF38B	1033	0	1033
FNDC7	0	0	0
STXBP3	321	2	319
LOC105378891	0	5	0
AKNAD1	5	1	9
SPATA42	0	0	0
GPSM2	538	308	715
CLCC1	416	201	700
WDR47	232	0	232
TAF13	267	0	267
TMEM167B-DT	17	0	18
TMEM167B	235	5	231
SCARNA2	0	0	0
CFAP276	2	2	0
ELAPOR1	107	0	107
SARS1	2828	1	2827
CELSR2	3126	9	3117
PSRC1	625	0	625
MYBPHL	0	0	0
SORT1	627	0	627
PSMA5	2863	0	2863
SYPL2	389	0	389
ATXN7L2	169	0	169
CYB561D1	256	0	256
AMIGO1	251	0	251
LOC105378893	0	0	0
GPR61	4	4	0
GNAI3	1649	1	1648
MIR197	0	0	0
GNAT2	5	4	1
AMPD2	1870	3	1867
GSTM4	258	0	258
GSTM2	1	0	1
GSTM1	0	0	0
GSTM5	0	0	0
GSTM3	1265	0	1265
EPS8L3	0	0	0
LOC124904258	0	0	0
LINC01768	0	0	0
CSF1	1	0	1
AHCYL1	2916	1	2915
STRIP1	756	0	777
LOC105378895	0	21	0
ALX3	198	198	0
LINC01397	7	0	7
UBL4B	1	0	1
SLC6A17	3	0	4
SLC6A17-AS1	0	1	0
KCNC4-DT	0	0	0
KCNC4	382	0	382
RBM15-AS1	7	0	15
LOC124904276	56	64	0
RBM15	433	2	431
SLC16A4	26	13	13
LAMTOR5	1071	17	1065
LAMTOR5-AS1	7	0	18
PROK1	0	0	0
LOC105378899	0	0	0
LOC105378898	0	0	0
CYMP	0	0	0
CYMP-AS1	0	0	0
KCNA10	0	0	0
LOC124904292	0	0	0
KCNA2	0	0	0
KCNA3	0	0	0
LOC107985174	0	0	0
LOC124904296	0	0	0
LOC105378901	0	0	0
CD53	2	2	0
LRIF1	97	2	95
DRAM2	521	3	717
CEPT1	596	198	597
DENND2D	4	1	3
CHI3L2	0	0	0
CHIAP2	0	0	0
CHIA	0	0	0
LOC105378903	0	0	0
CIMAP3	0	0	0
LOC105378904	0	0	0
PGBP	0	0	0
OVGP1	23	0	57
LOC124904309	5	39	0
WDR77	1617	1	1616
ATP5PB	3274	0	3274
C1orf162	5	0	5
TMIGD3	0	0	0
ADORA3	0	0	0
RAP1A	654	3	683
LINC01160	4	0	4
LOC107985184	0	31	0
INKA2	254	12	252
INKA2-AS1	0	0	2
LOC101928718	0	2	0
DDX20	720	1	729
KCND3	1	0	1
LOC124904312	0	0	0
KCND3-IT1	0	0	0
KCND3-AS1	0	0	0
LINC01750	0	0	0
LOC105378906	0	0	0
LOC124904319	0	0	0
LINC02884	0	0	0
LOC124904812	0	0	0
CTTNBP2NL	437	0	437
MIR4256	0	0	0
WNT2B	25	55	21
ST7L	298	15	341
CAPZA1	2314	1	2320
LOC124904810	0	0	0
MOV10	3274	3	3273
RHOC	3711	51	3662
PPM1J	31	1	30
PPM1J-DT	0	0	0
TAFA3	1	0	1
NUTF2P4	0	0	0
LINC01356	1	7	1
LINC01357	0	0	7
LOC105378911	0	0	0
MIR11399	0	0	0
LOC124904342	0	0	0
SLC16A1	0	0	0
AKR7A2P1	0	0	0
SLC16A1-AS1	0	0	0
LOC107985189	0	0	0
LRIG2-DT	0	0	0
LRIG2	206	0	206
LOC643441	0	0	0
MAGI3	197	8	189
PHTF1	431	0	431
RSBN1	246	0	246
AP4B1-AS1	0	107	0
PTPN22	0	0	0
BCL2L15	1	0	1
AP4B1	133	0	276
DCLRE1B	529	35	529
HIPK1-AS1	0	0	0
HIPK1	840	0	840
OLFML3	0	0	0
SYT6	0	0	0
LOC107985443	0	0	0
TRIM33	888	0	888
LOC124904348	3	0	3
BCAS2	567	0	567
LOC105378914	6	2	5
DENND2C	42	0	43
LOC124904354	0	0	0
AMPD1	0	0	0
NRAS	1466	0	1466
CSDE1	6456	5	6451
SIKE1	498	0	498
SYCP1	0	0	0
LOC105378915	0	0	0
TSHB	0	0	0
TSPAN2	0	0	0
LOC124904359	0	0	0
LINC01765	0	0	0
NGF-AS1	0	0	0
NGF	0	0	0
LOC112268234	0	0	0
LOC124904375	0	0	0
LOC124900438	0	0	0
VANGL1	1009	0	1009
CASQ2	0	0	0
NHLH2	0	0	0
LINC01649	1	2	0
LOC101928977	0	0	1
SLC22A15	153	0	153
MAB21L3	67	0	71
LOC105378918	0	4	0
LOC124904384	0	0	0
LOC105378919	0	0	0
LOC105378920	0	0	0
LOC124904669	0	0	0
ATP1A1	9690	5	16717
ATP1A1-AS1	3	7030	5
LINC01762	0	0	0
LOC112268235	13	13	0
CD58	277	0	312
LOC105378925	13	13	0
MIR548AC	0	0	0
LOC124904385	2	133	0
IGSF3	1303	0	1399
LOC105378924	0	0	0
MIR320B1	0	0	0
LINC02868	0	0	0
LOC105378926	0	0	0
CD2	0	0	0
LOC105378927	0	0	0
PTGFRN	2509	0	2509
CD101	28	4	40
LOC124904386	5	7	5
CD101-AS1	8	3	10
TTF2	696	1	697
MIR942	0	0	0
TRIM45	147	3	145
LOC124904387	1	0	1
VTCN1	0	0	0
LINC01525	0	0	0
MAN1A2	373	0	373
TENT5C-DT	0	0	0
TENT5C	471	1	470
LOC124900444	0	0	0
LOC105378929	0	0	0
GDAP2	254	4	251
WDR3	816	1	943
SPAG17	3	130	0
LOC105378930	0	0	0
LOC107985447	0	0	0
TBX15	0	0	0
LOC105378933	0	0	0
WARS2	392	71	443
WARS2-IT1	0	0	0
WARS2-AS1	143	51	214
LOC107985192	1	1	0
LOC124904832	0	0	0
LINC01780	0	0	0
HAO2	0	0	0
HAO2-IT1	0	0	0
HSD3B2	0	0	0
LOC124904388	0	0	0
LOC105378935	0	0	0
HSD3B1	3	0	3
HSD3BP4	0	0	0
LINC00622	3	0	3
ZNF697	163	0	163
LOC124904389	1	0	1
LOC124904390	0	0	0
LOC105378937	1	0	1
PHGDH	4774	4	4770
HMGCS2	3	0	3
REG4	0	0	0
NBPF7P	0	0	0
ADAM30	1	0	1
NOTCH2	3585	3	3582
LOC101929178	0	0	0
SEC22B	1949	3	1946
LOC124904391	98	60	38
LOC124904631	0	0	0
LOC101929788	0	0	0
NBPF8	138	1	137
PFN1P2	1	0	1
PDE4DIPP2	1	0	1
LOC107985524	0	0	0
LOC124904392	0	0	0
LOC105378944	0	0	0
NBPF26	0	0	0
NOTCH2NLR	0	0	0
TRN-GTT7-1	0	0	0
RNVU1-19	0	0	0
LOC124904393	0	0	0
PPIAL4A	0	0	0
LINC00623	120	0	201
LOC100996720	0	82	0
RNVU1-4	0	0	0
LOC105369199	1	0	1
PDE4DIPP4	0	0	0
TRG-CCC6-1	0	0	0
TRV-CAC5-1	0	0	0
LOC124904394	0	0	0
TRN-GTT27-1	0	0	0
H3P4	0	0	0
FCGR1BP	0	0	0
LOC100996318	0	0	0
H2BP1	0	0	0
FAM72B	90	0	90
SRGAP2C	188	3	185
LOC107985193	0	0	0
SRGAP2-AS1	0	0	0
LINC02798	3	0	3
EMBP1	0	0	0
LOC101929814	0	0	0
LOC105371172	0	0	0
LOC105371175	4	0	4
LOC107985200	0	0	0
LOC107985201	0	0	0
LOC101927452	0	0	0
LINC02799	0	0	0
LOC112268273	0	0	0
LOC124904406	0	0	0
TRQ-CTG4-2	0	0	0
RNVU1-17	0	0	0
RNVU1-18	0	0	0
TRN-GTT6-1	0	0	0
LOC107985108	0	0	0
LOC105369140	0	0	0
LINC02591	0	0	0
TRV-CAC8-1	0	0	0
TRV-CAC4-1	0	0	0
PDE4DIPP3	0	0	0
H2BP2	0	0	0
FCGR1CP	0	0	0
H3-7	0	0	0
LOC105371209	0	0	0
FAM72C	32	2	32
SRGAP2D	74	0	76
LOC105371207	0	0	0
LOC105371206	1	0	1
LINC02802	0	0	0
LOC101060524	0	0	0
CH17-125A10.2	0	0	0
PPIAL4E	0	0	0
RNVU1-15	2	0	2
TRN-GTT3-1	0	0	0
NBPF15	1102	1	1101
LOC105371211	0	0	0
RNVU1-26	0	0	0
RNVU1-2A	0	0	0
LOC105379574	0	0	0
RNVU1-28	0	0	0
TRN-GTT2-8	0	0	0
PPIAL4F	0	0	0
LINC01632	0	0	0
LOC105371215	0	0	0
KMT2CP1	0	0	0
DRD5P2	0	0	0
LSP1P5	0	0	0
LOC105371216	0	0	0
LOC105371217	0	0	0
LOC107985528	0	0	0
SRGAP2B	78	0	79
LOC107985595	0	0	0
FAM72D	17	1	17
TRN-GTT10-1	2	2	0
LOC101929805	0	0	0
TRNAV-CAC	0	0	0
TRNAV-CAC_1	0	0	0
LINC01145	62	1	86
LOC100996740	9	25	10
PPIAL4D	0	0	0
RNVU1-14	3	1	2
TRN-GTT2-7	0	0	0
NBPF20	346	0	346
LOC105371288	0	0	0
TRQ-CTG3-1	0	0	0
RNVU1-31	1	0	1
TRN-GTT9-1	0	0	0
PDE4DIPP5	0	0	0
NBPF25P	37	0	37
GPR89A	100	0	100
PDZK1	19	5	14
CD160	9	15	0
RNF115	626	5	632
POLR3C	667	18	656
NUDT17	28	165	22
PIAS3	724	1	884
MIR6736	0	0	0
ANKRD35	1	0	1
ANKRD35-DT	0	0	0
ITGA10	15	1	14
PEX11B	310	0	310
GNRHR2	21	217	22
RBM8A	544	1	1263
LIX1L-AS1	1	505	1
LIX1L	903	5	900
ANKRD34A	63	0	63
POLR3GL	178	0	180
TXNIP	5855	2	5853
HJV	0	0	0
TRE-CTC1-1	0	0	0
TRG-TCC2-1	0	0	0
TRH-GTG1-1	0	0	0
TRK-CTT2-1	0	0	0
RNVU1-6	8	0	8
LINC01719	2	0	2
NBPF10	219	0	219
NOTCH2NLA	16	0	184
LOC105371254	0	168	0
LOC124904401	0	0	0
LOC124904408	0	0	0
NUDT4P2	0	0	0
PPIAL4H	0	0	0
TRN-GTT24-1	1	0	1
LOC124904613	0	0	0
LOC112268274	0	0	0
LOC100996756	7	0	7
LOC124904634	0	0	0
LOC105371235	0	0	0
LOC124904407	0	0	0
LOC105371233	0	0	0
HYDIN2	0	0	0
NBPF12	277	0	277
LOC728989	0	0	0
TRH-GTG1-2	0	0	0
RNVU1-8	0	0	0
NBPF13P	0	0	0
PRKAB2	591	0	591
CHD1L	1404	6	1398
PDIA3P1	20	0	20
FMO5	1	0	1
LINC00624	1	0	1
BCL9	1112	0	1112
LOC128071544	0	0	0
ACP6	41	0	41
LOC105371230	0	0	0
LOC102723321	0	0	0
GJA5	7	0	7
GJA8	0	0	0
LOC105371229	0	0	0
GPR89B	80	1	80
PDZK1P1	1	2	0
TRQ-CTG3-2	2	0	2
RNVU1-7	3	0	3
TRN-GTT9-2	0	0	0
PDE4DIPP1	0	0	0
NBPF11	365	0	365
LOC105371227	0	0	0
LINC02805	0	0	0
LOC101927468	3	0	3
TRQ-CTG4-1	0	0	0
LINC01731	0	0	0
LINC02806	13	4	13
TRH-GTG1-3	0	0	0
LOC105371225	13	5	12
TRH-GTG1-4	0	0	0
TRQ-CTG7-1	0	0	0
LOC124904403	4	4	0
LOC124904404	0	5	0
MIR5087	0	0	3
LOC124904402	1	0	2
LOC124904396	13	0	13
RNVU1-1	0	0	0
MIR6077	0	0	0
PDE4DIPP6	13	11	2
RNVU1-3	3	3	0
LOC124904400	0	0	0
LINC01138	151	3	148
LOC105371224	2	0	2
PPIAL4G	0	0	0
RNVU1-27	0	0	0
TRN-GTT2-1	0	0	0
NBPF14	412	0	413
NOTCH2NLB	385	0	385
LOC105371223	0	0	0
LOC105371222	0	0	0
NUDT4B	0	0	0
SEC22B3P	5	0	5
PDE4DIP	292	3	294
LOC112268272	9	2	12
NBPF9	894	4	890
LOC101929790	1	1	0
LOC102723348	0	0	0
LOC124904405	0	0	0
LOC124904581	0	0	0
LOC653513	0	0	0
LOC124904395	2	2	0
SEC22B2P	9	0	9
LOC105371403	2	0	2
NOTCH2NLC	34	0	34
NBPF19	492	1	492
TRN-GTT25-1	1	1	0
LOC124904410	0	0	0
PPIAL4C	1	0	1
LOC124904409	20	41	29
LINC00869	66	12	104
RNVU1-30	0	0	0
LOC644634	0	0	0
TRV-CAC1-7	0	0	0
PDE4DIPP7	0	0	0
LOC105371406	0	0	0
TRN-GTT8-1	0	0	0
H2BC18	12	0	12
FCGR1A	0	1	0
LOC124904411	1	0	1
H3C13	3	0	3
H4C14	0	0	0
H3C14	0	0	0
H2AC18	0	0	0
H4C15	391	150	256
H2BC20P	0	0	0
H2AC19	0	0	0
H3C15	0	0	0
H2BC21	724	0	726
H2AC20	9	7	7
H2AC21	3	1	6
LOC124904412	0	1	1
BOLA1	308	1	310
SV2A	4	0	4
SF3B4	3729	2	3727
MTMR11	156	0	156
OTUD7B	721	6	736
LOC124904413	0	0	0
VPS45	397	14	403
PLEKHO1	21	0	21
LINC02988	0	0	0
ANP32E	1556	3	1553
CA14	14	10	4
SNORD13C	0	0	0
APH1A	2890	7	3474
C1orf54	6	585	12
LOC124904414	1	1	0
CIART	4	0	4
LOC105371434	1	0	1
MRPS21	1231	0	1231
PRPF3	948	1	947
RPRD2	1350	0	1350
LOC124904416	0	0	0
TARS2	1437	7	1430
MIR6878	0	0	0
ECM1	325	0	325
FALEC	10	5	5
ADAMTSL4-AS2	1	648	1
ADAMTSL4	2546	4	3209
LOC124904417	0	0	0
MIR4257	0	0	0
ADAMTSL4-AS1	2	20	2
MCL1	8537	1	8536
LOC107985203	2	2	0
ENSA	1844	1	1843
LOC112268239	4	0	4
GOLPH3L	447	0	447
HORMAD1	24	0	24
CTSS	57	0	57
CTSK	43	0	43
ARNT	1271	1	1270
LOC107985204	0	5	0
CTXND2	0	0	0
SETDB1	923	7	921
CERS2	4467	2	4465
ANXA9	133	54	79
LOC105371438	0	0	0
MINDY1	268	14	254
PRUNE1	754	0	754
BNIPL	14	4	10
C1orf56	81	59	75
CDC42SE1	1368	1	1420
MLLT11	48	2	46
GABPB2	175	3	172
LOC124904418	0	0	0
SEMA6C	193	1	192
LYSMD1	209	0	209
TNFAIP8L2-SCNM1	0	0	0
TNFAIP8L2	1	1	0
SCNM1	1	0	1
TMOD4	13	0	14
VPS72	955	0	955
PIP5K1A	2490	1	2494
LOC124904419	0	5	0
PSMD4	2865	4	2861
ZNF687-AS1	0	14	11
ZNF687	1560	40	1573
PI4KB	1698	5	1721
RFX5	2647	5	2690
RFX5-AS1	2	43	7
SELENBP1	4068	1	4067
PSMB4	4848	4	4844
POGZ	1119	2	1117
CGN	266	0	266
LOC124900437	0	0	0
TUFT1	322	0	322
MIR554	0	0	0
LOC124904420	1	13	0
SNX27	779	1	790
CELF3	0	0	0
RIIAD1	0	0	0
MRPL9	847	2	1403
OAZ3	0	560	51
TDRKH	87	33	90
TDRKH-AS1	12	0	12
LINGO4	6	0	6
RORC	430	5	430
C2CD4D	2	2	0
C2CD4D-AS1	16	4	30
THEM5	13	20	6
THEM4	704	0	704
LOC124904421	0	0	0
S100A10	3067	1	3066
LOC105371442	0	0	0
NBPF18P	0	0	0
S100A11	6250	1	6249
LOC101927949	2	1	1
LOC100131107	0	0	0
TCHHL1	0	0	0
TCHH	0	0	0
RPTN	0	0	0
CCDST	0	0	0
HRNR	1	1	0
FLG	0	0	0
FLG2	0	0	0
CRNN	0	0	0
LCE5A	2	0	2
CRCT1	0	0	0
LCE3E	0	0	0
LCE3D	0	0	0
LCE3C	0	0	0
LCE3B	0	0	0
LCE3A	0	0	0
LINC00302	0	0	0
LCE2D	0	0	0
LCE2C	0	0	0
LCE2B	0	0	0
LCE2A	0	0	0
LCE4A	0	0	0
KPLCE	0	0	0
KPRP	0	0	0
LCE1F	0	0	0
LCE1E	0	0	0
LCE1D	0	0	0
LCE1C	0	0	0
LCE1B	0	0	0
LCE1A	0	0	0
LCE6A	0	0	0
LCE7A	0	0	0
LOC105371444	0	0	0
LOC105371445	0	0	0
SMCP	0	0	0
IVL	0	0	0
LINC01527	0	0	0
SPRR5	0	0	0
SPRR4	0	0	0
SPRR1A	0	0	0
SPRR3	0	0	0
LOC105371446	0	0	0
LOC124900435	0	0	0
SPRR1B	0	0	0
SPRR2D	0	0	0
SPRR2A	0	0	0
SPRR2B	0	0	0
SPRR2E	0	0	0
SPRR2F	0	0	0
SPRR2C	0	0	0
SPRR2G	0	0	0
LOC101928009	0	0	0
LELP1	0	0	0
PRR9	0	0	0
LORICRIN	0	0	0
PGLYRP3	0	0	0
PGLYRP4	0	0	0
S100A9	102	0	102
S100A12	0	0	0
S100A8	15	0	15
S100A7A	0	0	0
S100A7	0	0	0
LOC124904422	0	0	0
LOC124904423	24	3689	6
S100A6	55	4	3721
S100A5	2	2	1
S100A4	1869	2	5211
LOC101928034	119	3724	157
S100A3	26	49	40
S100A2	49	1	48
S100A16	4190	2	4189
S100A14	76	0	76
S100A13	1001	738	1063
S100A1	13	24	29
CHTOP	1077	40	1795
SNAPIN	835	0	843
ILF2	4517	16	4518
TRX-CAT1-1	0	0	0
NPR1	3837	23	3830
MIR8083	0	7	0
INTS3	1	0	1
LOC124904820	0	0	0
SLC27A3	0	0	0
LOC124904424	0	0	0
LOC124904426	0	0	0
LOC343052	0	0	0
LOC124904425	0	0	0
GATAD2B	5	0	5
LOC101928059	1	194	2
DENND4B	1617	2	1810
CRTC2	1279	0	1279
SLC39A1	5049	71	5054
MIR6737	0	0	0
CREB3L4	239	29	324
JTB	4576	18	4604
JTB-DT	24	16	20
RAB13	1605	1	1608
RPS27	5027	1	5026
NUP210L	2	2	0
MIR5698	0	0	0
TPM3	7514	3	7511
MIR190B	0	0	0
CFAP141	0	0	0
LTAP1	6283	3	6285
UBAP2L	5844	11	5838
SNORA58B	0	0	0
HAX1	1845	0	1845
LOC124904806	0	0	0
AQP10	0	0	0
ATP8B2	167	0	167
IL6R-AS1	0	0	0
IL6R	336	0	336
SHE	0	0	0
TDRD10	1	0	1
UBE2Q1	1317	2	1801
UBE2Q1-AS1	3	489	0
LOC107985206	0	0	0
CHRNB2	3	1	2
ADAR	7952	6	7953
LOC124904427	1	7	1
LOC124904428	26	0	26
KCNN3	0	0	0
LOC124904429	0	0	0
LOC105371449	1	0	1
PMVK	513	1	512
PBXIP1	1222	0	1222
PYGO2	843	20	937
PYGO2-AS1	15	572	52
SHC1	4722	20	5197
CKS1B	1310	0	1311
MIR4258	5	0	5
FLAD1	1892	4	1888
LENEP	3	3	0
ZBTB7B	4274	4	4270
DCST2	51	2	54
DCST1	10	110	9
DCST1-AS1	29	123	123
ADAM15-EFNA4	0	0	0
ADAM15	39	0	39
EFNA4-EFNA3	0	0	0
EFNA4	0	0	0
EFNA3	0	0	0
EFNA1	2301	2	2299
SLC50A1	1416	2	1414
DPM3	486	1	485
KRTCAP2	1355	0	1355
TRIM46	18	0	18
MUC1	898	1	897
THBS3-AS1	2	86	46
MIR92B	0	0	0
THBS3	176	76	261
MTX1	1083	25	1088
GBA1LP	115	0	115
GBA1	145	0	145
ENTREP3	0	0	0
SCAMP3	0	0	0
CLK2	0	0	0
HCN3	0	0	0
PKLR	0	0	0
FDPS	861	18	5344
RUSC1-AS1	104	4593	40
RUSC1	1394	17	1404
ASH1L	660	27	667
MIR555	0	0	0
LOC124904842	0	0	0
POU5F1P4	0	0	0
ASH1L-AS1	14	7	27
MSTO1	449	1	587
LOC105371452	0	137	0
YY1AP1	1767	5	1914
SCARNA26A	0	0	0
DAP3	2590	152	2601
LOC124904431	11	21	0
GON4L	632	152	746
MSTO2P	0	122	110
SCARNA26B	2	0	2
SYT11	0	0	0
RIT1	156	0	156
KHDC4	955	1	954
SNORA80E	1	0	1
SCARNA4	1	0	1
LOC107985207	0	0	0
RXFP4	3	1	2
ARHGEF2	2557	6	2557
MIR6738	0	0	0
ARHGEF2-AS2	19	2	23
ARHGEF2-AS1	10	10	0
SSR2	3701	2	4605
LOC105371729	0	909	1
UBQLN4	2021	0	2025
LAMTOR2	760	1	759
RAB25	0	0	0
MEX3A	207	0	207
LMNA	14945	10	14935
SEMA4A	1	0	1
SLC25A44	659	1	659
PMF1-BGLAP	0	1	0
PMF1	121	0	121
BGLAP	0	0	0
PAQR6	271	0	272
SMG5	2115	70	2132
TMEM79	158	34	213
GLMP	1574	0	1576
VHLL	1	0	1
CCT3	12190	4	12200
TSACC	16	20	9
RHBG	0	0	0
MIR9-1HG	0	0	0
MIR9-1	0	0	0
MEF2D	1	0	1
IQGAP3	0	0	0
LOC124904843	0	0	0
TTC24	0	0	0
NAXE	0	0	0
GPATCH4	0	1	0
HAPLN2	0	0	0
LOC101928177	0	0	0
BCAN	0	51	0
BCAN-AS2	0	0	51
NES	279	0	279
CRABP2	48	0	48
ISG20L2	984	59	994
METTL25B	507	13	564
MRPL24	1559	1	1559
HDGF	11832	23	11811
PRCC	2310	0	2313
SH2D2A	60	0	60
NTRK1	1	0	2
INSRR	0	1	0
PEAR1	16	1	15
LRRC71	2	2	0
ARHGEF11	1138	0	1138
MIR765	1	0	1
LOC102724222	0	0	0
ETV3L	0	0	0
ETV3	423	0	423
CYCSP52	0	0	0
LOC107985211	0	0	0
LOC105371456	0	0	0
LINC02772	0	0	0
LOC101928202	0	0	0
FCRL5	0	0	0
FCRL4	0	0	0
LOC105371457	0	0	0
FCRL3	0	0	0
FCRL3-AS1	0	0	0
FCRL2	0	0	0
FCRL1	0	0	0
CD5L	0	0	0
LOC105371458	0	0	0
LOC105371459	0	0	0
KIRREL1	2460	3	2457
KIRREL1-IT1	0	0	0
SMIM42	0	0	0
LINC01704	0	0	0
LOC105371460	1	0	1
CD1D	5	0	5
CD1A	0	0	0
CD1B	0	0	0
CD1C	0	0	0
CD1E	0	0	0
OR10T2	0	0	0
OR10K2	0	0	0
LOC107985212	0	0	0
OR10K1	0	0	0
OR10R2	0	0	0
LOC107985213	0	0	0
OR6Y1	0	0	0
OR6P1	0	0	0
OR10X1	0	0	0
OR10Z1	0	0	0
SPTA1	0	0	0
OR6K2	0	0	0
OR6K3	0	0	0
OR6K6	0	0	0
OR6N1	0	0	0
OR6N2	0	0	0
MNDA	0	0	0
PYHIN1	0	0	0
PYDC5	0	6	0
IFI16	883	0	898
LOC124904432	0	0	0
AIM2	0	9	0
TRR-TCT4-1	0	0	0
CADM3	0	0	0
CADM3-AS1	0	0	0
ACKR1	0	0	0
FCER1A	0	0	0
OR10J3	0	0	0
LOC124904433	0	0	0
OR10J1	0	0	0
OR10J4	0	0	0
LINC02819	0	0	0
OR10J5	0	0	0
APCS	0	0	0
CRP	0	0	0
LOC101928264	0	0	0
DUSP23	749	1	748
LOC105371464	0	0	0
FCRL6	0	0	0
SLAMF8	0	13	0
SNHG28	5	0	18
LOC124900450	0	0	0
VSIG8	0	6	0
LOC107985216	118	2	125
CFAP45	14	2	15
LOC124904434	2	1	4
MIR4259	0	0	0
LOC124904435	0	0	0
TAGLN2	10784	13	12716
LOC124904437	11	1951	5
IGSF9	92	0	92
LOC124904438	0	0	0
SLAMF9	17	17	0
LINC01133	69	0	69
LOC124904436	2	2	0
PIGM	253	1	252
KCNJ10	3	3	0
KCNJ9	3	0	3
IGSF8	3111	4	3107
ATP1A2	0	0	0
ATP1A4	0	0	0
CASQ1	1	0	1
PEA15-AS1	3	286	3
PEA15	1142	5	1424
DCAF8	2103	8	2237
DCAF8-DT	16	150	7
PEX19	1782	0	1782
LOC107985219	4	2020	8
COPA	4634	11	6648
SUMO1P3	1	0	1
NCSTN	3517	2	3516
NHLH1	23	0	23
LOC105371466	0	0	0
VANGL2	5	0	5
LOC105371467	0	0	0
SLAMF6	0	0	0
CD84-AS1	0	0	0
CD84	0	0	0
SLAMF1	0	0	0
LOC107985220	0	0	0
CD48	0	0	0
LOC124904439	0	0	0
LOC124904440	0	0	0
SLAMF7	0	0	0
LOC105371470	0	0	0
LY9	0	0	0
CD244	0	0	0
ITLN1	0	0	0
LOC124904441	0	0	0
LOC101928372	0	0	0
ITLN2	0	0	0
F11R	1704	0	1704
TSTD1	0	0	0
USF1	1029	2	1027
ARHGAP30	6	6	0
NECTIN4	18	0	18
NECTIN4-AS1	2	0	2
KLHDC9	0	0	0
PFDN2	732	1	733
NIT1	617	318	638
DEDD	437	46	732
LOC112543491	12	1	11
LOC124900457	4	3	1
UFC1	1155	0	1158
USP21	817	0	817
PPOX	368	145	372
B4GALT3	993	7	1136
ADAMTS4	114	0	114
NDUFS2	2811	1	2810
FCER1G	3	0	3
APOA2	0	0	0
TOMM40L	295	0	417
MIR5187	0	0	0
NR1I3	8	130	0
PCP4L1	0	0	0
LOC105371472	0	0	0
LOC107985221	0	0	0
LOC124904442	0	0	0
MPZ	4	0	4
SDHC	2111	1	2110
CFAP126	128	128	0
LOC124904443	1	0	1
TRV-CAC1-1	2	2	0
TRE-TTC4-2	1	1	0
TRN-GTT2-2	0	0	0
TRG-TCC4-1	1	0	1
TRD-GTC2-1	0	0	0
TRL-CAG1-1	0	0	0
TRG-GCC1-1	0	0	0
TRE-CTC1-2	0	0	0
TRG-TCC2-2	0	0	0
TRD-GTC2-2	0	0	0
TRL-CAG1-2	0	0	0
TRG-GCC1-2	0	0	0
TRE-CTC1-3	0	0	0
TRG-TCC2-3	0	0	0
TRD-GTC2-3	0	0	0
TRL-CAG1-3	0	0	0
TRG-GCC1-3	0	0	0
TRE-CTC1-4	0	0	0
TRG-TCC2-4	0	0	0
TRD-GTC2-4	0	0	0
TRL-CAG1-4	0	0	0
TRG-GCC1-4	0	0	0
TRE-CTC1-5	0	0	0
TRG-TCC2-5	0	0	0
TRD-GTC2-5	0	0	0
TRL-CAG1-5	0	0	0
TRG-GCC4-1	0	0	0
LOC105371473	0	0	0
FCGR2A	17	0	17
TRG-GCC2-1	0	0	0
HSPA6	15	0	15
TRL-CAG1-6	0	0	0
TRG-TCC2-6	0	0	0
TRN-GTT1-1	0	0	0
FCGR3A	0	0	0
FCGR2C	0	0	0
HSPA7	0	0	0
TRL-CAA6-1	0	0	0
FCGR3B	0	0	0
FCGR2B	0	0	0
RPL31P11	0	0	0
FCRLA	0	0	0
FCRLB	5	0	5
DUSP12	418	9	409
ATF6-DT	2	0	2
ATF6	1258	0	1258
LOC124904444	2	0	2
OLFML2B	2	0	2
NOS1AP	79	0	79
LOC105371475	2	2	0
MIR4654	0	0	0
LOC124904445	0	0	0
MIR556	0	0	0
SPATA46	2	2	0
C1orf226	279	0	279
SH2D1B	0	0	0
UHMK1	2568	3	2565
UAP1-DT	0	0	0
UAP1	1254	0	1254
DDR2	1221	0	1221
HSD17B7	306	0	306
CCDC190	0	0	0
LOC107985223	0	0	0
RGS4	0	0	0
LOC124904446	0	0	0
RGS5	7	0	7
RGS5-AS1	0	0	0
LOC127814295	41	0	41
NUF2	314	2	312
LOC100422212	0	0	0
LOC124904447	0	0	0
PBX1	1431	0	1432
PBX1-AS1	0	1	0
LOC107985451	0	0	0
LOC107985452	0	0	0
LMX1A	0	0	0
LMX1A-AS2	0	0	0
LMX1A-AS1	0	0	0
RXRG	3	0	3
LRRC52-AS1	0	0	0
LOC124904448	0	0	0
LRRC52	0	0	0
MGST3	3230	1	3229
ALDH9A1	2655	4	2651
CA14P1	0	0	0
TMCO1	1750	1	1749
TMCO1-AS1	12	0	12
UCK2	2686	3	2683
MIR3658	0	0	0
FAM78B	0	0	0
FAM78B-AS1	0	0	0
MIR921	0	0	0
LOC112268276	0	0	0
LINC01675	0	0	0
FMO9P	0	0	0
POGK	1468	1	1467
TADA1	322	11	311
ILDR2	0	0	0
LOC124904449	0	0	0
MAEL	0	0	0
LOC124904834	0	0	0
GPA33-AS1	0	0	0
GPA33	0	0	0
LOC124904451	0	0	0
STYXL2	2	0	2
LOC105371601	0	0	0
LINC01363	0	0	0
POU2F1-DT	7	0	7
POU2F1	433	0	433
LOC124900412	2	0	2
CD247	0	0	0
LOC101928512	0	0	0
LOC107985224	1	0	1
CREG1	1774	0	1774
RCSD1	0	0	0
TRP-CGG1-1	0	0	0
TRP-AGG2-1	0	0	0
MPZL1	2892	1	2892
ADCY10	9	2	8
DCAF6	1190	20	1262
MPC2	1160	77	1175
MIR1255B2	0	0	0
GPR161	486	4	482
TIPRL	617	0	617
SFT2D2	1548	1	1662
ANKRD36BP1	0	115	0
TBX19	13	0	13
MIR557	0	0	0
LOC125312414	0	0	0
LOC100505918	0	0	0
LOC101928565	0	0	0
XCL2	1	0	1
XCL1	0	0	0
LOC105371604	0	0	0
DPT	0	0	0
LOC124904452	0	0	0
LINC00626	0	0	0
LOC105371606	0	0	0
LINC00970	0	0	0
LOC101928596	0	0	0
ATP1B1	2969	24	3269
NME7	153	300	177
BLZF1	247	0	247
CCDC181	4	4	0
SLC19A2	786	0	786
F5	0	0	0
SELP	0	0	0
LOC107985745	0	0	0
SELL	0	0	0
SELE	0	0	0
LOC101928628	0	0	0
FIRRM	341	73	442
METTL18	46	0	53
SCYL3	146	120	193
KIFAP3	595	0	595
NTMT2	0	0	0
MIR3119-2	0	0	0
MIR3119-1	0	0	0
LINC01681	0	0	0
LINC01142	0	0	0
GORAB-AS1	0	0	0
GORAB	257	0	257
LOC124904453	0	0	0
LOC105371610	0	0	0
PRRX1	1	0	1
LOC124904454	0	0	0
LOC124904455	0	0	0
MROH9	0	0	0
FMO3	0	0	0
MIR1295A	0	0	0
MIR1295B	0	0	0
FMO1-AS1	0	0	0
FMO6P	0	0	0
FMO2	0	0	0
LOC124900413	0	0	0
FMO1	0	0	0
FMO4	1	0	1
TOP1P1	0	0	0
LOC124904828	0	0	0
PRRC2C	2248	1	2247
LOC124904697	0	0	0
MYOCOS	0	0	0
MYOC	0	0	0
VAMP4	128	0	128
METTL13	1539	0	1539
DNM3	23	10	20
DNM3-IT1	0	0	0
DNM3OS	0	0	0
MIR214	0	0	0
MIR3120	0	0	0
MIR199A2	0	0	0
LOC102724528	0	0	7
C1orf105	0	88	0
PIGC	375	0	462
SUCO	301	2	299
FASLG	0	0	0
LOC107985225	0	0	0
LOC105371618	0	0	0
TNFSF18	4	0	4
TNFSF4	37	0	39
LOC100506023	21	2	22
PRDX6-AS1	32	0	32
PRDX6	13097	19	13249
LOC124904456	3	168	0
SLC9C2	3	0	3
ANKRD45	3	5	3
TEX50	0	0	0
LOC105371619	0	0	0
LOC124904822	0	0	0
KLHL20	279	0	284
CENPL	295	89	319
DARS2	884	32	965
GAS5-AS1	6	87	8
GAS5	770	6	833
SNORD81	0	0	0
SNORD47	5	0	5
SNORD80	36	0	36
SNORD79	0	0	0
SNORD78	0	0	0
SNORD44	5	0	5
SNORA103	0	0	0
SNORD77	1	0	1
SNORD76	1	0	1
SNORD75	1	0	1
SNORD74	30	0	30
ZBTB37	164	0	166
SERPINC1	0	0	0
LOC124904457	0	0	0
RC3H1	270	0	270
RC3H1-DT	1	0	1
RABGAP1L-DT	0	0	0
RABGAP1L	229	2	227
LOC124904825	0	0	0
GPR52	1	0	1
RABGAP1L-AS1	0	0	0
LOC105371622	4	13	8
CACYBP	2113	34	2096
MRPS14	359	4	355
TNN	1	0	1
KIAA0040	1008	1	1007
LOC105371623	2	0	2
TNR	0	0	0
LOC124904458	0	0	0
LINC01657	0	0	0
LINC02803	3	0	3
COP1	671	3	669
MIR1843	0	0	0
SCARNA3	0	0	0
COP1-DT	1	0	2
LOC124904756	0	0	0
PAPPA2	0	0	0
ASTN1	0	0	0
MIR488	0	0	0
BRINP2	0	0	0
LOC105371625	0	0	0
LINC01645	0	0	0
LINC01741	0	0	0
CRYZL2P-SEC16B	0	0	0
SEC16B	0	0	0
CRYZL2P	0	0	0
LOC124904459	0	0	0
RASAL2-AS1	15	9	16
RASAL2	424	4	430
LOC105371630	0	0	0
LOC105371629	6	0	6
CLEC20A	6	6	0
LOC101928866	0	0	0
TEX35	0	0	0
LOC105371631	0	0	0
LOC124904460	3	1	3
C1orf220	22	0	23
LOC105371632	0	0	0
MIR4424	0	0	0
RALGPS2-AS1	7	10	11
RALGPS2	561	5	570
LOC124904462	0	0	0
ANGPTL1	7	0	7
LOC102724754	0	0	0
FAM20B	1676	0	1676
TOR3A	885	3	882
ABL2	948	0	948
LOC124900429	0	0	0
SOAT1	1661	0	1661
AXDND1	2	0	2
NPHS2	0	0	0
TDRD5	0	0	0
LOC105371635	0	0	0
FAM163A	0	0	0
LOC128071543	0	0	0
MIR12116	0	0	0
LOC105371634	1	0	1
LINC02818	5	0	5
LOC124904463	0	0	0
TOR1AIP2	1429	0	1431
TOR1AIP1	774	4	772
LOC139427322	0	0	0
LOC101928933	0	0	0
CEP350	369	2	367
LOC105371636	0	3	0
QSOX1	2858	0	2861
LHX4	41	84	346
ACBD6	799	252	832
LHX4-AS1	0	0	0
LOC105371637	1	0	1
MIR3121	0	0	0
OVAAL	0	0	0
XPR1	804	1	803
LOC124904464	3	0	3
LINC02816	9	0	9
KIAA1614	54	51	21
LOC107985231	0	2	0
KIAA1614-AS1	0	4	8
STX6	896	0	896
MR1	560	0	560
LOC124904465	0	0	0
IER5	2299	5	2294
LINC01732	0	0	0
LINC01699	0	0	0
LOC107985454	0	0	0
CACNA1E	0	0	0
LOC107985232	0	0	0
LOC105371640	0	0	0
ZNF648	0	0	0
LOC105371642	0	0	0
LINC01344	0	0	0
GLUL	818	0	818
TEDDM1	0	0	0
LINC00272	0	0	0
RGSL1	0	0	0
RNASEL	27	0	27
RGS16	7	0	7
LINC01686	0	0	0
RGS8	0	0	0
LINC01688	0	0	0
NPL	67	0	67
DHX9-AS1	3	69	2
DHX9	3785	0	3853
SHCBP1L	0	0	0
LAMC1	5135	3	5132
LAMC1-AS1	6	6	0
LAMC2	6	0	6
NMNAT2	5	0	5
LOC105371646	1	0	1
SMG7-AS1	3	3	2
SMG7	2602	8	2596
NCF2	293	0	293
ARPC5	3579	0	3579
RGL1	5	0	5
APOBEC4	0	0	0
COLGALT2	0	0	0
TSEN15	409	0	409
LOC102724830	7	0	7
LOC124904466	0	0	0
LOC124904467	0	0	0
C1orf21-DT	0	0	0
C1orf21	308	0	308
LOC107985236	0	0	0
LOC124904468	0	0	0
LOC105371648	0	0	0
EDEM3	348	0	348
LOC105371649	2	0	2
NIBAN1	476	0	476
LOC107985238	0	0	0
LOC124904469	0	0	0
LINC01633	0	0	0
RNF2	255	0	255
TRMT1L	369	1	369
SWT1	28	0	35
LOC105371651	10	10	6
IVNS1ABP	1761	3	1758
CBSLR	15	0	15
GS1-279B7.1	0	0	0
LOC107985239	0	0	0
LINC01350	0	0	0
GS1-204I12.4	0	0	0
HMCN1	2	0	2
LOC105371654	0	0	0
LOC124904471	0	0	0
PRG4	2537	52	3142
TPR	1336	611	1382
ODR4	315	0	315
PDC-AS1	3	0	3
PDC	0	0	0
PTGS2	243	1	244
PACERR	8	1	9
PLA2G4A	928	0	928
LINC01036	0	0	0
LOC105371655	0	0	0
LINC01037	0	0	0
LOC105371656	0	0	0
LINC03121	0	0	0
LINC01035	0	0	0
LOC105371657	1	0	1
LINC01701	0	0	0
BRINP3	177	0	222
LOC105371659	0	45	0
LOC105371658	0	0	0
BRINP3-DT	34	1	33
LINC01720	0	0	0
LINC01680	0	0	0
LINC02770	0	0	0
LOC105371661	0	0	0
RGS18	0	0	0
LOC105371662	0	0	0
RGS21	0	0	0
LOC124904473	0	0	0
LOC124904472	0	0	0
LOC105371664	0	0	0
RGS1	0	0	0
LOC107985241	0	0	0
RGS13	0	0	0
MIR4426	11	0	11
LOC105371665	0	0	0
RGS2	439	0	439
LOC105371668	0	0	0
LOC105371667	0	0	0
RGS2-AS1	0	0	0
UCHL5	1060	16	1065
SCARNA18B	0	0	0
RO60	471	29	463
GLRX2	288	0	288
LOC124904474	0	0	0
CDC73	729	0	729
MIR1278	0	0	0
B3GALT2	0	0	0
LINC01031	0	0	0
LOC124904475	1	0	1
LOC124904476	0	0	0
LOC107985242	0	0	0
LOC105371670	0	0	0
LOC107985458	0	0	0
LOC105371671	2	0	2
LOC105371672	0	0	0
LINC01724	0	0	0
LOC105371674	0	0	0
KCNT2	0	0	0
LOC124904597	0	0	0
MIR4735	0	0	0
CFH	10	0	10
CFHR3	0	0	0
CFHR1	0	0	0
CFHR4	0	0	0
LOC105371675	16	0	16
CFHR2	0	0	0
CFHR5	0	0	0
F13B	0	0	0
ASPM	695	2	693
ZBTB41	193	1	192
CRB1	23	2	21
LOC124904477	0	0	0
DENND1B	215	0	215
C1orf53	87	0	87
LHX9	4	0	4
NEK7	1049	0	1049
LOC105371677	0	0	0
ATP6V1G3	0	0	0
LOC124904478	0	0	0
PTPRC	0	0	0
PTPRC-AS1	0	0	0
MIR181A1HG	0	0	0
MIR181B1	0	0	0
MIR181A1	0	0	0
LINC01222	0	0	0
LINC01221	0	0	0
LOC107985243	0	0	0
LINC02789	0	0	0
LOC105371680	0	0	0
LOC105371682	0	0	0
LOC124904853	0	0	0
NR5A2	6	0	6
LOC107985244	0	0	0
LOC124904479	0	0	0
LINC00862	0	0	0
ZNF281	551	0	551
LOC124900414	0	0	1
LOC124904480	0	1	0
LOC107985459	0	0	0
KIF14	199	0	199
DDX59	374	0	375
DDX59-AS1	2	1	2
CAMSAP2	607	0	607
GPR25	0	0	0
INAVA	0	0	0
MROH3P	0	0	0
KIF21B	220	0	220
LOC101929305	0	0	0
CACNA1S	0	0	0
LOC124904481	0	0	0
ASCL5	0	0	0
TMEM9	2549	1	2548
IGFN1	0	0	0
PKP1	0	0	0
LOC101929326	0	0	0
TNNT2	0	0	0
LAD1	1	0	1
LOC101929343	0	0	0
TNNI1	0	0	0
PHLDA3	2724	2	2722
CSRP1	3782	2	3784
CSRP1-AS1	108	3	109
LOC124904484	1	0	1
RPS10P7	35	0	35
NAV1	1479	14	1556
LOC124904482	18	2	16
IPO9-AS1	0	204	7
MIR5191	0	0	0
LOC124904483	2	2	0
MIR1231	0	0	0
IPO9	3108	6	3222
MIR6739	5	0	5
SHISA4	35	0	35
LMOD1	14	10	4
TIMM17A	2017	0	2017
SNORA70H	0	0	0
RNPEP	3996	48	3976
ELF3-AS1	90	24	96
MIR6740	0	0	0
ELF3	1318	7	1313
LOC105371684	0	0	0
GPR37L1	7	5	10
LOC105371683	0	3	0
ARL8A	555	0	560
PTPN7	1	0	1
PTPRVP	0	0	0
LGR6	0	0	0
LOC124904840	0	0	0
LOC101929388	3	0	3
LOC124904839	0	0	0
UBE2T	998	0	998
PPP1R12B	433	2	435
LOC124900426	0	0	0
SYT2	8	12	0
KDM5B	2175	2	2173
LOC124904583	0	12	0
PCAT6	0	0	12
MGAT4EP	0	0	0
ACTG1P25	4	0	4
RABIF	225	1	224
KLHL12	329	0	329
ADIPOR1	3865	6	3859
CYB5R1	1104	1	1103
MGAT4FP	2	4	0
TMEM183A	2306	4	2304
PPFIA4	323	0	324
LOC105371687	2	3	0
MYOG	0	0	0
MYOPARR	0	0	0
ADORA1	74	0	74
MYBPH	0	0	0
CHI3L1	0	0	0
LOC124904485	0	0	0
CHIT1	2	2	0
LOC124904486	0	0	0
LINC01353	0	0	0
BTG2-DT	2	0	2
BTG2	749	0	749
FMOD	2	0	2
LOC102723529	0	0	0
BMNCR	0	0	0
LOC124904487	0	0	0
PRELP	0	0	0
OPTC	0	0	0
LOC105371688	8	6	4
LOC124904488	3	1	4
ATP2B4	2703	1	2702
SNORA77	1	0	1
LINC00260	2	0	2
LOC102723543	2	2	0
LAX1	0	0	0
ZBED6	135	0	135
ZC3H11A	0	0	0
LOC128031836	0	0	0
SNRPE	718	0	718
LOC105371689	0	0	0
LINC00303	0	0	0
SOX13	1364	0	1364
ETNK2	34	7	31
ERLNC1	0	4	0
REN	0	0	0
KISS1	0	0	0
GOLT1A	2	0	2
PLEKHA6	214	1	213
LINC00628	0	0	0
PPP1R15B	4932	22	4910
PIK3C2B	3124	5	3241
LOC124904584	18	120	20
TRK-TTT3-1	0	0	0
TRK-TTT3-2	0	0	0
MDM4	641	0	641
LRRN2-AS1	21	551	12
LRRN2	7	2	547
LOC124904490	1	1	0
LOC105371693	0	0	0
LOC105371695	0	0	0
LOC105371694	0	0	0
NFASC	1	1	0
CNTN2	0	0	0
TMEM81	29	0	29
RBBP5	380	0	380
DSTYK	416	0	416
TMCC2	79	0	79
TMCC2-AS1	0	0	0
NUAK2	249	0	249
KLHDC8A	0	0	0
LEMD1-AS1	0	0	0
LOC105371698	0	0	0
LEMD1	0	0	0
BLACAT1	32	0	32
MIR135B	0	0	0
LEMD1-DT	0	0	0
TRK-TTT8-1	0	0	0
CDK18	847	1	846
SLC60A1-AS1	0	0	0
SLC60A1	7	5	5
LOC124904491	0	1	1
ELK4	370	3	368
SLC45A3	149	0	154
LOC105371701	4	9	0
NUCKS1	5366	0	5366
LOC124900423	1	0	1
RAB29	606	0	606
SLC41A1	1115	2	1113
PM20D1	0	0	0
LOC107985250	0	0	0
PM20D1-AS1	0	0	0
SLC26A9	1	0	1
SLC26A9-AS1	0	0	0
LOC103021295	0	0	0
RAB7B	0	0	0
CTSE	0	0	0
RHEX	0	0	0
LOC105372857	1	1	0
LOC124900428	0	0	0
AVPR1B	0	0	0
AVPR1B-DT	0	0	0
LOC105372869	0	0	0
LOC105372873	0	0	0
FAM72A	59	49	60
SRGAP2	952	2	1000
IKBKE	229	1	264
MIR6769B	0	0	0
IKBKE-AS1	1	37	0
LOC124904493	3	3	0
RASSF5	550	0	550
LOC124904494	0	0	0
EIF2D	1331	2	1329
DYRK3-AS1	1	42	1
DYRK3	529	0	571
LOC124904496	0	0	1
LOC124904495	3	2	2
MAPKAPK2	2061	2	2059
IL10	0	0	0
IL19	0	0	0
LOC105372878	0	0	0
IL20	1	0	1
LOC105372879	0	0	0
IL24	4	0	4
FCMR	16	0	16
PIGR	0	0	0
FCAMR	1	0	1
C1orf116	10	0	10
PFKFB2	598	0	598
LOC124904826	0	0	0
YOD1	900	5	895
C4BPB	2300	2	2298
C4BPA	12722	2	12734
LOC107985251	59	2283	4
LINC02942	14	0	14
CD55	10862	4	13072
LOC124904498	0	0	0
LOC105372880	0	0	0
CR2	0	0	0
CR1	0	0	0
CR1L	0	0	0
CD46	5321	4	5317
MIR29B2CHG	1	1	2
MIR29C	0	0	0
MIR29B2	0	0	0
LOC148696	0	2	0
CD34	0	0	0
LOC107985253	0	0	0
LINC02767	0	0	0
PLXNA2	666	0	667
LOC105372887	0	0	0
LOC124904499	0	0	0
LOC124904500	0	0	0
LOC105372884	0	1	0
LOC105372889	0	0	0
LOC124904501	0	0	0
LOC107985460	0	0	0
LINC01735	0	0	0
LINC02769	0	0	0
LOC105372892	0	0	0
LINC01717	0	0	0
LOC107985255	0	0	0
LINC01774	0	0	0
LOC105372895	0	0	0
LOC105372896	0	0	0
LINC01696	0	0	0
LINC01698	0	0	0
MIR205HG	0	0	0
MIR205	0	0	0
LOC105372898	0	0	0
LOC105372899	0	0	0
LOC107985256	0	0	0
CAMK1G	2	2	0
LAMB3	5496	1	5495
MIR4260	0	0	0
HSD11B1-AS1	1	0	1
G0S2	0	0	0
HSD11B1	1	0	1
TRAF3IP3	0	26	0
C1orf74	79	0	105
IRF6	0	0	0
UTP25	457	0	457
SYT14	0	0	0
SERTAD4-AS1	0	0	0
SERTAD4	0	0	0
LINC02602	0	0	0
LOC124904502	0	0	0
HHAT	0	0	0
LOC124904503	0	0	0
KCNH1	0	0	0
LOC105372901	0	0	0
KCNH1-IT1	0	0	0
LOC105372902	14	0	14
RCOR3	440	0	440
TRAF5	154	0	154
LOC124904504	5	0	5
LINC00467	45	0	93
LOC107985259	0	48	0
RD3	1	0	1
LOC107985261	0	0	0
LOC107985260	0	0	0
SLC30A1	2330	76	2254
LOC105372903	0	0	0
NTRAS	44	0	44
NEK2	655	0	656
NEK2-DT	0	1	0
LOC105372904	0	0	0
LPGAT1	1621	0	1622
LPGAT1-AS1	0	1	0
LOC124904505	3	3	0
INTS7	701	2	699
LOC124900448	0	0	0
DTL	1550	0	1550
RPL21P28	5	1	4
MIR3122	0	0	0
LINC02608	1	0	1
PPP2R5A	920	3	917
SNORA16B	0	0	0
PACC1	240	0	240
LOC105372906	10	0	10
NENF	764	0	764
LOC124904506	2	0	2
LINC02771	0	0	0
LOC105372908	0	0	0
LINC01740	0	0	0
ATF3	816	3	813
GARIN4	0	0	0
LINC02773	5	0	5
BATF3	33	0	33
LOC124904694	0	0	0
NSL1	676	0	676
TATDN3	355	2	353
SPATA45	0	0	0
FLVCR1-DT	66	0	66
FLVCR1	394	0	394
LOC124904507	0	0	0
VASH2	3	3	0
ANGEL2	485	0	485
RPS6KC1	621	0	621
PROX1-AS1	0	0	0
LINC00538	0	0	0
LOC124904651	0	0	0
PROX1	0	0	0
LINC02775	0	0	0
LOC124904509	5	6	5
SMYD2	576	2	580
PTPN14	1084	2	1082
LOC124904508	0	0	0
CENPF	1146	0	1146
LOC105372916	0	0	0
LOC124904510	0	0	0
KCNK2	1	0	1
LOC124904511	0	0	0
LOC124904598	0	0	0
LOC124904599	0	19	4
KCTD3	1313	11	1325
USH2A	1	1	0
LOC124904778	0	0	0
USH2A-AS2	0	0	0
USH2A-AS1	0	0	0
LOC107985596	0	0	0
ESRRG	0	0	0
LOC124904512	0	0	0
LOC107985461	0	0	0
LOC105372920	0	0	0
LOC124904807	0	0	0
GPATCH2	179	0	179
SPATA17	12	0	18
SPATA17-AS1	0	6	0
LINC00210	0	0	0
LOC105372922	0	0	0
LINC01653	0	0	0
LOC105372923	0	0	0
RRP15	390	0	390
TGFB2-AS1	0	1	4
TGFB2	48	4	49
TGFB2-OT1	0	0	0
LINC02869	0	0	0
LOC124904666	0	0	0
LOC105372924	0	0	0
LINC01710	0	0	0
LOC124904513	0	0	0
LYPLAL1-DT	0	0	0
LYPLAL1	142	0	142
LOC107984018	0	0	0
LYPLAL1-AS1	0	0	0
LOC124904514	0	0	0
ZC3H11B	2	0	2
LOC105372926	0	0	0
SLC30A10	0	0	0
LOC107985281	0	0	0
LOC124904668	0	0	0
EPRS1	2352	1	2351
LOC124904819	0	0	0
BPNT1	974	0	974
IARS2	4870	2	4870
LOC105373475	0	0	0
LOC124904515	3	3	0
MIR215	0	0	0
MIR194-1	0	0	0
LOC124904824	0	0	0
RAB3GAP2	717	53	666
MIR664A	0	0	0
SNORA36B	0	0	0
AURKAP1	13	0	13
LINC02779	0	0	0
LOC105372928	0	0	0
MARK1	274	0	274
C1orf115	1	0	1
LOC124904516	4	196	4
MTARC2	342	0	537
MTARC1	3693	0	3693
RNU6ATAC35P	11	0	11
LINC01352	0	0	0
HLX-AS1	0	6	0
HLX	38	0	44
LOC105372930	0	0	0
LOC101929750	0	0	0
LOC105372932	0	0	0
LINC02817	2	0	2
LOC105372934	0	0	0
LOC107985462	1	0	1
LOC105372937	0	0	0
DUSP10	84	0	84
LINC01655	0	0	0
LOC124904517	0	0	0
LINC02257	0	0	0
LINC02474	0	0	0
LINC01705	0	0	0
LOC124904518	4	0	4
TRT-TGT2-1	0	0	0
LOC105372956	0	0	1
LOC124904519	0	1	0
HHIPL2	209	0	209
TAF1A	82	0	82
TAF1A-AS1	8	0	8
MIA3	993	68	938
AIDA	677	5	688
BROX	534	0	537
FAM177B	0	0	0
LOC105372984	0	0	0
DISP1	882	0	882
LOC124904830	0	0	0
LOC124904520	8	0	8
LOC124904521	0	0	0
LOC102724046	0	0	0
LOC107985323	0	0	0
TLR5	6	5	1
LOC124904522	0	0	0
SUSD4	0	0	0
LOC105373025	0	0	0
CCDC185	0	0	0
LOC105373034	0	0	0
CAPN8	1	0	1
LOC105373281	0	0	0
CAPN2	2986	2	3418
LOC105373046	1	0	1
LOC105373041	16	449	1
TP53BP2	696	2	694
GTF2IP20	174	0	174
SEPTIN7P13	58	3	55
LOC105373061	0	0	0
LOC105373056	0	0	0
FBXO28	1232	0	1232
LOC124903813	0	0	0
LOC124900425	0	0	0
DEGS1	6401	2	6399
LOC101927143	2	0	2
LOC101927164	4	199	0
NVL	1161	1	1356
MIR320B2	3	0	3
LOC124904838	0	0	0
CNIH4	887	0	887
WDR26	1989	2	2012
MIR4742	0	0	0
CNIH3	7	25	7
CNIH3-AS2	0	0	0
CNIH3-AS1	0	0	0
LOC124904523	0	0	0
LINC02813	0	0	0
LOC105373108	0	0	0
LOC105373109	0	0	0
LOC124904524	0	0	0
DNAH14	25	2	23
LOC124904525	0	0	0
LBR	1589	2	1587
LINC02765	40	1	39
LOC124904526	1	0	1
ENAH	2415	7	2408
LOC102723834	2	0	2
LOC107985352	2	0	2
LOC124904527	0	0	0
SRP9	2599	0	2599
EPHX1	2272	67	2214
TMEM63A	1129	9	1129
LEFTY1	8	0	8
PYCR2	1412	0	1412
MIR6741	0	0	0
LEFTY2	0	0	0
SDE2	816	0	816
H3-3A-DT	3	14	3
H3-3A	3289	0	3303
LINC01703	21	0	21
ACBD3	220	1	379
LOC124904586	0	0	0
ACBD3-AS1	0	161	0
LOC101927247	0	0	0
LOC124904528	0	0	0
MIXL1	1	1	0
LIN9	303	26	277
LOC124904831	3	3	0
LOC124904814	0	0	0
PARP1	5357	4	5353
LOC105373115	0	0	0
LOC105373116	0	0	0
STUM	0	0	0
ITPKB	159	0	159
ITPKB-IT1	0	0	0
LOC124904529	0	0	0
LOC124904530	0	0	0
LOC105373119	0	1	0
PSEN2	893	0	894
LOC107985354	25	0	25
COQ8A	1007	3	1004
CDC42BPA	638	3	636
LOC124904531	3	0	4
LINC01641	0	0	0
LOC105373122	0	0	0
ZNF678	60	0	60
ZNF847P	0	0	0
SNAP47	803	832	805
JMJD4	2	2	834
LOC105373289	1	0	1
PRSS38	0	0	0
WNT9A	306	1	306
MIR5008	0	0	0
LOC124904533	9	6	4
LOC107985355	2	1	1
LOC124904532	3	0	3
WNT3A	0	0	0
LINC02809	3	0	3
ARF1	8960	4	8956
MIR3620	0	0	0
C1orf35	694	1	693
MRPL55	828	3	825
GUK1	2982	1	2981
GJC2	12	0	12
LOC124904534	2	2	1
IBA57-DT	0	1	0
IBA57	291	0	291
LOC124904536	16	1	15
OBSCN-AS1	41	10	62
OBSCN	2241	45	3075
LOC124904535	1	36	0
LOC101927401	185	997	1
TRIM11	776	0	1219
TRIM11-AS1	26	471	0
MIR6742	0	0	0
TRIM17	1	2	0
LOC124904537	0	0	1
H3-4	0	0	0
LOC124904538	0	0	0
H2AC25	0	0	0
H2BC26	0	0	0
MIR4666A	0	0	0
RNF187	0	0	0
BTNL10P	0	0	0
LOC105373124	0	0	0
RNA5S1	0	0	0
RNA5S2	0	0	0
RNA5S3	0	0	0
RNA5S4	0	0	0
RNA5S5	0	0	0
RNA5S6	0	0	0
RNA5S7	0	0	0
RNA5S8	0	0	0
RNA5S9	0	0	0
RNA5S10	0	0	0
RNA5S11	0	0	0
RNA5S12	0	0	0
RNA5S13	0	0	0
RNA5S14	0	0	0
RNA5S15	0	0	0
RNA5S16	0	0	0
RHOU	0	0	0
DUSP5P1	0	0	0
RNA5S17	0	0	0
LOC124904539	4	0	5
LOC105373143	0	1	0
LINC02815	3	0	3
LOC102723935	0	0	1
TMEM78	0	0	0
LOC124904540	0	2	0
RAB4A-AS1	51	44	53
RAB4A	391	1	436
CCSAP	542	2	541
LOC124904541	0	0	0
ACTA1	2	0	2
NUP133	853	0	853
NUP133-DT	0	0	0
ABCB10	524	0	524
TAF5L	531	0	531
URB2	601	0	601
LOC105373161	0	0	0
LOC107985464	0	0	0
LOC105373162	0	0	0
LINC01682	0	0	0
LOC105373163	0	0	0
LINC01736	0	0	0
GALNT2	12919	4	12915
LOC124904748	0	0	0
LOC124904542	13	13	0
PGBD5	280	0	280
LOC124904543	0	0	0
LOC105373164	0	0	0
LOC105373165	0	0	0
LOC107985357	0	0	0
LINC01737	0	0	0
LOC124904544	0	0	0
LOC124904545	0	0	0
COG2	778	2	895
LOC107985358	0	119	0
AGT	36	0	36
CAPN9	0	0	0
CAPN9-AS1	0	0	0
LOC124904546	0	0	0
LOC124904548	0	0	0
C1orf198	571	0	571
LOC101927604	5	0	5
LOC124904547	0	0	0
LOC105373167	0	0	0
TTC13	622	0	622
ARV1	383	0	383
FAM89A	0	0	0
MIR1182	0	0	0
TRIM67	0	0	0
TRIM67-AS1	0	0	0
FSAF1	328	0	328
GNPAT	804	2	802
EXOC8	353	0	353
SPRTN	300	3	297
LOC107985360	25	6	19
EGLN1	1683	6	1677
SNRPD2P2	0	0	0
TSNAX-DT	108	0	108
TSNAX-DISC1	0	0	0
TSNAX	396	0	396
LINC00582	0	0	0
DISC1	0	0	0
LOC105373170	0	0	0
DISC2	0	0	0
DISC1-IT1	0	0	0
LOC124904549	0	0	0
LOC105373172	0	0	0
LOC105373171	0	0	0
LOC124904550	0	0	0
LOC101929902	0	0	0
LOC105373196	0	0	0
LOC105373198	0	0	0
SIPA1L2	812	1	811
LOC124904551	1	0	1
LINC01745	0	0	0
LINC01744	0	0	0
LOC107983960	0	0	0
MAP10	0	0	0
LOC101927711	0	0	0
LOC105373201	0	0	0
LOC107985361	1	97	1
NTPCR	448	7	546
PCNX2	158	4	162
MAP3K21	464	0	464
KCNK1	1125	1	1124
MIR4427	0	0	0
LOC107985362	9	2	7
LOC124904552	0	0	0
SLC35F3	223	0	223
LOC107985363	1	0	1
LOC124904553	0	0	0
SLC35F3-AS1	0	0	0
LOC105373206	0	0	0
MIR4671	1	0	1
COA6-AS1	14	273	25
COA6	220	11	493
TARBP1	945	3	942
LINC01354	0	0	0
LOC107985465	0	0	0
LOC124900421	0	0	0
IRF2BP2	4998	3	4995
LINC00184	5	1	4
LOC101927787	5	0	5
LOC105373207	5	5	0
LOC124904554	3	0	3
LOC124904555	0	0	0
LOC105373209	0	0	0
LOC105373208	0	0	0
LOC124904556	1	1	0
LINC01132	36	0	36
LOC105373210	0	0	0
LOC107985364	0	0	0
LINC02961	0	0	0
LOC124904557	0	0	0
LOC107985365	0	0	0
LINC02971	0	9	0
LNCATV	0	0	9
LINC03108	18	0	18
LINC01348	63	0	63
TOMM20	3995	0	3995
LOC105379283	4	0	4
SNORA14B	0	0	0
RBM34	597	2	595
ARID4B	360	2	359
MIR4753	0	0	0
GGPS1	499	0	500
LOC124904559	0	0	0
TBCE	2	0	2
B3GALNT2	0	0	0
GNG4	2	0	2
LOC124904560	0	0	0
LYST	219	2	217
MIR1537	0	0	0
LOC105373215	0	2	0
LINC02768	0	0	2
NID1	1	1	0
GPR137B	0	0	0
ERO1B	0	0	0
LOC124904561	0	0	0
LOC124904562	0	0	0
EDARADD	3	0	3
LGALS8	97	393	3
LGALS8-AS1	0	0	0
HEATR1	1052	2	1349
ACTN2	0	0	0
MTR	685	0	685
LOC105373218	0	0	0
LOC124904563	0	0	0
LOC124904564	0	0	0
LOC107985368	0	0	0
MT1HL1	0	0	0
RYR2	84	1	83
MIR4428	0	0	0
LOC100130331	0	0	0
ZP4	0	0	0
LOC105373220	0	0	0
LINC01139	7	0	7
LOC124904565	0	0	0
LOC105373222	0	0	0
LOC124904566	0	0	0
LOC105373223	0	0	0
CHRM3	0	0	0
LOC105373225	0	0	0
CHRM3-AS2	0	0	0
LOC124904567	0	0	0
CHRM3-AS1	0	0	0
LOC105373224	0	0	0
RPS7P5	0	0	0
FMN2	58	0	58
GREM2	0	0	0
LOC124904600	0	0	0
LOC105373228	0	0	0
LOC100506929	0	0	0
RGS7	0	0	0
LOC124904602	0	0	0
MIR3123	0	0	0
LOC124904601	0	0	0
FH	3415	0	3415
KMO	14	1043	6
OPN3	69	2	1076
CHML	0	0	0
WDR64	6	1	5
LOC124904603	1	0	1
LOC105373231	0	0	0
EXO1	927	0	927
LOC124904604	10	0	10
BECN2	0	0	0
MAP1LC3C	1	0	1
PLD5	0	0	0
LOC105373235	0	0	0
LOC105373234	0	0	0
LOC107985466	0	0	0
LINC01347	0	0	0
LOC124904568	0	0	0
CEP170	0	0	0
SDCCAG8	0	0	0
MIR4677	0	0	0
LOC124904569	0	0	0
AKT3	0	0	0
AKT3-IT1	0	0	0
LINC02774	0	0	0
LOC105373258	0	0	0
LOC124904570	0	0	0
ZBTB18	45	0	45
LOC440742	0	0	0
LOC105373261	0	0	0
LOC105373260	0	0	0
LOC105373262	0	0	0
SPMIP3	0	0	0
ADSS2	886	2	1078
CATSPERE	10	195	9
DESI2	807	0	807
C1orf202	0	0	0
LOC107985372	0	0	0
COX20	713	254	460
HNRNPU	8595	26	8570
SNORA100	0	0	0
LOC124904588	0	0	0
EFCAB2-AS1	4	0	4
LOC124900416	2	34	0
DRC8	176	11	208
LOC107985725	0	0	0
LOC124904572	6	0	6
KIF26B	0	0	0
KIF26B-AS1	0	0	0
LOC124904571	0	0	0
LOC105373265	0	0	0
SMYD3	221	2	219
SMYD3-AS1	0	0	0
LOC124904573	0	0	0
SMYD3-IT1	0	0	0
LINC01743	0	0	0
TFB2M	373	1	373
CNST	345	0	346
LOC105373271	0	0	0
LOC102724382	5	0	5
SCCPDH	441	0	441
LINC01341	0	0	0
AHCTF1	1016	2	1014
ZNF670-ZNF695	0	0	0
ZNF695	2	0	2
ZNF670	55	0	55
ZNF669	0	0	0
FLJ39095	0	0	0
LINC02897	0	0	0
ZNF124	76	0	76
MIR3916	15	0	15
VN1R5	0	0	0
LOC105373273	0	0	0
ZNF496	0	0	0
ZNF496-DT	0	0	0
LOC124904574	0	0	0
LOC107985375	0	0	0
NLRP3	0	0	0
LOC124904575	0	0	0
OR2B11	0	0	0
OR2W5P	0	0	0
GCSAML	0	0	0
OR2C3	0	0	0
GCSAML-AS1	0	0	0
LOC102724446	0	0	0
OR2G2	0	0	0
OR2G3	0	0	0
OR14L1	0	0	0
OR13G1	0	0	0
OR6F1	0	0	0
OR14A2	0	0	0
OR14K1	0	0	0
OR1C1	0	0	0
OR9H1	0	0	0
OR14A16	0	0	0
OR11L1	0	0	0
TRIM58	0	0	0
OR2W3	0	0	0
OR2T8	0	0	0
OR2AJ1	0	0	0
OR2L13	0	0	0
OR2L8	0	0	0
OR2AK2	0	0	0
OR2L1P	0	0	0
OR2L5	0	0	0
OR2L2	0	0	0
OR2L3	0	0	0
LOC105373275	0	0	0
OR2M1P	0	0	0
OR2M5	0	0	0
OR2M2	0	0	0
OR2M3	0	0	0
OR2M4	0	0	0
OR2T33	0	0	0
OR2T12	0	0	0
OR2M7	0	0	0
OR14C36	0	0	0
OR2T4	0	0	0
OR2T6	0	0	0
OR2T1	0	0	0
OR2T7	0	0	0
OR2T2	0	0	0
LOC105373279	0	0	0
OR2T3	0	0	0
LOC105373277	0	0	0
OR2T5	0	0	0
OR2G6	0	0	0
OR2T29	0	0	0
LOC124904576	0	0	0
OR2T34	0	0	0
OR2T10	0	0	0
OR2T11	0	0	0
OR2T35	0	0	0
OR2T27	0	0	0
OR14I1	0	0	0
LYPD9P	0	0	0
LYPD8	0	0	0
LOC107985747	0	0	0
LOC124904577	0	0	0
SH3BP5L	1009	0	1009
MIR3124	7	6	1
ZNF672	1167	5	1162
ZNF692	861	0	861
ZNF692-DT	0	0	0
PGBD2	91	10	81
TRL-CAA4-1	0	0	0
TRE-CTC2-1	0	0	0
LOC105379854	60	0	77
LOC101060632	1	18	0
LOC124905319	0	0	0
LOC105379522	0	0	0
LOC124905564	30	0	30
LOC124905320	0	0	0
LOC105379523	0	0	0
LOC107987365	0	0	0
LOC107987366	0	0	0
LOC102724562	0	0	0
LOC124905321	0	0	0
TRN-GTT26-1	0	0	0
LOC440570	0	0	0
TRNAE-UUC	0	0	0
FAM110C	125	0	125
LOC105373324	0	0	0
SH3YL1	35	0	35
ACP1	1206	0	1206
ALKAL2	0	1	0
LOC101927262	1	0	4
LOC105373346	0	3	0
LINC01865	0	0	0
LOC105373351	0	0	0
LOC124905962	0	0	0
LOC124907599	0	0	0
LINC01874	0	0	0
LOC100996637	0	0	0
LINC01875	0	0	0
LOC105373352	1	0	1
TMEM18	167	1	225
TMEM18-DT	2	58	3
LOC105373479	0	0	0
LOC105373358	0	0	0
LOC105373480	0	0	0
LINC01115	0	0	0
LINC01939	0	0	0
SNTG2-AS1	0	0	0
SNTG2	0	0	0
LOC124905965	0	0	0
LOC105373359	0	0	0
TPO	0	0	0
LALTOP	3	0	3
LOC102723730	0	0	0
LOC124907722	0	0	0
PXDN	2084	1	2360
LOC124907723	0	277	0
LOC124907724	0	0	0
MYT1L	18	2	16
LOC124905967	0	0	0
LOC107985838	0	0	0
MYT1L-AS1	0	0	0
LOC105373389	0	0	0
LOC107985839	0	0	0
LOC105373390	0	0	0
LOC124905968	0	0	0
LINC01250	0	0	0
LOC124906153	0	0	0
LOC107985840	0	0	0
EIPR1	626	1	625
TRAPPC12	259	1	259
TRAPPC12-AS1	0	1	0
LOC112268321	0	0	0
ADI1	416	1	423
LOC124907725	1	7	2
RNASEH1	579	0	579
RNASEH1-DT	84	0	84
LOC124907726	72	0	72
RPS7	6780	2	6778
COLEC11	0	0	0
ALLC	0	0	0
LOC105373393	0	0	0
DCDC2C	0	0	0
LINC01304	0	0	0
LOC105373394	0	0	0
LOC105373395	0	0	0
LOC105373397	0	0	0
LOC107985841	0	0	0
LINC01249	0	0	0
LOC105373398	0	0	0
LOC105373399	0	0	0
LOC107985842	0	0	0
LOC124905950	0	0	0
LOC107985843	0	0	0
LINC01248	0	0	0
LOC124908052	0	0	0
SOX11	0	0	0
LOC112268411	0	0	0
LINC01810	0	0	0
SILC1	0	0	0
MIR7158	0	0	0
LOC400940	0	0	0
LOC105373401	0	0	0
LINC01247	0	0	0
LOC105373402	0	0	0
LINC01824	0	0	0
LOC107985845	0	0	0
LINC01246	0	0	0
LINC03156	0	0	0
MIR7515	0	0	0
LINC00487	0	0	0
LOC105373404	0	0	0
NRIR	0	0	0
CMPK2	0	0	0
RSAD2	50	0	50
GRASLND	0	0	0
RNF144A	1	0	1
LOC101929452	0	0	0
LOC124908053	0	0	0
LOC107985846	0	0	0
LOC107985847	0	0	0
LOC105373406	0	0	0
LOC100506274	0	0	0
LOC105373407	0	0	0
LOC101929510	0	0	0
LOC107985848	0	0	0
LINC01871	0	0	0
LOC105373408	0	0	0
LOC101929861	0	0	0
LOC105373409	0	0	0
LOC101929551	0	0	0
LINC00298	0	0	0
LOC124907727	0	0	0
LINC00299	0	0	0
LINC01814	1	0	1
LOC105373411	0	0	0
ID2-AS1	13	4	12
ID2	390	0	393
KIDINS220	212	0	212
MBOAT2	111	0	111
LOC124906167	0	0	0
LOC124907728	0	0	0
LOC124907729	0	0	0
LOC105373414	0	0	0
LOC105373416	0	0	0
LOC105373415	0	0	0
LOC105373417	0	0	0
ASAP2	198	2	458
LOC124907730	0	43	0
ITGB1BP1	503	227	497
CPSF3	550	0	552
IAH1	156	134	158
ADAM17	249	11	374
LOC124906162	0	0	0
LOC101929643	9	0	9
YWHAQ	4606	2	4604
LOC105373418	1	0	1
LOC105373419	0	0	0
LOC124905969	1	0	1
LOC100996549	0	0	0
LOC105373421	0	0	0
TAF1B	125	3	122
LOC105373422	0	0	0
GRHL1	129	0	153
LOC124905970	13	37	0
LOC112268412	0	0	0
KLF11-DT	15	0	15
KLF11	543	0	543
CYS1	0	0	0
RRM2	2069	1	2073
LOC124906144	0	0	0
MIR4261	2	2	0
LOC105373424	4	9	0
LOC124907731	0	0	0
LOC101929691	5	0	5
LOC124900530	0	0	0
HPCAL1	1743	4	1773
LOC124905972	8	41	1
LOC124907732	2	0	2
ODC1	1431	0	1431
SNORA80B	1	0	1
ODC1-DT	3	0	3
LOC105373426	0	0	0
NOL10	342	0	342
RN7SL832P	4	0	4
ATP6V1C2	21	2145	26
LOC105373428	8	7	11
PDIA6	4127	7	6250
LOC124905973	0	0	0
LINC01954	0	0	0
KCNF1	0	0	0
FLJ33534	0	0	0
CIMIP5	1	0	1
SLC66A3	155	0	155
ROCK2	525	0	525
LOC124907733	0	0	0
PPIAP60	1	1	0
LOC124907734	0	0	0
LINC00570	28	0	28
LOC105373429	1	0	1
E2F6	280	3	277
GREB1	40	0	40
MIR4429	0	0	0
NTSR2	0	0	0
LPIN1	456	0	456
LOC100506405	0	0	0
LOC101929752	0	0	0
LOC124907735	0	0	0
MIR548S	0	0	0
LOC105373430	0	0	0
MIR4262	0	0	0
MIR3681HG	0	0	0
LOC124906141	0	0	0
LOC105373433	0	0	0
LOC105373432	0	0	0
MIR3681	0	0	0
LOC105373431	0	0	0
LOC107985853	0	0	0
LOC124905974	0	0	0
TRIB2	0	0	0
MIR3125	0	0	0
LOC100506474	0	0	0
LOC105373436	0	0	0
LOC105373484	0	0	0
LOC105373437	0	0	0
LOC105373485	0	0	0
LOC105373438	0	0	0
LOC124907736	0	0	0
LOC107985854	0	0	0
LINC00276	0	0	0
LRATD1	0	0	0
NBAS	471	0	471
LOC105373440	0	0	0
LOC124905975	5	0	5
DDX1	1346	0	1346
LINC01804	0	0	0
LOC124905976	0	0	0
LOC124906147	0	0	0
MYCNUT	0	0	0
MYCNOS	0	0	0
MYCN	0	0	0
GACAT3	0	0	0
LOC105373443	0	0	0
LOC124908049	0	0	0
LOC107985855	0	0	0
LOC105373444	0	0	0
CYRIA	0	0	0
LINC01866	0	0	0
LOC105373447	0	0	0
LOC105373448	0	0	0
RAD51AP2	0	0	0
VSNL1	0	0	0
LOC124908054	0	0	0
SMC6	182	0	183
GEN1	195	2	194
LOC105373449	0	0	0
MSGN1	0	0	0
LOC112267888	0	0	0
LOC124907737	0	0	0
KCNS3	0	0	0
LOC124900534	0	0	0
LOC105373451	0	0	0
LOC105373454	0	0	0
NT5C1B-RDH14	0	0	0
RDH14	0	0	55
LOC105373456	1	100	2
NT5C1B	0	0	0
LINC01376	0	0	0
LOC124907739	0	0	0
LOC124907738	0	0	0
OSR1	11	0	11
MIR4757	0	0	0
LOC105373458	0	0	0
LOC101928196	0	0	0
LINC01808	2	2	0
LOC105373459	0	0	0
LOC124905977	0	0	0
LOC105373461	0	0	0
LINC00954	0	0	0
TTC32	88	2	86
WDR35	99	0	99
WDR35-DT	0	0	0
MATN3	10	0	10
LAPTM4A	3406	0	3406
LAPTM4A-DT	1	1	0
LOC107985807	0	0	0
SDC1	885	1	884
LOC124905978	3	3	0
PUM2	804	1	803
LOC105373465	0	0	0
RHOB	13927	17	13910
LOC107985856	0	0	0
LOC102724948	33	26	7
HS1BP3	335	0	335
HS1BP3-IT1	0	0	0
LOC124907740	5	3	2
LOC105373466	3	0	3
GDF7	2	2	0
LDAH	187	0	187
LINC02850	0	0	0
APOB	0	0	0
LOC124905593	0	0	0
LOC124908055	0	0	0
TDRD15	0	0	0
LOC105374317	0	0	0
LOC105374318	0	0	0
LOC100507562	0	0	0
LOC107984020	0	0	0
LOC101929230	0	0	0
LINC01822	0	0	0
LOC124908056	0	0	0
LOC105374320	0	0	0
LOC124905953	0	0	0
LINC01830	0	0	0
LINC01884	0	0	0
LOC107985857	0	0	0
LOC124908057	0	0	0
LOC107985792	0	0	0
LOC107985858	1	0	1
LOC102723389	2	0	2
LINC02923	0	19	0
KLHL29	262	1	316
LOC124907741	0	0	0
LOC105374325	3	1	2
LOC102723401	0	0	0
ATAD2B	184	92	128
UBXN2A	194	2	192
MFSD2B	0	0	0
WDCP	142	0	142
FKBP1B	0	0	0
SF3B6	592	0	592
FAM228B	4	104	6
TP53I3	132	0	235
PFN4	4	2	5
LOC105374328	0	0	0
FAM228A	0	0	0
ITSN2	165	0	165
LOC124900541	0	0	0
LOC105374329	0	0	0
NCOA1	202	0	202
PTRHD1	328	10	331
LOC105369164	3	0	3
CENPO	173	798	462
ADCY3	1315	335	2054
LOC105377626	4	0	4
LOC124907742	0	0	0
DNAJC27	48	0	48
DNAJC27-AS1	4	0	4
EFR3B	382	0	382
POMC	0	0	0
LINC01381	0	0	0
DNMT3A	143	0	143
MIR1301	0	0	0
DTNB	203	0	306
DTNB-AS1	0	33	0
LOC124900608	0	44	0
LOC105374332	0	0	0
ASXL2	377	2	375
KIF3C	85	0	85
LOC124907743	0	0	0
RAB10	1774	0	1774
LOC105374333	3	0	3
GAREM2	71	954	67
HADHA	4337	4	5283
HADHB	1892	0	1892
LOC105374334	1	0	1
ADGRF3	2	26	1
SELENOI	564	0	589
DRC1	0	0	0
OTOF	9	0	9
CIMIP2C	0	0	0
CIB4	0	0	0
KCNK3	94	0	94
SLC35F6	1137	0	1137
CENPA	204	1	203
DPYSL5	0	0	0
LOC124905979	0	0	0
MAPRE3	121	3	118
MAPRE3-AS1	0	0	0
TMEM214	1904	1	1903
AGBL5-AS1	0	0	0
AGBL5	559	280	554
TRY-GTA2-1	0	0	0
TRA-AGC8-1	0	0	0
OST4	230	5	500
EMILIN1	38	23	15
KHK	87	0	127
CGREF1	0	40	0
LOC124907744	0	0	0
ABHD1	0	15	0
PREB	1299	2	1312
PRR30	0	0	0
TCF23	0	0	0
SLC5A6	977	295	995
ATRAID	1489	21	1781
CAD	2292	3	2289
SLC30A3	13	0	13
DNAJC5G	0	0	0
TRIM54	3	0	3
UCN	53	0	53
MPV17	877	0	877
GTF3C2	1514	2	1939
GTF3C2-AS1	0	410	0
GTF3C2-AS2	229	246	224
EIF2B4	365	3	586
SNX17	2239	25	2245
ZNF513	95	22	104
PPM1G	3372	1	3371
FTH1P3	6	0	6
NRBP1	2038	10	2028
KRTCAP3	1	34	1
IFT172	186	4	216
FNDC4	0	0	0
GCKR	0	0	0
SPATA31H1	10	10	0
ZNF512	369	0	369
CCDC121	11	3	11
GPN1	483	19	507
LOC124906143	0	0	0
SUPT7L	733	50	723
SLC4A1AP	348	1	347
LINC01460	0	0	0
LOC105374378	0	0	0
MRPL33	310	0	310
RBKS	80	0	80
BABAM2	653	1	718
BABAM2-AS1	1	67	2
LOC105374369	1	0	1
MIR4263	5	0	5
LOC100505736	0	0	0
LOC124907745	3	0	3
BABAM2-AS2	7	10	0
LOC105374381	0	0	0
LOC105374382	2	0	2
LOC105374383	1	0	2
FOSL2-AS1	8	6	3
FOSL2	4267	5	4262
LOC102723530	0	0	0
PLB1	4	0	4
LOC124907746	0	0	0
LOC105374384	0	0	0
LOC100505774	1	0	1
PPP1CB-DT	4	6	4
PPP1CB	1523	0	1529
SPDYA	3	63	1
TRMT61B	193	1	254
WDR43	819	0	819
SNORD92	0	0	0
SNORD53	0	0	0
SNORD53B	0	0	0
TOGARAM2	9	0	9
PCARE	0	0	0
LOC105374386	0	0	0
CLIP4	3	0	3
LOC124907747	1	0	1
ALK	0	0	0
LOC101929386	0	0	0
LOC105374389	0	0	0
LOC124907748	0	0	0
YPEL5	552	0	552
LOC105374414	0	0	0
SNORA10B	0	0	0
LOC124907749	0	0	0
LBH	16	0	16
LOC102723594	0	0	0
LINC01936	0	0	0
LCLAT1	262	0	262
CAPN13	0	0	0
LOC124905982	0	0	0
LOC105374435	0	0	0
LOC124907750	0	0	0
GALNT14	0	0	0
LOC107985861	0	0	0
CAPN14	0	0	0
EHD3	0	0	0
LOC124905983	0	0	0
LOC124907751	0	0	0
XDH	5	0	5
SRD5A2	0	0	0
LOC107985862	0	0	0
LOC107985863	0	0	0
LINC01946	0	0	0
MEMO1	451	2	449
DPY30	389	2	387
SPAST	266	4	262
SLC30A6-DT	14	0	14
SLC30A6	659	0	661
NLRC4	31	33	0
YIPF4	584	1	583
BIRC6	759	9	750
MIR558	0	0	0
BIRC6-AS2	2	2	0
LOC124905985	1	1	0
TTC27	323	0	323
MIR4765	0	0	0
LINC00486	0	0	0
LOC105374453	0	0	0
LOC100271832	0	0	0
LTBP1	17	0	17
MIR4430	0	0	0
RASGRP3	11	3	8
RASGRP3-AS1	2	0	2
FAM98A	816	0	816
LOC105374455	1	0	1
LOC124905986	0	0	0
LINC01317	0	0	0
MYADML	0	0	0
LOC124905987	0	0	0
LOC105374456	0	0	0
LINC01318	0	0	0
LOC105374457	0	0	0
LOC105374459	0	0	0
LINC01320	0	0	0
LOC107985865	0	0	0
LOC105374458	0	0	0
LOC124907752	0	0	0
LOC105374461	0	0	0
LOC107985808	0	0	0
MIR548AD	0	0	0
LOC107985866	0	0	0
CRIM1-DT	0	0	0
CRIM1	1457	3	1454
LOC124907753	0	0	0
LOC124905989	0	0	0
FEZ2	728	0	728
LOC124905990	7	7	0
VIT	200	0	200
STRN	468	0	468
HEATR5B	360	0	360
GPATCH11	169	1	169
EIF2AK2	1239	3	1237
SULT6B1	0	0	0
CEBPZOS	463	310	694
CEBPZ	369	247	663
NDUFAF7	351	231	357
PRKD3	612	20	829
PRKD3-DT	0	0	0
LOC124907754	0	0	0
QPCT	0	0	0
LOC107985868	0	2	0
LOC124905991	0	0	0
LINC03063	0	0	2
CDC42EP3	231	0	231
LOC107985870	0	0	0
LOC105374465	0	0	0
LOC107985869	2	0	2
PIRAT1	0	0	0
RMDN2	17	6	11
RMDN2-AS1	0	0	0
CYP1B1	546	12	534
LOC107985871	26	3	23
CYP1B1-AS1	9	2	8
LOC102723739	40	1	39
LOC105374467	0	0	0
ATL2	770	0	770
LOC105374468	0	0	0
LINC01883	0	0	0
LINC02613	0	0	0
HNRNPLL	658	0	658
GALM	37	3	48
LOC124905993	0	12	0
SRSF7	1892	0	1892
GEMIN6	251	0	251
DHX57	368	0	368
LOC105374470	0	0	0
MORN2	125	0	125
ARHGEF33	0	0	1
LOC105374471	0	0	0
LOC375196	0	1	0
SOS1	717	5	712
CDKL4	1	0	1
MAP4K3	392	0	392
MAP4K3-DT	70	0	70
TMEM178A	2	1	2
THUMPD2	122	0	197
LOC124905994	0	74	0
LOC112268436	0	0	0
SLC8A1-AS1	0	0	0
SLC8A1	0	0	0
LOC101929667	1	0	1
LOC105374473	0	0	0
LOC105374475	0	0	0
LOC105374497	0	0	0
LOC105374491	0	0	0
LINC01794	0	0	0
LOC105374506	0	0	0
LINC01913	0	0	0
LINC01914	24	5	19
LINC02898	2	1	1
LOC124905996	0	0	0
LOC105374517	1	0	1
PKDCC	1430	0	1430
LOC105374531	0	0	0
EML4-AS1	2	0	2
EML4	891	5	886
COX7A2L	1116	1	1115
KCNG3	9	0	9
LOC124900542	0	0	0
MTA3	698	6	692
LOC105374555	1	1	0
OXER1	0	0	0
HAAO	1	1	0
TRI-TAT2-1	0	0	0
LOC105374568	0	0	0
LOC112268413	0	0	0
LINC01819	2	0	2
LOC107985876	1	0	1
LOC124907756	0	0	0
LINC02580	0	0	0
LOC105374570	0	0	0
LOC124907755	0	0	0
ZFP36L2	2159	8	2151
LINC01126	5	0	5
THADA	372	6	366
PLEKHH2	16	0	16
C1GALT1C1L	0	0	0
DYNC2LI1	81	0	81
LOC105374571	3	0	3
ABCG5	0	0	0
ABCG8	1	1	0
LOC102725159	0	0	0
LRPPRC	2848	0	2848
LOC124907757	0	0	0
PPM1B-DT	0	0	0
PPM1B	357	2	355
SLC3A1	12	359	0
PREPL	207	0	554
CAMKMT	110	0	110
LOC124905998	1	0	1
LOC124907759	2	0	2
LOC124905999	9	0	9
LOC124907758	2	0	2
LOC105374573	0	0	0
LINC01833	0	0	0
SIX3-AS1	0	0	0
SIX3	0	0	0
SIX2	726	1	725
LOC107985809	0	0	0
LINC01121	0	0	0
LOC105374576	0	0	0
LOC105374577	0	0	0
SRBD1	113	0	113
LOC102724965	24	7	24
PRKCE	119	0	126
PRKCE-AS1	0	0	0
LOC124907761	2	0	2
LOC101926974	0	0	0
LOC105374581	0	0	0
EPAS1	3687	1	3686
LINC01820	0	0	0
LOC124907762	2	0	2
LINC02583	0	0	0
TMEM247	0	0	0
LOC124906002	0	0	0
ATP6V1E2	104	10	105
RHOQ	605	81	1147
RHOQ-AS1	9	11	0
PIGF	111	566	154
LOC124906003	10	4	6
CRIPT	216	0	216
LOC105374584	11	0	11
SOCS5	305	0	305
LINC01118	2	0	2
LINC01119	12	0	12
LOC107985880	1	0	1
LOC124906004	0	0	0
MCFD2-AS1	9	242	0
MCFD2	1822	91	2080
TTC7A	1115	15	1206
STPG4	0	0	0
CALM2	3962	1	3961
EPCAM-DT	0	0	0
LOC105374588	0	0	0
LOC124907763	1	0	1
LOC107985882	0	0	0
BCYRN1	0	0	0
EPCAM	0	0	0
MIR559	0	0	0
MSH2	741	0	762
KCNK12	0	21	0
MSH2-OT1	1	0	1
LOC105374589	0	0	0
MSH6	1648	15	1636
FBXO11	629	6	671
LOC100506235	8	44	9
LOC105374590	0	0	0
LOC105374592	0	0	0
LOC105374591	0	0	0
LOC124907765	0	0	0
LOC105374593	0	0	0
LOC102724008	0	0	0
LOC124907766	2	0	6
FOXN2	240	9	235
PPP1R21	193	0	193
STON1-GTF2A1L	0	0	0
STON1	1	0	1
GTF2A1L	0	0	0
LHCGR	0	0	0
LOC105374594	0	0	0
FSHR	0	0	0
MIR548BA	0	0	0
LOC107985810	0	0	0
LOC105374595	0	0	0
LOC124906005	0	0	0
NRXN1	1	0	1
LOC101927089	0	0	0
MIR8485	0	0	0
LOC124906006	0	0	0
NRXN1-DT	0	0	0
LOC105377627	0	0	0
LOC105374597	0	0	0
LOC124907767	0	0	0
LOC107985766	0	0	0
LINC01867	0	0	0
LOC105374598	0	0	0
MIR4431	0	0	0
LOC105369165	1	0	1
LOC124900528	0	0	0
LOC105374600	0	0	0
ASB3	0	0	0
GPR75-ASB3	0	0	0
CHAC2	223	2	221
ERLEC1	835	0	842
LOC112268415	3	7	3
MIR3682	9	0	9
GPR75	15	0	15
PSME4	916	1	916
ACYP2	81	10	72
LOC105374615	3	0	3
LOC105374610	0	0	0
TSPYL6	0	0	0
CIMIP6	0	0	0
LOC102724072	2	2	0
SPTBN1	3196	0	3554
SPTBN1-AS1	6	47	0
RPL23AP32	0	0	0
LOC124906008	0	0	0
SPTBN1-AS2	4	321	0
LOC105374653	0	0	0
EML6	214	3	211
EML6-AS1	0	0	0
RTN4	4800	6	4794
LOC105374662	0	0	0
CLHC1	92	23	91
RPS27A	10531	4	10549
MTIF2	390	3	387
PRORSD1P	10	6	4
CCDC88A	337	1	357
LOC124907768	0	21	0
CFAP36	229	10	219
PPP4R3B	1005	1	1005
LOC124900537	0	0	0
PPP4R3B-DT	35	16	20
PNPT1	813	2	811
LOC107985811	0	0	0
LOC112268416	0	0	0
EFEMP1	2855	1	2854
LOC105374690	0	0	0
MIR217HG	0	0	0
MIR217	0	0	0
MIR216A	0	0	0
MIR216B	0	0	0
LINC01813	0	0	0
LOC100129434	0	0	0
CCDC85A	0	0	0
LOC101927213	0	0	0
LOC124906180	0	0	0
LOC124900539	0	0	0
LOC101927235	0	0	0
LOC105374697	0	0	0
LOC105377628	0	0	0
LOC124907769	0	0	0
VRK2	129	136	251
LOC124907770	0	0	0
LOC107984043	0	22	5
FANCL	284	159	356
LINC01795	0	0	0
LINC01122	0	0	0
LOC124907771	0	0	0
LINC01793	0	0	0
LOC105374754	0	0	0
MIR4432HG	0	0	0
MIR4432	0	0	0
LOC102724142	0	0	0
LOC124906010	0	0	0
BCL11A	0	0	0
PAPOLG	216	0	216
REL-DT	0	0	0
REL	134	4	130
PUS10	105	70	70
PEX13	497	1	531
SANBR	174	1	173
LOC105374759	3	0	3
C2orf74-DT	181	0	181
C2orf74	75	0	75
C2orf74-AS1	4	87	0
AHSA2P	458	375	556
USP34	827	57	1162
SNORA70B	0	0	0
USP34-DT	14	739	24
XPO1	3481	15	4213
LOC107985767	11	2	9
LOC105374760	0	0	0
FAM161A	54	0	54
CCT4	2738	2	4519
LOC124907773	1	843	0
COMMD1	148	567	148
LOC124906012	4	0	4
LOC124906013	5	0	5
B3GNT2	492	0	492
MIR5192	0	0	0
LOC105374761	0	0	0
LOC124906156	0	0	0
LOC105374764	0	0	0
TMEM17	0	0	0
EHBP1	319	1	439
EHBP1-AS1	0	120	1
OTX1	288	2	286
DBIL5P2	0	0	0
WDPCP	34	0	34
LOC107985769	1	1	0
MDH1	3292	4	3288
UGP2	1639	2	1637
VPS54	539	2	537
LOC124907774	0	0	0
PELI1	156	0	156
LINC00309	0	0	0
LOC100507006	0	0	0
LOC105374769	0	0	0
LOC105374768	0	0	0
MIR4433B	0	0	0
MIR4433A	0	0	0
LGALSL-DT	3	30	2
LOC124907775	0	0	0
LGALSL	231	0	260
LINC01805	0	0	0
AFTPH-DT	0	0	0
AFTPH	346	0	395
MIR4434	0	0	0
LOC105374773	2	51	0
LINC02579	0	0	0
SERTAD2	505	0	505
SERTAD2-AS1	6	6	0
LOC124907776	0	0	0
LOC105374777	2	0	2
LOC105374776	0	0	0
LINC01800	0	0	0
LINC02245	0	0	0
LOC124906172	0	0	0
SLC1A4	379	2	377
LINC02576	2	2	0
CEP68	293	15	298
RAB1A	1760	8	1772
LOC124906140	0	0	0
LOC124907779	1	0	1
ACTR2	3801	2	3799
LOC124907781	0	0	0
SPRED2	622	0	622
LOC105374780	0	0	0
LOC124907784	0	0	0
LOC105374781	0	0	0
LINC03050	0	0	0
LOC107985889	0	0	0
LOC105369167	0	0	0
LINC02934	0	0	0
LOC107985890	0	0	0
LOC107985812	0	0	0
MIR4778	0	0	0
LINC01873	0	0	0
MEIS1-AS3	2	0	2
MEIS1	125	0	125
MEIS1-AS2	0	0	0
LOC124900511	3	0	3
LINC01798	0	0	0
LINC01797	0	0	0
LINC01799	0	0	0
LINC01628	0	0	0
LOC105374785	0	0	0
LINC01828	0	0	0
LINC01829	0	0	0
LOC101927661	0	0	0
ETAA1	214	1	213
LOC107985891	0	0	0
LOC124907804	1	0	1
LOC124906017	0	0	0
LOC105374786	0	0	0
LINC02831	0	0	0
LINC01812	0	0	0
C1D	402	0	402
LOC105374789	3	0	3
DNAAF10	216	0	216
PNO1	659	1	658
PPP3R1	1217	5	1212
PPP3R1-AS1	0	0	0
CNRIP1	5	0	5
LOC102724389	2	0	2
LOC101927723	0	0	0
PLEK	0	0	0
FBXO48	30	0	30
APLF	18	0	18
PROKR1	0	0	0
ARHGAP25	0	0	0
LOC105374790	0	0	0
LINC01890	0	0	0
LINC01888	0	0	0
BMP10	0	0	0
LOC105374792	0	0	0
GKN2	2	0	2
GKN1	0	0	0
ANTXR1	3673	1	3672
MIR3126	0	0	0
LOC124906019	6	0	6
LOC124907821	0	0	0
GFPT1	1200	0	1200
NFU1	104	0	104
LOC124906020	4	4	0
AAK1	659	0	659
SNORA36C	0	0	0
ANXA4	901	2	1041
LOC124906149	0	0	0
SMANTIS	0	0	0
LOC124906021	0	140	2
GMCL1	388	2	386
SNRNP27	486	1	485
LOC124906176	10	0	10
MXD1	470	0	599
ASPRV1	15	129	15
LOC124906177	0	0	0
PCBP1-AS1	87	4999	91
PCBP1	4003	6	9001
LOC124906022	0	0	0
LINC01816	4	0	4
C2orf42	104	0	104
TIA1	964	1	963
TRG-CCC2-1	0	0	0
MIR1285-2	0	0	0
PCYOX1	1399	1	1398
SNRPG	594	0	594
LOC124906023	1	13	1
FAM136A	960	18	955
TGFA	76	0	76
TGFA-IT1	0	0	0
LOC107985895	0	0	0
LOC124907824	0	0	0
ADD2	0	0	0
LOC105374794	0	0	0
FIGLA	0	0	0
CLEC4F	0	0	0
CD207	0	0	0
LINC01143	1	1	0
VAX2	2	2	0
ATP6V1B1	0	0	0
ATP6V1B1-AS1	0	0	0
LOC105374795	1	0	1
ANKRD53	2	1	1
TEX261	921	3	918
LOC105374796	0	0	0
OR7E91P	0	0	0
NAGK	435	1	434
MCEE	109	0	109
MPHOSPH10	247	0	247
PAIP2B	33	1	32
LOC105374797	1	5	0
ZNF638	831	0	835
DYSF	113	1	112
LOC124907827	1	0	1
LOC105374798	0	0	0
CYP26B1	803	1	802
EXOC6B	415	0	415
LOC124900538	0	0	0
SPR	1334	1	1333
EMX1	0	0	0
SFXN5	199	0	199
LOC107985897	8	0	8
LOC105374800	1	0	1
RAB11FIP5	1110	0	1110
NOTO	0	0	0
SMYD5	684	0	684
PRADC1	552	3	549
CCT7	8654	13	8641
FBXO41	1145	7	1138
LOC124907840	0	0	0
EGR4	0	0	0
LOC105374802	5	5	0
LOC105374803	1	0	1
LOC105374804	0	0	0
ALMS1	0	0	0
ALMS1-IT1	0	0	0
NAT8	0	0	0
ALMS1P1	0	0	0
LOC112268418	0	0	0
NAT8B	0	0	0
LOC124907848	0	0	0
LOC124905592	0	0	0
TPRKB	0	0	0
DUSP11	0	0	0
C2orf78	0	0	0
LOC105374807	3	1	4
STAMBP	436	2	740
LOC112268419	0	304	0
ACTG2	0	0	0
DGUOK	380	4	690
DGUOK-AS1	1	312	3
TET3	494	55	467
BOLA3	269	0	298
BOLA3-DT	27	1	28
MOB1A	1618	5	1614
MTHFD2	1602	1	1747
SLC4A5	15	148	13
DCTN1	3514	3	3513
DCTN1-AS1	0	2	0
C2orf81	1	0	1
WDR54	47	6	44
RTKN	446	0	449
INO80B-WBP1	0	0	0
INO80B	6	0	6
WBP1	29	0	29
MOGS	1899	2	1897
MRPL53	436	0	436
CCDC142	390	8	382
TTC31	450	1	452
LBX2	3	19	0
LBX2-AS1	8	0	21
PCGF1	246	2	244
TLX2	0	0	0
DQX1	4	0	4
AUP1	2036	11	2873
HTRA2	610	839	863
LOXL3	53	351	12
DOK1	202	0	268
M1AP	3	3	0
SEMA4F	138	0	138
LOC102724497	5	0	5
LOC102724482	0	0	0
HK2-DT	52	0	65
HK2	3873	106	3780
LINC01291	3	4	5
LOC105374809	33	338	40
POLE4	71	2	406
LOC124907850	2	0	2
TACR1	1	0	1
MIR5000	0	0	0
TACR1-AS1	7	0	8
LOC107985900	0	1	0
LOC105374810	0	0	0
LOC124906160	0	0	0
LOC124906189	0	0	0
EVA1A	7	0	7
EVA1A-AS	0	0	0
LOC124906026	3	0	3
LOC124906195	0	0	0
LOC124906161	0	0	0
MRPL19	1152	8	1144
GCFC2	178	49	224
LOC124906025	32	65	25
LOC105374813	0	31	5
LOC105374814	0	0	0
LRRTM4	0	0	0
LOC105374815	0	0	0
LRRTM4-AS1	0	0	0
LOC101927967	0	0	0
LINC01851	0	0	0
LOC105374817	1	0	1
SNAR-H	0	0	0
LOC105374816	4	0	4
LOC101927948	0	0	0
LOC124906027	24	0	24
LOC105374820	0	0	0
LOC105374819	0	0	0
LOC105374821	0	0	0
LOC105374822	0	0	0
REG3G	0	0	0
REG1B	0	0	0
REG1A	0	0	0
REG1CP	0	0	0
REG3A	0	0	0
CTNNA2	0	0	0
LOC105374823	0	0	0
CTNNA2-AS1	0	0	0
MIR4264	0	0	0
MIR8080	0	0	0
LOC107985903	0	0	0
LRRTM1	0	0	0
LOC107985904	0	0	0
LOC105374824	0	0	0
LOC105374827	0	0	0
LINC01815	0	0	0
LOC102724542	68	0	68
LOC105374828	0	0	0
LOC105374829	0	0	0
LOC124906132	0	0	0
LOC105374831	0	0	0
DHFRP3	0	0	0
LOC105374832	0	0	0
LOC124908050	0	0	0
LOC105374833	0	0	0
LOC105374834	0	0	0
LINC01809	0	0	0
LOC107985905	0	0	0
FUNDC2P2	0	0	0
SUCLG1	1787	0	1787
DNAH6	11	1	11
TRABD2A	1751	0	1752
LOC105374837	1	0	1
LOC105374836	0	289	0
TMSB10	10310	4	10595
KCMF1	1061	1	1060
LINC01964	0	0	0
TCF7L1	0	0	0
TCF7L1-IT1	0	0	0
LOC102724579	0	0	0
TGOLN2	319	0	319
RETSAT	94	0	94
ELMOD3	203	64	153
LOC124906137	0	0	0
CAPG	4851	3	5476
LOC105374841	1	613	1
SH2D6	123	3	121
PARTICL	77	3	76
MAT2A	11262	36	12029
GGCX	1431	783	1449
VAMP8	932	1	931
VAMP5	48	1	47
RNF181	689	0	689
TMEM150A	165	0	165
USP39	1330	0	1330
C2orf68	574	1	573
SFTPB	2	0	2
LOC105374842	2	0	2
GNLY	0	0	0
LOC124907851	0	0	0
ATOH8	1036	5	1031
MIR6071	1	1	0
LOC284950	13	0	13
ST3GAL5	94	2	92
ST3GAL5-AS1	1	0	1
LOC124906030	2	0	2
LOC124906031	0	0	0
LOC105374843	0	0	0
POLR1A	1482	0	1482
LOC124907852	0	0	0
PTCD3	1246	2	1244
SNORD94	10	0	10
IMMT	2586	10	2576
MIR4779	0	0	0
MRPL35	543	0	543
REEP1	133	0	133
LOC124900517	0	0	0
KDM3A	814	0	814
RNF103-CHMP3	5	8	2
CHMP3	0	0	0
CHMP3-AS1	0	56	0
RNF103	404	0	406
LOC124907853	0	0	0
RMND5A	1035	0	1040
CD8A	0	0	0
LOC105374846	0	0	0
CD8B	0	0	0
ANAPC1P1	1	0	1
RGPD1	0	0	0
PLGLB1	3	0	3
ANAPC1P2	125	3	122
LOC102724642	51	0	51
MIR4771-1	0	0	0
LOC107985771	0	0	0
LINC01955	0	0	0
LOC107985908	0	0	2
LOC105374848	0	2	0
LOC124907854	13	0	13
LOC105377635	3	0	3
LINC01943	2	0	2
CYTOR	23	57	13
NCAL1	0	0	0
LOC124906032	32	4	78
LOC107985909	0	0	0
MIR4435-1	0	0	0
LOC101928214	2	2	0
ANAPC1P4	1	0	1
PLGLB2	0	0	3
RGPD2	0	3	0
LOC124906185	0	0	0
RNU2-63P	0	0	0
LOC105374852	6	0	6
KRCC1	128	0	128
SMYD1	0	0	0
MIR4780	0	0	0
FABP1	0	0	0
LOC101928347	0	0	0
THNSL2	0	0	0
LOC124907855	0	0	0
LOC124906155	0	0	0
FOXI3	0	0	0
SPMIP9	0	0	0
EIF2AK3-AS1	0	96	0
EIF2AK3	233	3	327
EIF2AK3-DT	5	0	6
LOC102724805	12	0	12
RPIA	152	1	151
LOC105374853	0	0	0
ANKRD36BP2	1	0	1
MALLP2	0	0	0
MIR4436A	0	0	0
LOC105374854	0	0	0
LOC124907856	0	0	0
LOC107985910	0	0	0
LOC107985911	21	0	21
KMT2CP4	0	0	0
LOC105374862	0	0	0
LOC124905368	0	0	0
LOC124905938	0	0	0
LSP1P4	0	0	0
KMT2CP5	0	0	0
GGT8P	0	0	0
ACTR3BP2	0	0	0
BMS1P23	21	0	26
LOC107985915	7	5	7
LOC100133920	0	0	0
AQP7B	0	0	0
LOC107985916	0	0	0
FAM95A	0	0	0
ANKRD20A8P	0	0	0
LOC442028	0	0	0
TEKT4	0	0	0
LOC105373487	0	0	0
MAL-AS1	0	0	0
MAL	0	0	0
LOC124906047	0	0	0
LOC124907857	2	0	2
LOC105373488	0	0	0
MRPS5	1358	2	1356
ZNF514	18	0	18
ZNF2	65	0	65
ZNF892	1	1	0
PROM2	0	0	0
KCNIP3	4	0	4
LOC124907858	0	0	0
FAHD2A	0	0	0
TRIM43B	0	0	0
LINC03052	0	0	0
TRIM43	0	0	0
LOC124905589	0	0	0
LOC101926959	0	0	0
LOC128966744	0	0	0
LINC00342	14	0	14
ANKRD36C	27	0	27
FAHD2CP	7	0	59
LOC124900512	36	0	36
GPAT2	0	60	0
LOC105373494	0	0	0
ADRA2B	0	0	0
ASTL	6	0	6
DUSP2	2055	0	2055
STARD7	2145	35	2511
STARD7-AS1	41	371	71
SNORA112	0	0	0
TMEM127	1459	1	1458
CIAO1	1727	4	1723
SNRNP200	7968	3	7965
ITPRIPL1	0	0	0
NCAPH	1050	0	1050
NEURL3	0	0	0
LOC105373496	0	0	0
ARID5A	258	1	257
KANSL3	892	0	892
FER1L5	0	0	0
LMAN2L	479	0	479
CNNM4	285	4	281
MIR3127	0	0	0
CNNM3-DT	4	0	4
CNNM3	699	92	1033
LOC124907859	0	396	28
ANKRD23	40	1	39
ANKRD39	203	2	201
SEMA4C	707	10	761
LOC124908044	1	55	10
FAM178B	0	0	0
LOC101927053	0	0	0
LOC124906158	0	0	0
FAHD2B	0	0	0
ANKRD36	0	0	0
LOC100506076	0	0	0
LOC124907860	0	0	0
LOC107985920	0	0	0
APPAT	0	0	0
ANKRD36B	0	0	0
LOC105373499	0	0	0
COX5B	0	0	0
ACTR1B	0	0	0
C2orf92	0	0	0
LOC124900516	0	0	0
ZAP70	0	0	0
TMEM131	0	0	0
LOC124907861	0	0	0
LOC124905591	0	0	0
LOC105373501	0	0	0
VWA3B	1	0	1
CNGA3	0	0	0
INPP4A	409	0	409
COA5	238	1	238
UNC50	440	0	441
MGAT4A	40	0	40
LOC124906050	0	0	0
LOC107985922	0	0	0
LINC02611	0	0	0
CRACDL	41	0	41
TSGA10	4	0	4
C2orf15	11	2	9
LIPT1	52	1	52
MITD1	274	2	273
MRPL30	1314	2	1312
LYG2	1	1	0
LYG1	24	0	24
LOC107985923	7	11	0
TXNDC9	447	4	449
EIF5B	867	71	875
REV1	418	45	452
AFF3	0	0	0
LOC124906051	0	0	0
LOC105373504	0	0	0
LINC01104	0	0	0
LONRF2	0	0	0
CHST10	0	0	0
NMS	0	0	0
LOC105373506	0	0	0
PDCL3	174	0	174
LINC01849	0	0	0
LOC107985814	0	0	0
LINC01868	0	0	0
LOC105375310	0	0	0
LOC105373508	0	0	0
NPAS2	680	10	671
NPAS2-AS1	0	0	0
RPL31	6159	20	6142
TBC1D8	800	4	800
LOC105373510	4	0	4
TBC1D8-AS1	6	0	6
LOC124906053	3	0	4
CNOT11	1174	7	1402
LOC105373511	15	247	2
RNF149	1558	8	1550
SNORD89	0	0	0
LOC124906052	1	0	1
LOC105373512	1	0	1
MIR5696	0	0	0
CREG2	332	1	331
RFX8	0	0	0
LINC01870	0	0	0
LOC105373514	0	0	0
MAP4K4	2099	4	2095
LINC01127	0	0	0
IL1R2	4	0	4
LOC107985926	0	0	0
IL1R1	80	0	81
IL1R1-AS1	0	1	0
IL1RL2	0	0	0
CFAP144P2	0	0	0
IL1RL1	4	0	4
IL18R1	13	0	13
IL18RAP	1	0	1
MIR4772	0	0	0
SLC9A4	0	0	0
SLC9A2	0	0	0
LOC124905954	0	0	0
SLC67A2	66	0	66
TMEM182	17	0	17
LINC01796	0	0	0
LINC01935	0	0	0
LOC124907862	0	0	0
LOC105373520	0	0	0
LOC107985927	0	0	0
LINC01965	0	0	0
LOC105373521	0	0	0
LOC105373523	0	0	0
LOC105373522	0	0	0
LOC124908051	0	0	0
LOC100287010	0	0	0
LOC124908058	0	0	0
LINC01831	0	0	0
LINC01102	0	0	0
LINC01103	0	0	0
LOC124906193	0	0	0
LOC105373524	0	0	0
LOC105373525	0	0	0
LOC105373526	0	0	0
LOC101927383	0	0	0
LOC124900520	0	0	0
LINC01114	0	0	0
PANTR1	0	0	0
POU3F3	0	0	0
LOC124908045	0	0	0
LINC01159	0	0	0
DALIR	0	0	0
MRPS9-AS2	0	0	0
MRPS9	411	0	689
MRPS9-AS1	3	281	0
LOC105373527	0	0	0
LINC01918	0	0	0
LOC105373528	0	0	0
GPR45	0	0	0
TGFBRAP1	662	0	662
C2orf49-DT	40	2	39
C2orf49	335	52	322
FHL2	1352	9	1381
LOC105373529	0	0	0
LOC105375311	0	0	0
LINC02946	0	0	0
LOC107985929	0	0	0
NCK2	29	0	29
LOC105373530	0	0	0
LOC105373531	0	0	0
LOC124906055	0	0	0
ECRG4	0	0	0
UXS1	614	0	614
ANAPC1P6	0	0	0
PLGLA	0	0	0
RGPD3	7	0	7
LOC107985931	0	0	0
CD8B2	0	0	0
LOC124907863	0	0	0
LOC102724744	0	0	0
ST6GAL2	0	0	0
LOC124907864	0	0	0
LOC105373535	0	0	0
LINC01789	0	0	0
LINC01885	7	0	7
LINC01886	0	0	0
LOC124905955	1	1	0
LOC105373539	4	0	4
GACAT1	0	0	0
RGPD4-DT	0	0	0
RGPD4	1	0	1
LOC124906057	0	0	0
SLC5A7	0	0	0
LINC01593	0	0	0
LINC01594	0	0	0
SULT1C3	0	0	0
SULT1C2	0	0	0
SULT1C5P	0	0	0
SULT1C4	0	0	0
GCC2	301	7	317
GCC2-AS1	5	25	6
LIMS1	742	1	744
LIMS1-AS1	1	1	0
LOC107985802	0	0	0
RANBP2	619	0	619
CCDC138	155	0	155
EDAR	1	0	1
SH3RF3-AS1	25	72	12
SH3RF3	405	5	459
MIR4265	0	0	0
MIR4266	0	0	0
SEPTIN10	1102	1	1102
SOWAHC	1292	1	1292
LOC105373545	3	0	3
LOC107985774	1	0	1
LOC100506563	0	0	0
RGPD5	0	0	0
LOC102724848	0	0	0
LIMS3-LOC440895	0	0	0
LIMS3	0	0	0
LOC105373547	0	0	0
LOC124907865	0	0	0
LOC440895	0	0	0
LINC01123	89	0	89
LOC112268438	2	0	2
LOC124900614	0	0	0
LOC105373985	2	2	0
LOC124906058	0	0	0
LOC105373548	0	0	0
LOC105373549	0	0	0
LOC105373986	1	0	1
MIR4267	0	0	0
MALL	0	0	0
MIR4436B1	0	0	0
NPHP1	18	0	18
MTLN	108	0	108
LOC124906059	0	0	0
LOC100507334	0	0	0
LOC128966597	0	0	0
MIR4436B2	0	0	0
LOC124906060	0	0	0
LOC105373551	0	0	0
LOC107985776	0	0	0
LOC124906061	1	1	0
LOC105375809	0	0	0
LIMS4	20	0	20
LINC01106	0	0	0
LOC100288570	0	0	0
LOC124906063	0	0	0
LOC105373552	0	0	0
LOC102724875	0	0	0
RGPD6	1	1	0
LOC105373553	0	0	0
BUB1	1005	0	1005
SNORD132	0	0	0
LOC105373554	1	0	1
LOC124906064	0	0	0
ACOXL	1	0	1
LOC124907866	0	0	0
ACOXL-AS1	0	0	0
BCL2L11	840	2	838
LOC124907868	1	0	1
MIR4435-2HG	260	1	259
LOC124907867	1	0	1
LOC101927283	0	0	0
MIR4435-2	0	0	0
LOC124906065	36	1	35
SOCAR	0	0	0
LOC124906066	4	1	3
LOC105373559	0	0	0
LOC107985933	0	0	0
ANAPC1	919	0	919
MIR4771-2	0	0	0
MERTK	3	0	3
TMEM87B	378	0	378
FBLN7	5	15	0
ZC3H8	154	0	164
ZC3H6	112	5	107
LOC124906067	3	3	0
RGPD8	58	1	57
TTL	1314	2	1312
LOC105373562	0	0	1
POLR1B	932	11	922
LOC124907870	0	0	0
LOC101927330	14	57	13
CHCHD5	231	1	284
LOC124907869	16	0	16
LOC107985934	1	0	3
SLC20A1-DT	1	3	0
SLC20A1	2195	14	2181
LOC102724955	0	0	0
NT5DC4	4	49	1
CKAP2L	162	2	206
IL1A	12	1	11
LOC124907871	0	0	0
IL1B	12	0	12
AMANZI	0	0	0
LOC105373563	0	0	0
LOC124906068	0	0	0
IL37	1	0	1
IL36G	0	0	0
IL36A	0	0	0
IL36B	0	0	0
IL36RN	0	0	0
IL1F10	0	0	0
IL1RN	2	0	2
LOC124907872	0	0	0
PSD4	57	4	53
PAX8	11	6	7
PAX8-AS1	30	0	32
LOC105373567	0	2	0
LINC02966	2	0	4
LOC124906070	0	0	0
LOC107985936	0	0	0
LOC124907873	0	0	0
ZNG1B	156	0	156
FOXD4L1	3	0	3
LINC01961	0	0	0
PGM5P4-AS1	0	0	0
PGM5P4	0	0	0
LOC124908046	0	0	0
FAM138B	0	0	0
LOC124907875	0	0	0
MIR1302-3	0	0	0
WASH2P	93	0	95
DDX11L2	15	2	15
LOC124907874	7	9	0
RPL23AP7	54	0	56
RABL2A	126	0	127
LOC112268423	0	1	0
LINC02936	0	0	0
SLC35F5	841	0	841
MIR4782	0	0	0
LOC105373570	0	0	0
ACTR3-AS1	0	0	0
LOC124906165	0	0	0
LOC124906071	11	0	11
ACTR3	1979	2	1977
LINC01191	0	0	0
LINC02992	0	0	0
LOC124906194	0	0	0
LOC124907876	0	0	0
DPP10	0	0	0
LOC124907877	0	0	0
DPP10-AS3	0	0	0
LOC105373575	0	0	0
LOC105373574	0	0	0
LOC107985937	0	0	0
DPP10-AS1	0	0	0
LOC105373572	0	0	0
LOC105373576	0	0	0
LOC124907878	0	0	0
DDX18	962	0	962
LOC107985939	17	0	17
CCDC93	611	4	607
LOC101929908	0	0	0
LOC102723413	0	0	0
LOC107985940	0	0	0
INSIG2	240	0	240
LOC124907879	1	1	0
THORLNC	1	1	0
LOC105373578	0	0	0
LOC107985815	0	0	0
LOC105373579	3	3	0
LOC101927709	0	0	0
LINC01956	0	0	0
EN1	0	0	0
MARCO	15	1	18
LOC124906072	0	4	0
C1QL2	0	0	0
LOC107985941	1	0	1
STEAP3	747	3	929
STEAP3-AS1	3	184	0
LOC105373581	16	20	0
C2orf76	60	621	61
DBI	565	2	1185
TMEM37	600	2	598
SCTR	12	12	0
SCTR-AS1	0	0	0
CFAP221	0	0	0
TMEM177	334	0	334
LOC101927764	3	2	1
PTPN4	301	0	301
LOC124906163	0	0	0
LOC107985817	0	0	0
EPB41L5	170	0	177
LOC105373582	2	9	0
TMEM185B	647	0	647
LOC105373583	85	0	85
RALB	1098	0	1098
LOC105373584	0	0	0
LOC105373989	1	0	1
INHBB	15	0	15
LINC01101	0	0	0
LOC105373585	0	0	0
LOC124906073	0	0	0
LOC124907881	1	1	1
GLI2	177	0	178
LOC124907880	0	0	0
LOC105373587	0	0	0
LOC105373588	0	0	0
TFCP2L1	0	0	0
CLASP1	1030	1	1055
CLASP1-AS1	2	26	2
RNU4ATAC	0	0	0
NIFK-AS1	54	229	53
NIFK	278	0	506
TSN	988	0	988
LOC105373590	0	0	0
LINC01823	0	0	0
LOC105373592	0	0	0
LOC105373591	0	0	0
LOC105373593	0	0	0
LOC107985943	0	0	0
LOC105373594	0	0	0
LOC105373595	0	0	0
LOC105373596	0	0	0
LINC01826	0	0	0
CNTNAP5-DT	0	0	0
CNTNAP5	0	0	0
LOC105373598	0	0	0
LINC01889	0	0	0
LOC124900611	0	0	0
LINC01941	2	0	2
LOC105373601	0	0	0
LOC105373602	0	0	0
GYPC	0	0	0
LOC124907882	0	0	0
LOC105373603	0	0	0
TEX51	0	0	0
LOC105373604	0	0	0
BIN1	2088	5	2123
LOC105373605	0	38	2
CYP27C1	5	0	5
LOC124907883	2	0	2
ERCC3	1574	1	1573
MAP3K2	340	37	343
LOC124906074	0	3	0
MAP3K2-DT	32	9	60
LOC124908047	15	4	11
PROC	2	4	0
MIR4783	0	0	0
LOC105373608	3	0	5
LOC124907884	0	0	0
IWS1	899	6	893
MYO7B	2	0	3
LOC105373609	0	0	0
MYO7B-AS1	0	1	0
LIMS2	125	1	124
GPR17	12	3	9
WDR33	1465	269	1642
SFT2D3	0	177	269
LOC124907885	3	0	3
POLR2D	647	0	647
AMMECR1L	1016	8	1008
LOC107985944	21	0	21
SAP130	802	0	802
UGGT1	1934	0	1934
LOC124907886	0	0	0
HS6ST1	842	1	841
LOC105373610	0	0	0
LOC105373611	0	0	0
LOC124907887	0	0	0
LOC124907888	0	0	0
LOC101927881	0	0	0
LINC01854	0	0	0
LOC105373612	0	0	0
LOC124906164	0	0	0
LOC105373613	0	0	0
LOC105373614	0	0	0
LOC124907889	0	0	0
LOC107985945	0	0	0
LINC02572	0	0	0
LOC105373616	0	0	0
PLAC9P1	0	0	0
LINC01856	0	0	0
RAB6C-AS1	0	0	0
RAB6C	0	0	0
FAR2P1	19	0	19
POTEF	2	0	2
POTEF-AS1	0	0	0
MED15P9	0	0	0
CCDC74B	0	0	0
SMPD4	0	0	0
MZT2B	0	0	0
TUBA3E	0	0	0
TRE-TTC1-1	0	0	0
VMA22	280	8	277
IMP4	1017	0	1022
PTPN18	319	1	318
LOC105373618	0	0	0
FAR2P2	2	0	2
CYP4F62P	0	0	0
POTEI	0	0	0
CFC1B	0	0	0
PRSS40B	0	0	0
PRSS40A	0	0	0
CFC1	0	0	0
POTEJ	0	0	0
CYP4F30P	0	0	0
GPR148	0	0	0
LOC124907890	0	0	0
AMER3	0	0	0
LOC124907891	0	0	0
ARHGEF4-AS1	15	8	15
ARHGEF4	598	0	606
LOC124900527	0	0	0
SMIM39	0	0	0
FAM168B	1529	1	1528
PLEKHB2	1085	0	1085
POTEE	3	0	3
LOC440910	0	0	0
RAB6D	0	0	0
LOC112268425	0	0	0
LINC01120	0	0	0
NOC2LP2	2	0	2
MZT2A	833	19	833
TUBA3D	7	7	0
MIR4784	2	0	2
SMPD4BP	433	5	447
CCDC74A	0	0	0
POTEKP	3	0	3
LINC01087	1	0	1
LINC03124	16	0	16
CDRT15P3	1	0	1
LINC01945	0	0	0
LOC124908048	0	0	0
ANKRD30BL	0	0	0
MIR663B	0	0	0
LOC105373622	0	0	0
ZNF285CP	0	0	0
LOC124907892	0	0	0
FAM201B	0	0	0
LOC124905948	0	10	0
GPR39	14	0	65
MIR9986	0	0	0
LYPD1	0	39	0
NCKAP5	1	0	1
NCKAP5-AS1	0	0	0
LOC112268439	0	0	0
NCKAP5-AS2	2	0	2
LOC105373627	0	0	0
LOC105373628	0	0	0
MGAT5	640	0	640
MIR3679	0	0	0
TMEM163	0	0	0
LOC124906076	0	0	0
LOC105373629	0	0	0
ACMSD	1	5	0
MIR5590	0	0	0
CCNT2-AS1	2	0	6
CCNT2	320	0	320
MAP3K19	0	0	0
RAB3GAP1	410	0	410
LOC124906178	0	0	0
SNORA40B	0	0	0
ZRANB3	58	5	57
LOC124906077	0	4	0
R3HDM1	617	0	617
LOC124907893	0	0	0
MIR128-1	0	0	0
LOC107985946	4	55	1
UBXN4	782	0	834
LCT	0	0	0
LCT-AS1	0	0	0
MCM6	1616	0	1616
DARS1	585	13	693
LOC124906078	5	0	5
DARS1-AS1	4	108	17
CXCR4	1453	0	1453
LOC105373633	0	0	0
THSD7B	0	0	0
LOC105373634	0	0	0
LOC101928273	0	0	0
HNMT	26	0	26
LOC107985948	0	0	0
LOC105373636	0	0	0
LINC01832	0	0	0
SPOPL-DT	4	0	4
SPOPL	177	0	177
LOC124905958	0	0	0
LINC02631	0	0	0
NXPH2	0	0	0
YY1P2	0	0	0
LOC105373639	0	0	0
LOC105373640	0	0	0
LOC107985821	0	0	0
LOC105373643	0	0	0
LOC105373641	0	0	0
LOC105373644	0	0	0
LOC105373645	0	0	0
LOC124900519	0	0	0
LINC01853	0	0	0
LOC107985822	1	1	0
LRP1B	74	6	68
MIR7157	0	0	0
LOC105373649	0	0	0
LOC124906079	0	0	0
LOC107985779	0	0	0
LOC105373648	0	0	0
LOC105373651	0	0	0
LOC105373652	26	1	25
KYNU	3314	0	3314
LOC124907894	1	1	0
ARHGAP15	3	0	3
LOC107985949	0	0	0
LOC101928361	0	0	0
ARHGAP15-AS1	0	0	0
QTMAN-AS1	0	0	0
QTMAN	47	0	47
ZEB2	220	1	220
ZEB2-AS1	0	0	1
LINC01412	0	0	0
LINC02993	5	0	5
TEX41	1	0	1
LOC105373663	0	0	0
LINC01966	0	0	0
LOC100505498	0	0	0
LOC105373664	0	0	0
LOC124908059	0	0	0
LOC105373665	0	0	0
LOC105373666	0	0	0
LOC105373667	0	0	0
LOC124907895	0	0	0
PABPC1P2	0	0	0
LINC01911	0	0	0
LOC107985824	0	0	0
LOC124906150	0	0	0
ACVR2A	49	1	50
ORC4	192	22	195
LOC105373674	0	0	0
MBD5	85	2	106
LOC105373673	0	0	0
LOC124900532	0	0	0
LOC124907896	1	0	1
EPC2	142	0	142
LOC101928526	0	0	0
KIF5C-AS1	0	0	0
KIF5C	0	0	0
LOC101928553	0	0	0
LYPD6B	0	0	0
LOC105373677	0	0	0
LOC105373679	0	0	0
LYPD6	108	0	108
MIR9899	0	0	0
MMADHC	1008	0	1170
MMADHC-DT	0	162	0
LOC105373680	0	0	0
LINC01931	0	0	0
LOC105373682	0	0	0
LINC01818	0	0	0
LINC01817	0	0	0
LOC105373685	0	0	0
RND3	257	0	257
LINC01920	0	0	0
LINC02612	0	0	0
LOC105373686	0	0	0
LOC107985826	0	0	0
RBM43	49	0	49
NMI	212	2	210
LOC107985827	0	0	0
LOC101929319	0	0	0
TNFAIP6	1	0	1
MIR4773-1	0	0	0
MIR4773-2	0	0	0
RIF1	397	0	402
NEB	2	8	0
LOC124906081	0	0	1
ARL5A	324	0	324
CACNB4	0	0	0
STAM2	162	0	170
LOC105373689	0	8	0
LOC105373688	0	0	0
FMNL2	458	1	457
PRPF40A	982	3	992
ARL6IP6	252	10	255
LOC105373691	0	0	0
GALNT13	3	135	8
LOC124900522	0	0	0
RPRM	39	7	172
GALNT13-AS1	0	0	0
LOC105373694	0	0	0
LOC105373693	0	0	0
KCNJ3	0	0	0
LOC105373696	0	0	0
LOC107985952	0	0	0
LOC124908060	0	0	0
LOC105373698	0	0	0
LOC124908061	0	0	0
LOC105373699	0	0	0
LOC105373700	0	0	0
LOC107985953	0	0	0
LOC107985828	0	0	0
LOC105373703	0	0	0
LINC01876	0	0	0
NR4A2	364	0	364
FLJ46875	32	0	32
LOC124906082	11	0	11
GPD2	760	1	759
TRA-CGC3-1	0	0	0
TRG-GCC2-2	0	0	0
LOC124906173	0	0	0
LOC124906170	0	0	0
LOC105373707	2	0	2
LINC01958	0	0	0
LOC124907897	0	0	0
LOC105373710	0	0	0
LOC105373709	0	0	0
GALNT5	0	0	0
ERMN	0	0	0
FAM133DP	0	0	0
CYTIP	0	0	0
LOC105373712	0	0	0
ACVR1C	0	0	0
LOC124907898	0	0	0
ACVR1	209	0	210
LOC124907899	0	1	0
LOC105373714	2	0	2
UPP2	0	0	0
CCDC148-AS1	0	0	0
CCDC148	0	0	0
PKP4	418	1	483
LOC124907900	0	17	0
LOC105373715	0	0	0
PKP4-AS1	2	53	0
DAPL1	0	0	0
LOC124907901	0	0	0
TANC1	810	6	804
MIR6888	0	0	0
LOC105373716	4	4	3
WDSUB1	120	4	119
BAZ2B	139	30	140
BAZ2B-AS1	2	1	31
MARCHF7	430	0	451
LY75-CD302	0	0	0
CD302	0	0	0
LOC124906083	1	0	1
LY75	0	0	0
PLA2R1	0	0	0
LOC105373717	0	0	0
ITGB6	0	0	0
LINC02478	0	0	0
RBMS1	819	0	819
MIR4785	7	2	5
LOC105373718	0	0	0
LOC124907902	0	0	0
TANK-AS1	0	0	0
TANK	245	2	243
PSMD14-DT	2	2	1
LINC01806	30	0	31
PSMD14	811	0	811
TBR1	2	0	2
AHCTF1P1	1	0	1
LOC124906148	0	0	0
SLC4A10	0	0	0
LOC105373722	0	0	0
DPP4	0	0	0
DPP4-DT	0	0	0
LOC101929532	1	10	0
GCG	0	0	0
FAP	50	0	59
LOC105373724	0	0	0
IFIH1	452	1	452
GCA	78	0	79
KCNH7	0	0	0
LOC124906084	0	0	0
KCNH7-AS1	0	0	0
LOC105373727	0	0	0
LOC107985829	0	0	0
LOC105373728	0	0	0
FIGN	75	0	75
LOC107985957	9	0	9
GRB14	2	0	2
COBLL1	284	0	284
SNORA70F	3	0	3
LOC101929633	0	0	0
SLC38A11	0	0	0
SCN3A	4	0	4
SCN2A	2	0	2
CSRNP3	0	0	0
LOC124906085	0	0	0
GALNT3	0	0	0
LOC124906086	0	0	0
LOC100506124	4	0	4
TTC21B	147	0	147
TTC21B-AS1	0	0	0
LOC102724058	0	0	0
SCN1A	4	0	4
SCN1A-AS1	0	0	0
SCN9A	0	0	0
LOC124906181	0	0	0
SCN7A	0	0	0
LOC124906087	0	0	0
LOC107985958	0	0	0
XIRP2	0	0	0
XIRP2-AS1	0	0	0
B3GALT1	0	0	0
B3GALT1-AS1	0	0	0
LOC124907903	0	0	0
STK39	0	0	0
LOC124906088	0	0	0
LOC107985959	0	0	0
LOC105373734	0	0	0
LOC102724081	0	0	0
CERS6	0	0	0
MIR4774	0	0	0
CERS6-AS1	0	0	0
NOSTRIN	3	0	3
SPC25	7	1	6
LOC124907904	0	0	0
G6PC2	0	0	0
ABCB11	0	0	0
DHRS9	0	0	0
LRP2	0	0	0
BBS5	0	0	0
KLHL41	5	0	5
FASTKD1	205	0	205
PPIG	314	1	313
CFAP210	4	0	4
PHOSPHO2-KLHL23	0	0	0
PHOSPHO2	4	0	4
LOC124906089	27	27	0
LOC124900531	0	0	0
KLHL23	0	0	0
LOC124907905	0	0	0
SSB	840	44	983
METTL5	204	143	248
SNORD3K	3	3	0
UBR3	217	0	217
MYO3B	0	0	0
LOC124906090	0	0	0
MYO3B-AS1	0	0	0
LOC100130256	0	0	0
ERICH2-DT	0	0	0
LINC01124	0	0	0
SP5	0	0	0
ERICH2	2	0	2
GAD1	6	0	13
GAD1-AS1	0	7	0
GORASP2	1387	0	1387
LOC124906091	1	0	1
TLK1	403	3	400
LOC124906092	0	0	0
LOC107983995	0	0	0
LOC105373737	4	0	4
METTL8	141	9	145
DCAF17	127	4	136
CYBRD1	878	1	877
DYNC1I2	0	0	0
SLC25A12	39	0	39
LOC105373739	0	0	0
LOC105373740	0	0	0
HAT1	0	0	0
LOC124905590	0	0	0
METAP1D	0	0	0
DLX1	0	0	0
DLX2	435	4	435
DLX2-DT	11	0	15
LOC105373741	0	0	0
LOC107985960	1	0	1
LOC105373742	0	1	0
ITGA6	489	5	634
ITGA6-AS1	0	0	0
PDK1-AS1	4	210	12
PDK1	487	6	549
LOC124906146	0	0	0
RAPGEF4-AS1	0	0	0
RAPGEF4	27	0	27
MAP3K20	775	0	875
MAP3K20-AS1	2	102	0
LOC105373743	0	0	0
CDCA7	843	0	843
LOC105373744	0	0	0
LOC105373745	0	0	0
SP3	786	1	785
LINC01960	69	40	29
LOC105373746	0	0	0
OLA1	1133	0	1133
LOC124907906	1	0	1
LINC01305	0	0	0
LOC102724194	0	0	0
SP9	1	0	1
CIRSR	110	0	110
SCRN3	112	0	112
GPR155	48	2	46
GPR155-DT	2	0	2
LOC124906097	0	0	0
LOC124906096	0	0	0
WIPF1	341	0	378
WIPF1-AS1	0	37	0
LOC124907907	3	3	0
H3P6	672	0	672
CHRNA1	0	0	0
LOC124907908	0	0	0
CHN1	39	0	39
ATF2	272	0	272
MIR933	0	0	0
ATP5MC3	2898	1	2897
LOC105373752	0	0	0
LOC107985962	0	0	0
LOC124907909	0	0	0
LNPK	249	0	249
LOC107985830	0	0	0
EVX2	0	0	0
HOXD13	0	0	0
HOXD12	0	0	0
HOXD11	454	0	454
HOXD10	218	0	218
HOXD9	213	0	213
LOC100129455	2	20	4
HOXD8	22	3	41
HOXD-AS2	3	4	37
LOC401021	2	33	5
MIR10B	1	0	1
HOXD4	10	0	10
HOXD3	0	0	0
HAGLR	2	2	0
HAGLROS	0	0	0
HOXD1	0	0	0
MIR7704	0	0	0
MTX2	417	0	417
NRAL	0	0	0
LOC124907910	0	0	0
MIR1246	0	0	0
LINC01116	0	0	0
LINC01117	0	0	0
LOC105369143	0	0	0
LOC101929963	0	0	0
LOC105373757	0	0	0
LOC105373756	0	0	0
LOC107985965	0	0	0
LOC105373760	0	0	0
LOC105373759	4	0	4
MIR4444-1	0	0	0
HNRNPA3	3316	1	3315
NFE2L2	759	3	756
MIR3128	0	0	0
LOC100130691	41	30	11
MIR6512	1	1	0
LOC124906145	1	0	1
AGPS	697	0	697
LOC105373762	0	0	0
IFT70B	26	0	26
LOC124906098	0	0	0
IFT70A-AS1	0	3	0
IFT70A	20	0	23
PDE11A	0	0	0
PDE11A-AS1	0	0	0
LOC124906099	0	0	0
RBM45	152	0	152
OSBPL6	88	0	88
CHROMR	73	0	73
PRKRA	365	13	352
PJVK	10	0	10
FKBP7	42	0	42
LOC124906102	1	0	1
PLEKHA3	245	0	245
LOC124907911	0	0	0
TTN-AS1	1	0	69
TTN	77	148	0
LOC124906100	1	0	3
LOC124907912	0	0	0
LOC124906101	0	0	0
LOC101927055	0	0	0
CCDC141	0	0	0
LOC105373766	0	0	0
SESTD1	337	0	337
LOC124906166	0	0	0
ZNF385B	0	0	0
LOC101927073	0	0	0
MIR1258	0	0	0
LOC124900526	0	0	0
CWC22	134	0	134
EPCART	0	0	0
LOC105373768	0	0	0
LOC105373769	0	0	0
LOC105373770	0	0	0
SCHLAP1	0	0	0
LOC105373771	0	0	0
UBE2E3-DT	0	137	0
UBE2E3	545	2	680
LOC107985831	0	0	0
LINC01934	0	0	0
MIR4437	0	0	0
LOC124907913	0	0	0
ITGA4	0	0	0
CERKL	0	0	0
NEUROD1	0	0	0
ITPRID2	1917	3	1914
PPP1R1C	0	0	0
LOC102724288	0	0	0
PDE1A	1208	1	1207
LOC124907915	0	0	0
LOC124907914	0	0	0
LOC101929976	0	0	0
DNAJC10	872	0	872
FRZB	2	0	2
LOC124907916	0	0	0
NCKAP1	1229	0	1229
LOC124900540	0	0	0
DUSP19	16	0	16
NUP35	67	0	96
LOC124907917	0	29	0
LOC124906103	22	0	22
LOC124907918	0	0	0
LOC124906171	0	0	0
LOC105373777	0	0	0
LOC102724340	0	0	0
LOC105373776	0	0	0
MIR548AE1	0	0	0
LOC107985968	2	0	2
LOC105373779	0	0	0
LOC105373780	0	0	0
ZNF804A	0	0	0
LOC105373782	0	0	0
LOC105373781	0	0	0
LOC107985832	0	0	0
LOC124907919	0	0	0
LOC124906104	0	0	0
LOC124900518	0	0	0
FSIP2-AS2	0	0	0
FSIP2	0	0	0
FSIP2-AS1	0	0	0
LINC01473	0	0	0
LOC105373785	2	0	2
ZC3H15	588	0	588
LOC124907920	0	0	0
LOC107985784	0	0	0
LOC124906105	2	0	2
ITGAV	1005	0	1005
FAM171B	0	0	0
ZSWIM2	0	0	0
CALCRL-AS1	1	1	0
LOC124906106	0	0	0
CALCRL	0	0	0
TFPI	668	5	663
LOC105373788	0	0	0
LINC01090	0	0	0
LOC124907927	0	0	0
GULP1	0	0	0
MIR561	0	0	0
LOC124906107	0	0	0
LOC105373790	0	0	0
DIRC1	0	0	0
LOC105373791	0	0	0
COL3A1	0	0	0
MIR1245A	0	0	0
MIR1245B	0	0	0
MIR3606	0	0	0
COL5A2	1174	5	1169
MIR3129	0	0	0
WDR75	527	0	527
SLC40A1	0	0	0
ASNSD1	222	0	222
ASDURF	0	0	0
LOC105373793	3	3	0
ANKAR	4	62	4
OSGEPL1	137	0	199
OSGEPL1-AS1	0	1	1
ORMDL1	414	6	415
PMS1	113	0	132
LOC105373796	1	15	0
AKAP19	0	0	0
MSTN	0	0	0
HIBCH	115	0	115
LOC124906109	0	13	0
INPP1	58	0	71
MFSD6	157	8	149
NEMP2	104	5	100
NEMP2-DT	11	0	12
NAB1	487	0	487
LOC124907946	3	0	3
LOC124906110	0	77	5
GLS	576	6	652
STAT1	1440	0	1440
LOC124900514	3	0	3
STAT4-AS1	0	4	0
LOC107985785	0	0	0
STAT4	5	0	9
LOC105373804	0	0	0
MYO1B-AS1	0	0	0
MYO1B	515	0	515
LOC107985833	0	0	0
LOC124905959	0	0	0
NABP1	245	0	245
LOC124900605	137	0	137
LOC124908062	1	0	1
LOC105373812	0	0	0
LOC729254	0	0	0
CAVIN2	11	0	19
CAVIN2-AS1	0	8	0
TMEFF2	0	0	0
PCGEM1	0	0	0
LOC107985969	0	0	0
LINC01821	0	0	0
LOC105373816	0	0	0
LOC124906142	0	0	0
LOC105376755	0	0	0
LINC01790	0	0	0
LOC105373817	0	0	0
LINC01825	11	0	11
LINC01827	0	0	0
SLC39A10	1359	1	1358
DNAH7	9	2	8
LOC107985972	3	0	4
STK17B	165	0	174
LOC101927454	0	9	0
HECW2	85	1	84
LOC124906154	0	0	0
HECW2-AS1	0	0	0
LOC105373822	0	0	0
LOC105373821	0	0	0
LOC105373823	0	0	0
CCDC150	44	0	44
LOC124900529	0	0	0
LOC100130452	0	0	0
GTF3C3	372	4	368
C2orf66	4	0	4
PGAP1	103	0	103
ANKRD44	57	0	57
ANKRD44-AS1	0	0	0
ANKRD44-IT1	0	0	0
ANKRD44-DT	0	0	0
SF3B1	2426	2	2424
LOC124900524	0	0	0
COQ10B	204	0	204
LOC124907951	0	0	0
HSPD1	5508	78	5501
SNORA105B	0	0	0
HSPE1-MOB4	0	0	0
HSPE1	6	0	6
MOB4	0	0	0
LOC124907952	3	0	5
RFTN2	4	6	0
MARS2	260	0	260
BOLL	0	0	0
LOC105373828	0	0	0
PLCL1	0	0	0
LINC01923	0	0	0
LOC105373831	0	0	0
LOC105373830	0	0	0
SATB2	160	14	147
SATB2-AS1	0	0	1
LINC01877	0	0	0
FTCDNL1	32	0	32
LOC101927687	0	0	0
C2orf69	127	0	127
TYW5	95	3	96
MAIP1	329	4	329
LOC124906112	3	3	0
LOC124907962	1	0	1
LOC105373833	0	0	0
SPATS2L	369	1	579
LOC101927741	0	211	0
KCTD18	132	0	132
SGO2	149	0	149
AOX1	270	0	270
AOX3P-AOX2P	3	0	3
LINC01792	1	0	1
BZW1-AS1	0	358	3
BZW1	5262	7	5616
CLK1	436	0	436
PPIL3	279	0	279
NIF3L1	480	0	480
ORC2	504	0	560
LOC105373835	1	64	1
HYCC2	115	3	121
NDUFB3	288	0	289
LOC105373836	0	36	0
CFLAR	425	2	513
CFLAR-AS1	0	54	0
CASP10	122	0	122
CASP8	589	5	584
FLACC1	2	0	2
TRAK2	391	0	391
STRADB	492	0	492
CATSPERT	0	0	0
LOC124906113	0	0	0
TMEM237	389	1	388
MPP4	1	1	0
ALS2	215	0	215
CDK15	0	0	0
FZD7	77	0	77
LOC124906114	0	0	0
KIAA2012	0	0	0
LOC124906152	0	0	0
KIAA2012-AS1	0	0	0
SUMO1	1233	0	1233
NOP58	805	0	805
SNORD70	1	0	1
SNORD70B	0	0	0
SNORD11B	1	0	1
SNORD11	0	0	0
BMPR2	231	0	231
FAM117B	154	0	154
ICA1L	2	0	2
WDR12	438	0	438
CARF	23	0	23
NBEAL1	258	0	258
LOC124900525	0	0	0
CYP20A1	60	14	46
ABI2	604	10	594
RAPH1	911	2	909
CD28	0	0	0
CTLA4	0	0	0
LOC101927840	0	0	0
ICOS	0	0	0
LOC124907966	0	0	0
LOC124906115	0	0	0
LOC105373845	0	0	0
PARD3B	31	0	31
LOC124907967	4	0	4
LOC124907968	0	0	0
NRP2	221	0	221
LOC105373847	0	0	0
LOC124907969	0	0	0
INO80D	0	0	0
INO80D-AS1	0	0	0
NDUFS1	0	0	0
GCSHP3	0	0	0
EEF1B2	0	0	0
SNORD51	0	0	0
SNORA41	0	0	0
CMKLR2	0	0	0
CMKLR2-AS	0	0	0
ZDBF2	0	0	0
ADAM23	0	0	0
FAM237A	0	0	0
DYTN	0	0	0
MDH1B	3	0	3
FASTKD2	311	2	309
MIR3130-1	0	0	0
MIR3130-2	0	0	0
CPO	0	0	0
KLF7	57	3	54
MIR2355	0	0	0
MIR7845	0	0	0
MYOSLID-AS1	0	0	0
LOC124907971	0	0	0
MYOSLID	2	0	2
LINC01802	0	0	0
MIR1302-4	0	0	0
LOC105373851	0	0	0
LOC124907970	6	0	6
CREB1	259	19	275
METTL21A	142	26	151
LINC01857	0	0	0
CCNYL1	330	4	326
MIR4775	0	0	0
FZD5	276	0	276
PLEKHM3	111	0	111
LOC105373854	0	0	0
LOC124905439	0	0	0
LOC100507443	0	0	0
CRYGD	0	0	0
CRYGC	0	0	0
CRYGB	0	0	0
CRYGA	0	0	0
C2orf80	0	0	0
IDH1	3498	1	3497
IDH1-AS1	7	0	7
PIKFYVE	344	0	344
PTH2R	0	0	0
LOC105373855	0	0	0
LOC101927960	0	0	0
LOC105373857	0	0	0
LOC105373856	0	0	0
MAP2	1	0	1
UNC80	0	0	0
RPE	416	4	480
KANSL1L	53	91	31
KANSL1L-AS1	3	0	4
LOC107985977	0	0	0
ACADL	0	0	0
LOC124907972	0	0	0
MYL1	0	0	0
LANCL1-AS1	7	7	0
LANCL1	2534	0	2534
CPS1	38705	9	38696
CPS1-IT1	11	0	11
LOC107985978	0	0	0
ERBB4	0	0	0
LOC124906116	0	0	0
MIR548F2	0	0	0
LINC01878	0	0	0
MIR4776-2	0	0	0
MIR4776-1	0	0	0
LOC102725082	0	0	0
LOC107985980	0	0	0
IKZF2	0	0	0
LINC01953	0	0	0
LOC105373864	0	0	0
LOC107985981	0	0	0
SPAG16-DT	1	0	1
SPAG16	39	0	39
MIR4438	0	0	0
LOC101928084	0	0	0
LOC124907973	0	0	0
VWC2L	0	0	0
VWC2L-IT1	0	0	0
BARD1	216	0	216
SNHG31	1	0	1
SNORA70I	0	0	0
ABCA12	0	0	0
LOC124906117	0	0	0
LOC124907974	0	0	0
LINC02862	0	0	0
LOC124906184	1	1	0
LOC124907975	2	0	2
ATIC	2090	179	2090
FN1	600	7	788
FN1-DT	0	16	0
LOC102724849	0	0	0
LOC102724861	0	0	0
LINC00607	2	0	2
LINC01614	0	0	0
COXFA4P5	0	0	0
LOC105373870	0	0	0
MREG	199	0	199
PECR	143	0	143
TMEM169	4	0	4
XRCC5	4240	1	4239
LINC01963	94	0	94
MARCHF4	2	0	2
MARCHF4-AS1	0	0	0
SMARCAL1-AS1	0	7	0
LOC107985984	0	0	0
SMARCAL1	560	1	566
RPL37A-DT	11	8	9
RPL37A	4773	4	4775
LOC101928156	9	0	9
LOC101928180	0	0	0
LOC105373871	0	0	0
LOC124907976	0	0	0
LINC01280	0	0	0
LOC124907977	0	0	0
IGFBP2	0	0	0
IGFBP5	7	0	7
LOC124900515	0	0	0
IGFBP-AS1	0	0	0
LOC124907978	0	0	0
LOC124907979	0	0	0
TNP1	0	0	0
LOC124906118	0	0	0
LOC105373876	0	0	0
TESHL	0	0	0
LOC105373874	0	0	0
LOC105373873	0	0	0
LOC124907980	0	0	0
LOC105373872	0	0	0
DIRC3-AS1	0	0	0
DIRC3	0	0	0
LOC124907981	0	0	0
TNS1	643	1	654
SNORA115	0	0	0
MIR6809	0	0	0
LOC124905960	0	0	0
TNS1-AS1	0	12	0
LOC124907982	46	0	46
RUFY4	0	0	0
CXCR2P1	0	0	0
CXCR2	0	0	0
CXCR1	0	0	0
LOC124906159	0	0	0
LOC101928487	16	85	16
ARPC2	3038	2	3121
TRY-ATA1-1	0	0	0
GPBAR1	2	0	2
AAMP	1577	0	1577
PNKD	1305	2	1303
TMBIM1	953	1	952
MIR6513	0	0	0
LOC105373881	0	0	0
LOC105373880	11	0	11
CATIP-AS2	19	1	19
LOC124906179	0	0	0
MIR6810	0	0	0
CATIP	9	7	29
CATIP-AS1	0	20	6
SLC11A1	28	2	26
CTDSP1	1678	21	1657
MIR26B	0	0	0
VIL1	0	89	0
USP37	85	0	174
CNOT9	995	0	995
PLCD4	48	100	123
ZNF142	485	81	603
BCS1L	349	21	352
RNF25	423	1	422
STK36	388	0	388
LOC124907983	0	0	0
TTLL4	519	0	519
CYP27A1	14	0	14
PRKAG3	0	0	0
MIR9500	0	0	0
WNT6	633	0	633
WNT10A	7	0	7
LOC105373882	0	0	0
LINC01494	0	0	0
LOC124906119	0	0	0
LOC124907984	0	0	0
CDK5R2	0	0	0
LINC00608	0	0	0
FEV	0	0	0
CRYBA2	0	0	0
MIR375	0	0	0
CFAP65-AS1	0	0	0
CFAP65	0	0	0
LOC107985987	0	0	0
IHH	0	0	0
MIR3131	0	0	0
LOC124906120	10	26	0
NHEJ1	188	0	204
SLC23A3	8	0	8
CNPPD1	377	0	377
RETREG2	1724	0	1724
ZFAND2B	198	1	198
ABCB6	1099	0	1100
ATG9A	2401	3	2399
ANKZF1	1254	8	1253
GLB1L	128	6	128
STK16	357	21	370
TUBA4A	2959	15	2989
TUBA4B	4	14	1
DNAJB2	507	1	506
PTPRN	14	13	1
MIR153-1	0	0	0
RESP18	0	0	0
LOC107985835	0	0	0
LOC105373883	18	0	18
DNPEP	587	0	587
DNPEP-AS1	1	0	1
DES	49	0	49
SPEG	352	10	342
ASIC4-AS1	0	0	0
SPEGNB	3	2	1
GMPPA	932	0	932
ASIC4	3	0	3
CHPF	3547	17	3738
TMEM198	41	203	107
OBSL1	1914	73	1902
MIR3132	0	0	0
INHA	263	0	263
STK11IP	341	0	341
LOC124908064	0	0	0
SLC4A3	5	0	5
DNAJB6P3	0	0	0
LINC02832	0	0	0
LOC105373887	0	0	0
LOC105373888	0	0	0
LINC01803	0	0	0
LOC105373890	0	0	0
MIR4268	0	0	0
LOC105373891	0	0	0
LOC105373893	0	0	0
LOC105373894	0	0	0
LOC105373895	0	0	0
LOC105373896	0	0	0
LOC107985990	0	0	0
EPHA4	0	0	0
LOC105373897	0	0	0
LOC105373899	0	0	0
LOC105373898	0	0	0
LOC105373900	0	0	0
PAX3	0	0	0
LOC107985991	0	0	0
CCDC140	0	0	0
RNF228	0	0	0
CT75	1	0	1
SGPP2	8	8	0
FARSB	728	0	728
LOC105373902	0	0	0
LOC124907985	0	0	0
MOGAT1	0	0	0
LOC124906151	0	0	0
LOC105373903	0	0	0
ACSL3	1738	1	1738
ACSL3-AS1	8	9	0
KCNE4	0	0	0
LOC124907986	0	0	0
LOC105373905	0	0	0
LOC105373906	0	0	0
LOC105373907	0	0	0
LOC124907987	0	0	0
SCG2	40	0	40
AP1S3	434	0	434
LOC124907988	2	0	2
WDFY1	365	0	365
LOC124907989	0	0	0
MRPL44	553	1	552
SERPINE2	267	0	267
LOC124907990	0	0	0
LOC124907991	0	0	0
LOC105373908	0	0	0
LOC124907992	0	0	0
FAM124B	0	0	0
CUL3	656	1	655
LOC105373909	0	0	0
LOC105373910	1	0	1
CCDC195	0	0	0
LOC105373911	0	0	0
DOCK10	104	0	104
LOC124906121	0	0	0
MIR4439	0	0	0
NYAP2	87	0	87
LOC105373914	0	0	0
LOC107985992	0	0	0
LOC646736	0	0	0
LOC105373915	0	0	0
MIR5702	0	0	0
IRS1	174	0	174
RHBDD1	142	0	142
COL4A4	438	0	438
LOC124900533	0	0	0
COL4A3	135	1	134
MFF-DT	10	0	10
MFF	1076	2	1074
TM4SF20	1	1	0
SCYGR1	3	0	3
LOC124907993	1	0	1
LOC124907994	1	0	1
MIR5703	0	0	0
AGFG1	1140	1	1139
SCYGR2	0	0	0
SCYGR10	0	0	0
SLC19A4P	0	0	0
SCYGR3	0	0	0
LOC729968	0	0	0
SCYGR4	0	0	0
SCYGR5	0	0	0
SLC19A3	0	0	0
SCYGR6	0	0	0
SCYGR7	0	0	0
SCYGR8	0	0	0
CCL20	0	0	0
DAW1	1	0	1
LOC105373918	0	0	0
SPHKAP	0	0	0
LOC107985993	0	0	0
LINC01807	0	0	0
LOC105373921	0	0	0
PID1	122	0	122
DNER	644	0	644
LOC124907995	0	0	0
LOC107985994	1	0	1
LOC124906135	0	0	0
LOC105373923	0	0	0
TRIP12	932	1	931
FBXO36	46	0	46
LOC105373924	0	0	0
LOC107985996	0	0	0
SLC16A14	0	0	0
LOC107985995	1	0	1
SP110	117	1	118
SP140	4	1	5
SP140L	117	0	156
LOC105373925	2	39	2
SP100	298	0	384
LOC101928816	0	86	0
LOC112268431	0	0	0
LOC124907996	0	82	0
LINC01907	0	0	0
CAB39	683	0	765
ITM2C	367	0	367
GCSIR	0	0	0
GPR55	0	0	0
SPATA3-AS1	0	0	0
SPATA3	0	0	0
C2orf72	0	0	0
LOC112268432	0	0	0
PSMD1	1251	1	1250
HTR2B	0	0	0
ARMC9	80	0	80
MIR4777	0	0	0
B3GNT7	0	0	0
LOC124907997	2	0	2
NCL	8265	6	8259
SNORA75	0	0	0
SNORD20	0	0	0
SNORD82	0	0	0
LOC107985998	0	0	0
LINC00471	17	0	17
NMUR1	0	0	0
LOC105376787	0	0	0
TEX44	0	0	0
LOC124906122	0	0	0
LOC105373928	0	0	0
PTMA	13053	12	13041
MIR1244-1	0	0	0
PDE6D	354	1	353
COPS7B	736	0	736
MIR1471	0	0	0
NPPC	0	0	0
DIS3L2	353	0	353
MIR562	0	0	0
LOC124906123	2	197	0
ALPP	1318	0	1513
ECEL1P2	0	0	0
ALPG	8	0	8
ALPI	48	0	48
ECEL1	13618	23	13625
LOC124906124	315	55	290
PRSS56	14363	8	14355
CHRND	69	0	69
CHRNG	0	6	0
TIGD1	75	0	81
MIR5001	0	0	0
EIF4E2	976	3	1101
LOC105373929	10	137	0
EFHD1	23	0	23
LOC124906169	0	0	0
GIGYF2	818	1	817
KCNJ13	0	0	0
SNORC	48	0	48
NGEF	96	6	90
LOC101928881	0	0	0
NEU2	1	0	1
INPP5D	0	0	0
ATG16L1	0	0	0
SCARNA5	0	0	0
SCARNA6	0	0	0
SAG	0	0	0
DGKD	2139	0	2139
USP40	427	0	427
UGT1A8	0	0	0
UGT1A10	0	0	0
UGT1A9	0	0	0
UGT1A7	44	0	44
UGT1A6	0	0	0
UGT1A5	0	0	0
UGT1A4	0	0	0
UGT1A3	0	0	0
DNAJB3	0	0	0
LOC100286922	0	0	0
UGT1A1	0	0	0
MROH2A	0	0	0
HJURP	584	0	584
MSL3B	123	1	122
TRPM8	0	0	0
SPP2	0	0	0
LOC105373932	0	0	0
LOC105373933	0	0	0
LINC01891	0	0	0
ARL4C	8	0	8
LOC105373936	0	0	0
LINC01173	0	0	0
LOC101927896	0	0	0
LOC105373937	0	0	0
LOC105373938	0	0	0
SH3BP4	708	0	708
LOC105373939	0	0	0
LOC124907998	0	0	0
LOC105373940	0	0	0
LOC105373941	0	0	0
AGAP1	744	2	742
AGAP1-IT1	1	0	1
TNRC17	4	4	0
LOC105373942	1	1	0
LOC124907999	0	0	0
GBX2	38	11	43
GBX2-AS1	0	8	2
LOC124906126	2	0	4
ASB18	0	0	0
LOC124908000	3	0	3
DRC11	1	1	0
LOC105373945	5	0	5
IQCA1-AS1	2	0	2
ACKR3	437	0	437
LOC107986001	0	0	0
LOC105373946	0	0	0
LOC105373947	0	0	0
LOC105373948	0	0	0
LOC105373949	2	0	2
LOC107986002	0	0	0
COPS8-DT	18	2	18
LOC105373950	5	6	0
LOC93463	0	0	0
COPS8	641	0	642
LOC124906127	0	0	0
LOC105373953	0	0	0
LOC105373954	0	0	0
COL6A3	5	0	5
LOC105373957	0	0	0
MLPH	0	0	0
MIR6811	0	0	0
PRLH	0	0	0
RAB17	216	1	215
RAB17-DT	15	6	9
LRRFIP1	659	2	657
LOC124906128	3	0	3
RBM44	4	0	4
RAMP1	2	0	2
LOC124900521	0	0	0
LOC105373960	0	0	0
LOC124908001	0	0	0
UBE2F-SCLY	0	0	0
UBE2F	140	0	140
SCLY	1	0	1
ESPNL	9	0	9
KLHL30	37	0	37
ERFE	161	0	161
ILKAP	314	0	314
LINC02610	0	0	0
TARDBPP3	1	0	1
HES6	86	0	86
PER2	111	1	110
LOC112268433	7	0	7
TRAF3IP1	157	2	155
LOC124908002	0	3	2
ASB1	279	6	431
LOC107986003	0	153	0
LINC01107	0	0	0
LOC124906130	0	0	0
LOC105373963	0	0	0
LINC01937	0	0	0
LOC100287387	0	0	0
TWIST2	0	0	0
LINC01940	0	0	0
HDAC4	801	5	808
MIR4440	0	0	0
MIR4441	0	0	0
LOC124908009	0	0	0
HDAC4-AS2	0	7	0
MIR4269	0	0	0
MIR2467	0	0	0
HDAC4-AS1	7	2	10
LOC124908011	0	0	0
LOC124908012	0	0	0
LINC02991	0	0	0
LOC105373966	0	0	0
LOC150935	0	0	0
NDUFA10	1263	1	1262
MIR4786	2	0	2
OR6B2	0	0	0
OR6B3	0	0	0
COPS9	294	0	294
OTOS	0	0	0
LOC107985836	0	0	0
LOC105373968	7	0	7
LOC102723825	3	0	3
GPC1	2809	2	2807
GPC1-AS1	3	0	3
MIR149	0	0	0
ANKMY1	131	31	148
DUSP28	39	23	64
RNPEPL1	937	3	934
CAPN10-DT	39	0	39
CAPN10	376	0	376
GPR35	24	0	24
LOC124908016	0	0	0
AQP12B	0	0	0
LOC285191	0	0	0
AQP12A	0	0	0
KIF1A	0	0	0
AGXT	25	0	25
MAB21L4	13	0	13
CROCC2	0	0	0
LOC112268440	0	0	0
UICLM	0	0	0
TANAR	0	0	0
SNED1	241	117	339
LOC107985787	3	2	1
SNED1-AS1	2	16	1
MTERF4	164	92	272
PASK	437	11	444
PPP1R7	660	8	670
LOC105373971	0	0	0
ANO7	71	1997	77
LOC105376810	3	334	8
HDLBP	6945	76	9432
HDLBP-AS1	1	94	11
SEPTIN2	3419	86	3451
FARP2	109	8	124
LOC105373973	0	0	0
MIR3133	0	0	0
STK25	906	19	913
LOC107985788	0	0	3
BOK-AS1	0	67	0
LOC105373974	2	0	2
BOK	326	2	391
THAP4	985	1	984
ATG4B	735	1	734
DTYMK	959	1	961
ING5	352	2	353
D2HGDH	305	5	300
GAL3ST2	0	0	0
LOC124905349	0	0	0
NEU4	0	0	0
LOC124905350	0	0	0
PDCD1	0	0	0
LOC105373977	0	0	0
LOC124908032	0	0	0
RTP5	0	0	0
LOC105373978	0	0	0
LINC01237	0	0	0
FAM240C	0	0	0
LINC01238	0	0	0
LOC285097	0	0	0
LOC105373980	0	0	0
LINC01880	0	0	0
LINC03100	0	0	0
LINC01881	28	0	28
LINC01986	0	0	0
LOC105376921	0	0	0
LOC107986040	0	0	0
LOC107986057	0	0	0
LOC124909336	0	0	0
CHL1-AS2	0	0	0
CHL1	0	0	0
CHL1-AS1	0	0	0
LOC105376922	0	0	0
LOC124909337	0	0	0
LINC01266	0	0	0
LOC107986058	0	0	0
LOC107986059	0	0	0
CNTN6	0	0	0
LOC105376924	0	0	0
LOC105376923	0	0	0
LOC124909338	0	0	0
CNTN4	0	0	0
CNTN4-AS2	0	0	0
LOC105376926	0	0	0
CNTN4-AS1	0	0	0
IL5RA	0	0	0
LOC124909339	1	0	1
TRNT1	294	86	327
CRBN	215	47	287
LOC100130207	0	0	0
LRRN1	0	0	0
LOC102723512	0	0	0
SUMF1	580	30	747
SETMAR	90	1	118
LOC124909340	0	166	2
ITPR1-DT	35	0	35
ITPR1	1805	10	1970
LOC105376933	0	0	0
LOC124906210	0	48	0
EGOT	0	0	0
LOC124906209	6	124	9
LOC124906358	0	0	0
BHLHE40-AS1	10	355	12
BHLHE40	3508	10	3855
ARL8B	1030	0	1030
LOC124906212	0	0	0
EDEM1	716	0	716
MIR4790	0	0	0
LOC105376936	0	0	0
LOC105376939	0	0	0
LOC105376938	0	0	0
LOC105376940	0	0	0
LOC105376941	0	0	0
LOC102723596	0	0	0
LOC105376942	0	0	0
LOC124909341	0	0	0
LOC105376944	32	0	32
GRM7-AS3	0	0	0
LOC105376943	0	0	0
LOC105376945	2	0	2
GRM7	0	0	0
GRM7-AS2	0	0	0
GRM7-AS1	0	0	0
LOC124909342	0	0	0
LOC101927394	0	0	0
LMCD1-AS1	0	0	0
LOC107986010	0	0	0
LMCD1	6	0	6
LINC00312	0	0	0
LOC107986009	1	0	1
SSUH2	32	0	32
CAV3	0	0	0
OXTR	30	0	30
LOC107986061	0	0	0
LOC107984112	2	0	2
RAD18	447	0	447
LOC124900561	0	0	0
SRGAP3	159	0	164
LOC124909343	0	5	0
SRGAP3-AS2	0	0	0
SRGAP3-AS3	0	0	0
SRGAP3-AS4	3	0	3
THUMPD3	486	13	588
THUMPD3-AS1	95	112	98
SETD5	1979	0	1979
LHFPL4	0	0	0
LOC105376949	0	0	0
MTMR14	681	0	685
LOC124909344	2	6	0
CPNE9	7	1	6
BRPF1	698	0	698
OGG1	365	590	407
CAMK1	23	69	0
TADA3	596	37	1218
ARPC4	661	4	661
ARPC4-TTLL3	0	0	5
TTLL3	49	4	45
RPUSD3	977	2	980
CIDEC	17	0	17
JAGN1	1515	0	1515
IL17RE	161	0	161
IL17RC	1129	70	1059
CRELD1	551	13	539
PRRT3	32	38	14
PRRT3-AS1	4	0	23
EMC3	892	13	894
EMC3-AS1	94	7	102
CIDECP1	64	0	64
FANCD2	506	0	643
FANCD2OS	0	137	0
BRK1	929	0	929
LOC124906357	0	0	0
VHL	950	0	950
IRAK2	106	0	106
LOC124906338	0	0	0
TATDN2	1045	8	1037
MIR12127	0	0	0
GHRLOS	20	9	13
LINC00852	10	0	10
GHRL	0	1	0
SEC13	2206	12	2194
ATP2B2	1	0	1
MIR378B	0	0	0
MIR885	0	0	0
ATP2B2-IT1	0	0	0
ATP2B2-IT2	0	0	0
LINC00606	0	0	0
SLC6A11	0	0	0
LOC105376950	0	0	0
SLC6A1	0	0	0
SLC6A1-AS1	0	0	0
LOC101927467	0	0	0
HRH1	217	1	216
LOC105376951	0	0	0
LOC124909345	0	0	0
LOC102723663	71	2	69
ATG7	760	703	792
VGLL4	291	32	994
TAMM41	90	0	90
SYN2	3	3	0
TIMP4	21	0	21
PPARG	938	4	934
TSEN2	368	0	369
MKRN2OS	13	14	0
MKRN2	697	98	719
RAF1	2174	55	2239
LOC124906355	0	0	0
TMEM40	41	0	41
CAND2	5	9	1
RPL32	8429	3	8431
SNORA7A	0	0	0
LOC124909346	0	0	0
LOC105376956	0	0	0
LINC02022	0	0	0
IQSEC1	553	0	553
LOC124906214	0	0	0
NUP210	9437	6	9431
HDAC11-AS1	2	0	2
HDAC11	282	1	281
FBLN2	3408	3	3405
SNORA93	0	0	0
LOC100293612	3	0	3
LINC00620	0	0	0
WNT7A	0	0	0
LOC105376957	0	0	0
FGD5P1	0	0	0
TPRXL	0	0	0
LOC112268445	0	0	0
CHCHD4	473	1	473
TMEM43	1557	1	1557
XPC	725	2	849
XPC-AS1	20	142	4
LSM3	701	1	700
LOC105376958	4	0	4
LINC01267	4	0	4
LOC105376959	16	0	16
SLC6A6	2478	0	2510
GRIP2	61	32	61
LOC105376960	0	0	0
LOC124909347	1	41	1
CCDC174	225	0	266
LOC124906215	0	0	0
C3orf20	1	0	1
LINC02011	0	0	0
FGD5	0	1	0
LOC105376963	0	0	0
FGD5-AS1	1824	19	1841
NR2C2	832	414	712
MRPS25	949	134	1073
RBSN	647	2	645
COL6A4P1	0	0	0
CAPN7	504	4	500
SH3BP5-AS1	51	1218	65
SH3BP5	377	43	1566
LOC124906370	0	0	0
LOC124909348	0	0	0
METTL6	209	21	209
EAF1	447	0	468
COLQ	27	0	27
MIR4270	0	0	0
HACL1	426	0	500
BTD	458	185	457
ANKRD28	614	3	721
MIR3134	0	0	0
LOC101927647	1	1	0
LOC107986064	3	0	3
MIR563	0	0	0
LOC124906217	0	0	0
LOC124906216	0	0	0
LOC124909349	0	0	0
GALNT15	4	0	4
LOC124906218	0	80	0
DPH3	116	0	196
OXNAD1	198	0	231
LOC107986065	0	29	0
RFTN1	3	6	1
LOC124906220	0	0	0
LOC124906219	0	0	0
LINC00690	0	0	0
DAZL	0	0	0
PLCL2UT	0	0	0
LOC105376972	0	0	0
PLCL2	1	0	1
MIR3714	0	0	0
PLCL2-AS1	0	0	0
TBC1D5	446	0	446
LOC105376975	2	0	2
LOC124909350	0	0	0
BALR6	0	0	0
LOC124909351	0	0	0
SATB1	0	0	0
SATB1-AS1	0	0	0
LOC107986066	0	0	0
LOC105376978	0	0	0
LOC105376981	0	0	0
KCNH8	0	0	0
MIR4791	0	0	0
LOC105376982	0	0	0
LOC105376984	0	0	0
EFHB	0	0	0
RAB5A	425	0	525
PP2D1	0	100	0
LOC124909352	0	0	0
KAT2B	266	3	263
MIR3135A	0	0	0
SGO1	94	3	173
SGO1-AS1	1	83	0
LOC101927829	0	0	0
LOC107986068	0	0	0
LOC105376987	0	0	0
LOC105376988	0	0	0
VENTXP7	0	0	0
ZNF385D	1	0	1
ZNF385D-AS1	0	0	0
ZNF385D-AS2	0	0	0
UBE2E2-DT	0	0	0
UBE2E2	621	0	621
LOC105376993	11	0	11
LOC124909353	1	0	1
UBE2E1-AS1	5	4	1
UBE2E1	258	30	951
NKIRAS1	182	699	259
RPL15	18220	55	18217
LOC124909354	0	0	0
NR1D2	277	0	278
LINC00691	0	0	0
THRB	227	2	227
THRB-AS2	2	0	2
THRB-AS1	1	0	3
LOC107986011	0	0	0
LOC107986070	0	0	0
LOC124909355	0	0	0
RARB	0	0	0
LOC124906342	0	0	0
RARB-AS1	0	0	0
LOC124909356	0	0	0
TOP2B	1068	0	1068
MIR4442	0	0	0
NGLY1	321	6	318
OXSM	295	1	297
LOC105377000	0	0	0
LINC00692	0	0	0
LOC124909357	0	0	0
LOC105377001	0	0	0
LOC105377002	0	0	0
LRRC3B-AS1	0	0	0
LRRC3B	0	0	0
LOC124909488	0	0	0
NEK10	51	0	51
SLC4A7	491	1	490
LOC105377005	0	0	0
LOC124906221	0	0	0
LINC02084	0	0	0
EOMES	0	0	0
LINC01980	0	0	0
LINC01981	0	0	0
LINC01967	0	0	0
LOC105377008	0	0	0
CMC1	273	324	271
AZI2	217	1	651
ZCWPW2	4	113	4
LOC107986012	0	0	0
LINC00693	0	0	0
LOC105377009	0	0	0
RBMS3-AS3	2	0	2
RBMS3	42	0	42
RBMS3-AS2	0	0	0
LOC124906222	0	0	0
RBMS3-AS1	0	0	0
LOC124906224	0	0	0
LOC124909358	0	0	0
LOC124906377	0	0	0
LOC101927995	0	0	0
LOC105377013	0	0	0
LINC01985	0	0	0
LOC105377015	0	84	0
TGFBR2	973	0	1057
GADL1	0	0	0
MIR466	0	0	0
LOC105377018	1	0	1
LOC124909359	0	0	0
STT3B	3405	1	3404
OSBPL10	1280	0	1280
LOC124909360	5	0	5
OSBPL10-AS1	0	0	0
ZNF860	58	0	58
LOC124900559	0	0	0
GPD1L	618	0	618
LOC124906367	1	0	1
CMTM8	0	0	0
LOC124909361	0	0	0
CMTM7	0	0	0
CMTM6	375	0	375
MIR548AY	0	0	0
DYNC1LI1	614	12	602
LOC124906226	1	0	1
CNOT10	0	0	0
CNOT10-AS1	0	0	0
TRIM71	0	0	0
CCR4	0	0	0
GLB1	2280	1	2279
LOC107986072	0	0	0
TMPPE	58	0	58
CRTAP	10744	2	10742
SUSD5	1	1	0
LOC124909362	0	0	0
FBXL2	98	5	94
UBP1	842	5	838
LOC124909363	0	0	0
CLASP2	431	0	431
PDCD6IP-DT	27	0	30
PDCD6IP	2227	8	2222
LOC105377024	0	0	0
LINC01811	0	0	0
LOC124909364	0	0	0
LOC102724048	0	0	0
LOC124909365	0	0	0
LOC101928135	0	0	0
ARPP21	0	0	0
ARPP21-AS1	0	0	0
MIR128-2	0	0	0
LOC124906227	0	0	0
STAC	0	0	0
DCLK3	2	0	2
LOC105377029	2	0	2
LOC105377030	0	0	0
LINC02033	1	0	1
TRANK1	629	0	629
EPM2AIP1	323	0	323
MLH1	917	3	914
LRRFIP2	640	1	639
UBE2FP1	13	0	13
LOC105377642	0	0	0
LOC124906354	0	0	0
LOC124909483	0	0	0
GOLGA4-AS1	49	11	66
GOLGA4	509	17	519
APRG1	13	0	13
ITGA9	0	0	0
ITGA9-AS1	0	0	0
CTDSPL	727	0	727
MIR26A1	0	0	0
VILL	9	0	9
PLCD1	37	0	37
DLEC1	13	140	1
LOC105377033	0	0	0
ACAA1	483	0	611
MYD88	15	0	15
LOC101928234	0	0	0
OXSR1	1090	1	1089
SLC22A13	1	0	1
SLC22A14	7	0	7
XYLB	125	1	125
ACVR2B-AS1	16	2	19
ACVR2B	211	2	212
EXOG	107	0	107
SCN5A	3	3	0
SCN10A	0	0	0
LOC105377034	0	0	0
LOC107986042	0	0	0
SCN11A	1	0	1
WDR48	474	2	475
GORASP1	702	3	705
TTC21A	14	3	14
MIR6822	0	0	0
CSRNP1	979	0	986
LOC101928263	2	8	1
LOC105377035	2	0	2
XIRP1	0	0	0
LOC124909366	0	0	0
DSTNP4	0	0	0
LOC102724104	0	0	0
CX3CR1	0	0	0
CCR8	0	0	0
LOC105377037	0	2	0
LOC105377644	0	0	7
SLC25A38	678	6	677
RPSA	31017	10	31007
SNORA6	12	0	12
SNORA62	29	0	29
LOC107986075	0	0	0
MOBP	1	0	1
LOC105377039	0	0	0
MYRIP	0	0	0
LOC124909367	0	0	0
EIF1B-AS1	2	2	2
LOC124900557	0	0	0
LOC124906228	0	0	0
EIF1B	434	0	436
ENTPD3	0	1	0
ENTPD3-AS1	17	0	18
RPL14	10589	5	10584
ZNF619	103	0	103
ZNF620	14	0	14
ZNF621	439	1	438
LOC124909368	0	0	0
LOC124909369	1	0	1
LOC124906229	0	0	0
LOC124909370	0	0	0
LOC105377043	0	0	0
LOC124906230	0	0	0
LOC105377045	0	0	0
CTNNB1	4306	1	4305
ULK4	137	0	137
LOC105377046	0	0	0
LOC107986077	0	0	0
TRAK1	866	0	866
LOC124906231	11	0	11
LOC105377048	0	0	0
CCK	0	0	0
LYZL4	0	0	0
LOC124909371	0	0	0
VIPR1	0	0	0
LOC124909372	0	0	0
VIPR1-AS1	0	0	0
SEC22C	732	30	767
SS18L2	210	47	215
NKTR	541	19	536
ZBTB47-AS1	0	1	2
ZBTB47	692	4	857
LOC124906232	1	168	0
KLHL40	0	0	0
HHATL	0	0	0
HHATL-AS1	0	2	0
CCDC13	12	0	14
CCDC13-AS1	0	0	0
CCDC13-AS2	2	2	2
HIGD1A	1358	0	1360
ACKR2	6	0	7
LOC124909373	1	2	0
CYP8B1	0	0	0
ZNF662	1	0	1
KRABD1-AS1	0	0	0
KRABD1	0	0	0
GASK1A	0	0	0
POMGNT2	445	0	445
POMGNT2-AS1	0	0	0
LOC105377051	0	0	0
LOC105377052	0	0	0
SNRK	126	7	297
SNRK-AS1	0	171	7
ANO10	488	0	488
ABHD5	431	0	431
LOC107986081	0	0	0
LOC124909489	0	0	0
MIR138-1	0	0	0
TOPAZ1	0	0	0
LOC105377055	0	0	3
TCAIM	452	3	452
C3orf86P	0	0	0
LINC01988	0	0	0
ZNF445	397	1	396
LOC101928529	0	0	0
ZNF852	0	0	0
ZKSCAN7	0	0	0
ZKSCAN7-AS1	0	0	0
ZNF660-ZNF197	0	0	0
ZNF660	0	0	0
ZNF197-AS1	0	0	0
ZNF197	0	0	0
ZNF35	0	0	0
LOC124905403	0	0	0
ZNF502	0	0	0
LOC105377056	0	0	0
ZNF501	0	0	0
KIAA1143	0	0	0
KIF15	0	0	0
MIR564	0	0	0
TMEM42	0	0	0
TGM4	0	0	0
ZDHHC3	1792	3	1791
EXOSC7	410	0	412
CLEC3B	6	0	6
LOC124906233	0	0	0
CDCP1	0	0	0
LOC101928636	1	0	1
TMEM158	469	1	468
LOC124906378	0	0	0
LOC105377061	0	0	0
LOC105377062	0	0	0
LARS2	1004	0	1005
LARS2-AS1	0	1	0
LIMD1	671	0	1454
LIMD1-AS1	0	783	0
TRR-ACG2-1	0	0	0
SACM1L	626	1	625
SLC6A20	0	0	0
LOC107986082	0	0	0
LZTFL1	212	0	212
LOC124909374	0	0	0
CCR9	0	0	0
FYCO1	497	1	497
CXCR6	3	3	0
LOC105377063	0	0	1
XCR1	0	0	0
LOC105377067	36	0	36
CCR1	1	0	1
CCR3	1	0	1
CCR2	0	0	0
CCR5AS	2	0	2
CCR5	0	0	0
CCRL2	5	0	5
LINC02009	3	0	3
LTF	2	0	2
RTP3	0	0	0
LRRC2	0	0	0
LRRC2-AS1	0	0	0
CRIPTO	0	0	0
FAM240A	0	0	0
ALS2CL	286	0	286
TMIE	1	0	1
PRSS50	0	0	0
PRSS46P	0	0	0
PRSS45P	0	0	0
PRSS43P	0	0	0
PRSS44P	0	0	0
PRSS42P	0	0	0
MYL3	0	0	0
PTH1R	0	0	0
CCDC12	361	1	360
LOC124909375	0	0	0
NBEAL2	1678	2	1676
NRADDP	2	2	0
SETD2	877	1	877
KIF9-AS1	25	0	31
KIF9	44	24	34
SNORD13J	0	0	0
KLHL18	351	0	360
PTPN23-DT	12	26	16
PTPN23	1346	7	1369
SCAP	2415	6	2414
LOC124906372	0	5	0
LOC105377073	0	0	0
ELP6	608	3	605
LOC105377074	0	0	0
CSPG5	156	0	156
SMARCC1	2381	2	2379
LOC124906234	0	0	0
SNORD146	0	0	0
HIGD2AP2	0	0	0
DHX30	4653	1	4653
MIR1226	0	0	0
MAP4	5588	8	5581
CDC25A	1064	0	1064
MIR4443	0	0	0
CAMP	0	0	0
ZNF589	144	0	144
NME6	353	6	347
FCF1P2	90	0	90
SPINK8	0	0	0
MIR2115	0	0	0
FBXW12	0	0	0
PLXNB1	619	0	619
CCDC51	985	29	957
TMA7	879	3	877
ATRIP	5	0	5
ATRIP-TREX1	4	0	4
TREX1	0	0	0
SHISA5	2575	3	2572
PFKFB4	741	0	741
MIR6823	0	0	0
UCN2	0	0	0
COL7A1	829	1	828
MIR711	0	0	0
UQCRC1	7827	2	7825
SNORA94	0	0	0
TMEM89	3	0	3
SLC26A6	1612	4	1608
MIR6824	0	0	0
CELSR3	360	14	346
MIR4793	0	0	0
LINC02585	6	6	0
NCKIPSD	1101	0	1101
IP6K2	1259	0	1259
PRKAR2A	955	3	953
PRKAR2A-AS1	35	0	36
SLC25A20	290	0	290
ARIH2OS	35	143	35
ARIH2	1567	5	1705
LOC124909376	2	0	2
P4HTM	412	0	412
LOC124906235	10	0	10
WDR6	3013	95	3504
DALRD3	483	495	582
MIR425	0	0	0
NDUFAF3	1815	6	1817
MIR191	0	0	0
IMPDH2	3907	82	3825
QRICH1	1869	10	1859
QARS1	4765	4	4761
MIR6890	0	0	0
USP19	2216	4	2212
LAMB2	3602	2	3767
LOC124909377	8	168	7
LAMB2P1	4	0	4
CCDC71	608	0	608
KLHDC8B	10	0	10
CIMIP7	0	0	0
IHO1	0	0	0
C3orf62	120	0	140
MIR4271	0	20	0
USP4	403	0	403
LOC124906236	33	0	33
GPX1	7139	7	7132
RHOA	10423	4	10419
TCTA	456	1	455
AMT	29	4	25
NICN1	249	0	249
DAG1	8434	7	8427
BSN-DT	0	0	0
BSN	21	13	8
APEH	3972	3	3971
MST1	84	14	75
RNF123	1051	150	1360
AMIGO3	139	13	126
GMPPB	514	311	659
IP6K1	1489	0	1489
CDHR4	30	0	30
INKA1	23	0	23
UBA7	228	0	228
MIR5193	0	0	0
TRAIP	290	0	290
CAMKV	0	0	0
MST1R	1873	1	1872
MON1A	288	0	288
RBM6	1016	0	1016
RBM5	682	0	1099
RBM5-AS1	15	129	0
SEMA3F-AS1	7	319	0
LOC124909484	1	1	0
SEMA3F	3427	3	3427
GNAT1	1	1	0
SLC38A3	1	0	1
GNAI2	1517	1	1516
MIR5787	0	0	0
SEMA3B	7110	27	7107
LINC03143	6	3	3
SEMA3B-AS1	0	6	20
MIR6872	0	0	0
LSMEM2	21	414	19
IFRD2	2520	2	2930
HYAL3	254	0	254
NAA80	335	1	334
HYAL1	1250	1	1249
HYAL2	1921	0	1921
TUSC2	831	1	830
RASSF1	753	7	887
RASSF1-AS1	7	141	7
ZMYND10	20	16	9
NPRL2	420	50	384
LOC127898564	2	429	1
CYB561D2	148	2	146
TMEM115	566	2	992
CACNA2D2	9	17	1
LOC101928965	0	0	5
LOC105377082	0	0	0
LOC124909378	0	0	0
LOC105377083	0	0	0
C3orf18	11	23	12
HEMK1	325	2	348
CISH	212	1	256
MAPKAPK3	1307	45	1306
LINC02019	11	0	11
DOCK3	30	13	17
MIR4787	0	0	0
MANF	730	0	730
RBM15B	1241	82	1405
DCAF1	1106	170	1182
LOC105377085	0	0	0
RAD54L2	369	0	370
LOC124906237	0	1	0
TEX264	1158	0	1158
GRM2	0	0	0
LOC105377087	0	0	0
IQCF6	0	0	0
IQCF4P	0	0	0
IQCF3	0	0	0
IQCF2	0	0	0
IQCF5-AS1	0	0	0
IQCF5	0	0	0
IQCF1	0	0	0
RRP9	560	0	560
PARP3	492	1	491
GPR62	0	3	0
PCBP4	479	0	482
ABHD14B	1736	2	1735
ABHD14A-ACY1	0	0	0
ABHD14A	70	3	67
ACY1	3	1	2
RPL29	15925	6	15919
LOC105377088	0	0	0
LOC124906238	3	0	3
DUSP7	636	2	634
LINC00696	3	0	3
POC1A	709	0	709
ALAS1	3052	4	3048
TLR9	2	0	2
TWF2	1984	3	1981
TWF2-DT	14	0	14
PPM1M	243	5	238
WDR82	2082	1	2081
MIRLET7G	0	0	0
LOC107986086	2	9	3
GLYCTK	80	1	98
GLYCTK-AS1	0	3	0
MIR135A1	0	7	0
DNAH1	202	3	199
BAP1	1459	9	1450
PHF7	30	0	30
SEMA3G	20	0	20
TNNC1	6	0	6
NISCH	828	0	828
STAB1	9	95	9
NT5DC2	1468	5	1559
UQCC5	41	1	42
PBRM1	302	5	301
GNL3	1095	3	1114
SNORD136	0	0	0
SNORD19	0	0	0
SNORD19B	0	0	0
SNORD19C	4	1	3
SNORD69	1	0	1
GLT8D1	515	70	464
SPCS1	1765	23	1773
NEK4	184	8	207
ITIH1	0	0	0
ITIH3	0	0	0
LOC124906240	0	0	0
ITIH4	48	0	59
ITIH4-AS1	0	11	0
STIMATE-MUSTN1	0	0	0
MUSTN1	0	0	0
STIMATE	122	0	122
MIR8064	0	0	0
SFMBT1	360	0	360
RFT1	407	0	407
PRKCD	1097	0	1097
TKT	13702	9	13693
LOC107986087	1	1	0
LOC124906364	0	0	0
DCP1A	334	0	334
LOC124909380	0	0	0
SNORD38C	0	0	0
LOC105377094	0	0	0
LOC124900563	0	0	0
CACNA1D	45	30	48
LOC124906242	0	0	0
CHDH	233	4	263
IL17RB	53	33	133
ACTR8	370	97	385
SELENOK	408	1	407
LOC105377095	2	2	0
LOC124909381	0	0	0
CACNA2D3	236	1	245
LOC124909382	0	0	0
LOC107986088	3	3	0
ESRG	0	0	0
CACNA2D3-AS1	0	10	0
LRTM1	0	0	0
LOC124906243	0	0	0
LINC02017	0	0	0
LINC02030	0	0	0
LOC124909383	0	0	0
WNT5A	1178	4	1174
WNT5A-AS1	39	33	6
ERC2	1	0	1
ERC2-AS1	0	0	0
ERC2-IT1	0	0	0
MIR3938	0	0	0
LOC105377099	0	0	0
CCDC66	70	11	70
TASOR	439	6	444
ARHGEF3	334	0	334
ARHGEF3-AS1	0	0	0
SPATA12	0	0	0
IL17RD	9	0	9
LOC105377101	0	0	0
HESX1	16	0	16
APPL1	400	0	417
ASB14	3	52	1
LOC105377102	0	0	1
LOC124909384	1	0	2
DNAH12	1	1	1
LOC124906353	0	0	0
PDE12	442	8	434
ARF4	2894	0	2894
ARF4-AS1	15	0	15
DENND6A	229	1	228
DENND6A-DT	2	0	2
SLMAP	466	2	464
LOC105377103	0	0	0
LOC105377104	0	0	0
LOC124909385	0	0	0
FLNB	5022	3	5808
FLNB-AS1	12	801	0
LOC124909485	0	0	0
LOC124909386	0	0	0
DNASE1L3	1	0	1
LOC107986091	2	0	2
ABHD6	513	0	513
RPP14	0	0	0
HTD2	2	0	2
PXK	236	14	222
LOC105377106	0	0	0
PDHB	896	8	1083
LOC107986092	0	195	0
KCTD6	74	0	74
ACOX2	2	0	2
LOC107984079	0	0	0
FAM107A	0	0	0
FAM3D-AS1	0	0	0
FAM3D	0	0	0
LOC105377109	0	0	0
CFAP20DC	0	0	0
CFAP20DC-AS1	0	0	0
CFAP20DC-DT	0	0	0
LOC339902	0	0	0
FHIT	0	0	0
LOC105377113	0	0	0
LOC105377112	0	0	0
LOC107986015	0	0	0
MIR548BB	0	0	0
LOC124906379	0	0	0
LOC124906244	0	0	0
LOC105377111	0	0	0
LOC124909387	0	0	0
LOC105377114	0	0	0
LOC105377115	0	0	0
PTPRG	5	0	5
LOC124909388	0	0	0
LOC124906245	0	0	0
LOC124909389	0	0	0
PTPRG-AS1	0	0	0
CEP15	0	0	0
FEZF2	0	0	0
LOC105377647	0	0	0
CADPS	0	0	0
LINC00698	0	0	0
SYNPR	0	0	0
SYNPR-AS1	0	0	0
SNTN	0	0	0
LOC105377119	0	0	0
CDHR18P	1	0	1
C3orf49	5	5	0
THOC7	490	0	496
THOC7-AS1	0	0	0
ATXN7	230	6	230
SCAANT1	2	1	1
PSMD6-AS2	7	1	6
PSMD6	827	2	825
PSMD6-AS1	6	5	1
LOC105377121	0	0	0
PRICKLE2-AS1	0	11	0
LOC124906380	0	0	0
LINC00994	0	0	0
PRICKLE2	14	0	25
PRICKLE2-AS2	0	0	0
PRICKLE2-AS3	0	0	0
PRICKLE2-DT	0	0	0
LOC105377123	0	0	0
ADAMTS9	0	0	0
ADAMTS9-AS1	0	0	0
ADAMTS9-AS2	0	0	0
LOC105377124	0	0	0
LOC124909390	0	0	0
LOC107986017	0	0	0
LOC105377125	0	0	0
LOC105377127	0	0	0
LINC02040	0	0	0
LOC107986094	0	0	0
MAGI1	199	1	198
LOC124906246	0	0	0
LOC107986018	0	0	0
MAGI1-IT1	0	0	0
MAGI1-AS1	0	0	0
LOC124900543	4	0	4
LOC105377128	0	0	0
SLC25A26	0	0	0
LOC107986095	0	0	0
LRIG1	9	1	8
LOC105377141	0	0	0
LOC105377142	0	0	0
LOC105377143	0	0	0
LOC105377144	0	0	0
KBTBD8	7	0	7
LOC124909391	0	0	0
LOC124909392	0	0	0
MIR4272	0	0	0
LOC112267879	2	0	2
SUCLG2	1105	0	1105
SUCLG2-DT	13	0	13
TAFA1	0	0	0
LOC107986019	0	0	0
LOC105377146	0	0	0
TAFA4	0	0	0
EOGT	155	8	159
EOGT-DT	13	6	19
TMF1	245	0	245
MIR3136	2	0	2
UBA3	573	0	573
ARL6IP5	1330	1	1329
LMOD3	0	0	0
FRMD4B	226	0	226
MITF	348	0	348
SAMMSON	0	0	0
MDFIC2	0	0	0
LOC105377152	0	0	0
FOXP1	204	8	196
LOC124906247	0	0	0
FOXP1-AS1	0	0	0
LOC124906248	0	0	0
MIR1284	0	0	0
FOXP1-DT	4	0	4
LOC105377155	0	0	0
EIF4E3	61	0	61
GPR27	0	0	0
PROK2	0	0	0
LOC105377156	0	0	0
LOC105377157	0	0	0
LINC00877	1	0	1
LINC00870	0	0	0
LOC124909393	0	0	0
LOC105377158	0	0	0
LOC105377159	0	0	0
RYBP	0	0	0
LOC105377160	0	0	0
LOC124909394	0	0	0
LOC124905404	0	0	0
LOC105377161	0	0	0
LOC102724817	0	0	0
LOC105377162	0	0	0
SHQ1	199	0	199
LOC124909396	0	0	0
GXYLT2	101	0	101
LOC124909395	0	0	0
PPP4R2	536	0	536
EBLN2	7	0	7
LOC124906349	0	0	0
LOC107986098	0	0	0
PDZRN3	1	0	1
LOC101927296	0	0	0
PDZRN3-AS1	0	0	0
LOC105377164	0	0	0
LINC02005	0	0	0
LINC02047	0	0	0
CNTN3	0	0	0
LOC105377166	0	0	0
LOC105377167	0	0	0
LOC105377168	0	0	0
LOC107986099	0	0	0
MIR4444-2	2	0	2
LOC124905452	0	0	0
FAM86DP	0	0	0
LINC02018	0	0	0
MIR1324	0	0	0
FRG2C	0	0	0
LINC00960	1	1	0
ZNF717	43	0	45
MIR4273	0	2	0
ROBO2	1	0	1
LOC124900544	0	0	0
LOC102724949	0	0	0
LOC105377171	0	0	0
LINC02077	0	0	0
LOC105377173	0	0	0
ROBO1	864	0	864
LOC101927374	0	0	0
MIR3923	0	0	0
LOC105377177	0	0	0
LOC105377176	0	0	0
LINC02050	0	0	0
LOC105377174	0	0	0
LINC02027	0	0	0
GBE1	746	0	746
LOC124906198	0	0	0
LOC124909490	0	0	0
LOC105377178	0	0	0
LOC105377179	0	0	0
LOC124906199	0	0	0
LINC02008	1	0	1
LOC101927439	0	0	0
LOC105377181	0	0	0
LOC105377183	0	0	0
LOC105377186	0	0	0
LOC105377187	0	0	0
LOC105377188	5	0	5
LINC00971	0	0	0
LINC02025	0	0	0
LOC105377193	0	0	0
CADM2	0	0	0
LOC124906200	0	0	0
SNORA95	0	0	0
MIR5688	0	0	0
CADM2-AS2	0	0	0
LOC124906345	0	0	0
LOC102723364	0	0	0
LINC02070	0	0	0
LOC101927518	0	0	0
LOC105377196	0	0	0
VGLL3	390	0	390
LINC00506	0	0	0
MIR4795	0	0	0
CHMP2B	567	0	567
POU1F1	0	0	0
LOC105377198	0	0	0
HTR1F	0	0	0
CGGBP1	597	11	598
LOC128031834	0	0	0
ZNF654	122	8	123
C3orf38	191	0	194
LOC105377202	0	0	0
CSNK2A2IP	0	0	0
EPHA3	3	0	3
LOC124906381	0	0	0
LOC101930420	0	0	0
PROS1	286	0	286
ARL13B	98	0	98
STX19	0	0	0
DHFR2	71	0	71
NSUN3	135	0	135
LOC105373992	0	0	0
LINC00879	0	0	0
MTHFD2P1	0	0	0
MIR8060	0	0	0
LOC124909397	0	0	0
EPHA6	0	0	0
LOC107986103	0	0	0
LOC101929278	0	0	0
LOC124906256	0	0	0
ARL6	42	1	46
LOC101929298	0	4	1
CRYBG3	104	74	163
LOC105373994	0	1	0
RIOX2	238	58	312
LOC124909398	2	0	2
GABRR3	0	0	0
OR5AC2	0	0	0
OR5H1	0	0	0
OR5H14	0	0	0
LOC105373996	0	0	0
OR5H15	0	0	0
LOC105373998	0	0	0
LOC105373997	0	0	0
LOC101929320	0	0	0
LOC105373999	0	0	0
OR5H6	0	0	0
OR5H2	0	0	0
OR5K4	0	0	0
LOC105374000	0	0	0
OR5K3	0	0	0
OR5K1	0	0	0
OR5K2	0	0	0
CLDND1	382	0	387
CLDND1-AS1	0	5	0
GPR15	0	0	0
CPOX	576	0	576
ST3GAL6-AS1	0	0	0
ST3GAL6	0	0	0
DCBLD2	316	0	316
LOC105374002	2	0	2
LINC00973	0	0	0
LOC124906343	0	0	0
LOC124909399	0	0	0
LOC107986104	0	0	0
LOC105374004	0	0	0
LOC105374007	0	0	0
LOC105374005	2	0	2
LOC124909401	4	5	5
COL8A1	207	1	212
HP09053	3	17	3
CMSS1	242	0	364
LOC105374010	0	0	0
FILIP1L	0	0	0
MIR3921	0	0	0
LOC105374009	1	122	1
TMEM30CP	0	0	0
TBC1D23	370	0	370
NIT2	443	9	438
TOMM70	1360	24	1340
LNP1	26	0	26
TMEM45A	1735	0	1735
ADGRG7	0	0	0
TFG	3831	0	3831
ABI3BP	7	6	1
LOC124906260	0	0	0
LOC124906356	0	0	0
IMPG2	0	0	0
SENP7	42	0	42
LOC124906362	0	0	0
ARB2BP	1	0	1
TRMT10C	558	4	554
PCNP	2216	24	2192
ZBTB11	353	65	381
ZBTB11-AS1	7	0	7
LOC124906262	73	6557	57
RPL24	273	4	6811
LOC124909402	1	1	0
PDCL3P4	4	0	4
CEP97	210	0	210
NXPE3	97	0	97
NFKBIZ	485	0	485
RDUR	0	0	0
LOC101929411	0	0	0
LOC107986105	0	0	0
ZPLD1	1	0	1
LOC105374016	0	0	0
LOC107986106	0	0	0
LOC105374017	0	0	0
LOC105374018	0	0	0
MIR548AB	0	0	0
LOC124909491	0	0	0
LOC124909492	1	0	1
LOC105374020	0	0	0
LOC105374021	0	0	0
LOC107986108	0	0	0
LOC105374023	0	0	0
ALCAM	81	0	81
LOC124906263	0	0	0
CBLB	260	0	260
LOC105374024	0	0	0
LOC124909403	0	0	0
LOC105374026	0	0	0
LOC105374027	0	0	0
LOC107986110	0	0	0
LOC107986112	0	0	0
LOC101929485	0	0	0
LOC105374029	0	0	0
LOC101929534	0	0	0
LOC124906264	0	0	0
LOC107986021	0	0	0
LINC00882	12	1	12
LOC124909404	0	0	0
DUBR	44	0	45
CCDC54	0	0	0
CCDC54-AS1	0	0	0
LINC01990	0	0	0
BBX	979	1	978
LINC00635	0	0	0
LINC00636	0	0	0
LOC124906266	0	0	0
LOC124906265	0	0	0
CD47	221	1	220
LOC105374031	0	0	0
LINC01215	0	0	0
IFT57	0	0	0
LOC124909405	0	0	0
HHLA2	0	0	0
MYH15	6	0	6
LOC124900545	0	0	0
LOC124909406	1	0	1
CIP2A	315	1	314
LOC124900556	2	2	0
DZIP3	91	0	91
LOC105374033	0	0	0
LOC105374034	0	0	0
RETNLB	0	0	0
TRAT1	0	0	0
GUCA1C	0	0	0
MORC1	0	0	0
LOC124906382	0	0	0
MORC1-AS1	0	0	0
C3orf85	0	0	0
LINC00488	0	0	0
DPPA2	2	0	2
DPPA4	0	0	0
LINC01205	0	0	0
MIR4445	0	0	0
LOC124906267	0	0	0
LOC105374036	0	0	0
LOC105374037	0	0	0
LOC151760	26	2	26
NECTIN3-AS1	0	0	0
NECTIN3	125	0	127
LOC124909493	0	0	0
LOC105374038	0	0	0
LOC105374039	0	0	0
CD96	0	0	0
ZBED2	1	0	1
PLCXD2	51	0	51
PLCXD2-AS1	1	1	0
PHLDB2	1475	2	1473
LOC107984087	0	0	0
LOC105374040	1	1	0
ABHD10	408	0	408
TAGLN3	0	0	0
TMPRSS7	1	0	1
C3orf52	54	0	54
MIR567	0	0	0
GCSAM	0	0	0
TBILA	0	0	0
SLC9C1	0	0	0
LOC124909407	0	0	0
LOC105374042	0	0	0
CD200	0	0	0
LOC105374041	0	0	0
LOC124909408	0	0	0
BTLA	0	0	0
ATG3	697	3	929
SLC35A5	295	232	298
CCDC80	239	0	239
LINC02042	0	0	0
MIR9900	0	0	0
CD200R1L-AS1	0	0	0
CD200R1L	0	0	0
CD200R1	0	0	0
GTPBP8	181	2	179
RMP64	494	38	500
NEPRO-AS1	6	44	6
LOLI1	0	0	0
LOC124906268	0	0	0
LINC02044	2	0	2
LOC124909486	0	0	0
BOC	1	15	0
LOC124909409	0	0	0
SPICE1-CFAP44	6	0	6
CFAP44	1	0	1
CFAP44-AS1	0	2	0
MIR8076	0	0	0
SPICE1	6	0	6
SIDT1	0	1	0
SIDT1-AS1	0	0	0
MIR4446	0	0	0
LOC124909410	1	0	2
USF3	130	0	130
NAA50	2934	3	2931
ATP6V1A	978	1	977
GRAMD1C	68	0	68
ZDHHC23	339	6	343
CCDC191	34	7	48
LOC105374048	1	12	0
QTRT2	606	0	606
DRD3	0	0	0
ZNF80	0	0	0
TIGIT	0	0	0
LOC124909411	0	0	0
ZBTB20	88	1	87
MIR568	0	0	0
ZBTB20-AS1	0	0	0
ZBTB20-AS5	0	0	0
MIR4796	0	0	0
ZBTB20-AS3	0	0	0
ZBTB20-AS4	0	0	0
LOC105374051	0	0	0
GAP43	0	0	0
LOC124909412	0	0	0
LOC124906269	0	0	0
LSAMP	1	1	0
LOC124909413	0	0	0
LOC105374053	0	0	0
SNORD155	0	0	0
LOC107986116	0	0	0
LOC124909414	0	0	0
LOC105374052	0	0	0
LSAMP-AS1	0	0	0
LINC00903	0	0	0
TUSC7	0	0	0
MIR4447	0	0	0
LINC00901	0	0	0
LOC124909415	0	0	0
LOC105374054	0	0	0
LOC124906271	0	0	0
LOC105374056	0	0	0
LOC124906270	0	0	0
LINC02024	0	0	0
LOC101926953	0	0	0
LINC03051	0	0	0
LOC124909416	0	0	0
LOC105374058	0	0	0
LOC105374060	0	0	0
LOC101926968	0	0	0
LOC124909417	0	0	0
LOC105374059	0	0	0
IGSF11	1	0	1
IGSF11-AS1	0	0	0
TEX55	0	0	0
UPK1B	1	0	1
B4GALT4	267	1	340
B4GALT4-AS1	0	74	0
ARHGAP31	2	4	0
ARHGAP31-AS1	0	0	0
LOC124906273	4	0	6
TMEM39A	462	0	462
POGLUT1	160	0	160
TIMMDC1	1652	1	1652
CD80	1	1	1
LOC107986118	0	0	0
ADPRH	0	0	0
PLA1A	0	0	0
POPDC2	3	0	3
COX17	108	2	187
LOC105374063	2	83	0
LOC105374064	0	0	0
CFAP91	0	0	0
NR1I2	1	1	0
GSK3B	1001	0	1001
MIR6529	0	0	0
GSK3B-DT	25	0	25
LOC105374065	0	0	0
GPR156	16	0	16
LOC124909418	0	0	0
LRRC58	754	0	757
BTNL12P	0	3	0
LOC124906274	0	0	0
FSTL1	26	1	25
MIR198	0	0	0
LOC124900546	8	5	3
LOC107986121	0	0	0
NDUFB4	2271	1	2270
HGD	1	0	1
RABL3	253	1	253
GTF2E1	500	0	501
LINC02049	0	0	0
LOC105374069	0	0	0
STXBP5L	3	3	0
MIR5682	0	0	0
POLQ	246	0	246
ARGFX	0	0	0
LOC124906360	0	0	0
FBXO40	0	0	0
HCLS1	0	0	0
GOLGB1	580	9	571
IQCB1	377	0	377
EAF2	31	0	31
SLC15A2	8	0	8
ILDR1	0	0	0
LOC101927010	0	0	0
CD86	2	0	2
CASR	0	0	0
CSTA	3	0	3
MIX23	204	0	204
FAM162A	643	6	654
WDR5B	108	15	110
WDR5B-DT	4	0	5
KPNA1	1167	16	1152
LOC107984000	4	0	4
LOC105374071	2	4	0
PARP9	984	44	990
DTX3L	1122	4	1166
PARP15	0	0	0
LOC124909419	0	0	0
PARP14	0	0	0
HSPBAP1	115	1	114
LOC124906363	0	0	0
SLC49A4	359	0	359
LINC02035	113	0	113
SEMA5B	1	0	1
PDIA5	647	0	647
MIR7110	6	0	6
SEC22A	171	0	171
ADCY5	10	10	0
LOC124909420	0	0	0
HACD2	1723	0	1723
MYLK-AS1	4	12	28
MYLK	146	28	182
LOC124909421	2	12	0
MYLK-AS2	0	0	0
LOC105369194	21	20	19
LOC124906346	0	0	0
CCDC14	620	0	620
ROPN1	0	0	0
KALRN	18	0	18
MIR5002	0	0	0
LOC105374077	0	0	0
MIR6083	0	0	0
LOC105374076	0	0	0
LOC124906276	0	0	0
UMPS	721	1	720
MIR544B	0	0	0
ITGB5	3829	5	3824
LOC124909422	1	0	1
LOC124906277	0	0	0
MUC13	239	3	236
HEG1	2179	2	2177
DAGARR	8	0	8
LOC124906278	9	0	9
SLC12A8	130	1	129
MIR5092	0	0	0
ZNF148	530	0	530
LOC105374080	3	0	3
LOC105374081	0	0	0
LOC124906351	0	0	0
SNX4	446	0	446
OSBPL11	223	0	223
LOC112267908	0	1	0
LOC105374312	0	0	0
LOC124909424	0	0	0
MIR548I1	0	0	0
LINC02614	1	0	1
LOC102723696	22	0	22
FAM86JP	68	0	102
ALG1L1P	1	35	0
ROPN1B	4	0	4
SLC41A3	717	0	791
LOC124909425	0	74	0
ALDH1L1-AS1	2	0	2
ALDH1L1	1	0	1
LOC105374083	0	0	0
ALDH1L1-AS2	0	0	0
LOC124909426	0	0	0
LOC107986124	0	0	0
KLF15	0	0	0
LOC105374088	0	0	0
LOC107986044	0	0	0
CFAP100-DT	0	0	0
CFAP100	0	0	0
LOC124906280	3	0	3
ZXDC	419	0	419
UROC1	0	0	0
CHST13	0	0	0
C3orf22	0	0	0
LOC105374090	1	4	0
TXNRD3	91	0	94
NUP210P1	0	0	0
CHCHD6	172	0	172
PLXNA1	994	0	994
PRR23E	0	0	0
LOC124906281	0	0	0
PRR20G	2	0	2
LINC02016	0	0	0
LOC105374094	0	0	0
LINC01471	0	0	0
LINC02034	0	0	0
TPRA1	1550	3	1547
MIR6825	0	0	0
MIR7976	0	0	0
MCM2	5663	4	5670
LOC107986126	0	11	0
PODXL2	3186	6	3180
ABTB1	391	1	390
MGLL	1985	1	1984
LOC107986127	36	2	34
LOC107986129	1	0	1
LOC105374096	0	0	0
LOC124909427	0	0	0
KBTBD12	1	1	0
LOC102723759	3	0	4
SEC61A1	5222	16	6007
RUVBL1	1462	807	1455
RUVBL1-AS1	1	1	0
EEFSEC	1	0	1
LOC124909428	0	0	0
LOC124909429	0	0	0
DNAJB8	0	0	0
DNAJB8-AS1	0	0	0
GATA2	1917	17	1901
GATA2-AS1	468	0	469
LOC90246	8	0	8
LINC01565	0	0	0
LOC124909430	1	0	1
RPN1	7963	2	7961
LOC124900558	0	0	0
RAB7A	3546	1	3545
MIR12124	0	0	0
IFT122P3	34	7	27
ACAD9-DT	27	3	24
ACAD9	1256	0	1659
CFAP92	10	413	0
EFCC1	0	0	0
GP9	0	0	0
LOC124906368	0	0	0
RAB43	12	1	11
ISY1-RAB43	0	0	0
ISY1	84	0	84
CNBP	4980	4	4976
LOC105374101	13	0	13
LOC105374102	2	0	2
COPG1	5119	2	5117
MIR6826	0	0	0
HMCES	1335	2	1333
H1-10	4362	97	4448
H1-10-AS1	63	170	76
RPL32P3	106	0	106
SNORA7B	1	0	1
EFCAB12	0	0	0
MBD4	636	0	636
IFT122	536	0	536
RHO	0	0	0
H1-8	0	0	0
PLXND1	4534	5	4529
LOC124909431	0	0	0
TMCC1	275	0	275
TMCC1-DT	44	0	44
TRH	0	0	0
ALG1L2	0	0	0
LINC02014	0	0	0
FAM86HP	16	0	16
LINC02021	0	0	0
LOC124909432	0	0	0
LOC107986131	0	0	0
LOC107986133	0	0	0
LOC124906285	0	0	0
LOC124906287	0	0	0
LOC124909433	0	0	0
COL6A4P2	0	0	0
LOC105374106	0	0	0
COL6A5	0	0	0
COL6A6	1	1	0
PIK3R4	730	0	730
LOC107986023	0	1	0
LOC105374107	0	0	0
LOC105374108	0	0	0
ATP2C1	1387	21	1490
ASTE1	86	110	99
NEK11	16	0	16
LOC124909434	0	0	0
NUDT16-DT	0	0	0
NUDT16L2P	0	0	0
NUDT16	205	1	204
LOC107986025	0	0	0
LOC105374110	0	0	0
MRPL3	1518	2	1660
SNORA58	1	0	1
LOC105374114	2	145	1
CPNE4	0	0	0
LOC105374113	0	0	0
MIR5704	0	0	0
LOC124906288	0	0	0
LOC105374111	0	0	0
TRC-GCA6-1	0	0	0
TRC-GCA9-1	0	0	0
ACP3	1	0	1
LOC124909435	0	0	0
DNAJC13	711	0	711
LOC124909436	1	0	1
NPHP3-ACAD11	0	0	0
ACAD11	0	0	4
ACKR4	1	0	1
UBA5	570	13	569
NPHP3	15	0	15
NPHP3-AS1	0	5	0
LOC105374115	0	0	0
TMEM108	0	0	0
TMEM108-AS1	0	0	0
LOC101927432	0	0	0
BFSP2	0	0	0
BFSP2-AS1	0	0	0
CDV3	1822	2	1820
LOC124909437	0	0	0
TOPBP1	674	1	689
LOC124909487	1	16	0
TF	1	0	1
SRPRB	1022	0	1061
LOC105374116	0	0	0
RAB6B	2	41	0
C3orf36	0	0	0
SLCO2A1	1	0	1
LINC02000	0	0	0
LOC105374117	25	0	25
RYK	733	12	721
LINC02004	1	0	1
LOC105374118	7	0	7
AMOTL2	1709	0	1709
MIR6827	0	0	0
MIR4788	0	0	0
ANAPC13	332	3	383
CEP63	162	51	165
KY	0	0	0
EPHB1	0	0	0
LOC105374121	0	0	0
LOC102724019	0	0	0
LOC105374122	0	0	0
LOC105374123	0	0	0
LOC105374124	0	0	0
PPP2R3A	108	1	107
MSL2	383	2	381
PCCB	1166	0	1166
STAG1	397	24	373
STAG1-DT	0	0	0
SLC35G2	59	8	51
NCK1-DT	81	0	84
NCK1	349	8	642
IL20RB-AS1	4	702	0
IL20RB	1209	0	1606
LOC105374126	0	0	0
SOX14	0	0	0
LINC01210	0	0	0
CLDN18	12	15	0
LOC105374127	27	0	30
LOC105374128	0	0	0
DZIP1L	173	1	172
A4GNT	0	0	0
DBR1	495	0	495
ARMC8	365	0	414
NME9	6	55	0
LOC124909438	0	0	0
MRAS	598	1	597
ESYT3	75	0	75
CEP70	162	0	162
FAIM	230	2	228
PIK3CB	576	1	575
LOC124906289	4	1	3
LINC01391	20	0	20
FOXL2	558	0	558
FOXL2NB	134	0	134
PRR23A	0	0	0
PRR23B	0	0	0
PRR23C	0	0	0
BPESC1	0	0	0
PISRT1	0	0	0
LOC124906290	0	0	0
LOC124909439	0	0	0
MRPS22	570	59	513
COPB2	2431	12	2421
COPB2-DT	9	0	10
RBP2	0	0	0
RBP1	0	0	0
NMNAT3	1	2	0
CLSTN2	0	0	0
LOC124909440	0	0	0
LOC124900599	0	0	0
LOC105374132	0	0	0
CLSTN2-AS1	0	0	0
LOC102724068	0	0	0
TRIM42	0	0	0
SLC25A36	1102	0	1102
SPSB4	0	0	0
PXYLP1	201	0	201
LOC124909441	0	0	0
ZBTB38	467	0	472
LOC124906291	0	5	0
RASA2	174	0	174
RASA2-IT1	0	0	0
LRRC78P	0	0	0
RNF7	694	2	692
GRK7	7	0	7
LOC105374134	0	0	0
ATP1B3	3728	2	3726
LOC124909442	0	0	0
TFDP2	784	0	784
GK5	385	0	385
XRN1	320	0	320
ATR	405	1	404
PLS1-AS1	0	3	0
PLS1	98	0	101
TRPC1	5	1	4
PCOLCE2	975	0	975
LOC124909443	2	0	2
HLMR1	0	0	0
PAQR9	0	0	0
PAQR9-AS1	0	7	0
LOC100289361	5	0	13
U2SURP	1633	3	1631
LOC105374138	0	0	0
CHST2	0	0	0
LOC105374137	0	0	0
SLC9A9	0	0	0
SLC9A9-AS1	0	0	0
LOC124906294	0	0	0
LOC102724120	0	0	0
DIPK2A	301	5	296
LOC105374140	3	0	3
LOC124909444	0	0	0
LOC105374141	0	0	0
LOC105374142	0	0	0
LOC105374143	0	0	0
LOC105374144	0	0	0
LOC107986138	0	0	0
LNCSRLR	3	0	3
PLOD2	2765	0	2765
LOC105374145	2	0	2
PLSCR4	177	0	177
PLSCR2	0	0	0
PLSCR1	701	0	701
PLSCR5	0	0	0
PLSCR5-AS1	0	0	0
LINC02010	0	0	0
LOC112268449	0	0	0
LOC124909494	0	0	0
ZIC4	0	0	0
ZIC4-AS1	0	0	0
ZIC1	0	0	0
LOC440982	0	0	0
LOC124909495	0	0	0
LOC102724145	0	0	0
LOC124909496	0	0	0
LOC124906206	0	0	0
LINC02032	0	0	0
LINC02045	0	0	0
LINC02046	0	0	0
LOC105374148	0	0	0
LOC105374147	0	0	0
LOC105374150	0	0	0
AGTR1	0	0	0
CPB1	0	0	0
CPA3	0	0	0
LOC107986045	0	0	0
GYG1	571	348	574
HLTF	341	3	710
HLTF-AS1	0	21	0
HPS3	554	15	790
CP	44	240	55
LOC101927942	0	0	0
TM4SF18-AS1	2	0	2
TM4SF18	1	0	1
TM4SF1	7201	1	7202
TM4SF1-AS1	19	3	18
LOC105374151	1	0	1
TM4SF4	8	0	8
WWTR1	1434	18	1421
WWTR1-IT1	9	0	9
WWTR1-AS1	16	0	21
COMMD2	520	0	520
ANKUB1	0	0	0
RNF13	359	0	359
PFN2	8	3	5
LOC646903	6	0	6
LOC124909445	0	0	0
LOC105374153	0	0	0
LINC01998	0	0	0
LOC105374313	0	0	0
LINC01213	0	0	0
LINC01214	0	0	0
LOC105374154	0	0	0
LOC107986141	4	0	4
LOC107986142	0	0	0
TSC22D2	372	5	367
SERP1	1973	0	1976
EIF2A	987	8	1149
LOC124900547	27	183	11
SELENOT	974	0	974
ERICH6	0	0	0
ERICH6-AS1	1	0	1
LOC101928105	0	0	0
SIAH2	500	4	498
SIAH2-AS1	7	1	8
LOC124909447	0	0	0
MINDY4B	1	1	0
LOC124909446	2	0	2
CLRN1	0	0	0
CLRN1-AS1	0	0	0
LOC124909448	0	0	0
MED12L	1	0	4
GPR171	0	0	0
P2RY14	0	0	0
GPR87	24	0	24
P2RY13	0	0	0
P2RY12	0	0	0
IGSF10	1	4	0
LINC02066	0	0	0
MIR5186	0	0	0
LOC105374157	0	0	0
AADACL2	0	0	0
AADACL2-AS1	0	0	0
AADACP1	0	0	0
AADAC	0	0	0
SUCNR1	0	0	0
LOC105374159	0	0	0
LOC107986047	0	0	0
LINC02917	0	0	0
LOC101928166	0	0	0
MBNL1	630	14	645
MBNL1-AS1	71	16	84
TMEM14EP	0	0	0
LOC105374163	0	0	0
LOC102724289	0	0	0
LOC124909449	0	0	0
P2RY1	0	0	0
LOC124909450	0	0	0
LOC124909451	3	0	3
RAP2B	483	0	483
LOC105374164	0	0	0
LINC03109	0	0	0
LINC02006	0	0	0
LINC02083	0	0	0
LINC02877	0	0	0
LOC124900552	0	0	0
ARHGEF26-AS1	0	0	0
ARHGEF26	0	0	0
LOC105374167	0	0	0
DHX36	349	0	349
LOC124906350	0	0	0
GPR149	0	0	0
LOC105374170	0	0	0
LOC105374171	0	0	0
MME	352	0	352
LINC01487	0	0	0
STRIT1	0	0	0
LOC105374172	0	0	0
PLCH1-AS1	0	0	0
PLCH1	0	0	0
PLCH1-AS2	0	0	0
LOC124906297	0	0	0
C3orf33	84	0	84
SLC33A1	375	0	375
LOC105374174	5	0	5
GMPS	2053	0	2053
KCNAB1	10	10	0
KCNAB1-AS2	0	0	0
KCNAB1-AS1	0	0	0
LOC124906298	0	0	0
SSR3	2204	1	2203
TIPARP-AS1	5	39	5
TIPARP	578	1	616
LINC00886	44	0	44
PA2G4P4	14	0	14
LEKR1	13	1	12
LINC00880	0	1	3
LINC02029	0	3	1
LINC00881	0	0	0
CCNL1	933	11	922
LOC101928236	16	5	16
LOC105374179	5	0	5
VEPH1	49	0	54
PTX3	3	0	3
SLC66A1LP	1	0	1
SHOX2	22	0	22
RSRC1	224	7	228
UC.134	2	0	2
MLF1-DT	0	11	0
MLF1	0	0	0
GFM1	878	11	874
LXN	1291	6	1292
RARRES1	0	0	0
LOC100287290	3	0	3
MFSD1	981	3	978
LOC105374181	0	0	0
LOC124909452	0	0	0
IQCJ-SCHIP1	0	0	0
IQCJ	0	0	0
SCHIP1	1	0	1
MIR3919	0	0	0
IQCJ-SCHIP1-AS1	0	0	0
LOC101928351	0	0	0
LOC124906299	0	0	0
IL12A-AS1	0	0	0
IL12A	0	0	0
LINC01100	0	0	0
LOC124906252	0	0	0
C3orf80	0	0	0
TRIM59-IFT80	1	0	1
IFT80	0	0	0
SMC4	1266	1	1265
MIR15B	0	0	0
MIR16-2	0	0	0
TRIM59	1	1	0
KPNA4	741	0	741
SCARNA7	0	0	0
ARL14	2	0	2
LOC124900554	0	0	0
PPM1L-DT	3	0	3
PPM1L	414	1	413
B3GALNT1	0	0	0
LOC124909453	0	0	0
LOC124906300	0	0	0
LOC105374186	0	0	0
NMD3	776	1	775
LOC105374187	14	0	14
LOC112268450	9	0	9
SPTSSB	0	0	0
LOC107986150	0	0	0
LINC02067	54	54	0
OTOL1	0	0	0
LOC107986048	0	0	0
LOC107986049	2	0	2
LINC01192	0	0	0
LOC124906371	0	0	0
LOC105374188	0	0	0
LOC102724419	0	0	0
MIR1263	0	0	0
LOC105374189	0	0	0
LOC105374190	0	0	0
LOC105374191	0	0	0
LOC107986151	0	0	0
LINC01323	0	0	0
LINC01324	0	0	0
LOC107986050	0	0	0
SI	0	0	0
LOC105374192	0	0	0
LINC02023	0	0	0
SLITRK3	0	0	0
LINC01322	0	0	0
BCHE	1	0	1
LOC124909497	0	0	0
LOC124909498	0	0	0
LOC105374194	0	0	0
LOC105374193	0	0	0
LOC105374196	0	0	0
ZBBX	0	0	0
LINC01327	0	0	0
SERPINI2	0	0	0
LOC105374197	0	0	0
WDR49	0	0	0
PDCD10	586	0	586
SERPINI1	151	0	151
LRRC77P	0	0	0
GOLIM4	644	0	644
EGFEM1P	0	0	0
MIR551B	0	0	0
LOC105374200	0	0	0
LINC02082	0	0	0
LINC01997	0	0	0
LOC107986051	0	0	0
MECOM	93	3	90
LOC124909454	0	0	0
LOC105374206	0	0	0
MECOM-AS1	0	0	0
LOC124906301	0	0	0
TERC	2	0	2
ACTRT3	36	2	34
TRV-AAC1-1	0	0	0
MYNN	195	0	195
LRRC34	6	6	0
LRRIQ4	0	0	0
LRRC31	0	0	0
SAMD7	0	0	0
FHL1P1	0	2	0
SEC62	692	0	694
GPR160	15	4	15
LOC124909455	0	0	0
LOC124909456	1	0	5
PHC3	395	1	407
LOC105374209	0	13	0
PRKCI	790	0	790
SKIL	392	0	392
CLDN11	5	0	5
MIR6828	0	0	0
SLC7A14	0	0	0
SLC7A14-AS1	0	0	0
LOC124906302	0	0	0
LOC105374211	0	0	0
RPL22L1	904	2	902
EIF5A2	61	0	61
SLC2A2	0	0	0
TNIK	21	0	24
LOC105374216	0	3	0
MIR569	0	0	0
LOC124906303	1	0	1
LOC102724479	2	0	2
PLD1	390	0	390
LOC124906352	0	0	0
TMEM212	0	0	0
TMEM212-AS1	0	0	0
LOC105374218	0	0	0
LOC105374217	0	0	0
FNDC3B	1268	0	1268
LOC124906304	1	0	1
GHSR	0	0	0
TNFSF10	51	0	51
LINC02068	0	0	0
NCEH1	578	0	578
LOC124909457	0	0	0
ECT2	1056	0	1056
LOC124900555	0	0	0
LOC107986052	1	0	1
SPATA16	0	0	0
LOC105374221	0	0	0
LOC124906369	0	0	0
LOC105374220	0	0	0
LOC105374224	0	0	0
LOC124909458	0	0	0
NLGN1	0	0	0
LOC105374225	0	0	0
NLGN1-AS1	0	0	0
LOC105374226	0	0	0
NAALADL2	3	1	2
LOC107986027	0	0	0
LOC124906305	0	0	0
NAALADL2-AS3	0	0	0
NAALADL2-AS2	0	0	0
MIR4789	0	0	0
LOC124906366	0	0	0
NAALADL2-AS1	0	0	0
LOC124909459	0	0	0
LOC124909460	0	0	0
MIR7977	0	0	0
LOC105374230	0	0	0
LINC01208	0	0	0
LINC01209	0	0	0
TBL1XR1	1068	0	1127
TBL1XR1-AS1	0	59	0
LOC107986053	0	0	0
LINC00501	0	0	0
LINC00578	1	0	1
LOC124906306	0	0	0
LOC124900562	0	0	0
LINC02015	1	0	1
LOC107986154	0	0	0
LOC105374234	0	0	0
LOC105374235	0	0	0
LINC01014	2	0	2
KCNMB2-AS1	4	0	4
KCNMB2	3	3	0
LOC124909461	4	0	4
LOC124906307	28	0	28
ZMAT3	1018	1	1017
PIK3CA-DT	0	0	0
PIK3CA	229	0	234
LOC124900560	0	0	0
KCNMB3	3	5	3
ZNF639	440	0	440
MFN1	463	5	458
GNB4	1305	3	1302
ACTL6A	890	8	1172
LOC124909462	0	258	0
MRPL47	420	28	424
NDUFB5	1158	0	1158
LOC124906348	0	0	0
USP13	498	0	498
LOC124909464	1	0	1
PEX5L	3	4	0
PEX5L-AS2	0	0	0
LOC124909463	0	0	0
LOC124909465	0	0	0
LINC02053	0	0	0
TTC14-DT	0	0	0
LOC124900551	0	0	0
TTC14	268	0	269
CCDC39	27	28	0
CCDC39-AS1	0	0	0
LOC101928882	0	0	0
LOC105374240	0	0	0
LOC124909466	0	0	0
FXR1	1385	4	1381
DNAJC19	291	6	285
SOX2-OT	0	0	0
LOC102724604	0	0	0
SOX2	0	0	0
LINC01206	0	0	0
LOC105374242	0	0	0
LOC105374243	0	0	0
LINC01994	0	0	0
LINC01995	0	0	0
LINC02031	0	0	0
LOC107986054	0	0	0
ATP11B-DT	0	0	0
ATP11B	336	0	336
DCUN1D1	396	0	396
LOC105374246	0	0	0
MCCC1	336	0	336
LOC124906309	10	0	10
LOC105374247	0	0	0
LAMP3	0	0	0
MCF2L2	15	100	12
LOC124906310	0	0	0
B3GNT5	296	2	391
LOC107986160	32	0	32
SNHG33	37	0	37
SNORA63D	0	0	0
LOC124900564	0	0	0
SNORA63E	0	0	0
KLHL6	0	0	0
KLHL6-AS1	0	0	0
LOC105374248	0	0	0
LOC107986162	1	8	1
KLHL24	248	1	255
YEATS2	775	3	850
YEATS2-AS1	5	83	0
MAP6D1	29	0	29
PARL	679	0	679
MIR4448	0	0	0
ABCC5	1253	0	1253
ABCC5-AS1	0	0	0
LOC124909468	0	0	0
HTR3D	0	0	0
HTR3C	0	0	0
HTR3E-AS1	0	5	0
HTR3E	6	0	11
EIF2B5-DT	11	26	7
EIF2B5	996	2	1016
DVL3	2041	2	2039
AP2M1	9242	6	9236
ABCF3	1562	0	1562
VWA5B2	12	10	2
MIR1224	0	0	0
ALG3	3243	6	3237
EEF1AKMT4-ECE2	0	0	0
EEF1AKMT4	81	0	81
CAMK2N2	400	14	386
ECE2	0	0	0
PSMD2	6212	5	6207
EIF4G1	12437	7	12431
SNORD66	0	0	0
FAM131A	236	1	236
CLCN2	238	4	237
LOC124906311	0	0	0
POLR2H	1111	14	1098
THPO	36	3	33
CHRD	185	0	185
LINC02054	0	0	0
LINC01839	0	0	0
LINC01840	0	0	0
LOC124909469	0	0	0
EPHB3	5	0	5
MAGEF1	698	0	698
LOC107986163	6	0	6
LINC02069	0	0	0
LOC105374253	0	0	0
VPS8	344	0	344
C3orf70	0	0	0
EHHADH-AS1	0	0	0
EHHADH	9	0	9
MIR5588	0	0	0
LOC124900548	0	0	0
MAP3K13	134	19	122
LOC124906361	0	0	0
LOC124906312	2	0	2
LOC101929018	13	0	18
TMEM41A	335	0	337
TMEM41A-DT	13	0	13
LIPH	104	1	103
SENP2	743	0	743
IGF2BP2	231	0	231
IGF2BP2-AS1	0	0	0
LOC124906313	0	0	0
MIR548AQ	0	0	0
TRA2B	1907	4	1903
NMRAL2P	6	0	6
ETV5	591	0	593
LOC124909470	1	0	1
ETV5-AS1	0	2	0
LOC105374257	0	0	0
DGKG	0	0	0
LINC02020	0	0	0
LINC02052	0	0	0
LINC02051	0	0	0
CRYGS	12	0	12
TBCCD1	161	1	161
DNAJB11	1712	0	1713
AHSG	0	0	0
FETUB	0	0	0
HRG-AS1	0	0	0
HRG	0	0	0
KNG1	0	0	0
EIF4A2	2727	4	2723
SNORD2	1	0	1
SNORA63B	0	0	0
MIR1248	0	0	0
SNORA81	2	0	2
SNORA63	2	0	2
SNORA4	1	0	1
RFC4	891	0	891
LINC02043	39	0	39
ADIPOQ	0	0	0
ADIPOQ-AS1	0	0	0
ST6GAL1	562	14	555
LOC124906314	0	0	0
RPL39L	292	0	299
LOC101929106	0	1	0
RTP1	0	0	1
MASP1	0	0	0
LOC105374260	0	0	0
LOC101929130	0	0	0
RTP4	0	0	0
LOC124905594	0	0	0
LINC02041	0	0	0
LOC124909471	0	0	0
LOC105374262	0	0	0
SST	0	0	0
RTP2	0	0	0
LOC100131635	1	1	0
BCL6	1359	1	1405
BCL6-AS1	1	47	1
LOC105374263	0	0	0
LOC105374264	0	0	0
LOC124906315	0	0	0
LOC105374265	0	0	0
LINC01991	0	0	0
LOC107986166	0	0	0
LPP-AS2	18	4	33
LPP	549	15	553
FLJ42393	0	0	0
LPP-AS1	0	0	0
LOC124906316	0	0	0
MIR28	0	0	0
TPRG1-AS1	4	0	4
TPRG1	0	0	0
LOC107986167	0	0	0
TPRG1-AS2	0	0	0
LOC105374270	0	0	0
TP63	6	0	6
MIR944	0	0	0
P3H2	1359	3	1359
P3H2-AS1	5	1	7
CLDN16	1	0	1
CLDN1	3	0	3
TMEM207	0	0	0
IL1RAP	688	0	688
LINC02013	0	0	0
GMNC	0	0	0
SNAR-I	0	0	0
LOC107986171	0	0	0
OSTN	0	0	0
OSTN-AS1	0	0	0
UTS2B	1	1	0
CCDC50	909	1	908
PYDC2-AS1	0	0	0
PYDC2	0	0	0
LOC124909472	0	0	0
LOC105374275	0	0	0
LOC124909473	0	0	0
LOC105374276	0	0	0
LOC105374277	0	0	0
LOC124906318	0	0	0
FGF12	0	0	0
LOC124906320	0	0	0
FGF12-AS1	0	0	0
FGF12-AS2	0	0	0
FGF12-AS3	0	0	0
LOC124906347	0	0	0
LOC124906319	0	0	0
LOC107986056	0	0	0
MB21D2	223	1	222
LOC105374280	0	0	0
PLAAT1	0	0	0
MGC2889	0	0	0
ATP13A5	0	0	0
ATP13A5-AS1	0	0	0
ATP13A4	0	0	0
ATP13A4-AS1	0	0	0
OPA1	515	0	545
OPA1-AS1	2	32	0
LOC102724808	0	0	0
LOC105374282	0	0	0
LOC105374283	0	0	0
LOC105374284	0	0	0
LINC02038	0	0	0
LOC105374286	0	0	0
LOC105374287	0	0	0
LINC02026	7	0	7
DPPA2P3	0	0	0
LINC02028	1	0	1
LOC102724877	5	0	5
HES1	571	3	568
LOC107986172	0	0	0
LINC02036	0	0	0
LINC02037	0	0	0
LINC02048	10	2	8
LINC00887	116	0	116
CPN2	2	2	0
LRRC15	6	0	6
GP5	0	0	0
ATP13A3	1262	3	1259
ATP13A3-DT	1	0	1
TMEM44-AS1	105	34	81
TMEM44	195	21	269
LOC105374291	3	53	1
TMEM44-AS2	17	161	16
LSG1	596	6	720
LOC124909474	0	74	0
FAM43A	101	0	175
LOC105374292	0	0	0
LINC01968	0	0	0
LINC01972	0	0	0
LOC107986173	3	3	0
LOC105374294	0	0	0
LOC105374295	0	0	0
XXYLT1	768	2	766
XXYLT1-AS1	0	0	0
LOC124909476	1	1	0
MIR3137	0	0	0
XXYLT1-AS2	0	0	0
LOC105374296	1	0	1
LOC124909475	1	1	0
ACAP2	503	2	501
PPP1R2	1125	0	1125
APOD	1	1	0
LOC105374297	0	0	0
SDHAP2	0	0	0
MIR570HG	1	0	1
LOC124909477	1	0	1
MIR570	0	0	0
MUC20	0	0	0
MUC4	0	0	0
LOC124905352	0	0	0
LINC01983	1	0	1
LOC107984010	8	0	8
TNK2	780	0	807
MIR6829	0	0	0
TNK2-AS1	11	37	1
LOC124906253	115	1	117
LOC124906254	9	12	0
SDHAP1	200	1	199
LOC124909478	0	0	0
TFRC	4871	1	4870
LINC00885	0	0	0
ZDHHC19	1	0	1
LOC124909479	0	4	0
LOC105374304	3	0	7
SLC51A	6	6	0
PCYT1A	724	0	724
DYNLT2B	11	0	13
TM4SF19-DYNLT2B	0	0	0
LOC107986031	4	0	4
TM4SF19-AS1	2	38	2
TM4SF19	0	0	6
UBXN7	619	2	625
UBXN7-AS1	2	6	4
RNF168	301	0	301
LOC105374306	11	0	11
LOC105374307	0	0	0
SMCO1	0	0	0
WDR53	218	0	218
FBXO45	394	0	394
LINC01063	3	0	3
NRROS	4	0	4
CEP19	35	0	35
PIGX	349	0	349
PAK2	1574	2	1572
SENP5	493	0	493
NCBP2	935	13	1044
NCBP2-AS1	4	126	0
NCBP2AS2	556	1	555
PIGZ	25	0	26
LOC124906255	11	2	10
MELTF	522	13	641
MELTF-AS1	14	129	17
DLG1	527	1	530
MIR4797	0	0	0
DLG1-AS1	1	4	1
LOC101926923	0	0	0
LOC105374308	0	0	0
LOC105374309	0	0	0
LINC02012	0	0	0
BDH1	0	0	0
SDHAP4	236	0	236
LOC112268458	26	0	26
LOC124909481	12	0	12
LOC124906331	6	2	4
RUBCN	260	0	265
MIR922	0	0	0
FYTTD1	689	6	688
LRCH3	405	2	492
LOC124909482	0	44	0
LOC105374310	0	45	0
DRC9	56	1	55
LOC124906330	25	24	1
RPL35A	3300	0	3300
LMLN	98	1	110
LMLN-AS1	0	13	0
ANKRD18DP	0	0	0
FAM157A	0	0	0
LOC124905354	0	0	0
LOC105379426	3	2	3
LOC101928669	25	10	17
LOC124905316	3	1	2
ZNF595	7	0	7
LOC124900641	0	0	0
ZNF718	0	0	0
ZNF876P	0	0	0
LOC124900642	0	0	0
ZNF732	0	0	0
LOC105374336	0	0	0
ZNF141	1	1	0
MIR571	0	0	0
ABCA11P	11	0	11
ZNF721	25	0	25
PIGG	790	0	790
TMEM271	0	0	0
LOC105374338	0	0	0
LOC124900162	0	0	0
PDE6B	0	0	0
PDE6B-AS1	0	0	0
ATP5ME	201	5	207
MYL5	206	186	90
SLC49A3	105	25	167
LOC124900643	1	26	4
PCGF3	370	31	429
LOC124900172	0	0	0
PCGF3-AS2	0	0	0
LOC107986246	8	3	5
LOC124900644	0	0	0
LOC124900163	17	13	4
PCGF3-AS1	17	3	14
CPLX1	122	1	121
LOC105374339	2	2	0
LOC105374340	1	0	1
GAK	1575	0	1575
LOC105374341	0	0	0
TMEM175	265	0	265
DGKQ	276	0	283
LOC124900645	0	7	0
SLC26A1	34	44	21
IDUA	138	5	164
LOC124900646	1	0	1
FGFRL1	1296	4	1292
LOC105374343	0	0	0
RNF212	368	2	375
LOC124900647	15	13	24
LOC105374344	0	0	0
TMED11P	1	1	0
LOC124900184	0	0	0
LOC124900837	0	0	0
SPON2	16	3	13
LOC100130872	0	12	10
LOC124900164	0	0	0
CTBP1-AS	24	840	0
CTBP1	816	70	1616
CTBP1-DT	137	0	191
LOC105374347	0	0	0
LOC105374346	0	0	0
MAEA	1059	1	1058
UVSSA	186	9	177
NKX1-1	0	0	0
LOC105374348	0	0	0
FAM53A	20	0	20
LOC105374349	0	0	0
SLBP	1166	2	1164
TMEM129	403	5	504
TACC3	1281	103	1644
LOC112268460	0	359	1
LOC124900648	3	0	3
FGFR3	429	0	429
LETM1	1175	0	1175
NSD2	1514	0	1514
SCARNA22	0	0	0
NELFA	502	1	501
MIR943	1	0	1
LOC124900839	2	0	3
NICOL1	380	2	379
NAT8L	674	1	673
POLN	32	0	32
HAUS3	144	0	144
MXD4	1037	0	1037
MIR4800	0	0	0
ZFYVE28	180	0	203
LOC124900649	5	32	0
LOC105374352	7	0	10
LOC107986249	1	0	1
CFAP99	2	1	1
LOC105374353	2	2	0
LOC107986250	16	0	16
RNF4	1621	0	1621
FAM193A	478	3	475
TNIP2	539	8	531
LOC102723763	0	0	0
SH3BP2	947	1	946
ADD1	1408	0	1408
SLC75A1	1115	3	1112
NOP14-AS1	69	262	80
NOP14	777	29	1021
GRK4	39	0	39
HTT-AS	0	0	0
HTT	1340	0	1340
MSANTD1	0	0	0
RGS12	104	1	103
HGFAC	0	0	0
DOK7	0	0	0
LOC105374355	0	0	0
LRPAP1	2255	8	2247
LOC124900650	0	0	0
LINC00955	0	0	0
LOC112268461	0	0	0
LOC105374357	0	0	0
LINC02171	0	0	0
ADRA2C	0	0	0
LOC124900651	0	0	0
LOC124900652	1	0	1
FAM86EP	98	0	98
LOC105374358	0	0	0
LOC105374359	0	0	0
LOC101928217	0	0	0
LOC107986252	0	0	0
OTOP1	0	0	0
TMEM128	145	0	145
LYAR	268	0	268
ZBTB49	40	0	40
LOC112268462	0	0	0
NSG1	1	3	0
STX18	385	3	387
STX18-IT1	0	0	0
LOC107986254	1	0	1
LOC124900165	4	0	4
STX18-AS1	4	0	4
LINC03091	1	2	0
SNORD162	0	0	0
LOC101928279	1	0	1
LINC01396	1	0	1
MSX1	366	0	366
LOC101928306	0	0	0
LOC107986218	0	0	0
CYTL1	0	0	0
STK32B	0	0	0
LOC107986256	0	0	0
LINC01587	1	0	1
EVC2	0	0	0
LOC124900166	0	0	0
EVC	351	1	414
CRMP1	1	65	0
C4orf50	0	0	0
MIR378D1	0	0	0
JAKMIP1	0	0	0
LOC128125818	0	0	0
JAKMIP1-DT	0	0	0
WFS1	909	3	906
PPP2R2C	0	0	0
LOC105374365	3	3	0
MAN2B2	728	1	727
LOC124900653	3	0	3
MRFAP1	3431	6	3425
LINC02482	0	0	0
MRFAP1L2	172	0	172
LINC02481	11	2	9
S100P	1335	0	1335
MRFAP1L1	347	0	347
LOC105378240	1	0	1
BLOC1S4	475	0	475
LOC105374367	6	0	6
KIAA0232	350	0	350
TBC1D14	175	0	631
LOC100129931	3	459	0
CFAP184	16	0	16
TADA2B	293	2	291
GRPEL1	632	0	632
LOC105374368	1	1	0
LOC105374370	0	0	0
LINC02447	0	0	0
SORCS2	751	14	737
LOC105374371	0	0	0
MIR4798	0	0	0
PSAPL1	0	0	0
MIR4274	0	0	0
LOC124900655	0	0	0
LOC124900654	2	0	2
AFAP1-AS1	9	518	0
AFAP1	4018	1	4612
LOC124900656	1	0	1
LOC389199	0	86	0
ABLIM2	276	2	274
LOC124900657	55	0	55
MIR95	0	0	0
SH3TC1	692	0	692
LOC105374373	0	0	0
HTRA3	0	0	0
LINC02517	0	0	0
LOC124900658	0	0	0
ACOX3	204	0	204
TRMT44	232	0	232
GPR78	0	0	0
CPZ	0	0	1
LOC124900659	0	1	0
LOC101928532	0	0	0
HMX1	0	0	0
LOC105369250	0	0	0
LOC124900663	0	0	0
FAM90A26	0	0	0
LOC124900661	0	0	0
USP17L10	0	0	0
USP17L11	0	0	0
USP17L12	0	0	0
USP17L13	0	0	0
USP17L15	0	0	0
USP17L17	0	0	0
USP17L18	0	0	0
USP17L19	0	0	0
USP17L20	0	0	0
USP17L21	0	0	0
USP17L22	0	0	0
USP17L24	0	0	0
USP17L25	0	0	0
USP17L26	0	0	0
USP17L5	0	0	0
USP17L27	0	0	0
USP17L28	0	0	0
USP17L29	0	0	0
USP17L9P	0	0	0
USP17L30	0	0	0
USP17L6P	0	0	0
DEFB131A	0	0	0
LOC124900662	0	0	0
MIR548I2	0	0	0
LOC124900660	0	0	0
SLC2A9	0	0	0
DRD5	0	0	0
SLC2A9-AS1	0	0	0
LOC124900664	0	0	0
LOC124900665	0	0	0
WDR1	2466	6	2460
MIR3138	1	0	1
LOC124900666	0	0	0
LOC124900667	0	0	0
LOC107986260	0	0	0
ZNF518B	0	0	0
CLNK	0	0	0
LOC105374482	0	0	0
LOC105374481	0	0	0
LOC105374480	0	0	0
LINC02498	0	0	0
LOC105374479	0	0	0
LOC105374488	0	0	0
MIR572	0	0	0
HS3ST1	0	0	0
LOC107986178	0	0	0
LINC02360	0	0	0
MIR12113	0	0	0
LOC105374489	0	0	0
LOC107986179	0	0	0
LINC02270	0	0	0
LOC105374492	0	0	0
LOC105374490	0	0	0
LOC107986181	0	0	0
LOC105374493	0	0	0
LOC124900668	1	0	1
RAB28	177	0	177
LOC105374495	0	0	0
LOC124900669	0	0	0
LINC01097	0	0	0
NKX3-2	0	0	0
LINC01096	0	0	0
BOD1L1	409	0	409
MIR5091	0	0	0
LINC01182	1	0	1
LOC101929048	0	0	0
LOC107986182	3	0	3
LINC01085	1	0	1
LOC124900670	0	0	0
LINC00504	1	0	1
LOC105374496	0	0	0
CPEB2-DT	0	0	0
LOC105374498	0	0	0
CPEB2	130	0	130
C1QTNF7-AS1	0	0	0
LOC124900673	0	0	0
C1QTNF7	0	0	0
LOC107986185	0	0	0
CC2D2A	105	1	107
LOC124900672	0	3	0
LOC124900671	0	0	0
FBXL5	564	0	564
FAM200B	141	0	141
BST1	7	0	7
LOC107986186	0	0	0
CD38	1	0	1
FGFBP1	24	0	24
FGFBP2	0	0	0
PROM1	3	0	3
LOC124900884	0	0	0
LOC107986261	0	0	0
LOC105374502	0	0	0
TAPT1	126	1	125
LOC107986187	0	0	0
TAPT1-AS1	3	1	2
LOC124900674	2	0	2
LOC105374505	0	0	0
LOC124900675	0	0	0
LDB2	0	0	0
LOC124900604	0	0	0
LOC107986188	0	0	0
LOC105374507	0	0	0
LINC02493	0	0	0
LOC107986219	0	0	0
SNORA75B	0	0	0
LOC124900676	0	0	0
QDPR	247	0	247
CLRN2	0	0	0
LOC124900895	0	0	0
LAP3	783	1	782
MED28-DT	2	0	2
MED28	470	0	565
FAM184B	3	98	0
DCAF16	294	0	294
NCAPG	480	29	574
LCORL	129	108	144
LOC107986220	0	0	0
LOC107986262	0	0	0
LOC105374510	0	0	0
LOC107986263	2	0	2
LINC02438	7	0	8
LOC105374511	7	1	7
LOC105374513	0	0	0
LOC105374514	0	0	0
SLIT2	0	0	0
SLIT2-IT1	0	0	0
MIR218-1	0	0	0
LOC105374515	0	0	0
PACRGL	89	0	108
KCNIP4	3	22	0
MIR7978	0	0	0
LOC124900677	0	0	0
LOC105374516	0	0	0
KCNIP4-IT1	0	0	0
LOC100505912	3	0	3
LOC124900906	0	0	0
LOC124900841	10	0	10
ADGRA3	536	0	536
MIR12115	0	0	0
GBA3	0	0	0
LOC105374521	0	0	0
LOC105374524	0	0	0
LOC105374523	0	0	0
LOC105374528	2	2	0
LOC124900680	0	0	0
PPARGC1A-AS1	0	0	0
PPARGC1A	276	0	276
LOC124900679	0	0	0
LOC124900678	0	0	0
LOC124900681	0	0	0
MIR573	2	0	2
DHX15	1818	0	1818
LOC124900682	0	0	0
LINC02473	5	0	5
LOC124900683	0	0	0
SOD3	0	0	0
CCDC149	0	0	0
LOC102723675	0	0	0
LGI2	0	0	0
LOC124900684	0	0	0
LOC105374534	0	0	0
SEPSECS	93	0	93
SEPSECS-DT	0	0	1
LOC105374535	9	4	6
PI4K2B	310	0	310
LOC124900685	0	0	0
ZCCHC4	158	0	158
LOC124900686	0	0	0
ANAPC4	189	0	189
LOC105374536	0	0	0
LOC101929161	0	0	0
LOC124900687	0	0	0
SLC34A2	0	0	0
SEL1L3	936	0	936
LOC102723733	0	0	0
LOC124900688	0	0	0
LOC105374538	1	0	1
SMIM20	118	0	118
LOC124900689	0	0	0
LINC02357	0	0	0
RBPJ	397	5	392
LOC105374541	0	0	0
LOC105374545	0	0	0
LOC124900690	0	0	0
LOC105374542	0	0	0
CCKAR	0	0	0
TBC1D19	53	0	53
LOC124900179	0	0	0
STIM2-AS1	3	0	3
STIM2	283	0	283
LINC02261	0	0	0
LOC124900842	0	0	0
LOC105374547	0	0	0
LOC105374548	0	0	0
LOC105374549	0	0	0
LOC105374550	0	0	0
LOC105374552	0	0	0
LOC105374553	0	0	0
LOC105374557	0	0	0
LOC107986269	0	0	0
LOC124900843	0	0	0
LOC107986268	0	0	0
LOC105374556	0	0	0
LOC105374558	0	0	0
LOC105374559	0	0	0
MIR4275	0	0	0
LINC02364	0	0	0
LINC02472	0	0	0
LOC124900885	0	0	0
LOC107986221	0	0	0
LOC105374562	0	0	0
LOC124900844	7	1	6
PCDH7	2010	4	2006
LINC02497	0	0	0
LOC105374564	0	0	0
LINC02501	0	0	0
LOC105374566	0	0	0
LOC107986222	0	0	0
LINC02506	0	0	0
LOC105377651	0	0	0
LOC124900845	0	0	0
LOC102723846	0	0	0
LINC02353	0	0	0
LOC107986223	0	0	0
LOC124900831	0	0	0
LOC124900832	0	0	0
LOC105374391	0	0	0
LOC105374392	0	0	0
LOC101928622	0	0	0
LINC02484	0	0	0
LOC107986270	0	0	0
LOC107986271	0	0	0
LOC105378262	0	0	0
LOC107986272	0	0	0
LOC124900893	0	0	0
LOC124900846	0	0	0
LOC105374396	0	0	0
LOC105374397	0	0	0
LOC124900847	0	0	0
ARAP2	37	0	42
LOC439933	0	5	0
DTHD1	0	0	0
LOC105374399	0	0	0
MIR1255B1	0	0	0
LINC02505	0	0	0
LINC02616	17	0	17
LOC101928721	0	0	1
LOC105374402	0	1	0
MIR4801	0	0	0
NWD2	0	0	0
PGCKA1	0	0	0
LOC124900691	0	0	0
RELL1	50	0	50
LOC105374404	0	0	0
LOC105374406	0	0	0
PGM2	315	0	315
TBC1D1	354	0	354
PTTG2	2	0	2
LOC124900692	0	0	0
LOC124900693	10	1	9
LOC105374408	2	0	2
LOC124900694	0	0	0
LOC105374409	0	0	0
LINC02513	0	0	0
LINC01258	0	0	0
LINC01259	0	0	0
LINC02278	0	0	0
KLF3-AS1	3	38	2
KLF3	514	3	548
LOC105374413	0	0	0
TLR10	0	0	0
TLR1	8	0	8
LOC124900695	0	0	0
TLR6	73	4	73
FAM114A1	563	0	566
MIR574	0	0	0
TMEM156	108	0	108
KLHL5	879	0	879
LOC105374418	1	1	0
WDR19	251	0	251
RFC1	682	0	682
KLB	4	4	0
MIR5591	0	0	0
RPL9	9431	4	9427
LIAS	111	0	111
WDR5CP	0	0	0
UGDH	302	0	302
UGDH-AS1	11	0	11
SMIM14	445	0	445
SMIM14-DT	11	0	11
UBE2K	1103	0	1103
PDS5A	1171	1	1170
LOC344967	2	2	0
N4BP2	54	0	54
RHOH	1	0	1
LINC02265	2	0	2
CHRNA9	482	2	480
RBM47	738	0	810
RBM47-AS1	1	73	0
MIR4802	0	0	0
NSUN7	0	10	0
APBB2	404	0	414
LOC124900907	0	0	0
UCHL1-DT	0	1	0
UCHL1	1	0	2
LIMCH1	2798	2	2801
LOC105374423	4	5	0
LIMCH1-AS1	6	10	0
PHOX2B	0	0	0
PHOX2B-AS1	0	0	0
LINC00682	0	0	0
LOC124900696	0	0	0
LOC105374426	1	0	1
TMEM33	1022	0	1022
DCAF4L1	12	0	12
SLC30A9	497	0	497
BEND4	0	0	0
LOC124900697	0	0	0
LOC105374428	0	0	0
SHISA3	0	0	0
ATP8A1	3	0	3
LOC124900698	0	0	0
ATP8A1-DT	0	0	0
LOC105374430	0	0	0
GRXCR1	0	0	0
LOC105374432	0	0	0
LOC105374434	0	0	0
LOC105374433	0	0	0
LINC02383	0	0	0
LOC124900848	0	0	0
LOC124900849	0	0	0
LOC105374438	0	0	0
LINC02475	2	0	2
KCTD8	0	0	0
LOC107986275	0	0	0
YIPF7	0	0	0
GUF1	239	4	235
GNPDA2	180	14	166
LOC105374439	0	0	0
LOC112268465	0	0	0
LOC105374440	0	0	0
LOC105374441	0	0	0
LOC124900850	0	0	0
GABRG1	0	0	0
GABRA2	0	0	0
COX7B2	0	0	0
GABRA4	0	0	0
GABRB1	0	0	0
LOC124900908	0	0	0
COMMD8	115	0	115
LOC107986277	0	0	0
ATP10D	238	0	238
CORIN	3	1	2
LOC105374444	5	0	5
MIR8053	0	0	0
LOC101927179	1	31	0
NFXL1	107	2	146
LOC101927157	1	9	3
CNGA1	0	0	0
NIPAL1	32	0	32
TXK	3	0	3
TEC	53	0	53
LOC105374445	6	0	6
SLAIN2	501	2	499
SLC10A4	0	0	0
ZAR1	0	0	0
FRYL	278	0	278
OCIAD1	1347	0	1352
OCIAD1-AS1	4	9	0
OCIAD2	156	0	156
LOC124900176	0	0	0
CWH43	0	0	0
LOC101927209	0	0	0
DCUN1D4	356	0	356
LRRC66	0	0	0
SGCB	1	0	1
LINC02480	0	0	0
SPATA18	0	0	0
LOC107986279	0	0	0
LOC124900897	0	0	0
USP46	212	0	212
USP46-DT	15	0	15
DANCR	452	0	452
MIR4449	0	0	0
SNORA26	3	0	3
ERVMER34-1	0	0	0
LOC124900185	0	0	0
LOC107986281	0	0	0
LINC01618	0	0	0
LOC124900700	0	0	0
RASL11B	1	1	0
SCFD2	112	0	112
SCFD2-AS1	0	0	0
LOC124900701	2	2	0
LOC105377654	1	67	1
FIP1L1	338	0	468
LNX1	16	75	4
LNX1-AS1	0	0	0
LNX1-AS2	0	0	0
LOC100506444	0	0	0
LOC124900702	0	0	0
RPL21P44	0	0	0
CHIC2	98	0	98
GSX2	0	0	0
LOC124900899	0	0	0
PDGFRA	0	0	0
LINC02283	0	0	0
LINC02260	0	0	0
KIT	0	0	0
LOC105377657	0	0	0
LINC02358	0	0	0
LOC124900703	0	0	0
KDR	0	0	0
SRD5A3	540	0	540
SRD5A3-AS1	0	1	0
LINC02928	6	0	7
TMEM165	2033	12	2039
CLOCK	271	15	275
LOC124900704	1	1	1
PDCL2	0	0	0
NMU	2	0	2
LOC105377660	0	0	0
EXOC1L	0	0	0
LOC105377661	0	0	0
EXOC1	180	0	239
EXOC1-AS1	8	65	2
CEP135	53	0	53
LOC124900705	0	0	0
CRACD	296	0	296
LOC101928760	0	0	0
LOC124900707	0	0	0
AASDH	98	0	98
PPAT	466	1	465
PAICS	5265	5	5327
LOC124900706	7	65	12
SRP72	1547	4	1546
ARL9	0	0	0
LOC105377665	0	0	0
SPMAP2L	0	0	0
HOPX	0	0	0
LOC124900708	0	0	0
LOC105377666	0	0	0
CHAER1	0	0	0
LOC105377668	0	0	0
SPINK2	0	0	0
REST	351	0	351
NOA1	697	0	697
POLR2B	1330	30	1448
IGFBP7	298	120	761
LOC124900898	0	0	0
IGFBP7-AS1	2	436	1
LOC107986283	0	0	0
LINC02380	0	0	0
LOC124900904	0	0	0
LOC105377670	0	0	0
LINC02494	0	0	0
LOC124900833	0	0	0
LOC107986228	0	0	0
LOC105377672	0	0	0
LOC105377246	0	0	0
LINC02429	0	0	0
LINC02619	0	0	0
LINC02496	0	0	0
MIR548AG1	0	0	0
LINC02271	0	0	0
LOC124900173	0	0	0
ADGRL3	0	0	0
ADGRL3-AS1	0	0	0
LOC101927145	0	0	0
LOC124900709	0	0	0
LOC105377253	0	0	0
LOC105377254	0	0	0
LOC124900851	0	0	0
TECRL	0	0	0
LOC107986284	0	0	0
LOC105377255	0	0	0
LINC02232	0	0	0
LINC02835	0	0	0
LOC124900852	0	0	0
EPHA5	126	20	142
EPHA5-AS1	7	18	25
LOC105377258	0	0	0
LOC105377259	0	0	0
LOC105377260	0	0	0
LOC105377261	0	0	0
MIR1269A	0	0	0
LOC105377262	0	0	0
LOC101927237	0	0	0
CENPC	67	0	67
STAP1	0	0	0
UBA6	471	1	470
UBA6-DT	71	0	71
GNRHR	2	2	0
LOC124900175	0	0	0
LOC102724780	1	0	1
TMPRSS11D	0	0	0
TMPRSS11A	0	0	0
TMPRSS11GP	0	0	0
TMPRSS11F	0	0	0
LOC550113	0	0	0
SYT14P1	0	0	0
FTLP10	0	0	0
TMPRSS11BNL	0	0	0
TMPRSS11B	0	0	0
YTHDC1	0	0	0
TMPRSS11E	0	0	0
UGT2B17	1	0	1
UGT2B15	0	0	0
UGT2B10	0	0	0
LOC124900853	0	0	0
UGT2A3	0	0	0
LOC105377265	0	0	0
UGT2B7	0	0	0
LOC105377267	0	0	0
UGT2B11	0	0	0
UGT2B28	0	0	0
UGT2B4	0	0	0
UGT2A1	0	0	0
UGT2A2	0	0	0
SULT1B1	0	0	0
SULT1E1	0	0	0
CSN1S1	0	0	0
CSN2	0	0	0
LOC105377269	0	0	0
STATH	0	0	0
HTN3	0	0	0
HTN1	0	0	0
CSN1S2AP	0	0	0
CSN1S2BP	0	0	0
PRR27	0	0	0
LOC105377270	0	0	0
ODAM	0	0	0
FDCSP	0	0	0
CSN3	0	0	0
CABS1	0	0	0
SMR3A	0	0	0
SMR3B	0	0	0
OPRPN	0	0	0
MUC7	0	0	0
AMTN	0	0	0
AMBN	0	0	0
ENAM	0	0	0
JCHAIN	0	0	0
LOC101927297	0	0	0
UTP3	381	0	381
RUFY3	198	12	186
LOC124900900	0	0	0
GRSF1	1804	1	1803
LOC124900710	0	0	0
LOC124900887	0	0	0
LOC124900711	0	0	2
MOB1B	108	2	108
DCK	409	0	409
SLC4A4	0	0	0
LOC124900712	0	0	0
LOC124900836	0	0	0
LOC107986285	0	0	0
LOC105377271	0	0	0
GC	0	0	0
NPFFR2	0	0	0
ADAMTS3	1	0	1
LOC105377273	0	0	0
LOC107986286	0	0	0
COX18	207	0	207
LOC112268467	0	0	0
ANKRD17	1535	2	1533
LOC124900713	0	0	0
ANKRD17-DT	4	0	4
LOC124900180	0	0	0
ALB	0	0	0
AFP	0	0	0
AFM	0	0	0
LINC02499	0	0	0
LOC107986287	0	0	0
RASSF6	2	0	2
INKILN	0	0	0
UMLILO	0	0	0
CXCL8	1	0	1
CXCL6	0	0	0
PF4V1	0	0	0
CXCL1	0	0	0
PF4	0	0	0
PPBP	0	0	0
CXCL5	0	0	0
LOC124900715	0	0	0
CXCL3	11	0	11
LOC105377275	0	0	0
PPBPP2	0	0	0
CXCL2	101	1	100
MTHFD2L	115	3	112
LOC105377277	0	0	0
LOC105377276	0	0	0
EPGN	90	0	90
EREG	1	0	1
AREG	22	0	22
LOC107986229	0	0	0
LOC124900716	0	0	0
BTC	1	0	1
LOC105377278	0	0	0
LOC105377282	0	0	0
LOC105377280	0	0	0
PARM1	0	0	0
PARM1-AS1	0	0	0
LOC107986289	0	0	0
LINC02562	0	0	0
LOC100506253	0	0	0
LINC02483	0	0	0
LOC107986230	0	0	0
RCHY1	124	1	124
THAP6	111	1	111
LOC124900717	0	0	0
ODAPH	0	0	0
CDKL2	1	0	1
G3BP2	1120	0	1120
USO1	614	1	613
LOC105377284	0	0	0
PPEF2	1	0	1
LOC105377285	0	0	0
NAAA	8	0	8
SDAD1	264	0	264
SDAD1-AS1	0	0	0
CXCL9	0	0	0
ART3	0	0	0
CXCL10	24	0	24
CXCL11	82	0	82
NUP54	355	0	355
LOC124900718	9	2	9
SCARB2	2051	0	2053
FAM47E	2	0	2
LOC105377286	0	0	0
FAM47E-STBD1	0	0	0
STBD1	14	2	12
CCDC158	0	0	0
LOC124900891	0	0	0
SHROOM3	714	0	870
MIR4450	0	0	0
MIR548AH	0	0	0
LOC105377290	6	7	0
SHROOM3-AS1	3	158	0
LOC124900719	0	0	0
LOC124900866	0	0	0
SOWAHB	0	0	0
LOC105377294	0	0	0
SEPTIN11	90	0	100
LOC105377291	0	10	0
CCNI	2510	1	2509
LOC101928864	0	43	0
CCNG2	356	0	399
LOC107986292	1	0	1
LOC105377295	0	0	0
CXCL13	0	0	0
LOC105377296	0	0	0
LOC105377297	0	0	0
CNOT6L	333	0	333
MRPL1	84	0	98
LOC102724916	0	14	0
FRAS1	0	0	0
LOC107986293	0	0	0
SNORD161	0	0	0
ANXA3	209	0	209
LOC124900721	0	0	0
LOC124900901	0	0	0
LINC01094	0	0	0
LOC101928893	0	0	0
BMP2K-DT	0	0	0
BMP2K	111	11	219
LOC124900722	3	0	3
LOC105377299	0	0	0
PAQR3	204	112	211
LINC01088	0	0	0
LOC124900723	0	0	0
NAA11	0	0	0
LOC105377300	0	0	0
GK2	0	0	0
LINC00989	0	0	0
LOC107986294	0	0	0
LINC02469	0	0	0
LOC105377302	0	0	0
PCAT4	0	0	0
LOC124900174	0	0	0
ANTXR2	1	0	1
LOC124900724	1	0	1
PRDM8-AS1	0	0	0
PRDM8	0	0	0
LOC124900725	0	0	0
FGF5	0	0	0
CFAP299	0	0	0
LOC105377305	0	0	0
BMP3	0	0	0
PRKG2	1	0	1
PRKG2-AS1	0	0	0
LOC124900726	0	0	0
RASGEF1B	0	0	0
LOC105377306	0	0	0
LOC105377308	0	0	0
VAMP9P	0	0	0
HNRNPD	2961	11	2950
HNRNPD-DT	9	0	9
LOC124900890	0	0	0
HNRNPDL	2631	4	2629
ENOPH1	551	0	553
LOC105377310	1	0	1
TMEM150C	0	0	0
LINC00575	0	0	0
SCD5	0	0	0
LOC124900727	0	0	0
MIR575	0	0	0
SEC31A	3257	3	3254
THAP9-AS1	435	2	435
SNORD143	8	0	8
SNORD144	6	0	6
THAP9	68	3	67
LIN54	403	0	403
COPS4	580	6	574
PLAC8	1007	0	1007
LOC124900167	0	0	0
COQ2	463	0	463
HPSE	397	0	397
LOC105377313	0	0	0
HELQ	107	0	107
MRPS18C	11	32	339
ABRAXAS1	42	334	68
GPAT3	43	0	43
LOC105377315	0	0	0
LINC02994	0	0	0
NKX6-1	0	0	0
LOC102723338	0	0	0
CDS1	0	0	0
LOC124900854	0	0	0
WDFY3	388	0	401
WDFY3-AS1	0	13	0
WDFY3-AS2	9	0	9
ARHGAP24	101	0	101
LOC105377319	0	0	0
LOC124900728	0	0	0
MIR4451	0	0	0
MAPK10	5	2	3
MAPK10-AS1	0	0	0
MIR4452	0	0	0
PTPN13	1	0	1
SLC10A6	0	0	0
C4orf36	10	1	10
AFF1-AS1	10	0	10
AFF1	1110	5	1110
LOC105377320	0	0	0
KLHL8	182	4	178
MIR5705	0	0	0
HSD17B13	8	0	8
HSD17B11	305	0	305
NUDT9	362	0	362
SCPPPQ1	0	0	0
SPARCL1	4	2	2
LOC124900729	0	0	0
DMP1-AS1	0	0	0
DSPP	0	0	0
DMP1	0	0	0
IBSP	0	0	0
MEPE	0	0	0
LOC124900730	0	0	0
SPP1	0	0	0
PKD2	319	0	319
ABCG2	1186	0	1186
LOC124900867	1	0	1
PPM1K	136	0	136
PPM1K-DT	0	0	0
LOC124900731	1	0	1
LOC105377326	0	0	0
HERC6	5	5	3
LOC102723458	22	5	24
HERC5	1676	0	1680
PYURF	0	0	0
PIGY	0	0	0
PIGY-DT	0	0	0
HERC3	327	0	327
NAP1L5	0	0	0
FAM13A-AS1	20	160	37
FAM13A	349	30	496
LOC124900732	0	0	0
LOC105377327	1	0	1
TIGD2	192	2	190
LOC124900834	0	0	0
GPRIN3	0	0	0
LOC105377328	0	0	0
LOC124900855	0	0	0
LOC105377329	0	0	0
LOC124900602	7	11	7
SNCA	128	1	138
LOC124900856	2	0	2
SNCA-AS1	0	0	0
MMRN1	1	0	1
LOC105377331	0	0	0
CCSER1	0	0	0
LOC124900733	0	0	0
LOC112268468	0	0	0
LNCPRESS2	0	0	0
GRID2	0	0	0
ATOH1	2	0	2
SMARCAD1-DT	0	0	0
LOC124900734	0	0	0
SMARCAD1	367	0	367
HPGDS	0	0	0
PDLIM5	1193	0	1193
BMPR1B-DT	0	0	0
BMPR1B	25	0	25
LOC124900735	0	0	0
UNC5C	0	0	0
LOC124900736	0	0	0
UNC5C-AS1	0	0	0
PDHA2	0	0	0
LINC02267	0	0	0
LOC124900737	0	0	0
STPG2-AS1	0	0	0
STPG2	0	0	0
LOC105377340	0	0	0
RAP1GDS1	461	3	458
TSPAN5	2	2	0
LOC112267901	0	0	0
TSPAN5-DT	0	0	0
LOC105377343	0	0	0
EIF4E	491	0	491
METAP1	745	0	745
MIR3684	0	0	0
LOC124900738	0	0	0
ADH5	2113	2	2112
LOC100507053	0	1	0
LOC124900739	0	0	0
ADH4	0	0	0
PCNAP1	0	0	0
ADH6	1	1	0
ADH1A	0	0	0
ADH1B	0	0	0
ADH1C	0	0	0
LOC102723576	0	0	0
ADH7	0	0	0
C4orf17	0	0	0
TRMT10A	54	0	54
MTTP	2	0	2
C4orf54	0	0	0
DAPP1	2	0	2
LAMTOR3	210	0	210
DNAJB14	201	0	201
H2AZ1	4123	1	4122
H2AZ1-DT	1	0	1
LOC107986232	0	0	0
DDIT4L	0	0	0
DDIT4L-AS1	0	0	0
SNORA101A	0	0	0
EMCN	0	0	0
LOC124900740	0	0	0
LOC105377345	0	0	0
LINC01216	0	0	0
LINC01217	0	0	0
LINC01218	0	0	0
PPP3CA	757	1	757
MIR8066	0	0	0
MIR1255A	0	0	0
PPP3CA-DT	47	0	48
LOC124900741	0	0	0
LOC107986297	0	0	0
BANK1	1	0	1
SLC39A8	1589	1	1588
NFKB1-AS1	9	0	9
NFKB1	484	0	525
LOC124900742	0	0	0
LOC105377347	1	42	0
MANBA	535	0	535
LOC102723704	0	703	0
LOC124900743	0	0	1
UBE2D3	2010	2	2714
UBE2D3-AS1	0	1	2
LOC124900903	0	0	0
CISD2	252	2	527
SLC9B1	0	275	1
SLC9B2	211	3	208
BDH2	255	1	254
CENPE	131	2	129
LINC02428	0	0	0
TACR3-AS1	14	14	0
TACR3	0	0	0
LINC02503	0	0	0
LOC105377350	0	0	0
LOC124900744	0	0	0
CXXC4	0	0	0
CXXC4-AS1	0	0	0
LOC124900745	0	0	0
LOC124900746	0	0	0
LOC105377351	0	0	0
LOC124900868	4	10	4
TET2	143	0	153
TET2-AS1	0	0	0
PPA2	912	0	912
LOC105377352	0	0	0
ARHGEF38	2	2	0
ARHGEF38-IT1	0	0	0
INTS12	171	0	220
LOC124900748	1	43	0
LOC124900747	0	2	0
GSTCD	231	0	271
LOC107986190	0	0	0
GSTCD-AS1	0	0	0
LOC124900749	6	46	0
NPNT	0	0	0
LOC101929577	1	0	1
TBCK	80	48	95
LOC124900750	0	0	0
AIMP1	467	15	515
GIMD1	0	0	0
LINC02173	0	0	0
LOC105377356	0	0	0
DKK2	0	0	0
LOC102725220	0	0	0
LOC105377358	0	0	0
PAPSS1	368	0	368
SGMS2	272	5	292
CYP2U1-AS1	0	0	0
LOC107986298	4	24	5
LOC124900751	0	0	0
CYP2U1	0	0	0
LOC107986299	0	0	0
HADH	1306	2	1304
LEF1	0	0	0
LEF1-AS1	0	0	0
LOC124900752	0	0	0
LOC124900753	0	0	0
RPL34-DT	1	0	1
LOC101929621	0	0	0
RPL34	2552	3	2549
OSTC	899	0	899
ETNPPL	62	0	62
COL25A1	12	0	12
LOC124900756	0	0	0
LOC124900754	0	0	0
COL25A1-DT	0	0	0
SEC24B-AS1	7	0	7
SEC24B	460	0	460
MIR576	0	0	0
MCUB	147	2	240
LOC124900755	0	0	0
CASP6	169	97	167
PLA2G12A	305	0	305
CFI	395	0	395
LOC124900757	0	0	0
GAR1-DT	0	0	0
GAR1	300	0	300
RRH	2	0	2
LRIT3	0	0	0
EGF	20	0	20
ELOVL6	409	0	409
LOC124900759	0	0	0
LOC105377362	0	0	0
LOC124900892	0	0	0
ENPEP	1	0	1
PANCR	0	0	0
LOC105377363	0	0	0
PITX2	0	0	0
LOC124900857	0	0	0
MIR297	0	0	0
LOC105377364	0	0	0
LOC105377366	0	0	0
LOC105377367	0	0	0
LINC02945	8	0	8
LOC105377369	0	0	0
LOC105377370	0	0	0
FAM241A	346	1	345
AP1AR-DT	5	45	8
AP1AR	228	6	270
TIFA	326	0	326
ALPK1	154	0	154
NEUROG2	0	0	0
NEUROG2-AS1	0	0	0
LOC124900760	0	0	0
ZGRF1	67	0	67
H3P14	0	0	0
LARP7	129	0	232
MIR302CHG	0	103	0
MIR367	0	0	0
MIR302D	0	0	0
MIR302A	0	0	0
MIR302C	0	0	0
MIR302B	0	0	0
ANK2	0	0	0
LOC102723896	0	0	0
LOC124900761	0	0	0
ANK2-AS1	0	0	0
MIR1243	0	0	0
MIR8082	0	0	0
LOC105377374	0	0	0
CAMK2D	125	0	125
LOC105377375	0	0	0
ARSJ	109	0	110
LOC107986305	0	1	0
LOC124900762	0	0	0
LOC105377376	0	0	0
LOC107986235	0	0	0
LOC105377378	0	0	0
LOC105377379	0	0	0
LOC105377380	0	0	0
UGT8	150	2	148
MIR577	0	0	0
LOC124900763	0	0	0
LOC105377382	1	0	1
NDST4	0	0	0
LOC124900764	0	0	0
LOC124900835	0	0	0
LOC105377383	0	0	0
MIR1973	0	0	0
LOC105377384	0	0	0
LOC105377385	0	0	0
LOC107986306	0	0	0
LOC105377387	0	0	0
LOC105377388	0	0	0
TRAM1L1	0	0	0
LINC02262	0	0	0
LINC02263	0	0	0
LINC01378	0	0	0
LOC102723914	0	0	0
LINC02264	0	0	0
NDST3	0	0	0
LOC107986307	0	0	0
LOC105377392	0	0	0
LOC124900765	0	0	0
SNHG8	163	0	163
SNORA24	3	0	3
PRSS12	0	0	0
LOC124900766	0	0	0
LOC105379403	0	0	0
LOC124900767	0	0	0
CEP170P1	0	0	0
LOC729218	199	0	199
LOC124900768	0	0	0
METTL14-DT	0	0	0
METTL14	156	0	156
SEC24D	747	0	747
SYNPO2	4	0	4
LOC105377393	0	0	0
SYNPO2-AS1	0	0	0
LOC102723967	0	0	0
LOC105377395	0	0	0
MYOZ2	0	0	0
LOC105379404	0	0	0
LOC101929762	0	0	0
USP53	122	0	122
ARLN	332	0	332
FABP2	0	0	0
LOC107986193	0	0	0
LINC01061	41	0	41
GTF2IP12	1	0	1
SEPTIN7P14	51	0	89
PDE5A	10	48	0
LOC124900187	0	0	0
LOC107986192	0	0	0
LOC105377397	0	0	0
LINC01365	0	0	0
LINC02502	0	0	0
LOC124900769	0	0	0
LOC124900770	0	0	0
MAD2L1	573	1	573
MAD2L1-DT	0	1	0
LOC124900771	0	0	0
PRDM5	0	0	0
LOC105377399	0	0	0
NDNF	0	0	0
NDNF-AS1	0	0	0
TNIP3	0	0	0
QRFPR	0	0	0
LOC107986309	0	0	0
LOC107986310	0	0	0
LOC105377401	0	0	0
LOC105377402	0	0	0
ANXA5	5046	0	5046
SMIM43	0	0	0
PP12613	0	0	0
EXOSC9	426	153	464
CCNA2	909	49	1051
BBS7	119	0	119
BBS7-DT	0	0	0
TRPC3	0	0	0
LOC102724158	0	0	0
LOC112268469	1	0	1
BLTP1	190	0	190
ADAD1	0	0	0
IL2	0	0	0
IL21	0	0	0
IL21-AS1	0	0	0
BBS12	96	1	95
CETN4P	4	0	4
FGF2	776	48	1047
LOC124900773	3	0	3
NUDT6	42	274	87
AFG2A	180	0	180
LOC105377404	1	1	0
LOC124900772	0	0	0
LOC124900774	0	0	0
SPRY1	139	0	139
TRC-GCA2-1	0	0	0
LINC02435	0	0	0
LOC105377405	0	0	0
LINC01091	0	0	0
LOC124900775	0	0	0
LOC124900776	0	0	0
LOC105377407	0	0	0
LOC105377406	0	0	0
LOC105377408	0	0	0
LINC02516	1	0	1
ANKRD50	215	0	215
FAT4	98	0	98
MIR2054	0	0	0
LINC02379	0	0	0
LOC105377409	0	0	0
LOC105377410	0	0	0
LOC124900777	0	0	0
LOC105377411	0	0	0
LOC102724210	0	0	0
LOC107986312	0	0	0
LOC105377412	0	0	0
INTU	22	0	22
SLC25A31	0	0	0
LOC105377414	0	0	0
HSPA4L	482	0	482
LOC112268470	0	0	0
PLK4	149	0	149
MFSD8	114	0	114
ABHD18	118	0	118
LARP1B	196	2	194
PGRMC2	1628	0	1628
LINC02615	17	0	17
LOC101927259	0	0	0
LINC03140	2	0	2
LOC124900905	0	0	0
JADE1	353	4	476
SCLT1	104	125	106
C4orf33	83	0	83
LOC105377416	0	0	0
LOC105377417	0	0	0
LOC124900779	0	0	0
LINC02466	0	0	0
LINC02465	0	0	0
LOC105377418	0	0	0
LINC02479	0	0	0
LOC105377422	0	0	0
LOC105377423	0	0	0
LINC02377	0	0	0
LOC124900860	0	0	0
LOC124900859	0	0	0
SNHG27	0	0	0
LOC105377425	0	0	0
LOC105377428	0	0	0
LINC01256	0	0	0
LOC124900861	0	0	0
LOC124900862	0	0	0
LOC105377431	0	0	0
PCDH10-DT	0	0	0
PCDH10	0	0	0
LOC124900863	4	0	4
PABPC4L	96	0	96
LINC02462	0	0	0
LOC105377436	0	0	0
LOC105377438	0	0	0
LOC105377437	0	0	0
LINC02485	0	0	0
LOC124900883	0	0	0
LINC00613	0	0	0
LOC124900864	0	0	0
LINC02511	0	0	0
LINC02510	0	0	0
LOC105377442	0	0	0
PCDH18	0	0	0
LINC02172	0	0	0
LOC101927414	0	0	0
LOC107986314	0	0	0
LOC105377444	0	0	0
LOC105377445	0	0	0
LOC107986315	0	0	0
LOC105377447	0	0	0
LINC00616	0	0	0
SLC7A11-AS1	4	6	1
SLC7A11	61	0	64
LINC00498	0	0	0
LINC00499	0	0	0
LOC105377448	0	0	0
NOCT	210	3	208
LOC124900780	3	2	2
ELF2	430	36	394
LOC105379412	0	0	0
MGARP	1	0	1
NDUFC1	315	0	315
NAA15	630	5	625
LOC124900188	0	0	0
RAB33B	71	19	72
RAB33B-AS1	1	2	19
SETD7	736	7	729
LOC105377451	0	0	0
LOC105377622	56	0	56
QKILA	0	0	0
MGST2	490	8	492
MAML3	56	2	64
LOC124900781	0	0	0
LOC124900782	0	0	0
LOC105377452	0	0	0
LOC124900783	0	0	0
MAML3-AS1	0	0	0
LOC124900784	0	0	0
SCOC	0	0	0
SCOC-AS1	0	0	0
LOC124900785	0	0	0
CLGN	0	0	0
MGAT4D	0	0	0
ELMOD2	187	0	187
UCP1	0	0	0
TBC1D9	333	0	333
TNRC18P1	1	0	1
TBC1D9-AS1	0	0	0
LOC124900786	0	0	0
RNF150	28	0	28
ZNF330	292	0	292
LOC124900902	0	0	0
LINC02432	0	0	0
LINC02276	0	0	0
IL15	157	1	156
INPP4B	1	0	1
LOC101927613	0	0	0
LOC105377457	0	0	0
USP38-DT	3	0	3
LOC124900788	0	0	0
USP38	271	0	271
LOC124900789	4	12	0
GAB1	196	0	204
MIR3139	0	0	0
SMARCA5-AS1	6	143	6
SMARCA5	1339	0	1482
GUSBP5	0	0	0
FREM3	0	0	0
LOC105377458	0	0	0
LOC105377459	0	0	0
GYPE	0	0	0
LOC101927636	0	0	0
LOC124900790	0	0	0
GYPB	0	0	0
LOC105377460	0	0	0
GYPA	0	0	0
LOC105377462	0	0	0
HHIP-AS1	0	0	0
HHIP	1	1	0
LOC124900791	0	0	0
LOC124900792	0	0	0
LOC124900793	0	0	0
ANAPC10	54	36	54
ABCE1	575	0	611
OTUD4	388	2	386
LOC124900794	0	0	0
LOC105377465	0	0	0
LINC02266	0	0	0
SMAD1	170	3	237
SMAD1-AS2	0	0	0
SMAD1-AS1	0	70	0
LOC285422	0	0	0
LINC02491	0	0	0
MMAA	28	0	28
C4orf51	0	0	0
ZNF827	0	0	0
LOC105377468	0	0	0
LOC105377469	0	0	0
LINC01095	0	0	0
LSM6	53	0	53
REELD1	0	0	0
SLC10A7	77	0	77
LOC105377472	0	0	0
MIR7849	0	0	0
POU4F2	0	0	0
TTC29	0	0	0
LOC105377474	0	0	0
TTC29-AS1	0	0	0
LOC105377475	0	0	0
LOC105377476	0	0	0
MIR548G	0	0	0
EDNRA	1	0	1
LOC124900795	0	0	0
LOC124900796	0	0	0
LINC02507	0	0	0
TMEM184C-DT	0	0	0
TMEM184C	243	7	236
PRMT9	77	0	77
ARHGAP10	250	2	248
MIR4799	0	0	0
NR3C2	21	1	20
LOC102724672	0	0	0
LOC124900798	0	0	0
LOC107986195	1	0	1
LOC105377483	0	0	0
LOC124900797	0	0	0
LOC105377481	0	0	0
LOC105377480	0	0	0
LINC02430	0	0	0
LINC02355	0	0	0
LOC107986320	0	0	0
IQCM	0	0	0
LOC105377479	0	0	0
DCLK2	200	5	195
LRBA	580	0	580
LRBA-AS1	0	0	0
MAB21L2	0	0	0
RPS3A	0	0	0
SNORD73B	0	0	0
SNORD73A	0	0	0
SH3D19	0	0	0
SH3D19-AS1	0	0	0
LOC105377485	0	0	0
LOC124900799	0	0	0
PRSS48	0	0	0
FHIP1A-DT	15	0	15
FHIP1A	360	0	360
GATB	437	1	562
LOC107986197	13	134	5
LOC127898557	0	0	0
LOC105377488	0	0	0
LOC102724700	0	0	0
LOC127898556	0	0	0
LINC03074	0	0	0
LINC02273	0	0	0
LOC124900800	0	0	0
LOC105377489	0	0	0
LOC105377490	0	0	0
LOC105377492	1	0	1
FBXW7	103	0	109
FBXW7-AS1	0	6	0
MIR3140	0	0	0
MIR4453HG	39	0	39
MIR4453	0	0	0
TMEM154	1	0	1
LOC105377495	0	0	0
TIGD4	0	0	0
ARFIP1	164	0	164
FHDC1	196	1	196
LOC729870	7	1	7
TRIM2	170	0	170
LOC105377496	0	0	0
ANXA2P1	1	0	1
MND1	102	1	101
TMEM131L	295	0	295
LOC105377498	0	0	0
LOC100419170	0	0	0
TLR2	0	0	0
RNF175	0	0	0
LOC105377499	0	0	0
SFRP2	0	0	0
LOC101927947	0	0	0
DCHS2	0	0	0
PLRG1	430	0	430
FGB	0	0	0
FGA	1	0	1
FGG	4	0	4
LOC124900169	0	0	0
LRAT	0	0	0
LOC105377500	0	0	0
RBM46	0	0	0
LOC105377501	0	0	0
NPY2R	0	0	0
NPY2R-AS1	0	0	0
LOC105377502	0	0	0
MAP9	0	0	0
MAP9-AS1	0	0	0
LOC105377503	0	0	0
LOC105377505	0	0	0
LOC105377504	0	0	0
GUCY1A1	0	0	0
LOC105377506	0	0	0
GUCY1B1	0	0	0
ASIC5	0	0	0
LOC105377507	0	0	0
TDO2	0	0	0
CTSO	0	0	0
LOC102724785	0	0	0
LOC105377508	0	0	0
LINC02272	0	0	0
PDGFC	0	0	0
GLRB	23	0	23
GRIA2	0	0	0
LOC107986238	0	0	0
LINC02433	0	0	0
LOC105377509	0	0	0
LOC124900801	0	0	0
GASK1B	0	0	0
GASK1B-AS1	0	0	0
LOC101928007	0	0	0
TMEM144	0	0	0
LOC105377510	0	0	0
RXFP1-AS1	0	0	0
RXFP1	2	0	2
C4orf46	240	0	240
ETFDH	277	92	288
LOC124900922	7	0	7
PPID	275	20	358
FNIP2	83	0	83
SPMIP2	0	0	0
RAPGEF2	414	0	414
MIR3688-1	0	0	0
MIR3688-2	0	0	0
LOC107986324	0	0	0
LOC105379457	0	0	0
LINC02233	0	0	0
LOC107986239	0	0	0
LINC02477	0	0	0
LOC105377513	0	0	0
LOC105377514	0	0	0
LOC105377515	0	0	0
FSTL5	3	0	3
FSTL5-AS1	0	0	0
LOC124900803	0	0	0
LOC124900804	0	0	0
LOC105377516	0	0	0
MIR4454	0	0	0
NAF1	325	0	325
LOC101928081	0	0	0
LOC105377517	0	0	0
NPY1R	0	0	0
NPY5R	0	0	0
TKTL2	0	0	0
LOC124900805	7	75	4
TMA16	186	0	258
MARCHF1	42	42	0
LOC107986325	0	0	0
SMIM31	0	0	0
APELA	0	0	0
TRIM61	0	0	0
FAM218A	0	0	0
TRIM60	0	0	0
TRIM75	0	0	0
TMEM192	252	0	252
KLHL2	236	0	236
GK3	0	0	0
LOC124900915	0	0	0
MSMO1	684	0	684
LOC105377519	0	0	0
CPE	1	0	1
MIR578	0	0	0
LOC105377520	0	0	0
LOC124900806	0	0	0
LINC01179	1	0	1
LOC101928131	0	0	0
LOC105377521	0	0	0
TLL1	257	0	257
SPOCK3	0	0	0
LOC105377523	0	0	0
ANXA10	2	1	1
LOC124900170	0	0	0
LOC105377524	13	0	13
DDX60	995	0	995
LOC124900910	0	0	0
DDX60L	383	0	383
LOC124900181	3	3	0
LOC107986198	14	14	0
PALLD	1582	4	1674
LOC124900807	0	0	0
PALLD-AS1	1	1	0
LOC124900808	0	0	0
LOC124900809	1	1	0
LOC102723331	5	4	1
CBR4	239	95	240
LOC107986200	0	0	0
CBR4-DT	0	0	0
LOC105377527	1	0	1
SH3RF1	494	1	493
LOC105377529	0	0	0
NEK1	85	0	85
CLCN3	603	0	603
HPF1	177	0	177
LOC107986240	0	0	0
LOC124900810	0	0	0
LOC105377530	0	0	0
LINC02275	0	0	0
MFAP3L	50	0	50
LOC101928198	1	1	0
AADAT	2	0	2
LOC107986326	0	0	0
LINC01612	0	0	0
LINC02512	0	0	0
LINC02382	0	0	0
LOC124900869	0	0	0
LINC02431	0	0	0
MIR6082	0	0	0
LOC105377534	0	0	0
LINC02504	0	0	0
LOC105377535	0	0	0
LINC02174	0	0	0
LOC441052	0	0	0
GALNTL6	19	3	16
LOC124900811	0	0	0
GALNTL6-AS1	0	0	0
LOC107986201	2	0	2
GALNT7-DT	30	82	39
GALNT7	1073	11	1153
LOC124900812	1	1	0
MIR548T	0	0	0
HMGB2	1020	0	1020
SAP30-DT	25	0	25
SAP30	453	2	451
SCRG1	1	1	0
LOC112268474	2	0	2
LOC112267917	2	0	2
LOC101928409	0	0	0
LOC124900815	0	0	0
HAND2	0	0	0
HAND2-AS1	0	0	0
LOC124900816	0	0	0
LOC107986203	0	0	0
LINC02269	0	0	0
LOC105377543	0	0	0
LOC105377544	0	0	0
LOC105377546	0	0	0
LOC107986204	0	0	0
LINC02268	0	0	0
FBXO8	168	7	173
CEP44	192	18	186
LOC105377547	0	0	0
MIR4276	0	0	0
HPGD	0	0	0
LOC105377548	0	0	0
LOC124900870	0	0	0
LOC105377549	0	0	0
LOC105377551	0	0	0
GLRA3	4	0	4
LOC101928551	0	0	0
ADAM29	0	0	0
LOC124900871	0	0	0
LOC105377552	0	0	0
LOC124900872	0	0	0
GPM6A	0	0	0
GPM6A-DT	0	0	0
LOC107984113	0	0	0
WDR17	0	0	0
SPATA4	0	0	0
ASB5	1	0	1
SPCS3-AS1	0	193	4
SPCS3	1080	4	1273
LOC124900817	0	0	0
HAFML	0	0	0
VEGFC	0	0	0
LINC02509	0	0	0
LOC105377557	0	0	0
NEIL3	139	0	139
LOC105377558	1	1	0
AGA	129	1	129
AGA-DT	10	0	11
LOC124900889	0	0	0
LOC105377559	0	0	0
LINC01098	0	0	0
LOC105377560	0	0	0
LINC01099	0	0	0
LOC105377561	0	0	0
LOC105377562	0	0	0
LOC124900186	0	0	0
LOC105377563	0	0	0
LOC124900818	0	0	0
LOC124900623	0	0	0
LOC124900819	0	0	0
LOC105377567	0	0	0
LOC105377565	0	0	0
LOC124900820	0	0	0
LOC105377568	0	0	0
LOC124900821	0	0	0
LINC00290	0	0	0
LINC02500	0	0	0
LOC107986205	0	0	0
LOC124900822	0	0	0
TENM3	739	14	737
TENM3-AS2	0	0	0
TENM3-AS1	98	3	107
MIR1305	0	0	0
LOC105377572	0	0	0
LOC105377571	0	0	0
LOC105377576	10	0	10
DCTD	601	0	601
LOC105377577	0	0	0
LOC107986327	0	0	0
LOC112268472	0	0	0
LOC107986328	0	0	0
CIBAR1P2	0	0	0
LOC105377578	1	0	1
WWC2-AS2	27	6	27
WWC2	720	0	791
WWC2-AS1	0	0	0
LOC124900896	0	0	0
CLDN22	0	65	0
CLDN24	0	0	0
LOC124900894	0	0	0
CDKN2AIP	533	2	531
LOC124900823	6	6	0
ING2-DT	12	4	8
ING2	235	0	235
LOC101929996	0	0	0
LOC105377580	0	0	0
LOC124900911	0	0	0
RWDD4	247	0	247
TRAPPC11	350	1	349
LOC105377581	5	0	5
LOC124900824	0	0	0
STOX2	350	6	344
LOC107986330	0	0	0
LOC124900826	0	0	0
ENPP6	0	0	0
LOC105377582	0	0	0
LOC105377584	0	0	0
LOC124900825	0	0	0
MYL12BP2	0	0	0
LINC02363	1	0	1
LINC02362	0	0	0
IRF2	472	0	472
IRF2-DT	37	2	35
LINC02427	0	0	0
LINC02365	0	0	0
CASP3	294	0	294
PRIMPOL	88	21	110
CENPU	251	23	271
ACSL1	667	0	667
SLED1	1	0	1
LOC105377587	0	0	0
MIR3945HG	0	0	0
MIR3945	0	0	0
LINC01093	0	0	0
MIR4455	0	0	0
LINC02437	0	0	0
HELT	0	0	0
LINC02436	0	0	0
LOC105377588	0	0	0
SLC25A4	744	11	733
CFAP97	366	30	364
SNX25	409	2	480
LOC124900827	0	35	0
LRP2BP	37	51	9
ANKRD37	3	32	52
UFSP2	107	10	158
CFAP96	14	20	12
CCDC110	4	1	4
LOC105377590	0	0	1
PDLIM3	0	0	0
SORBS2	155	0	171
SORBS2-AS1	3	18	1
LOC101928929	0	0	0
LOC124900909	0	0	0
LOC124900828	0	0	0
LOC124900830	0	0	0
LOC124900829	0	0	0
TLR3	22	0	22
FAM149A	0	0	0
LOC124900171	0	0	0
FLJ38576	0	0	0
CYP4V2	0	0	0
KLKB1	0	0	0
LOC124900873	0	0	0
F11	0	0	0
F11-AS1	0	0	0
LOC124900874	0	0	0
LOC105377596	0	0	0
MTNR1A	0	0	0
FAT1	1219	7	1212
LOC107986334	1	0	1
LOC124900875	0	0	0
LOC124900877	0	0	0
LOC102723906	0	0	0
LOC105377599	0	0	0
LOC124900876	0	0	0
LOC124900878	0	0	0
LINC02374	0	0	0
LOC107986335	0	0	0
LOC339975	0	0	0
LINC02514	0	0	0
LINC02515	0	0	0
LINC02492	0	0	0
LOC105377604	0	0	0
LOC124900879	0	0	0
LOC105377603	0	0	0
LOC107983963	0	0	0
LOC124900880	0	0	0
LOC124900881	0	0	0
ZFP42	4	0	4
TRIML2	112	0	112
LOC107986337	2	0	2
TRIML1	2	2	0
LINC02434	39	0	39
LOC105377607	4	0	4
LOC105377608	0	0	0
LOC105377609	0	0	0
LINC01060	0	0	0
LOC101930028	0	0	0
LINC02508	0	0	0
LOC105377611	0	0	0
LOC105377612	0	0	0
LOC105377613	0	0	0
LOC124900838	0	0	0
LOC105377614	0	0	0
LOC105377615	0	0	0
LINC01262	0	0	0
LOC105377616	0	0	0
FRG1-DT	0	0	0
LOC124900882	0	0	0
LOC105377619	0	0	0
LINC01596	0	0	0
FRG1	0	0	0
FRG2	0	0	0
DBET	0	0	0
LOC107986338	0	0	0
DUX4	0	0	0
LOC124900509	6	4	2
ANKRD20A12P	0	0	0
LOC124900928	0	0	0
LOC105374602	0	0	0
PLEKHG4B	1	1	0
LRRC14B	0	1	0
LOC124900929	0	0	1
CCDC127	847	2	845
SDHA	14483	11	14472
PDCD6-DT	8	1	8
PDCD6-AHRR	1	0	1
PDCD6	2388	0	2388
AHRR	8	8	0
EXOC3-AS1	126	0	126
EXOC3	3085	5	3081
LOC124900930	1	0	1
SLC9A3	216	529	133
SLC9A3-OT1	0	0	0
SLC9A3-AS1	167	1	612
LOC107986395	0	0	0
MIR4456	0	0	0
LOC105374606	0	0	0
LOC105374607	0	0	0
LOC105374608	0	0	0
CEP72-DT	2	0	2
CEP72	1826	85	1915
TPPP	143	127	191
LOC101929898	9	3	7
ZDHHC11B	61	1	60
ZDHHC11	901	0	901
BRD9	2306	107	2242
TRIP13	4382	5	4420
LOC124900931	0	0	0
LINC02982	0	0	0
LOC124900932	0	0	0
NKD2	0	0	0
SLC12A7	120	0	120
MIR4635	0	0	0
LOC107986396	0	0	0
LOC124900189	0	0	0
TERLR1	0	0	0
SLC6A19	3	3	0
SLC6A18	0	0	0
TERT	35	0	35
MIR4457	0	0	0
CLPTM1L	3171	0	3171
LINC01511	0	0	0
SLC6A3	0	0	0
LPCAT1	143	0	314
LOC124901162	0	171	0
MIR6075	0	0	0
LOC124901161	6	0	6
LOC107986397	10	9	3
SDHAP3	160	0	160
PDCD6P1	232	0	232
LOC105374614	0	0	0
MIR4277	0	0	0
LOC101929003	10	10	0
MRPL36	1132	585	1132
NDUFS6	1235	1	1819
LINC02116	0	0	0
LOC124901163	0	0	0
LOC124901164	0	0	0
IRX4	0	0	0
IRX4-AS1	0	0	0
CTD-2194D22.4	0	0	0
LOC124901165	0	0	0
LOC105374618	0	0	0
LOC124901166	0	0	0
LOC100506858	0	0	0
LOC124901167	0	0	0
LSINCT5	0	0	0
IRX2	0	0	0
IRX2-DT	0	0	0
LOC105374620	0	0	0
LOC107983966	0	0	0
LOC107984098	0	0	0
LOC105374621	0	0	0
LINC01377	0	0	0
LINC01019	0	0	0
LINC02162	0	0	0
LINC01017	0	0	0
IRX1	0	0	0
LOC107986399	0	0	0
LOC105374625	0	0	0
LOC105374626	0	0	0
LINC02063	0	0	0
LOC124901168	0	0	0
LOC124901169	0	0	0
LOC107986400	0	0	0
LINC02114	0	0	0
LOC105374629	0	0	0
LOC105374630	0	0	0
LINC01020	0	0	0
LINC02121	0	0	0
ADAMTS16-DT	0	0	0
ADAMTS16	5	1	4
ADAMTS16-AS1	0	0	0
LOC101929200	28	0	28
ICE1	1345	0	1345
LOC105374634	0	0	0
LOC105374636	0	0	0
LINC02145	1	0	1
MED10	0	0	0
LOC124900933	0	0	0
UBE2QL1	0	0	0
LOC105374639	0	0	0
LINC01018	0	0	0
NSUN2	5836	2	5835
SRD5A1	1405	2	1404
LOC124900934	0	0	0
LINC02102	3	1	2
TENT4A	1562	2	1560
LOC107986401	8	0	8
LOC102724943	19	0	19
LINC02236	3	0	3
MIR4278	0	0	0
LOC105374641	5	0	5
LOC105374642	0	0	0
LINC02196	0	0	0
LOC124900935	0	0	0
LOC105374643	0	0	0
LOC442132	0	0	0
LOC105379638	0	0	0
LINC02123	0	0	0
LOC105374645	0	0	0
LINC02142	0	0	0
LOC107986403	0	0	0
ADCY2	1	0	1
LOC105374646	0	0	0
CFAP90	0	0	0
MTRR	1746	115	1746
FASTKD3	369	0	484
LOC124900936	6	0	6
LOC124900937	0	0	0
LOC102723339	0	0	0
LINC02226	1	0	1
MIR4458HG	184	0	184
MIR4458	0	0	0
LOC105374647	0	0	0
LOC101929307	0	0	0
LINC02199	0	0	0
SEMA5A	3	0	3
MIR4636	0	0	0
LOC124901170	0	0	0
SEMA5A-AS1	0	0	0
SNHG18	0	0	0
SNORD123	0	0	0
LOC101929359	0	0	0
TAS2R1	1	0	1
LOC124900938	0	0	0
LINC02112	0	0	0
LOC105374649	0	0	0
LINC02221	1	1	0
LOC107986405	0	0	0
LOC124900939	0	0	0
ATPSCKMT	145	0	145
CCT5	14290	9	14281
CMBL	3229	0	3229
LOC105374651	7	3	4
MARCHF6-DT	77	0	84
MARCHF6	5213	11	5209
MIR10397	0	0	0
ROPN1L-AS1	2	0	2
ROPN1L	1	0	1
LOC124900940	0	0	0
MIR6131	0	0	0
LINC02212	0	0	0
LINC02213	0	0	0
ANKRD33B	150	3	147
DAP	4466	5	4973
DAP-DT	0	511	1
CTD-2154B17.1	0	0	0
LOC105374654	0	0	0
CTNND2	0	0	0
LOC105374656	0	0	0
LOC105374655	32	0	32
LINC01194	30	0	30
LOC124900941	0	0	0
LOC105374657	2	2	0
LINC02220	1	1	0
LOC105374659	0	0	0
LOC105374660	0	0	0
LOC124900942	0	0	0
DNAH5	16	0	16
DNAH5-AS1	0	0	0
TRIO	2761	4	2757
LOC124900943	0	0	0
SNORD170	0	0	0
OTULINL	1387	0	1387
SNORD141B	19	0	19
OTULIN-DT	20	4	17
OTULIN	1434	8	1438
ANKH	1485	113	1827
LOC100130744	2	0	2
LOC124900944	8	0	8
MIR4637	0	0	0
LOC105374661	0	0	0
LOC107986376	0	0	0
LOC124900197	0	0	0
LINC02149	0	0	0
LOC124900945	0	0	0
FBXL7	0	0	0
CTD-2350J17.1	0	0	0
LOC124900946	0	0	0
LOC107986343	0	0	0
MIR887	0	0	0
LOC107986406	0	0	0
MARCHF11	0	0	0
MARCHF11-AS1	0	0	0
LOC105379640	0	0	0
MARCHF11-DT	0	0	0
LINC02150	0	0	0
ZNF622	1700	1	1699
RETREG1	28	2	26
RETREG1-AS1	0	0	0
MYO10	2960	4	2956
LOC124900947	8	0	8
BASP1-AS1	162	9	216
MIR10522	0	0	0
LOC105374664	15	15	0
BASP1	19461	609	18915
LINC02111	10	10	0
LINC02217	0	0	0
LINC02218	0	0	0
H3Y2	0	0	0
TAF11L2	0	0	0
TAF11L3	0	0	0
TAF11L4	0	0	0
TAF11L5	0	0	0
TAF11L6	0	0	0
TAF11L7	0	0	0
TAF11L8	0	0	0
TAF11L9	0	0	0
TAF11L10	0	0	0
TAF11L11	1	0	1
TAF11L12	0	0	0
TAF11L13	0	0	0
TAF11L14	0	0	0
H3Y1	0	0	0
LOC105374666	7	0	7
LINC02223	0	0	0
LOC124900199	0	0	0
LINC02100	29	0	29
LOC124901212	0	0	0
LOC105374669	0	0	0
CDH18	2	0	2
LOC105374672	0	0	0
LOC124900948	0	0	0
CDH18-AS1	0	0	0
LINC02241	0	0	0
LINC02146	0	0	0
LOC105374673	0	0	0
LOC105374678	0	0	0
LOC102723561	0	0	0
LOC124900950	0	0	0
LOC124900951	0	0	0
GUSBP1	2	0	2
LOC124900949	1	0	1
LOC105374685	0	0	0
CDH12	8	0	8
LOC105374683	0	0	0
SNORA105A	0	0	0
LOC107986345	0	0	0
PMCHL1	0	0	0
LOC105374682	0	0	0
LOC105374681	0	0	0
LOC101929617	0	0	0
LOC105374686	0	0	0
LOC105374687	0	0	0
LOC105374688	0	0	0
LOC124901171	0	0	0
PRDM9	0	0	0
LOC124901158	0	0	0
LOC107986377	0	0	0
LOC124901172	0	0	0
LINC02899	0	0	0
LOC124901173	38	0	38
LOC105374689	12	0	12
CDH10	1900	0	2014
LOC124901174	0	114	0
LINC02239	1	1	0
LINC02228	0	0	0
LINC02211	0	0	0
LOC124901175	0	0	0
LOC124901176	0	0	0
TRK-CTT9-1	0	0	0
LOC124901159	0	0	0
CDH9	0	0	0
LOC105374695	0	0	0
PURPL	277	0	277
LOC124901177	0	0	0
LOC105374696	0	0	0
LINC02103	0	0	0
LOC105374701	0	0	0
LOC107986409	0	0	0
LOC124901178	1	1	0
LSP1P3	0	0	0
LOC101929645	0	0	0
LOC105374699	0	0	0
LINC02109	0	0	0
LINC02064	0	0	0
LOC105374702	0	0	0
LOC105374703	0	0	0
LOC105374704	0	0	0
LOC105374705	0	0	0
LOC105374706	0	0	0
LOC105374707	4	0	4
LOC124901160	0	0	0
LOC124901179	0	0	0
LOC124900952	0	0	0
CDH6	0	0	0
LOC105374709	0	0	0
DROSHA	1768	0	1768
C5orf22	1139	0	1139
PDZD2	104	13	111
LOC124901200	0	0	0
LOC124900953	2	0	2
LOC107986346	0	0	0
MIR4279	0	0	0
LOC105374711	27	19	28
GOLPH3	4804	92	4712
MTMR12	854	2	852
ZFR	1669	3	1666
MIR579	1	0	1
LOC124900954	0	0	0
SUB1	2383	1	2382
LINC02061	1	1	0
NPR3	1098	0	1098
LOC124900956	3	0	3
LOC124900955	0	0	0
LINC02120	0	0	0
LOC105374715	0	0	0
LINC02160	0	0	0
LOC124900637	0	0	0
TARS1-DT	31	0	35
TARS1	6133	8	6129
LOC105374717	0	0	0
ADAMTS12	0	0	0
RXFP3	0	0	0
SLC45A2	0	0	0
AMACR	16	0	16
C1QTNF3-AMACR	1	0	1
C1QTNF3	44	0	44
LOC646652	0	0	0
LOC105374719	0	0	0
LOC124900957	0	0	0
LOC124900958	0	0	0
LOC105374721	0	0	0
RAI14-DT	0	0	0
RAI14	388	0	388
LOC124900960	0	0	0
TTC23L-AS1	0	0	0
TTC23L	41	180	0
LOC124900959	0	0	0
RAD1	1671	61	1782
BRIX1	8	1	98
LOC124900961	54	281	7
DNAJC21	1116	4	1169
AGXT2	0	0	0
PRLR	0	0	0
LOC124901220	0	0	0
SPEF2	10	0	10
LOC105374724	0	0	0
IL7R	373	0	373
CAPSL	8	0	8
CAPSL-DT	0	0	0
UGT3A1	0	0	0
UGT3A2	1	0	1
LMBRD2	549	1	548
MIR580	0	0	0
SKP2	1394	114	1406
NADK2	1018	30	1135
NADK2-AS1	11	11	0
LOC124900962	0	21	0
RANBP3L	7	5	2
LOC124900963	0	0	0
SLC1A3	1462	0	1462
SLC1A3-AS1	8	8	0
NIPBL-DT	349	0	349
NIPBL	1006	17	991
CPLANE1	498	15	499
CPLANE1-AS1	6	0	20
NUP155	2561	4	2557
WDR70	708	2	706
GDNF	0	0	0
GDNF-AS1	0	0	0
LINC02117	0	0	0
LINC02110	0	0	0
LINC02107	0	0	0
LOC105374730	0	0	0
LINC02119	0	0	0
LOC124900966	0	0	0
EGFLAM	653	14	743
EGFLAM-AS4	0	0	0
EGFLAM-AS2	0	0	0
EGFLAM-AS1	0	0	0
EGFLAM-AS5	18	9	15
LOC124900965	0	91	3
LIFR	1413	35	1408
LIFR-AS1	27	3	70
MIR3650	0	2	0
LOC105374735	0	0	0
OSMR-DT	83	11	77
LINC01265	0	0	0
LOC107986414	64	1	67
OSMR	8233	66	8233
RICTOR	740	10	795
FYB1	6	0	6
C9	0	0	0
DAB2	1970	1	1969
LINC02104	3	0	3
LINC00603	0	0	0
LINC00604	0	0	0
LOC105374736	0	0	0
LOC124900967	0	0	0
LOC105374737	0	0	0
LOC124900196	0	0	0
PTGER4	151	85	126
TTC33	413	0	473
PRKAA1	1570	5	1656
LOC124900968	14	105	0
LOC124900202	0	0	0
RPL37	11249	6	11243
SNORD72	5	0	5
CARD6	26	0	26
C7	1	1	0
MROH2B	0	0	0
LOC105374739	0	0	0
C6	0	0	0
LOC124900969	0	0	0
LOC102723740	0	0	0
PLCXD3	0	0	0
LOC105374740	0	0	0
OXCT1	3444	4	3705
LOC102723752	21	27	0
OXCT1-AS1	5	253	7
RIMOC1	1254	0	1254
FBXO4	371	0	371
LINC02996	0	0	0
GHR	0	0	0
CCDC152	0	5	0
SELENOP	4	0	9
LOC124900970	0	0	0
LOC124900971	0	0	0
LOC105374745	3	0	3
FLJ32255	1	0	1
LOC105374746	20	4	16
ANXA2R-OT1	319	44	446
LOC105374748	27	123	25
ANXA2R	71	19	72
ANXA2R-AS1	59	3	76
LOC100132356	59	37	25
LOC100506639	35	11	85
LOC124900972	6	5	1
ZNF131	864	1	863
NIM1K	11	0	11
HMGCS1	1066	0	1066
CCL28	12	0	12
TMEM267	307	1	314
C5orf34-AS1	0	72	2
C5orf34	232	7	376
LOC124900190	22	70	22
PAIP1	2965	3	2962
NNT-AS1	82	21	99
NNT	584	17	605
FGF10	0	0	0
FGF10-AS1	0	0	0
LINC02224	0	0	0
MRPS30-DT	45	0	46
MRPS30	2589	3	2587
LOC124901180	0	0	0
HCN1	0	0	0
EMB	0	0	0
PARP8	0	0	0
LOC124901181	0	0	0
LINC02106	0	0	0
LOC107986379	0	0	0
LOC124901206	0	0	0
ISL1-DT	15	0	15
ISL1	71	0	71
LOC105378959	0	0	0
LINC02118	0	0	0
LOC105378961	0	0	0
LOC105378962	0	0	0
PELO-AS1	6	386	6
ITGA1	903	0	1037
PELO	718	5	1091
ITGA2-AS1	1	135	0
ITGA2	873	1	872
LOC124900974	0	0	0
MOCS2	486	3	483
MOCS2-DT	24	0	24
LOC107986380	0	0	0
LOC105378965	0	0	0
FST	16	0	16
NDUFS4	362	3	359
LOC124900975	3	0	3
LINC02105	0	0	0
ARL15	116	1	115
MIR581	0	0	0
LINC01033	0	0	0
HSPB3	19	0	19
SNX18	19	0	19
LINC02998	0	0	0
LOC105378969	0	0	0
LOC124900976	0	0	0
ESM1	0	0	0
LOC102467081	0	0	0
GZMK	0	0	0
LOC105378971	0	0	0
GZMA	0	0	0
CDC20B	0	0	0
GPX8	718	0	718
MIR449A	0	0	0
MIR449B	0	0	0
MIR449C	0	0	0
MCIDAS	97	20	121
LOC124900978	35	51	29
CCNO	570	0	571
CCNO-DT	6	28	11
DHX29	400	4	425
MTREX	603	151	672
LOC124900979	2	2	0
LOC107986415	0	0	0
LOC124900977	0	0	0
PLPP1	268	69	419
MIR5687	0	0	0
RNF138P1	1	0	1
LOC124900980	0	0	0
SLC38A9	253	0	253
DDX4	0	0	0
IL31RA	0	0	0
IL6ST	1466	0	1466
IL6ST-DT	6	0	6
LOC124901197	0	0	0
LOC105378976	0	0	0
ANKRD55	2	3	0
LOC101928419	2	0	3
LOC105378977	0	0	0
LINC01948	0	0	0
C5orf67	0	0	0
LOC105378979	0	0	0
MAP3K1	133	0	133
LOC105378980	0	0	0
SETD9	102	40	91
MIER3	325	8	346
LOC124900981	0	0	0
GPBP1	607	0	607
LOC107986381	0	0	0
RMEL3	0	0	0
ACTBL2	4	0	4
LNCBRM	0	0	0
LOC124901182	0	0	0
LOC101928505	0	0	0
LINC02225	0	0	0
LOC124901183	0	0	0
LOC124901202	0	0	0
LINC02101	0	0	0
LOC105378983	0	0	0
LOC105378984	0	0	0
PLK2	1811	0	1811
GAPT	0	0	0
MIR548AE2	0	0	0
LINC02108	0	0	0
RAB3C	1	0	1
PDE4D	1814	52	1766
PDE4D-AS1	3	2	2
LOC107986347	0	0	0
MIR582	2	0	2
LOC105378988	1	0	4
LOC107986350	1	1	0
PART1	0	0	0
DEPDC1B	226	0	226
LOC124900982	5	0	5
ELOVL7	0	0	0
ERCC8	107	0	138
ERCC8-AS1	0	31	0
NDUFAF2	346	6	340
SMIM15	440	4	541
SMIM15-AS1	0	105	0
LINC02057	0	0	0
LOC105378993	0	0	0
LOC105378994	0	1	0
ZSWIM6	510	0	511
LOC105378997	0	0	0
LINC03122	0	0	0
LINC03152	0	0	0
LINC03123	0	0	0
LOC124900983	0	0	0
LOC105378995	0	0	0
LOC105378998	0	0	0
LOC124900610	0	0	0
KIF2A	648	249	777
DIMT1	240	133	485
IPO11	238	0	238
IPO11-LRRC70	0	0	0
LRRC70	2	0	2
LOC107986416	0	0	0
LOC105378999	0	0	0
HTR1A	0	0	0
RNF180	0	0	0
RGS7BP	0	0	0
LOC124900984	0	0	0
SHISAL2B	0	0	0
SREK1IP1	374	0	374
LOC124900985	2	0	2
CWC27	279	0	279
LOC107986419	0	0	0
ADAMTS6	165	0	165
LOC124900986	91	0	91
CENPK	241	0	243
PPWD1	226	5	223
TRIM23	92	0	92
TRAPPC13	218	8	222
SHLD3	23	0	23
SGTB	99	7	104
NLN	552	0	552
ERBIN	864	0	864
LOC100303749	0	0	0
LOC124900212	0	0	0
LOC124900987	21	0	21
SREK1	605	1	604
LOC401191	0	0	0
LINC02065	1	1	0
LOC124901219	0	0	0
LOC124901205	0	0	0
LOC105379004	0	0	0
LOC124900988	0	0	0
LOC105379003	0	0	0
LOC105379002	0	0	0
LINC02229	0	0	0
MAST4	212	0	212
MAST4-AS1	1	0	1
CD180	7	0	7
TILRLS	0	0	0
LOC124900989	0	0	0
LOC101928819	0	0	0
LINC02242	0	0	0
LINC02997	0	0	0
LOC105379007	0	0	0
LOC107986420	0	0	0
LOC124900990	0	0	0
LINC02219	0	0	0
PIK3R1	2	0	2
LOC105379013	0	0	0
LOC105379012	0	0	0
LOC105379011	0	0	0
LOC105379010	0	0	0
LOC124900991	0	0	0
LOC124900198	0	0	0
LOC105379015	0	0	0
LOC107984116	0	0	0
LINC02198	0	0	0
SLC30A5	724	3	721
SNORA50D	0	0	0
CCNB1	2929	1	2930
LOC124901203	4	6	0
LOC112267932	15	0	15
CENPH	592	0	592
KGD4	77	0	77
CDK7	1	0	1
CCDC125	9	0	9
AK6	0	0	0
TAF9	0	0	0
RAD17	5	0	5
MARVELD2	1	0	1
LOC101928924	0	0	0
OCLN	0	0	0
SNORD13B-1	0	0	0
GTF2H2C	2	0	2
GUSBP3	2	0	2
LOC124900997	0	0	0
LOC105379623	0	0	0
LOC124900996	0	0	0
SERF1B	0	0	0
LOC107986372	0	0	0
SMN2	0	0	0
GUSBP14	2	0	2
LOC124900998	0	0	0
LOC105379021	0	0	0
GTF2H2B	1	0	1
GUSBP15	2	0	2
LOC441081	0	0	0
LOC124900992	0	0	0
LOC124900995	0	0	0
LOC105379020	0	0	0
LOC107986355	0	0	0
GUSBP16	3	0	3
LOC101929599	0	0	0
SERF1A	0	0	0
LOC107986373	0	0	0
SMN1	2	0	2
SMN1-AS1	0	0	0
NAIP	0	0	0
LOC112267942	0	0	0
GTF2H2	0	0	0
OCLNP1	3	0	3
SNORD13B-2	0	0	0
LOC124900994	0	0	0
GUSBP17	3	0	3
LOC124900993	0	0	0
LOC105379016	0	0	0
LINC02197	0	0	0
LOC105379025	0	0	0
PMCHL2	0	0	0
LOC107987420	0	0	0
BDP1	0	0	0
LOC124900999	0	0	0
MCCC2	1972	0	1972
CARTPT	0	0	0
LOC105379027	0	0	0
LOC107986382	0	0	0
LOC124901000	0	0	0
LOC105379028	1	0	1
MAP1B	4	0	4
MIR4803	0	0	0
MRPS27	3213	1	3212
LOC107986422	0	0	0
PTCD2	401	4	397
ZNF366	0	0	0
LOC102503427	0	0	0
TNPO1-DT	0	0	0
TNPO1	2348	5	2343
MIR4804	0	0	0
FCHO2-DT	5	0	5
FCHO2	403	1	402
LOC124901001	0	0	0
TMEM171	1	0	1
LOC105379030	0	0	0
TMEM174	0	0	0
LOC340090	0	0	0
LOC124901002	0	0	0
LOC105379031	0	0	0
LINC02230	0	0	0
LOC107986383	0	0	0
FOXD1	2	0	2
LINC01386	0	0	0
BTF3-DT	11	0	11
BTF3	7998	3	7995
ANKRA2	127	1	126
UTP15	260	0	260
ARHGEF28	208	0	208
LOC107986423	0	0	0
LOC105379034	0	0	0
LOC124901003	0	0	0
LINC02122	0	0	0
LOC105379035	0	0	0
LOC124901004	0	0	0
LINC01335	0	0	0
LINC01333	0	0	0
LINC01331	0	0	0
LOC124901005	0	0	0
ENC1	11	0	11
HEXB	2453	6	2483
GFM2	960	38	960
NSA2	1295	2	1308
FAM169A	1	14	0
FAM169A-AS1	0	0	0
LOC124900209	0	0	0
LOC105379039	0	0	0
LOC105379040	0	0	0
GCNT4	0	0	0
ANKRD31	1	0	1
LOC124901006	0	0	0
LOC124901007	0	0	0
HMGCR	1099	3	1096
CERT1	248	0	248
POLK	187	0	187
ANKDD1B	1	0	1
POC5	76	0	76
LOC441087	1	0	1
SV2C	0	0	0
SV2C-AS1	0	0	0
SV2C-AS2	0	0	0
IQGAP2	0	0	0
LOC101929109	0	0	0
F2RL2	3	0	3
NCRUPAR	0	0	0
F2R	97	0	97
LOC124901199	0	0	0
F2RL1	18	0	18
S100Z	0	0	0
CRHBP	0	0	0
AGGF1	396	3	393
ZBED3	645	5	676
SNORA47	3	0	3
PDE8B	626	27	599
ZBED3-AS1	3	0	3
LOC124901008	0	0	0
WDR41	416	3	413
LOC124901009	0	0	0
OTP	0	0	0
OTP-AS1	0	0	0
TBCA	1119	0	1119
LOC101929154	0	0	0
AP3B1	972	1	971
LOC124901010	0	0	0
SCAMP1-AS1	102	3	104
SCAMP1	675	5	675
LHFPL2	713	6	707
LOC124900191	1	1	0
ARSB	304	15	289
DMGDH	0	0	0
BHMT2	0	0	0
BHMT	0	0	0
LOC124901012	0	0	0
LOC124901011	3	0	3
LOC124900205	0	0	0
JMY	245	1	244
LOC102724530	0	0	0
LOC101929201	0	0	0
HOMER1	131	0	131
LOC107986426	0	0	0
LOC124901013	0	0	0
LOC105379047	0	0	0
LOC124901014	0	0	0
TENT2	387	0	387
CMYA5	3	0	3
LOC102724557	0	0	0
LOC105379048	0	0	0
LINC01455	0	0	0
MTX3	258	0	258
THBS4	0	0	0
THBS4-AS1	0	0	0
SERINC5	193	0	193
LOC124901201	0	0	0
LOC644936	0	0	0
LOC124900204	0	0	0
LOC124901015	0	0	0
SPZ1	0	0	0
CRSP8P	2	0	2
ZFYVE16	479	203	341
FAM151B-DT	32	3	95
FAM151B	8	1	8
ANKRD34B	0	0	0
LINC01337	3	0	3
DHFR	1199	4	1199
MSH3	226	0	230
LOC107986428	4	0	4
RASGRF2-AS1	0	0	0
RASGRF2	8	10	0
LOC124901017	2	0	2
CKMT2	7	7	0
CKMT2-AS1	27	0	27
ZCCHC9	131	0	231
ACOT12	1	101	0
SSBP2	106	0	106
LOC107986384	0	0	0
LOC107986385	0	0	0
LOC124901018	0	0	0
ATG10	166	0	168
RPS23	7644	3	7643
ATP6AP1L	91	0	91
LOC124901019	0	0	0
LOC105379050	0	0	0
LOC124901020	0	0	0
MIR3977	0	0	0
LINC01338	0	0	0
LOC107986430	0	0	0
LOC105379051	0	0	0
LOC105379052	5	0	5
TMEM167A	1219	0	1219
SCARNA18	0	0	0
XRCC4	86	0	86
LOC105379053	0	0	0
VCAN	0	0	0
VCAN-AS1	0	0	0
LOC124901021	0	0	0
HAPLN1	0	0	0
LOC107986386	0	0	0
EDIL3	245	5	266
EDIL3-DT	4	21	9
LOC105379059	0	0	0
LOC101929321	0	0	0
LOC105379061	0	0	0
LOC105379062	0	0	0
LOC105379063	0	0	0
NBPF22P	0	0	0
LOC105379064	0	0	0
COX7C	2697	2	2695
SNORD138	1	0	1
LINC02059	0	0	0
MIR4280HG	0	0	0
LOC645261	0	0	0
LOC105379065	0	0	0
MIR4280	0	0	0
LOC101929380	0	0	0
LINC01949	0	0	0
RASA1	189	18	277
LOC124901022	0	0	0
CCNH	464	104	467
LOC644285	4	0	4
LOC105379066	0	0	1
LINC02144	0	0	0
LINC02488	0	0	0
LOC124901023	0	0	0
LOC105379070	0	0	0
TMEM161B	329	0	332
TMEM161B-DT	62	3	62
LOC124900200	0	0	0
LINC02060	0	0	0
MIR9-2HG	0	0	0
MIR9-2	0	0	0
MEF2C-AS2	0	0	0
GSCAR	0	0	0
MEF2C	0	0	0
MEF2C-AS1	0	0	0
LOC105379074	0	0	0
LOC105379073	0	0	0
LOC107986387	0	0	0
LINC02161	0	0	0
LOC124901184	0	0	0
LOC102724637	0	0	0
MIR3660	0	0	0
LINC01339	0	0	0
CETN3	103	0	103
LOC731157	1	0	1
MBLAC2	96	3	126
POLR3G	224	33	224
LYSMD3	186	2	184
ADGRV1	9	0	9
LOC105379077	0	0	0
LOC107986432	0	0	0
LOC107986433	0	0	0
LUCAT1	55	0	55
ARRDC3	565	0	566
ARRDC3-AS1	10	1	10
LOC107986434	0	0	0
LOC105379078	0	0	0
LOC105379080	0	0	0
LOC105379082	0	0	0
LINC02058	0	0	0
LOC107986388	0	0	0
LOC124901025	0	0	0
LOC105379083	0	0	0
NR2F1-AS1	81	519	115
LOC124901026	1	1	0
NR2F1	762	41	1274
LOC124901027	0	0	0
ARB2A	197	6	192
MIR2277	0	0	0
LOC124901028	0	0	0
POU5F2	0	0	0
LOC105379087	0	1	0
KIAA0825	123	2	141
SLF1	877	22	875
MCTP1	129	57	72
MCTP1-AS1	0	0	0
LOC105379085	0	0	0
LOC105379089	0	0	0
FAM81B	0	0	0
SKIC3	649	0	649
ARSK	129	0	129
GPR150	2	0	2
LOC112267933	0	0	0
RFESD	4	0	7
SPATA9	2	89	8
LOC105379090	0	0	0
RHOBTB3	1111	8	1195
GLRX	499	3	496
LOC124901029	4	5	2
LOC102724720	13	0	13
LINC01554	2	0	5
LOC105379091	2	0	2
ELL2	2373	1	2471
CAST	3976	115	5713
LOC101929710	0	0	0
LOC105379096	0	0	0
MIR583	0	0	0
LOC105379675	0	0	0
LOC124901032	0	0	0
LOC107986365	0	0	0
LOC124901034	0	0	0
PCSK1	344	1	343
LOC107986363	8	0	8
ERAP1	507	1790	575
LOC124901031	16	91	6
LOC124901033	0	24	0
ERAP2	41	0	41
LOC124901030	0	0	0
LNPEP	423	0	423
LIX1-AS1	0	0	0
LIX1	0	0	0
RIOK2	294	0	294
LINC01340	0	0	0
LINC02234	0	0	0
LINC01846	0	0	0
RGMB	334	12	327
RGMB-AS1	0	0	5
LOC105379099	0	0	0
CHD1	496	6	500
CHD1-DT	0	7	3
LOC100289230	25	0	25
LOC107986436	2	0	2
LINC02113	0	0	0
LOC105379101	0	0	0
GUSBP19	1	0	1
LOC105379100	0	0	0
FAM174A-DT	0	0	0
FAM174A	441	0	441
ST8SIA4	0	0	0
MIR548P	0	0	0
LOC107986437	0	0	0
LOC107986438	0	0	0
LOC105379102	0	0	0
SLCO4C1	0	0	0
SLCO6A1	0	0	0
LOC124901035	0	0	0
LOC124901036	0	0	0
LINC00492	0	0	0
LINC00491	0	0	0
LOC105379104	0	0	0
PAM	3602	2	3600
LOC105379105	0	0	0
GIN1	64	0	64
PPIP5K2	231	0	231
LOC124901037	0	0	0
MACIR	387	3	384
LINC02115	0	0	0
NUDT12	106	0	106
LOC105379107	0	0	0
LOC101930276	0	0	0
NIHCOLE	22	0	22
LOC105379109	0	0	0
RAB9BP1	0	0	0
LOC105379110	1	0	1
LINC01950	0	0	0
EFNA5	217	0	217
LOC124901038	0	0	0
LOC124901039	0	0	0
FBXL17	244	0	244
LOC105379114	0	0	0
LOC107986440	0	0	0
LINC01023	7	3	4
FER	289	1	295
LOC124901040	0	7	0
LOC285638	1	0	1
PJA2	708	3	705
LOC105379117	0	0	0
MAN2A1-DT	6	33	11
MAN2A1	553	5	586
LINC01848	0	0	0
LOC105379119	0	0	0
TMEM232	1	0	1
MIR548F3	0	0	0
LOC124900207	0	0	0
SLC25A46	691	0	691
LOC105379121	0	0	0
TSLP	0	0	0
WDR36	576	0	576
CAMK4	1	1	0
STARD4	364	2	380
STARD4-AS1	31	128	9
LOC105369177	0	0	0
LOC124901042	0	0	0
NREP	434	3	519
LOC105379122	0	0	0
NREP-AS1	0	0	0
EPB41L4A	534	96	538
EPB41L4A-AS1	315	2	322
SNORA13	1	0	1
LOC124901044	0	43	0
LOC101927023	0	0	0
EPB41L4A-DT	24	34	38
LOC124901043	0	0	0
LINC02200	0	0	0
LOC102467216	0	0	0
APC	253	0	253
SRP19	345	2	345
REEP5	1249	11	1245
LOC105379123	1	0	6
LOC105379126	0	0	0
DCP2	274	2	274
MCC	198	0	200
LOC124901045	0	0	0
LOC107986366	0	0	0
TSSK1B	0	0	0
LOC124901046	2	0	2
YTHDC2	480	0	480
LOC107986441	0	0	0
LOC105379127	0	0	0
LOC124901047	0	0	0
KCNN2	0	0	0
LOC101927078	0	0	0
LINC01957	0	0	0
TRIM36	48	0	48
PGGT1B	214	6	208
CCDC112	61	0	61
LOC105379129	0	0	0
LOC105379130	0	0	0
FEM1C	258	0	258
TMED7-TICAM2	0	0	0
TICAM2	0	0	0
TICAM2-AS1	2	3	0
TMED7	867	0	867
LOC102467217	0	0	0
LOC124901048	0	0	0
CDO1	0	0	0
LOC124901049	3	181	0
ATG12	357	2	534
AP3S1	707	0	708
LINCADL	0	0	0
LVRN	2	0	2
ARL14EPL	0	0	0
COMMD10	132	11	121
MIR12130	0	0	0
LOC101927190	0	0	0
SEMA6A	6	8	0
SEMA6A-AS1	0	0	2
SEMA6A-AS2	0	0	0
LINC02214	0	0	0
LOC105379133	0	0	0
LOC105379136	0	0	0
LOC105379135	0	0	0
LOC105379134	0	0	0
LOC105379137	0	0	0
LOC107986375	0	0	0
LOC105379138	0	0	0
LOC105379139	0	0	0
LINC00992	0	0	0
LOC124900192	0	0	0
LOC124901050	0	0	0
LINC02147	0	0	0
LOC124901051	0	0	0
LINC02148	0	0	0
LINC02208	0	0	0
LINC02216	0	0	0
LINC02215	0	0	0
LOC124901052	0	0	0
DTWD2	184	0	184
MIR1244-2	39	0	39
DMXL1-DT	2	0	2
LOC124901209	0	0	0
DMXL1	332	0	332
MIR5706	0	0	0
TNFAIP8	411	0	411
LOC102723444	2	0	2
HSD17B4	1627	3	1624
LOC107986444	0	0	0
LOC124901198	0	0	0
FAM170A	0	0	0
LOC105379144	0	0	0
LOC124901053	0	0	0
LOC124901054	0	0	0
PRR16	0	0	0
LOC105379147	0	0	0
LOC102467226	0	0	0
LOC105379150	0	0	0
LOC105379149	0	0	0
FTMT	0	0	0
LOC105379148	0	0	0
SRFBP1	99	1157	115
LOX	1572	31	2714
ZNF474-AS1	0	0	0
ZNF474	0	0	0
ZNF475	0	0	0
SNCAIP	0	0	0
SNCAIP-AS2	0	0	0
SNCAIP-AS3	0	0	0
LOC107986446	0	0	0
LOC105379151	0	0	0
LOC101927357	0	0	0
LINC02201	0	0	0
SNX2	935	2	933
LOC105379154	5	12	4
SNX24	291	104	301
LOC124901213	2	3	0
PPIC	90	0	192
PPIC-AS1	0	0	0
PRDM6-AS1	10	7	6
PRDM6	25	0	28
CEP120	233	0	233
CSNK1G3	275	0	275
LINC01170	0	0	0
LOC101927397	0	0	0
LOC107986448	0	0	0
LOC105379155	0	0	0
ZNF608	0	0	0
LOC105379156	0	0	0
LOC105379157	0	0	0
LOC107986391	0	0	0
LOC124901055	0	0	0
LOC105379158	0	0	0
LOC101927421	0	0	0
LOC124901056	0	0	0
LINC02240	0	0	0
LINC02039	0	0	0
LOC101927488	0	0	0
GRAMD2B	723	0	723
LOC101927514	0	0	0
ALDH7A1	1130	0	1130
PHAX	530	0	530
SPMIP10	0	0	0
LOC105379162	0	0	0
LMNB1-DT	0	0	0
LMNB1	1678	7	1671
MARCHF3	22	6	16
LOC105379163	0	0	0
C5orf63	0	0	0
LOC105379198	0	0	0
MEGF10	0	0	0
LOC124901057	0	0	0
LOC105379199	0	0	0
PRRC1	840	0	840
LOC124901058	2	2	0
CTXN3	0	0	0
LOC105379164	0	0	0
CCDC192	1	14	0
LOC124901059	0	0	0
SLC12A2-DT	126	0	139
SLC12A2	168	0	168
FBN2	1	0	1
LOC105379167	0	0	0
LOC105379168	0	0	0
SLC27A6	0	0	0
LOC102723638	0	0	0
LOC124901060	3	290	1
ISOC1	664	1	951
MIR4633	0	0	0
LOC102723654	0	0	0
LOC105379169	0	0	0
MIR4460	0	0	0
ADAMTS19-AS1	0	0	0
ADAMTS19	0	0	0
MINAR2	0	0	0
CHSY3-AS1	0	0	0
CHSY3	0	0	0
LOC105379171	0	0	0
LOC107986449	0	0	0
LOC105379172	0	0	0
HINT1	3012	0	3012
LYRM7	142	0	142
LOC124901061	0	0	0
CDC42SE2	624	0	626
LOC105379173	6	5	3
RAPGEF6	170	0	170
FNIP1	262	0	262
MEIKIN	0	0	0
ACSL6	0	0	0
ACSL6-AS1	0	0	0
LOC124901062	0	0	0
LOC105379174	0	0	0
IL3	0	0	0
CSF2	0	0	0
P4HA2-AS1	0	138	0
P4HA2	1266	1	1403
MIR6830	0	0	0
PDLIM4	3	0	3
LOC124901063	0	0	0
SLC22A4	140	19	243
MIR3936HG	38	182	47
MIR3936	8	0	8
SLC22A5	760	2	827
CARINH	58	0	58
LINC02863	1	0	1
IRF1	854	5	849
IL5	0	0	0
RAD50	391	0	457
TH2LCRR	1	67	0
IL13	1	0	1
IL4	0	0	0
LOC105379176	0	0	0
KIF3A	94	0	94
CCNI2	0	3	0
SEPTIN8	639	0	642
SOWAHA	0	0	0
SHROOM1	358	0	358
LOC124901190	0	0	0
GDF9	4	167	4
UQCRQ	1636	0	1803
LEAP2	9	0	9
AFF4	1543	7	1536
AFF4-DT	0	0	0
ZCCHC10	191	0	191
HSPA4	3642	4	3638
LOC105379178	0	0	0
FSTL4	0	0	0
CTB-49A3.2	0	0	0
FSTL4-AS1	0	0	0
LOC124901068	0	0	0
CTB-3M24.3	0	0	0
MIR1289-2	0	0	0
LOC124901066	0	0	0
LOC124901210	0	0	0
WSPAR	0	0	0
LOC105379182	0	0	0
C5orf15	1308	5	1306
LOC105379183	0	0	3
VDAC1	7444	17	7427
LOC124901069	0	0	0
TCF7	10	0	10
SKP1	3698	1	3697
PPP2CA	2331	2	2874
MIR3661	0	546	1
PPP2CA-DT	4	1	3
CDKL3	28	122	26
UBE2B	455	4	571
CDKN2AIPNL	648	1	647
LINC02999	1	0	1
LINC01843	14	0	14
LOC124901070	1	1	4
JADE2	1251	38	1217
LOC124901191	1	1	0
SAR1B	476	0	476
SEC24A	500	13	487
LOC124901192	0	0	0
CAMLG	229	0	229
DDX46	909	0	909
C5orf24	742	1	741
TXNDC15	811	0	812
LOC124901071	0	1	0
PCBD2	125	1	124
CATSPER3	27	0	27
PITX1	2423	5	2438
PITX1-AS1	56	1342	54
EPIST	1	1	0
LOC124901072	2	0	2
LINC02900	0	0	0
MACROH2A1	2874	43	4152
DCANP1	0	0	0
TIFAB	0	0	0
LOC124901073	0	0	0
NEUROG1	0	0	0
CXCL14	0	0	0
SLC25A48	0	0	0
SLC25A48-AS1	0	0	0
MIR5692C1	0	0	0
LOC107986453	0	0	0
LOC124901074	0	0	0
IL9	0	0	0
FBXL21P	0	0	0
LECT2	0	0	0
LOC105379189	1	0	1
TGFBI	1914	1	1913
VTRNA2-1	1	1	0
SMAD5-AS1	2	0	15
SMAD5	550	15	548
SMIM32	0	0	0
TRPC7	0	0	0
TRPC7-AS1	0	0	0
TRPC7-AS2	0	0	0
LOC124901075	0	0	0
LOC124901076	4	0	4
CTB-1I21.1	65	0	65
SPOCK1	1038	0	1038
LOC105379192	0	0	0
KLHL3	37	0	37
MIR874	0	0	0
HNRNPA0	4657	8	4649
NPY6R	0	0	0
PKD2L2-DT	21	0	34
LOC107986368	0	3	0
MYOT	3	13	0
PKD2L2	2	122	2
FAM13B	321	2	459
FAM13B-AS1	5	16	7
LOC124901077	0	0	0
WNT8A	0	0	0
NME5	0	0	0
LOC124901208	0	0	0
BRD8	1161	0	1161
KIF20A	1489	7	1488
CDC23	615	4	617
GFRA3	11	0	11
CDC25C	203	65	204
LOC100128966	4	0	4
FAM53C	1352	2	1416
KDM3B	1693	0	1693
REEP2	1	0	1
EGR1	749	2	747
LOC124901078	0	0	0
ETF1	2790	1	2789
HSPA9	6939	3	8100
SNORD63B	3	0	3
SNORD63	0	0	0
LOC105379193	0	1164	0
LOC124901196	0	0	0
CTNNA1-AS1	1	0	1
CTNNA1	8036	2	8034
LRRTM2	0	0	0
SIL1	962	1	1256
LOC124901079	1	295	1
LOC124901080	1	1	0
LOC124901081	2	31	0
MATR3	2564	1	2565
SNHG4	440	0	461
SNORA74D	0	0	0
SNORA74A	0	0	0
PAIP2	1407	3	1404
SLC23A1	60	2	58
MZB1	2	1	1
PROB1	54	1	53
SPATA24	121	84	37
DNAJC18	0	0	0
LOC124901082	0	0	0
ECSCR	0	0	0
SMIM33	0	0	0
STING1	0	0	0
LOC124901083	1	0	1
UBE2D2	1061	1	1060
CXXC5	1131	0	1208
CXXC5-AS1	0	75	0
LOC124901084	0	2	0
LOC124901085	0	0	0
PSD2-AS1	0	0	0
PSD2	0	0	0
NRG2	12	0	12
LOC124900193	16	17	0
MALINC1	3	0	3
PURA	393	9	385
IGIP	67	0	67
LOC124901086	0	0	0
LOC101929719	2	1	1
CYSTM1	1423	10	1413
PFDN1	1028	0	1028
HBEGF	79	0	79
SLC4A9	0	0	0
ANKHD1-DT	20	0	20
LOC124901087	1	0	1
ANKHD1-EIF4EBP3	1	1	0
ANKHD1	14	0	14
EIF4EBP3	0	0	0
SRA1	882	2	881
APBB3	314	33	307
MIR6831	0	0	0
SLC35A4	0	0	0
LOC131768270	0	0	0
LOC112267855	1	0	1
LOC124900208	0	0	0
TMCO6	268	763	284
CD14	16	0	16
NDUFA2	10	27	767
IK	1359	0	1373
MIR3655	0	0	0
LOC124901088	6	111	6
WDR55	537	19	939
DND1	171	446	49
HARS1	1270	13	1257
HARS2	732	0	732
ZMAT2	1022	0	1022
LOC105378198	0	0	0
VTRNA1-1	0	0	0
VTRNA1-2	1	0	1
VTRNA1-3	0	0	0
PCDHA1	0	0	0
PCDHA2	0	0	0
PCDHA3	0	0	0
PCDHA4	0	0	0
PCDHA5	0	0	0
PCDHA6	0	0	0
PCDHA7	0	0	0
PCDHA8	0	0	0
PCDHA9	0	0	0
PCDHA10	0	0	0
LOC112267934	0	0	0
PCDHA11	0	0	0
PCDHA12	0	0	0
PCDHA13	0	0	0
PCDHAC1	0	0	0
PCDHAC2	0	0	0
LOC124901090	0	0	0
PCDHB1-AS1	0	0	0
PCDHB1	0	0	0
PCDHB2	0	0	0
PCDHB3	0	0	0
PCDHB4	0	0	0
PCDHB5	0	0	0
PCDHB6	0	0	0
PCDHB17P	0	0	0
PCDHB7	0	0	0
PCDHB8	0	0	0
PCDHB16	0	0	0
PCDHB9	0	0	0
PCDHB10	0	0	0
PCDHB11	0	0	0
PCDHB12	0	0	0
PCDHB13	0	0	0
PCDHB14	0	0	0
PCDHB18P	0	0	0
PCDHB19P	0	0	0
PCDHB15	0	0	0
LOC105378199	0	0	0
SLC25A2	0	0	0
TAF7	1243	0	1243
PCDHGA1	13	0	13
PCDHGA2	0	0	0
PCDHGA3	0	0	0
PCDHGB1	1	0	1
PCDHGA4	0	0	0
PCDHGB2	0	0	0
PCDHGA5	0	0	0
PCDHGB3	0	0	0
PCDHGA6	2	0	2
PCDHGA7	0	0	0
PCDHGB4	0	0	0
PCDHGA8	0	0	0
PCDHGB5	0	0	0
PCDHGA9	0	0	0
PCDHGB6	0	0	0
PCDHGA10	8	0	8
PCDHGB7	1	0	1
PCDHGA11	2	0	2
PCDHGB8P	0	0	0
PCDHGA12	0	0	0
PCDHGC3	0	0	0
PCDHGC4	0	0	0
PCDHGC5	0	0	0
DIAPH1	3228	4	3531
LOC124901091	3	307	3
DIAPH1-AS1	0	0	0
HDAC3	1117	2	1115
RELL2	22	41	41
FCHSD1	233	20	273
ARAP3	590	2	588
LOC124901092	3	0	3
LOC124901093	0	0	0
LOC124901094	0	0	0
LOC107986454	0	0	0
PCDH1	877	0	877
LOC729080	0	0	0
DELE1	1145	2	1143
PCDH12	40	29	14
RNF14	626	1	633
LOC124901095	0	5	0
GNPDA1	724	4	720
LOC105378204	0	0	0
NDFIP1	1942	0	1942
LOC107986455	3	3	0
LOC124901096	4	0	4
SPRY4	19	0	19
SPRY4-IT1	0	0	0
SPRY4-AS1	0	0	0
FGF1	1	0	1
LOC124901195	0	0	0
LINC01844	0	0	0
ARHGAP26	252	0	268
ARHGAP26-AS1	0	0	0
LOC107986457	0	0	0
LOC124901097	0	16	0
LOC124901098	0	0	0
ARHGAP26-IT1	0	0	0
LOC124901099	0	0	0
LOC124901100	3	0	3
NR3C1	1004	0	1004
LOC128966704	4	3	1
LOC105378208	0	0	0
LOC105378209	0	0	0
LOC105378210	0	0	0
MIR5197	0	0	0
HMHB1	0	0	0
YIPF5	722	0	722
KCTD16	0	0	0
PRELID2	2	0	2
LOC105378211	0	0	0
GRXCR2	0	0	0
LOC107986458	2	2	0
SH3RF2	161	0	161
LOC107986459	0	0	0
PLAC8L1	7	2	5
LARS1	1862	2	1860
RBM27-POU4F3	0	0	0
RBM27	208	0	208
POU4F3	0	0	0
LOC105378213	0	0	0
TCERG1	1307	2	1305
GPR151	0	0	0
PPP2R2B-AS2	0	0	0
PPP2R2B	98	0	98
LOC107986461	0	0	0
PPP2R2B-IT1	0	0	0
LOC105378214	0	0	0
STK32A-AS1	0	0	0
STK32A	0	0	0
DPYSL3	1	0	1
JAKMIP2-AS1	0	0	0
JAKMIP2	0	0	0
LOC105378218	0	0	0
SPINK1	7	0	14
LOC124901101	4	11	0
SCGB3A2	102	0	102
C5orf46	2	0	2
SPINK5	24	0	24
LOC124901185	0	0	0
SPINK14	0	0	0
SPINK6	82	0	82
MARCOL	70	0	73
FBXO38-DT	20	46	1
SPINK13	69	0	91
SPINK7	0	0	0
SPINK9	1	1	0
FBXO38	607	0	607
HTR4	0	0	0
LOC107986462	0	0	0
ADRB2	23	0	23
SH3TC2	34	0	34
MIR584	0	0	0
SH3TC2-DT	0	0	0
ABLIM3	7	0	7
LOC124901102	0	0	0
AFAP1L1	162	0	162
LOC124901103	0	0	0
GRPEL2	252	1	276
GRPEL2-AS1	0	25	0
PCYOX1L	191	0	191
IL17B	0	0	0
LOC101927046	0	0	0
CARMN	0	0	0
MIR143	0	0	0
MIR145	0	0	0
CSNK1A1	1601	1	1600
LOC124901105	0	0	0
ARHGEF37	190	0	190
LOC124901104	2	2	0
LOC124901221	0	0	0
LOC105378224	0	0	0
PPARGC1B	290	0	290
MIR378A	2	0	2
PDE6A	0	0	0
MFFP2	0	0	0
SLC26A2	175	0	175
TIGD6	90	1	96
HMGXB3	1644	7	1644
LOC124901207	8	8	0
CSF1R	174	2	172
PDGFRB	199	0	199
CDX1	0	0	0
SLC6A7	0	0	0
CAMK2A	19	0	19
ARSI	26	1	25
LOC105378225	0	0	0
LOC105378226	0	0	0
TCOF1	2121	1	2120
CD74	9	5	4
LOC124901106	0	0	0
RPS14	13076	1	13076
NDST1-AS1	0	37	0
NDST1	1890	2	1926
LOC124901211	0	0	0
SYNPO	1931	1	1930
LOC124901108	0	0	0
LOC124901107	2	2	0
MYOZ3	2	1	1
MYOZ3-AS1	1	0	1
RBM22	931	0	931
DCTN4	998	0	998
LOC124901110	0	0	0
SMIM3	0	0	0
IRGM	2	1	1
LOC124901113	0	0	0
LOC124901111	0	0	0
ZNF300	131	0	131
LOC124901112	0	0	0
ZNF300P1	2	0	2
LOC124901114	0	0	0
LOC105378228	5	0	5
GPX3	6	6	0
TNIP1	1956	1	1955
ANXA6	1766	1	1765
LOC107986463	0	0	0
CCDC69	0	0	0
LOC105378230	0	0	0
LOC124901115	0	0	0
GM2A	765	0	766
SLC36A3	0	1	0
SLC36A2	0	0	0
SLC36A1	126	0	127
LOC105378234	0	0	0
FAT2	0	1	0
MIR6499	0	0	0
LOC105378231	0	0	0
LOC124901116	0	0	0
SPARC	35	0	41
CLMAT3	0	6	0
ATOX1	259	0	260
ATOX1-AS1	0	1	0
LOC100652758	30	100	30
G3BP1	2240	1	2339
GLRA1	1	1	0
LINC01933	0	0	0
LOC105378236	0	0	0
LOC105378237	0	0	0
NMUR2	0	0	0
LINC01470	0	0	0
LOC124901117	0	0	0
GRIA1	0	0	0
LINC01861	0	0	0
LOC107986464	0	0	0
LOC107983980	0	0	0
FAM114A2	225	0	225
MFAP3	538	0	538
LOC124901118	0	0	0
GALNT10	729	3	726
LOC107986465	4	0	4
MIR1294	0	0	0
SAP30L-AS1	3	2	1
SAP30L	676	1	675
HAND1	0	0	0
MIR3141	0	0	0
LARP1	4274	10	4272
MIR1303	0	0	0
LOC112267936	6	0	8
FAXDC2	73	17	62
MIR378H	0	0	0
CNOT8	1252	1	1251
LOC124901119	2	1	1
GEMIN5	835	2	833
MRPL22	493	0	493
KIF4B	1	0	1
LOC105378239	0	0	0
SGCD	0	0	0
LOC124901120	0	0	0
LOC105377673	0	0	0
PPP1R2B	2	0	2
TIMD4	0	0	0
HAVCR1	0	0	0
HAVCR2	1	0	1
MED7	145	0	145
GARIN3	0	0	0
ITK	0	0	0
CYFIP2	0	0	0
FNDC9	0	0	0
NIPAL4-DT	0	0	0
NIPAL4	0	0	0
ADAM19	0	0	0
LOC124901121	0	0	0
SOX30	0	0	0
LOC105377675	0	0	0
C5orf52	0	0	0
LOC105377676	0	0	0
THG1L	179	2	177
LSM11	335	0	335
CLINT1	1522	0	1522
LOC107986466	0	0	0
LOC105377677	0	0	0
LOC105377678	0	0	0
LINC02227	0	0	0
LOC124901122	0	0	0
EBF1	47	0	47
LINC02202	3	0	3
LOC107986467	2	0	2
RNF145	1529	9	1537
LOC107986468	0	9	5
LINC01932	0	0	0
LOC124900203	0	0	0
UBLCP1	230	0	230
LOC105377683	0	0	0
IL12B	0	0	0
IL12B-AS1	0	0	0
LINC01845	0	0	0
LOC124901123	0	0	0
LOC105377685	0	0	0
LOC105377684	0	0	0
LOC105377687	0	0	0
LOC105377688	0	0	0
LINC01847	0	0	0
ADRA1B	0	0	0
LOC101927790	0	0	0
TTC1	694	0	694
LOC124901124	4	0	4
PWWP2A	269	2	267
FABP6	0	0	0
FABP6-AS1	0	0	0
CCNJL	23	0	23
LOC105377691	0	0	0
C1QTNF2	2	0	2
FAM200C	33	0	33
SLU7	581	0	581
PTTG1	1679	0	1679
MIR3142HG	0	0	0
MIR3142	0	0	0
MIR146A	0	0	0
ATP10B	0	0	0
LINC02159	0	0	0
LOC105377693	0	0	0
GABRB2	0	0	0
LOC105377694	0	0	0
GABRA6	0	0	0
GABRA6-AS1	0	0	0
LOC105377696	0	0	0
GABRA1	1	0	1
LINC01202	0	0	0
GABRG2	0	0	0
LOC105377697	0	0	0
LOC105377698	0	0	0
LOC105377699	0	0	0
LOC105377700	0	0	0
LOC124901125	0	0	0
CCNG1	1565	246	1564
NUDCD2	238	3	480
HMMR	243	0	328
HMMR-AS1	1	86	0
MAT2B	1121	0	1121
LOC102724458	0	0	0
LINC03000	0	0	0
LINC02143	0	0	0
LOC102546299	0	0	0
LOC105377702	0	0	0
LINC01938	0	0	0
LOC105377705	0	0	0
LOC105377706	0	0	0
LINC01947	0	0	0
TENM2	1	2	1
LOC101927908	0	0	0
TENM2-AS2	0	0	0
LOC124901126	0	0	0
TENM2-AS4	0	0	0
TENM2-AS3	2	0	2
MIR12125	0	0	0
LOC124901128	0	0	1
TENM2-AS1	6	0	9
WWC1	1818	5	1815
LOC124901129	0	0	0
RARS1	1598	1	1597
FBLL1	2	0	2
PANK3	1455	1	1454
MIR103A1	0	0	0
MIR103B1	0	0	0
SLIT3	4	4	0
SLIT3-AS2	1	0	1
MIR218-2	0	0	0
LOC105377713	0	0	0
LOC107986472	0	0	0
LOC124901130	0	0	0
SLIT3-AS1	0	0	0
LOC105377712	0	0	0
MIR585	0	0	0
LOC124901131	0	0	0
LOC105377714	0	0	0
LOC105377715	0	0	0
SPDL1	871	0	871
DOCK2	1	0	1
INSYN2B	0	0	0
MIR378E	0	0	0
FOXI1	0	0	0
LINC01187	0	0	0
C5orf58	0	0	0
LCP2	0	0	0
LOC100128059	0	0	0
LINC01366	0	0	0
KCNIP1	1	1	0
KCNMB1	0	0	0
KCNIP1-OT1	0	0	0
LOC124901132	0	0	0
KCNIP1-AS1	0	0	0
LOC107986473	1	0	1
LOC107986474	0	0	0
LOC107986475	0	0	0
GABRP	0	0	0
RANBP17	128	4	124
LOC124901133	0	0	0
TLX3	319	5	314
SNORA70J	0	0	0
MIR3912	0	0	0
NPM1	14347	2	14345
FGF18	0	0	0
LOC105377721	0	0	0
LOC105377720	2	2	0
LOC105377722	0	0	0
LOC107986392	1	0	1
LOC124901134	0	0	0
LOC105377724	0	0	0
LOC105377723	0	0	0
SMIM23	0	0	0
LOC105377725	0	0	0
LOC107986476	0	0	0
FBXW11	1146	0	1146
STK10	898	9	889
EFCAB9	0	0	0
UBTD2	438	0	438
LOC124900201	0	0	0
LOC100288254	0	0	0
SH3PXD2B	1351	0	1351
LOC105377727	0	0	0
LOC107984004	0	0	0
LINC01944	0	0	0
LOC105377729	0	0	0
LOC107986478	0	0	0
NEURL1B	97	0	97
MIR5003	0	0	0
LOC107986479	0	0	0
LOC101928093	1	1	0
DUSP1	9161	1	9160
LOC105377730	1	0	1
ERGIC1	8233	3	8230
LOC124901135	4	4	0
MIR10523	0	0	0
RPL26L1	351	1	351
RPL26L1-AS1	14	5	10
ATP6V0E1	1558	0	1558
SNORA74B	0	0	0
CREBRF	54	0	54
BNIP1	137	0	137
NKX2-5	0	0	0
LOC105377731	0	0	0
LOC124901136	0	0	0
MIR12118	0	0	0
STC2	274	0	274
LOC124901137	0	0	0
MIR8056	0	0	0
LOC105377732	0	0	0
LOC105377733	0	0	0
LINC02995	3	3	0
BOD1	468	0	468
LINC01863	0	0	0
LINC01942	0	0	0
LINC01484	1	0	1
LOC107984118	16	0	16
LOC124901138	0	0	0
LOC107986482	0	0	0
LINC01485	0	0	0
CPEB4	410	0	410
C5orf47	0	0	0
NSG2	0	0	0
LOC102724551	0	0	0
LOC124901139	0	0	0
LINC01411	21	0	21
LOC105377739	0	0	0
LOC105377740	0	0	0
MSX2	0	0	0
MIR4634	0	0	0
LOC105377742	0	0	0
LINC01951	0	0	0
LOC107986484	0	0	0
DRD1	0	0	0
LOC124901204	0	0	0
SFXN1	1889	2	1887
HRH2	0	0	0
LOC105377743	0	0	0
LOC124901140	0	0	0
CPLX2	0	0	0
LOC105377744	0	0	0
THOC3	694	0	694
THOC3-AS1	0	0	0
LOC124900194	0	0	0
LOC124901141	0	0	0
LOC100996385	0	0	0
FAM153B	0	0	0
LOC107986487	0	0	0
CEP192P1	0	0	0
SIMC1	25	0	25
KIAA1191	2051	0	2051
ARL10	0	0	0
MIR1271	0	0	0
NOP16	837	2	838
HIGD2A	1549	9	1543
CLTB	854	0	854
FAF2	1634	2	1632
LOC124901142	1	0	1
RNF44	950	0	951
LOC124901143	3	4	0
CDHR2	6	28	0
GPRIN1	385	0	407
SNCB	0	0	0
MIR4281	0	0	0
EIF4E1B	0	0	0
TSPAN17	907	1	906
LOC124901144	0	0	0
LINC01574	0	0	0
UNC5A	118	0	118
HK3	2	2	0
UIMC1	405	1	404
LOC124901145	1	0	1
ZNF346	296	0	296
FGFR4	550	0	550
NSD1	1274	3	1271
RAB24	412	11	402
PRELID1	1600	0	3770
MXD3	217	2172	214
LMAN2	5318	2	5316
RGS14	124	1	123
SLC34A1	0	0	0
PFN3	0	0	0
F12	157	0	157
GRK6	719	26	693
PRR7-AS1	20	11	26
PRR7	333	14	337
DBN1	2425	6	2419
PDLIM7	1937	0	1937
DOK3	98	0	98
DDX41	2035	2	2033
FAM193B	651	9	642
FAM193B-DT	1	0	1
TMED9	3677	0	3677
B4GALT7	443	0	443
SIMC1P1	7	7	0
LOC107986489	1	0	1
FAM153A	2	2	0
LOC105377752	0	0	0
LOC105377753	0	0	0
LOC728554	0	0	0
LOC124901146	0	0	0
LOC100128340	0	0	0
PROP1	0	0	0
FAM153CP	0	0	0
LOC124901147	5	0	5
LOC105377754	1	0	1
N4BP3	590	1	589
RMND5B	803	1129	896
NHP2	708	114	1816
GMCL2	0	0	0
HNRNPAB	3260	26	4047
PHYKPL	358	837	334
LOC112267937	0	0	0
COL23A1	0	0	0
LOC105377757	0	0	0
LOC124901148	0	0	0
CLK4	119	0	119
MSANTD5	0	0	0
ZNF354A	29	0	29
AACSP1	0	0	0
ZNF354B	55	0	55
LOC107986493	0	0	0
ZFP2	0	0	0
ZNF454-DT	0	0	0
ZNF454	0	0	0
GRM6	0	0	0
ZNF879	0	0	0
ZNF354C	2	1	1
ADAMTS2	0	0	0
LOC124900195	0	0	0
LOC105377759	0	0	0
LOC124901149	0	0	0
LOC107986494	0	0	0
LOC124901224	0	0	0
LOC128966623	0	0	0
LOC100289470	0	0	0
LOC105377762	0	0	0
RUFY1	0	0	0
RUFY1-AS1	0	0	0
HNRNPH1	137	0	137
SPATA31J1	0	0	1
LOC100502572	0	0	0
LOC105377763	2	2	1
CBY3	0	0	0
CANX	883	0	883
MAML1	20	0	20
LTC4S	0	0	0
MGAT4B	11	3	11
MIR1229	0	0	0
SQSTM1	2	0	5
MRNIP	0	0	0
MRNIP-DT	0	0	0
TBC1D9B	106	0	106
RNF130	341	0	488
LOC124901150	3	150	0
MIR340	0	0	0
RASGEF1C	8	0	8
MAPK9	766	0	766
LOC124901151	50	0	50
GFPT2	726	3	723
LOC124901152	11	0	11
LOC124901153	1	0	2
LOC102725231	30	3	28
CNOT6	852	2	850
SCGB3A1	0	0	0
LOC124901154	0	0	0
FLT4	1	0	1
LINC02222	0	0	0
OR2Y1	0	0	0
MGAT1	1968	10	1958
ZFP62	172	0	172
HEIH	0	0	0
LINC00847	44	71	44
LOC124901155	0	0	0
BTNL8	0	0	0
BTNL3	0	0	0
BTNL9	0	0	0
MIR8089	0	0	0
TRV-CAC1-2	0	0	0
TRL-AAG1-1	0	0	0
TRL-AAG1-2	0	0	0
TRV-CAC1-3	0	0	0
OR2V1	0	0	0
OR2V2	0	0	0
TRV-AAC1-2	0	0	0
TRV-AAC1-3	0	0	0
TRV-CAC1-4	0	0	0
TRL-AAG1-3	0	0	0
TRL-AAG2-1	1	1	0
TRV-AAC2-1	0	0	0
TRP-TGG3-1	0	0	0
LINC01962	2	3	2
TRT-TGT6-1	0	0	0
TRIM7-AS2	9	122	11
TRIM7	219	18	352
TRIM7-AS1	4	18	16
TRA-TGC3-1	0	0	0
TRK-CTT2-2	0	0	0
TRV-AAC1-4	0	0	0
TRK-CTT2-3	0	0	0
TRV-CAC1-5	0	0	0
MIR4638	2	2	0
TRIM41	1023	16	1007
RACK1	24806	17	24804
SNORD96A	12	0	12
SNORD95	8	0	8
CTC-338M12.4	69	35	95
TRIM52	216	144	119
TRIM52-AS1	40	4	37
LOC100132062	1	0	1
OR4F3	0	0	0
LOC124901156	1	0	2
LOC124901157	0	1	0
LOC107986552	0	0	0
SEPTIN14P6	0	0	0
LIRIL2R	0	0	0
LINC03066	0	0	0
LOC105374870	0	0	0
DUSP22	297	0	297
IRF4	0	0	0
EXOC2	629	0	629
HUS1B	5	0	5
LOC105374873	0	0	0
LOC101927691	3	0	3
LOC124901236	0	0	0
LINC01622	4	0	4
LOC124901237	0	0	0
LOC124901532	0	0	0
LOC105374879	4	0	4
FOXQ1	0	0	0
FOXF2-DT	44	182	50
FOXF2	222	16	491
MIR6720	0	0	0
LOC102723944	30	0	30
LOC105374883	1	0	1
LOC124901238	0	0	0
LOC107986555	0	0	0
FOXCUT	3	3	0
FOXC1	844	1	843
GMDS	751	1	750
LOC107986514	0	0	0
LOC124901239	1	0	1
LOC107986512	0	0	0
GMDS-DT	19	0	19
LINC01600	0	0	0
LINC02521	0	0	0
MYLK4	7	672	9
LOC124901240	0	0	0
WRNIP1	944	2	1616
LOC124901241	3	2	1
SERPINB1	2242	3	2239
MIR4645	2	0	2
SERPINB9P1	50	0	50
SERPINB9-AS1	0	0	0
SERPINB9	0	0	0
SERPINB6	4007	2	4005
LINC01011	35	42	73
NQO2-AS1	12	43	51
NQO2	1429	8	2020
HTATSF1P2	121	714	25
LOC101927759	50	0	52
LOC124901242	6	0	6
RIPK1	613	53	748
LOC107986556	2	189	1
BPHL	279	0	279
TUBB2A	82	0	82
LOC105374889	0	0	0
LINC02525	0	0	0
TUBB2B	0	0	0
LOC100422781	0	0	0
PSMG4	381	0	382
SLC22A23	167	41	135
LOC105374890	0	0	0
LOC643327	0	8	0
LOC100507336	1	0	1
PXDC1	818	27	791
LOC124901244	0	0	0
FAM50B	78	0	79
LOC107986557	0	1	0
TGILR	3	0	3
LOC124901245	44	2	42
PRP4K	1202	1	1201
FAM217A	0	0	0
TEX56P	5	1123	0
ECI2	378	1	1495
ECI2-DT	3	0	3
LOC107986559	0	0	0
LOC124901246	3	0	3
LOC102724096	0	0	0
LOC101927888	0	0	0
LOC107986560	0	0	0
LOC105374894	3	0	3
LOC107986561	0	0	0
LOC124901247	0	0	0
LINC02533	0	0	0
KU-MEL-3	0	0	0
CDYL	889	0	889
CDYL-AS1	0	0	0
LOC105374897	3	0	3
RPP40	93	8	127
LYRM4-AS1	20	34	28
LOC124901248	0	0	0
LYRM4	421	7	417
PPP1R3G	11	0	11
MIR3691	0	0	0
LOC124901249	4	0	4
FARS2	553	3	554
FARS2-AS1	0	0	0
LOC101927950	0	1	0
LOC124901250	1	0	1
LOC124901251	0	0	0
LOC124901252	0	0	0
LOC107986516	1	0	1
LOC105374898	0	0	0
NRN1	1	0	1
F13A1	0	0	0
MIR7853	0	0	0
MIR5683	0	0	0
LOC124901253	0	0	0
LY86-AS1	0	0	0
LY86	2	0	2
LOC101928004	6	2	4
LOC101928047	0	0	0
LOC105374901	0	0	0
LOC124901254	0	0	0
LOC105374903	9	1	8
LINC03055	37	0	37
LOC105374904	0	0	0
RREB1	1669	1	1668
SSR1	4062	3	4059
CAGE1	1	4	1
RIOK1	386	0	390
LOC102724234	0	0	0
DSP-AS1	54	2	52
DSP	6775	2	6773
SNRNP48	595	0	595
LOC105374906	5	0	5
BMP6	970	363	1055
BLOC1S5-TXNDC5	0	79	0
TXNDC5	51	1	50
PIP5K1P1	1	0	1
EEF1E1-BLOC1S5	0	0	0
BLOC1S5	0	0	0
EEF1E1	27	0	27
SCARNA27	0	0	0
LOC105374910	0	0	0
LOC105374911	0	0	0
SLC35B3	238	0	238
LOC100506207	0	0	0
HULC	0	0	0
LOC112267952	0	0	0
LOC105374914	0	0	0
LOC107986562	0	0	0
LOC124901255	0	0	0
LOC124901484	0	0	0
OFCC1	0	0	0
LOC105374919	0	0	0
LOC124900218	0	0	0
LOC105374918	0	0	0
LOC105374920	0	0	0
LOC105374921	0	0	0
LOC124901485	3	0	3
TFAP2A	1607	56	2714
TFAP2A-AS2	103	864	39
TFAP2A-AS1	29	318	48
LOC107986564	2	0	4
LINC00518	17	4	27
MIR5689HG	1	11	2
MIR5689	0	0	0
LINC02522	1	1	0
LOC101928146	0	0	0
GCNT2	0	0	0
C6orf52	0	0	0
PAK1IP1	0	0	0
TMEM14C	1	0	1
TMEM14B-DT	10	8	6
TMEM14B	1486	0	1502
MAK	15	26	1
GCM2	0	0	0
SYCP2L	0	0	0
LOC101928191	0	0	0
ELOVL2	0	0	0
ELOVL2-AS1	0	0	0
SMIM13	837	9	828
ERVFRD-1	0	0	0
NEDD9	413	1	412
LOC124901256	0	0	0
LOC105374925	2	0	2
LOC105374927	0	0	0
LOC105374928	0	0	0
LOC105374929	0	0	0
TMEM170B	193	0	193
LOC340184	0	0	0
LOC124900221	0	0	0
ADTRP	8	0	8
LOC124901258	1	1	0
LOC107986567	0	7	0
LOC124901257	0	0	7
LOC102724379	0	0	0
LOC107986570	0	0	0
LOC101928253	0	0	0
HIVEP1	369	0	369
EDN1	133	9	124
LOC124901260	0	0	0
LOC105374931	0	0	0
LINC02530	0	0	0
LOC107984015	0	0	0
PHACTR1	0	1	0
LOC105374935	0	0	0
LOC105374934	0	0	0
LOC124901262	0	0	0
LOC105374933	0	0	0
TBC1D7-LOC100130357	1	0	1
LOC100130357	5	0	6
TBC1D7	1	0	1
LOC124901261	1	0	1
LOC105374936	0	0	0
GFOD1	494	8	519
GFOD1-AS1	0	31	2
LOC105374937	20	1	20
SIRT5	82	41	199
LOC105374938	0	34	0
LOC124901263	0	70	41
NOL7	1291	340	1333
RANBP9	717	44	1055
LOC124901523	1	1	0
LOC124901264	4	4	0
MCUR1	974	5	1204
LOC107986571	1	232	4
RNF182	237	1	236
LOC105374939	0	0	0
LOC124901265	0	0	0
CD83	1111	0	1111
LOC105374940	1	0	1
LINC01108	0	0	0
LOC124901266	0	0	0
LOC105374943	0	0	0
LOC105374942	0	0	0
LOC101928331	2	0	2
LOC101928354	0	0	0
LOC102724463	0	0	0
LOC105374945	0	0	0
LOC105374946	0	0	0
JARID2-DT	11	0	11
JARID2	565	11	557
JARID2-AS1	1	3	1
DTNBP1	166	0	368
LOC105374947	1	200	0
DTNBP1-AS1	0	3	0
LOC102724520	0	0	0
LOC105374948	0	0	0
LOC105374949	0	0	0
LINC02543	0	0	0
MYLIP	151	0	151
MIR4639	0	0	0
GMPR	5	0	5
ATXN1	385	0	385
LOC127903862	0	0	0
ATXN1-AS1	42	0	42
LOC124901268	0	0	0
LOC107986573	0	0	0
LOC105374951	0	0	0
LOC124901269	0	0	0
LOC101928463	0	0	0
STMND1	0	0	0
RBM24	0	0	0
CAP2	332	0	332
LOC101928491	0	0	0
LOC102724591	0	0	0
FAM8A1	342	0	342
NUP153	1045	42	1105
NUP153-AS1	2	60	44
KIF13A	1323	0	1345
LOC105374953	0	22	0
NHLRC1	0	0	0
TPMT	533	1	532
KDM1B	377	2	377
DEK	1977	2	1982
LOC124901270	1	5	1
RNF144B	67	0	67
LOC124901544	0	0	0
LOC124901271	0	0	0
LOC105374955	0	0	0
MIR548A1HG	0	0	0
MIR548A1	0	0	0
LOC105374957	0	0	0
TRQ-CTG1-1	0	0	0
LOC105374958	0	0	0
LOC101928519	0	0	0
LOC105374961	0	0	0
LOC107986575	0	0	0
LOC105374960	0	0	0
LNC-LBCS	1	0	1
LOC105374963	0	0	0
ID4	0	0	0
LOC105374965	1	0	1
MBOAT1	324	0	324
LOC101928573	0	0	0
LOC124901272	0	0	0
LOC124901482	3	22	12
E2F3	785	9	807
E2F3-IT1	0	0	0
CDKAL1	183	0	231
LOC124901273	0	0	0
LOC105374968	1	0	1
LOC105374966	0	0	0
LOC107986578	1	49	0
LINC00581	0	0	0
LOC107986579	0	0	0
SOX4	683	13	670
LOC124901483	0	0	0
CASC15	5	0	5
LOC124901274	0	0	0
LOC105374970	0	0	0
NBAT1	2	2	0
LOC124901275	0	0	0
PRL	0	0	0
LOC105374971	0	0	0
HDGFL1	0	0	0
LINC03005	0	0	0
LOC105374973	0	0	0
LOC102724736	0	0	0
LOC105374974	0	0	0
LOC105374976	0	0	0
LOC102724749	0	0	0
LOC105374975	0	0	0
LOC124901276	0	0	0
NRSN1	0	0	0
LOC124900220	0	0	0
DCDC2	1	0	1
KAAG1	0	0	0
MRS2	476	6	779
GPLD1	13	325	18
ALDH5A1	97	0	184
LOC124901277	0	66	0
KIAA0319	30	0	30
TDP2	490	0	490
ACOT13	685	65	640
LOC124901279	1	2	1
LOC124901278	2	2	0
C6orf62	2059	11	2066
LINC02828	0	0	0
GMNN	978	0	979
LOC124901280	0	0	0
ARMH2	0	1	0
RIPOR2	24	0	24
LOC105374981	0	0	0
LOC102724765	1	1	0
CMAHP	119	0	119
LOC124901282	0	0	0
UBE2D3P5	0	0	0
LOC124901283	0	0	0
LOC101928663	1	0	1
CARMIL1	774	2	772
LOC124901281	0	0	0
SCGN	0	0	0
LOC124901284	0	0	0
SLC17A1	0	0	0
H2AC1	0	0	0
H2BC1	0	0	0
H2AC2P	0	0	0
SLC17A4	0	0	0
LOC124901285	0	0	0
SLC17A3	0	0	0
SLC17A2	0	0	0
TRIM38	404	0	404
LINC02980	65	2	63
H1-1	0	0	0
H3C1	2	0	2
H4C1	1	0	1
H4C2	1	0	1
H3C2	60	0	60
H2AC4	0	0	0
H2BC3	0	0	0
H3C3	0	0	0
H1-2	1614	2	1612
HFE-AS1	2	42	0
HFE	338	0	378
H4C3	3	0	3
H1-6	0	0	0
H2BC4	34	0	34
H2AC6	266	0	266
H1-4	23	0	23
H2BC5	144	0	144
H2BC6-AS1	27	26	1
H2BC6	1	1	0
H4C4	0	0	0
H3C4	22	2	20
H2AC7	0	0	0
H2BC7	14	0	14
H4C5	17	1	16
H2BC8	15	0	15
H2AC8	80	0	80
H3C6	27	0	27
H1-3	0	0	0
H4C6	0	0	0
H4C7	0	0	0
H3C7	5	0	5
H2BC9	39	0	39
LOC105374986	2	0	2
H3C8	49	0	50
H2BC10	0	1	0
H4C8	8	0	8
LOC124901287	2	0	2
TRX-CAT1-2	0	0	0
TRR-TCG4-1	0	0	0
TRS-GCT6-1	0	0	0
TRQ-TTG3-1	0	0	0
TRQ-TTG3-2	0	0	0
TRS-TGA3-1	1	0	1
TRX-CAT1-3	5	0	5
TRW-CCA3-1	0	0	0
TRR-TCG2-1	0	0	0
LOC101928743	0	0	0
TRS-AGA2-1	0	0	0
TRR-ACG1-1	0	0	0
TRX-CAT1-4	0	0	0
TRW-CCA3-2	0	0	0
LOC124901288	0	0	0
BTN3A2	901	0	901
BTN2A2	127	1	126
BTN3A1	673	0	673
BTN2A3P	47	0	47
BTN3A3	388	0	388
BTN2A1	2	0	2
LOC285819	0	0	0
LOC107986583	0	0	0
BTN1A1	0	0	0
TRL-CAG1-7	0	0	0
HCG11	0	0	0
TRT-AGT2-1	0	0	0
TRR-ACG1-2	0	0	0
TRV-CAC1-6	0	0	0
HMGN4	0	0	0
TRA-CGC1-1	0	0	0
TRI-AAT5-1	0	0	0
TRP-AGG2-2	0	0	0
TRK-CTT2-4	0	0	0
TRY-GTA1-1	0	0	0
LOC105374988	0	0	0
TRA-AGC11-1	0	0	0
TRY-GTA8-1	0	0	0
TRY-GTA3-1	0	0	0
TRY-GTA6-1	0	0	0
ABT1	373	0	373
LOC105374989	0	0	0
ZNF322	61	0	61
LOC102724851	0	0	0
TRA-AGC14-1	0	0	0
TRA-AGC12-1	0	0	0
TRA-AGC10-1	0	0	0
LOC105374991	0	0	0
TRM-CAT5-1	0	0	0
TRNAA-AGC	0	0	0
TRI-AAT7-1	0	0	0
TRA-AGC9-1	0	0	0
TRM-CAT4-1	0	0	0
TRM-CAT4-2	0	0	0
TRI-AAT6-1	0	0	0
TRM-CAT4-3	0	0	0
TRNAA-AGC_1	0	0	0
TRI-AAT7-2	0	0	0
LOC105374992	0	0	0
LOC124901289	0	0	0
TRNAA-AGC_2	0	0	0
TRM-CAT5-2	0	0	0
TRNAA-AGC_3	0	0	0
LOC124901290	0	0	0
TRNAA-AGC_4	0	0	0
TRA-AGC14-2	0	0	0
GUSBP2	7	0	7
LINC00240	2	0	2
LARRPM	21	4	17
TRI-TAT2-2	1	0	1
TRP-CGG2-1	0	0	0
TRS-GCT1-1	1	1	0
H2BC11	50	0	50
H2AC11	40	0	40
H2BC12	1178	5	1173
H4C9	28	5	23
H2AC12	3	0	3
MIR3143	0	0	0
TRH-GTG1-5	0	0	0
TRT-AGT6-1	0	0	0
TRI-AAT5-2	0	0	0
TRV-CAC6-1	0	0	0
TRS-CGA2-1	0	0	0
TRR-ACG2-2	0	0	0
TRR-ACG2-3	0	0	0
LOC124901293	0	0	0
TRL-TAA4-1	0	0	0
TRV-AAC5-1	0	0	0
TRI-AAT5-3	0	0	0
PRSS16	109	0	109
TRI-AAT9-1	0	0	0
TRI-AAT3-1	0	0	0
TRV-CAC2-1	0	0	0
TRV-TAC4-1	0	0	0
TRQ-CTG5-1	0	0	0
TRS-GCT2-1	0	0	0
POM121L2	0	0	0
LOC105375107	0	0	0
VN1R10P	0	0	0
TRX-CAT1-5	0	0	0
TRK-TTT6-1	0	0	0
ZNF204P	0	0	0
ZNF391	0	0	0
ZNF184	59	0	59
LOC105375001	11	0	11
TRS-AGA2-2	0	0	0
TRD-GTC2-6	0	0	0
TRS-AGA2-3	0	0	0
TRS-AGA2-4	0	0	0
TRD-GTC2-7	0	0	0
TRS-TGA4-1	0	0	0
TRQ-CTG1-2	0	0	0
TRS-AGA3-1	0	0	0
TRS-AGA1-1	0	0	0
TRS-TGA2-1	0	0	0
TRQ-CTG2-1	0	0	0
TRS-AGA4-1	0	0	0
TRR-TCT5-1	0	0	0
TRK-TTT9-1	1	0	1
TRD-GTC3-1	0	0	0
TRK-TTT4-1	0	0	0
TRX-CAT1-6	0	0	0
TRL-CAA3-1	0	0	0
TRL-CAA2-1	0	0	0
TRT-CGT5-1	0	0	0
TRI-TAT2-3	0	0	0
TRV-AAC3-1	0	0	0
LOC124901292	0	0	0
TRI-AAT8-1	0	0	0
TRR-ACG2-4	0	0	0
TRS-CGA3-1	0	0	0
TRV-AAC4-1	0	0	0
TRT-AGT2-2	0	0	0
TRI-AAT2-1	0	0	0
LINC01012	5	0	5
LOC124901291	0	0	0
TRL-TAA2-1	0	0	0
TRT-AGT4-1	0	0	0
TRV-AAC1-5	0	0	0
LOC100131289	0	0	0
TRQ-CTG6-1	0	0	0
TRQ-TTG3-3	0	0	0
H2BC13	12	0	12
H2AC13	25	0	25
H3C10	48	0	48
H2AC14	1	0	1
H2BC14	1	0	1
H4C11	1	0	1
H4C12	15	0	15
H2AC15	13	0	13
H2BC15	15	5	10
H2AC16	1	0	1
H1-5	1	1	0
H3C11	0	0	0
H4C13	0	0	0
H3C12	3	0	3
H2AC17	38	0	38
H2BC17	11	0	11
TRX-CAT1-7	0	0	0
TRG-GCC2-3	0	0	0
OR2B2	0	0	0
OR2B6	7	0	7
LOC124901506	0	1	0
OR2B8	1	0	1
ZNF165	38	5	33
ZSCAN12P1	41	33	20
ZSCAN16-AS1	63	18	76
ZSCAN16	36	3	51
ZKSCAN8	623	2	621
ZKSCAN8P1	23	0	23
TRS-GCT5-1	0	0	1
TOB2P1	53	1	53
ZSCAN9	202	1	201
ZKSCAN4	148	2	146
NKAPL	0	0	0
ZSCAN26	115	0	115
PGBD1	138	0	138
ZSCAN31	67	4	63
ZKSCAN3	128	0	128
ZSCAN12	210	0	210
LOC105374998	0	0	0
ZSCAN23	0	0	0
TRT-TGT1-1	0	0	0
TRL-AAG4-1	0	0	0
LOC124901294	11	0	11
TRT-CGT1-1	0	0	0
LOC124901295	2	0	2
GPX6	0	0	0
GPX5	0	0	0
TRI-TAT3-1	0	0	0
LOC107986586	0	0	0
TRR-TCG5-1	0	0	0
SCAND3	4	0	4
ZBED9-AS1	0	0	0
TRQ-TTG2-1	0	0	0
TRS-GCT4-1	0	0	0
TRA-AGC3-1	0	0	0
LOC105374996	0	0	0
TRA-TGC2-1	0	0	0
TRT-CGT3-1	0	0	0
LINC00533	0	0	0
TRA-AGC4-1	0	0	0
TRA-CGC2-1	0	0	0
TRA-AGC5-1	0	0	0
TRA-AGC7-1	0	0	0
TRT-AGT3-1	0	0	0
TRA-CGC4-1	0	0	0
TRV-AAC6-1	0	0	0
TRR-CCG1-1	0	0	0
TRK-TTT7-1	0	0	0
TRA-TGC6-1	0	0	0
TRF-GAA6-1	0	0	0
TRF-GAA5-1	0	0	0
TRA-TGC1-1	0	0	0
TRF-GAA1-1	0	0	0
TRA-AGC1-1	0	0	0
TRA-TGC7-1	0	0	0
TRF-GAA3-1	0	0	0
TRA-AGC6-1	0	0	0
TRA-TGC5-1	0	0	0
TRF-GAA4-1	0	0	0
LOC124901296	0	0	0
TRA-AGC2-1	0	0	0
LINC01623	0	0	0
TRA-AGC2-2	0	0	0
TRR-CCG1-2	0	0	0
TRL-CAA1-1	0	0	0
HCG14	0	0	0
TRIM27	0	0	0
TRL-CAA1-2	0	0	0
TRQ-CTG1-3	0	0	0
TRL-AAG2-2	0	0	0
LINC01556	0	0	0
TRM-CAT3-1	0	0	0
TRK-TTT3-3	0	0	0
TRM-CAT3-2	0	0	0
TRF-GAA1-2	0	0	0
TRE-CTC1-6	0	0	0
HCG15	0	0	0
TRL-AAG3-1	0	0	0
ZNF311	0	0	0
LOC105375002	0	0	0
OR2W1-AS1	0	0	0
OR2W1	0	0	0
OR2B3	0	0	0
OR2J1	0	0	0
OR2J3	0	0	0
OR2J2	0	0	0
LOC124901297	0	0	0
LINC03003	0	0	0
LOC105375006	0	0	0
LOC105375005	0	0	0
OR14J1	0	0	0
OR5V1	0	0	0
OR12D3	0	0	0
OR12D2	0	0	0
OR12D1	0	0	0
OR11A1	0	0	0
OR10C1	0	0	0
LOC105379641	0	0	0
OR2H1	0	0	0
LOC105375008	0	0	0
MAS1L	0	0	0
LOC124901486	0	0	0
LINC02829	0	0	0
LINC01015	0	0	0
OR2I1	0	0	0
UBD	0	0	0
SNORD32B	0	0	0
OR2H2	0	0	0
GABBR1	0	0	0
MOG	0	0	0
ZFP57	0	0	0
HLA-F	0	0	0
HLA-F-AS1	0	0	0
IFITM4P	0	0	0
HCG4	0	0	0
HLA-V	0	0	0
HLA-G	0	0	0
LOC105375010	0	0	0
HCP5B	0	0	0
HLA-H	0	0	0
HCG4B	0	0	0
LOC124901298	0	2	0
HLA-A	199	0	201
HCG9	0	0	0
POLR1HASP	0	0	0
HLA-J	0	0	0
POLR1H	0	0	0
PPP1R11	0	0	0
RNF39	0	0	0
TRIM31	0	0	0
TRIM31-AS1	0	0	0
LOC124900227	0	0	0
TRIM40	0	0	0
TRIM10	0	0	0
TRIM15	0	0	0
TRIM26	0	0	0
HCG17	0	0	0
HLA-L	0	0	0
HCG18	0	0	0
TRIM39	0	0	0
TRIM39-RPP21	0	0	0
RPP21	0	0	0
LOC105375012	0	0	0
HLA-E	0	0	0
LINC02569	0	0	0
GNL1	0	0	0
PRR3	0	0	0
ABCF1	0	0	0
MIR877	0	0	0
PPP1R10	0	0	0
MRPS18B	0	0	0
ATAT1	0	0	0
C6orf136	0	0	0
DHX16	0	0	0
PPP1R18	0	0	0
NRM	0	0	0
MDC1	0	0	0
MDC1-AS1	0	0	0
TUBB	0	0	0
FLOT1	0	0	0
IER3-AS1	0	0	0
IER3	0	0	0
HCG20	0	0	0
LINC00243	0	0	0
LINC02570	0	0	0
DDR1	0	0	0
MIR4640	0	0	0
GTF2H4	0	0	0
VARS2	0	0	0
SFTA2	0	0	0
LOC124901299	0	0	0
MUCL3	0	0	0
HCG21	0	0	0
MUC21	0	0	0
MUC22	0	0	0
HCG22	0	0	0
C6orf15	0	0	0
PSORS1C1	7	0	8
CDSN	0	0	0
PSORS1C2	0	1	0
CCHCR1	86	0	86
TCF19	16	0	16
POU5F1	0	0	0
PSORS1C3	0	0	0
HCG27	0	0	0
HLA-C	2	0	2
LINC02571	0	0	0
LOC112267902	0	0	0
HLA-B	3	0	3
MIR6891	0	0	0
LOC124901300	0	0	0
MICA-AS1	1	0	1
MICA	106	0	106
LINC01149	0	0	0
HCP5	0	0	0
HCG26	0	0	0
MICB-DT	0	0	0
MICB	0	0	0
MCCD1	0	0	0
ATP6V1G2-DDX39B	0	0	0
DDX39B	0	0	0
SNORD117	0	0	0
SNORD84	0	0	0
DDX39B-AS1	0	0	0
ATP6V1G2	0	0	0
NFKBIL1	0	0	0
LOC100287329	0	0	0
LTA	0	0	0
TNF	0	0	0
LTB	0	0	0
LST1	0	0	0
NCR3	0	0	0
AIF1	0	0	0
PRRC2A	0	0	0
SNORA38	0	0	0
MIR6832	0	0	0
BAG6	0	0	0
APOM	0	0	0
C6orf47	0	0	0
GPANK1	0	0	0
CSNK2B	0	0	0
LY6G5B	0	0	0
LY6G5C	0	0	0
LOC105375019	0	0	0
ABHD16A	0	0	0
LOC105375018	0	0	0
MIR4646	0	0	0
LY6G6F-LY6G6D	0	0	0
LY6G6F	0	0	0
LY6G6E	0	0	0
LY6G6D	0	0	0
LY6G6C	0	0	0
MPIG6B	0	0	0
DDAH2	0	0	0
CLIC1	0	0	0
MSH5-SAPCD1	0	0	0
MSH5	0	0	0
SAPCD1	0	0	0
SAPCD1-AS1	0	0	0
VWA7	0	0	0
VARS1	0	0	0
LSM2	0	0	0
HSPA1L	0	0	0
HSPA1A	0	0	0
HSPA1B	0	0	0
SNHG32	0	0	0
SNORD48	0	0	0
SNORD52	0	0	0
NEU1	0	0	0
SLC44A4	0	0	0
EHMT2-AS1	0	0	0
EHMT2	0	0	0
C2	0	0	0
ZBTB12	0	0	0
C2-AS1	0	0	0
CFB	2	0	2
NELFE	5	0	5
MIR1236	0	0	0
SKIC2	0	0	0
DXO	0	0	0
WHR1	0	0	0
C4A	0	0	0
CYP21A1P	0	0	0
TNXA	0	0	0
C4B	0	0	0
CYP21A2	0	0	0
TNXB	0	0	0
ATF6B	0	0	0
FKBPL	0	0	0
PRRT1	0	0	0
LOC100507547	0	0	0
PPT2	0	0	0
PPT2-EGFL8	0	0	0
EGFL8	0	0	0
AGPAT1	0	0	0
MIR6721	0	0	0
RNF5	0	0	0
MIR6833	0	0	0
AGER	0	0	0
PBX2	0	0	0
GPSM3	0	0	0
NOTCH4	0	0	0
TSBP1-AS1	0	0	0
TSBP1	0	0	0
HCG23	0	0	0
BTNL2	0	0	0
HLA-DRA	0	0	0
HLA-DRB5	0	0	0
HLA-DRB6	0	0	0
HLA-DRB1	0	0	0
HLA-DQA1-AS1	0	0	0
HLA-DQA1	0	0	0
HLA-DQB1	0	0	0
HLA-DQB1-AS1	0	0	0
LOC102725019	0	0	0
HLA-DQA2	0	0	0
MIR3135B	0	0	0
HLA-DQB2	0	0	0
HLA-DOB	0	0	0
TAP2	0	0	0
PSMB8	0	0	0
PSMB8-AS1	0	0	0
TAP1	0	0	0
PSMB9	0	0	0
LOC100294145	0	0	0
HLA-DMB	0	0	0
HLA-DMA	0	0	0
LOC124901302	0	0	0
BRD2	3	0	3
HLA-DOA	0	0	0
HLA-DPA1	0	0	0
HLA-DPB1	0	0	0
HLA-DPB2	0	0	0
LOC105375021	0	0	0
HCG24	0	0	0
COL11A2	0	0	0
RXRB	0	0	0
SLC39A7	0	0	0
HSD17B8	0	0	0
MIR219A1	0	0	0
RING1	0	0	0
LOC105375022	0	0	0
HCG25	0	0	0
VPS52	0	0	0
RPS18	0	0	0
B3GALT4	0	0	0
WDR46	0	0	2
MIR6873	0	0	0
PFDN6	0	2	0
MIR6834	0	0	0
RGL2	0	0	0
TAPBP	0	0	0
ZBTB22	0	0	0
DAXX	20	0	20
LOC124901303	0	0	0
SMIM40	0	0	0
KIFC1	0	0	0
PHF1	0	0	0
CUTA	0	0	0
SYNGAP1	4	0	9
SYNGAP1-AS1	0	5	0
MIR5004	0	0	0
ZBTB9	0	0	0
LOC107986537	0	0	0
BAK1	1106	0	1106
GGNBP1	0	0	0
LINC00336	0	0	0
ITPR3	6604	61	6548
LOC124901305	1	0	5
ITPR3-AS1	2	10	1
UQCC2	254	7	252
MIR3934	7	7	0
LOC124901304	5	0	5
IP6K3	1	0	1
LEMD2	1080	6	1074
LOC105375024	1	0	1
MLN	2	2	0
LOC105375025	0	0	0
LOC124901306	0	0	0
LOC105375027	0	0	0
LINC01016	4	2	2
LOC105375026	0	0	0
MIR7159	0	0	0
LOC107986590	0	0	0
LOC124901307	0	0	0
LOC124901308	0	0	0
MIR1275	0	0	0
GRM4	1	1	0
LOC124901225	88	0	88
HMGA1	7408	9	7399
MIR6835	2	0	2
SMIM29	137	0	139
SMIM29-AS1	6	8	0
NUDT3	846	5	841
RPS10-NUDT3	0	0	0
RPS10	4	0	4
PACSIN1	0	0	0
SPDEF	14	0	14
ILRUN	2730	11	3021
LOC124901535	0	0	0
LOC105375028	0	0	0
LOC124901540	0	0	0
ILRUN-AS1	8	297	19
SNRPC	1588	0	1588
BLTP3A	847	3	846
TAF11	561	6	557
ANKS1A	722	5	717
TCP11	1	0	1
LOC112267955	3	1	2
SCUBE3	3	4	0
SCUBE3-AS1	14	0	15
ZNF76	638	0	638
DEF6	3	0	3
PPARD	547	0	547
FANCE	934	0	934
RPL10A	10821	4	10817
MIR7111	0	0	0
TEAD3	464	0	464
TULP1	1	1	0
LOC124901309	0	0	0
LINC03135	0	0	0
LOC124901310	1	0	1
FKBP5	1190	0	1190
LOC124900228	0	0	0
MIR5690	0	0	0
LOC285847	0	3	0
ARMC12	8	0	11
CLPSL2	0	0	0
CLPSL1	0	0	0
CLPS	0	0	0
LHFPL5	0	0	0
SRPK1	1428	0	1428
LOC124901311	3	0	3
SLC26A8	0	0	0
LOC105375035	0	0	0
LOC105375034	0	0	0
MAPK14	1134	0	1134
MAPK13	104	0	104
BRPF3-AS1	8	21	7
BRPF3	623	0	643
LOC105375036	0	0	0
PNPLA1	17	0	17
BNIP5	0	0	0
ETV7	1	0	1
ETV7-AS1	0	0	0
PXT1	2	0	5
KCTD20	1579	7	1575
STK38	742	0	742
SRSF3	4043	2	4041
MIR3925	0	0	0
LOC105375038	1	0	1
PANDAR	1	1	0
CDKN1A	8194	3	8192
DINOL	1	0	2
RAB44	0	0	0
CPNE5	7	0	7
PPIL1	451	0	555
C6orf89	1246	104	1246
PI16	5	0	5
MTCH1	3970	3	3967
FGD2	0	0	0
PIM1	1006	6	1000
TMEM217B	0	0	0
TMEM217	16	0	16
LOC124901537	0	0	0
TBC1D22B	372	10	411
LOC105375040	0	0	0
RNF8	376	0	376
CMTR1	884	6	885
LOC107986531	1	4	2
CCDC167	102	7	97
LINC02520	0	0	0
LOC124901312	0	0	0
MIR4462	0	0	0
LOC124901313	0	0	0
MDGA1	3	0	3
ZFAND3-DT	4	1	4
ZFAND3	887	0	888
LOC124901314	2	0	2
BTBD9	1	0	1
LOC124901315	0	0	0
LOC105375045	0	0	0
BTBD9-AS1	0	0	0
LOC105375044	0	0	0
GLO1	2641	0	2641
DNAH8-DT	0	0	0
DNAH8	0	0	0
LOC124900223	0	0	0
DNAH8-AS1	0	0	0
GLP1R	0	0	0
MIR9983	0	0	0
LOC105375046	0	0	0
SAYSD1	70	0	70
KCNK5	275	1	274
KCNK17	0	0	0
LOC105375047	0	0	0
KCNK16	0	0	0
KIF6	0	0	0
LOC107986594	0	0	0
DAAM2	0	0	0
LOC124901487	0	0	0
DAAM2-AS1	0	0	0
MOCS1	0	0	0
LOC102723789	0	0	0
LOC105375049	0	0	0
LOC105375050	0	0	0
LINC00951	0	0	0
TDRG1	1	0	1
LRFN2	0	0	0
LOC105379699	0	0	0
LOC105375051	0	0	0
LOC101929535	0	0	0
LOC105375052	0	0	0
LOC105375053	0	0	0
LOC101929555	0	0	0
UNC5CL	32	0	34
TSPO2	0	2	0
APOBEC2	0	5	0
OARD1	191	57	194
NFYA	279	0	334
ADCY10P1	1	0	1
TREML1	0	0	0
TREM2	0	0	0
LOC107986595	0	0	0
TREML2	0	0	0
TREML3P	0	0	0
LOC105375055	0	0	0
TREML4	0	0	0
TREML5P	0	0	0
TREM1	0	0	0
NCR2	0	0	0
LOC100505711	0	0	0
LOC107986538	0	0	0
LOC112267957	0	0	0
LINC01276	2	2	0
FOXP4-AS1	9	0	9
FOXP4	709	0	709
MIR4641	0	0	0
MDFI	0	0	0
TFEB	484	0	484
MIR10398	0	0	0
PGC	0	0	0
FRS3	100	3	98
PRICKLE4	363	6	358
TOMM6	2030	2	2029
USP49	270	13	258
LOC124900222	0	0	0
MED20	224	0	224
BYSL	1229	1	1228
CCND3	3105	3	3102
LOC105375059	0	0	0
TAF8	464	0	464
C6orf132	0	0	0
GUCA1ANB-GUCA1A	0	0	0
CIMIP3	0	0	0
GUCA1A	0	0	0
GUCA1B	7	0	7
MRPS10	605	0	605
LOC105375061	0	4	0
TRERF1	509	0	514
LOC124901316	2	2	0
LOC124900214	5	0	5
LOC107986596	0	0	0
LOC124901534	0	0	0
LOC124901317	0	0	0
UBR2	646	0	646
PRPH2	0	0	0
ATP6V0CP3	0	0	0
TBCC	726	1	725
BICRAL	318	0	318
LOC401261	14	0	14
RPL7L1	2441	1	2440
PEX39	89	1	88
PTCRA	0	0	0
CNPY3	785	6	779
CNPY3-GNMT	0	0	0
LINC02976	20	0	20
GNMT	6	6	0
PEX6	616	15	603
LOC124900215	1	1	0
PPP2R5D	768	137	1467
MEA1	457	953	577
KLHDC3	2238	0	2475
RRP36	1091	0	1095
CUL7	893	41	1099
LOC124901318	10	237	16
MRPL2	976	1	976
KLC4	382	2	463
KLC4-AS1	0	82	0
PTK7	2	0	2
SRF	1133	3	1130
CUL9	814	9	808
DNPH1	1266	2	1267
TTBK1	0	0	0
SLC22A7	0	0	0
LOC124901319	0	0	0
CRIP3	0	0	0
ZNF318	483	0	498
LOC124901227	0	15	0
LOC105375065	0	0	0
ABCC10	287	1	289
MIR6780B	0	0	0
DLK2	25	27	1
TJAP1	760	0	760
LRRC73	13	0	13
YIPF3	2471	1	2470
POLR1C	704	184	618
XPO5	1707	5	1800
LOC124901522	1	0	1
LOC124900224	0	0	0
POLH	594	43	560
GTPBP2	2153	2	2160
MAD2L1BP	575	1	574
RSPH9	10	801	0
MRPS18A	296	0	1087
LOC124901320	0	0	0
VEGFA	2055	10	2045
LOC105375070	0	0	0
LOC105375069	0	0	0
LINC02537	0	0	0
LOC105375068	0	0	0
LINC01512	2	0	2
LOC124901321	39	32	141
SCIRT	56	411	97
LINC03040	1227	7	1528
MRPL14	855	0	861
TMEM63B	1404	17	1609
LOC107986599	0	214	2
CAPN11	2	0	2
LOC105375072	0	0	0
MYMX	0	0	0
SLC29A1	1002	1	1001
HSP90AB1	21612	9	21603
SLC35B2	3506	5	3501
MIR4647	0	0	0
NFKBIE	252	0	252
TMEM151B	2	0	2
DRC5	24	0	24
AARS2	558	1	640
LOC124901322	0	83	0
SPATS1	4	3	1
LOC124901323	7	35	13
CDC5L	562	7	596
MIR4642	0	0	0
LOC105375074	0	0	0
LOC105375075	0	0	0
LOC124901325	0	0	0
LOC101929770	0	12	0
SUPT3H	76	0	88
MIR586	0	0	0
RUNX2	41	0	41
LOC124901324	11	2	9
RUNX2-AS1	0	0	0
LOC124901518	0	0	0
CLIC5	0	0	0
LOC124901326	0	0	0
ENPP4	0	0	0
ENPP5	0	0	0
LOC105375079	0	0	0
RCAN2	0	0	0
LOC101926915	0	0	0
RCAN2-DT	0	0	0
CYP39A1	3	0	3
SLC25A27	52	0	52
TDRD6-AS1	0	0	0
TDRD6	8	0	8
PLA2G7	0	0	0
ANKRD66	0	0	0
MEP1A	0	0	0
ADGRF5	0	0	0
LOC124901488	0	0	0
ADGRF5-AS1	0	0	0
LOC105375080	0	0	0
LOC124901489	0	0	0
ADGRF1	0	0	0
LOC105375081	0	0	0
TNFRSF21	323	0	323
LOC105375082	0	0	0
CD2AP-DT	0	14	0
CD2AP	396	0	410
ADGRF2P	0	0	0
ADGRF4	23	0	23
OPN5	0	0	0
LOC107986601	0	0	0
PTCHD4	2	0	2
LOC107986602	0	0	0
LOC124901478	0	0	0
MMUT	375	0	375
CENPQ	243	0	243
GLYATL3	0	0	0
C6orf141	0	0	0
RHAG	0	0	0
CRISP2	0	0	0
CRISP3	0	0	0
PGK2	0	0	0
LOC101927020	0	0	0
LOC101927048	0	0	0
CRISP1	0	0	0
DEFB133	0	0	0
DEFB114	0	0	0
DEFB113	0	0	0
DEFB110	0	0	0
DEFB112	0	0	0
LOC100505985	0	0	0
LOC124901479	0	0	0
TFAP2D	0	0	0
LOC105375084	0	0	0
LOC124901490	0	0	0
TFAP2B	0	0	0
LOC105375085	0	0	0
LOC124900230	0	0	0
PKHD1	0	0	0
LOC101927082	0	0	0
LOC124900615	0	0	0
LOC105375087	0	0	0
LOC124901327	0	0	0
MIR206	0	0	0
LINCMD1	0	0	0
MIR133B	0	0	0
IL17A	0	0	0
LOC102724327	0	0	0
IL17F	0	0	0
LOC124901328	0	0	0
MCM3	4851	1	4850
LOC124901329	2	0	2
PAQR8	51	0	51
LOC124901331	0	10	1
EFHC1	137	1	147
TRAM2	1502	0	1502
TRAM2-AS1	47	2	45
LOC124901330	0	0	0
LOC730101	26	0	26
TMEM14A	462	0	462
GSTA7P	0	0	0
GSTA2	0	0	0
GSTA1	0	0	0
GSTA5	0	0	0
LOC105375091	0	0	0
GSTA3	0	0	0
GSTA4	29	0	29
RN7SK	8	0	8
CILK1	202	0	202
LOC128092246	0	0	0
FBXO9	1183	2	1181
LOC128031835	0	0	0
GCM1	1	0	1
LOC124901332	1	0	1
ELOVL5	2661	19	2642
MIR5685	0	0	0
RPS16P5	0	0	0
GCLC-AS1	0	0	0
GCLC	488	0	488
KILH	0	0	0
LINC01564	0	0	0
KLHL31	28	2	26
LOC124901334	0	0	0
LOC124901333	2	0	2
LRRC1	175	0	175
LOC101927189	0	0	0
MLIP-IT1	0	0	0
MLIP	0	0	0
MLIP-AS1	0	0	0
LOC105375097	0	0	0
LOC124901335	0	0	0
LOC105375098	0	0	0
TINAG	0	0	0
TINAG-AS1	0	0	0
LOC107986606	0	0	0
FAM83B	250	2	248
HCRTR2	0	0	0
LOC124901491	0	0	0
GFRAL	0	0	0
HMGCLL1	0	0	0
BMP5	0	0	0
LOC107986539	0	0	0
LOC105375100	0	0	0
COL21A1	0	0	0
DST	773	0	773
DST-AS1	0	0	0
BEND6	39	3	36
KIAA1586	209	0	209
ZNF451	482	0	482
ZNF451-AS1	5	5	0
BAG2	969	188	992
RAB23	184	25	370
PRIM2	500	0	500
LINC03001	0	0	0
MIR548U	0	0	0
LOC105375103	0	0	0
TRI-AAT1-1	0	0	0
LOC105375102	0	0	0
TRA-AGC24-1	0	0	0
TRNAI-AAU	0	0	0
LOC105375101	0	0	0
TRA-AGC13-2	0	0	0
TRM-CAT7-1	0	0	0
LOC101927268	0	0	0
TRA-AGC12-3	0	0	0
GUSBP4	24	0	24
LINC00680-GUSBP4	0	0	0
LINC00680	29	0	29
LOC101927293	3	0	3
LOC124901336	0	0	0
KHDRBS2	0	0	0
FKBP1C	1	0	1
LGSN	70	0	70
PTP4A1	16	9	18
LOC124901228	0	0	0
LOC128125822	77	0	77
PHF3	406	2	409
EYS	15	13	7
SCAT8	3	0	3
LOC105377836	0	0	0
LOC107986608	0	0	0
LOC105377837	0	0	0
LOC107986607	0	0	0
ZC3H11C	9	0	9
SLC25A51P1	0	0	0
LOC105377838	0	0	0
LOC105377840	0	0	0
LOC105377839	0	0	0
LOC105377841	0	0	0
LOC107986540	0	0	0
LOC124900229	0	0	0
LOC105377843	0	0	0
LOC105377842	0	0	0
LOC105377845	0	0	0
LOC107986610	0	0	0
LOC105377844	0	0	0
LOC102723883	0	0	0
LOC105377846	0	0	0
LINC02549	0	0	0
ADGRB3-DT	0	0	0
ADGRB3	0	0	0
LOC127898563	0	0	0
LOC124901492	0	0	0
LMBRD1	406	0	406
LOC124901337	3	0	3
COL19A1	0	0	0
COL9A1	0	0	0
LOC105377848	2	0	2
LOC105377847	0	4	0
LINC01610	0	0	4
FAM135A-AS1	1	0	1
FAM135A	129	0	129
SDHAF4	80	0	80
SMAP1	144	2	757
B3GAT2	3	618	0
LOC105377850	0	0	0
LOC124901229	0	0	0
LOC124901508	0	0	0
LOC124901338	0	0	0
LOC124901339	3	1	2
OGFRL1	461	5	456
MIR30C2	2	0	2
MIR30A	0	0	0
LINC00472	176	7	173
LINC01626	4	0	8
LOC105377853	0	0	0
RIMS1	432	89	343
LOC107986611	0	0	0
KCNQ5-DT	0	0	0
KCNQ5	0	0	0
KCNQ5-IT1	0	0	0
LOC124901340	0	0	0
LOC105377855	0	0	0
MIR4282	0	0	0
KCNQ5-AS1	0	0	0
LOC122539213	0	0	0
KHDC1L	1	0	1
KHDC1	1	0	1
KHDC1-AS1	9	9	8
C6orf147	9	0	9
DPPA5	0	0	0
KHDC3L	0	0	0
OOEP	0	0	0
OOEP-AS1	0	0	0
LOC124901538	0	0	0
DDX43	0	0	0
CGAS	530	4	526
MTO1	525	0	525
EEF1A1	152330	62	152287
EEF1A1-AS1	14	32	1
SLC17A5	735	0	735
CD109	2059	0	2070
CD109-AS1	13	16	8
LOC101928516	0	0	0
LOC105377858	0	0	0
COL12A1	4152	0	4152
SNORD156	0	0	0
COX7A2	1753	0	1753
TMEM30A	1419	1	1418
LOC124901344	5	0	5
TMEM30A-DT	4	0	5
FILIP1	3	3	1
LOC101928540	3	0	3
LOC124901509	0	0	0
MIR4463	0	0	0
LOC124901343	0	0	0
SENP6	624	1	623
MYO6	397	0	397
LOC124901542	0	0	0
IMPG1	1	1	0
LINC02540	0	0	0
LOC105377861	0	0	0
LOC105377862	0	0	0
LOC124901345	0	0	0
LOC101928570	0	0	0
LOC105377864	0	0	0
HTR1B	0	0	0
LOC124901493	0	0	0
MEI4	0	0	0
LOC105377865	0	0	0
MIR10524	0	0	0
LOC107986613	0	0	0
IRAK1BP1	13	4	13
PHIP	553	4	565
LOC124901346	15	27	0
LOC124901347	0	0	0
HMGN3	508	6	918
HMGN3-AS1	14	412	19
LCAL1	0	0	0
LOC100506851	0	1	0
LOC105377867	0	0	0
LCA5	15	1	16
LOC124901348	0	0	0
SH3BGRL2	3	0	4
LOC124901349	0	0	0
LINC01621	0	0	0
LOC107986614	0	0	0
ELOVL4	0	0	0
LOC124901350	0	0	0
LOC124901351	0	0	0
TTK	364	0	364
BCKDHB	504	0	504
LOC112267962	0	0	0
LOC105377869	0	0	0
LOC105377871	0	0	0
TENT5A	2073	0	2073
LOC105377873	6	0	6
LOC124900219	0	0	0
LINC01526	0	0	0
LINC02542	2	0	2
LOC107986617	0	0	0
IBTK	0	0	0
LOC105377874	0	0	0
LOC105377875	0	0	0
TPBG	1	0	1
LOC124901352	0	0	0
LOC105377876	0	0	0
LOC105377877	0	0	0
UBE3D	58	0	58
DOP1A	37	209	58
PGM3	328	30	534
RWDD2A	138	0	144
ME1	250	0	250
PRSS35	0	0	0
SNAP91	0	0	0
LOC105377879	0	0	0
RIPPLY2	0	0	0
RIPPLY2-CYB5R4	0	0	0
CYB5R4	0	0	0
LINC02857	0	0	0
MRAP2	0	0	0
CEP162	50	0	50
LOC107986621	0	0	0
LOC107986620	0	0	0
LOC107986619	0	0	0
LINC01611	0	0	0
TBX18-AS1	0	0	0
TBX18	0	0	0
LOC124901353	0	0	0
LOC124901494	0	0	0
LOC105377881	0	0	0
LINC02535	2	0	2
NT5E	320	2	318
SNX14	523	1	522
SYNCRIP	2423	1	2422
SNHG5	167	0	167
SNORD50A	0	0	0
SNORD50B	0	0	0
LOC101928842	0	0	0
HTR1E	0	0	0
LOC124901354	0	0	0
CGA	67	0	67
LOC124901355	5	0	5
ZNF292	211	0	211
LOC124901356	0	0	0
GJB7	0	0	0
SMIM8	36	0	36
C6orf163	5	0	5
LINC01590	0	0	0
CFAP206	10	0	10
LOC124901357	0	1	0
SLC35A1	142	1	142
RARS2	347	0	347
ORC3	315	80	315
AKIRIN2	286	0	366
LOC124901528	0	0	0
LOC101928911	0	0	0
LOC105377882	0	0	0
LOC107986541	0	0	0
SPACA1	0	0	0
CNR1	0	0	0
LOC105377884	0	0	0
LOC105377885	0	0	0
LOC124901358	0	0	0
LOC101928936	0	0	0
RNGTT	243	0	243
PNRC1-DT	0	0	1
PNRC1	2675	1	2675
PM20D2	282	1	312
SRSF12	0	1	0
LOC101929004	16	31	16
GABRR1	0	0	0
GABRR2	16	0	16
UBE2J1	530	0	530
RRAGD	0	0	0
LOC124901360	0	0	0
ANKRD6	0	14	0
LOC105377889	0	0	0
LOC124901359	0	0	0
LYRM2	177	0	191
MDN1-AS1	0	61	1
MDN1	624	3	683
LOC124901536	0	0	0
CASP8AP2	0	0	0
GJA10	0	0	0
BACH2	2	0	2
LOC105377890	0	0	0
LOC124901361	2	0	2
LOC105377891	0	0	0
MIR4464	0	0	0
LOC124901362	1	0	1
MAP3K7	367	0	403
LOC124901363	3	36	3
LOC107986623	0	0	0
LOC105377893	0	0	0
LOC107986624	0	0	0
MIR4643	0	0	0
CASC6	0	0	0
LOC105377894	0	0	0
LOC124901505	0	0	0
LOC107986625	0	0	0
LINC02531	4	0	4
LOC124901495	0	0	0
LOC124901507	0	0	0
LOC105377897	0	0	0
EPHA7	0	0	0
LOC105377899	0	0	0
TSG1	0	0	0
LOC124901496	0	0	0
LOC105377901	0	0	0
MANEA-DT	9	0	9
MANEA	70	0	70
LOC107986543	0	0	0
LOC107986626	0	0	0
FUT9	0	0	0
LOC105377905	0	0	0
UFL1-AS1	5	0	5
UFL1	229	0	229
FHL5	0	0	0
LOC105377908	0	0	0
GPR63	0	0	0
NDUFAF4	126	1	125
KLHL32	0	0	0
MMS22L	191	0	191
LOC101927314	0	0	0
LOC105377909	0	0	0
LOC107986627	0	0	0
MIR2113	0	0	0
LOC105377910	0	0	0
PNKY	0	0	0
POU3F2	5	0	5
LOC124901364	1	2	0
FBXL4	197	0	198
MIR548AI	0	0	0
FAXC	66	0	66
COQ3	249	0	249
PNISR	549	5	579
PNISR-AS1	12	31	16
USP45	80	2	78
LOC124901365	0	4	2
TSTD3	36	251	33
CCNC	525	12	755
PRDM13	0	0	0
MCHR2	0	0	0
MCHR2-AS1	0	0	0
LOC105377911	0	0	0
SIM1	0	0	0
SIM1-AS1	0	0	0
ASCC3	510	0	510
LOC107984041	5	0	5
LOC124901545	0	0	0
GRIK2	18	0	18
LOC101927388	0	0	0
LOC105377913	0	0	0
LOC105377916	0	0	0
LOC124900225	0	0	0
LOC105377917	0	0	0
LOC102724443	0	0	0
LOC105377918	0	0	0
HACE1	123	0	123
LIN28B-AS1	0	0	0
LIN28B	0	0	0
POPDC1	0	0	0
POPDC1-AS1	0	0	0
POPDC3	0	0	0
PREP	968	0	1152
PREP-AS1	3	187	0
LOC105377921	0	0	0
LINC02836	0	0	0
LOC105377923	0	0	0
PRDM1	406	0	406
ATG5	498	0	498
CRYBG1	542	15	540
LOC105377924	0	1	0
LOC101927405	0	0	0
RTN4IP1	265	4	273
QRSL1	446	1	445
LINC02526	0	0	0
LOC105377927	0	0	0
LINC02532	0	0	0
MIR587	0	0	0
LOC105377928	0	0	0
CD24	5666	1	5665
MTRES1	146	0	146
BEND3	159	0	159
PDSS2	245	0	245
LOC124901366	0	0	0
SOBP	0	0	0
LOC124901367	0	0	0
SCML4	0	0	0
SEC63	1114	2	1112
LOC105377929	2	0	2
OSTM1	378	0	378
LOC124901368	0	0	0
OSTM1-AS1	0	0	0
NR2E1	0	0	0
LOC124901369	0	0	0
SNX3	1712	1	1711
LOC124901529	0	0	0
AFG1L	57	0	57
LOC124901371	0	0	0
LOC124901370	2	2	0
LOC124901372	0	0	0
FOXO3	564	1	563
LOC107986629	1	0	1
LINC00222	0	0	0
ARMC2	31	120	32
LOC124901373	3	0	3
LOC124901481	0	0	0
ARMC2-AS1	0	0	0
SESN1	370	1	490
CEP57L1	233	0	233
CCDC162P	12	1	11
LOC124901374	0	0	0
LOC124901530	0	0	0
CD164	2022	5	2017
PPIL6	18	107	18
SMPD2	267	0	374
MICAL1	28	9	19
ZBTB24	229	0	229
ZBTB24-DT	0	0	0
AK9	57	0	57
FIG4	250	0	250
GPR6	0	0	0
LOC107986631	0	0	0
WASF1	744	1	743
CDC40	333	0	333
METTL24	0	0	0
LOC105377937	0	0	0
LOC102724586	0	0	0
DDO	45	0	45
LOC105377936	0	0	0
SLC22A16	0	0	0
LOC105377938	0	0	0
LOC105377940	0	0	0
LOC105377939	0	0	0
LOC105377941	0	0	0
CDK19	283	0	283
AMD1	1564	10	1554
SNORA40C	0	0	0
GTF3C6	634	0	634
LOC124901533	0	0	0
RPF2	307	0	307
LOC124901375	2	0	2
GSTM2P1	0	0	0
SLC16A10	0	0	0
SNORD166	0	0	0
LOC124901377	0	0	0
SLC60A2-DT	0	0	0
LOC124901378	0	0	0
SLC60A2	200	0	200
LOC124901376	8	0	8
REV3L	361	6	357
TRAF3IP2-AS1	24	16	25
LOC107986522	8	2	6
TRAF3IP2	928	2	941
LOC105377944	0	0	0
LOC124901539	0	0	0
FYN	2905	3	3371
LOC105377945	1	469	0
LOC102724646	2	3	0
LINC02527	0	0	0
LOC105377947	0	0	0
CCN6	5	5	0
TUBE1	138	0	138
FAM229B	73	0	73
LAMA4	1	0	2
LOC107986633	0	1	0
LAMA4-AS1	0	0	0
LOC107986632	4	0	4
RFPL4B	2	0	2
LOC101927664	0	0	0
LOC124901541	0	0	0
LOC105377949	0	0	0
LOC107986634	0	0	0
LOC105377950	0	0	0
LOC107986635	0	0	0
LOC107986636	0	0	0
LOC105377952	0	0	0
LOC105377956	0	0	0
LOC105377953	0	0	0
LOC105377955	0	0	0
LOC107986637	0	0	0
LOC124901497	0	0	0
LINC02518	0	0	0
LOC124901379	0	0	0
LOC124901380	0	0	0
LINC02541	0	0	0
LOC124901381	0	0	0
MARCKS	1872	29	1843
MROCKI	0	0	0
LOC124901382	0	0	0
LINC02880	0	0	0
HDAC2	2021	1	2020
HDAC2-AS2	2	0	2
LOC124901384	0	0	0
HS3ST5	0	0	0
LOC124901383	0	0	0
LOC107986638	0	0	0
LNCPOIR	0	0	0
LOC107986639	0	0	0
LOC105377960	0	0	0
LOC105377961	0	0	0
LINC02534	0	0	0
LOC124901385	0	0	0
FRK	96	0	96
TPI1P3	0	0	0
NT5DC1	462	1	462
COL10A1	3	4	0
TSPYL4	173	2	171
DSE	32	1	32
TSPYL1	846	12	834
LOC100287467	0	1	0
CALHM6-AS1	0	0	0
CALHM6	0	0	0
TRAPPC3L	3	0	4
CALHM5	47	0	47
CALHM4	0	1	0
RWDD1	634	0	634
RSPH4A	2	0	2
LOC124901386	0	0	0
ZUP1	105	0	105
KPNA5	87	0	87
FAM162B	0	0	0
LOC105377963	0	0	0
GPRC6A	0	0	0
RFX6	0	0	0
LOC105377964	1	1	0
VGLL2	0	0	0
ROS1	0	0	0
DCBLD1	1057	74	1058
GOPC	655	4	726
LOC101927919	13	0	13
NUS1	985	1	984
LOC124901480	0	0	0
SLC35F1	0	0	0
LOC105377967	0	0	0
LOC107986523	0	0	0
LOC124901387	0	0	0
CEP85L	48	0	48
LOC105377971	0	0	0
BRD7P3	0	0	0
PLN	0	0	0
LOC107986524	0	0	0
LOC124901388	0	0	0
SELENOKP3	0	0	0
MCM9	177	154	192
ASF1A	246	11	396
LOC124901389	0	4	4
FAM184A	0	0	0
MIR548B	0	0	0
MAN1A1	303	0	303
LOC285762	0	0	0
LOC107986525	0	0	0
LOC105377975	0	0	0
LOC105377972	0	0	0
LOC124901390	0	0	0
MIR3144	0	0	0
LOC105377977	0	0	0
TBC1D32	0	0	0
GJA1	0	0	0
LOC105377979	0	0	0
HSF2	188	0	188
SERINC1	632	2	631
PKIB	0	0	1
LOC124901391	0	0	0
FABP7	0	0	0
SMPDL3A	128	0	128
LOC124901392	0	0	0
CLVS2	0	0	0
TRDN	0	0	0
LOC124901393	0	0	0
LOC105377984	0	0	0
TRDN-AS1	0	0	0
LOC105377982	0	0	0
LOC105377981	0	0	0
NKAIN2	0	0	0
RNF217-AS1	1	65	3
RNF217	266	3	330
LOC124901394	0	0	0
TPD52L1	1266	1	1265
LOC100126584	1	0	1
LOC124901395	6	35	0
HDDC2	491	0	520
LOC107986640	0	0	0
LOC102723341	0	0	0
HEY2-AS1	0	0	0
LINC02523	0	0	0
HEY2	86	0	86
TRE-CTC1-7	0	0	0
NCOA7	685	1	684
NCOA7-AS1	1	1	0
LOC124901397	2	1	1
HINT3	285	0	285
TRMT11	162	0	162
CENPW	122	0	122
MIR588	0	0	0
LOC105377992	0	0	0
LOC105377993	0	0	0
LOC105377989	0	5	0
LOC105377991	0	0	0
RSPO3	11	0	16
LOC124901398	0	0	0
RNF146	191	1	191
ECHDC1	580	9	572
LOC105377994	2	2	0
SOGA3-KIAA0408	0	0	0
KIAA0408	0	0	0
LOC124901399	0	0	0
MTCL3	0	0	0
LOC107986642	0	0	0
C6orf58	0	0	0
LOC105377995	0	0	0
LOC105377996	0	0	0
LINC02536	0	0	0
LOC124901400	0	0	0
THEMIS	0	0	0
PTPRK	0	0	0
PTPRK-AS1	0	0	0
LOC124900216	0	0	0
LOC124901543	0	0	0
LOC105377998	0	0	0
LAMA2	8	0	8
LOC124901401	0	0	0
LOC102723409	0	0	0
ARHGAP18	87	0	87
TMEM244	0	0	0
LOC105377999	0	0	0
L3MBTL3	34	0	34
SAMD3	2	2	0
LOC112267974	0	0	0
TMEM200A	0	0	0
LOC105378002	0	0	0
LOC105378003	0	0	0
SMLR1	1	1	0
EPB41L2	797	0	797
LOC105378004	0	0	0
LOC102723445	0	0	0
AKAP7	31	1	30
LOC105378005	0	0	0
ARG1	1	1	0
MED23	227	0	227
ENPP3	0	0	0
OR2A4	0	0	0
CTAGE9	0	0	0
MIR548H5	0	0	0
ENPP1	0	0	0
CCN2-AS1	1	0	1
CCN2	340	0	340
MIR548AJ1	0	0	0
LINC01013	0	0	0
MOXD1	0	0	0
STX7	282	0	282
TAAR9	0	0	0
TAAR8	0	0	0
TAAR6	0	0	0
TAAR5	0	0	0
TAAR3P	0	0	0
TAAR2	0	0	0
TAAR1	0	0	0
VNN1	0	0	0
VNN3P	0	0	0
VNN2	0	0	0
SLC18B1	307	0	307
LOC107986644	0	0	0
RPS12	7826	0	7826
SNORD101	8	0	8
SNORD100	0	0	0
SNORA33	4	0	4
LOC105378008	0	0	0
LINC00326	0	0	0
LOC124901231	1	30	8
EYA4	654	10	760
LOC124901403	2	0	2
EYA4-AS2	0	31	0
TARID	9	45	12
LOC124901402	0	0	0
LINC01312	0	0	0
TCF21	4	3	4
TBPL1	113	0	126
LOC128092253	0	0	0
SLC2A12	0	13	0
LOC124901404	0	0	0
HMGA1P7	0	0	0
SGK1	14498	13	14485
LOC124901531	0	0	0
LOC105378009	82	82	0
CT69	0	0	0
LINC01010	2	0	2
LINC03002	1	0	1
LOC101928277	0	0	0
ALDH8A1	4	0	4
HBS1L	594	0	594
MIR3662	0	0	0
LOC124901405	0	0	0
LOC124901406	0	0	0
LOC105378010	0	0	0
MYB	15	0	20
LOC105378011	0	5	0
MIR548A2	0	0	0
AHI1	188	0	188
LOC124901407	0	0	0
AHI1-DT	0	0	0
LINC02524	0	0	0
LOC105378012	0	0	0
LOC101928326	0	0	0
PDE7B	82	0	82
LOC101928373	0	0	0
PDE7B-AS1	0	0	0
MTFR2	117	0	117
BCLAF1	878	2	878
LOC124901408	0	0	2
MAP7	1754	5	1749
MAP7-AS1	8	8	0
MAP3K5	342	1	341
MAP3K5-AS1	0	0	0
LOC124901410	0	0	0
MAP3K5-AS2	0	0	0
PEX7	84	0	84
LOC124900226	0	0	0
SLC35D3	0	0	0
NHEG1	0	0	0
IL20RA	0	0	0
IL22RA2	0	0	0
IFNGR1	749	2	747
LOC105378017	0	0	0
LOC102723633	0	0	0
OLIG3	0	0	0
LINC03004	1	0	4
LOC105378018	4	7	0
LOC124901411	0	0	0
LINC02539	0	0	0
WAKMAR2	111	2	111
TNFAIP3	570	0	572
SIMALR	0	0	0
LINC02865	0	0	0
LOC105378021	0	0	0
PERP	2395	2	2393
ARFGEF3	19	0	19
PBOV1	0	0	0
SMIM28	0	0	0
HEBP2	338	2	339
NHSL1	60	23	68
MIR3145	0	0	0
NHSL1-AS1	1	0	1
LOC124900217	4	6	12
CCDC28A-AS1	0	0	0
CCDC28A	72	0	72
ECT2L	1	2	1
LOC124901516	0	0	0
LOC107986650	1	0	1
REPS1	275	0	277
ABRACL	0	0	0
HECA	187	0	199
TXLNB	0	12	0
LOC102723690	0	0	0
CITED2	4515	2	4513
LOC107986651	2	5	0
LINC01625	3	0	6
LOC105378023	0	0	0
LOC105378024	0	0	0
FILNC1	0	0	0
LINC02941	0	0	0
LOC103352541	0	0	0
LOC107986652	0	0	0
LOC124901412	0	0	0
LOC105378025	0	0	0
MIR3668	0	0	0
LOC105378027	0	0	0
LOC124901414	0	0	0
LOC105378026	0	0	0
MIR4465	0	0	0
LOC102723724	80	0	81
LOC124901413	27	28	0
LOC105378029	0	0	0
LOC124901415	0	0	0
LOC105378030	0	0	0
LOC105378031	0	0	0
LOC107986654	0	0	0
NMBR	0	0	0
GJE1	0	0	0
VTA1	556	1	555
LINC02919	0	0	0
ADGRG6	565	0	565
LOC153910	0	0	0
HIVEP2	296	0	296
HIVEP2-DT	0	0	0
LINC01277	0	0	0
AIG1	61	0	84
LOC124901416	0	23	0
LOC107986656	0	0	0
ADAT2	197	0	197
PEX3	314	1	313
FUCA2	1867	5	2405
LOC124901417	0	539	0
LOC105378035	7	0	7
PHACTR2	221	0	221
PHACTR2-AS1	0	0	0
LTV1	258	0	258
ZC2HC1B	0	0	0
PLAGL1	1415	0	1415
HYMAI	7	0	7
SF3B5	1372	1	1371
LOC105378036	0	0	0
STX11	113	0	113
TRL-TAA1-1	0	0	0
UTRN	241	0	241
LOC124901418	0	0	0
SNORA98	0	0	0
TRQ-TTG4-1	0	0	0
EPM2A	60	1	59
EPM2A-DT	4	42	4
LOC105378039	0	0	0
LOC124901419	5	0	5
FBXO30	378	2	376
SHPRH	89	0	131
LOC124901420	0	0	0
GRM1	1	0	1
RAB32	412	0	412
ADGB-DT	0	0	0
ADGB	0	0	0
LOC105378040	0	0	0
KATNBL1P6	0	0	0
STXBP5-AS1	3	24	3
LUADT1	0	0	0
LOC124901422	4	4	0
STXBP5	240	1	278
LOC124901421	0	15	0
LOC105378043	0	0	0
SAMD5	0	0	0
LOC105378044	0	0	0
LOC124901423	0	0	0
SASH1	214	0	214
LOC124901425	0	0	0
UST	539	1	582
LOC107986659	0	0	0
UST-AS1	0	44	0
LOC124901424	0	0	0
UST-AS2	0	0	0
LOC124901426	0	0	0
TAB2	631	0	631
TAB2-AS1	0	0	0
SUMO4	0	0	0
ZC3H12D	39	0	39
PPIL4	182	0	182
GINM1	544	0	544
RPS18P9	15	0	15
LOC124901526	0	0	2
KATNA1	178	6	174
LATS1	315	5	320
LOC645967	1	5	6
NUP43	599	0	599
PCMT1	1074	3	1071
LOC107986660	3	3	0
RAET1E-LRP11	15	1	14
LRP11	28	5	324
LOC124901427	0	150	0
RAET1E-AS1	1	380	6
RAET1E	178	0	178
RAET1G	1	1	0
LOC105378052	0	0	0
ULBP2	2	0	2
ULBP1	17	0	17
RAET1K	16	0	16
RAET1L	8	0	8
ULBP3	118	0	118
LOC124901428	0	0	0
PPP1R14C	0	0	0
LOC124901527	0	0	0
LOC105378054	0	0	0
IYD	0	0	0
LOC124901429	1	0	1
PLEKHG1	165	2	163
LOC124901430	0	0	0
LOC124901431	3	3	0
MTHFD1L	1750	3	1747
ARL4AP5	0	0	0
LOC124901432	0	0	0
MIR12131	0	0	0
LOC102723831	0	0	0
AKAP12	0	0	0
ZBTB2	213	0	221
LOC124901232	48	10	47
RMND1	178	0	179
LOC124901433	0	0	0
DCPH1	402	0	402
LOC124901434	2	0	2
CCDC170	1	0	1
LOC124901436	0	0	0
LOC107986528	0	0	0
LOC124901435	0	0	0
ESR1	10	1	9
LOC107986529	12	11	1
SYNE1	51	0	52
SYNE1-AS1	0	1	0
SYNE1-AS2	0	0	0
LOC105378061	0	0	0
MYCT1	0	0	0
VIP	0	0	0
LINC02840	0	0	0
LOC124901440	0	0	0
LOC124901439	0	0	0
FBXO5	295	2	293
MTRF1L	204	9	195
RGS17	5	5	0
LOC105378066	0	0	0
LOC107986661	0	0	0
OPRM1	0	0	0
IPCEF1	1	0	1
LOC105378067	0	0	0
CNKSR3	114	0	114
LOC101928868	7	0	7
SCAF8	641	0	641
MIR1273C	0	0	0
TIAM2	8	17	2
TFB1M	192	0	203
CLDN20	1	1	0
NOX3	0	0	0
LOC105378068	0	0	0
LOC105378069	0	0	0
LOC105378072	0	0	0
LOC101928923	0	0	0
LOC124901443	0	0	0
MIR1202	0	0	0
LOC124901442	0	0	0
LOC124901441	0	0	0
LOC105378071	0	0	0
SNORD28B	0	0	0
LOC105378073	0	0	0
LOC124901444	0	0	0
ARID1B	536	11	542
LOC115308161	0	9	8
MIR4466	0	0	0
LOC124901445	0	0	0
LOC105378075	0	0	0
TMEM242	142	0	142
TMEM242-DT	1	0	1
LOC105378076	0	0	0
LOC124901446	2	0	2
ZDHHC14	146	1	145
MIR3692	0	0	0
LOC107986663	2	0	2
SNX9	1049	0	1049
SNX9-AS1	0	0	0
SYNJ2	236	1	235
SYNJ2-IT1	0	0	0
SERAC1	91	2	89
GTF2H5	121	0	121
TULP4	113	0	113
LOC124901447	0	0	0
SNORA116	0	0	0
TMEM181	407	4	403
MIR7161	0	0	0
DYNLT1	585	1	584
SYTL3	22	0	22
MIR3918	0	0	0
EZR	3700	1	3993
EZR-AS1	0	294	0
OSTCP1	0	0	0
LOC124901448	0	0	0
LINC02901	10	0	10
RSPH3	128	3	162
TAGAP-AS1	0	34	3
TAGAP	0	0	0
LOC112267968	0	0	0
LOC124901449	0	0	0
FNDC1-AS1	0	0	0
FNDC1	0	0	0
FNDC1-IT1	0	0	0
LOC105378084	0	0	0
LINC02529	0	0	0
LOC101929142	0	0	0
LOC105378085	0	0	0
LOC124901450	0	0	0
SOD2	3507	121	3552
WTAP	503	51	618
SOD2-OT1	1	0	1
ACAT2	570	337	1058
TCP1	3482	304	3809
SNORA20	0	0	0
SNORA29	1	0	1
MRPL18	826	0	826
PNLDC1	2	0	2
MAS1	0	0	0
IGF2R	3356	4	3352
AIRN	0	0	0
LOC124901451	0	0	0
CHP1P2	11	0	11
LOC124901452	0	2	0
SLC22A1	48	0	50
SLC22A2	6	0	6
LOC105378088	1193	0	1193
SLC22A3	338	1	341
LOC124901453	27	18	13
LPAL2	0	0	0
LOC124901454	0	0	0
LPA	0	0	0
PLG	0	0	0
LOC112267969	0	0	0
LOC105378093	0	0	0
LOC102724087	0	0	0
MAP3K4-AS1	7	7	11
MAP3K4	125	4	132
AGPAT4	5	1	4
LOC124901455	0	0	0
AGPAT4-IT1	0	0	0
LOC105378094	0	0	0
PRKN	0	0	0
LOC124901457	0	0	0
LOC124901456	0	0	0
LOC105378098	0	0	0
LNCR-SMAL	0	0	0
LOC105369171	0	0	0
PACRG	0	0	0
PACRG-AS2	0	0	0
PACRG-AS3	0	0	0
LOC105378095	0	0	0
PACRG-AS1	0	0	0
DKFZp451B082	0	0	0
LOC105378099	0	0	0
LOC105378100	0	0	0
LOC124901234	0	1	0
CAHM	0	0	1
QKI	682	0	682
LOC102724152	0	0	0
LOC124901498	0	0	0
LOC105378104	0	0	0
LOC124901499	0	0	0
LOC105378102	0	0	0
LOC105378106	0	0	0
LOC105378109	0	0	0
LOC105379712	0	0	0
LOC107986667	0	0	0
MEAT6	0	0	0
LOC124901500	0	0	0
C6orf118	0	0	0
LOC105378113	0	0	0
PDE10A	384	2	395
LOC105378116	0	13	0
LOC105378115	0	0	0
LOC124901458	1	1	0
LINC00473	1160	1	1159
LINC00602	7	601	12
LOC105378117	1	0	1
LOC729681	0	0	0
TBXT	2	0	2
LNCDAT	0	0	0
LOC101929297	0	0	0
LOC107986668	0	0	0
LOC105378118	0	0	0
PRR18	0	0	0
LOC107986669	0	0	0
SFT2D1	402	0	402
LOC100289495	0	0	0
MPC1	224	0	224
MPC1-DT	4	0	4
RPS6KA2	2	0	2
LOC124901460	0	0	0
RPS6KA2-IT1	0	0	0
MIR1913	0	0	0
RAMACL	20	0	20
LOC107986671	0	0	0
LOC124901459	0	0	0
LOC124901461	0	0	0
RPS6KA2-AS1	0	0	0
RNASET2	217	0	217
LOC105378120	2	0	2
MIR3939	0	0	0
CEP43	126	0	126
CCR6	0	0	0
LOC107986672	0	0	0
LOC112267970	0	0	0
GPR31	0	0	0
LOC105378123	0	0	0
TCP10L2	0	0	0
LOC124901462	0	0	0
HPAT5	0	0	0
LOC102724220	0	0	0
LOC102725048	0	0	0
UNC93A	0	0	0
TTLL2	0	0	0
TCP10L3	0	0	0
LOC105378126	0	0	0
LOC105378127	0	0	0
LOC105378128	0	0	0
LOC107986546	0	0	0
LOC124901463	0	0	0
LOC105378129	0	0	0
LOC124901464	0	0	0
LOC105378130	0	0	0
LOC105378131	0	0	0
LINC02538	0	0	0
LOC124901465	0	0	0
LINC02487	0	0	0
LOC107986547	0	0	0
LINC01558	0	0	0
LOC441179	0	0	0
AFDN-DT	0	0	0
AFDN	349	0	349
LOC107986673	0	0	0
HGC6.3	0	0	0
KIF25-AS1	0	0	0
KIF25	0	0	0
LOC105378135	0	0	0
FRMD1	0	0	0
LOC107986548	0	0	0
LOC105378137	0	0	0
LOC124901501	0	0	0
LOC101929420	0	0	0
DACT2	0	0	0
LOC105378139	0	0	0
LOC107986549	0	0	0
LOC105378140	0	0	0
LOC105378141	0	0	0
SMOC2	0	0	0
LOC124901466	0	0	0
LOC124901467	0	0	0
LOC124901468	0	0	0
LOC105378142	0	0	0
LOC105378143	0	0	0
LOC107986550	0	0	0
LOC105378144	0	0	0
LOC105378146	0	0	0
LOC105378145	0	0	0
LOC101929460	0	0	0
LOC102724357	0	0	0
LOC124901469	0	0	0
LINC01615	0	0	0
LINC02544	0	0	0
THBS2-AS1	0	0	0
THBS2	3	0	3
LOC124901470	0	0	0
LOC105378148	0	0	0
LOC124901472	0	0	0
LINC02519	0	0	0
LOC124901473	0	4	0
WDR27	317	0	323
LOC124901471	1	1	0
C6orf120	309	254	402
PHF10	498	105	738
DYNLT2	0	0	0
ERMARD	0	0	0
LINC00242	0	0	0
LINC00574	0	0	0
LOC105378149	0	0	0
LOC107986674	0	0	0
LOC107986675	0	0	0
LOC100131532	0	0	0
LOC105378150	0	0	0
LOC101929614	0	0	0
LOC105378153	14	0	14
LOC102724511	0	0	0
LOC154449	0	0	0
LOC285804	0	0	0
LINC01624	0	0	0
DLL1	0	0	0
FAM120B	0	0	0
MIR4644	0	0	0
LOC124901474	2	2	0
LOC124901475	0	0	0
LOC107986676	0	0	0
LOC124901477	0	0	0
LOC124901235	0	0	0
LOC124901476	0	0	0
LOC105378157	0	0	0
PSMB1	2417	2	2415
TBP	403	4	399
PDCD2	1149	1	1148
LOC101929692	0	0	0
LOC102723872	0	0	0
FAM157D	0	0	0
LOC105375113	0	0	0
LOC101929756	0	0	0
LOC105375114	0	0	0
LINC03015	0	0	0
LINC03014	0	0	0
LOC105375116	0	0	0
LOC105375115	0	0	0
LOC124901806	0	0	0
LOC124901808	0	0	0
FAM20C	0	0	0
LOC124901807	0	0	0
FOXL3	0	0	0
FOXL3-OT1	0	0	0
LOC105375118	1	0	1
LOC124901809	0	0	0
LOC442497	0	0	0
LOC116435278	0	4	0
LOC112267991	2	0	6
LOC124901566	0	0	0
PDGFA	354	19	347
PDGFA-DT	95	1	106
PRKAR1B	599	169	627
PRKAR1B-AS2	0	0	0
PRKAR1B-AS1	0	0	0
LOC105375119	0	0	0
DNAAF5	1764	34	1927
LOC124901567	0	0	0
SUN1	2100	0	2100
LOC124901568	4	4	0
GET4	1033	2	1031
ADAP1	141	2	139
LOC124901569	0	0	0
COX19	305	0	305
CHLSN	744	0	751
CYP2W1	6	12	0
LOC124901570	0	0	0
MIR339	0	0	0
GPR146	74	6	69
CHLSN-AS1	0	0	0
GPER1	400	2	398
LOC102723758	9	9	0
ZFAND2A	361	1	365
ZFAND2A-DT	173	13	165
UNCX	0	0	0
MICALL2	627	0	627
MICALL2-DT	3	3	0
INTS1	4463	4	4459
LOC124901572	2	1	1
MAFK	1640	42	2264
LOC100128653	72	68	4
TMEM184A	892	630	928
PSMG3	1291	1	1293
PSMG3-AS1	41	3	41
LOC105375123	0	0	0
TFAMP1	0	0	0
LOC105375303	0	0	0
ELFN1	19	0	19
LNCRI	0	0	0
LOC124901819	0	0	0
LOC105375124	1	0	1
ELFN1-AS1	177	0	177
MAD1L1	514	0	583
LOC100127955	0	0	0
MIR4655	0	0	0
LOC124901573	0	69	0
SNORA114	0	0	0
LOC105375127	0	0	0
LOC105375126	0	0	0
MRM2	787	0	787
NUDT1	424	7	417
SNX8	850	0	851
MIR6836	0	0	0
EIF3B	6345	13	6333
CHST12	526	1	525
GRIFIN	0	0	0
LOC107986759	0	0	0
LFNG	259	0	259
MIR4648	0	0	0
BRAT1	1764	10	1754
IQCE	862	1	884
LOC107986760	0	23	0
TTYH3	1207	3	1204
AMZ1	61	276	4
GNA12	646	1	864
CARD11	0	0	0
CARD11-AS1	0	0	0
LOC105375130	0	0	0
LOC100129603	0	0	0
LOC124901574	0	0	0
LOC124901575	0	0	0
SDK1-AS1	0	0	0
SDK1	0	0	0
LOC124901577	0	0	0
LOC124901576	0	0	0
LOC105375131	0	0	0
LOC124901578	0	0	0
LOC124901579	0	0	0
LOC105375133	0	0	0
LOC124901580	4	0	4
FOXK1	945	2	943
LOC124901581	0	0	0
AP5Z1	833	0	833
MIR4656	0	0	0
RADIL	4	4	0
SNORD165	0	0	0
PAPOLB	0	0	0
MMD2	0	0	0
RNF216P1	414	0	414
RBAK-RBAKDN	0	0	0
RBAK	213	0	213
RBAKDN	0	0	0
ZNF890P	2	0	2
WIPI2	1511	0	1511
SLC29A4	80	9	80
TNRC18	2839	4	2846
TNRC18-AS1	5	6	1
LINC02983	1	3	0
LINC03073	0	0	2
FBXL18	748	0	748
LOC124901847	2	2	0
MIR589	7	0	7
LOC221946	8	1	7
ACTB	52407	20	52387
FSCN1	10275	12	10263
RNF216	968	0	968
RNF216-IT1	1	0	1
MIR6874	0	0	0
ZNF815P	30	0	30
OCM	0	0	0
CCZ1	277	0	279
RSPH10B	1	2	1
PMS2	626	0	626
AIMP2	654	77	1311
SNORA80D	1	0	1
EIF2AK1	3868	668	3935
ANKRD61	8	9	0
USP42	379	6	373
CYTH3	482	0	482
FAM220A	0	0	0
SMIM10L3	0	0	0
RAC1	3132	8	3124
DAGLB	818	5	813
KDELR2	4923	2	4921
GRID2IP	0	0	0
LOC101927325	0	0	0
ZDHHC4	771	0	793
LOC124901582	0	22	0
INTS15	283	0	283
ZNF853	0	0	0
ZNF316	725	0	725
LOC124901583	0	0	0
ZNF12	166	0	166
SPDYE20P	0	0	0
PMS2CL	129	0	129
RSPH10B2	111	0	111
CCZ1B	366	0	366
LOC112267992	0	0	0
LOC107986763	0	0	0
LOC105375138	0	0	0
LOC124901585	0	0	0
MIR3683	0	0	0
LOC100131257	0	0	0
LOC124901584	0	0	0
C1GALT1	305	0	305
LINC03016	2	0	2
LOC107986764	0	0	0
COL28A1	1	0	1
MIOS-DT	1	0	1
MIOS	214	0	214
RPA3	579	43	597
UMAD1	258	19	299
LOC105379719	0	0	0
LOC124901586	0	0	0
GLCCI1-DT	4	0	6
GLCCI1	555	4	553
LOC105375142	0	0	0
ICA1	2	0	2
LOC124901587	0	0	0
ICA1-AS1	0	0	0
NXPH1	0	0	0
LOC105375144	0	0	0
LOC105375148	0	0	0
PER3P1	0	0	0
LOC105375145	0	0	0
LOC105375147	0	0	0
LOC105375146	0	0	0
LOC105375149	0	0	0
LOC105375150	0	0	0
LOC124901860	0	0	0
MGC4859	0	0	0
LOC124901588	0	0	0
LOC107986766	0	0	0
LOC124900231	0	0	0
LOC100131472	0	0	0
COXFA4	2414	1	2415
LOC107986767	1	3	0
PHF14	309	0	309
LOC124901590	0	0	0
THSD7A	1	0	1
LOC105375151	0	0	0
LOC124901589	0	0	0
TMEM106B	650	1	649
VWDE	76	0	76
LOC105375154	0	0	0
LOC105375155	0	0	0
LOC105375156	2	0	2
C7orf78	3	0	3
LOC107986768	0	0	0
SCIN	1	0	1
LOC105375157	0	0	0
ARL4A	373	0	373
LOC124900237	0	0	0
LOC105375158	0	0	0
LOC107986770	0	0	0
LOC105375161	0	0	0
ETV1	0	0	0
LOC105375162	0	0	0
DGKB	0	0	0
LOC105375164	0	0	0
AGMO	0	0	0
LOC124901592	0	0	0
LOC124901591	0	0	0
MEOX2	0	0	0
LOC105375166	0	0	0
LINC02587	0	0	0
LOC101927558	0	0	0
LOC105375167	0	0	0
CRPPA	0	0	0
CRPPA-AS1	0	0	0
LOC105375168	0	0	0
SOSTDC1	0	0	0
LRRC72	0	0	0
ANKMY2	312	0	344
LOC105375169	2	34	0
BZW2	2316	3	2313
TSPAN13	1465	0	1465
LOC124901593	9	0	9
AGR2	73	0	73
AGR3	0	0	0
LOC124901594	0	0	0
LOC105375170	1	0	1
LOC124901595	0	0	0
LOC124901596	0	0	0
LOC107986772	0	0	0
LOC101927609	0	11	9
AHR	412	9	423
LOC105375171	0	0	0
LINC02888	0	0	0
LOC105375172	0	0	0
LINC02889	0	0	0
SNX13	365	0	365
PRPS1L1	0	0	0
HDAC9	6	0	6
MIR1302-6	0	0	0
LOC124901598	0	0	0
HDAC9-AS1	0	0	0
LOC124901597	0	0	0
TWIST1	0	0	0
FERD3L	0	0	0
LOC107986773	0	0	0
LOC105375179	0	0	0
LOC105375180	0	0	0
POLR1F	319	0	319
MIR3146	0	0	0
TMEM196	0	0	0
LOC107986774	0	0	0
LOC105379720	0	0	0
MACC1-OT1	0	0	0
LOC105375181	0	0	0
MACC1	0	0	0
MACC1-AS1	0	0	0
GIRGL	0	0	0
LOC101927769	0	0	0
ITGB8-AS1	9	8	20
ITGB8	263	17	265
LOC124900239	0	0	0
ABCB5	1	0	1
SP8	10	0	10
RPL23P8	0	0	0
LINC01162	0	0	0
SP4	63	0	63
MIR1183	0	0	0
DNAH11	13	239	2
LOC105375183	0	0	0
LOC124901599	0	0	0
LOC107986775	0	0	0
CDCA7L	407	0	635
RAPGEF5	0	0	0
STEAP1B	0	0	0
STEAP1B-AS1	2	0	2
LOC401312	0	0	0
IL6-AS1	0	32	0
IL6	116	0	148
TOMM7	672	0	672
LOC112267993	0	0	0
SNHG26	13	0	13
SNORD93	0	0	0
LOC107986776	0	0	0
LOC124901600	0	0	0
HYCC1	297	0	297
LOC105375185	0	0	0
LOC105375186	0	0	0
KLHL7-DT	5	0	5
KLHL7	380	3	377
NUP42	382	0	382
LOC101927890	0	0	0
GPNMB	113	0	113
MALSU1	732	331	733
IGF2BP3	408	12	728
SNORD65C	0	0	0
RPS2P32	46	0	46
TRA2A	449	0	449
CLK2P1	0	0	0
LOC105375187	0	0	0
CCDC126	127	0	127
FAM221A	1	0	1
STK31	0	0	0
LOC124901835	0	0	0
LOC105375188	0	0	0
LOC107986777	0	0	0
LOC124901831	0	0	0
NPY	0	0	0
LOC124901601	0	0	0
PALS2	566	0	566
GSDME	1332	1	1331
LOC124901820	0	0	0
OSBPL3	1072	5	1067
CYCS	2402	0	2402
SPMIP4	18	3	15
LOC124901603	0	0	0
LOC124901602	0	0	0
LOC105375191	1	0	1
NPVF	0	0	0
LOC124901858	0	0	0
LOC105375193	0	0	0
LOC105375195	0	0	0
LOC105375194	0	0	0
LOC124901604	0	0	0
LOC105375196	0	0	0
LINC03007	0	0	0
LOC100506236	0	0	0
LOC105375199	0	0	0
LOC105375200	0	0	0
MIR148A	0	0	0
LOC105375198	0	0	0
NFE2L3	34	32	5
HNRNPA2B1	13318	4	13317
CBX3	2592	0	2592
SNX10	75	0	100
SNX10-AS1	0	25	0
LINC02981	1	0	1
LOC105375202	0	0	0
KIAA0087	0	0	0
LOC124901605	0	0	0
LINC03095	0	0	0
LOC101928077	5	0	5
LINC02860	0	0	0
SKAP2	337	0	337
LOC124901606	0	0	0
HOXA1	11	0	11
HOTAIRM1	214	0	214
HOXA2	0	0	0
HOXA3	23	0	23
HOXA-AS2	1	0	1
HOXA4	2	0	2
HOXA-AS3	0	13	0
HOXA5	149	0	149
HOXA6	2	0	13
HOXA7	0	0	0
HOXA10-HOXA9	0	0	0
HOXA9	4	0	4
HOXA10-AS	0	229	41
MIR196B	0	6	0
HOXA10	95	30	318
HOXA11	189	28	166
HOXA11-AS	98	1	102
HOXA13	108	0	108
HOTTIP	3	0	3
EVX1-AS	0	0	0
EVX1	0	0	0
LOC107986733	0	0	0
LOC105375206	0	0	0
LOC105375207	0	0	0
HIBADH	1544	0	1544
LOC107986699	0	0	0
TSL	0	0	0
LOC105375211	0	0	0
TAX1BP1-AS1	0	82	0
TAX1BP1	863	2	946
JAZF1	589	9	635
LOC105375208	0	0	0
JAZF1-AS1	0	51	1
CREB5	13	0	13
TRIL	0	0	0
CPVL-AS2	1	0	1
CPVL	0	0	0
CPVL-AS1	0	0	0
LOC128966558	0	0	0
CHN2	0	2	0
CHN2-AS1	0	0	0
PRR15-DT	4	0	6
PRR15	3	1	2
MIR550A3HG	308	0	308
MIR550A3	0	0	0
ZNRF2P2	0	0	1
DPY19L2P3	5	9	6
WIPF3	0	0	0
LOC124901827	0	0	0
SCRN1	4	0	4
FKBP14-AS1	0	37	0
FKBP14	134	0	171
PLEKHA8	322	0	334
LOC105375216	1	12	1
MTURN	100	1	99
LOC105375217	0	0	0
LOC124901607	0	0	0
LOC105375218	0	0	0
ZNRF2	362	0	362
MIR550A1	0	0	0
MIR550B1	0	0	0
DKFZP586I1420	58	0	58
LINC01176	11	0	11
NOD1	350	10	340
GGCT	808	0	808
GARS1-DT	101	0	101
GARS1	1803	4	1799
LOC124901609	7	0	7
CRHR2	0	1	0
LOC124901608	0	0	0
LOC105375220	0	0	0
LOC105375219	0	0	0
INMT-MINDY4	0	0	0
INMT	0	0	0
MINDY4	0	0	0
AQP1	18	0	18
GHRHR	0	0	0
LOC105375222	0	0	0
LOC105375221	0	0	0
ADCYAP1R1	0	0	0
LOC107986781	0	0	0
LOC107986782	0	0	0
NEUROD6	0	0	0
LOC105375224	0	0	0
ITPRID1	0	0	0
PDE1C	2	0	2
PPP1R17	0	0	0
LOC100130673	0	0	0
LSM5	470	0	470
AVL9	772	9	832
DPY19L1P1	23	69	24
ZNRF2P1	63	6	58
MIR550A2	0	0	0
MIR550B2	0	0	0
LINC00997	101	0	101
DPY19L1P2	4	0	4
KBTBD2	547	1	546
RP9P	97	0	97
FKBP9	1826	6	1820
NT5C3A	445	1	444
LOC124901610	0	73	0
RP9	33	0	102
BBS9	70	0	70
LOC124901611	0	0	0
FLJ20712	1	0	1
LOC124901612	1	1	0
LOC124901613	0	0	0
BMPER	0	0	0
NPSR1-AS1	0	0	0
NPSR1	0	0	0
DPY19L1	671	0	671
MIR548N	2	0	2
LOC102724723	0	0	0
LOC105375228	0	0	0
DPY19L2P1	0	0	0
TBX20	2	0	2
LOC401324	0	0	0
LOC105375230	0	0	0
LOC124901614	3	0	3
LOC101928421	12	0	12
HERPUD2	200	0	200
HERPUD2-AS1	73	0	73
LINC03013	0	0	0
LOC124901615	0	0	0
SEPTIN7-DT	5	0	5
SEPTIN7	954	0	954
LOC107986734	0	0	0
LOC105375233	0	0	0
LOC124901616	0	0	0
LOC124901617	0	0	0
LOC101928618	0	0	0
EEPD1	13	0	13
MATCAP2	352	70	354
ANLN	1123	2	1193
AOAH	0	0	0
AOAH-IT1	0	0	0
ELMO1	1	0	1
LOC105375235	0	0	0
MIR1200	0	0	0
ELMO1-AS1	0	0	0
LOC124901833	0	0	0
GPR141	8	0	8
NME8	0	0	0
SFRP4	3	0	3
EPDR1	493	1	492
LOC105375236	0	0	0
STARD3NL	329	0	329
TARP	24	0	24
TRG-AS1	1	0	1
AMPH	0	0	0
CFAP144P1	0	0	0
VPS41	347	0	347
POU6F2	0	0	0
POU6F2-AS2	0	0	0
LOC105375239	0	0	0
SNORA20B	0	0	0
POU6F2-AS1	0	0	0
LOC105375238	0	0	0
LOC105375237	0	0	0
YAE1-DT	0	0	0
YAE1	94	0	94
LOC107986785	7	0	7
RALA	482	0	482
LINC00265	45	0	45
LOC101928688	0	0	0
CDK13-DT	5	0	5
CDK13	879	2	880
MPLKIP	734	2	735
SUGCT	14	0	14
LOC105375245	0	0	0
SUGCT-AS1	0	0	0
LOC105375244	0	0	0
LOC105375243	0	0	0
LOC112267984	0	0	0
LOC105375242	0	0	0
LINC01450	0	0	0
LINC01449	0	0	0
LOC105375241	0	0	0
LOC105375246	0	0	0
LOC107986787	0	0	0
LOC105379725	0	0	0
LOC105375247	0	0	0
LOC107986789	0	0	0
INHBA	0	0	0
INHBA-AS1	0	0	0
LOC124901618	0	0	0
GLI3	152	0	152
LOC105375249	0	0	0
LOC105375250	0	0	0
LOC105375251	0	0	0
LINC01448	0	0	0
LOC107986735	0	0	0
C7orf25	200	2	198
PSMA2	1540	1	1539
MRPL32	601	0	601
LOC105375253	0	0	0
LOC107986790	0	0	0
HECW1	104	11	117
HECW1-IT1	0	0	0
MIR3943	0	0	0
LOC124901619	0	9	0
LOC102724903	0	0	0
LUARIS	19	9	25
STK17A	817	31	1942
COA1	1028	1158	1026
BLVRA	852	3	849
URGCP-MRPS24	0	0	0
MRPS24	0	0	0
LOC124901620	7	4	5
URGCP	1126	17	1134
UBE2D4	62	15	217
POLR2J4	81	114	83
SPDYE1	5	6	0
RASA4CP	0	4	0
LINC00957	3	1	6
DBNL	1668	10	1686
MIR6837	1	0	1
PGAM2	0	28	0
POLM	290	0	290
MIR6838	0	0	0
AEBP1	4	0	4
MIR4649	0	0	0
POLD2	3882	8	3874
MYL7	0	0	0
GCK	0	0	0
LOC105375258	0	0	0
LOC105375257	0	0	0
YKT6	1335	0	1335
CAMK2B	0	0	0
LOC124901621	0	0	0
NUDCD3	775	0	775
NPC1L1	5	0	5
DDX56	2516	0	2516
TMED4	2857	42	2815
OGDH	6777	9	6768
LOC124901622	0	0	0
ZMIZ2	1413	5	1408
LOC105375259	45	0	45
PPIA	29969	9	29960
H2AZ2	2438	0	2438
H2AZ2-DT	3	0	3
PURB	713	12	701
MIR4657	0	0	0
LOC105375262	0	0	0
MYO1G	69	0	69
SNHG15	792	2	790
SNORA9	59	0	59
LOC102723334	6	3	12
CCM2	469	7	471
NACAD	11	1	10
TBRG4	3094	1	3093
SNORA5A	0	0	0
SNORA5C	12	0	12
SNORA5B	5	0	5
RAMP3	0	0	0
LOC124901623	0	0	0
LOC107986736	0	0	0
LOC124901624	0	0	0
ADCY1	0	0	0
SEPTIN7P2	172	0	172
GTF2IP13	12	0	22
LOC124901625	0	10	0
LOC730234	3	0	3
LOC112267918	59	0	59
CCDC201	0	0	0
IGFBP1	0	0	0
IGFBP3	858	2	856
LOC102723446	2	0	2
LOC105375264	0	0	0
LOC105375266	0	0	0
LOC730338	0	0	0
LOC124901626	0	0	0
LOC105375267	1	0	1
LOC105375268	0	0	0
LOC124901627	2	0	2
LOC124901628	7	0	7
TNS3	2209	0	2209
LOC124901629	12	0	12
SNORD151	0	0	0
LINC01447	2	0	2
LINC02902	1	0	1
LINC00525	29	0	29
PKD1L1	106	0	106
PKD1L1-AS1	0	0	0
HUS1	254	0	254
LOC105375270	0	0	0
SUN3	3	0	3
C7orf57	0	0	0
UPP1	540	2	538
LOC105375271	0	0	0
ABCA13	1	0	1
LOC105375272	0	0	0
LINC02838	0	0	0
CDC14C	0	0	0
LOC124901804	0	0	0
VWC2	0	0	0
ZPBP	0	0	0
LOC124901630	0	0	0
SPMIP7	0	0	0
IKZF1	0	0	0
LOC124901631	0	0	0
FIGNL1	260	1	259
DDC	0	0	0
DDC-AS1	0	0	0
GRB10	1093	0	1093
LOC124901632	0	0	0
LOC124900241	0	0	0
COBL	1687	1	1686
LOC124901633	10	0	10
LOC107986794	0	0	0
LOC102723533	0	0	0
LOC105375277	0	0	0
LOC105375278	0	0	0
LOC124901634	0	0	0
LOC107986738	0	0	0
LOC124900240	0	0	0
LOC124901810	0	0	0
LOC107986796	0	0	0
LOC101928257	0	0	0
LOC124901805	0	0	0
POM121L12	0	0	0
LOC105375282	0	0	0
GS1-278J22.2	0	0	0
LINC01446	16	0	16
LINC02854	0	0	0
LINC01445	0	0	0
LOC124901829	0	0	0
VSTM2A	0	0	0
VSTM2A-OT1	0	0	0
LOC124901635	0	0	0
SEC61G	481	1	480
SEC61G-DT	0	0	0
LOC124901636	300	0	300
LOC105375284	2	1	1
EGFR	2229	0	2293
EGFR-AS1	3	67	0
ELDR	4	4	0
LANCL2	197	4	193
VOPP1	571	0	571
VOPP1-DT	0	0	0
FKBP9P1	5	0	5
LOC101060341	4	0	4
LOC102723656	1	0	1
SEPTIN14	0	0	0
ZNF713	11	0	11
MRPS17	303	0	303
NIPSNAP2	792	2	790
PSPH	397	0	397
CCT6A	4232	0	4232
SNORA22B	1	0	1
SNORA15	4	0	4
SUMF2	3498	10	3779
PHKG1	15	291	14
CHCHD2	7554	5	7549
NUPR2	0	0	0
LOC105375288	0	0	0
LOC107986800	1	0	1
LOC105375292	0	0	0
LOC101930109	0	0	0
LOC650226	0	0	0
LOC100240728	0	0	0
LOC124901640	0	0	0
DKFZp434L192	0	0	0
LOC101928401	0	0	0
LOC105375291	0	0	0
LOC102723684	0	0	0
LOC105375289	0	0	0
LOC401357	0	0	0
LOC124901637	0	0	0
LOC124901639	0	0	0
LOC124901638	0	0	0
LOC105375294	0	0	0
LOC105375295	0	0	0
LOC100130849	0	0	0
MIR4283-1	0	0	0
ZNF479	0	0	0
GUSBP10	0	0	0
LOC105375297	0	0	0
LOC105375298	0	0	0
LOC105375299	0	0	0
MIR3147HG	0	0	0
MIR3147	0	0	0
ZNF716	0	0	0
LOC105375300	0	0	0
LOC105375301	0	0	0
LOC105375302	0	0	0
LOC102723842	0	0	0
LOC124901826	0	0	0
ZNF733P	0	0	0
LOC102724738	0	0	0
LOC100287704	0	0	0
LINC03075	0	0	0
LOC101929050	0	0	0
LOC124901641	0	0	0
LOC100287834	0	0	0
MIR4283-2	0	0	0
LOC105375313	0	0	0
LOC105375314	0	0	0
LOC105375315	0	0	0
LOC124901649	0	0	0
LOC124901797	0	0	0
LOC124901645	0	0	0
LOC124901650	0	0	0
LOC124901798	0	0	0
LOC124901644	0	0	0
LOC124901647	0	0	0
LOC124901652	0	0	0
LOC124901648	0	0	0
LOC124901651	0	0	0
LOC124901646	0	0	0
LOC124901643	0	0	0
LOC124901654	0	0	0
LINC02848	0	0	0
LOC124901653	0	0	0
LOC105375318	0	0	0
ZNF722	0	0	0
LINC01005	0	0	0
LOC105375317	0	0	0
ZNF727	0	0	0
LOC124901655	0	0	0
ZNF735	0	0	0
LOC105375319	0	0	0
ZNF679	0	0	0
LOC105375323	0	0	0
LOC105375322	0	0	0
ZNF736	119	0	119
LOC105375321	7	0	7
LOC105375324	0	0	0
YWHAEP1	1	0	1
LOC124901658	0	0	0
ZNF680	100	0	100
LOC124901657	0	0	0
LOC100128885	0	0	0
LOC641746	2	0	2
LOC124901656	0	0	0
LOC105375326	0	0	0
ZNF107	101	0	101
MIR6839	0	0	0
ZNF138	40	0	40
ZNF273	45	0	45
LOC441239	0	0	0
ZNF117	0	0	0
ERV3-1-ZNF117	0	0	0
ERV3-1	27	0	27
LOC105375330	0	0	0
LOC105375329	0	0	0
CCT6P3	27	9	18
LOC124901663	4	2	2
SNORA22C	0	0	0
SNORA15B-1	0	0	0
LOC124901662	1	1	0
INTS4P1	12	0	12
LOC124901661	0	0	0
LOC105375334	0	0	0
ZNF92	41	0	41
LOC124901660	0	0	0
LOC101929322	0	0	0
LINC03006	30	29	44
INTS4P2	3	5	1
CCT6P1	96	20	116
SNORA22	1	0	1
SNORA15B-2	3	3	0
LOC124901659	3	0	3
LINC03129	2	0	2
VKORC1L1	1020	2	1018
GUSB	1800	0	1800
LOC105375336	0	0	0
ASL	643	1	642
CRCP	495	2	493
TPST1	26	0	26
LINC00174	99	0	99
LINC03011	33	0	33
RABGEF1P1	270	0	270
KCTD7	160	1	159
LOC100996437	10	0	10
RABGEF1	417	92	466
LOC107986707	1	0	1
GTF2IRD1P1	0	141	0
GTF2IP23	10	0	10
LINC02604	64	0	64
TMEM248	2158	1	2157
SBDS	1013	0	1013
TYW1	281	2	281
LOC124901664	3	3	0
MIR4650-1	0	0	0
LOC124901666	2	1	1
LOC124901665	2	4	0
PMS2P4	37	0	42
SPDYE21	7	12	0
STAG3L4	191	0	191
LINC01372	5	0	5
LOC105375337	1	0	1
LOC105375340	0	0	0
LOC107986741	0	0	0
LOC102723427	0	0	0
LOC105375341	0	0	0
LOC105375342	0	0	0
LOC105375343	0	0	0
LOC105375344	0	0	0
LOC105375345	0	0	0
LOC124901667	0	0	0
LOC105375346	0	0	0
CT66	0	0	0
AUTS2	73	0	73
LOC124901669	3	0	3
LOC124901668	1	1	0
LOC107986709	0	0	0
LOC105375347	0	0	0
GALNT17	0	0	0
MIR3914-1	0	0	0
MIR3914-2	0	0	0
CALN1	0	0	0
TYW1B	23	0	23
MIR4650-2	0	0	0
SBDSP1	269	0	269
SPDYE7P	0	0	0
POM121	1522	358	1523
NSUN5P2	30	17	353
LOC124901671	4	1	4
TRIM74	2	0	7
FKBP6P1	3	7	0
LOC124901672	30	40	0
STAG3L3	95	4	102
PMS2P7	28	0	29
SPDYE8	0	0	0
SPDYE11	0	0	0
SPDYE9	0	0	0
SPDYE10	0	17	0
GTF2IP4	323	0	340
NCF1B	0	0	0
NSUN5	1184	8	1183
TRIM50	0	0	0
FKBP6	2	2	0
FZD9	62	0	62
BAZ1B	2115	0	2115
BCL7B	595	0	595
TBL2	1133	1	1132
MLXIPL	344	2	342
VPS37D	43	0	43
DNAJC30	385	0	385
BUD23	2372	0	2372
STX1A	151	3	184
LOC105375350	3	39	0
MIR4284	0	0	0
BICDL3P	8	0	8
ABHD11	295	0	295
CLDN3	0	0	0
CLDN4	166	23	143
METTL27	88	0	88
TMEM270	1	0	1
ELN	2	0	2
ELN-AS1	0	0	0
LIMK1	758	1	757
EIF4H	9329	5	9324
MIR590	6	0	6
LAT2	15	8	7
RFC2	1138	0	1138
LOC107986742	0	0	0
CLIP2	105	0	105
GTF2IRD1	1759	1	1758
WBSCR23	0	0	0
MIR10525	8	0	8
GTF2I	542	0	1279
GTF2I-AS1	1	738	0
NCF1	3	2	1
GTF2IRD2	13	0	13
LOC124901673	43	112	0
STAG3L2	79	1	147
PMS2P5	34	0	72
SPDYE12	34	72	0
LOC105375352	0	0	0
CASTOR2	398	10	446
RCC1L	1265	53	1270
GTF2IRD2B	102	0	102
NCF1C	1	1	0
GTF2IP1	143	1	153
LOC107986710	0	0	0
SPDYE14	0	0	0
SPDYE13	0	0	0
SPDYE15	0	6	0
PMS2P2	0	0	4
STAG3L1	11	1	19
LOC124901677	6	15	0
FKBP6P2	9	11	0
TRIM73	1	0	3
LOC124901676	0	2	0
NSUN5P1	348	14	350
POM121C	1131	23	1122
SPDYE5	8	8	0
PMS2P3	61	0	61
HIP1	1121	0	1121
CCL26	22	0	22
CCL24	0	0	0
RHBDD2	2559	3	2556
LOC124901680	0	0	0
POR	8183	6	8185
MIR4651	0	0	0
SNORA14A	6	0	6
TMEM120A	851	10	849
STYXL1	208	0	208
MDH2	5988	6	5982
GTF2IP7	14	0	14
LOC124901854	0	0	0
LOC124901674	5	0	5
SRRM3	73	0	73
LOC124901679	0	0	0
HSPB1	13512	15	13497
FPASL	0	0	0
YWHAG	4485	1	4484
SSC4D	31	103	43
ZP3	255	18	352
DTX2	309	2	319
FDPSP2	2	11	3
LOC124901675	2	36	4
UPK3B	5	4	39
SPDYE16	0	0	0
LINC03009	0	0	0
POMZP3	0	0	0
LOC105375358	0	0	0
DTX2P1-UPK3BP1-PMS2P11	28	1	29
SPDYE17	1	3	0
PMS2P9	3	0	3
SPDYE18	7	5	2
FAM185BP	4	0	4
CCDC146	3	0	3
LOC124901678	0	0	0
FGL2	0	0	0
CCDC146-AS1	0	0	0
LOC102723791	0	0	0
GSAP	21	0	21
LOC101927243	0	0	0
LOC124901830	0	0	0
LOC124901681	4	0	4
PTPN12	645	0	645
LOC105375363	1	3	1
APTR	55	31	63
RSBN1L	280	6	310
TMEM60	191	0	191
PHTF2	512	2	510
LOC124901682	0	0	0
DDX3ILA1	0	0	0
MAGI2	0	0	0
LOC124901684	0	0	0
RPL13AP17	0	0	0
LOC124901683	0	0	0
MAGI2-AS2	0	0	0
LOC105375366	0	0	0
MAGI2-AS3	0	0	0
LOC105375369	0	0	0
LOC105375370	0	0	0
LOC105375371	0	0	0
LOC105375372	0	0	0
GNAI1	885	1	884
LOC107986743	0	0	0
LOC107986744	0	0	0
LOC105375373	0	0	0
LOC101927269	0	0	0
GNAT3	1	0	1
LOC107986812	0	0	0
LOC124901685	0	0	0
CD36	10	0	10
SEMA3C	633	0	633
LOC124901686	0	0	0
LOC105369146	0	0	0
LOC100128317	0	0	0
HGF	0	0	0
CACNA2D1	0	0	0
CACNA2D1-AS1	0	0	0
LOC124901687	0	0	0
LOC107986813	0	0	0
LOC124901688	0	0	0
LOC105375376	0	0	0
PCLO	0	0	0
LOC105375377	0	0	0
SEMA3E	0	0	0
LOC105375378	0	0	0
LOC107986745	0	0	0
SEMA3A	0	0	0
LINC03017	0	0	0
SEMA3D	1	0	1
LINC00972	0	0	0
GRM3	0	0	0
GRM3-AS1	0	0	0
ELAPOR2	0	0	0
LOC124901689	0	0	0
DMTF1-AS1	16	8	22
DMTF1	442	71	442
TMEM243	171	5	416
LOC105375384	11	201	1
TP53TG1	0	0	0
CROT	2	0	3
ABCB4	1	1	1
ABCB1	8	0	8
LOC124901834	0	0	0
RUNDC3B	0	0	0
SLC25A40	289	0	290
DBF4	424	3	422
LOC124901690	0	0	0
ADAM22	7	2	6
LOC105375386	0	1	0
SRI	865	0	1178
LOC124901691	1	0	1
SRI-AS1	7	321	0
STEAP4	5234	3	5231
LOC124901692	0	0	0
LOC107986815	1	0	1
LOC124900238	0	0	0
LOC107986816	0	0	0
ZNF804B	0	0	0
TEX47	0	0	0
LOC105375387	0	0	0
LOC107986817	0	0	0
STEAP2-AS1	0	0	0
DPY19L2P4	0	0	0
STEAP1	1	0	1
STEAP2	0	0	0
LOC107986819	0	0	0
CFAP69	3	0	3
FAM237B	0	0	0
LOC107986715	2	2	0
LOC101927446	0	0	0
GTPBP10	201	0	201
LOC101409256	0	0	0
CLDN12	402	0	402
PTTG1IP2	0	0	0
LOC124901693	0	0	0
CDK14	54	0	54
LOC124901839	0	0	0
LOC124901694	1	0	1
FZD1	212	0	212
LOC124901695	0	0	0
LINC02932	0	0	0
LOC107986716	0	0	0
LOC101927473	0	0	0
LOC124901697	0	0	0
LOC124901696	0	0	0
MTERF1	122	0	122
LOC112267986	0	0	0
LOC124901698	0	0	0
AKAP9	185	4	182
CYP51A1	1184	2	1191
CYP51A1-AS1	1	8	2
LRRD1	1	0	2
KRIT1	209	1	211
MIR1285-1	0	0	0
ANKIB1	630	2	631
TMBIM7P	0	0	0
GATAD1	448	112	470
ERVW-1	0	0	0
PEX1	192	24	302
RBM48	240	0	240
FAM133B	149	0	149
LOC105375397	0	0	0
CDK6	652	6	646
LOC112268009	0	0	0
CDK6-AS1	0	0	0
SAMD9	444	0	444
SAMD9L	75	0	75
HEPACAM2	0	0	0
VPS50	223	0	223
CALCR	0	0	0
MIR653	0	0	0
MIR489	0	0	0
LOC105375400	0	0	0
MIR4652	0	0	0
LOC124901811	0	0	0
TFPI2	0	0	0
TFPI2-DT	0	0	0
GNGT1	0	0	0
LOC105375402	0	0	0
GNG11	657	0	657
BET1	450	0	451
BET1-AS1	10	11	0
LOC130890646	0	0	0
LOC124901812	0	0	0
LOC112267858	0	0	0
LOC107986821	0	0	0
COL1A2-AS1	0	0	0
COL1A2	43	0	43
CASD1	134	7	127
LOC105375404	0	0	0
SGCE	431	0	431
PEG10	1832	0	1832
PPP1R9A	126	0	126
PPP1R9A-AS1	6	0	6
LOC124901848	0	0	0
PON1	3	0	3
PON3	1	0	1
LOC107986822	12	12	0
PON2	4975	0	4975
ASB4	1	0	1
LOC107986823	0	0	0
LOC124901699	1	0	1
PDK4	1276	0	1277
PDK4-AS1	0	1	0
LOC107986746	0	0	0
LOC105375409	0	0	0
DYNC1I1	0	0	0
LOC124901700	0	0	0
LOC124901701	0	0	0
SLC25A13	1097	0	1097
MIR591	0	0	0
LOC105375410	0	0	0
LOC124901702	0	0	0
LOC105375411	0	0	0
SEM1	362	0	362
LOC105375412	0	0	0
LOC107986825	0	0	0
LOC105375414	0	0	0
LOC124901703	0	0	0
DLX6-AS1	0	0	0
DLX6	0	0	0
DLX5	0	0	0
SDHAF3	127	0	127
LOC107984034	0	0	0
LOC124901704	0	0	0
LOC107986826	0	0	0
LOC105375416	0	0	0
TAC1	0	0	0
ASNS	7	0	7
CZ1P-ASNS	0	0	0
MIR5692A1	0	0	0
MIR5692C2	0	0	0
CCZ1P-OR7E38P	99	0	99
OCM2	0	0	0
LMTK2	780	1	779
BHLHA15	0	3	0
TECPR1	318	0	321
LOC124901706	10	0	10
LOC124901705	0	0	0
BRI3	513	587	510
BAIAP2L1	859	6	1437
NPTX2	0	0	0
LOC105375419	0	0	0
LOC105375418	0	0	0
TMEM130	2	2	0
TRRAP	1748	2	1746
MIR3609	0	0	0
SCARNA28	0	0	0
LOC124901832	0	0	0
LOC101927550	21	121	28
SMURF1	625	19	734
KPNA7	0	0	0
MYH16	1	1	0
LOC105375421	5	0	5
ARPC1A	2461	0	2461
ARPC1B	6267	21	6360
PDAP1	2501	126	2489
BUD31	168	125	636
MIR12119	0	0	0
LOC124901707	3	0	3
LOC124901841	1	1	0
ATP5MF-PTCD1	0	0	0
PTCD1	0	0	0
CPSF4	690	8	682
ATP5MF	151	1	150
TRW-CCA5-1	0	0	0
ZNF789	156	9	159
ZNF394	270	10	272
ZKSCAN5	276	0	276
FAM200A	81	2	86
LOC105375422	0	0	1
ZNF655	399	10	395
TMEM225B	0	0	0
ZSCAN25	306	1	315
CYP3A5	13	9	13
CYP3A7-CYP3A51P	0	0	0
CYP3A7	0	0	0
CYP3A4	0	0	1
CYP3A4-AS1	0	1	0
CYP3A43	0	0	0
OR2AE1	2	0	2
TRIM4	153	0	153
LOC101927610	0	0	0
GJC3	0	0	0
LOC124900245	0	0	0
AZGP1	0	0	0
AZGP1P1	0	0	0
LOC105375423	0	0	0
ZKSCAN1	475	1	474
ZSCAN21	62	10	194
ZNF3	375	134	383
COPS6	2683	4	2680
MCM7	5739	9	6380
MIR25	21	0	21
MIR93	1	0	1
MIR106B	0	0	0
AP4M1	279	1404	326
TAF6	1238	119	1994
CNPY4	154	5	213
MBLAC1	15	3	21
LAMTOR4	570	3	567
TRAPPC14	414	2	412
MIR4658	0	0	0
GAL3ST4	6	0	6
GPC2	91	0	91
STAG3	56	231	6
CASTOR3P	307	0	488
PVRIG	15	15	0
LOC105375426	0	0	0
SPDYE3	70	144	0
PMS2P1	122	79	199
STAG3L5P-PVRIG2P-PILRB	151	1	150
STAG3L5P	4	0	4
PVRIG2P	0	0	0
MIR6840	6	0	6
PILRB	4	0	4
PILRA	21	0	21
ZCWPW1	27	0	29
MEPCE	1834	5	1831
PPP1R35	751	10	746
PPP1R35-AS1	5	0	9
TSC22D4-C7ORF61	0	0	0
SPACDR	0	0	0
TSC22D4	127	0	127
NYAP1	12	2	10
LOC107986829	0	0	0
AGFG2	1170	1	1170
LOC124901708	0	0	1
SAP25	5	0	5
LRCH4	495	0	495
FBXO24	2	0	5
PCOLCE-AS1	0	8	0
PCOLCE	108	0	113
MOSPD3	291	0	291
TFR2	105	1	129
LOC124901709	1	25	1
LOC124901710	2	0	2
ACTL6B	0	0	0
LOC105375429	0	0	0
GNB2	4481	12	4469
GIGYF1	1150	0	1150
POP7	684	0	684
EPO	1	0	1
ZAN	2	2	0
EPHB4	2046	3	2160
SLC12A9	657	125	652
SLC12A9-AS1	1	0	4
TRIP6	2720	7	2713
MIR6875	0	0	0
SRRT	2927	16	2912
UFSP1	75	0	76
ACHE	4	0	4
LOC105375431	0	0	0
MUC3A	7	0	7
LOC124900622	0	0	0
MUC12	0	0	0
MUC12-AS1	0	0	0
MUC17	0	0	0
TRIM56	892	0	892
SERPINE1	407	0	407
AP1S1	1726	3	1723
MIR4653	2	0	2
VGF	35	3	32
NAT16	18	0	18
MOGAT3	0	0	0
PLOD3	3891	0	3891
ZNHIT1	1039	0	1039
CLDN15	215	0	215
FIS1	779	1	778
LNCPRESS1	0	0	0
EMSLR	63	5	72
IFT22	299	33	280
COL26A1	17	0	17
LINC01007	0	0	0
LOC107986832	1	0	1
MYL10	0	0	0
CUX1	1925	2	1923
LOC124900244	0	0	0
LOC124901711	0	0	0
SH2B2	247	0	247
MIR4285	0	0	0
LOC107986717	0	0	0
SPDYE6	9	9	0
LOC100630923	1	0	1
LOC100289561	6	0	6
PRKRIP1	26	0	26
MIR548O	0	0	0
LOC105375433	1	114	0
ORAI2	59	24	57
ALKBH4	251	5	269
LRWD1	536	6	532
MIR5090	0	0	0
MIR4467	0	0	0
POLR2J	448	7	442
RASA4B	16	0	34
LOC124901715	0	18	0
POLR2J3-UPK3BL2	0	0	0
UPK3BL2	0	0	0
SPDYE2	19	19	0
POLR2J3	0	0	0
LOC124901712	0	0	0
RASA4	19	0	24
LOC124901714	0	5	0
POLR2J2-UPK3BL1	0	0	0
UPK3BL1	0	0	0
SPDYE2B	0	0	0
POLR2J2	0	0	0
RASA4DP	6	0	12
LOC124901713	0	6	0
FAM185A	71	0	71
FBXL13	5	3	2
LRRC17	0	0	0
NFE4	0	0	0
ARMC10	205	1	204
NAPEPLD	0	0	0
RPL19P12	2	0	2
LOC105375434	0	0	0
DPY19L2P2	0	0	0
PMPCB	1023	125	1106
DNAJC2	415	94	530
PSMC2	1305	1	1304
SLC26A5	1	1	0
SLC26A5-AS1	0	0	0
RELN	0	0	0
LOC105375435	0	0	0
ORC5	343	1	342
LHFPL3	0	0	0
LHFPL3-AS1	0	0	0
LHFPL3-AS2	0	0	0
LOC101927902	0	0	0
LINC01004	68	0	68
KMT2E-AS1	87	3	85
KMT2E	547	36	517
SRPK2	777	4	918
LOC124901717	1	140	1
LOC124901718	0	0	0
PUS7	520	0	520
RINT1	214	0	355
EFCAB10	3	144	0
EFCAB10-AS1	23	0	23
ATXN7L1	67	0	67
CDHR3	0	0	0
LOC107986833	0	0	0
SYPL1	1524	1	1523
LOC124901719	0	0	0
NAMPT	1766	3	1766
NAMPT-AS1	0	0	3
CTB-30L5.1	2	0	2
LOC105375440	0	0	0
CCDC71L	368	4	364
LINC02577	1	0	1
PIK3CG	0	0	0
PRKAR2B	0	0	0
PRKAR2B-AS1	0	0	0
HBP1	0	0	0
COG5	0	0	0
LOC124901720	0	0	0
LOC124901721	0	0	0
GPR22	0	0	0
DUS4L-BCAP29	0	0	0
DUS4L	0	0	0
BCAP29	0	0	0
SLC26A4-AS1	0	1	0
SLC26A4	1	0	1
CBLL1-AS1	14	6	13
CBLL1	474	2	477
SLC26A3	0	0	0
LOC105375444	0	0	0
LOC105375445	0	0	0
DLD	743	0	743
LAMB1	1736	7	1729
LAMB4	0	0	0
LOC107986834	0	0	0
LOC107986835	0	0	0
LOC105375446	0	0	0
NRCAM	0	0	0
LOC102724363	0	0	0
PNPLA8	256	0	256
LOC124901722	0	0	0
THAP5	180	0	180
DNAJB9	219	0	219
LOC105375448	0	0	0
LOC107986836	0	0	0
LINC02903	0	0	0
EIF3IP1	0	0	0
LOC105375451	4	0	4
LOC105375450	0	0	0
LOC105375452	0	0	0
LOC124901723	0	0	0
IMMP2L	239	0	239
LOC124901724	5	0	5
LRRN3	1	0	1
LOC124901725	20	0	20
LOC124900232	5	0	5
DOCK4	166	0	171
LOC124901727	0	0	0
LOC124901726	0	5	0
DOCK4-AS1	0	0	0
ZNF277	149	0	149
ZNF277-AS1	8	7	1
LOC105375456	0	0	0
LOC105375457	4	0	4
IFRD1	551	0	551
LOC128031837	0	0	0
LSMEM1	11	1	10
LINC03076	0	0	0
LOC101928012	0	0	0
TMEM168	0	0	0
LOC124901729	0	0	0
SAMTOR	85	0	85
HRAT17	0	0	0
GPR85	1	0	1
LOC107986837	0	0	0
SMIM30	360	0	360
LOC124901813	0	0	0
LOC124901814	0	0	0
PPP1R3A	0	0	0
FOXP2	109	1	108
MIR3666	0	0	0
MDFIC	488	0	488
LINC01393	0	0	0
LINC01392	0	0	0
SNORA25B	0	0	0
LOC100506489	0	0	0
LOC105375461	0	0	0
LOC105375462	0	0	0
LOC102724407	0	0	0
TFEC	1	0	1
TES	983	4	1156
LOC124901730	9	185	1
LOC102724434	1	0	1
LOC105375463	0	0	0
LOC124900233	0	0	0
CAV2-DT	0	0	0
CAV2	799	0	799
CAV1	1501	0	1501
COMETT	0	0	0
MET	2084	2	2082
LOC124901731	0	0	0
CAPZA2	1280	0	1280
LOC105375465	0	0	0
ST7-AS1	9	101	18
ST7	162	7	386
ST7-OT4	0	2	2
MIR6132	0	0	0
ST7-AS2	0	130	0
LOC124901732	0	0	0
ST7-OT3	1	0	1
LOC105375466	0	0	0
WNT2	0	0	0
LOC124900596	0	0	0
LOC105375467	0	0	0
ASZ1	1	0	1
LOC105375468	0	0	0
CFTR	1	0	1
CFTR-AS1	0	0	0
CFTR-AS2	0	0	0
CTTNBP2	0	0	0
LOC105375469	0	0	0
LOC105375470	2	0	2
LSM8	361	0	361
ANKRD7	0	0	0
LOC102724495	0	0	0
LOC124901815	0	0	0
LOC105375471	0	0	0
LOC105375472	0	0	0
LOC107986747	0	0	0
LOC105375473	0	0	0
LOC124901816	0	0	0
LINC02476	1	0	1
LOC107986840	0	0	0
LOC105375477	0	0	0
KCND2	0	0	0
TSPAN12	270	0	270
LOC124901733	0	0	0
ING3	103	0	103
LOC124901734	1	1	0
CPED1	2	0	2
LOC124901735	1	0	1
WNT16	5	5	0
FAM3C	386	0	386
LOC124901737	0	0	0
LOC124901736	0	0	0
LOC105375478	0	0	0
PTPRZ1	0	0	0
AASS	0	0	0
LOC102724527	0	0	0
FEZF1	0	0	0
FEZF1-AS1	0	0	0
CADPS2	0	0	0
LOC105375481	0	0	0
LOC124901739	0	0	0
RNF133	0	0	0
RNF148	0	0	0
LOC124901738	0	0	0
LOC105375482	0	0	0
TAS2R16	0	0	0
SLC13A1	0	0	0
IQUB	4	0	4
LOC124901740	0	0	0
NDUFA5	308	0	308
ASB15	0	0	0
ASB15-AS1	0	0	0
LMOD2	0	0	0
WASL	894	4	892
WASL-DT	74	2	74
HYAL4	26	0	26
HYAL6P	0	0	0
SPAM1	1	0	1
LOC105375483	0	0	0
TMEM229A	0	0	0
LOC124901741	0	0	0
LOC105375484	0	0	0
LOC107986841	0	0	0
LOC101928211	0	0	0
LOC102724577	0	0	0
SSU72L6	0	0	0
GPR37	912	2	910
LINC03043	0	0	0
POT1	313	0	314
POT1-AS1	10	1	10
LINC02830	0	0	0
LOC101928283	1	0	1
LOC101928254	0	0	0
LOC100506664	0	0	0
LOC105375487	0	0	0
LOC105375488	0	0	0
GRM8	0	0	0
LOC101928357	0	0	0
LOC107986843	0	0	0
MIR592	0	0	0
LOC124901742	0	0	0
GRM8-AS1	0	0	0
ZNF800	329	0	329
LINC03012	0	0	0
LOC105375490	0	9	0
GCC1	321	0	321
ARF5	2074	1	2418
LOC105375489	1	329	0
FSCN3	2	0	2
PAX4	0	0	0
SND1-DT	0	0	0
SND1	6724	5	6719
SND1-IT1	0	0	0
LRRC4	0	0	0
LOC124901743	1	1	0
MIR593	1	0	1
LOC105375493	0	0	0
LOC124901744	0	0	0
MIR129-1	0	0	0
LEP	0	0	0
RBM28	615	0	615
PRRT4	4	0	4
LOC107986845	0	18	0
IMPDH1	2771	0	2789
EFCAB3P1	49	0	49
HILPDA	58	0	58
METTL2B	608	0	608
LINC01000	819	0	819
GARIN1A	17	0	17
GARIN1B	0	0	0
CALU	3888	2	3958
OPN1SW	0	72	0
TRP-AGG2-3	0	0	0
CCDC136	2	0	2
FLNC	1	0	1
FLNC-AS1	0	0	0
ATP6V1F	1138	1	1137
SPMIP1	26	3	23
KCP	1	2	1
LOC105375497	0	0	2
IRF5	0	0	0
TNPO3	1061	7	1060
TPI1P2	19	0	25
LOC124901836	0	0	0
LOC124901863	0	0	0
LOC407835	3	0	3
TSPAN33	27	0	27
SMO	0	0	0
AHCYL2	356	0	357
LOC124900234	1	0	1
LOC105375500	1	0	1
LOC107986847	0	1	0
STRIP2	509	0	509
SMKR1	7	0	7
NRF1	319	0	319
LOC105375501	0	0	0
MIR182	0	0	0
MIR96	0	0	0
MIR183	0	0	0
UBE2H	1933	5	1928
UBE2H-DT	0	128	0
ZC3HC1	394	0	522
KLHDC10	519	1	518
LINC03008	1	0	1
TMEM209	494	0	495
LOC124901745	6	6	0
SSMEM1	0	1	0
CPA2	3	0	3
CPA4	1379	0	1379
LOC105375503	28	38	0
LOC124901842	0	0	9
LOC124901837	0	0	0
CPA5	1	0	2
LOC105375504	0	0	0
CPA1	0	0	0
CEP41	93	0	93
LOC105375505	0	0	0
MESTIT1	0	26	0
MEST	207	1	233
MIR335	0	0	0
COPG2	390	3	388
COPG2IT1	1	0	1
LOC124901746	0	0	0
TSGA13	0	0	0
KLF14	11	0	11
LOC105375508	0	0	1
LOC105375509	0	0	0
MIR29A	0	0	0
MIR29B1	0	0	0
LINC-PINT	79	0	79
LINC00513	4	0	4
MKLN1	614	1	613
MKLN1-AS	54	0	54
LOC124901747	1	0	1
PODXL	4034	3	4031
LOC107986849	0	0	0
LOC101928782	0	0	0
PLXNA4	1	0	1
PLXNA4-AS2	0	0	0
PLXNA4-AS1	0	0	0
LOC105375511	0	0	0
LOC102724906	0	0	0
FLJ40288	0	0	0
LOC124900236	0	0	0
LOC100506937	0	0	0
CHCHD3	885	0	885
MIR3654	93	0	93
LOC105375512	0	0	0
EXOC4	1060	0	1199
MIR6133	0	0	0
LOC124901748	0	139	0
LOC124901749	1	0	1
LOC101928861	0	0	0
LOC105375514	0	0	0
LRGUK	1	0	1
SLC35B4	515	0	515
LOC105375518	0	0	0
LOC105375517	0	0	0
LINC03060	4	0	4
AKR1B1	7582	1	7581
AKR1B10	22	0	22
LOC105375520	2	6	0
AKR1B15	1	0	5
LOC124901750	3	11	0
BPGM	191	0	196
CALD1	1090	0	1093
AGBL3	38	2	36
CYREN	313	8	455
TMEM140	199	335	14
WDR91	133	0	133
MIR6509	0	0	0
STRA8	0	0	0
LOC107984123	0	0	0
CNOT4	302	0	302
NUP205	1785	1	1784
STMP1	438	0	438
SLC13A4	0	8	0
LOC105375521	16	0	23
FAM180A	2	2	0
LOC105375522	0	0	0
MTPN	2514	0	2514
LOC105375523	1	0	1
LOC105375524	0	0	0
LOC124901850	0	0	0
CHRM2	0	0	0
LOC349160	0	0	0
MIR490	0	0	0
LOC105375525	0	0	0
PTN	2	0	2
LOC124900235	0	0	0
LOC105375527	0	0	0
DGKI	0	0	0
CREB3L2	1268	1	1267
CREB3L2-AS1	0	0	0
LOC124901752	0	0	0
LOC124901753	0	0	0
AKR1D1	0	0	0
LOC124901828	0	0	0
MIR4468	0	0	0
LOC107986749	0	0	0
LOC124900243	0	0	0
LOC124901754	0	0	0
TRIM24	653	7	646
LOC124901843	0	0	0
LOC124901755	1	0	1
SVOPL	115	0	115
LOC124900246	0	0	0
ATP6V0A4	59	0	59
TMEM213	0	0	0
KIAA1549	1159	3	1156
ZC3HAV1L	359	36	344
LOC107986852	19	0	40
ZC3HAV1	7381	5	7376
MIR10399	0	0	0
IFT56	261	0	261
LOC124901756	1	0	1
UBN2	674	15	659
LUC7L2	152	7	145
FMC1	3	0	3
TRR-CCT4-1	0	0	0
FMC1-LUC7L2	0	0	0
LOC100129148	0	521	0
KLRG2	1	0	1
CLEC2L	0	0	0
HIPK2	0	0	0
LOC105375530	0	0	0
TBXAS1	0	0	0
LOC107986853	0	0	0
LOC105375532	0	0	0
PARP12	1315	0	1315
LOC124901757	0	0	0
KDM7A	168	1	167
KDM7A-DT	75	0	75
LOC107986854	0	0	0
LOC105375534	0	0	0
LOC124901758	0	0	0
SLC37A3	436	0	436
LOC124901838	0	0	0
LOC124901759	0	0	0
RAB19	0	0	0
MKRN1	2205	0	2205
DENND2A	3	0	3
LOC105375535	0	0	0
ADCK2	696	1	695
NDUFB2-AS1	21	743	24
NDUFB2	124	9	861
BRAF	412	4	408
LOC105375536	2	0	2
LOC107986720	0	0	0
MRPS33	483	1	482
LOC107986719	0	0	0
LOC105375537	0	0	0
TMEM178B	410	0	410
LOC124901760	0	0	0
AGK-DT	1	1	0
AGK	57	0	57
DENND11	0	0	0
WEE2-AS1	0	0	0
WEE2	0	0	0
SSBP1	370	0	370
TAS2R3	0	0	0
TAS2R4	12	0	12
TAS2R5	17	0	17
PRSS37	0	0	0
OR9A4	0	0	0
CLEC5A	0	0	0
LOC124901761	0	0	0
TAS2R38	0	0	0
MGAM	0	0	0
MGAM2	0	0	0
MOXD2P	0	0	0
PRSS58	0	0	0
PRSS59P	0	0	0
LOC105375539	0	0	0
LOC107986855	0	0	0
MIR11400	0	0	0
PRSS1	0	0	0
LOC124901763	0	0	0
PRSS2	0	0	0
LOC124901762	0	0	0
LOC105375541	0	0	0
EPHB6	0	0	0
TRPV6	0	0	0
TRPV5	0	0	0
LOC105375542	0	0	0
LLCFC1	0	0	0
KEL	0	0	0
OR9A2	0	0	0
LOC105375544	0	0	0
OR6V1	0	0	0
OR6W1P	0	0	0
PIP	0	0	0
TAS2R39	0	0	0
LOC124901764	0	0	0
TAS2R40	0	0	0
LOC105375546	0	0	0
TMEM139-AS1	1	137	0
GSTK1	2810	4	2806
TMEM139	538	0	674
CASP2	1146	0	1146
CLCN1	6	0	6
FAM131B	3	1	2
FAM131B-AS1	0	0	0
FAM131B-AS2	90	3	87
ZYX	0	1	0
MIR6892	0	0	0
EPHA1	0	0	0
EPHA1-AS1	0	0	0
TAS2R60	0	0	0
TAS2R41	0	0	0
LOC105375547	0	0	0
OR10AC1	0	0	0
CTAGE15	0	0	0
LOC101928466	8	0	8
TCAF2	17	0	17
CTAGE6	0	0	0
TCAF2P1	1	0	1
LOC154761	0	0	2
LOC112267988	1	1	0
TCAF1	17	0	17
LOC105375549	0	0	0
OR2F2	0	0	0
OR2F1	0	0	0
OR6B1	0	0	0
OR2A5	0	0	0
OR2A25	0	0	0
OR2A12	0	0	0
OR2A2	0	0	0
OR2A14	0	0	0
CTAGE4	7	2	5
ARHGEF35	75	0	108
ARHGEF35-AS1	0	33	0
OR2A42	0	0	0
OR2A1-AS1	1	0	1
OR2A20P	0	0	0
OR2A7	0	0	0
ARHGEF34P	14	1	14
CTAGE8	0	0	0
OR2A9P	0	0	0
OR2A1	1	1	0
ARHGEF5	31	0	32
LOC124901817	0	0	0
NOBOX	0	0	0
TPK1	16	0	16
LOC105375552	0	0	0
LOC105375553	0	0	0
LOC124901765	0	0	0
CNTNAP2	0	0	0
CNTNAP2-AS1	0	0	0
MIR548F4	0	0	0
LOC107986721	0	0	0
LOC105375556	0	0	0
LOC105375554	0	0	0
LOC124901859	0	0	0
LOC124901766	0	0	0
C7orf33	0	0	0
LOC124901818	0	0	0
LOC105375557	0	0	0
CUL1	1356	36	1320
EZH2	1010	0	1010
LOC124901767	0	0	0
RNY5	1	0	1
RNY4	0	0	0
LOC124901768	0	0	0
RNY3	0	0	0
RNY1	0	0	0
GHET1	4	0	4
PDIA4	5320	7	5313
ZNF786	114	3	111
ZNF425	52	0	52
ZNF398	291	0	291
LOC107986856	0	0	0
ZNF282	1139	0	1139
ZNF212	304	1	303
LOC124901769	1	14	1
ZNF783	160	0	174
LOC155060	197	0	197
TRC-GCA1-1	0	0	0
TRC-GCA9-2	0	0	0
TRC-GCA13-1	0	0	0
LOC124901770	0	0	0
TRC-GCA18-1	0	0	0
TRC-GCA10-1	0	0	0
LOC105375559	0	0	0
LOC101928733	0	0	0
TRC-GCA11-1	0	0	0
ZNF777	539	1	538
ZNF746	612	0	612
TRC-GCA16-1	0	0	0
ZNF767P	243	1	242
TRC-GCA22-1	0	0	0
TRC-GCA15-1	0	0	0
TRC-GCA3-1	0	0	0
TRC-GCA23-1	0	0	0
TRC-GCA20-1	0	0	0
TRS-AGA5-1	0	0	0
TRC-GCA19-1	0	0	0
TRC-GCA9-3	0	0	0
TRC-GCA12-1	0	0	0
TRC-GCA21-1	0	0	0
TRC-GCA17-1	0	0	0
TRC-GCA9-4	0	0	0
KRABD3	127	0	127
LOC124901771	0	0	0
ZNF467	371	4	370
SSPOP	63	0	66
ZNF862	229	1	228
ATP6V0E2-AS1	0	0	0
ATP6V0E2	0	0	0
ACTR3C	72	171	85
LOC124901772	0	0	0
LOC100134040	0	0	0
LRRC61	509	15	678
ZBED10P	205	0	205
RARRES2	2	2	0
LOC107986858	4	0	4
REPIN1-AS1	10	1364	14
REPIN1	2333	9	3692
ZNF775	43	0	45
ZNF775-AS1	0	2	0
LOC728743	54	1	53
LOC124901773	0	0	0
LINC00996	0	0	0
GIMAP8	0	0	0
GIMAP7	0	0	0
LOC107986860	0	0	0
GIMAP4	0	0	0
GIMAP6	0	0	0
LOC124901774	0	0	0
GIMAP2	1	0	1
GIMAP1-GIMAP5	0	0	0
GIMAP1	0	0	0
GIMAP5	0	0	0
LOC105375566	0	0	0
TMEM176B	0	0	0
TMEM176A	0	0	0
LOC105375567	0	0	0
LOC124901775	0	0	0
AOC1	0	0	0
KCNH2	0	0	0
LOC124901776	0	0	0
NOS3	0	0	0
ATG9B	3	0	3
LOC124901777	0	0	0
ABCB8	1111	11	1101
ASIC3	119	14	105
CDK5	668	0	675
SLC4A2	7049	23	7032
LOC128092247	0	0	0
FASTK	2391	0	2391
TMUB1	1404	5	1399
AGAP3	1731	6	1725
LOC124901778	22	0	22
GBX1	0	0	0
ASB10	0	0	0
DRC11L	0	0	0
ABCF2-H2BK1	4	0	4
H2BK1	3	0	3
ABCF2	398	0	398
CHPF2	1587	3	1590
MIR671	0	0	0
SMARCD3	252	38	403
LOC124901779	1	155	21
NUB1	573	0	1177
WDR86	45	647	2
WDR86-AS1	0	0	0
CRYGN	5	5	0
LOC124901780	0	0	0
MIR3907	0	0	0
RHEB	2531	5	2526
PRKAG2	124	3	131
PRKAG2-AS2	3	3	0
PRKAG2-AS1	28	8	30
LOC105375570	0	0	0
LOC105375571	0	0	0
GALNTL5	0	0	0
GALNT11	557	8	583
LOC124901844	0	0	0
LOC731075	8	31	11
KMT2C	593	4	589
FABP5P3	0	0	0
LINC01003	88	0	88
LOC124901846	0	0	0
LOC124900247	0	0	0
XRCC2	280	1	279
ACTR3B	254	1	253
LOC102723686	0	0	0
LOC105375577	0	0	0
LINC01287	0	0	0
LOC105375578	0	0	0
LOC105375579	0	0	0
LOC107986750	0	0	0
DPP6	0	0	0
LOC107986722	0	0	0
LOC101929998	0	0	0
LOC105375582	0	0	0
LOC105375581	0	0	0
LOC105375580	0	0	0
PAXIP1-AS2	17	144	21
PAXIP1	298	15	431
LOC124901781	1	0	1
PAXIP1-DT	94	0	94
HTR5A-AS1	0	0	0
HTR5A	0	0	0
LOC105375584	0	0	0
LOC124901782	1	0	1
LOC124901783	1	0	10
LOC124901786	0	0	0
LOC124901784	0	9	0
LOC124901785	4	1	3
LOC124901787	0	0	0
LOC105375587	0	0	0
LOC105375588	1	1	0
LOC105375589	0	0	0
INSIG1-DT	25	362	25
INSIG1	827	0	1194
LOC105375592	0	5	0
BLACE	0	0	0
LOC105375593	0	0	0
LINC03010	0	0	0
LOC105375594	0	0	0
EN2-DT	0	0	0
EN2	0	0	0
CNPY1	0	0	0
RBM33-DT	18	0	18
RBM33	1038	0	1038
SHH	0	0	0
LOC124901788	4	0	4
LOC389602	0	0	0
LOC105375597	0	0	0
LOC124901789	0	0	0
LOC105375603	0	0	0
LOC105375602	0	0	0
LOC105375601	0	0	0
LOC124901790	0	0	0
LOC124901791	0	0	0
LOC105375599	0	0	0
LOC285889	0	0	0
LOC124901792	0	0	0
RNF32-DT	1	0	1
LOC112268012	0	0	0
LINC00244	0	0	0
RNF32	19	74	0
RNF32-AS1	27	0	54
LMBR1	579	0	606
LOC102723795	0	0	0
LOC105375604	0	0	0
LOC105375605	0	0	0
NOM1	543	1	542
MNX1	142	0	143
MNX1-AS2	1	2	0
MNX1-AS1	31	0	31
LOC105375607	0	0	0
UBE3C	2405	0	2405
LOC124901803	1	0	1
DNAJB6	1559	0	1559
LOC101927914	0	0	0
LOC105375610	0	0	0
PTPRN2	1	0	1
MIR153-2	0	0	0
LOC105375615	0	0	0
LOC105375614	0	0	0
PTPRN2-AS1	0	0	0
LOC105375613	0	0	0
MIR595	0	0	0
LOC124901793	0	0	0
LINC01022	0	0	0
MIR5707	0	0	0
NCAPG2	1228	0	1228
ESYT2	3409	0	3409
DYNC2I1	592	0	592
LOC124901796	0	0	0
LOC124901794	22	0	22
LOC124901795	419	1	418
LINC00689	141	10	132
VIPR2	415	110	306
LOC101927506	5	0	5
OR4F21	0	0	0
LOC124902051	1	0	1
RPL23AP53	37	1	39
ZNF596	52	2	53
LOC101927566	0	0	0
LOC124902052	1	0	1
LOC105377773	0	0	0
FAM87A	0	0	0
FBXO25	28	0	28
TDRP	0	0	0
ERICH1	278	1	277
LOC124902055	0	0	0
LOC124902053	0	0	0
LOC124902054	1	0	1
LOC124902044	0	0	0
DLGAP2	0	0	0
LOC401442	0	0	0
LOC105377777	0	0	0
LOC124900249	0	0	0
LOC286083	0	0	0
LOC124901869	0	0	0
LOC105379585	0	0	0
LOC105377775	0	0	0
LOC105379586	0	0	0
DLGAP2-AS1	0	0	0
LOC124901870	0	0	0
LOC105377778	0	0	0
CLN8	0	0	0
CLN8-AS1	0	0	0
MIR3674	0	0	0
LOC105377779	0	0	0
MIR596	0	0	0
ARHGEF10	0	0	0
LOC100131395	0	0	0
KBTBD11-AS1	0	0	0
KBTBD11-OT1	0	0	0
KBTBD11	0	0	0
MYOM2	0	0	0
MIR7160	0	0	0
LOC105377781	0	0	0
LOC105377782	0	0	0
LOC105377783	0	0	0
LOC105377784	0	0	0
LINC03021	0	0	0
LOC107986865	0	0	0
LOC105377785	0	16	0
LOC124901871	0	0	0
CSMD1	139	0	155
LOC105377791	0	0	0
LOC105377790	0	0	0
LOC105377789	0	0	0
LOC107986907	0	0	0
LOC124900260	0	0	0
LOC105377793	0	0	0
LOC105377794	0	0	0
LOC124902045	0	0	0
LOC107986908	0	0	0
LOC105377795	0	0	0
LOC105377796	0	0	0
LOC105377797	0	0	0
MCPH1-DT	0	0	0
MCPH1	4	0	38
ANGPT2	7	7	4
MCPH1-AS1	0	5	0
MIR8055	0	0	0
AGPAT5	0	0	0
MIR4659A	0	0	0
MIR4659B	0	0	0
LOC124901872	0	0	0
LOC107986909	0	0	0
XKR5	0	0	0
GS1-24F4.2	0	0	0
DEFB1	0	0	0
DEFA6	0	0	0
DEFA4	0	0	0
DEFA8P	0	0	0
DEFA9P	0	0	0
DEFA10P	0	0	0
LOC124901873	0	0	0
DEFA1	0	0	0
DEFT1P	0	0	0
LOC124901874	0	0	0
DEFA1B	0	0	0
DEFT1P2	0	0	0
LOC124901875	0	0	0
DEFA3	0	0	0
DEFA11P	0	0	0
DEFA5	0	0	0
LOC105377799	0	0	0
LOC105377803	0	0	0
LOC101928095	0	0	0
LOC124901876	0	0	0
LOC124901878	0	0	0
FAM90A15	0	0	0
LINC00965	0	0	0
FAM90A3	0	0	0
LOC124901877	0	0	0
FAM90A13	0	0	0
FAM90A5	0	0	0
FAM90A20	0	0	0
FAM66B	0	0	0
DEFB109B	0	0	0
USP17L1	0	0	0
USP17L4	0	0	0
ZNF705G	0	0	0
DEFB4B	0	0	0
DEFB103B	0	0	0
SPAG11B	0	0	0
DEFB104B	0	0	0
DEFB106B	0	0	0
DEFB105B	0	0	0
DEFB107B	0	0	0
LOC105377801	0	0	0
PRR23D1	0	0	0
FAM90A7	0	0	0
LOC105377800	0	0	0
LOC128966594	0	0	0
FAM90A22	0	0	0
FAM90A23	0	0	0
LOC107986910	0	0	0
LOC101929400	0	0	0
FAM90A14	0	0	0
FAM90A18	0	0	0
FAM90A16	0	0	0
FAM90A8	0	0	0
FAM90A17	0	0	0
FAM90A19	0	0	0
FAM90A9	0	0	0
FAM90A10	0	0	0
PRR23D2	0	0	0
DEFB107A	0	0	0
DEFB105A	0	0	0
DEFB106A	0	0	0
DEFB104A	0	0	0
SPAG11A	0	0	0
DEFB103A	0	0	0
DEFB4A	0	0	0
ZNF705B	0	0	0
FAM66E	0	0	0
USP17L8	0	0	0
USP17L3	0	0	0
FAM90A11	0	0	0
FAM90A24	0	0	0
FAM90A12	0	0	0
LOC124900617	0	0	0
MIR548I3	0	0	0
FAM85B	0	0	0
FAM86B3P	0	0	0
PRAG1	29	0	29
LOC124901879	0	0	0
LOC105379222	0	0	0
LINC02949	0	0	0
LINC02950	0	0	0
LOC107986913	0	0	0
LOC105379224	0	0	0
LOC124901881	0	0	0
LOC105379225	0	0	0
CLDN23	15	0	15
MFHAS1	51	0	51
LOC124900259	0	0	0
LOC124901866	0	0	0
LOC105379227	0	0	0
ERI1	58	0	58
MIR4660	0	0	0
SNORD3I	0	0	0
LOC112268402	0	0	0
PPP1R3B	3	0	3
PPP1R3B-AS1	0	0	0
PPP1R3B-DT	0	0	0
LOC101929128	0	0	0
LOC124901883	0	0	0
LOC157273	0	0	0
LOC105379228	0	0	0
LOC105379231	0	0	0
LOC105379230	0	0	0
LOC124901884	0	0	0
TNKS	0	0	0
MIR597	0	0	0
LOC124902085	0	0	0
LOC124902056	0	0	0
MIR124-1HG	0	0	0
MIR124-1	0	0	0
LOC124902057	0	0	0
LOC124902082	0	0	0
LOC105379235	0	0	0
MSRA-DT	0	0	0
MSRA	0	0	0
LOC124901885	0	0	0
LOC124901886	0	0	0
LINC03022	0	0	0
LOC124901887	0	0	0
PRSS51	0	0	0
PRSS55	0	0	0
LOC105379237	0	0	0
RP1L1	0	0	0
MIR4286	0	0	0
C8orf74	0	0	0
SOX7	0	0	0
SOX7-AS1	0	0	0
PINX1	22	0	22
MIR1322	0	0	0
PINX1-DT	0	0	0
LOC101929248	0	0	0
LOC112268022	0	0	0
XKR6	0	0	0
MIR598	0	0	0
LOC101929269	0	0	0
LINC00529	0	0	0
MTMR9	0	0	0
MTMR9-AS1	0	0	0
SLC35G5	0	0	0
TDH	0	0	0
TDH-AS1	0	0	0
FAM167A-AS1	0	0	0
FAM167A	16	0	16
BLK	0	0	0
BLK-AS1	0	0	0
LINC00208	0	0	0
LOC105379242	0	0	0
GATA4	0	0	0
SNORA99	0	0	0
LINC02905	0	0	0
LOC124901888	0	4	0
NEIL2	6	2	12
LOC105379243	0	2	2
FDFT1	7	0	7
CTSB	13	0	13
LOC105379244	0	0	0
LOC112268017	0	0	0
DEFB136	0	0	0
DEFB135	0	0	0
DEFB134	0	0	0
LOC105379245	0	0	0
LOC105379246	0	0	0
DEFB130B	0	0	0
ZNF705D	0	0	0
FAM66D	0	0	0
LOC392196	0	0	0
USP17L7	0	0	0
USP17L2	0	0	0
FAM90A2P	0	0	0
FAM86B1	6	0	6
FAM85A	0	1	0
DEFB130A	0	0	0
FAM66A	0	0	0
LOC649352	0	0	0
DEFB109A	0	0	0
FAM90A25P	1	0	1
FAM86B2	7	0	7
FAM86B2-DT	5	0	5
LOC729732	0	0	0
MIR5692A2	0	0	0
LONRF1	12	0	12
MIR3926-1	0	0	0
MIR3926-2	0	0	0
LINC03019	0	0	0
LINC00681	0	0	0
LOC105379289	0	0	0
TRMT9B	0	0	0
LOC124901889	0	0	0
DLC1	0	0	0
LOC101930149	0	0	0
LOC124901890	0	0	0
C8orf48	0	0	0
LOC102725080	0	0	0
LOC105379292	0	0	0
SGCZ	0	0	0
LOC124902058	0	0	0
MIR383	0	0	0
LOC124902059	0	0	0
TUSC3	11	0	11
LOC124902060	0	0	0
MSR1	0	0	0
LOC101929028	0	0	0
LOC105379297	0	0	0
FGF20	0	0	0
MICU3	0	0	0
ZDHHC2	235	0	235
LOC107986918	0	0	0
CNOT7	718	3	715
VPS37A	316	0	383
MTMR7	0	67	0
LOC102724838	0	0	0
SLC7A2	399	0	399
PDGFRL	26	0	26
LOC107986919	0	0	0
MTUS1	694	0	759
LOC124901891	0	65	0
MIR548V	0	0	0
MTUS1-DT	24	2	22
LOC124901893	0	0	0
FGL1	10	0	10
LOC124901892	0	0	0
LOC124901867	3	8	3
PCM1	312	0	320
LOC124901894	0	0	0
ASAH1	772	3	779
ASAH1-AS1	6	8	8
NAT1	18	0	18
NAT2	0	0	0
PSD3	194	0	194
LOC124901896	0	0	0
PSD3-AS1	0	0	0
LOC124901897	0	0	0
LOC124901895	0	0	0
LOC107986868	0	0	0
LOC124900256	0	0	0
LOC105379303	0	0	0
LOC124901898	0	0	0
LOC105379301	0	0	0
LOC100128993	0	0	0
LOC105379300	0	0	0
LOC105379306	0	0	0
SH2D4A	714	0	737
CSGALNACT1	666	103	586
LOC124901900	0	0	0
CSGALNACT1-AS1	5	0	5
LOC107986920	0	0	0
INTS10	1006	5	1001
LOC124901901	1	0	1
LOC105379309	0	0	0
LOC107986921	0	0	0
LPL	106	0	106
LOC105379311	0	0	0
LOC105379312	0	0	0
SLC18A1	0	0	0
ATP6V1B2	634	0	634
LZTS1	0	0	0
LZTS1-AS1	0	0	0
LOC105379314	0	0	0
SNORD3F	0	0	0
LOC105379315	0	0	0
LOC105379316	0	0	0
LINC03023	0	0	0
LINC02153	0	0	0
LOC124901902	0	0	0
LINC03093	0	0	0
LOC107986922	0	0	0
GFRA2	0	0	0
DOK2	0	0	0
XPO7	1077	0	1077
LOC124901903	0	0	0
NPM2	0	0	0
LOC124902091	0	0	0
FGF17	0	0	0
DMTN	521	0	521
FHIP2B	703	18	685
NUDT18	147	1	146
HR	1541	2	1539
HRURF	0	0	0
REEP4	1028	2	1026
LGI3	0	0	0
SFTPC	6	1	5
BMP1	2785	4	2781
LOC124901904	2	1	1
PHYHIP	276	19	257
MIR320A	0	0	0
POLR3D	512	1	515
PIWIL2-DT	1	5	0
PIWIL2	0	0	0
SLC39A14	1176	0	1176
PPP3CC	195	0	195
LOC124901905	0	0	0
SORBS3	1271	4	1267
PDLIM2	515	2	513
C8orf58	101	0	212
LOC107986876	2	182	0
CCAR2	1865	164	1895
BIN3	105	1	229
BIN3-IT1	0	0	0
LOC107986924	0	0	0
EGR3	4	0	4
LOC105379321	0	0	0
LOC107986926	0	0	0
PEBP4	0	0	0
LOC124901908	0	0	0
LOC107986925	0	0	0
LOC105379325	0	0	0
LOC124901906	0	0	0
PEBP4-AS1	0	0	0
LOC124901907	0	0	0
RHOBTB2	1356	60	1379
RHOBTB2-AS1	0	42	1
TNFRSF10B	2502	9	2534
TNFRSF10B-AS1	1	1	1
LOC254896	31	0	31
TNFRSF10C	6	0	6
TNFRSF10D	179	0	179
TNFRSF10A	216	3	221
TNFRSF10A-DT	96	7	97
CHMP7	589	0	589
R3HCC1	254	1	255
LOXL2	3579	5	4183
LOXL2-AS1	3	610	0
ENTPD4	305	0	305
ENTPD4-DT	11	0	17
LOC105379327	0	6	0
SLC25A37	499	0	499
LOC107986930	0	0	0
NKX3-1	0	0	0
NKX2-6	0	0	0
LOC101929258	0	0	0
STC1	16	0	16
LOC107986931	0	0	0
LOC105379328	0	0	0
ADAM28	0	0	0
ADAM7-AS1	0	0	0
ADAMDEC1	0	0	0
ADAM7	0	0	0
ADAM7-AS2	0	0	0
LOC107986932	0	0	0
LOC107986882	0	0	0
LOC105379329	0	0	0
NEFM	0	0	0
LOC112268023	0	0	0
NEFL	0	0	0
MIR6841	0	0	0
LOC105379330	0	0	0
LOC124901911	0	0	0
LOC124901912	10	0	10
DOCK5	1086	7	1079
MIR6876	0	0	0
LOC105379331	0	0	0
GNRH1	19	3	16
KCTD9	502	4	498
LOC124901913	1	0	1
CDCA2	417	0	417
LOC107986933	0	0	0
LOC105379333	0	0	0
LOC105379332	0	0	0
LOC124901915	0	0	0
EBF2	0	0	0
LOC102723395	0	0	0
LOC124901914	0	0	0
LOC105379335	0	0	0
LOC105379336	0	0	0
PPP2R2A	764	1	763
SDAD1P1	9	0	9
BNIP3L	843	2	841
LOC124901868	1	0	1
PNMA2	0	0	0
DPYSL2	735	0	735
LOC124901916	0	0	0
ADRA1A	0	0	0
LOC124901918	0	0	0
LOC124901917	0	0	0
LOC105379339	0	0	0
MIR548H4	0	0	0
LOC105379340	0	0	0
STMN4	0	0	0
TRIM35	315	0	315
PTK2B	196	0	196
MIR6842	0	0	0
CHRNA2	0	0	0
EPHX2	0	0	0
LOC124901919	3	3	0
CLU	7817	2	7815
MIR6843	2	0	2
SCARA3	941	77	943
LOC124901921	0	0	0
LOC124901920	4	0	4
MIR3622B	0	0	0
MIR3622A	0	0	0
CCDC25	375	4	483
LOC107986934	0	33	0
ESCO2	179	525	169
PBK	299	1	813
SCARA5	86	1	85
MIR4287	0	0	0
LOC105379342	3	1	2
NUGGC	1	0	1
ELP3	525	0	525
LOC105379343	1	1	0
PNOC	0	0	0
ZNF395	824	1	823
FBXO16	3	0	3
FZD3	59	0	59
MIR4288	0	0	0
EXTL3	643	0	644
EXTL3-AS1	0	1	0
INTS9	203	1	202
HMBOX1	46	0	47
LOC105379346	0	1	0
KIF13B	249	0	249
LOC124901922	0	0	0
LOC124901923	11	0	11
DUSP4	546	3	543
LOC124901924	1	0	1
LOC105379349	0	0	0
LOC107986883	0	0	0
LOC107986935	0	0	0
LOC105379350	0	0	0
LINC02948	0	0	0
LOC124901925	0	0	0
LOC105379352	0	0	0
LOC124901926	1	0	1
LINC00589	0	0	0
LINC02099	0	0	0
LOC101929470	0	0	0
LOC107986884	0	0	0
LOC105379354	0	0	0
LINC02209	0	0	0
MIR3148	0	0	0
SARAF	2177	10	2167
LEPROTL1	643	0	643
MBOAT4	1	0	1
DCTN6-DT	3	76	3
DCTN6	254	0	330
LOC124901927	0	0	0
LOC124901928	0	0	0
RBPMS-AS1	7	42	16
RBPMS	213	17	337
LOC112268025	0	0	0
LOC124901929	0	77	0
GTF2E2	355	0	355
SMIM18	7	7	0
GSR	1742	0	1742
UBXN8	230	1	230
LOC105379356	0	1	0
LOC105379355	2	0	3
PPP2CB	1359	0	1360
TEX15	127	0	127
LOC105379357	0	0	0
PURG	0	0	0
WRN	195	0	195
LOC105379358	6	0	6
LOC101929492	0	0	0
LOC105379360	0	0	0
NRG1	0	0	0
NRG1-IT1	0	0	0
LOC105379361	0	0	0
NRG1-IT3	0	0	0
LOC128092250	0	0	0
LOC105379362	13	0	13
POFUT3	264	0	264
MAK16	188	57	329
TTI2	190	145	243
SNORD13	0	0	0
RNF122	97	0	97
DUSP26	0	0	0
LOC105379364	0	0	0
LOC105379366	0	0	0
LOC101929881	0	0	0
LINC01288	0	0	0
LOC105379368	0	0	0
LOC105379369	0	0	0
UNC5D	0	0	0
LOC101929550	0	0	0
LOC124902062	0	0	0
LOC105379370	0	0	0
LOC105379371	0	0	0
KCNU1	2	0	2
LOC105379375	0	0	0
LOC105379376	0	0	0
LOC105379377	1	0	1
LOC100507403	2	0	2
LOC124901930	0	0	0
LINC01605	10	0	10
LOC105379379	0	0	0
LOC105379378	0	0	0
LOC105379380	0	0	0
LOC124901931	0	0	0
LOC124901932	0	0	0
LOC124901933	1	0	2
ZNF703	792	7	786
LOC101929622	0	0	0
LOC102723701	1	20	1
ERLIN2	765	0	787
LOC728024	0	0	0
LOC124901934	3	40	1
PLPBP	252	0	288
LOC105379381	1	0	1
ADGRA2	239	124	271
BRF2	92	32	216
RAB11FIP1	656	1	655
GOT1L1	0	0	0
ADRB3	0	0	0
EIF4EBP1	1115	0	1115
ASH2L	490	1	489
STAR	0	0	0
LOC105379382	0	5	0
LSM1	259	2	264
BAG4	214	0	216
DDHD2	441	317	452
PLPP5	12	12	167
NSD3	366	7	519
LETM2	27	1	28
LOC102723716	0	2	0
FGFR1	199	0	199
LINC03042	0	0	0
LOC124901935	0	0	0
LOC105379384	0	0	0
RNF5P1	1	0	1
LOC124901936	0	0	0
TACC1	208	1	207
LOC124901937	6	6	6
PLEKHA2	572	1	577
HTRA4	0	0	0
TM2D2	437	33	437
ADAM9	865	1	897
SNORD38D	0	0	0
ADAM32	0	0	0
ADAM5	0	0	0
ADAM3A	0	0	0
LOC100130964	0	0	0
ADAM18	0	0	0
ADAM2	0	0	0
IDO1	0	0	0
IDO2	0	0	0
LINC02866	1	0	1
TCIM	144	0	144
SIRLNT	0	0	0
LOC105379388	0	0	0
ZMAT4	0	0	0
LOC107986938	0	0	0
LOC105379389	0	0	0
LOC105379390	0	0	0
LOC105379771	0	0	0
SFRP1	1	0	1
MIR548AO	0	0	0
SNORD65B	0	0	0
LOC105379391	0	0	0
LOC124901938	0	0	0
GOLGA7	398	0	398
GINS4	432	1	505
GPAT4-AS1	0	78	0
LOC124901939	4	0	4
GPAT4	976	1	979
NKX6-3	0	0	0
ANK1	14	0	14
MIR486-1	0	0	0
MIR486-2	0	0	0
LOC105379392	0	0	0
KAT6A	283	0	284
LOC124900271	0	0	0
KAT6A-AS1	0	1	0
LOC107986939	0	0	0
AP3M2	144	0	144
PLAT	31	2	29
LOC124902095	0	0	0
IKBKB-DT	0	0	0
IKBKB	579	0	579
LOC105379395	6	0	6
POLB	234	0	234
DKK4	0	0	0
VDAC3	1060	0	1060
SLC20A2	240	58	251
SMIM19	90	11	148
LOC124900250	0	0	0
CHRNB3	0	0	0
LOC105379396	0	0	0
CHRNA6	0	0	0
THAP1	56	2	91
LOC124901940	1	35	3
RNF170	144	0	144
MIR4469	1	0	1
HOOK3	215	0	215
FNTA	516	1	515
POMK	47	0	47
HGSNAT	1211	3	1208
POTEA	0	0	0
LOC124902100	0	0	0
LOC105379397	0	0	0
ASNSP1	0	0	0
LOC124901941	0	0	0
LOC105375811	0	0	0
LOC124901942	0	0	0
LOC105375812	0	0	0
LINC00293	0	0	0
LOC105375813	0	0	0
LOC105375814	0	0	0
LOC105375815	0	0	0
LOC105375816	0	0	0
LOC105375817	0	0	0
LOC107986885	0	0	0
LOC124900251	0	0	0
LOC100287846	0	0	0
IGLV8OR8-1	0	0	0
SPIDR	793	79	714
LOC107986940	0	0	0
CEBPD	1985	4	1981
PRKDC	7620	4	7616
LOC105375818	0	0	0
MCM4	5547	0	5547
UBE2V2-AS1	0	0	0
UBE2V2	775	0	775
LOC107986941	0	0	0
LOC105375820	0	0	0
LOC105375821	0	0	0
LINC02947	0	0	0
LOC112268027	0	0	0
LOC101929268	2	0	2
LOC124901943	0	0	0
LINC02847	0	0	0
LINC03054	0	0	0
CLXN	0	0	0
LOC105375825	1	0	1
SNAI2	338	0	338
LOC107986942	5	0	5
PPDPFL	521	0	521
LOC105375826	0	0	0
LOC100507464	0	0	0
SNTG1	0	0	0
LOC124900619	0	0	0
LOC105375829	0	0	0
LOC105375828	0	0	0
LOC105375830	0	0	0
LOC124902078	0	0	0
LOC105375831	0	0	0
PXDNL	4	0	4
LOC105375833	0	0	0
PCMTD1	355	0	355
PCMTD1-DT	53	0	53
LOC124901944	0	0	0
ST18	0	0	2
LOC124901945	3	2	3
ST18-AS3	0	0	0
ALKAL1	0	0	0
RB1CC1	430	4	426
LOC105375835	1	0	1
LOC107986943	0	0	0
NPBWR1	0	0	0
LOC105375836	0	0	0
OPRK1	0	0	0
LOC124901946	0	0	0
LOC124901947	0	0	0
LINC02984	0	0	0
ATP6V1H	1267	2	1265
RGS20	64	1	63
LYPLA1-TCEA1	0	0	0
TCEA1	0	3	30
LOC133039971	7	196	5
LYPLA1	443	1	442
MRPL15	667	0	667
RNU105C	0	0	0
LOC105375840	0	0	0
LOC105375841	0	0	0
SOX17	0	0	0
LOC100129098	0	0	0
RP1	0	0	0
LOC105375842	0	0	0
LOC107986886	0	0	0
LOC107986887	0	0	0
XKR4	0	0	0
LOC105375844	0	0	0
SBF1P1	0	0	0
XKR4-AS1	0	0	0
LOC105375845	0	0	0
LOC105375846	1	0	1
TMEM68	193	0	193
TGS1	349	1	348
LYN	716	2	714
SNORA1B	0	0	0
RPS20	8262	0	8262
SNORD54	6	0	6
CERNA3	2	0	2
MOS	0	0	0
PLAG1	77	0	77
CHCHD7	266	0	266
SDR16C5	274	0	274
SDR16C6P	0	0	0
LOC105375849	0	0	0
LOC124901948	0	0	0
PENK	0	0	0
PENK-AS1	1	2	0
LOC101929398	0	0	0
LINC00968	4	0	4
LOC105375850	0	0	0
LOC105375851	0	0	0
LOC105375852	0	0	0
BPNT2	2497	2	2495
LINC01606	0	0	0
LOC286177	0	0	0
LINC00588	0	0	0
LOC101929488	0	0	0
LOC107986888	0	0	0
LOC105375855	0	0	0
LINC03018	0	0	0
LOC105375856	0	0	0
LINC01602	0	0	0
FAM110B	78	0	78
LOC107986945	0	0	0
LINC03133	0	0	0
UBXN2B	310	0	310
CYP7A1	0	0	0
SDCBP	2454	1	2453
NSMAF	429	5	424
LOC124902083	0	0	0
LOC105375858	0	0	0
TOX	0	0	0
TOX-DT	0	0	0
LOC124900267	0	0	0
LOC105375860	0	0	0
LOC105375859	0	0	0
LOC105375861	0	0	0
LOC105375863	0	0	0
CA8	0	0	0
LOC105375864	0	0	0
LINC01301	0	0	0
LOC124901949	4	4	0
RAB2A	1652	0	1652
LOC124901950	0	0	0
CHD7	562	0	562
LOC124901951	0	0	0
LOC105375938	0	0	0
CLVS1	2	219	0
LOC100130298	0	0	0
LOC105375870	0	0	0
ASPH	3813	0	4030
MIR4470	0	0	0
LINC02842	0	0	0
LOC105375871	0	0	0
LINC02155	0	0	0
LOC124901952	0	0	0
NKAIN3	0	0	0
LOC107986946	0	0	0
GGH	992	0	992
TTPA	6	0	6
YTHDF3-DT	19	0	20
YTHDF3	1005	2	1004
LOC105375873	0	0	0
LOC105375875	0	0	0
LOC105375874	0	0	0
LOC102724612	0	0	0
LOC124902063	0	0	0
LOC105375876	0	0	0
LINC01289	0	0	0
LINC01414	0	0	0
LOC105375877	0	0	0
MIR124-2HG	0	0	0
MIR124-2	0	0	0
BHLHE22-AS1	0	0	0
LOC124900252	0	0	0
BHLHE22	0	0	0
CYP7B1	0	0	0
LOC105375879	0	0	0
LOC105375878	0	0	0
LOC105375880	0	0	0
LINC00251	0	0	0
LOC105375881	0	0	0
LINC01299	0	0	0
ARMC1	410	0	410
MTFR1	1011	145	983
PDE7A	281	17	381
LOC107986949	7	5	2
PDE7A-DT	5	1	4
LOC107986950	0	0	0
LOC105375883	2	0	2
DNAJC5B	1	0	1
TRIM55	0	0	0
TRY-GTA5-1	0	0	0
TRY-GTA5-2	0	0	0
TRA-AGC8-2	0	0	0
CRH	0	0	0
LOC112268029	0	0	0
LOC124901954	0	0	0
LINC00967	0	0	0
LOC102724687	4	0	4
RRS1-DT	0	0	0
RRS1	925	1	924
ADHFE1	7	0	7
VXN	7	0	7
LOC124901955	0	0	0
MYBL1	168	0	168
LOC105375884	12	2	10
VCPIP1	259	1	258
C8orf44-SGK3	1	0	1
C8orf44	35	0	35
SGK3	9	9	0
PTTG3P	0	0	0
MCMDC2	6	223	0
SNHG6	606	1	821
SNORD87	2	0	2
TCF24	0	0	0
PPP1R42	0	0	0
LOC105375885	0	0	0
COPS5	837	0	837
CSPP1	183	3	231
LOC124901956	4	4	0
ARFGEF1	306	51	307
ARFGEF1-DT	3	0	4
CPA6	0	0	0
LOC105375886	0	0	0
PREX2	0	0	0
LOC105375888	0	0	0
LOC124901957	0	0	0
C8orf34-AS1	0	0	0
C8orf34	0	0	0
LOC107986951	2	0	2
LINC01592	0	0	0
LOC124901958	2	0	2
LINC01603	0	0	0
SULF1	29	0	29
SLCO5A1	0	0	0
LOC105375889	0	0	0
SLCO5A1-AS1	0	0	0
PRDM14	0	0	0
NCOA2	378	0	378
LINC03020	0	0	0
LOC105375890	0	0	0
TRAM1	4005	0	4005
LOC124902090	0	0	0
LACTB2-AS1	0	205	0
LACTB2	111	0	316
XKR9	0	0	0
LOC124901960	0	0	0
LOC124901959	0	0	0
EYA1	0	0	0
LOC105375894	0	0	0
LOC124901961	0	0	0
LOC102724772	0	0	0
LOC105375892	0	0	0
LOC107986890	0	0	0
LOC124900257	0	0	0
MSC	0	0	0
MSC-AS1	0	0	3
TRPA1	0	3	0
LOC124901962	0	0	0
TRPA2P	0	0	0
LOC105375897	0	0	0
KCNB2	0	0	0
LOC101926908	0	0	0
LOC124901963	0	0	0
KCNB2-AS1	0	0	0
TERF1	302	0	302
SBSPON	26	5	21
LOC107986891	0	0	0
LOC105375901	0	0	0
C8orf89	0	0	0
RPL7	12233	7	12230
RDH10	452	0	457
RDH10-AS1	4	5	0
LOC105375899	0	0	0
STAU2-AS1	1	0	1
STAU2	538	0	538
UBE2W	283	0	283
LINC01617	0	0	0
ELOC	738	0	738
TMEM70	732	0	732
LY96	0	0	0
LOC105375903	2	1	1
JPH1	401	0	401
GDAP1	129	0	129
MIR5681A	0	0	0
MIR5681B	0	0	0
MIR2052HG	0	0	0
LINC03071	0	0	0
MIR2052	0	0	0
PI15	1	0	1
CRISPLD1	0	0	0
LOC124901964	0	0	0
LOC105375905	0	0	0
CASC9	53	0	53
HNF4G	6	0	6
LOC124902089	0	0	0
LOC105375906	7	0	7
LOC102724858	30	0	30
LINC01109	0	0	0
LINC01111	0	0	0
LOC107986952	0	0	0
ZFHX4-AS1	0	0	0
ZFHX4	1	1	0
MIR3149	0	0	0
PEX2	275	2	273
LOC105375909	0	0	0
LOC102724874	0	0	0
LOC105375911	0	0	0
PKIA	0	0	0
PKIA-AS1	0	0	0
ZC2HC1A	26	0	31
IL7	0	5	0
C4orf46P3	0	0	0
MITA1	0	0	0
LINC02605	0	0	0
LOC105375912	0	0	0
LOC105375913	0	0	0
LOC107986892	0	0	0
LOC105375915	0	0	0
MIR12123	0	0	0
STMN2	0	0	0
LOC105375916	0	0	0
LOC124901965	0	0	0
LOC107986893	0	0	0
HEY1	943	0	943
LINC01607	2	2	0
LOC101927040	1	0	1
LOC124902076	0	0	0
LOC124901966	0	0	0
TPD52-MRPS28	0	0	0
MRPS28	19	1	18
TPD52	1563	0	1563
LOC105375919	0	0	0
LOC105375918	0	0	0
LOC105375920	0	0	0
MIR5708	0	0	0
LOC124900264	0	0	0
LOC105375922	0	0	0
LOC105375921	0	0	6
ZBTB10	293	14	285
LINC02986	33	0	33
ZNF704	217	0	217
LOC107986894	0	0	0
PAG1	25	0	25
LOC124901967	0	0	0
LOC105375924	0	0	0
LNMICC	0	0	0
FABP5	0	0	0
LOC105375925	0	0	0
LOC105375926	0	0	0
PMP2	0	0	0
FABP9	0	0	0
LOC101927118	0	0	0
FABP4	0	0	0
FABP12	0	0	0
IMPA1P1	0	0	0
IMPA1	498	0	498
SLC10A5	10	0	10
ZFAND1	292	0	292
CHMP4C	159	0	159
SNX16	62	0	62
LINC02235	0	0	0
LINC02839	0	0	0
LOC105375930	0	0	0
LOC124902064	0	0	0
LOC105375931	0	0	0
LOC107986953	0	0	0
LOC101927141	0	0	0
LINC01419	0	0	0
LOC105375932	0	0	0
LOC124901968	0	0	0
RALYL	0	0	0
LOC105375933	0	0	0
LRRCC1	0	0	0
E2F5-DT	0	0	0
E2F5	0	9	0
RBIS	273	0	282
LOC124901969	0	0	0
LOC105375936	0	0	0
CA13	0	0	0
CA1	0	0	0
LOC124901970	0	0	0
CA3	0	0	0
CA3-AS1	0	0	0
CA2	0	0	0
LOC105375937	0	0	0
LOC101929601	0	0	0
LOC101929627	0	0	0
REXO1L2P	0	0	0
LOC124902048	0	0	0
LINC02849	0	0	0
LOC124901971	0	0	0
LOC107986954	0	0	0
PSKH2	0	0	0
ATP6V0D2	1	0	1
LOC105375623	0	0	0
SLC7A13	0	0	0
WWP1-AS1	2	32	2
WWP1	576	18	603
RMDN1	457	15	455
CPNE3	1015	0	1015
CNGB3	0	0	0
CNGB3-AS1	0	0	0
CNBD1	0	0	0
LOC105375626	0	0	0
DCAF4L2	79	0	79
LOC124901972	0	0	0
LOC105375628	0	0	0
MMP16	0	0	0
LOC105375630	0	0	0
LOC105375629	0	0	0
LOC124901973	0	0	0
LOC105375631	0	0	0
LOC112268015	0	0	0
PARAIL	21	0	21
RIPK2	318	0	318
LOC124901974	19	4	24
OSGIN2	527	6	530
NBN	417	0	417
DECR1	526	0	526
CALB1	0	0	0
LOC124901976	0	0	0
LINC00534	0	0	0
LOC124901975	0	0	0
LOC107986955	0	0	0
LINC01030	0	0	0
TMEM64	751	0	751
LOC124906712	2	0	2
LOC105375633	0	0	0
NECAB1	0	0	0
LOC105375635	0	0	0
LOC105375634	0	0	0
C8orf88	0	0	0
PIP4P2	1	0	1
OTUD6B-AS1	106	0	106
OTUD6B	159	0	159
LRRC69	1	0	1
MIR4661	0	0	0
SLC26A7	0	0	0
LOC105375637	0	0	0
LOC124902088	0	0	0
RUNX1T1	0	0	0
LOC105375638	0	0	0
LOC124901977	0	0	0
LOC105375639	0	0	0
LOC102724710	0	0	0
LOC101926956	0	0	0
FLJ46284	0	0	0
LOC124901978	2	0	2
TRIQK	137	0	137
MIR8084	0	0	0
LINC02906	0	0	0
LOC105375644	0	0	0
LOC105375643	0	0	0
LOC107986956	0	0	0
LOC105375642	0	0	0
CIBAR1-DT	0	0	0
LOC105375641	0	0	0
CIBAR1	2	180	0
RBM12B	475	1	677
RBM12B-AS1	0	25	0
RBM12B-DT	0	0	0
TMEM67	90	0	90
MIR378D2HG	0	0	0
MIR378D2	0	0	0
PDP1	261	0	261
LOC124901979	0	0	0
CDH17	0	0	0
LOC105375647	0	0	0
LOC105375648	0	0	0
GEM	4	0	4
LOC107986896	0	0	0
RAD54B	170	0	170
FSBP	0	0	0
VIRMA	750	0	750
VIRMA-DT	2	0	2
LINC02894	0	0	0
ESRP1	0	0	0
DPY19L4	350	0	350
INTS8	511	190	528
CCNE2	151	37	324
NDUFAF6	271	0	274
LOC124902084	0	0	0
TP53INP1	296	0	296
LOC124901981	1	0	1
MIR3150BHG	0	0	0
LOC124901980	0	0	0
MIR3150B	0	0	0
MIR3150A	0	0	0
PLEKHF2	152	0	152
LOC124901982	0	0	0
LINC01298	0	0	0
CFAP418	68	4	65
CFAP418-AS1	0	0	1
TRS-AGA2-5	3	3	0
LOC107986957	0	0	0
SRSF3P2	0	0	0
LOC124901983	0	0	0
GDF6	3	0	3
LOC124901984	0	0	0
UQCRB	731	0	1790
UQCRB-AS1	2	1061	0
MTERF3	244	0	244
PTDSS1	2596	2	2594
LOC105375652	1	1	0
LOC102724804	0	0	0
LOC105375653	0	0	0
SDC2	879	0	879
LOC124900253	0	0	0
CPQ	73	1	72
LOC124901985	0	0	0
LOC101927066	0	0	0
LOC105375655	13	2	11
TSPYL5	0	0	0
SNORD3H	0	0	0
LOC105375657	0	0	0
MTDH	1985	1	1984
LOC124901986	2	4	2
LAPTM4B	9124	6	9122
MATN2	383	0	383
LOC124901987	0	0	0
RPL30	5776	3	5773
SNORA72	18	0	18
ERICH5	0	0	0
RIDA	178	0	178
POP1	648	0	648
NIPAL2-AS1	0	0	0
NIPAL2	30	0	30
LOC105375659	1	1	0
STK3	293	0	293
LOC124901988	0	0	0
MIR9903	0	0	0
KCNS2	1	1	0
ATP5PFP3	0	0	0
LOC112268016	0	0	0
OSR2	279	0	279
LOC107986872	0	0	0
VPS13B-DT	7	0	7
VPS13B	333	4	329
MIR599	0	0	0
MIR875	0	0	0
LOC124901989	0	0	0
COX6C	982	0	982
RGS22	0	0	0
SNORD77B	0	0	0
FBXO43	90	0	90
POLR2K	818	0	818
SPAG1	149	2	150
LOC105375669	1	4	0
RNF19A	623	8	620
LOC124901991	57	2	60
MIR4471	0	0	0
LOC124901990	0	0	0
LOC105375670	0	0	0
LOC124901992	2	0	2
ANKRD46	240	0	240
SNX31	0	0	0
LOC105375671	0	0	0
LOC105375672	0	0	0
PABPC1	17226	7	17219
MIR7705	0	0	0
YWHAZ	9389	2	9387
LOC401471	0	0	0
SLEAR	2	0	2
LINC03044	4	0	4
LINC03090	0	0	0
LOC105375676	0	0	0
ZNNT1	5	0	5
ZNF706	676	6	670
LOC107984005	0	0	0
LINC02844	0	0	0
LOC124901993	0	0	0
LOC124901994	0	0	0
NACA4P	0	0	0
LINC02845	0	0	0
LOC107986897	0	0	0
GRHL2-DT	0	0	0
GRHL2	0	0	0
NCALD	6	0	6
LOC124902079	0	0	0
LOC124901996	0	0	0
LOC104054148	0	0	0
LOC124901997	0	0	0
MIR5680	0	0	0
RRM2B	316	0	316
UBR5-DT	13	0	13
UBR5	1447	7	1448
LOC105375683	0	8	0
LINC03047	0	0	0
LOC124901998	0	0	0
LOC105375684	1	1	0
ODF1	0	0	0
KLF10	1950	5	1945
LOC101927245	35	3	39
LOC105375686	0	0	0
LOC105375685	0	5	2
LOC124901999	3	0	3
GASAL1	129	0	129
AZIN1	1543	4	1540
MAILR	17	0	21
LOC124902000	2	5	0
ATP6V1C1	867	0	867
LINC01181	0	0	0
BAALC-AS2	0	0	0
BAALC	0	0	0
MIR3151	0	0	0
BAALC-AS1	0	0	0
LOC105369147	6	1	6
FZD6	624	2	624
SNORD173	0	0	0
CTHRC1	1	1	0
SLC25A32	672	5	667
DCAF13	503	0	503
LOC105375690	2	2	0
RIMS2	0	0	0
LOC124902094	0	0	0
LOC105375689	0	0	0
LOC107984007	0	0	0
LOC105375688	0	0	0
LOC124902065	0	0	0
LOC107986899	0	0	0
DCSTAMP	0	0	0
DPYS	0	0	0
LOC105375692	0	0	0
LOC105375691	0	0	0
MIR548A3	0	0	0
LRP12	35	0	35
LOC105375694	0	0	0
LOC105375693	0	0	0
LINC03084	0	0	0
ZFPM2	0	0	0
LOC124902002	0	0	0
LOC124902001	0	0	0
LOC105375696	0	0	0
ZFPM2-AS1	37	0	37
LOC124902003	0	0	0
OXR1	270	5	265
OXR1-AS1	2	0	2
ABRA	0	0	0
LOC124902004	0	0	0
LOC124902066	0	0	0
LOC105375701	0	0	0
ANGPT1	126	0	126
LOC124902067	2	2	0
LOC105375703	0	0	0
RSPO2	0	0	0
EIF3E	3699	1	3698
LOC105375704	0	0	0
EMC2	318	0	318
TMEM74	2	0	2
LOC102723368	0	0	0
LOC101927413	14	0	14
LOC107984017	2	0	2
TRHR	1	1	0
NUDCD1	386	2	384
ENY2	500	0	500
PKHD1L1	0	0	0
EBAG9	242	0	242
EBAG9UORF	0	0	0
SYBU	299	0	299
SYBU-AS1	0	0	0
KCNV1	0	0	0
LINC01608	0	0	0
LINC01609	0	0	0
LOC107986965	0	0	0
LOC105375705	0	0	0
LOC107986964	0	0	0
LINC02237	0	0	0
LOC105375707	0	0	0
CSMD3	0	0	0
LOC124902087	0	0	0
MIR2053	0	0	0
LOC107986966	0	0	0
LOC105375709	0	0	0
LOC105375710	5	0	5
LOC107986901	0	0	0
TRPS1	167	0	167
TRPS1-AS1	0	0	0
LOC107986968	0	0	0
LOC107986902	0	0	0
LOC107986903	0	0	0
LINC00536	0	0	0
LOC124902005	0	0	0
LOC102723447	0	0	0
LOC105375711	0	0	0
LOC105375712	0	0	0
EIF3H	3758	4	3754
LOC105375713	0	0	0
LOC124902006	1	0	1
UTP23	138	0	138
LOC112268030	13	502	1
RAD21	3512	0	4029
RAD21-AS1	3	34	3
MIR3610	0	0	0
AARD	0	0	0
LOC105375715	0	0	0
SLC30A8	0	0	0
LOC105375716	0	0	0
LOC105375719	0	0	0
LOC105375717	0	0	0
MED30	78	0	78
LOC105375721	2	0	2
LOC107986970	0	0	0
EXT1	1033	3	1030
SNORD168	0	0	0
SAMD12	12	0	12
LOC105375724	0	0	0
SAMD12-AS1	0	0	0
LOC124902007	0	0	0
LOC105375723	0	0	0
LOC124902008	0	0	0
TNFRSF11B	2	0	2
COLEC10	0	0	0
LOC101927513	0	0	0
LOC105375725	0	0	0
MAL2	589	4	801
MAL2-AS1	0	216	0
MIR548AZ	0	0	0
LOC124902009	0	1	0
LOC124900266	0	0	0
CCN3	343	0	344
ENPP2	1	0	1
LOC105375727	0	0	0
TAF2	412	0	412
LOC105375728	1	86	9
DSCC1	160	9	246
DEPTOR	54	0	54
LOC105375730	0	0	0
COL14A1	1	0	1
MRPL13	695	0	695
MTBP	128	0	128
SNTB1	275	7	317
SNTB1-AS2	0	0	0
SNTB1-AS1	11	42	18
LOC124902010	0	0	0
LOC105375731	1	0	1
HAS2	58	2	61
HAS2-AS1	15	3	17
LINC02855	0	0	0
LOC105375733	0	0	0
SMILR	0	0	0
LOC107986972	0	0	0
LINC01151	0	0	0
LOC124902081	0	0	0
LOC107986904	0	0	0
ZHX2-AS1	6	0	11
ZHX2	142	5	142
LOC124902011	1	1	0
LOC124902013	0	427	0
DERL1	992	0	1419
TBC1D31	202	0	202
TRM-CAT1-1	0	0	0
FAM83A	3967	5	4218
LOC124902101	0	0	0
FAM83A-AS2	4	196	6
FAM83A-AS1	3	61	0
MIR4663	0	0	0
C8orf76	6	0	6
ZHX1-C8orf76	0	0	0
ZHX1	343	2	341
LOC124902080	0	0	0
ATAD2	863	1	862
MIR548AA1	0	2	0
MIR548D1	0	0	2
NTAQ1	176	0	176
FBXO32	47	0	47
KLHL38	26	0	26
LOC105375738	0	0	0
ANXA13	0	0	0
LOC105375739	0	0	0
FAM91A1	586	0	586
FER1L6	0	0	0
LOC124902014	0	0	0
FER1L6-AS1	0	0	0
FER1L6-AS2	0	0	0
LOC124902015	0	0	0
LOC101927588	0	0	0
TMEM65	586	2	584
TYW2	90	0	90
RNF139-DT	1	1	0
RNF139	0	0	0
TATDN1	0	0	0
MIR6844	0	0	0
NDUFB9	0	0	0
MTSS1	2	2	0
LOC105375740	10	0	10
LOC124902016	0	0	0
LOC105375741	0	0	0
MIR4662B	0	0	0
MIR4662A	0	0	0
LOC105375743	0	0	0
LOC105375742	0	0	0
LINC00964	0	0	0
ZNF572	13	1	12
SQLE-DT	0	0	0
SQLE	715	2	713
WASHC5	582	0	694
WASHC5-AS1	1	113	0
NSMCE2	357	1	356
TRIB1	749	0	749
TRIB1AL	0	0	0
LINC02964	1	0	1
LOC105375747	0	0	0
LOC124902017	0	0	0
LINC00861	1	0	1
LOC101927657	0	0	0
LOC105375750	1	0	1
LRATD2	263	1	263
LOC105375751	0	0	1
LOC105375753	0	0	0
PCAT1	0	0	0
PCAT2	6	0	6
PRNCR1	3	3	0
CASC19	61	0	61
CCAT1	973	2	971
CASC21	3	0	3
CASC8	50	2	48
CCAT2	2	2	0
POU5F1B	19	1	18
LOC105375754	12	0	12
CASC11	1	0	2
MYC	5984	4	5981
PVT1	397	1	396
MIR1204	0	0	0
LINC02912	1	1	0
MIR1205	0	0	0
MIR1206	0	0	0
MIR1207	0	0	0
MIR1208	0	0	0
LOC124902020	3	0	3
LINC00824	1	0	1
LOC124902021	0	0	0
LINC00976	0	0	0
LOC124902023	0	0	0
LINC00977	0	0	0
LOC124902022	0	0	0
LOC124902024	0	0	0
CCDC26	0	0	0
MIR3686	0	0	0
GSDMC	6	0	6
CYRIB	1083	1	1082
LOC124902025	1	0	1
MIR5194	0	0	0
ASAP1	1093	0	1102
ASAP1-IT2	0	0	0
LOC124900269	0	0	0
LOC124902027	0	0	0
ASAP1-IT1	0	0	0
LOC124902026	0	9	0
LOC105375758	0	0	0
ADCY8	0	0	0
LOC105375762	0	0	0
LOC105375761	0	0	0
LOC124902068	0	0	0
LOC105375760	0	0	0
LOC105375759	0	0	0
IADEN	0	0	0
LOC105375763	0	0	0
LOC107986976	0	0	0
EFR3A	844	0	844
OC90	0	0	0
HHLA1	0	0	0
KCNQ3	0	0	0
LOC105375765	0	0	0
LOC124902028	0	0	0
HPYR1	0	0	0
DNAAF11	0	0	0
LOC105375767	0	0	0
TMEM71	1	0	1
PHF20L1	341	0	341
TG	0	0	0
LOC105375768	0	0	0
SLA	1	0	1
MIR7848	0	0	0
PTCSC1	0	0	0
LOC105375769	0	0	0
CCN4	0	0	0
LOC102723635	0	0	0
NDRG1	6731	3	6728
LOC105375771	1	1	1
LOC105375772	8	0	9
ST3GAL1	714	3	739
ST3GAL1-DT	37	26	39
LOC124900268	0	0	0
LINC03024	0	0	0
LOC101927798	0	0	0
LOC101927822	0	0	0
LOC124902070	0	0	0
ZFAT	313	0	372
ZFAT-AS1	0	59	0
LOC124902072	0	0	0
LOC124902071	0	0	0
MIR30B	0	0	0
MIR30D	0	0	0
NCRNA00250	3	0	3
LOC101927845	0	0	0
LINC01591	0	0	0
LOC101927872	0	0	0
KHDRBS3	1	0	1
LOC124902046	0	0	0
LOC107986978	0	0	0
LOC107986979	0	0	0
LOC105375775	0	0	0
LOC124900255	0	0	0
LINC02055	88	0	88
LOC124902073	0	0	0
LOC107986905	3	0	3
LOC101927915	0	0	0
LOC105375776	0	0	0
LOC401478	0	0	0
FAM135B	0	0	0
COL22A1	0	0	0
KCNK9	2	0	2
TRAPPC9	858	1	857
LOC107986981	2	2	0
LOC105375781	0	0	0
C8orf17	0	0	0
PEG13	0	0	0
LOC124902029	0	0	0
LOC105375779	0	0	0
LOC105375782	0	0	0
CHRAC1	1082	5	1077
AGO2	2024	5	2055
LOC107986982	0	0	0
ERICD	26	36	26
PTK2	1690	1	1689
MIR151A	0	0	0
LOC105375783	0	0	0
LOC124902030	0	0	0
LOC105375784	0	0	0
DENND3-AS1	6	1	6
DENND3	1014	24	991
LOC105375785	4	0	4
SLC45A4	1024	3	1062
SLC45A4-AS1	0	41	0
LINC01300	0	0	0
GPR20	0	0	0
LOC101928037	0	0	0
ASTILCS	0	0	0
PTP4A3	0	0	0
MROH5	0	0	0
LOC107983985	0	0	0
LOC105375789	0	0	0
LOC124900270	0	0	0
LOC124902031	0	0	0
LOC105375791	0	0	0
C8orf90	0	0	0
LOC124902074	0	0	0
MIR1302-7	0	0	0
LOC124902047	0	0	0
MIR4472-1	0	0	0
LOC105375792	0	0	0
LINC00051	0	0	0
TSNARE1	44	0	44
ADGRB1	0	0	0
LOC124902075	0	0	0
ARC	16	0	16
LOC101928087	0	0	0
JRK	681	0	682
PSCA	1460	90	1371
LOC124902032	25	2	23
LY6K	2146	52	4006
LNCOC1	42	1879	78
THEM6	1407	2	1408
SLURP1	0	0	0
LYPD2	0	0	0
SLURP2-AS1	0	0	0
LYNX1-SLURP2	0	0	0
SLURP2	0	0	0
LYNX1	0	0	0
LY6D	3	0	3
GML	0	0	0
CYP11B1	0	0	0
CYP11B2	0	0	0
LOC105375794	0	0	0
LY6E-DT	9	0	9
CDC42P3	0	0	0
LY6E	0	0	0
LOC124902034	0	0	0
LY6S-AS1	0	0	0
LY6S	0	0	0
LY6L	0	0	0
LY6H	0	0	0
LOC124902035	0	0	0
LOC107986906	0	0	0
GPIHBP1	5	5	0
LOC124902036	0	0	0
ZFP41	254	2	252
GLI4	428	0	428
MINCR	116	1	115
ZNF696	242	6	237
LOC124902037	0	0	0
TOP1MT	399	18	382
RHPN1	524	30	515
RHPN1-AS1	7	0	28
MAFA-AS1	14	5	9
MAFA	81	0	81
ZC3H3	681	0	681
SNORD149	0	0	0
GSDMD	0	0	0
LOC100310756	0	0	0
MROH6	0	0	0
NAPRT	0	0	0
EEF1D	6	0	6
TIGD5	0	0	0
PYCR3	0	0	0
GFUS	34	3	31
LOC105375798	4	0	4
ZNF623	13	0	13
LOC124902077	0	0	0
LOC105375799	0	0	0
ZNF707	0	0	0
LINC02878	0	0	0
CCDC166	0	0	0
LOC101928160	0	0	0
MAPK15	0	0	0
FAM83H	0	0	0
MIR4664	0	0	0
IQANK1	0	1	0
LOC105375800	0	0	0
SCRIB	0	0	0
MIR937	0	0	0
PUF60	20	3	282
LOC107986985	40	264	71
NRBP2	774	13	773
MIR6845	5	0	5
EPPK1	1027	2	1025
PLEC	14451	14	14439
LOC124902040	2	3	0
MIR661	0	0	0
PARP10	1119	1	1120
GRINA	7638	3	7635
SPATC1	4	6	0
SMPD5	1	1	0
OPLAH	875	0	877
LOC124902039	3	5	0
MIR6846	0	0	0
EXOSC4	0	14	1111
LOC124902038	42	1142	36
MIR6847	0	0	1
GPAA1	4111	5	4106
CYC1	6180	5	6175
SHARPIN	1077	2	1079
MAF1	2841	45	2800
WDR97	21	0	21
HGH1	982	1	981
MROH1	943	14	934
BOP1	2181	78	2108
MIR7112	0	0	0
SCX	14	2	12
HSF1	0	0	0
DGAT1	0	0	0
LOC124902050	0	0	0
MIR6848	0	0	0
SCRT1	0	0	0
CATSPERQ	0	0	0
FBXL6	0	0	0
SLC52A2	0	0	0
LOC101928902	0	0	0
ADCK5	0	0	0
CPSF1	0	0	0
MIR939	0	0	0
MIR1234	0	0	0
MIR6849	0	0	0
SLC39A4	0	0	0
LOC124902041	0	0	0
VPS28	22	0	22
TONSL	903	5	1280
TONSL-AS1	5	385	2
MIR6893	0	0	0
TMEM276-ZFTRAF1	0	0	0
ZFTRAF1	17	0	17
MIR10400	0	0	0
TMEM276	40	135	40
KIFC2	647	5	994
FOXH1	10	213	11
PPP1R16A	923	19	1829
LOC101928953	30	988	20
GPT	86	3	135
SLC33A2	1691	0	1693
RECQL4	2190	71	2125
LRRC14	742	56	1490
LRRC24	0	752	45
C8orf82	506	7	499
ARHGAP39	463	0	463
LOC100996662	0	0	0
ZNF251	4	0	4
LOC107986986	10	10	0
LOC105375805	3	0	3
ZNF34	39	0	39
RPL8	38325	11	38314
MIR6850	0	0	0
ZNF517	113	84	74
LOC100130027	19	14	50
ZNF7	301	11	407
COMMD5	765	151	731
ZNF250	160	5	161
LOC124902042	0	6	0
ZNF16	148	0	148
ZNF252P	121	0	130
TMED10P1	5	11	0
ZNF252P-AS1	14	2	14
C8orf33	1	0	1
DDX11L5	0	3	0
WASHC1	275	0	278
MIR1302-9HG	0	0	0
MIR1302-9	0	0	0
FAM138C	0	0	0
LOC124902106	0	0	0
PGM5P3-AS1	0	0	0
LINC01388	0	0	0
FOXD4	4	0	4
ZNG1A	234	0	234
LOC105375942	0	0	0
LOC105375943	0	0	0
DOCK8	88	0	99
DOCK8-AS1	0	0	0
LOC105375945	0	0	0
LOC124902108	2	2	1
DOCK8-AS2	0	10	0
KANK1	1341	2	1375
LOC105375947	11	42	5
KANK1-AS1	0	0	0
LOC107987042	0	0	0
LOC124902109	2	2	0
LOC105375949	0	0	0
DMRT1	0	0	0
DMRT3	0	0	0
LINC-ADAIN	0	0	0
DMRT2	0	0	0
LOC102723803	0	0	0
LOC105375951	0	0	0
LOC105375952	0	0	0
SMARCA2	1089	1	1088
LOC107987043	0	0	0
LOC105375955	0	0	0
LOC101930053	3	0	3
LOC105375956	0	0	0
VLDLR-AS1	0	41	0
VLDLR	427	5	607
LOC105375957	18	144	18
KCNV2	8	8	0
PUM3	352	0	352
LINC01231	0	0	0
LOC105375959	0	0	0
RFX3	40	0	40
LOC124902110	2	0	2
RFX3-DT	0	0	0
LOC105375962	0	0	0
GLIS3	26	6	26
GLIS3-AS1	0	0	0
LOC105375964	0	0	0
LOC124902111	0	0	0
GLIS3-AS2	0	0	0
SLC1A1	186	0	192
SPATA6L	2	1	1
PLPP6	147	0	147
CDC37L1-DT	0	0	0
CDC37L1	235	2	233
AK3	514	0	514
LOC124902112	2	0	2
RCL1	430	0	430
MIR101-2	0	0	0
LOC124902113	16	0	16
JAK2	171	0	171
INSL6	0	0	0
INSL4	174	0	174
RLN2	2	0	2
RLN1	0	0	0
PLGRKT	142	0	142
CD274	7	0	7
INCR1	35	0	35
PDCD1LG2	8	0	8
RIC1	787	27	779
LOC124902115	1	18	1
ERMP1	1570	2	1568
BRD10	187	1	199
LOC124902341	0	0	0
MLANA	1	4	0
MIR4665	0	9	1
RANBP6	389	0	389
LOC124902116	2	0	2
IL33	7	0	7
LOC107987046	0	0	0
TPD52L3	0	0	0
UHRF2	579	0	579
GLDC	22	0	22
LINC02851	0	0	0
LOC124902117	0	0	0
KDM4C	314	4	310
LOC105375969	1	0	1
LOC105375970	0	0	0
LOC102723994	0	0	0
LOC124902118	0	0	0
DMAC1	452	1	451
LOC105375971	0	0	0
PTPRD	0	0	0
PTPRD-AS1	0	0	0
LOC105375972	0	0	0
PTPRD-DT	0	0	0
LINC03131	4	0	4
LOC102724027	0	0	0
LOC105375974	0	0	0
LOC105375975	0	0	0
LOC101929446	0	0	0
LOC105375976	0	0	0
TYRP1	4	0	4
LURAP1L-AS1	1	1	0
LURAP1L	182	1	181
SNORD137	0	0	0
MPDZ	392	0	392
LINC01235	0	0	0
LOC105375977	0	0	0
LOC101929507	0	0	0
LOC124902326	0	0	0
LINC00583	0	0	0
NFIB	441	0	441
NFIB-AS1	1	0	1
TRH-GTG1-6	0	0	0
LOC124902121	0	0	0
LOC124902120	0	0	0
ZDHHC21	0	0	0
CER1	0	0	0
FREM1	0	0	0
LOC105375979	0	0	0
LOC124902122	0	0	0
LOC105375980	0	0	0
LOC389705	0	0	0
LOC124902123	0	0	0
TTC39B	6	0	6
SNAPC3	468	336	499
PSIP1	1147	46	1468
CCDC171	16	0	16
LOC107987049	0	0	0
LINC03041	0	0	0
LOC124902124	0	0	0
LOC124902125	0	3	0
BNC2	170	0	173
BNC2-AS1	18	0	18
LOC124902126	0	0	0
LOC105375983	0	0	0
CNTLN	119	0	119
LOC107987051	3	0	3
SH3GL2	539	2	537
LOC105375987	0	0	0
ADAMTSL1	7	0	7
LOC107986990	0	0	0
LOC105369293	0	0	0
MIR3152	0	0	0
LOC102724102	0	0	0
LOC124902127	0	0	0
LOC105375985	0	0	0
SAXO1	0	0	0
RRAGA	1602	1	1601
HAUS6	878	2	876
SCARNA8	0	0	0
PLIN2	2307	4	2303
DENND4C	466	22	444
RPS6	16590	19	16571
ACER2	46	0	46
MAP1LC3BP1	1	0	1
LOC105375988	0	0	0
SLC24A2	0	0	0
LOC124902128	0	0	0
MLLT3	649	0	649
LOC124902129	2	2	0
MIR4473	0	0	0
MIR4474	0	0	0
FOCAD	846	4	845
FOCAD-AS1	2	1	4
MIR491	0	0	0
SNORA30B	0	0	0
HACD4	5	5	0
LOC105375989	0	0	0
IFNB1	2	0	2
IFNW1	0	0	0
IFNA21	0	0	0
IFNA4	0	0	0
IFNA7	0	0	0
IFNA10	0	0	0
IFNA16	0	0	0
IFNA17	0	0	0
IFNA14	0	0	0
LOC107987053	0	0	0
IFNA22P	0	0	0
IFNA5	0	0	0
KLHL9	602	0	602
IFNA6	0	0	0
IFNA13	0	0	0
IFNA2	0	0	0
IFNA8	0	0	0
IFNA1	2	2	0
MIR31HG	81	1	80
IFNE	7	0	7
MIR31	1	0	1
LOC124900282	0	0	0
LOC107987026	0	0	0
MTAP	1022	0	1022
CDKN2A-AS1	5	9	0
CDKN2A	5303	27	5348
LOC124902130	68	0	68
CDKN2B-AS1	71	48	93
CDKN2B	850	5	845
DMRTA1	64	0	64
LINC01239	10	0	10
LOC107987054	0	0	0
LOC105375990	0	0	0
LOC124902131	0	0	0
LOC124902132	0	0	0
LOC105369298	0	0	0
LOC101929563	0	0	0
ELAVL2	33	0	33
LOC105375992	2	1	1
LOC105375993	0	0	0
LOC124902327	0	0	0
LOC105375994	0	0	0
IZUMO3	0	0	0
LOC107987056	0	0	0
LOC105375996	0	0	0
LOC105375997	0	0	0
TUSC1	515	8	507
LINC01241	0	0	0
LINC03106	0	0	0
LOC107987027	0	0	0
LOC105375999	0	0	0
LOC124902133	0	0	0
LOC105369289	0	0	0
LOC105376000	2	0	2
LOC107987028	0	0	0
CAAP1	515	4	511
PLAA	814	0	889
IFT74	70	75	70
IFT74-AS1	0	0	0
LRRC19	0	0	0
LOC124902134	6	0	6
TEK	1	0	1
REXO6P	0	0	0
EQTN	4	0	4
MOB3B	404	1	440
IFNK	0	0	0
LOC124902107	1	36	2
C9orf72	124	0	124
LOC105376002	0	0	0
LOC124902135	0	0	0
LINGO2	19	0	19
LOC105376004	0	0	0
LOC124902136	0	0	0
LOC105376003	0	0	0
MIR876	0	0	0
MIR873	0	0	0
LOC105376005	0	0	0
LOC124902344	0	0	0
LINC01242	0	0	0
LOC107987029	0	0	0
LOC105376009	0	0	0
LINC01243	0	0	0
LOC105376010	0	0	0
LOC105376013	0	0	0
LOC124902137	20	0	20
LOC105376011	0	0	0
LOC107987059	3	3	1
ACO1	1440	43	1398
RIGI	673	7	1150
LOC101060445	18	250	11
LOC124902138	37	270	6
TOPORS	331	18	363
SMIM27	12	42	20
NDUFB6	619	2	617
LOC105376015	0	0	0
TAF1L	1	0	1
LOC105376017	0	0	0
LOC105376016	0	0	0
TMEM215	0	0	0
LOC107987060	0	0	0
APTX	778	1	777
LOC124902140	2	2	0
LOC124902139	2	0	2
DNAJA1	3146	1	3145
SMU1	879	0	879
B4GALT1	4816	7	5176
MIR12117	0	0	0
LOC124902141	2	0	2
B4GALT1-AS1	10	366	11
SPINK4	76	2	74
BAG1	10540	19	10522
CHMP5	1446	1	1446
NFX1	1541	3	1636
LOC105376018	0	98	0
LOC124902142	1	0	1
AQP7	19	1	19
LOC105376020	5	1	5
AQP3	7551	5	7546
NOL6	1644	1	1643
MIR6851	0	0	0
LOC107987061	0	0	0
SUGT1P1	27	0	27
ANKRD18B	112	0	112
ANXA2P2	39	0	39
PTENP1	1	0	1
PTENP1-AS	0	0	0
LOC124902143	0	0	0
UBE2R2-AS1	2	1	1
PRSS3	0	0	0
UBE2R2	1749	8	1741
UBAP2	1045	3	1042
SNORD121B	0	0	0
SNORD121A	0	0	0
DCAF12	1710	1	1709
UBAP1	1918	14	1953
LOC114224	2	2	0
KIF24	367	47	369
NUDT2	438	1	437
MYORG	365	0	365
SPMIP6	0	0	0
LOC124902144	9	0	9
FAM219A	156	0	156
LOC124902145	0	0	0
DNAI1	3	0	3
ENHO	1	0	1
CNTFR	2	0	2
CNTFR-AS1	0	0	0
LOC105376023	0	0	0
RPP25L	416	0	416
DCTN3	683	0	683
ARID3C	44	0	44
SIGMAR1	7815	8	7807
GALT	722	0	722
IL11RA	109	0	109
CCL27	2	1	1
LOC730098	8	7	31
PHF24	22	25	27
LOC124902146	24	24	0
CCL19	0	0	0
CCL21	11	0	11
SPATA31F1	1	1	0
SPATA31F2P	0	0	0
SPATA31F3	0	0	0
DNAJB5-DT	1	0	1
DNAJB5	191	0	191
LOC105376025	1	0	1
SPATA31G1	1	0	1
VCP	7048	6	7042
FANCG	1295	1	1294
PIGO	1238	0	1242
PIGO-AS1	20	2438	4
STOML2	0	3	2415
ATOSB	821	0	821
LOC124902147	0	0	0
UNC13B	849	0	849
ATP8B5P	2	0	2
RUSC2	1094	2	1093
LOC105376026	1	0	1
CIMIP2B	1	1	1
TESK1	790	1	794
MIR4667	0	0	0
CD72	6	7	9
LOC124902148	0	0	0
LOC101926948	0	5	0
SIT1	1	0	1
RMRP	4	0	4
CCDC107	63	55	514
ARHGEF39	319	475	350
CA9	1225	0	1225
TPM2	5562	4	5558
TLN1	5920	4	5916
MIR6852	0	0	0
CREB3	702	50	707
MIR6853	0	0	0
GBA2	1324	103	1276
RGP1	1003	4	1261
MSMP	0	262	0
NPR2	25	0	26
SPAG8	3	3	1
HINT2	546	5	543
FAM221B	0	0	0
TMEM8B	202	0	204
OR13J1	1	1	0
LOC124902149	3	1	2
HRCT1	60	1	59
SPAAR	12	0	12
OR2S2	0	0	0
RECK	385	0	385
GLIPR2	0	0	0
CCIN	0	0	0
CLTA	3629	0	3629
LOC124902151	26	26	0
GNE	746	10	738
LOC124902150	9	1	10
LOC102724322	7	0	7
RNF38	584	0	584
LOC124902152	0	0	0
MELK	1098	0	1098
LOC105376030	0	0	0
MIR4475	0	0	0
PAX5	0	0	0
MIR4540	0	0	0
MIR4476	0	0	0
LOC105376032	0	0	0
LOC105376031	0	0	0
EBLN3P	573	0	573
LOC105376034	1	0	1
ZCCHC7	181	1	180
LOC105376033	20	0	20
LOC124902153	3	0	3
LINC01627	0	0	0
LOC124902154	1	1	0
LOC105376035	0	0	0
GRHPR	2325	178	2334
ZBTB5	344	10	521
POLR1E	506	0	506
FBXO10	112	10	102
TOMM5	873	0	873
FRMPD1	0	0	0
TRMT10B	157	81	76
EXOSC3	436	4	432
LOC105376037	10	28	10
DCAF10	634	2	660
SLC25A51	114	0	114
SHB	362	0	362
LOC105376039	0	0	0
LOC124900277	0	0	0
LOC124902348	0	0	0
LOC107987064	0	0	0
LOC107987065	0	0	0
LOC105376040	0	0	0
ALDH1B1	647	0	647
IGFBPL1	0	0	0
LOC105376041	0	0	0
GAS2L1P1	0	0	0
LOC105376042	0	0	0
FAM95C	0	0	0
ANKRD18A	0	0	0
FAM201A	0	0	0
LOC124902156	0	0	0
FAM240B	0	0	0
LOC105376043	0	0	0
LOC105376044	0	0	0
LOC124902157	0	0	0
CNTNAP3	0	0	0
LOC105376045	0	0	0
SPATA31A1	0	0	0
FAM74A1	0	0	0
ZNF658B	0	0	0
GLIDR	0	0	0
FGF7P3	0	0	0
FAM88D	0	0	0
LOC105376050	0	0	0
LOC124902158	0	0	0
LOC107986992	0	0	0
LOC112268033	0	0	0
LOC102724431	0	0	0
LOC105369249	0	0	0
ANKRD20A2P	0	0	0
FAM95B1	0	0	0
GXYLT1P3	0	0	0
LOC124902159	0	0	0
LOC107986995	0	0	0
LOC124902160	0	0	0
LOC102724580	0	8	0
BMS1P14	1	0	9
LOC107984006	7	0	7
LOC107986993	0	0	0
LOC100132004	0	0	0
MIR1299	0	0	0
LOC107986997	1	0	1
FRG1HP	57	0	65
PGM5P2	2	10	0
LOC124902161	0	0	0
LOC105376058	3	0	3
LINC03025	0	0	0
FOXD4L6	0	0	0
ZNG1F	45	0	45
MIR4477A	0	0	0
LOC124902162	0	0	0
LOC124900272	17	4	13
LOC107984035	17	1	16
LOC105376065	0	0	0
LOC101928906	0	0	0
FAM27E2	0	0	0
FAM242F	0	0	0
LOC107987000	10	0	10
LOC105376063	9	0	9
LOC124902163	0	0	0
CNTNAP3B	0	0	0
SPATA31A6	0	0	0
FAM74A7	0	0	0
LOC112268036	0	0	0
FAM88E	0	0	0
LOC101927827	0	0	0
XLOC_007697	0	0	0
LOC102724818	0	0	0
LOC112268044	0	0	0
LOC105376067	0	0	0
LOC102724904	0	0	0
LOC105379434	0	0	0
SPATA31A5	0	0	0
FAM74A6	0	0	0
LOC107984126	0	0	0
LOC105379249	0	0	0
SPATA31A7	0	0	0
LOC124902165	0	0	0
FAM74A4	0	0	0
LOC105379435	0	0	0
CNTNAP3C	0	0	0
LOC105379437	3	0	3
FAM242D	0	0	0
FAM27C	5	5	0
FAM27E4	13	0	16
LOC105379807	0	3	0
LOC102723678	0	0	0
FAM242E	0	0	0
LOC107987007	18	0	18
LOC107987008	0	0	0
LOC105379439	0	0	0
LOC105379263	0	0	0
LOC124902168	0	0	0
FAM88C	0	0	0
FGF7P6	0	0	0
LOC128966771	0	0	0
LINC01189	0	0	0
FAM88F	0	0	0
LOC107987020	2	2	0
LINC01410	1	0	1
LOC100132249	0	0	0
PTGER4P2-CDK2AP2P2	0	0	0
LERFS	6	25	38
FAM88B	8	32	33
LOC107987004	0	0	0
LOC107987003	0	0	0
LOC286297	0	0	0
LOC105379814	0	0	0
AQP7P1	1	0	1
LOC100996643	0	0	0
LOC105379442	0	0	0
LOC107987009	0	0	0
LOC124902167	9	0	9
LINC00537	17	17	0
MIR4477B	0	0	0
FRG1JP	13	0	13
FLJ43315	0	0	0
LOC124902333	0	0	0
ANKRD20A4-ANKRD20A20P	0	0	0
LOC105379257	0	0	0
LOC101929583	0	0	0
LOC107987067	0	0	0
LOC124902169	2	0	2
LINC03155	0	0	0
LOC100132154	0	0	0
LOC102724507	0	0	0
LOC105379443	0	0	0
LOC112268045	0	0	0
FOXD4L5	0	0	0
LOC105379444	0	0	0
LOC107987069	1	1	0
LOC105379446	0	0	0
LOC124902170	2	0	2
LOC105379447	0	0	0
FRG1KP	1	0	1
ZNG1E	129	0	129
FOXD4L4	0	0	0
LOC101928381	0	0	0
LOC124902171	0	0	0
LOC107987071	0	0	0
LOC101928195	0	0	0
LOC112267859	0	0	0
AQP7P3	0	0	0
LOC105379252	0	0	0
ANKRD20A3P	0	0	0
LOC642929	0	0	0
LOC107987073	0	0	0
LOC105379448	0	0	0
LOC124902172	0	0	0
ZNF658	9	0	9
FAM74A3	0	0	0
SPATA31A3	0	0	0
LOC105379450	0	0	0
CNTNAP3P2	0	0	0
LOC101927602	0	0	0
LOC105379451	0	0	0
LOC105379452	0	0	0
LOC105379453	0	0	0
LOC102723709	0	0	0
FAM27E3	29	0	29
FAM27B	9	3	6
LOC101928608	0	0	0
ANKRD20A1	0	0	0
ZNG1C	19	0	19
LOC124902173	1	0	1
FOXD4L3	0	0	0
LOC107987077	0	0	0
LOC101929800	0	0	0
LOC102723624	0	0	0
PGM5-AS1	0	0	0
PGM5	0	0	0
LOC105376070	0	0	0
LOC124902174	0	0	0
TMEM252	0	0	0
TMEM252-DT	0	0	0
LINC01506	0	0	0
LOC105376071	0	0	0
PIP5K1B	264	1	263
PABIR1	335	0	335
LOC101927069	3	2	1
PRKACG	0	0	0
FXN	261	0	261
TJP2	775	0	775
LOC124902175	0	0	0
LOC124902176	0	0	0
BANCR	0	0	0
ENTREP1	8	0	8
LOC124902177	0	0	0
APBA1	0	0	0
LOC124902178	0	0	0
PTAR1	484	0	484
LOC105376076	0	0	0
CFAP95-DT	0	0	0
CFAP95	0	0	0
LOC124902179	0	0	0
MAMDC2	169	0	169
MAMDC2-AS1	0	0	0
SMC5-DT	5	0	5
SMC5	277	1	277
KLF9	625	19	614
LOC124900273	4	0	4
KLF9-DT	0	3	4
LOC105376079	0	0	0
TRPM3	0	14	0
LOC107984011	63	0	77
LOC105376078	0	0	0
MIR204	0	0	0
LOC107987078	0	0	0
LOC124902180	0	0	0
LOC107987079	0	0	0
CEMIP2	766	0	766
ABHD17B	674	0	674
C9orf85	182	0	182
LOC101927108	0	0	0
C9orf57	0	0	0
GDA	1864	1	1863
LINC01504	0	0	0
ZFAND5	1791	0	1791
LOC105376080	4	0	4
TMC1	1	0	1
LOC101927234	0	0	0
LOC124902347	0	0	0
LOC101927191	0	0	0
LOC124902181	0	0	0
LINC01474	0	0	0
ALDH1A1	1	0	1
LOC105376081	0	0	0
ANXA1	1629	0	1629
LOC105376082	0	0	0
LOC101927281	0	0	0
LOC124902182	0	0	0
LOC105376084	0	0	0
LOC105376083	0	0	0
LOC105376085	0	0	0
LOC105376086	0	0	0
LOC101927329	0	0	0
LOC105376087	0	0	0
LOC101927358	0	0	0
RORB-AS1	0	0	0
RORB	0	0	0
LOC105376088	0	0	0
TRPM6	0	0	0
C9orf40	442	2	440
CARNMT1-AS1	0	20	1
CARNMT1	183	1	202
NMRK1	253	0	253
OSTF1	461	1	460
LOC105376090	1	0	1
LOC105376091	0	0	0
PCSK5	0	0	0
LOC124902183	0	0	0
RFK	526	4	675
GCNT1	2	151	4
RPSAP9	16	0	16
LOC124902184	0	0	0
LOC105376093	0	0	0
LOC105376095	0	0	0
PRUNE2	0	0	0
PCA3	0	0	0
FOXB2	0	0	0
LOC105376096	0	0	0
VPS13A-AS1	0	1	0
VPS13A	396	0	397
GNA14	0	0	0
GNA14-AS1	0	0	0
LOC124902185	0	0	0
GNAQ	369	0	369
LOC107987081	2	0	2
LOC107987031	0	0	0
CEP78	331	2	329
PSAT1	1257	0	1257
LOC107987083	0	0	0
LOC105376097	0	0	0
LOC101927450	0	0	0
LOC124902186	0	0	0
LOC124902328	0	0	0
LNCARSR	0	0	0
TLE4	390	0	390
LOC124902329	0	0	0
LINC01507	0	0	0
LOC105376101	0	0	0
LOC105376100	0	0	0
LOC105376099	0	0	0
LOC105376103	0	0	0
LOC107987085	0	0	0
LOC107987084	0	0	0
TLE1	267	2	314
LOC105376106	0	49	0
TLE1-DT	0	0	0
LOC105376105	0	0	0
LOC124900283	0	0	0
LOC124902187	0	0	0
SPATA31D5P	0	0	0
SPATA31D4	0	0	0
SPATA31D3	0	0	0
LOC105376107	0	0	0
SPATA31D1	0	0	0
LOC112268046	0	0	0
LOC107987086	0	0	0
LOC107987087	0	0	0
LOC105376110	0	0	0
LOC124902188	0	0	0
LOC124902189	0	0	0
RASEF	0	0	0
FRMD3-AS1	0	0	0
FRMD3	50	0	50
LOC124902190	0	0	0
LOC124902346	0	0	0
IDNK	65	0	65
UBQLN1	1953	2	2138
UBQLN1-AS1	5	186	6
LOC124902191	2	0	2
GKAP1	92	0	104
LOC101927552	2	32	2
KIF27	41	0	93
LOC124900638	0	1	0
LOC105376335	0	31	0
QNG1	337	0	337
HNRNPK	5461	1	11363
MIR7-1	21	0	21
HNRNPK-AS1	18	5352	1
RMI1	303	425	298
LOC101927575	0	0	0
SLC28A3	4	0	6
SLC28A3-AS1	0	2	0
LOC102724036	0	0	0
LOC124902192	0	0	0
NTRK2	0	0	0
LOC124902193	0	0	0
LOC105376118	0	0	0
LOC107987088	0	0	0
LOC105376119	0	0	0
LOC124902322	0	0	0
LOC105376121	0	0	0
LOC101927603	0	0	0
AGTPBP1	288	2	287
LOC389765	26	0	27
NAA35	454	8	446
GOLM1	2585	70	2515
LOC101927623	1	1	0
C9orf153	0	0	0
ISCA1	737	1	736
LOC124902194	6	0	6
TUT7	324	2	322
LOC102724080	0	0	0
LOC105376123	14	1	13
LINC02834	0	0	0
LOC124902195	0	0	0
GAS1	1248	6	1242
GAS1RR	84	0	84
LINC02893	1	1	0
LOC124902196	0	0	0
NFYCP2	0	0	0
LOC124902197	0	0	0
LINC02872	2	0	2
LOC105376126	0	0	0
LOC105376127	0	0	0
DAPK1	2	0	2
DAPK1-IT1	0	0	0
CTSL	2632	3	2629
LOC124902198	0	0	0
CTSL3P	0	0	0
LOC112267903	0	0	0
CTSLP8	0	0	0
NPAP1P9	0	0	0
LOC107987091	0	0	0
LOC497256	0	0	0
LOC124902199	0	0	0
SPATA31E1	0	0	0
SPATA31C1	0	0	0
LOC122394732	0	0	0
CDK20	41	0	80
LOC124902200	2	36	0
LOC105376131	1	6	0
LOC124902201	4	0	4
LINC03026	0	0	0
LOC124902202	0	0	0
LOC124902203	0	0	0
SPATA31C2	0	0	0
LOC124902204	25	7	20
SPIN1	1352	0	1354
LOC105376134	0	0	0
NXNL2	0	0	0
LINC02843	0	0	0
LOC105376135	0	0	0
MIR4289	0	0	0
LOC124902205	0	0	0
S1PR3	272	0	272
SHC3	0	0	0
LOC124902206	0	0	0
LOC105376136	90	2	88
CKS2	1228	0	1228
MIR3153	8	0	8
SECISBP2	444	18	450
SEMA4D	226	9	241
LOC105376137	0	0	0
LOC124902207	0	0	0
LOC105376139	0	0	0
GADD45G	0	0	0
LINC03062	0	0	0
LOC105376140	0	0	0
LOC107987032	0	0	0
LOC101927823	0	0	0
LOC101927847	0	0	0
MIR4290HG	0	0	0
MIR4290	0	0	0
LOC105376142	0	0	0
LINC01508	0	0	0
LINC01501	0	0	0
DIRAS2	0	0	0
SYK	0	0	0
LOC105379829	1	0	1
LOC105376143	0	0	0
LINC02957	0	0	0
LOC100129316	3	3	0
LINC02937	1	4	0
LINC00484	0	0	3
LOC124902208	2	1	1
AUH	390	0	390
NFIL3	923	4	929
LOC124902209	0	0	0
LOC105376146	6	7	9
MIR3910-1	0	0	0
MIR3910-2	0	0	0
ROR2	1706	1	1705
LOC124902210	3	0	3
LOC105376148	0	0	0
LOC107987094	0	0	0
SPTLC1	1098	0	1098
LOC100128076	0	0	0
LINC00475	0	0	0
LOC124902345	0	0	0
LOC112268048	0	0	0
IARS1	0	0	0
MIR3651	0	0	0
SNORA84	0	0	0
NOL8	0	0	0
CENPP	0	0	0
OGN	0	0	0
OMD	0	0	0
ASPN	0	0	0
ECM2	0	0	0
MIR4670	0	0	0
IPPK	157	0	162
LOC100128361	0	0	0
LOC107987095	19	2	17
BICD2	554	0	554
LOC101929748	1	0	1
LOC124902211	0	0	0
ANKRD19P	4	4	0
ZNF484	36	0	36
SPATA31B2P	0	0	0
FGD3	6	0	11
LOC101927954	0	5	0
SUSD3	0	0	0
LOC101927993	0	0	0
CARD19	361	0	361
NINJ1	1146	4	1142
LOC124902212	5	5	0
LOC124902213	0	0	0
WNK2	226	0	248
LOC124902214	0	22	0
FAM120A2P	0	0	0
LOC107987097	12	0	12
FAM120AOS	626	188	630
FAM120A	2804	5	2991
PHF2	495	0	495
MIR548AU	0	0	0
LOC124902215	5	0	5
LOC101928014	0	0	0
MIR4291	0	0	0
BARX1	743	0	743
LOC124902216	13	0	13
BARX1-DT	0	0	0
PTPDC1	164	0	164
LOC107987099	2	0	2
MIRLET7A1HG	4	0	4
MIRLET7A1	0	0	0
MIRLET7F1	0	0	1
LINC02603	15	18	0
MIRLET7D	5	0	5
LOC124902342	0	0	0
ZNF169	23	0	25
LOC105376154	0	0	0
NUTM2F	0	0	0
LOC124902217	0	0	0
LOC100132077	0	0	0
SLC71A2	1674	1	1673
LOC107987100	0	0	0
LOC124902218	3	1	7
PCAT7	30	4	44
FBP2	0	12	0
FBP1	4	0	4
LOC124902219	2	0	2
LOC107987101	0	0	0
AOPEP	535	70	546
LOC124902220	0	0	0
MIR2278	0	0	0
AOPEP-AS1	0	17	0
MIR6081	1	0	1
MIR23B	0	0	0
MIR27B	3	0	3
MIR3074	0	11	0
MIR24-1	0	0	0
FANCC	375	5	484
LOC107987102	5	53	3
LOC124902339	0	0	0
LOC105376155	0	0	0
LOC105376156	81	0	81
PTCH1	322	5	369
LOC100507346	0	52	0
LOC105376157	0	0	0
LOC105376158	0	0	0
LOC105376161	0	0	0
ERCC6L2-AS1	116	10	123
LOC107987103	3	0	3
LOC124902221	2	2	0
ERCC6L2	204	7	214
LINC00092	0	0	0
LOC105376159	0	0	0
LOC158435	1	0	1
LOC158434	0	0	0
LOC112268039	0	0	0
LOC107987033	0	0	0
SLC35D2-HSD17B3	0	0	0
HSD17B3	0	0	0
HSD17B3-AS1	0	0	0
SLC35D2	3	0	3
ZNF367	497	7	490
HABP4	158	4	158
CDC14B	268	4	268
LOC105376163	0	0	0
PRXL2C	224	1	223
MKRN10P	0	0	0
ZNF510	179	0	179
ZNF782	42	0	47
LOC100132781	0	0	0
PTMAP11	2	2	0
NUTM2G	8	24	0
SLC71A3P	57	0	68
CTSV	165	0	165
GAS2L1P2	6	0	6
LOC107987104	5	0	5
LOC105376166	1	0	1
LOC112268050	9	0	9
ANKRD18CP	4	1	27
LOC107987025	0	0	0
LOC124902224	0	0	0
SUGT1P4-STRA6LP-CCDC180	0	0	0
SUGT1P4-STRA6LP	2	0	2
CCDC180	0	0	0
MIR1302-8	0	0	0
LOC286359	0	0	0
TDRD7	175	0	175
TMOD1	302	201	521
TMOD1-AS1	0	0	0
TSTD2	167	225	362
NCBP1	1037	19	1018
XPA	158	5	153
PTCSC2	0	0	0
FOXE1	107	0	107
TRMO	152	0	152
HEMGN	0	0	0
LOC124902226	0	0	0
ANP32B	2490	1	2489
LOC124902225	7	0	7
TRIM14	1448	791	1462
LOC124902227	0	0	0
NANS	284	53	1036
CORO2A	181	0	181
TBC1D2	1258	3	1255
MIR6854	0	0	0
GABBR2	0	0	0
LOC124902228	0	0	0
ANKS6	798	6	792
LOC124902229	0	0	0
GALNT12	7	0	7
LOC102724684	0	0	0
ADIPINT	0	0	0
COL15A1-AS1	0	0	0
COL15A1	156	2	154
TGFBR1	2174	16	2158
LOC105376174	0	0	0
ALG2	739	3	739
SEC61B	1214	0	1217
LOC124902230	1	0	1
LOC124902231	0	0	0
NAMA	0	0	0
LOC124902232	0	0	0
LOC107987011	0	0	0
LOC124902236	1	0	1
LOC124902233	0	0	0
LOC107987012	0	0	0
LOC101928438	2	0	2
LOC124902234	0	0	0
NR4A3	200	0	200
STX17-DT	1	0	1
STX17	315	1	314
ERP44	1086	5	1081
LOC105376176	5	5	0
INVS	287	3	349
LOC124902235	3	64	2
TEX10	530	6	526
LOC105376177	36	0	36
MSANTD3	141	0	141
MSANTD3-TMEFF1	0	0	0
LOC124902237	0	0	0
TMEFF1	0	0	0
CAVIN4	6	0	6
LOC105376179	0	0	0
LOC105376180	0	0	0
LOC105376181	0	0	0
PLPPR1	0	0	0
LOC105376183	0	0	0
LOC105376182	0	0	0
LOC124902238	0	0	0
BAAT	0	0	0
MRPL50	348	0	348
ZNF189	195	0	195
ALDOB	0	0	0
LOC105376184	0	0	0
TMEM246-AS1	0	0	0
PGAP4	0	0	0
RNF20	495	0	495
GRIN3A	8	8	0
PPP3R2	0	0	0
LOC105376186	0	0	0
LOC105376187	0	0	0
LOC105376188	0	0	0
LOC105376190	0	0	0
LINC00587	0	0	0
CYLC2	0	0	0
LOC105376191	0	0	0
LINC01492	0	0	0
LOC105376192	1	0	1
LOC105376193	0	0	0
LINC03094	0	0	0
SMC2-DT	0	0	0
SMC2	773	11	762
LOC105376194	0	0	0
LOC105376195	0	0	0
OR13F1	0	0	0
OR13C4	0	0	0
LOC107987105	0	0	0
OR13C3	0	0	0
OR13C8	0	0	0
OR13C5	0	0	0
OR13C2	0	0	0
OR13C9	0	0	0
OR13D1	0	0	0
NIPSNAP3A	287	0	287
NIPSNAP3B	1	1	1
ABCA1	18	0	19
LOC124902239	0	0	0
LOC105376196	0	0	0
CT70	6	6	0
LOC105376197	0	0	0
LOC112268038	0	0	0
SLC44A1	993	0	993
FSD1L	76	0	76
RALGAPA1P1	2	0	2
FKTN-AS1	0	1	0
FKTN	239	0	240
TAL2	0	0	0
TMEM38B	463	0	463
LOC107987107	0	0	0
LOC107987108	0	0	0
LOC107987109	0	0	0
LOC124902240	0	0	0
MIR8081	0	0	0
LINC01505	0	0	0
LOC105376204	0	0	0
ZNF462	5	0	5
LOC340512	0	0	0
LOC107987110	0	0	0
RAD23B	4375	7	4368
LOC124902241	5	0	5
LOC107987111	0	0	0
LINC01509	0	0	0
KLF4	2239	7	2232
LOC105376206	1	0	1
LOC105376205	0	0	0
LOC105376207	0	0	0
LOC124902242	23	0	23
LOC105376208	31	0	32
LOC105376209	0	1	0
LOC107987112	2	0	2
LOC124902243	0	0	0
LOC105376214	12	8	4
LOC105376213	0	0	0
LOC105376212	0	0	0
ACTL7B	0	0	0
ACTL7A	0	0	0
ELP1	782	0	782
ABITRAM	256	2	254
CTNNAL1	876	1	875
LOC105376216	0	0	0
TMEM245	2108	3	2105
MIR32	0	0	0
FRRS1L	0	0	0
EPB41L4B	386	0	386
PTPN3	441	0	441
MIR3927	0	0	0
PALM2AKAP2	902	0	902
PALM2AKAP2-AS1	0	0	0
LOC124902244	2	0	2
LOC105376217	2	2	0
C9orf152	10	0	10
TXN	3175	1	3174
LOC107987114	0	0	0
LOC124902246	2	0	2
TXNDC8	0	0	0
LOC124902245	1	0	1
SVEP1	1922	33	1889
LOC124902331	0	0	0
LOC124902247	0	0	0
LOC105376218	0	0	0
MUSK	0	0	0
LOC107987115	0	0	0
LPAR1	0	0	0
LOC124902248	0	0	0
MIR7702	0	0	0
LOC105376219	0	0	0
OR2K2	0	0	0
ECPAS	1991	0	1991
ZNF483	17	17	0
PTGR1	1097	0	1097
LRRC37A5P	0	0	0
LOC107987116	4	0	4
DNAJC25-GNG10	0	0	0
DNAJC25	178	0	178
GNG10	0	0	0
SHOC1	31	0	31
LOC124902249	6	0	6
UGCG	692	0	692
MIR4668	0	0	0
LOC124902250	0	0	0
LINC02977	9	0	9
SUSD1	69	2	67
PTBP3	1677	0	1677
HSDL2	504	0	575
HSDL2-AS1	8	81	5
KIAA1958	396	1	402
INIP	274	2	272
SNX30-DT	4	0	4
SNX30	228	0	228
SLC46A2	2	2	0
ZNF883	1	0	1
ZFP37	0	0	0
FAM225B	0	0	0
FAM225A	3	0	3
SLC31A2	2	7	133
FKBP15	904	136	906
SLC31A1	1166	1	1165
LOC107987119	2	0	2
CDC26	136	1	135
PRPF4	1168	2	1166
RNF183	1	0	1
WDR31	154	0	154
BSPRY	3	1	2
HDHD3	1452	3	1449
ALAD	997	1	996
POLE3	2458	3	2456
C9orf43	9	0	10
RGS3	220	0	220
LOC105376222	2	2	0
LOC105376223	0	0	0
ZNF618	349	0	349
AMBP	0	0	0
LOC107987120	0	0	0
KIF12	1	0	1
LOC124902251	0	0	0
LOC105376225	0	0	0
COL27A1	240	5	318
MIR455	0	0	0
LOC124902252	5	19	3
LOC105376224	3	69	0
ORM1	0	0	0
ORM2	0	0	0
AKNA	361	0	361
LOC124902253	0	0	0
WHRN	525	13	512
LOC124902254	0	0	0
LOC105376229	0	0	0
LOC124902352	0	0	0
ATP6V1G1	1359	0	1359
TMEM268	351	9	342
TEX53	0	0	0
LOC107987121	1	0	1
TEX48	0	0	0
LOC105376231	0	0	0
TNFSF15	2	0	2
TNFSF8	0	0	0
TNC	46	0	46
LOC124902256	0	0	0
LOC124902255	0	0	0
LOC101928748	0	0	0
DELEC1	0	0	0
LOC124902257	0	0	0
LOC105376233	0	0	0
LOC105376232	0	0	0
LOC105376235	0	0	0
LOC101928775	0	0	0
LOC105376234	0	0	0
LINC00474	0	0	0
LOC124902258	4	0	4
LOC105376236	0	0	0
PAPPA	511	1	743
PAPPA-AS2	1	0	1
PAPPA-AS1	0	233	0
ASTN2	75	0	75
ASTN2-AS1	0	0	0
LOC107987014	0	0	0
LOC105376240	0	0	0
TRIM32	639	2	637
LOC105376239	0	0	0
LOC105376238	0	0	0
SNORA70C	0	0	0
LOC105376237	0	0	0
LOC105376242	0	0	0
LOC124902330	0	0	0
LOC101928797	0	0	0
TLR4	108	0	108
LOC105376244	0	0	0
LOC105376243	0	0	0
LOC105376246	0	0	0
LOC105376247	1	0	1
LOC105376248	0	0	0
LOC105376249	0	0	0
LOC102724929	0	0	0
LINC02578	0	0	0
LOC101928849	0	0	0
BRINP1	0	0	0
LOC105376250	0	0	0
LOC107987122	0	0	0
LINC01613	0	0	0
LOC107987123	0	0	0
LOC124902259	0	0	0
LOC124902260	0	0	0
MIR147A	0	0	0
LOC105376253	8	0	8
CDK5RAP2	1025	2	1023
MEGF9	405	0	405
FBXW2	1373	1	1372
B3GALT9	78	0	78
PSMD5	1337	1	1338
CUTALP	119	3	118
PHF19	1043	0	1043
TRAF1	88	0	88
C5-OT1	0	0	0
C5	15	0	15
LOC124902261	0	0	0
CNTRL	62	2	60
RAB14	1750	0	1750
GSN	1309	37	1385
GSN-AS1	1	108	1
STOM	6130	2	6133
LOC102723324	4	0	4
GGTA1	0	0	0
LOC107987016	0	0	0
DAB2IP	1234	1	1233
LOC105376257	3	0	3
LOC107987125	0	0	0
TTLL11	198	0	198
LOC124902262	0	0	0
LOC124902263	0	0	0
MIR4478	0	0	0
NDUFA8	740	0	740
MORN5	0	0	0
LHX6	37	0	37
RBM18	252	4	252
MRRF	1237	0	1241
PTGS1	16	0	16
LOC124902264	0	0	0
OR1J2	0	0	0
OR1J1	0	0	0
OR1J4	0	0	0
OR1N1	0	0	0
OR1L8	0	0	0
OR1N2	0	0	0
LOC124902265	0	0	0
OR1Q1	0	0	0
OR1B1	0	0	0
OR1L1	0	0	0
OR1L3	0	0	0
OR1L4	0	0	0
OR1L6	0	0	0
OR5C1	0	0	0
OR1K1	0	0	0
PDCL	292	0	292
RC3H2	609	0	609
SNORD90	0	0	0
ZBTB6	152	1	151
ZBTB26	96	1	96
RABGAP1	584	1	584
LOC105379839	0	0	0
GPR21	2	0	2
STRBP	321	1	320
MIR600HG	0	0	0
MIR600	0	0	0
LOC105376265	0	0	0
LOC124902266	0	0	0
CRB2	14	124	8
DENND1A	859	1	976
MIR601	0	0	0
MIR7150	0	0	0
LOC105376266	23	0	23
LOC105376267	0	0	0
LHX2-AS1	1	0	1
LHX2	125	0	125
LOC107987037	0	0	0
NEK6	643	2	644
LOC613206	5	8	0
LOC124902268	0	0	0
PSMB7	1209	66	2292
LOC100129034	464	1097	507
LOC124902267	9	0	9
LOC105376270	64	0	93
ADGRD2	0	29	0
NR5A1	5	0	5
NR6A1	201	1	201
MIR181A2HG	0	0	0
MIR181A2	0	0	0
MIR181B2	0	0	0
LOC124902269	8	0	8
LOC124900274	8	0	8
LOC107987126	4	0	5
OLFML2A	511	0	511
WDR38	1	0	1
RPL35	7157	2	7157
ARPC5L	1420	24	1398
GOLGA1	437	2	435
SCAI	71	0	71
PPP6C	1017	0	1017
LOC105376271	0	0	0
RABEPK	457	0	457
HSPA5	12835	5	12830
HSPA5-DT	1	1	0
GAPVD1	1180	0	1180
LOC101929014	0	0	0
LOC112268055	0	0	0
MAPKAP1	1045	0	1045
LOC124902270	0	0	0
LOC105376272	6	0	6
PBX3-DT	0	0	0
PBX3	220	0	220
LOC124902271	0	0	0
LOC105376273	0	0	0
LOC105376274	0	0	0
LOC105376275	0	0	0
LOC101929116	0	0	0
MVB12B	0	0	0
NRON	0	0	0
LOC105376276	0	0	0
LOC124902272	0	0	0
LMX1B-DT	0	0	0
LMX1B	0	0	0
LOC107987129	0	0	0
ZBTB43	225	0	225
ZBTB34	317	0	317
RALGPS1	89	4	89
LOC105376279	0	0	0
ANGPTL2	66	0	66
LOC105376278	1	3	2
LOC124902273	0	0	0
GARNL3	62	0	64
LOC124902274	0	2	0
LOC124902275	4	0	4
SLC2A8	398	0	398
ZNF79	60	0	60
RPL12	12915	10	12907
SNORA65	4	0	4
LRSAM1	723	2	723
NIBAN2	8962	6	8956
LOC105376281	2	0	2
LOC124902276	12	0	12
LOC124902277	5	0	5
STXBP1	2497	10	2756
MIR3911	3	262	4
PTRH1	10	14	296
CFAP157	87	375	3
TTC16	49	26	26
TOR2A	400	0	403
SH2D3C	29	0	29
LOC107987132	0	0	0
MIR3960	7	0	7
MIR2861	0	0	0
CDK9	1117	0	1117
FPGS	1829	4	1825
ENG	526	23	730
LOC102723566	17	212	32
LOC105379841	0	0	0
LOC124902278	0	0	0
LOC124902279	0	0	0
AK1	2	0	2
ST6GALNAC4-ST6GALNAC6-AK1	0	0	0
MIR4672	1	0	1
ST6GALNAC6	1	0	1
ST6GALNAC4	297	0	297
PIP5KL1	61	0	61
DPM2	910	0	913
LOC124902280	5	20	0
EEIG1	1142	0	1154
NAIF1	291	0	291
SLC25A25	282	15	267
SLC25A25-AS1	126	0	126
PTGES2	1852	3	1849
PTGES2-DT	3	0	3
LCN2	1	0	1
BBLN	502	0	502
CIZ1	1580	1	1579
DNM1	6	0	6
MIR199B	0	0	0
MIR3154	0	0	0
GOLGA2	1788	0	1788
SWI5	260	2	258
TRUB2	833	8	1458
LOC105376286	6	631	8
COQ4	867	7	860
TRR-TCT3-1	0	0	0
SLC27A4	1082	0	1082
URM1	1139	2	1137
MIR219A2HG	0	0	0
MIR219A2	0	0	0
MIR219B	0	0	0
CERCAM	2550	3	2547
ODF2	588	2	931
ODF2-AS1	1	173	0
LOC124902281	0	173	0
GLE1	1031	2	1029
LOC101929270	13	2	12
SPTAN1	5269	33	5269
DYNC2I2	4416	23	4425
SET	5784	18	5766
PKN3	1653	42	1643
ZDHHC12	836	7	862
ZDHHC12-DT	50	9	52
ZER1	931	12	932
LOC124902340	1	1	0
LOC124902282	0	3	0
TBC1D13	1124	0	1124
ENDOG	313	256	709
KYAT1-SPOUT1	0	0	0
SPOUT1	0	0	0
KYAT1	18	0	18
LRRC8A	1177	5	1337
LOC101929291	23	188	1
PHYHD1	322	1	323
DOLK	328	3	326
NUP188	2470	23	3860
LOC101929314	1	1392	8
SH3GLB2	1418	10	1422
MIGA2	721	3	718
DOLPP1	329	0	329
CRAT	972	3	969
PTPA	2019	4	2015
IER5L	2436	6	2430
LOC105376289	6	0	6
IER5L-AS1	0	0	0
LINC02975	0	0	0
LOC107987133	0	0	0
LINC02913	0	0	0
LINC01503	67	0	67
LOC107987038	0	0	0
LOC105376291	0	0	0
LOC124902283	11	2	9
LINC00963	41	0	41
LOC124900275	665	0	665
LOC105376292	24	0	24
NTMT1	412	102	931
C9orf50	2	2	0
ASB6	699	528	792
PRRX2	171	0	171
PRRX2-AS1	0	0	0
LOC124902284	1	0	1
PTGES	2221	0	2221
TOR1B	757	10	747
TOR1A	814	7	807
C9orf78	374	0	374
USP20	491	1	490
MIR6855	0	0	0
FNBP1	380	1	379
GPR107	1497	3	1494
GPRACR	0	0	0
NCS1	1497	3	1494
MIR12126	0	0	0
LOC124902285	0	0	0
HMCN2	5	7	10
LOC107987134	9	5	16
ASS1	17854	13	17841
LOC124902349	5	0	5
LOC100272217	10	2	9
FUBP3	1355	0	1356
LOC124902286	14	0	14
MIR6856	0	0	0
PRDM12	4	0	4
EXOSC2	853	0	853
ABL1	4063	2	4067
LOC128092248	0	0	0
LOC124902288	0	0	0
LOC124902287	47	7	45
QRFP	16	17	0
FIBCD1	544	0	545
FIBCD1-AS1	0	1	0
LAMC3	1396	1	1395
LOC124902289	0	0	0
AIF1L	383	0	383
NUP214	2047	2	2045
FAM78A	542	3	539
PLPP7	21	0	21
LOC105376299	37	0	76
LOC105376300	4	43	0
PRRC2B	5498	0	5499
SNORD62A	2	0	2
SNORD62B	9	0	9
POMT1	120	6	116
LOC105376301	4	1	6
UCK1	527	0	527
PRRT1B	1	1	0
RAPGEF1	783	1	782
MED27	389	1	388
LOC105376302	0	0	0
LOC124902291	0	0	0
NTNG2	1	0	1
SETX	524	0	524
LOC124902292	0	5	0
TTF1	229	0	234
CFAP77	0	0	0
LOC105376304	0	0	0
LOC124902293	0	0	0
BARHL1	0	0	0
DDX31	561	0	562
GTF3C4	995	1	995
AK8	2	0	2
LOC124902335	0	0	0
SPACA9	109	0	109
TSC1	497	0	497
GFI1B	0	0	0
MIR548AW	0	0	0
SNORD141A	80	9	71
LOC105376306	13	0	13
GTF3C5	1442	1	1780
MIR6877	1	0	1
LOC124902325	1	339	1
CEL	13	0	13
CELP	0	0	0
LOC124902343	0	0	0
RALGDS	582	1	581
GBGT1	0	0	0
OBP2B	0	0	0
LOC124902294	0	0	0
ABO	0	0	0
SURF6	0	0	0
MED22	1	0	1
RPL7A	1	0	1
SNORD24	0	0	0
SNORD36B	0	0	0
SNORD36A	0	0	0
SNORD36C	0	0	0
SURF1	0	0	0
SURF2	0	0	0
SURF4	0	0	0
STKLD1	0	0	0
REXO4	0	0	0
ADAMTS13	0	0	0
CACFD1	0	0	0
LOC124902295	0	0	0
SLC2A6	0	0	0
LOC102723855	0	0	0
MYMK	0	0	0
ADAMTSL2	0	0	0
FAM163B	0	0	0
LOC124902296	0	0	0
DBH	0	0	0
DBH-AS1	0	0	0
SARDH	0	0	0
VAV2	1217	7	1210
BRD3OS	344	206	359
BRD3	425	20	626
LOC100130548	1	0	1
WDR5-DT	3	16	6
WDR5	1072	3	1088
LOC124902297	22	18	4
RNU6ATAC	0	0	0
LOC124902298	0	0	0
LOC107987137	0	0	0
LOC101928384	0	0	0
LOC107987039	0	0	0
LOC124902299	0	0	0
LINC02247	0	0	0
RXRA	793	0	793
MIR4669	0	0	0
LOC105376311	0	0	0
LOC100506532	0	0	0
COL5A1	8761	5	9749
LOC124902300	15	0	18
COL5A1-AS1	0	3	0
LOC124902301	7	170	0
LOC101448202	2	832	0
MIR3689C	0	0	0
MIR3689A	0	0	0
MIR3689D1	0	0	0
MIR3689B	0	0	0
MIR3689D2	0	0	0
MIR3689E	0	0	0
MIR3689F	0	0	0
FCN2	9	0	9
FCN1	0	0	0
LOC105376314	0	0	0
LOC124902302	0	0	0
LOC105376313	0	0	0
LOC124902303	0	0	0
OLFM1	10	0	10
LOC102723948	0	0	0
LOC401557	0	0	0
LOC107987138	0	0	0
LINC02907	0	0	0
LOC124902304	0	0	0
LOC124902305	1	0	1
LOC124902306	1	0	1
PPP1R26-AS1	48	0	50
PPP1R26	1111	6	1107
PIERCE1	91	0	97
MRPS2	616	18	2269
LOC101928525	2	1667	0
LCN1	0	0	0
OBP2A	0	0	0
LOC107987040	0	0	0
PAEP	1	0	1
LINC01502	0	0	0
LOC105376316	0	0	0
LOC102723971	0	0	0
GLT6D1	0	0	0
LCN9	0	0	0
LOC105376317	0	0	0
LOC105376318	0	0	0
SOHLH1	0	0	0
KCNT1	0	0	0
LOC107987140	0	0	0
CAMSAP1	682	1	681
CAMSAP1-DT	29	3	26
UBAC1	1250	2	1248
NACC2	1219	2	1217
LOC124902307	4	4	0
LINC02846	42	1	41
TMEM250	1944	5	1947
LOC107987142	13	11	10
LHX3	0	0	0
QSOX2	1244	0	1244
CCDC187	1	0	1
LOC124902308	0	0	0
DKFZP434A062	1	0	1
GPSM1	447	5	447
DNLZ	136	23	133
LOC124902309	3	3	18
CARD9	11	2	12
SNAPC4	831	0	831
ENTR1	1502	3	1499
PMPCA	2347	0	2347
INPP5E	391	1	390
SEC16A	3048	16	3054
C9orf163	19	9	32
NOTCH1	741	1	800
LOC124902310	1	61	0
MIR4673	0	0	0
MIR4674	8	21	0
NALT1	87	0	100
LOC124902311	0	0	0
LINC01451	0	0	0
LOC105376325	0	0	0
LOC102724193	0	0	0
LNCEGFL7OS	0	0	0
EGFL7	1312	1	1311
MIR126	0	0	0
AGPAT2	1764	2	1762
DIPK1B	0	75	0
LOC124900276	51	0	85
SNHG7	44	0	60
SNORA17B	0	0	0
SNORA17A	0	0	0
LCN10	0	0	0
LCN6	0	0	0
LOC100128593	0	0	0
MIR6722	0	0	0
LCN8	1	0	1
LCN15	1	0	1
LOC107987143	0	0	0
TMEM141	466	0	466
CCDC183	28	28	27
CCDC183-AS1	30	12	47
RABL6	1786	463	1325
MIR4292	17	0	17
AJM1	414	161	253
PHPT1	1034	63	1023
MAMDC4	155	1	154
EDF1	2172	3	2221
TRAF2	1447	1	1446
LOC105376326	11	0	11
MIR4479	7	0	7
FBXW5	2967	12	2955
C8G	17	1	16
LCN12	20	2	18
LINC02692	0	0	0
LOC124902312	7	0	7
PTGDS	10	0	10
LCNL1	2	0	2
PAXX	700	0	700
CLIC3	278	0	278
ABCA2	3772	2	3770
LINC02908	1	2	1
FUT7	2	2	0
NPDC1	933	1	934
ENTPD2	119	2	140
LOC105376327	0	23	0
SAPCD2	1182	1	1181
UAP1L1	482	0	482
MAN1B1-DT	45	5	42
MAN1B1	1676	10	1668
LOC124902338	0	0	0
LOC124902313	50	1	49
DPP7	1968	13	1964
LOC124902314	3	9	3
LOC124902353	0	0	0
GRIN1	40	51	0
LOC105376328	2	0	9
LRRC26	264	1	267
MIR3621	0	0	0
TMEM210	0	0	0
LOC124902315	40	346	3
ANAPC2	823	4	1131
SSNA1	875	5	873
TPRN	320	0	320
TMEM203	894	0	894
NDOR1	733	0	733
LOC122513141	0	0	0
RNF208	93	0	93
CYSRT1	44	11	33
RNF224	24	7	17
SLC34A3	29	13	16
TUBB4B	9320	5	9689
CIMIP2A	14	374	16
LOC124902316	0	0	0
STPG3-AS1	0	0	0
STPG3	0	9	0
NELFB	1518	0	1518
TOR4A	1078	2	1076
NRARP	508	1	507
EXD3	201	0	201
NOXA1	268	0	269
ENTPD8	0	1	0
NSMF	1860	3	1857
MIR7114	0	0	0
PNPLA7	45	0	46
MRPL41	949	1	996
LOC124902317	2	47	2
DPH7	361	0	361
ZMYND19	1317	5	1312
LOC124902318	5	3	2
ARRDC1	753	16	743
ARRDC1-AS1	296	9	293
EHMT1	1375	0	1376
LOC124902319	0	0	0
LOC651337	0	1	0
MIR602	0	0	0
CACNA1B-AS2	0	0	0
CACNA1B	1	0	1
LOC124902320	0	0	0
CACNA1B-AS1	0	0	0
LOC101928786	0	0	0
TUBBP5	0	0	0
LOC101928932	0	0	0
FAM157B	2	0	2
LOC124902321	0	0	0
LOC105376333	0	0	0
LOC105376332	0	0	0
LOC105379525	0	0	0
LOC102724727	0	0	0
LOC107987370	0	0	0
LOC124905322	5	0	5
LOC102724750	0	0	0
LOC107987371	0	0	0
LOC107987372	0	0	0
LOC102724813	18	0	18
LOC102723376	0	0	0
LOC124902360	0	0	0
TUBB8	0	0	0
ZMYND11	569	1	605
LOC107984190	1	38	0
LOC107984191	0	0	0
DIP2C	0	0	0
LOC124902362	0	0	0
LOC124902361	0	0	0
DIP2C-AS2	0	0	0
MIR5699	0	0	0
DIP2C-AS1	0	0	0
LARP4B	1513	4	1510
LOC124902363	0	0	0
LARP4B-DT	0	0	0
GTPBP4	1602	1	1656
IDI2	3	61	0
IDI2-AS1	8	233	10
IDI1	1049	21	1274
WDR37	339	5	346
LOC105376344	0	0	0
LINC00200	0	0	0
ADARB2	769	1	768
LOC105376342	0	0	0
LOC124902364	2	2	0
ADARB2-AS1	0	0	0
LOC105376345	0	0	0
LOC105376346	2	0	2
LINC00700	7	7	0
MIR6072	0	0	0
LINC02662	0	0	0
LOC107984168	0	0	0
LINC00701	8	0	8
LOC105376349	1	0	1
LINC02645	0	0	0
LOC107983989	0	0	0
LOC105376350	0	0	0
LOC105376352	0	0	0
LOC124902532	0	0	0
PFKP-DT	3	0	3
LOC124902536	0	0	0
PFKP	5866	7	5859
SNORD142	3	3	0
PITRM1	854	12	1270
PITRM1-AS1	12	432	8
LINC02668	0	0	0
LOC105376353	0	0	0
LOC124902537	0	0	0
LOC107987146	0	0	0
LOC105376356	0	0	0
LOC124902565	0	0	0
LOC105376360	0	0	0
LOC105376358	0	0	0
LOC105376357	0	0	0
LINC02669	0	0	0
LOC124902538	0	0	0
LOC107984192	1	0	1
LOC124902539	0	0	0
LOC107984193	0	0	0
LOC124902540	0	0	0
LOC105376361	0	0	0
LOC105376363	0	0	0
KLF6	539	1	538
LOC105376364	0	0	0
LINC02639	0	0	0
LOC124902541	0	0	0
LINC02660	0	0	0
LOC105376367	0	0	0
MIR6078	0	0	0
LOC107984195	0	0	0
LOC105376368	0	0	0
LINC00702	0	0	0
LOC105376369	0	0	0
LOC105376370	0	0	0
LOC105376371	0	0	0
LOC105376372	0	0	0
LINC00703	0	0	0
MANCR	0	0	0
LINC00705	0	0	0
LOC105376373	0	0	0
LOC105376375	0	0	0
LOC107984197	0	0	0
LOC105376374	0	0	0
AKR1E2	0	0	0
AKR1C6P	0	0	0
AKR1C1	0	0	0
LOC124902365	0	0	0
AKR1C2	2	0	2
LOC101928051	0	0	0
LOC107984198	0	0	0
AKR1C3	1	0	1
LOC124902366	0	0	0
LOC124900291	0	0	0
AKR1C8	0	0	0
AKR1C4	0	0	0
LINC02561	0	0	0
UCN3	0	0	0
TUBAL3	2	0	2
NET1	571	0	571
CALML5	0	0	0
CALML3-AS1	1	0	1
CALML3	0	0	0
LOC105376380	0	0	0
LOC105376381	0	0	0
LASTR	1	0	1
LINC02678	0	0	0
LINC02677	0	0	0
LOC107984199	0	0	0
ASB13	1065	1	1064
TASOR2	790	3	787
GDI2	2942	5	2937
LOC124902367	15	0	15
TRV-TAC3-1	0	0	0
ANKRD16	212	2	250
FBH1	1106	41	1391
LOC105376384	1	285	2
IL15RA	150	0	151
LOC107984200	8	8	1
IL2RA	0	0	0
LOC124902368	0	0	0
LOC124902573	0	0	0
IL2RA-AS1	0	0	0
RBM17	870	0	870
LOC101928080	0	0	0
LOC124902369	0	0	0
PFKFB3	449	0	450
MIR3155A	0	0	0
MIR3155B	0	0	0
PFKFB3-AS1	1	2	0
LINC02649	1	0	1
LINC02656	0	0	0
PRKCQ	0	0	0
LOC124902370	0	0	0
LOC107984202	0	0	0
PRKCQ-AS1	0	0	0
LINC02648	0	0	0
LINP1	31	0	31
LINC00706	2	0	2
LINC00707	96	0	96
LOC105376387	1	0	1
LINC02665	0	0	0
SFMBT2	962	1	961
SNORD129	0	0	0
LOC124902372	2	0	2
LOC124902373	0	0	0
LINC02642	0	0	0
LOC105376390	0	0	0
LOC105376391	0	0	0
ITIH5	0	0	0
ITIH2	4	4	0
KIN	173	0	173
ATP5F1C	3014	0	3016
LOC105376392	1	3	0
TAF3	155	0	155
LOC105376394	0	0	0
GATA3	4	0	4
GATA3-AS1	0	0	0
LOC105376395	0	0	0
LOC107984206	0	0	0
LOC107984205	0	0	0
LINC00708	0	0	0
LOC105376396	0	0	0
LOC105376397	0	0	0
LOC105376398	0	0	0
LOC105376399	0	0	0
LOC105376400	0	0	0
LINC02676	0	0	0
LOC101928272	0	0	0
LINC00709	0	0	0
LINC02663	0	0	0
LOC124902542	0	0	0
LOC105376403	0	0	0
LINC02670	0	0	0
LOC107984207	0	0	0
CELF2-DT	0	0	0
CELF2	0	0	0
SFTA1P	0	0	0
LINC00710	0	0	0
CELF2-AS4	0	0	0
CELF2-AS2	0	0	0
LOC124902375	0	0	0
CELF2-AS1	0	0	0
LOC105376409	0	0	0
USP6NL	310	0	364
LOC105376411	0	33	0
LOC105376410	0	0	0
USP6NL-AS1	0	21	0
LOC105376413	0	0	0
LOC105376412	0	0	0
ECHDC3	287	0	287
LOC105379850	0	0	0
LOC105376415	0	0	0
PROSER2	613	4	735
PROSER2-AS1	3	127	2
UPF2	258	0	258
LOC105376416	0	0	0
DHTKD1	1295	0	1295
SEC61A2	239	380	226
MIR548AK	0	0	0
LOC124902579	0	0	0
NUDT5	1266	8	1625
CDC123	1499	0	1499
CAMK1D	586	1	585
LOC107984209	0	0	0
MIR4480	0	0	0
MIR4481	0	0	0
MIR548Q	0	0	0
CCDC3	1	0	1
LOC105376418	0	0	0
OPTN	653	2	651
MCM10	518	0	518
UCMA	0	0	0
PHYH	401	3	398
LOC124902377	4	3	1
SEPHS1	1252	0	1252
LOC105376419	0	0	0
LOC105376420	0	0	0
BEND7	0	0	0
BEND7-DT	0	0	0
LOC105376422	0	0	0
PRPF18	169	0	201
FRMD4A	9	40	1
LOC124902379	0	0	0
LOC105376426	0	0	0
FRMD4A-AS2	0	0	0
FRMD4A-AS3	0	0	0
LOC124902378	0	0	0
MIR4293	0	0	0
MIR1265	0	0	0
LOC124902380	0	0	0
FAM107B	1365	0	1365
LOC124902381	1	1	0
LOC105376429	0	0	0
CDNF	48	0	48
HSPA14	175	2	379
MSANTD7	624	0	624
SUV39H2-DT	29	206	29
SUV39H2	162	8	188
DCLRE1C	216	60	194
MEIG1	3	2	5
ACBD7-DCLRE1CP1	0	0	0
DCLRE1CP1	0	0	0
OLAH	2	0	2
ACBD7	2	0	2
RPP38-DT	4	39	4
RPP38	325	0	364
NMT2	58	11	77
LOC105376431	0	11	3
LOC107984210	1	13	3
PPIAP30	0	0	0
LOC105376434	0	0	0
LOC107984211	0	0	0
FAM171A1-AS1	0	0	0
FAM171A1	1	0	1
ITGA8	0	0	0
LOC124902383	0	1	0
MINDY3	344	1	344
LOC124902582	0	0	0
LINC02654	0	0	0
LOC124902585	0	0	0
PTER	215	0	216
C1QL3	18	19	0
RSU1	730	0	730
LOC124902385	1	0	1
LOC124902384	7	0	7
LOC105376435	0	0	0
CUBN	6	0	6
TRDMT1	108	0	108
VIM-AS1	24	12322	44
VIM	13565	30	25877
ST8SIA6	0	0	0
ST8SIA6-AS1	0	0	0
LOC105376436	0	0	0
LOC105376437	0	0	0
HACD1	635	0	635
STAM-DT	5	1	5
STAM	650	0	651
TMEM236	6	0	6
MRC1	0	0	0
MIR511	0	0	0
SLC39A12	1	0	1
SLC39A12-AS1	0	0	0
CACNB2	35	19	49
CACNB2-AS2	0	0	0
CACNB2-AS1	32	22	29
LOC124902387	4	7	6
NSUN6	96	0	99
ARL5B	531	4	530
LOC105376440	0	0	0
LOC107984180	0	0	0
MALRD1	0	0	0
LOC105376441	0	0	0
LOC102724082	0	0	0
LOC124902595	0	0	0
MALRD1-AS1	0	0	0
LOC124902388	0	0	0
PLXDC2	0	0	0
MIR4675	0	0	0
LOC105376442	0	0	0
NEBL	96	3	100
LOC102725112	0	0	0
LOC124902389	1	0	1
NEBL-AS1	1	4	4
LINC02643	1	0	1
LOC124902390	0	0	0
LOC105376445	0	0	0
MIR1915HG	270	0	270
MIR1915	1	0	1
SKIDA1	130	4	126
MLLT10	537	1	536
LOC107984214	5	0	5
DNAJC1	680	0	680
EBLN1	0	0	0
TRN-GTT2-3	0	0	0
LOC124902391	0	0	0
LOC105376447	0	0	0
LOC100130992	0	0	0
COMMD3-BMI1	0	0	0
COMMD3	25	0	25
BMI1	18	0	18
SPAG6	2	0	2
LINC03027	0	0	0
LOC105376449	0	0	0
LOC105376450	0	0	0
LOC124902392	0	0	0
PIP4K2A	497	0	497
LOC124902393	0	0	0
LOC105376451	0	0	0
ARMC3	0	0	0
LOC107984215	0	0	0
MSRB2	453	0	453
PTF1A	0	0	0
C10orf67	2	0	2
C10orf67-AS1	0	0	0
OTUD1	1744	3	1741
LOC105376454	0	0	0
KIAA1217	63	0	63
MIR603	0	0	0
LOC124902395	0	0	0
LOC105376455	0	0	0
LOC124902394	0	0	0
ARHGAP21	1132	2	1130
LOC105376456	0	0	0
PRTFDC1	222	0	222
THNSL1	165	1	165
ENKUR	1	0	2
LINC01516	0	0	0
GPR158-AS1	0	0	0
GPR158	66	0	66
LINC00836	0	0	0
LOC124902396	0	0	0
LOC124902397	0	0	0
LOC105376460	0	0	0
LOC101929073	0	0	0
MYO3A	0	0	0
GAD2	0	0	0
APBB1IP	71	0	71
LINC03028	0	0	0
FAM238A	0	0	0
LOC102724202	0	0	0
LOC105376461	0	0	0
FAM238B	0	0	0
SELENOOLP	0	0	0
PDSS1	175	4	200
ABI1	588	25	592
LOC124900293	0	0	0
LOC124902581	0	0	0
LOC124902398	0	0	0
FAM238C	3	0	3
ANKRD26	80	0	80
YME1L1	1739	0	1741
MASTL	493	14	481
ACBD5	595	11	584
LRRC37A6P	1	0	1
ODAD2P1	0	0	0
LOC102724245	0	0	0
LINC02673	0	0	0
PTCHD3	0	0	0
RAB18	860	0	860
LOC124902399	0	0	0
LINC02680	4	0	4
MKX	131	1	130
MKX-AS1	0	0	0
ODAD2	27	0	28
LOC112268060	0	1	0
MPP7	463	0	463
SNORD130	0	0	0
MIR8086	0	0	0
MPP7-DT	0	0	0
LOC124902596	0	0	0
LINC02652	0	0	0
LOC107984216	0	0	0
WAC-AS1	254	2	252
WAC	1610	5	1605
BAMBI	723	0	723
LOC105376470	0	0	0
LOC107984170	0	0	0
LINC01517	0	0	0
LINC00837	0	0	0
C10orf126	0	0	0
LOC107984174	0	0	0
LOC107984171	0	0	0
LOC105376472	0	0	0
LYZL1	0	0	0
LOC124902400	0	0	0
LOC107984217	0	0	0
LOC105376473	0	0	0
LOC105376474	0	0	0
SVIL-AS1	229	259	240
SVIL	346	26	617
LOC124902401	0	27	0
MIR604	0	0	0
MIR938	0	0	0
LOC105376475	4	1	3
LOC105376476	0	0	0
LOC102724333	0	0	0
LOC107984172	0	0	0
LOC107984173	0	0	0
LOC124902402	0	0	0
LOC124902403	0	0	0
LOC107984218	0	0	0
JCAD	1	0	1
LOC101929256	0	0	0
LOC105376477	0	0	0
LOC101929279	0	0	0
MTPAP	399	0	399
GOLGA2P6	2	0	2
MIR7162	0	0	0
MAP3K8	415	3	412
LOC105376478	0	0	0
LOC105376479	0	0	0
LYZL2	0	0	0
LOC124902404	0	0	0
SVIL2P	12	0	12
LINC02644	0	0	0
LOC124902405	0	0	0
ZNF438	83	0	83
LOC105376481	3	0	3
LOC105376482	0	0	0
LOC105376483	0	0	0
LINC02664	0	0	0
ZEB1-AS1	35	0	61
ZEB1	171	26	171
LOC124906892	0	1	0
LOC105376484	0	0	1
MACORIS	0	0	0
ARHGAP12	260	0	270
LOC107984219	2	285	0
LOC105376485	0	0	0
KIF5B	1266	5	1534
EPC1	372	1	372
EPC1-AS1	2	3	0
LOC101929431	2	0	2
CCDC7	30	1	29
LOC124902406	0	0	0
ITGB1	8753	3	8750
SNORA86	0	0	0
ITGB1-DT	34	0	34
IATPR	0	0	0
NRP1	385	1	510
LOC124902407	0	126	0
LOC105376489	0	0	0
LINC02628	0	0	0
LOC124902408	0	0	0
LINC00838	0	0	0
LINC02629	0	0	0
PARD3	695	1	694
PARD3-DT	3	0	3
LINC02635	0	0	0
LOC124902409	1	0	1
CUL2	545	27	545
MIR3611	0	0	0
CREM	242	0	269
LINC02634	0	0	0
CCNY	1034	0	1034
LOC107984220	1	0	1
CCNY-AS1	53	0	53
LOC124902410	0	0	0
LOC107984221	0	0	0
GJD4-AS1	0	1	2
GJD4	0	2	0
FZD8	12	0	12
MIR4683	0	0	0
LOC124902528	0	0	0
LOC105376494	0	0	0
LOC124902411	0	0	0
LOC107984188	0	0	0
PCAT5	0	0	0
LINC02630	0	0	0
LOC107984222	0	0	0
LOC124900298	0	0	0
LOC105376496	0	0	0
ANKRD30A	0	0	0
LOC124902412	0	0	0
LINC00993	0	0	0
LOC107984175	0	0	0
LOC107984223	0	0	0
LOC105376497	0	0	0
LOC102724533	0	0	0
LOC105376498	0	0	0
ZNF248	113	0	113
ZNF33BP1	0	0	0
ZNF248-AS1	4	0	4
LOC124902413	0	0	0
ZNF25	17	0	17
ZNF25-DT	0	0	0
ZNF33A	225	0	225
ZNF37A	220	0	220
LOC105376500	0	0	0
CCNYL4	0	0	0
HSD17B7P2	0	0	0
SEPTIN7P9	0	0	0
LOC101929540	0	0	0
LINC00999	0	0	0
ACTR3BP5	0	0	0
LOC105378267	0	0	0
LOC101929373	0	0	0
LOC441666	1	0	1
CCNYL2	0	0	0
LINC00839	0	0	0
ZNF37BP	85	0	85
ZNF33B	52	0	58
LOC105378268	0	6	0
LINC01518	0	0	0
LINC02632	0	0	0
LOC283028	0	0	0
LOC105378269	0	0	0
BMS1	702	0	702
LOC124902575	0	0	0
LINC02623	0	0	0
LINC01264	0	0	0
MIR5100	0	0	0
RET	0	0	0
CSGALNACT2-DT	14	0	14
CSGALNACT2	150	0	150
RASGEF1A	17	0	17
LOC107984225	0	0	0
LOC105378271	0	0	0
LINC02633	0	0	0
LOC124902414	0	0	0
LOC107984226	0	0	0
FXYD4	0	0	0
HNRNPF	7036	5	7031
SNORD3J	0	0	0
LINC02916	19	0	19
ZNF487	38	0	38
ZNF239	124	0	124
LOC107984165	3	0	3
ZNF485	15	0	15
ZNF32-AS3	0	0	0
LOC124902416	0	0	0
ZNF32	33	2	78
ZNF32-AS1	0	17	0
ZNF32-AS2	1	31	0
LOC124902417	0	0	0
LINC02658	0	0	0
LOC105378275	0	0	0
HNRNPA3P1	0	0	0
LINC00619	0	0	0
LINC00840	0	0	0
LINC02659	0	0	0
LINC00841	0	0	0
LOC124902543	0	0	0
LINC02881	0	0	0
LOC124902544	0	0	0
CXCL12	0	0	0
LOC107984179	0	0	0
LOC124902533	0	0	0
LOC124902534	0	0	0
TMEM72-AS1	0	0	0
TMEM72	0	0	0
RASSF4	1	0	1
LOC105378281	2	2	0
DEPP1	48	0	48
ZNF22-AS1	0	1	0
LOC124902530	0	0	0
ZNF22	0	0	0
RSU1P2	0	0	0
ANKRD30BP3	0	0	0
MIR3156-1	0	0	0
LOC105378283	0	0	0
OR13A1	0	0	0
ALOX5	0	0	0
LOC102724323	0	0	0
MARCHF8	22	0	40
LOC105378286	0	18	0
ZFAND4	32	0	32
AGAP10P	14	0	14
LOC107984227	3	0	6
WASHC2C	718	3	718
FAM25EP	0	0	0
PARGP1-AGAP4	0	0	0
AGAP4	14	0	14
PARGP1	0	0	0
TIMM23	1473	0	1474
SNORA74C-1	0	0	0
NCOA4	2965	40	2926
LOC105378287	0	0	0
MSMB	1	0	1
AGAP7P	13	0	13
LOC124902418	0	0	0
ANTXRLP1	0	0	0
LOC105378577	6	0	6
ANTXRL	0	0	0
AGAP14P	3	0	3
FAM25BP	0	0	0
ANXA8L1	473	0	473
LINC00842	24	0	24
HNRNPA1P33	13	0	13
NPY4R	808	3	805
LOC124902419	1	0	3
GPRIN2	0	2	0
SYT15	9	12	1
SYT15-AS1	2	0	6
LOC105378289	0	0	0
SHLD2P1	0	0	1
LINC02637	13	14	0
LOC101927584	0	0	0
FAM245B	0	0	0
GLUD1P2	0	0	14
BMS1P1	54	14	54
AGAP13P	30	0	30
FRMPD2B	0	0	0
PTPN20	0	0	0
LOC105378291	0	0	0
GDF10	0	0	0
GDF2	0	0	0
RBP3	3	0	3
ZNF488	52	0	52
LOC107001062	1	0	1
LINC03029	0	0	0
LOC124902420	0	0	0
ANXA8	446	2	444
FAM25G	0	0	0
BMS1P2-AGAP9	1	1	0
AGAP9	1	0	1
LOC124902421	8	0	8
BMS1P2	2	0	2
CTSLP2	0	0	0
LINC02675	0	0	0
SHLD2P3	30	0	30
LOC102724603	1	1	0
LOC124902422	0	0	0
LOC102724593	0	0	0
SYT15B	0	0	0
NPY4R2	0	0	0
LOC124902423	0	0	0
FAM25C	0	0	0
AGAP12P	0	0	0
FRMPD2	0	0	0
MAPK8	212	0	212
ARHGAP22	0	0	0
ARHGAP22-IT1	0	0	0
WDFY4	0	0	0
LOC105378299	0	0	0
LRRC18	0	0	0
LOC105378298	0	0	0
MIR4294	0	0	0
VSTM4	0	0	0
LOC124902545	0	0	0
FAM170B-AS1	0	0	0
FAM170B	0	0	0
TMEM273	0	0	0
C10orf71-AS1	0	0	0
C10orf71	0	0	0
DRGX	0	0	0
ERCC6	390	0	390
PGBD3	0	0	0
CHAT	0	0	0
SLC18A3	0	0	0
C10orf53	0	0	0
OGDHL	139	0	139
PARG	403	0	403
TIMM23B-AGAP6	8	0	8
TIMM23B	36	0	36
SNORA74C-2	0	0	0
AGAP6	9	0	9
FAM21EP	7	0	12
WASHC2A	849	8	846
ASAH2	2	0	2
SGMS1	602	2	601
LOC124902424	0	0	0
SGMS1-AS1	2	0	3
LOC105378302	0	0	0
ASAH2B	98	0	98
A1CF	0	0	0
PRKG1	1	3	0
LOC102724719	0	0	0
MIR605	0	0	0
CSTF2T	766	0	766
LOC124902425	0	0	0
PRKG1-AS1	0	0	2
DKK1	568	1	568
LNCAROD	1	0	1
LOC124902426	0	0	0
LOC105378305	0	0	0
MBL2	0	0	0
LOC105378306	0	0	0
LOC105378307	0	0	0
LOC105378308	0	0	0
LINC02672	0	0	0
LOC105378310	0	0	0
PCDH15	2	0	2
LOC105378311	0	0	0
MIR548F1	0	0	0
LOC124902580	0	0	0
ZWINT	1368	1	1367
LOC124902546	1	0	1
LOC124900300	0	0	0
MIR3924	0	0	0
LOC105378313	0	0	0
LOC105378314	0	0	0
LOC124902547	0	0	0
IPMK	330	0	330
LOC124902578	0	0	0
CISD1	1008	0	1008
LOC112268068	0	0	0
UBE2D1	270	0	270
TFAM	812	0	812
LOC105378316	1	0	1
LOC124902427	4	0	4
BICC1	232	0	232
FAM133CP	0	0	0
LINC00844	0	0	0
LOC102724768	0	0	0
PHYHIPL	0	2	0
CCEPR	0	0	0
FAM13C	0	0	2
LOC124902429	0	0	0
LOC102724778	0	0	0
LOC124902428	0	0	0
LOC107984235	0	0	0
LOC105378318	0	0	0
LOC105378319	0	0	0
SLC16A9	29	0	29
MRLN	0	0	0
CCDC6	1582	2	1580
LINC01553	0	0	0
ANK3	29	0	29
LOC124902430	0	0	0
ANK3-DT	0	0	0
CDK1	1452	0	1452
RHOBTB1	640	1	640
LOC124902432	0	0	0
LOC124902431	0	0	0
LOC107984236	8	0	9
LOC124902433	0	0	0
LINC00845	0	0	0
LOC124902434	0	0	0
LOC105378323	0	0	0
TMEM26	0	0	0
TMEM26-AS1	0	0	0
LOC124902548	0	0	0
LOC124902535	0	0	0
CABCOCO1	1	1	0
LINC02625	3	0	3
ARID5B	922	0	922
LOC124902435	0	0	0
RTKN2	45	0	45
LINC02621	0	0	0
LOC283045	0	0	0
ZNF365	0	0	0
LOC105378327	0	0	0
LOC124902436	0	0	0
LOC124902437	2	0	2
ADO	510	0	510
EGR2	15	0	15
LOC107984012	0	0	0
LOC105378328	0	0	0
NRBF2	305	0	305
JMJD1C	228	36	232
LOC124900287	1	0	1
MIR1296	0	0	0
JMJD1C-AS2	0	0	0
JMJD1C-AS1	4	7	37
REEP3	878	1	880
LOC105378329	0	3	0
LOC107984238	0	0	0
LOC101929846	0	0	0
LOC124902438	0	0	0
LOC101928859	0	0	0
LOC124902439	0	0	0
LOC105378333	0	0	0
LOC105378335	0	0	0
LOC107984239	0	0	0
LOC105378336	0	0	0
ANXA2P3	0	0	0
LINC02671	0	0	0
LOC102724863	0	0	0
LOC105378337	0	0	0
LINC01515	0	0	0
LOC105378339	0	0	0
CTNNA3	0	0	0
CTNNA3-AS1	0	0	0
LOC124902440	0	0	0
LOC124902441	0	0	0
LOC124902584	0	0	0
LOC101928961	0	0	0
LRRTM3	0	0	0
MIR7151	0	0	0
TRS-TGA1-1	0	0	0
DNAJC12	253	0	253
SIRT1	484	1	483
HERC4	1519	11	1508
POU5F1P5	1	0	1
LOC124902442	0	0	0
MYPN	2048	3	2131
LOC107984240	2	88	0
LOC124902443	4	4	0
ATOH7	8	0	8
LINC02640	0	0	0
PBLD	49	7	58
HNRNPH3	906	25	1391
RUFY2	136	493	137
DNA2	238	0	238
SLC25A16	169	0	169
TET1	6	0	6
CCAR1	1051	0	1051
SNORD98	1	0	1
STOX1	17	0	17
DDX50	365	0	365
DDX21	2597	1	2596
KIFBP	707	2	705
LOC105378342	0	0	0
SRGN	2686	0	2686
VPS26A	1160	0	1160
SUPV3L1	862	0	862
LOC101928994	1	0	1
HKDC1	47	0	47
HK1	671	0	671
TACR2	0	0	0
TSPAN15	30	0	30
LOC105378345	0	0	0
NEUROG3	0	0	0
LOC101929021	0	0	0
FAM241B	32	0	32
LINC02651	0	0	0
LOC124902444	0	0	0
COL13A1	55	0	56
LOC105378347	0	0	0
LOC107984242	3	4	0
LINC02636	0	0	0
MACROH2A2	0	2	0
AIFM2	824	2	824
TYSND1	1112	0	1112
SAR1A	2846	0	2846
PPA1	4962	1	4961
NPFFR1	0	0	0
LRRC20	107	0	107
EIF4EBP2	2422	3	2419
NODAL	13	10	3
PALD1	0	0	0
PRF1	1	0	1
ADAMTS14	17	0	17
TBATA	2	0	2
SGPL1	435	0	435
PCBD1	592	0	592
LINC02622	0	0	0
LOC105378350	0	0	0
LOC105378351	0	0	0
UNC5B	627	0	627
UNC5B-AS1	0	0	0
LOC112268061	2	1	1
LOC124902445	0	3	0
SLC29A3	211	0	214
LOC124902574	0	0	0
LOC105378353	0	0	0
CDH23	3	4	1
LOC105378356	0	0	0
CDH23-AS1	0	0	0
LOC105378355	0	0	0
C10orf105	0	0	0
VSIR	288	0	288
MIR7152	0	0	0
LOC124902446	0	0	2
PSAP	21170	13	21157
LINC03139	4	3	1
CHST3	1224	2	1222
LOC124902448	0	0	0
SPOCK2	109	0	109
ASCC1	569	189	607
LOC124902572	0	0	0
ANAPC16	896	49	1074
DDIT4-AS1	15	10	8
DDIT4	7797	5	7795
DNAJB12	820	2	818
MICU1	1497	1	1496
MCU	1277	0	1277
MIR4676	0	0	0
LOC124902450	2	0	2
OIT3	0	0	0
PLA2G12B	0	0	0
LOC124902451	0	0	0
P4HA1	874	0	875
NUDT13	71	44	30
SNORA11F	6	1	5
ECD	481	2	481
LOC124902452	0	0	0
FAM149B1	72	521	155
LOC105378358	0	0	0
DNAJC9	305	105	826
DNAJC9-AS1	32	39	46
MRPS16	2030	10	2021
CFAP70	24	23	29
LOC124902577	0	0	0
ANXA7	1515	0	1515
MSS51	13	0	13
PPP3CB	487	0	488
PPP3CB-AS1	12	98	11
USP54	634	3	727
MYOZ1	0	0	0
SYNPO2L	1	0	3
SYNPO2L-AS1	1	80	1
BMS1P4-AGAP5	7	0	7
AGAP5	6	0	6
BMS1P4	5	0	5
GLUD1P3	17	0	22
LOC124902453	61	3	59
SEC24C	2563	6	2557
POFUT4	351	25	326
LOC107984243	20	0	20
CHCHD1	619	0	619
ZSWIM8	694	55	2013
NDST2-ZSWIM8-AS1	12	549	33
ZSWIM8-AS1	0	0	0
NDST2	0	0	0
CAMK2G	1432	7	1425
LOC124902454	1	0	1
PLAU	12	0	25
C10orf55	0	13	0
VCL	4229	70	4397
LOC124902455	2	0	2
LOC124902458	0	155	0
AP3M1	889	18	954
ADK	821	1	821
LOC124902456	2	0	2
ADK-AS1	0	1	0
LOC124902457	1	0	1
LOC124902459	0	0	0
KAT6B	0	0	0
SNORD172	0	0	0
DUSP29	0	0	0
DUSP13B	1	0	1
SAMD8	583	0	583
DUSP13A	0	0	0
LOC124902460	0	0	0
VDAC2	5338	9	5329
COMTD1	931	0	931
ZNF503	606	15	723
ZNF503-AS1	0	0	0
LOC124902461	2	50	0
ZNF503-AS2	76	72	88
LOC101929234	3	0	3
LOC107984293	0	0	0
LRMDA	0	0	0
MIR606	0	0	0
LOC105378367	0	0	0
LOC124902463	0	0	0
LOC124902462	0	0	0
LOC112268057	0	0	0
KCNMA1	0	0	0
KCNMA1-AS1	0	0	0
LOC124902466	0	0	0
KCNMA1-AS2	0	0	0
KCNMA1-AS3	0	0	0
LOC124902464	0	0	0
LOC124902465	0	0	0
LOC105378372	1	0	1
DLG5	1023	4	1029
LOC101929347	0	0	0
DLG5-AS1	8	7	11
POLR3A	929	2	927
RPS24	9444	4	9440
LOC105378375	0	0	0
LOC124902467	0	0	0
LINC00856	0	0	0
LINC00595	0	0	0
LOC124902468	0	0	0
LOC107984245	0	0	0
LOC105378378	0	0	0
LOC107984246	0	0	0
LOC105378379	0	0	0
ZMIZ1-AS1	29	0	29
LOC112268062	0	0	0
ZMIZ1	1786	4	1782
PPIF	4225	0	4225
ZCCHC24	306	2	304
LOC105378383	2	0	2
LOC729815	0	0	0
EIF5AL1	14	0	14
SFTPA2	1	0	1
LOC124902469	0	0	0
SFTPA1	0	0	0
LINC02679	0	0	0
LOC124900288	2	0	2
BEND3P3	52	53	0
NUTM2B-AS1	121	4	241
NUTM2B	9	9	0
LOC642361	2	119	6
NUTM2E	9	0	9
BMS1P21	0	0	0
MBL1P	0	0	0
SFTPD	0	0	0
TMEM254-AS1	1	25	1
TMEM254	231	0	256
PLAC9	4	4	0
ANXA11	3468	3	3465
LINC00857	109	0	109
LOC124902470	16	0	16
LOC100130698	0	0	0
MAT1A	0	0	0
DYDC1	0	0	0
DYDC2	0	0	0
PRXL2A	202	0	202
TSPAN14	910	1	909
LOC124902471	12	0	14
TSPAN14-AS1	0	2	0
SH2D4B	0	0	0
LOC105378387	0	0	0
LINC02655	0	0	0
LOC105378390	0	0	0
LOC124902549	0	0	0
NRG3	0	0	0
LOC124902472	0	0	0
NRG3-AS1	0	0	0
LOC107984187	0	0	0
LOC105378392	0	0	0
LOC105378394	0	0	0
LOC105378393	0	0	0
LOC105378396	0	0	0
LINC02650	0	0	0
LOC107984181	0	0	0
LOC105378398	0	0	0
LOC105378399	0	0	0
GHITM	4991	2	4989
CERNA2	0	0	0
GPR15LG	0	0	0
CDHR1	0	0	0
LRIT2	0	0	0
LRIT1	0	0	0
RGR	0	0	0
LINC00858	1	0	1
CCSER2	166	0	166
LOC124902550	0	0	0
LOC105378400	0	0	0
LOC107984249	0	0	0
LOC105378401	0	0	0
LINC01519	0	0	0
LOC105378402	0	0	0
LOC105378403	0	0	0
LINC02647	0	0	0
LOC101929662	0	0	0
LINC01520	0	0	0
LOC105378404	0	0	0
GRID1-AS1	0	0	0
GRID1	0	0	0
GRID1-AS2	0	0	0
MIR346	0	0	0
LOC124902473	1	1	0
WAPL	776	2	775
WAPL-DT	49	0	50
LOC105378408	0	0	0
LOC105378407	0	0	0
LOC105378406	0	0	0
OPN4	0	0	0
LOC105378409	0	0	0
LDB3	6	1	5
BMPR1A	496	9	487
MMRN2	606	6	600
SNCG	1993	6	1987
ADIRF-AS1	64	123	85
ADIRF	9	14	2
AGAP11	14	5	14
LOC124902474	0	0	0
FAM25A	1	0	1
GLUD1	2240	4	2642
SHLD2	367	404	383
LOC124902475	1	1	0
LOC105378410	0	12	0
NUTM2A	9	1	8
NUTM2A-AS1	141	15	180
LINC00863	76	41	89
NUTM2D	21	1	20
FAM245A	0	0	0
LOC112268063	3	0	3
LOC112268064	5	0	5
MIR4678	0	0	0
MINPP1	657	0	657
LOC105378412	0	0	0
PAPSS2	1979	14	1965
ATAD1	620	3	755
LOC124902476	0	138	0
CFL1P1	0	0	0
KLLN	0	0	0
MLDHR	0	0	0
PTEN	25	0	25
LOC124900295	0	0	0
LOC105378414	0	0	0
LOC105378415	0	0	0
LOC105378416	0	0	0
LOC101929727	0	0	0
RNLS	5	0	5
LIPJ	0	0	0
LIPF	0	0	0
LIPK	3	0	3
LIPN	5	2	3
LIPM	0	0	0
ANKRD22	0	0	0
LOC124902551	0	97	2
STAMBPL1	310	2	407
ACTA2-AS1	3	95	3
ACTA2	21	7	180
FAS	443	71	447
FAS-AS1	1	2	0
LOC124902587	0	0	0
MIR4679-2	0	0	0
MIR4679-1	0	0	0
LOC124902552	1	0	1
LOC105378418	0	0	0
CH25H	0	0	0
LIPA	1790	24	1783
LOC124902477	15	1	14
LOC105378419	2	2	0
IFIT2	5002	3	4999
IFIT3	3472	0	3473
IFIT1B	0	0	0
IFIT1	4243	2	4241
IFIT5	128	4	140
SLC16A12	0	0	0
SLC16A12-AS1	0	0	0
PANK1	242	0	242
MIR107	0	0	0
PANK1-AS1	4	0	4
FLJ37201	4	0	4
KIF20B	242	0	242
LOC105378424	0	0	0
LINC00865	0	0	0
LINC01374	0	0	0
LINC01375	0	0	0
LOC105378426	0	0	0
LINC02653	0	0	0
LOC124902478	0	0	0
HTR7	0	0	0
RPP30	499	0	499
ANKRD1	7	0	7
XLOC_008559	0	0	0
LOC107984252	0	0	0
LOC124902479	0	0	0
LOC105378430	0	0	0
LINC00502	0	0	0
LOC105378429	0	0	0
LOC124902481	1	0	1
NUDT9P1	1	0	1
PCGF5	656	12	644
LOC124902480	0	0	0
HECTD2-AS1	1	0	2
HECTD2	238	1	238
LOC105378433	3	0	3
PPP1R3C	514	1	513
LOC107984253	0	0	0
LOC124902482	0	0	0
TNKS2-DT	1	0	1
TNKS2	1077	0	1077
FGFBP3	8	0	16
FGFBP3-AS1	0	8	0
BTAF1	808	0	808
CPEB3	187	112	183
LOC107984254	0	0	0
LOC124902483	0	0	0
MARCHF5	828	3	933
MARK2P9	0	0	0
LOC124902484	2	0	2
IDE	903	0	903
KIF11	658	1	657
HHEX	226	1	225
EXOC6	155	0	155
CYP26C1	0	0	0
CYP26A1	0	0	0
MYOF	3862	4	3858
CEP55	596	0	596
LOC105378436	0	0	0
FFAR4	0	0	0
LOC124902485	0	0	0
RBP4	0	0	0
PDE6C	4	4	0
FRA10AC1	144	0	144
LOC101927013	0	0	0
LGI1	0	0	0
LOC105378437	0	0	0
SLC35G1	186	0	186
PIPSL	4	0	4
LOC105378438	0	0	0
PLCE1	36	32	4
PLCE1-AS2	0	0	0
LOC107984255	0	0	0
PLCE1-AS1	0	0	0
NOC3L	331	0	331
TBC1D12	146	1	145
HELLS	611	0	611
CYP2C18	6	0	6
CYP2C19	1	0	1
CYP2C9	0	0	0
LOC107984256	0	0	0
CYP2C8	3	0	3
LOC107984257	1	0	1
ACSM6	0	0	0
PDLIM1	2227	4	2223
SORBS1	191	0	191
ALDH18A1	2378	0	2378
TCTN3	1150	0	1150
ENTPD1	277	311	0
ENTPD1-AS1	1	0	42
CC2D2B	3	3	1
CCNJ	72	5	67
MIR3157	0	0	0
LOC124902486	2	4	9
ZNF518A	152	9	157
BLNK	0	3	0
LOC124902487	0	0	0
DNTT	0	0	0
OPALIN	0	0	0
TLL2	0	0	0
TM9SF3	1972	9	1965
LOC105378443	5	0	7
PIK3AP1	0	0	0
RPL13AP5	171	0	171
MIR607	0	0	0
LOC102723665	2	2	2
LCOR	286	0	288
SLIT1	2	0	2
SLIT1-AS1	0	0	0
ARHGAP19-SLIT1	0	0	0
LOC112268065	0	0	0
LOC105378447	0	0	0
ARHGAP19	135	0	135
FRAT1	101	0	101
FRAT2	732	1	734
LOC105378448	3	2	4
RRP12	1339	2	1337
LOC644215	1	0	1
PGAM1	7553	7	7546
EXOSC1	532	1	531
ZDHHC16	687	5	682
MMS19	1564	47	1520
UBTD1	189	0	192
LOC124902488	0	0	0
ANKRD2	13	0	13
HOGA1	72	0	72
C10orf62	0	0	0
MORN4	10	4	6
PI4K2A	1164	60	1104
AVPI1	4065	3	4062
MARVELD1	1731	3	1728
ZFYVE27	904	0	904
SFRP5	3	0	3
LOC107984260	0	0	0
GOLGA7B-DT	0	0	0
GOLGA7B	3	0	3
CRTAC1	1	0	1
MIR3085	0	0	0
R3HCC1L	183	0	183
LOXL4	2	1	1
LOC124902489	1	0	1
LOC105378449	0	0	0
PYROXD2	105	0	105
MIR1287	0	0	0
HPS1	567	0	568
MIR4685	0	0	0
HPS1-AS1	3	4	0
HPSE2	0	0	0
MIR6507	0	0	0
CNNM1	23	0	23
GOT1	1258	0	1258
GOT1-DT	20	4	16
LINC01475	0	0	0
NKX2-3	0	0	0
LOC124902589	0	0	0
SLC25A28	527	0	528
SLC25A28-DT	7	0	7
LOC105378450	0	1	0
ENTPD7	504	49	574
COX15	948	157	912
CUTC	343	2	343
ABCC2	2090	0	2090
DNMBP	478	0	547
DNMBP-AS1	0	69	0
LOC124902490	0	0	0
LOC124902583	0	0	0
CPN1	0	0	0
ERLIN1	665	0	665
CHUK	389	4	385
CHUK-DT	2	133	0
CWF19L1	541	2	670
SNORA12	2	0	2
BLOC1S2	361	0	361
PKD2L1	1	0	1
SCD	29363	9	29354
OLMALINC	285	2	283
WNT8B	1	1	0
SEC31B	139	0	139
NDUFB8	1382	1	1381
HIF1AN	1148	0	1148
PAX2	0	0	0
SLF2	248	13	235
SEMA4G	32	353	0
MIR608	0	0	0
MRPL43	988	1	1308
TWNK	729	0	729
LZTS2	2261	4	2330
PDZD7	145	73	145
SFXN3	1766	0	1766
LOC107984262	36	0	36
KAZALD1	1062	52	1010
TLX1NB	0	0	0
TLX1	0	0	0
LINC01514	0	0	0
LOC124902491	0	0	0
LBX1	0	0	0
LBX1-AS1	0	0	0
LINC02681	0	0	0
LOC105378453	0	0	0
BTRC	404	0	404
LOC124902576	0	0	0
POLL	591	0	591
DPCD	229	0	229
MIR3158-1	0	0	0
MIR3158-2	0	0	0
FBXW4	409	7	402
LINC03046	34	0	34
LOC105378458	0	0	0
LOC105378457	0	4	0
FGF8	0	0	1
NPM3	453	2	451
OGA	1158	0	1158
KCNIP2-AS1	6	6	4
KCNIP2	20	1	23
ARMH3	583	1	582
LOC101927445	0	0	0
LOC124902492	0	0	0
HPS6	1091	0	1091
LDB1	1405	2	1428
PPRC1	1504	26	1503
NOLC1	2989	6	2983
ELOVL3	731	0	731
PITX3	19	6	63
GBF1	1965	46	2033
LOC107984263	0	62	0
NFKB2	4383	4	4379
PSD	7	1	7
FBXL15	751	17	736
CUEDC2	1695	0	1696
MIR146B	0	0	0
C10orf95-AS1	85	6	152
C10orf95	7	75	6
LOC124902493	0	35	2
SLC68A1	185	4	218
ACTR1A	2203	5	2198
SUFU	439	0	439
TRIM8-DT	8	6	2
TRIM8	891	4	1080
LOC105378460	3	196	0
ARL3	300	0	300
SFXN2	183	1	182
WBP1L	690	1	689
CYP17A1	4	3	4
CYP17A1-AS1	0	1	2
BORCS7-ASMT	2	2	0
BORCS7	77	0	77
AS3MT	0	0	0
LOC107984265	0	16	0
CNNM2	598	749	608
NT5C2	465	10	1198
RPEL1	0	0	0
INA	0	0	0
PCGF6	233	0	233
TAF5	126	57	126
ATP5MK	657	1	710
MIR1307	0	0	0
PDCD11	1756	2	1754
CALHM2	138	75	63
LOC124902494	0	0	0
CALHM1	0	0	0
CALHM3	11	0	11
NEURL1-AS1	0	0	0
NEURL1	689	4	690
LOC124902496	1	0	1
SH3PXD2A	3016	135	2975
LOC124902495	0	89	0
SH3PXD2A-AS1	0	0	0
STN1	320	0	320
LOC102724351	28	0	28
SLK	939	0	939
COL17A1	41	0	41
MIR936	0	0	0
SFR1	125	0	125
CFAP43	3	0	3
MIR609	0	0	0
LOC124902497	1	0	1
GSTO1	1369	8	1361
MIR4482	0	0	0
GSTO2	11	0	11
ITPRIP	1792	0	1792
ITPRIP-AS1	6	6	0
CFAP58	10	0	10
CFAP58-DT	4	0	4
LINC02620	0	0	0
LOC105378464	0	0	0
SORCS3	0	0	0
SORCS3-AS1	0	0	0
LOC105378465	0	0	0
LOC105378466	0	0	0
LOC105378467	0	0	0
LOC107984266	0	0	0
LINC02627	0	0	0
LOC105378468	0	0	0
LOC124902553	0	0	0
LOC105378469	0	0	0
LINC02624	0	0	0
LOC102724439	0	0	0
LOC105378472	0	0	0
SORCS1	0	0	0
LOC105378473	1	0	1
LOC105378475	0	0	0
LOC105378474	0	0	0
LOC101927573	0	0	0
LINC01435	0	0	0
LOC105378476	0	0	0
LOC105378477	0	0	0
LINC02661	0	0	0
LOC107984182	0	0	0
XPNPEP1	1421	0	1421
ADD3-AS1	1	17	2
ADD3	614	1	631
LOC105378479	0	0	0
MXI1	1159	0	1159
LOC105378480	7	7	0
SMNDC1	752	1	751
LOC105378482	6	0	6
DUSP5-DT	7	0	7
DUSP5	602	0	602
LOC105378483	2	0	2
SMC3	600	1	599
LOC124902586	0	0	0
RBM20	4	0	4
LOC124902498	0	0	0
LOC124902499	6	0	6
LOC124902500	0	0	0
PDCD4-AS1	72	1	71
PDCD4	1370	27	1629
MIR4680	0	0	0
BBIP1	100	264	122
SHOC2	418	1	417
RPL13AP6	5	0	5
MIR548E	0	0	0
ADRA2A	0	0	0
HEAT2	0	0	0
LOC105378484	0	0	0
LOC105378485	0	0	0
LOC124902501	0	0	0
LOC107984268	0	0	0
GPAM	184	0	184
TECTB	0	0	0
MIR6715A	0	0	0
MIR6715B	0	0	0
GUCY2GP	0	0	0
ACSL5	349	4	632
ZDHHC6	769	343	773
VTI1A	298	5	353
LOC124902503	7	0	7
MIR4295	0	0	0
LOC103344931	102	0	102
LINC02935	0	0	0
TCF7L2	341	7	361
LOC124902502	0	21	6
SNORA87	0	0	0
LOC105378490	0	0	0
LOC107984270	0	0	0
LOC124902504	0	0	0
HABP2	0	0	0
NRAP	0	0	0
CASP7	367	0	367
LOC124902505	1	1	0
PLEKHS1	1	0	1
MIR4483	0	0	0
LOC124900297	0	0	0
DCLRE1A	174	0	174
NHLRC2	417	0	417
LOC124902506	0	0	0
LOC124902507	0	0	0
LOC105378492	0	0	0
LOC105378493	0	0	0
ADRB1	31	0	31
LOC124902554	0	0	0
CCDC186	120	0	120
MIR2110	0	0	0
TDRD1	0	0	0
VWA2	0	0	0
AFAP1L2	1	0	1
LOC105378494	0	0	0
ABLIM1	1697	1	1696
LOC124902588	0	0	0
LOC101927692	0	0	0
LOC124902508	1	13	1
FHIP2A	462	0	475
TRUB1	489	0	489
LINC02626	1	0	1
LOC107984272	0	0	0
LOC124902509	0	0	0
LOC105378496	0	0	0
ATRNL1	0	0	0
LOC105378497	0	0	0
GFRA1	0	0	0
SNORD158	0	0	0
LOC107984273	0	0	0
CCDC172	0	0	0
PNLIPRP3	0	0	0
PNLIP	0	0	0
PNLIPRP1	0	0	0
LOC124902510	0	0	0
PNLIPRP2	0	0	0
SPMIP5	0	0	0
HSPA12A-AS1	0	0	0
HSPA12A	1	0	1
LOC105378498	0	0	0
MIR9851	0	0	0
ENO4	0	40	0
SHTN1	481	1	520
VAX1	0	0	0
MIR3663HG	0	0	0
MIR3663	0	0	0
KCNK18	0	0	0
SLC18A2-AS1	1	0	1
SLC18A2	6	69	0
PDZD8	390	0	453
LOC105378502	0	0	0
EMX2OS	1	1	0
EMX2	0	0	0
LOC124902555	0	0	0
LOC107984274	0	0	0
LOC124902556	0	0	0
LINC02674	0	0	0
LOC105378504	0	0	0
RAB11FIP2	188	0	189
CASC2	8	1	8
LINC02944	0	0	0
FAM204A	224	0	224
LINC00867	0	0	0
LOC105378507	0	0	0
PRLHR	0	0	0
CACUL1	1225	2	1223
LOC107987151	0	0	0
LINC03036	0	0	0
NANOS1	37	0	37
EIF3A	3133	4	3129
SNORA19	0	0	0
LOC124900296	0	0	0
DENND10	459	7	452
SFXN4	611	0	611
PRDX3	4339	2	4337
GRK5	531	0	531
GRK5-IT1	1	0	1
GRK5-AS1	0	0	0
MIR4681	0	0	0
RGS10	216	0	216
TIAL1	1144	5	1205
LOC105378512	6	65	7
BAG3	2273	3	2270
LOC124902513	1	0	1
INPP5F	115	4	116
LOC105378513	0	5	0
MCMBP	1738	1	1737
SEC23IP	830	0	830
MIR4682	0	0	0
LOC124902514	0	0	0
LOC105378515	0	0	0
PLPP4	0	0	0
LINC01561	0	0	0
LINC02930	0	0	0
WDR11-DT	0	0	0
WDR11	788	0	884
LOC105378519	0	96	0
LOC105378520	1	0	1
LOC105378521	1	0	1
LOC124902516	0	0	0
LOC124902515	0	0	0
LOC105378522	0	0	0
LINC01153	0	0	0
LOC105378523	0	0	0
FGFR2	14	0	14
LOC107984183	0	0	0
ATE1	309	9	308
ATE1OSP	0	1	7
NSMCE4A	259	8	378
LOC124902517	12	119	20
TACC2	1441	0	1441
LOC124902518	0	0	0
BTBD16	12	0	12
PLEKHA1	690	2	688
MIR3941	0	0	0
HTRA1-AS1	2	0	3
ARMS2	0	1	0
HTRA1	2354	0	2354
DMBT1	34	0	34
SPADH	0	0	0
C10orf120	0	0	0
DMBT1L1	0	0	0
LOC124900290	0	0	0
FAM24B-CUZD1	0	0	0
CUZD1	0	0	0
FAM24B	24	0	24
C10orf88B	26	0	26
FAM24A	0	0	0
C10orf88	162	0	162
LOC124902519	2	0	2
PSTK	24	0	24
IKZF5	220	0	220
ACADSB	265	0	265
HMX3	0	0	0
HMX2	0	0	0
BUB3	2108	0	2108
LOC107984275	5	0	5
LINC02641	0	0	0
LOC105378530	0	0	0
GPR26	0	0	0
LOC105378532	0	0	0
CPXM2	1	0	1
CPXM2-AS1	0	0	0
LOC105378534	0	0	0
LOC107984128	3	0	3
CHST15	237	0	237
LOC105378536	0	0	0
LOC107984184	0	0	0
OAT	306	0	306
NKX1-2	0	0	0
LHPP	371	0	371
FAM53B	857	2	855
FAM53B-AS1	0	0	0
EEF1AKMT2	216	1	215
ABRAXAS2	325	0	325
ZRANB1	198	69	443
CTBP2	1400	250	1473
LOC124902520	5	11	3
MIR4296	0	0	0
LOC105378541	1	0	1
LOC105378542	0	0	0
LOC105378543	0	0	0
LOC124902521	0	0	0
LOC105378544	0	0	0
LOC105378545	0	0	0
LOC124902522	0	0	0
TEX36-AS1	0	0	0
TEX36	4	0	4
LOC102724793	0	0	0
LOC283038	0	13	0
EDRF1-DT	4	0	17
EDRF1	305	0	360
EDRF1-AS1	2	57	0
MMP21	3	0	3
UROS	1094	3	1091
MIR4484	0	0	0
BCCIP	820	264	921
DHX32	669	112	923
FANK1	47	0	48
FANK1-AS1	0	0	0
ADAM12	0	0	0
LINC00601	0	0	0
LOC112267914	0	0	0
C10orf90	11	0	20
LOC728158	0	9	0
LOC105378549	0	0	0
LOC124902523	0	0	0
LOC105378548	0	0	0
LOC124900294	0	0	0
LOC105378550	28	0	28
DOCK1	681	0	727
LOC124900289	4	0	4
LOC107984059	0	0	0
DOCK1-AS1	0	46	0
INSYN2A	3	3	0
LOC105378551	2	2	0
LOC124902524	2	2	0
NPS	0	0	0
FOXI2	0	0	0
CLRN3	0	0	0
PTPRE	1	0	1
PTPRE-AS1	0	0	0
AS-PTPRE	0	0	0
MKI67	2061	0	2061
LINC01163	0	0	0
LOC124902558	0	0	0
LOC105378554	0	0	0
LOC107984185	0	0	0
LOC105378555	0	0	0
LINC02667	0	0	0
LOC124902559	0	0	0
LOC105378556	0	0	0
LOC105378557	0	0	0
MGMT	0	0	0
LOC124902531	0	0	0
LOC105378560	0	0	0
LOC107984281	0	0	0
EBF3	0	0	0
MIR4297	0	0	0
EBF3-AS1	0	0	0
C10orf143	1	0	1
CTAGE7P	14	14	0
LOC102724883	8	0	8
LOC124902560	0	0	0
LOC105378561	1	2	1
GLRX3	1346	1	1347
LOC124902561	20	0	20
LOC124900609	1	0	1
LOC105378562	0	0	0
MIR378C	0	0	0
LOC107984186	0	0	0
TCERG1L	0	0	0
TCERG1L-AS1	0	0	0
LOC105378563	0	0	0
LOC101927461	0	0	0
LINC01164	0	0	0
LOC105378565	0	0	0
LOC105378566	0	0	0
PPP2R2D	775	1613	749
BNIP3	1012	7	2592
LOC124902525	0	0	0
JAKMIP3	2	1	2
JAKMIP3-AS1	1	0	2
DPYSL4	1	1	0
STK32C	388	7	392
LRRC27	110	4	117
LOC124902526	34	33	4
PWWP2B	873	2	874
LINC03068	107	0	107
LINC02870	41	0	41
LOC105378569	0	0	0
LOC107984282	8	2	6
INPP5A	227	0	270
NKX6-2	0	43	0
CFAP46	0	0	0
LOC105378571	0	0	0
LOC105378572	0	0	0
LINC01166	0	0	0
LINC01167	0	0	0
LINC01168	0	0	0
LOC124902527	0	0	0
LOC107984283	0	0	0
LOC112268067	5	0	5
ADGRA1-AS1	0	0	0
ADGRA1	0	0	0
KNDC1	58	0	60
LOC105378574	0	0	0
LOC105378573	0	2	0
UTF1	0	0	0
VENTX	0	0	0
MIR202HG	0	0	0
MIR202	0	0	0
ADAM8	105	0	105
TUBGCP2	1848	309	1863
LOC124902562	1	0	1
ZNF511-PRAP1	0	0	0
ZNF511	33	0	33
CALY	6	1	5
PRAP1	1	1	0
FUOM	382	1	382
ECHS1	4450	1	4449
MIR3944	0	0	0
LOC124902563	0	0	0
PAOX	3	1	2
MTG1	803	0	918
SPRN	23	140	0
LOC124902564	0	0	2
SCART1	55	0	55
LOC105378575	1	4	0
CYP2E1	19	0	20
SYCE1	0	0	0
SPRNP1	6	6	0
FRG2B	0	0	0
LINC01001	10	0	10
LOC112268070	1	0	1
LOC101930129	0	0	0
SCGB1C1	0	0	0
CIMAP1A	0	0	0
BET1L	767	0	768
RIC8A	1757	18	1801
MIR6743	0	0	0
SIRT3	382	58	385
PSMD13	1285	0	1285
NLRP6	0	0	0
PGGHG	350	0	350
IFITM5	0	0	0
IFITM2	3422	2	3421
IFITM1	4042	2	4041
IFITM3-AS1	5	1	4
IFITM3	9544	4	9541
B4GALNT4	1337	0	1337
PKP3	1790	6	1784
SIGIRR	229	0	229
ANO9	1	1	0
LOC105376506	1	0	1
PTDSS2	262	5	257
RNH1	0	1	0
LRRC56	5	0	5
HRAS	0	0	0
LMNTD2	20	0	34
LMNTD2-AS1	0	14	0
RASSF7	137	0	137
MIR210HG	116	0	116
MIR210	1	0	1
LOC124902805	0	0	0
LOC143666	0	0	0
PHRF1	0	0	0
IRF7	0	0	0
CDHR5	1	1	0
SCT	0	0	0
DRD4	1	0	1
DEAF1	1005	61	1022
LOC124902603	2	2	0
TMEM80	203	29	174
EPS8L2	2394	25	2447
LOC105376509	0	0	0
TALDO1	4218	4	4215
GATD1	1203	1	1204
GATD1-DT	34	0	34
LOC124900301	48	0	48
CEND1	2	2	0
SLC25A22	1633	37	1648
PANO1	6	41	15
PIDD1	685	13	673
RPLP2	8261	4	8258
SNORA52	19	0	19
PNPLA2	3066	14	3052
CRACR2B	37	37	0
CD151	4066	8	4067
POLR2L	1057	16	1055
TSPAN4	1503	8	1501
CHID1	1059	1	1059
AP2A2	163	0	163
MUC6	0	0	0
LOC124902605	0	0	0
LINC02688	0	0	0
LOC107987157	0	0	0
MUC2	0	0	0
MUC5AC	0	0	0
MUC5B	18	0	18
MUC5B-AS1	0	0	0
MIR6744	0	0	0
TOLLIP	1	0	1
TOLLIP-DT	0	0	0
LOC124902606	0	0	0
LINC02689	0	0	0
BRSK2	0	0	0
MOB2	0	0	0
LOC124902607	0	0	0
DUSP8	0	0	0
LOC124902608	0	0	0
KRTAP5-AS1	0	0	0
KRTAP5-1	0	0	0
KRTAP5-2	0	0	0
KRTAP5-3	0	0	0
KRTAP5-4	0	0	0
KRTAP5-5	0	0	0
LOC124902609	0	0	0
FAM99A	0	0	0
FAM99B	0	0	0
LINC02708	0	0	0
KRTAP5-6	0	0	0
IFITM10	50	0	50
CTSD	6825	3	8730
PRADX	6	1912	2
LOC105376517	0	0	0
LOC124902610	0	0	0
SYT8	0	0	0
TNNI2	0	0	0
LOC107984299	0	0	0
LSP1	0	0	0
MIR4298	0	0	0
MIR7847	0	0	0
PRR33	0	0	0
LINC01150	0	0	0
TNNT3	0	0	0
MRPL23	0	0	0
SNORD131	0	0	0
MRPL23-AS1	0	0	0
LINC01219	0	0	0
H19	0	0	0
MIR675	0	0	0
INS-IGF2	0	0	0
IGF2	0	0	0
MIR483	0	0	0
IGF2-AS	0	0	0
INS	0	0	0
TH	0	0	0
MIR4686	0	0	0
ASCL2	0	0	0
C11orf21	0	0	0
TSPAN32	0	0	0
LOC124902612	1	0	1
CD81-AS1	2	358	3
LOC124902611	2	2	0
LOC105376520	0	0	0
CD81	2676	3	3032
TSSC4	506	2	504
TRPM5	0	0	0
KCNQ1	13	0	13
LOC124902613	0	0	0
KCNQ1OT1	0	0	0
LOC124902614	0	0	0
KCNQ1-AS1	0	0	0
KCNQ1DN	0	0	0
CDKN1C	33	0	33
SLC67A1-AS	6	99	2
SLC67A1	53	2	146
PHLDA2	0	0	0
NAP1L4	116	0	116
SNORA54	0	0	0
CARS1	199	0	199
CARS1-AS1	0	0	0
LOC124902615	38	0	38
OSBPL5	1172	3	1169
MRGPRG	0	0	0
MRGPRG-AS1	0	0	0
MRGPRE	0	0	0
ZNF195	234	0	234
TSSC2	1	0	1
OR7E12P	0	0	0
LOC105376526	0	0	0
LOC101927708	0	0	0
LOC107984301	0	0	0
LOC124902617	0	0	0
XNDC1CP	0	0	0
TRPC2	0	0	0
ART5	10	0	10
ART1	25	0	25
CHRNA10	67	48	19
NUP98	3199	1	3198
LOC124902832	0	0	0
PGAP2	623	1	768
LOC124902618	0	146	0
RHOG	1229	1	1228
LOC124902619	1	1	0
STIM1-AS1	0	12	3
STIM1	1490	3	1502
MIR4687	0	0	0
PPIAP40	1	1	0
RRM1	3246	0	3246
LINC02749	0	0	0
SSU72L5	0	0	0
SSU72L2	0	0	0
SSU72L4	0	0	0
SSU72L3	0	0	0
SSU72L1	0	0	0
OR52B4	0	0	0
TRIM21	489	0	489
OR52K2	0	0	0
OR52K1	0	0	0
OR52M1	0	0	0
C11orf40	0	0	0
OR52I2	0	0	0
OR52I1	0	0	0
TRIM68	142	0	142
OR51D1	0	0	0
OR51E1	0	0	0
LOC105376528	0	0	0
OR51E2	0	0	0
OR51C1	0	0	0
MMP26	0	0	0
LOC124900304	0	0	0
OR51F1	0	0	0
OR52R1	0	0	0
OR51F2	0	0	0
OR51S1	0	0	0
OR51H1	0	0	0
OR51T1	0	0	0
OR51A7	0	0	0
OR51G2	0	0	0
OR51G1	0	0	0
OR51A4	0	0	0
OR51A2	0	0	0
OR51L1	0	0	0
OR52J3	0	0	0
OR52E2	0	0	0
OR52E1	0	0	0
OR52A5	0	0	0
OR52A1	0	0	0
OR52Z1P	0	0	0
OR51V1	0	0	0
HBB	0	0	0
HBD	0	0	0
HBBP1	0	0	0
BGLT3	0	0	0
HBG1	0	0	0
HBG2	1	0	1
HBE1	29	0	29
OR51B4	2	0	2
OR51B2	0	0	0
OR51B5	13	0	13
OR51B6	0	0	0
OR51M1	0	0	0
OR51Q1	0	0	0
OR51I1	0	0	0
OR51I2	0	0	0
OR52D1	0	0	0
UBQLN3	0	0	0
UBQLNL	1	0	1
OLFM5P	2	0	2
OR52H1	0	0	0
OR52B6	0	0	0
TRIM5	362	0	362
TRIM6	135	0	135
TRIM6-TRIM34	0	0	0
TRIM34	0	0	0
LOC107984302	1	1	0
TRIM22	34	0	34
LOC124902620	0	0	0
OR52N4	0	0	0
OR52P1	0	0	0
OR56B1	0	0	0
OR56B2	2	2	0
OR52N5	0	0	0
OR52N1	0	0	0
OR52N2	0	0	0
OR52E6	0	0	0
OR52E8	0	0	0
OR52E4	0	0	0
LOC112268071	0	0	0
OR52E5	0	0	0
OR56A3	0	0	0
OR56A5	0	0	0
LOC124902621	0	0	0
OR52L1	0	0	0
OR56A4	0	0	0
OR56A1	0	0	0
LOC107984303	0	0	0
LOC124902622	0	0	0
OR56B4	0	0	0
OR52B2	0	0	0
OR52W1	0	0	0
C11orf42	7	7	0
FHIP1B	613	2	611
CNGA4	0	0	0
CCKBR	0	0	0
CAVIN3	245	4	1032
LOC101927825	6	792	5
LOC124902623	0	0	0
LOC124902624	2	0	2
SMPD1	1067	0	1067
APBB1	2	0	2
HPX	10	0	10
TRIM3	352	0	352
ARFIP2	2823	1	2823
TIMM10B	547	1	547
DNHD1	658	14	645
RRP8	615	0	616
ILK	18	61	2285
TAF10	1506	2283	1551
TPP1	2504	0	2504
DCHS1	8	0	8
MRPL17	2127	1	2126
LOC124902625	0	0	0
GVINP1	4	0	4
OR2AG2	1	0	1
OR2AG1	0	0	0
OR6A2	1	0	1
OR10A5	0	0	0
OR10A2	0	0	0
OR10A4	0	0	0
OR2D2	0	0	0
LOC107984019	1	12	2
OR2D3	0	0	0
ZNF215	53	3	83
LOC102724711	1	19	2
ZNF214	10	5	5
NLRP14	6	0	6
RBMXL2	0	0	0
MIR302E	0	0	0
SYT9	4	5	0
SYT9-AS1	0	0	1
OLFML1	302	0	302
LOC124902806	1	1	0
PPFIBP2	187	0	203
LOC105376535	0	16	0
CYB5R2	2	2	0
LOC105376533	0	0	0
OVCH2	1	0	1
LOC124902626	0	0	0
OR5P2	0	0	0
OR5P3	0	0	0
OR5E1P	0	0	0
LOC283299	0	0	0
LOC107984307	0	0	0
OR10A6	0	0	0
OR10A3	0	0	0
NLRP10	0	0	0
EIF3F	3498	1	3497
CASC23	0	0	0
TUB	0	0	0
LOC124902627	0	0	0
TUB-AS1	0	0	0
RIC3	0	0	0
RIC3-DT	0	0	0
LMO1	156	0	164
LOC105376536	2	10	0
STK33	0	0	0
LOC124900315	0	0	0
TRIM66	254	15060	225
RPL27A	5940	13	20955
SNORA3A	31	0	31
SNORA3B	19	0	19
DENND2B	1346	10	1336
LOC107984308	2	1	1
DENND2B-AS1	1	0	1
AKIP1	1323	2	1328
C11orf16	13	20	0
ASCL3	1	1	0
TMEM9B	826	20	835
TMEM9B-AS1	34	16	47
NRIP3	0	0	0
NRIP3-DT	0	0	0
SCUBE2	6	0	6
MIR5691	0	0	0
KRT8P41	0	0	0
LOC105376542	2	0	2
DENND5A	1587	0	1587
TRL-CAA5-1	0	0	0
TMEM41B	391	0	391
IPO7	4694	4	4690
SNORA23	0	0	0
ZNF143-AS1	50	0	50
ZNF143	214	1	213
WEE1	1268	1	1267
LOC124902827	8	0	8
LOC124902628	0	0	0
SWAP70	665	3	662
LINC02709	11	0	11
SBF2-AS1	37	54	65
SBF2	673	52	717
LOC105369149	2	0	11
LOC124902802	1	1	0
LOC101928008	0	0	0
ADM	3128	0	3128
CAND1.11	2	0	2
AMPD3	30	0	30
MIR4485	0	0	0
RNF141	420	2	418
IRAG1-AS1	0	1	0
LYVE1	0	0	0
IRAG1	0	0	1
CTR9	876	0	876
EIF4G2	12015	7	12008
SNORD97	8	0	8
LOC101928053	6	1	5
ZBED5	735	0	735
ZBED5-AS1	48	0	48
LOC124902629	9	0	9
LOC107984309	2	0	5
LOC105379882	1	3	1
LINC02752	0	0	0
LOC105376548	0	0	0
LOC124902630	0	0	0
LOC124902631	0	0	0
GALNT18	1	0	1
LOC124902633	0	0	0
CSNK2A3	0	0	0
LOC107983976	0	0	0
GALNT18-AS1	0	0	0
LOC105376553	1	0	1
MIR4299	0	0	0
MIR8070	0	0	0
LOC107984311	0	0	0
USP47	608	0	608
DKK3	3	0	3
LINC02547	0	0	0
LINC02989	0	0	0
MICAL2	363	1	362
MIR6124	0	0	0
LOC124902634	0	0	0
PARVA	1681	7	1674
LOC105376556	0	0	0
TEAD1	2495	11	2484
LOC107984313	0	0	0
TEAD1-AS1	0	0	0
LINC00958	298	0	298
RASSF10-DT	211	0	211
RASSF10	4	4	0
LOC105376558	0	0	0
LOC124902635	0	0	0
BMAL1	454	13	442
LOC124902636	0	1	0
BTBD10	288	0	288
PTH	0	0	0
FAR1	642	0	642
LINC02548	0	0	0
LINC02545	0	0	0
LINC02683	0	0	0
SPON1	16	16	0
LOC124902637	0	0	0
RRAS2	1032	1	1031
COPB1	3006	0	3006
PSMA1	3240	3	3237
PDE3B	280	48	268
LOC107984315	0	0	0
LOC124902639	0	0	0
CYP2R1	148	2	181
CALCA	0	0	0
CALCB	0	0	0
INSC	0	0	0
LINC02751	0	0	0
LOC105376568	0	0	0
LOC105376567	0	0	0
LOC107984370	0	0	0
LOC124902800	0	0	0
LINC02682	0	0	0
SOX6	0	0	0
MIR6073	0	0	0
LOC105376572	0	0	0
LOC124900593	0	0	0
LOC105376571	0	0	0
C11orf58	1309	0	1309
PLEKHA7	323	2	321
SNORD147	0	0	0
OR7E14P	0	0	0
RPS13	4311	0	4311
SNORD14A	5	0	5
SNORD14B	7	0	7
PIK3C2A	353	0	353
NUCB2	337	0	337
LOC124902640	33	0	33
LOC105376576	0	0	0
NCR3LG1	108	1	107
KCNJ11	2	0	2
ABCC8	0	0	0
LOC124902641	0	0	0
USH1C	36	0	36
OTOG	1	0	1
LINC02729	0	0	0
MYOD1	0	0	0
KCNC1	0	0	0
SERGEF	127	0	127
LOC124902642	0	0	0
LOC107984317	0	0	0
TPH1	1	0	1
SAAL1	173	0	173
SAA3P	0	0	0
MRGPRX3	0	0	0
MRGPRX4	0	0	0
SLC25A51P4	0	0	0
SAA2-SAA4	0	0	0
SAA4	0	0	0
SAA2	1	0	1
SAA1	0	0	0
HPS5	0	0	0
GTF2H1	0	0	0
LOC105376577	0	0	0
MIR3159	0	0	0
LDHA	0	0	0
LDHC	0	0	0
LDHAL6A	0	0	0
TSG101	521	1	520
UEVLD	171	0	171
LOC112268073	1	1	0
MISFA	2	51	2
SPTY2D1	262	0	316
LOC105376578	0	3	0
TMEM86A	3	0	3
IGSF22	0	0	0
IGSF22-AS1	0	0	0
PTPN5	0	0	0
MRGPRX1	0	0	0
MRGPRX2	0	0	0
ZDHHC13	189	0	189
CSRP3	0	0	0
CSRP3-AS1	0	1	0
E2F8	103	0	104
NAV2	962	3	1078
NAV2-AS5	0	0	0
NAV2-AS4	0	0	0
MIR4486	0	0	0
LOC124900310	0	0	0
LEISA1	5	13	8
MIR4694	0	0	0
NAV2-AS3	0	0	0
LOC124902644	4	18	0
NAV2-AS2	0	73	0
LOC107984418	5	5	0
LOC124902643	0	0	0
DBX1	0	0	0
LOC105376583	0	0	0
HTATIP2	1299	0	1299
PRMT3	433	1	432
LOC124902808	0	0	0
LOC105376584	0	0	0
SLC6A5	0	0	0
NELL1	0	0	0
LOC105376585	0	0	0
NELL1-AS1	0	0	0
LOC102723370	0	0	0
LOC105376587	0	0	0
LOC124902645	0	0	0
ANO5	0	0	0
SLC17A6-DT	0	0	0
SLC17A6	0	0	0
LINC01495	0	0	0
LOC105376588	0	0	0
FANCF	109	2	107
GAS2	2	0	2
SVIP	124	0	124
LINC02718	0	0	0
CCDC179	0	0	0
LOC124902646	1	0	1
MIR8054	0	0	0
LINC02726	0	0	0
LOC124902647	0	0	0
LOC107984378	0	0	0
LINC02686	0	0	0
LOC105376595	0	0	0
LUZP2	0	0	0
LINC02699	0	0	0
ANO3	0	0	0
ANO3-AS1	0	0	0
LOC105376598	0	0	0
MUC15	0	0	0
LOC124902648	0	0	0
LOC107987160	0	0	0
SLC5A12	0	0	0
LOC124902649	0	0	0
LOC124902650	0	0	0
FIBIN	3	0	3
BBOX1	0	0	0
BBOX1-AS1	0	0	0
LOC124902651	0	0	0
LOC105376600	0	0	0
LOC105376601	14	0	14
CCDC34	441	0	441
LGR4	2260	1	2260
LGR4-AS1	3	3	1
LIN7C	416	0	416
BDNF-AS	3	119	7
MIR8087	0	0	0
LINC00678	0	0	0
BDNF	222	4	341
LOC124902652	1	0	1
LOC124902653	0	0	0
LOC124902654	0	0	0
LOC124902655	3	0	3
KIF18A	184	0	184
MIR610	0	0	0
METTL15	207	2	205
MIR8068	0	0	0
LINC02758	0	0	0
LOC105376604	0	0	0
LINC02742	0	0	0
LINC02755	2	0	2
LINC02546	0	0	0
LINC01616	0	0	0
KCNA4	1	1	0
LOC107984321	0	0	0
ARL14EP-DT	0	0	0
FSHB	0	0	0
ARL14EP	158	0	158
LOC102723403	0	0	0
MPPED2	0	0	0
MPPED2-AS1	0	0	0
LINC02859	0	0	0
LOC101928338	0	0	0
LOC107984419	0	0	0
DCDC1	1	0	1
LOC124902656	0	0	0
LOC105376611	0	0	0
DNAJC24	147	19	185
IMMP1L	37	41	53
ELP4	407	38	406
ELP4-AS1	1	1	0
PAX6	241	5	273
PAX6-AS1	0	0	0
PAUPAR	0	0	0
LOC107984420	0	0	0
LOC124902657	0	0	0
LOC124902658	0	0	0
LINC03031	4	0	4
LOC105376613	0	0	0
LOC101928385	2	0	2
LOC124902847	0	0	0
RCN1	14978	2	14976
LOC107984322	0	0	0
SNORA88	0	0	0
WT1	0	0	0
WT1-AS	0	0	0
EIF3M	2140	0	2156
CCDC73	3	43	3
PRRG4	266	0	293
QSER1	764	2	815
LOC105376615	0	53	0
DEPDC7	132	0	132
TCP11L1	227	0	227
LINC00294	349	0	349
CSTF3	424	1	423
CSTF3-DT	1	0	1
HIPK3	834	0	834
KIAA1549L	2	1	2
LOC105376617	0	0	1
C11orf91	6	0	6
CD59	5163	1	5162
FBXO3	340	0	340
FBXO3-DT	0	0	0
LINC02722	4	0	4
LINC02721	2	2	0
LMO2	10	0	10
LOC105376621	0	0	0
LOC124902659	0	0	0
LOC101929918	2	533	4
CAPRIN1	6929	3	7461
LOC124902660	1	0	1
NAT10	1499	0	1499
ABTB2	889	24	865
LOC105376622	0	0	0
CAT	1595	0	1595
ELF5	1	0	1
LINC02707	2	0	2
EHF	78	0	78
LOC102723568	0	0	0
LOC105376625	0	0	0
LOC105376624	2	0	2
APIP	232	0	232
PDHX	1360	0	1360
MIR1343	0	0	0
LOC105376626	8	5	3
LOC105376627	0	0	0
CD44-DT	5	0	5
CD44	4394	0	5418
SNORD164	0	0	0
CD44-AS1	1	1025	0
SLC1A2	1	0	1
SLC1A2-AS1	0	0	0
SLC1A2-AS2	1	1	0
PAMR1	1	0	1
FJX1	132	0	132
TRIM44	2075	1	2074
LOC124902661	0	0	0
LDLRAD3	361	0	362
MIR3973	0	0	0
LOC101928510	0	0	0
COMMD9	1077	2	1076
PRR5L	590	5	585
TRAF6	126	0	126
RAG1	2	0	2
RAG2	0	14	0
IFTAP	16	0	30
LOC107984325	0	0	0
LOC107984326	0	0	0
LOC105376631	0	0	0
LOC105376632	0	0	0
LINC02760	0	0	0
LOC105376634	7	0	7
LINC02759	0	0	0
LOC105376635	0	0	0
LINC01493	0	0	0
LOC101928563	4	0	4
LOC107984362	0	0	0
LOC105376636	0	0	0
LOC105376637	0	0	0
LRRC4C	0	0	0
LINC02741	0	0	0
LINC01499	0	0	0
LOC105376639	0	0	0
LINC02745	0	0	0
LOC105376641	0	0	0
LINC02740	0	0	0
LOC105376642	0	0	0
LOC124902662	0	0	0
HNRNPKP3	0	0	0
API5	1292	0	1292
TTC17	969	0	969
HSD17B12	207	0	262
MIR670	0	0	0
LOC124902807	0	0	0
MIR670HG	0	0	0
MIR129-2	0	0	0
LOC107984328	0	55	0
LOC105376644	0	0	0
ALKBH3	241	0	242
SEC14L1P1	8	0	8
ALKBH3-AS1	0	3	0
ACCSL	3	0	5
LOC124902663	1	1	0
C11orf96	1	1	0
ACCS	81	2	79
EXT2	1539	1	1538
ALX4	1	1	0
LOC105376645	0	0	0
LOC105376646	0	0	0
CD82	321	1	466
CD82-AS1	0	145	1
LINC02704	0	0	0
TSPAN18-AS1	0	0	0
TSPAN18	0	2	0
LOC124902664	0	0	0
TP53I11	442	1	443
LOC105376649	0	0	0
LINC02685	0	0	0
LOC105376650	0	0	0
PRDM11	257	0	260
LOC105376652	0	3	0
SYT13	0	0	0
LINC02696	0	0	0
LINC02687	0	0	0
LOC105376654	0	0	0
LOC105376655	0	0	0
LOC105376656	0	0	0
LOC124902665	0	0	0
CHST1	0	0	0
LOC124902666	0	0	0
MIR7154	0	0	0
LOC100507384	0	0	0
LOC124902667	0	0	0
LINC02690	0	0	0
LINC02716	8	0	8
SLC35C1	1830	3	1827
CRY2	398	1	397
MAPK8IP1	47	9	40
LOC124902668	0	0	0
FREY1	3	0	5
PEX16	811	1	810
LARGE2	1	0	1
PHF21A	1180	1	1179
LOC105376661	2	0	2
LOC101928894	0	0	0
LINC02710	0	0	0
LOC124902669	23	1	22
LINC02489	3	0	3
CREB3L1	35	0	35
DGKZ	1462	1	1461
MIR4688	0	0	0
MDK	14	0	14
CHRM4	7	0	7
AMBRA1	1074	0	1074
MIR3160-1	0	0	0
MIR3160-2	0	0	0
HARBI1	51	159	51
ATG13	1275	1	1433
ARHGAP1	1146	1	1145
ZNF408	406	1	405
F2	2	0	2
CKAP5	1461	0	1461
MIR5582	0	0	0
LOC124900314	0	0	0
SNORD67	0	0	0
LRP4-AS1	1	10	2
LRP4	120	1	130
CSTPP1	458	33	589
LOC124902670	2	0	2
LOC124902671	4	0	4
LOC124902672	10	139	6
ARFGAP2	1531	5	1555
PACSIN3	2081	9	2072
MIR6745	0	0	0
DDB2	1414	43	1385
ACP2	1676	19	1975
NR1H3	1023	304	1023
MADD	1755	0	1756
MADD-AS1	0	1	0
MYBPC3	2	0	2
SPI1	0	0	0
SLC39A13-AS1	0	4	0
MIR4487	0	0	0
SLC39A13	480	1	483
PSMC3	2917	0	2917
LOC124902673	0	0	0
RAPSN	1	0	1
CELF1	2357	43	2357
PTPMT1	1378	4	1448
KBTBD4	0	32	0
NDUFS3	0	0	0
FAM180B	0	0	0
C1QTNF4	0	0	0
MTCH2	0	0	0
AGBL2	0	0	0
FNBP4	0	0	0
NUP160	140	0	140
PTPRJ	1223	0	1223
MIR3161	0	0	0
OR4B1	0	0	0
OR4X2	0	0	0
OR4X1	0	0	0
OR4S1	0	0	0
OR4C3	0	0	0
OR4C5	0	0	0
OR4A47	0	0	0
TRIM51G	0	0	0
TRIM49B	0	0	0
TRIM64C	0	0	0
FOLH1	0	0	0
GRM5P1	0	0	0
OR4C13	0	0	0
OR4C12	0	0	0
OR4C45	0	0	0
LOC101060224	0	0	0
LOC124902811	0	0	0
SEPTIN7P11	0	0	0
LINC02750	0	0	0
LOC646813	0	0	0
OR4C46	0	0	0
OR4A5	0	0	0
TRIM48	0	0	0
TRIM51HP	0	0	0
OR4A16	0	0	0
OR4A15	0	0	0
OR4C15	0	0	0
OR4C16	0	0	0
OR4C11	0	0	0
OR4P4	0	0	0
OR4S2	0	0	0
OR4C6	0	0	0
OR5D3	0	0	0
OR5D13	0	0	0
OR5D14	0	0	0
OR5L1	0	0	0
OR5D18	0	0	0
OR5L2	0	0	0
OR5D16	0	0	0
TRIM51	0	0	0
OR5W2	0	0	0
OR5I1	0	0	0
OR10AG1	0	0	0
OR7E5P	0	0	0
OR5F1	0	0	0
OR5AS1	0	0	0
OR8I2	0	0	0
OR8H2	0	0	0
OR8H3	0	0	0
OR8J3	0	0	0
OR8K5	0	0	0
OR5J2	0	0	0
OR8J2	0	0	0
OR5T2	0	0	0
OR5T3	0	0	0
OR5T1	0	0	0
OR8H1	0	0	0
OR8K3	0	0	0
OR8K1	0	0	0
OR8J1	0	0	0
OR8U1	0	0	0
OR5AL1	0	0	0
OR8U3	0	0	0
OR5M9	0	0	0
OR5M3	0	0	0
OR5M8	0	0	0
OR5M11	0	0	0
OR5M10	0	0	0
OR5M1	0	0	0
OR5AP2	0	0	0
OR5AR1	0	0	0
OR9G1	0	0	0
OR9G4	0	0	0
MIR6128	0	0	0
LINC02735	0	0	0
LOC105369310	0	0	0
OR5AK2	0	0	0
OR5AK4P	0	0	0
LOC105369309	0	0	0
LRRC55	0	0	0
APLNR	0	0	0
LOC107984364	0	0	0
TNKS1BP1	3073	0	3073
SSRP1	5186	4	5184
LOC124902831	6	0	6
P2RX3	133	5	130
PRG3	0	0	0
PRG2	83	0	83
SLC43A3	10423	2	10421
RTN4RL2	2925	3	2922
SLC43A1	122	0	122
TIMM10	474	0	474
SMTNL1	0	0	0
UBE2L6	1	0	1
SERPING1	95	0	95
MIR130AHG	3	0	3
MIR130A	0	0	0
YPEL4	2	2	0
CLP1	446	0	446
ZDHHC5	2351	1	2350
MED19	285	2	285
TMX2-CTNND1	0	0	0
TMX2	1554	0	1554
SELENOH	1622	1	1621
BTBD18	1	1	0
CTNND1	4	0	4
LOC107984365	0	0	0
LOC107984331	0	0	0
OR9Q1	0	0	0
OR6Q1	0	0	0
LOC124902674	0	0	0
OR9I1	0	0	0
OR9Q2	0	0	0
OR1S2	0	0	0
OR1S1	0	0	0
OR10Q1	0	0	0
OR10W1	0	0	0
OR5B17	0	0	0
OR5B3	0	0	0
OR5B2	0	0	0
OR5B12	0	0	0
LOC105369313	2	0	2
OR5B21	0	0	0
LPXN	64	7	57
ZFP91	1343	0	1343
ZFP91-CNTF	0	0	0
CNTF	0	0	0
GLYAT	1	0	1
GLYATL2	1	0	1
GLYATL1	0	0	0
GLYATL1-AS1	0	0	0
GLYATL1B	0	0	0
LOC105369315	1	0	1
FAM111B	158	0	158
FAM111A-DT	39	0	42
FAM111A	122	3	122
LOC124902601	0	63	1
DTX4	1102	1	1252
LOC124902675	5	91	0
MPEG1	0	1	0
OR5AN1	0	0	0
OR5A2	0	0	0
OR5A1	0	0	0
OR4D6	0	0	0
OR4D10	0	0	0
LOC124902818	0	0	0
OR4D11	0	0	0
OR4D9	0	0	0
LOC102723575	4	3	4
TRV-TAC1-1	1	0	1
TRV-TAC2-1	0	0	0
TRR-TCT3-2	0	0	0
TRL-TAA3-1	0	0	0
TRK-TTT5-1	1	0	1
TRF-GAA1-3	0	0	0
LINC02739	10	0	12
TRK-TTT3-4	0	0	0
TRF-GAA2-1	0	0	0
OSBP	1268	1	1267
MIR3162	0	0	0
LOC101927226	9	0	9
PATL1	1435	3	1432
PATL1-DT	2	1	1
OR10V1	0	0	0
OR10V2P	0	0	0
STX3	336	1	335
MRPL16	1591	4	1588
CBLIF	0	0	0
TCN1	1	0	1
OOSP3	0	0	1
OOSP1	0	0	0
OOSP4A	0	0	0
OOSP4B	0	0	0
OOSP2	0	0	0
MS4A3	0	0	0
MS4A2	0	0	0
LINC02705	0	0	0
MS4A6A	0	0	0
MS4A4E	0	0	0
MIR6503	0	0	0
MS4A4A	0	0	0
MS4A6E	0	0	0
MS4A7	0	0	0
MS4A14	0	0	0
MS4A5	0	0	0
MS4A1	0	0	0
MS4A12	0	0	0
MS4A13	0	0	0
LOC105369321	0	0	0
LINC00301	0	0	0
MS4A8	0	0	0
MS4A18	0	0	0
MS4A15	0	0	0
MS4A10	0	0	0
LOC105369322	1	0	1
CCDC86-AS1	0	163	0
CCDC86	1421	2	1692
PTGDR2	1	0	1
ZP1	0	0	0
PRPF19	4227	1	4226
PRPF19-DT	6	0	6
TMEM109-DT	2	50	1
TMEM109	2299	6	2342
LOC124902676	7	13	2
TMEM132A	3147	8	3221
SLC15A3	137	73	138
CD6	0	0	0
LOC105369326	1	0	1
LOC105369325	0	0	0
LINC02954	0	0	0
LOC124902677	0	0	0
CD5	0	0	0
VPS37C	368	0	368
LOC124902678	0	0	0
PGA3	0	0	0
PGA4	0	0	0
PGA5	1	1	0
VWCE	88	0	88
DDB1	9155	8	9153
TKFC	2356	1032	2364
CYB561A3	1692	33	2699
TMEM138	1315	1	1320
TMEM216	66	0	66
CPSF7	2593	3	2590
SDHAF2	975	0	975
SAXO4	8	0	8
LOC105369329	0	0	0
MIR4488	0	0	0
LRRC10B	0	0	0
SYT7	1016	3	1013
LOC105369331	0	0	0
LOC101927495	0	0	0
RPLP0P2	2	0	2
DAGLA	246	0	246
MYRF	44	21	23
MYRF-AS1	0	0	0
TMEM258	225	0	225
MIR611	1	0	1
FEN1	4153	25	4128
FADS1	3419	84	3772
MIR1908	0	0	0
FADS2	1128	361	1204
LOC124902680	33	0	33
LOC124902679	5	0	5
FADS3	2276	0	2276
MIR6746	0	0	0
RAB3IL1	322	0	322
BEST1	12	25148	10
LOC107984334	0	0	0
FTH1	0	39	87422
LOC399900	47	8554	20
LINC02733	4	0	4
LOC124902681	0	0	0
INCENP	1336	4	1332
SCGB1D1	0	0	0
SCGB2A1	0	0	0
SCGB1D2	0	0	0
SCGB2A2	0	0	0
SCGB1D4	0	0	0
ASRGL1	107	0	107
LOC124902682	0	0	0
LOC102723765	0	0	0
SCGB1A1	0	0	0
AHNAK	6762	5	6757
EEF1G	39508	20	39488
MIR6747	0	0	0
TUT1	817	62	755
MTA2	3568	18	3550
EML3	1298	19	1294
ROM1	31	0	46
B3GAT3	796	0	796
GANAB	7785	3	7782
INTS5	857	1	856
LBHD1	84	229	155
C11orf98	0	0	4
CSKMT	25	92	17
SNORA57	0	0	0
UQCC3	20	40	245
UBXN1	1482	2	1480
LRRN4CL	1	0	1
HNRNPUL2-BSCL2	0	0	0
BSCL2	4	0	14
GNG3	26	79	0
HNRNPUL2	260	0	260
TTC9C	429	1	428
ZBTB3	62	0	62
POLR2G	414	0	414
TMEM223	274	148	291
TAF6L	419	41	409
TMEM179B	278	31	379
MIR6748	0	0	0
NXF1	1212	1	1211
MIR6514	0	0	0
STX5	512	0	512
STX5-DT	1	199	1
TEX54	1	1	0
WDR74	448	2	645
RNU2-2	0	0	0
SNHG1	535	0	535
SNORD22	15	0	15
SNORD31	28	0	28
SNORD30	2	0	2
SNORD29	0	0	0
LOC124900306	21	0	21
SNORD28	7	0	7
SNORD27	1	0	1
SNORD26	1	0	1
SNORD25	0	0	0
SLC3A2	24201	14	24187
CHRM1	7	0	16
CHRM1-AS1	0	9	0
LOC105369333	0	0	0
SLC22A6	0	0	0
SLC22A8	0	0	0
SLC22A24	0	0	0
SLC22A25	0	0	0
LOC105369334	0	0	0
SLC22A10	0	0	0
SLC22A9	0	0	0
PLAAT5	0	0	0
LOC124902684	0	0	0
LGALS12	1	0	1
PLAAT4	303	0	303
PLAAT2	138	0	138
PLAAT3	441	0	441
LOC105369335	0	0	0
LNCROPM	0	96	0
ATL3	1064	0	1160
RTN3	2565	1	2564
ZFTA	478	1	477
SPINDOC	423	0	423
MARK2	619	1	618
RCOR2	3	0	3
NAA40	442	2	440
COX8A	2002	3	1999
OTUB1	1256	6	1250
MACROD1	942	6	949
LOC124902685	0	0	0
FLRT1	10	19	3
LOC105369339	28	1	28
LOC124902686	27	4	38
STIP1	4521	14	4522
FERMT3	5	8	4
TRPT1	325	3	329
NUDT22	261	6	442
LOC124902687	3	190	5
DNAJC4	232	7	228
VEGFB	811	1	810
FKBP2	0	0	0
LOC114841035	0	0	0
PPP1R14B	1933	24	1922
PPP1R14B-AS1	82	42	53
PLCB3	1110	5	1105
BAD	318	6	315
GPR137	802	3	802
KCNK4	0	0	0
KCNK4-CATSPERZ	0	0	0
CATSPERZ	0	0	0
ESRRA	1390	112	1601
TRMT112	1393	223	1505
PRDX5	3615	5	3622
LOC102723878	0	0	0
CCDC88B	180	0	180
MIR7155	0	0	0
RPS6KA4	921	1	920
MIR1237	0	0	0
LOC124902688	0	0	0
LINC02723	0	0	0
LOC105369341	0	0	0
LOC124902689	0	0	0
LINC02724	0	0	0
LOC124902690	0	0	0
SLC22A11	0	0	0
SLC22A12	0	0	0
NRXN2	1	0	1
NRXN2-AS1	0	0	0
RASGRP2	0	0	0
PYGM	9	0	9
SF1	3466	3	3463
MAP4K2	563	1	562
MEN1	1151	0	1151
CDC42BPG	212	0	212
EHD1	989	2	987
MIR10392	0	0	0
MIR194-2HG	0	0	0
MIR192	0	0	0
MIR194-2	0	0	0
ATG2A	1116	1	1115
MIR6750	0	0	0
MIR6749	0	0	0
PPP2R5B	349	0	349
GPHA2	0	0	0
MAJIN	0	0	0
BATF2	11	0	11
ARL2-SNX15	0	0	0
ARL2	221	0	221
MIR6879	0	0	0
SNX15	0	0	0
SAC3D1	927	1	928
NAALADL1	4	4	2
CDCA5	802	4	798
ZFPL1	395	0	398
CATSPERH	0	3	0
VPS51	1251	1	1250
TM7SF2	82	0	82
ZNHIT2	301	3	298
FAU	3041	1	3045
MRPL49	954	13	956
SYVN1	742	5	747
MIR6751	0	0	0
SPDYC	5	0	5
CAPN1-AS1	28	19	37
CAPN1	2643	9	2662
SLC22A20P	2	0	2
POLA2	681	14	1007
LOC105369344	73	340	76
CDC42EP2	616	0	616
LOC124902691	18	2	16
DPF2	1352	10	1342
TIGD3	35	4	31
FRMD8	1274	86	1266
SLC25A45	212	3	287
NEAT1	8946	3	8943
MIR612	0	0	0
FAUP4	172	0	172
ENEMAL	1	0	1
LINC02736	0	0	0
MALAT1	16	4	2479
TALAM1	0	2507	1
MASCRNA	0	0	0
SCYL1	2525	11	2679
LTBP3	2508	160	2513
ZNRD2-DT	30	13	28
ZNRD2	405	1	415
FAM89B	633	1	632
EHBP1L1	1780	7	2087
LOC124902692	0	313	1
KCNK7	6	0	6
MAP3K11	1647	3	1644
PCNX3	1655	3	1652
MIR4690	0	0	0
SIPA1	1779	5	1774
MIR4489	3	0	3
RELA	1776	11	1772
RELA-DT	27	3	31
KAT5	420	318	717
RNASEH2C	919	307	1227
AP5B1	1969	2	1967
OVOL1	1	0	1
LOC124902693	0	0	0
OVOL1-AS1	0	0	0
SNX32	0	0	0
CFL1	12390	9	12386
MUS81	617	9	614
EFEMP2	38	3	36
CTSW	1	0	1
FIBP	1336	1	1335
CCDC85B	1429	10	1419
FOSL1	317	14	303
C11orf68	356	0	356
DRAP1	1189	0	1189
LOC105369350	0	0	0
TSGA10IP	0	0	0
SART1	1247	9	1238
EIF1AD	418	3	416
BANF1	2148	4	2145
CST6	0	0	0
CATSPER1	12	4	8
GAL3ST3	0	0	0
SF3B2	4320	2	4318
SNORD13F	0	0	0
PACS1	1575	5	1570
LOC124902833	0	0	0
LOC105369354	0	0	0
KLC2	636	3	1430
LOC124902694	0	60	1
KLC2-AS1	1	659	0
KLC2-AS2	1	97	0
RAB1B	2524	0	3653
LOC107984340	1	1130	0
CNIH2	15	0	15
YIF1A	1714	3	1711
TMEM151A	2	0	2
CD248	10	2	8
RIN1	1082	1	1081
BRMS1	1019	2	1017
B4GAT1	856	0	856
B4GAT1-DT	4	269	7
TRS-GCT3-1	0	0	0
SLC29A2	632	9	895
NPAS4	0	0	0
LOC124900311	0	0	0
MRPL11	884	1	884
PELI3	260	5	334
DPP3-DT	18	86	14
DPP3	1191	0	1195
BBS1	267	6	314
ZDHHC24	840	55	838
ACTN3	1	1	0
CTSF	481	0	481
CCDC87	7	0	7
CCS	380	0	380
RBM14-RBM4	0	0	0
RBM14	1465	0	1465
RBM4	414	39	489
RBM4B	167	78	204
SPTBN2	1644	4	1640
TOP6BL	351	33	318
RCE1	541	68	474
PC	5688	3	5712
LRFN4	2524	68	2482
MIR3163	0	0	0
C11orf86	1407	0	1407
SYT12	2108	3	2105
MIR6860	0	0	0
RHOD	403	0	403
LOC107984341	0	0	0
KDM2A	871	1	870
LOC124902695	0	0	0
LOC124902839	0	0	0
GRK2	1243	8	1235
ANKRD13D	360	2	358
SSH3	491	0	491
LOC100130987	38	3	35
POLD4	361	0	361
CLCF1	128	4	124
RAD9A	291	367	325
PPP1CA	2465	36	2834
TBC1D10C	9	9	0
CARNS1	8	10	2
RPS6KB2	1777	1	1777
CORO1B	2470	1	2469
PTPRCAP	0	0	0
GPR152	0	0	0
CABP4	1	1	0
TMEM134	442	5	437
AIP	636	0	636
MIR6752	0	0	0
PITPNM1	1894	1	1893
CDK2AP2	623	3	620
CABP2	0	0	0
GSTP1	1	0	1
NDUFV1-DT	0	0	0
NDUFV1	2521	6	2515
DOC2GP	1	0	1
LOC124902696	1	1	0
NUDT8	67	0	67
TBX10	1	1	0
ACY3	0	0	0
ALDH3B2	0	0	0
LOC105369358	0	0	0
FAM86C2P	111	0	111
LOC112268076	0	0	0
LINC02754	0	0	0
LOC124900601	0	0	0
LOC124902697	0	0	0
UNC93B1	837	0	837
ALDH3B1	2640	0	2642
GLTC1	29	31	0
NDUFS8	1289	0	1289
MIR7113	1	0	1
MIR4691	4	0	4
TCIRG1	1313	133	1331
MIR6753	1	0	1
CHKA	289	21	419
CHKA-DT	14	0	14
KMT5B	195	0	195
C11orf24	554	0	554
LOC105369363	1	0	1
LRP5	2450	2	2448
LOC124900302	10	0	10
LOC124902698	0	0	0
PPP6R3	832	0	832
LOC107984343	0	445	0
GAL	318	1	762
TESMIN	49	0	49
CPT1A	1590	2	1588
LOC124902699	1	1	0
LOC124902700	1	0	1
LINC02701	0	0	0
MRPL21	363	0	363
IGHMBP2	401	0	401
MRGPRD	0	0	0
MRGPRF	2	0	2
MRGPRF-AS1	0	0	0
LOC124902701	0	0	0
LOC124902702	0	0	0
TPCN2	294	0	294
MIR3164	1	0	1
LOC338694	0	0	0
SMIM38	13	0	13
LOC105369366	0	0	0
LOC105369367	0	0	0
LOC105369368	0	0	0
MYEOV	34	0	34
LOC105369370	4	0	4
LINC02953	0	0	0
LINC02952	0	0	0
LOC124902703	0	0	0
LINC02747	1	0	1
LINC01488	0	0	0
CCND1	2324	7	2318
LOC124902704	2	0	2
LTO1	152	0	153
FGF19	0	0	0
FGF4	0	0	0
FGF3	0	0	0
LOC107984368	0	0	0
ANO1	0	0	0
LINC02753	0	0	0
LOC105369371	0	0	0
LINC02584	0	0	0
LOC101928473	0	0	0
FADD	751	2	749
LOC124902705	4	4	0
PPFIA1	0	0	0
MIR548K	0	0	0
LOC107984346	0	0	0
LOC105369373	0	0	0
CTTN-DT	0	0	0
CTTN	0	0	0
SHANK2	0	0	0
SHANK2-AS1	0	0	0
SHANK2-AS3	0	0	0
MIR3664	0	0	0
LOC124902706	0	0	0
ACTE1P	0	0	0
DHCR7	1798	12	1797
DHCR7-DT	3	0	11
NADSYN1	681	0	681
MIR6754	0	0	0
KRTAP5-7	0	0	0
KRTAP5-8	0	0	0
KRTAP5-9	0	0	0
KRTAP5-10	0	0	0
KRTAP5-11	0	0	0
FAM86C1P	16	1	58
ALG1L9P	17	59	1
XNDC1N-ZNF705EP-ALG1L9P	30	24	6
ZNF705EP	2	1	1
DEFB108B	0	0	0
XNDC1N	5	0	5
DEFB131B	0	2	0
RNF121	292	0	292
IL18BP	79	677	79
NUMA1	1572	58	3299
NUMA1-AS1	1	1094	15
MIR3165	0	0	0
LRTOMT	1	206	3
LRRC51	12	4	8
LAMTOR1	752	1	751
TOMT	0	0	0
ANAPC15	26	5	234
FOLR3	4	0	4
FOLR1-AS1	0	0	0
FOLR1	6539	3	6536
FOLR2	0	0	0
INPPL1	7313	4	7311
PHOX2A	0	2	0
CLPB	761	0	968
LOC124902708	1	208	0
LOC112268077	0	0	0
LOC105369376	1	0	1
LINC01537	36	24	13
PDE2A	3211	9	3731
PDE2A-AS2	2	528	2
LOC105369377	0	0	0
MIR139	0	0	0
PDE2A-AS1	0	0	0
ARAP1	1708	1	1839
ARAP1-AS2	2	134	0
STARD10	122	2	120
MIR4692	0	0	0
LOC107984421	34	0	34
ATG16L2	254	87	253
FCHSD2	211	13	284
IUR1	0	0	0
LOC124902709	5	0	5
P2RY2	81	0	81
LOC105369382	0	0	0
P2RY6	542	0	542
ARHGEF17-AS1	4	43	20
ARHGEF17	816	16	859
LOC124902710	5	0	5
RELT	528	0	528
FAM168A	1050	19	1031
PLEKHB1	0	0	0
RAB6A	1487	12	1476
LOC124902711	5	0	6
MRPL48	399	5	394
COA4	1289	3	1300
PAAF1	341	14	341
DNAJB13	17	16	1
UCP2	3674	0	3674
UCP3	42	0	42
C2CD3	505	1	504
PPME1	2000	0	2000
LOC105369383	2	0	2
P4HA3	149	7	173
LOC124902824	4	4	0
P4HA3-AS1	0	30	1
LOC112268078	0	8	0
PGM2L1	227	0	235
MIR548AL	0	0	0
KCNE3	0	0	0
LOC107984356	1	0	1
LIPT2	19	8	43
LIPT2-AS1	20	24	28
LOC124902712	0	0	0
LOC105369386	0	0	0
POLD3	772	0	772
CHRDL2	34	0	34
LOC124902713	2	2	0
LOC124902714	0	0	0
LOC124900308	0	0	0
MIR4696	0	0	0
RNF169	546	38	805
LOC124902715	0	0	0
XRRA1	86	265	118
LOC107984352	0	0	0
SPCS2	1110	1	1109
NEU3	437	0	437
OR2AT4	0	0	0
LOC107984358	0	0	0
SLCO2B1	0	0	0
TPBGL-AS1	0	0	0
LOC124902716	0	0	0
LOC124902717	0	0	0
TPBGL	0	0	0
ARRB1	488	0	488
MIR326	0	0	0
RPS3	22827	18	22809
SNORD15A	0	0	0
SNORD15B	2	0	2
KLHL35	97	2	95
GDPD5	661	0	661
LOC105369389	0	0	0
SERPINH1	11200	9	11191
MAP6-AS1	0	0	0
MAP6	0	0	0
LOC105369392	0	0	0
MOGAT2	0	0	0
DGAT2-DT	0	0	0
DGAT2	420	0	420
UVRAG-DT	3	1	2
UVRAG	710	0	710
WNT11	30	11	24
LOC112268079	0	4	6
LINC02761	0	1	4
TRP-AGG2-4	0	0	0
TRP-TGG2-1	0	0	0
LOC105369395	0	0	0
THAP12	473	0	473
GVQW3	100	0	100
EMSY-DT	77	0	77
EMSY	358	2	356
LINC02757	1	0	1
LRRC32-AS1	0	3	0
LRRC32	34	0	37
GUCY2EP	79	0	79
LOC105369397	13	3	10
LOC124902719	49	0	49
TSKU	2750	6	2745
TSKU-AS1	5	1	5
LOC124902720	0	0	0
ACER3	280	0	288
ACER3-AS1	0	8	0
B3GNT6	0	0	0
LOC105369399	0	0	0
LOC105369400	0	0	0
CAPN5	69	0	69
OMP	1	0	1
MYO7A	24	0	24
GDPD4	0	0	0
PAK1	432	1	431
LOC124902722	4	0	4
LINC03030	0	0	0
AQP11	14	14	0
CLNS1A	1063	0	1063
LOC107984369	0	0	0
RSF1	470	36	470
RSF1-IT1	2	0	2
AAMDC	79	132	117
INTS4	303	3	434
NDUFC2-KCTD14	0	0	0
KCTD14	0	0	0
LOC124902723	0	0	0
THRSP	1	0	1
NDUFC2	56	0	56
LOC105369401	0	0	0
ALG8	1018	1	1017
KCTD21-AS1	14	94	14
KCTD21	246	0	340
USP35	264	13	279
GAB2	136	32	132
LOC105369402	0	0	0
LINC02728	1	0	1
NARS2	394	0	394
LOC105369403	0	0	0
NARS2-AS1	0	0	0
TENM4	18	0	18
LOC124902724	0	0	0
TENM4-AS1	0	0	0
MIR708	0	0	0
MIR5579	0	0	0
LOC105369405	0	0	0
LOC105369406	0	0	0
LOC105369408	0	0	0
LOC105369409	0	0	0
LINC02720	0	0	0
MIR4300HG	0	0	0
MIR4300	0	0	0
LOC105369410	0	0	0
FAM181B	0	0	0
LINC02734	0	0	0
PRCP	2407	3	2404
LOC124902840	0	0	0
LOC124902602	0	0	0
DDIAS	257	0	257
RAB30	625	0	625
SNORA70E	0	0	0
RAB30-DT	10	0	44
LINC02951	3	37	0
LOC124902725	0	0	0
LOC124902726	0	0	0
PCF11	521	32	594
ANKRD42-DT	44	55	45
PCF11-AS1	1	22	28
ANKRD42	237	163	224
CCDC90B	262	0	451
CCDC90B-AS1	3	39	3
LOC105369420	0	0	0
DLG2	113	5	111
LOC107984425	22	2	20
DLG2-AS2	2	0	2
LOC124902729	0	0	0
LOC105369416	0	0	0
LOC124902727	0	0	0
TMEM126B	662	0	665
TMEM126A	351	8	343
CREBZF	2060	0	2060
CCDC89	0	0	0
SYTL2	8	0	8
CCDC83	0	0	0
PICALM	2728	0	2728
LOC124902730	10	0	10
LOC124902731	2	0	2
LOC124902829	0	0	0
LINC02695	2	0	2
EED	518	5	513
MIR6755	0	0	0
HIKESHI	328	0	328
LOC105369421	1	0	1
CCDC81	6	0	6
ME3	401	2	399
LOC102724775	2	0	2
PRSS23	12570	278	12669
OR7E2P	0	0	0
PRSS23-AS1	1	0	1
FZD4	1067	111	1333
FZD4-DT	13	0	13
LOC105369422	1	1	0
TMEM135	762	0	762
LOC107984361	0	0	0
LINC02711	0	0	0
RAB38	1	0	1
MIR3166	0	0	0
CTSC	3506	2	3504
LOC101929174	8	0	8
GRM5-AS1	0	0	0
GRM5	0	0	0
TYR	0	0	0
NOX4	0	0	0
FOLH1B	0	0	0
TRIM77	0	0	0
TRIM49	0	0	0
TRIM64GP	0	0	0
TRIM64B	0	0	0
TRIM49D1	0	0	0
TRIM49D2	0	0	0
TRIM64	0	0	0
TRIM51EP	0	0	0
TRIM53AP	0	0	0
TRIM49C	0	0	0
UBTFL1	0	0	0
LOC124900309	0	0	0
NAALAD2	0	0	0
CHORDC1	0	0	0
LOC124902812	0	0	0
DISC1FP1	0	0	0
MIR4490	0	0	0
MIR1261	0	0	0
LINC02748	0	0	0
LOC107984371	0	0	0
LINC02756	0	0	0
LOC105369429	0	0	0
FAT3	0	0	0
LOC124902732	0	0	0
LINC02746	0	0	0
LOC124902733	0	0	0
MTNR1B	0	0	0
SLC36A4	284	1	283
LOC112268080	0	0	0
DEUP1	0	0	0
LOC124902734	0	0	0
SMCO4	450	0	450
CEP295	451	80	435
SCARNA9	0	0	0
TAF1D	1022	6	1073
SNORA25	1	0	1
SNORA32	24	0	24
SNORD6	10	0	10
SNORA1	6	0	6
SNORA8	12	0	12
SNORD5	0	0	0
SNORA18	0	0	0
MIR1304	20	0	20
SNORA40	145	1	144
C11orf54	446	3	443
MED17	940	3	937
LOC124902836	1	0	1
VSTM5	0	0	0
HEPHL1	6	5	2
LOC124902735	0	0	3
PANX1	383	0	383
LOC105369435	2	0	2
IZUMO1R	0	0	0
GPR83	6	0	6
MRE11	577	3	575
MIR548L	0	0	0
ANKRD49	186	0	187
C11orf97	0	0	0
FUT4	11	0	17
PIWIL4-AS1	0	6	0
PIWIL4	0	0	0
LINC02700	0	0	0
AMOTL1	969	0	969
CWC15	523	0	523
KDM4D	49	0	49
KDM4E	0	0	0
LOC107984375	0	0	0
KDM4F	0	0	0
SRSF8	646	0	646
ENDOD1	330	0	330
LNCRNA-IUR	0	0	0
SESN3	622	5	621
LOC100129203	6	0	10
LOC105369439	0	0	0
LOC105369440	0	0	0
LOC105369441	0	0	0
LOC107984377	0	0	0
FAM76B	185	2	185
CEP57	857	14	845
MTMR2	1037	13	1024
MAML2	67	0	70
MIR1260B	0	3	0
CCDC82	179	0	179
JRKL	129	0	129
JRKL-AS1	0	0	0
LINC02737	0	0	0
LOC105369448	0	0	0
LINC02553	0	0	0
LOC105369450	0	0	0
LOC105369451	0	0	0
LOC105369452	0	0	0
LOC105369453	0	0	0
LINC02713	0	0	0
LOC105369455	0	0	0
CNTN5	0	0	0
LOC107984431	0	0	0
LOC105369456	0	0	0
LOC124902736	0	0	0
ARHGAP42-AS1	4	10	4
ARHGAP42	211	0	221
LOC105369457	0	0	0
SNORD13I	0	0	0
PGR	0	0	0
PGR-AS1	0	0	0
LOC105369458	0	0	0
LOC124902737	0	0	0
TRPC6	0	0	0
MIR3920	0	0	0
LOC124902738	0	0	0
ANGPTL5	1	0	1
CEP126	37	13	24
CFAP300	0	0	0
LOC124902830	0	0	0
YAP1-DT	13	31	19
YAP1	2612	17	2632
LOC105369460	0	0	0
LOC124902739	1	0	2
BIRC3	132	1	132
BIRC2	407	2	405
TMEM123	2030	1	2032
TMEM123-DT	3	3	3
LOC124902740	0	0	0
LOC102723838	0	0	0
MMP7	13	0	13
MMP20	0	0	0
MMP20-AS1	0	0	0
MMP27	0	0	0
MMP8	0	0	0
MMP10	0	0	0
WTAPP1	0	0	0
MMP1	0	0	0
MMP3	1	0	1
LOC124902741	0	0	0
MMP12	0	0	0
MMP13	2	0	2
DCUN1D5	649	0	649
DYNC2H1	72	0	72
LOC105369463	0	0	0
LOC102723862	0	0	0
MIR4693	0	0	0
PDGFDDN	0	0	0
PDGFD	1	0	1
DDI1	0	0	0
LOC102723879	0	0	0
LINC02552	0	0	0
LOC105369466	0	0	0
LOC107984380	0	0	0
CASP12	0	0	0
CASP4LP	0	0	0
CASP4	3	0	53
LOC124902813	0	50	0
CASP5	1	0	1
LOC124902742	0	1	0
CASP1	299	0	300
CARD16	86	0	86
LOC107984381	0	0	0
CASP1P2	0	0	0
CARD17P	1	0	1
CARD18	0	0	0
LOC105369468	0	0	0
LOC105369469	0	0	0
GRIA4	0	0	0
LOC124902743	0	0	0
MSANTD4	157	0	157
KBTBD3	31	0	31
AASDHPPT	634	0	634
LINC02719	0	0	0
LOC101928535	0	0	0
LOC105369474	0	0	0
LOC124902744	0	0	0
GUCY1A2	85	4	81
LOC112268081	0	0	0
LOC105369475	0	0	0
LOC105369477	5	0	5
LOC124902745	0	0	0
CWF19L2	93	0	93
ALKBH8	50	0	50
ELMOD1	0	0	0
SLN	0	0	0
SLC35F2	671	0	672
LOC124902746	1	1	1
LOC124902747	0	0	0
RAB39A	0	0	0
CUL5	240	3	237
LOC124902748	0	0	0
ACAT1	1089	0	1089
NPAT	202	0	202
ATM	272	0	307
C11orf65	1	35	1
POGLUT3	402	2	438
LOC124902749	1	37	0
LOC112267909	4	0	6
EXPH5	32	0	32
DDX10	199	0	200
LOC124902750	1	2	0
C11orf87	0	0	0
LINC02715	0	0	0
LOC105369483	0	0	0
LOC105369484	0	0	0
ZC3H12C	196	0	196
RDX	1567	0	1567
LOC124902752	0	0	0
LINC02732	66	0	66
LOC107984385	1	1	0
FDX1	382	1	381
ARHGAP20	0	0	0
LOC124902753	0	0	0
LOC124902754	0	0	0
LOC105369488	0	0	0
LOC105369489	0	0	0
LINC02550	0	0	0
LOC102723966	0	0	0
POU2AF2	0	0	0
COLCA1	0	0	0
POU2AF3	0	0	0
LOC105369491	0	0	0
LOC124902755	0	0	0
MIR4491	0	0	0
POU2AF1	0	0	0
BTG4	0	0	0
LOC100132078	0	0	0
LOC107984386	0	0	0
LOC644277	0	0	0
MIR34BHG	0	0	0
MIR34B	0	0	0
MIR34C	0	0	0
HOATZ	0	0	0
LAYN	0	0	0
SIK2	1270	38	1410
PPP2R1B	1167	182	1163
ALG9	521	0	521
LOC124902756	2	2	0
FDXACB1	41	10	41
CFAP68	85	0	95
CRYAB	90	1	89
HSPB2	1	0	1
HSPB2-C11orf52	0	0	0
C11orf52	0	0	0
DIXDC1	381	0	381
DLAT	1552	1	1582
PIH1D2	8	30	9
NKAPD1	541	59	501
TIMM8B	521	15	526
SDHD	1067	2	1066
IL18	765	0	765
TEX12-AS1	0	0	0
TEX12	0	0	0
BCO2	73	0	73
PTS	360	0	360
PLET1	0	0	0
LOC100132686	0	0	0
LINC02762	2	0	2
LOC107984388	0	0	0
LOC107984389	0	0	0
LINC02763	0	0	0
LINC02764	0	0	0
LOC124902757	0	0	0
LOC105369496	0	0	0
LOC124902801	0	0	0
LOC105369498	0	0	0
NCAM1-AS2	0	0	0
NCAM1	1	0	1
NCAM1-AS1	0	0	0
TTC12-DT	0	0	0
TTC12	143	0	143
ANKK1	2	0	2
DRD2	0	0	0
MIR4301	0	0	0
LOC105369501	0	0	0
LOC107984390	0	0	0
LOC124902758	2	0	2
TMPRSS5	4	0	4
ZW10	196	0	196
CLDN25	0	0	0
USP28	680	0	680
LOC124902821	0	0	0
HTR3B	0	0	0
HTR3A	7	0	7
LOC124902760	0	0	0
LOC124902759	0	0	0
LOC124902761	0	0	0
ZBTB16	0	0	0
NNMT	1961	0	1961
LOC101928940	0	0	0
LOC107984391	0	0	0
C11orf71	63	14	52
RBM7	285	0	288
REXO2	830	0	830
NXPE2	4	0	4
NXPE1	0	0	0
LOC124902825	0	0	0
NXPE4	0	0	0
LOC105369506	0	0	0
CADM1	380	0	380
LOC105369509	0	0	0
CADM1-AS1	0	0	0
LOC105369511	0	0	0
LOC124902826	0	0	0
LINC02698	0	0	0
LOC101928985	0	0	0
LINC00900	0	0	0
LOC107987165	0	0	0
LINC02703	0	0	0
LOC105369513	0	0	0
LOC107984393	0	0	0
LOC107987166	0	0	0
LOC124902834	0	0	0
LINC02151	0	0	0
LOC107984372	0	0	0
LINC02702	0	0	0
BUD13	199	0	199
BUD13-DT	1	2	2
ZPR1	489	1	491
APOA5	0	0	0
LNC-RHL1	0	0	0
APOA4	0	0	0
APOC3	1	0	1
APOA1	0	0	0
APOA1-AS	0	0	0
SIK3	761	0	762
LOC124902763	0	0	0
PAFAH1B2	1051	1	1051
SIDT2	618	28	762
LOC100652768	32	178	35
TAGLN	34	534	45
PCSK7	586	22	1099
RNF214	221	49	227
LOC124900313	1	0	1
BACE1	359	82	361
BACE1-AS	7	25	11
CEP164	463	1	462
DSCAML1	1	0	1
LOC105369515	0	0	0
FXYD6-FXYD2	0	0	0
FXYD2	0	0	0
FXYD6-AS1	0	0	0
FXYD6	0	0	0
TMPRSS13	0	0	0
IL10RA	0	0	0
SMIM35	0	0	0
TMPRSS4	0	0	0
LOC105369517	0	0	0
SCN4B	0	0	0
SCN2B	2	0	2
JAML	0	0	0
MPZL3	53	1	52
MPZL2	374	0	374
CD3E	0	0	0
CD3D	0	0	0
CD3G	0	0	0
UBE4A	451	0	495
LOC100131626	0	44	0
ATP5MG	1389	0	1389
KMT2A	624	1	673
TTC36-AS1	0	54	0
TTC36	0	0	3
TMEM25	2	0	2
IFT46	74	7	76
LOC124902764	0	8	0
ARCN1	1932	2	1941
LOC124902765	6	10	6
PHLDB1	540	0	710
MIR6716	0	0	0
TREH	1	171	0
LOC105369519	4	4	0
LOC124902766	332	6	326
DDX6	1375	4	1371
CXCR5	2	1482	2
LOC124902767	1	0	1
BCL9L	2773	10	4247
MIR4492	17	17	0
UPK2	3	0	5
FOXR1	0	0	0
LOC124902768	0	0	0
CENATAC-DT	0	0	0
CENATAC	0	0	0
RPL23AP64	0	0	0
RPS25	0	0	0
TRAPPC4	0	0	0
SLC37A4	131	0	131
HYOU1	0	0	0
HYOU1-AS1	0	0	0
LOC124902769	0	0	0
VPS11	0	0	0
HMBS	763	0	763
DPAGT1	870	15	855
H2AX	0	0	0
C2CD2L	258	0	258
HINFP	263	0	263
ABCG4	3	0	3
NLRX1	792	0	792
NHERF4	0	0	0
DRC12	5	0	5
SNORD150	0	0	0
CBL	644	1	643
MCAM	8220	4	8216
MIR6756	0	0	0
RNF26	1209	0	1209
C1QTNF5	0	0	0
MFRP	0	0	0
USP2	227	4	226
USP2-AS1	16	0	19
THY1	6	2	4
LOC124902770	0	0	0
LOC107984398	0	0	0
LOC105369520	0	0	0
NECTIN1	340	0	340
LOC124900303	4	0	4
NECTIN1-AS1	0	0	0
NECTIN1-DT	3	0	3
LOC124902771	0	0	0
LOC124902772	0	0	0
LOC105369526	0	0	0
LINC02744	0	0	0
LOC105369527	0	0	0
LOC105378956	0	0	0
TRIM29	2564	2	2841
LOC105369529	0	279	0
LOC107984399	0	0	0
LOC124902773	0	0	0
LOC105369530	0	0	0
OAF	1703	3	1700
POU2F3	55	0	55
POU2F3-AS1	0	0	0
LOC105369531	0	0	0
TLCD5	6	0	6
ARHGEF12	1309	0	1309
GRIK4	0	0	0
LOC105369532	0	0	0
LOC101929227	0	0	0
LOC101929208	0	0	0
TBCEL-TECTA	0	0	0
TBCEL	141	0	141
TECTA	0	0	0
LOC105369533	0	0	0
LOC105369534	0	0	0
SC5D	212	0	212
SORL1-AS1	0	0	0
SORL1	0	0	0
LOC105369535	0	0	0
LOC107984402	0	0	0
MIR100HG	48	0	48
MIR125B1	0	0	0
BLID	0	0	0
MIRLET7A2	0	0	0
MIR10526	0	0	0
MIR100	0	0	0
TRK-TTT2-1	0	0	0
UBASH3B	409	0	409
LOC124902828	0	0	0
CRTAM	0	0	0
JHY	0	0	0
LOC124902774	0	0	0
BSX	0	0	0
SAE1P1	0	0	0
HSPA8	17402	2	17400
SNORD14E	3	0	3
SNORD14D	0	0	0
SNORD14C	0	0	0
LOC124902775	23	249	24
CLMP	1349	3	1595
LOC105369540	0	0	0
LOC105369539	0	0	0
LOC124900305	0	0	0
LINC02727	0	0	0
GRAMD1B	2792	2	2978
MIR4493	0	0	0
LOC124902776	14	189	13
SCN3B	2	0	2
LOC124902777	0	0	0
LOC105369543	0	0	0
ZNF202	118	0	118
OR6X1	0	0	0
LOC105369544	0	0	0
OR6M1	0	0	0
TMEM225	0	0	0
OR8D4	0	0	0
OR4D5	0	0	0
OR6T1	0	0	0
OR10S1	0	0	0
OR10G6	0	0	0
OR10G4	0	0	0
OR10G9	0	0	0
OR10G8	0	0	0
OR10G7	0	0	0
LOC105369545	0	0	0
VWA5A	1645	0	1645
LOC124902778	0	0	0
OR10D3	0	0	0
OR8G3	0	0	0
LOC102724410	2	0	2
OR8G2P	0	0	0
OR8G1	0	0	0
OR8G5	0	0	0
OR8D1	1	0	1
LOC112268069	0	0	0
OR8D2	0	0	0
OR8B2	0	0	0
OR8B3	0	0	0
LOC107984404	0	0	0
OR8B4	0	0	0
OR8B8	0	0	0
OR8B12	0	0	0
OR8A1	0	0	0
PANX3	0	0	0
LOC124902779	0	61	0
TBRG1	163	12	357
SIAE	536	182	546
SPA17	26	0	73
LOC124902780	0	0	0
LOC107984405	0	0	0
NRGN	11	2	138
NRGN-AS1	3	127	5
VSIG2	1	1	0
ESAM	50	0	51
ESAM-AS1	16	4	13
MSANTD2	125	4	124
MSANTD2-AS1	4	3	4
ROBO3	0	0	0
ROBO4	0	0	0
LOC107984406	0	0	0
HEPACAM	0	0	0
HEPN1	0	0	0
CCDC15-DT	0	0	0
CCDC15	0	0	0
SLC37A2	3	3	0
TMEM218	162	0	162
PKNOX2-DT	0	0	0
PKNOX2	0	0	0
PKNOX2-AS1	0	0	0
FEZ1	0	0	0
LOC403312	0	0	0
STT3A-AS1	4	0	4
EI24	1587	0	1587
STT3A	2291	7	2284
CHEK1	487	17	495
LOC118567325	0	5	17
ACRV1	0	3	0
LOC105369551	0	0	0
PATE1	0	0	0
PATE2	0	0	0
PATE3	0	0	0
PATE4	0	0	0
LINC03136	0	0	0
HYLS1	0	0	0
PUS3	165	0	165
DDX25	0	0	0
DDX25-AS1	0	0	0
VSIG10L2	62	0	62
CDON	298	0	298
LOC124902782	0	0	0
LOC107984407	0	0	0
LOC124902784	0	0	0
LOC105369591	1	0	1
LOC124902783	0	0	0
RPUSD4	434	0	434
FAM118B	82	48	170
SRPRA	3585	96	3625
FOXRED1	1027	0	1027
TIRAP	123	2	147
TIRAP-AS1	37	163	5
DCPS	676	14	771
GSEC	122	5	123
ST3GAL4	1434	0	1439
KIRREL3	23	26	2
KIRREL3-AS1	7	0	7
KIRREL3-AS4	4	0	4
LOC124902785	0	0	0
LOC105369561	0	0	0
LOC105369559	0	0	0
KIRREL3-AS2	0	0	0
MIR3167	0	0	0
LOC105369558	0	0	0
KIRREL3-AS3	0	0	0
LOC101929473	0	0	0
LOC105369562	0	0	0
LOC107984379	0	0	0
LINC02712	0	0	0
LOC107984373	0	0	0
LOC107984374	0	0	0
LINC02725	0	0	0
LINC02098	0	0	0
LOC124902786	0	0	0
LOC124902787	0	0	0
LOC124902788	0	0	0
LOC124902789	0	0	0
ETS1	178	0	178
MIR6090	0	0	0
ETS1-AS1	0	0	0
LOC124902790	0	0	0
LOC105369565	0	0	0
LOC105369568	0	0	0
LOC101929538	0	0	0
FLI1	0	0	0
SENCR	0	0	0
KCNJ1	0	0	0
LOC107984409	0	0	0
KCNJ5	0	0	0
KCNJ5-AS1	0	0	0
TP53AIP1	1	0	1
ARHGAP32	179	0	179
LOC399975	9	0	9
LOC124902791	0	0	0
LOC105369571	0	0	0
LOC105369572	0	0	0
BARX2	0	0	0
LINC01395	0	0	0
LOC124902792	0	0	0
LOC124902793	0	0	0
TMEM45B	6	5	1
NFRKB	1026	0	1026
PRDM10	114	0	118
PRDM10-DT	0	4	0
LOC107984432	3	0	3
APLP2	9494	1	9493
ST14	680	3	677
ZBTB44	343	3	340
ZBTB44-DT	0	0	0
ADAMTS8	2	2	0
ADAMTS15	327	0	327
LOC105369574	2	0	2
MIR8052	0	0	0
LINC02873	2	0	2
LOC105369575	1	0	1
LOC105369576	0	0	0
LINC02551	0	0	0
SNX19	472	0	472
LOC105369577	0	0	0
LOC107984411	0	0	0
LOC105369579	0	0	0
LOC105369578	0	0	0
LOC107984412	0	0	0
LOC124902794	0	0	0
NTM	0	0	0
NTM-AS2	0	0	0
NTM-AS1	0	0	0
NTM-AS3	0	0	0
LOC124902795	0	0	0
NTM-IT	0	0	0
OPCML	0	0	0
LOC105369580	0	0	0
LOC124902796	0	0	0
OPCML-IT1	0	0	0
LOC124902835	0	0	0
LINC02743	0	0	0
SPATA19	0	0	0
IGSF9B	25	0	25
MIR4697	0	0	0
LINC02730	0	0	0
LINC02731	0	0	0
JAM3	1	36	0
LOC124902797	1	0	1
NCAPD3	1932	127	1953
SNORD153	0	0	0
VPS26B	565	6	686
THYN1	187	0	187
ACAD8	354	0	354
GLB1L3	0	0	0
GLB1L2	7	0	7
LOC124902798	0	0	0
B3GAT1	0	0	0
B3GAT1-DT	0	0	0
LOC124902799	0	0	0
LOC105369583	1	0	1
LINC02706	0	0	0
LINC02714	0	0	0
LINC02697	0	0	0
LOC100507548	0	0	0
LINC02717	0	0	0
LOC105369587	0	0	0
LINC02684	0	0	0
WASH8P	0	0	0
LOC107987170	0	0	0
FAM138D	0	0	0
IQSEC3	4	0	5
IQSEC3-AS2	0	0	0
IQSEC3-AS3	0	0	0
IQSEC3-AS1	0	1	0
SLC6A12	11	0	12
SLC6A12-AS1	0	1	0
SLC6A13	1	0	1
LOC102723544	0	0	0
KDM5A	730	0	739
CCDC77	410	9	410
LOC105369594	0	0	0
B4GALNT3	6	1	5
LOC124902853	0	0	0
LOC124902852	0	0	0
NINJ2	228	12	221
LOC105369595	0	0	0
NINJ2-AS1	68	2	71
LINC02455	0	0	0
LOC101929432	0	0	0
WNK1	6875	16	6862
RAD52	203	3	233
LOC124902855	0	24	0
ERC1	1356	5	1356
LOC124902857	0	0	0
LOC124902854	4	0	4
LOC107987182	0	0	0
LOC124902856	3	0	3
LINC00942	4	0	4
LOC107984507	0	0	0
FBXL14	456	4	452
WNT5B	0	0	0
MIR3649	0	0	0
ADIPOR2	0	0	0
CACNA2D4	0	0	0
LOC105369602	0	0	0
LOC105369601	0	0	0
LRTM2	0	0	0
LOC124902858	0	0	0
LINC00940	0	0	0
DCP1B	0	0	0
CACNA1C	0	0	0
CACNA1C-IT1	0	0	0
CACNA1C-IT2	0	0	0
LOC107984131	0	0	0
CACNA1C-AS4	0	0	0
CACNA1C-IT3	0	0	0
CACNA1C-AS2	0	0	0
CACNA1C-AS1	0	0	0
LINC02371	2	2	0
ITFG2-AS1	7	38	11
FKBP4	5654	9	5661
ITFG2	110	1212	157
NRIP2	24	30	0
TEX52	9	9	0
FOXM1	2384	35	3585
RHNO1	833	2	835
LOC124902860	1	0	1
TULP3	810	1	809
LOC124903097	0	0	0
LOC124902859	24	131	28
TEAD4	591	8	718
TSPAN9	302	0	302
TSPAN9-IT1	0	0	0
LOC124902861	0	0	0
LOC100128253	0	0	0
LINC02827	1	0	1
LINC02417	0	0	0
PRMT8	0	0	0
LOC105369607	0	0	0
LOC124902862	0	0	0
THCAT155	0	0	0
CRACR2A	0	0	0
LOC107984495	0	0	0
PARP11	0	0	0
PARP11-AS1	0	0	0
LOC105369608	0	0	0
LINC03141	0	0	0
LOC124900317	0	0	0
LOC105369612	0	0	0
CCND2-AS1	0	0	0
CCND2	0	0	0
TIGAR	518	0	518
FGF23	0	0	0
FGF6	0	0	0
FERRY3	332	0	332
RAD51AP1	389	0	389
DYRK4	15	0	15
AKAP3	2	0	2
NDUFA9	1627	1	1626
GAU1	1	1	0
GALNT8	0	0	0
LOC124902863	0	0	0
KCNA6-AS1	0	0	0
KCNA6	0	0	0
KCNA1	0	0	0
LOC100507560	0	0	0
KCNA5	0	0	0
LOC105369617	0	0	0
LOC124902864	0	0	0
LOC105369616	0	0	0
LINC02443	0	0	0
LOC105369618	0	0	0
NTF3	0	0	0
LOC124902865	0	0	0
ANO2	0	0	0
LOC105369621	0	0	0
VWF	2	0	2
SNORA120	0	0	0
LOC124902866	2	0	2
LOC105369623	0	0	0
LOC105369622	0	0	0
CD9	3632	1	3631
LOC105369625	0	0	0
PLEKHG6	44	8	37
TNFRSF1A	6177	1	6177
LOC112268088	1	143	0
SCNN1A	1013	33	1587
LOC107984500	5	385	0
LOC105369626	7	4	3
LTBR	4471	69	4493
CD27-AS1	39	0	47
CD27	2	8	0
TAPBPL	97	92	77
VAMP1	174	1	243
MRPL51	1303	1	1302
NCAPD2	3986	20	3972
SCARNA10	2	0	2
GAPDH-DT	17	19	16
GAPDH	128916	59	128872
IFFO1	1	2	1
NOP2	3383	4	3382
CHD4-AS1	7	1027	0
CHD4	5869	1	6886
SCARNA11	0	0	0
LOC124902867	0	0	0
LOC105369631	2	2	0
LPAR5	83	1	82
ACRBP	3	0	3
ING4	496	0	496
ZNF384	1461	1	1460
PIANP	10	8	2
COPS7A	1633	3	1630
MLF2	6461	2	6459
PTMS	3766	16	3750
LAG3	4	0	4
CD4	0	0	0
GPR162	1	0	1
P3H3	1	0	1
GNB3	4	71	1
CDCA3	676	1	743
USP5	3530	9	3521
TPI1	27082	11	27074
SPSB2	282	5	280
LOC105369632	22	24	0
RPL13P5	41	0	43
DSTNP2	61	0	61
LRRC23	115	1	114
ENO2	1	0	2
LOC124902868	44	49	7
ATN1	5314	7	5318
C12orf57	1919	69	1850
RNU7-1	3	2	1
PTPN6	186	4	184
LOC105369634	1	0	3
MIR200CHG	0	0	0
MIR200C	0	0	0
MIR141	0	0	0
PHB2	7829	2	7827
SCARNA12	7	0	7
EMG1	1264	2663	1365
LPCAT3	749	155	3358
C1S	3571	2	3569
C1R	0	0	0
C1RL	0	0	0
C1RL-AS1	0	0	0
RBP5	0	0	0
CLSTN3	0	0	0
LOC124902869	0	0	0
PEX5	0	0	0
ACSM4	0	3	0
CD163L1	13	0	16
LOC101927882	0	0	0
CD163	0	0	0
LOC124902870	0	0	0
APOBEC1	0	0	0
GDF3	0	0	0
DPPA3	0	0	0
CLEC4C	0	0	0
NANOGNB	0	0	0
NANOG	0	0	0
SLC2A14	4	1	3
SLC2A3	6540	3	6537
LOC124902871	105	0	105
FOXJ2	744	8	736
C3AR1	1	1	0
NECAP1	627	0	627
CLEC4A	2	0	2
POU5F1P3	0	0	0
ZNF705A	0	0	0
FAM66C	0	0	0
FAM90A1	3	0	3
FAM86FP	19	0	54
LINC02449	7	42	0
LOC112268090	2	0	2
LOC107987171	0	0	0
LINC00937	0	0	0
CLEC6A	0	0	0
CLEC4D	0	0	0
CLEC4E	0	0	0
LOC124902872	0	0	0
LOC105369645	0	0	0
LOC124900334	0	0	0
AICDA	0	0	0
MFAP5	221	0	221
RIMKLB	1441	0	1511
A2ML1-AS1	0	70	0
LINC02972	16	0	16
A2ML1	0	0	0
PHC1	175	654	188
M6PR	1819	16	2470
KLRG1	96	1	130
LINC00612	7	2	5
A2M-AS1	34	2	37
A2M	43	3	45
PZP	473	502	6
A2MP1	19	135	18
MIR1244-3	2	1	1
LINC00987	88	14	207
LOC642846	375	6	369
LOC105369649	0	0	0
LINC02367	1	5	1
LOC101928030	0	0	0
LOC728715	57	2	60
LOC105369647	0	0	0
DDX12P	506	1	588
LOC124902873	4	87	0
OVOS1P	27	0	27
KLRB1	0	0	0
LOC374443	1	0	1
LOC105369728	0	0	0
CLEC2D	6	0	6
CLECL1	0	0	0
LINC02390	0	0	0
CD69	0	0	0
KLRF1	0	0	0
CLEC2B	6	0	6
CLEC2A	0	0	0
KLRF2	0	0	0
LINC02470	0	0	0
CLEC12A-AS1	0	0	0
CLEC12A	0	0	0
LOC124902874	0	0	0
CLEC1B	0	0	0
CLEC12B	0	0	0
LOC102724020	0	0	0
CLEC9A	0	0	0
CLEC1A	0	0	0
LOC105369655	0	0	0
CLEC7A	0	0	0
OLR1	967	38	972
TMEM52B	111	5	149
GABARAPL1	2908	3	3043
GABARAPL1-AS1	103	241	0
KLRD1	4	0	4
LOC124902875	0	0	0
LOC105369656	0	0	0
LINC02617	0	0	0
LINC02598	0	0	0
KLRK1-AS1	6	5	1
KLRC4-KLRK1	1	0	1
KLRK1	0	0	0
KLRC4	0	0	0
KLRC3	10	0	10
KLRC2	4	0	4
KLRC1	0	0	0
LOC105369657	0	0	0
EIF2S3B	8	0	8
LOC105369658	0	0	0
LINC02446	0	0	0
LOC105376675	2	0	2
KLRA1P	37	0	37
MAGOHB	395	0	395
STYK1	0	0	0
YBX3	7118	38	9454
LOC124902876	1	2341	34
LOC112268104	4	0	4
LINC02366	0	0	0
TAS2R7	0	0	0
TAS2R8	0	0	0
TAS2R9	0	0	0
TAS2R10	0	0	0
PRH1-PRR4	0	0	0
PRR4	0	0	0
PRH1	0	0	0
TAS2R13	0	0	0
PRH2	0	0	0
PRH1-TAS2R14	0	0	0
TAS2R14	0	0	0
TAS2R50	0	0	0
TAS2R20	0	0	0
TAS2R19	0	0	0
TAS2R31	0	0	0
TAS2R46	0	0	0
TAS2R43	0	0	0
TAS2R30	0	0	0
SMIM10L1	0	1	0
TAS2R42	0	0	0
LOC107987435	0	0	0
PRB3	0	0	0
PRB4	0	0	0
PRB1	0	0	0
PRB2	0	0	0
LOC124902878	0	0	0
LOC440084	0	0	0
LOC124902877	0	0	0
LINC01252	0	0	0
ETV6	315	0	315
LOC124902879	0	0	0
BCL2L14	0	0	0
MIR1244-4	0	0	0
LRP6	0	0	0
MANSC1	0	0	0
LOH12CR2	0	0	0
BORCS5	0	0	0
DUSP16	0	0	0
LOC107984486	0	0	0
CREBL2	848	0	848
LOC124902880	0	0	0
GPR19	1	1	1
CDKN1B	2065	3	2063
LOC105369663	3	3	0
APOLD1	72	1	71
MIR613	0	0	0
DDX47	1809	0	1809
RPL13AP20	32	0	32
LOC124902881	5	2	3
GPRC5A	7921	3	7918
MIR614	0	0	0
GPRC5D-AS1	28	5	23
GPRC5D	19	19	0
LOC124903100	0	1	0
HEBP1	642	0	643
HTR7P1	10	2	8
FAM234B	261	0	261
GSG1	0	0	0
LOC105369666	1	0	1
LOC124902882	0	0	0
EMP1	445	1	444
LINC01559	0	0	0
GRIN2B	0	0	0
LOC105369668	0	0	0
LOC105369667	0	0	0
LOC124902883	0	0	0
LOC124902884	2	9	0
ATF7IP	430	0	437
PLBD1	0	0	0
PLBD1-AS2	0	0	0
PLBD1-AS1	0	0	0
GUCY2C	0	0	0
GUCY2C-AS1	0	3	0
LOC105369669	11	0	13
H4C16	1	1	0
H2AJ	987	7	980
WBP11	2722	1	2721
C12orf60	21	0	21
SMCO3	2	2	0
ART4	0	0	0
MGP	207	0	207
LOC124902885	0	0	0
ERP27	0	0	0
ARHGDIB	17	0	17
PDE6H	0	0	0
LINC01489	0	0	0
RERG	139	0	169
RERG-IT1	0	0	0
RERG-AS1	0	0	0
LOC124902887	4	0	4
LOC124902886	1	31	0
LOC105369673	3	0	5
PTPRO	0	2	0
LOC105369672	0	0	0
EPS8	17	0	17
LOC102724146	4	0	4
STRAP	3273	2	3271
DERA	799	0	799
LOC101928362	0	0	0
SLC15A5	0	0	0
MGST1	2814	1	2813
LMO3	1	1	0
LOC105369677	0	0	0
SKP1P2	0	0	0
LINC02378	0	0	0
LOC124902888	0	0	0
LOC124902889	0	0	0
MIR3974	0	0	0
RERGL	0	0	0
PIK3C2G	0	0	0
LOC124902890	0	0	0
LOC124902891	0	0	0
PLCZ1	0	0	0
CAPZA3	0	0	0
LOC102724227	0	0	0
LOC107984527	0	0	0
PLEKHA5	198	0	198
LOC124902892	0	0	0
AEBP2	895	2	893
LOC101928387	47	0	47
LOC105369682	0	0	0
LINC02398	0	0	0
LOC124902893	0	0	0
LOC105369685	0	0	0
LINC02468	0	0	0
LOC105369686	0	0	0
LOC105369687	2	0	2
LOC105369688	0	0	0
PDE3A-AS1	7	134	18
PDE3A	2252	26	2371
SLCO1C1	21	0	21
SLCO1B3	9	0	9
SLCO1B3-SLCO1B7	0	0	0
LOC124902894	0	0	0
SLCO1B1	1	0	1
LOC124902895	0	0	0
SLCO1A2	1	0	1
IAPP	0	0	0
PYROXD1	184	242	273
RECQL	305	93	543
GOLT1B	791	0	791
SPX	0	0	0
GYS2	1	0	1
LOC124902896	0	0	0
LDHB	18966	8	18958
KCNJ8-AS1	0	0	0
LOC102724261	0	0	0
KCNJ8	0	0	0
ABCC9	0	0	0
CMAS	677	0	677
LOC105369690	0	0	0
SULT6B2P	0	0	0
ST8SIA1	0	0	0
LOC112268093	0	0	0
LOC105369151	0	0	0
C2CD5	250	0	250
C2CD5-AS1	0	0	0
ETNK1-DT	0	0	0
ETNK1	631	0	631
LINC02955	0	0	0
SOX5	0	0	0
LOC105369697	0	0	0
MIR920	0	0	0
SOX5-AS1	0	0	0
LINC00477	0	0	0
LOC105369698	0	0	0
LOC124902897	0	0	0
BCAT1	0	0	0
BCAT1-AS1	0	0	0
LOC124902898	0	0	0
BCAT1-DT	0	0	0
LINC02909	0	0	0
IRAG2	0	0	0
DNAI7	2	0	2
ETFRF1	119	0	119
KRAS	1015	8	1009
LOC124902899	2	4	0
LOC105369701	0	0	0
LOC124902900	0	0	0
LMNTD1	2	0	2
MIR4302	0	0	0
RASSF8-AS1	42	0	46
RASSF8	809	24	789
LOC107984501	0	0	0
LOC124902901	0	0	0
BHLHE41	246	0	281
SSPN	1	35	1
SSPN-AS1	0	1	0
LOC105369705	0	0	0
LOC105369704	0	0	0
ITPR2-AS2	0	0	0
LOC107984482	0	0	0
ITPR2	343	3	340
LOC124902903	0	0	0
LOC124902902	0	0	0
INTS13	612	0	612
FGFR1OP2	259	0	259
TM7SF3	2773	1	2772
MED21	666	0	666
C12orf71	0	0	0
STK38L	400	0	400
LOC124902905	0	0	0
LOC124902906	0	0	0
BMAL2	81	0	94
BMAL2-AS1	0	13	0
SMCO2	1	0	1
PPFIBP1	1232	0	1232
MRPS35-DT	1	1	0
REP15	14	0	14
MRPS35	1410	0	1410
MANSC4	5	21	0
KLHL42	608	4	620
LOC105369709	0	0	0
PTHLH	0	0	0
LOC105369710	0	0	0
LOC107984462	0	0	0
LOC729291	17	17	18
CCDC91	179	1	196
LOC105369711	0	0	0
LOC124902907	0	0	0
LOC101928735	0	0	0
LOC124902908	0	0	0
FAR2	16	17	0
FAR2-AS1	0	0	1
ERGIC2	620	1	619
OVCH1-AS1	0	0	0
OVCH1	7	0	7
TMTC1	1229	0	1230
LOC105369714	10	11	0
LOC124902909	0	0	0
LOC105369715	0	0	0
LOC105369716	0	0	0
LINC02386	0	0	0
LOC105369718	0	0	0
LOC105369719	0	0	0
IPO8	1002	1	1001
CAPRIN2	347	0	347
LOC645485	0	0	0
LINC00941	0	0	0
LOC107984476	0	0	0
LOC124902911	1	0	1
TSPAN11	1	1	0
TSPAN11-AS1	4	0	4
DDX11-AS1	34	1	37
DDX11	1873	3	1874
OVOS2P	0	0	0
LOC124902912	0	0	0
SINHCAF	0	0	0
FLJ13224	0	0	0
LINC02387	0	0	0
LOC124903091	0	0	0
DENND5B	1054	2	1053
LOC124903111	2	2	0
DENND5B-AS1	9	6	4
LOC124902913	0	0	0
ETFBKMT	41	40	47
AMN1	37	7	76
LOC105369722	0	0	0
AMN1-AS1	7	0	7
LOC105369724	0	0	0
LOC107984470	0	0	0
H3-5	1	0	1
LINC02422	0	0	0
LOC105369725	0	0	4
RESF1	115	4	115
BICD1-AS1	0	22	0
BICD1	191	0	213
FGD4	129	1	128
LOC124902914	0	0	0
DNM1L	1218	27	1191
YARS2	725	3	722
PKP2	349	0	349
SYT10	0	0	0
LOC105369726	0	0	0
ALG10	119	0	119
LOC124902915	0	0	0
LINC02963	0	0	0
LOC107984469	0	0	0
LOC124902916	0	0	0
ALG10B	243	0	243
LOC124902917	0	0	0
CPNE8	421	52	429
CPNE8-AS1	11	9	62
LOC107984484	0	0	0
LINC02406	0	0	0
KIF21A	346	1	345
LOC101927019	3	3	0
LOC124902919	0	0	0
ABCD2	1	0	1
LOC124902918	0	0	0
REDIC1	0	24	0
SLC2A13	370	0	394
LOC124900327	0	0	0
LOC112268095	0	0	0
LRRK2-DT	0	0	0
LINC02471	0	0	0
LOC105369735	0	0	0
LINC01779	0	0	0
LRRK2	0	0	0
LOC105369736	0	0	0
MUC19	0	0	0
CNTN1	4	0	4
LOC124903069	0	0	0
PDZRN4	0	0	0
PDZRN4-AS1	0	0	0
LOC107984498	0	0	0
LINC02400	0	0	0
LOC105378247	1	0	1
GXYLT1	218	0	218
YAF2	338	0	338
LOC124902920	0	0	0
LOC124902921	0	0	0
ZCRB1	626	1	626
MIR7851	0	0	0
PPHLN1	1025	2	1024
PRICKLE1	2	2	0
LINC02402	0	0	0
LINC02451	0	0	0
LINC02450	0	0	0
LINC02461	0	0	0
ADAMTS20	0	0	0
PUS7L	228	0	229
IRAK4	283	1	283
TWF1	1588	2	1589
TMEM117	105	8	100
LOC124902922	3	0	3
NELL2	1	0	1
DBX2	0	0	0
LOC105369742	0	0	0
DBX2-AS1	0	0	0
RACGAP1P1	0	0	0
PLEKHA8P1	79	1	80
ANO6	1031	1	1032
LOC105369743	0	0	0
LOC105369744	0	0	0
LINC00938	140	0	140
ARID2	432	0	456
LOC105369745	0	24	0
SCAF11	1257	3	1254
SLC38A1	4312	3	4309
LOC105378248	23	0	23
SLC38A2	7766	5	7767
SLC38A2-AS1	0	6	0
SLC38A4-AS1	19	0	19
LOC124902923	0	0	0
SLC38A4	1	0	1
LOC124902924	1	0	1
LOC124902925	0	0	0
LOC107984466	2	0	2
AMIGO2	311	16	341
PCED1B	135	30	151
MIR4698	0	0	0
PCED1B-AS1	3	3	0
LOC105369746	0	0	0
LOC105369747	0	0	0
LOC124900322	0	0	0
LINC02416	0	0	0
MIR4494	0	0	0
LINC02156	0	0	0
RPAP3	350	0	350
RPAP3-DT	5	0	5
ENDOU	0	0	0
RAPGEF3	31	2	29
SLC48A1	220	3	218
HDAC7	1628	3	1650
LOC124902926	0	24	0
LINC02354	4	0	4
VDR	315	0	315
TMEM106C	3460	1	3459
COL2A1	3	0	3
LOC105369752	0	0	0
LOC105369750	1	1	0
LOC124902927	0	0	0
SENP1	372	7	416
LOC101927180	0	0	0
PFKM	3198	46	3204
MIR6505	0	0	0
ASB8	415	21	395
CCDC184	0	0	0
LOC102725258	0	0	0
OR10AD1	0	0	0
LOC105369753	0	0	0
H1-7	0	0	0
ZNF641	543	0	543
C12orf54	0	0	0
ANP32D	0	0	0
OR8S1	0	0	0
OR5BS1	0	0	0
LALBA	0	0	0
LOC124902928	3	0	3
KANSL2	599	0	599
SNORA2C	1	0	1
MIR1291	0	0	0
SNORA2A	0	0	0
SNORA2B	3	0	3
CCNT1	895	2	893
SPMIP11	3	186	0
ADCY6	1332	1	1511
MIR4701	0	0	0
ADCY6-DT	2	0	2
LOC101927241	2	25	1
CACNB3	464	1	487
DDX23	2571	3	2768
LOC105369755	2	201	1
RND1	5	0	5
DRC2	30	32	0
FKBP11	181	0	183
ARF3	1259	3	1256
LOC124903110	0	0	0
WNT10B	232	0	232
WNT1	0	0	0
LOC105369757	0	0	0
LOC105369756	0	0	0
DDN	18	0	20
DDN-AS1	0	100	1
PRKAG1	1520	1	1607
KMT2D	2268	2	2275
RHEBL1	343	3	340
DHH	0	0	0
DHH-AS1	0	0	0
LMBR1L	522	0	522
TUBA1B	31553	17	31549
TUBA1B-AS1	0	0	0
TUBA1A	299	1	298
TUBA1C	11393	12	11394
TROAP-AS1	2	107	2
PRPH	0	0	1
TROAP	1237	1	1343
C1QL4	23	1	23
DNAJC22	95	0	95
SPATS2	934	1	933
LOC100335030	10	0	10
KCNH3	10	16	10
LOC105369761	1	3	1
MCRS1	1493	3	1503
FAM186B	15	12	3
PRPF40B	89	38	221
FMNL3	159	133	196
LOC124902929	0	0	0
TMBIM6	15699	6	15693
NCKAP5L	1149	1	1148
BCDIN3D-AS1	9	139	7
BCDIN3D	32	5	164
FAIM2	2	0	2
LINC02396	0	0	0
LINC02395	0	0	0
LOC124902930	0	0	0
LOC105369763	0	0	0
AQP2	0	1	0
AQP5-AS1	2	0	3
AQP5	1	0	1
LOC105369764	0	0	0
AQP6	2	1	2
RACGAP1	1900	0	1901
ASIC1	46	0	46
SMARCD1	1520	3	1517
GPD1	37	15	22
COX14	525	0	525
CERS5	422	12	457
LOC124902931	0	47	0
LIMA1	2268	2	2266
MIR1293	0	0	0
LOC107984505	4	0	4
FAM186A	0	0	0
LARP4	1305	0	1305
SNORD133	1	0	1
DIP2B	1381	1	1486
LOC124902932	2	106	2
ATF1	585	2	583
TMPRSS12	0	0	0
TMT1A	1119	0	1119
HIGD1C	5	6	1
SLC11A2	1568	0	1570
LETMD1	1157	65	1161
CSRNP2	346	7	408
TFCP2	535	0	535
LOC124902933	0	0	0
POU6F1	245	0	245
DAZAP2	3817	110	3844
SMAGP	108	63	182
BIN2	0	0	0
LOC105369767	0	0	0
CELA1	0	0	0
GALNT6	1652	1	1651
SLC4A8	37	0	37
SLC4A8-AS1	0	0	0
SCN8A	7	0	7
TMDD1	0	0	0
FIGNL2	0	0	0
FIGNL2-DT	0	0	0
ANKRD33	0	0	0
ACVRL1	73	0	73
ACVR1B	493	1	492
TAMALIN-AS1	5	9	0
TAMALIN	14	0	18
LOC124902934	0	0	0
NR4A1	1320	1	2007
LOC107984510	10	10	0
NR4A1AS	0	688	0
ATG101	1299	0	1299
SMIM41	0	0	0
OR7E47P	0	0	0
SMIM41-AS1	0	0	0
KRT80	2265	0	2265
LINC02874	5	0	5
LINC00592	11	1	10
KRT7	9540	11	15453
KRT7-AS	57	5917	5
KRT87P	3	57	1
KRT86-AS2	7	1	7
KRT86	74	18	59
KRT81	26	0	28
LOC124902935	0	0	0
KRT83	3	0	3
KRT85	0	0	0
KRT84	0	0	0
KRT82	0	0	0
KRT75	0	0	0
KRT6B	0	0	0
KRT6C	0	0	0
KRT6A	8	0	8
KRT5	1	0	1
KRT71	0	0	0
KRT74	0	0	0
KRT72	0	0	0
KRT73	0	0	0
KRT73-AS1	0	0	0
KRT2	0	0	0
KRT1	0	0	0
KRT77	0	0	0
KRT76	0	0	0
KRT3	0	0	0
KRT4	2	0	2
KRT79	0	0	0
KRT78	0	0	0
KRT8	37198	10253	37224
MIR9898	1	0	1
KRT18	15801	74	26006
EIF4B	12670	27	12644
TNS2-AS1	43	144	66
TNS2	1407	35	1542
MIR6757	0	0	0
SPRYD3	729	6	729
IGFBP6	23	0	23
SOAT2	0	0	0
LOC124902936	0	0	0
CSAD	511	56	513
ZNF740	1190	8	1249
ITGB7	1	5	5
RARG	1381	0	1381
LOC122455340	0	0	0
SLC61A1	1036	4	1032
ESPL1	317	0	317
PFDN5	0	0	0
MYG1	111	1	110
AAAS	1	0	1
SP7	0	0	0
SP1	2016	0	2016
AMHR2	4	0	4
PRR13	3136	5	3131
PCBP2	7065	34	7487
PCBP2-OT1	0	0	0
MAP3K12	428	640	433
TARBP2	922	21	1090
ATF7-NPFF	1	0	1
NPFF	3	0	3
ATF7	444	0	710
ATF7-AS1	0	338	0
LOC124902937	0	0	0
LOC124902938	0	0	0
ATP5MC2	4581	2	4579
CALCOCO1	879	0	879
LOC105369774	0	0	0
LOC105378250	0	0	0
CISTR	0	0	0
HOXC13-AS	51	185	63
HOXC13	638	13	822
LOC105369775	2	2	0
HOXC12	2	0	2
HOTAIR	613	10	610
HOXC11	563	9	561
HOXC-AS3	9	234	26
HOXC10	814	22	1040
MIR196A2	0	0	0
HOXC-AS2	31	24	7
HOXC-AS1	27	17	15
HOXC9	239	10	234
HOXC8	21	0	21
LOC124902939	5	58	1
HOXC4	274	0	274
HOXC5	14	0	14
HOXC6	229	3	226
MIR615	0	0	0
FLJ12825	13	14	7
LOC100240735	0	0	0
LOC100240734	2	0	2
FAM242C	0	2	9
LINC02381	5	11	2
SMUG1-AS1	3	3	0
SMUG1	681	0	681
LOC102724030	0	0	0
LOC105369777	0	0	0
CBX5	3543	5	3538
MIR3198-2	0	0	0
SCAT2	20	19	1
HNRNPA1	13930	8	13922
NFE2	328	0	328
COPZ1	1835	3	4594
MIR148B	0	0	0
GPR84	0	2761	1
GPR84-AS1	1	679	2
ZNF385A	1550	0	1550
ITGA5	10416	5	11091
GTSF1	0	0	0
NCKAP1L	1	0	1
PDE1B	0	0	0
PPP1R1A	0	0	0
GLYCAM1	0	0	0
LACRT	0	0	0
DCD	0	0	0
MUCL1	0	0	0
TESPA1	0	0	0
LOC107984515	0	0	0
NEUROD4	0	0	0
LOC101927484	0	0	0
OR9K2	0	0	0
OR10A7	0	0	0
OR6C74	0	0	0
OR6C6	0	0	0
OR6C1	0	0	0
OR6C3	0	0	0
OR6C75	0	0	0
OR6C65	0	0	0
OR6C76	0	0	0
LOC124902940	0	0	0
OR6C2	0	0	0
OR6C70	0	0	0
OR6C68	0	0	0
OR6C4	0	0	0
OR2AP1	0	0	0
OR10P1	0	0	0
TMT1B	1	0	1
ITGA7	13	1	13
BLOC1S1-RDH5	0	1	0
BLOC1S1	6	1	6
RDH5	9	0	9
CD63	9100	106	9184
CD63-AS1	39	94	99
GDF11	438	27	454
SARNP	775	23	796
ORMDL2	793	379	853
DNAJC14	877	227	1206
TMEM198B	178	6	374
MMP19	36	84	36
LOC124903120	0	0	0
PYM1	874	2	880
LOC124902941	16	0	16
DGKA	159	10	157
PMEL	72	0	72
CDK2	2249	2	2247
RAB5B	3173	1	3172
SUOX	444	0	444
IKZF4	53	0	58
LOC105369781	0	5	0
RPS26	4493	3	4490
ERBB3	278	0	278
LOC105369782	0	6	0
PA2G4	7852	1	7857
RPL41	3552	2	3550
ZC3H10	158	1	157
ESYT1	3464	0	4125
LOC124902943	3	959	1
MYL6B-AS1	0	85	0
LOC124902942	0	0	0
MYL6B	349	0	433
MYL6	7085	6	7082
SMARCC2	2735	14	2723
TRS-CGA4-1	0	0	0
LOC107984468	0	0	0
RNF41	861	0	861
NABP2	708	1	707
SLC39A5	0	4	0
ANKRD52	3572	0	3576
COQ10A	445	0	445
CS	4483	5	4479
CNPY2	1454	4	2422
CNPY2-AS1	26	997	4
PAN2	575	6	569
IL23A	36	30	8
STAT2	1219	1	1220
APOF	1	1	0
TIMELESS	2091	0	2091
MIP	1	0	1
SPRYD4	417	1	443
GLS2	1	27	1
LOC124902944	0	0	0
SNORA105C	0	0	0
RBMS2	1722	66	1735
BAZ2A	3179	17	3241
ATP5F1B	28823	13	28810
SNORD59B	0	0	0
SNORD59A	0	0	0
PTGES3	5256	0	5256
NACA	7436	3	7433
PRIM1	382	2	382
HSD17B6	45	0	47
LOC124900330	0	0	0
SDR9C7	0	0	0
RDH16	7	0	7
LOC124902945	0	0	0
ACKR5	0	1	0
ZBTB39	343	0	344
TAC3	8	0	8
MYO1A	37	0	37
NEMP1	868	0	868
NAB2	611	8	614
STAT6	3162	11	3304
LOC124902946	3	143	2
LRP1	6824	5	6877
LRP1-AS	2	60	0
MIR1228	0	0	0
NXPH4	830	3	827
SHMT2	6183	7	6182
COXFA4L2	671	5	672
STAC3	17	0	17
R3HDM2	418	0	418
R3HDM2-DT	1	0	1
INHBC	7	3	4
INHBE	14	2	15
LOC124902947	5	5	6
GLI1	48	0	48
ARHGAP9	0	0	0
MARS1	2422	1	2455
MIR6758	0	0	0
DDIT3	81	32	82
LOC128125814	0	0	0
MIR616	2	0	2
MBD6	774	6	788
DCTN2	2481	16	2485
KIF5A	5	0	5
PIP4K2C	1124	1	1123
DTX3	0	0	0
ARHGEF25	1	0	1
LOC101927583	0	0	0
SLC26A10P	0	0	0
B4GALNT1	0	0	0
OS9	3803	2	3801
AGAP2	3	421	3
AGAP2-AS1	1	1	421
TSPAN31	316	1798	387
CDK4	2030	94	3794
MIR6759	0	0	0
MARCHF9	368	1	367
CYP27B1	95	0	95
METTL1	217	2	217
EEF1AKMT3	138	1	137
TSFM	1373	4	1395
AVIL	79	68	37
CTDSP2	3948	5	3943
MIR26A2	5	5	0
CTDSP2-AS1	1	1	0
LOC283387	3	6	1
LOC124902948	0	0	0
LOC101927608	0	0	4
GIHCG	26	0	26
ATP23	0	0	0
LOC105369784	0	0	0
LINC02403	0	0	0
LOC105369786	0	0	0
LOC105369787	2	0	2
LOC105369788	0	0	0
LOC105369789	0	0	0
LINC02388	0	0	0
LOC124902949	0	0	0
LOC100506869	0	0	0
LRIG3	232	4	229
LRIG3-DT	0	0	1
LINC02448	8	0	8
SLC16A7	0	0	0
LOC100996696	0	0	0
LOC124903070	0	0	0
LOC124903071	0	0	0
LOC105369793	0	0	0
TAFA2	2	0	3
LOC124902950	0	0	0
MIR6125	0	0	0
USP15	553	0	553
MON2	498	2	496
MON2-AS1	0	0	0
LINC01465	13	7	10
MIRLET7IHG	17	4	17
MIRLET7I	0	0	0
PPM1H	992	6	986
LOC124903103	0	0	0
LOC105369795	0	0	0
AVPR1A	0	0	0
LINC03056	0	0	0
LOC105369797	0	0	0
DPY19L2	0	0	0
RXYLT1	171	0	213
RXYLT1-AS1	0	42	0
MIR10527	0	0	0
SRGAP1	321	0	321
LOC105369801	0	0	0
LOC105369798	0	0	0
KICS2	154	2	153
LOC124902952	1	0	2
C12orf56	0	0	0
LOC124903101	0	0	0
XPOT	2254	5	2249
TBK1	321	0	321
LOC105369803	0	0	0
RASSF3	327	0	327
LOC124903098	0	0	0
LOC107984521	0	0	0
RASSF3-DT	0	0	0
MIR548Z	0	0	0
MIR548C	0	0	0
GNS	7013	5	7008
TBC1D30	152	1	151
LOC124903113	0	0	0
LINC02389	0	0	0
LINC02231	0	0	0
LOC107984522	0	0	0
WIF1	0	0	0
LOC124902953	2	0	2
LEMD3	441	0	441
MSRB3	486	1	485
LOC124902954	3	0	3
MSRB3-AS1	0	0	0
LOC105369809	0	0	0
LOC105369187	0	0	0
LOC105369808	0	0	0
LINC02454	0	0	0
LOC105369806	0	0	0
RPSAP52	0	0	0
HMGA2	1	0	1
HMGA2-AS1	0	0	0
HMGA2-AS2	0	0	0
MIR6074	0	0	0
LINC02425	0	0	0
LLPH	267	0	269
LLPH-DT	8	2	8
TMBIM4	350	6	344
IRAK3	2	0	2
MIR6502	0	0	0
HELB	25	0	25
LOC124903104	9	0	9
GRIP1	3	3	0
LOC105369811	0	0	0
LOC124902956	0	0	0
LOC102724421	0	0	0
CAND1	1924	0	1924
LOC124902957	3	0	3
LOC105369813	0	0	0
LOC105369812	0	0	0
LOC124903072	0	0	0
LINC02420	0	0	0
LINC02408	0	0	0
LINC02442	0	0	0
DYRK2	494	0	494
LOC105369816	3	0	3
LOC124902958	0	0	0
LINC02421	0	0	0
LINC01479	0	0	0
IFNG-AS1	0	0	0
IFNG	0	0	0
LOC105369818	0	0	0
IL26	0	0	0
IL22	0	0	0
MDM1	139	0	139
LOC105369819	0	0	0
LINC02384	0	0	0
RAP1B	1153	1	1152
SNORA70G	0	0	0
LOC100507250	2	0	2
NUP107	855	0	855
SLC35E3	228	0	228
SZRD1P1	1	0	1
MDM2	1232	50	1353
CPM	1479	166	1484
TODL	5	0	5
CPSF6	1779	1	1803
MIR1279	0	25	0
LYZ	0	0	0
YEATS4	425	0	425
LINC02373	1	0	1
FRS2	423	0	423
SNORA113	0	0	0
MIR3913-1	0	0	0
MIR3913-2	0	0	0
CCT2	3873	0	3873
LRRC10	0	0	0
LOC105369823	0	0	0
BEST3	0	0	0
LOC101928002	0	0	3
RAB3IP	206	5	204
MYRFL	2	0	2
LOC124902959	0	0	0
LINC02821	0	0	0
PRANCR	11	6	46
CNOT2	650	35	656
KCNMB4	219	1	218
PTPRB-AS1	101	12	175
PTPRB	8	80	14
PTPRR	45	1	51
LOC124902960	0	6	1
LOC124902961	4	0	4
TSPAN8	496	0	496
LOC105369831	0	0	0
LOC105369832	0	0	0
LOC124902962	0	0	0
LGR5	4	2	3
LOC105369833	0	0	0
LOC124902963	0	0	1
LOC124902964	0	0	0
ZFC3H1	762	38	724
LOC124900332	0	0	0
THAP2	61	0	61
LOC124902965	0	0	0
TMEM19	455	0	455
LOC107984530	0	0	0
RAB21	665	0	665
TBC1D15	494	0	494
MRS2P2	0	0	0
TPH2	0	0	0
TRHDE	0	0	0
TRHDE-AS1	0	0	0
LOC105369838	0	0	0
LINC02444	0	0	0
LOC105369839	0	0	0
LOC124902966	0	0	0
LINC02445	0	0	0
LOC124900319	0	0	0
LINC02394	0	0	0
LINC02882	0	0	0
LOC107987178	0	0	0
LOC124902967	0	0	0
ATXN7L3B	975	0	975
LOC101929967	0	0	0
LOC105369842	0	0	0
LOC105369843	0	0	0
KCNC2	0	0	0
LOC100130268	0	0	0
CAPS2-AS1	0	0	0
CAPS2	18	0	20
GLIPR1L1	0	2	0
LOC124902968	6	0	6
GLIPR1L2	1	0	1
GLIPR1	4	246	5
GLIPR1-AS1	24	0	27
KRR1	340	4	578
LOC105369844	0	0	0
LOC107984533	0	0	0
LOC105369846	0	0	0
LOC124902969	0	0	0
LOC105369847	0	0	0
PHLDA1	64	0	136
PHLDA1-AS1	0	72	0
PHLDA1-DT	1	0	1
NAP1L1	4905	1	4904
LOC124902970	0	0	0
LNCOG	0	0	0
BBS10	156	0	156
OSBPL8	418	1	417
LOC105369850	1	0	1
LOC105369851	0	0	0
ZDHHC17	239	1	238
CSRP2	545	0	546
LOC124902971	1	1	1
E2F7	527	0	527
LOC105369853	0	0	0
LOC124903107	0	0	0
LINC02464	0	0	0
LOC124902972	0	0	0
NAV3	2	0	2
LINC02424	0	0	0
LOC105369859	0	0	0
SYT1	6	1	5
LOC105369863	1	1	0
LOC124902973	0	0	0
MIR1252	0	0	0
PAWR	1018	0	1176
PPP1R12A-AS2	3	215	0
PPP1R12A	692	1	746
LOC124902974	0	0	0
PPP1R12A-AS1	8	0	9
OTOGL	1	0	1
PTPRQ	1	0	1
LOC124902975	0	0	0
LOC105369867	0	0	0
MYF6	0	0	0
MYF5	0	0	0
LINC01490	0	0	0
LIN7A	0	0	0
MIR617	0	0	0
MIR618	0	0	0
ACSS3	0	0	0
ACSS3-AS1	0	0	0
MIR4699	0	0	0
PPFIA2	0	0	0
PPFIA2-AS1	0	0	0
LOC105369872	0	0	0
PPFIA2-AS2	0	0	0
LINC02426	0	0	0
LOC105369873	0	0	0
CCDC59	329	10	335
METTL25	27	6	37
LOC107987180	0	0	0
LOC107984487	0	0	0
TMTC2	0	0	0
LOC105369874	0	0	0
LOC107984536	0	0	0
LOC124902976	0	0	0
LOC124903066	0	0	0
LOC105369875	0	0	0
SLC6A15	0	0	0
LOC102724680	0	0	0
TSPAN19	0	0	0
LRRIQ1	0	0	0
ALX1	0	0	0
LINC02820	2	0	2
LOC107984537	0	0	0
LOC124903073	0	0	0
RASSF9	277	0	277
NTS	263	0	263
MGAT4C	0	0	0
LOC105369877	5	0	5
MIR3059	0	0	0
LOC105369878	0	0	0
LOC105369879	0	0	0
LOC107984478	0	0	0
LOC105369880	0	0	0
LOC105369881	0	0	0
LINC02258	0	0	0
MKRN9P	0	0	0
C12orf50	0	0	0
LOC107984542	0	0	0
RLIG1	183	13	210
CEP290	77	27	92
LOC124902977	8	10	0
TMTC3	240	0	240
LOC124902978	6	0	6
KITLG	626	0	626
LOC124902979	1	0	1
LOC105369885	1	0	1
LOC105369886	0	0	0
LOC105369887	0	0	0
LINC02458	0	0	0
LOC105378255	0	0	0
DUSP6	44	2	42
POC1B-DUSP6	0	0	0
LOC124902980	3	3	0
LOC124902981	6	6	0
POC1B	131	0	131
LOC105369889	3	3	0
POC1B-GALNT4	0	2	0
GALNT4	0	0	0
POC1B-AS1	6	0	9
ATP2B1	953	2	960
ATP2B1-AS1	30	9	30
LOC107984543	1	0	1
LOC105369890	0	0	0
LINC02399	0	0	0
LOC105369892	0	0	0
LINC02392	0	0	0
LOC124902982	0	0	0
LINC02822	0	0	0
LOC105369895	0	0	0
LOC124903074	0	0	0
LINC00615	0	0	0
CCER1	0	0	0
EPYC	0	0	0
KERA	0	0	0
LUM	29	0	29
DCN	933	0	933
LOC124903075	0	0	0
LOC105369896	0	0	0
LOC107984544	0	0	0
LINC02823	0	0	0
LINC02404	0	0	0
LOC105369901	0	0	0
LINC01619	7	0	7
BTG1	1804	2	1802
BTG1-DT	2	0	2
LINC02391	0	0	0
LOC105369902	0	0	0
LOC107984467	0	0	0
CLLU1-AS1	0	0	0
CLLU1	0	0	0
LINC02397	0	0	0
LOC105369904	0	0	0
LOC105369905	0	0	0
LOC124902983	0	0	0
PLEKHG7	0	0	0
EEA1	107	0	112
LOC124902984	0	5	0
LINC02413	0	0	0
LOC643339	0	0	0
LOC105369908	0	0	0
LINC02412	0	0	0
LOC124903102	0	0	0
LOC124900325	0	0	0
LOC124903116	0	0	0
NUDT4	775	13	778
UBE2N	1371	6	1381
MRPL42	761	0	761
LOC124902985	0	0	0
SOCS2-AS1	6	6	6
SOCS2	279	1	284
CRADD	89	1	89
CRADD-AS1	0	0	0
LOC105369911	1	1	1
LOC105369912	0	0	0
LOC105369913	0	0	0
LOC124902986	0	0	0
PLXNC1	7	10	0
PLXNC1-AS1	0	0	0
LOC124902987	0	0	0
CEP83	121	1	124
CEP83-DT	1	0	2
LOC102724960	0	0	0
LNCHR1	0	0	0
MIR5700	0	0	0
TMCC3	13	0	13
MIR7844	0	0	0
LOC105369914	0	0	0
LOC124902989	0	0	0
MIR492	0	0	0
KRT19P2	0	0	0
LOC105369915	1	0	1
NDUFA12	393	0	393
NR2C1	474	1	473
FGD6	379	0	379
VEZT	433	0	433
MIR331	0	0	0
MIR3685	8	0	8
LOC105369917	0	0	0
LOC107984545	0	0	0
METAP2	1235	0	1235
USP44	1	1	0
PGAM1P5	3	2	1
NTN4	372	0	372
LOC105369919	1	0	1
SNRPF-DT	0	0	0
LINC02410	0	0	0
SNRPF	515	0	515
CCDC38	0	0	0
AMDHD1	32	0	32
HAL	0	0	0
LOC102723340	23	202	0
LTA4H	863	3	1042
TRD-GTC2-8	0	0	0
LOC124902990	0	0	3
LOC105369923	0	0	0
LINC02452	0	0	0
ELK3	277	6	271
LOC124902991	0	0	0
CDK17	563	0	563
CFAP54	5	0	5
NEDD1	241	0	241
LOC124902992	0	0	0
LOC124902993	0	0	0
LOC105369928	0	0	0
LOC105369927	0	0	0
LOC101928912	0	0	0
LINC02409	0	0	0
LOC105369930	0	0	0
RMST	0	0	0
MIR1251	0	0	0
MIR135A2	0	0	0
PAFAH1B2P2	0	0	0
MIR4495	0	0	0
MIR4303	0	0	0
LOC105369932	0	0	0
LOC105369933	0	0	0
SLC9A7P1	0	0	0
LOC124902994	0	0	0
LINC02453	0	0	0
TRD-GTC1-1	0	0	0
TRW-CCA4-1	0	0	0
TMPO-AS1	62	489	169
TMPO	2783	109	3270
SLC25A3	12613	5	12608
SNORA53	0	0	0
IKBIP	751	0	751
APAF1	356	3	424
ANKS1B	16	71	16
LOC101928937	0	0	0
GARIN6	0	0	0
BLTP3B	287	0	287
BLTP3B-DT	1	0	1
GOLGA2P5	344	0	344
MIR1827	0	0	0
ACTR6	289	0	289
DEPDC4	17	7	13
SCYL2	484	0	487
SLC17A8	0	0	0
LOC124903108	0	0	0
NR1H4	0	0	0
GAS2L3	195	0	195
ANO4	57	0	57
SLC5A8	0	0	0
UTP20	484	6	478
LOC124903119	0	0	0
ARL1	757	2	755
SPIC	0	0	0
LOC105369935	0	0	0
MYBPC1	0	0	0
LOC105369938	0	0	0
LOC105369937	0	0	0
LOC124902996	0	0	0
CHPT1	627	0	710
SYCP3	5	88	0
LOC124902997	3	1	2
GNPTAB	696	2	694
LOC124903105	0	0	0
DRAM1	736	1	735
DRAM1-AS1	0	0	0
WASHC3	112	2	110
NUP37	461	1	461
PARPBP	123	1	238
PMCH	5	120	0
LOC124902998	3	0	3
LINC02456	0	0	0
IGF1	0	0	0
LINC00485	0	0	0
PAH	0	0	0
LOC124902999	0	0	0
LOC112267865	0	0	0
ASCL1	0	0	0
C12orf42	0	0	0
LOC124903096	0	0	0
C12orf42-AS1	0	0	0
LOC105369945	0	0	0
LINC02401	0	0	0
STAB2	0	4	0
LOC124900318	0	0	0
LOC105369946	0	0	0
LOC124903106	0	0	0
NT5DC3	91	0	100
LOC124903000	0	5	0
LOC107984433	1	2	2
TTC41P	3	1	5
LOC124903001	0	0	0
HSP90B1	9918	2	9931
MIR3652	0	0	0
UQCC6	180	16	179
TDG	726	12	716
GLT8D2	672	9	665
HCFC2	80	0	80
NFYB	404	0	404
LOC105369947	0	0	0
LINC02385	0	0	0
TXNRD1	5681	1	5680
TXNRD1-AS1	7	0	7
EID3	19	0	19
LOC105369949	5	0	5
LOC124903003	0	0	0
CHST11	325	1	324
MIR3922	0	0	0
SLC41A2	293	0	293
LOC105369952	0	105	1
NOPCHAP1	190	1	295
ALDH1L2	51	2	50
LOC124903005	1	1	1
LOC414300	2	0	2
WASHC4	479	0	479
APPL2	286	4	282
C12orf75-AS1	0	0	0
C12orf75	64	0	64
LOC105369957	0	0	0
LOC105369956	0	0	0
LOC105369955	0	0	0
LOC105369958	1	0	1
LOC124903006	1	0	1
CASC18	0	0	0
LOC105369959	0	0	0
LOC107984435	0	0	0
LOC105369960	0	0	0
NUAK1	209	0	209
LOC124903007	0	0	0
CKAP4	4393	6	4387
LOC124903008	8	0	8
TCP11L2	62	3	59
POLR3B	289	1	288
LOC100287944	0	16	4
RFX4	0	0	0
LOC100505978	0	0	0
RIC8B	207	2	223
LOC105369961	0	0	0
TMEM263-DT	30	0	30
TMEM263	1086	1	1085
MTERF2	185	12	173
CRY1	327	0	327
LOC124903009	0	0	0
ABTB3	0	0	0
LOC124900324	0	0	0
PWP1	706	3	730
LOC124903010	0	26	1
PRDM4	459	1	543
PRDM4-AS1	5	90	0
ASCL4	0	0	0
LOC105369963	0	0	0
LOC728739	0	0	0
LOC105369964	0	0	0
WSCD2	0	0	0
LOC124903076	0	0	0
LOC105369965	0	0	0
LOC124903077	0	0	0
LOC124903078	0	0	0
CMKLR1	0	0	0
LINC01498	0	0	0
FICD	96	0	96
SART3	1186	1	1185
ISCU	1135	0	1135
TMEM119	9	0	9
SELPLG	60	0	60
LOC105369968	5	830	1
MIR4496	0	0	0
CORO1C	930	2	1754
LOC105369969	0	0	0
LOC124900333	0	0	0
SSH1	708	0	750
LOC101929204	2	44	0
MIR619	0	0	0
DAO	0	0	0
LOC124903011	0	0	0
SVOP	0	0	0
LOC105378256	0	0	0
USP30	241	3	264
USP30-AS1	0	24	2
ALKBH2	337	0	340
UNG	1268	3	1268
ACACB	288	0	288
LOC105369974	0	0	0
FOXN4	26	0	26
MYO1H	1	1	1
LINC01486	0	0	0
KCTD10	1060	2	1059
UBE3B	1059	1	1058
MMAB	378	0	555
MVK	356	177	356
FAM222A	76	0	76
FAM222A-AS1	0	0	0
TRPV4	0	0	0
MIR4497	0	0	0
LOC105369975	1	0	1
GLTP	406	2	404
TCHP	286	1	285
LOC124903012	0	0	0
GIT2	577	1	617
LOC124903013	0	41	0
ANKRD13A	727	12	724
C12orf76	68	0	77
LOC105369976	0	0	0
IFT81	184	0	184
ATP2A2	7625	4	7621
LOC124903014	4	0	4
ANAPC7	947	5	942
ARPC3	2541	0	2541
GPN3	356	40	356
FAM216A	190	2	228
LOC124903016	5	5	0
VPS29	588	8	895
LOC124903015	32	369	1
LOC124903099	0	0	9
RAD9B	12	63	15
PPTC7	778	6	838
TCTN1	265	0	271
HVCN1	1	7	0
LOC124903017	0	0	0
PPP1CC	2312	0	2312
CCDC63	0	0	0
MYL2	0	0	0
VHRT	0	0	0
LINC01404	1	0	1
LOC105369981	0	0	0
CUX2	0	0	0
LOC124903018	0	0	0
LOC105369983	0	0	0
MIR6760	0	0	0
PHETA1	201	0	201
LINC02356	1	0	1
SH2B3	515	4	513
LOC124903019	8	3	7
ATXN2	988	2	988
LOC124903094	0	0	0
ATXN2-AS	2	0	4
BRAP	377	0	377
LOC124903020	1	1	0
ACAD10	417	0	417
ALDH2	22	0	22
MIR6761	0	0	0
MAPKAPK5-AS1	140	181	139
MAPKAPK5	602	4	778
TMEM116	100	0	101
ERP29	1721	16	3655
LOC124903021	38	1962	25
NAA25	652	0	652
MIR3657	0	0	0
LOC124903022	1	1	0
TRAFD1	1747	0	1747
HECTD4	914	0	914
MIR6861	0	0	0
RPL6	12494	9	12485
PTPN11	1286	0	1286
LOC124903023	0	0	0
LOC124903024	0	0	0
RPH3A	0	0	0
MIR1302-1	0	0	0
OAS1	1962	0	1962
OAS3	2082	0	2082
OAS2	547	0	547
DTX1	0	0	0
RASAL1	1	0	1
CFAP73	0	848	2
DDX54	2203	6	3034
MIR7106	0	0	1
RITA1	1193	1	1192
DRC10	28	1	27
TPCN1	1849	0	1849
MIR6762	0	0	0
SLC8B1	791	1	790
LOC105369989	0	0	0
PLBD2	1795	1	1794
SDS	1	0	1
SDSL	168	0	168
LHX5	0	0	0
LHX5-AS1	0	0	0
LOC105369990	0	0	0
LOC105369991	0	0	0
LINC01234	53	0	53
RBM19	821	0	822
LOC124903025	0	1	0
LOC105369993	1	1	0
LOC105369994	0	0	0
LOC105369995	0	0	0
LINC02459	0	0	0
TBX5	1	0	1
TBX5-AS1	0	0	0
LOC105369998	0	0	0
LOC124903026	0	0	0
TBX3	1704	0	1705
TBX3-AS1	0	1	0
LOC105369999	0	0	0
LOC124900329	0	0	0
LOC124903079	7	0	7
LOC124903080	0	0	0
LOC102723639	0	0	0
LOC124903081	0	0	0
LOC124903082	1	0	1
LOC105370003	0	0	0
LOC105370002	0	0	0
LINC02463	0	0	0
LOC124900323	0	0	0
MED13L	647	0	647
MIR620	0	0	0
LOC105370005	0	0	0
MIR4472-2	0	0	0
LOC105370007	0	0	0
LOC105370008	0	0	0
LINC02457	0	0	0
LINC00173	11	0	11
MAP1LC3B2	0	0	0
LOC124903028	0	1	0
LINC03088	0	0	1
SPRING1	961	1	960
RNFT2	66	0	66
HRK	149	0	149
FBXW8	247	6	280
LOC100506551	0	39	0
TESC	335	1	336
TESC-AS1	1	2	1
LOC105370010	0	0	0
FBXO21	1984	0	1984
NOS1	0	0	0
KSR2	0	0	0
LOC105370012	0	0	0
LOC105370011	0	0	0
RFC5	1079	1034	1066
WSB2	371	26	1366
LOC124903030	1	1	0
VSIG10	514	8	506
LOC124903029	41	0	41
LOC101928274	95	0	95
PEBP1	4571	1	4570
TAOK3	550	0	550
LOC124903031	2	0	2
SUDS3	825	3	822
LINC02460	0	0	0
LINC02423	0	0	0
LINC02440	0	0	0
LOC105370017	0	0	0
LOC107984472	0	0	0
LINC02439	0	0	0
LOC105370018	0	0	0
LOC105370019	0	0	0
LOC124900328	0	0	0
LOC105370020	0	0	0
SRRM4	0	0	0
SRRM4-AS1	0	0	0
LOC105370021	0	0	0
LOC112268101	0	0	0
LOC105370024	0	0	0
HSPB8	615	0	615
HSPB8-AS1	0	0	0
LOC105370026	0	0	0
LOC105370025	0	0	0
LOC124903032	0	0	0
LINC00934	0	0	0
CCDC60	0	0	0
PRKAB1-AS1	0	76	0
TMEM233	0	0	0
PRKAB1	228	0	374
LOC124903033	11	81	0
CIT	737	0	737
MIR1178	0	0	0
LOC112268087	0	0	0
BICDL1	614	0	614
LOC124903114	0	0	0
RAB35	1570	4	1566
RAB35-AS1	43	1	42
GCN1	7269	4	7265
MIR4498	0	0	0
RPLP0	43469	13	43456
PXN-AS1	14	444	46
PXN	1934	42	3126
LOC124903034	27	782	2
RNU4-2	0	0	0
SIRT4	26	0	26
RNU4-1	0	0	0
PLA2G1B	0	0	0
MSI1	0	0	0
COX6A1	4794	2	4792
TRIAP1	505	2	503
GATC	681	1060	716
SRSF9	1041	76	2061
DYNLL1	2616	2	2615
NRAV	204	3	201
COQ5	373	0	373
RNF10	2366	2	2364
LOC128071547	0	0	0
POP5	452	4	448
CABP1-DT	0	0	0
CABP1	0	0	0
LOC105370029	0	4	0
MLEC	3179	0	3187
LOC124903035	9	13	0
LOC124903036	0	17	0
UNC119B	630	1	646
MIR4700	0	0	0
ACADS	794	0	794
SPPL3	763	3	760
XLOC_009911	0	0	0
HNF1A-AS1	0	0	0
HNF1A	0	45	0
C12orf43	386	0	431
OASL	32475	16	32459
LOC105378258	0	0	0
LOC105370031	0	0	0
LOC124900320	0	0	0
LOC105370030	0	0	0
LOC105370032	0	0	0
P2RX7	0	0	0
P2RX4	217	0	217
CAMKK2	726	0	726
ANAPC5	3497	3	3494
LOC124903037	0	0	0
RNF34	567	5	563
KDM2B	431	47	390
MIR7107	0	0	0
KDM2B-DT	1	1	5
ORAI1	0	0	0
MORN3	2	2	0
LOC105370034	0	0	0
TMEM120B	538	2492	602
RHOF	71	135	2489
SETD1B	1334	17	1322
LINC01089	196	2	199
HPD	4740	5	8655
TIALD	0	3920	0
PSMD9	672	0	672
CFAP251	9	0	9
LOC124903038	0	0	0
BCL7A	52	1	51
LINC02985	0	0	0
MLXIP	614	1	613
LRRC43	0	0	0
IL31	0	0	0
B3GNT4	27	762	19
DIABLO	333	0	1087
LOC128125816	0	0	0
LOC101593348	0	0	0
VPS33A	885	3	882
CLIP1	926	1	925
CLIP1-AS1	0	0	0
ZCCHC8	445	0	445
RSRC2	624	0	624
KNTC1	692	0	692
MIR9902-1	0	0	0
HCAR2	36	1	35
MIR9902-2	0	0	0
HCAR3	52	0	52
HCAR1	0	0	0
DENR	765	0	765
CCDC62	17	0	17
LOC124903040	1	36	0
HIP1R	2469	5	2499
LOC124903039	7	2	9
VPS37B	1054	12	1046
ABCB9	306	40	309
OGFOD2	416	4	455
ARL6IP4	2119	1	2118
PITPNM2	907	1	906
MIR4304	0	0	0
PITPNM2-AS1	0	0	0
MPHOSPH9	320	3	322
MTRFR	328	24	309
CDK2AP1	2021	6	2015
SBNO1	525	2	523
MIR8072	0	0	0
SBNO1-AS1	16	0	16
KMT5A	750	2	756
RILPL2	278	8	278
LOC124903041	0	0	0
SNRNP35	281	97	285
RILPL1	217	5	313
MIR3908	0	0	0
LOC124903042	2	0	2
TMED2-DT	8	2	6
TMED2	3459	1	3458
DDX55	394	1	734
LOC105370041	7	235	0
SNORA9B	3	0	3
EIF2B1	1141	117	1140
GTF2H3	377	0	377
TCTN2	196	1	195
ATP6V0A2	444	1	443
LOC105370042	3	3	0
DNAH10	1	0	1
LOC105370044	0	0	0
LOC124903043	0	0	0
DNAH10OS	0	0	0
CCDC92	45	0	46
ZNF664-RFLNA	0	0	0
ZNF664	791	0	791
RFLNA	0	0	0
NCOR2	4603	11	4592
MIR6880	0	0	0
LOC124903044	15	1	14
LOC105370047	2	2	0
LOC101927436	0	0	0
LOC124903045	0	0	0
SCARB1	9029	5	9025
LOC124903046	0	1	0
LOC105370050	2	0	2
UBC	14889	8	14881
MIR5188	0	0	0
TRA-TGC3-2	1	1	0
TRD-GTC2-9	0	0	0
TRF-GAA1-4	0	0	0
TRD-GTC2-10	0	0	0
TRA-TGC4-1	0	0	0
DHX37	970	3	967
BRI3BP	863	2	1124
THRIL	0	263	0
LOC105370052	0	0	0
AACS	1400	1	1399
LOC105370053	0	0	0
TMEM132B	0	0	0
LOC105370054	0	0	0
LOC107984445	0	0	0
LOC105370055	0	0	0
LOC124903047	0	0	0
LINC00939	0	0	0
LINC02826	0	0	0
LOC105370058	0	0	0
LOC105370056	0	0	0
LINC02359	0	0	0
LOC107984447	0	0	0
LOC105379613	0	0	0
LOC101927531	0	0	0
LOC107984448	0	0	0
LINC02825	0	0	0
LOC124903048	0	0	0
LINC02350	0	0	0
LINC02347	0	0	0
LOC100996671	0	0	0
LINC02824	0	0	0
LINC00944	0	0	0
LINC00943	0	0	0
LINC02372	0	0	0
LOC105370061	0	0	0
LINC02405	13	0	13
LOC105370063	2	2	0
LOC107984449	19	0	33
LOC107984450	0	14	0
LOC105370062	0	0	0
LOC105370064	0	0	0
LOC124903049	4	0	4
LINC02376	0	0	0
LOC124903050	0	0	0
LINC02375	0	0	0
LOC105370066	0	0	0
LOC105370067	0	0	0
LOC124903051	0	0	0
LINC02411	0	0	0
LOC105370068	0	0	0
LOC105370069	0	0	0
LOC124903052	0	0	0
LINC02393	0	0	0
LINC00508	0	0	0
LINC00507	0	0	0
LINC02441	0	0	0
LOC105370071	0	0	0
LINC02369	0	0	0
LINC02368	0	0	0
LOC107987176	0	0	0
TMEM132C	0	0	0
MIR3612	0	0	0
SLC15A4	493	1	509
LOC124903083	0	17	0
LOC100128276	0	0	0
GLT1D1	0	0	0
LOC124903084	0	0	0
LOC105370073	0	0	0
TMEM132D	0	0	0
LOC124903086	0	0	0
TMEM132D-AS1	3	0	3
TMEM132D-AS2	0	0	0
LOC105370074	0	0	0
LOC124903085	0	0	0
LOC105370076	0	0	0
LOC124903087	0	0	0
LINC02418	0	0	0
LOC105370077	9	7	2
LINC02419	0	0	0
LOC124903088	281	5	276
FZD10-AS1	373	71	303
FZD10	419	1	419
LOC107984480	0	0	0
LOC101927786	0	0	0
PIWIL1	0	0	0
RIMBP2	0	0	0
LOC105370080	0	0	0
STX2	304	0	304
LOC124903053	0	0	0
RAN	9623	3	9620
ADGRD1	513	1	563
LOC124903054	1	15	1
ADGRD1-AS1	0	36	0
LOC107984452	0	0	0
LINC01257	0	0	0
LOC105370082	342	2	340
LOC107987177	0	0	0
LOC100128002	0	0	0
LINC02415	0	0	0
LOC124903055	0	0	0
LINC02370	0	0	0
LOC124903090	8	0	8
LOC101929974	0	0	0
LOC124903056	0	0	0
LOC105370084	0	0	0
LINC02414	0	0	0
LOC105370086	0	0	0
LOC100996701	0	0	0
LOC124903057	0	0	0
LOC105370087	0	0	0
SFSWAP	1230	1	1229
LOC105370088	0	0	0
MMP17	56	0	56
LOC124903058	2	0	2
LOC124903059	0	0	0
ULK1	2606	3	2603
PUS1-AS1	14	0	14
PUS1	938	3	935
EP400	1367	0	1367
SNORA49	1	0	1
EP400P1	29	0	29
LOC107987169	0	0	0
DDX51	0	0	0
NOC4L	0	0	0
LINC02361	0	0	0
GALNT9	0	0	0
LOC105370091	0	0	0
GALNT9-AS1	0	0	0
LOC101928416	0	0	0
LOC105370092	0	0	0
LOC112268102	0	0	0
LOC124903060	0	0	0
MUC8	0	0	0
FBRSL1	929	1	928
LOC124903061	9	0	9
MIR6763	0	0	0
LOC124903062	0	0	0
LOC105370094	3	2	3
LRCOL1	0	0	0
P2RX2	6	6	0
POLE	2791	3	2790
PXMP2	416	0	420
LOC124903063	6	4	6
PGAM5	1530	1	1529
ANKLE2	2210	6	2204
GOLGA3	976	14	962
CHFR	0	0	0
CHFR-DT	0	0	0
LOC124903065	0	0	0
ZNF605	73	0	73
LOC124903064	1	0	1
ZNF26	56	0	56
ZNF84-DT	0	0	0
ZNF84	137	0	137
ZNF140	8	13	38
ZNF891	84	32	95
ZNF10	32	0	32
ZNF268	26	0	26
ANHX	0	0	0
FAM230C	0	0	0
LOC124903275	0	0	0
LINC00349	0	0	0
LINC00417	0	0	0
ANKRD20A9P	0	0	0
LINC00408	0	0	0
LINC00442	0	0	0
LOC107984132	0	0	0
TUBA3C	0	0	0
LOC101928697	0	0	0
LOC124900335	1	0	1
ANKRD26P3	0	0	0
LINC00421	0	0	0
TPTE2	0	0	0
TPTE2-AS1	0	0	0
MPHOSPH8	201	15	295
PSPC1	594	105	598
ZMYM5	103	1	102
ZMYM2	477	1	476
LOC124903265	0	0	0
LINC01072	0	0	0
LOC105370101	0	0	0
LOC124903128	0	0	0
GJA3	0	0	0
LOC107984553	0	0	0
GJB2	0	0	0
GJB6	0	0	0
LOC105370102	0	0	0
CRYL1	62	0	62
MIR4499	0	0	0
LOC105370103	0	0	0
IFT88	80	0	80
IL17D	14	14	0
EEF1AKMT1	58	1	57
XPO4	439	0	439
LOC124903129	0	0	0
LINC00367	0	0	0
LOC124903269	0	0	0
LATS2	691	0	691
LOC105370104	0	0	0
LOC124900339	0	0	0
SAP18	1050	0	1050
SKA3	263	3	261
MRPL57	627	0	628
LINC01046	0	0	0
LOC105370105	0	0	0
LOC101928764	0	0	0
MIPEPP3	5	47	5
LINC00539	3	2	1
GRK6P1	1	0	1
ZDHHC20	591	1	637
LOC124903130	0	0	0
LOC124903131	0	0	0
MICU2	261	0	261
LOC124903270	0	0	0
FGF9	0	0	0
LOC124903132	0	0	0
LINC00424	0	0	0
LOC105370108	0	0	0
LINC00540	0	0	0
LOC107984599	0	0	0
LOC124903133	0	0	0
LINC00621	0	0	0
LOC105370109	0	0	0
BASP1P1	0	0	0
LOC124903230	0	0	0
LOC105370111	0	0	0
LOC105370112	0	0	0
LOC124903134	0	0	0
SGCG	0	0	0
LINC00362	0	0	0
LOC107984585	0	0	0
SACS	201	0	201
SACS-AS1	0	0	0
LINC00327	0	0	0
LOC124903135	0	0	0
TNFRSF19	0	0	0
LOC105370113	0	0	0
MIPEP	560	0	560
PCOTH	0	0	16
C1QTNF9B	0	14	0
ANKRD20A19P	0	0	0
LOC105370115	0	0	0
SPATA13	82	0	82
LOC124903136	0	0	0
MIR2276	0	0	0
SPATA13-AS1	0	0	0
C1QTNF9	0	0	0
LINC00566	0	0	0
PARP4	1428	0	1452
LOC105370117	0	24	0
LOC105370295	0	0	0
LOC101927375	0	0	0
TPTE2P6	0	0	0
LOC107984610	0	0	0
ATP12A	0	0	0
LOC105370118	0	0	0
RNF17	11	11	0
CPAP	153	0	153
TPTE2P1	0	0	0
LOC105370119	0	0	0
LOC124900613	0	0	0
PABPC3	6	0	6
LOC105370120	0	0	0
AMER2	0	0	0
LINC00463	0	0	0
LINC01053	0	0	0
LOC105370121	0	0	0
MTMR6	255	0	255
NUP58	882	0	882
ATP8A2	0	0	0
LOC105370122	0	0	0
SHISA2	0	0	0
LINC00415	0	0	0
RNF6	174	2	172
CDK8	232	0	232
WASF3	0	0	0
LOC107984597	0	0	0
GPR12	0	0	0
LOC105370124	3	0	3
USP12	691	0	691
USP12-AS1	0	0	0
USP12-DT	0	0	0
LOC124903137	2	2	0
LINC00412	1	0	1
RPL21	6372	3	6369
SNORD102	14	0	14
SNORA27	9	0	9
RASL11A	345	0	345
LOC105370126	0	0	0
LOC124903138	0	0	0
GTF3A	1109	35	1124
MTIF3	144	18	176
LNX2	207	36	207
POLR1D	1202	1	1237
LOC105370129	0	0	0
GSX1	0	0	0
PLUT	0	0	0
LOC124903139	0	0	0
LOC105370130	0	0	0
PDX1	0	0	0
LINC00543	0	0	0
CDX2	0	0	0
URAD	0	0	0
LOC105370132	0	0	0
FLT3	0	0	0
PAN3-AS1	3	17	8
PAN3	252	5	277
LOC124903140	12	20	0
FLT1	0	0	0
LOC124903141	0	0	0
LOC124903142	0	0	0
LOC105370135	0	0	0
POMP	934	0	934
LOC124903143	1	0	1
SLC46A3	3	3	0
MTUS2	108	1	107
LOC124903144	0	0	0
MTUS2-AS2	0	0	0
MTUS2-AS1	0	0	0
SLC7A1	1470	0	1470
LOC102723345	0	0	0
LOC105370139	0	0	0
UBL3	435	0	435
LINC00297	0	0	0
LINC00572	0	0	0
LINC00544	0	0	0
LINC00365	0	0	0
LINC00384	0	0	0
LINC00385	0	0	0
KATNAL1	162	0	162
LOC102723381	0	0	0
LINC00427	0	0	0
LOC124903145	1	0	1
LINC00426	0	0	0
LINC01058	3	0	3
UBE2L5	0	0	0
LOC107984577	0	0	0
HMGB1	2849	1	2848
USPL1	118	0	118
TRN-GTT2-4	0	0	0
ALOX5AP	7	0	7
LOC124903146	0	0	0
LINC00398	0	0	0
LINC00545	0	0	0
TEX26-AS1	0	0	0
MEDAG	0	0	0
TEX26	0	0	0
TEX26-AS2	0	0	0
LINC01066	0	0	0
LOC124903147	0	0	0
LOC102723392	0	0	0
HSPH1	1050	1	1049
LOC105370148	1	0	1
B3GLCT	207	5	202
LOC124903148	0	0	0
LOC105370150	0	0	0
RXFP2	0	0	0
LOC105370152	0	0	0
LOC124903150	0	0	0
EEF1DP3	0	0	0
LOC124900336	0	0	0
LOC124903149	0	0	0
FRY-AS1	0	0	0
FRY	35	0	35
ZAR1L	1	0	1
BRCA2	119	0	119
N4BP2L1	8	1	7
LOC124903256	0	0	0
N4BP2L2	322	0	322
MICOS10P1	0	0	0
N4BP2L2-IT2	0	0	0
PDS5B-DT	0	0	1
PDS5B	331	1	331
LINC00423	0	0	0
LOC124903151	0	0	0
KL	0	0	0
STARD13	85	2	85
STARD13-AS	0	2	0
LINC02344	0	0	0
LOC124903152	0	0	0
LOC102723406	10	10	0
LOC107984551	0	0	0
RFC3	772	0	772
LOC105370156	0	0	0
LOC107984589	0	0	0
LOC124903153	0	0	0
LOC124900343	0	0	0
LOC124903154	0	0	0
LINC02343	0	0	0
LINC00457	0	0	0
LOC105370159	0	0	0
LOC107987189	0	0	0
LOC124903231	0	0	0
NBEA	2	0	2
LOC124903232	0	0	0
MAB21L1	0	0	0
LOC105370161	0	0	0
LOC124903224	0	0	0
LINC00445	0	0	0
DCLK1	0	0	0
LOC105370163	0	0	0
LOC107984604	0	0	0
CCDC169-SOHLH2	0	0	0
SOHLH2	21	0	21
CCDC169	10	0	10
SPART	708	0	723
SPART-AS1	0	15	0
CCNA1	0	0	0
LOC124903155	0	0	0
LOC124903157	0	0	0
SERTM1	0	0	0
LOC102723490	1	0	1
LOC124903156	0	0	0
LOC124903158	0	0	0
RFXAP	46	2	44
SMAD9	3	3	0
ALG5	246	0	246
EXOSC8	285	29	298
SUPT20H	427	15	454
CSNK1A1L	0	0	0
LOC105377814	0	0	0
LOC124903159	0	0	0
LINC01048	0	0	0
LINC00547	0	0	0
POSTN	0	0	0
TRPC4	0	0	0
LOC124903160	0	0	0
LINC02334	0	0	0
LINC00571	0	0	1
UFM1	362	1	362
LINC00437	0	0	0
LOC105370167	0	0	0
LINC00366	0	0	0
FREM2	0	0	0
FREM2-AS1	0	0	0
STOML3	0	0	0
PROSER1	479	0	479
NHLRC3	177	0	177
LOC105370169	0	0	0
LOC105370168	0	0	0
LOC107984579	0	0	0
LOC124903161	0	0	0
LOC107984580	0	0	0
LHFPL6	1	0	1
LOC124903266	0	0	0
LOC105370170	0	0	0
LOC112268119	0	0	0
COG6	162	0	162
MIR4305	0	0	0
LOC124903255	0	0	0
LOC105370171	0	0	0
LOC107984569	0	0	0
LOC124903162	2	0	2
LINC00332	1	0	1
LINC00548	0	0	0
LINC00598	1	0	1
FOXO1	341	2	339
MIR320D1	0	0	0
MRPS31	213	0	213
SLC25A15	248	0	342
TPTE2P5	2	96	0
MIR621	0	0	0
SUGT1P3	0	0	0
ELF1	573	3	570
TRE-TTC1-2	0	0	0
WBP4	55	0	55
MIR3168	0	0	0
KBTBD6	448	0	448
KBTBD6-DT	7	1	6
LOC124903260	0	0	0
KBTBD7	167	0	167
MTRF1	94	0	94
LOC105370173	1	0	1
NAA16	186	0	186
OR7E37P	0	0	0
RGCC	0	0	0
LOC105370174	0	0	0
LOC105370175	0	0	0
VWA8	301	0	301
MIR5006	0	0	0
VWA8-AS1	1	0	1
LOC105370176	0	0	0
DGKH	160	1	159
AKAP11	226	0	226
LINC02341	0	0	0
TNFSF11	0	0	0
LOC124903163	0	0	0
LOC124903164	0	0	0
FAM216B	0	0	0
LOC107984611	0	0	0
LINC01050	0	0	0
LINC00428	0	0	0
EPSTI1	1	0	1
LOC124903165	0	0	0
LOC105370178	0	0	0
LOC105370179	0	0	0
DNAJC15	570	2	568
LINC00400	1	0	1
ENOX1	90	0	90
ENOX1-AS2	0	0	0
LOC124903166	0	0	0
CCDC122	8	1	9
LACC1	21	1	22
LOC105370182	0	0	0
NRAD1	0	0	0
LINC00390	0	0	0
SMIM2-AS1	5	0	18
SMIM2	1	14	0
SMIM2-IT1	0	0	0
MIR8079	0	0	0
LOC107984552	12	0	12
LOC105370297	0	0	0
SERP2	0	0	0
TUSC8	0	0	0
TSC22D1	3574	1	3645
LOC124903167	0	6	0
TSC22D1-AS1	0	66	0
LOC124903261	0	0	0
LINC00407	0	2	0
LOC105370185	3	0	5
LINC00330	0	0	0
LOC105370187	0	0	0
LOC107984619	0	0	0
TRE-TTC2-1	0	0	0
NUFIP1	144	0	144
GPALPP1	201	0	201
LOC105370188	0	0	0
LOC107984596	0	0	0
LOC101929259	0	0	0
GTF2F2	201	0	201
KCTD4	0	0	0
LOC124903168	0	0	0
LOC105370190	0	0	0
TPT1	15626	7	15619
SNORA31B	0	0	0
SNORA31	0	0	0
TPT1-AS1	85	12	73
LOC124903169	0	0	0
SLC25A30	108	0	111
SLC25A30-AS1	0	3	0
COG3	242	1	241
ERICH6B	0	0	0
LINC01055	0	0	0
CBY2	0	0	0
SIAH3	0	0	0
LOC105370191	0	0	0
ZC3H13	294	0	294
CPB2-AS1	0	0	0
CPB2	0	0	0
LCP1	0	0	0
LOC107984578	0	0	0
LOC105370192	0	0	0
LRRC63	0	0	0
LOC124903262	0	0	0
LOC105370194	0	0	0
LOC124903170	0	0	0
LINC00563	0	0	0
RUBCNL	0	0	0
LINC01198	0	0	0
LOC112268117	0	0	0
LOC124903171	0	0	0
LRCH1	190	0	190
LOC107984563	0	0	0
ESD	404	0	404
HTR2A	0	0	0
HTR2A-AS1	0	0	0
LOC105370195	1	0	1
LOC105370196	1	0	1
LINC00562	6	0	6
SUCLA2	408	0	408
SUCLA2-AS1	3	3	0
LOC124903172	1	48	37
NUDT15	230	29	278
MED4	131	0	366
MED4-AS1	0	235	0
LOC105370198	0	0	0
ITM2B	4046	5	4041
RB1-DT	1	0	1
RB1	870	0	914
LOC112268118	0	44	0
LPAR6	2	2	0
RCBTB2	64	0	64
LOC124903173	9	0	9
LOC124903174	0	0	0
LINC01077	0	0	0
LINC00462	0	0	0
LOC105370202	0	0	0
CYSLTR2	0	0	0
LOC107984559	1	0	1
FNDC3A	1600	134	1466
MLNR	1	0	1
LOC105370203	7	0	7
CDADC1	127	1	126
CAB39L	50	0	50
SETDB2-PHF11	0	0	0
SETDB2	28	0	28
PHF11	1	0	1
RCBTB1	232	0	232
LOC105370204	0	0	0
ARL11	0	0	0
LOC105370205	5	0	5
EBPL	1034	0	1034
KPNA3	745	0	745
CTAGE10P	0	0	0
SPRYD7	236	0	236
DLEU2	45	21	59
MIR3613	0	0	0
TRIM13	120	16	140
KCNRG	1	0	1
MIR16-1	0	0	0
MIR15A	0	0	0
DLEU1	126	0	126
ST13P4	0	0	0
LOC124900337	0	0	0
DLEU1-AS1	0	0	0
LOC107984568	0	0	0
DLEU7	0	0	0
DLEU7-AS1	0	0	0
RNASEH2B-AS1	0	1	0
RNASEH2B	273	0	274
GUCY1B2	5	0	5
C13orf42	0	0	0
LOC107984554	0	0	0
FAM124A	1	0	1
INTS6	551	0	575
SERPINE3	2	26	0
MIR5693	0	0	0
INTS6-AS1	2	0	2
LOC124903175	0	0	0
MIR4703	0	0	0
WDFY2	362	3	477
LOC124903177	1	43	0
DHRS12	47	67	48
LOC107984561	6	10	9
TMEM272	5	0	5
CCDC70	0	0	0
ATP7B	232	0	232
ALG11	56	0	56
UTP14C	0	0	0
NEK5	2	3	0
LOC101929657	2	2	0
NEK3	50	0	62
LOC124903176	2	14	0
MRPS31P5	19	0	19
TPTE2P2	0	0	0
LINC02333	0	0	0
LOC105370207	0	0	0
THSD1	13	0	13
VPS36	401	3	398
CKAP2-DT	7	0	7
CKAP2	546	2	544
LINC00345	4	2	2
TPTE2P3	0	0	0
HNRNPA1L2	86	0	86
SUGT1-DT	13	0	13
SUGT1	422	0	422
CNMD	0	0	0
MIR759	0	0	0
PCDH8	0	0	0
OLFM4	0	0	0
LINC01065	0	0	0
LOC105370210	0	0	0
LINC00558	0	0	0
LINC00458	0	0	0
MIR1297	0	0	0
LOC105370213	0	0	0
LOC124903233	0	0	0
LINC02335	0	0	0
MIR5007	0	0	0
LOC105370214	0	0	0
LOC124903268	0	0	0
LOC124903235	0	0	0
PRR20A	0	0	0
PRR20B	0	0	0
PRR20C	0	0	0
PRR20D	0	0	0
PRR20E	0	0	0
LOC105370216	0	0	0
LOC105370217	0	0	0
PCDH17	261	1	260
LINC02338	0	0	0
LINC00374	0	0	0
LOC105370218	0	0	0
LOC105370219	0	0	0
LOC105370220	0	0	0
LOC105370221	0	0	0
LOC105370224	6	0	6
LOC105370223	0	0	0
LOC105370222	0	0	0
LOC107984625	0	0	0
DIAPH3	467	0	508
DIAPH3-AS1	0	41	0
DIAPH3-AS2	0	0	0
LOC105370227	0	0	0
LINC00434	0	0	0
LOC105370228	0	0	0
TDRD3	172	3	169
LOC124903178	0	0	0
LOC105370230	0	0	0
LINC00378	0	0	0
LINC01442	0	0	0
LOC102723910	0	0	0
MIR3169	0	0	0
PCDH20	0	0	0
LINC02339	0	0	0
LOC105370231	0	0	0
LINC00358	0	0	0
LINC01075	0	0	0
LINC01074	0	0	0
LINC00459	0	0	0
LOC105370232	0	0	0
LINC00448	0	0	0
LOC105370234	0	0	0
LINC00376	0	0	0
LOC124903236	0	0	0
LOC105370237	0	0	0
LOC105370236	0	0	0
LINC00395	0	0	0
LOC105370235	0	0	0
OR7E156P	0	0	0
LOC112267897	0	0	0
LOC102723968	0	0	1
LOC647264	0	0	0
LOC105377815	1	2	0
LINC00355	15	0	15
LOC124903237	0	0	0
LOC105370238	0	0	0
LOC107987190	0	0	0
LOC105370239	1	0	1
LOC105370240	0	0	0
LOC105370241	0	0	0
LINC01052	0	0	0
LOC105370243	0	0	0
LOC105370244	0	0	0
MIR548X2	0	0	0
LOC105370245	0	0	0
LOC124903225	0	0	0
MIR4704	0	0	0
LOC124903179	0	0	0
PCDH9	4	0	8
PCDH9-AS1	0	4	0
LOC105370247	0	0	0
PCDH9-AS2	0	0	0
PCDH9-AS3	0	0	0
PCDH9-AS4	0	0	0
LOC105370246	0	0	0
LINC00364	0	0	0
LOC105370248	0	0	0
LOC105370249	0	0	0
LOC105370250	0	0	0
LOC107984622	0	0	0
LOC124903238	0	0	0
LOC105370251	0	0	0
LOC101927072	0	0	0
LOC124903239	0	0	0
LINC00550	0	0	0
LOC105370254	0	0	0
LINC02342	0	0	0
LINC00383	0	0	0
KLHL1	0	0	0
ATXN8OS	0	0	0
LOC105370255	0	0	0
LINC00348	0	0	0
DACH1	0	0	0
LOC124900345	0	0	0
LOC124903181	0	0	0
LOC124900344	0	0	0
MZT1	409	0	409
BORA	124	32	225
DIS3	549	116	566
PIBF1	141	0	141
KLF5	1650	0	1650
LOC105377816	0	0	0
LINC00393	0	0	0
LINC00392	0	0	0
LOC128966561	1	0	1
LOC105370256	6	0	6
KLF12	205	0	205
LOC124903182	0	0	0
LINC00402	0	0	0
LOC105370259	0	0	0
LOC100288208	0	0	0
LINC00381	0	0	0
LOC107987191	0	0	0
LINC00347	0	0	0
LOC105370260	0	0	0
LOC107984620	0	0	0
CTAGE11P	0	0	0
LINC01078	0	0	0
TBC1D4	565	0	565
COMMD6	342	0	342
UCHL3	249	0	361
LMO7-AS1	0	112	0
LMO7	3195	0	3195
LMO7DN	0	0	0
LMO7DN-IT1	0	0	0
LINC00561	0	0	0
LOC105370262	0	0	0
LOC105370261	0	0	0
LOC105370263	0	0	0
LOC105370264	0	0	0
LOC124903183	0	0	0
LOC105370266	0	0	0
LOC112268120	0	0	0
LOC105370265	0	0	0
LOC107984587	0	0	0
KCTD12	172	2	170
BTF3P11	0	0	0
LOC105370269	0	0	0
ACOD1	0	0	0
CLN5	208	11	199
FBXL3	283	1	284
MYCBP2	531	8	601
MYCBP2-AS1	0	78	0
MYCBP2-AS2	0	0	0
LOC124903184	0	0	0
LOC127898562	0	0	0
LOC107984564	1	1	1
LOC124903185	0	0	0
LOC124903186	0	0	0
LOC105370271	0	0	0
SCEL	0	0	0
SCEL-AS1	0	0	0
LOC100129307	0	0	0
SLAIN1	0	0	0
MIR3665	0	0	0
EDNRB-AS1	0	0	0
EDNRB	24	0	24
LINC01069	0	0	0
LINC00446	0	0	0
OBI1-AS1	0	127	0
LOC780529	0	0	0
POU4F1	0	0	0
OBI1	127	0	254
LOC105370272	0	0	0
LINC00331	0	0	0
LOC105370273	0	0	0
RBM26	872	1	871
RBM26-AS1	33	0	38
LOC105370274	1	6	0
NDFIP2-AS1	0	0	0
NDFIP2	1150	0	1150
LINC01068	0	0	0
LOC124903226	0	0	0
LINC01038	0	0	0
LINC00382	0	0	0
LINC01080	0	0	0
LOC105370275	0	0	0
LOC101927238	0	0	0
SPRY2	480	4	476
LOC105370276	1	0	1
LOC124903240	0	0	0
LOC105370278	0	0	0
LOC124903241	0	0	0
LINC00377	0	0	0
LINC00564	0	0	0
LOC105370281	0	0	0
LOC105370282	0	0	0
LOC105370283	0	0	0
LOC105370284	0	0	0
LOC105370285	0	0	0
LOC124903242	0	0	0
LOC105370286	0	0	0
SLITRK1	0	0	0
LOC105370287	0	0	0
LINC00333	0	0	0
LOC105370289	0	0	0
SNORA107	0	0	0
LOC105370290	0	0	0
LINC00375	0	0	0
LOC105370291	0	0	0
LOC105370292	0	0	0
LINC00351	0	0	0
SLITRK6	0	0	0
LOC124903227	0	0	0
LOC105370299	0	0	0
LOC105370300	0	0	0
LINC00430	0	0	0
LOC105370301	0	0	0
LOC105370302	0	1	0
MIR4500HG	0	0	0
LOC124900338	1	28	1
MIR4500	0	0	0
LOC124903229	0	0	0
SLITRK5	358	2	384
LOC112268106	20	0	20
LINC00397	4	0	4
LOC105370304	0	0	0
LINC00373	0	0	0
LOC124903243	0	0	0
LINC00433	0	0	0
LINC00560	0	0	0
LOC105370307	0	0	0
LINC01047	0	0	0
LINC00440	0	0	0
LOC107984621	0	0	0
LINC01040	0	0	0
LINC00353	0	0	0
LINC02336	0	0	0
LOC124903257	0	0	0
LINC00559	0	0	0
MIR622	0	0	0
LOC124903228	0	0	0
LOC105370310	0	0	0
LINC01049	0	0	0
LOC107984572	0	0	0
LOC105370311	7	0	7
LINC00410	0	0	0
LINC00380	0	0	0
LOC105370312	0	0	0
LOC124903187	0	0	0
LINC00379	0	0	0
LOC124903188	0	0	0
LOC105370313	0	0	0
LOC105370314	0	0	0
MIR17HG	32	0	32
MIR17	0	0	0
MIR18A	0	0	0
MIR19A	0	0	0
MIR20A	0	0	0
MIR19B1	0	0	0
MIR92A1	0	0	0
LOC124903189	0	0	0
GPC5	287	0	287
GPC5-AS2	0	0	0
GPC5-IT1	0	0	0
MIR548AS	0	0	0
LOC124903190	0	0	0
LOC105370315	0	0	0
GPC5-AS1	0	0	0
LOC105370317	0	0	0
LINC00363	0	0	0
GPC6	0	0	0
GPC6-AS2	0	0	0
GPC6-AS1	0	0	0
DCT	0	0	0
LOC124903191	1	0	1
TRF-GAA1-5	0	0	0
TGDS	153	0	153
GPR180	321	0	321
LINC00391	0	0	0
SOX21	0	0	0
SOX21-AS1	0	0	0
LOC112268114	0	0	0
LOC101927284	0	0	0
LINC00557	0	0	0
ABCC4	1057	17	1079
SNORD13G	0	0	0
LOC124903192	2	2	0
LOC102724149	13	24	28
LOC124903193	0	0	0
CLDN10	0	0	0
CLDN10-AS1	0	0	0
DZIP1	1	0	1
LOC124903194	0	0	0
DNAJC3-DT	18	0	18
DNAJC3	462	0	462
UGGT2	375	0	375
HS6ST3	0	0	0
MIR4501	0	0	0
LOC124903195	0	0	0
LINC00359	0	0	0
OXGR1	0	0	0
LOC124903264	0	0	0
LOC124903196	0	0	0
LOC124903197	0	0	0
MBNL2	419	0	419
LINC00456	0	0	0
LOC107984573	0	0	0
LOC101927385	5	5	0
RAP2A	310	0	310
LOC105370324	0	0	0
LOC105370325	0	0	0
LOC124903259	0	0	0
IPO5	3545	0	3545
LOC105370328	0	0	1
LOC107984566	0	0	0
FARP1	827	769	1478
RNF113B	0	0	0
MIR3170	0	0	0
LOC105370327	0	0	0
FARP1-AS1	0	144	0
STK24	919	523	1673
STK24-AS1	11	2	11
SLC15A1	0	0	0
LOC105370330	0	0	0
DOCK9	660	5	660
DOCK9-AS1	0	0	0
DOCK9-DT	5	2	8
UBAC2-AS1	28	0	28
UBAC2	1576	0	1576
GPR18	1	1	0
LOC124903198	1	1	0
GPR183	0	0	0
FKSG29	0	0	0
MIR623	0	0	0
LNCARGI	0	0	0
LINC01232	14	2	12
LINC00449	7	0	7
TM9SF2	2982	0	2982
LINC01039	0	0	0
LOC105370332	0	0	0
CLYBL	97	0	123
MIR4306	0	0	0
LOC124903199	1	0	1
CLYBL-AS2	0	0	0
CLYBL-AS1	0	0	0
CLYBL-AS3	0	26	0
LOC124903263	0	0	0
ZIC5	298	21	278
ZIC2	427	0	428
LINC00554	0	0	0
LOC124903200	0	0	0
PCCA-DT	83	2	81
PCCA	133	2	143
LOC105370335	0	0	0
LOC124903201	0	0	0
PCCA-AS1	0	0	0
LOC107984574	0	0	0
GGACT	44	11	45
TMTC4	453	2	451
NALCN-AS1	0	20	0
LINC00411	0	0	0
NALCN	88	0	108
LOC124903202	0	0	0
ITGBL1	0	0	3
FGF14	1	4	0
MIR2681	0	0	0
MIR4705	0	0	0
LOC107984615	0	0	0
FGF14-IT1	0	0	0
FGF14-AS1	0	0	0
FGF14-AS2	0	0	0
LOC107984588	6	1	6
TPP2	535	0	536
METTL21C	0	0	0
LOC124903258	0	0	0
LRTM3	0	0	0
LOC105370337	0	113	0
TEX30	115	0	228
POGLUT2	348	0	348
BIVM	129	0	129
BIVM-ERCC5	0	0	0
ERCC5	18	1	17
METTL21EP	0	0	0
SLC10A2	0	0	0
LOC105370338	0	0	0
LOC105370339	0	0	0
LINC01309	0	0	0
LOC124903203	0	0	0
LOC124903204	0	0	0
LOC105370340	0	0	0
LOC107984624	0	0	0
LOC107984606	0	0	0
LOC107984607	0	0	0
LOC107984608	0	0	0
LOC105370342	0	0	0
LOC105370343	0	0	0
LOC107984609	0	0	0
LOC105370344	0	0	0
DAOA-AS1	0	0	0
DAOA	0	0	0
LOC105370345	0	0	0
LINC00343	0	0	0
LOC124903244	0	0	0
LOC124903245	0	0	0
LOC107984626	0	0	0
LINC00460	0	0	0
LOC124903246	0	0	0
LOC105370346	0	0	0
LOC124903247	0	0	0
EFNB2	3	0	3
ARGLU1	1418	4	1414
ARGLU1-DT	2	0	2
LINC00443	0	0	0
LOC107984627	0	0	0
LOC105370349	0	0	0
LOC124903248	0	0	0
LOC124903205	0	0	0
NALF1	0	0	0
SNORD31B	0	0	0
LOC105370353	0	0	0
LOC112268110	0	0	0
MIR1267	0	0	0
NALF1-IT1	0	0	0
LOC124903206	0	0	0
LIG4	91	1	91
ABHD13	187	0	188
TNFSF13B	0	0	0
LOC105370355	0	0	0
MYO16	9	4	6
MYO16-AS2	0	1	0
LOC124903208	0	0	0
LOC105370356	3	0	3
MYO16-AS1	13	0	13
LOC124903207	50	2	52
LINC03061	812	24	792
LOC130494219	11	0	11
LINC00370	5	0	5
LOC105370359	0	0	0
LINC00399	0	0	0
LOC107984602	0	0	0
LOC124903210	0	0	0
LOC101927627	0	0	0
LINC00676	0	0	0
IRS2	1380	4	1378
LOC124903211	42	1	41
LOC105370360	4	0	6
LINC03082	2	0	2
LINC00396	0	0	0
LINC03032	0	0	0
LOC101927712	2	0	2
COL4A1	2491	4	2491
LOC124903212	0	0	0
COL4A2	7021	17	8176
MIR8073	0	0	0
LOC124903267	0	0	0
COL4A2-AS2	0	276	0
COL4A2-AS1	0	891	1
RAB20	1200	0	1200
NAXD-AS1	17	49	15
NAXD	849	8	886
CARS2	1928	7	1924
ING1	574	2	575
LOC107984613	0	0	0
LINC00567	0	0	0
LOC105370362	0	0	0
LOC105370363	4	0	4
PRECSIT	17	0	17
ANKRD10	1030	1	1029
LOC105370364	0	0	0
LINC00431	3	0	3
LOC124903213	0	0	0
LINC00368	0	0	0
ARHGEF7-AS2	0	0	0
ARHGEF7	772	0	772
ARHGEF7-AS1	0	0	0
LOC101060553	0	0	0
TEX29	1	0	1
LOC105370365	1	1	0
LOC107984618	0	0	0
LINC02337	0	0	0
LOC107983958	0	0	0
LOC105370366	0	0	0
LOC102724489	0	0	0
LOC102724510	0	0	0
LINC00354	0	0	0
SOX1-OT	0	0	0
LOC105378193	0	0	0
LOC124900341	0	0	0
SOX1	0	0	0
LINC00404	0	0	0
LOC100506016	0	0	0
LOC105370370	0	0	0
LINC01070	0	0	0
LOC124903249	0	0	0
LOC101928730	0	0	0
LOC107984555	0	0	0
LINC01043	0	0	0
LINC01044	0	0	0
LOC124903250	0	0	0
LOC105370373	0	0	0
SPACA7	0	0	0
LOC105370372	0	0	0
TUBGCP3	439	1	438
LOC124903251	1	0	1
ATP11AUN	0	0	0
LOC102725228	17	0	17
ATP11A	1258	0	1258
ATP11A-AS1	0	0	0
LOC124903253	0	0	0
LOC124903252	2	0	2
MCF2L	117	0	117
LOC124903214	0	0	0
MCF2L-AS1	0	0	0
LOC107984591	0	0	0
F7	1	0	1
F10	7	7	0
F10-AS1	0	0	0
LOC124903215	0	0	0
F10-AS2	4	0	4
LOC124903216	0	0	0
PROZ	1	15	0
PCID2	1198	9	1307
CUL4A	2883	101	2886
MIR8075	3	0	3
LAMP1	8132	3	8129
GRTP1	210	67	225
LOC124903217	0	0	0
GRTP1-AS1	2	84	0
LOC124903218	0	0	0
ADPRHL1	317	12	305
DCUN1D2	318	4	315
SLC9D1	1371	0	1371
TFDP1	2990	2	2989
LOC124903219	5	0	5
GRK1	0	0	0
ATP4B	0	0	0
LOC105377805	0	0	0
LINC00552	0	0	0
TMEM255B	0	0	0
GAS6-AS1	34	12	58
LOC124903220	0	2	0
GAS6	85	52	71
GAS6-DT	1	0	1
LINC00454	0	0	0
LINC00452	0	0	0
C13orf46	12	0	12
SWINGN	0	0	0
RASA3	0	0	0
RASA3-IT1	0	0	0
LOC124903221	0	0	0
LOC107987192	0	0	0
CFAP97D2	0	0	0
CDC16	635	1	779
MIR548AR	9	0	9
LOC105370384	6	151	3
MIR4502	0	0	0
UPF3A	710	1	709
LOC124903222	0	0	0
CHAMP1	972	0	972
LINC01054	0	0	0
LOC112268113	0	0	0
OR11H12	0	0	0
LINC02297	0	0	0
POTEM	0	0	0
LOC100508046	0	0	0
DUXAP9	54	0	54
BMS1P18	0	0	0
LNCRNA-ATB	0	0	0
LINC01297-DUXAP10-NBEAP6	1	0	1
DUXAP10	0	0	0
BMS1P17	0	0	0
LINC01297	0	0	0
POTEG	0	0	0
LOC101929572	0	0	0
LOC124903277	0	0	0
OR11H2	0	0	0
OR4Q3	0	0	0
LOC124903431	0	0	0
OR4M1	0	0	0
OR4N2	0	0	0
OR4K3	0	0	0
OR4K2	0	0	0
LOC124903278	0	0	0
OR4K1	0	0	0
OR4K5	0	0	0
OR4K15	0	0	0
OR4Q2	0	0	0
OR4K14	0	0	0
OR4K13	0	0	0
OR4L1	0	0	0
OR4K17	0	0	0
OR4N5	0	0	0
OR11G2	0	0	0
OR11H6	0	0	0
OR11H7	0	0	0
OR11H4	0	0	0
LOC124903279	0	0	0
TTC5	0	0	0
CCNB1IP1	0	0	0
SNORA79B	0	0	0
SNORD126	0	0	0
RPPH1	0	0	0
PARP2	0	0	0
TEP1	0	0	0
KLHL33	0	0	0
OSGEP	0	0	0
APEX1	0	0	0
PIP4P1	0	0	0
PNP	0	0	0
RNASE10	0	0	0
RNASE9	0	0	0
RNASE11	0	0	0
RNASE11-AS1	0	0	0
RNASE12	0	0	0
TRP-AGG2-5	0	0	0
LOC124903280	0	0	0
TRL-AAG2-3	0	0	0
TRP-AGG2-6	0	0	0
TRT-TGT3-1	0	0	0
TRL-TAG2-1	0	0	0
TRT-TGT4-1	0	0	0
TRP-TGG1-1	0	0	0
OR6S1	0	0	0
TRY-GTA5-3	0	0	0
LOC124903281	1	1	0
TRY-GTA4-1	0	0	0
TRY-GTA7-1	0	0	0
TRY-GTA5-4	0	0	0
TRT-TGT5-1	0	0	0
TRY-GTA5-5	1	1	0
TRP-TGG3-2	0	0	0
ANG	18	0	28
RNASE4	63	0	73
EGILA	0	135	0
LOC124903282	0	0	0
LOC107984671	0	0	0
EDDM3A	0	0	0
EDDM3B	0	0	0
RNASE6	0	0	0
LOC105370397	0	0	0
RNASE1	0	0	0
LOC100507513	0	0	0
RNASE3	0	0	0
RNASE2CP	0	0	0
RNASE2	0	0	0
METTL17	631	2	1078
LOC101929718	3	451	1
SLC39A2	1	0	1
NDRG2	119	0	119
MIR6717	0	0	0
TPPP2	0	0	0
RNASE13	0	0	0
RNASE7	3	4	0
LOC105370398	0	0	1
RNASE8	0	0	0
ARHGEF40	443	29	445
ZNF219	1059	9	1090
TMEM253	49	30	28
LOC105378175	0	0	0
OR5AU1	0	0	0
LINC00641	83	0	83
HNRNPC	8646	3	8643
RPGRIP1	1	1	0
SUPT16H	1359	1	1359
LOC107984643	6	157	6
CHD8	924	1	1079
SNORD9	2	0	2
SNORD8	0	0	0
LOC124903283	1	1	0
RAB2B	186	0	186
TOX4	874	125	922
METTL3	569	57	685
SALL2	0	0	0
OR10G3	0	0	0
OR10G2	0	0	0
OR4E2	0	0	0
OR4E1	0	0	0
LOC124903284	0	0	0
LOC107984649	0	0	0
TRD-AS1	0	0	0
LINC02332	0	0	0
LOC105370399	0	0	0
DAD1	1114	0	1114
ABHD4	470	1	469
OR6J1	0	0	0
OXA1L-DT	1	0	1
LOC124900351	0	0	0
OXA1L	2752	0	2753
SLC7A7	8	7	2
MRPL52	288	0	288
MMP14	5	0	5
LRP10	3635	5	3630
REM2	6	0	6
RBM23	1015	0	1015
PRMT5-AS1	3	814	1
PRMT5	448	1	2150
LOC124903285	0	747	0
PRMT5-DT	0	0	0
TRR-ACG1-3	0	0	0
HAUS4	536	0	536
MIR4707	0	0	0
AJUBA	651	5	648
LOC124903287	0	2	0
AJUBA-DT	8	88	13
C14orf93	124	16	206
LOC124903286	1	6	0
PSMB5	2306	2	2304
PSMB11	0	0	0
CDH24	394	0	394
LOC105370705	4	17	4
ACIN1	2294	267	2940
LOC124903288	0	641	0
C14orf119	357	2	611
CIROP	0	2	0
CEBPE	0	0	0
SLC7A8	26	1	25
RNF212B	0	5	2
LOC105370406	0	0	0
HOMEZ	409	2	414
PPP1R3E	100	1	100
BCL2L2-PABPN1	2	0	2
BCL2L2	337	0	337
PABPN1	25	0	25
SLC22A17	0	0	0
EFS	0	0	0
IL25	0	0	0
CMTM5	0	0	0
MYH6	0	0	0
MIR208A	0	0	0
MYH7	0	0	0
MHRT	0	0	0
MIR208B	0	0	0
NGDN	389	1	388
THTPA	238	48	244
ZFHX2	9	1	9
LOC124903289	0	0	0
AP1G2	245	107	676
AP1G2-AS1	11	352	94
JPH4	0	0	0
DHRS2	41	0	41
LOC105370407	0	0	0
LOC105370408	0	0	0
LOC105370410	0	0	0
LOC105370409	0	0	0
LINC00596	0	0	0
LOC105370411	0	0	0
DHRS4-AS1	0	0	0
DHRS4	0	0	0
LOC124903290	0	0	0
DHRS4L2	0	0	0
DHRS4L1	0	0	0
CARMIL3	0	0	0
LOC105370412	0	0	0
CPNE6	0	0	0
NRL	0	0	0
PCK2	0	0	0
DCAF11	0	0	0
FITM1	0	0	0
PSME1	0	0	0
EMC9	0	0	0
PSME2	0	0	0
MIR7703	0	0	0
RNF31	0	0	0
IRF9	0	0	0
REC8	0	0	0
IPO4	0	0	0
TM9SF1	0	0	0
TSSK4	0	0	0
CHMP4A	0	0	0
NEDD8-MDP1	0	0	0
MDP1	0	0	0
NEDD8	0	0	0
GMPR2	0	0	0
TINF2	0	0	0
TGM1	0	0	0
RABGGTA	0	7	0
NOP9	1	0	30
DHRS1	0	4	0
CIDEB	0	0	0
LTB4R2	0	0	0
LTB4R	0	0	0
ADCY4	0	0	0
RIPK3	0	0	0
LOC124903291	0	0	0
NFATC4	0	0	0
LOC124903292	0	0	0
NYNRIN	18	0	18
KHNYN	622	455	894
CBLN3	35	0	44
SDR39U1	17	291	444
LOC101927045	15	0	15
CMA1	0	0	0
CTSG	0	0	0
GZMH	0	0	0
GZMB	0	0	0
GZMH-AS1	0	0	0
STXBP6	0	0	0
LOC124903293	0	0	0
LOC124903294	1	0	1
LOC124903295	0	0	0
LINC02286	0	0	0
LOC105370415	0	0	0
LOC112268135	0	0	0
LOC124900350	0	0	0
LINC02306	0	0	0
LOC105370418	0	0	0
NOVA1	0	0	0
NOVA1-DT	2	0	2
LINC02294	0	0	0
LINC02293	0	0	0
LOC124903296	0	0	0
MIR4307HG	0	0	0
MIR4307	0	0	0
LOC105370419	0	0	0
LOC105370420	0	0	0
LOC105370421	0	0	0
MIR3171HG	0	0	0
LINC00645	1	0	1
MIR3171	0	0	0
LOC107984684	0	0	0
LINC02300	0	0	0
FOXG1-AS1	0	0	0
FOXG1	0	0	0
LINC01551	0	0	0
LINC02282	0	0	0
LINC02281	0	0	0
LINC02327	16	0	16
LOC107984685	7	0	8
LINC02326	2	3	0
LOC102724934	0	0	0
PRKD1	0	0	0
LOC124903297	0	0	0
LOC105370429	0	0	0
LOC112267868	10	0	10
LOC105370430	0	0	0
G2E3-AS1	1	1	0
LOC105370432	0	0	0
G2E3	112	0	112
SCFD1	315	0	315
COCH	0	39	0
COCH-AS1	0	0	0
STRN3	152	0	191
MIR624	0	0	0
AP4S1	56	0	56
HECTD1	699	3	696
HEATR5A	822	1	821
HEATR5A-DT	7	1	6
DTD2	217	1	216
GPR33	0	0	0
LOC105370438	0	0	0
NUBPL-DT	0	0	0
NUBPL	92	0	92
LINC02313	0	0	0
LOC105370440	0	0	0
ARHGAP5-AS1	39	0	39
ARHGAP5	489	0	489
RNU6-7	0	0	0
RNU6-8	0	0	0
AKAP6	21	0	21
LOC124903298	0	0	0
NPAS3	0	0	0
LOC124903299	0	0	0
LOC124903300	0	0	0
SNORA89	0	0	0
EGLN3	459	0	459
LOC102724945	0	0	0
LOC105370446	0	0	0
EGLN3-AS1	0	0	0
LOC105370444	0	0	0
SPTSSA	1926	0	1926
EAPP	248	0	248
LOC105370447	0	0	0
LOC112268123	0	0	0
LOC105370449	0	0	0
SNX6	883	0	883
LOC107984628	0	0	0
CFL2	885	1	884
BAZ1A	329	10	344
BAZ1A-AS1	19	15	29
SRP54-AS1	13	0	13
IGBP1P1	0	0	0
SRP54	737	0	737
FAM177A1	231	3	228
LOC101927178	3	6	3
PPP2R3C	81	10	105
PRORP-PSMA6	0	0	0
PRORP	57	0	57
PSMA6	1	0	1
NFKBIA	1321	2	1319
LOC124903301	0	0	0
LOC107984681	0	0	0
LOC105370450	0	0	0
INSM2	0	0	0
RALGAPA1	260	0	260
SNORA101B	0	0	0
LOC124903425	0	0	0
BRMS1L	78	1	77
LOC105370452	0	0	0
LINC00609	0	0	0
PTCSC3	0	0	0
LOC124903302	0	0	0
LOC107984003	0	0	0
MBIP	192	0	192
SFTA3	0	0	0
NKX2-1	22	0	27
NKX2-1-AS1	0	7	0
LOC105370453	0	0	0
NKX2-8	30	0	30
LOC105370455	0	0	0
PAX9	77	0	86
SLC25A21	24	18	25
LOC107984668	0	0	0
MIR4503	0	0	0
SLC25A21-AS1	7	2	15
MIPOL1	44	3	41
LOC107984702	0	0	0
FOXA1	482	4	478
TTC6	20	2	18
LINC00517	2	0	2
LOC105370456	0	0	0
LOC124903303	0	0	0
SSTR1	0	0	0
CLEC14A	0	0	0
LOC112268136	0	0	0
LOC124903304	0	0	0
LINC00639	11	0	11
LOC105370457	0	0	0
LOC102723516	0	0	0
SEC23A	1290	0	1309
SEC23A-AS1	2	19	2
LOC105370459	0	36	0
GEMIN2	76	1	111
TRAPPC6B	144	0	144
PNN-AS1	1	82	4
PNN	1275	5	1355
MIA2	452	3	454
MIA2-AS1	1	3	3
FBXO33	274	2	275
LOC105370461	11	3	11
LOC105370460	0	0	0
LOC112267899	1	0	1
LOC105370464	0	0	0
LOC105370463	0	0	0
LOC105370462	0	0	0
LOC105370465	0	0	0
LOC105370466	0	0	0
LOC105370467	0	0	0
LINC02315	0	0	0
LRFN5-DT	0	0	0
LOC124900349	0	0	0
LRFN5	0	0	0
LOC124903305	0	0	0
LOC124903306	0	0	0
LOC105370470	0	0	0
LOC124903307	0	0	0
LINC02307	0	0	0
LINC02277	0	0	0
FSCB	0	0	0
LOC105370473	0	0	0
LOC105370472	0	0	0
LINC02302	0	0	0
DORIP1	28	1	27
LOC101927418	0	0	0
KLHL28	91	0	91
TOGARAM1	52	0	52
PRPF39-DT	0	0	0
PRPF39	236	235	236
LOC124903416	0	0	0
SNORD127	0	0	0
FKBP3	470	0	705
FANCM	79	0	79
MIS18BP1	299	1	299
LOC107984674	0	1	0
LOC105370475	2	0	2
LOC105370476	0	0	0
LOC124903308	0	0	0
LOC107984644	0	0	0
LINC02303	0	0	0
LOC105370478	0	0	0
LOC105378177	0	0	0
LINC00871	0	0	0
LOC124903309	0	0	0
LOC105370480	0	0	0
LOC105370481	0	0	0
RPL10L	0	0	0
MDGA2	43	0	43
MIR548Y	0	0	0
LINC00648	0	0	0
LOC101927483	0	0	0
LOC105370482	0	0	0
LOC124903310	0	0	0
LOC124903311	0	0	0
LOC105378178	1	0	1
LOC107984701	0	0	0
RPS29	1228	4	1229
RN7SL1	28	0	28
LRR1	370	5	370
RPL36AL	662	2	660
MGAT2	616	4	612
DNAAF2	256	6	250
POLE2	150	2	148
KLHDC1	0	0	0
KLHDC2	374	93	525
NEMF	155	159	240
RN7SL3	0	0	0
LOC105378179	11	0	11
RN7SL2	0	0	0
ARF6	1553	2	1551
LOC100506446	0	0	0
MIR6076	0	0	0
LOC105370485	0	0	0
LINC01588	32	4	28
LINC01599	3	0	3
VCPKMT	84	0	84
SOS2	185	0	185
L2HGDH	311	0	311
MIR4504	0	0	0
DMAC2L	76	29	109
CDKL1	58	55	65
MAP4K5	312	0	312
LOC124903312	2	0	2
ATL1	20	10	10
SAV1	504	0	504
NIN	188	0	214
LOC124903313	0	20	0
LOC105370489	0	6	0
LOC124903423	0	0	0
ABHD12B	2	2	0
PYGL	884	1	883
LOC124903314	2	0	2
LOC400212	8	0	8
TRIM9	0	0	0
TMX1	692	0	692
LOC124900346	0	0	0
LOC124903315	0	0	0
LINC00519	0	0	0
LINC00640	0	0	0
LOC124900595	0	0	0
LOC105370495	0	0	0
LINC02310	0	0	0
FRMD6	213	7	211
FRMD6-AS2	0	0	0
FRMD6-AS1	0	0	5
LOC101927598	0	0	0
GNG2	0	0	0
LOC102723604	0	0	0
LOC105370497	0	0	0
RTRAF	1235	5	1242
NID2	4	12	4
LOC105378180	0	0	0
LINC02319	6	2	4
PTGDR	0	0	0
PTGER2	0	0	0
TXNDC16	104	0	104
GPR137C	35	0	35
ERO1A	1210	0	1210
PSMC6	478	0	478
STYX	246	0	246
GNPNAT1	1168	6	1162
LOC105370500	0	0	0
FERMT2	1145	1	1144
DDHD1	138	0	138
DDHD1-DT	0	0	0
LOC105370502	1	0	1
LOC105370504	14	0	14
LOC124903316	0	0	0
LINC02331	0	0	0
LOC107984676	0	0	0
MIR5580	0	0	0
BMP4	18	0	18
LOC124903317	0	0	0
LOC105370507	0	0	0
LOC105370505	0	0	0
CDKN3	220	0	220
CNIH1	1173	0	1173
GMFB	668	0	668
CGRRF1	72	0	72
SAMD4A	293	1	292
LOC112268133	9	2	7
SAMD4A-AS1	0	0	0
GCH1	342	2	340
MIR4308	0	0	0
WDHD1	233	0	233
SOCS4	325	0	325
MAPK1IP1L	1797	0	1797
LOC124903318	20	0	20
LOC124903319	0	0	0
LGALS3	4933	5	4929
DLGAP5	361	0	362
LOC105370508	0	0	0
LOC107984708	0	0	0
FBXO34-AS1	0	5	0
FBXO34	415	1	422
ATG14	450	13	440
TBPL2	0	0	0
KTN1-AS1	12	0	12
KTN1	1409	0	1409
LOC124903320	0	0	0
RPL13AP3	1	0	1
LINC00520	0	0	0
LOC105370511	0	0	0
LOC102723670	2	0	2
LOC105370512	0	0	0
LOC105370513	0	0	0
PELI2	0	0	0
LINC02284	0	0	0
LOC101927690	0	0	0
TMEM260	143	0	143
LOC124903322	0	0	0
OTX2	0	0	0
OTX2-AS1	0	0	0
LOC124903323	0	0	0
LOC124903324	0	0	0
EXOC5	373	1	372
AP5M1	306	0	306
NAA30	254	0	254
CCDC198	0	0	0
LOC105370519	0	0	0
SLC35F4	0	0	0
SLC35F4-AS1	0	0	0
ARMH4	0	0	0
ACTR10	666	0	666
TRK-CTT1-1	0	0	0
PSMA3	850	10	846
PSMA3-AS1	106	3	110
LINC00216	2	3	0
ARID4A	84	0	84
TOMM20L-DT	1	0	1
TOMM20L	0	10	0
TIMM9	246	0	260
KIAA0586	213	4	213
DACT1	0	0	0
LOC102723725	0	0	0
LINC01500	0	0	0
LOC124903325	0	0	0
LOC107984692	0	0	0
LOC107984642	0	0	0
DAAM1	72	8	67
GPR135	58	0	58
L3HYPDH	218	3	221
JKAMP	549	0	556
LOC124903326	0	0	0
CCDC175	0	4	0
RTN1	0	0	0
MIR5586	0	0	0
LRRC9	0	0	0
PCNX4-DT	0	0	0
PCNX4	260	75	245
DHRS7	320	0	380
LOC101927702	1	0	1
PPM1A	346	2	344
LINC02322	0	0	0
C14orf39	0	0	0
SIX6	0	0	0
SALRNA1	0	0	0
SIX1	125	0	175
MIR9718	0	50	0
SIX4	306	1	305
MNAT1	232	0	232
TRMT5	254	51	252
SLC38A6	127	1	175
LOC101927756	1	1	0
PRKCH	33	0	33
TMEM30B	0	0	0
PRKCH-AS1	0	0	0
PRKCH-AS2	1	1	0
LINC01303	4	0	5
LINC03033	5	1	5
HIF1A-AS1	3	199	5
HIF1A	1665	2	2805
HIF1A-AS3	5	5	0
HIF1A-AS2	0	941	0
SNAPC1	91	0	91
SYT16	0	0	0
SERTAD4BP	0	0	0
LINC00644	0	0	0
LOC105370529	0	0	0
LOC105370528	0	0	0
KCNH5	92	0	92
LOC105370531	0	0	0
LOC105370530	0	0	0
RHOJ	0	0	0
GPHB5	0	0	0
PPP2R5E	473	0	531
LOC124903414	0	0	0
LOC112268140	0	58	0
WDR89	112	0	112
LOC105370532	2	0	2
SGPP1	0	0	0
LOC124903327	0	0	0
SYNE2	600	0	600
MIR548H1	0	0	0
ESR2	10	3	8
LOC124903328	0	0	0
TEX21P	0	0	0
MTHFD1	2311	39	2839
ZBTB25	239	576	270
AKAP5	13	1	12
ZBTB1	413	15	435
HSPA2-AS1	3	3	0
HSPA2	216	0	216
PPP1R36	2	0	2
PLEKHG3	845	1	946
SPTB	9	101	10
MIR7855	0	0	0
LOC105370534	0	0	0
CHURC1-FNTB	0	0	0
CHURC1	224	0	224
GPX2	0	0	0
RAB15	18	18	0
LOC107984655	4	25	5
FNTB	0	0	1
MAX	314	0	494
MIR4706	0	0	0
MAX-AS1	0	176	0
LOC124903329	0	0	0
LINC02324	0	0	0
MIR4708	0	0	0
FUT8	159	0	166
FUT8-AS1	2	7	2
MIR625	0	0	0
LOC107984641	0	0	0
LINC02290	0	0	0
CCDC196	0	0	0
GPHN	249	0	249
LOC124903332	2	0	2
LOC105370538	0	0	0
GARIN2	0	0	0
LOC124903330	2	1	2
PALS1	430	5	426
ATP6V1D	435	0	435
EIF2S1	1380	2	1378
PLEK2	91	0	91
MIR5694	0	0	0
LOC105370542	0	0	0
TMEM229B	5	1	4
PLEKHH1	282	12	294
PIGH	134	13	145
ARG2	8	284	11
LOC124903331	2	0	2
VTI1B	442	6	720
RDH11	886	0	886
RDH12	0	0	0
ZFYVE26	466	0	466
RAD51B	60	0	61
LOC105370546	0	0	0
LOC101927971	0	0	0
LOC124903334	4	1	3
LOC124903335	2	1	2
LOC107984016	0	0	0
LOC100996664	0	0	0
RAD51B-AS1	2	2	0
LOC105370547	0	0	0
LOC107984709	0	0	0
ZFP36L1	814	2	812
ACTN1	3418	0	3418
LOC124903336	0	0	0
ACTN1-DT	0	0	0
DCAF5	486	0	486
GALNT16-AS1	1	1	0
EXD2	266	0	266
GALNT16	4	3	1
LOC105370549	0	0	0
ERH	1082	0	1085
SLC39A9	811	3	811
PLEKHD1	2	0	2
CCDC177	166	0	166
SUSD6	325	0	325
LOC100289511	15	315	3
SRSF5	1526	3	1826
SLC10A1	0	0	0
LOC124900353	0	0	0
LOC100506358	0	0	0
SMOC1	3211	2	3209
SNORD169	4	0	4
SLC8A3	0	0	0
LOC646548	0	0	0
LOC107984686	0	0	0
LOC124903338	0	0	0
ADAM21P1	0	0	0
LOC101928046	0	0	0
LOC105370552	0	0	0
SYNJ2BP-COX16	0	0	0
COX16	4	0	4
LOC124903340	4	4	0
SYNJ2BP	144	0	144
LOC124903339	0	0	0
ADAM21	14	0	14
ADAM20P1	1	0	1
ADAM20	24	0	24
LOC105370556	0	0	0
MED6	276	0	276
TTC9-DT	0	0	0
TTC9	9	0	9
LINC01269	0	0	0
MAP3K9	243	4	245
MAP3K9-DT	7	2	11
LOC124903341	0	0	0
PCNX1	920	7	913
LOC105370557	0	0	0
LOC105370706	0	0	0
LOC107984654	0	12	0
SIPA1L1-AS1	2	0	14
SIPA1L1	356	0	386
SNORD56B	0	0	0
LOC145474	0	0	0
LOC124903342	0	30	0
RGS6	0	0	0
LOC124903404	0	0	0
LOC124903343	0	0	0
LOC105370559	0	0	0
MIR7843	0	0	0
DPF3	23	0	23
LOC107984711	0	0	0
DCAF4	103	1	102
TRC-GCA8-1	0	0	0
ZFYVE1	280	1	279
RBM25-AS1	3	68	6
RBM25	767	5	833
PSEN1	551	0	551
PAPLN	763	13	790
PAPLN-AS1	1	40	0
NUMB	757	6	752
LOC101928143	0	0	0
HEATR4	5	38	0
ACOT1	191	5	186
RIOX1	0	0	0
LOC124903344	0	0	0
ACOT2	1101	109	992
ACOT4	1	0	1
ACOT6	0	0	0
DNAL1	106	0	106
PNMA1	589	3	586
MIDEAS	710	3	723
LOC124903345	0	15	0
MIR4505	0	0	0
MIDEAS-AS1	20	1	20
LOC124903424	0	0	0
LINC02274	14	0	14
PTGR2	205	0	205
ZNF410	630	3	631
FAM161B	32	2	36
COQ6	28	48	323
ENTPD5	242	313	275
BBOF1	18	48	34
ALDH6A1	266	11	314
LIN52	138	0	138
LOC105370563	0	0	0
LOC105370564	0	0	0
VSX2	0	0	0
ABCD4	267	0	267
VRTN	1	0	1
SYNDIG1L	9	0	9
NPC2	791	0	792
MIR4709	0	0	0
ISCA2	301	5	298
LTBP2	101	3	101
LOC124903347	0	0	0
LOC124903346	0	2	0
LOC101928352	0	0	0
LOC105370567	9	0	9
AREL1	684	0	684
FCF1	380	0	380
YLPM1	575	0	575
LOC105370569	0	0	0
PROX2	0	0	0
LOC124903348	1	0	1
DLST	1700	0	1700
RPS6KL1	95	0	95
PGF	0	0	1
LOC107984690	1	1	1
EIF2B2	469	3	466
MLH3	166	0	166
ACYP1	78	1	77
ZC2HC1C	9	4	6
NEK9	1128	1	1128
TMED10	3668	9	3659
FOS	7624	5	7619
LINC01220	2	0	2
JDP2-AS1	8	0	9
JDP2	312	1	312
LOC105370572	0	0	0
BATF	0	0	0
LOC107984653	0	0	0
FLVCR2-AS1	0	52	1
FLVCR2	107	1	159
ERG28	620	2	618
TTLL5	435	0	435
TGFB3	170	1	169
IFT43	225	0	225
LOC105370573	6	6	0
GPATCH2L	222	0	222
LOC105370575	0	0	0
ESRRB	2	0	2
LOC105370576	0	0	0
LOC105370577	0	0	0
VASH1	7	47	0
VASH1-AS1	0	0	32
ANGEL1	271	0	271
LRRC74A	0	0	0
LOC124903349	2	0	2
LINC01629	0	0	0
IRF2BPL	862	8	1137
LOC107984638	6	281	8
LOC105370579	5	0	5
LINC02288	2	0	2
LINC02289	1	0	1
LOC124903350	0	0	0
CIPC	160	0	160
ZDHHC22	0	0	0
TMEM63C	13	0	13
LOC124903351	0	0	0
NGB	0	0	0
MIR1260A	0	0	0
POMT2	458	0	458
GSTZ1	311	3	308
TMED8	325	17	308
SAMD15	5	0	5
NOXRED1	8	0	8
VIPAS39	186	0	186
AHSA1	1278	0	1278
ISM2	0	0	0
SPTLC2	366	0	366
ALKBH1	188	0	188
SLIRP	328	1	328
SNW1	744	4	799
SLIRP-OT1	1	58	1
ADCK1	167	0	167
LOC105370581	0	0	0
NRXN3	45	0	45
NRXN3-AS2	0	0	0
NRXN3-AS1	0	0	0
LOC105370588	0	0	0
LOC124903352	0	0	0
LOC105370586	0	0	0
LOC124903354	0	0	0
NRXN3-AS3	0	0	0
LOC105370582	0	0	0
LOC107984630	0	0	0
LOC112267892	0	0	0
LOC105370590	0	0	0
LOC105370591	0	0	0
LOC105370593	0	0	0
DIO2	852	1	869
DIO2-AS1	0	18	0
CEP128	57	0	57
TSHR	2	0	2
TSHR-AS1	2	0	2
LOC105370594	6	0	6
GTF2A1	497	0	498
SNORA79	0	0	0
GTF2A1-AS1	10	1	10
STON2	176	0	176
LINC02308	0	0	0
SEL1L	484	0	484
LINC01467	0	0	0
LINC02311	0	0	0
LOC107984704	0	0	0
LOC105370598	0	0	0
LOC105370599	0	0	0
LOC124903428	0	0	0
LINC02301	0	0	0
LOC105370600	0	0	0
LOC107984645	0	0	0
LOC105370601	0	0	0
LINC02305	0	0	0
LOC124903401	0	0	0
LOC124903402	0	0	0
LOC105370603	0	0	0
LOC105370604	0	0	0
SNORD3P3	0	0	0
LINC02329	0	0	0
LINC00911	0	0	0
FLRT2-AS1	0	0	0
FLRT2	0	0	0
LINC02328	1	0	1
LINC02316	0	0	0
LINC02309	0	0	0
LINC01148	0	0	0
LOC105370608	0	0	0
LINC02296	0	0	0
LINC02330	0	0	0
GALC	0	0	0
LOC124903355	0	0	0
GPR65	0	0	0
LINC01147	0	0	0
HISLA	0	0	0
LOC107984699	0	0	0
KCNK10-AS1	0	0	0
KCNK10	0	0	0
SPATA7	41	16	41
PTPN21	203	0	223
LOC105370614	0	4	0
LOC124903405	0	0	0
ZC3H14	367	2	433
EML5	0	68	0
TTC8	200	1	199
TRA-AGC15-1	0	0	0
LOC124903356	0	0	0
LOC105370615	0	0	0
LOC124903357	0	0	0
FOXN3	314	1	313
FOXN3-AS3	0	0	0
FOXN3-AS1	46	0	46
LOC107984635	0	0	0
FOXN3-AS2	0	0	0
LOC105370617	0	0	0
LOC105370616	0	0	0
EFCAB11	78	0	78
LOC124903358	0	0	0
TDP1	267	1	266
LOC124903406	0	0	0
KCNK13	0	0	0
PSMC1	329	7	930
NRDE2	139	609	138
LOC105370618	0	0	0
CALM1	1593	1	1592
LINC02317	0	0	0
LINC00642	0	0	0
LOC124903359	0	0	0
LOC105370619	0	0	0
TTC7B	31	0	34
TTC7B-AS1	0	3	0
TTC7B-AS2	0	0	0
LOC124903360	0	0	0
LINC02321	0	0	0
RPS6KA5	43	1	48
DGLUCY	12	5	13
SNORA11B	0	0	0
GPR68	0	0	0
CCDC88C	179	0	179
LOC107984673	0	0	0
LOC105370624	5	0	5
CCDC88C-DT	1	0	1
LOC112268126	1	0	1
LOC124903361	0	0	0
PPP4R3A	694	2	692
LOC101928957	0	0	0
CATSPERB	0	0	0
LOC124903436	0	0	0
TC2N	0	0	0
LOC124903362	0	0	0
FBLN5	470	0	470
TRIP11	161	3	160
LOC124903363	0	7	2
ATXN3	75	1	81
NDUFB1	165	0	165
CPSF2	778	1	777
LOC105370627	0	0	0
SLC24A4	0	0	0
RIN3	1	0	1
LOC124903365	0	0	0
LOC124903364	0	0	0
LGMN	1482	1	1481
GOLGA5	289	0	289
LINC02833	0	0	0
LINC02287	0	0	0
CHGA	0	0	0
ITPK1	0	0	0
LOC124903366	0	0	0
ITPK1-AS1	0	0	0
MOAP1	0	0	0
LYSET	0	0	0
GON7	0	0	0
UBR7	0	0	0
BTBD7	0	0	0
UNC79	0	0	0
COX8C	0	0	0
LOC124903367	0	0	0
PRIMA1	0	0	0
LOC105370631	0	0	0
FAM181A-AS1	0	0	0
FAM181A	0	0	0
ASB2	0	0	0
MIR4506	0	0	0
LOC107984663	0	0	0
CCDC197	0	0	0
LOC124903368	0	0	0
OTUB2	0	0	0
DDX24	0	0	0
IFI27L1	0	0	0
IFI27	0	0	0
IFI27L2	0	0	0
LOC105370634	0	0	0
PPP4R4	0	0	0
SERPINA10	0	0	0
SERPINA6	0	0	0
SERPINA2	0	0	0
SERPINA1	0	0	0
SERPINA11	0	0	0
LOC105370635	0	0	0
SERPINA9	0	0	0
SERPINA12	0	0	0
LOC124903410	0	0	0
SERPINA4	0	0	0
SERPINA5	0	0	0
LOC112268127	0	0	0
LOC124903411	0	0	0
SERPINA3	0	0	0
SERPINA13P	0	0	0
GSC	0	0	0
GSC-DT	0	0	0
LOC107984693	0	0	0
LOC124903369	0	0	0
LOC124903370	0	0	0
LINC02279	0	0	0
LOC107984646	0	0	0
DICER1	420	17	415
MIR3173	0	0	0
DICER1-AS1	23	0	35
CLMN	206	0	206
LOC105370637	0	0	0
LINC02292	0	0	0
LOC124903371	0	0	0
LOC107984710	0	0	0
LOC105370638	0	0	0
LOC105370639	0	0	0
LOC105370640	0	0	0
SYNE3	153	0	153
SYNE3-AS1	0	0	0
SNHG10	67	6	66
SCARNA13	0	0	0
GLRX5	688	0	693
LINC02318	0	0	0
LOC105370643	0	0	0
TCL6	0	0	0
LOC124903372	0	0	0
TCL1B	0	0	0
LOC124903373	0	0	0
TCL1A	0	0	0
LOC107984703	0	0	0
LOC105370644	0	0	0
TUNAR	0	0	0
C14orf132	0	0	0
LOC124903374	0	0	0
BDKRB2	49	0	49
BDKRB1	10	0	11
BDKRB1-AS1	0	1	0
ATG2B	158	0	158
GSKIP	173	0	173
AK7	0	0	0
LOC124903276	0	0	0
PAPOLA-DT	10	0	10
PAPOLA	1283	0	1283
LOC105370645	0	0	0
LINC02299	0	0	0
VRK1	176	0	176
LINC00618	3	0	3
LOC124903376	0	0	0
LOC105370647	0	0	0
LINC02304	0	0	0
LINC02325	0	0	0
LOC124903378	0	0	0
LINC02291	0	0	0
LOC124903377	0	0	0
LOC105370650	0	0	0
LOC105370651	0	0	0
LINC02312	0	0	0
LINC01550	0	0	0
LOC107984706	0	0	0
LOC105370655	0	0	0
LOC105370654	0	0	0
LOC105370653	0	0	0
LINC02295	0	0	0
LOC107987207	0	0	0
LOC105370656	0	0	0
LOC105370657	0	0	0
LINC02914	0	0	0
LOC124903403	0	0	0
LOC105370658	0	0	0
LOC107984696	0	0	0
LOC105370659	0	0	0
BCL11B	0	0	0
LOC124903412	0	0	0
LOC105370660	0	0	0
SETD3	694	1	694
CCNK	116	68	737
CCDC85C	810	634	864
LOC105370661	0	0	0
HHIPL1	3	0	3
CYP46A1	1	0	1
EML1	212	0	212
LOC102724682	2	0	2
EVL	579	2	825
LOC124903379	1	0	1
MIR151B	0	0	0
MIR342	0	0	0
LOC124903381	1	168	0
DEGS2	1	80	1
LOC124903380	3	3	0
YY1-DT	13	3	10
YY1	1694	22	2068
MIR6764	0	0	0
SLC25A29	1133	392	1137
MIR345	0	0	0
SLC25A47	0	0	0
WARS1	7493	7	7486
WDR25	295	2	293
LOC105370664	17	0	17
LOC124903383	0	0	0
BEGAIN	325	30	1154
LOC124903382	38	890	2
LOC124903384	42	46	0
LINC00523	0	0	0
LOC105370668	0	0	0
LOC124903385	0	0	0
LOC105370669	0	0	0
DLK1	1	0	1
MIR2392	0	0	0
MEG3	0	0	0
MIR770	0	0	0
MIR493	0	0	0
MIR337	0	0	0
MIR665	0	0	0
RTL1	0	0	0
MIR431	0	0	0
MIR433	0	0	0
MIR127	0	0	0
MIR432	0	0	0
MIR136	0	0	0
MEG8	0	0	0
SNORD112	0	0	0
MIR370	0	0	0
SNORD113-1	0	0	0
SNORD113-2	0	0	0
SNORD113-3	0	0	0
SNORD113-4	0	0	0
SNORD113-5	0	0	0
SNORD113-6	0	0	0
SNORD113-7	0	0	0
SNORD113-8	0	0	0
SNORD113-9	0	0	0
SNORD114-1	0	0	0
SNORD114-2	0	0	0
SNORD114-3	0	0	0
SNORD114-4	0	0	0
SNORD114-5	0	0	0
LOC124903418	0	0	0
SNORD114-6	0	0	0
SNORD114-7	0	0	0
SNORD114-8	0	0	0
SNORD114-9	0	0	0
SNORD114-10	0	0	0
SNORD114-11	0	0	0
SNORD114-12	0	0	0
SNORD114-13	0	0	0
SNORD114-14	0	0	0
SNORD114-15	0	0	0
SNORD114-16	0	0	0
SNORD114-17	0	0	0
SNORD114-18	0	0	0
SNORD114-19	0	0	0
LOC124903419	0	0	0
LOC124903420	0	0	0
SNORD114-20	0	0	0
SNORD114-21	0	0	0
SNORD114-22	0	0	0
SNORD114-23	0	0	0
SNORD114-24	0	0	0
SNORD114-25	0	0	0
SNORD114-26	0	0	0
SNORD114-27	0	0	0
SNORD114-28	0	0	0
SNORD114-29	0	0	0
SNORD114-30	0	0	0
SNORD114-31	0	0	0
LOC124903422	0	0	0
LOC124903421	0	0	0
LOC124903407	0	0	0
MIR379	0	0	0
MIR411	0	0	0
MIR299	0	0	0
MIR380	0	0	0
MIR1197	0	0	0
MIR323A	0	0	0
MIR758	0	0	0
MIR329-1	0	0	0
MIR329-2	0	0	0
MIR494	0	0	0
MIR1193	0	0	0
MIR543	0	0	0
MIR495	0	0	0
MIR376C	0	0	0
MIR376A2	0	0	0
MIR654	0	0	0
MIR376B	0	0	0
MIR376A1	0	0	0
MIR300	0	0	0
MIR1185-1	0	0	0
MIR1185-2	0	0	0
MIR381HG	0	0	0
MIR381	0	0	0
MIR487B	0	0	0
MIR539	0	0	0
MIR889	0	0	0
MIR544A	0	0	0
MIR655	0	0	0
MIR487A	0	0	0
MIR382	0	0	0
MIR134	0	0	0
MIR668	0	0	0
MIR485	0	0	0
MIR323B	0	0	0
MIR154	0	0	0
MIR496	0	0	0
MIR377	0	0	0
MIR541	0	0	0
MIR409	0	0	0
MIR412	0	0	0
MIR369	0	0	0
MIR410	0	0	0
MIR656	0	0	0
MEG9	0	0	0
LOC105370670	0	0	0
LOC124903386	0	0	0
LINC02285	0	0	0
LOC124903435	0	0	0
LOC124903387	0	0	0
LOC107984697	0	0	0
LINC00524	0	0	0
LINC02314	0	0	0
LINC03117	13	0	13
LOC105370673	0	0	0
LOC105370674	0	0	0
DIO3OS	16	0	16
MIR1247	0	0	0
DIO3	21	0	21
LOC105370675	0	0	0
LINC02320	2	0	2
LINC00239	2	0	2
PPP2R5C	640	2	638
LOC107984658	30	0	30
LOC124903388	12	2	10
DYNC1H1	4746	9	5266
LOC107984661	0	528	1
HSP90AA1	4831	1	4835
WDR20	104	6	133
LOC105370677	8	24	0
MOK	110	21	103
TRI-AAT5-4	0	0	0
ZNF839	211	8	203
CINP	350	0	350
LOC124903427	0	0	0
TECPR2	300	10	306
LOC124903389	2	2	0
ANKRD9	1418	6	1428
LOC105370679	1	1	0
LOC105370680	3	2	1
MIR4309	0	0	0
LINC02323	63	0	63
RCOR1	1068	0	1068
LOC124903390	15	0	15
TRAF3	339	1	338
LOC124903426	0	0	0
AMN	8	8	0
CDC42BPB	2209	2	2207
LBHD2	8	0	8
EXOC3L4	83	2	81
LINC00677	0	0	0
TNFAIP2	3235	2	3233
LOC105370685	0	0	0
LINC00605	0	0	0
LOC124903391	105	63	42
LOC105370686	0	0	0
LOC105378183	0	0	0
EIF5-DT	4	146	6
EIF5	1411	2	1557
SNORA28	0	0	0
MARK3	796	0	796
LOC112268130	6	6	0
CKB	10411	11	10400
TRMT61A	294	0	294
LOC124903392	2	1	1
BAG5	699	2	697
COA8	253	0	253
LOC105370688	0	0	0
KLC1	1021	18	1006
XRCC3	551	31	523
ZFYVE21	164	0	228
PPP1R13B	142	65	141
LOC124900347	0	0	0
PPP1R13B-DT	0	0	0
LOC105370689	0	0	0
ATP5MJ	588	2	586
TDRD9	556	0	556
RD3L	0	0	0
LOC124903408	9	0	9
ASPG	11	0	11
MIR203A	0	0	1
MIR203B	0	1	0
KIF26A-DT	21	47	21
KIF26A	1346	2	1391
LOC124903393	1	0	1
LINC02691	0	0	0
LOC124903394	0	0	0
LOC124903395	0	0	0
C14orf180	0	0	0
TMEM179	0	0	0
LINC02280	1	0	1
MIR4710	0	0	0
INF2	2803	10	2793
ADSS1	125	2	305
LOC124903396	2	75	2
LOC107984670	0	107	0
LOC107987209	27	672	0
SIVA1	54	0	697
LOC102723342	1	25	2
AKT1	1863	5	1883
ZBTB42	105	0	105
VESTAR	13	0	13
LOC124903397	0	0	0
CEP170B	969	1	968
MIR12121	0	0	0
PLD4	0	515	0
AHNAK2	4653	0	5168
CLBA1	133	16	117
CDCA4	727	0	727
LOC124903398	0	0	0
GPR132	0	0	0
LINC02298	0	0	0
JAG2	1048	1	1047
MIR6765	0	0	0
NUDT14	78	0	78
BRF1	399	46	423
BTBD6	167	0	213
PACS2	468	24	468
TEX22	5	0	5
MTA1-DT	30	0	31
MTA1	1199	1	1199
CRIP2	1814	2	1812
CRIP1	1231	0	1231
TEDC1	547	0	547
TMEM121	6	0	6
LOC105370697	0	0	0
LOC105370698	0	0	0
MIR8071-1	0	0	0
MIR8071-2	0	0	0
ELK2AP	0	0	0
LOC105378184	0	0	0
MIR4539	0	0	0
MIR4507	0	0	0
MIR4538	0	0	0
MIR4537	0	0	0
FAM30A	0	0	0
ADAM6	0	0	0
LOC105370700	0	0	0
LINC00226	0	0	0
LOC124903400	0	0	0
LINC00221	0	0	0
LOC102724977	0	0	0
LOC124903399	0	0	0
MIR5195	0	0	0
LOC105379271	34	0	35
LOC105379272	13	12	2
LOC124905323	0	0	0
LOC105379274	17	66	1
MAFIP	128	1	177
LOC112268314	0	0	0
LOC124905324	1	0	1
LOC105379527	33	0	33
LOC102723407	0	0	0
FAM30B	0	0	0
LOC105379203	0	0	0
CHEK2P2	0	0	0
LOC124903442	0	0	0
HERC2P3	10	0	10
GOLGA6L6	0	0	0
GOLGA8CP	0	0	0
NBEAP1	0	0	0
LOC124903443	0	0	0
MIR3118-2	0	0	0
POTEB2	0	0	0
MIR5701-1	0	0	0
LINC01193	0	0	0
FAM30C	0	0	0
LOC105379205	0	0	0
LOC105370714	0	0	0
LOC124900633	0	0	0
LOC646214	0	0	0
LOC112268154	0	0	0
CXADRP2	0	0	0
POTEB3	0	0	0
MIR3118-3	0	0	0
LOC124900632	0	0	0
LOC105369227	0	0	0
MIR5701-2	0	0	0
LINC02203	0	0	0
LOC124903610	0	0	0
OR4M2B	0	0	0
OR4N4C	0	0	0
LOC102724737	37	2	35
LOC102724760	0	0	0
IGHV1OR15-3	0	0	0
LOC102724971	0	0	0
LOC105379208	0	0	0
LOC105379207	0	0	0
MIR3118-4	0	0	0
POTEB	0	0	0
NF1P2	0	0	0
MIR5701-3	0	0	0
OR4M2-OT1	0	0	0
LOC124903611	0	0	0
OR4M2	0	0	0
OR4N4	0	0	0
OR4N3P	0	0	0
LOC107984743	0	0	0
IGHV1OR15-1	0	0	0
LOC642131	0	0	0
LOC107983983	0	0	0
MIR1268A	0	0	0
LOC101928039	0	0	0
LOC124903445	0	0	0
REREP3	0	0	0
GOLGA8EP	0	0	0
LOC124900355	0	0	0
GOLGA6L22	0	0	0
HERC2P7	0	0	0
HERC2P2	366	1	365
LOC101927846	0	0	0
GOLGA8IP	0	0	0
WHAMMP3	13	0	13
LOC283683	0	0	0
NIPA1	71	0	71
NIPA2	70	8	189
CYFIP1	3	119	11
TUBGCP5	0	0	0
GOLGA6L1	0	0	0
GOLGA8DP	0	0	0
MIR4509-1	0	0	0
LOC102723534	0	0	0
LOC102723564	4	0	4
GOLGA6L26	0	0	0
LOC105376698	0	0	0
GOLGA8S	0	0	0
LOC105370726	0	0	0
LOC124903446	0	0	0
LOC105370728	0	0	0
GOLGA6L2	0	0	0
LOC105370729	0	0	0
MIR4508	0	0	0
MKRN3	14	0	14
LOC124903576	0	0	0
MAGEL2	0	0	0
NDN	0	0	0
LOC124903577	0	0	0
LOC124903447	0	0	0
LOC107984787	0	0	0
PWRN4	0	0	0
LOC105370733	0	0	0
LOC105370732	0	0	0
PWRN2	0	0	0
LOC102723749	0	0	0
LOC102725165	0	0	0
PWRN3	0	0	0
PWRN1	0	0	0
NPAP1	0	0	0
SNHG14	0	0	0
SNRPN	0	0	0
LOC124903612	0	0	0
SNURF	0	0	0
PWARSN	0	0	0
SNORD107	0	0	0
PWAR5	0	0	0
SNORD64	0	0	0
SNORD108	0	0	0
PWAR6	0	0	0
SNORD109A	0	0	0
SNORD116-1	0	0	0
SNORD116-2	0	0	0
SNORD116-3	0	0	0
SNORD116-4	0	0	0
SNORD116-5	0	0	0
LOC128966705	0	0	0
SNORD116-6	0	0	0
SNORD116-7	0	0	0
SNORD116-8	0	0	0
SNORD116-9	0	0	0
SNORD116-10	0	0	0
SNORD116-11	0	0	0
SNORD116-12	0	0	0
SNORD116-13	0	0	0
SNORD116-14	0	0	0
SNORD116-15	0	0	0
SNORD116-16	0	0	0
SNORD116-17	0	0	0
SNORD116-18	0	0	0
SNORD116-19	0	0	0
SNORD116-20	0	0	0
SNORD116-21	0	0	0
SNORD116-22	0	0	0
SNORD116-23	0	0	0
SNORD116-24	0	0	0
SNORD116-25	0	0	0
SNORD116-26	0	0	0
SNORD116-27	0	0	0
SNORD116-28	0	0	0
SNORD116-29	0	0	0
SNORD116-30	0	0	0
IPW	0	0	0
PWAR1	0	0	0
SNORD115-1	0	0	0
SNORD115-2	0	0	0
SNORD115-3	0	0	0
SNORD115-4	0	0	0
SNORD115-5	0	0	0
SNORD115-6	0	0	0
SNORD115-7	0	0	0
SNORD115-8	0	0	0
SNORD115-9	0	0	0
SNORD115-10	0	0	0
SNORD115-11	0	0	0
SNORD115-12	0	0	0
SNORD115-13	0	0	0
SNORD115-14	0	0	0
SNORD115-15	0	0	0
SNORD115-16	0	0	0
SNORD115-17	0	0	0
SNORD115-18	0	0	0
SNORD115-19	0	0	0
SNORD115-20	0	0	0
SNORD115-21	0	0	0
SNORD115-22	0	0	0
PWAR4	0	0	0
SNORD115-23	0	0	0
SNORD115-24	0	0	0
SNORD115-25	0	0	0
SNORD115-26	0	0	0
SNORD115-27	0	0	0
SNORD115-28	0	0	0
SNORD115-29	0	0	0
SNORD115-30	0	0	0
SNORD115-31	0	0	0
SNORD115-32	0	0	0
SNORD115-33	0	0	0
SNORD115-34	0	0	0
SNORD115-35	0	0	0
SNORD115-36	0	0	0
SNORD115-37	0	0	0
SNORD115-38	0	0	0
SNORD115-39	0	0	0
SNORD115-40	0	0	0
SNORD115-41	0	0	0
SNORD115-42	0	0	0
SNORD115-43	0	0	0
SNORD115-44	0	0	0
SNORD115-45	0	0	0
SNORD115-46	0	0	0
SNORD115-47	0	0	0
SNORD115-48	0	0	0
SNORD109B	0	0	0
UBE3A	690	1	689
LINC02250	0	0	0
LOC107984789	0	0	0
LOC124903448	0	0	0
ATP10A	0	0	0
LOC107984770	0	0	0
MIR4715	0	0	0
ATP10A-DT	0	0	0
LINC02346	0	0	0
LOC124900363	0	0	0
TRE-TTC2-2	0	0	0
LOC105370739	0	0	0
LINC00929	0	0	0
LOC124903568	0	0	0
LINC02248	0	0	0
LOC105370740	0	0	0
GABRB3	1	0	1
LOC124903578	0	0	0
LOC112268151	0	0	0
GABRA5	0	0	0
GABRG3	0	0	0
LOC124903449	0	0	0
LOC107984766	0	0	0
GABRG3-AS1	0	0	0
OCA2	0	0	0
HERC2	90	0	90
GOLGA6L24	0	0	0
GOLGA8F	0	0	0
MIR4509-2	0	0	0
LOC101059997	0	0	0
MIR4509-3	0	0	0
GOLGA8G	0	0	0
GOLGA6L25	0	0	0
HERC2P11	0	0	0
LOC124903450	0	0	0
HERC2P9	1	0	1
GOLGA8M	0	0	0
LOC107984746	0	0	0
WHAMMP2	0	0	0
LOC100289656	0	0	0
PDCD6IPP2	0	0	0
GOLGA6L7	0	0	0
APBA2	0	0	0
ENTREP2	0	0	0
NSMCE3	0	0	0
LCIIAR	0	0	0
LOC105370743	0	0	0
TJP1	9	0	9
LOC124903451	0	0	0
GOLGA8J	0	0	0
ULK4P3	0	0	0
LOC124900359	0	0	0
GOLGA8T	0	0	0
LOC105370746	0	0	0
LOC105370747	0	0	0
LINC02249	0	0	0
CHRFAM7A	0	0	0
LOC105370751	0	0	0
LOC124900357	0	0	0
GOLGA8R	0	0	0
LOC101927788	0	0	0
LOC105376704	0	0	0
WHAMMP4	8	0	8
LOC124903452	0	0	0
GOLGA8Q	0	0	0
DNM1P50	0	0	0
ULK4P2	0	0	0
LOC124900358	0	0	0
ARHGAP11B-DT	0	0	0
GOLGA8H	0	0	0
ARHGAP11B	0	0	0
LOC100288637	13	0	13
LOC101930434	3	0	3
LOC124903453	0	0	0
HERC2P10	1	0	1
FAN1	18	0	39
MTMR10	39	21	39
TRPM1	0	0	0
TRPM1-AS1	0	0	0
MIR211	0	0	0
LINC02352	0	0	0
LOC124903454	0	0	0
LINC03034	0	0	0
KLF13	432	0	432
LOC105370939	0	0	0
OTUD7A	13	0	13
LOC105370753	0	0	0
LOC124903455	0	0	0
LOC124900362	0	0	0
LOC124903441	0	0	0
CHRNA7	0	0	0
LOC102724078	0	0	0
LOC105376709	0	0	0
LOC112268159	0	0	0
GOLGA8K	0	0	0
LOC107987221	0	0	0
LOC124903457	0	0	0
ULK4P1	0	0	0
LOC124900356	0	0	0
GOLGA8O	0	0	0
LOC124903456	0	0	0
LOC105376710	0	0	0
LOC100653133	0	0	0
WHAMMP1	0	0	0
LINC02256	0	0	0
ARHGAP11A-DT	0	0	0
GOLGA8N	0	0	0
ARHGAP11A	0	0	0
ARHGAP11A-SCG5	0	0	0
SCG5	1	0	1
LOC124903458	0	0	0
SCG5-AS1	0	0	0
LOC105370756	0	0	0
GREM1	0	0	0
GREM1-AS1	0	0	0
FMN1	0	0	0
LOC107984089	0	0	0
LOC124903606	0	0	0
LOC124903460	0	0	0
LOC124900367	0	0	0
LOC124903459	0	0	0
LOC105370759	0	0	0
TMCO5B	0	0	0
RYR3-DT	0	0	0
RYR3	5	24	0
AVEN	318	3	334
CHRM5	0	0	0
EMC7	1765	0	1765
PGBD4	56	0	56
KATNBL1	196	0	196
EMC4	698	9	1295
SLC12A6	608	597	663
LOC124903461	0	46	0
NOP10	0	0	0
NUTM1	4	4	0
LPCAT4	3	0	3
GOLGA8A	58	0	58
MIR1233-1	0	0	0
GOLGA8B	415	0	415
MIR1233-2	0	0	0
LOC124903462	2	0	2
LINC02252	0	0	0
LOC124903463	0	0	0
GJD2	0	0	0
GJD2-DT	0	0	0
ACTC1	0	0	0
LOC107984776	0	0	0
AQR	721	0	721
ZNF770	575	0	575
LOC105370764	0	0	0
LOC105370763	0	0	0
LOC105370765	0	0	0
NANOGP8	0	0	0
DPH6	104	0	105
ANP32AP1	0	0	0
MIR3942	0	0	0
LOC124903464	2	0	2
DPH6-DT	0	1	0
LOC105370766	0	0	0
MIR4510	0	0	0
LINC02853	0	0	0
LOC102724214	0	0	0
LOC105370767	0	0	0
LOC105370769	0	0	0
LOC105370768	0	0	0
LOC105370770	0	0	0
CDIN1	55	0	55
LOC124903466	0	0	0
CSNK1A1P1	0	0	0
LOC124903595	0	0	0
LOC145845	0	0	0
MEIS2	291	3	312
MIR8063	0	0	0
LOC124903465	35	21	38
LOC105370772	0	0	0
LOC105370773	0	0	0
TMCO5A	0	0	0
LINC02345	0	0	0
LINC01852	0	0	0
SPRED1	352	0	352
FAM98B	582	1	581
RASGRP1	7	8	0
LOC105370774	6	0	7
LOC105370775	0	0	0
LINC02694	0	0	0
LOC105370776	1	0	1
LOC102724253	0	0	0
LOC105370777	1	0	1
LOC105370781	0	0	0
LOC124900600	0	0	0
LOC105370780	0	0	0
LOC124903467	0	0	0
LINC02915	0	0	0
LOC124903468	0	0	0
LOC105370783	0	0	0
LOC124903469	0	0	0
LOC105370784	0	0	0
LOC124903470	0	0	0
THBS1	312	2	310
THBS1-IT1	0	0	0
FSIP1	13	0	13
LOC105370785	0	0	0
LOC105370941	16	0	16
GPR176	149	0	149
GPR176-DT	1	0	1
EIF2AK4	1003	15	988
LOC124903607	0	0	0
SRP14	744	1	3760
LOC124903471	7	3024	0
SRP14-DT	72	0	72
LOC105370787	4	3	1
BMF	319	0	319
BUB1B	719	0	719
LOC107984763	0	0	0
BUB1B-PAK6	0	0	0
PAK6	0	0	0
PAK6-AS1	0	0	0
ANKRD63	2	0	2
PLCB2	43	0	43
LOC112268152	0	0	1
INAFM2	120	1	120
CCDC9B	637	1	636
PHGR1	0	0	0
DISP2	12	3	9
LOC124903472	0	0	0
KNSTRN	809	0	809
IVD	1347	1	1346
BAHD1	1087	1	1086
LOC124903473	0	0	0
CHST14	220	0	220
CCDC32	138	2	136
MRPL42P5	1	0	1
RPUSD2	477	0	477
TRS-GCT4-2	0	0	0
KNL1	288	0	288
LOC124903601	0	0	0
RAD51-AS1	10	2	17
RAD51	454	8	455
RMDN3	807	1	806
LOC124903474	0	0	0
GCHFR	6	3	941
DNAJC17	205	984	227
C15orf62	51	15	36
ZFYVE19	896	28	936
PPP1R14D	4	0	4
SPINT1-AS1	0	0	0
SPINT1	13	0	13
RHOV	2550	2	3287
LOC124903475	3	738	4
VPS18	1583	0	1583
LOC105370943	1	0	1
DLL4	27	0	27
CHAC1	65	0	65
LOC105370789	1	0	1
INO80	785	0	1057
LOC124903476	1	203	0
LOC105376713	1	0	1
INO80-AS1	2	72	0
EXD1	5	0	5
CHP1	3584	0	3584
OIP5-AS1	2210	225	2164
OIP5	286	4	461
NUSAP1	1742	0	1742
NDUFAF1	366	1	365
RTF1	891	2	889
LOC105370790	2	2	0
ITPKA	98	0	98
LTK	23	0	23
RPAP1	1382	0	1382
TYRO3	1145	0	1145
LOC105370791	0	0	0
MGA	594	0	594
MIR626	0	0	0
MAPKBP1	426	0	426
JMJD7-PLA2G4B	0	0	0
JMJD7	26	0	26
PLA2G4B	5	0	5
SPTBN5	43	1	42
MIR4310	0	0	0
LOC105370792	0	83	0
EHD4	664	0	850
EHD4-AS1	2	2	0
LOC124903477	0	103	0
PLA2G4E-AS1	2	0	5
PLA2G4E	4	7	0
LOC105370793	0	0	0
PLA2G4D	1	0	1
PLA2G4F	0	0	0
VPS39	982	0	982
MIR627	0	0	0
VPS39-DT	0	67	0
TMEM87A	491	6	614
GANC	240	57	245
CAPN3	71	0	72
LOC105370794	0	2	0
ZNF106	894	0	894
SNAP23	391	1	524
LRRC57	232	136	230
HAUS2	512	0	512
STARD9	198	17	183
LOC124903605	0	0	0
CDAN1	413	1	414
TTBK2	146	1	193
TTBK2-AS1	0	47	2
UBR1	467	0	467
TMEM62	698	0	698
LOC124903478	0	159	0
CCNDBP1	491	0	650
EPB42	0	0	0
TGM5	1	0	1
TGM7	0	0	0
LCMT2	335	12	389
MAPDA	225	54	237
ZSCAN29	198	4	194
TUBGCP4	397	211	848
TP53BP1	707	453	916
MAP1A	6	0	6
PPIP5K1	428	0	428
CKMT1B	92	1	91
STRC	12	0	12
LOC124903598	0	0	0
CATSPER2	2	0	2
PPIP5K1P1-CATSPER2	2	0	2
CKMT1A	37	0	37
STRCP1	6	1	5
LOC124903599	0	0	0
CATSPER2P1	12	0	12
PDIA3	12670	21	12707
ELL3	30	44	44
SERF2	198	2	658
SERF2-C15ORF63	0	0	0
MIR1282	0	3892	2
SERINC4	42	179	6
HYPK	9	15	1
MFAP1	799	1	801
WDR76	457	0	457
FRMD5	11	11	0
PIN4P1	1	0	1
GOLM2	980	0	980
LOC124903479	0	0	0
CTDSPL2	651	5	646
EIF3J-DT	82	0	82
EIF3J	1442	6	1463
SPG11	690	91	626
PATL2	4	0	4
B2M	1920	0	1920
MIR10393	0	0	0
RNF4BP	0	0	0
TRIM69	1	0	1
SORD2P	60	0	60
LOC105370798	0	0	0
TERB2	0	0	0
SORD	911	0	911
DUOX2	1	1	0
DUOXA2	0	0	0
DUOXA1	0	0	0
DUOX1	16	17	0
LOC124903480	1	0	2
SHF	8	1	8
LOC124903481	8	1	8
TRH-GTG1-7	0	0	0
TRH-GTG1-8	0	0	0
TRH-GTG1-9	0	0	0
LOC124900370	0	0	0
SLC28A2-AS1	0	0	0
SLC28A2	0	0	0
LOC107984732	0	0	0
LOC124903482	0	0	0
GATM	2	0	2
AFG2B	499	0	499
COXFA4L3	0	0	0
MIR147B	0	0	0
LOC107987223	0	0	0
SLC30A4-AS1	0	32	0
LOC124903483	6	0	14
SLC30A4	30	1	58
LOC124903596	0	0	0
HMGN2P46	0	5	0
SNORA41B	0	0	0
BLOC1S6	319	0	319
SQOR	1610	0	1610
LOC124903484	4	0	4
LOC105370802	0	0	0
LOC124900365	0	0	0
LOC107984794	0	0	0
LOC124900371	0	0	0
LOC105370803	0	0	0
LOC107984733	0	0	0
SEMA6D	205	0	205
LOC124900620	0	0	0
LOC105370804	0	0	0
LINC01491	0	0	0
LOC124900354	0	0	0
LOC102724553	0	0	0
LOC107984792	0	0	0
LOC105370805	2	0	2
LOC124903485	0	0	0
SLC24A5	0	0	0
MYEF2	0	0	0
CTXN2	0	0	0
CTXN2-AS1	0	0	0
SLC12A1	0	0	0
LOC128966560	0	0	0
DUT-AS1	3	612	7
LOC124903486	1	0	1
DUT	1699	9	2306
FBN1	2747	1	2793
LOC124903488	0	46	0
FBN1-DT	11	1	11
CEP152	183	0	188
LOC124903487	0	5	0
SHC4	2	0	2
EID1	2979	0	2979
SECISBP2L	537	2	535
LOC124903489	1	0	1
COPS2	914	0	914
GALK2	197	2	281
NDUFAF4P1	0	0	0
MIR4716	0	0	0
FAM227B	21	109	12
FGF7	79	0	93
LOC105370811	0	0	0
DTWD1	499	0	499
ATP8B4	126	0	126
LOC102724587	0	0	0
SLC27A2	1318	1	1318
HDC	52	13	40
GABPB1	295	39	348
GABPB1-IT1	35	2	190
GABPB1-AS1	91	208	133
MIR4712	5	0	5
USP8	583	0	693
USP50	7	114	3
TRPM7	608	0	608
LOC128092252	0	0	0
SPPL2A	903	1	902
LOC124903490	0	0	0
AP4E1	382	19	363
DCAF13P3	3	0	3
MIR4713HG	0	0	0
TNFAIP8L3	0	0	0
LOC124903491	0	0	0
LOC124903492	0	0	0
CYP19A1	15	0	15
MIR4713	0	0	0
LOC124903493	0	0	0
MIR7973-2	0	0	0
MIR7973-1	0	0	0
LOC112268146	0	0	0
GLDN	3	0	3
DMXL2	274	0	274
LOC105370816	1	1	0
SCG3	0	0	0
LYSMD2	203	0	203
TMOD2	2	0	2
TMOD3	1479	0	1479
LOC100422556	3	3	0
LOC112268148	6	30	4
LEO1	481	3	506
MAPK6	720	0	720
MAPK6-DT	4	0	4
LOC112268150	5	1	4
LOC124903494	0	0	0
BCL2L10	0	0	0
GNB5	710	1	711
CERNA1	0	75	0
MYO5C	428	2	587
LOC105370820	0	88	0
MIR1266	0	0	0
LOC105370819	0	0	0
MYO5A	295	0	295
ARPP19	2295	0	2295
ATOSA	242	0	242
LOC105370821	0	0	0
ONECUT1	0	0	0
LOC105370824	0	0	0
LOC101928499	0	0	0
LOC107983981	0	0	0
LOC105370823	0	0	0
LINC02490	0	0	0
LOC105370826	0	0	0
WDR72	3	0	3
UNC13C	0	0	0
LOC105370827	0	0	0
LOC124903495	0	0	0
LOC105370829	0	0	0
RSL24D1	994	0	994
RAB27A	314	0	314
PIGBOS1	71	0	71
PIGB	242	9	354
DNAAF4-CCPG1	0	0	0
CCPG1	109	0	109
MIR628	1	0	1
PIERCE2	31	0	32
DNAAF4	1	1	1
LOC124903496	0	0	0
PYGO1	0	0	0
LOC124903497	0	0	0
PRTG	177	3	174
NEDD4	457	0	457
LOC124903604	0	0	0
RFX7	312	6	307
LOC124903498	3	0	4
LOC124903569	0	0	0
TEX9	0	1	0
MNS1	0	0	0
LOC105370832	0	0	0
ZNF280D	238	0	238
TCF12-DT	1	8	4
LINC03065	0	0	4
TCF12	703	3	707
SNORD13D	0	0	0
LINC00926	13	0	13
LINC01413	0	0	0
CGNL1	0	0	0
GCOM1	2	0	2
MYZAP	2	0	2
POLR2M	11	0	11
LOC105370834	0	0	0
ALDH1A2	2	0	2
ALDH1A2-AS1	0	0	0
AQP9	0	0	0
LOC124903499	0	0	0
LIPC	0	0	0
LIPC-AS1	0	0	0
ADAM10	1073	0	1073
LOC124903600	0	0	0
HSP90AB4P	0	0	0
MINDY2-DT	3	0	3
MINDY2	214	0	214
SLTM	777	1	776
RNF111	534	0	534
CCNB2	1054	7	1047
MYO1E	6393	11	6383
MIR2116	3	1	2
LDHAL6B	4	5	0
FAM81A	271	0	271
GCNT3	82	0	82
GTF2A2	904	1	903
BNIP2	707	0	707
FOXB1	15	0	15
LOC105370838	0	0	0
LOC105370839	0	0	0
LOC105370840	0	0	0
ANXA2	12440	4	12436
ICE2	382	0	382
RORA-AS1	11	0	13
RORA	1	3	0
LOC105370846	1	0	1
RORA-AS2	0	0	0
RORA-AS4	0	0	0
LOC124903500	0	0	0
LOC102724802	0	0	0
LOC107984805	0	0	0
LOC105370841	0	0	0
LOC105370847	0	0	0
LOC107984782	0	0	0
LOC101928850	0	0	0
LOC107984783	0	0	0
LINC02349	0	0	0
LOC124903501	0	0	0
VPS13C	373	1	372
VPS13C-DT	0	0	0
C2CD4A	0	0	0
C2CD4B	1	0	1
LOC124903502	0	0	0
LOC107984784	0	0	0
GOLGA2P11	0	0	0
LOC102724938	0	0	0
MIR8067	0	0	0
MIR6085	0	0	0
LOC124903503	0	0	0
TLN2	512	2	667
MGC15885	0	0	0
LOC105370855	0	0	0
MIR190A	0	0	0
LOC105370854	4	160	1
TPM1	521	0	629
TPM1-AS	0	108	0
LOC107984798	0	0	0
LACTB	758	0	758
RPS27L	1007	7	1000
LOC101928972	0	0	0
RAB8B	430	0	430
LOC124903504	0	0	0
APH1B	158	0	158
LOC124903506	0	0	0
LOC124903505	0	0	0
CA12	0	0	0
LINC02568	0	0	0
USP3	589	3	801
USP3-AS1	4	218	9
FBXL22	10	5	8
HERC1	648	0	648
MIR422A	0	0	0
DAPK2	196	0	219
LOC101928988	1	24	0
CIAO2A	1408	0	1408
SNX1	1903	2	1901
SNX22	22	9392	5
PPIB	2218	4	11589
CSNK1G1	375	0	375
LOC124900364	0	0	0
PCLAF	1328	0	1328
TRIP4	269	0	270
LOC105370861	0	1	0
ZNF609	1225	0	1225
LOC101930091	0	0	0
OAZ2	1475	3	1473
LOC124903507	0	1	0
RBPMS2	392	0	392
MIR1272	0	0	0
PIF1	310	0	310
LOC124903508	3	3	0
PLEKHO2	183	0	183
ANKDD1A	42	13	34
SPG21	2023	0	2028
MTFMT	228	0	228
SLC51B	0	0	0
RASL12	1	0	1
KBTBD13	0	0	0
UBAP1L	29	0	29
PDCD7	360	0	360
CLPX	769	0	769
LOC124903509	0	0	0
CILP	2	0	2
PARP16	194	0	194
SNORA24B	0	0	0
RNU5A-1	2	0	2
RNU5B-1	0	0	0
IGDCC3	0	0	0
IGDCC4	0	0	0
LOC124903510	0	0	0
DPP8	483	0	483
HACD3	1664	3	1661
LOC124903602	0	0	0
INTS14	611	0	611
SLC24A1	106	28	94
LOC102723464	1	1	1
DENND4A	186	4	197
SNORD13E	0	0	0
MIR4511	0	0	0
LOC105370866	0	0	0
TRQ-CTG1-4	0	0	0
RAB11A	1632	1	1631
MEGF11	1	1	0
LOC105370867	0	0	0
MIR4311	0	0	0
DIS3L-AS1	1	1	1
DIS3L	465	51	415
TIPIN	165	0	165
SCARNA14	0	0	0
MAP2K1	1251	30	1786
SNAPC5	348	541	372
MIR4512	3	0	3
RPL4	40535	15	40520
SNORD18C	3	0	3
SNORD18B	3	0	3
SNORD16	0	0	0
SNORD18A	0	0	0
ZWILCH	449	0	663
LCTL	2	216	0
LINC01169	0	0	0
SMAD6	1829	0	1829
LOC105370869	2	0	2
LOC105376718	6	0	6
SMASR	0	0	0
SMAD3-DT	0	0	0
SMAD3	669	2	667
SMAD3-AS1	0	0	0
AAGAB	711	0	711
IQCH	13	0	17
IQCH-AS1	20	97	21
LOC124903511	0	1	0
C15orf61	9	5	99
MAP2K5-DT	16	0	16
MAP2K5	357	0	357
LOC124903512	0	0	0
LOC124903570	1	0	1
SKOR1	14	0	21
LOC105370870	0	7	0
SKOR1-AS1	0	0	0
RNU6-1	0	0	0
PIAS1	413	28	542
LOC105370871	15	97	1
CALML4	47	52	69
CLN6	1086	0	1086
FEM1B	601	0	601
ITGA11	2	1	1
LOC124903513	0	0	0
LOC105370873	0	0	0
CORO2B	0	0	0
LOC124903514	0	0	0
ANP32A	2198	0	2198
MIR4312	0	0	0
ANP32A-IT1	1	0	1
SPESP1-NOX5	0	0	0
SPESP1	0	0	0
NOX5	0	0	0
LOC124903515	5	5	0
EWSAT1	8	0	8
LOC124903516	0	0	0
GLCE	651	0	651
PAQR5-DT	5	1	4
PAQR5	538	4	760
LOC124900368	0	0	0
KIF23-AS1	5	272	6
KIF23	824	2	869
RPLP1	15759	2	15759
LINC02896	29	2	29
LOC124903594	0	0	0
DRAIC	0	0	0
LOC124903517	0	0	0
PCAT29	0	0	0
LOC107984788	0	0	0
LINC00593	0	0	0
LOC101929129	1	0	1
LOC124903518	3	0	3
TLE3	2574	0	2574
MIR629	1	0	1
LOC107984734	0	0	0
LOC105370878	0	0	0
LOC124903519	0	0	0
LINC02205	0	0	0
LOC107984781	0	0	0
LINC02204	1	0	1
SALRNA3	0	0	0
LOC107984791	0	0	0
SALRNA2	0	0	0
UACA	256	0	256
LARP6	92	0	96
LRRC49	4	4	4
THAP10	58	0	58
LOC105370886	1	1	0
THSD4	332	0	336
CT62	0	4	0
THSD4-AS1	0	0	0
LOC105370884	0	0	0
LOC124903521	0	0	0
LOC124903520	0	0	0
LOC107984716	0	0	0
THSD4-AS2	0	0	0
NR2E3	2	0	2
MYO9A	193	6	191
LOC107984713	0	0	0
MYO9A-AS1	0	1	0
SENP8	31	0	34
LOC124903522	0	7	0
GRAMD2A	87	0	93
PKM	50479	31	50449
PARP6	421	0	421
LOC105370887	0	0	0
CELF6	16	0	16
HEXA	1881	2	1887
HEXA-AS1	5	7	6
TMEM202	0	0	0
TMEM202-AS1	8	1	8
ARIH1	1002	11	992
MIR630	0	0	0
LINC02259	4	4	0
LOC112268145	2	0	2
GOLGA6B	1	0	1
HIGD2B	1	0	1
BBS4	444	3	441
ADPGK	875	0	1055
ADPGK-AS1	2	180	2
LOC107984801	0	0	0
NEO1	150	0	150
MIR12135	0	0	0
HCN4	16	0	16
LOC105370890	0	0	0
LOC124903571	0	0	0
REC114	0	0	0
NPTN	2046	2	2044
NPTN-IT1	19	0	19
LOC105370891	0	0	0
CD276	4703	0	4704
INSYN1	120	1	120
INSYN1-AS1	0	0	0
LOC105370892	0	0	0
LOC102723657	0	0	0
TBC1D21	0	0	0
LOXL1-AS1	0	0	0
LOXL1	0	0	0
STOML1	108	0	108
PML	1071	0	1071
GOLGA6A	0	0	0
LOC107987224	0	0	0
COMMD4P2	0	0	0
ISLR2	0	0	0
LOC283731	0	0	0
LOC124903523	0	0	0
ISLR	0	0	0
STRA6	0	6	0
CCDC33	0	0	6
LOC105370893	0	0	0
CCDC33-AS1	0	0	0
CYP11A1	0	0	0
PPIAP46	0	0	0
LOC124903524	0	0	0
LINC02255	0	0	0
SEMA7A	0	0	0
MIR6881	0	0	0
UBL7	0	0	0
UBL7-DT	0	0	0
LOC101929333	0	0	0
LOC124900366	0	0	0
LOC124903526	0	0	0
LOC102723714	0	0	0
LOC124903528	3	1	2
ARID3B	276	0	332
LOC124903527	6	61	1
CLK3-AS1	33	36	5
CLK3	1196	0	1204
EDC3	1094	3	1091
CYP1A1	105	0	105
CYP1A2	0	0	0
CSK	995	0	995
MIR4513	0	0	0
LMAN1L	74	0	74
CPLX3	57	0	57
LOC105370897	1	0	1
ULK3	901	4	897
MIR6882	0	0	0
SCAMP2	1303	1	1302
MPI	830	403	1003
FAM219B	171	186	561
COX5A	2704	2	2702
RPP25	1403	6	1397
SCAMP5	69	0	69
PPCDC	147	0	147
LOC124903529	2	0	2
LOC124900369	0	0	0
LOC124903530	0	0	0
LOC107984772	0	0	0
C15orf39	1474	2	1472
TRCG1P	1	1	0
GOLGA6C	0	0	0
GOLGA6D	0	0	0
COMMD4	1696	1	1695
NEIL1	83	300	44
MIR631	4	5	2
MAN2C1	671	8	921
SIN3A	1089	3	1086
PTPN9	643	2	715
LOC105370902	0	74	0
SNUPN	414	0	414
IMP3	1679	1	1679
SNX33	1170	5	1166
CSPG4	4350	14	4336
CIMAP1C	53	0	53
DNM1P35	0	0	0
LOC101929408	2	0	2
MIR4313	0	0	0
GOLGA6EP	0	0	0
UBE2Q2	131	0	131
FBXO22	701	120	697
NRG4	111	29	198
TMEM266	45	1	59
LOC124903531	0	0	0
LOC101929439	7	15	7
ETFA	1567	0	1567
TYRO3P	1	0	1
ISL2	118	0	123
LOC124903532	0	5	0
SCAPER	104	0	104
MIR3713	0	0	0
RCN2	1133	0	1133
LOC105370904	0	0	0
PSTPIP1	0	0	0
TSPAN3	1789	0	1789
PEAK1	311	28	310
LINC00597	0	0	0
HMG20A	483	0	510
LOC101929457	0	0	0
LOC105370906	0	0	0
LINGO1	0	0	0
LINGO1-AS1	0	0	0
LINGO1-AS2	0	0	0
LOC141374963	0	0	0
GOLGA6FP	0	0	0
LOC124903533	0	0	0
COMMD4P1	2	0	2
LOC91450	0	0	0
TBC1D2B	491	0	491
SH2D7	0	0	0
CIB2	4	0	4
LOC124903534	1	0	1
IDH3A	501	2	1429
ACSBG1	13	930	13
DNAJA4-DT	0	0	0
DNAJA4	0	10	0
LOC105370910	2	0	12
SKIC8	935	2	933
CRABP1	0	0	0
LOC105370912	0	0	0
IREB2	955	0	955
HYKK	69	0	69
PSMA4	2105	0	2105
CHRNA5	268	0	357
CHRNA3	5	94	0
CHRNB4	2	0	2
LOC105370913	0	0	0
LOC646938	0	0	0
LOC112268143	0	0	0
ADAMTS7	49	2	47
TRK-CTT1-2	0	0	0
LOC124903535	1	1	0
MORF4L1	4230	1	4229
CTSH	1	1	0
RASGRF1	0	0	0
LOC100129540	0	0	0
LOC105370917	0	0	0
LOC107984750	0	0	0
ANKRD34C-AS1	0	0	0
MIR184	0	0	0
ANKRD34C	0	0	0
TMED3	1686	0	1686
MINAR1	18	0	19
LOC105370918	1	2	0
LOC105370919	0	0	0
TRC-GCA5-1	0	0	0
LOC124903536	7	0	7
ST20-MTHFS	0	0	3
MTHFS	2	1	1
ST20	1	12	48
ST20-AS1	31	105	38
BCL2A1	0	0	0
ZFAND6	974	0	974
FAH	396	0	396
CTXND1	0	0	0
LINC00927	0	0	0
ARNT2-DT	0	0	0
ARNT2	362	11	375
LOC124903537	0	0	0
ARNT2-AS3	0	0	0
ARNT2-AS1	3	64	11
MIR5572	0	0	0
ABHD17C	1268	5	1263
CEMIP	50	29	42
LOC124903539	0	0	0
MIR549A	0	0	0
MESD	549	3	567
MIR4514	0	0	0
TLNRD1	611	2	609
LOC128071545	0	0	0
LOC124903540	0	0	0
CFAP161	0	0	0
IL16	1	19	1
STARD5	12	0	31
TMC3-AS1	0	0	0
TMC3	0	0	0
LOC102723985	0	0	0
LOC105370921	0	0	0
LOC124903541	0	0	0
LINC01418	0	0	0
LOC105370922	0	0	0
LOC105370923	0	0	0
MEX3B	67	0	67
LINC01583	0	0	0
LOC105370924	0	0	0
EFL1	394	5	389
SAXO2	8	0	8
ADAMTS7P1	0	0	0
GOLGA6L10	1	0	1
UBE2Q2P2	4	0	4
GOLGA6L9	12	0	12
LOC102724034	0	0	0
GOLGA2P10	209	2	207
LOC105370926	0	0	0
GOLGA6L17P	0	0	0
RPS17	0	0	0
CPEB1	10	0	11
CPEB1-AS1	0	1	0
AP3B2	97	0	97
LOC338963	0	0	0
ACTG1P17	5	0	5
SNHG21	45	0	65
FSD2	15	48	0
SCARNA15	0	0	13
WHAMM	170	3	181
HOMER2	4	14	4
LOC105370928	0	0	0
RAMAC	16	0	191
C15orf40	252	176	251
LOC124903542	2	0	2
BTBD1	1254	1	1253
MIR4515	0	0	0
LOC124903543	0	0	0
TM6SF1	0	0	0
HDGFL3	0	0	0
BNC1	0	0	0
BNC1-AS1	0	0	0
LOC105370933	0	0	0
LOC105370934	0	0	0
SH3GL3	0	0	0
ADAMTSL3	0	0	0
LOC105370935	0	0	0
EFL1P1	0	0	0
DNM1P41	0	0	0
LOC124903544	0	0	0
UBE2Q2P16	0	0	0
LOC440300	0	1	0
GOLGA2P7	1	0	2
LOC105376724	0	0	0
GOLGA6L4	0	0	0
LOC105370936	0	0	0
LOC105376722	0	0	0
LOC103171574	0	0	0
LOC102724117	0	0	0
LOC102724135	8	0	8
LOC105370946	0	0	0
GOLGA6L5P	0	0	0
UBE2Q2P1	0	0	0
LINC00933	0	0	0
LOC105370947	0	2	0
ZSCAN2	0	0	2
SCAND2P	0	0	0
WDR73	0	0	0
NMB	0	0	0
SEC11A	1743	0	1743
ZNF592	661	0	661
ALPK3	18	0	18
SLC28A1	0	0	0
PDE8A	398	2	470
LOC124903545	0	74	0
LOC727751	34	0	34
LOC101929479	0	0	0
LOC105370948	0	0	0
GOLGA6L3P	0	0	0
MIR7706	0	0	0
AKAP13	1052	10	1046
LOC124903546	0	0	0
LINC02883	2	0	6
KLHL25	121	0	121
MIR1276	0	0	0
MIR548AP	0	0	0
LOC105370952	0	0	0
LOC105370953	0	0	0
AGBL1	0	0	0
LINC01584	0	0	0
AGBL1-AS1	0	0	0
LOC105370954	0	0	0
LOC102724452	0	0	0
LOC105370955	0	0	0
LOC107984735	0	0	0
LOC102724465	0	0	0
LINC00052	17	0	17
LOC124903579	0	0	0
LOC124903580	0	0	0
NTRK3	0	0	0
MIR11181	0	0	0
NTRK3-AS1	0	0	0
LOC105370957	0	0	0
LOC105370958	0	0	0
LOC105370959	0	0	0
MRPL46	483	1	482
MRPS11	1102	0	1102
DET1	74	0	76
LOC124903547	0	2	0
LINC01586	0	0	0
AEN	1153	1	1152
MIR1179	0	0	0
MIR7-2	0	0	0
MIR3529	0	0	0
ISG20	563	0	563
LOC105370960	0	0	0
ACAN	0	0	0
HAPLN3	6	0	6
MFGE8	333	0	333
ABHD2	858	0	864
CARMAL	0	0	0
LOC124903573	1	6	1
RLBP1	0	0	0
FANCI	819	282	1215
LOC124903548	9	226	0
POLG	1115	188	1401
MIR6766	0	0	0
POLGARF	0	0	0
POLG-DT	10	71	5
TRR-TCG1-1	0	0	0
LOC124903549	0	0	0
MIR9-3HG	0	0	0
MIR9-3	0	0	0
LOC107984777	0	0	0
LOC105371031	0	0	0
LOC105370964	0	0	0
LOC112268153	0	0	0
RHCG	1	0	1
LINC00928	0	0	0
TICRR	568	2	601
KIF7	102	92	45
PLIN1	52	0	52
PEX11A	336	0	339
WDR93	4	4	3
MESP1	98	0	98
LOC124903550	0	0	2
MESP2	15	4	15
ANPEP	10	1	9
LOC124903551	0	0	0
ARPIN-AP3S2	0	0	0
AP3S2	6	0	6
LOC124903552	5	154	1
MIR5094	1	0	1
MIR5009	0	0	0
ARPIN	757	6	751
ZNF710	376	82	368
MIR3174	0	0	0
ZNF710-AS1	0	63	11
IDH2	969	0	1171
IDH2-DT	0	202	0
SEMA4B	2647	0	2647
CIB1	1797	379	1805
GDPGP1	60	0	62
TTLL13	8	1	7
NGRN	1436	9	1808
PERPP2	79	0	79
GABARAPL3	1	0	1
ZNF774	43	0	43
IQGAP1	4251	3	4248
CRTC3	2543	1	2980
LOC124903555	4	215	1
LOC124903554	5	0	7
CRTC3-AS1	4	235	3
LINC01585	0	0	0
BLM	203	0	203
LOC124903590	0	0	0
LOC105370969	0	0	0
FURIN	5972	9	5963
FES	6	1	5
MAN2A2	1035	1	1034
HDDC3	331	1	340
UNC45A	1217	14	1550
RCCD1-AS1	2	337	2
RCCD1	955	3	954
PRC1	1457	4	2314
PRC1-AS1	1	858	2
LOC124903556	3	0	3
VPS33B	375	9	366
LOC105370970	0	0	0
VPS33B-DT	8	0	8
SV2B	2	0	2
LOC105370972	0	0	0
LOC107984778	0	0	0
CRAT37	0	0	0
LOC105370973	0	0	0
LOC105370974	0	0	0
SLCO3A1	768	0	768
LOC124903557	1	0	1
LOC107987227	0	0	0
ST8SIA2	0	0	0
LOC104613533	0	0	0
C15orf32	0	0	0
LINC00930	0	0	0
FAM174B	3	0	3
LOC124903559	0	0	0
LOC101926994	20	0	20
ASB9P1	3	3	0
LOC124903558	3	0	3
CHASERR	531	0	531
CHD2	1067	0	1067
MIR3175	0	0	0
RGMA	2	2	0
LOC101927025	0	0	0
LOC105370980	0	0	0
LOC105370982	0	0	0
LOC124900612	0	0	0
LOC107983974	0	0	0
LINC02207	0	0	0
LINC01579	0	0	0
LINC01580	0	0	0
LINC01581	0	0	0
LOC105369203	0	0	0
LOC105370984	0	0	0
MCTP2	876	2	874
LINC02852	0	0	0
LOC105370986	0	0	0
LOC105370987	0	0	0
LOC105370988	0	0	0
LOC440311	3	1	2
LOC105370989	0	0	0
LOC105370991	0	0	0
LOC124903581	0	0	0
LOC105370990	0	0	0
LETR1	0	0	0
LINC00924	0	0	0
LOC105370993	0	0	0
LOC105370995	0	0	0
LOC124903582	0	0	0
LOC112268156	0	0	0
LOC105370998	0	0	0
LOC105369212	1	0	1
NR2F2-AS1	9	0	9
LOC124903583	0	0	0
LOC105370997	0	0	0
LOC124903584	0	0	0
NR2F2	548	5	543
MIR1469	18	0	18
SCDAL	2	0	2
LOC101927263	0	0	0
LOC105371001	0	0	0
LOC105371002	0	0	0
SPATA8-AS1	0	0	0
SPATA8	0	0	0
LOC105371004	0	0	0
LOC105371005	2	0	2
LINC02253	1	0	1
LOC105371006	0	0	0
LINC02254	0	0	0
LOC101927310	0	0	0
LOC105371007	0	0	0
LINC00923	0	0	0
LOC124903585	0	0	0
ARRDC4	57	0	57
LOC105371009	0	0	0
LINC02251	0	0	0
LINC01582	0	0	0
LOC105371010	0	0	0
LINC02351	0	0	0
FAM169BP	0	0	0
IRAIN	13	63	14
IGF1R	2180	48	2196
LOC124903560	0	0	0
MIR4714	0	0	0
LOC124903561	5	2	3
PGPEP1L	1	0	1
LUNAR1	4	0	4
SYNM-AS1	1	23	1
SYNM	626	133	649
TTC23	152	1	328
TTC23-AS1	0	0	0
LRRC28	124	0	124
HSP90B2P	2	0	2
LINC02244	0	0	0
LOC105371017	2	2	0
LINC03080	13	0	13
LOC107984790	1	0	1
LOC105371019	0	0	0
MEF2A	551	3	661
LYSMD4	141	110	144
LOC105371020	0	0	0
DNM1P46	0	1	0
LOC124903563	2	0	2
LOC400464	0	0	0
ADAMTS17	0	0	0
LOC105371022	0	0	0
SPATA41	0	0	0
LOC105371021	0	0	0
CERS3-AS1	0	0	0
CERS3	0	0	0
PRKXP1	7	0	8
LOC102723335	0	1	0
LINS1	109	0	111
ASB7	295	2	295
LOC105371024	2	0	2
LOC440313	0	0	0
GCAWKR	55	0	55
LOC124903575	5	4	5
ALDH1A3	117	21	531
ALDH1A3-AS1	49	422	58
LRRK1	745	1	850
LRRK1-AS1	7	110	3
LOC124903565	0	0	0
LOC124903564	1	1	0
CHSY1	533	3	530
LOC107984727	0	0	0
SELENOS	695	0	695
SNRPA1	1049	2	1047
SNRPA1-DT	12	224	7
PCSK6	451	7	622
LOC100507472	3	0	3
PCSK6-AS1	0	0	0
LOC124903566	5	0	5
LOC107987228	20	0	20
LOC124903567	0	0	0
LINC02348	4	0	4
TM2D3	204	0	204
TARS3	122	0	122
LOC124903609	0	0	0
UBE2Q2P13	0	0	0
OR4F6	0	0	0
OR4F15	0	0	0
OR4F13P	0	0	0
LOC105376730	0	0	0
FAM138E	0	0	0
MIR1302-10	0	0	0
WASH3P	0	0	0
MIR6859-3	0	0	0
DDX11L9	0	0	0
LOC102723461	0	0	0
LOC124905326	0	0	0
LOC124905325	0	0	0
LOC102723502	0	0	0
LOC124905327	0	0	0
LOC105369218	0	0	0
LOC124900616	0	0	0
LOC124905328	0	0	0
LOC102723532	0	0	0
LOC107987381	0	0	0
LOC102723573	0	0	0
DDX11L10	1	0	1
MIR6859-4	2	0	2
WASIR2	0	0	0
POLR3K	899	11	890
SNRNP25	1169	1	1170
RHBDF1	638	2	638
LOC124903617	3	1	2
MPG	715	11	1403
NPRL3	1505	697	1505
HBZ	0	0	0
LOC107983982	0	0	0
HBM	0	0	0
HBA2	1	0	1
HBA1	0	0	0
HBQ1	1	1	0
LUC7L	622	1	621
FAM234A	4136	2	4136
RGS11	0	2	0
ARHGDIG	0	0	0
PDIA2	0	0	0
AXIN1	1246	1	1245
MRPL28	2540	0	2540
PGAP6	1359	7	1354
LOC100134368	16	1	16
NME4	3140	14	3127
DECR2	0	0	0
RAB11FIP3	16	0	16
LOC107987417	1	1	0
LINC00235	0	0	0
CAPN15	2918	5	2913
MIR5587	2	0	2
MIR3176	0	0	0
PRR35	0	0	0
NHLRC4	2	1	1
PIGQ	2218	4	2214
RAB40C	1751	37	1714
LOC124903618	16	16	0
WFIKKN1	302	0	302
METTL26	2578	1	2577
TRG-CCC2-2	1	0	2
LOC100287175	30	1	30
MCRIP2	1470	8	1488
LOC105371038	2	30	4
WDR90	2268	3	2270
RHOT2	2621	2	2619
RHBDL1	70	3	67
STUB1-DT	3	0	3
STUB1	1369	1217	3382
JMJD8	696	2014	1912
WDR24	1037	46	991
FBXL16	1069	1	1068
METRN	2687	6	2681
ANTKMT	679	2	684
CCDC78	181	16	176
HAGHL	596	33	567
CIAO3	871	17	854
MSLN	6770	12	6758
MIR662	9	0	9
RPUSD1	1051	2	1049
CHTF18	1076	3	1076
GNG13	5	8	0
LMF1	242	0	291
LOC124903619	0	0	0
LOC107984876	0	0	0
LMF1-AS1	0	50	0
LOC124903620	0	0	0
CEROX1	0	0	0
SOX8	0	0	0
SSTR5-AS1	19	0	19
SSTR5	63	11	52
C1QTNF8	11	1	10
LOC107984906	0	0	0
LOC105371042	0	0	0
CACNA1H	29	0	29
LOC124903622	1	0	1
LOC124903623	0	0	0
TPSG1	0	0	1
LOC124903621	0	1	0
TPSB2	0	0	0
TPSAB1	0	0	0
TPSD1	0	0	0
UBE2I-AS1	1	0	1
UBE2I	2807	0	2807
BAIAP3	41	280	43
TSR3	1473	2	1753
GNPTG	1092	139	1165
UNKL	424	77	559
UNKL-AS1	0	0	0
UQCC4	439	0	439
LOC105371044	4	0	4
PERCC1	1	1	0
CCDC154	9	0	9
CLCN7	2772	3	2769
PTX4	2	0	2
TELO2	1777	4	1779
IFT140	855	14	851
TMEM204	3	2	1
LOC105371046	0	3	0
CRAMP1	558	0	559
JPT2	2466	0	2466
MAPK8IP3	1324	7	1321
MAPK8IP3-AS1	0	0	0
MIR3177	0	0	0
NME3	648	2	650
MRPS34	1016	10	3047
EME2	217	2896	311
SPSB3	8	96	861
NUBP2	1869	1	1868
IGFALS	4	3	1
HAGH	1193	26	1192
FAHD1	636	0	664
MEIOB	0	3	0
LINC00254	0	0	0
LINC02124	0	0	0
HS3ST6	0	0	0
MSRB1	1	0	2
LOC124903625	0	1	0
RPL3L	0	0	0
NDUFB10	0	0	0
RPS2	0	0	0
SNORA10	0	0	0
SNORA64	0	0	0
SNHG9	0	0	0
SNORA78	0	0	0
RNF151	0	0	0
TBL3	0	0	0
NOXO1	0	0	0
GFER	0	0	0
SYNGR3	0	0	0
ZNF598	39	0	39
LOC124903626	0	0	0
NPW	0	0	0
NHERF2	242	0	242
NTHL1	608	1	607
TSC2	2034	230	2036
PKD1	1839	24	2272
MIR1225	0	0	0
PKD1-AS1	3	228	0
MIR6511B1	0	0	0
MIR4516	0	0	0
MIR3180-5	0	0	0
RAB26	1174	2	1172
SNHG19	152	0	152
SNORD60	0	0	0
TRAF7	3213	16	4310
CASKIN1	28	1104	38
MLST8	2145	20	2246
BRICD5	61	101	80
PGP	2978	5	2973
E4F1	1432	18	1414
DNASE1L2	60	29	31
ECI1	3326	14	3315
ECI1-AS1	60	53	8
LOC107984839	0	49	0
RNPS1	3953	5	3997
MIR3677HG	47	41	8
MIR3677	2	0	2
MIR940	0	0	0
MIR4717	0	0	0
ABCA3	48	0	48
ABCA17P	1	0	1
CCNF	882	6	1126
MIR6767	0	0	0
LOC105371050	2	250	2
TEDC2	341	0	343
MIR6768	0	0	0
TEDC2-AS1	7	4	5
NTN3	16	7	9
TBC1D24	272	1	271
ATP6V0C	4190	1	4189
AMDHD2	950	3	1395
CEMP1	0	448	0
MIR3178	0	0	0
PDPK1	940	36	904
LOC652276	52	1	51
FLJ42627	152	2	151
ERVK13-1	183	0	184
LOC124903627	0	0	0
KCTD5	666	0	666
PRSS27	99	0	99
SRRM2-AS1	36	8	35
SRRM2	9708	3	9713
ELOB	2363	1	2362
PRSS33	2	0	2
SNORA3C	0	0	0
PRSS41	3	0	3
PRSS21	2566	1	2565
ZG16B	0	0	0
LOC124903628	0	0	0
PRSS30P	0	0	0
PRSS22	0	0	0
LOC101929566	0	0	0
FLYWCH2	2324	3	2321
FLYWCH1	1883	6	1880
FLYWCH1-AS1	8	8	3
KREMEN2	651	49	602
PAQR4	1443	248	1952
PKMYT1	1173	519	1412
GREP1	9	4	6
CLDN9	6	0	6
CLDN6	1	0	1
TNFRSF12A	1849	6	1843
HCFC1R1	563	131	790
THOC6	378	238	513
BICDL2	0	17	0
LOC100128770	1	0	1
MMP25	4	47	0
MMP25-AS1	37	0	37
LOC124900372	50	0	59
IL32	48	0	48
ZSCAN10	0	0	0
LOC124903629	9	7	2
ZNF205-AS1	4	81	5
ZNF205	239	6	315
ZNF213-AS1	128	1	128
ZNF213	353	12	342
CASP16P	6	6	0
TRR-CCG1-3	0	0	0
TRR-CCT3-1	0	0	0
TRK-CTT3-1	7	0	7
TRP-TGG3-3	0	0	0
TRK-CTT8-1	0	0	0
TRP-CGG1-2	0	0	0
TRK-CTT2-5	0	0	0
TRK-CTT5-1	0	0	0
TRP-AGG2-7	2	0	2
TRP-TGG3-4	0	0	0
TRP-TGG3-5	0	0	0
OR1F1	14	0	14
TRP-AGG2-8	0	0	0
TRK-CTT4-1	0	0	0
TRP-AGG1-1	1	0	1
OR1F2P	0	0	0
ZNF200	397	0	397
MEFV	4	0	4
LINC00921	35	1	34
ZNF263	691	1	699
TIGD7	6	17	0
ZNF75A	23	0	24
OR2C1	0	0	0
LOC105371059	5	78	0
ZSCAN32	342	0	415
ZNF174	293	0	293
ZNF597	109	3	107
NAA60	1495	1	1739
MIR6126	0	244	0
C16orf90	0	0	0
CLUAP1	210	0	210
NLRC3	15	17	0
LOC101929732	0	0	2
LOC124903632	0	0	0
LOC105371060	8	7	1
SLX4	267	1	266
DNASE1	39	2902	149
LOC124903631	4	65	33
TRAP1	1683	57	7397
LOC124903630	170	3027	5
CREBBP	1377	2	1375
TRIDDENT	37	1	36
ADCY9	848	9	918
LOC124903633	5	84	0
LOC124900373	0	0	0
LOC105371062	13	10	3
SRL	2	1	1
LINC01569	76	0	76
TFAP4	286	0	297
LOC124903634	6	17	0
GLIS2	70	1	69
GLIS2-AS1	0	0	0
CORO7-PAM16	0	0	0
PAM16	0	0	0
CORO7	0	0	0
VASN	0	0	0
LOC124903635	0	0	0
DNAJA3	0	0	0
NMRAL1	0	0	0
HMOX2	0	0	0
LOC124903636	0	0	0
CDIP1	13	0	61
C16orf96	4	48	4
UBALD1	745	0	745
MGRN1	1442	1	1441
MIR6769A	0	0	0
NUDT16L1	369	7	362
ANKS3	484	1	483
DNAAF8	38	13	34
ZNF500	297	2	303
SEPTIN12	2	0	2
SMIM22	1	1	0
ROGDI	646	1	645
GLYR1	2068	0	2068
LOC124903638	1	0	1
UBN1	1431	116	1316
PPL	1785	1	1878
LOC124903637	1	93	1
LOC105371064	0	0	0
SEC14L5	7	0	7
NAGPA	574	0	666
NAGPA-AS1	2	92	2
C16orf89	3	2	2
ALG1	595	205	914
EEF2KMT	265	331	458
LOC107984828	0	0	0
LOC105371067	0	0	0
LINC02164	0	0	0
RBFOX1	0	0	0
LINC01570	0	0	0
MIR8065	0	0	0
LOC105371068	0	0	0
LOC124903640	0	0	0
LOC105371069	4	0	4
LOC124903641	0	0	0
LINC02152	0	0	0
LOC105371072	0	0	0
TMEM114	0	0	0
METTL22	258	0	258
ABAT	7	0	7
LOC107984840	0	0	0
TMEM186	325	0	325
PMM2	1236	6	1230
LOC100130283	6	804	14
CARHSP1	1427	21	2218
CARHSP1-DT	0	0	0
LITAFD	0	0	0
USP7	1636	1	1635
USP7-AS1	0	0	0
HAPSTR1	1261	0	1261
LOC105371075	0	0	0
LINC02177	0	0	0
LINC01177	0	0	0
LINC01195	0	0	0
LOC101927026	0	0	0
LOC132205950	0	0	0
GRIN2A	0	0	0
LOC105371077	0	0	0
LOC105371076	0	0	0
LOC107984900	0	0	0
LOC105371078	0	0	0
ATF7IP2	69	9	60
LOC107984877	43	1	42
LINC01290	3	0	3
EMP2	3637	0	3637
TEKT5	1	0	1
LOC105371079	0	0	0
NUBP1	193	8	678
TVP23A	20	512	1
CIITA	86	626	11
DEXI	0	3	548
CLEC16A	958	0	958
LOC105371081	0	0	0
LOC107984859	0	0	0
LOC105371082	40	4	37
SOCS1	21	0	21
TNP2	0	0	0
PRM3	0	0	0
PRM2	0	0	0
PRM1	0	0	0
LOC124903805	0	0	0
MIR548H2	0	0	0
LOC105371083	5	0	5
RMI2	536	0	536
LOC400499	129	108	23
LOC101927131	1	1	1
LITAF	3463	0	3463
LOC124903643	1	0	1
SNN	284	4	287
TXNDC11	1214	3	1218
TXNDC11-AS1	3	0	3
ZC3H7A	893	0	893
BCAR4	0	0	0
RSL1D1	3646	0	3646
GSPT1	3802	18	3784
NPIPB2	2	0	2
TNFRSF17	0	0	0
SNX29	240	0	240
LOC642696	0	0	0
LOC124900383	0	0	0
SNX29-AS2	0	0	0
LOC105371087	1	0	1
LOC124903644	0	0	0
SNX29-AS3	2	2	0
LOC105371088	0	0	0
CPPED1	267	0	267
MIR4718	0	0	0
LOC105371090	1	1	0
LOC124900378	0	0	0
SHISA9	0	0	0
LOC105371092	0	0	0
LOC105371091	0	0	0
LOC107984137	0	0	0
LOC124903645	0	0	0
LOC124903646	0	0	0
LOC105371093	0	9	0
LOC124903647	0	0	0
ERCC4	211	0	220
MRTFB	449	0	449
LINC02185	0	0	0
LINC02186	0	0	0
TRT-CGT2-1	0	0	0
MIR193BHG	109	0	109
MIR193B	0	0	0
MIR365A	0	0	0
LINC02130	0	0	0
LINC03107	0	0	0
PARN	0	0	0
LOC105371094	0	0	0
LOC107984865	0	0	0
BFAR	0	0	0
PLA2G10	0	0	0
NPIPA3	0	0	0
LOC100652777	0	1	0
NPIPA2	1	0	1
ABCC6P2	0	0	0
NOMO1	91	0	91
LOC101927469	3	0	3
MIR3179-1	0	0	0
MIR3670-1	0	0	0
MIR3180-1	0	0	0
PKD1P3-NPIPA1	135	0	171
LOC100288162	0	36	0
MIR6511A1	0	0	0
MIR6770-1	0	0	0
NPIPA1	0	0	0
PDXDC1	176	0	176
MIR1972-1	0	0	0
NTAN1	0	0	0
RRN3	2	0	2
LOC100505915	1	20	0
PKD1P6-NPIPP1	56	0	75
MIR6511B2	0	0	0
MIR3180-4	0	0	0
LOC105371096	0	0	0
LOC105371097	0	0	0
NPIPA5	6	0	6
MPV17L-BMERB1	0	0	0
MPV17L	24	0	24
BMERB1	0	0	0
LOC105371102	0	0	0
MARF1	0	0	0
MIR6506	0	0	0
LOC124903649	0	0	0
MIR484	0	0	0
NDE1	0	0	0
MYH11	0	0	0
LOC124903650	0	0	0
LOC124903651	0	0	0
CEP20	2	0	2
LOC107984869	0	0	0
ABCC1	144	0	144
ABCC6	24	0	24
LOC105371100	0	0	0
NOMO3	0	0	0
LOC105371099	0	0	0
MIR3179-2	0	0	0
MIR3670-2	0	0	0
MIR3180-2	0	0	0
LOC131696449	0	0	0
PKD1P1	0	0	0
MIR6511A2	0	0	0
MIR6770-2	0	0	0
NPIPA6	0	0	0
MIR6511A3	0	0	0
NPIPA7	0	0	0
LOC105371105	0	0	0
LOC124903652	0	0	0
LOC124903653	0	0	0
XYLT1	0	0	0
LOC102723692	0	0	0
LOC124903654	0	0	0
LOC107987234	0	0	0
LOC105371106	0	0	0
LOC107984893	0	0	0
LOC105371108	0	0	0
LOC105376751	0	0	0
PKD1P4-NPIPA8	46	0	46
NPIPA8	0	0	0
MIR6511A4	0	0	0
NPIPA9	0	0	0
PKD1P5-LOC105376752	77	0	77
MIR6770-3	0	0	0
LOC112268172	0	0	0
MIR3180-3	0	0	0
MIR3670-3	0	0	0
MIR3179-3	0	0	0
LOC102723728	0	0	0
MIR3670-4	0	0	0
LOC105379460	0	0	0
MIR3179-4	0	0	0
NOMO2	1062	1	1061
ABCC6P1	0	0	0
LOC124903655	0	0	0
RPS15A	8525	2	8523
ARL6IP1	2512	0	2512
SMG1	748	3	752
LOC124903799	0	0	0
SMG1-DT	0	4	3
TMC7	256	1	282
COQ7-DT	1	42	4
COQ7	219	0	233
LOC124903656	19	0	19
ITPRIPL2	2185	129	2056
LOC124903657	3	0	3
SYT17	104	0	210
LOC124903658	0	106	0
CLEC19A	0	0	0
LINC02858	0	0	0
LOC105371114	1	0	1
TMC5	158	6	178
TMC5-AS1	0	25	1
GDE1	2674	5	2669
CCP110	154	0	154
VPS35L	30	9	22
KNOP1	767	0	768
IQCK	48	1	85
IQCK-AS1	0	0	0
GPRC5B	7	37	8
LOC105371116	0	0	0
LOC105371117	0	0	0
LOC124903660	0	0	0
GPR139	0	0	0
LOC102723396	0	0	0
GP2	0	0	0
UMOD	0	0	0
PDILT	0	0	0
ACSM5	4	0	4
LOC105371119	0	0	0
ACSM2A	0	0	0
ACSM2B	0	0	0
LOC105371120	0	0	0
LOC107984831	0	0	0
ACSM1	0	0	0
ACSM3	0	54	0
THUMPD1	200	0	200
ERI2	95	0	153
REXO5	204	4	242
LOC105371121	0	38	0
DCUN1D3	221	0	241
LYRM1	203	21	202
DNAH3	2	0	2
LOC107984888	0	0	0
LDAF1	133	0	133
ZP2	0	0	0
LOC105371123	0	0	0
ANKS4B	0	0	0
CRYM	0	0	0
LOC105371125	0	0	0
ABCA15P	1	0	1
SNX29P1	3	0	3
NPIPB3	31	0	31
LOC100190986	0	0	0
SMG1P3	10	0	12
LOC124903800	0	0	0
LOC124903662	0	2	0
MIR3680-1	0	0	0
SLC7A5P2	0	0	0
LOC101927814	0	0	0
METTL9	0	0	0
IGSF6	0	0	0
LOC124903663	0	0	0
OTOA	0	0	0
LOC105371126	0	0	0
RRN3P1	0	0	0
LOC112268174	0	0	0
NPIPB4	31	0	31
LOC124903801	0	0	0
UQCRC2	7	0	7
PDZD9	0	0	0
MOSMO	0	0	1
LOC124903665	0	0	0
LOC105371129	0	1	0
VWA3A	1	0	1
SDR42E2	0	0	0
LOC124903666	0	0	0
TRL-TAG3-1	0	0	0
EEF2K	0	0	0
TRL-AAG2-4	0	0	0
POLR3E	5	0	5
LOC124903664	0	0	0
CDR2	0	0	0
CDR2-DT	0	0	0
SLC68A2P	0	0	0
RRN3P3	0	0	0
SMG1P1	0	0	0
LOC124903802	0	0	0
NPIPB5	2	0	2
LOC105371131	0	0	0
OTOAP1	0	0	0
LOC112268175	0	0	0
LINC02890	0	0	0
LOC107984851	0	0	0
HS3ST2	0	0	0
LOC112268176	0	0	0
USP31	240	0	240
SCNN1G	0	0	0
SCNN1B	0	0	0
COG7	329	9	392
LOC124903667	1	63	10
GGA2	1261	0	1261
EARS2	157	1	156
UBFD1	1619	0	1619
NDUFAB1	1315	1	1314
PALB2	234	0	234
DCTN5	1456	0	1456
PLK1	2464	0	2489
ERN2	0	25	0
CHP2	0	0	0
PRKCB	32	0	32
MIR1273H	0	0	0
LINC02194	0	0	0
CACNG3	5	0	5
LOC124900377	0	0	0
LOC105371143	0	0	0
RBBP6	576	0	576
TNRC6A	21	0	21
LINC01567	0	0	0
SLC5A11	0	0	0
ARHGAP17	0	0	0
LCMT1P1	8	0	8
LINC02175	0	0	0
LCMT1-AS1	9	0	9
LCMT1	293	0	293
LCMT1-AS2	3	3	0
AQP8	2	1	1
ZKSCAN2	48	0	51
ZKSCAN2-DT	23	3	23
LINC02191	0	0	0
LOC105371147	0	0	0
LOC105369297	0	0	0
HS3ST4	0	0	0
MIR548W	0	0	0
LOC105371149	0	0	0
LOC105371150	0	0	0
LOC102723536	0	0	0
LINC02195	0	0	0
LOC105371153	0	0	0
LOC105371154	0	0	0
C16orf82	0	0	0
LOC105371155	0	0	0
LINC02129	0	0	0
KDM8	48	9	39
NSMCE1	515	2	521
NSMCE1-DT	1	6	3
IL4R	1536	3	1533
IL21R	0	0	0
LOC124903668	0	0	0
IL21R-AS1	0	0	0
GTF3C1	2626	3	2623
KATNIP	456	0	478
LOC107984874	2	2	0
LOC100128079	1	23	0
LOC105371157	0	0	0
GSG1L	1	0	1
LOC124903669	0	0	0
XPO6	3009	2	3007
SBK1	5	0	5
LOC124903670	22	0	22
NPIPB6	24	0	24
EIF3CL	22	0	25
MIR6862-1	0	0	0
LOC124903790	0	0	0
NPIPB7	0	0	0
CLN3	1239	0	1239
APOBR	17	1	16
IL27	0	0	0
NUPR1	690	0	690
SGF29	233	13	220
SULT1A2	38	0	38
SULT1A1	455	0	489
LOC107984835	6	59	0
LOC124903674	0	0	17
NPIPB8	5	0	5
LOC124903791	0	0	0
EIF3C	388	3	388
MIR6862-2	0	0	0
LOC124903761	0	0	0
NPIPB9	5	0	5
LOC124903792	0	0	0
LOC124903672	13	1	16
ATXN2L	2477	8	2473
TUFM	5547	0	5547
MIR4721	0	0	0
SH2B1	616	6	610
ATP2A1	130	16	146
ATP2A1-AS1	4	17	10
RABEP2	222	5	226
CD19	15	4	11
NFATC2IP	758	1	900
NFATC2IP-AS1	29	172	0
MIR4517	2	0	2
SPNS1	1696	2	1694
LAT	20	0	20
LOC124903793	0	0	0
RRN3P2	1	0	1
LOC101928215	0	0	0
LOC124903671	0	0	0
LOC101928188	0	0	0
LOC102723708	0	0	0
LOC124903676	0	0	0
LOC105371159	0	0	0
SNX29P2	0	0	0
NPIPB11	23	0	23
SMG1P6	19	0	19
LOC124903796	0	0	0
BOLA2-SMG1P6	0	0	0
LOC606724	0	0	0
BOLA2	0	0	0
SLX1B	1	0	1
SLX1B-SULT1A4	0	0	0
SULT1A4	0	0	0
LOC388242	0	0	0
NPIPB12	20	0	20
LOC124903797	0	0	0
SMG1P2	60	0	60
LOC105371168	3	1	2
MIR3680-2	0	0	0
SPN	0	0	0
QPRT	54	0	54
C16orf54	0	0	0
LOC124903673	0	0	0
ZG16	2	0	2
LOC124903675	0	0	0
LOC105371167	1	1	0
KIF22	1993	4	1989
MAZ	2759	18	4313
MVP-DT	22	1788	16
PRRT2	7	6	1
PAGR1	469	5	659
MVP	5334	6	5328
CDIPT	1201	3	1198
CDIPTOSP	15	0	15
SEZ6L2	1670	0	1671
ASPHD1	829	7	832
KCTD13	204	8	205
KCTD13-DT	29	0	29
TMEM219	1045	0	1045
LOC124903762	1	0	1
TAOK2	1457	0	1457
HIRIP3	360	37	333
INO80E	863	2	974
DOC2A	1	103	1
C16orf92	0	4	0
TLCD3B	6	1	10
LOC112694756	54	0	55
ALDOA	20	2	18
PPP4C	1577	4	1573
TBX6	13	0	13
YPEL3	438	0	438
YPEL3-DT	6	31	2
GDPD3	125	0	152
MAPK3	1342	0	1342
CORO1A-AS1	0	0	0
CORO1A	5	0	5
BOLA2B	0	0	0
SLX1A	1	0	1
SLX1A-SULT1A3	2	0	2
SULT1A3	0	0	0
LOC613038	24	0	24
LOC101929894	0	1	0
NPIPB13	11	0	12
LOC124903798	0	0	0
SMG1P5	27	0	27
CD2BP2	921	3	919
CD2BP2-DT	44	801	77
TBC1D10B	260	39	1054
MYL11	4	0	4
SEPTIN1	20	1	64
ZNF48	278	45	278
ZNF771	125	11	115
SNORA80C	0	0	1
DCTPP1	1256	2	1254
SEPHS2	1263	0	1263
ITGAL	0	0	0
ITGAL-AS1	0	0	0
MIR4518	0	0	0
ZNF768	837	0	837
ZNF747	221	1	220
ZNF747-DT	24	0	25
LOC124903677	1	1	0
ZNF764	178	5	174
ZNF688	103	3	100
ZNF785	147	4	143
ZNF689	446	0	446
LOC124903678	0	0	0
PRR14	531	0	531
FBRS	1161	5	1156
LOC730183	23	9	23
SRCAP	2321	0	2330
SNORA30	0	0	0
TMEM265	28	0	28
PHKG2	767	105	765
CFAP119	4	14	176
RNF40	2762	62	2761
ZNF629	485	0	485
LOC124903679	9	0	9
BCL7C	107	8	525
MIR4519	0	1	0
MIR762HG	38	243	39
MIR762	0	175	3
CTF1	11	0	11
FBXL19-AS1	157	34	179
FBXL19	1229	25	1259
ORAI3	496	0	496
SETD1A	1342	3	1339
HSD3B7	1030	16	1015
STX1B	151	0	152
STX4	633	1	632
ZNF668	632	4	706
ZNF646	953	134	956
PRSS53	111	2	168
VKORC1	3020	3	3018
LOC124903680	1	0	1
BCKDK	1687	4	1684
KAT8	470	0	470
PRSS8	141	1	140
PRSS36	33	2	31
FUS	7182	4	7178
PYCARD	0	2	0
PYCARD-AS1	0	0	2
TRIM72	0	0	0
PYDC1	0	0	0
ITGAM	15	0	15
ITGAX	0	0	0
ITGAD	5	5	0
COX6A2	0	0	0
ZNF843	3	0	3
ARMC5	409	84	325
TGFB1I1	0	0	0
SLC5A2	18	744	1
RUSF1	1060	2	1785
RUSF1-DT	7	0	7
AHSP	2	0	2
LINC02190	0	0	0
FRG2KP	0	0	0
YBX3P1	1	0	1
CLUHP3	79	0	79
KRABD5	79	0	79
LOC107983990	0	0	0
VN1R3	0	0	0
ZNF267	44	0	44
LOC124903681	1	0	1
LOC105371174	0	0	0
LOC102725101	0	0	0
HERC2P4	9	0	9
LOC105379466	0	0	0
TP53TG3D	0	0	0
LOC100507221	0	0	0
LOC390705	0	0	0
LOC105371191	0	0	0
FAM153DP	0	0	0
LOC107984013	0	0	0
TP53TG3	0	0	0
LOC105371177	0	0	0
SLC6A10P	0	0	0
IGHV3OR16-8	0	0	0
TP53TG3C	0	0	0
LOC124903683	0	0	0
TP53TG3E	0	0	0
LOC105369266	0	0	0
TP53TG3B	0	0	0
LOC105379473	0	0	0
TP53TG3F	0	0	0
LOC105379474	0	0	0
LOC101929031	0	0	0
LOC107984855	0	0	0
LOC107984083	0	0	0
LOC102724207	0	0	0
ENPP7P13	0	0	0
IGHV3OR16-17	0	0	0
LOC105369183	0	0	0
LINC00273	0	0	0
MIR9901	0	0	0
CCNYL1B	0	0	0
LOC124903767	0	0	0
LOC102724523	0	0	0
LINC02184	0	0	0
LOC162137	0	0	0
LOC107984902	0	0	0
CCNYL3	0	0	0
LOC105371197	0	0	0
UBE2MP1	6	0	6
LOC112268173	0	0	0
LOC105371200	0	0	0
LOC124903769	0	0	0
LOC124903768	0	0	0
LOC105371199	0	0	0
LOC105371198	0	0	0
LINC01566	0	0	0
LOC105371201	0	0	0
LOC105371203	0	0	0
FRG2DP	0	0	0
TP53TG3HP	0	0	0
LOC105371204	0	0	0
LINC02167	0	0	0
ANKRD26P1	0	0	0
SHCBP1	652	0	652
VPS35	1626	0	1626
ORC6	429	2	427
MYLK3	468	0	468
C16orf87	263	0	263
GPT2	523	3	520
SNORD148	0	0	0
DNAJA2	1166	2	1164
DNAJA2-DT	7	0	7
NETO2	736	0	736
LOC124903806	0	0	0
ITFG1-AS1	0	236	1
ITFG1	603	1	968
ITFG1-AS2	0	129	0
PHKB	718	0	718
LOC105371236	0	0	0
LINC02192	0	0	0
LINC02133	1	0	1
LOC124903685	0	0	0
LOC105371237	0	0	0
LINC02134	0	0	0
LOC124903686	0	0	0
ABCC12	0	0	0
ABCC11	7	76	8
LONP2	890	225	970
SIAH1	80	14	294
LOC124903786	0	0	0
N4BP1	755	0	755
LOC124903687	0	0	0
LOC105371240	1	0	1
LOC124903794	0	0	0
LOC105371241	0	0	0
LOC102724847	0	0	0
CBLN1	0	0	0
SYNAGE	0	0	0
LOC105371243	0	0	0
LOC124903689	0	0	0
LOC105371244	0	0	0
C16orf78	0	0	0
LINC02179	0	0	0
ZNF423	0	0	0
ADAM3B	0	0	0
CNEP1R1	109	0	109
HEATR3-AS1	0	44	1
HEATR3	378	1	422
TENT4B	187	1	186
ADCY7	141	58	208
MIR6771	0	0	0
BRD7	695	89	731
LOC124903785	0	0	0
LINC02178	0	0	0
LOC124903770	0	0	0
LOC124903772	0	0	0
LOC124903771	0	0	0
NKD1	0	0	0
NKD1-AS1	0	0	0
SNX20	0	0	0
LOC101927272	0	0	0
NOD2	0	0	0
CYLD-AS1	2	0	4
CYLD	440	2	440
MIR3181	0	0	0
CYLD-AS2	0	0	0
LINC02168	0	0	0
LINC02128	0	0	0
LOC124903775	0	0	0
LINC02127	0	0	0
LOC107984903	0	0	0
LOC107984887	0	0	0
LOC105371253	0	0	0
SALL1	0	0	0
LOC107984886	1	0	1
LOC105371256	0	0	0
LOC102723323	0	0	0
LOC107984892	0	0	0
HNRNPA1L3	23	0	23
LOC105371257	0	0	0
LINC01571	0	0	0
LOC124903765	0	0	0
LOC105371259	0	0	0
LINC02911	0	0	0
LINC00919	0	0	0
LINC02180	0	0	0
LOC105371261	0	0	0
CASC22	0	0	0
LOC107983961	0	0	0
LOC107984901	0	0	0
LOC105371262	0	0	0
TOX3	0	0	0
CASC16	0	0	0
LOC105371265	0	0	0
LINC03064	0	0	0
CHD9NB	12	0	12
CHD9	306	2	304
LOC124903784	0	0	0
MPHOSPH10P1	0	0	0
LOC102723373	0	0	0
RBL2	620	8	691
AKTIP	71	74	76
LOC124903690	0	0	0
LOC105371268	0	0	0
LOC105371269	0	0	0
RPGRIP1L	92	0	92
FTO	809	0	809
LOC124903691	0	0	0
FTO-IT1	1	0	1
LOC105371271	4	0	4
LINC02169	0	0	0
IRX3	1882	8	1874
LINC02140	0	1	0
LOC105371272	0	0	1
LINC02183	0	0	0
LOC105371274	0	0	0
LOC101927480	0	0	0
LOC105371275	0	0	1
LOC105371276	0	2	0
CRNDE	180	1	179
IRX5	369	0	369
LOC124903692	0	0	0
LOC105371277	0	0	0
LOC105371278	0	0	0
IRX6	0	0	0
LOC105371279	0	0	0
MMP2-AS1	0	0	0
MMP2	11	0	11
LPCAT2	267	0	267
CAPNS2	0	0	0
LOC124903693	0	0	0
SLC6A2	0	0	0
LOC105371280	0	0	0
CES1P2	5	0	5
CES1P1	0	0	0
CES1	3	0	3
CES5A	0	0	0
LOC124903694	0	0	0
LOC107984815	0	0	0
LOC105371281	0	0	0
GNAO1-DT	0	0	0
LOC102725116	0	0	0
GNAO1	270	0	270
GNAO1-AS1	0	0	0
MIR3935	0	0	0
AMFR	1382	0	1382
NUDT21	1300	0	1300
OGFOD1	791	9	1001
BBS2	423	214	428
LOC105371283	0	0	0
MT4	0	0	0
LOC124903782	0	0	0
MT3	0	0	0
LOC124903695	0	0	0
MT2A	298	1	297
MT1L	0	0	0
MT1E	0	0	0
MT1M	0	0	0
MT1JP	0	0	0
MT1A	0	0	0
MT1DP	0	0	0
MT1B	0	0	0
MT1F	2	0	2
LOC101927536	0	0	0
MT1G	0	0	0
MT1H	0	0	0
MT1IP	0	0	0
MT1X	79	0	79
NUP93-DT	0	0	0
LOC105371287	0	0	0
NUP93	1774	0	1774
MIR138-2	0	0	0
SLC12A3	4904	3	4901
MIR6863	1	0	1
HERPUD1	1253	1	1252
CETP	9	7	2
LOC124903696	28	2	26
NLRC5	1884	2	1882
CPNE2	560	10	550
PSME3IP1	1626	0	1626
RSPRY1	361	2	359
ARL2BP	477	3	703
LOC124903697	6	230	5
PLLP	700	0	700
TRL-CAG2-1	0	0	0
TRL-CAG2-2	0	0	0
CCL22	11	0	11
CX3CL1	0	0	0
CCL17	1	1	0
CIAPIN1	1580	0	1580
COQ9	1385	0	1385
POLR2C	987	1	993
DOK4	745	6	746
CCDC102A	222	1	303
ADGRG5	5	82	6
LOC105371291	0	1	0
LOC107984889	0	0	0
ADGRG1	1247	5	1242
ADGRG3	120	0	120
DRC7	4	0	4
LOC107984852	5	0	5
KATNB1	778	5	773
KIFC3	3112	4	3108
MIR6772	1	0	1
LOC388282	0	0	0
CNGB1	21	0	21
SPMIP8	0	0	0
ZNF319	399	4	405
USB1	1652	14	1648
MMP15	5221	3	5218
CFAP20	322	0	630
LOC101927556	0	411	0
CSNK2A2	778	4	877
LOC105371293	0	0	0
CFAP263	171	0	214
PRSS54	3	46	0
GINS3	356	23	333
LINC02137	1	0	1
NDRG4	11	11	0
SETD6	367	777	402
CNOT1	2744	54	3502
SNORA46	0	0	0
SNORA50A	1	0	1
SLC38A7	1191	1	1190
GOT2	4725	0	4725
LOC107984867	0	0	0
LOC105371296	0	0	0
LOC107984824	0	0	0
LOC105371298	0	0	0
APOOP5	0	0	0
LINC02141	0	0	0
LOC105371300	0	0	0
LOC105371299	0	0	0
LOC101927605	0	0	0
LOC107984812	0	0	0
LOC105371301	0	0	0
LOC105371302	0	0	0
CDH8	4	0	4
CDH8-AS1	0	0	0
LOC124903777	0	0	0
LOC124903778	0	0	0
LOC124903803	0	0	0
LOC105371306	0	0	0
LOC102723560	0	0	0
LOC105371307	0	0	0
LOC105371308	0	0	0
LINC02165	0	0	0
LOC105371309	0	0	0
LOC105371310	0	0	0
LOC105371311	1	0	1
LOC107984894	0	0	0
LOC107984822	0	0	0
LOC124903779	0	0	0
LOC105371313	0	0	0
CDH11	0	0	0
LINC02126	0	0	0
LOC124903780	2	2	0
LINC00922	0	0	0
LOC107984823	0	0	0
LOC105371316	0	0	0
LOC105371317	0	0	0
LOC105371318	0	0	0
CDH5	1	0	1
LINC00920	11	0	11
BEAN1	1	3	1
LOC124903698	3	0	5
BEAN1-AS1	0	0	0
TK2	593	0	593
CKLF	3	12	3
CKLF-CMTM1	0	0	0
CMTM1	3	0	3
CMTM2	3	3	1
CMTM4	599	1	615
CMTM3	1	1	0
DYNC1LI2	1063	0	1066
DYNC1LI2-DT	7	3	7
TERB1	2	0	2
NAE1	718	0	718
LOC124903699	2	0	3
CA7	0	1	0
PDP2	403	0	403
LOC124903700	3	0	3
LOC107984821	0	0	0
CDH16	7	0	7
RRAD	7	0	7
CIAO2B	661	1	660
CES2	1294	1	1295
LOC107984881	0	2	0
CES3	175	0	175
CES4A	0	0	0
CBFB	804	0	804
PHAF1	337	26	368
B3GNT9	55	35	77
TRADD	422	6	418
FBXL8	196	1	197
HSF4	214	5	209
NOL3	753	10	758
MATCAP1	380	6	389
EXOC3L1	22	7	15
E2F4	1103	0	1103
ELMO3	83	0	90
MIR328	0	7	0
FBXL9P	14	0	14
TMEM208	753	0	753
FHOD1	1041	10	1032
SLC9A5	24	8	22
LOC124903701	63	4	89
PLEKHG4	350	30	346
KCTD19	0	1	0
LRRC36	0	0	0
TPPP3	0	0	0
ZDHHC1	3	0	3
LOC124903702	0	0	0
HSD11B2	81	0	81
ATP6V0D1	1389	1	1388
ATP6V0D1-DT	25	0	25
AGRP	0	0	0
LOC100505942	56	0	98
RIPOR1	1702	54	1691
LOC124903703	2	2	0
CTCF-DT	3	0	3
CTCF	697	0	697
CARMIL2	11	3	11
ACD	599	0	602
PARD6A	75	0	75
ENKD1	281	2	280
C16orf86	17	5	13
GFOD2	292	1	291
RANBP10	610	0	610
TSNAXIP1	19	0	19
CENPT	628	55	627
THAP11	756	6	750
NUTF2	1466	0	1520
EDC4	1869	0	1869
NRN1L	2	0	2
PSKH1	748	0	754
CTRL	39	11	34
PSMB10	678	4	674
LCAT	146	9	137
SLC12A4	1886	16	1870
DPEP3	0	0	0
DPEP2	2	0	2
DPEP2NB	0	0	0
DDX28	509	0	509
DUS2	433	0	433
NFATC3	882	200	747
LOC124900379	0	0	0
ESRP2	1036	16	1085
MIR6773	0	0	0
PLA2G15	608	3	605
LOC124903704	2	22	0
SLC7A6	641	221	1766
SLC7A6OS	106	1109	323
PRMT7	2864	0	2967
LOC124903789	0	0	0
SMPD3	4	106	1
LOC124903705	0	0	0
LOC105371321	0	0	0
ZFP90	46	0	46
LOC124903808	0	0	0
CDH3-AS1	0	0	0
CDH3	14	0	14
CDH1	10	0	10
TANGO6	397	0	397
HAS3	59	768	57
DERPC	0	0	0
CHTF8	0	0	0
UTP4	602	0	603
SNTB2	965	0	965
VPS4A	1617	244	1427
COG8	588	9	613
PDF	93	0	93
NIP7	379	0	379
TMED6	6	2	4
TERF2	588	1	587
CYB5B	3586	1	3585
LOC105371325	0	0	0
MIR1538	0	0	0
NFAT5	606	2	605
SNORD13H	0	0	0
NQO1	1407	0	1643
NQO1-AS1	0	235	0
NQO1-DT	17	855	17
NOB1	796	8	1643
WWP2	805	1	804
MIR140	0	0	0
CLEC18A	4	0	4
PDXDC2P-NPIPB14P	212	0	212
MIR1972-2	0	0	0
LOC124903706	2	0	2
PDPR	751	0	784
LOC400541	0	33	0
CLEC18C	0	0	0
LOC105371328	0	0	0
SMG1P7	57	0	57
LOC124903795	0	0	0
EXOSC6	636	0	636
AARS1	5591	2	5589
DDX19B	240	8	384
DDX19A-DT	4	146	11
DDX19A	1019	0	1019
ST3GAL2	858	7	851
LOC124903707	0	0	0
LOC124903708	0	2	0
FCSK	646	13	635
COG4	1510	0	1510
SF3B3	4866	3	4863
SNORD111B	0	0	0
SNORD111	0	0	0
IL34	9	0	9
MTSS2	1405	3	1402
VAC14	1144	1	1264
VAC14-AS1	2	123	0
TRG-GCC3-1	0	0	0
TRG-GCC2-4	0	0	0
TRG-GCC2-5	0	0	0
HYDIN	0	0	0
CMTR2	21	0	21
LOC102723786	0	0	0
LOC102725168	0	0	0
CALB2	0	0	0
LOC105371332	0	0	0
LINC02136	0	0	0
TRM-CAT2-1	0	0	0
TLE7	0	0	0
ZNF23	85	0	85
LOC124903709	3	2	2
ZNF19	21	0	22
LOC105371335	0	0	0
CHST4	0	0	0
LOC124903710	0	0	0
TAT-AS1	0	0	0
TAT	0	0	0
LOC105371334	0	0	0
MARVELD3	1	14	0
LOC124903711	0	0	8
PHLPP2	399	4	396
LOC124903712	0	0	0
SNORA70D	0	0	0
AP1G1	1106	3	1120
SNORD71	0	0	0
LOC124903713	0	0	0
LOC124903714	1	18	0
ATXN1L	970	0	972
ZNF821	129	7	128
IST1	1773	3	1794
PKD1L3	1	21	0
DHODH	333	36	297
HP	0	0	0
HPR	0	0	0
TXNL4B	258	8	258
DHX38	1421	11	1418
PMFBP1	11	0	11
LOC105371341	0	0	0
LOC124903720	0	0	0
LINC01572	9	0	16
LOC124903718	1	8	0
ZFHX3-AS1	11	19	21
ZFHX3	697	51	677
LOC124903715	0	0	0
LOC124903719	0	1	0
HCCAT5	2	0	3
ZFHX3-AS3	13	0	13
LOHAN2	3	0	3
TRK-TTT1-1	0	0	0
LOC124903717	0	0	0
LOC102723876	0	0	0
LOC105371342	0	0	0
LOC124903721	0	0	0
LOC107984856	0	0	0
LOC124903722	0	0	0
PSMD7-DT	0	0	0
PSMD7	1564	15	1550
PCHILR	5	5	0
PDPR2P	60	2	59
NPIPB15	55	0	55
LOC105376772	0	0	0
CLEC18B	1	0	1
LOC107984827	0	0	0
GLG1	2868	2	2866
RFWD3	1708	1	1707
MLKL	630	0	630
FA2H	622	1	621
LOC105371343	0	0	0
WDR59	629	0	629
ZNRF1	590	16	574
LDHD	200	0	200
ZFP1	30	0	30
CTRB2	0	0	0
CTRB1	0	0	0
LOC100506281	0	0	0
BCAR1	432	3	431
LOC105371344	1	3	0
CFDP1	307	3	304
LOC124900382	0	0	0
LOC124903723	3	0	3
TMEM170A	208	0	208
CHST6	2	0	2
CHST5	6	0	6
TMEM231	198	5	193
GABARAPL2	933	1	932
ADAT1	455	0	455
KARS1	2735	3	2736
TERF2IP	711	8	707
CPHXL2	0	0	0
DUXB	1	1	0
CPHXL	0	0	0
LOC105371348	1	0	1
LOC105371347	0	0	0
LOC105371349	0	0	0
CNTNAP4	120	0	120
LINC02125	1	0	1
LOC105376774	0	0	0
MIR4719	0	0	0
LOC124903724	0	0	0
LOC124903725	4	0	4
MON1B	572	0	572
SYCE1L	2	0	3
LOC124903726	0	1	0
ADAMTS18	0	0	0
LOC124903727	0	0	0
LOC105376775	0	0	0
LINC02131	0	0	0
NUDT7	19	0	19
LOC107984878	0	0	0
VAT1L	0	0	0
LOC105371351	0	0	0
CLEC3A	0	0	0
LOC107984897	0	0	0
WWOX	65	0	88
WWOX-AS1	1	1	0
LOC124903728	0	0	0
WWOX-AS2	0	1	0
LOC105371354	0	0	0
LOC112268165	0	0	0
LOC107984806	0	0	0
MAF	0	22	0
LOC124903729	0	0	0
LOC101928230	0	0	0
LOC105371356	0	0	0
MAFTRR	0	0	0
LINC01229	0	0	0
LINC01228	0	0	0
LOC105371357	0	0	0
LOC105371358	0	0	0
DYNLRB2-AS1	2	0	2
DYNLRB2	5	1	4
LINC01227	0	0	0
CDYL2	1451	0	1451
ARLNC1	106	0	106
CMC2	0	0	0
CENPN	3	0	3
CENPN-AS1	0	0	0
ATMIN	0	0	0
C16orf46	0	0	0
C16orf46-AS1	0	0	0
GCSH	0	0	0
PKD1L2	0	0	0
BCO1	0	0	0
GAN	236	0	236
MIR4720	0	0	0
CMIP	710	0	710
MIR7854	0	0	0
MIR6504	0	0	0
LOC105371362	0	0	0
LOC100129617	1	0	1
PLCG2	367	0	367
LOC105369213	0	0	0
LOC124903731	0	0	0
SDR42E1	0	0	0
LOC112268169	0	0	0
HSD17B2	0	0	0
HSD17B2-AS1	0	0	0
MPHOSPH6	169	0	169
LOC101928392	0	0	0
CDH13	0	0	0
MIR8058	0	0	0
LOC101928446	0	0	0
LOC124903733	0	0	0
LOC101928417	0	0	0
CDH13-AS1	0	0	0
MIR3182	0	0	0
LOC124900603	0	0	0
CEDORA	0	0	0
CDH13-AS2	0	0	0
HSBP1	1150	0	1150
MLYCD	181	0	184
LOC105371372	4	7	0
OSGIN1	46	0	46
NECAB2	1	0	1
SLC38A8	0	0	0
MBTPS1	2065	3	2064
MBTPS1-DT	38	0	40
HSDL1	409	0	409
DNAAF1	4	9	4
TAF1C	951	1	959
ADAD2	0	0	0
ADAD2-AS1	0	0	0
KCNG4	0	0	0
LOC124903734	0	0	0
WFDC1	294	0	294
ATP2C2	10	24	2
ATP2C2-AS1	11	2	25
MEAK7	463	0	463
LOC124903736	4	0	4
LOC124903735	0	0	0
COTL1	3546	2	3544
LOC105371376	0	1	0
KLHL36	378	0	379
USP10	1534	0	1534
LOC124903737	3	0	3
LOC105371378	0	0	0
CRISPLD2	15	0	15
LINC02176	0	0	0
ZDHHC7	1243	3	1240
KIAA0513	294	0	294
CIBAR2	0	0	0
LOC105371381	0	0	0
LINC02139	0	0	0
LOC105371382	0	0	0
GSE1	1900	63	1840
MIR12128	0	0	0
LINC00311	1	0	1
MIR5093	0	0	0
LOC101928502	0	0	0
LOC107984830	3	0	3
LOC124903738	0	0	0
LOC124903739	0	0	0
GSE1-AS1	3	3	0
GINS2	671	0	674
LOC124903740	2	0	2
C16orf74	213	0	213
MIR1910	0	0	0
EMC8	753	7	750
LOC101928557	0	3	0
COX4I1	5644	3	5642
IRF8	0	0	0
MIR6774	0	0	0
LINC02132	0	0	0
LOC105371388	0	0	0
LOC124903741	0	0	0
LOC105371389	0	0	0
LOC105376778	0	0	0
LOC124903742	0	0	0
LOC124903743	0	0	0
LINC01082	0	0	0
LOC124903744	0	0	0
LINC01081	0	0	0
LINC02135	0	0	0
LOC124903745	0	0	0
LINC00917	2	0	2
FENDRR	3	0	3
FOXF1	1	0	1
MTHFSD	360	0	360
FLJ30679	0	0	0
FOXC2-AS1	1	81	7
FOXC2	295	13	368
FOXL1	41	1	40
LINC02189	0	0	0
LINC02188	0	0	0
LOC105371392	0	0	0
LOC107984819	1	0	1
LOC124903746	1	0	1
LINC02181	0	0	0
LOC105371394	0	0	0
LOC101928708	0	0	0
LOC101928682	0	0	0
C16orf95	45	1	45
LOC124903787	0	0	0
C16orf95-DT	16	0	17
FBXO31	706	1	705
LOC124903747	4	0	8
TRM-CAT6-1	0	0	0
MAP1LC3B	1375	1	1374
ZCCHC14	570	5	565
ZCCHC14-DT	9	0	9
LOC124903748	0	0	0
LOC124903749	2	0	2
LOC124903750	0	0	0
JPH3	4	8	1
LOC100129215	11	0	11
KLHDC4	996	1	1008
LOC124903752	39	1	38
LOC124903751	84	6	78
LOC105371399	15	13	14
LOC102724467	47	3	47
SLC7A5	80013	206	90261
MIR6775	9	2	7
SLC7A5-AS1	76	10422	111
MIR11401	4	5	0
CA5A	2	1	1
BANP	908	4	904
LOC124903754	0	0	0
LOC400553	0	0	0
ZNF469	1	1	0
LOC105371401	0	0	0
LINC02182	0	0	0
LOC124900374	0	0	0
LOC107984862	0	0	0
LOC112268182	0	0	0
ZFPM1	282	10	273
MIR5189	0	0	0
LOC107984890	15	2	13
ZFPM1-AS1	8	0	9
ZC3H18-DT	2	0	2
ZC3H18	1705	11	1694
LOC124903755	0	0	0
IL17C	2	0	2
CYBA	6450	20	6430
MVD	1020	0	1020
SNAI3-AS1	78	0	78
SNAI3	18	14	4
RNF166	604	0	605
CTU2	346	64	332
PIEZO1	14774	20	15610
MIR4722	0	0	0
HSALR1	1	807	1
PIEZO1-AS1	0	0	0
CDT1	2329	5	2324
APRT	2925	8	2917
GALNS	1448	20	1429
LOC107983950	1	0	5
TRAPPC2L	1110	6	1110
PABPN1L	1	0	1
CBFA2T3	220	1	261
LOC101927793	2	43	1
LOC102724632	1	1	0
LOC105371409	46	8	38
LOC107984871	2	0	3
LOC100129697	1	1	1
LOC124903756	0	0	0
LOC105371411	1	0	1
LOC105371412	0	0	0
ACSF3	1295	0	1295
LINC00304	5	0	5
LINC02138	5	0	5
CDH15	6	0	6
SLC22A31	2	0	2
ZNF778-DT	23	0	23
ZNF778	397	0	397
LOC124903766	16	0	16
ANKRD11	2576	9	2638
LOC124903757	324	358	26
LOC105371414	0	0	0
LOC128462377	0	0	0
LOC100287036	3	1	2
LOC101927817	0	26	0
LOC101930112	41	1	40
LOC101927863	24	3	22
SPG7	1868	1	1868
RPL13	21533	16	21517
SNORD68	0	0	0
CPNE7	238	2	236
DPEP1	2	1	1
LOC124903758	1	14	0
CHMP1A	2507	1	2519
SPATA33	210	0	210
LINC02166	7	91	15
CDK10	921	11	1009
SPATA2L	235	0	235
VPS9D1	277	250	352
VPS9D1-AS1	161	127	344
ZNF276	456	635	824
FANCA	1681	388	2285
SPIRE2	1409	4	1656
LOC124903760	8	6	3
LOC112268179	3	249	4
TCF25	2517	1	2516
LOC124903759	132	0	132
MC1R	298	15	283
TUBB3	672	5	667
DEF8	931	5	926
SNORA119	3	0	3
CENPBD1P	135	0	137
AFG3L1P	312	3	311
DBNDD1	246	21	252
DRC4	230	18	572
GAS8-AS1	5	11	0
URAHP	11	328	10
PRDM7	1	0	1
LOC105376786	0	0	0
FAM157C	0	0	0
LOC105376781	10	0	10
LOC101927999	99	12	87
LINC02193	0	0	0
LOC107987240	0	0	0
LOC102723655	0	0	0
LOC124905329	0	0	0
LOC105379545	0	0	0
LOC107987382	0	0	0
LOC105379535	0	0	0
LOC105379533	0	0	0
LOC102723713	0	0	0
LOC105379537	0	0	0
LOC112268315	0	0	0
LOC102723753	22	0	22
LOC107987384	0	0	0
SLC6A10PB	0	0	0
LOC105379539	0	0	0
LOC105379540	0	0	0
LOC112268316	0	0	0
LOC102724014	0	0	0
LOC102723841	0	0	0
LOC105379544	0	0	0
LOC102723869	0	0	0
LOC102724052	0	0	0
LOC105379547	0	0	0
LOC107987386	0	0	0
LOC124907782	0	0	0
LOC102723890	0	0	0
LINC02887	4	0	4
LOC124904108	0	0	0
LOC101929823	0	0	0
LOC101929828	0	0	0
SCGB1C2	0	0	0
DOC2B	0	0	0
LINC02091	0	0	0
LOC124903889	0	0	0
RPH3AL	1	0	1
RPH3AL-AS1	0	0	0
LOC105371425	0	0	0
LOC105371430	0	0	0
LIAT1	0	0	0
RFLNB	0	0	0
VPS53	0	0	0
VPS53-AS1	0	0	0
LOC124903891	0	0	0
LOC124903893	0	0	0
TLCD3A	1009	55	954
GEMIN4	1711	4	1711
DBIL5P	3	1	6
GLOD4	813	0	813
MRM3	553	6	547
NXN	1173	5	1168
LOC124903894	0	0	0
LOC101927727	2	1	1
TIMM22	0	0	0
ABR	0	0	0
LOC105371481	0	0	0
MIR3183	0	0	0
LOC124903895	0	0	0
LOC105371480	0	0	0
ABR-AS1	0	0	0
BHLHA9	0	0	0
TRARG1	0	0	0
YWHAE	0	0	0
CRK	93	0	93
CRK-AS1	0	0	0
MYO1C	6724	4	6720
LOC105371483	0	21	0
INPP5K	593	0	614
PITPNA-AS1	0	8	61
PITPNA	1722	63	1728
SLC43A2	45	0	45
LOC124904121	0	0	0
SCARF1	0	0	0
RILP	0	0	0
PRPF8	0	0	0
TLCD2	7	0	7
MIR22HG	0	0	0
MIR22	0	0	0
WDR81	270	0	270
SERPINF2	4	0	4
SERPINF1	55	51	5
SMYD4	435	0	436
RPA1	3516	0	3516
RTN4RL1	160	0	160
LOC105371486	0	0	0
RTN4RL1-AS1	0	0	0
DPH1	550	2	548
OVCA2	13	2	11
LOC124903896	2	0	2
MIR132	0	0	0
MIR212	0	0	0
HIC1	32	230	20
SMG6	359	7	585
LOC107984988	1	1	0
SMG6-AS1	0	0	0
LOC101927839	0	0	0
SRR	140	1018	219
TSR1	1421	123	2380
SNORD91B	0	0	0
SNORD91A	0	0	0
SGSM2	1484	6	1624
LOC101927864	3	148	1
MNT	768	2	766
LOC284009	2	1	1
METTL16	686	1	685
PAFAH1B1	1381	1	1380
LOC124904127	0	0	0
LOC105371490	0	0	0
CLUH	4262	7	4259
MIR6776	0	0	0
LOC105371592	57	5	56
CCDC92B	22	6	16
MIR1253	0	0	0
RAP1GAP2	1500	1	1565
RAP1GAP2-AS1	0	66	0
OR1D5	0	0	0
OR1D2	0	0	0
OR1G1	0	0	0
LOC100288728	0	0	0
OR1A2	0	0	0
OR1A1	0	0	0
OR1D4	0	0	0
OR3A2	0	0	0
OR3A1	0	0	0
OR3A4P	0	0	0
OR1R1	0	0	0
OR1E1	0	0	0
OR3A3	0	0	0
OR1E2	0	0	0
SPATA22	0	0	0
ASPA	0	0	0
TRPV3	0	0	0
TRPV1	193	0	193
SHPK	285	0	285
CTNS	359	154	342
LOC105371493	44	35	54
P2RX5-TAX1BP3	23	803	14
TAX1BP3	7	5	3
EMC6	3	1	797
P2RX5	160	0	160
ITGAE	24	11	13
HASPIN	314	2	314
NCBP3	536	0	536
LOC124903897	0	0	0
CAMKK1	404	0	404
P2RX1	1	1	0
ATP2A3	94	0	94
LINC01975	0	0	0
ZZEF1	1476	0	1478
LOC124904128	0	0	0
CYB5D2	330	8	418
LOC124903898	5	98	1
ANKFY1	1645	0	1645
UBE2G1	1265	1	1264
SPNS3	0	0	0
LOC124903899	0	0	0
SPNS2-AS1	0	0	0
SPNS2	25	65	3
MYBBP1A	2677	1	2719
GGT6	1	1	0
SMTNL2	0	0	0
LINC01996	0	0	0
LOC105371498	0	0	0
ALOX15	0	0	0
LOC105371499	2	2	0
PELP1	3004	4	3007
PELP1-DT	7	7	7
ARRB2	453	0	453
MED11	255	0	261
CXCL16	52	8	51
ZMYND15	0	0	1
TM4SF5	0	0	0
VMO1	10	0	14
GLTPD2	46	48	2
PSMB6	1454	0	1454
C17orf114	1	0	1
PLD2	611	0	611
MINK1	3407	4	3567
CHRNE	0	166	0
C17orf107	3	1	4
GP1BA	28	28	0
SLC25A11	1791	0	1795
RNF167	2834	6	2832
PFN1	13490	11	13510
ENO3	785	97	719
SPAG7	756	0	756
LOC124900387	14	0	14
CAMTA2	590	23	653
MIR6864	0	0	0
MIR6865	0	0	0
LOC124903901	1	83	3
CAMTA2-AS1	1	5	21
INCA1	15	31	8
KIF1C	2962	4	3338
KIF1C-AS1	1	379	2
LOC105371501	1	0	1
SLC52A1	1	0	1
ZFP3-DT	0	0	0
ZFP3	0	0	0
ZNF232	158	96	158
ZNF232-AS1	22	0	118
USP6	1	16	1
ZNF594	70	0	86
ZNF594-DT	1	0	11
SCIMP	0	10	0
RABEP1	652	125	779
LOC105371505	1	51	0
NUP88	1280	84	1398
RPAIN	270	80	275
C1QBP	5153	7	5231
DHX33	990	1	989
DHX33-DT	0	0	0
DERL2	882	34	890
MIS12	427	8	461
LOC728392	0	0	0
LOC124900388	0	0	0
NLRP1	28	0	29
LOC101928044	0	0	0
LOC124903902	0	1	0
LOC105371507	0	0	0
LOC124903903	0	0	0
LOC339166	0	0	0
WSCD1	0	0	0
LOC105371508	0	0	0
LOC124903904	0	0	0
LOC105371509	1	0	1
AIPL1	0	0	0
LOC107985017	1	241	0
PIMREG	270	21	511
PITPNM3	760	3	779
KIAA0753	371	1	370
LOC122526780	11	0	11
TXNDC17	579	170	653
MED31	81	75	250
C17orf100	20	0	20
MIR4520-1	0	1	0
MIR4520-2	0	0	1
ALOX15P1	2	0	2
SLC13A5	1	1	0
XAF1	19	0	19
LOC124903905	0	0	0
FBXO39	0	0	0
TEKT1	0	0	0
ALOX12P2	0	0	0
LOC124903907	25	0	25
LOC124903908	0	0	0
LOC124903906	0	1	0
ALOX12-AS1	14	0	43
ALOX12	71	102	0
RNASEK-C17orf49	0	1	0
RNASEK	18	0	18
BACC1	0	0	0
MIR497HG	2	201	4
MIR195	0	0	0
MIR497	0	0	0
BCL6B	32	0	32
SLC16A13	151	0	151
SLC16A11	1	1	0
LOC124903909	3	0	3
CLEC10A	0	0	0
ASGR2	0	0	0
LOC105371512	0	0	0
LOC124903910	0	0	0
LOC124903911	0	1	0
ASGR1	3	0	4
DLG4	422	1119	456
ACADVL	7996	47	9139
MIR324	6	43	0
DVL2	1223	0	1223
PHF23	1552	1	1551
GABARAP	1346	0	1346
CTDNEP1	1374	0	1375
ELP5	0	0	0
CLDN7	0	0	0
SLC2A4	0	0	0
YBX2	0	0	0
LOC124903912	0	0	0
EIF5A	1	0	1
GPS2	0	0	0
NEURL4	0	0	0
ACAP1	0	0	0
KCTD11	0	0	0
TMEM95	0	0	0
TNK1	0	0	0
TMEM256-PLSCR3	0	0	0
PLSCR3	0	0	0
TMEM256	0	0	0
NLGN2	0	0	0
SPEM1	0	0	0
SPEM2	0	0	0
SPEM3	0	0	0
TMEM102	0	0	0
FGF11	0	0	0
CHRNB1	0	0	0
ZBTB4	0	0	0
SLC35G6	0	0	0
POLR2A	479	0	479
TNFSF12-TNFSF13	0	0	0
TNFSF12	0	0	0
TNFSF13	152	6	146
SENP3	48	0	48
SENP3-EIF4A1	2	0	2
EIF4A1	0	0	0
SNORA48	3	0	3
SNORD10	9	0	9
SNORA67	2	0	2
CD68	574	36	587
MPDU1-AS1	153	404	226
MPDU1	1220	38	1611
SOX15	8	8	5
FXR2	2139	2	2137
SHBG	7	210	8
SAT2	255	1	465
ATP1B2	5	0	5
TP53	1110	2	1250
WRAP53	675	161	656
EFNB3	0	0	0
DNAH2	45	0	45
RPL29P2	0	0	0
KDM6B	540	8	749
LOC124904106	3	48	0
LOC107987244	0	167	5
TMEM88	1	0	1
NAA38	715	2	716
CYB5D1	599	21	581
CHD3	6480	6	6474
SCARNA21	1	0	1
RNF227	135	0	135
KCNAB3	10	0	10
TRAPPC1	817	2	816
CNTROB	878	0	879
GUCY2D	0	0	0
ALOX15B	23	0	23
ALOX12B	5	11	2
LOC107985075	3	0	11
MIR4314	0	0	0
ALOXE3	20	5	15
TRK-TTT3-5	0	0	0
TRQ-CTG1-5	0	0	0
TRL-TAG1-1	0	0	0
HES7	863	3	862
TRR-TCT2-1	0	2	0
TRG-GCC2-6	0	0	0
TRS-CGA1-1	0	0	0
TRT-AGT5-1	0	0	0
PER1	1560	1	1559
MIR6883	0	0	0
VAMP2	339	0	339
TMEM107	174	1	255
SNORD118	0	0	0
LOC105371520	14	94	2
TRW-CCA3-3	0	0	0
TRS-GCT4-3	0	0	0
MIR4521	0	0	0
TRT-AGT1-1	0	0	0
TRI-AAT5-5	0	0	0
BORCS6	500	7	493
LOC124903913	5	0	5
AURKB	844	0	844
LINC00324	15	2	13
TRW-CCA1-1	0	0	0
TRG-TCC3-1	0	0	0
TRD-GTC2-11	0	0	0
TRP-CGG1-3	0	0	0
CTC1	363	5	358
TRT-AGT1-2	0	0	0
TRS-AGA2-6	0	0	0
TRI-AAT4-1	0	0	0
PFAS	2139	0	2139
SLC25A35	560	369	641
RANGRF	0	81	366
LOC124903915	0	1	0
LOC124903914	0	0	1
ARHGEF15	0	0	0
LOC124900396	0	0	0
LOC124903916	0	0	0
ODF4	0	0	0
LOC100128288	0	0	0
KRABD2	51	0	51
RPL26	11577	6	11571
RNF222	0	0	0
NDEL1	743	1	743
MYH10	334	7	397
LOC107987245	11	29	12
LOC102724262	0	39	0
LOC105371525	0	0	0
LOC105371526	1	1	0
CCDC42	0	0	0
LOC105371529	0	0	0
SPDYE4	0	0	0
LOC105371530	0	0	0
LOC124903918	0	0	0
MFSD6L	0	0	0
PIK3R6	0	0	0
LOC107985071	0	0	0
LOC124903919	0	0	0
PIK3R5	0	0	0
LOC124903922	0	0	0
LOC124903920	0	0	0
LOC124903921	0	0	0
PIK3R5-DT	0	0	0
NTN1	0	0	0
LOC101928266	0	0	0
LOC124903923	1	1	0
STX8	160	0	160
CFAP52	10	9	1
LOC124903924	6	4	12
USP43	162	0	169
LOC107985011	0	7	0
DHRS7C	13	6	7
GSG1L2	3	2	2
LOC124903925	1	0	2
GLP2R	1503	0	1503
RCVRN	0	0	0
GAS7	17	0	17
LOC107985004	0	0	0
MYH13	1	0	1
MYHAS	0	0	0
MYH8	0	0	0
MYH4	0	0	0
MYH1	0	0	0
MYH2	0	0	0
MYH3	23	0	31
LOC124903927	1	9	0
SCO1	1206	1	1205
ADPRM	62	3	61
TMEM220	40	10	66
MAGOH2P	1	0	1
TMEM220-AS1	4	34	4
TMEM238L	1	0	1
PIRT	0	0	0
LOC124903926	0	0	0
LOC105371536	0	0	0
SHISA6	0	0	0
LOC124903929	0	0	0
DNAH9	0	0	0
LOC101928350	0	0	0
LOC124903928	6	0	6
ZNF18	65	1	65
MAP2K4	421	0	422
MIR744	0	0	0
LINC00670	0	0	0
LOC105371540	0	0	0
MYOCD	0	0	0
MYOCD-AS1	0	0	0
ARHGAP44-AS1	0	0	0
ARHGAP44	1	3	0
MIR1269B	0	0	0
ELAC2	3111	2	3111
LINC02093	0	0	0
LOC124904097	0	0	0
LOC105371543	0	0	0
HS3ST3A1	0	0	0
MIR548H3	0	0	0
LOC105371544	0	0	0
LOC107985014	6	0	6
LOC100506974	0	0	0
CDRT15P1	14	14	0
COX10-DT	57	0	57
COX10	499	1	498
CDRT15	0	0	0
HS3ST3B1	0	0	0
MGC12916	0	0	0
LROMI1	0	0	0
LOC107984996	0	0	0
LOC105371545	0	0	0
LINC02096	0	0	0
LOC101928475	0	0	0
CDRT7	0	0	0
CDRT8	0	0	0
LOC107984976	0	0	0
LOC105371547	0	0	0
PMP22	2635	0	2639
MIR4731	0	0	0
LOC124903931	0	4	0
LOC124903932	0	0	0
TEKT3	1	0	1
TVP23C-CDRT4	0	0	0
CDRT4	0	0	0
CDRT3	0	0	0
TVP23C	11	0	11
FBXW10B	15	0	15
TRIM16	733	0	733
ZNF286A-TBC1D26	0	0	0
ZNF286A	43	0	43
TBC1D26-AS1	0	0	0
TBC1D26	0	0	0
LOC105371559	0	0	0
CDRT15P2	0	0	0
MEIS3P1	2	0	2
LOC124903935	0	0	0
LINC02087	0	0	0
LOC105371557	0	0	0
ADORA2B	7	7	0
ZSWIM7	172	0	172
TTC19	607	9	601
NCOR1	1498	6	1495
SNORD163	0	0	0
PIGL	141	0	141
MIR1288	0	0	0
CENPV	945	3	942
LOC124903937	0	2	0
UBB	12232	7	12227
TRPV2	12	0	12
SNHG29	2724	1	3783
SNORD49B	0	0	0
SNORD49A	0	0	0
SNORD65	0	0	0
LRRC75A	27	1062	25
LOC124903936	0	0	0
LOC124903940	0	0	0
LOC124903941	0	0	0
LOC105371554	1	0	1
ZNF287	0	0	0
ZNF624	10	0	10
LOC124903934	0	0	0
CCDC144A	2	0	2
USP32P1	0	0	0
FAM106C	0	0	0
LOC105371552	0	0	0
KRT16P2	2	0	2
LOC105371551	0	0	0
KRT17P1	13	0	13
LOC124903939	6	0	6
TBC1D27P	0	0	0
TNFRSF13B	0	0	0
LOC284191	0	0	0
LINC02090	0	0	0
LOC124903938	0	0	0
MPRIP	3587	3	3584
PLD6	176	1	175
FLCN	461	0	461
COPS3	1357	9	1348
NT5M	122	2	120
MED9	330	0	330
RASD1	4	1	3
PEMT	652	9	643
SMCR2	0	0	0
RAI1	1760	6	1767
LOC124903943	14	15	0
RAI1-AS1	0	0	0
LOC124903942	0	0	0
SMCR5	0	0	0
SREBF1	7633	15	7630
MIR6777	0	0	0
MIR33B	0	0	0
TOM1L2	476	0	476
DRC3	14	34	1
LOC107984989	3	0	6
ATPAF2	349	0	367
GID4	253	1	253
DRG2	810	1	926
LOC105371566	0	117	0
MYO15A	0	0	0
LOC124904129	0	0	0
LOC124903944	0	0	0
LOC105371567	0	0	0
ALKBH5	2414	3	2411
LLGL1	589	0	589
FLII	0	0	0
MIEF2	0	0	0
TOP3A	0	0	0
SMCR8	0	0	0
SHMT1	0	0	0
MIR6778	0	0	0
EVPLL	0	0	0
LINC02076	0	0	0
KRT17P5	0	0	0
KRT17P2	0	0	0
LOC105371570	0	0	0
KRT16P1	0	0	0
LOC105371569	0	0	0
LGALS9C	0	0	0
USP32P2	37	0	37
FAM106A	1	0	1
CCDC144BP	12	0	12
LOC107985051	1	1	0
TBC1D28	0	0	0
LOC124903945	0	0	0
ZNF286B	11	0	11
FOXO3B	14	0	14
TRIM16L	432	0	432
FBXW10	7	0	7
TVP23B	454	0	454
LOC101929141	0	0	0
PRPSAP2	507	0	507
LOC124904114	0	0	0
SLC5A10	13	206	9
FAM83G	632	1	827
GRAP	2	2	6
SNORD3B-1	3	0	3
SNORD3B-2	0	0	0
LOC102724624	2	0	2
SNORD3D	0	0	0
LOC124903946	0	0	0
GRAPL	6	2	4
GRAPL-AS1	0	0	0
SNORD3A	9	0	9
SNORD3C	0	0	0
LOC388436	0	0	0
EPN2	472	16	887
EPN2-IT1	3	0	3
EPN2-AS1	0	1	0
B9D1	308	422	326
MIR1180	0	0	0
LOC105371573	2	2	2
MAPK7	571	2	581
MFAP4	10	8	7
LOC124903947	0	0	0
RNF112	18	0	18
LINC02094	0	0	0
LOC105371574	0	0	0
TRW-CCA2-1	0	0	0
SLC47A1	142	0	172
SNORA59B	0	0	0
LOC105371578	0	30	0
SLC47A1P2	0	0	0
ALDH3A2	1354	0	1354
SLC47A2	4	4	1
LOC124903948	2	1	2
ALDH3A1	157	0	157
ULK2	0	0	0
TRG-CCC3-1	0	0	0
AKAP10	537	0	537
SPECC1-DT	0	0	0
SPECC1	2981	4	2977
LOC100131943	0	0	0
CCDC144CP	9	0	9
USP32P3	170	0	170
FAM106B	4	0	4
NOS2P3	9	0	9
LGALS9B	1	0	1
KRT16P3	0	0	0
LOC100996294	0	0	0
LOC105371580	0	0	0
CDRT15L2	0	0	0
LINC02088	0	0	0
LOC100287072	0	0	0
LOC105371583	0	0	0
CCDC144NL	0	0	0
CCDC144NL-AS1	0	0	0
LOC124900389	3	70	3
LOC339260	0	0	0
USP22	3811	3	3878
LINC01563	0	0	0
DHRS7B	527	3	524
TMEM11	952	0	956
TMEM11-DT	16	13	7
NATD1	285	0	285
MAP2K3	973	0	973
KCNJ12	109	0	109
LOC124903950	0	0	0
LOC124903951	0	0	0
LOC105371589	0	0	0
LINC02693	409	0	409
LOC124903953	0	0	0
LOC101930665	0	0	0
KCNJ18	0	0	0
UBBP4	62	0	62
LINC02002	0	0	0
LOC105371597	0	0	0
FAM27E5	0	0	0
LOC105377824	0	0	0
LOC107987246	0	0	0
FLJ36000	0	0	0
LOC124903954	0	0	0
LOC124904098	0	0	0
LOC124903955	0	0	0
LOC105371703	0	0	0
LOC105371704	0	0	0
LOC124903956	0	0	0
MIR4522	0	0	0
WSB1	996	2	994
LINC03146	5	5	0
LOC124903959	9	9	0
LOC124903958	10	0	10
LOC105371705	0	0	0
TBC1D3P5	0	0	0
KSR1	526	0	526
LOC124903960	33	0	33
LGALS9	23	0	23
NOS2	0	0	0
LOC124903961	0	0	0
LYRM9	60	0	60
LINC01992	0	0	0
LOC124903962	0	0	0
LOC124900393	0	0	0
LOC105371709	0	0	0
NLK	212	0	213
LOC102724517	11	0	11
LOC105371711	6	0	6
LOC105371710	2	2	2
PYY2	8	1	8
LOC105371712	0	0	0
PPY2P	0	0	0
LOC101926984	14	0	14
KRT18P55	0	0	0
TMEM97	1212	100	1235
IFT20	172	30	265
TNFAIP1	2281	86	2443
POLDIP2	3417	197	4492
LOC124903963	2	1023	2
VMA12	679	1	684
MIR4723	0	0	0
SEBOX	2	6	3
VTN	4204	1	4203
SARM1	139	1046	365
SLC46A1	406	272	1405
LOC124903964	0	0	0
SLC13A2	1	0	1
FOXN1	39	0	39
UNC119	559	2	557
PIGS	2364	2	2362
ALDOC	873	0	873
SPAG5	2298	2	2296
SPAG5-AS1	1	1047	8
RSKR	43	3	42
BLTP2	3708	6	4754
SDF2	684	3	682
SUPT6H	3648	1	3648
PROCA1	38	2	36
RAB34	2775	10	2765
RPL23A	9202	12	9199
SNORD42B	3	0	3
SNORD4A	1	0	1
SNORD42A	1	0	1
SNORD4B	0	0	0
TLCD1	601	9	604
NEK8	155	0	158
TRAF4	3174	0	3174
FAM222B	818	4	818
LOC124903965	0	0	0
ERAL1	1696	0	1700
LOC124903966	0	0	0
MIR451A	0	0	0
MIR451B	0	0	0
MIR144	0	0	0
MIR4732	0	0	0
FLOT2	3873	3	3870
DHRS13	703	0	703
PHF12	1086	1	1095
LOC101927018	3	13	0
LOC105371716	4	0	4
SEZ6	3	1	2
PIPOX	5	0	5
MYO18A	1865	0	1865
LOC124903967	0	0	0
CRYBA1	1	1	0
NUFIP2	2318	0	2318
TAOK1	958	1	957
MIR4523	0	0	0
ABHD15	253	1	309
TP53I13	801	462	717
GIT1	1544	8	1859
ANKRD13B	729	12	720
CORO6	728	1	728
SSH2	509	0	564
SSH2-AS1	0	0	0
LOC124900390	1	0	1
LOC124904117	0	0	0
EFCAB5	9	55	9
NSRP1	280	0	280
MIR423	0	0	0
MIR3184	0	0	0
SLC6A4	0	0	0
LOC124903970	0	0	0
LOC105371720	2	2	0
BLMH	645	0	645
LOC124903971	0	0	0
LOC105371721	0	0	0
TMIGD1	0	0	0
CPD	1584	0	1584
GOSR1	852	2	850
TBC1D29P	0	0	0
LOC101927093	0	0	0
SMURF2P1-LRRC37BP1	307	0	307
LOC124903978	0	0	0
SH3GL1P2	4	4	0
LOC105371723	1	1	0
SUZ12P1	120	55	122
CRLF3	156	24	189
ATAD5	140	5	135
TEFM	130	21	109
ADAP2	0	0	0
RNF135	0	0	0
DPRXP4	0	0	0
LOC107984974	0	0	0
LOC646030	0	0	0
MIR4733HG	0	0	0
LOC124903974	0	0	0
MIR4733	0	0	0
NF1	2	0	2
LOC101927057	0	0	0
OMG	0	0	0
EVI2B	0	0	0
EVI2A	0	0	0
RAB11FIP4	72	0	72
LOC124903977	0	0	0
LOC105371725	0	0	0
MIR4724	0	0	0
TRT-CGT4-1	0	0	0
MIR193A	2	1	1
MIR365BHG	0	0	0
MIR4725	2	0	2
MIR365B	0	0	0
LOC124903975	0	0	0
COPRS	535	0	535
UTP6	901	0	901
SUZ12	823	0	823
LOC124903972	0	6	0
LRRC37B	61	0	67
SH3GL1P1	6	0	6
VILMIR	0	0	0
LOC102724625	0	0	0
LOC105371730	12	28	54
RHOT1	516	42	544
ARGFXP2	0	0	0
LOC124903979	0	0	0
LOC105371731	0	0	0
RHBDL3	0	0	0
LOC124903980	0	0	0
C17orf75	172	0	172
MIR632	0	0	0
ZNF207	2396	1	2395
PSMD11	1820	1	1819
CDK5R1	30	0	30
MYO1D	3	0	3
LOC124903982	0	0	0
LOC105371734	0	0	0
LOC107985012	0	0	0
LOC124903981	0	0	0
MYO1D-DT	0	0	0
H2BN1	0	0	0
TMEM98	0	0	0
SPACA3	0	0	0
ASIC2	0	0	0
ASIC2-AS2	0	0	0
LOC124903985	0	0	0
AA06	0	0	0
LOC112268206	0	0	0
ASIC2-AS1	0	0	0
LOC124903984	0	0	0
LOC124903983	0	0	0
LOC107985038	0	0	0
LOC107987247	0	0	0
LOC107985035	0	0	0
LOC107985036	0	0	0
LOC105371735	0	0	0
LINC01989	0	0	0
CCL2	3	0	3
CCL7	0	0	0
CCL11	0	0	0
CCL8	0	0	0
CCL13	0	0	0
CCL1	0	0	0
LOC124903986	0	0	0
LOC105371738	0	0	0
LOC105371739	0	0	0
TMEM132E-DT	0	0	0
TMEM132E	0	0	0
LOC105371740	0	0	0
LOC124903987	0	0	0
LOC105371742	0	0	0
CCT6B	3	0	3
ZNF830	185	0	185
LIG3	560	65	721
RFFL	15	127	13
RAD51L3-RFFL	0	0	0
LOC124904123	0	0	0
RAD51D	317	3	316
FNDC8	8	86	3
NLE1	714	1	792
UNC45B	0	0	0
SLC35G3	0	0	0
LOC105371932	36	20	35
SLFN5	819	4	834
SLFN11	0	0	0
LOC105371933	0	0	0
SLFN12	14	0	14
SLFN13	0	0	0
SLFN12L	0	0	0
SLFN14	0	0	0
LOC107985033	0	0	0
SNHG30	146	1	145
SNORD7	0	0	0
PEX12	141	0	141
AP2B1	4884	2	4882
RASL10B	47	0	47
GAS2L2	10	0	10
MMP28	35	0	35
C17orf50	2	2	0
TAF15	0	0	0
HEATR9	0	0	0
LOC105371745	0	0	0
CCL5	4	0	4
LRRC37A8P	0	0	0
RDM1	0	0	0
LYZL6	0	0	0
CCL16	0	0	0
CCL14	0	0	0
CCL15-CCL14	0	0	0
CCL15	0	0	0
LOC107985068	0	0	0
CCL23	0	0	0
LOC105371746	0	0	0
CCL18	0	0	0
CCL3-AS1	0	0	0
CCL3	0	0	0
CCL4	0	0	0
LOC101927369	0	0	0
LOC107985055	0	0	0
TBC1D3B	0	0	0
LOC128966684	0	0	0
LOC128966706	0	0	0
CCL3L3	0	0	0
CCL4L2	0	0	0
LOC105371747	0	0	0
TBC1D3I	0	0	0
LOC102724956	0	0	0
LOC101060212	0	0	0
TBC1D3G	0	0	0
LOC102723414	0	0	0
TBC1D3H	0	0	0
TBC1D3F	0	0	0
LOC105371749	0	0	0
ZNHIT3	0	0	0
MYO19	6	0	6
PIGW	0	0	0
GGNBP2	1	0	1
DHRS11	0	0	0
LOC107985031	0	0	0
MRM1	1	0	1
LOC105371750	0	0	0
LOC105371751	0	0	0
LHX1-DT	0	0	0
LHX1	3	0	3
AATF	0	0	0
MIR2909	0	0	0
LOC105371753	0	0	0
ACACA	18	0	18
SNORA90	0	0	0
C17orf78	0	0	0
TADA2A	29	0	29
DUSP14	1	0	1
SYNRG	0	0	0
DDX52	155	0	155
MIR378J	5	0	5
LOC105371756	0	0	0
HNF1B	0	0	0
LOC124903989	0	0	0
LOC105371754	0	0	0
LOC105371757	0	0	0
YWHAEP7	0	0	0
TBC1D3K	0	0	0
LOC102723608	0	0	0
TBC1D3L	48	0	48
TBC1D3D	3	0	3
LOC102723819	0	0	0
TBC1D3C	0	0	0
LOC101929950	3	0	3
TBC1D3E	5	0	6
LOC102723851	0	1	0
LOC102723933	0	0	0
TBC1D3	1	0	1
NPEPPSP1	11	0	11
LOC105371760	0	0	0
MRPL45	2	0	2
GPR179	0	0	0
LOC124903991	0	0	0
SOCS7	49	0	49
ARHGAP23	120	0	120
LOC101929494	0	0	0
SRCIN1	0	3	0
LOC105371761	0	0	3
LOC124903992	0	0	0
EPOP	0	0	0
LOC105371763	0	0	0
MIR4734	0	0	0
MLLT6	2	0	2
LOC124903993	0	0	0
LOC105371762	0	0	0
MIR4726	0	0	0
CISD3	0	0	0
PCGF2	0	0	0
LOC100287808	0	0	0
TRN-GTT2-5	0	0	0
PSMB3	0	0	0
PIP4K2B	0	0	0
CWC25	0	0	0
MIR4727	0	0	0
SPMAP1	0	0	0
LOC124903994	0	18	0
RPL23	5494	1	5511
SNORA21B	9	0	9
SNORA21	1	0	1
TRC-GCA14-1	0	0	0
TRC-GCA2-2	0	0	0
TRC-GCA4-1	0	0	0
LASP1	6630	1	6629
MIR6779	0	0	0
LASP1NB	6	0	6
FBXO47	0	0	0
LOC105371767	1	0	1
LINC02079	0	0	0
LRRC37A11P	1	0	1
RDM1P5	2	0	3
PLXDC1	15	3	13
LOC124903995	0	0	0
TRC-GCA2-3	0	0	0
TRC-GCA2-4	0	0	0
ARL5C	0	0	0
CACNB1	3	0	3
CACNB1-AS1	0	0	0
LOC124903996	5	6223	2
RPL19	19234	7	25447
STAC2	41	1	40
LOC101929578	2	0	2
FBXL20	270	1	269
MIR548BC	0	0	0
MED1	1024	22	1002
CDK12	929	0	929
LOC124904107	0	0	0
LOC105371770	22	22	0
LOC105371771	1	1	0
NEUROD2	0	0	0
LOC124903997	0	0	0
PPP1R1B	0	0	0
LOC124903998	0	136	0
STARD3	739	0	875
TCAP	6	0	6
PNMT	1	0	1
PGAP3	181	0	181
ERBB2	1223	4	1232
MIR4728	0	0	0
MIEN1	521	16	520
GRB7	309	0	311
IKZF3	0	0	0
ZPBP2	0	0	0
GSDMB	108	0	108
ORMDL3	595	0	595
LOC124903999	0	0	0
LRRC3C	0	0	0
GSDMA	0	0	0
PSMD3	2099	7	2971
LOC124904000	15	894	0
PSMD3-AS1	1	0	1
CSF3	0	0	0
MED24	1591	3	1588
MIR6884	2	0	2
SNORD124	0	0	0
THRA	1015	76	1144
NR1D1	377	129	453
LOC124904001	4	6	2
MSL1	1980	4	1980
CASC3	1197	5	1192
MIR6866	0	0	0
RAPGEFL1	79	0	79
MIR6867	0	0	0
WIPF2	1045	0	1045
CDC6	1780	0	1780
RARA	866	55	939
LOC105371934	2	72	0
RARA-AS1	7	6	59
GJD3	3	246	5
GJD3-AS1	20	2	266
TOP2A	1863	1	1862
IGFBP4	24	0	24
TNS4	4494	4	4490
LOC105371773	6	0	6
LOC107985090	0	0	0
CCR7	16	11	5
SMARCE1	843	0	843
KRT222	0	0	0
LOC105371775	0	0	0
KRT24	0	0	0
KRT25	0	0	0
KRT26	0	0	0
KRT27	0	0	0
KRT28	0	0	0
LOC105371776	0	0	0
KRT10	547	29	573
KRT10-AS1	177	32	200
LOC105371777	0	0	0
KRT12	0	0	0
KRT20	0	0	0
KRT23	0	0	0
LOC107985072	0	0	0
KRT39	0	0	0
KRT40	0	0	0
KRTAP3-3	0	0	0
KRTAP3-2	0	0	0
KRTAP3-1	0	0	0
KRTAP1-5	0	0	0
KRTAP1-4	0	0	0
KRTAP1-3	0	0	0
KRTAP1-1	0	0	0
KRTAP2-1	0	0	0
KRTAP2-2	0	0	0
KRTAP2-3	0	0	0
KRTAP2-4	0	0	0
KRTAP4-7	0	0	0
KRTAP4-8	0	0	0
KRTAP4-16	0	0	0
KRTAP4-9	0	0	0
LOC124904002	0	0	0
KRTAP4-11	0	0	0
KRTAP4-12	0	0	0
KRTAP4-6	0	0	0
KRTAP4-5	0	0	0
KRTAP4-4	0	0	0
KRTAP4-3	0	0	0
KRTAP4-2	0	0	0
KRTAP4-1	0	0	0
KRTAP9-1	0	0	0
KRTAP9-2	0	0	0
KRTAP9-3	0	0	0
KRTAP9-8	0	0	0
KRTAP9-4	0	0	0
KRTAP9-9	0	0	0
KRTAP9-6	0	0	0
KRTAP9-7	0	0	0
KRTAP29-1	0	0	0
KRTAP16-1	0	0	0
KRTAP17-1	0	0	0
KRT33A	0	0	0
LOC105371778	0	0	0
KRT33B	0	0	0
KRT34	0	0	0
KRT31	0	0	0
LOC100505782	0	0	0
KRT37	0	0	0
KRT38	0	0	0
KRT32	0	0	0
KRT35	0	0	0
KRT36	0	0	0
KRT13	2	0	2
KRT15	31	0	31
MIR6510	0	0	0
KRT19	12	0	12
LINC00974	0	0	0
KRT9	3	0	3
KRT14	13	0	13
LOC124904003	0	0	0
KRT16	263	0	263
KRT17	8107	4	8103
KRT42P	0	0	0
LOC124904004	5	0	5
EIF1	4900	5	4895
GAST	1	0	1
HAP1	0	0	0
JUP	8557	7	8550
P3H4	2650	1	2649
FKBP10	8043	4	8039
NT5C3B	817	2	824
KLHL10	2	9	2
KLHL11	334	0	334
ACLY	7012	1	7018
LOC124904005	23	30	0
ODAD4	0	0	0
CNP	1620	282	1621
DNAJC7	1262	12	1546
NKIRAS2	1030	13	1044
ZNF385C	0	14	0
C17orf113	0	0	0
DHX58	1247	2	1245
KAT2A	2160	2	2158
HSPB9	7	7	0
RAB5C	3465	1	3468
RAB5C-AS1	2	4	2
KCNH4	7	2	5
HCRT	0	0	0
GHDC	444	0	444
STAT5B	2099	33	2108
STAT5A	893	12	923
STAT3	3410	5	3405
CAVIN1	5088	8	5548
LOC102725238	7	461	14
ATP6V0A1	1263	4	1259
MIR548AT	0	0	0
MIR5010	0	0	0
NAGLU	2100	1	2099
HSD17B1-AS1	67	39	498
HSD17B1	3	433	38
COASY	4478	4	4474
MLX	1138	201	1326
PSMC3IP	169	197	361
RETREG3	640	0	640
TUBG1	3069	0	3069
TUBG2	291	2	289
PLEKHH3	1918	1	1917
CCR10	7	1	6
CNTNAP1	42	8	36
EZH1	286	0	288
MIR6780A	0	0	0
RAMP2-AS1	0	0	0
RAMP2	0	0	0
VPS25	1202	2	1200
WNK4	52	6	46
COA3	623	1	622
CNTD1	3	188	2
BECN1	409	1	595
MIR6781	0	0	0
PSME3	3811	0	3811
AOC2	121	0	121
AOC3	86	0	86
AOC4P	0	0	0
LINC00671	0	0	0
G6PC1	0	0	0
LOC124900400	0	0	0
PTGES3L-AARSD1	2	0	2
AARSD1	0	0	0
PTGES3L	9	1	8
RUNDC1	507	1	685
LOC124904006	62	6777	4
RPL27	789	4	7325
IFI35	713	0	713
VAT1	4210	5	4205
RND2	2	0	2
BRCA1	432	0	432
NBR2	76	0	76
LOC101929767	13	0	13
LOC124900391	164	17	164
NBR1	2208	2	2223
TMEM106A	1	0	1
CCDC200	0	0	0
RNU2-1	0	0	0
LOC124904135	0	0	0
LOC124904136	0	0	0
LOC124904137	0	0	0
LOC124904138	0	0	0
LOC124904139	0	0	0
LOC124904140	0	0	0
LOC124904146	0	0	0
LOC124904141	0	0	0
LOC124904142	0	0	0
LOC124904145	0	0	0
LOC124904143	0	0	0
LOC124904144	0	0	0
LOC124904147	0	0	0
LOC105371785	6	5	1
LINC00910	58	1	57
LOC124904007	2	2	0
ARL4D	703	1	702
MIR2117HG	0	0	0
MIR2117	0	0	0
DHX8	1404	107	1410
LOC124904112	0	0	0
ETV4	388	10	491
LOC124904008	8	0	8
MEOX1	461	0	461
LINC02594	18	0	19
LOC107985085	1	2	0
SOST	0	0	0
DUSP3	1120	0	1120
CFAP97D1	0	0	0
MPP3	314	0	314
LOC107984979	0	0	0
CD300LG	0	0	0
LOC107985077	0	0	0
MPP2	239	0	239
LOC105371787	0	0	0
FAM215A	0	0	0
LOC107985086	0	0	0
LOC102724183	0	0	0
LINC01976	0	0	0
PPY	0	0	0
PYY	3	0	3
NAGS	11	5	6
TMEM101	613	1	612
LSM12	530	0	530
G6PC3	2339	2	2337
HDAC5	1201	19	1182
LOC105371789	0	0	0
HROB	405	1	404
ASB16	31	138	0
ASB16-AS1	66	0	173
TMUB2	773	18	775
ATXN7L3	1782	9	1811
ATXN7L3-AS1	20	26	24
UBTF	2898	12	2898
MIR6782	0	0	0
SLC4A1	1	0	1
LOC105371790	0	0	0
RUNDC3A-AS1	5	0	5
RUNDC3A	0	0	0
SLC25A39	6929	5	6924
LOC124904009	148	29	119
GRN	13764	11	13753
FAM171A2	671	0	671
ITGA2B	35	2	33
GPATCH8	1149	0	1149
LOC105371791	2	0	2
FZD2	922	0	922
LINC01180	0	0	0
MEIOC	23	26	0
CCDC43	354	3	467
LOC105371792	2	114	0
LOC124904010	4	1	4
DBF4B	617	1	698
LOC107985044	1	83	0
ADAM11	125	1	124
GJC1	592	1	591
HIGD1B	16	31	0
EFTUD2	4292	1	4306
DNAAF19	110	0	140
GFAP	3	73	2
FAM187A	0	0	0
LOC105371793	0	1	0
KIF18B	1158	0	1159
MIR6783	0	0	0
C1QL1	1214	0	1214
LOC107987243	4	0	4
DCAKD	403	0	403
NMT1	2492	38	2457
PLCD3	3822	1	3826
MIR6784	0	0	0
ACBD4	272	4	270
HEXIM1	917	27	1880
HEXIM2-AS1	0	974	20
HEXIM2	50	66	336
HEXIM2-AS2	19	315	53
FMNL1-DT	142	18	153
FMNL1	1799	172	2265
FMNL1-AS1	3	531	81
MAP3K14-AS1	70	91	93
SPATA32	1	6	1
MAP3K14	565	39	631
LOC105371796	0	0	0
ARHGAP27	0	0	0
LOC124904016	0	0	0
PLEKHM1	0	0	0
MIR4315-1	0	0	0
LOC105369225	0	0	0
LRRC37A4P	0	0	0
MAPK8IP1P2	0	0	0
LINC02210	0	0	0
LINC02210-CRHR1	0	0	0
LOC105371802	0	0	0
LOC107985028	0	0	0
CRHR1	0	0	0
MAPT-AS1	0	0	0
SPPL2C	0	0	0
MAPT	1	0	1
MAPT-IT1	0	0	0
LOC105371800	0	0	0
STH	0	0	0
KANSL1	0	0	0
LOC107985027	0	0	0
KANSL1-AS1	0	0	0
LRRC37A	2	4	0
LOC124904014	0	0	0
ARL17B	13	0	15
LRRC37A2	6	13	9
NSFP1	0	0	0
ARL17A	2	3	2
NSF	0	0	0
WNT3	0	0	0
LOC101929777	0	0	0
WNT9B	0	0	0
LINC01974	0	0	0
LOC112268191	0	0	0
GOSR2-DT	2	0	2
GOSR2	642	0	642
MIR5089	0	0	0
RPRML	1	1	0
LOC101927060	200	3	210
LOC124904015	0	0	0
CDC27	908	1	908
MYL4	0	0	1
ITGB3	1	1	0
LOC107985029	0	0	0
EFCAB13-DT	4	0	4
EFCAB13	37	7	30
MRPL45P2	58	0	58
NPEPPS	2022	1	3067
KPNB1-DT	15	1056	5
KPNB1	3929	1	3928
TBKBP1	0	0	0
TBX21	0	0	0
OSBPL7	209	0	209
MRPL10	839	0	839
LRRC46	13	2	13
SCRN2	751	2	751
SP6	135	0	135
SP2-DT	11	0	11
SP2	325	4	321
SP2-AS1	17	2	16
PNPO	803	1	803
PRR15L	4	2	2
CDK5RAP3	1311	1	1310
LOC124904017	0	0	0
COPZ2	1	0	1
MIR10226	0	0	0
MIR152	0	0	0
NFE2L1-DT	0	0	0
NFE2L1	2988	3	2985
CBX1	1037	1	1036
SNX11	418	0	418
SKAP1	0	0	0
LOC124904018	0	0	0
MIR1203	0	0	0
SKAP1-AS2	0	0	0
LOC124904151	0	0	0
LOC101927166	0	0	0
LOC124904019	0	0	0
LOC105371808	0	0	0
HOXB1	0	0	0
HOXB2	3	0	3
HOXB-AS1	0	25	0
HOXB3	50	0	76
HOXB-AS2	2	3	0
HOXB4	0	0	0
MIR10A	0	0	0
HOXBLINC	0	0	0
HOXB-AS3	26	80	0
HOXB5	45	0	61
HOXB6	137	1	174
HOXB7	298	0	298
HOXB8	1	0	1
HOXB9	4	0	4
HOXB-AS4	0	0	0
MIR196A1	0	0	0
LINC03057	1	0	1
LINC02086	0	0	0
PRAC2	0	2	0
PRAC1	0	0	0
MIR3185	0	0	1
HOXB13	107	0	107
LOC105371811	0	0	0
LOC105371812	0	0	0
TTLL6	8	0	8
LOC105371813	0	0	0
CALCOCO2	734	0	734
LOC105371814	5	0	5
LOC124900395	0	0	0
ATP5MC1	1579	1	1578
UBE2Z	2409	0	2409
SNF8	1110	56	1054
LOC124904116	0	0	0
GIP	1	0	1
IGF2BP1	1846	8	1838
LOC124904020	0	0	0
B4GALNT2	0	0	0
LOC124904021	0	0	0
TRQ-TTG1-1	1	0	1
GNGT2	0	0	0
ABI3	1	0	1
PHOSPHO1	2	0	2
LOC124904022	0	0	0
FLJ40194	0	0	0
ZNF652	406	0	406
MIR6129	0	0	0
LOC124904111	0	0	0
ZNF652-AS1	4	0	4
PHB1	4511	0	4511
LINC02075	0	0	0
NGFR	0	0	0
NGFR-AS1	1	0	1
MIR6165	0	0	0
NXPH3	0	0	0
SPOP	449	0	449
LOC107984999	0	0	0
SLC35B1	1158	1	1157
FAM117A	10	1	9
KAT7	711	0	711
TAC4	0	0	0
FLJ45513	3	0	3
DLX4	453	0	453
DLX3	369	1	368
PICART1	19	5	14
ITGA3	6155	5	6150
LOC124904024	5	0	5
PDK2	642	0	1156
PDK2-AS1	18	3	15
SAMD14	5	514	5
PPP1R9B	1724	4	1720
LOC124904025	0	0	0
LOC105371818	0	5	0
SGCA	24	0	29
H1-9P	0	0	0
COL1A1	2972	1	2971
TILAM	0	0	0
LOC124904130	0	0	0
LOC105371822	0	0	0
LOC124904028	0	0	0
TMEM92	244	1	244
TMEM92-AS1	10	0	11
XYLT2	830	3	827
MRPL27	643	0	643
EME1	350	373	372
LRRC59	3398	43	4686
LRRC59-AS1	1	930	7
ACSF2	1600	2	1649
CHAD	13	64	0
RSAD1	592	0	592
MYCBPAP	3	0	3
EPN3	4	5	0
LOC105371824	0	0	1
SPATA20	1214	0	1214
CACNA1G-AS1	0	0	0
CACNA1G	71	0	74
LOC101927253	0	3	0
ABCC3	2008	6	2002
ANKRD40	595	0	595
LUC7L3	1567	1	1566
ANKRD40CL	0	0	0
MIR8059	0	0	0
WFIKKN2	0	0	0
TOB1	3985	16	3985
TOB1-AS1	9	3	22
LOC105371825	0	0	0
LOC124904102	5	1	4
LOC124904029	0	0	0
SPAG9	1601	1	1600
LOC124904125	0	0	0
NME1-NME2	0	0	0
NME1	168	0	168
NME2	12	0	12
MBTD1	255	408	265
UTP18	947	11	1354
LINC02071	0	0	0
LINC02072	0	0	0
LINC02073	0	0	0
CA10	0	0	0
LOC105371829	0	0	0
LINC01982	0	0	0
LINC02089	0	0	0
LOC107984983	0	0	0
LINC02876	0	0	0
LOC107984982	0	0	0
LOC124904030	0	0	0
KIF2B	0	0	0
LOC107985001	0	0	0
LOC124904031	0	0	0
LOC124904033	0	1	0
TOM1L1	444	52	686
LOC124904032	0	0	0
COX11	560	302	551
STXBP4	79	2	77
LOC107985002	1	0	1
HLF	8	0	8
MMD	348	0	348
SMIM36	0	0	0
LOC124904034	0	0	0
LOC102724732	0	0	0
LOC101927389	0	0	0
LOC124904099	0	0	0
TMEM100	0	0	0
PCTP	149	0	149
ANKFN1	0	0	0
LOC124904035	0	0	0
LOC112268194	0	0	0
NOG	681	0	681
C17orf67	44	0	44
DGKE	118	1	118
LOC124904036	3	3	1
LOC124904037	2	0	2
MTVR2	0	0	0
TRIM25	2084	1	2083
MIR3614	0	0	0
COIL	567	0	567
LOC105371836	0	0	0
SCPEP1	1084	0	1084
RNF126P1	0	0	0
AKAP1-DT	17	0	17
AKAP1	1458	0	1458
LOC101927510	15	10	18
MSI2	1432	3	1442
LOC101927557	0	0	0
LOC107984993	1	0	1
MSI2-AS1	0	0	0
CCDC182	0	0	0
MRPS23	684	0	684
CUEDC1	664	4	660
CUEDC1-AS1	0	0	0
VEZF1	408	0	414
LOC101929185	2	86	2
SRSF1	4357	5	4432
LOC105371840	0	0	0
DYNLL2-DT	0	0	0
DYNLL2	893	0	893
OR4D1	0	0	0
MSX2P1	0	0	0
OR4D2	0	0	0
EPX	4	4	0
MKS1	246	0	246
LOC105371841	1	0	1
LPO	0	0	0
LOC124904038	0	0	0
MPO	0	0	0
TSPOAP1	1	0	1
TSPOAP1-AS1	0	767	2
MIR142HG	0	0	0
MIR142	0	0	0
MIR4736	0	0	0
SUPT4H1	391	0	1151
RNF43	110	2	117
HSF5	0	0	0
MTMR4	611	6	605
SEPTIN4-AS1	0	7	8
SEPTIN4	5	2	9
TEX14	14	3	20
LOC107985048	0	3	0
LOC105371842	0	0	0
LOC124904122	1	0	1
IGBP1C	6	0	6
RAD51C	335	0	335
LOC105371843	0	0	0
PPM1E	0	14	0
TRIM37	604	1	617
LOC124904039	10	1	9
SKA2	376	3	373
MIR454	0	0	0
MIR301A	0	0	0
PRR11	720	0	720
SMG8	648	0	648
GDPD1	59	0	59
YPEL2	108	1	107
MIR4729	0	0	0
LINC01476	0	0	0
LOC124904040	1	0	1
LOC105371845	0	0	0
LOC105371847	0	0	0
DHX40	780	1	779
CLTC	5491	46	5445
PTRH2	474	0	474
VMP1	3787	0	3787
MIR21	0	0	0
TUBD1	91	1	90
RPS6KB1	453	0	453
RNFT1	182	0	182
TBC1D3P1-DHX40P1	2	0	3
RNFT1-DT	7	3	5
LOC105371848	0	0	0
HEATR6	413	2	411
MIR4737	0	0	0
HEATR6-DT	0	116	4
WFDC21P	14	4	130
LOC653653	0	0	0
LOC100996660	14	0	14
CA4	0	107	0
USP32	583	0	690
SCARNA20	1	0	1
LOC105371850	0	0	0
CHCT1	0	0	0
APPBP2	396	0	396
LINC01999	0	0	0
PPM1D	350	2	348
BCAS3	200	0	242
LOC124904118	0	0	0
BCAS3-AS1	1	43	0
LOC124904041	0	0	0
LOC101927855	0	0	0
TBX2-AS1	12	0	12
TBX2	2	0	2
LINC02875	0	0	0
TBX4	1	0	1
LOC124904042	0	0	0
NACA2	1	0	1
BRIP1	250	0	250
INTS2	136	0	136
MED13	588	1	587
TBC1D3P2	0	0	0
LOC105371853	0	0	0
LOC105371936	0	0	0
EFCAB3	0	0	0
LOC105371854	0	0	0
METTL2A	518	2	516
LOC112268200	0	0	0
TLK2	434	14	420
LOC107985020	0	0	0
MRC2	480	2	478
MARCHF10	4	1	5
MARCHF10-AS1	0	1	1
MARCHF10-DT	0	0	0
MIR633	0	0	0
TANC2	893	5	888
LOC105371856	2	1	1
CYB561	1123	4	1119
ACE	2	0	2
KCNH6	0	0	0
DCAF7	1894	1	1893
TACO1	583	3	580
MAP3K3	582	4	624
LOC101927898	0	1	0
LIMD2	26	44	30
LOC729683	2	5	0
STRADA	375	1	374
CCDC47	1888	0	1888
DDX42	1633	5	1631
FTSJ3	2127	204	2132
PSMC5	1851	10	2050
SMARCD2	1623	4	1622
TCAM1P	1	0	1
CSH2	0	0	0
GH2	0	0	0
CSH1	0	0	0
CSHL1	0	0	0
LOC112268204	0	0	0
GH1	0	0	0
CD79B	0	0	0
SCN4A	38	0	38
LOC105371858	0	0	0
PRR29-AS1	0	0	0
PRR29	0	0	0
ICAM2	1	0	1
ERN1	204	0	204
SNHG25	0	0	0
SNORD104	0	0	0
SNORA50C	16	0	16
TEX2	598	14	584
PECAM1	149	3	146
MILR1	41	76	41
POLG2	131	0	207
DDX5	7128	10	7160
MIR3064	30	0	30
MIR5047	304	0	304
CEP95	336	40	338
SMURF2	362	0	362
ARHGAP27P1-BPTFP1-KPNA2P3	65	0	84
LOC101929240	15	34	0
ARHGAP27P1	39	0	39
MIR6080	0	15	0
PLEKHM1P1	50	0	50
MIR4315-2	0	0	0
LOC105371860	0	0	0
LOC105376844	0	1	0
LRRC37A3	38	0	39
LOC107985000	16	0	16
AMZ2P1	86	0	86
LOC124904044	0	0	0
GNA13	598	1	597
LOC105371864	1	1	1
LOC100507002	23	0	24
RGS9	14	0	14
LINC02563	0	0	0
AXIN2	3	0	3
CEP112	3	0	3
LOC105371867	0	0	0
APOH	0	0	0
PRKCA	718	1	717
PRKCA-AS1	0	0	0
MIR634	0	0	0
CACNG5	0	0	0
CACNG4	0	0	0
CACNG1	1	1	0
HELZ	539	1	542
HELZ-AS1	2	3	3
LOC124900398	0	0	0
PSMD12	1046	0	1046
PITPNC1	683	1	846
LOC124904047	0	0	0
LOC124904124	0	0	0
LOC124904046	1	1	0
MIR548D2	0	0	0
MIR548AA2	0	0	0
LOC124904045	0	0	0
LOC101928045	0	164	0
NOL11	796	0	796
SNORA38B	0	0	0
BPTF	595	0	595
C17orf58	198	3	195
TRR-CCG2-1	0	0	0
KPNA2	5149	4	5145
LOC124904048	2	0	2
LINC00674	524	0	524
LOC105371870	2	0	2
ARHGAP27P2	1	0	1
AMZ2	704	3	701
ARSG	348	168	377
SLC16A6	544	13	546
PRKAR1A	4738	6	4733
WIPI1	82	32	232
MIR635	9	2	7
FAM20A	14	4	11
LINC01482	3	0	3
LOC124904049	0	0	0
LOC105371874	0	0	0
LOC124904050	0	0	0
ABCA8	0	0	0
ABCA9	2	0	2
ABCA9-AS1	0	0	0
LOC124904051	0	0	0
ABCA6	4	0	4
MIR4524B	0	0	0
MIR4524A	0	0	0
ABCA10	23	0	23
PRO1804	0	0	0
ABCA5	369	0	369
LOC105371878	0	0	0
LOC105371879	0	0	0
MAP2K6	1354	0	1356
MAP2K6-AS1	1	3	0
LINC01483	0	0	0
LINC01497	0	0	0
LOC105371881	0	0	0
LOC112267896	0	0	0
LOC124904053	0	0	0
LINC01028	0	0	0
KCNJ16	5	0	5
LOC124904052	1	1	0
LOC105371882	0	0	0
KCNJ2-AS1	1	0	1
KCNJ2	13	0	13
LOC124904100	0	0	0
LOC105371884	0	0	0
LOC124904104	0	0	0
CASC17	0	0	0
LOC124904109	0	0	0
LOC107985015	0	0	0
ROCR	0	0	0
LINC01152	0	0	0
LOC102723517	0	0	0
SOX9-AS1	0	0	0
LINC02097	0	0	0
SOX9	0	0	0
LOC124900392	0	0	0
LINC02003	0	0	0
LINC00673	147	0	147
LINC00511	2	0	2
LOC107985005	1	0	1
LOC105371887	0	0	0
SLC39A11	224	0	224
LOC124904115	0	0	0
SSTR2	3	3	0
COG1	774	224	798
VCF1	694	80	862
MTNAP1	263	1	344
CPSF4L	3	82	3
CDC42EP4	3275	1	3274
SDK2	7	0	7
SDK2-AS1	0	0	0
LOC124904054	0	0	0
LOC100134391	0	0	0
LINC00469	0	0	0
LINC02092	0	0	0
LOC107985081	0	0	0
LOC105371888	0	0	0
LINC02074	0	0	0
RPL38	3074	4	3079
MGC16275	4	9	4
TTYH2	75	0	75
DNAI2	0	0	0
LOC105371891	0	0	0
KIF19	0	0	0
LOC107985078	0	0	0
BTBD17	0	0	0
GPR142	0	0	0
LOC124904055	1	0	1
GPRC5C	0	0	0
LOC124904056	0	0	0
CD300A	0	0	0
LOC107985074	0	0	0
CD300LB	0	0	0
CD300C	0	0	0
CD300H	0	0	0
CD300LD	0	0	0
CD300LD-AS1	0	0	0
LOC101928343	0	0	0
CD300E	0	0	0
RAB37-AS1	0	0	0
RAB37	0	1	0
CD300LF	0	0	0
LOC124904057	0	0	0
SLC9A3R1-AS1	0	2489	6
MIR3615	0	0	0
NHERF1	3202	9	5027
NAT9	462	0	462
SLC38A12	859	3	857
GRIN2C	20	18	3
FDXR	694	0	694
FADS6	0	0	0
USH1G	4	0	4
OTOP2	2	0	2
OTOP3	0	0	0
HID1	0	0	0
HID1-AS1	0	0	0
LOC124904058	16	0	16
CDR2L	1562	1	1561
MRPL58	688	0	688
KCTD2	1154	1	1153
TRR-CCT1-1	0	0	0
TRR-CCT2-1	0	0	0
TRR-TCG3-1	0	0	0
ATP5PD	2541	4	2537
SLC16A5	916	2	914
ARMC7	364	57	360
NT5C	1152	8	1201
JPT1	485	4	2291
LOC107985034	41	1845	11
SUMO2	2354	2	2352
NUP85	2494	8	2486
GGA3	1072	81	1034
MRPS7	2174	56	2320
MIF4GD	638	157	640
MIF4GD-DT	33	342	58
SLC25A19	420	26	761
LOC124904059	0	0	0
GRB2	3711	1	3710
LOC124904060	0	0	0
MIR3678	0	0	0
TMEM94	2151	34	2170
MIR6785	0	0	0
CASKIN2	1334	23	1364
TSEN54	1211	24	1187
LLGL2	1383	4	1379
MYO15B	25	6	19
RECQL5	701	0	807
SMIM5	9	19	0
ERLN	1	1	0
LOC107985013	0	96	0
SAP30BP	1464	0	1464
SAP30BP-AS1	1	0	1
ITGB4	247	11	236
GALK1	1471	2	1469
H3-3B	8759	3	8756
MIR4738	0	0	0
UNK	1163	8	1155
UNC13D	1909	0	1909
WBP2	3847	3	3844
TRIM47	2427	5	2422
TRIM65	1244	1	1243
MRPL38	2163	0	2163
FBF1	630	2	628
ACOX1	987	2	989
TEN1-CDK3	4	1	4
TEN1	0	0	0
LOC124904061	0	270	0
CDK3	0	0	0
EVPL	1063	2	1061
SRP68	2195	1	2195
GALR2	18	2	17
ZACN	1	832	0
EXOC7	1437	1	2267
MIR6868	0	0	0
LOC101928447	1	0	1
FOXJ1	0	0	0
RNF157-AS1	0	2	1
RNF157	6	1	8
LOC105371896	0	0	0
UBALD2	683	0	683
QRICH2	166	0	166
PRPSAP1	927	0	927
LOC124904120	0	0	0
SPHK1	1768	1	1767
UBE2O	1202	0	1202
AANAT	3	2	1
RHBDF2	863	0	863
CYGB	57	1	66
PRCD	20	17	13
SNHG16	3058	1	3057
SNORD1C	5	0	5
SNORD1B	0	0	0
SNORD1A	5	0	5
ST6GALNAC2	27	6	21
LOC122455342	0	0	0
ST6GALNAC1	0	0	0
LOC105274304	5	1	23
MXRA7	1890	27	1883
JMJD6	1648	0	1649
METTL23	856	1	858
SRSF2	3535	30	5184
MIR636	0	1	0
MFSD11	432	3020	450
LINC02080	0	0	0
LOC107985089	0	0	0
LINC00868	0	0	0
MGAT5B	1145	0	1146
LOC105371899	0	1	0
SNHG20	103	0	103
SEC14L1	2634	0	2638
SCARNA16	0	0	0
MIR6516	0	0	0
LOC105371901	0	4	0
LACAT1	0	0	0
SEPTIN9-DT	0	1	0
SEPTIN9	6394	5	6390
LOC124904062	0	0	0
MIR4316	0	0	0
LOC112268199	2	0	2
LOC112268198	1	0	1
LOC105371903	0	0	0
LOC400622	0	0	0
LOC100507351	0	0	0
LOC124904103	0	0	0
LOC107985079	0	0	0
LINC01987	0	0	0
LOC105371908	0	0	0
LINC01973	0	0	0
LOC107985087	0	0	0
LOC105371909	0	0	0
TNRC6C	56	15	58
TMC6	2487	4	2501
TMC8	17	1	17
C17orf99	0	0	0
SYNGR2	2969	2	2967
TK1	3672	18	3667
AFMID	311	2	322
BIRC5	1584	0	1584
TMEM235	0	0	0
LOC105371910	3	3	0
LINC01993	0	0	0
LOC105371912	51	1	51
LOC124904064	5	0	6
SOCS3	1257	1	1259
SOCS3-DT	30	4	29
PGS1	874	0	1055
LOC124900399	0	0	0
DNAH17	32	220	15
DNAH17-AS1	8	2	28
LOC124904065	0	0	0
SCAT1	1	0	1
LOC124904066	0	0	0
CYTH1	1050	2	1048
USP36	1928	4	1927
LOC124904067	46	0	49
TIMP2	6857	6	6853
LOC124904068	1	0	3
CEP295NL	1	0	1
LGALS3BP	21302	9	21293
CANT1	1856	1	1855
C1QTNF1-AS1	83	0	83
C1QTNF1	1152	4	1148
ENGASE	603	0	603
RBFOX3	8	8	0
LOC124904069	0	0	0
MIR4739	0	0	0
LINC02078	0	0	0
ENPP7	0	0	0
LOC124904070	157	0	157
CBX2	2065	0	2065
CBX8	1162	3	1159
LOC124904071	0	0	0
LINC01977	4	2	2
CBX4	2884	0	2884
LINC01979	12	0	13
LINC01978	2	3	0
TBC1D16	1445	1	1444
LOC124904073	0	0	0
LOC124904072	0	0	0
CCDC40	0	0	0
LOC124904074	0	0	0
MIR1268B	0	0	0
GAA	0	0	0
EIF4A3	0	0	0
CARD14	0	15	1
SGSH	882	12	889
SLC26A11	814	2	815
RNF213	5702	18	5938
RNF213-AS1	2	255	1
ENDOV	367	1	366
MIR4730	0	0	0
NPTX1	13652	6	13646
RPTOR	3392	7	3563
LOC105371922	0	0	0
LOC101928855	1	1	0
LOC124904076	19	0	19
LOC124904075	14	161	18
LOC400627	5	18	0
CHMP6	362	0	362
LOC124904077	103	0	103
LOC124904078	0	0	0
BAIAP2-DT	241	4	237
BAIAP2	741	2	740
AATK	104	6	99
MIR657	0	0	0
MIR3065	0	0	0
MIR338	0	0	0
LOC124904079	5	0	5
MIR1250	2	0	2
LOC124904080	7	0	7
PVALEF	2	2	0
CEP131	541	0	541
TEPSIN	180	0	722
TEPSIN-AS1	11	338	0
LOC124904081	10	157	0
NDUFAF8	931	0	931
SLC38A10	4889	15	4874
LOC124904082	3	0	3
LINC00482	89	2	87
TMEM105	27	2	25
RENO1	46	3	43
LOC124904083	1	0	1
LINC03048	0	0	0
BAHCC1	136	2	134
MIR4740	0	0	0
MIR3186	0	0	0
LOC124904084	0	0	0
LINC01971	0	0	0
ACTG1	3	0	3
FSCN2	35	1	34
FAAP100	968	63	920
LOC124904085	22	476	28
NPLOC4	4120	15	4572
TSPAN10	219	0	219
PDE6G	14	0	14
OXLD1	1465	3	1463
CCDC137	1296	1	1296
ARL16	377	2	377
HGS	4013	14	4001
MIR6786	0	0	0
MRPL12	3948	5	3943
SLC25A10	2757	0	2757
LOC105371929	15	0	15
LOC105376789	0	0	0
GCGR	0	0	0
MCRIP1	0	0	0
PPP1R27	0	0	0
P4HB	27951	23	27928
LOC124904086	27	35	27
ARHGDIA	5549	6	5578
ALYREF	1746	9	2772
ANAPC11	1153	1035	1154
PCYT2	921	7	969
NPB	0	52	2
SIRT7	871	0	871
MAFG	1177	28	1320
MAFG-AS1	0	153	0
MILIP	46	0	65
PYCR1	3566	3	3563
MYADML2	1	1	0
NOTUM	54	1	53
LOC124904087	0	1	0
LOC105371939	2	1	3
ASPSCR1	938	0	939
CENPX	1544	0	1545
LRRC45	948	6	943
RAC3	150	0	150
DCXR	1047	3	1044
DCXR-DT	2	0	2
RFNG	612	2	725
GPS1	4498	120	4505
DUS1L	2716	21	2707
FASN	26080	14	26066
SNORD134	1	0	1
CCDC57	912	8	904
SLC16A3	16291	13	18989
MIR6787	4	0	4
CSNK1D	4075	3020	3767
LOC124904089	37	0	38
LINC01970	29	0	29
CD7	19	0	19
SECTM1	1826	4	1822
TEX19	22	0	22
UTS2R	0	0	0
LOC124904092	8	8	0
OGFOD3	275	76	561
LOC124904090	8	196	0
HEXD	390	152	420
HEXD-IT1	0	0	1
LOC124904091	1	1	1
CYBC1	1659	4	1666
NARF-AS2	31	43	42
NARF	1127	11	1170
TRX-CAT1-8	0	0	0
FOXK2	1645	1	2134
FOXK2-AS1	8	498	0
WDR45B	2448	2	2446
RAB40B	186	0	186
MIR4525	0	0	0
LOC124904093	0	0	0
LOC101929552	2	0	2
FN3KRP	962	3	959
FN3K	33	2	31
TBCD	1031	6	1221
ZNF750	1	1	0
LOC124904096	1	191	0
LOC124904095	0	0	1
QTGAL	22	2	28
LOC124904094	0	1	0
METRNL	313	2	311
LOC101930496	0	0	0
LOC101929650	0	0	0
LOC124904105	0	0	0
LOC105371948	0	0	0
LOC100505909	0	0	0
RPL23AP87	0	0	0
MGC70870	0	0	0
LOC105379281	0	0	0
LINC02564	0	0	0
LOC124904234	0	0	0
LOC105371950	0	0	0
TUBB8B	0	0	0
ROCK1P1	4	0	5
MIR8078	0	1	0
LOC105371951	0	0	0
USP14	1797	19	1808
THOC1	289	13	306
COLEC12	0	0	0
LOC107985155	0	0	0
LINC01925	1	0	1
CETN1	0	0	0
CLUL1	0	5	0
LOC105371952	1	0	1
TYMSOS	31	800	130
TYMS	167	81	2775
ENOSF1	1068	1805	1066
YES1	804	1	803
LOC124904340	0	0	0
ADCYAP1	0	0	0
LINC01904	0	0	0
LOC107985165	0	0	0
LOC105371953	18	3	15
LINC00470	52	2	50
LOC105371954	12	0	12
LOC105371960	0	0	0
LOC105371959	0	0	0
LOC105371958	0	0	0
LOC105371957	0	0	0
LOC105371956	0	0	0
LOC105371961	0	0	0
LOC124904235	0	0	0
METTL4	148	0	148
LOC124904380	0	0	0
NDC80	333	0	333
CBX3P2	18	0	18
SMCHD1	610	0	610
EMILIN2	3	2	1
LPIN2	819	0	819
CHORDC1P4	2	0	2
LPIN2-AS2	0	0	0
LOC124904236	1	0	1
LOC124900407	0	0	0
MYOM1	71	3	71
MYL12A	859	5	2717
MYL12-AS1	9	3243	7
MYL12B	2634	2	3992
LINC01895	77	0	77
TGIF1	3003	11	3009
LOC124904237	10	25	2
LOC105371965	0	0	0
GAPLINC	0	0	0
DLGAP1	0	3	0
LOC124904373	0	0	0
DLGAP1-AS1	167	0	167
DLGAP1-AS2	43	1	42
DLGAP1-AS6	23	0	26
LOC124904368	0	0	0
LOC124904238	0	0	0
DLGAP1-AS3	0	0	0
MIR6718	0	0	0
DLGAP1-AS4	0	0	0
LOC124904239	0	0	0
DLGAP1-AS5	0	0	0
LOC105371968	0	0	0
LINC01892	0	0	0
AKAIN1	0	0	0
LOC124904341	0	0	0
LINC00526	21	0	21
LINC00667	264	3	262
ZBTB14	213	1	213
LOC107985144	0	0	0
LOC105371970	0	0	0
EPB41L3	5	0	5
LOC107985145	0	0	0
MIR3976HG	0	0	0
MIR3976	0	0	0
TMEM200C	0	0	0
LOC121725015	0	0	0
L3MBTL4	0	0	0
L3MBTL4-AS1	0	0	0
LOC124904240	0	0	0
MIR4317	0	0	0
LINC01387	0	0	0
LOC105371972	0	0	0
LOC107985176	0	0	0
ARHGAP28-AS1	0	10	3
ARHGAP28	139	3	149
LINC00668	35	0	35
LAMA1	2016	2	2320
LOC101927188	2	308	0
LRRC30	0	0	0
LOC105371973	0	0	0
LOC105371974	0	0	0
LOC124900409	0	0	0
LOC105371975	0	0	0
LOC112577592	0	0	0
LOC105371976	1	0	1
PTPRM	1067	4	1063
LOC124904242	0	0	0
LOC124904381	0	0	0
LOC107985119	0	0	0
LOC100192426	0	0	0
LOC124904241	8	0	8
RAB12	216	0	339
RAB12-AS1	3	126	0
GACAT2	0	1	2
MTCL1	486	2	487
LOC124904243	0	0	0
NDUFV2	948	3	945
NDUFV2-AS1	7	3	5
ANKRD12	45	1	45
LOC124904369	0	0	0
TWSG1-DT	1	0	1
TWSG1	270	0	270
LOC105371980	0	0	0
RALBP1	827	1	826
PPP4R1	980	6	978
PPP4R1-AS1	3	1	6
LINC02856	0	0	0
LOC124904244	2	0	2
RAB31	2467	2	2465
LOC105371981	1	0	1
TXNDC2	5	0	5
LOC105371982	0	0	0
LOC124904245	7	2	8
VAPA	2013	6	2010
LOC124904246	3	0	3
LOC105371983	0	0	0
LOC105371984	0	0	0
LOC124904247	0	0	0
LOC105371985	0	0	0
LOC105371986	0	0	0
LOC105371989	0	0	0
LOC124904370	0	0	0
LINC01254	0	0	0
LOC105371988	0	0	0
APCDD1	0	0	0
NAPG	256	0	256
LOC124904248	1	0	1
LINC01887	0	0	0
LOC107987262	0	0	0
LOC101927410	0	0	0
PIEZO2	2115	0	2115
MIR6788	0	0	0
LOC124904249	9	0	9
LOC105371993	0	0	0
LOC107985173	0	0	0
LOC124904250	0	0	0
LOC105371995	0	0	0
LINC01928	0	0	0
LINC01255	0	0	0
SLC35G4	0	0	0
MIR7153	0	0	0
GNAL	340	193	666
CHMP1B	1472	9	1463
LOC124904251	16	13	16
LOC124904252	11	54	12
MPPE1	294	280	465
LOC101927511	18	4	14
IMPA2	4458	1	4457
ANKRD62	0	0	0
C18orf61	0	0	0
LOC124904253	0	0	0
CIDEA	0	0	0
LOC105371996	0	0	0
TUBB6	3200	384	3201
AFG3L2	645	38	1186
LOC107985154	0	186	0
PRELID3A	54	0	54
LOC105371998	1	51	1
SPIRE1	276	4	323
LOC124904371	0	0	0
PSMG2	632	0	632
CEP76	150	0	150
LINC01882	0	0	0
PTPN2	345	1	344
SEH1L	354	1	353
CEP192	350	0	350
LOC124904254	1	1	0
LOC124904255	0	0	0
LDLRAD4	5	5	0
C18orf15	0	0	0
LDLRAD4-AS1	0	0	0
MIR5190	0	0	0
LDLRAD4-AS3	0	0	0
MIR4526	0	0	0
FAM210A	424	0	424
RNMT	477	0	477
MC5R	0	0	0
MC2R	0	0	0
LOC124904257	0	0	0
ZNF519	28	0	28
ANKRD20A5P	0	0	0
CYP4F35P	0	0	0
LOC105372003	0	0	0
CXADRP3	0	0	0
POTEC	0	0	0
LOC105372004	0	0	0
GTF2IP8	0	0	0
LOC105372006	0	0	0
LOC105372005	0	0	0
LOC105372007	0	0	0
ANKRD30B	0	0	0
LOC105372008	0	0	0
MIR3156-2	0	0	0
LINC01906	0	0	0
LOC105372010	0	0	0
LINC01443	0	0	0
LINC01444	0	0	0
LOC644669	0	0	0
ROCK1	420	0	420
LOC107985161	0	0	0
GREB1L-DT	0	0	1
GREB1L	330	6	329
GREB1L-AS1	0	4	0
LOC124900410	0	0	0
ESCO1	140	0	140
SNRPD1	656	0	656
ABHD3	449	0	449
MIR320C1	0	0	0
MIB1	455	0	455
LOC124900411	0	0	0
LOC124904362	0	0	0
MIR133A1HG	1	1	0
MIR133A1	0	0	0
MIR1-2	0	0	0
LOC105372016	0	0	0
LINC01900	0	0	0
LOC124904259	0	0	0
GATA6-AS1	13	0	13
GATA6	379	1	378
LOC105372017	0	0	0
LOC105372018	0	0	0
LOC124904367	0	0	0
LOC101927548	0	0	0
LOC105372019	2	0	2
CTAGE1	0	0	0
LOC124904261	0	0	0
LOC124904260	0	0	0
LOC124904265	0	0	0
LOC124904262	0	0	0
LOC124904264	1	0	1
RBBP8-AS1	1	0	5
LOC124904263	0	0	0
LOC124904378	0	0	0
RBBP8	461	6	459
MIR4741	0	0	0
LOC124904266	0	0	0
CABLES1	712	2	710
SLC35D4	183	2	181
RIOK3	561	0	561
RMC1	215	128	329
NPC1	1615	145	1712
ANKRD29	177	0	177
LAMA3	895	0	895
LINC02958	55	3	52
TTC39C	898	3	905
TTC39C-AS1	13	15	8
CABYR	19	12	8
OSBPL1A	684	0	707
MIR320C2	0	0	0
LOC124904267	0	0	0
LOC124904268	7	23	6
IMPACT	200	0	200
HRH4	0	0	0
LOC105372026	0	0	0
LINC01915	0	0	0
LOC105372027	0	0	0
LOC105372028	0	0	0
LOC105372029	0	0	0
LINC01894	0	0	0
LOC107985141	0	0	0
ZNF521	112	0	112
LOC124904269	0	0	0
LOC124904270	0	0	0
LOC105372031	0	0	0
LOC124904271	0	0	0
SS18	920	1	919
PSMA8	0	0	0
TAF4B	99	0	99
LOC107985142	0	0	0
LINC01543	0	0	0
LOC124904274	0	0	0
KCTD1	373	2	382
LOC124904273	0	11	0
MIR8057	0	0	0
LOC102725227	1	1	0
PCAT18	0	0	0
LOC124904272	3	0	3
LOC105372035	0	0	0
AQP4	0	0	0
AQP4-AS1	0	0	0
CHST9	0	0	0
LOC124904275	0	0	0
LOC105372036	0	0	0
LINC01908	0	0	0
LOC105372038	0	0	0
LOC105372040	0	0	0
LOC105372041	0	0	0
LOC107985126	0	0	0
LOC105372042	0	0	0
CDH2-AS1	0	1	3
CDH2	0	3	1
LOC105372043	0	0	0
LOC124904343	0	0	0
LINC02879	0	0	0
LOC105372044	0	0	0
LOC105372045	0	0	0
LOC124904344	26	0	26
MIR302F	0	0	0
LOC105372046	0	0	0
LOC105372047	0	0	0
DSC3	0	0	0
LOC124904345	0	0	0
DSC2	526	2	526
DSCAS	1	0	4
DSC1	0	1	0
LOC105372049	0	0	0
LOC124904346	0	0	0
DSG1	0	0	0
DSG1-AS1	0	0	0
DSG4	0	0	0
DSG3	0	0	0
DSG2	1551	1	1726
DSG2-AS1	3	179	0
TTR	0	0	0
LOC124904277	0	0	0
B4GALT6	19	1	18
SLC25A52	0	0	0
TRAPPC8	284	4	280
RNF125	216	0	216
LOC124904278	0	13	1
RNF138	310	2	322
LOC124904366	0	0	0
MEP1B	0	0	0
GAREM1	133	0	133
WBP11P1	0	0	0
KLHL14	0	0	0
LOC112268208	0	0	0
LOC105372055	0	0	0
LOC105372058	0	0	0
LOC107985186	0	0	0
CCDC178	0	0	0
LOC105372059	0	0	0
ASXL3	0	0	0
LOC124904347	0	0	0
NOL4	0	0	0
LOC124904279	0	0	0
LOC124904280	0	0	0
DTNA	42	0	47
LOC124904281	0	0	0
DTNA-AS1	0	5	0
LOC105372061	0	0	0
LOC124904282	1	0	1
MAPRE2	146	0	146
ZNF397	89	18	86
ZSCAN30	122	4	133
ZNF271P	73	0	73
ZNF24	723	0	738
LOC124904283	0	15	0
ZNF396	0	0	0
LOC105372063	0	0	0
LOC124904284	1	0	1
ZNF24TR	2	0	2
INO80C	197	1	196
GALNT1	558	3	654
MIR3975	0	0	0
LOC105372065	0	0	0
LOC124904285	0	0	0
LOC105372064	1	100	0
MIR187	0	0	0
MIR3929	0	0	0
LOC105372066	2	0	2
RMP24	146	0	146
RPRD1A	972	3	969
SLC39A6	1318	0	1318
ELP2	1065	50	1070
COSMOC	2	7	51
MOCOS	1424	0	1425
LOC124904286	33	0	33
FHOD3	8	13	1
LOC105372071	0	0	0
TPGS2	1186	0	1192
KIAA1328	56	0	56
LOC105372069	0	0	0
LOC124904287	2	0	2
CELF4	0	0	0
LOC105372068	0	0	0
SNORA111	0	0	0
LOC124904288	0	0	0
LOC124904289	0	0	0
LOC107985118	0	0	0
MIR4318	0	0	0
LOC102724417	0	0	0
LOC105372073	0	0	0
LOC105372074	0	0	0
LOC112268212	0	0	0
LOC124904338	0	0	0
LOC105372076	0	0	0
LOC105372077	0	0	0
MIR924HG	35	0	35
LOC101927879	2	2	0
MIR924	0	0	0
LOC101927857	0	0	0
MIR5583-2	0	0	0
MIR5583-1	0	0	0
LINC01901	0	0	0
LINC01902	0	0	0
LOC124904349	0	0	0
LOC105372081	0	0	0
LINC01477	0	0	0
LOC105372082	0	0	0
LOC107985132	0	0	0
LOC124904364	0	0	0
LOC105372084	0	0	0
LOC107985168	0	0	0
KC6	0	0	0
LOC105372083	0	0	0
LOC105372085	0	0	0
PIK3C3	423	0	423
LOC124904350	0	0	0
LINC00907	0	0	0
LOC124904351	0	0	0
RIT2	0	0	0
SYT4	0	0	0
LOC105372088	0	0	0
LOC105372087	0	0	0
LINC01478	0	0	0
LOC124904291	0	0	0
LINC01601	0	0	0
LOC124904290	0	0	0
LOC105372089	0	0	0
SETBP1-DT	6	2	4
SETBP1	93	0	93
MIR4319	0	0	0
LOC105372091	0	0	0
LOC101927961	0	0	0
SLC14A2	2	0	2
SLC14A2-AS1	0	0	0
LOC105372093	0	0	0
LOC105372092	0	0	0
SLC14A1	0	0	0
EPG5	334	0	334
SIGLEC15	1	0	1
PSTPIP2	1	0	1
ATP5F1A	8568	4	8564
TRK-CTT6-1	0	0	0
HAUS1	219	0	219
ARK2N	329	0	329
ARK2C	192	0	197
LOC105372095	0	0	0
LOC124904293	0	5	0
LOXHD1	0	0	0
LOC105372096	0	0	0
ST8SIA5	3	0	3
ST8SIA5-DT	9	9	0
PIAS2	359	0	359
LOC124904294	0	0	0
KATNAL2	38	9	40
ELOA2	0	0	0
LOC105372098	9	11	9
HDHD2	219	4	215
IER3IP1	363	2	361
SKOR2	0	0	0
LOC124904295	0	0	0
MIR4527HG	0	0	0
MIR4527	0	0	0
LOC105372100	0	0	0
SMAD2	1331	1	1330
LOC124904297	6	0	6
LOC105372101	0	0	0
ZBTB7C	6	5	1
ZBTB7C-AS1	4	0	4
ZBTB7C-AS2	0	0	0
LOC124904352	0	0	0
LOC124904353	0	0	0
CTIF	0	0	0
MIR4743	0	0	0
LOC105372107	0	0	0
LOC107985147	0	0	0
LOC105372106	0	0	0
CTIF-AS1	0	0	0
LOC124904355	0	0	0
SMAD7	492	6	486
LOC105372108	1	0	1
DYM-AS1	1	0	3
DYM	440	2	440
MIR4744	0	0	0
LOC124904298	0	0	0
C18orf32	6	0	6
RPL17-C18orf32	0	0	0
MIR1539	0	0	0
RPL17	18	0	18
SNORD58C	13	0	13
SNORD58A	1	0	1
SNORD58B	0	0	0
LINC02837	0	0	0
LIPG	0	0	0
LOC105372112	0	0	0
LOC112268210	0	0	0
ACAA2	1734	0	1734
SNHG22	0	95	0
SCARNA17	2	0	2
MYO5B	485	3	577
LOC124904299	0	0	0
MIR4320	0	0	0
CFAP53	27	0	27
LOC124904300	5	0	5
MBD1	999	0	999
CXXC1	1848	6	1842
LOC124904301	0	0	0
LOC105372114	0	0	0
SKA1	0	0	0
LOC105372115	0	0	0
MAPK4	417	1	416
LOC124904302	0	0	0
LOC105372116	0	0	0
MRO	20	0	20
ME2	739	0	739
ELAC1	38	0	53
LOC107985152	11	22	4
LOC124904303	4	0	4
SMAD4	689	1	688
MEX3C	348	1	347
LINC01630	0	0	0
LOC124904365	0	0	0
LOC105372120	0	0	0
LOC105372121	0	0	0
DCC	0	0	0
MIR4528	0	0	0
LOC124904305	0	0	0
LOC124904304	0	0	0
LINC01919	0	0	0
LINC01917	0	0	0
MBD2	1256	2	1254
SNORA37	0	0	0
LOC124904306	2	0	2
LOC124904307	3	0	4
POLI	65	2	64
STARD6	0	0	0
C18orf54	38	0	38
DYNAP	0	0	0
LOC124904308	0	0	0
RAB27B	296	0	296
CCDC68	104	0	104
LOC107985125	0	0	0
LINC03035	0	0	0
LINC01929	0	0	0
TCF4	0	0	0
TCF4-AS1	0	0	0
MIR4529	0	0	0
LOC105372126	0	0	0
LOC105372130	0	0	0
LINC01415	0	0	0
LOC107985183	0	0	0
LOC105372131	0	0	0
LINC01416	0	0	0
LINC03092	0	0	0
LINC03069	0	0	0
LINC01905	0	0	0
LOC124904363	0	0	0
LINC01539	0	0	0
LOC105372132	0	0	0
LOC105372135	0	0	0
TXNL1	682	2	680
WDR7	136	0	136
WDR7-OT1	0	0	0
LOC105372136	0	0	0
LINC-ROR	0	0	0
BOD1L2	0	0	0
LINC02565	0	0	0
ST8SIA3	0	0	0
ONECUT2	192	0	192
FECH	560	0	560
NARS1	1428	1	1427
ATP8B1-AS1	27	0	29
ATP8B1	7	10	1
LOC105372141	17	0	19
LOC124904310	1	0	1
LOC105372140	2	0	2
LINC01897	0	0	0
NEDD4L	599	0	599
LOC105372143	0	0	0
MIR122HG	0	0	0
MIR122	0	0	0
MIR3591	0	0	0
ALPK2	229	0	229
ALPK2-AS1	0	0	0
SNORA108	0	0	0
LINC03110	0	0	0
MALT1-AS1	7	47	8
MALT1	618	1	665
LOC105372146	1	1	0
LINC01926	0	0	0
LOC124900406	0	0	0
ZNF532	407	1	406
OACYLP	1	0	1
SEC11C	192	0	192
GRP	0	0	0
RAX	0	0	0
CPLX4	0	0	0
LMAN1	2377	0	2377
LOC107985156	0	0	0
CCBE1	0	0	0
PMAIP1	682	0	682
LOC105372151	0	0	0
LOC105372152	0	0	0
LINC03111	0	0	0
LOC105372155	0	0	0
MC4R	0	0	0
LOC124904313	0	0	0
LOC105372156	0	0	0
CDH20	0	0	0
LOC124904314	1	0	1
LOC105372157	0	0	0
LINC01544	0	0	0
LOC124904315	0	0	0
RNF152	0	0	0
LOC105372159	0	0	0
LOC112268209	0	0	0
PIGN	500	0	500
RELCH	370	0	370
TNFRSF11A	146	0	146
ZCCHC2	306	4	302
PHLPP1	427	0	427
LOC105372160	0	0	0
LOC105372161	0	0	0
BCL2	172	0	172
KDSR	1041	0	1052
LOC124904317	8	0	8
KDSR-DT	10	19	2
VPS4B	481	1	544
LOC124904316	2	66	0
SERPINB5	2383	1	2382
SERPINB12	8	0	8
SERPINB13	0	0	0
SERPINB4	38	0	38
SERPINB3	112	0	112
SERPINB11	0	0	0
LOC124904318	0	0	0
SERPINB7	10	0	10
LOC124904356	0	0	0
SERPINB2	0	0	0
SERPINB10	0	0	0
HMSD	0	0	0
LOC105372165	1	9	1
SERPINB8	104	0	113
LINC00305	0	0	0
LINC01924	0	0	0
LOC124904357	0	0	0
LINC01538	0	0	0
LOC105372166	0	0	0
LOC105372167	0	0	0
LOC107985178	0	0	0
LOC101927404	0	0	0
LOC105372168	0	0	0
LINC01916	0	0	0
LOC105372169	0	0	0
CDH7	0	0	0
LOC105372170	0	0	0
CDH19	0	0	0
LOC124904320	0	0	0
MIR5011	0	0	0
DSEL	0	0	2
DSEL-AS1	0	2	0
LOC105372174	0	0	0
LOC105372173	0	0	0
LOC105372172	0	0	0
LINC01903	0	0	0
LINC01912	0	0	0
TMX3	374	0	374
CCDC102B	1	0	1
LOC107985134	0	0	0
LOC107985136	0	0	0
DOK6	0	0	0
LOC105372179	0	0	0
LOC107985138	0	0	0
CD226	5	0	5
RTTN	268	0	268
LOC105372180	3	2	1
LOC124904321	0	0	0
LOC107985158	0	0	0
SOCS6	402	1	401
LINC01909	1	0	1
LIVAR	0	0	0
LINC01910	1	0	1
LOC105376872	0	0	0
GTSCR1	0	0	0
LOC124904322	0	0	0
LOC105372185	0	0	0
LOC105372188	0	0	0
LOC105372187	0	0	0
LOC107985179	0	0	0
LINC01541	0	0	0
LOC105372186	0	0	0
LINC01899	0	0	0
LOC105376873	0	0	0
LOC102725148	0	0	0
LOC105372189	0	0	0
CBLN2	0	0	0
NETO1	0	0	0
MIR548AV	0	0	0
NETO1-DT	0	0	0
LINC02864	86	0	86
LINC02582	13	0	13
LOC105372190	0	0	0
LOC105372191	0	0	0
LOC124904358	0	0	0
FBXO15	0	0	0
TIMM21	298	0	298
CYB5A	0	0	0
C18orf63	0	0	0
LINC01922	0	0	0
DIPK1C	0	0	0
CNDP2	972	0	972
CNDP1	1	0	1
LOC124904324	0	0	0
ZNF407-AS1	31	0	31
ZNF407	114	0	114
LOC124904323	0	0	0
LOC124904325	0	0	0
LOC124904326	0	0	0
LOC105376874	0	0	0
PTGR3	368	0	368
TSHZ1	164	0	164
LOC105372200	0	0	0
SMIM21	0	0	0
LOC124900405	0	0	0
LOC107985177	0	0	0
LOC105372201	0	0	0
LOC105372202	0	0	0
LINC01898	0	0	0
LOC105372203	0	0	0
LOC124904339	0	0	0
LOC105372204	0	0	0
LOC339298	0	0	0
LOC124904360	0	0	0
LOC105372206	0	0	0
LINC01893	0	0	0
LOC105372210	1	0	2
LOC105372209	0	1	0
LOC105372211	0	0	0
ZNF516	0	0	0
ZNF516-AS1	0	0	0
ZNF516-DT	0	0	0
LINC00908	0	0	0
LINC00683	0	0	0
LINC01927	0	0	0
LOC107985151	0	0	0
LOC105372212	0	0	0
LINC01879	0	0	0
LOC105372213	0	0	0
LOC124904327	0	0	0
ZNF236-DT	5	0	5
ZNF236	165	0	165
LOC105372214	0	0	0
MBP	121	1	120
MBP-AS1	1	0	1
LOC124904328	0	0	0
LOC124904329	0	0	0
GALR1	0	0	0
LOC107985171	0	0	0
LOC107985172	0	0	0
LOC107985129	0	0	0
LINC01029	0	0	0
LOC105372219	0	0	0
LOC105372220	0	0	0
LOC105372221	0	0	0
LOC124904330	0	0	0
LOC105372224	0	0	0
LINC01896	0	0	0
SALL3	0	0	0
LOC105372225	0	0	0
ATP9B	264	0	264
LOC124904331	0	0	0
LOC105372226	0	0	0
LOC124904332	0	0	0
LOC107985149	0	0	0
NFATC1	54	0	61
LOC124904333	0	0	0
LOC124904334	0	0	0
LOC101927897	0	7	0
LOC107985162	1	1	0
LOC102723506	0	0	0
LOC284240	0	0	0
LOC124904335	0	0	0
LOC105372228	0	0	0
CTDP1-DT	0	0	0
CTDP1	307	1	306
KCNG2	3	2	1
SLC66A2	651	4	647
LOC124904336	1	0	1
HSBP1L1	461	3	458
TXNL4A	1166	0	1166
RBFA	276	0	276
RBFADN	3	0	3
ADNP2	451	2	449
PARD6G-AS1	10	1	9
PARD6G	52	46	6
LOC124904337	0	0	0
WASH5P	29	0	29
LOC105376912	0	0	0
MIR1302-11	0	0	0
FAM138F	0	0	0
OR4F17	0	0	0
LINC01002	1	0	1
LOC101928344	4	0	4
LOC107985295	0	0	0
PLPP2	2428	3	2425
LOC124904605	0	0	0
MIER2	645	0	645
SPMAP2	0	0	0
LOC124904606	2	0	2
C2CD4C	13	0	13
LOC124904607	0	0	0
SHC2	0	0	0
CIMAP1D	0	0	0
LOC124904608	11	0	11
MADCAM1	0	0	0
MADCAM1-AS1	1	439	5
TPGS1	212	4	651
CDC34	1526	1	1525
GZMM	0	0	0
BSG-AS1	51	141	142
BSG	34911	110	35033
HCN2	1000	10	1737
LOC107987266	14	753	8
POLRMT	3290	79	3481
LOC105372234	99	236	137
FGF22	11	3	8
RNF126	1616	1	1615
FSTL3	22389	18	22371
PRSS57	1	0	1
PALM	1254	0	1254
MISP	3046	3	3043
LOC101928450	92	40	63
LINC01836	201	0	212
PTBP1	10155	5	10150
MIR4745	0	0	0
PLPPR3	6	0	6
MIR3187	0	0	0
AZU1	0	0	0
PRTN3	0	0	0
ELANE	0	0	0
CFD	15	0	18
MED16	424	87	340
RNU6-9	0	0	0
R3HDM4	1003	2	1001
KISS1R	0	0	0
ARID3A	399	0	399
WDR18	1347	2	1345
GRIN3B	4	183	0
TMEM259	4927	3	5103
RNU6-2	0	0	0
CNN2	3158	0	3158
ABCA7	2994	2	2992
ARHGAP45	958	163	850
POLR2E	3794	17	3832
GPX4	8038	11	8027
SBNO2	119	1	144
LOC102723798	4	19	0
LOC102725180	17	20	1
STK11	103	21	92
CBARP	259	2	283
CBARP-DT	0	15	0
ATP5F1D	4993	6	4988
LOC102723811	2	0	2
MIDN	2285	3	2282
LOC107985303	18	6	22
LOC105372236	14	24	4
CIRBP-AS1	84	11	73
CIRBP	1302	184	1119
FAM174C	1427	7	1420
EFNA2	49	0	49
PWWP3A	1042	1	1041
TRF-GAA1-6	0	0	0
TRN-GTT2-6	0	0	0
NDUFS7	2110	25	2085
GAMT	1632	0	1632
DAZAP1	3220	9	3211
RPS15	13170	8	13162
APC2	737	657	84
C19orf25	303	1	306
PCSK4	104	0	104
REEP6	1400	0	1400
ADAMTSL5	248	0	335
LOC124904609	6	93	0
LOC107985337	1	0	1
PLK5	1	0	1
MEX3D	416	0	416
MBD3	2449	2	2447
UQCR11	1875	0	1875
TCF3	1995	2	1993
ONECUT3	0	0	0
LOC101928543	0	0	0
ATP8B3	190	0	190
REXO1	734	2	851
MIR1909	0	0	0
LOC100288123	15	133	1
KLF16	775	4	771
ABHD17A	1587	3	1584
SCAMP4	1106	2	1104
ADAT3	195	0	195
LOC105372238	1	3	1
CSNK1G2	2374	0	2383
CSNK1G2-AS1	5	11	0
BTBD2	1441	45	1810
LOC124904610	56	418	56
LOC107985278	12	0	12
MKNK2	3914	7	3907
MOB3A	733	2	731
IZUMO4	10	0	10
AP3D1	3694	4	3690
DOT1L	1493	79	1758
DOT1L-AS1	0	144	0
PLEKHJ1	664	167	693
MIR1227	0	0	0
MIR6789	0	0	0
SF3A2	1432	4	1428
AMH	301	0	301
MIR4321	1	0	1
JSRP1	7	0	7
LOC105372240	1	0	1
OAZ1	10720	8	10712
PEAK3	0	0	0
LINGO3	0	0	0
LOC101928572	0	0	0
LSM7	497	0	497
SPPL2B	1060	2	1058
TMPRSS9	9	43	2
LOC124904612	5	0	11
TIMM13	1459	1	1488
LMNB2	2493	6	2487
MIR7108	0	0	0
LINC01775	0	0	0
GADD45B	505	1	504
LOC124904614	3	0	3
GNG7	16	0	16
LOC124904789	0	0	0
MIR7850	0	0	0
DIRAS1	405	0	405
SLC39A3	1041	0	1041
SGTA	1769	4	1765
THOP1	3585	1	3584
ZNF554	117	0	117
ZNF555	46	0	46
ZNF556	81	0	81
ZNF57	81	5	77
ZNF77	68	0	69
TLE6	771	0	771
TLE2	2792	4	2788
TLE5	8349	12	8337
LOC105372242	0	0	0
GNA11	1361	3	1358
LOC124904615	0	0	0
GNA15	8	0	8
GNA15-DT	5	0	5
S1PR4	18	5	13
NCLN	3389	3	3386
CELF5	7	0	12
LOC105372244	0	5	0
NFIC	2424	0	2424
SMIM24	0	0	0
SMIM44	0	0	0
LOC105372246	0	79	0
DOHH	268	1	479
LOC105372245	2	135	0
FZR1	1170	19	1161
LOC124904617	6	3	5
MFSD12	6374	16	6540
TEKTIP1	352	523	3
LOC124904618	44	1083	32
HMG20B	4151	36	5199
GIPC3	639	2	637
TBXA2R	320	0	320
CACTIN-AS1	10	392	56
CACTIN	416	111	741
PIP5K1C	909	0	909
TJP3	742	10	745
APBA3	450	13	450
LOC105372248	0	0	0
MRPL54	425	0	425
RAX2	0	0	0
MATK	1250	2	1248
ZFR2	0	0	0
ATCAY	0	0	0
NMRK2	0	0	0
DAPK3	1162	0	1162
MIR637	4	0	4
EEF2	70759	61	70698
SNORD37	0	0	0
PIAS4	855	2	854
ZBTB7A	786	4	783
MAP2K2	4434	4	4430
CREB3L3	0	0	0
SIRT6	547	0	547
ANKRD24	25	0	25
EBI3	19	0	19
YJU2	491	5	486
SHD	11	0	11
TMIGD2	0	0	0
FSD1	1	0	1
STAP2	1	0	1
MPND	180	5	177
SH3GL1	2296	9	2289
CHAF1A	2239	1977	2278
UBXN6	235	81	2187
MIR4746	0	0	0
HDGFL2	1404	8	1398
PLIN4	2598	11	2589
PLIN5	23	0	23
LRG1	1151	0	1151
SEMA6B	50	5	45
LOC105372249	0	0	0
TNFAIP8L1	273	8	267
MYDGF	4075	2	4075
DPP9	1342	3	1891
DPP9-AS1	6	457	0
LOC105372250	1	99	4
TRG-TCC1-1	0	0	0
TRV-CAC3-1	0	1	0
MIR7-3HG	0	0	0
MIR7-3	0	0	0
LOC124904620	0	0	0
FEM1A	899	4	895
TICAM1	1201	0	1201
PLIN3	5847	4	5843
ARRDC5	4	2	2
UHRF1	2127	1	2126
MIR4747	0	0	0
KDM4B	1153	4	1149
PTPRS-AS1	0	0	0
PTPRS	2471	0	2471
LOC105372253	0	0	0
LOC105372252	0	0	0
ZNRF4	0	0	0
LOC124904622	0	0	0
TINCR	1422	0	1422
SAFB2	1268	3	1266
SAFB	2403	2	2402
LOC107985320	7	5	2
MICOS13	538	4	534
HSD11B1L	74	0	74
RPL36	2079	45	2084
LONP1	6787	24	6813
CATSPERD	1	0	1
PRR22	43	0	43
DUS3L	684	2	682
NRTN	102	2	100
FUT6	0	0	0
FUT3	0	0	0
LOC101928844	0	0	0
FUT5	0	0	0
NDUFA11	8	0	8
VMAC	0	0	0
CAPS	4	10	4
RANBP3	1209	0	1219
RANBP3-DT	6	1	5
RFX2	128	0	128
RFX2-AS1	0	0	0
LOC105372255	4	0	4
ACSBG2	10	8	2
MLLT1	2690	4	2686
ACER1	0	0	0
CLPP	2012	1	2011
ALKBH7	801	4	801
PSPN	7	1	8
GTF2F1	2131	9	2122
MIR6885	0	0	0
MIR6790	0	0	0
LOC390877	0	0	0
KHSRP	5905	4	5901
MIR3940	0	0	0
SLC25A41	28	0	28
SLC25A23	3314	0	3314
CRB3	9	0	9
DENND1C	18	2	16
TUBB4A	0	0	0
TNFSF9	3953	3	3950
CD70	1683	0	1683
TNFSF14	13	0	13
C3	14176	11	14165
GPR108	2453	1	2452
MIR6791	0	0	0
TRIP10	2206	2	2204
LOC124904623	8	7	1
SH2D3A	452	14	438
VAV1	284	7	277
ADGRE1	8	0	8
LOC105372256	0	0	0
ADGRE4P	0	0	0
MARK2P21	0	0	0
LOC112268245	0	0	0
MBD3L2B	0	0	0
MBD3L5	0	0	0
MBD3L4	0	0	0
MBD3L2	0	0	0
MBD3L3	0	0	0
ZNF557	109	2	107
LOC124904625	7	0	7
INSR	461	0	461
LOC124904626	0	0	0
ARHGEF18	1703	214	1631
ARHGEF18-AS1	4	0	4
PEX11G	34	0	177
SAXO5	46	20	27
ZNF358	974	0	974
LOC105372261	2	229	2
MCOLN1	1315	7	1537
PNPLA6	2129	13	2116
CAMSAP3	589	1	588
MIR6792	0	0	0
XAB2	1842	0	1842
STXBP2	1591	0	1593
PET100	7	0	7
PCP2	6	6	4
RPS27AP19	0	0	0
RETN	0	0	0
MCEMP1	0	0	0
TRAPPC5	1338	0	1338
FCER2	0	0	0
LOC105372262	0	0	0
CLEC4G	0	0	0
CD209	0	0	0
CLEC4M	0	0	0
LOC105372263	0	0	0
CLEC4GP1	1	0	1
LOC124904628	0	0	0
EVI5L	978	1	977
PRR36	10	1	9
LYPLA2P2	1	1	0
LRRC8E	428	1	427
LOC124904630	2	0	2
MAP2K7	735	0	735
TGFBR3L	61	11	50
SNAPC2	237	2	235
CTXN1	387	7	767
LOC124904629	9	412	16
TIMM44	905	1	936
ELAVL1	1926	1	1925
LOC105372266	17	0	17
CCL25	0	0	0
FBN3	9	0	9
CERS4	47	0	47
LOC107985282	0	0	0
CD320	2717	3	2714
NDUFA7	739	0	739
RPS28	4477	5	4509
KANK3	29	34	32
ANGPTL4	2683	4	2679
RAB11B-AS1	25	252	58
LOC124904632	59	7	52
MIR4999	0	0	0
RAB11B	1332	33	1584
MARCHF2	247	0	247
HNRNPM	5203	3	5200
PRAM1	2	0	2
ZNF414	357	0	357
MYO1F	27	3	24
LOC124904633	2	0	2
ADAMTS10	819	0	819
NFILZ	0	0	0
ACTL9	0	0	0
OR2Z1	0	0	0
ZNF558	0	0	0
MBD3L1	0	0	0
MUC16	0	0	0
OR1M1	0	0	0
OR7G2	0	0	0
OR7G1	0	0	0
OR7G3	0	0	0
ZNF317	460	0	460
OR7D2	0	0	0
OR7E24	0	0	0
OR7D4	0	0	0
ZNF699	18	0	18
ZNF559	31	0	31
ZNF559-ZNF177	0	0	0
ZNF177	0	0	0
LOC112268250	0	0	0
ZNF266	396	0	396
LOC105372269	0	0	0
ZNF560	0	0	0
LOC105372268	0	0	0
ZNF426	64	0	64
ZNF426-DT	1	0	1
ZNF121	309	0	309
LOC105376914	0	0	0
ZNF561	322	0	322
ZNF561-AS1	18	0	18
ZNF562	400	8	392
ZNF812P	0	0	0
LOC105372270	0	0	0
ZNF846	16	0	16
LOC100505555	0	0	0
LOC124904635	0	0	0
FBXL12	423	2	421
LOC124900430	1	0	1
UBL5	923	0	923
PIN1-DT	0	0	0
PIN1	1085	0	1086
OLFM2	208	1	208
LOC124904636	0	0	0
COL5A3	12	0	12
RDH8	0	0	0
MIR5589	0	0	0
C3P1	0	0	0
SHFL	274	4	421
ANGPTL6	8	148	12
PPAN	99	0	99
PPAN-P2RY11	0	0	0
SNORD105	0	0	0
SNORD105B	0	0	0
P2RY11	0	0	0
EIF3G	2659	30	3028
DNMT1	4793	4	4789
S1PR2	103	0	103
MIR4322	0	0	0
MRPL4	1649	1	1660
LIMASI	1	13	0
ICAM1	1638	2	2128
ICAM4-AS1	0	494	2
ICAM4	0	1	2
ICAM5	819	0	819
FDX2-ZGLP1	0	0	0
ZGLP1	0	0	0
FDX2	0	0	0
RAVER1	2112	4	2108
ICAM3	301	97	204
TYK2	2065	0	2065
CDC37	2995	1	2994
MIR1181	0	0	0
PDE4A	242	2	240
KEAP1	1424	0	1424
S1PR5	156	0	156
ATG4D	608	46	703
MIR1238	0	0	0
KRI1	1044	100	1086
CDKN2D	126	0	126
AP1M2	385	0	385
SLC44A2	2759	0	2759
ILF3-DT	140	10	130
ILF3	7455	1	7454
QTRT1	822	0	822
DNM2	3762	4	4099
MIR638	0	0	0
LOC124904637	1	300	0
MIR4748	0	0	0
MIR199A1	1	0	1
MIR6793	0	0	0
TMED1	897	181	759
C19orf38	17	0	17
HIKESHIP2	0	0	0
CARM1	1378	239	1649
YIPF2	487	277	720
TIMM29	354	0	354
SMARCA4	4242	3	4239
LDLR-AS1	0	112	1
LDLR	2325	7	2431
MIR6886	0	0	0
SPC24	764	0	764
KANK2	2095	1	2094
DOCK6	467	0	470
DOCK6-AS1	14	6	8
ANGPTL8	0	3	0
TSPAN16	0	0	0
TSPAN16-AS1	2	0	2
RAB3D	399	0	399
TMEM205	998	0	998
CCDC159	30	1	29
PLPPR2	1289	1	1288
SWSAP1	76	11	66
EPOR	535	2	534
RGL3	399	0	399
ODAD3	27	842	26
PRKCSH	6065	6	6900
ELAVL3	1	0	1
ZNF653	187	2	185
MIR7974	0	0	0
ECSIT	988	0	988
CNN1	0	0	0
ELOF1	771	1	770
ACP5	4	6	1
LOC124904638	1	0	4
ZNF627	102	0	102
HNRNPA1P10	15	5	10
ZNF833P	5	0	5
ZNF823	36	0	36
ZNF441	6	0	6
LOC124904639	0	0	0
ZNF491	0	0	0
ZNF440	54	0	54
ZNF439	0	0	0
ZNF69	0	0	0
ZNF700	112	0	112
ZNF763	0	0	0
ZNF433-AS1	0	0	0
ZNF433	0	0	0
ZNF878	0	0	0
ZNF844	0	0	0
ZNF788P	0	0	0
ZNF625-ZNF20	0	0	0
ZNF20	0	0	0
ZNF625	0	0	0
ZNF136	46	0	46
LOC100289333	0	1	0
ZNF44	111	2	111
ZNF563	0	0	0
ZNF442	2	0	2
ZNF799	54	0	54
ZNF443	40	1	39
ZNF709	2	0	2
ZNF564	49	0	49
LINC02926	2	0	2
ZNF490	66	0	66
ZNF791	205	2	236
LOC105372279	1	32	2
MAN2B1	2020	2	2020
WDR83	178	1379	262
WDR83OS	202	8	1413
DHPS	1365	111	1496
GNG14	1	1	0
FBXW9	328	1	327
TNPO2	1800	1	1800
SNORD135	0	0	0
SNORD41	0	0	0
TRIR	3211	8	3203
GET3	2819	1	2819
BEST2	1	1	0
HOOK2	651	3257	656
MIR5684	0	0	0
JUNB	11643	16	14889
PRDX2	8049	5	8044
THSD8	2	1	1
RNASEH2A	2083	2	2081
RTBDN	17	28	41
RTBDN-AS1	12	26	38
MAST1	168	5	163
MIR6794	0	0	0
DNASE2	2374	1	2373
KLF1	0	0	0
GCDH	547	1	549
SYCE2	35	13	25
MIR5695	0	0	0
FARSA	3574	1	4385
FARSA-AS1	1	813	0
CALR	24019	18	24001
MIR6515	0	0	0
RAD23A	2201	28	2878
GADD45GIP1	2231	683	2253
DAND5	11	0	11
NFIX	12	0	12
NFIX-AS1	0	0	0
LYL1	1	0	1
LOC105372282	0	1	0
TRMT1	2006	0	2011
NACC1	4364	11	4357
STX10	1388	4	1384
IER2	8622	10	8612
CACNA1A	18	4	14
LOC107985287	0	0	0
LOC105372284	0	0	0
YJU2B	556	2	554
MRI1	1504	1	1503
C19orf53	2262	6	2256
ZSWIM4	0	0	0
LOC107985334	0	0	0
MIR23AHG	3	0	3
MIR24-2	0	0	0
MIR27A	0	0	0
MIR23A	0	0	0
NANOS3	0	0	0
MIR181C	0	0	0
MIR181D	0	0	0
BRME1	0	0	0
CC2D1A	0	0	0
PODNL1	0	0	0
DCAF15	0	0	0
RFX1	0	0	0
RLN3	0	0	0
IL27RA	0	0	0
PALM3	0	0	0
MISP3	0	0	0
MIR1199	0	0	0
C19orf67	0	0	0
SAMD1	0	0	0
PRKACA	0	0	0
SMIM46	0	0	0
LOC124904642	0	0	0
ASF1B	0	0	0
ADGRL1-AS1	0	0	0
ADGRL1	2	0	2
LINC01841	0	0	0
LINC01842	0	0	0
ADGRE5	2924	0	2924
DDX39A	2449	5	2444
PKN1	2499	1	2498
PTGER1	2	0	2
GIPC1	2490	2	2488
DNAJB1	2230	0	2232
TECR	3873	5	3870
MIR639	0	0	0
NDUFB7	1438	0	1438
CLEC17A	0	0	0
ADGRE3	0	0	0
SNORA104	88	0	88
ZNF333	35	41	38
ADGRE2	157	4	197
OR7C1	0	0	0
OR7A5	0	0	0
OR7A10	0	0	0
OR7A17	0	0	0
OR7C2	0	0	0
SLC1A6	0	0	0
TEKTL1	0	0	0
CASP14	17	0	17
OR1I1	0	0	0
SYDE1	1632	1	1631
HACL2	1059	5	1054
ILVBL-AS1	1	1	0
NOTCH3	16	0	16
MIR6795	0	0	0
EPHX3	1	0	1
BRD4	1360	0	1360
LOC124904643	2	142	2
AKAP8	758	0	900
AKAP8L	1131	6	1125
WIZ	1362	4	1358
MIR1470	0	0	0
RASAL3	0	0	0
PGLYRP2	0	0	0
CYP4F22	0	0	0
LOC124904644	0	0	0
CYP4F8	0	0	0
CYP4F3	0	0	0
CYP4F12	75	0	75
OR10H2	0	0	0
OR10H3	0	0	0
CYP4F24P	0	0	0
OR10H5	0	0	0
OR10H1	0	0	0
LOC124900418	1	0	1
UCA1	0	0	0
CLEC4OP	0	0	0
CYP4F2	0	0	0
CYP4F11	1	0	1
OR10H4	0	0	0
LOC105372291	0	0	0
LINC00661	0	0	0
LINC00905	0	0	0
LINC01855	0	0	0
TPM4	2697	16	2681
RAB8A	1061	0	1392
HSH2D-AS1	4	335	0
HSH2D	27	0	27
CIB3	0	0	0
FAM32A	1013	0	1013
AP1M1	1248	0	1248
KLF2-DT	0	0	0
KLF2	196	1	195
EPS15L1	554	1	553
CALR3	1	0	1
C19orf44	155	719	206
CHERP	1120	72	1818
SLC35E1	1177	0	1177
LOC105372295	9	35	11
MED26	281	7	311
LOC105372296	5	0	5
SMIM7	631	0	631
LOC124904647	7	0	7
TMEM38A	64	0	64
NWD1	2	0	2
LOC124904648	0	0	0
SIN3B	1728	2	1726
F2RL3	2	0	2
CPAMD8	28	0	28
HAUS8	333	0	333
MYO9B	1287	0	1287
SNORA118	0	0	0
USE1	300	0	300
OCEL1	497	0	497
NR2F6	4665	17	4648
USHBP1	3	0	3
BABAM1	1871	0	1871
ANKLE1	48	0	48
ABHD8	477	69	715
MRPL34	1894	266	1935
DDA1	1378	3	1378
ANO8	761	1	765
GTPBP3	916	4	914
PLVAP	3	0	3
LOC105372298	0	0	0
CCDC194	28	0	28
BST2	8774	2	8776
BISPR	103	7	100
MVB12A	1019	1	1018
TMEM221	5	5	0
NXNL1	2	0	2
SLC27A1	347	16	380
PGLS-DT	4	759	9
PGLS	789	2	1502
NIBAN3	5	1	4
COLGALT1	4750	2	4748
UNC13A	205	0	205
MAP1S	1188	2	1300
FCHO1-AS1	0	114	0
FCHO1	262	0	262
B3GNT3	59	0	59
INSL3	4	0	4
JAK3	207	1	206
RPL18A	23207	22	23185
SNORA68	27	0	27
SLC5A5	0	0	0
CCDC124	1436	3	1433
KCNN1	35	2	33
ARRDC2	847	1	846
IL12RB1	7	0	7
MAST3	409	7	454
LOC124904650	0	50	2
PIK3R2	3457	9	3448
IFI30	5956	3	5953
MPV17L2	810	0	810
RAB3A	53	0	53
LOC102725254	0	0	1
PDE4C	19	3	17
CIST1	0	0	0
IQCN	33	0	33
JUND	3718	6	3712
MIR3188	0	0	0
LOC124904652	22	0	22
LOC124904653	10	0	10
LSM4	3256	17	4497
LOC105372300	6	1258	6
LOC124904654	4	0	4
PGPEP1	300	1	300
GDF15	978	0	978
MIR3189	10	0	10
LRRC25	1	0	1
SSBP4	1821	3	1916
ISYNA1	64	100	61
ELL	543	5	539
FKBP8	7221	5	7217
KXD1	1355	1	1354
UBA52	8955	5	8950
REX1BD	670	9	661
CRLF1	658	3	655
TMEM59L	66	0	66
KLHL26	352	0	352
CRTC1	208	0	208
COMP	0	0	0
UPF1	2618	0	2618
CERS1	5	0	5
GDF1	0	0	0
COPE	3098	2	3098
DDX49	1361	5	1358
HOMER3	1481	10	1478
HOMER3-AS1	5	7	5
SUGP2	1697	112	1696
ARMC6	734	1	844
LOC124904655	2	2	0
SLC25A42	134	0	134
TMEM161A	1095	1	1094
BORCS8-MEF2B	0	0	0
MEF2B	0	0	0
BORCS8	98	0	98
RFXANK	733	148	904
NR2C2AP	240	175	378
NCAN	1	0	1
HAPLN4	0	0	0
TM6SF2	0	0	0
SUGP1	593	1	592
MAU2	1130	1	1132
LOC124904656	0	36	1
GATAD2A	1477	7	1504
MIR640	0	0	0
TSSK6	86	0	86
NDUFA13	1703	0	1703
YJEFN3	149	0	149
CILP2	23	0	23
PBX4	62	0	62
LPAR2	157	0	157
GMIP	362	0	362
ATP13A1	3341	4	3337
ZNF101	163	1	163
ZNF14	31	0	32
LOC101060187	0	0	0
LINC00663	8	0	8
ZNF56P	6	0	6
ZNF506	6	6	0
LOC124904664	0	0	0
ZNF253	2	0	2
ZNF93	0	0	0
LOC124904665	0	0	0
ZNF682	0	0	0
LOC105372308	0	0	0
LOC105372309	0	0	0
ZNF90	0	0	0
LOC105372310	11	11	0
LOC124904662	0	0	0
LOC124904667	0	0	0
ZNF486	0	0	0
LOC102724427	0	0	0
LOC105372314	0	0	0
LOC124904660	0	0	0
ZNF826P	0	0	0
MIR1270	0	0	0
LOC124904663	0	0	0
LOC105372317	0	0	0
LOC105372316	0	0	0
ZNF737	0	0	0
LOC105372318	0	0	0
ZNF626	8	0	8
LOC105372319	0	0	0
ZNF66	1	0	1
ZNF85	0	0	0
LOC112268247	0	0	0
ZNF430	27	0	27
ZNF714	221	0	221
ZNF431	163	0	163
ZNF708	45	0	45
ZNF738	105	0	105
ZNF493	32	0	32
LOC105372321	0	0	0
LINC00664	0	0	0
ZNF429	1	0	1
LOC124904670	0	0	0
LOC101929007	0	0	0
LOC105372323	1	0	1
LOC400682	0	0	0
ZNF100	0	0	0
CCNYL6	0	0	0
ZNF43	1	0	1
LOC105372324	0	0	0
LOC105372326	0	0	0
LOC105372325	0	0	0
ZNF208	0	0	0
LOC124904672	0	0	0
LOC112268248	0	0	0
ZNF257	0	0	0
ZNF676	0	0	0
ZNF729	0	0	0
LOC105372330	0	0	0
ZNF98	0	0	0
LOC105376917	0	0	0
LOC101929124	0	0	0
LINC01233	0	0	0
LOC105372331	0	0	0
GOLGA2P9	0	0	0
LOC100996349	0	0	0
LINC01785	0	0	0
ZNF492	0	0	0
ZNF99	0	0	0
ZNF723	0	0	0
LOC105372332	0	0	0
ZNF728	0	0	0
LINC01859	0	0	0
LINC01858	0	0	0
ZNF730	0	0	0
ZNF724	0	0	0
IPO5P1	0	0	0
ZNF91	55	0	55
LOC124904675	0	0	0
LOC124904674	0	0	0
LOC107985285	0	0	0
LINC01224	0	0	0
LOC105372335	0	0	0
LOC105372334	0	0	0
LOC105372337	1	0	1
LOC105372338	40	0	40
LOC105372339	0	0	0
ZNF675	77	0	77
ZNF681	0	0	0
RPSA2	2613	1	2612
LOC124904677	0	0	0
ZNF726	8	0	8
ZNF276-AS1	1	0	1
ZNF254	79	0	79
LINC03085	0	0	0
HAVCR1P1	0	0	0
LOC124904678	0	0	0
LOC105372345	3	0	3
LINC00662	39	25	62
LINC02987	73	23	98
LOC105372348	0	0	0
LOC105372347	0	0	0
LOC105372346	0	0	0
LOC100420587	0	0	0
LOC105372349	0	0	0
LOC124904681	0	0	0
ERVE-5	0	0	0
LOC124904679	0	0	0
LOC124904797	0	0	0
LINC00906	0	0	0
LOC102724958	0	0	0
LINC01532	0	0	0
LOC124904682	0	0	0
UQCRFS1	2410	6	2404
UQCRFS1-DT	3	0	3
VSTM2B-DT	0	0	0
LOC124904683	0	0	0
VSTM2B	0	0	0
POP4	621	1	620
LOC105372353	9	0	9
PLEKHF1	163	0	163
C19orf12	329	0	329
LOC107985345	0	0	0
CCNE1	667	1	666
URI1	707	1	706
LOC107985271	0	0	0
ZNF536	0	0	0
ZNF536-AS1	0	0	0
LOC105372354	0	0	0
LINC01834	0	0	0
LOC105372355	0	0	0
LOC124900621	0	0	0
LOC105372356	0	0	0
LOC105372358	0	0	0
TSHZ3	0	0	0
LINC01791	0	0	0
TSHZ3-AS1	0	0	0
LOC124904794	0	0	0
LINC02841	0	0	0
LINC03103	0	0	0
LOC105372361	0	0	0
LOC105372362	0	0	0
LINC01837	0	0	0
LOC105372364	0	0	0
LINC01533	0	0	0
LOC105376899	0	0	0
LINC01782	0	0	0
LOC124904688	0	0	0
ZNF507	240	0	240
LOC124904689	0	0	0
DPY19L3-DT	5	0	9
DPY19L3	290	4	290
PDCD5	712	0	712
ANKRD27	593	0	593
SNORA68B	0	0	0
RGS9BP	10	0	10
NUDT19-DT	5	76	37
NUDT19	389	32	465
LOC124904690	16	8	8
TDRD12	0	0	0
SLC7A9	0	0	0
CEP89	136	0	136
FAAP24	110	0	110
RHPN2	505	1	504
GPATCH1	193	0	193
WDR88	1	11	1
LOC124904691	6	0	17
TRT-AGT1-3	0	0	0
LRP3	668	2	666
SLC7A10	0	0	0
CEBPA	1478	6	1472
CEBPA-DT	6	0	6
CEBPG	504	0	504
PEPD	918	0	1182
LOC124904692	2	266	0
LOC105372370	0	0	0
LOC100996681	0	0	0
CHST8	0	0	0
KCTD15	1038	3	1035
LOC124904693	0	0	0
SUNO1	0	0	0
LOC105372371	0	0	0
LSM14A	50	0	50
GARRE1	150	3	147
GPI	803	0	803
PDCD2L	0	0	0
LOC124904695	1	0	1
UBA2	0	0	0
WTIP	0	0	0
ZNF807P	0	0	0
LOC105372374	0	0	0
SCGB1B2P	1	0	1
SCGB2B2	0	0	0
SCGB2B3P	0	0	0
ZNF302	77	9	77
ZNF181	81	21	60
LOC124904698	0	0	0
ZNF599	28	0	28
LOC124904696	0	0	0
LINC01801	0	0	0
LINC02965	0	0	0
LINC03049	0	0	0
LINC00904	0	0	0
LINC01838	0	0	0
ZNF30-AS1	0	0	0
ZNF30	33	1	32
ZNF792	47	0	50
LOC124904699	0	3	0
LOC124904700	0	0	0
GRAMD1A	2490	1	2489
SCN1B	29	0	29
HPN	2	0	2
HPN-AS1	0	4	0
LOC124904701	12	0	16
FXYD3	132	0	132
MIR6887	0	0	0
LGI4	7	0	7
FXYD1	5	1	4
FXYD7	2	2	0
FXYD5	3215	4	3211
LOC105372379	0	0	0
FAM187B	0	0	0
LSR	382	4	378
LOC105372380	2	0	2
USF2	2155	2	2153
HAMP	0	0	0
MAG	8	0	8
CD22	35	0	35
MIR5196	0	0	0
FFAR1	1	0	1
FFAR3	0	0	0
GPR42	0	0	0
LINC01531	0	0	0
LOC101927522	0	0	0
FFAR2	1	0	1
KRTDAP	0	0	0
LOC124904703	0	0	0
DMKN	7	0	7
SBSN	0	0	0
GAPDHS	64	97	0
TMEM147-AS1	37	1199	72
TMEM147	1208	4	2404
ATP4A	0	0	0
LOC124904704	0	0	0
PMIS2	0	0	0
LINC01766	0	0	0
HAUS5-DT	0	0	0
HAUS5	715	0	715
RBM42	2276	1	2275
ETV2	23	3	20
COX6B1	2320	0	2320
UPK1A	0	1	1
UPK1A-AS1	1	2	2
ZBTB32	14	7	7
KMT2B	1278	1	1295
IGFLR1	157	17	158
U2AF1L4	129	5	130
PSENEN	549	3	552
LIN37	169	0	169
HSPB6	7	0	7
PROSER3	278	0	278
ARHGAP33	76	0	76
TEX14BP	0	0	0
PRODH2	0	0	0
NPHS1	15	0	15
KIRREL2	2	2	0
LOC107985317	0	0	0
APLP1	646	0	656
LOC124904705	0	10	0
NFKBID	114	1	113
HCST	9	0	9
TYROBP	0	0	0
LRFN3	298	0	298
LOC105372383	1	0	1
SDHAF1	355	0	355
SYNE4	13	3	10
ALKBH6	476	2	474
LOC101927572	10	16	22
CLIP3	32	20	42
THAP8	113	1	112
WDR62	994	0	994
OVOL3	2	2	0
POLR2I	260	6	324
TBCB	920	79	911
LOC105372385	3	1	3
CAPNS1	5001	4	5002
COX7A1	0	4	0
ZNF565	27	1	27
ZNF146	426	0	459
LOC107985304	1	32	0
LOC124904707	386	1	385
CYKILR	0	0	0
LINC00665	8	0	8
ZFP14	12	0	12
ZFP82	33	2	31
ACOT4P1	0	0	0
ZNF566	58	0	58
ZNF566-AS1	29	0	29
ZNF260	138	0	138
ZNF529	115	15	104
ZNF529-AS1	20	3	20
ZNF382	4	0	5
ZNF461	3	0	3
ZNF567	29	4	29
ZNF567-DT	1	0	5
ZNF850	6	1	5
LOC728485	0	0	0
ZNF790-AS1	0	0	0
ZNF790	0	0	0
ZNF345	0	0	0
ZNF829	7	0	7
ZNF568	8	0	8
ZNF420	29	0	29
LOC105372390	1	0	1
ZNF585A	0	0	0
ZNF585B	1	0	1
ZNF383	83	2	81
LINC01535	2	0	2
LOC284412	0	0	0
ZNF875	82	0	82
ZNF527	36	1	35
ZNF569	12	0	12
ZNF570	0	0	0
ZNF793-AS1	0	0	0
ZNF793	0	0	0
LOC124904708	0	0	0
ZNF571-AS1	1	7	0
ZNF540	3	0	3
ZNF571	13	0	19
ZFP30	36	2	34
ZNF781	0	0	0
ZNF607	75	0	75
ZNF573	7	0	7
LOC105372394	1	1	0
LOC644554	0	0	0
WDR87BP	0	0	0
LOC105372395	0	0	0
WDR87	0	0	0
LOC107985301	0	0	0
SIPA1L3	619	3	617
LOC105372396	0	0	0
SNORD152	0	0	0
DPF1	52	1	52
PPP1R14A	0	0	0
SPINT2	106	0	106
YIF1B	1722	561	1765
C19orf33	0	43	561
KCNK6	1	0	1
CATSPERG	5	1	4
LOC124904798	0	0	0
PSMD8	1763	1	1762
GGN	18	15	3
SPRED3	54	0	54
FAM98C	278	0	278
RASGRP4	0	0	0
RYR1	5	0	5
LOC124904710	0	0	0
MAP4K1	0	0	0
MAP4K1-AS1	0	0	0
EIF3K	0	0	0
ACTN4	0	0	0
LOC107985291	0	0	0
CAPN12	0	0	0
LOC124904711	0	0	0
LGALS7	0	0	0
LGALS7B	0	0	0
LGALS4	0	0	0
ECH1	8	0	8
LOC124904712	0	0	0
HNRNPL	0	0	0
RINL	0	0	0
SIRT2	0	0	0
NFKBIB	1	0	1
CCER2	0	0	0
SARS2	0	0	0
MRPS12	0	0	0
LOC124904713	4	0	4
FBXO17	0	0	0
FBXO27	46	0	46
ACP7	0	0	0
PAK4	1520	3	1517
PAK4-AS1	0	0	0
LOC124904716	0	0	0
NCCRP1	102	0	102
SYCN	0	0	0
LOC124904717	0	0	0
IFNL3	0	0	0
IFNL4	0	0	0
IFNL2	0	0	0
IFNL1	0	0	0
LRFN1	0	0	0
GMFG	0	0	0
SAMD4B	1591	3	1611
PAF1	1372	28	1367
MED29	899	6	893
ZFP36	1695	0	1695
MIR4530	0	0	0
TRI-TAT1-1	0	0	0
PLEKHG2	604	1	603
RPS16	16047	9	16038
SUPT5H	3813	3	3810
SNORD175	0	0	0
TIMM50	1640	0	1640
LOC124904718	15	0	15
DLL3	46	0	46
SELENOV	0	0	0
EID2B	92	0	92
EID2	544	10	534
LOC105372399	0	0	0
LGALS13	0	0	0
LOC100129935	0	0	0
LGALS16	0	0	0
LGALS17A	0	0	0
LGALS14	0	0	0
CLC	0	0	0
LEUTX	0	0	0
LOC124904719	0	0	0
DYRK1B	0	0	0
MIR6719	0	0	0
FBL	0	0	0
FCGBP	0	0	0
LOC124904722	0	0	0
LOC124904720	0	0	0
PSMC4	1	0	1
ZNF546	0	0	0
ZNF780B	0	0	0
ZNF780A	0	0	0
MAP3K10	615	5	610
TTC9B	3	3	0
CCNP	12	0	12
AKT2	2672	1	2671
LOC107985289	4	0	4
MIR641	3	0	3
C19orf47	468	1	468
PLD3	3369	0	3370
MIR6796	0	0	0
HIPK4	1	0	1
PRX	173	2	171
SERTAD1	399	1	398
SERTAD3	571	0	586
SERTAD3-AS1	0	15	0
BLVRB	1925	0	1925
SPTBN4	17	2	15
SHKBP1	1847	5	1842
LTBP4	2544	4	2540
NUMBL	761	0	761
COQ8B	842	0	842
ITPKC	274	1	273
ACTMAP	508	0	513
SNRPA	2573	8	2570
MIA	0	0	0
MIA-RAB4B	0	0	0
RAB4B-EGLN2	0	0	0
RAB4B	0	0	0
EGLN2	6	0	6
CYP2T1P	4	4	0
CYP2A6	1	1	0
CYP2A7	0	0	0
CYP2G1P	0	0	0
CYP2B7P	2	0	2
CYP2B6	0	0	0
CYP2A13	0	0	0
CYP2F1	0	0	0
LOC124904790	0	0	0
CYP2S1	426	0	426
AXL	2137	2	2135
HNRNPUL1	6229	10	6313
LOC105372401	6	96	4
CCDC97	1088	3	1085
TGFB1	1250	2	1248
B9D2	50	3	95
TMEM91	32	54	26
EXOSC5	911	0	911
BCKDHA	2379	2	2377
B3GNT8	5	4	1
DMAC2	753	1	752
ERICH4	0	0	0
LOC107985329	0	0	0
PCAT19	0	0	0
LINC01480	0	0	0
CEACAM21	0	0	0
LOC105372404	0	0	0
CEACAM4	0	0	0
LOC105372405	0	0	0
CEACAM7	0	0	0
CEACAM5	0	0	0
CEACAM6	0	0	0
LOC112268252	0	0	0
CEACAM3	0	0	0
LYPD4	0	0	0
DMRTC2	0	0	0
RPS19	16075	8	16067
MIR6797	1	0	1
CD79A	5	0	5
ARHGEF1	1394	0	1394
ERFL	3	0	3
RABAC1	1425	1	1424
ATP1A3	13	0	13
GRIK5	10	0	10
ZNF574	528	0	528
POU2F2	8	0	8
LNROP	0	0	0
MIR4323	0	0	0
POU2F2-AS2	0	0	0
DEDD2	630	0	630
ZNF526	428	1	427
GSK3A	1816	41	1775
ERF	2150	0	2150
CIC	1997	3	1994
PAFAH1B3	278	41	830
PRR19	69	552	110
TMEM145	8	0	8
MEGF8	1512	0	1512
MIR8077	0	0	0
CNFN	75	0	75
LOC101930071	0	1	2
LIPE-AS1	24	0	28
LIPE	10	7	8
CXCL17	2	1	1
CEACAM1	91	13	88
LOC105372407	1	0	2
CEACAM8	0	0	0
PSG3	0	0	0
PSG8	0	0	0
PSG8-AS1	0	0	0
PSG10P	1	0	1
PSG1	9	0	9
PSG6	0	0	0
PSG7	0	0	0
PSG11	0	0	0
PSG2	0	0	0
PSG11-AS1	0	1	0
PSG5	4	0	5
PSG4	34	0	34
LOC284344	4	0	4
PSG9	5	0	5
LINC03078	33	1	32
PRG1	0	0	0
CD177	130	0	130
TEX101	0	0	0
LYPD3	3705	6	3699
PHLDB3	236	1	235
ETHE1	808	0	808
ZNF575	11	5	7
XRCC1	582	1	625
PINLYP	1	42	2
IRGQ	509	0	509
ZNF576	252	0	252
ZNF428	100	0	340
SRRM5	7	149	4
LOC105372411	2	35	1
CADM4	129	3	155
PLAUR	1290	8	1576
LOC124904724	4	290	8
LOC105372412	7	1	6
IRGC	2	2	0
SMG9	638	0	638
KCNN4	1060	0	1060
LYPD5	0	0	0
ZNF283	84	0	84
ZNF404	0	0	0
LOC100505715	1	0	1
ZNF45-AS1	3	15	0
ZNF45	103	0	115
ZNF221	39	0	39
ZNF155	28	5	49
ZNF230-DT	8	22	12
ZNF230	70	0	70
ZNF222-DT	1	0	1
ZNF222	43	0	43
ZNF223	31	0	31
ZNF284	39	0	39
ZNF224	35	1	106
ZNF225-AS1	0	71	1
ZNF225	37	0	37
ZNF234	55	0	55
ZNF226	100	0	100
ZNF227	45	16	51
LOC124904726	7	16	12
ZNF233	1	1	0
ZNF235	23	0	24
ZNF112	36	0	36
ZNF285	0	0	0
ZNF229	0	0	0
ZNF180	80	0	80
CEACAM20	0	0	0
CEACAM22P	1	0	1
IGSF23	5	3	2
PVR	2332	9	2323
MIR4531	0	0	0
CEACAM19	72	5	67
LOC107985306	5	3	2
CEACAM16-AS1	29	4	35
CEACAM16	0	10	0
BCL3	1167	2	1165
MIR8085	0	0	0
CBLC	0	0	0
BCAM	9	0	9
NECTIN2	2076	0	2076
TOMM40	3501	6	3495
APOE	15	0	15
APOC1	0	0	0
APOC1P1	0	0	0
APOC4	0	0	0
APOC4-APOC2	0	0	0
APOC2	0	0	0
CLPTM1	3673	5	3668
RELB	417	0	417
CLASRP	773	0	773
ZNF296	96	4	123
GEMIN7	129	36	601
GEMIN7-AS1	6	479	1
PPP1R37	519	1	518
NKPD1	7	0	7
LOC105372420	0	0	0
TRAPPC6A	203	0	203
BLOC1S3	369	0	369
EXOC3L2	0	0	0
MARK4	469	2	467
CKM	1	1	0
KLC3	10	205	12
ERCC2	793	2	998
PPP1R13L	1928	0	1928
POLR1G	70	298	448
ERCC1	856	386	1146
MIR6088	0	0	0
FOSB	1069	1	1068
TRU-TCA1-1	0	0	0
RTN2	788	9	788
PPM1N	19	5	41
LOC107985314	11	27	5
VASP	2816	5	2818
LOC107985315	0	2	0
OPA3	683	4	679
GPR4	0	0	0
EML2	2608	422	2715
MIR330	2	0	2
EML2-AS1	20	112	438
GIPR	26	5	25
MIR642A	0	0	0
MIR642B	0	0	0
SNRPD2	2532	2	2534
QPCTL	1102	2	1100
FBXO46	1307	1	1306
MEIOSIN	9	0	9
SIX5	1052	86	1203
DM1-AS	15	847	37
DMPK	2040	27	2643
DMWD	878	0	878
RSPH6A	0	0	0
SYMPK	3425	2	3423
FOXA3	1	0	1
IRF2BP1	1204	0	1204
MYPOP	144	0	144
NANOS2	0	0	0
NOVA2	0	0	0
CCDC61	108	0	108
MIR769	0	0	0
PGLYRP1	2	2	0
LOC105372421	3	0	3
IGFL4	5	5	0
IGFL2	77	107	24
IGFL3	0	0	0
LOC105372424	16	0	16
IGFL2-AS1	74	0	128
LOC93429	0	0	0
IGFL1	0	0	0
LOC124904728	0	0	0
HIF3A	0	0	0
PPP5C	2019	0	2041
PPP5C-AS1	70	92	0
CCDC8	0	0	0
PNMA8C	0	0	0
PNMA8A	0	0	0
PNMA8B	0	0	0
PPP5D1P	0	0	0
CALM3	2194	2	3924
LOC124904729	5	1718	2
PTGIR	1	15	1
GNG8	0	0	0
DACT3	7	1	6
DACT3-AS1	0	0	0
PRKD2	805	1	804
MIR320E	0	0	0
LOC107987269	2	0	2
STRN4	2193	8	2189
FKRP	276	2	278
SLC1A5	2436	33	2403
SNAR-E	0	0	0
AP2S1	1978	1	1977
LOC124904791	17	12	17
ARHGAP35	1637	2	1647
NPAS1	29	0	29
TMEM160	871	3	868
ZC3H4	886	3	884
SAE1	2736	3	2734
LOC124904730	2	0	2
BBC3	190	1	189
MIR3190	0	13	0
MIR3191	0	0	5
LOC124904731	7	0	7
CCDC9	367	0	367
INAFM1	0	0	0
C5AR1	351	0	351
C5AR2	696	0	696
DHX34	896	1	895
MEIS3	530	1	529
SLC8A2	1	0	1
KPTN	154	4	153
NAPA-AS1	7	523	31
NAPA	1174	13	1694
ZNF541	1	0	1
BICRA-AS2	3	0	17
BICRA	375	15	374
EHD2	3702	9	3693
LOC124904733	4	3	1
NOP53	4935	9	4936
SNORD23	15	0	15
NOP53-AS1	1	11	0
SELENOW	1045	0	1045
TPRX1	0	0	0
CRX	0	0	0
TPRX2	0	0	0
LINC01595	0	0	0
SULT2A1	0	0	0
SNAR-A12	0	0	0
SNAR-C5	0	0	0
SNAR-A1	0	0	0
SNAR-A3	0	0	0
SNAR-C2	0	0	0
SNAR-A2	0	0	0
SNAR-C4	0	0	0
SNAR-A13	0	0	0
SNAR-C3	0	0	0
SNAR-C1	0	0	0
BSPH1	0	0	0
ELSPBP1	0	0	0
CABP5	0	0	0
PLA2G4C	56	0	75
PLA2G4C-AS1	0	19	0
LIG1	1896	1	1895
LIG1-AS1	1	1	0
ZSWIM9	274	0	274
CARD8	118	8	128
LOC124904734	0	2	0
CARD8-AS1	15	14	17
ZNF114-AS1	0	0	0
ZNF114	0	0	0
ODAD1	15	17	18
LOC124904735	14	3	26
EMP3	1739	2	1737
TMEM143	269	0	269
SYNGR4	6	0	6
KDELR1	4309	0	4311
GRIN2D	806	17	791
GRWD1	1634	3	1631
KCNJ14	23	0	44
LOC105372430	0	203	0
CYTH2	807	0	989
LMTK3	200	1	199
SULT2B1	29	0	29
FAM83E	1	0	1
SPACA4	0	0	0
RPL18	12052	6	12049
SPHK2	337	6	386
DBP	478	52	478
CA11	611	1	666
SEC1P	1	56	1
NTN5	1	0	1
LOC105372431	0	0	0
FUT2	0	7	0
LOC105447645	0	0	3
MAMSTR	6	0	10
RASIP1	2142	2	2140
LOC124904737	5	5	0
IZUMO1	3	1	2
FUT1	30	0	30
FGF21	1	0	1
BCAT2	1330	1	1350
LOC105372432	0	21	0
HSD17B14	18	0	18
PLEKHA4	153	0	153
PPP1R15A	766	1	765
TULP2	1	1	0
NUCB1	3990	4	5977
NUCB1-AS1	0	1991	0
DHDH	1	0	1
BAX	833	1	832
FTL	15768	16	15752
GYS1	2903	0	2903
RUVBL2	3018	2	3016
MIR6798	0	0	0
LHB	5	5	0
SAXO3	0	0	0
LOC124904738	3	0	3
CGB3	0	0	0
SNAR-G2	0	0	0
CGB2	0	0	0
CGB1	0	0	0
SNAR-G1	0	0	0
CGB5	0	0	0
CGB8	1	0	1
CGB7	0	0	0
NTF4	0	0	0
KCNA7	0	0	0
SNRNP70	6058	14	6044
LIN7B	59	0	61
C19orf73	15	4	13
PPFIA3	431	4	427
HRC	0	0	0
TRPM4	347	0	347
LOC107985340	0	0	0
SLC6A16	93	0	95
MIR4324	6	0	6
CD37	43	47	0
TEAD2	632	2	633
DKKL1	7	2	6
LOC101928295	2	2	0
KASH5	0	0	0
LOC124904740	0	0	0
PTH2	3	0	3
GFY	16	0	16
SLC17A7	0	0	0
PIH1D1	1653	0	1670
ALDH16A1	1256	20	1253
FLT3LG	39	1	38
RPL13A	46206	15	46191
SNORD32A	7	0	7
SNORD33	0	0	0
SNORD34	0	0	0
SNORD35A	5	0	5
RPS11	13865	6	13859
SNORD35B	4	0	4
MIR150	0	0	0
FCGRT	0	0	0
RCN3	290	0	290
NOSIP	1160	0	1160
PRRG2	22	0	22
PRR12	1171	1	1170
RRAS	655	6	649
SCAF1	2446	1	2445
IRF3	1408	5	1748
BCL2L12	861	356	850
PRMT1	2832	1	2831
MIR5088	0	0	0
ADM5	19	0	19
CPT1C	78	0	78
TSKS	0	2	0
LOC105372434	1	0	3
AP2A1	2935	6	4009
MIR6799	0	0	0
LOC124904742	3	977	0
FUZ	0	107	0
LOC105372435	0	0	1
MED25	1270	5	1547
MIR6800	0	0	0
PTOV1-AS1	1	280	3
PTOV1	1170	171	2694
MIR4749	0	0	0
PTOV1-AS2	52	1629	119
PNKP	818	1	824
AKT1S1	2143	93	2143
TBC1D17	81	5	675
LOC124904743	14	534	0
MIR4750	0	0	0
IL4I1	7	0	7
NUP62	2124	1	2123
ATF5	140	202	242
MIR4751	0	0	0
SIGLEC11	0	0	0
LOC124904802	0	0	0
LOC124904745	0	0	0
SIGLEC16	4	4	0
VRK3	516	1	515
ZNF473	212	0	241
ZNF473-AS1	6	35	0
ZNF473CR	0	0	0
SNAR-A4	0	0	0
SNAR-A14	0	0	0
SNAR-A5	0	0	0
SNAR-A6	0	0	0
SNAR-A7	0	0	0
SNAR-A8	0	0	0
SNAR-A9	0	0	0
SNAR-A10	0	0	0
SNAR-A11	0	0	0
SNAR-B1	0	0	0
LOC105372436	0	0	0
SNAR-B2	0	0	0
SNAR-D	0	0	0
IZUMO2	0	0	0
LOC124904746	23	0	23
MYH14	10	0	10
KCNC3	1	0	1
LOC105372437	0	0	0
NAPSB	2	0	2
NAPSA	0	0	0
NR1H2	1900	0	1900
POLD1	2381	0	2381
SPIB	2	0	2
MYBPC2	2	1	1
GARIN5A	10	342	12
EMC10	1735	3	2076
MYREM	0	0	0
JOSD2	213	3	215
LOC124904747	0	2	4
ASPDH	3	3	0
LRRC4B	4	3	1
SNAR-F	0	0	0
SYT3	0	0	0
C19orf81	1	0	7
SHANK1	1	6	1
CLEC11A	0	0	0
GPR32	1	1	0
SMIM47	1	0	1
LOC105372439	5	0	5
ACP4	13	13	0
C19orf48P	2069	0	2071
SNORD88B	2	0	2
SNORD88A	3	0	3
SNORD88C	0	0	0
TMEM277P	1	2	1
KLK1	1	0	1
KLK15	0	0	0
LOC105372441	0	0	0
KLK3	0	0	0
KLK2	0	0	0
KLKP1	0	0	0
KLK4	0	0	0
PPIAP59	0	0	0
KLK5	1	0	1
LOC105372442	0	0	0
KLK6	0	0	0
KLK7	0	0	0
KLK8	0	0	0
KLK9	0	0	0
KLK10	0	0	0
KLK11	0	0	0
KLK12	0	0	0
KLK13	0	0	0
KLK14	3	0	3
CTU1	242	0	242
SIGLEC9	0	0	0
LOC124904749	0	0	0
SIGLEC7	0	0	0
LOC101928517	0	0	0
SIGLEC17P	0	0	0
LOC107985327	0	0	0
MIR8074	0	0	0
LOC124904751	0	0	0
CD33	0	0	0
SIGLECL1	0	0	0
LINC01872	0	0	0
LOC107985326	0	0	0
IGLON5	5	5	0
VSIG10L	58	3	64
VSIG10L-AS1	2	7	4
ETFB	2900	3	2897
CLDND2	45	7	38
NKG7	0	1	0
LOC124904752	0	0	1
LIM2	0	0	0
LIM2-AS1	0	0	0
C19orf84	1	0	1
SIGLEC10	1	2	0
SIGLEC10-AS1	1	0	2
SIGLEC8	0	0	0
CEACAM18	0	0	0
SIGLEC12	0	0	0
SIGLEC6	0	0	0
ZNF175	80	0	80
LINC01530	0	0	0
SIGLEC5	0	0	0
LOC124904753	0	0	0
SIGLEC14	0	0	0
LOC124904796	0	0	0
SPACA6	170	18	206
SPACA6-AS1	0	37	16
MIR99B	0	0	0
MIRLET7E	0	0	0
MIR125A	0	0	0
HAS1	2	3	0
LOC124904754	0	0	0
FPR1	0	0	0
FPR2	0	0	0
LOC105372448	0	0	0
FPR3	0	0	0
ZNF577	0	0	0
ZNF649-AS1	0	0	0
ZNF649	0	0	0
ZNF613	9	0	9
ZNF350-AS1	1	1	0
ZNF350	27	1	26
ZNF615	0	0	0
LOC124904755	0	1	0
ZNF614	19	0	21
LOC112268244	7	3	5
ZNF432	89	3	86
ZNF841	58	0	58
ZNF616	56	0	56
ZNF836	9	0	9
PPP2R1A	6502	7	6495
MIR6801	0	0	0
LOC105372449	1	0	1
LOC124904763	0	6	0
ZNF766	132	0	138
MIR643	1	0	1
ZNF480	57	0	57
ZNF610	1	0	1
ZNF880	1	0	1
ZNF528-AS1	0	0	0
ZNF528	0	0	0
ZNF534	0	0	0
ZNF578	0	0	0
ZNF808	8	0	8
ZNF701	0	0	0
ZNF137P	0	0	0
LOC137778871	0	4	0
ZNF83	0	0	0
LOC122539214	0	0	0
ZNF611	12	0	14
LOC124904760	0	2	0
LOC105372452	0	0	0
ZNF600	12	0	12
ZNF28	74	0	74
ZNF468	73	0	77
ZNF320	237	0	237
ZNF888	34	0	35
ZNF888-AS1	1	2	1
ZNF816-ZNF321P	0	0	0
ZNF321P	0	0	0
LOC124904761	4	4	0
ZNF816	30	0	30
ZNF702P	0	0	0
LOC105372453	0	0	0
LOC124904758	0	0	0
ERVV-1	0	0	0
ERVV-2	3	0	3
LOC124904762	0	0	0
ZNF160	158	0	158
ZNF415	0	0	0
ZNF347	0	0	0
ZNF665	0	0	0
LOC124904792	0	0	0
ZNF818P	0	0	0
ZNF677	0	0	0
VN1R2	0	0	0
VN1R4	0	0	0
FAM90A27P	0	0	0
BIRC8	0	0	0
LOC107987270	0	0	0
ZNF845	48	0	48
ZNF525	5	0	5
ZNF765-ZNF761	0	0	0
ZNF765	62	0	62
TPM3P9	62	0	62
ZNF761	1	0	1
ZNF813	0	0	0
ZNF331	199	1	198
LOC284379	0	0	0
DPRX	0	0	0
LOC107985342	0	0	0
MIR512-1	0	0	0
MIR512-2	0	0	0
MIR1323	0	0	0
MIR498	0	0	0
MIR520E	0	0	0
MIR515-1	0	0	0
MIR519E	0	0	0
MIR520F	0	0	0
MIR515-2	0	0	0
MIR519C	0	0	0
MIR1283-1	0	0	0
MIR520A	0	0	0
MIR526B	0	0	0
MIR519B	0	0	0
MIR525	0	0	0
MIR523	0	0	0
MIR518F	0	0	0
LOC107985346	0	0	0
MIR520B	0	0	0
MIR518B	0	0	0
MIR526A1	0	0	0
MIR520C	0	0	0
MIR518C	0	0	0
MIR524	0	0	0
MIR517A	0	0	0
MIR519D	0	0	0
MIR521-2	0	0	0
MIR520D	0	0	0
MIR517B	0	0	0
MIR520G	0	0	0
MIR516B2	0	0	0
MIR526A2	0	0	0
MIR518E	0	0	0
MIR518A1	0	0	0
MIR518D	0	0	0
MIR516B1	0	0	0
LOC124904765	0	0	0
MIR518A2	0	0	0
MIR517C	0	0	0
MIR520H	0	0	0
MIR521-1	0	0	0
MIR522	0	0	0
MIR519A1	0	0	0
MIR527	0	0	0
LOC124904766	0	0	0
MIR516A1	0	0	0
MIR1283-2	0	0	0
MIR516A2	0	0	0
MIR519A2	0	0	0
LOC124904767	0	0	0
MIR371A	0	0	0
MIR371B	0	0	0
MIR372	0	0	0
MIR373	0	0	0
NLRP12	0	0	0
MYADM-AS1	1	1	0
MYADM	1303	1	1302
PRKCG	17	0	17
CACNG7	0	0	0
CACNG8	21	1	20
MIR935	0	0	0
CACNG6	67	0	67
VSTM1	0	0	0
TARM1	0	0	0
OSCAR	0	0	0
NDUFA3	0	0	0
TFPT	0	0	0
PRPF31	13	0	13
PRPF31-AS1	0	0	0
CNOT3	76	0	104
LOC102724273	0	28	0
LENG1	0	0	0
TMC4	0	0	0
MBOAT7	164	0	164
TSEN34	0	0	0
RPS9	0	0	0
LILRB3	0	0	0
LOC124904768	2	0	2
LOC107985279	0	0	0
LILRA6	0	0	0
LOC107987463	0	0	0
LILRB5	0	0	0
LILRB2	0	0	0
MIR4752	0	0	0
LILRA5	0	0	0
LILRA4	0	0	0
LAIR1	0	0	0
TTYH1	0	0	0
LOC124904770	0	0	0
LENG8-AS1	1	0	1
LENG8	2	0	2
LENG9	0	0	0
CDC42EP5	0	0	0
LAIR2	0	0	0
LOC105372460	0	0	0
KIR3DX1	0	0	0
LOC105372461	0	0	0
LOC107985347	0	0	0
LILRA2	0	0	0
LILRA1	0	0	0
LILRB1	0	0	0
MIR8061	0	0	0
LILRB4	0	0	0
LILRP2	0	0	0
KIR3DL3	0	0	0
KIR2DL3	0	0	0
LOC101928804	0	0	0
KIR2DL1	0	0	0
KIR2DL4	0	0	0
KIR3DL1	0	0	0
KIR2DS4	0	0	0
KIR3DL2	0	0	0
FCAR	0	0	0
NCR1	0	0	0
NLRP7	0	0	0
NLRP2	0	0	0
GP6-AS1	0	0	0
GP6	0	0	0
RDH13	0	0	0
EPS8L1	90	0	90
PPP1R12C	1087	0	1087
MIR7975	0	0	0
TNNT1	1671	1	1670
TNNI3	17	0	17
DNAAF3	153	47	350
DNAAF3-AS1	21	214	51
LOC124904795	0	0	0
SYT5	4	0	4
PTPRH	305	3	302
LOC124904771	2	1	1
TMEM86B	24	0	24
PPP6R1	2685	0	2685
MIR6804	0	0	0
MIR6802	0	0	0
MIR6803	0	0	0
HSPBP1	1162	0	1162
BRSK1	43	0	43
TMEM150B	3	3	0
KMT5C	584	1	583
COX6B2	2	1	1
GARIN5B	1	0	1
IL11	9	0	10
TMEM190	4	5	0
TMEM238	584	3	581
RPL28	7213	17	7198
MIR6805	0	0	0
UBE2S	2884	6	2880
SNORD157	9	0	9
LOC105372462	0	0	0
SHISA7	0	0	0
ISOC2	1188	2	1188
C19orf85	1	0	1
ZNF628	335	7	330
NAT14	40	0	40
SSC5D	397	8	389
SBK2	38	0	38
SBK3	57	0	57
ZNF579	1027	1	1026
FIZ1	592	0	594
ZNF524	301	5	298
ZNF865	565	1	564
ZNF784	113	7	106
ZNF581	325	0	325
LOC107983998	21	0	21
ZNF580	643	2	641
CCDC106	19	3	16
U2AF2	4470	5	4465
EPN1	2371	4	2374
NLRP9	1	8	0
LOC105372465	0	0	0
RFPL4A	0	0	0
RFPL4AL1	0	0	0
NLRP11	0	0	0
NLRP4	0	0	0
NLRP13	0	0	0
NLRP8	0	0	0
NLRP5	0	0	0
LINC01864	0	0	0
ZNF787	1078	1	1077
LOC124904773	5	0	5
LOC124904772	1	0	1
ZNF444	738	0	738
GALP	0	0	0
ZSCAN5B	0	0	0
ZSCAN5C	5	5	0
ZSCAN5A	63	0	70
LOC124904774	4	0	4
LOC124904775	0	0	0
LOC124900420	3	3	0
EDDM13	0	0	0
ZSCAN5A-AS1	0	6	0
LOC105372468	0	0	0
ZNF542P	0	0	0
ZNF582	0	0	0
ZNF582-DT	0	0	0
ZNF583	19	0	19
ZNF667	0	0	0
ZNF667-AS1	0	0	0
LOC105372471	0	0	0
LOC124904776	0	0	0
ZNF471	0	0	0
ZFP28-DT	0	0	0
ZFP28	0	0	0
ZNF470-DT	0	0	0
ZNF470	0	0	0
LOC124904777	0	0	0
ZNF71-SMIM17	0	0	0
ZNF71	47	0	47
SMIM17	0	0	0
ZNF835	0	0	0
LOC105372473	0	0	0
LOC105372472	0	0	0
ZIM2-AS1	0	0	0
ZIM2	0	0	0
PEG3	0	0	0
PEG3-AS1	0	0	0
MIMT1	0	0	0
LOC124904779	0	0	0
LOC105372475	0	0	0
USP29	0	0	0
LOC124904804	0	0	0
ZIM3	0	0	0
DUXA	0	0	0
LOC124904780	0	0	0
ZNF264	263	0	263
AURKC	15	0	15
ZNF805	99	0	99
ZNF460-AS1	3	0	3
ZNF460	20	5	15
ZNF543	65	0	65
ZNF304	148	0	148
ZNF547	19	0	19
TRAPPC2B	31	0	31
ZNF548	152	0	152
ZNF17	26	0	26
ZNF749	87	0	87
VN1R1	5	4	1
ZNF772	20	0	20
ZNF419	60	0	60
ZNF773	4	0	4
ZNF549	0	0	0
ZNF550	107	0	107
LOC124904781	0	0	0
ZNF416	93	0	93
ZIK1	0	0	0
ZNF530	90	0	90
ZNF134	95	0	95
ZNF211	83	0	83
ZSCAN4	0	0	0
ZNF551	32	0	33
ZNF154	0	1	0
LOC124904783	0	0	0
ZNF671	0	0	0
ZNF776	181	0	181
ZNF586	93	0	93
ZNF552	120	1	119
FKBP1AP1	1	1	0
ZNF587B	199	0	199
ZNF587	362	0	364
LOC124904782	3	6	1
UBE2CP5	38	2	36
ZNF814	164	48	116
ZNF417	83	0	83
ZNF418	0	0	0
ZNF256	0	0	0
C19orf18	0	0	0
ZNF606	16	0	16
ZNF606-AS1	0	0	0
VN2R19P	0	0	0
ZSCAN1	0	0	0
ZNF135	0	0	0
ZSCAN18	0	0	0
ZNF329	51	0	51
LOC124904784	0	0	0
ZNF274	289	0	289
LOC105372479	3	3	0
ZNF544	304	36	324
ZNF8-DT	25	36	45
ZNF8	271	1	270
ZNF8-ERVK3-1	9	0	9
ERVK3-1	1	1	0
LOC105372480	1	127	101
ZSCAN22	88	30	93
MIR6806	0	0	0
A1BG	1	1	1
A1BG-AS1	0	7	1
ZNF497	31	0	43
ZNF497-AS1	2	6	1
ZNF837	56	4	63
LOC124904788	3	11	3
LOC105372484	3	3	0
MIR4754	1	5	0
RPS5	4627	4	4627
MIR10394	0	0	0
RNF225	0	0	0
LINC02560	0	0	0
ZNF584	294	2	293
ZNF584-DT	208	3	206
ZNF324B	131	0	132
ZNF132	51	52	0
ZNF132-DT	6	0	6
ZNF324	264	31	233
ZNF446	187	26	175
LOC112268251	0	9	4
SLC27A5	144	6	147
LOC105372485	3	3	9
ZBTB45	461	202	259
TRIM28	9381	4	9377
MIR6807	0	0	0
CHMP2A	1516	0	1516
UBE2M	2885	20	2865
MZF1-AS1	29	179	20
MZF1	604	11	763
CENPBD2P	494	0	494
LOC107987272	16	0	16
DEFB125	0	0	0
DEFB126	0	0	0
DEFB127	0	0	0
DEFB128	0	0	0
DEFB129	0	0	0
DEFB132	0	0	0
C20orf96	0	0	0
ZCCHC3	385	12	373
NRSN2-AS1	14	0	14
SOX12	836	5	831
LOC101929937	0	5	0
NRSN2	9	0	14
TRIB3	885	0	885
RBCK1	999	0	999
TBC1D20	672	1	671
CSNK2A1	1687	0	1687
TCF15	0	0	0
SRXN1	764	2	941
LOC107985423	6	178	7
SCRT2	0	0	0
SLC52A3	4	0	4
FAM110A	70	0	70
ANGPT4	0	0	0
LOC124904854	0	0	0
LOC105372492	0	0	0
RSPO4	0	0	0
PSMF1	1092	0	1092
LOC105372493	2	0	2
LOC124904855	6	0	6
TMEM74B	8	11	0
C20orf202	10	0	12
RAD21L1	0	0	0
SNPH	159	0	159
FKBP1A-SDCBP2	0	0	0
SDCBP2	0	0	0
LOC124904856	0	4	0
SDCBP2-AS1	24	9	18
FKBP1A	2213	2	2211
MIR6869	0	0	0
LOC105372497	0	0	0
NSFL1C	741	0	741
SIRPB2	0	0	0
LOC105372499	0	0	0
LOC105372498	0	0	0
SIRPD	0	0	0
LOC107985409	0	0	0
SIRPB1	0	0	0
SIRPG	0	0	0
SIRPG-AS1	0	0	0
SIRPB3P	0	0	0
LOC124904858	0	0	0
LOC100289473	0	0	0
LOC105372501	0	0	0
LOC124904857	0	0	0
LOC102724545	0	0	0
SIRPA	11	0	11
PDYN-AS1	0	0	0
PDYN	0	0	0
STK35	538	8	530
LOC124900458	39	0	39
LOC124904859	0	0	0
LOC105372502	1	0	1
LINC03086	0	0	0
LOC124904860	0	0	0
LOC105372503	0	0	2
TGM3	2	2	2
TGM6	0	0	0
SNRPB	4650	0	4650
SNORD119	1	0	1
ZNF343	127	0	127
LOC105372504	0	0	0
TMC2	3	4	0
LOC105372505	1	0	2
NOP56	2186	0	2186
MIR1292	0	0	0
SNORD110	4	0	4
SNORA51	2	0	2
SNORD86	0	0	0
SNORD56	0	0	0
SNORD57	0	0	0
IDH3B	1420	0	1420
IDH3B-DT	2	0	2
LOC105372507	0	0	0
EBF4	0	0	0
CPXM1	1	0	1
C20orf141	14	0	14
TMEM239	12	0	12
PCED1A	670	0	672
VPS16	411	2	411
PTPRA	433	0	433
GNRH2	0	0	0
MRPS26	806	0	806
LOC101929098	0	0	0
OXT	0	0	0
AVP	0	0	0
UBOX5-AS1	4	38	0
UBOX5	109	0	143
FASTKD5	509	0	509
LZTS3	192	2	190
LOC107985414	7	4	3
DDRGK1	589	1	588
ITPA	906	26	880
SLC4A11	194	0	194
DNAAF9	8	0	8
LOC124904983	0	0	0
LOC105372508	0	0	0
LOC105372509	0	0	0
ATRN	628	1	627
GFRA4	0	0	0
ADAM33	1	0	1
SIGLEC1	10	0	10
HSPA12B	6	7	0
ADISSP	622	1	622
SPEF1	2	0	2
CENPB	2641	3	2639
CDC25B	2691	2	2690
LINC01730	0	0	0
AP5S1	213	0	213
MAVS	1731	4	1727
PANK2-AS1	7	2	21
PANK2	350	744	416
MIR103A2	0	0	1
MIR103B2	0	1	0
RNF24	802	65	1531
SMOX	519	3	516
LOC124904861	0	0	0
LINC01433	24	0	24
ADRA1D	0	0	0
LOC124904862	0	0	0
LOC105372510	0	0	0
PRNP	693	1	692
PRND	0	0	0
PRNT	0	0	0
LOC105372511	0	0	0
RASSF2	0	0	0
LOC107985392	0	0	0
SLC23A2	309	0	309
TMEM230	783	0	783
PCNA	1532	0	3207
PCNA-AS1	0	1675	0
LOC124900464	0	0	0
CDS2	498	1	497
PROKR2	0	0	0
LINC00658	0	0	0
LOC107985411	0	0	0
LOC643406	0	0	0
LOC124904863	0	0	0
LINC00654	1	0	1
LINC01729	0	0	0
GPCPD1	606	0	606
LOC124904864	1	0	1
LOC105372514	0	0	0
SHLD1	30	0	30
CHGB	0	0	0
TRMT6	270	0	270
MCM8	348	0	348
MCM8-AS1	8	8	0
CRLS1	519	0	519
LRRN4	2	1	1
LOC124904865	0	0	0
FERMT1	263	0	263
LOC124904866	0	0	0
CASC20	0	0	0
LINC01713	0	0	0
LOC105372517	2	1	1
BMP2	3158	0	3158
LINC01428	0	0	0
LINC01751	0	0	0
LINC01706	0	0	0
MIR8062	0	0	0
LOC105372518	0	0	0
HAO1	0	0	0
TMX4	430	0	430
TMX4-AS1	0	0	0
PLCB1	9	0	9
PLCB1-IT1	0	0	0
LOC124900459	1	0	1
LOC124904867	0	0	0
LOC124904868	0	0	0
LOC105372521	0	0	0
RNU105B	0	0	0
LOC105372522	0	0	0
PLCB4	0	0	0
LAMP5-AS1	0	0	0
LAMP5	0	0	0
PAK5	0	0	0
LOC105372523	0	0	0
LOC101929348	0	0	0
PARAL1	0	0	0
SNAP25-AS1	6	2	16
ANKEF1	193	0	193
LOC105372524	6	9	8
LOC124904959	1	0	1
SNAP25	351	1	351
MKKS	318	0	318
LOC128706665	0	0	0
LOC128706666	0	0	0
SLX4IP	50	0	50
JAG1	496	1	495
MIR6870	0	0	0
LINC01752	0	0	0
LOC107985398	0	0	0
LOC101929413	0	0	0
LINC02871	0	0	0
LOC105372527	0	0	0
LOC105372528	0	0	0
LOC124904960	0	0	0
LOC339593	0	0	0
LOC105372529	0	0	0
LOC107985384	0	0	0
LOC105372530	1	0	1
LINC00687	0	0	0
BTBD3	2633	0	2900
BTBD3-AS1	3	270	0
LOC124904869	1	0	1
LOC107985406	0	0	0
LOC124904870	0	0	0
LOC107985407	0	0	0
LOC124904871	0	0	0
LOC105372532	0	0	0
LINC01722	0	0	0
LOC102606466	0	0	0
LOC105372535	0	0	0
LINC01723	0	0	0
SPTLC3	107	0	107
TASP1	82	1	82
ISM1	21	0	22
ISM1-AS1	0	0	0
LOC124904872	0	0	0
ESF1	77	0	77
NDUFAF5	74	0	74
SEL1L2	0	0	0
MACROD2	0	0	0
FLRT3	5	0	5
LOC124904873	0	0	0
MACROD2-IT1	0	0	0
MACROD2-AS1	0	0	0
LOC613266	0	0	0
LOC124904874	0	0	0
KIF16B	86	0	86
LOC124904875	4	0	4
LOC105372541	0	0	0
LOC105372542	0	0	0
SNRPB2	452	0	452
OTOR	0	0	0
LOC105372544	0	0	0
LOC105372545	0	0	0
PCSK2	0	0	0
LOC105372546	0	0	0
BFSP1	37	1	37
DSTN	3015	7	3009
RRBP1	2611	24	2587
BANF2	0	0	0
LOC105372547	0	0	0
LOC107985440	0	0	0
LOC105372548	0	0	0
SNX5	670	1	772
SNORD17	12	0	12
MGME1	450	102	451
OVOL2	0	0	0
KAT14	133	0	133
PET117	0	0	0
LOC124904876	0	0	0
LOC105372551	0	0	0
ZNF133	47	0	164
ZNF133-AS1	8	125	0
LOC124904978	0	0	0
LOC107985418	0	0	0
LINC00851	0	0	0
DZANK1	22	0	30
LOC124904877	0	8	0
POLR3F	116	2	114
MIR3192	0	0	0
RBBP9	449	1	448
SEC23B	1729	0	1729
SMIM26	204	0	204
LOC124904878	0	0	0
DTD1	342	0	342
DTD1-AS1	0	0	0
LINC00652	0	3	0
LCDR	10	0	13
SCP2D1-AS1	0	0	0
SCP2D1	0	0	0
LOC102724734	0	0	0
LOC107985442	0	0	0
LOC101929547	0	0	0
SLC24A3	0	0	0
LOC124904879	0	0	0
SLC24A3-AS1	0	0	0
RIN2	188	0	188
NAA20	541	2	539
CRNKL1	176	1	175
CFAP61	0	0	0
LOC124904880	0	0	0
LOC105372554	0	0	0
CFAP61-AS1	0	0	0
INSM1	0	0	0
RALGAPA2	297	0	297
LOC105372555	0	0	0
LINC03083	0	0	0
LINC00237	0	0	0
KIZ	197	0	197
KIZ-AS1	5	5	0
XRN2	1801	13	1788
NKX2-4	0	0	0
LOC105372558	0	0	0
LOC112268271	0	0	0
NKX2-2	0	0	0
BETALINC1	0	0	0
LINC01727	0	0	0
LINC01726	0	0	0
PAX1	0	0	0
LINC01432	0	0	0
LOC105372560	0	0	0
LOC105372561	0	0	0
LINC01427	0	0	0
LOC284788	0	0	0
LOC105372562	0	0	0
LOC105372563	0	0	0
LOC105372564	0	0	0
LINC00261	0	0	0
FOXA2	0	0	0
LNCNEF	0	0	0
LINC01747	0	0	0
LOC124904963	0	0	0
LOC124904962	0	0	0
LOC105372567	0	0	0
LOC105372568	0	0	0
LOC107985449	0	0	0
LOC101929707	0	0	0
SSTR4	0	0	0
THBD	8	1	7
LOC124904964	0	0	0
CD93	0	0	0
LINC00656	0	0	0
LINC03125	16	0	16
NXT1-AS1	3	3	0
LOC105372571	0	0	0
NXT1	264	0	264
LINC01431	1	0	1
GZF1	194	14	180
NAPB	190	0	190
CSTL1	0	0	0
CST11	0	0	0
CST8	0	0	0
CST13P	0	0	0
CST9L	0	0	0
CST9	0	0	0
CST3	1668	2	1666
LOC124904965	0	0	0
LOC107985383	0	0	0
CST4	0	0	0
LOC105372574	0	0	0
LOC124904966	0	0	0
CST1	0	0	0
LOC107985432	0	0	0
LOC105372575	0	0	0
CST2	0	0	0
CST5	0	0	0
GGTLC1	0	0	0
LOC107985438	0	0	0
WAKMAR1	0	0	0
LINC01721	0	0	0
LOC105372577	0	0	0
SYNDIG1	0	0	0
LOC107985402	0	0	0
LOC124904881	0	0	0
LINC02967	0	0	0
CST7	0	0	0
APMAP	984	0	984
ACSS1	0	0	0
LOC124904882	0	0	0
VSX1	0	0	0
LOC284798	0	0	0
LOC101926889	0	0	0
ENTPD6	771	0	771
LOC105372579	7	6	1
PYGB	1093	7	1086
ABHD12	1667	1	1666
LOC105372581	1	2	0
GINS1	502	0	503
NINL	173	0	173
NANP	169	0	169
ZNF337-AS1	14	59	31
ZNF337	192	25	243
LOC107985400	10	0	10
LOC105372582	3	0	3
FAM182B	21	1	20
LOC101926935	0	0	0
LINC01733	0	0	0
LOC100134868	0	0	0
FAM182A	0	0	0
NCOR1P1	0	0	0
MIR663AHG	0	0	0
MIR663A	0	0	0
LOC124904967	0	0	0
FRG1CP	8	0	8
FRG1DP	17	0	17
LOC105379476	0	0	0
FRG2EP	0	0	0
LOC105379477	0	0	0
FRG1EP	21	0	21
FAM242B	0	0	0
LOC124904968	4	0	4
LINC01597	0	0	0
LOC107985433	0	0	0
LOC105372586	0	0	0
FAM242A	0	0	0
FRG1BP	45	0	45
MLLT10P1	0	0	0
LOC105379481	0	0	0
LOC102723636	0	0	0
LOC107987280	1	0	1
LOC112268265	0	0	0
ANKRD20A21P	0	0	0
LOC124904986	0	0	0
LOC124904970	19	1	18
DEFB115	0	0	0
DEFB116	0	0	0
DEFB118	0	0	0
LOC124900462	0	0	0
DEFB119	0	0	0
DEFB121	0	0	0
DEFB122	0	0	0
DEFB123	0	0	0
DEFB124	0	0	0
REM1	0	0	0
LINC00028	0	0	0
HM13	2911	1	2914
MCTS2	71	1	70
HM13-AS1	8	13	1
LOC107985416	2	0	4
LOC105372588	10	13	0
ID1	7706	4	7705
MIR3193	1	0	1
COX4I2	0	0	0
BCL2L1	819	0	819
LOC124904883	0	0	0
BCL2L1-AS1	0	0	0
TPX2	2849	2	2847
MYLK2	8	0	8
FOXS1	0	0	0
DUSP15	0	0	0
TTLL9	0	9	0
PDRG1	364	0	373
XKR7	0	0	0
CCM2L	6	0	6
HCK	0	0	0
TM9SF4	2222	1	2221
TSPY26P	2	0	2
PLAGL2	712	1	711
POFUT1	1081	1	1305
LOC124904884	16	241	0
MIR1825	0	0	0
LOC124904885	0	0	0
KIF3B	701	0	701
ASXL1	2021	0	2021
NOL4L	415	3	422
LOC124904886	3	0	3
LOC101929698	0	10	0
LOC105372592	0	0	0
NOL4L-AS1	0	0	0
NOL4L-DT	0	0	0
C20orf203	0	0	0
COMMD7	499	1	498
DNMT3B	683	0	683
MAPRE1	1803	0	1803
LOC119746555	43	0	43
EFCAB8	1	0	1
LOC124904887	0	0	0
SUN5	0	0	0
BPIFB2	0	0	0
BPIFB6	0	0	0
BPIFB3	0	0	0
BPIFB4	4	0	4
LOC105372714	0	0	0
BPIFA2	5	0	5
BPIFA4P	0	0	0
BPIFA3	0	0	0
BPIFA1	0	0	0
LOC105372593	0	0	0
BPIFB1	0	0	0
LOC124904888	0	0	0
LOC105372594	0	0	0
CDK5RAP1	684	0	684
LOC124904889	26	310	5
SNTA1	362	1	650
CBFA2T2	481	14	467
NECAB3	1577	5	1573
C20orf144	0	1	0
ACTL10	2	2	0
E2F1	1602	2	1600
PXMP4	157	0	157
LOC124904890	0	0	0
ZNF341	160	0	160
ZNF341-AS1	2	2	0
CHMP4B	1716	3	1713
RALY-AS1	20	0	20
RALY	2201	6	2195
MIR4755	0	0	0
EIF2S2	1672	5	1667
ASIP	1	1	0
AHCY	5072	1	5071
ITCH	531	0	531
MIR644A	0	0	0
DYNLRB1	1311	4	1307
MAP1LC3A	1	0	1
PIGU	424	1	423
LOC105372599	0	0	0
TP53INP2	427	0	427
NCOA6	1129	1	1128
HMGB3P1	0	0	0
GGT7	1	0	1
ACSS2	950	3	947
GSS	1852	2	1850
MYH7B	14	13	6
MIR499A	0	0	0
MIR499B	0	0	1
TRPC4AP	2152	0	2157
MMP24-AS1-EDEM2	5	0	7
EDEM2	3	0	3
LOC124900460	1	0	1
PROCR	566	3	563
MMP24	63	86	71
MMP24OS	122	20	194
EIF6	2490	1	2489
FAM83C-AS1	0	0	0
FAM83C	0	0	0
UQCC1	688	2	686
GDF5-AS1	0	0	0
GDF5	1	0	1
MIR1289-1	1	0	1
CEP250	788	3	877
CEP250-AS1	0	92	0
C20orf173	0	0	0
ERGIC3	4040	1	4039
FER1L4	2	0	2
LOC124904891	0	0	0
SPAG4	40	1	39
CPNE1	1475	1	1474
RBM12	1136	0	1136
NFS1	1323	21	1323
ROMO1	429	0	450
RBM39	2565	2	2563
LOC124904980	0	0	0
PHF20	1322	1	1321
SCAND1	867	45	1144
CNBD2	2	296	28
NORAD	2146	3	2144
EPB41L1	864	1	981
EPB41L1-AS1	0	0	0
LOC124904893	0	0	0
LOC124904892	0	0	0
LOC105372602	0	118	0
AAR2	713	0	713
DLGAP4	811	0	811
DLGAP4-AS1	0	0	0
MYL9	13	0	13
TGIF2	752	1	751
TGIF2-RAB5IF	0	0	0
RAB5IF	230	1	229
SLA2	0	529	0
NDRG3	928	0	928
DSN1	544	0	544
LOC124904894	0	0	0
MTCL2	1347	2	1345
TLDC2	0	66	0
SAMHD1	343	0	409
RBL1	171	0	171
MROH8	0	0	0
RPN2	0	0	0
GHRH	0	0	0
MANBAL	0	0	0
LOC105372606	0	0	0
SRC	0	0	0
BLCAP	1128	2	1145
NNAT	21	40	0
LINC01746	0	0	0
LINC00489	0	0	0
LOC100287792	0	0	0
LOC105372609	0	0	0
CTNNBL1	751	0	751
LOC124904895	5	0	5
LOC124904896	0	0	0
VSTM2L	0	0	0
TTI1	841	0	841
RPRD1B	586	0	586
LOC124904898	0	0	0
LOC124904897	18	0	18
LOC124904899	0	0	0
TGM2	47	1	46
KIAA1755	3	0	3
LOC124904900	0	0	0
LOC149684	0	0	0
BPI	0	0	0
LBP	6	0	6
LOC124904901	25	0	25
SNHG17	177	0	474
LOC124904974	21	0	21
SNORA71B	5	0	5
SNORA71A	4	0	4
SNORA71C	0	0	0
LOC124904958	4	298	3
SNORA71D	0	0	0
LOC124904975	0	0	0
SNHG11	127	0	127
SNORA71E	1	0	1
SNORA60	9	0	9
RALGAPB	827	4	823
MIR548O2	0	0	0
ADIG	0	0	0
ARHGAP40	1	0	1
SLC32A1	0	0	0
ACTR5	187	0	187
LOC124904902	1	0	1
PPP1R16B	0	0	0
FAM83D	1297	0	1297
DHX35	314	2	312
LOC107985448	0	0	0
LINC01734	0	0	0
LOC102724950	0	0	0
LOC105372614	0	0	0
LOC105372613	0	0	0
LINC01370	0	0	0
LOC105372616	0	0	0
LOC105372617	0	0	0
LOC105372618	0	0	0
LOC102724968	0	0	0
LOC107985435	0	0	0
LOC105372620	0	0	0
MAFB	337	1	336
LOC101927098	0	0	0
SNORD154	0	0	0
LOC100128988	0	0	0
LOC105372621	1	0	1
TOP1	1198	1	1539
PLCG1-AS1	0	382	0
LOC124904903	2	0	2
PLCG1	842	3	886
MIR6871	0	0	0
ZHX3	586	4	582
LPIN3	274	0	341
EMILIN3	0	67	0
CHD6	697	2	695
LOC124904904	1	0	1
LOC124904905	1	1	0
LOC124900463	0	0	0
LOC101927182	1	0	1
LOC105372622	0	0	0
PTPRT	0	0	0
LOC105372624	0	0	0
LOC101927159	0	0	0
LOC105372623	0	0	0
PTPRT-AS1	0	0	0
PTPRT-DT	0	0	0
LOC124900461	0	0	0
SRSF6	2471	0	2471
L3MBTL1	114	1	113
SGK2	1	0	1
IFT52	159	0	159
LOC124904906	1	1	0
MYBL2	5210	3	5207
GTSF1L	0	0	0
LOC101927200	0	0	0
LOC105372625	0	0	0
LOC124904907	0	0	0
LOC124904908	0	0	0
LINC01728	0	0	0
TOX2	162	0	162
JPH2	654	2	652
LOC124904909	1	1	0
OSER1	719	5	719
OSER1-DT	10	0	15
GDAP1L1	0	0	0
LOC124904910	0	0	0
FITM2	278	0	278
R3HDML	0	0	0
R3HDML-AS1	0	0	0
HNF4A	7	0	7
HNF4A-AS1	0	0	0
MIR3646	0	0	0
LINC01430	0	0	0
LINC01620	0	0	0
TTPAL	268	7	263
SERINC3	2019	0	2021
PKIG	76	1	75
ADA	1020	1	1019
LINC01260	63	2	61
LOC124904911	2	2	1
KCNK15-AS1	3	3	1
CCN5	6527	6	6523
KCNK15	0	14	0
RIMS4	75	0	89
YWHAB	3623	0	3623
PABPC1L	265	0	265
TOMM34	827	3	1011
LOC124904912	12	189	10
STK4-DT	11	0	11
STK4	586	0	586
KCNS1	1	1	0
WFDC5	0	0	0
WFDC12	0	0	0
LOC101929863	0	0	0
PI3	26	0	26
LINC02597	0	0	0
SEMG1	0	0	0
SEMG2	0	0	0
LOC105372630	0	3	0
LOC124904913	6	0	9
SLPI	989	2	987
MATN4	8	0	8
RBPJL	1	2	0
SDC4	1372	3	1370
SYS1	252	4	262
LOC124904914	0	76	1
SYS1-DBNDD2	0	0	0
TP53TG5	13	26	0
LOC107985404	5	7	1
DBNDD2	0	1	0
LOC107985405	1	676	6
PIGT	2649	6	3323
MIR6812	0	0	0
LOC105372631	3	0	3
WFDC2	0	0	0
LOC107987282	0	0	0
SPINT3	0	0	0
WFDC6	0	0	0
EPPIN-WFDC6	0	0	0
EPPIN	0	0	0
WFDC8	0	0	0
WFDC9	0	0	0
WFDC10A	0	0	0
WFDC11	0	0	0
WFDC10B	0	0	0
WFDC13	1	1	0
MIR3617	0	0	0
SPINT4	0	0	0
LOC124904915	0	0	0
WFDC3	10	0	10
DNTTIP1	501	0	501
UBE2C	1048	1	1047
TNNC2	1	0	1
SNX21	303	163	248
ACOT8	447	33	522
ZSWIM3	157	0	157
ZSWIM1	242	12	230
SPATA25	13	4	9
NEURL2	1	3	2
CTSA	5708	10	6503
PLTP	28	799	28
LOC107985388	14	94	17
PCIF1	923	5	1015
ZNF335	1013	7	1006
MMP9	4	25	4
SLC12A5-AS1	4	10	33
SLC12A5	36	4	45
NCOA5	688	0	688
CD40	0	0	0
CDH22	0	0	0
LOC124904916	2	2	0
SLC35H1	909	0	909
LOC124904917	8	78	1
ELMO2	746	0	817
LOC105372633	1	0	1
ZNF663P	0	0	0
ZNF334	0	0	0
MKRN7P	0	0	0
OCSTAMP	0	0	0
SLC13A3	1	0	1
TP53RK	275	0	383
TP53RK-DT	1	108	1
SLC2A10	0	0	0
LOC124904918	0	0	0
LOC124904919	0	0	0
EYA2	0	0	0
EYA2-AS1	0	0	0
MIR3616	0	0	0
ZMYND8	830	0	830
LOC100131496	1	1	0
LOC101927377	0	0	0
LINC01754	0	0	0
NCOA3	931	0	931
SULF2	5	4	1
LOC124904922	0	0	0
LOC124904920	0	0	0
LOC124904921	0	0	0
LOC107985401	0	0	0
LOC105372636	0	0	0
LOC105372637	0	0	0
LINC01522	0	0	0
LINC01523	0	0	0
LOC107985436	0	0	0
LOC107985437	0	0	0
LOC105372639	0	0	3
LOC124904923	0	3	0
LOC105372640	0	0	0
LOC105372641	0	0	0
LOC124904924	0	0	0
LINC00494	0	0	0
LOC105372643	0	0	0
LOC105372645	0	0	0
LOC107985439	0	0	0
LOC105372647	0	0	0
LOC105372646	0	0	0
PREX1	612	0	612
ARFGEF2	902	2	900
CSE1L-DT	0	0	0
CSE1L	2007	0	2007
STAU1	2244	0	2244
DDX27	1197	9	1190
ZNFX1	3184	2	3185
ZFAS1	723	2	722
SNORD12C	0	0	0
SNORD12B	0	0	0
SNORD12	2	0	2
LOC124904925	0	0	0
LOC105372649	0	0	1
KCNB1	0	1	0
PTGIS	0	0	0
LOC101927486	0	0	0
LOC105372651	0	0	0
LOC124904926	6	0	6
B4GALT5	3010	0	3010
LOC105372652	9	0	9
SLC9A8	600	4	596
MIR12122	1	0	1
SPATA2	374	0	374
LOC105372653	3	0	3
RNF114	1924	0	1924
LOC124904976	2	2	0
SNAI1	314	0	314
SCREEM1	0	0	0
TRERNA1	1	1	0
LOC105372655	0	0	0
PEDS1-UBE2V1	0	0	0
UBE2V1	24	0	24
PEDS1	632	0	632
LOC124904927	0	0	0
LINC01275	11	0	11
LINC01273	28	0	29
CEBPB-AS1	12	7898	17
CEBPB	1974	18	9858
LOC107985386	2	0	2
LOC105372656	13	0	13
PELATON	42	0	42
LINC01270	136	22	316
LINC01271	46	204	44
LOC105372657	0	0	0
LOC124904928	1	0	1
PTPN1	1576	0	1576
MIR645	0	0	0
RIPOR3	2	1	1
MIR1302-5	0	0	0
RIPOR3-AS1	0	0	0
LOC105372659	0	0	0
PARD6B	66	0	66
BCAS4	3	0	3
LOC124904929	0	0	0
ADNP	1709	4	1752
ADNP-AS1	9	51	5
DPM1	554	3	552
MOCS3	346	1	346
KCNG1	0	0	0
LOC105372661	0	0	0
LOC105372662	0	0	0
LOC124904930	9	0	9
LOC105372663	1	0	1
NFATC2	4	2	2
MIR3194	0	0	0
ATP9A	845	0	845
SALL4	388	0	388
LINC01429	12	0	12
LOC105372664	7	7	0
ZFP64	457	0	457
LOC105372666	0	0	0
LOC107985427	0	0	0
LOC105372667	0	0	0
LOC124904931	0	0	0
LOC105372665	0	0	0
LINC01524	0	0	0
LOC105376985	0	0	0
LOC105372668	1	0	1
LOC124904932	1	0	1
TSHZ2	273	0	275
LOC105372670	4	4	0
TSHZ2-AS1	2	4	0
LOC105372671	0	0	0
ZNF217-AS1	15	17	0
ZNF217	698	2	699
LOC105372672	0	1	0
LOC124904933	0	0	0
LOC124904934	0	0	0
LOC124904935	0	0	0
SUMO1P1	0	0	0
BCAS1-AS1	0	0	0
BCAS1	0	0	0
MIR4756	0	0	0
CYP24A1	1	0	1
LOC105372675	0	0	0
LOC124904937	1	15	2
PFDN4	259	2	273
LOC107985385	0	0	0
DOK5	0	0	0
LINC01441	0	0	0
LINC01440	0	0	0
LOC105372676	0	0	0
LOC107984001	0	0	0
LOC105372677	0	0	0
LOC105372678	0	0	0
CBLN4	0	0	0
LOC105376989	0	0	0
LOC105372680	0	0	0
MC3R	0	0	0
FAM210B	106	0	106
AURKA	1893	1	1892
CSTF1	752	0	752
CASS4	3	0	3
RTF2	1399	1	1398
LOC124904979	0	0	0
GCNT7	2	2	0
FAM209A	2	0	2
FAM209B	6	0	6
LOC124904971	0	0	0
LINC01716	0	0	0
TFAP2C	396	0	396
LOC105372683	1	0	1
LOC105372685	0	0	0
LOC105372686	0	0	0
BMP7	0	0	0
BMP7-AS1	0	0	0
LOC112268270	0	0	0
LOC105372687	0	0	0
MIR4325	0	0	0
SPO11	0	0	0
RAE1	604	1	892
LOC124904938	11	299	1
RBM38-AS1	1	227	0
RBM38	648	0	874
LOC124904939	2	2	0
LOC105372688	0	0	0
CTCFL	1	1	0
LOC124904940	0	0	0
LOC124904941	0	0	0
PCK1	0	0	0
ZBP1	0	0	0
PMEPA1	562	12	584
NKILA	16	22	28
LOC105372692	10	0	10
LOC105372693	0	0	0
LINC01742	0	0	0
LOC107987284	0	0	0
LOC107985434	0	0	0
CIMIP1	0	0	0
LOC105372694	0	0	0
ANKRD60	0	0	0
PPP4R1L	25	0	25
RAB22A	470	0	470
VAPB	900	0	900
APCDD1L	0	0	0
APCDD1L-DT	4	0	4
LINC01711	0	0	0
LOC107985410	0	0	0
STX16-NPEPL1	0	0	0
STX16	884	0	884
NPEPL1	4	0	4
LOC124904942	1	0	1
LOC105372695	0	0	0
MIR296	0	0	0
MIR298	0	0	0
GNAS-AS1	0	0	0
GNAS	33185	34	33153
LOC101927932	1	0	3
LOC107985382	1	0	1
NELFCD	2553	73	2494
CTSZ	14591	16	14589
TUBB1	15	43	3
ATP5F1E	22	3	41
SLMO2-ATP5E	0	0	0
PRELID3B	1388	0	1388
LOC124904943	3	0	3
ZNF831	878	17	861
EDN3	0	0	0
PHACTR3	1	1	0
PHACTR3-AS1	0	0	0
SYCP2	94	0	94
FAM217B	159	39	161
PPP1R3D	262	2	300
CDH26	12	0	12
LINC02910	0	0	0
LOC729296	0	0	0
MIR646HG	0	0	0
LOC105372698	0	0	0
MIR646	0	0	0
LOC105372697	0	0	0
LOC101928048	0	0	0
LOC124904944	0	0	0
MIR4533	0	0	0
LOC124904945	0	0	0
MIR548AG2	0	0	0
LOC105372699	0	0	0
LOC105372700	0	0	0
LINC01718	0	0	0
LOC105372701	0	0	0
CDH4	2	2	0
LOC105372703	0	0	0
CDH4-AS2	0	0	0
CDH4-AS1	0	0	0
MIR1257	0	0	0
TAF4	120	0	134
LOC105372704	0	0	0
MIR3195	0	14	0
LOC105372705	4	0	4
LOC105372706	0	0	0
LSM14B	684	0	684
PSMA7	3119	8	3111
SS18L1	346	5	341
MTG2	1052	1	1051
HRH3	0	0	0
LOC105369209	2	0	2
OSBPL2	422	0	422
ADRM1	2353	92	2263
LAMA5	16236	19	16808
MIR4758	0	0	0
LOC124904946	0	396	0
LAMA5-AS1	6	177	12
LOC105372708	11	2	9
RPS21-DT	41	2	39
RPS21	2981	4	2977
CABLES2	232	0	232
LOC105372709	25	0	25
RBBP8NL	0	0	0
LOC105372710	0	0	0
GATA5	35	0	35
LOC105372711	0	0	0
LOC124904947	0	0	0
LOC105376995	0	0	0
CRMA	0	0	0
MIR1-1HG	0	0	0
MIR1-1	0	0	0
MIR133A2	0	0	0
LINC02970	121	8	113
LOC124904948	0	0	0
LOC124904949	5	0	5
SLCO4A1	1714	0	2514
SLCO4A1-AS2	10	3	7
SLCO4A1-AS1	8	808	0
NTSR1	3	3	0
NTSR1-AS1	12	0	12
LINC00659	18	0	18
LOC105372716	5	0	5
MRGBP	626	3	625
OGFR-AS1	4	3	3
OGFR	1269	7	1262
COL9A3	685	10	701
TCFL5	743	23	818
LOC105372717	61	247	97
DIDO1	1163	45	1330
SNORA117	1	0	1
GID8	677	0	678
SLC17A9	0	0	0
BHLHE23	0	0	0
LOC105372718	0	0	0
LINC00029	0	0	0
LINC01056	0	0	0
LINC01749	0	0	0
HAR1B	0	0	0
HAR1A	0	0	0
LOC105372719	0	0	0
LOC105376996	0	0	0
LOC124904952	0	0	0
MIR124-3	0	0	0
YTHDF1	1042	0	1042
BIRC7	78	1	77
MIR3196	0	0	0
NKAIN4	0	1	0
LOC124904950	0	0	1
FLJ16779	0	0	0
ARFGAP1	1956	1	1955
MIR4326	1	0	1
COL20A1	1	0	1
CHRNA4	0	0	0
LOC100130587	0	0	0
LOC124904953	0	0	0
KCNQ2	1	0	1
LOC105372724	0	0	0
LOC105372721	0	0	0
KCNQ2-AS1	0	0	0
EEF1A2	1	0	1
LOC124904955	0	0	0
LOC105372725	0	0	0
LOC102723814	14	14	6
PPDPF	1230	0	1236
PTK6	169	13	156
SRMS	5	3	2
FNDC11	2	0	2
HELZ2	1216	3	1213
GMEB2	1003	8	1004
MHENCR	124	6	127
STMN3	0	0	0
RTEL1-TNFRSF6B	0	0	0
RTEL1	8	3	5
LOC124904954	0	43	2
TNFRSF6B	0	0	0
ARFRP1	380	4	387
ZGPAT	390	7	394
LIME1	137	0	137
SLC2A4RG	1415	5	1432
ZBTB46	128	74	177
ZBTB46-AS2	0	36	11
LOC124904956	1	0	1
ZBTB46-AS1	0	0	0
C20orf181	0	0	0
ABHD16B-AS1	86	1	203
ABHD16B	0	111	1
TPD52L2	2136	8	2134
DNAJC5	1924	2	1922
LOC124904951	3	0	3
MIR941-1	0	0	0
MIR941-2	0	0	0
MIR941-3	0	0	0
MIR941-4	0	0	0
MIR941-5	0	0	0
UCKL1	741	3	855
MIR1914	0	0	0
MIR647	6	0	6
UCKL1-AS1	6	153	0
ZNF512B	557	0	587
SAMD10	236	0	236
PRPF6	2056	2	2054
C20orf204	10	1	9
SOX18	182	2	182
TCEA2	546	3	545
RGS19	198	0	198
MIR6813	1	0	1
OPRL1	4	0	4
LKAAEAR1	0	0	0
NPBWR2	0	0	0
LOC105372727	0	0	0
MYT1	0	0	0
PCMTD2	103	0	103
LOC124904957	0	0	0
SEPTIN14P20	0	0	0
LOC105379484	0	0	0
LOC124905051	0	0	0
LOC102723996	81	0	81
LOC124905052	0	0	0
LOC124900468	0	0	0
LOC107987292	0	0	0
CH507-9B2.8	0	0	0
LOC101928576	2	2	0
LOC102724023	166	0	166
LOC102724159	204	0	204
LOC102724200	60	0	60
LINC01670	0	0	0
LOC105379488	0	0	0
LINC03104	0	0	0
LOC124904990	0	0	0
LOC102724334	0	0	0
LOC102724354	10	0	10
LOC102724370	0	0	0
CH507-42P11.6	9	0	9
LOC102724428	2260	0	2260
LOC107987288	2	0	2
LOC124905049	2	0	2
LOC102724701	2	0	2
CH507-145C22.1	0	0	0
LOC102724560	42	0	42
LOC102724594	13	0	22
LOC102724652	0	9	0
LOC106780825	0	0	0
LOC110091777	0	0	0
MIR8069-1	0	0	0
LOC105379499	10	0	10
LOC102724843	0	0	0
LOC124904989	0	0	0
LOC105379502	0	0	0
LINC03105	0	0	0
LOC124904991	0	0	0
LOC102723360	0	0	0
LOC102723553	4	0	4
LOC102723451	0	0	0
LOC105379504	0	0	0
LOC107983987	0	0	0
LOC102723475	1	0	1
LOC124900474	0	0	0
LOC105379505	0	0	0
LOC124904992	0	0	0
LOC124904993	0	0	0
MIR6724-1	0	0	0
RNA45SN2	5	0	5
MIR3648-1	0	0	0
RNA18SN2	0	0	0
RNA5-8SN2	0	0	0
RNA28SN2	0	0	0
CDC27P9	0	0	0
MIR6724-2	0	0	0
MIR6724-3	0	0	0
RNA45SN3	0	0	0
RNA18SN3	0	0	0
RNA5-8SN3	0	0	0
RNA28SN3	0	0	0
CDC27P10	0	0	0
MIR6724-4	0	0	0
RNA45SN1	0	0	0
MIR10396B	0	0	0
RNA18SN1	0	0	0
RNA5-8SN1	0	0	0
RNA28SN1	0	0	0
LINC01666	2	4	2
LOC124904994	0	0	4
LOC124904996	65	3	62
MIR3648-2	1	0	1
MIR10396A	0	0	0
LOC101927615	0	0	0
TEKT4P2	26	0	26
LOC101930100	4	0	4
LOC101927345	4	2	2
NCOR1P4	0	0	0
LOC105379514	0	0	0
LOC124904997	0	0	0
LINC01667	4	0	4
LOC105372734	0	0	0
LOC105372733	6	0	6
BAGE2	0	0	0
TPTE	0	0	0
ANKRD30BP2	0	0	0
MIR3156-3	0	0	0
LINC01674	0	0	0
POTED	0	0	0
MIR3118-1	0	0	0
LOC107985482	0	0	0
LOC112268283	0	0	0
MIR8069	0	0	0
CYP4F29P	0	0	0
LOC110091776	0	0	0
ANKRD20A11P	0	0	0
LOC105377134	8	0	8
LIPI	1	1	0
RBM11	0	0	0
ABCC13	0	0	0
HSPA13	491	0	501
LOC105369304	0	10	0
LOC124905053	0	0	0
SAMSN1	0	0	0
SAMSN1-AS1	0	0	0
LOC105372738	0	0	0
LOC124905054	0	0	0
ASMER1	23	0	23
NRIP1	250	3	247
LINC02920	2	0	2
LOC107985483	0	0	0
LOC124905047	0	0	0
LOC105369292	0	0	0
LOC101927745	6	0	6
LOC124905055	1	0	1
LOC105369302	0	0	0
LOC124905056	0	0	0
LOC124905073	0	0	0
USP25	517	0	517
MIR99AHG	48	0	48
SNORD74B	0	0	0
MIR99A	0	0	0
MIRLET7C	0	0	0
MIR125B2	0	0	0
LOC124904998	0	0	0
LOC105372740	0	0	0
LOC107985511	0	0	0
LINC01549	0	0	0
TRG-GCC1-5	0	0	0
CXADR	426	1	433
BTG3	391	36	368
BTG3-AS1	0	5	0
LOC124904999	0	0	0
LOC124900465	0	0	0
C21orf91-OT1	0	0	0
C21orf91	128	0	128
LINC03147	0	0	0
CHODL	0	0	0
LOC124905000	0	0	0
TMPRSS15	0	0	0
MIR548XHG	0	0	0
MIR548X	0	0	0
LOC107985490	0	0	0
LOC124905048	0	0	0
LINC01683	0	0	0
LOC105372745	0	0	0
LINC02573	0	0	0
LINC00320	0	0	0
LOC124905057	0	0	0
NCAM2	46	0	46
LINC00317	0	0	0
LINC01425	0	0	0
LINC01687	9	0	9
LINC00308	0	0	0
LOC107985508	2	0	2
LOC107985494	0	0	0
MIR6130	0	0	0
D21S2088E	0	0	0
LOC105372747	0	0	0
LOC107985512	0	0	0
LOC105372749	0	0	0
LOC105372750	0	0	0
LINC01689	0	0	0
LINC01684	0	0	0
LINC01692	0	0	0
LOC107985516	0	0	0
LINC00158	0	0	0
LOC105372753	2	0	2
MIR155HG	0	0	0
MIR155	0	0	0
LINC00515	2	0	2
MRPL39	356	0	356
JAM2	3	14	0
LOC124905001	0	0	0
LOC124905002	0	0	5
ATP5PF	862	11	1154
GABPA	269	291	280
LOC105372757	0	0	0
LOC105372756	0	0	0
APP	7110	2	7109
LOC124900466	0	0	0
APP-DT	0	1	0
CYYR1-AS1	0	0	0
LOC105372758	0	0	0
LOC107985474	0	0	0
CYYR1	0	0	0
ADAMTS1	167	0	167
LOC105372760	0	0	0
ADAMTS5	219	0	219
MIR4759	0	0	0
LOC124905050	3	0	3
LOC102724355	0	0	0
LOC105372759	0	0	0
LOC124905003	0	0	0
LOC105372762	0	0	0
LINC01673	0	0	0
LINC00113	0	0	0
LINC00314	0	0	0
LINC01697	0	0	0
LINC01695	0	0	0
LINC00161	0	0	0
HEMK2	124	0	124
LOC124905004	0	0	0
LTN1	0	0	0
LOC105372766	0	0	0
RWDD2B	0	0	0
LOC124905005	0	0	0
USP16	0	0	0
CCT8	0	0	0
MAP3K7CL	0	0	0
LOC105372767	0	0	0
LOC124905065	0	0	0
LINC00189	0	0	0
LOC124905007	0	0	0
LOC105369299	1	0	1
BACH1	288	0	288
BACH1-IT2	0	0	0
LOC124905071	0	0	0
LOC107985486	0	0	0
LOC105372770	0	0	0
BACH1-IT3	0	0	0
GRIK1	2	4	0
LOC124905006	0	0	0
LOC105372768	0	0	0
GRIK1-AS2	0	0	0
GRIK1-AS3	0	0	0
GRIK1-AS1	0	0	0
CLDN17	0	0	0
LINC00307	0	0	0
CLDN8	0	0	0
KRTAP24-1	0	0	0
KRTAP25-1	0	0	0
KRTAP26-1	0	0	0
KRTAP27-1	0	0	0
KRTAP23-1	0	0	0
KRTAP13-2	0	0	0
MIR4327	0	0	0
LOC105372772	0	0	0
KRTAP13-1	0	0	0
KRTAP13-3	0	0	0
KRTAP13-4	0	0	0
KRTAP15-1	0	0	0
KRTAP19-1	0	0	0
KRTAP19-2	0	0	0
KRTAP19-3	0	0	0
KRTAP19-4	0	0	0
KRTAP19-5	0	0	0
KRTAP19-6	0	0	0
KRTAP19-7	0	0	0
KRTAP22-2	0	0	0
KRTAP6-3	0	0	0
KRTAP6-2	0	0	0
KRTAP22-1	0	0	0
KRTAP6-1	0	0	0
KRTAP20-1	0	0	0
KRTAP20-4	0	0	0
KRTAP20-2	0	0	0
KRTAP20-3	0	0	0
LOC105372773	0	0	0
KRTAP21-3	0	0	0
KRTAP21-2	0	0	0
KRTAP21-1	0	0	0
KRTAP8-1	0	0	0
KRTAP7-1	0	0	0
KRTAP11-1	0	0	0
LOC105372776	0	0	0
LOC105372775	0	0	0
LOC105372774	0	0	0
KRTAP19-8	0	0	0
TIAM1	0	0	0
LOC105372777	0	0	0
TIAM1-AS1	0	0	0
LOC107985488	0	0	0
SOD1-DT	1	836	0
SOD1	769	15	1589
LOC124900469	2	0	2
SCAF4	491	0	491
LOC124905008	0	0	0
HUNK	0	0	0
LINC00159	0	0	0
MIS18A	187	0	187
MIS18A-AS1	5	5	0
MRAP	0	122	0
LOC124905009	0	0	0
MRAP-AS1	0	0	1
URB1	1074	0	1195
SNORA80A	0	0	0
URB1-AS1	42	0	42
EVA1C	1034	16	1018
CFAP298-TCP10L	4	0	4
TCP10L	1	0	1
CFAP298	81	0	81
SYNJ1	359	0	359
LOC124905011	1	1	0
PAXBP1-AS1	10	44	4
PAXBP1	293	0	385
LOC124905010	26	80	0
EPCIP-AS1	0	0	0
EPCIP	0	0	0
LOC124900470	0	0	0
LOC124905012	0	0	0
LOC105377136	0	0	0
LINC01690	0	0	0
OLIG2	0	0	0
LINC00945	0	0	0
OLIG1	0	0	0
LOC101928107	0	0	0
LINC01548	0	0	0
LOC105372787	0	0	0
IFNAR2-IL10RB	0	0	0
IFNAR2	239	0	250
IL10RB-DT	3	16	0
IL10RB	6	0	6
IFNAR1	571	21	550
IFNGR2	198	0	198
TMEM50B	5	0	5
DNAJC28	0	0	0
GART	2403	0	2403
SON	3432	7	3429
MIR6501	0	0	0
DONSON	671	7	668
CRYZL1	179	1	178
ITSN1	1417	1	1416
ATP5PO	2253	0	2253
LINC00649	0	0	0
LOC124905013	1	0	1
LOC101928126	0	0	0
LOC105372790	0	0	0
LOC105372789	0	0	0
MRPS6	181	0	181
SLC5A3	238	0	238
LINC00310	0	0	0
LOC105372791	0	0	7
KCNE2	0	7	0
SMIM11	0	0	0
C21orf140	0	0	0
LOC105372793	0	0	0
SMIM34	0	0	0
KCNE1	2	0	2
LOC124900475	0	0	0
RCAN1	365	0	365
CLIC6	2	0	2
LINC00160	2	0	2
LOC107985515	0	0	0
LINC01426	5	0	5
RUNX1	789	8	781
RUNX1-AS1	4	4	0
RUNX1-IT1	0	0	0
LOC124905015	0	0	0
LOC100506403	0	0	0
MIR802	0	0	0
PPP1R2P2	0	0	0
LOC101928269	0	0	0
LINC01436	0	0	0
SETD4	190	0	190
SETD4-AS1	0	0	0
CBR1-AS1	0	848	1
CBR1	628	1	1476
LOC105369306	1	1	0
CBR3-AS1	11	57	17
CBR3	116	12	167
DOP1B	210	0	210
LOC124905016	0	0	0
LOC124905072	0	0	0
MORC3	144	5	139
CHAF1B	673	0	673
CLDN14-AS1	11	0	13
CLDN14	0	2	0
LOC105369308	11	5	6
SIM2	119	5	142
LOC107985492	3	0	3
HLCS	277	37	272
LOC105369305	4	5	0
HLCS-AS1	3	3	3
RIPPLY3	0	0	0
LOC124905017	1	0	1
PIGP	279	0	279
TTC3	807	0	875
TTC3-AS1	2	70	0
DSCR9	4	1	4
VPS26C	579	11	569
LOC124905018	1	0	1
LOC124905019	0	0	0
DYRK1A	592	10	582
LOC105372797	3	3	0
KCNJ6-AS1	0	0	0
LOC105372798	4	2	2
KCNJ6	0	0	0
LOC101928368	0	0	0
DSCR4	0	0	0
DSCR8	0	0	0
LOC124905020	0	0	0
LOC124905070	0	0	0
DSCR10	0	0	0
KCNJ15	1	0	1
LOC105372801	0	0	0
LINC01423	0	0	0
LOC107985513	0	0	0
ERG	194	3	191
LOC105372802	7	0	7
LINC00114	0	0	0
LOC107985480	1	0	1
ETS2	3770	1	3769
LOC101928398	1	0	1
ETS2-AS1	4	0	4
LINC01700	0	0	0
LINC02940	12	0	12
LINC02943	1	0	1
PSMG1	1179	1	1178
BRWD1	551	1	550
BRWD1-AS2	12	0	12
BRWD1-AS1	0	0	0
HMGN1	3863	5	3858
LOC124905074	21	0	21
LOC105372804	0	0	0
GET1-SH3BGR	0	0	0
GET1	88	1	87
LCA5L	28	20	23
SH3BGR	0	2	0
MIR6508	0	0	0
B3GALT5-AS1	0	0	0
B3GALT5	0	0	0
LOC107985499	0	0	0
IGSF5	0	0	0
LOC107985500	0	0	0
PCP4	0	0	0
DSCAM	0	0	0
MIR4760	0	0	0
DSCAM-AS1	0	0	0
LOC105369294	0	0	0
LOC124900473	0	0	0
DSCAM-IT1	0	0	0
LINC00323	5	0	5
MIR3197	8	2	6
BACE2	6844	3	6842
PLAC4	59	1	59
FAM3B	10	0	10
MX2	8	0	8
MX1	4	0	4
TMPRSS2	0	0	0
LOC124905021	0	0	0
LOC124900472	0	0	0
LOC105372809	0	0	0
PCSEAT	0	0	0
LOC105372812	0	0	0
LOC107985478	0	0	0
LOC105372813	0	0	0
LINC00111	0	0	0
LINC00479	0	0	0
LINC00112	0	0	0
RIPK4	90	0	90
MIR6814	0	0	0
LOC102724800	2	0	2
PRDM15	426	1	425
C2CD2	385	1	384
SNORA91	0	0	0
ZBTB21	301	0	301
ZNF295-AS1	0	0	0
LOC107985502	0	0	0
UMODL1	0	0	0
UMODL1-AS1	0	0	0
ABCG1	0	0	0
LOC105372814	1	1	0
TFF3	0	0	0
TFF2	0	0	0
LOC105372815	0	0	0
TFF1	0	0	0
TMPRSS3	792	2	790
UBASH3A	2	1	1
RSPH1	1	0	1
RSPH1-DT	0	0	0
SLC37A1	474	1	548
LOC107987299	2	76	0
LOC101928212	4	2	3
LINC01671	25	0	25
LOC101928255	5	1	5
PDE9A	228	0	230
PDE9A-AS1	0	0	0
LOC107985504	0	1	0
LINC01668	1	1	0
WDR4	591	10	582
LOC105372817	14	0	15
NDUFV3	658	0	658
ERVH48-1	7	0	7
LOC124905022	17	1	16
LOC124905023	88	7	81
MIR5692B	0	0	0
LOC124905024	0	0	0
PKNOX1	282	0	282
CBS	517	1	516
U2AF1	15	0	15
LOC101928369	13	0	13
FRGCA	0	0	0
LOC107987300	2	0	2
CRYAA	0	0	0
LOC105372821	0	0	0
LOC124905025	0	0	0
LOC124905026	0	0	0
LINC00322	15	0	15
LOC124905027	61	0	61
LINC01679	22	22	0
LINC03039	19	0	19
LOC124905028	7	0	7
SIK1	1101	2	1099
LOC124905029	5	3	2
HSF2BP	65	128	65
LINC00319	0	0	7
LOC124900467	0	0	0
LINC00313	0	0	0
LOC102723380	1	1	0
H2BC12L	0	0	0
MIR6070	0	0	0
RRP1B	1737	1	1736
LOC124905030	9	1	8
LOC124905031	5	0	5
LOC124905032	2	0	2
PDXK	5689	8	5681
LOC105372824	19	0	19
CSTB	2579	2	2578
LOC105372825	2	0	2
RRP1	1163	0	1164
AATBC	3	3	0
LOC124905033	6	0	6
AGPAT3	1350	0	1350
LOC124905034	2	0	2
LOC105372826	0	0	0
LOC105372829	0	0	0
TRAPPC10	483	2	481
PWP2	287	0	287
GATD3	288	2	286
LINC01678	0	0	0
LOC124905035	3	0	3
LOC105377139	0	0	0
LOC105372832	0	0	0
LOC102725065	0	0	0
ICOSLG	74	0	74
DNMT3L	15	7	17
DNMT3L-AS1	0	8	1
AIRE	11	8	3
PFKL	4319	5	4314
CFAP410	438	168	270
TRPM2	284	47	274
TRPM2-AS	14	2	49
LOC124905069	0	0	0
LOC124905068	0	0	0
LRRC3-DT	0	0	0
LRRC3	112	0	112
HEPFAL	0	0	0
LOC124905037	0	0	0
LINC02575	1	0	1
TSPEAR	1	1	0
TSPEAR-AS1	3	3	0
TSPEAR-AS2	1	0	1
LOC124905038	1	0	1
KRTAP10-1	0	0	0
KRTAP10-2	0	0	0
KRTAP10-3	0	0	0
KRTAP10-4	0	0	0
KRTAP10-5	0	0	0
KRTAP10-6	0	0	0
KRTAP10-7	0	0	0
KRTAP10-8	0	0	0
KRTAP10-9	0	0	0
KRTAP10-10	0	0	0
KRTAP10-11	0	0	0
KRTAP12-4	0	0	0
KRTAP12-3	0	0	0
KRTAP12-2	0	0	0
KRTAP12-1	0	0	0
KRTAP10-12	0	0	0
UBE2G2	1058	2	1056
LINC01424	6	0	6
SUMO3	1395	1	1394
PTTG1IP	4362	2	4360
LOC124905039	13	0	13
ITGB2	60	1	60
LOC107987303	0	0	0
ITGB2-AS1	3	0	4
LINC01547	97	2	124
SLX9	909	27	911
LINC00163	1	0	1
LINC00165	62	0	62
PICSAR	306	6	300
LOC105372836	44	23	21
SSR4P1	95	27	68
ADARB1	2302	0	2302
LINC00334	0	0	0
LOC124905062	0	0	0
POFUT2	522	0	522
LINC00205	169	0	169
LOC124905040	0	0	0
LINC00316	0	0	0
LOC105372839	0	0	0
LOC124905041	1	0	1
BNAT1	0	0	0
COL18A1	0	0	0
COL18A1-AS2	0	0	0
COL18A1-AS1	0	0	0
LOC124905042	0	0	0
MIR6815	0	0	0
SLC19A1	2	0	2
LOC107985485	0	0	0
LINC01694	1	0	1
PCBP3	0	0	0
PCBP3-AS1	0	0	0
LOC124905044	0	0	0
LOC101928796	0	0	0
LOC105372841	0	0	0
COL6A1	251	0	251
LOC105372842	0	0	0
COL6A2-DT	0	0	0
COL6A2	27	0	30
LOC124905043	0	3	0
FTCD	2	0	2
FTCD-AS1	0	0	0
SPATC1L	0	0	0
LOC124905045	0	0	0
LSS	144	0	144
SNORD159	0	0	0
MCM3AP-AS1	57	388	71
MCM3AP	1347	72	1681
YBEY	217	16	207
C21orf58	402	2	402
PCNT	1338	9	1329
LOC128092249	0	0	0
LOC124905046	53	0	53
DIP2A	773	1	772
DIP2A-IT1	3	0	3
S100B	0	0	0
PRMT2	478	0	478
LOC124905058	14	1	13
LOC124905154	0	0	0
LOC105379418	0	0	0
FRG1FP	3	0	3
LOC107984037	0	0	0
LOC102723769	0	0	0
LOC107987323	9	0	9
LOC105379516	1	0	1
LOC105379428	0	0	0
LOC124905168	0	0	0
OR11H1	0	0	0
LOC112268291	0	0	0
POTEH	0	0	0
POTEH-AS1	0	0	0
PSLNR	0	0	0
DUXAP8	73	0	73
BMS1P22	14	14	0
LOC124905169	0	0	0
CCT8L2	0	0	0
TPTEP1	0	0	0
ANKRD62P1-PARP4P3	0	0	0
LINC01665	0	0	0
XKR3	0	0	0
HSFY1P1	0	0	0
GAB4	0	0	0
CECR7	72	0	72
IL17RA	542	0	542
TMEM121B	2	0	2
LINC01664	0	0	0
HDHD5	1237	5	1236
HDHD5-AS1	1	1	4
ADA2	0	0	0
LOC107985573	0	0	0
CECR3	0	0	0
CECR2	0	0	0
SLC25A18	39	34	10
LOC105372850	0	0	0
LOC101929372	0	5	0
ATP6V1E1	2572	4	2568
BCL2L13	1223	3	1220
BID	497	29	468
MIR3198-1	0	0	0
LINC00528	1	1	0
MICAL3	1338	2	1336
LOC124905075	1	1	0
MIR648	0	0	0
LINC01634	1	0	1
LOC105372853	5	5	0
PEX26	1191	1	1190
TUBA8	23	0	23
LOC124905076	3	1	2
USP18	339	0	339
FAM230D	0	0	0
LOC105372858	0	0	0
LOC105379518	0	0	0
FAM247D	0	0	0
FAM230J	0	0	0
LOC107987325	0	0	0
FAM230A	0	0	0
FAM247B	0	0	0
GGTLC3	0	0	0
TMEM191B	4	0	4
PI4KAP1	153	0	153
LOC124905077	0	0	0
LOC124905174	0	0	0
LOC124900482	0	0	0
RIMBP3	26	0	26
FAM246B	0	0	0
FAM230E	0	0	0
FAM247C	0	0	0
GGT3P	0	0	0
POM121L15P	1	1	0
LOC102724728	0	0	0
FAM230F	0	0	0
DGCR6	209	0	209
PRODH	47	8	39
LOC122455341	0	0	0
DGCR5	80	25	55
FAM246C	4	4	0
DGCR2	1364	0	1364
DGCR11	14	0	14
LOC124905078	4	0	4
ESS2	602	2	627
TSSK2	0	27	0
LOC112268297	2	2	0
GSC2	0	0	0
LINC01311	41	0	41
SLC25A1	4543	4	4539
CLTCL1	741	4	844
LOC112268289	5	111	1
LOC124900485	0	0	0
LOC105372859	0	215	1
HIRA	1050	1	1265
MRPL40	748	0	748
C22orf39	222	1	330
UFD1-AS1	17	125	8
UFD1	953	7	952
CDC45	1067	0	1067
CLDN5	2	2	0
LINC00895	0	0	0
LOC124905079	0	0	0
SEPTIN5	0	0	0
SEPT5-GP1BB	0	0	0
GP1BB	0	0	0
LOC105372861	0	0	0
TBX1	500	6	496
GNB1L	229	1	230
RTL10	790	0	790
LOC124905080	5	0	5
TXNRD2	1545	107	1551
LOC124905081	0	1	0
COMT	1311	11	1422
MIR4761	0	0	0
ARVCF	213	11	214
LOC124905082	0	0	0
TANGO2	464	0	464
MIR185	0	0	0
DGCR8	660	0	660
MIR3618	0	0	0
MIR1306	0	0	0
TRMT2A	768	0	1028
MIR6816	0	0	0
RANBP1	2704	263	2701
SNORA77B	0	0	0
ZDHHC8	779	0	779
CCDC188	2	2	0
LINC02891	1	0	1
LOC105372862	34	0	58
LINC00896	73	90	7
LOC124905083	2	0	2
LOC105372863	0	0	0
RTN4R	367	1	366
MIR1286	0	0	0
DGCR6L	696	1	695
FAM230G	0	0	0
LOC124905153	0	0	0
ZNF74	278	0	278
SCARF2	134	2	132
LOC107985588	1	1	0
KLHL22	367	1	366
LOC124905085	0	0	0
LOC101928824	18	1	17
MED15	2173	2	2174
LOC124905084	0	3	0
POM121L4P	0	0	0
LOC107985584	4	4	0
TMEM191A	21	0	21
PI4KA	1572	1	1572
SERPIND1	0	0	0
SNAP29	723	0	724
CRKL	2681	0	2681
LINC01637	0	0	0
AIFM3	1	1	0
LZTR1	879	5	874
THAP7	737	2	790
THAP7-AS1	90	54	91
TUBA3FP	2	0	2
P2RX6	120	0	120
SLC7A4	12	12	0
MIR649	2	2	0
P2RX6P	10	0	10
LRRC74B	0	0	0
BCRP2	47	0	47
FAM230B	0	0	0
FAM247A	0	0	0
GGT2P	0	0	0
POM121L8P	10	10	0
FAM230H	0	0	0
LINC01651	0	0	0
FAM246A	0	0	0
RIMBP3B	1	0	1
LOC124900483	0	0	0
LOC124905172	0	0	0
HIC2	256	0	256
TMEM191C	7	0	7
PI4KAP2	310	0	310
LOC124905173	0	0	0
LOC124900484	0	0	0
RIMBP3C	0	0	0
UBE2L3	2509	16	2493
YDJC	1148	43	1105
CCDC116	7	0	7
SDF2L1	1106	0	1106
LOC107985532	7	0	7
MIR301B	0	0	0
MIR130B	0	0	0
PPIL2	845	2	950
YPEL1	1	105	3
MAPK1	1819	0	1819
PPM1F	944	0	1041
PPM1F-AS1	3	97	3
TOP3B	891	0	891
PRAMENP	0	0	0
LOC102724653	0	0	0
VPREB1	0	0	0
LOC124905087	20	0	20
LOC105372952	22	1	22
BMS1P20	132	0	133
LOC101929255	0	0	0
ZNF280B	0	0	0
ZNF280A	0	0	0
PRAME	0	0	0
LL22NC03-63E9.3	0	0	0
POM121L1P	9	9	0
GGTLC2	0	0	0
LOC112267890	0	0	0
LL22NC03-102D1.18	0	0	0
LOC105372948	0	0	0
MIR650	0	0	0
LOC124905086	0	0	0
LOC102724638	0	0	0
MIR5571	0	0	0
IGLL5	0	0	0
LOC105372947	0	0	0
RSPH14	1	15	1
GNAZ	25	0	25
LOC124905170	0	0	0
RAB36	2	2	0
BCR	886	0	1062
FBXW4P1	4	0	4
LOC107985554	1	162	0
LINC02556	0	0	0
CES5AP1	0	0	0
ZDHHC8BP	0	0	0
LINC01659	0	0	0
FAM230I	0	0	0
LINC02557	0	0	0
LOC107985580	0	0	0
LOC124900476	0	0	0
PCAT14	0	0	0
LOC105372957	0	0	0
IGLL1	0	0	0
DRICH1	29	0	29
LOC124905089	0	0	0
GUSBP11	189	0	232
RGL4	70	113	0
LOC124905088	2	0	2
ZNF70	93	0	93
VPREB3	4	0	4
C22orf15	2	2	0
CHCHD10	0	0	0
LOC107985577	0	0	0
MMP11	0	0	0
SMARCB1	0	0	0
DERL3	0	0	0
SLC2A11	0	0	0
MIF-AS1	0	0	0
MIF	0	0	0
LOC100652871	0	0	0
GSTT2B	184	1	183
DDTL	1	0	1
DDT	0	0	0
GSTT2	12	0	12
GSTT4	0	0	0
LOC105372959	0	0	0
CABIN1	1388	2	1386
SUSD2	171	0	171
LOC124905090	0	0	0
GGT5	32	0	32
POM121L9P	1	1	0
SPECC1L-ADORA2A	0	0	0
SPECC1L	226	0	226
LOC105372960	0	0	0
ADORA2A	2	0	5
ADORA2A-AS1	3	12	0
UPB1	0	0	0
GUCD1	1580	31	1605
SNRPD3	2031	26	2061
LOC124905091	10	10	0
GGT1	309	0	309
LRRC75B	5	0	5
BCRP3	1	0	1
POM121L10P	6	6	0
LOC124905092	1	0	1
LOC105372962	0	0	0
PIWIL3	1	0	1
TOP1P2	0	0	0
SGSM1	15	0	15
LOC124900481	0	0	0
LHFPL7	0	0	0
KIAA1671	1082	0	1083
KIAA1671-AS1	1	2	0
CRYBB3	13	0	13
CRYBB2	3	0	3
LOC105372969	0	0	0
IGLL3P	0	0	0
LRP5L	147	0	147
LOC124905095	0	0	0
LOC124905093	0	0	0
CRYBB2P1	384	0	384
MIR6817	0	0	0
LOC124905094	11	0	11
GRK3-AS1	0	0	0
GRK3	26	0	26
MYO18B	2	0	2
MYO18B-AS1	0	0	0
LOC102724801	0	0	0
LINC02559	0	0	0
LOC105372971	0	0	0
SEZ6L	0	0	0
SEZ6L-AS1	0	0	0
LOC124905096	0	0	0
ASPHD2	0	10	0
HPS4	560	0	570
SRRD	169	188	331
TFIP11	664	174	840
TFIP11-DT	37	0	37
TPST2	386	0	386
MIR548J	0	0	0
CRYBA4	0	0	0
CRYBB1	0	0	0
MIAT	5	1	4
MIATNB	7	0	7
LOC110091768	4	0	4
LINC01422	0	0	0
LOC107985582	1	0	1
LOC284898	0	0	0
LOC107985534	0	0	0
LOC105372977	0	0	0
LINC01638	0	0	0
LINC02554	0	0	0
LOC105372979	0	0	0
LOC102724900	0	0	0
LOC105372980	0	0	0
LOC105372981	0	0	0
LOC124905098	0	0	0
CPMER	9	0	9
MN1	1636	0	1636
LOC107985529	0	0	0
PITPNB	1355	0	1356
TTC28-AS1	103	75	118
MIR3199-1	0	0	0
MIR3199-2	0	0	0
TTC28	697	19	767
LOC124905171	0	0	0
MIR5739	0	0	0
LOC101929594	2	0	2
CHEK2	1602	1	1603
HSCB	373	11	364
CCDC117	768	1	767
XBP1	4298	3	4295
LOC107985549	3	0	3
ZNRF3	865	0	865
ZNRF3-AS1	3	0	3
C22orf31	0	0	0
KREMEN1	568	0	568
LOC101929638	0	0	0
EMID1	0	0	0
LOC124905099	0	0	0
LOC105372985	0	0	0
RHBDD3	621	3	620
EWSR1	4883	7	4878
GAS2L1	1526	2	1524
RASL10A	4	0	4
AP1B1	2992	1	2991
SNORD125	11	0	11
RFPL1	1	14	2
LOC102723305	1	1	4
RFPL1S	29	0	39
LOC107985541	14	0	15
NEFH	366	21	346
THOC5	917	0	917
NIPSNAP1	2739	1	2738
NF2	982	2	980
CABP7-DT	0	0	0
CABP7	3	148	1
ZMAT5	71	0	217
UQCR10	1313	0	1313
ASCC2	1138	0	1138
MTMR3	667	0	703
MIR6818	0	0	0
HORMAD2-AS1	0	36	0
HORMAD2	0	0	0
LOC105372988	0	0	0
LIF-AS1	0	0	0
LIF	88	0	98
LIF-AS2	0	10	0
OSM	0	0	0
CASTOR1	87	0	87
TBC1D10A	528	0	528
SF3A1	2477	0	2635
CCDC157	39	241	60
KIAA1656	10	36	77
RNF215	184	0	185
SEC14L2	163	6	157
MTFP1	614	5	609
LOC105372990	12	0	12
SEC14L3	0	0	0
LOC105372991	0	0	0
SDC4P	0	0	0
LOC107985579	0	0	0
SEC14L4	223	0	223
SEC14L6	0	0	0
GAL3ST1	9	0	9
PES1	3344	2	3342
TCN2	4	0	4
SLC35E4	133	39	133
DUSP18	42	1	80
OSBP2	2648	52	3485
MIR3200	0	0	0
LOC105372994	0	0	0
LOC107985544	23	865	48
MORC2-AS1	0	47	0
MORC2	994	2	1038
TUG1	1249	5	1244
SMTN	1039	10	1029
SELENOM	742	0	742
LOC105372995	1	1	1
LOC124905100	0	0	1
INPP5J	726	2	724
PLA2G3	112	0	112
MIR3928	0	0	0
RNF185	852	0	852
LIMK2	351	0	351
PIK3IP1	36	1	35
LOC105372997	0	0	0
PATZ1	732	2	730
PIK3IP1-DT	3	3	0
LINC01521	78	12	66
DRG1	1580	3	1578
EIF4ENIF1	655	45	611
SFI1	815	39	811
PISD	910	5	940
MIR7109	0	0	0
PRR14L	509	0	509
DEPDC5	365	0	365
LOC105372998	0	0	0
LOC124905102	0	0	0
YWHAH-AS1	0	5	0
YWHAH	1350	0	1350
LOC124900477	4	0	6
LOC124905158	0	0	0
LINC02558	0	0	0
SLC5A1	0	0	0
LOC105373000	0	0	0
AP1B1P1	0	0	0
C22orf42	0	0	0
RFPL2	0	0	0
SLC5A4-AS1	1	0	1
SLC5A4	0	0	0
LOC107985561	0	0	0
RFPL3	0	3	0
RFPL3S	1	0	4
LOC339666	2	2	0
RTCB	1905	3	1902
BPIFC	0	0	0
FBXO7	2575	2	2573
SYN3	4	6	2
LOC124905103	96	0	99
SYN3-AS1	21	0	21
LOC107985545	0	0	0
LOC105373002	0	0	0
TIMP3	1427	1	1426
LOC124905104	1	0	1
LARGE1	0	0	0
LINC01640	0	0	0
LOC124905107	0	0	0
LARGE1-AS2	0	0	0
LOC124905106	0	0	0
MIR4764	0	0	0
LOC105373007	0	0	0
SNORA50B	0	0	0
LARGE-AS1	0	0	0
LARGE1-AS1	0	0	0
LINC01643	0	0	0
LL22NC03-13G6.2	0	0	0
LOC124905108	0	0	0
LOC105373012	0	0	0
LOC105373013	0	0	0
LINC02885	0	0	0
LOC105373014	1	0	1
LOC124905109	0	0	0
LOC105373015	0	0	0
ISX	0	0	0
LOC124905110	0	0	0
LINC01399	0	0	0
LOC105373017	5	4	1
HMGXB4	519	0	519
TOM1	994	0	994
MIR3909	0	0	0
MIR6069	0	0	0
HMOX1	918	1	917
MCM5	4929	0	4929
RASD2	151	155	10
LOC107985590	33	0	47
MB	221	0	221
LOC284912	0	0	0
APOL6	1667	0	1667
APOL5	0	0	0
RBFOX2	83	0	83
APOL3	195	0	195
APOL4	0	0	0
APOL2	975	0	975
APOL1	592	0	592
MYH9	9911	11	9900
MIR6819	0	0	0
MYH9-DT	1	0	1
LOC124905111	0	0	0
TXN2	1547	2	1545
FOXRED2	1626	0	1833
LOC105373020	0	207	0
EIF3D	5514	7	5507
CACNG2	0	0	0
CACNG2-DT	5	9	0
LOC124905112	0	0	0
IFT27	102	1	105
PVALB	0	0	0
NCF4-AS1	0	0	0
NCF4	2	0	2
LOC105373022	0	0	0
CSF2RB	0	0	0
LOC105373023	0	0	0
LOC124900478	0	0	0
LL22NC01-81G9.3	0	0	0
CIMIP4	0	0	0
TST	1574	8	1567
MPST	1805	6	1800
LOC112268295	5	0	5
KCTD17	0	0	0
TMPRSS6	0	0	0
LOC124905113	0	0	0
IL2RB	16	0	16
IL2RB-AS1	54	1087	15
C1QTNF6	2510	9	3549
SSTR3	0	0	0
RAC2	6	0	6
LOC107985576	0	0	0
CYTH4	0	0	0
LOC105373024	1	1	0
ELFN2	434	0	434
LOC100506271	0	0	0
LOC124905114	0	0	0
MFNG	39	0	39
CARD10	1032	0	1032
CDC42EP1	2443	1	2442
LGALS2	12	12	0
GGA1	879	0	879
SH3BP1	28	3	88
PDXP-DT	0	60	3
PDXP	1125	1	1124
LGALS1	5169	2	5167
NOL12	436	0	436
TRIOBP	1064	2	1064
LOC124905115	1	0	3
LOC102724378	14	0	14
LOC124905159	1	0	1
H1-0	2393	7	2386
GCAT	679	0	679
GALR3	1	0	1
ANKRD54	558	2	557
MIR658	0	0	0
MIR659	1	0	1
EIF3L	6344	2	6343
MICALL1	829	1	835
C22orf23	104	107	4
POLR2F	688	1	687
MIR6820	2	0	2
SOX10	0	0	0
MIR4534	0	0	0
POLR2F-AS1	0	0	0
PICK1	675	1	674
SLC16A8	17	17	0
LOC105373027	4	0	4
BAIAP2L2	23	14	9
PLA2G6	260	0	260
MAFF	300	7	316
TMEM184B	1877	20	2035
SNORA92	2	0	2
TMEM184B-AS1	0	155	0
TPTEP2-CSNK1E	1	0	1
CSNK1E	14	0	14
TPTEP2	2	0	2
LOC105373030	0	0	0
LOC101927183	0	0	0
KCNJ4	0	0	0
LOC105373029	0	0	0
LOC124905116	0	0	0
KDELR3	239	17	238
DDX17	5986	9	5993
DMC1	3	0	3
LOC105373031	0	0	0
FAM227A	94	0	94
CBY1	198	39	162
TOMM22-DT	16	0	19
TOMM22	515	1	518
JOSD1	1567	21	1553
GTPBP1	2029	865	2350
SUN2	467	332	1318
DNAL4	124	0	124
NPTXR	450	1	449
CBX6	1478	0	1478
LOC105373032	0	0	0
APOBEC3A	0	0	0
LOC105373033	0	0	0
LOC124905118	0	0	0
APOBEC3B	593	1	832
APOBEC3B-AS1	0	247	0
APOBEC3C	1227	0	1227
APOBEC3D	4	0	4
APOBEC3F	1	0	1
LOC107985563	0	0	0
APOBEC3G	0	0	0
LOC101927202	0	0	0
APOBEC3H	8	0	8
CBX7	235	0	235
PDGFB	1055	11	1044
LOC124905119	2	0	2
RPL3	38795	15	38780
SNORD83B	9	0	9
SNORD83A	11	0	11
SNORD139	7	0	7
SNORD43	13	0	13
SYNGR1	0	0	0
TAB1	730	2	728
LOC100506472	31	0	31
MGAT3	4	2	2
MGAT3-AS1	0	0	0
MIEF1	1651	1	1650
LOC105373035	2	1	2
MIURF	0	0	0
ATF4	5954	1	5954
RPS19BP1	1038	2	1037
LOC124905120	0	0	0
CACNA1I	2	0	2
ENTHD1	1	0	1
GRAP2	5	0	5
TMA7B	0	0	0
LOC124905155	0	0	0
FAM83F	53	0	53
TNRC6B-DT	0	0	0
TNRC6B	612	3	609
LOC124905121	0	0	0
ADSL	1687	3	1684
SGSM3	1712	9	1704
MRTFA	990	3	988
MRTFA-AS1	1	1	0
LOC105373037	0	0	0
LOC124905122	0	0	0
LOC124905123	0	0	0
MCHR1	0	0	0
SLC25A17	658	0	658
MIR4766	0	0	0
ST13	3938	1	3937
XPNPEP3	352	0	374
DNAJB7	2	24	0
LOC124905124	0	0	0
LOC124905157	0	0	0
RBX1	695	0	695
SNORD140	1	0	1
MIR1281	0	0	0
EP300	1331	1	1331
EP300-AS1	45	0	45
L3MBTL2	853	1	1438
L3MBTL2-AS1	0	305	0
CHADL	1	281	1
RANGAP1	3775	1	3775
MIR6889	0	0	0
ZC3H7B	1921	0	1921
TEF	305	0	305
LOC100996598	1	1	0
LOC105373042	3	0	3
TOB2	1396	0	1399
LOC105373043	20	15	8
PHF5A	616	2	614
ACO2	2126	261	3468
POLR3H	590	1386	806
LOC105373044	0	0	0
CSDC2	13	0	13
PMM1	421	0	421
DESI1	1609	3	1607
XRCC6	12500	4	12497
SNU13	2830	7	2829
LOC107985567	28	0	28
C22orf46P	367	2	371
MEI1	0	0	0
CCDC134	80	9	344
SREBF2-AS1	8	497	12
SREBF2	5722	3	5947
MIR33A	0	0	0
SHISA8	0	0	0
LOC124905125	21	0	21
TNFRSF13C	33	0	33
MIR378I	0	0	0
CENPM	397	5	696
SMIM45	14	300	18
SEPTIN3	0	0	0
WBP2NL	0	0	0
NAGA	511	3	508
LOC107985551	0	0	0
PHETA2	90	0	90
SMDT1	0	0	0
NDUFA6	0	0	0
NDUFA6-DT	0	1	0
CYP2D6	5	0	6
CYP2D7	0	0	0
LOC105377203	0	0	0
TCF20	39	5	39
OGFRP1	3	0	8
LINC01315	148	0	148
LOC124905126	3	0	3
NFAM1	21	0	21
LOC101927344	5	0	5
SERHL	0	347	0
LOC101927372	0	0	6
RRP7A	1285	1	1638
LOC124900479	27	37	0
SERHL2	88	135	0
RRP7BP	260	0	305
POLDIP3	2737	3	2734
LOC124905127	1	0	1
RNU12	0	0	0
CYB5R3	6321	4	6317
ATP5MGL	2	0	2
A4GALT	970	3	967
ARFGAP3	803	0	803
PACSIN2	1192	2	1401
LOC101927393	9	219	2
LOC124905128	0	0	0
TTLL1-AS1	2	14	0
TTLL1	53	0	65
BIK	14	0	14
MCAT	833	0	833
TSPO	3437	3	3434
TTLL12	2848	4	2844
SCUBE1	0	0	0
SCUBE1-AS2	0	0	0
LOC124905129	0	0	0
SCUBE1-AS1	0	0	0
LOC105373053	0	0	0
LINC01639	0	0	0
MPPED1	0	0	0
EFCAB6-AS1	0	0	0
EFCAB6	0	0	0
LOC101927474	0	0	0
LOC124905130	0	0	0
EFCAB6-DT	0	0	0
SULT4A1	0	0	0
PNPLA5	0	0	0
PNPLA3	164	0	164
SAMM50	1397	1	1396
PARVB	972	1	971
LOC124905131	18	0	18
TRU-TCA2-1	0	0	0
PARVG	0	0	0
SHISAL1	563	0	563
LOC101927499	0	0	0
LINC01656	0	0	0
RTL6	1908	4	1904
LOC105373059	2	0	2
LINC00207	0	0	0
LINC00229	0	0	0
LOC105373060	0	0	0
LOC124905132	0	0	0
PRR5	193	0	193
PRR5-ARHGAP8	0	0	0
ARHGAP8	0	0	0
LOC105373062	0	0	0
LOC124905133	4	0	4
PHF21B	0	0	0
LOC101927551	0	0	0
NUP50-DT	255	1	254
NUP50	1302	1	1303
LOC105373064	2	2	2
KIAA0930	1488	2	1486
MIR1249	1	0	1
UPK3A	0	0	0
FAM118A	236	0	236
SMC1B	3	3	0
RIBC2	0	0	0
LOC107985537	1	0	1
LOC105373066	4	0	4
FBLN1	12556	6	12550
LINC01589	4	0	4
LOC105373069	4	0	4
LOC105373067	1	0	1
LOC105373068	0	0	0
ATXN10	2631	1	2630
MIR4762	0	0	0
LOC105373071	10	1	9
LOC107985535	2	2	0
WNT7B	1077	1	1076
LOC730668	5	1	4
LOC124905134	21	1	20
LOC124905136	7	4	7
LINC00899	30	9	33
LOC124905135	28	6	30
PRR34	26	22	20
PRR34-AS1	10	3	23
LINC02939	4	3	1
MIRLET7BHG	0	0	0
LOC112268288	0	0	0
MIR3619	0	0	0
MIRLET7A3	0	0	0
MIR4763	0	0	0
MIRLET7B	0	0	0
LOC124905137	0	0	0
LOC124905138	0	0	0
PPARA	232	2	230
LOC105373074	0	0	0
CDPF1	256	0	256
PKDREJ	0	0	0
TTC38	1045	0	1045
GTSE1-DT	2	0	2
GTSE1	824	0	824
TRMU	942	8	934
CELSR1	1792	1	1791
LINC02925	11	3	8
LOC105373075	0	0	0
GRAMD4	352	1	351
CERK	921	6	915
LOC105373077	8	0	8
TBC1D22A-DT	72	0	74
TBC1D22A	656	3	655
TBC1D22A-AS1	0	0	0
LOC105369161	10	0	10
LOC124905141	0	0	0
LOC124905139	0	0	0
LOC124905140	0	0	0
LOC339685	1	0	1
LINC01644	0	0	0
LINC00898	0	0	0
EPIC1	14	0	14
LOC124905150	0	0	0
LOC107985536	0	0	0
LOC107985581	0	0	0
MIR3201	0	0	0
LOC105373080	0	0	0
LOC105373081	0	0	0
LOC124905142	0	0	0
TAFA5	0	0	0
LOC284933	0	0	0
LOC124900480	0	0	0
MIR4535	0	0	0
LINC01310	0	0	0
NHIP	0	0	0
LOC105373086	0	0	0
LOC124905143	0	0	0
MIR3667HG	1	0	1
MIR3667	0	0	0
LOC124905144	0	0	0
LOC124905145	0	0	0
LOC124905146	0	0	0
BRD1	852	0	852
LOC105377205	0	0	4
LOC124905156	3	0	3
LOC105373091	0	0	0
ZBED4	584	7	581
LOC124905147	0	0	0
ALG12	593	20	588
CRELD2	853	32	836
PIM3	3405	4	3401
MIR6821	0	0	0
IL17REL	16	0	16
TTLL8	2	0	2
MLC1	2	0	2
MOV10L1	0	0	0
PANX2	84	1	83
TRABD	1851	6	2097
TRABD-AS1	19	248	23
SELENOO	952	11	1504
SELENOO-AS1	100	652	11
TUBGCP6	685	2	683
HDAC10	608	5	603
MAPK12	466	0	466
MAPK11	630	0	630
PLXNB2	9112	4	9109
DENND6B	70	2	78
LOC105373096	0	10	0
PPP6R2	1361	79	1352
MIR12114	0	0	0
SBF1	3587	11	3646
ADM2	48	0	48
MIOX	0	0	0
LMF2	2145	1	2144
NCAPH2	1196	845	1259
SCO2	21	94	783
TYMP	4932	4	4928
CIMAP1B	560	23	537
LOC102724608	0	15	3
KLHDC7B-DT	1	165	15
KLHDC7B	579	2	739
SYCE3	5	0	5
LOC107985568	1	31	1
CHKB-CPT1B	0	0	0
CPT1B	2	0	2
CHKB	0	0	0
CHKB-DT	66	0	67
MAPK8IP2	120	0	120
ARSA	835	1	834
LOC124905149	2	0	2
SHANK3	4	1	3
LOC105373100	0	0	0
ACR	0	0	0
RPL23AP82	110	28	104
RABL2B	249	3	268
LOC102724751	2	0	11
LOC124905330	0	9	0
LOC102724151	0	0	0
LOC102724197	0	0	0
LOC105379548	0	0	0
LOC107987389	0	0	0
LOC107987392	8	0	8
RNA45SN4	52	0	71
RNA18SN4	0	0	0
RNA5-8SN4	0	0	0
RNA28SN4	0	0	0
LOC105379549	11	0	11
LOC107987393	13	0	13
LOC124905331	87	121	0
PLCXD1	0	0	0
GTPBP6	0	0	0
LINC00685	0	0	0
PPP2R3B	0	0	0
LOC102724521	0	0	0
SHOX	0	0	0
CRLF2	0	0	0
CSF2RA	0	0	0
LOC124905238	0	0	0
MIR3690	0	0	0
IL3RA	0	0	0
LOC101928032	0	0	0
SLC25A6	0	0	0
LOC124900597	0	0	0
LINC00106	0	0	0
ASMTL-AS1	0	0	0
ASMTL	0	0	0
P2RY8	0	0	0
AKAP17A	0	0	0
ASMT	0	0	0
LINC02968	0	0	0
LOC105379413	0	0	0
LOC107985677	0	0	0
DHRSX	0	0	0
LOC124905239	0	0	0
ZBED1	0	0	0
LINC03112	0	0	0
MIR6089	0	0	0
CD99P1	0	0	0
LINC00102	0	0	0
CD99	0	0	0
XG	0	0	0
GYG2	7	0	7
ARSD	0	0	0
ARSD-AS1	0	0	0
ARSL	0	0	0
ARSH	0	0	0
ARSF	0	0	0
LINC01546	0	0	0
MXRA5	0	0	0
SNORA48B	0	0	0
PRKX	433	0	433
PRKX-AS1	2	2	0
LOC389906	178	6	172
LOC124900487	137	2	135
TRI-GAT1-1	0	0	0
FAM239A	109	0	109
TRI-GAT1-2	0	0	0
FAM239B	15	0	15
TRI-GAT1-3	0	0	0
FAM239C	12	0	12
LOC101928201	0	0	0
LOC124900497	0	0	0
LINC03070	0	0	0
NLGN4X	470	0	470
LOC105373156	0	0	0
MIR4770	0	0	0
VCX3A	0	0	0
LOC124905240	0	0	0
PUDP	497	19	544
LOC107987331	0	0	0
STS	949	50	959
MIR4767	0	0	0
LOC124905241	0	0	0
VCX	0	0	0
PNPLA4	299	0	306
LOC107985675	21	7	21
MIR651	0	0	0
VCX2	0	0	0
LOC107985676	0	0	0
VCX3B	0	0	0
LINC03113	0	0	0
ANOS1	0	0	0
FAM9A	0	0	0
LINC03114	0	0	0
FAM9B	1	0	1
LOC124905242	0	0	0
LOC107985634	0	0	0
TBL1X	1306	3	1306
GPR143	1	4	0
LOC105373126	0	0	0
SHROOM2	0	0	0
CLDN34	0	0	0
WWC3	0	0	0
CLCN4	4	0	4
MID1	579	0	617
LOC124905245	1	38	1
HCCS-DT	26	0	26
LOC124905244	0	0	0
LOC124905243	0	0	0
HCCS	1627	0	1627
ARHGAP6	3	0	3
AMELX	0	0	0
MIR548AX	0	0	0
LOC124905246	0	0	0
LOC105373131	0	0	0
MSL3-DT	0	0	0
MSL3	681	0	681
FRMPD4	1	0	1
FRMPD4-AS1	0	0	0
PRPS2	1071	0	1071
TLR7	0	0	0
TLR8-AS1	0	0	0
TLR8	0	0	0
TMSB4X	12327	2	12325
FAM9C	0	0	0
LOC105373133	0	0	0
LOC105373134	0	0	0
LINC02154	0	0	0
GS1-600G8.3	0	0	0
ATXN3L	0	0	0
LINC01203	0	0	0
LOC124905248	0	0	0
EGFL6	0	0	0
MIR6086	0	0	0
LOC107985657	2	0	2
TCEANC	37	0	37
LOC107985656	12	0	12
RAB9A	1294	1	1293
TRAPPC2	220	10	240
OFD1	467	52	459
GPM6B	21	12	23
GEMIN8	253	0	253
UBE2E4P	1	0	1
GLRA2	0	0	0
LOC107985686	1	0	1
FANCB	121	0	121
MOSPD2	268	0	268
ASB9	230	0	230
ASB11	0	0	0
PIGA	474	0	474
PIR-FIGF	0	0	0
VEGFD	1	0	1
PIR	8	0	8
BMX	1	1	0
ACE2	79	0	79
ACE2-DT	2	0	2
CLTRN	8	24	8
CA5BP1	374	0	374
CA5BP1-CA5B	3	0	3
LOC124905268	2	0	2
CA5B	0	0	0
INE2	0	41	0
ZRSR2	211	0	212
AP1S2	235	3	233
GRPR	2	0	2
MAGEB17-AS1	1	1	2
MAGEB17	0	2	0
LOC124905249	0	0	0
CTPS2	721	2	719
MIR548AM	0	0	0
S100G	0	0	0
SYAP1	1621	0	1621
LOC124905250	0	0	0
TXLNG	1054	5	1233
LOC124905251	16	153	8
RBBP7	10057	45	10051
REPS2	368	0	368
LOC124905266	0	0	0
LOC124905252	0	0	0
LOC124905270	0	0	0
NHS	391	3	390
MIR4768	0	0	0
LOC101928389	0	0	0
NHS-AS1	0	0	0
LOC105373142	3	4	1
SCML1	815	0	815
RAI2	0	0	0
LINC01456	0	0	0
BEND2	0	0	0
SCML2	368	0	368
LOC124905253	0	0	0
CDKL5	354	1	358
RS1	2	4	3
TRV-TAC1-2	0	0	0
PPEF1	232	0	232
PPEF1-AS1	0	0	0
LOC124905254	12	0	12
PHKA2-AS1	104	226	361
PHKA2	1105	668	920
LOC101928415	15	4	13
ADGRG2	860	1	861
PDHA1	6803	19	7877
MAP3K15	71	1101	63
SH3KBP1	1011	0	1011
LOC124905255	0	0	0
BCLAF3	103	0	103
LOC124905256	0	0	0
LOC729609	0	0	0
MAP7D2	1	0	1
MIR23C	0	0	0
EIF1AX	2274	0	2274
SCARNA9L	0	0	0
EIF1AX-AS1	0	0	0
RPS6KA3	985	0	985
LOC124905257	0	0	0
LOC124905258	0	0	0
LOC105373146	0	0	0
CNKSR2	3	0	3
KLHL34	0	0	0
SMPX	0	0	0
MBTPS2	1101	0	1101
YY2	73	0	73
LOC124905259	21	0	21
SMS	3797	1	3796
PHEX	8	0	8
PHEX-AS1	0	0	0
PTCHD1-AS	0	0	0
CBLL2	0	0	0
DDX53	0	0	0
PTCHD1	0	0	0
LOC124905276	0	0	0
PRDX4	4568	1	4567
ACOT9	1260	0	1260
SAT1-DT	8	0	8
SAT1	1691	0	1691
LOC127933115	0	0	0
APOO	763	3	774
CXorf58	1	13	2
KLHL15	684	1	683
EIF2S3	10699	5	10694
LOC124905261	14	0	14
LOC124905260	2	0	2
LOC124900492	0	0	0
ZFX-AS1	1	1	1
ZFX	878	4	875
SUPT20HL2	0	0	0
SUPT20HL1	0	0	0
PDK3	319	0	319
PCYT1B	0	0	0
PCYT1B-AS1	0	0	0
LOC124905262	0	0	0
POLA1	1266	2	1264
SCARNA23	0	0	0
LOC124905263	3	0	3
ARX	0	0	0
LOC107985652	0	0	0
LOC107985707	0	0	0
MAGEB18	0	0	0
MAGEB6B	0	0	0
MAGEB6	5	0	5
MAGEB5	0	0	0
VENTXP1	0	0	0
LOC124905231	0	0	0
LOC105373150	17	0	17
PPP4R3C	0	0	0
DCAF8L2	0	0	0
MAGEB10	0	0	0
DCAF8L1	0	0	0
LOC105373151	0	0	0
LOC105373152	0	0	0
MIR6134	0	0	0
IL1RAPL1	0	0	0
MIR4666B	0	0	0
LOC107985632	0	0	0
MAGEB2	5	0	5
MAGEB3	0	0	0
MAGEB4	0	0	0
MAGEB1	0	0	0
NR0B1	0	0	0
TASL	0	0	0
GK	116	0	160
GK-AS1	3	47	0
TAB3	496	0	496
TAB3-AS1	4	4	0
FTHL17	0	0	0
DMD	1078	0	1078
LOC124905175	0	0	0
MIR3915	0	0	0
MIR548F5	0	0	0
LOC124905283	0	0	0
LOC105373153	0	0	0
FAM47A	0	0	0
LOC107985674	0	0	0
TMEM47	0	0	0
FAM47B	0	0	0
MAGEB16	0	0	0
CFAP47	0	0	0
LOC101928627	0	0	0
LOC105373155	0	0	0
FAM47C	0	0	0
FTHL18P	0	0	0
PRRG1	465	0	465
LANCL3	0	0	0
XK	135	0	135
CYBB	11	0	11
DYNLT3	603	0	603
SYTL5	2	0	2
H2AP	0	0	0
H2AL3	0	0	0
MIR548AJ2	0	0	0
SRPX	0	0	0
LOC124905176	0	0	0
RPGR	51	0	51
OTC	0	0	0
TSPAN7	0	0	0
MID1IP1-AS1	18	173	3
MID1IP1	3355	3	3510
LOC124905178	0	0	0
LOC124905177	0	0	0
LOC105373175	0	0	0
LINC01281	0	0	0
LINC01282	0	0	0
LOC105373176	0	0	0
LINC01283	0	0	0
MIR3937	0	0	0
LOC105373178	0	0	0
LOC105373177	1	1	0
MIR1587	0	0	0
LOC105373180	23	0	23
LINC03053	6	5	1
BCOR	3241	8	3233
LOC107985687	25	0	25
LINC03099	16	0	16
LOC124905275	0	0	0
LOC105373182	0	0	0
ATP6AP2	2266	0	2266
MPC1L	0	0	0
CXorf38	618	2	616
MED14	1630	3	1646
MED14OS	1	18	2
TNIP2P1	0	0	0
USP9X	2367	3	2364
LINC02601	14	5	9
DDX3X	4848	2	4846
NYX	5	0	5
CASK	237	0	330
CASK-AS1	0	69	0
LOC124905180	0	24	0
GPR34	2	1	1
GPR82	1	1	0
LOC124905181	0	0	0
LOC105373186	1	0	1
PPP1R2C	0	0	0
LOC105373188	0	0	0
PINCR	0	0	0
MAOA	10	0	10
MAOB	35	0	35
NDP	0	0	1
NDP-AS1	0	1	0
EFHC2	0	0	0
FUNDC1	186	0	186
DUSP21	0	0	0
LOC105373190	0	0	0
KDM6A	346	0	346
DIPK2B	0	0	0
LOC105373191	0	0	0
LINC01204	0	0	0
MFFP3	0	0	0
MIR222HG	11	0	11
MIR221	0	0	0
MIR222	0	0	0
LINC02595	4	0	4
LOC124900502	0	0	0
LINC01186	5	0	5
KRABD4	145	0	145
ZNF674	32	2	30
LOC124900488	1	0	1
ZNF674-AS1	67	0	67
CHST7	3	0	3
SLC9A7	23	0	23
LOC124905182	0	0	0
RP2	310	0	310
LINC01545	1	0	1
JADE3	596	1	595
RGN	1	0	1
LOC105373193	0	0	4
LOC107985720	8	4	8
NDUFB11	2982	163	2994
RBM10	1617	14	1778
UBA1	13530	3	13527
LOC105373194	10	61	13
INE1	3	2	15
CDK16	3357	4	3397
USP11	1429	0	1429
LOC124905277	0	0	0
LOC124905264	0	0	0
ZNF157	0	0	0
SNORA11C	0	0	0
ZNF41	119	10	123
LINC01560	32	4	42
LOC124905183	3	0	3
LOC124905184	6	152	8
ARAF	1793	4	1946
SYN1	0	3	0
TIMP1	6136	1	6135
MIR4769	0	0	0
CFP	14	0	14
ELK1	1658	0	1658
UXT	162	1	710
UXT-AS1	0	548	1
CXXC1P1	0	0	0
ZNF81	142	1	143
ZNF182	0	2	0
SPACA5	0	0	0
ZNF630-AS1	0	0	0
ZNF630	0	0	0
LOC124905272	0	0	0
SSX6P	0	0	0
SPACA5B	0	0	0
SSX5	0	0	0
SSX1	0	0	0
SSX9P	0	0	0
SSX3	1	0	1
SSX4	0	0	0
SSX4B	0	0	0
SLC38A5	1916	0	1916
LOC124905185	0	356	0
FTSJ1	1713	0	2069
PORCN-DT	10	0	10
PORCN	527	0	527
EBP	2771	2	2769
TBC1D25	576	0	576
RBM3	2649	13	2636
WDR13	1769	1	1768
LOC107985695	0	0	0
LOC124905186	0	0	0
WAS	8	0	8
LOC124905187	1	0	2
SUV39H1	1254	2	1253
GLOD5	0	0	0
GATA1	1	1	0
HDAC6	1130	0	1130
ERAS	0	0	0
PCSK1N	0	0	0
TIMM17B	0	0	0
PQBP1	0	0	0
SLC35A2	0	0	0
PIM2	0	0	0
OTUD5	0	0	0
KCND1	0	0	0
GRIPAP1	0	0	0
TFE3	0	0	0
CCDC120	0	0	0
PRAF2	0	0	0
WDR45	0	0	0
GPKOW	0	0	0
LOC105373195	0	0	0
MAGIX	0	0	0
PLP2	4679	77	6651
PRICKLE3	1000	1980	1069
SYP	16	3	13
SYP-AS1	0	0	0
CACNA1F	0	0	0
CCDC22	573	1	589
FOXP3	12	21	8
FLICR	0	0	0
PPP1R3F	346	0	346
GAGE10	0	0	0
LOC124905188	0	0	0
GAGE12J	0	0	0
GAGE13	1	0	1
GAGE12B	0	0	0
GAGE12C	0	0	0
GAGE12D	0	0	0
GAGE12E	0	0	0
GAGE12F	0	0	0
GAGE12G	0	0	0
GAGE12H	0	0	0
GAGE2A	47	0	47
GAGE1	310	0	310
PAGE1	1208	0	1208
PAGE4	0	0	0
USP27X-DT	4	0	4
USP27X	19	0	19
CLCN5	229	0	229
MIR532	0	0	0
MIR188	0	0	0
MIR500A	0	0	0
MIR362	0	0	0
MIR501	0	0	0
MIR500B	0	0	0
MIR660	0	0	0
MIR502	0	0	0
AKAP4	0	0	0
CCNB3	13	0	13
DGKK	0	0	0
SHROOM4	0	0	0
BMP15	0	0	0
ASMER2	0	0	0
LINC01284	0	0	0
LOC105373204	0	0	0
NUDT10	0	0	0
EZHIP	0	0	0
NUDT11	0	0	0
LINC01496	0	0	0
CENPVL3	0	0	0
LOC105373205	0	0	0
CENPVL2	0	0	0
CENPVL1	0	0	0
GSPT2	0	0	0
MAGED1	25	0	25
LOC401589	0	0	0
LOC105377208	0	0	0
MAGED4B	0	0	0
SNORA11E	0	0	0
MAGED4	0	0	0
SNORA11D	0	0	0
LOC105377209	0	0	0
MIR8088	0	0	0
LOC124905189	0	0	0
XAGE2	2	0	2
XAGE1A	0	0	0
XAGE1B	0	0	0
LOC107985659	0	0	0
SSX8P	0	0	0
SSX7	0	0	0
SSX2	10	0	10
SSX2B	0	0	0
SPANXN5	0	0	0
XAGE5	0	0	0
XAGE3	0	0	0
FAM156B	3	0	3
LOC124905190	5	0	5
FAM156A	1	0	1
GPR173	2	0	2
TSPYL2	738	0	738
KANTR	46	3	43
KDM5C	4102	7	4095
MIR6895	0	0	0
MIR6894	0	0	0
IQSEC2	589	0	589
LOC124905191	2	0	2
SMC1A	3518	3	3517
MIR6857	0	0	0
RIBC1	38	0	40
HSD17B10	2716	4	2712
HUWE1	7487	16	7471
MIR98	0	0	0
MIRLET7F2	0	0	0
PHF8	551	2	549
FAM120C	210	0	210
WNK3	0	0	0
TSR2	470	280	528
FGD1	547	65	820
GNL3L	1075	0	1075
ITIH6	0	0	0
MAGED2	1939	1	1938
SNORA11	1	0	1
TRO	0	0	0
SNORA11G	0	0	0
PFKFB1	1	0	1
APEX2	1952	3	1951
ALAS2	1	3	0
PAGE2B	0	0	0
PAGE2	0	0	0
VCF2	93	0	93
SNORA109	0	0	0
PAGE5	0	0	0
PAGE3	0	0	0
LOC100421746	0	0	0
MIR4536-2	0	0	0
MIR4536-1	0	0	0
MAGEH1	0	0	0
USP51	0	0	0
LOC101928692	0	0	0
FOXR2	0	0	0
XAGE-4	0	0	0
RRAGB	148	0	148
KLF8	2	0	2
LOC124905192	0	0	0
LOC124905193	0	0	0
LOC124900486	0	0	0
UBQLN2	937	2	935
LOC124905194	0	0	0
NBDY	456	0	456
UQCRBP1	0	0	0
SPIN3	189	0	189
SPIN2B	103	0	103
FAAH2	382	0	382
SPIN2A	2	2	0
ZXDB	590	7	583
LOC107985708	0	0	0
NLRP2B	0	0	0
LOC124905232	0	0	0
ZXDA	146	12	134
LOC105377211	0	0	0
LOC105377212	2	0	2
SPIN4-AS1	0	32	0
SPIN4	178	0	210
LINC01278	261	0	261
ARHGEF9	217	0	217
ARHGEF9-IT1	0	0	0
LOC128031833	0	0	0
MIR1468	0	0	0
AMER1	396	0	396
LOC112268307	0	0	0
ASB12	0	0	0
MTMR8	0	0	0
PFN5P	0	0	0
LOC124905195	0	0	0
LOC105373239	0	0	0
ZC4H2	1	0	1
ZC3H12B	41	43	0
LAS1L	1574	0	1576
FRMD8P1	0	0	0
MSN	9940	1	9939
MIR223HG	0	0	0
MIR223	0	0	0
VSIG4	0	0	0
HEPH	0	0	0
EDA2R	32	0	32
LOC105373240	0	0	0
AR	0	0	0
NXTAR	0	0	0
OPHN1	280	0	280
YIPF6	756	0	756
STARD8	288	0	288
EFNB1	244	0	244
LOC102723911	0	0	0
LOC105373242	0	0	0
LOC124905196	0	0	0
LOC107985646	0	0	0
PJA1	37	0	37
LINC00269	0	0	0
NALF2	0	0	0
EDA	0	0	0
MIR676	0	0	0
AWAT2	0	0	0
OTUD6A	0	0	0
IGBP1	1362	3	1364
LOC107985683	3	8	0
DGAT2L6	0	0	0
AWAT1	0	0	0
P2RY4	0	0	0
ARR3	1	1	0
RAB41	9	9	0
PDZD11	686	1	693
KIF4A	967	9	967
GDPD2	1	0	1
LOC105373244	0	0	1
DLG3	457	0	464
DLG3-AS1	1	8	0
TEX11	0	0	0
SNORD3E	0	0	0
SLC7A3	0	0	0
SNX12	1382	0	1382
FOXO4	442	0	442
CXorf65	0	0	0
IL2RG	59	0	59
MED12	1791	5	1795
LOC124905197	63	72	0
NLGN3	133	0	133
LOC107985688	0	0	0
GJB1	0	0	0
ZMYM3	1804	3	1804
LOC105373247	0	2	1
NONO	9276	8	9268
ITGB1BP2	5	0	5
LOC124905198	1	0	1
TAF1	426	0	426
INGX	0	0	0
OGT	2463	0	2463
GCNA	37	0	37
CXCR3	0	0	0
LOC100129291	0	0	0
LOC101059915	0	0	0
LINC00891	0	0	0
CXorf49	0	0	0
CXorf49B	0	0	0
LOC100132741	0	0	0
LOC101060274	0	0	0
NHSL2	3	0	3
RPS26P11	0	0	0
RTL5	1	0	1
PIN4	182	1	181
ERCC6L	81	1	80
RPS4X	17350	12	17338
CITED1	9	0	9
LOC105373250	0	0	0
HDAC8	333	0	333
PHKA1	379	1	378
PHKA1-AS1	0	0	0
LOC124905290	0	0	0
DMRTC1B	0	0	0
FAM226B	0	0	0
FAM236B	0	0	0
FAM236D	0	0	0
DMRTC1	0	0	0
FAM236C	0	0	0
FAM236A	0	0	0
FAM226A	0	0	0
PABPC1L2B-AS1	0	0	0
PABPC1L2B	0	0	0
PABPC1L2A	0	0	0
LOC101928380	0	0	0
NAP1L6P	0	0	0
NAP1L2	0	0	0
CDX4	0	0	0
MAP2K4P1	0	0	0
CHIC1	0	0	0
TSIX	0	1	0
XIST	0	0	1
JPX	53	1	53
FTX	7	7	1
MIR421	2	0	2
MIR374B	0	0	0
MIR374C	0	0	0
MIR545	0	0	0
MIR374A	0	0	0
LOC124905199	0	0	0
ZCCHC13	0	0	0
LOC105373252	1	1	0
SLC16A2	75	1	74
RLIM	1276	0	1276
NEXMIF	0	0	0
ABCB7	553	1	552
UPRT	164	0	164
LOC124905200	0	0	0
ZDHHC15	0	0	0
LOC107985664	0	0	0
TTC3P1	0	0	0
MAGEE2	0	0	0
PBDC1	0	0	0
MAGEE1	0	0	0
MIR325HG	0	0	0
MIR384	0	0	0
MIR325	0	0	0
LOC105373254	0	0	0
FGF16	0	0	0
ATRX	392	2	390
MAGT1	1474	0	1474
COX7B	1942	0	1942
ATP7A	260	0	260
PGAM4	3	0	3
LOC124905201	0	0	0
PGK1	23511	8	23504
TAF9B	420	210	211
LOC107985669	0	0	0
CYSLTR1	1	0	1
LOC107985670	0	0	0
RTL3	0	0	0
LPAR4	0	0	0
MIR4328	0	0	0
P2RY10	0	0	0
GPR174	0	0	0
ITM2A	0	0	0
LOC105373282	0	0	0
TBX22	0	0	0
CHMP1B2P	0	0	0
TENT5D	0	0	0
BRWD3	347	0	349
LOC124905202	11	2	11
LOC124900504	0	0	0
HMGN5	137	0	137
SH3BGRL	152	0	152
LOC124905203	0	0	0
LOC105373284	0	0	0
LOC105373285	0	0	0
LOC105373286	0	0	0
EIF3JP1	0	0	0
LOC124900496	0	0	0
LOC105373287	0	0	0
LOC105373288	0	0	0
LOC107985635	0	0	0
POU3F4	0	0	0
CYLC1	0	0	0
RPS6KA6	0	0	0
MIR548I4	0	0	0
HDX	0	0	0
UBE2DNL	0	0	0
APOOL	230	0	297
SATL1	0	67	0
LOC101928128	0	0	0
ZNF711	0	0	0
POF1B	1	0	1
MIR1321	0	0	0
CHM	213	0	213
MIR361	0	0	0
DACH2	0	0	0
KLHL4	0	0	0
LOC124905233	124	0	124
LOC124900505	0	0	0
LOC107985713	0	0	0
CPXCR1	0	0	0
LOC107985653	0	0	0
LOC102724150	0	0	0
TGIF2LX	0	0	0
LOC105373292	0	0	0
LOC107985700	0	0	0
PABPC5-AS1	0	0	0
PABPC5	0	0	0
LOC105373293	0	0	0
PCDH11X	0	0	0
NAP1L3	0	0	0
FAM133A	17	0	17
LOC124900491	0	0	0
LOC107985704	0	0	0
LOC107985647	0	0	0
LOC107985710	0	0	0
MIR548M	0	0	0
LOC124905234	0	0	0
BRDTP1	0	0	0
LOC105373294	0	0	0
LOC107985714	0	0	0
LOC105373296	0	0	0
DIAPH2	0	0	0
RPA4	0	0	0
DIAPH2-AS1	0	0	0
ERVFC1	0	0	0
LINC03077	6	0	6
PCDH19	0	0	0
TNMD	0	0	0
LOC105373298	0	0	0
TSPAN6	412	0	412
SRPX2	14	16	17
SYTL4	43	3	59
CSTF2	695	0	695
LOC124900498	0	0	0
NOX1	5	5	0
XKRX	28	0	28
ARL13A	1	2	0
TRMT2B	459	0	460
TMEM35A	0	0	0
CENPI	251	0	251
DRP2	48	0	48
TAF7L	0	0	0
TIMM8A	231	0	231
BTK	0	0	0
RPL36A-HNRNPH2	0	0	0
RPL36A	4	2	2
GLA	1370	0	1370
HNRNPH2	1	0	1
ARMCX4	0	0	0
ARMCX1	0	0	0
ARMCX6	2	0	2
ARMCX3	0	0	0
ARMCX2	0	0	0
NXF5	0	0	0
ZMAT1	0	0	0
TCEAL2	0	0	0
TCEAL6	0	0	0
LOC105373299	0	0	0
BEX5	0	0	0
TCP11X1	0	0	0
NXF2	0	0	0
NXF2B	0	0	0
TCP11X2	0	0	0
TMSB15A	0	0	0
NXF4	1	0	1
ARMCX5	0	0	0
ARMCX5-GPRASP2	0	0	0
GPRASP1	0	0	0
GPRASP2	0	0	0
GPRASP3	0	0	0
LINC00630	43	0	43
RAB40AL	0	0	0
BEX1	0	0	0
NXF3	0	0	0
BEX4	0	0	0
TCEAL8	466	0	466
TCEAL5	0	0	0
BEX2	0	0	0
TCEAL7	0	0	0
LOC124905204	6	241	6
TCEAL9	522	0	763
BEX3	2420	0	2420
LL0XNC01-250H12.3	16	0	33
RAB40A	6	23	0
LINC02589	0	0	0
TCEAL4	859	1	858
TCEAL3	5	3	2
TCEAL1	470	0	470
MORF4L2	6782	3	6904
MORF4L2-AS1	4	123	6
GLRA4	0	2	0
TMEM31	0	0	0
RAB9B	0	0	0
PLP1	0	0	0
TMSB15B-AS1	0	0	0
TMSB15B	0	0	0
H2BW4P	0	0	0
LOC107987334	0	0	0
H2BW1	0	0	0
H2BW2	0	0	0
LOC107985662	0	0	0
H2BW3P	0	0	0
TMSB15C	0	0	0
SLC25A53	6	0	6
ZCCHC18	0	0	0
LOC286437	15	0	15
FAM199X	1227	0	1227
ESX1	0	0	0
IL1RAPL2	0	0	0
TEX13A	0	0	0
LOC107985680	0	0	0
LOC105373303	0	0	0
NRK	0	0	0
LOC105373304	0	0	0
LOC105373305	0	0	0
SERPINA7	0	0	0
PWWP3B	0	0	0
RADX	0	0	0
MIR548AN	0	0	0
LOC124905235	0	0	0
RNF128	0	0	0
TBC1D8B	2	0	2
RIPPLY1	0	0	0
CLDN2	1	1	0
MORC4	315	0	315
RBM41	290	0	290
NUP62CL	128	0	128
DNAAF6	0	0	0
FRMPD3	0	0	0
FRMPD3-AS1	0	0	0
PRPS1	2089	0	2089
TSC22D3	530	0	530
NCBP2L	0	0	0
MID2	66	0	66
LOC101928335	0	0	0
LOC112267910	0	0	0
TEX13B	0	0	0
VSIG1	0	0	0
PSMD10	829	0	1072
ATG4A	198	243	198
COL4A6	583	2	581
LOC124905205	0	0	0
COL4A5	3612	2	3610
IRS4	0	0	0
IRS4-AS1	0	0	0
GUCY2F	0	0	0
NXT2	180	0	180
KCNE5	19	0	19
ACSL4	2016	2	2092
LOC105373311	22	90	11
TMEM164	518	4	514
MIR652	0	0	0
MIR3978	0	0	0
LOC124905230	0	0	0
AMMECR1	672	0	672
SNORD96B	0	0	0
LOC105373312	3	3	0
GNG5B	7	0	7
RTL9	1	0	1
CRIPTO3	0	0	0
CHRDL1	0	0	0
PAK3	0	0	0
CAPN6	0	0	0
DCX	0	0	0
SERTM2	0	0	0
ALG13	343	5	338
TRPC5	2	2	0
TRPC5OS	0	0	0
RTL4	0	0	0
LHFPL1	0	0	0
AMOT	0	0	0
MIR4329	0	0	0
LOC107985651	0	0	0
LOC101928437	0	0	0
XACT	0	0	0
LOC124905236	0	0	0
LOC124905291	0	0	0
LOC102724491	0	0	0
LOC124900490	0	0	0
HTR2C	0	0	0
SNORA35	0	0	0
MIR764	0	0	0
MIR1912	0	0	0
MIR1264	0	0	0
MIR1298	0	0	0
LOC105373313	0	0	0
MIR1911	0	0	0
MIR448	0	0	0
IL13RA2	0	0	0
LRCH2	0	0	0
SNORA35B	0	0	0
RBMXL3	0	0	0
LUZP4	0	0	0
LOC107985681	0	0	0
LOC124905206	24	0	24
PLS3-AS1	38	1	37
PLS3	3254	0	3254
DANT2	2	0	2
DANT1	3	3	0
AGTR2	0	0	0
SLC6A14	15	16	0
CT83	145	0	146
LOC105373320	0	0	0
LOC100126447	0	0	0
KLHL13	543	0	543
WDR44	932	0	932
MIR1277	0	0	0
DOCK11	112	0	112
LOC124905207	0	0	0
IL13RA1	2087	0	2087
LOC124900501	0	0	0
ZCCHC12	3	0	3
LINC01285	0	0	0
LONRF3	274	1	273
CT47C1	0	0	0
KIAA1210	0	0	0
PGRMC1	2361	1	2360
AKAP17BP	0	0	0
LINC03098	1	0	1
SLC25A43	353	0	353
SLC25A5-AS1	38	3033	25
SLC25A5	5842	11	8851
STEEP1	426	0	426
LOC124905208	1	0	1
UBE2A	0	0	0
NKRF	4	0	4
SEPTIN6	140	0	140
MIR766	0	0	0
SOWAHD	1	1	0
RPL39	3831	5	3833
SNORA69	19	0	19
LOC107985694	10	22	17
UPF3B	229	11	240
RNF113A	419	7	420
NDUFA1	658	8	658
AKAP14	0	0	0
NKAP	392	0	392
LOC124905209	1	0	1
RHOXF1P1	0	0	0
RHOXF1-AS1	9	0	9
RHOXF2B	0	0	0
RHOXF1	0	0	0
LINC01402	0	0	0
RHOXF2	0	0	0
NKAPP1	29	1	28
ZBTB33	504	0	504
TMEM255A	1	1	0
ATP1B4	0	0	0
LAMP2	1878	0	1878
CUL4B	1311	0	1311
LOC124905273	0	0	0
LOC124905210	1	1	0
MCTS1	0	0	0
C1GALT1C1	0	0	0
CT47B1	0	0	0
CT47A12	0	0	0
CT47A11	0	0	0
CT47A10	0	0	0
CT47A9	0	0	0
CT47A8	0	0	0
CT47A7	0	0	0
CT47A6	0	0	0
CT47A5	0	0	0
CT47A4	0	0	0
CT47A3	0	0	0
CT47A2	0	0	0
CT47A1	0	0	0
LOC105373328	0	0	0
GLUD2	0	0	0
MIR3672	0	0	0
UBE2V1P16	0	0	0
LOC101928359	0	0	0
LOC124905292	0	0	0
GRIA3	0	0	0
THOC2	774	0	774
XIAP	472	0	472
STAG2-AS1	2	2	3
STAG2	1128	5	1126
LOC124905280	0	0	0
TEX13D	0	0	0
SH2D1A	0	0	0
TENM1	4	0	4
LOC105373331	0	0	0
LOC124905282	0	0	0
LOC124905211	0	0	0
TEX13C	0	0	0
LOC124905212	0	0	0
LOC101928495	0	0	0
DCAF12L2	0	0	0
LOC107985648	0	0	0
DCAF12L1	0	0	0
PRR32	0	0	0
LOC107985666	0	0	0
LOC107985650	0	0	0
LOC107985709	0	0	0
LOC105373332	0	0	0
LOC105373333	0	0	0
ACTRT1	0	0	0
LOC107985698	0	0	0
LOC107985699	0	0	0
LOC124905213	0	0	0
LOC107985684	0	0	0
SMARCA1	5	0	5
LOC124900503	0	0	0
OCRL	1043	4	1039
APLN	3	0	3
LOC105373334	1	0	1
LOC124905214	0	0	0
XPNPEP2	0	0	0
LOC124905215	0	0	0
SASH3	0	0	0
ZDHHC9	1449	0	1449
UTP14A	1019	1	1130
LOC105373335	0	112	0
BCORL1	612	1	654
LOC124905216	0	43	0
ELF4	1588	3	1599
RAB33A	4	11	7
AIFM1	2189	2	2187
ZNF280C	37	0	37
LOC112268303	0	0	0
SLC25A14	100	0	100
GPR119	0	0	0
RBMX2	269	0	269
DENND10P1	2	0	2
LOC105373336	0	0	0
ENOX2	189	0	189
ENOX2-AS1	0	0	0
LOC124905217	0	0	0
LINC01201	0	0	0
ARHGAP36	0	0	0
IGSF1	16	0	16
LOC102723546	37	0	41
LOC107985705	0	5	0
OR13H1	0	0	0
LOC124905218	1	0	1
FIRRE	116	0	116
STK26	1489	1	1488
FRMD7	0	0	0
RAP2C	743	0	743
RAP2C-AS1	4	0	4
MBNL3	555	2	553
HS6ST2	0	0	0
HS6ST2-AS1	0	0	0
LOC124905219	0	0	0
USP26	0	0	0
LOC124900495	0	0	0
TFDP3	0	0	0
GPC4	0	0	0
GPC3	0	0	0
GPC3-AS1	0	0	0
LOC124905220	0	0	0
MIR106AHG	0	0	0
MIR363	0	0	0
MIR92A2	0	0	0
MIR19B2	0	0	0
MIR20B	0	0	0
MIR18B	0	0	0
MIR106A	0	0	0
CCDC160	0	0	0
PHF6	846	0	846
HPRT1	887	0	887
MIR450B	0	0	0
MIR450A1	0	0	0
MIR450A2	0	0	0
MIR542	0	0	0
MIR503HG	59	0	59
MIR503	1	0	1
MIR424	0	0	0
LINC00629	4	0	4
PLAC1	4	0	4
PABIR2	999	3	1073
PABIR3	215	74	218
MOSPD1	767	0	767
LINC02243	2	1	1
SMIM10	477	1	476
RTL8B	295	1	295
RTL8C	1649	1	1649
RTL8A	1025	5	1020
SMIM10L2B	13	0	13
ETDB	1	1	0
SMIM10L2B-AS1	0	0	0
CT55	0	0	0
ZNF75D	113	0	117
ETDA	0	1	0
ETDC	0	0	0
LOC105373342	3	6	0
ZNF449	89	0	89
LOC100506790	0	0	0
SMIM10L2A	0	0	0
INTS6L-AS1	0	0	0
INTS6L	0	0	0
SAGE2P	0	0	0
CT45A1	2	0	2
CT45A3	0	0	0
CT45A5	0	0	0
CT45A6	0	0	0
CT45A2	0	0	0
CT45A7	0	0	0
CT45A8	0	0	0
CT45A9	0	0	0
CT45A10	5	0	5
SAGE1	34	0	34
MMGT1	499	0	504
SLC9A6	590	5	590
LOC124905271	0	0	0
FHL1	124	1	123
MAP7D3	351	0	351
ADGRG4	1	0	1
BRS3	0	0	0
HTATSF1	1446	2	1444
VGLL1	0	0	0
MIR934	0	0	0
LINC00892	0	0	0
CD40LG	0	0	0
ARHGEF6	0	0	0
RBMX	2818	0	2818
SNORD61	0	0	0
GPR101	0	0	0
LINC02931	0	0	0
ZIC3	0	0	0
FGF13	13	0	13
MIR504	0	0	0
FGF13-AS1	0	0	0
LOC124905222	0	0	0
SRD5A1P1	3	0	3
F9	0	0	0
MCF2	41	0	41
LOC124905269	0	0	0
ATP11C	746	0	746
MIR505	0	0	0
CXorf66	0	0	0
LOC728660	0	0	0
HAPSTR2	0	0	0
LOC105373343	0	0	0
LOC124905265	0	0	0
SOX3	0	0	0
LOC105373344	0	0	0
LOC101928833	0	0	0
LINC00632	0	0	0
MIR320D2	0	0	0
SPANXB1	0	0	0
LDOC1	227	0	227
SPANXC	0	0	0
SPANXA2-OT1	0	0	0
SPANXA1	0	0	0
SPANXA2	0	0	0
LOC645188	0	0	0
SPANXD	0	0	0
MAGEC3	0	0	0
MAGEC1	0	0	0
MAGEC2	0	0	0
LOC105373345	2	0	2
LOC124905278	0	0	0
SPANXN4	0	0	0
SPANXN3	0	0	0
SLITRK4	0	0	0
SPANXN2	0	0	0
UBE2NL	0	0	0
SPANXN1	0	0	0
SLITRK2	0	0	0
LOC107985703	0	0	0
MIR892C	0	0	0
MIR890	0	0	0
MIR888	0	0	0
MIR892A	0	0	0
MIR892B	0	0	0
MIR891B	0	0	0
MIR891A	0	0	0
LOC101928808	0	0	0
CXorf51B	0	0	0
CXorf51A	0	0	0
LOC101928832	0	0	0
LOC105373347	0	0	0
MIR513C	0	0	0
MIR513B	0	0	0
MIR513A1	0	0	0
MIR513A2	0	0	0
MIR506	0	0	0
MIR507	0	0	0
MIR508	0	0	0
MIR514B	0	0	0
MIR509-2	0	0	0
MIR509-3	0	0	0
MIR509-1	0	0	0
MIR510	0	0	0
MIR514A1	0	0	0
MIR514A2	0	0	0
LOC101928863	0	0	0
MIR514A3	0	0	0
LOC105373348	0	0	0
LOC105373349	0	0	0
FMR1-AS1	0	0	0
FMR1	710	1	709
FMR1NB	0	0	0
AFF2	0	0	0
LOC122319696	0	0	0
LOC107985667	0	0	0
IDS	311	0	311
EOLA1-DT	26	0	28
EOLA1	315	4	320
HSFX3	0	7	0
MAGEA9B	0	0	0
HSFX2	0	0	0
TMEM185A	191	1	190
MAGEA11	2	0	2
HSFX1	1	0	1
MAGEA9	0	0	0
LINC00850	0	0	0
MAGEA8-AS1	0	0	0
MAGEA8	0	0	0
EOLA2	423	0	450
HSFX4	0	24	0
EOLA2-DT	18	3	18
MIR2114	0	0	0
MAMLD1	1131	4	1127
LOC124905223	17	0	17
MTM1	88	0	88
MTMR1	655	3	652
CD99L2	971	0	971
LINC02927	0	0	0
HMGB3	651	0	651
MIR4330	0	0	0
GPR50-AS1	0	0	0
GPR50	0	0	0
VMA21	959	3	956
LOC105373367	0	0	0
LOC105377213	0	0	0
PASD1	47	0	47
PRRG3	0	0	0
FATE1	0	0	0
CNGA2	0	0	0
MAGEA4-AS1	0	0	0
MAGEA4	0	0	0
GABRE	1253	0	1253
MIR224	5	0	5
MIR452	1	0	1
LOC105373369	9	0	10
LOC100533997	0	0	0
MAGEA5P	0	0	0
MAGEA10	0	1	0
GABRA3	255	0	255
MIR105-1	0	0	0
MIR767	0	0	0
MIR105-2	0	0	0
MAGEA3-DT	0	0	0
GABRQ	0	0	0
MAGEA3	1	0	1
CSAG2	0	0	0
LOC124905224	0	0	0
MAGEA2B	0	0	0
CSAG1	1	0	1
MAGEA12	286	0	286
CSAG4	0	0	0
MAGEA2	0	0	0
CSAG3	0	0	0
MAGEA6	2	1	1
MAGEA6-DT	0	0	0
CETN2	0	0	0
NSDHL	0	0	0
ZNF185	0	0	0
LOC124905237	0	0	0
LOC105373372	0	0	0
PNMA5	0	0	0
PNMA3	0	0	0
PNMA6A	0	0	0
LOC124905225	0	0	0
MAGEA1	807	1	806
LOC105373373	0	0	0
PWWP4	0	0	0
PNMA6F	0	0	0
ZNF275	184	2	182
MIR12129	0	0	0
LOC124905279	0	0	0
LOC105373378	0	0	0
PNMA6E	0	0	0
LOC105373379	0	0	0
ZFP92	0	0	0
TREX2	3	0	3
HAUS7	355	0	355
ECMXP	0	0	0
BGN	3	0	3
ATP2B3	0	0	0
CCNQ	353	0	353
LOC105373383	10	0	10
DUSP9	598	0	598
PNCK	2	0	2
SLC6A8	515	4	511
BCAP31	5125	3	5134
ABCD1	1453	28	1892
PLXNB3-AS1	15	470	0
PLXNB3	233	0	233
LOC124905227	17	0	34
SRPK3	0	18	0
IDH3G	1533	29	2097
SSR4	3537	567	3563
PDZD4	4	4	0
L1CAM	7420	5	7415
L1CAM-AS1	7	5	2
AVPR2	12	7	5
ARHGAP4	1055	2	1053
NAA10	1657	0	1657
RENBP	5	0	5
HCFC1	3348	5	3343
HCFC1-AS1	1	1	0
TMEM187	337	0	337
MIR3202-1	0	0	0
MIR3202-2	0	0	0
IRAK1	3700	3	3697
MIR718	1	1	0
MECP2	1308	1	1307
OPN1LW	0	0	0
OPN1MW	0	0	0
OPN1MW2	0	0	0
OPN1MW3	0	0	0
TEX28	0	0	0
TKTL1	0	0	0
LOC105373386	0	0	0
FLNA	25835	26	25809
EMD	1688	0	1688
LOC124905228	87	8896	31
RPL10	13860	276	22677
SNORA70	96	0	96
DNASE1L1	600	185	949
TAFAZZIN	609	99	791
ATP6AP1-DT	28	0	29
ATP6AP1	5035	6	5030
GDI1	1475	0	1475
FAM50A	1616	0	1616
MIR6858	0	0	0
PLXNA3	272	8	270
LAGE3	688	1	693
UBL4A	2173	5	2168
SLC10A3	1019	3	1016
FAM3A	918	4	915
LOC124905229	1	1	1
G6PD	5498	16	5494
IKBKG	621	2	631
FAM223A	0	0	0
CTAG1A	0	0	0
CTAG1B	0	0	0
FAM223B	0	0	0
CTAG2	3528	3	3525
LOC105373387	79	0	79
GAB3	0	0	0
DKC1	1580	2	1578
SNORA36A	0	0	0
MIR664B	0	0	0
SNORA56	0	0	0
MPP1	300	0	300
SMIM9	0	0	0
F8	87	0	92
H2AB1	0	0	0
F8A1	120	0	121
MIR1184-1	0	1	0
FUNDC2	1067	8	1064
CMC4	24	0	24
MTCP1	42	0	42
BRCC3	283	0	283
VBP1	554	0	554
RAB39B	0	0	0
CLIC2	2	0	2
LOC101927830	1	0	1
H2AB2	0	0	0
F8A2	0	0	0
MIR1184-2	0	1	0
F8A3	1	0	1
MIR1184-3	0	0	0
H2AB3	0	0	0
TMLHE-AS1	0	0	0
TMLHE	153	0	153
SPRY3	0	0	0
VAMP7	0	0	0
IL9R	0	0	0
WASIR1	0	0	0
DDX11L16	0	0	0
LOC124905300	0	0	0
PLCXD1_1	1	0	1
GTPBP6_1	0	0	0
LINC00685_1	0	0	0
PPP2R3B_1	0	0	0
LOC102724521_1	0	0	0
SHOX_1	0	0	0
CRLF2_1	0	0	0
CSF2RA_1	0	0	0
LOC124905238_1	0	0	0
MIR3690_1	0	0	0
IL3RA_1	0	0	0
LOC101928032_1	0	0	0
SLC25A6_1	0	0	0
LOC124900597_1	0	0	0
LINC00106_1	0	0	0
ASMTL-AS1_1	0	0	0
ASMTL_1	0	0	0
P2RY8_1	0	0	0
AKAP17A_1	0	0	0
ASMT_1	0	0	0
LINC02968_1	0	0	0
LOC105379413_1	0	0	0
LOC107985677_1	0	0	0
DHRSX_1	0	0	0
LOC124905239_1	0	0	0
ZBED1_1	0	0	0
LINC03112_1	0	0	0
MIR6089_1	0	0	0
CD99P1_1	0	0	0
LINC00102_1	0	0	0
CD99_1	0	0	0
XGY2	0	0	0
SRY	0	0	0
RPS4Y1	0	0	0
ZFY	0	0	0
ZFY-AS1	0	0	0
LINC00278	0	0	0
TGIF2LY	0	0	0
LOC105377227	0	0	0
MIR9985	0	0	0
PCDH11Y	0	0	0
TTTY23B	0	0	0
TSPY2	0	0	0
FAM197Y9	0	0	0
LINC00280	0	0	0
LOC107987353	0	0	0
TTTY1B	0	0	0
TTTY2B	0	0	0
TTTY21B	0	0	0
TTTY7	0	0	0
TTTY8B	0	0	0
AMELY	0	0	0
TBL1Y	0	0	0
PRKY	0	0	0
LOC107987338	0	0	0
TTTY16	0	0	0
LOC107987339	0	0	0
TTTY12	0	0	0
LOC105377229	0	0	0
LOC105377231	0	0	0
LOC105377232	0	0	0
LOC107987354	0	0	0
LINC00279	0	0	0
LOC107987340	0	0	0
TTTY18	0	0	0
LOC105377234	0	0	0
TTTY19	0	0	0
LOC105377235	0	0	0
TTTY11	0	0	0
LOC105379264	0	0	0
LOC105379265	0	0	0
LOC105379266	0	0	0
LOC105379267	0	0	0
RBMY1A3P	0	0	0
TTTY20	0	0	0
TSPY4	0	0	0
FAM197Y8	0	0	0
TSPY8	0	0	0
FAM197Y7	0	0	0
FAM197Y6	0	0	0
TSPY3	0	0	0
FAM197Y5	0	0	0
TSPY1	0	0	0
FAM197Y4	0	0	0
TSPY9	0	0	0
FAM197Y3	0	0	0
FAM197Y2	0	0	0
TSPY10	0	0	0
RBMY3AP	0	0	0
TTTY8	0	0	0
TTTY7B	0	0	0
TTTY21	0	0	0
TTTY2	0	0	0
TTTY1	0	0	0
LOC107987342	0	0	0
TTTY22	0	0	0
TTTY23	0	0	0
LOC105379273	0	0	0
LOC107987343	0	0	0
GYG2P1	0	0	0
LOC112268311	0	0	0
TTTY15	0	0	0
USP9Y	0	0	0
DDX3Y	0	0	0
LOC112268312	0	0	0
UTY	0	0	0
MIR12120	0	0	0
TMSB4Y	0	0	0
VCY	0	0	0
VCY1B	0	0	0
NLGN4Y	8	0	8
NLGN4Y-AS1	0	0	0
LOC107987355	0	0	0
LOC124900508	0	0	0
FAM41AY1	0	0	0
LOC105377217	0	0	0
FAM224B	0	0	0
LOC105377218	0	0	0
LOC124905302	0	0	0
XKRY	0	0	0
CDY2B	0	0	0
CDY2A	0	0	0
XKRYP7	0	0	0
LOC124905303	0	0	0
LOC105377219	0	0	0
FAM224A	0	0	0
LOC105377220	0	0	0
FAM41AY2	0	0	0
LOC124905304	0	0	0
HSFY1	0	0	0
TTTY9B	0	0	0
TTTY9A	0	0	0
HSFY2	0	0	0
LOC124905305	0	0	0
TTTY14	0	0	0
LOC124905306	0	0	0
BCORP1	0	0	0
LOC102723934	0	0	0
LOC105377223	0	0	0
TXLNGY	0	0	0
KDM5D	0	0	0
KDM5D-DT	0	0	0
TTTY10	0	0	0
EIF1AY	0	0	0
RPS4Y2	0	0	0
LOC105377225	0	0	0
LOC107987346	0	0	0
LOC107987347	0	0	0
PRORY	0	0	0
RBMY2EP	0	0	0
RBMY1B	0	0	0
RBMY1A1	0	0	0
TTTY13	0	0	0
LOC105377236	0	0	0
LOC105377237	0	0	0
RBMY1D	0	0	0
RBMY1E	0	0	0
LOC107987356	0	0	0
PRY2	0	0	0
LOC102725532	0	0	0
TTTY6B	0	0	0
RBMY1F	0	0	0
TTTY5	0	0	0
RBMY2FP	0	0	0
LOC100652931	0	0	0
RBMY1J	0	0	0
LOC101929148	0	0	0
TTTY6	0	0	0
PRY	0	0	0
LOC107987357	0	0	0
LOC107987348	0	0	0
TTTY17A	0	0	0
TTTY4	0	0	0
BPY2	0	0	0
LOC105377238	0	0	0
DAZ1	0	0	0
DAZ2	0	0	0
LOC105377239	0	0	0
LOC124900506	0	0	0
REREP1Y	0	0	0
LOC107987349	0	0	0
TTTY3B	0	0	0
CDY1B	0	0	0
GOLGA2P2Y	0	0	0
LOC107987350	0	0	0
TTTY17B	0	0	0
TTTY4B	0	0	0
BPY2B	0	0	0
LOC105377241	0	0	0
DAZ3	0	0	0
DAZ4	0	0	0
LOC105377242	0	0	0
BPY2C	0	0	0
TTTY4C	0	0	0
TTTY17C	0	0	0
SEPTIN14P23	0	0	0
GOLGA2P3Y	0	0	0
CSPG4P1Y	0	0	0
CDY1	0	0	0
TTTY3	0	0	0
LOC107987352	0	0	0
REREP2Y	0	0	0
LOC124900507	0	0	0
LOC105377244	0	0	0
SPRY3_1	0	0	0
VAMP7_1	0	0	0
IL9R_1	0	0	0
WASIR1_1	0	0	0
DDX11L16_1	0	0	0
LOC102724902	0	0	0
LOC389831	0	0	0
LOC105379275	0	0	0
LOC124905312	4	0	4
LOC283788	32	0	32
LOC105379420	0	0	0
LOC100507395	0	0	0
LOC100507412	51	0	51
RNA45SN5	1	0	1
RNA18SN5	0	0	0
RNA5-8SN5	0	0	0
RNA28SN5	0	0	0
LOC100287610	3	0	3
LOC100505874	0	0	0
LOC124900598	0	0	0
LOC101927555	0	0	0
LOC107987359	0	0	0
LOC100288966	0	0	0
LOC124905313	0	0	0
LOC102725051	10	8	2
LOC107984150	1	1	0
LOC102723347	12	0	12
LOC102723382	1	1	0
LOC124905334	0	0	0
LOC102723393	0	0	0
LOC105379554	0	0	0
LOC112268317	34	0	34
LOC101929819	3	0	3
LOC105379557	0	0	0
LOC105379561	2	0	2
LOC124905335	0	0	0
LOC105379562	0	0	0
LOC124905337	0	0	0
LOC102723847	31	0	31
LOC105379565	0	0	0
LOC105379417	2	0	2
LOC105379566	9	0	9
LOC107987401	3	2	1
LOC101927088	2	2	0
LOC100233156	36	0	36
LOC389834	76	0	76
LOC124905310	29	1	28
LINC01784_1	0	0	0
PRAMEF11_1	0	0	0
HNRNPCL1_1	0	0	0
PRAMEF2_1	0	0	0
PRAMEF4_1	0	0	0
PRAMEF10_1	0	0	0
PRAMEF7_1	0	0	0
PRAMEF6_1	0	0	0
PRAMEF22	0	0	0
PRAMEF27_1	0	0	0
HNRNPCL3_1	0	0	0
PRAMEF25_1	0	0	0
PRAMEF34P_1	0	0	0
HNRNPCL2_1	0	0	0
PRAMEF36P_1	0	0	0
PRAMEF26_1	0	0	0
HNRNPCL4_1	0	0	0
PRAMEF9_1	0	0	0
PRAMEF13_1	0	0	0
PRAMEF18_1	0	0	0
PRAMEF5_1	0	0	0
PRAMEF8_1	0	0	0
PRAMEF33_1	0	0	0
PRAMEF22_1	0	0	0
PRAMEF27_2	0	0	0
HNRNPCL3_2	0	0	0
PRAMEF25_2	0	0	0
PRAMEF34P_2	0	0	0
HNRNPCL2_2	0	0	0
PRAMEF36P_2	0	0	0
PRAMEF26_2	0	0	0
HNRNPCL4_2	0	0	0
PRAMEF9_2	0	0	0
PRAMEF18_2	0	0	0
PRAMEF5_2	0	0	0
PRAMEF8_2	0	0	0
PRAMEF33_2	0	0	0
ARHGEF19_1	0	0	0
ANO7L1_1	0	0	0
CPLANE2_1	0	0	0
FBXO42_1	1	0	1
SZRD1_1	0	0	235
SPATA21_1	0	235	0
NECAP2_1	2	0	2
LINC01772_1	0	0	0
CROCCP3_1	0	0	0
RNU1-1_1	0	0	0
TRN-GTT5-1_1	0	0	0
LINC01783_1	0	0	0
TRE-TTC4-1_1	0	0	0
TRNAG-CCC	0	0	0
LOC124905558	2	0	2
LOC128966566	0	0	0
LOC124905552	5	0	5
LOC124905574	0	0	0
TRNAN-GUU	0	0	0
LOC124905561	0	0	0
TRNAE-UUC_1	0	0	0
TRNAG-CCC_1	0	0	0
LOC124905553	4	0	4
LOC124905562	0	0	0
LOC124905557	7	0	7
LINC01719_1	0	0	0
LOC102724250	19	0	19
LOC124905572	22	0	22
LOC124905560	0	1	0
LOC124905559	3	0	4
RNVU1-7_1	0	0	0
TRNAN-GUU_1	0	0	0
LOC124905554	0	0	0
TRNAE-UUC_2	0	0	0
LOC124905556	0	0	0
MST1L_1	0	0	0
RNU1-4_1	0	0	0
TRNAN-GUU_2	0	0	0
LOC124905563	0	0	0
TRNAE-UUC_3	0	0	0
TRG-CCC5-1_1	0	0	0
ESPNP_1	0	0	0
LOC124905571	0	0	0
TRG-CCC4-1_1	0	0	0
LOC124903857_1	0	0	0
RNU1-3_1	0	0	0
LOC102724562_1	0	0	0
LOC440570_1	0	0	0
TRNAE-UUC_4	0	0	0
TRNAN-GUU_3	0	0	0
LOC105379524	0	0	4
RNVU1-18_1	0	4	0
LOC124900583	1	0	1
LOC124905569	2	1	1
LOC124905564_1	37	0	37
LOC124905570	0	0	0
LOC124905565	1	0	1
TRNAG-CCC_2	0	0	0
LOC124905566	0	0	0
LOC107985736	3	3	3
RNVU1-28_1	0	0	0
MST1P2_1	7	0	10
CROCCP2_1	32	2	30
NBPF1_1	16	0	16
MIR3675_1	0	0	0
TRG-CCC1-2_1	0	0	0
LINC03126_1	0	0	0
TRE-TTC3-1_1	0	0	0
LOC105376805_1	0	0	0
TRN-GTT4-1_1	0	0	0
RNU1-2_1	0	0	0
CROCC_1	21	0	21
MFAP2_1	0	0	0
LOC105376806_1	0	0	0
ATP13A2_1	0	0	0
SDHB_1	358	0	358
PADI2_1	0	0	0
LOC124903861_1	0	0	0
LOC105376808_1	0	0	0
LINC02783_1	0	0	0
PADI1_1	0	0	0
PADI3_1	0	0	0
MIR3972_1	0	0	0
PADI4_1	0	0	0
PADI6_1	0	0	0
RCC2_1	0	0	0
RCC2-AS1_1	0	0	0
LOC124904837_1	0	0	0
LINC01355_1	0	0	0
HNRNPR_1	0	0	0
ZNF436_1	0	0	0
ZNF436-AS1_1	0	0	0
TCEA3_1	0	0	0
LOC124903875_1	0	0	0
ASAP3_1	0	0	0
E2F2_1	0	0	0
LOC101928163_1	0	0	0
LOC124903876_1	0	0	0
LOC105376859_1	0	0	0
ID3_1	0	0	0
RPS6KA1_1	0	0	0
MIR1976_1	0	0	0
LOC124904769_1	0	0	0
LOC124904813_1	0	0	0
DNAJC8_1	0	0	0
ATP5IF1_1	0	0	0
SESN2_1	0	0	0
MED18_1	0	0	0
SCMH1-DT_1	0	0	0
FOXO6_1	45	6	39
FOXO6-AS1_1	0	0	0
VAV3-AS1_1	0	0	0
LINC02785_1	0	0	0
SLC25A24_1	0	0	0
NBPF6_1	0	0	0
LOC124905418	0	0	0
LOC124905416	2	0	2
LOC124905417	0	0	0
NBPF4_1	1	0	1
SLC16A1_1	0	0	0
AKR7A2P1_1	0	0	0
SLC16A1-AS1_1	0	0	0
LOC107985189_1	0	0	0
LRIG2-DT_1	0	0	0
LOC101929788_1	0	0	0
NBPF8_1	904	2	905
LOC124905549	2	0	2
PFN1P2_1	0	3	0
PDE4DIPP2_1	26	0	26
LOC107985524_1	0	0	0
NBPF26_1	0	0	0
NOTCH2NLR_1	0	0	0
TRN-GTT7-1_1	0	0	0
RNVU1-19_1	0	0	0
PPIAL4A_1	0	0	0
MIR9-1HG_1	0	0	0
MEF2D_1	0	0	0
IQGAP3_1	0	0	0
LOC124904843_1	0	0	0
TTC24_1	0	0	0
NAXE_1	0	0	0
GPATCH4_1	154	0	154
HAPLN2_1	0	0	0
LOC101928177_1	0	0	0
BCAN_1	0	0	0
BCAN-AS2_1	0	0	0
FCER1A_1	0	0	0
OR10J3_1	0	0	0
OR10J1_1	0	0	0
OR10J4_1	0	0	0
LINC02819_1	0	0	0
LOC105371674_1	0	0	0
KCNT2_1	0	0	0
LOC124904597_1	0	0	0
MIR4735_1	0	0	0
CFH_1	4	0	4
CFHR4_1	0	0	0
LOC105371675_1	2	0	2
CFHR2_1	0	0	0
CFHR5_1	0	0	0
F13B_1	0	0	0
SERTAD4-AS1_1	0	0	0
SERTAD4_1	0	0	0
LINC02602_1	0	0	0
HHAT_1	0	0	0
TRIM17_1	0	0	0
H3-4_1	0	0	0
H2AC25_1	0	0	0
H2BC26_1	0	0	0
MIR4666A_1	0	0	0
RNF187_1	0	0	0
BTNL10P_1	0	0	0
LOC105373124_1	0	0	0
LOC124905422	0	0	0
LOC124905433	0	0	0
LOC124905436	0	0	0
LOC124905437	0	0	0
LOC124905438	0	0	0
LOC124905424	0	0	0
LOC124905425	0	0	0
LOC124905426	0	0	0
LOC124905427	0	0	0
LOC124905428	0	0	0
LOC124905429	0	0	0
LOC124905430	0	0	0
LOC124905431	0	0	0
LOC124905432	0	0	0
LOC124905434	0	0	0
LOC124905435	0	0	0
RNA5S1_1	0	0	0
RNA5S2_1	0	0	0
RNA5S3_1	0	0	0
RNA5S4_1	0	0	0
RNA5S5_1	0	0	0
RNA5S6_1	0	0	0
RNA5S7_1	0	0	0
RHOU_1	0	0	0
RNA5S8_1	0	0	0
RNA5S9_1	0	0	0
RNA5S10_1	0	0	0
RNA5S11_1	0	0	0
RNA5S12_1	0	0	0
RNA5S13_1	0	0	0
RNA5S14_1	0	0	0
RNA5S15_1	0	0	0
RNA5S16_1	0	0	0
DUSP5P1_1	8	0	8
RNA5S17_1	0	0	0
LOC124905421	14	0	14
TBCE_1	2	0	2
B3GALNT2_1	0	0	0
GNG4_1	0	0	0
VN1R5_1	0	0	0
LOC105373273_1	0	0	0
ZNF496_1	0	0	0
ZNF496-DT_1	0	0	0
NLRP3_1	0	0	0
OR2T4_1	0	0	0
OR2T6_1	0	0	0
OR2T1_1	0	0	0
OR2T7_1	0	0	0
OR2T2_1	0	0	0
LOC105373279_1	0	0	0
OR2T3_1	0	0	0
LOC124905550	0	0	0
OR2T29_1	0	0	0
LOC105373277_1	0	0	0
OR2G6_1	0	0	0
OR2T5_1	0	0	0
OR2T34_1	0	0	0
OR2T10_1	0	0	0
OR2T11_1	0	0	0
OR2T35_1	0	0	0
OR2T27_1	0	0	0
OR14I1_1	0	0	0
APOB_1	0	0	0
LOC124905593_1	0	0	0
TDRD15_1	0	0	0
LINC01822_1	0	0	0
LOC105374804_1	0	0	0
ALMS1_1	0	0	0
ALMS1-IT1_1	0	0	0
NAT8_1	0	0	0
ALMS1P1_1	0	0	0
LOC112268418_1	0	0	0
NAT8B_1	0	0	0
LOC124905592_1	0	0	0
TPRKB_1	0	0	0
DUSP11_1	0	0	0
C2orf78_1	0	0	0
TCF7L1_1	0	0	0
TCF7L1-IT1_1	0	0	0
LOC102724579_1	0	0	0
TGOLN2_1	521	0	521
RETSAT_1	209	0	209
ELMOD3_1	0	0	0
LOC105377636	0	0	0
LOC107987467	0	0	0
LOC105374859	0	0	0
LOC105374858	0	0	0
LOC105374857	0	0	0
LOC124900624	0	0	0
PROM2_1	0	0	0
KCNIP3_1	6	0	6
FAHD2A_1	10	0	10
LOC105373490	0	0	0
TRIM43_1	0	0	0
LINC03052_1	0	0	0
TRIM43B_1	0	0	0
LOC124905589_1	0	0	0
LOC101926959_1	0	0	0
GPAT2_1	0	0	0
FAHD2B_1	0	0	0
ANKRD36_1	0	0	0
LOC100506076_1	0	0	0
APPAT_1	4	0	4
ANKRD36B_1	0	0	0
LOC105373499_1	0	0	0
COX5B_1	0	0	0
ACTR1B_1	0	0	0
C2orf92_1	0	0	0
LOC124900516_1	0	0	0
ZAP70_1	0	0	0
TMEM131_1	0	0	0
LOC124905591_1	0	0	0
LINC02572_1	0	0	0
LOC105373616_1	0	0	0
PLAC9P1_1	0	0	0
LINC01856_1	0	0	0
RAB6C-AS1_1	0	0	0
RAB6C_1	0	0	0
FAR2P1_1	0	0	0
POTEF_1	0	0	0
POTEF-AS1_1	0	0	0
MED15P9_1	0	0	0
CCDC74B_1	0	0	0
SMPD4_1	3	0	3
MZT2B_1	0	0	0
MIR4784_1	0	0	0
TUBA3E_1	0	0	0
DYNC1I2_1	0	0	0
SLC25A12_1	1	0	1
LOC105373740_1	0	0	0
HAT1_1	4	0	106
LOC124905590_1	0	102	0
METAP1D_1	0	0	0
DLX1_1	0	0	0
LOC105373791_1	0	0	0
COL3A1_1	19	0	19
MIR1245A_1	0	0	0
MIR1245B_1	0	0	0
MIR3606_1	0	0	0
INO80D_1	0	0	0
INO80D-AS1_1	0	0	0
NDUFS1_1	0	0	0
GCSHP3_1	0	0	0
EEF1B2_1	0	0	0
SNORD51_1	0	0	0
SNORA41_1	0	0	0
CMKLR2_1	0	0	0
CMKLR2-AS_1	0	0	0
ZDBF2_1	0	0	0
LOC105373854_1	0	0	0
LOC124905439_1	0	0	0
LOC100507443_1	0	0	0
CRYGD_1	0	0	0
CRYGC_1	0	0	0
INPP5D_1	0	0	0
ATG16L1_1	0	0	0
SCARNA5_1	0	0	0
SCARNA6_1	0	0	0
SAG_1	0	0	0
DGKD_1	0	0	0
LOC100287387_1	0	0	0
TWIST2_1	0	0	0
LOC150935_1	0	0	0
NDUFA10_1	0	0	0
PLCL2UT_1	0	0	0
PLCL2_1	0	0	0
LOC105376972_1	2	1	1
MIR3714_1	0	0	0
PLCL2-AS1_1	0	0	0
CNOT10_1	0	0	0
CNOT10-AS1_1	0	0	0
TRIM71_1	0	0	0
APRG1_1	0	0	0
ITGA9_1	0	0	0
ITGA9-AS1_1	0	0	0
CTDSPL_1	0	0	0
LOC101928529_1	0	0	0
ZNF852_1	0	0	0
ZKSCAN7_1	0	0	0
ZKSCAN7-AS1_1	0	0	0
ZNF660-ZNF197_1	0	0	0
ZNF660_1	0	0	0
ZNF197-AS1_1	0	0	0
ZNF197_1	0	0	0
ZNF35_1	0	0	0
LOC124905403_1	0	0	0
ZNF502_1	0	0	0
LOC105377056_1	0	0	0
ZNF501_1	0	0	0
KIAA1143_1	0	0	0
KIF15_1	0	0	0
MIR564_1	0	0	0
TMEM42_1	0	0	0
TGM4_1	0	0	0
ZDHHC3_1	0	0	0
MAGI1_1	0	0	0
LOC105377128_1	0	0	0
SLC25A26_1	0	0	0
LOC107986095_1	0	0	0
LRIG1_1	0	0	0
RYBP_1	50	0	50
LOC105377160_1	0	0	0
LOC124905404_1	0	0	0
LOC105377161_1	0	0	0
LOC102724817_1	0	0	0
LOC105377162_1	0	0	0
LOC124905452_1	0	0	0
FAM86DP_1	0	0	0
LINC02018_1	0	0	0
LINC00971_1	0	0	0
LINC02025_1	0	0	0
LOC105377193_1	0	0	0
CADM2_1	0	0	0
LOC101930420_1	0	0	0
LINC00879_1	0	0	0
C3orf52_1	0	0	0
GCSAM_1	0	0	0
TBILA_1	0	0	0
SLC9C1_1	0	0	0
RUVBL1_1	0	13	0
EEFSEC_1	72	1	84
MIR4789_1	0	0	0
NAALADL2_1	0	0	0
LOC101929106_1	0	0	0
RTP1_1	0	0	0
MASP1_1	0	0	0
LOC105374260_1	0	0	0
LOC101929130_1	0	0	0
RTP4_1	0	0	0
LOC124905594_1	0	0	0
LINC02041_1	0	0	0
LOC105374262_1	0	0	0
LOC105374348_1	0	0	0
LOC105374349_1	0	0	0
FAM53A_1	0	0	0
LOC101928532_1	0	0	0
HMX1_1	0	0	0
LOC105374498_1	0	0	0
CPEB2-DT_1	0	0	0
CPEB2_1	0	0	0
C1QTNF7-AS1_1	0	0	0
GBA3_1	0	0	0
LOC105374521_1	0	0	0
LOC101927209_1	0	0	0
ANKRD20A12P_1	0	0	0
LOC105377672_1	0	0	0
LINC02619_1	0	0	0
LOC105377260_1	0	0	0
LOC105377261_1	0	0	0
CSN2_1	0	0	0
LOC105377269_1	0	0	0
STATH_1	0	0	0
HTN3_1	0	0	0
HTN1_1	0	0	0
CSN1S2AP_1	0	0	0
CSN1S2BP_1	0	0	0
PRR27_1	0	0	0
LOC105377270_1	0	0	0
RPS3A_1	0	0	0
SNORD73B_1	0	0	0
SNORD73A_1	0	0	0
SH3D19_1	0	0	0
SH3D19-AS1_1	0	0	0
LOC105377485_1	0	0	0
PRSS48_1	0	0	0
LOC101927947_1	0	0	0
DCHS2_1	0	0	0
LOC105377611_1	0	0	0
LOC105377612_1	0	0	0
FRG1-DT_1	0	0	0
FRG1_1	0	0	0
FRG2_1	0	0	0
DBET_1	0	0	0
LOC124905412	0	0	0
FRG1-DT_2	0	0	0
FRG1_2	0	0	0
FRG2_2	0	0	0
DBET_2	0	0	0
LOC124905408	0	0	0
LOC124905411	0	0	0
LOC124905410	0	0	0
LOC124905409	0	0	0
DUX4_1	0	0	0
AK6_1	0	0	0
TAF9_1	0	0	0
RAD17_1	0	0	0
MARVELD2_1	0	0	0
LOC101928924_1	0	0	0
OCLN_1	0	0	0
SNORD13B-1_1	0	0	0
GTF2H2C_1	1	0	1
LOC101929599_1	0	0	0
LINC02197_1	0	0	0
SMN2_1	0	0	0
SERF1B_1	0	0	0
LOC128966726	0	0	0
LOC105369228	0	0	0
LOC124905599	0	0	0
LOC105379023	0	0	0
LOC112268330	0	0	0
GUSBP3_1	0	0	0
LOC105379623_1	0	0	0
LOC124900626	0	0	0
GUSBP17_1	0	0	0
LOC441081_1	0	0	0
LOC107987433	0	0	0
LOC124905596	0	0	0
NAIP_1	1	0	1
GTF2H2B_1	0	0	0
LOC124905598	0	0	0
SMN1_1	0	0	0
SERF1A_1	0	0	0
LOC107986373_1	0	0	0
GUSBP16_1	0	0	0
GUSBP19_1	0	0	0
LOC105379025_1	0	0	0
PMCHL1_1	0	0	0
LOC107987420_1	0	0	0
BDP1_1	0	0	0
LOC124900999_1	0	0	0
MCCC2_1	0	0	0
LOC105374625_1	0	0	0
LINC02145_1	0	0	0
MED10_1	0	0	0
UBE2QL1_1	0	0	0
LOC105374639_1	0	0	0
LOC102723561_1	0	0	0
GUSBP1_1	12	0	12
LOC107987432	0	0	0
LOC124900629	0	0	0
LOC124905413	0	0	0
LOC112268347	0	0	0
LOC646652_1	0	0	0
LOC105374685_1	0	0	0
PRDM9_1	0	0	0
DNAJC18_1	0	0	0
LOC124905454	0	0	0
ECSCR_1	1	0	1
SMIM33_1	0	0	0
STING1_1	0	0	0
PCDHA1_1	0	0	0
PCDHA2_1	0	0	0
PCDHA3_1	0	0	0
PCDHA4_1	0	0	0
PCDHA5_1	0	0	0
PCDHA6_1	0	0	0
PCDHA7_1	0	0	0
PCDHA8_1	0	0	0
PCDHA9_1	0	0	0
PCDHA10_1	0	0	0
LOC112267934_1	0	0	0
PCDHA11_1	0	0	0
PCDHA12_1	0	0	0
PCDHA13_1	0	0	0
PCDHAC1_1	0	0	0
PCDHAC2_1	0	0	0
PCDHB1-AS1_1	0	0	0
PCDHB1_1	0	0	0
PCDHB2_1	0	0	0
PCDHB3_1	0	0	0
PCDHB4_1	0	0	0
PCDHB5_1	0	0	0
PCDHB6_1	0	0	0
PCDHB17P_1	0	0	0
PCDHB7_1	0	0	0
PCDHB8_1	0	0	0
PCDHB16_1	0	0	0
PCDHB9_1	0	0	0
PCDHB10_1	0	0	0
PCDHB11_1	0	0	0
PCDHB12_1	0	0	0
PCDHB13_1	0	0	0
PCDHB14_1	0	0	0
PCDHB18P_1	0	0	0
PCDHB19P_1	0	0	0
PCDHB15_1	0	0	0
LOC105378199_1	0	0	0
ADAMTS2_1	0	0	0
LOC105377759_1	0	0	0
LOC124901149_1	0	0	0
LOC107986494_1	0	0	0
LOC124901224_1	0	0	0
LOC100289470_1	0	0	0
RUFY1_1	2	0	2
RUFY1-AS1_1	0	0	0
HNRNPH1_1	49	0	49
LOC100502572_1	0	0	0
SPATA31J1_1	0	0	0
LOC105377763_1	0	0	0
CBY3_1	0	0	0
CANX_1	805	0	805
MAML1_1	26	0	26
LTC4S_1	0	0	0
MGAT4B_1	0	3	0
MIR1229_1	0	0	0
LOC128966721	16	0	16
SQSTM1_1	0	0	0
MRNIP_1	0	0	0
MRNIP-DT_1	0	0	0
TBC1D9B_1	0	0	0
LOC124901156_1	0	0	0
LOC101928146_1	0	0	0
GCNT2_1	0	0	0
C6orf52_1	0	0	0
PAK1IP1_1	0	0	0
TMEM14C_1	0	0	0
BTN2A1_1	0	0	0
LOC285819_1	0	0	0
LOC107986583_1	0	0	0
BTN1A1_1	0	0	0
TRL-CAG1-7_1	0	0	0
HCG11_1	0	0	0
TRT-AGT2-1_1	0	0	0
TRR-ACG1-2_1	0	0	0
TRV-CAC1-6_1	0	0	0
HMGN4_1	0	0	0
TRA-CGC1-1_1	0	0	0
TRI-AAT5-1_1	0	0	0
TRP-AGG2-2_1	0	0	0
TRK-CTT2-4_1	0	0	0
TRY-GTA1-1_1	0	0	0
LOC105374988_1	0	0	0
TRA-AGC11-1_1	0	0	0
TRY-GTA8-1_1	0	0	0
TRY-GTA3-1_1	0	0	0
TRY-GTA6-1_1	0	0	0
ABT1_1	0	0	0
LOC105374989_1	0	0	0
ZNF322_1	8	0	8
LOC102724851_1	4	0	4
TRA-AGC14-1_1	0	0	0
TRA-AGC12-1_1	0	0	0
TRA-AGC10-1_1	0	0	0
LOC105374991_1	0	0	0
TRM-CAT5-1_1	0	0	0
TRNAA-AGC_5	0	0	0
TRI-AAT7-2_1	0	0	0
LOC124905602	0	0	0
TRM-CAT4-2_1	0	0	0
TRM-CAT4-1_1	0	0	0
TRI-AAT7-1_1	0	0	0
LOC105374992_1	0	0	0
LOC124901289_1	0	0	0
TRNAA-AGC_6	0	0	0
TRM-CAT5-2_1	0	0	0
LOC124901290_1	0	0	0
TRNAA-AGC_7	0	0	0
TRNAA-AGC_8	0	0	0
TRA-AGC14-2_1	0	0	0
IBTK_1	10	0	10
LOC105377874_1	0	0	0
LOC105377875_1	0	0	0
TPBG_1	0	0	0
CASP8AP2_1	33	0	33
MDN1_1	0	0	0
LOC124901536_1	0	0	0
GJA10_1	0	0	0
BACH2_1	0	0	0
FAM157D_1	0	0	0
LOC105375113_1	0	0	0
LOC101929756_1	0	0	0
LOC105375114_1	0	0	0
LINC03015_1	0	0	0
LINC03014_1	0	0	0
LOC105375116_1	0	0	0
LOC105375115_1	0	0	0
FAM20C_1	0	0	0
LOC124901807_1	0	0	0
LINC01445_1	0	0	0
LOC124901829_1	0	0	0
LOC112268371	0	0	0
SMURF1_1	0	0	0
KPNA7_1	0	0	0
PRKAR2B_1	0	0	0
HBP1_1	0	0	0
COG5_1	42	0	42
LOC124901720_1	0	0	0
LOC124901721_1	0	0	0
GPR22_1	0	0	0
DUS4L-BCAP29_1	0	0	0
DUS4L_1	0	0	0
BCAP29_1	0	0	0
FAM131B-AS2_1	0	0	0
ZYX_1	0	0	0
FAM131B_1	0	0	0
MIR6892_1	0	0	0
EPHA1_1	0	0	0
EPHA1-AS1_1	0	0	0
TAS2R60_1	0	0	0
TAS2R41_1	0	0	0
LOC105375547_1	0	0	0
OR10AC1_1	0	0	0
CTAGE15_1	0	0	0
LOC101928466_1	0	0	0
TCAF2_1	1	0	1
CTAGE6_1	0	0	0
TCAF2P1_1	0	1	0
LOC154761_1	1	0	3
LOC112267988_1	0	0	0
TCAF1_1	1	0	1
LOC105375549_1	0	0	0
OR2F2_1	0	0	0
OR2F1_1	0	0	0
OR6B1_1	0	0	0
OR2A5_1	0	0	0
LOC105375548	0	0	0
OR2A25_1	0	0	0
OR2A12_1	0	0	0
OR2A2_1	0	0	0
OR2A14_1	0	0	0
CTAGE4_1	4	0	4
ARHGEF35_1	3	0	3
ARHGEF35-AS1_1	0	0	0
OR2A42_1	0	0	0
OR2A1-AS1_1	0	5	0
OR2A20P_1	0	0	0
OR2A7_1	0	0	0
ARHGEF34P_1	0	0	0
CTAGE8_1	0	0	0
OR2A9P_1	0	0	0
OR2A1_1	0	0	0
LOC107987545	21	0	21
LOC112268384	0	0	0
ARHGEF5_1	4	0	4
LOC124905440	0	5	0
NOBOX_1	0	0	0
TPK1_1	0	0	0
DPP6_1	0	0	0
MCPH1-DT_1	0	0	0
MCPH1_1	0	0	0
MCPH1_2	0	0	0
MCPH1-AS1_1	0	0	0
MIR8055_1	0	0	0
AGPAT5_1	0	0	0
MIR4659A_1	0	0	0
MIR4659B_1	0	0	0
LOC124901872_1	0	0	0
LOC107986909_1	0	0	0
XKR5_1	0	0	0
GS1-24F4.2_1	0	0	0
DEFB1_1	5	0	5
DEFA6_1	0	0	0
DEFA4_1	0	0	0
DEFA8P_1	0	0	0
DEFA9P_1	0	0	0
DEFA10P_1	0	0	0
LOC124901873_1	0	0	0
DEFA1_1	0	0	0
DEFT1P_1	0	0	0
LOC124901874_1	0	0	0
DEFA1B_1	0	0	0
DEFT1P2_1	0	0	0
LOC124901875_1	0	0	0
DEFA3_1	0	0	0
DEFA11P_1	0	0	0
DEFA5_1	0	0	0
LOC105377799_1	0	0	0
LOC105377803_1	0	0	0
LOC101928095_1	0	0	0
LOC112268400	0	0	0
FAM90A19_1	0	0	0
FAM90A9_1	0	0	0
FAM90A10_1	0	0	0
PRR23D2_1	0	0	0
LOC105379216	0	0	0
DEFB107A_1	0	0	0
DEFB105A_1	0	0	0
DEFB106A_1	0	0	0
DEFB104A_1	0	0	0
SPAG11A_1	0	0	0
DEFB103A_1	0	0	0
DEFB4A_1	0	0	0
ZNF705B_1	0	0	0
FAM66E_1	0	0	0
USP17L8_1	0	0	0
USP17L3_1	0	0	0
FAM90A20_1	0	0	0
LINC00965_1	0	0	0
FAM90A11_1	0	0	0
FAM90A24_1	0	0	0
LOC124905443	0	0	0
FAM90A12_1	0	0	0
LOC124905441	0	0	0
FAM85A_1	0	0	0
FAM66A_1	0	0	0
LOC124905442	0	0	0
LOC649352_1	0	0	0
ZNF705D_1	0	0	0
DEFB130A_1	0	0	0
LOC105379246_1	0	0	0
LOC105379245_1	0	0	0
DEFB134_1	0	0	0
DEFB135_1	0	0	0
DEFB136_1	0	0	0
LOC105379244_1	0	0	0
CTSB_1	1400	8	1392
FDFT1_1	537	0	537
LOC105379243_1	0	1	0
NEIL2_1	2	0	3
LINC02905_1	0	0	0
GATA4_1	0	0	0
SNORA99_1	0	0	0
LOC124905444	0	0	0
LOC105379242_1	0	0	0
LINC00208_1	0	0	0
BLK_1	0	0	0
BLK-AS1_1	0	0	0
FAM167A_1	19	0	19
FAM167A-AS1_1	0	0	0
TDH_1	0	0	0
TDH-AS1_1	0	0	0
MTMR9_1	7	0	7
SLC35G5_1	0	0	0
MTMR9-AS1_1	0	0	0
LINC00529_1	0	0	0
XKR6_1	0	0	0
LOC101929269_1	0	0	0
MIR598_1	0	0	0
LOC112268405	0	0	0
LOC101929248_1	0	0	0
PINX1-DT_1	0	0	0
PINX1_1	1	0	1
MIR1322_1	0	0	0
SOX7-AS1_1	0	0	0
SOX7_1	1	0	1
C8orf74_1	0	0	0
MIR4286_1	0	0	0
RP1L1_1	0	0	0
LOC105379237_1	0	0	0
PRSS55_1	0	0	0
PRSS51_1	0	0	0
LINC03022_1	0	0	0
MSRA_1	0	0	0
LOC105379235_1	0	0	0
MSRA-DT_1	0	0	0
LOC124902082_1	0	0	0
MIR124-1_1	0	0	0
MIR124-1HG_1	0	0	0
LOC124902085_1	0	0	0
TNKS_1	38	0	38
MIR597_1	0	0	0
LOC105379231_1	0	0	0
LOC124901884_1	0	0	0
LOC105379230_1	0	0	0
LOC105379228_1	0	0	0
LOC157273_1	0	0	0
LOC112268404	0	0	0
LOC101929128_1	0	0	0
PPP1R3B-DT_1	0	0	0
PPP1R3B_1	0	0	0
LOC112268402_1	0	0	0
ERI1_1	16	0	16
SNORD3I_1	0	0	0
MIR4660_1	0	0	0
LOC105379227_1	0	0	0
LOC124905446	0	0	0
LOC124901866_1	0	0	0
LOC124900259_1	0	0	0
LOC124905445	0	0	0
MFHAS1_1	35	0	35
CLDN23_1	0	0	0
LOC105379225_1	0	0	0
LOC105379224_1	0	0	0
LOC107986913_1	0	0	0
LINC02950_1	0	0	0
LINC02949_1	0	0	0
LOC105379222_1	0	0	0
PRAG1_1	1	0	1
LOC124901879_1	0	0	0
FAM86B3P_1	0	0	0
FAM85B_1	2	0	2
LOC124905449	0	0	0
LOC124905447	0	0	0
LOC124905448	0	0	0
LOC112268390	0	0	0
LOC128966725	0	0	0
FAM90A23_1	0	0	0
FAM90A17_1	0	0	0
FAM90A16_1	0	0	0
LOC128966567	0	0	0
FAM90A7_1	0	0	0
PRR23D1_1	0	0	0
LOC105377801_1	0	0	0
DEFB107B_1	0	0	0
DEFB105B_1	0	0	0
DEFB106B_1	0	0	0
DEFB104B_1	0	0	0
SPAG11B_1	0	0	0
DEFB103B_1	0	0	0
DEFB4B_1	0	0	0
ZNF705G_1	0	0	0
USP17L7_1	0	0	0
USP17L1_1	0	0	0
FAM90A25P_1	0	0	0
FAM90A2P_1	0	0	0
LOC128966724	0	19	0
FAM86B2_1	16	0	36
FAM86B2-DT_1	2	1	2
LOC729732_1	0	0	0
MIR5692A2_1	0	0	0
LONRF1_1	27	0	27
MIR3926-1_1	0	0	0
MIR3926-2_1	0	0	0
LINC03019_1	0	0	0
LINC00681_1	0	0	0
LOC105379289_1	0	0	0
TRMT9B_1	0	0	0
LOC124901889_1	0	0	0
DLC1_1	0	0	0
LOC107986922_1	0	0	0
LOC107986941_1	0	0	0
LOC112268372	0	0	0
RNF139-DT_1	0	0	0
RNF139_1	0	0	0
TATDN1_1	0	0	0
MIR6844_1	0	0	0
NDUFB9_1	0	0	0
MTSS1_1	0	0	0
GSDMC_1	3	0	3
LINC01300_1	0	0	0
GPR20_1	0	0	0
LOC101928037_1	0	0	0
ASTILCS_1	0	0	0
PTP4A3_1	0	0	0
MROH5_1	0	0	0
LOC107983985_1	0	0	0
LOC105375789_1	0	0	0
LOC124900270_1	0	0	0
LOC105375791_1	0	0	0
C8orf90_1	0	0	0
BOP1_1	0	0	0
HSF1_1	0	0	0
DGAT1_1	0	0	0
LOC124902050_1	0	0	0
MIR6848_1	0	0	0
SCRT1_1	0	0	0
CATSPERQ_1	0	0	0
FBXL6_1	0	0	0
SLC52A2_1	0	0	0
LOC101928902_1	0	0	0
ADCK5_1	0	0	0
CPSF1_1	0	0	0
MIR939_1	0	0	0
MIR1234_1	0	0	0
MIR6849_1	0	0	0
SLC39A4_1	0	0	0
VPS28_1	477	1	476
TONSL_1	0	0	0
LOC124905603	0	0	0
C8orf33_1	0	0	0
LOC105379435_1	0	0	0
CNTNAP3_1	0	0	0
LOC101927042	0	0	0
LOC124905604	0	0	0
LOC105376134_1	0	0	0
NXNL2_1	8	0	8
LINC02843_1	0	0	0
LOC105376135_1	0	0	0
MIR4289_1	0	0	0
IARS1_1	0	0	0
MIR3651_1	0	0	0
SNORA84_1	0	0	0
NOL8_1	0	0	0
CENPP_1	0	0	0
OGN_1	0	0	0
OMD_1	0	0	0
ASPN_1	0	0	0
ECM2_1	0	0	0
MIR4670_1	0	0	0
IPPK_1	0	0	0
LOC100128361_1	0	0	0
OBP2B_1	0	0	0
LOC124902294_1	0	0	0
ABO_1	0	0	0
LCN1_1	0	0	0
SURF6_1	0	0	0
MED22_1	0	0	0
RPL7A_1	0	0	0
SNORD24_1	0	0	0
SNORD36B_1	0	0	0
SNORD36A_1	0	0	0
SNORD36C_1	0	0	0
SURF1_1	0	0	0
SURF2_1	0	0	0
SURF4_1	0	0	0
STKLD1_1	0	0	0
REXO4_1	0	0	0
ADAMTS13_1	0	0	0
CACFD1_1	0	0	0
SLC2A6_1	0	0	0
LOC102723855_1	0	0	0
HSD17B7P2_1	0	0	0
SEPTIN7P9_1	0	0	0
LOC101929540_1	0	0	0
LINC00999_1	0	0	0
ACTR3BP5_1	0	0	0
LOC102724593_1	0	0	0
SYT15B_1	0	0	0
GPRIN2_1	2	0	2
NPY4R2_1	0	0	0
ANXA8_1	38	0	38
FAM25C_1	0	0	0
AGAP12P_1	0	0	0
LOC124905455	0	0	0
LINC01515_1	0	0	0
KAT6B_1	0	0	0
SNORD172_1	0	0	0
DUSP29_1	0	0	0
ATAD1_1	0	0	0
CFL1P1_1	0	0	0
KLLN_1	0	0	0
MLDHR_1	0	0	0
PTEN_1	27	0	27
LOC124900295_1	0	0	0
PNLIPRP1_1	0	0	0
PNLIPRP2_1	0	0	0
SPMIP5_1	0	0	0
HSPA12A-AS1_1	0	0	0
HSPA12A_1	0	0	0
LOC105378498_1	0	0	0
LOC105378536_1	0	0	0
MUC6_1	0	0	0
LOC124902605_1	0	0	0
LINC02688_1	0	0	0
LOC107987157_1	0	0	0
MUC2_1	0	0	0
MUC5AC_1	0	0	0
TOLLIP_1	0	0	0
TOLLIP-DT_1	0	0	0
LINC02689_1	0	0	0
BRSK2_1	0	0	0
MOB2_1	49	0	49
LOC124902607_1	0	0	0
DUSP8_1	0	0	0
LOC124902608_1	0	0	0
KRTAP5-AS1_1	0	0	0
KRTAP5-1_1	0	0	0
KRTAP5-2_1	0	0	0
KRTAP5-3_1	0	0	0
KRTAP5-4_1	0	0	0
KRTAP5-5_1	0	0	0
FAM99A_1	0	0	0
FAM99B_1	0	0	0
LINC02708_1	0	0	0
SYT8_1	0	0	0
TNNI2_1	0	0	0
LOC107984299_1	0	0	0
LSP1_1	0	0	0
MIR4298_1	0	0	0
MIR7847_1	0	0	0
PRR33_1	0	0	0
TNNT3_1	0	0	0
LINC01150_1	0	0	0
MRPL23_1	0	0	0
SNORD131_1	0	0	0
MRPL23-AS1_1	0	0	0
LINC01219_1	0	0	0
H19_1	0	0	0
MIR675_1	0	0	0
OR51L1_1	0	0	0
OR52J3_1	0	0	0
OR52E2_1	0	0	0
OR52E1_1	0	0	0
OR5P2_1	0	0	0
OR5P3_1	0	0	0
OR5E1P_1	0	0	0
LOC283299_1	0	0	0
LOC107984307_1	0	0	0
OR10A6_1	0	0	0
OR10A3_1	0	0	0
NLRP10_1	0	0	0
SAA1_1	0	0	0
HPS5_1	0	0	0
GTF2H1_1	0	0	0
LOC105376577_1	0	0	0
MIR3159_1	0	0	0
LDHA_1	0	0	0
LDHC_1	0	0	0
PTPMT1_1	0	0	0
KBTBD4_1	0	0	0
NDUFS3_1	0	0	0
FAM180B_1	0	0	0
C1QTNF4_1	0	0	0
MTCH2_1	2	0	2
AGBL2_1	0	0	0
FNBP4_1	0	0	0
NUP160_1	0	0	0
GRM5P1_1	0	0	0
OR4C12_1	0	0	0
OR4C45_1	0	0	0
LOC101060224_1	0	0	0
OR8J2_1	0	0	0
OR5T2_1	0	0	0
OR5T3_1	0	0	0
OR5T1_1	0	0	0
OR8H1_1	0	0	0
OR8K3_1	0	0	0
OR8K1_1	0	0	0
OR8J1_1	0	0	0
OR8U1_1	0	0	0
OR5AL1_1	0	0	0
OR8U3_1	0	0	0
OR5M9_1	0	0	0
OR5M3_1	0	0	0
OR5M8_1	0	0	0
OOSP1_1	0	0	0
OOSP4A_1	0	0	0
OOSP4B_1	0	0	0
OOSP2_1	0	0	0
MS4A3_1	0	0	0
PPFIA1_1	0	0	0
MIR548K_1	0	0	0
LOC107984346_1	0	0	0
LOC105369373_1	0	0	0
CTTN-DT_1	0	0	0
CTTN_1	0	0	0
LOC124905456	0	0	0
RAB38_1	0	0	0
LOC124900309_1	0	0	0
NAALAD2_1	0	0	0
CHORDC1_1	0	0	0
FAT3_1	0	0	0
LOC107984380_1	0	0	0
CASP12_1	0	0	0
CASP4LP_1	0	0	0
CASP4_1	0	0	0
FOXR1_1	0	0	0
CENATAC-DT_1	0	0	0
CENATAC_1	0	0	0
RPL23AP64_1	0	0	0
RPS25_1	0	0	0
TRAPPC4_1	0	0	0
SLC37A4_1	0	0	0
HYOU1_1	0	0	0
HYOU1-AS1_1	0	0	0
VPS11_1	0	0	0
HMBS_1	0	0	0
ERC1_1	0	0	0
LOC124902857_1	0	0	0
MIR3649_1	0	0	0
ADIPOR2_1	0	0	0
CACNA2D4_1	0	0	0
LOC105369602_1	0	0	0
LOC105369601_1	0	0	0
LRTM2_1	0	0	0
LOC124902858_1	0	0	0
LINC00940_1	0	0	0
DCP1B_1	0	0	0
CACNA1C_1	0	0	0
CACNA1C-IT1_1	0	0	0
CACNA1C-IT2_1	0	0	0
LOC107984131_1	0	0	0
CACNA1C-AS4_1	0	0	0
CACNA1C-IT3_1	0	0	0
CACNA1C-AS2_1	0	0	0
CACNA1C-AS1_1	0	0	0
C1R_1	0	0	0
C1RL_1	0	0	0
C1RL-AS1_1	0	0	0
RBP5_1	0	0	0
CLSTN3_1	0	0	0
PEX5_1	0	0	0
BCL2L14_1	0	0	0
MIR1244-4_1	0	0	0
LRP6_1	0	0	0
MANSC1_1	0	0	0
LOH12CR2_1	0	0	0
BORCS5_1	0	0	0
DUSP16_1	2	0	2
ESPL1_1	0	0	0
PFDN5_1	1	0	1
MYG1-AS1	0	0	0
MYG1_1	166	0	166
AAAS_1	0	0	0
SP7_1	0	0	0
LOC112268407	0	0	0
LOC105369878_1	0	0	0
ORAI1_1	169	0	169
MORN3_1	0	0	0
BCL7A_1	0	0	0
LINC02985_1	0	0	0
MLXIP_1	0	0	0
LINC02405_1	0	0	0
LOC105370062_1	2	2	0
EP400P1_1	0	0	0
LOC124905457	0	0	0
DDX51_1	0	0	0
NOC4L_1	0	0	0
LINC02361_1	0	0	0
GALNT9_1	0	0	0
LOC105370091_1	0	0	0
GALNT9-AS1_1	0	0	0
LOC101928416_1	0	0	0
LOC124905463	0	0	0
LOC105379280	16	0	16
LOC124905459	0	0	0
LOC105379491	0	0	0
LOC124905460	20	0	20
LOC124905464	1	1	0
LOC128966556	1	0	1
BAGE5	0	0	0
FAM230C_1	0	0	0
LOC105379278	0	0	0
LINC00411_1	0	0	0
NALCN-AS1_1	0	0	0
MYO16_1	0	0	0
ATP4B_1	0	0	0
GRK1_1	0	0	0
LOC105377805_1	0	0	0
LINC00552_1	0	0	0
C13orf46_1	1	0	1
RASA3_1	0	0	0
RASA3-IT1_1	0	0	0
LOC124903221_1	0	0	0
LOC107987192_1	0	0	0
LOC124905466	0	0	0
LOC124905468	0	0	0
LOC124905469	0	0	0
LOC389831_1	0	0	0
LOC124905471	0	0	0
LOC124905472	0	0	0
OR4N2_1	0	0	0
OR4K3_1	0	0	0
OR4K2_1	0	0	0
LOC124903278_1	0	0	0
OR4K1_1	0	0	0
OR4K5_1	0	0	0
OR4K15_1	0	0	0
OR4Q2_1	0	0	0
OR4K14_1	0	0	0
OR4K13_1	0	0	0
OR4L1_1	0	0	0
OR4K17_1	0	0	0
OR4N5_1	0	0	0
OR11G2_1	0	0	0
OR11H6_1	0	0	0
OR11H7_1	0	0	0
OR11H4_1	0	0	0
TTC5_1	0	0	0
CCNB1IP1_1	0	0	0
SNORA79B_1	0	0	0
SNORD126_1	0	0	0
RPPH1_1	0	0	0
PARP2_1	0	0	0
TEP1_1	0	0	0
KLHL33_1	0	0	0
OSGEP_1	0	0	0
APEX1_1	0	0	0
PIP4P1_1	0	0	0
PNP_1	0	0	0
RNASE10_1	0	0	0
LOC105370410_1	0	0	0
LOC105370409_1	0	0	0
LINC00596_1	0	0	0
LOC105370411_1	0	0	0
DHRS4-AS1_1	0	0	0
DHRS4_1	0	0	0
DHRS4L2_1	10	0	10
DHRS4L1_1	0	0	0
CARMIL3_1	0	0	0
LOC105370412_1	0	0	0
CPNE6_1	0	0	0
NRL_1	0	0	0
PCK2_1	0	0	0
DCAF11_1	0	0	0
FITM1_1	0	0	0
PSME1_1	0	0	0
EMC9_1	0	0	0
PSME2_1	0	0	0
MIR7703_1	0	0	0
RNF31_1	0	0	0
IRF9_1	0	0	0
REC8_1	0	0	0
IPO4_1	0	0	0
TM9SF1_1	0	0	0
TSSK4_1	0	0	0
CHMP4A_1	0	0	0
NEDD8-MDP1_1	0	0	0
MDP1_1	0	0	0
NEDD8_1	0	0	0
GMPR2_1	0	0	0
TINF2_1	0	0	0
TGM1_1	0	0	0
RABGGTA_1	0	0	0
DHRS1_1	0	0	0
NOP9_1	0	0	0
CIDEB_1	0	0	0
LTB4R2_1	0	0	0
LTB4R_1	0	0	0
ADCY4_1	0	0	0
RIPK3_1	0	0	0
NFATC4_1	0	0	0
LOC124903292_1	0	0	0
LINC00871_1	0	0	0
LOC124903309_1	0	0	0
SGPP1_1	0	0	0
OCA2_1	0	0	0
HERC2_1	14	0	14
LOC124905371	0	0	0
GOLGA6L24_1	0	0	0
GOLGA8F_1	0	0	0
MIR4509-2_1	0	0	0
LOC101059997_1	0	0	0
MIR4509-3_1	0	0	0
GOLGA8G_1	0	0	0
GOLGA6L25_1	0	0	0
HERC2P11_1	0	0	0
LOC124903450_1	0	0	0
HERC2P9_1	0	0	0
GOLGA8M_1	0	0	0
LOC107984746_1	0	0	0
WHAMMP2_1	0	0	0
LOC100289656_1	0	0	0
PDCD6IPP2_1	0	0	0
GOLGA6L7_1	0	0	0
APBA2_1	0	0	0
ENTREP2_1	0	0	0
NSMCE3_1	0	0	0
LCIIAR_1	0	0	0
LOC105370743_1	0	0	0
TJP1_1	0	0	0
GOLGA8J_1	0	0	0
ULK4P3_1	0	0	0
LOC124900359_1	0	0	0
GOLGA8T_1	0	0	0
LOC101929922	0	0	0
LOC105370746_1	0	0	0
LOC105370747_1	0	0	0
LINC02249_1	0	0	0
CHRFAM7A_1	0	0	0
LOC105370751_1	0	0	0
LOC124900358_1	0	0	0
ULK4P2_1	0	0	0
DNM1P50_1	0	0	0
GOLGA8Q_1	0	0	0
LOC124903452_1	0	0	0
WHAMMP4_1	8	0	8
LOC105376704_1	0	0	0
GOLGA8R_1	0	0	0
ULK4P1_1	0	0	0
LOC124900357_1	0	0	0
ARHGAP11B-DT_1	0	0	0
GOLGA8H_1	0	0	0
ARHGAP11B_1	0	0	0
LOC100288637_1	0	0	0
LOC101930434_1	0	0	0
LOC124905372	0	0	0
LOC124900565	0	0	0
LOC124903453_1	0	0	0
HERC2P10_1	0	0	0
FAN1_1	0	0	0
MTMR10_1	0	0	0
TRPM1_1	0	0	0
TRPM1-AS1_1	0	0	0
MIR211_1	0	0	0
LOC107984779	0	0	0
LINC02352_1	0	0	0
LOC107984092	0	0	0
LINC03034_1	0	0	0
KLF13_1	0	0	0
LOC105370939_1	0	0	0
OTUD7A_1	0	0	0
LOC124900362_1	0	0	0
LOC124903441_1	0	0	0
CHRNA7_1	0	0	0
LOC102724078_1	0	0	0
LOC101060588	0	0	0
WHAMMP1_1	0	0	0
LINC02256_1	0	0	0
ARHGAP11A-DT_1	0	0	0
GOLGA8N_1	0	0	0
ARHGAP11A_1	0	0	0
ARHGAP11A-SCG5_1	0	0	0
SCG5_1	0	0	0
SCG5-AS1_1	0	0	0
GREM1_1	0	0	0
GREM1-AS1_1	0	0	0
FMN1_1	0	0	0
LOC107984089_1	0	0	0
LOC124903606_1	0	0	0
LOC100507412_1	0	0	0
LOC124905531	0	0	0
LOC124905524	2	0	2
LOC128966565	0	0	0
LOC124905525	0	0	0
LOC124905526	0	0	0
LOC124905527	6	0	6
LOC105379279	0	0	0
LOC124905529	0	0	0
FAM30B_1	0	0	0
LOC105379203_1	0	0	0
LOC124905484	0	0	0
CHEK2P2_1	0	0	0
LOC124903442_1	0	0	0
HERC2P3_1	12	0	12
GOLGA6L6_1	0	0	0
GOLGA8CP_1	0	0	0
LOC124905498	0	0	0
NBEAP1_1	0	0	0
LOC105370714_1	0	0	0
LOC124905495	0	0	0
LOC124905496	0	0	0
LOC124903443_1	0	0	0
MIR3118-2_1	0	0	0
POTEB2_1	0	0	0
MIR5701-1_1	0	0	0
LINC01193_1	0	0	0
OR4M2-OT1_1	0	0	0
LOC124905520	0	0	0
OR4M2_1	0	0	0
OR4N4_1	0	0	0
OR4N3P_1	0	0	0
IGHV1OR15-1_1	0	0	0
LOC642131_1	0	0	0
LOC124905475	0	0	0
MIR1268A_1	0	0	0
LOC124905490	0	0	0
REREP3_1	0	0	0
LOC124905499	17	0	17
LOC124905500	0	0	0
LOC124905491	0	0	0
LOC124905476	0	0	0
LOC124905489	0	0	0
LOC124905488	0	0	0
LOC124900633_1	0	0	0
LOC124905497	0	0	0
LOC646214_1	0	0	0
LOC124905492	0	0	0
LOC124905493	0	0	0
LOC124905494	0	0	0
CXADRP2_1	0	0	0
POTEB3_1	0	0	0
MIR3118-3_1	0	0	0
LOC124900632_1	0	0	0
MIR5701-2_1	0	0	0
LINC02203_1	0	0	0
LOC124903610_1	0	0	0
OR4M2B_1	0	0	0
OR4N4C_1	0	0	0
LOC107987218	0	0	0
LOC102724737_1	0	0	0
LOC102724760_1	0	0	0
IGHV1OR15-3_1	0	0	0
LOC102724971_1	0	0	0
LOC101928039_1	0	0	0
LOC124905501	0	0	0
LOC124905503	0	0	0
LOC124905479	0	0	0
LOC124905504	0	0	0
LOC124905506	0	0	0
LOC124905507	0	0	0
LOC124905508	0	0	0
LOC124905509	0	0	0
FAM30C_1	0	0	0
LOC124905510	0	0	0
LOC124905511	0	0	0
MIR5701-3_1	0	0	0
NF1P2_1	0	0	0
POTEB_1	0	0	0
LOC124905519	0	0	0
MIR3118-4_1	0	0	0
LOC124905513	0	0	0
LOC124905514	0	0	0
LOC124905518	0	0	0
LOC124905517	0	0	0
LOC105370715	0	0	0
LOC124905515	0	0	0
LOC124905516	0	0	0
GOLGA8EP_1	0	0	0
GOLGA6L22_1	0	0	0
HERC2P7_1	0	0	0
HERC2P2_1	141	0	141
LOC101927846_1	0	0	0
GOLGA8IP_1	0	0	0
WHAMMP3_1	3	0	3
LOC283683_1	0	0	0
NIPA1_1	67	0	67
NIPA2_1	25	4	89
CYFIP1_1	8	64	12
TUBGCP5_1	0	0	0
GOLGA6L1_1	0	0	0
GOLGA8DP_1	0	0	0
MIR4509-1_1	0	0	0
LOC124907502	0	0	0
LOC124905482	0	0	0
LOC102723534_1	0	0	0
LOC102723564_1	0	0	0
GOLGA6L26_1	0	0	0
GOLGA8S_1	0	0	0
LOC105370726_1	0	0	0
LOC105370728_1	0	0	0
GOLGA6L2_1	0	0	0
LOC105370729_1	0	0	0
LOC105370730	0	0	0
LOC107984793	0	0	0
MIR4508_1	0	0	0
MKRN3_1	0	0	0
MAGEL2_1	0	0	0
NDN_1	0	0	0
LOC107984787_1	0	0	0
PWRN4_1	0	0	0
LOC105370732_1	0	0	0
PWRN2_1	0	0	0
PWRN1_1	0	0	0
LOC102723749_1	0	0	0
LOC102725165_1	0	0	0
PWRN3_1	0	0	0
GOLGA8J_2	0	0	0
ULK4P3_2	0	0	0
LOC124900566	0	0	0
GOLGA8K_1	0	0	0
LOC112268159_1	0	0	0
LOC105376709_1	0	0	0
LOC107984151	0	0	0
CHRNA7_2	0	0	0
ARHGAP11B_2	1	0	1
ARHGAP11B-DT_2	0	0	0
GOLGA8H_2	0	0	0
ULK4P1_2	0	0	0
LOC124900356_1	0	0	0
GOLGA8O_1	0	0	0
LOC124905406	0	0	0
LOC100653133_1	0	0	0
WHAMMP1_2	2	0	2
LINC02256_2	0	0	0
ARHGAP11A-DT_2	3	0	3
GOLGA8N_2	7	2	5
ARHGAP11A_2	37	0	37
ARHGAP11A-SCG5_2	0	0	0
SCG5_2	0	0	0
SCG5-AS1_2	0	0	0
LOC105370756_1	0	0	0
GREM1_2	0	0	0
GREM1-AS1_2	0	0	0
FMN1_2	0	0	0
SLC12A6_1	0	0	0
NOP10_1	0	0	0
NUTM1_1	0	0	0
LPCAT4_1	2	0	2
GOLGA8A_1	235	0	235
ISLR_1	0	0	0
STRA6_1	0	0	0
CCDC33_1	0	0	0
LOC105370893_1	0	0	0
CYP11A1_1	0	0	0
PPIAP46_1	0	0	0
LINC02255_1	0	0	0
SEMA7A_1	0	0	0
MIR6881_1	0	0	0
UBL7_1	0	0	0
UBL7-DT_1	0	0	0
LOC101929333_1	0	0	0
LOC124900366_1	0	0	0
SH3GL3_1	0	0	0
ADAMTSL3_1	0	0	0
LOC105370935_1	0	0	0
EFL1P1_1	0	0	0
DNM1P41_1	0	0	0
LOC124903544_1	0	0	0
UBE2Q2P16_1	0	0	0
LOC440300_1	0	0	0
GOLGA2P7_1	0	0	0
LOC105376724_1	0	0	0
GOLGA6L4_1	0	0	0
LOC105376722_1	0	0	0
LOC124905605	2	0	2
LOC103171574_1	0	0	0
LOC102724117_1	0	0	0
LOC102724135_1	8	0	8
LOC105370946_1	0	0	0
GOLGA6L5P_1	0	0	0
GOLGA6L3P_1	0	0	0
UBE2Q2P1_1	0	0	0
LINC00933_1	0	0	0
LOC105370947_1	0	0	0
ZSCAN2_1	0	0	0
SCAND2P_1	0	0	0
WDR73_1	0	0	0
NMB_1	0	0	0
FAM138E_1	0	0	0
MIR1302-10_1	0	0	0
WASH3P_1	0	0	0
MIR6859-3_1	1	0	1
DDX11L9_1	0	0	0
LOC102723897	2	0	2
LOC124905473	0	0	0
MSRB1_1	0	0	0
RPL3L_1	0	0	0
NDUFB10_1	0	0	0
RPS2_1	0	0	0
SNORA10_1	0	0	0
SNORA64_1	0	0	0
SNHG9_1	0	0	0
SNORA78_1	0	0	0
RNF151_1	0	0	0
TBL3_1	0	0	0
NOXO1_1	0	0	0
GFER_1	0	0	0
SYNGR3_1	0	0	0
ZNF598_1	112	0	112
NPW_1	0	0	0
PRSS21_1	0	0	0
ZG16B_1	0	0	0
PRSS30P_1	0	0	0
PRSS22_1	0	0	0
LOC101929566_1	0	0	0
XYLT1_1	0	0	0
LOC102723692_1	0	0	0
LOC124903654_1	0	0	0
LOC107987234_1	0	0	0
LDAF1_1	0	0	0
ZP2_1	0	0	0
LOC105371123_1	0	0	0
ANKS4B_1	0	0	0
CRYM_1	0	0	0
LOC105371125_1	0	0	0
ABCA15P_1	0	0	0
SNX29P1_1	0	0	0
NPIPB3_1	14	0	14
LOC100190986_1	1	0	1
SMG1P3_1	11	2	9
LOC124903800_1	0	0	0
MIR3680-2_1	0	0	0
LOC105371132	0	0	0
LOC124900576	0	0	0
LOC105371131_1	0	0	0
NPIPB5_1	0	0	0
SMG1P1_1	0	0	0
LOC124905420	0	0	0
RRN3P3_1	0	0	0
SLC68A2P_1	0	0	0
CDR2-DT_1	0	0	0
CDR2_1	53	0	53
POLR3E_1	1	0	1
TRL-AAG2-4_1	0	0	0
EEF2K_1	76	0	76
TRL-TAG3-1_1	0	0	0
SDR42E2_1	0	0	0
VWA3A_1	0	0	0
LOC105371129_1	0	0	0
MOSMO_1	0	0	0
PDZD9_1	0	0	0
UQCRC2_1	3	0	3
LOC124903801_1	0	0	0
NPIPB4_1	0	0	0
LOC112268174_1	0	2	0
RRN3P1_1	2	0	2
LOC105371126_1	0	0	0
OTOA_1	0	0	0
METTL9_1	0	0	0
IGSF6_1	0	0	0
LOC101927814_1	0	0	0
LOC124900577	0	0	0
SLC7A5P2_1	0	0	0
SMG1P2_1	5	0	5
MIR3680-1_1	0	0	0
SMG1P6_1	0	0	0
LOC124905419	0	0	0
NPIPB11_1	31	0	31
LOC128966723	0	0	0
LOC100505915_1	1	1	0
OTOAP1_1	0	0	0
LOC112268175_1	0	0	0
LINC02890_1	0	0	0
LOC112268374	0	0	0
TNRC6A_1	0	0	0
SLC5A11_1	0	0	0
ARHGAP17_1	0	0	0
HYDIN_1	0	0	0
LOC107987474	0	0	0
CMTR2_1	2	0	4
LOC102723786_1	0	2	0
LOC102725168_1	0	0	0
CALB2_1	0	0	0
LOC105371332_1	0	0	0
ZFP1_1	0	0	0
CTRB2_1	0	0	0
CTRB1_1	0	0	0
LOC100506281_1	3	4	0
BCAR1_1	175	0	176
CMC2_1	0	0	0
CENPN_1	0	0	0
CENPN-AS1_1	0	0	0
ATMIN_1	0	0	0
C16orf46_1	0	0	0
C16orf46-AS1_1	0	0	0
GCSH_1	0	0	0
PKD1L2_1	2	0	2
BCO1_1	0	0	0
LOC105371430_1	0	0	0
LIAT1_1	0	0	0
RFLNB_1	0	0	0
VPS53_1	0	0	0
VPS53-AS1_1	0	0	0
CTDNEP1_1	0	0	0
ELP5_1	0	0	0
CLDN7_1	0	0	0
SLC2A4_1	0	0	0
YBX2_1	0	0	0
EIF5A_1	0	0	0
GPS2_1	0	0	0
NEURL4_1	0	0	0
ACAP1_1	0	0	0
KCTD11_1	0	0	0
TMEM95_1	0	0	0
TNK1_1	0	0	0
TMEM256-PLSCR3_1	0	0	0
PLSCR3_1	0	0	0
TMEM256_1	0	0	0
NLGN2_1	0	0	0
SPEM1_1	0	0	0
SPEM2_1	0	0	0
SPEM3_1	0	0	0
TMEM102_1	0	0	0
FGF11_1	0	0	0
CHRNB1_1	0	0	0
ZBTB4_1	0	0	0
SLC35G6_1	0	0	0
POLR2A_1	15	0	15
LLGL1_1	0	0	0
FLII_1	0	0	0
MIEF2_1	0	0	0
TOP3A_1	0	0	0
SMCR8_1	0	0	0
SHMT1_1	0	0	0
MIR6778_1	0	0	0
LOC124905415	0	0	0
EVPLL_1	0	0	0
LINC02076_1	0	0	0
KRT17P5_1	0	0	0
KRT17P2_1	0	0	0
LOC105371570_1	0	0	0
KRT16P1_1	0	0	0
LOC105371569_1	0	0	0
LGALS9C_1	0	0	0
ADAP2_1	0	0	0
RNF135_1	0	0	0
DPRXP4_1	0	0	0
LOC107984974_1	0	0	0
LOC646030_1	0	0	0
MIR4733HG_1	0	0	0
MIR4733_1	0	0	0
NF1_1	51	0	51
LOC101927057_1	0	0	0
OMG_1	0	0	0
EVI2B_1	0	0	0
EVI2A_1	0	0	0
RAB11FIP4_1	0	0	0
KRTAP2-2_1	0	0	0
KRTAP2-3_1	0	0	0
KRTAP2-4_1	0	0	0
KRTAP4-7_1	0	0	0
KRTAP4-8_1	0	0	0
KRTAP4-16_1	0	0	0
KRTAP4-9_1	0	0	0
KRTAP4-11_1	0	0	0
KRTAP4-12_1	0	0	0
KRTAP4-6_1	0	0	0
KRTAP4-5_1	0	0	0
KRTAP4-4_1	0	0	0
KRTAP4-3_1	0	0	0
KRTAP4-2_1	0	0	0
KRTAP4-1_1	0	0	0
KRTAP9-1_1	0	0	0
KRTAP9-2_1	0	0	0
KRTAP9-3_1	0	0	0
KRTAP9-8_1	0	0	0
KRTAP9-4_1	0	0	0
KRTAP9-9_1	0	0	0
KRTAP9-7_1	0	0	0
KRTAP29-1_1	0	0	0
KRTAP16-1_1	0	0	0
KRTAP17-1_1	0	0	0
KRT33A_1	0	0	0
LOC105371778_1	0	0	0
KRT33B_1	0	0	0
KRT34_1	0	0	0
KRT31_1	0	0	0
LOC100505782_1	0	0	0
KRT37_1	0	0	0
LINC01982_1	0	0	0
GPRC5C_1	0	0	0
CD300A_1	0	0	0
LOC107985074_1	0	0	0
CD300LB_1	0	0	0
CD300C_1	0	0	0
CD300H_1	0	0	0
CD300LD_1	0	0	0
CD300LD-AS1_1	0	0	0
LOC124905606	1	0	1
TBC1D16_1	0	0	0
CCDC40_1	0	0	0
LOC124904074_1	0	0	0
MIR1268B_1	0	0	0
GAA_1	0	0	0
EIF4A3_1	0	0	0
CARD14_1	0	1	0
LOC124905607	1	0	2
SGSH_1	0	0	0
RENO1_1	0	0	0
LINC03048_1	0	0	0
BAHCC1_1	63	0	94
MIR4740_1	0	0	0
MIR3186_1	1	1	0
LOC105371926	0	31	0
LINC01971_1	0	0	0
ACTG1_1	0	0	0
FSCN2_1	0	0	0
LOC105376789_1	0	0	0
GCGR_1	0	0	0
MCRIP1_1	0	0	0
PPP1R27_1	0	0	0
LOC101930496_1	1	0	1
LOC101929650_1	0	0	0
LOC105371948_1	0	0	0
LOC100505909_1	0	0	0
RPL23AP87_1	0	0	0
LOC105371959_1	0	0	0
LOC124905450	0	0	0
CTAGE1_1	0	0	0
LOC124904260_1	0	0	0
LOC124904265_1	0	0	0
SLC14A2-AS1_1	0	0	0
LOC112268408	0	0	0
CTIF_1	0	0	0
MIR4743_1	0	0	0
LOC105372107_1	0	0	0
LOC107985147_1	0	0	0
LOC105372106_1	0	0	0
CTIF-AS1_1	0	0	0
LOC124904355_1	0	0	0
LOC107985185	0	0	0
LOC105376872_1	0	0	0
GARRE1_1	0	0	0
GPI_1	368	0	368
PDCD2L_1	0	0	0
UBA2_1	0	0	0
WTIP_1	0	0	0
ZNF807P_1	0	0	0
LOC124905609	0	0	0
NRTN_1	0	0	0
FUT6_1	0	0	0
FUT3_1	0	0	0
LOC101928844_1	0	0	0
FUT5_1	0	0	0
NDUFA11_1	0	0	0
VMAC_1	0	0	0
CAPS_1	0	0	0
ZNF558_1	0	0	0
MBD3L1_1	0	0	0
MUC16_1	318	0	318
ZSWIM4_1	0	0	0
LOC107985334_1	0	0	0
MIR23AHG_1	0	0	0
MIR24-2_1	0	0	0
MIR27A_1	0	0	0
MIR23A_1	0	0	0
NANOS3_1	0	0	0
MIR181C_1	0	0	0
MIR181D_1	0	0	0
BRME1_1	0	0	0
CC2D1A_1	0	0	0
PODNL1_1	0	0	0
DCAF15_1	0	0	0
RFX1_1	0	0	0
RLN3_1	0	0	0
IL27RA_1	0	0	0
PALM3_1	0	0	0
MISP3_1	0	0	0
MIR1199_1	0	0	0
C19orf67_1	0	0	0
SAMD1_1	62	4	58
PRKACA_1	0	0	0
SMIM46_1	0	0	0
ASF1B_1	0	0	0
ADGRL1-AS1_1	0	0	0
ADGRL1_1	0	0	0
MAP4K1_1	0	0	0
MAP4K1-AS1_1	0	0	0
EIF3K_1	0	0	0
ACTN4_1	0	0	0
LOC107985291_1	0	0	0
CAPN12_1	0	0	0
LOC124904711_1	0	0	0
LGALS7_1	0	0	0
LGALS7B_1	0	0	0
LGALS4_1	1	0	1
ECH1_1	0	0	0
LOC124904712_1	0	0	0
HNRNPL_1	1	0	1
RINL_1	0	0	0
SIRT2_1	0	0	0
NFKBIB_1	0	0	0
CCER2_1	2	0	2
SARS2_1	0	0	0
MRPS12_1	0	0	0
FBXO17_1	0	0	0
LOC124904717_1	0	0	0
IFNL3_1	0	0	0
IFNL4_1	0	0	0
IFNL2_1	0	0	0
IFNL1_1	0	0	0
LRFN1_1	0	0	0
GMFG_1	0	0	0
SAMD4B_1	0	0	0
LEUTX_1	0	0	0
DYRK1B_1	0	0	0
MIR6719_1	0	0	0
FBL_1	0	0	0
FCGBP_1	2	0	2
LOC124904720_1	0	0	0
PSMC4_1	0	0	0
ZNF546_1	0	0	0
ZNF780B_1	0	0	0
ZNF780A_1	0	0	0
LILRP2_1	0	0	0
KIR3DL3_1	0	0	0
KIR2DL3_1	0	0	0
LOC101928804_1	0	0	0
KIR2DL1_1	0	0	0
KIR2DL4_1	0	0	0
KIR3DL1_1	0	0	0
KIR2DS4_1	0	0	0
KIR3DL2_1	0	0	0
LILRP2_2	0	0	0
KIR3DL3_2	0	0	0
KIR2DL3_2	0	0	0
LOC101928804_2	0	0	0
KIR2DL1_2	0	0	0
KIR2DL4_2	0	0	0
KIR3DL1_2	0	0	0
KIR2DS4_2	0	0	0
KIR3DL2_2	0	0	0
LILRP2_3	0	0	0
KIR3DL3_3	0	0	0
KIR2DL3_3	0	0	0
LOC101928804_3	0	0	0
KIR2DL1_3	0	0	0
KIR2DL4_3	0	0	0
KIR3DL1_3	0	0	0
KIR2DS4_3	0	0	0
KIR3DL2_3	0	0	0
LILRP2_4	0	0	0
KIR3DL3_4	0	0	0
KIR2DL3_4	0	0	0
LOC101928804_4	0	0	0
KIR2DL1_4	0	0	0
LOC112268354	0	0	0
LOC112268355	0	0	0
KIR2DL5B	0	0	0
KIR2DS3	0	0	0
LOC112267881	0	0	0
LOC124900568	0	0	0
KIR3DS1	0	0	0
LOC124900569	0	0	0
KIR2DS5	0	0	0
KIR2DS1	0	0	0
KIR3DL2_4	0	0	0
LILRP2_5	0	0	0
KIR3DL3_5	0	0	0
KIR2DL3_5	0	0	0
LOC101928804_5	0	0	0
KIR2DL1_5	0	0	0
KIR2DL4_4	0	0	0
KIR2DL5A	0	0	0
LOC128966550	0	0	0
KIR2DS1_1	0	0	0
KIR3DL2_5	0	0	0
FCAR_1	0	0	0
NCR1_1	0	0	0
LILRP2_6	0	0	0
KIR3DL3_6	0	0	0
KIR2DL3_6	0	0	0
LOC101928804_6	0	0	0
KIR2DL1_6	0	0	0
KIR2DL4_5	0	0	0
KIR3DL1_4	0	0	0
KIR2DS4_4	0	0	0
KIR3DL2_6	0	0	0
LILRP2_7	0	0	0
KIR3DL3_7	0	0	0
LOC124900570	0	0	0
LOC101928804_7	0	0	0
KIR2DL1_7	0	0	0
KIR2DL4_6	0	0	0
KIR3DL1_5	0	0	0
KIR2DS4_5	0	0	0
KIR3DL2_7	0	0	0
LILRP2_8	0	0	0
KIR3DL3_8	0	0	0
KIR2DL3_7	0	0	0
LOC101928804_8	0	0	0
KIR2DL1_8	0	0	0
KIR2DL4_7	0	0	0
KIR3DL1_6	0	0	0
KIR2DS4_6	0	0	0
KIR3DL2_8	0	0	0
LILRP2_9	0	0	0
KIR3DL3_9	0	0	0
KIR2DL3_8	0	0	0
LOC101928804_9	0	0	0
LOC124900571	0	0	0
KIR3DL2_9	0	0	0
LILRP2_10	0	0	0
KIR3DL3_10	0	0	0
KIR2DL3_9	0	0	0
LOC101928804_10	0	0	0
KIR2DL1_9	0	0	0
KIR2DL4_8	0	0	0
KIR3DL1_7	0	0	0
KIR2DS4_7	0	0	0
KIR3DL2_10	0	0	0
LILRP2_11	0	0	0
LOC124900573	0	0	0
KIR2DL2	0	0	0
LOC101928804_11	0	0	0
KIR2DL4_9	0	0	0
LOC124900572	0	0	0
LOC102725023	0	0	0
KIR2DS1_2	0	0	0
KIR3DL2_11	0	0	0
LILRP2_12	0	0	0
KIR3DL3_11	0	0	0
KIR2DL3_10	0	0	0
LOC101928804_12	0	0	0
LOC112268362	0	0	0
LOC124900630	0	0	0
LILRP2_13	0	0	0
KIR3DL3_12	0	0	0
KIR2DL3_11	0	0	0
LOC101928804_13	0	0	0
LOC128966555	0	0	0
KIR2DL4_10	0	0	0
KIR3DL1_8	0	0	0
KIR2DS4_8	0	0	0
KIR3DL2_12	0	0	0
LILRP2_14	0	0	0
KIR3DL3_13	0	0	0
LOC128966722	0	0	0
KIR2DL4_11	0	0	0
KIR3DL1_9	0	0	0
KIR2DS4_9	0	0	0
KIR3DL2_13	0	0	0
NCR1_2	0	0	0
FCAR_2	0	0	0
KIR3DL2_14	0	0	0
KIR2DS1_3	0	0	0
LOC128966554	0	0	0
LOC124900574	0	0	0
KIR2DS2	0	0	0
KIR3DL3_14	0	0	0
NDUFAF5_1	0	0	0
SEL1L2_1	0	0	0
MACROD2_1	0	0	0
MROH8_1	0	0	0
RPN2_1	0	0	0
GHRH_1	0	0	0
MANBAL_1	0	0	0
LOC105372606_1	0	0	0
SRC_1	0	0	0
LOC124905537	0	0	0
LOC124905534	0	0	0
LOC102723360_1	2	0	2
LOC124905538	2	2	0
LOC124905532	0	0	0
LOC124905533	0	0	0
MIR6724-3_1	0	0	0
RNA45SN3_1	0	0	0
RNA18SN3_1	0	0	0
RNA5-8SN3_1	0	0	0
RNA28SN3_1	0	0	0
CDC27P10_1	0	0	0
MIR6724-4_1	0	0	0
RNA45SN1_1	0	0	0
MIR10396B_1	0	0	0
RNA18SN1_1	0	0	0
RNA5-8SN1_1	0	0	0
RNA28SN1_1	0	0	0
LOC105379507	0	0	0
LOC124905004_1	0	0	0
LTN1_1	0	0	0
LOC105372766_1	0	0	0
RWDD2B_1	0	0	0
LOC124905005_1	0	0	0
USP16_1	0	0	0
CCT8_1	0	0	0
MAP3K7CL_1	0	0	0
LOC105372767_1	0	0	0
LOC124905065_1	0	0	0
LINC00189_1	0	0	0
PCP4_1	0	0	0
DSCAM_1	0	0	0
MIR4760_1	0	0	0
DSCAM-AS1_1	0	0	0
LOC105369294_1	0	0	0
LOC124900473_1	0	0	0
DSCAM-IT1_1	0	0	0
BNAT1_1	0	0	0
COL18A1_1	0	0	0
COL18A1-AS2_1	0	0	0
COL18A1-AS1_1	0	0	0
LOC124905042_1	0	0	0
MIR6815_1	0	0	0
SLC19A1_1	0	0	0
LOC124905540	0	0	0
LOC124905539	0	0	0
LOC124905542	2	0	2
LOC124905543	0	0	0
LOC124905544	0	0	0
LOC124905545	4	0	4
LOC124905548	0	0	0
LOC124905547	0	0	0
LOC124905169_1	0	0	0
NDUFA6_1	77	0	77
NDUFA6-DT_1	1	0	1
CYP2D7_1	0	0	0
TCF20_1	0	0	0
LOC124900628	0	0	0
CYP2D7_2	0	0	0
TCF20_2	0	0	0
NDUFA6-DT_2	0	0	0
CYP2D6_1	0	0	0
LOC107987479	0	0	0
LOC107987478	0	0	0
LOC112268342	0	0	0
CYP2D7_3	0	0	0
TCF20_3	0	0	0
NDUFA6-DT_3	0	0	0
CYP2D6_2	0	0	0
LOC101929829	0	0	0
LOC107987464	0	0	0
CYP2D7_4	0	0	0
TCF20_4	0	0	0
NDUFA6-DT_4	0	0	0
CYP2D6_3	0	0	0
LOC102723722	0	0	0
CYP2D7_5	0	0	0
TCF20_5	0	0	0
SHANK3_1	11	0	11
LOC105373100_1	0	0	0
ACR_1	0	0	0
TIMM17B_1	0	0	0
PQBP1_1	0	0	0
SLC35A2_1	0	0	0
PIM2_1	0	0	0
OTUD5_1	0	0	0
KCND1_1	0	0	0
GRIPAP1_1	0	0	0
TFE3_1	0	0	0
CCDC120_1	51	0	51
PRAF2_1	0	0	0
WDR45_1	0	0	0
GPKOW_1	0	0	0
LOC105373195_1	0	0	0
MAGIX_1	0	0	0
CCNB3_1	0	0	0
TCEAL2_1	0	0	0
TCEAL6_1	0	0	0
LOC105373299_1	0	0	0
BEX5_1	0	0	0
STEEP1_1	0	0	0
UBE2A_1	0	0	0
NKRF_1	23	0	23
SEPTIN6_1	0	0	0
MIR766_1	0	0	0
MCTS1_1	0	0	0
C1GALT1C1_1	0	0	0
CT47B1_1	0	0	0
CT47A11_1	0	0	0
CT47A5_1	0	0	0
CT47A4_1	0	0	0
CT47A3_1	0	0	0
CT47A2_1	0	0	0
CT47A1_1	0	0	0
GLUD2_1	0	0	0
SPANXN2_1	0	0	0
UBE2NL_1	0	0	0
MIR105-1_1	0	0	0
MIR767_1	0	0	0
MIR105-2_1	0	0	0
LOC124905610	1	0	1
GABRQ_1	0	0	0
MAGEA6_1	441	0	441
CSAG3_1	0	0	0
MAGEA2_1	0	0	0
CSAG4_1	9	0	9
MAGEA12_1	18	0	18
CSAG1_1	529	0	529
MAGEA2B_1	0	0	0
CSAG2_1	2	0	2
MAGEA3_1	4	0	4
LOC124905611	0	0	0
CETN2_1	0	0	0
NSDHL_1	0	0	0
ZNF185_1	0	0	0
LOC105373372_1	0	0	0
PNMA5_1	0	0	0
LOC105379264_1	0	0	0
LOC105379265_1	0	0	0
LOC105379266_1	0	0	0
LOC105379267_1	0	0	0
RBMY1A3P_1	0	0	0
TTTY20_1	0	0	0
TSPY4_1	0	0	0
FAM197Y8_1	0	0	0
TSPY8_1	0	0	0
FAM197Y7_1	0	0	0
FAM197Y6_1	0	0	0
TSPY3_1	0	0	0
LOC124905645	0	0	0
LOC124909293	0	0	0
LOC124905646	0	0	0
TSPY2_1	0	0	0
LOC124905637	0	0	0
LOC124905624	0	0	0
LOC124905634	0	0	0
LOC124905626	0	0	0
FAM197Y9_1	0	0	0
LOC124905625	0	0	0
LOC124905639	0	0	0
LOC124908978	0	0	0
LOC124905638	0	0	0
LOC124905628	0	0	0
LOC124905649	0	0	0
LOC124905613	0	0	0
LOC124905640	0	0	0
LOC124905629	0	0	0
LOC124905635	0	0	0
LOC124905622	0	0	0
LOC124905644	0	0	0
LOC124905614	0	0	0
LOC124905647	0	0	0
TSPY9_1	0	0	0
LOC124905633	0	0	0
LOC124905618	0	0	0
LOC124905642	0	0	0
LOC128966655	0	0	0
LOC124905650	0	0	0
LOC128966595	0	0	0
LOC124905641	0	0	0
LOC124905627	0	0	0
LOC124905636	0	0	0
LOC124905619	0	0	0
LOC124905631	0	0	0
LOC124908980	0	0	0
LOC124905643	0	0	0
LOC124909294	0	0	0
LOC124905648	0	0	0
LOC124905623	0	0	0
FAM197Y5_1	0	0	0
TSPY1_1	0	0	0
FAM197Y4_1	0	0	0
LOC124909015	0	0	0
FAM197Y3_1	0	0	0
FAM197Y2_1	0	0	0
TSPY10_1	0	0	0
RBMY3AP_1	0	0	0
TTTY13_1	0	0	0
LOC105369226	0	0	0
PLCH2_1	0	0	0
PANK4_1	0	0	0
HES5_1	0	0	0
TNFRSF14-AS1_1	0	0	0
TNFRSF14_1	0	0	0
LOC100996583_1	0	0	0
PRXL2B_1	0	0	0
MMEL1_1	0	0	0
MMEL1-AS1_1	0	0	0
TTC34_1	1	0	1
LOC105378602_1	0	0	0
LOC105378601_1	0	0	0
LOC112268220_1	0	0	0
LOC107985732_1	0	0	0
LOC105378600_1	0	0	0
LOC105378598_1	0	0	0
LOC107984904_1	0	0	0
LOC105378599_1	0	0	0
PRAMEF34P_3	0	0	0
HNRNPCL2_3	0	0	0
PRAMEF36P_3	0	0	0
PRAMEF26_3	0	0	0
PRAMEF9_3	0	0	0
HNRNPCL4_3	0	0	0
PRAMEF13_2	0	0	0
PRAMEF18_3	0	0	0
PRAMEF5_3	0	0	0
PRAMEF8_3	0	0	0
PRAMEF33_3	0	0	0
LOC107987405	0	0	0
RNVU1-26_1	0	0	0
RNVU1-2A_1	0	0	0
LOC105379574_1	0	0	0
RNVU1-28_2	0	0	0
TRN-GTT2-8_1	0	0	0
PPIAL4F_1	0	0	0
LINC01632_1	0	0	0
LOC105371215_1	0	0	0
KMT2CP1_1	0	0	0
INTS3_1	0	0	0
LOC124904820_1	0	0	0
SLC27A3_1	0	0	0
LOC124904426_1	0	0	0
LOC343052_1	0	0	0
LOC124904425_1	0	0	0
GATAD2B_1	0	0	0
MTX1_1	0	0	0
GBA1LP_1	8	0	8
GBA1_1	0	0	0
ENTREP3_1	0	0	0
SCAMP3_1	0	0	0
CLK2_1	0	0	0
HCN3_1	0	0	0
PKLR_1	0	0	0
LOC105371677_1	0	0	0
ATP6V1G3_1	0	0	0
PTPRC_1	0	0	0
PTPRC-AS1_1	0	0	0
LOC100132287_1	0	0	0
LINC01347_1	0	0	0
LOC124904568_1	0	0	0
CEP170_1	0	0	0
SDCCAG8_1	0	0	0
MIR4677_1	0	0	0
AKT3_1	0	0	0
AKT3-IT1_1	0	0	0
KIF26B_1	0	0	0
LOC105373265_1	0	0	0
OR2T4_2	0	0	0
OR2T6_2	0	0	0
OR2T1_2	0	0	0
OR2T7_2	0	0	0
OR2T2_2	0	0	0
LOC105373279_2	0	0	0
OR2T3_2	0	0	0
OR2T5_2	0	0	0
OR2G6_2	0	0	0
LINC01115_1	0	0	0
SNTG2_1	0	0	0
SNTG2_2	0	0	0
TPO_1	0	0	0
LALTOP_1	0	0	0
TRAPPC12_1	2	0	2
TRAPPC12-AS1_1	0	0	0
LOC112268321_1	0	0	0
ADI1_1	0	0	0
CRIM1_1	0	0	0
CRIM1-DT_1	0	0	0
LOC102724983	26	0	26
LINC03124_1	0	0	0
CDRT15P3_1	0	0	0
KIF5C_1	0	0	0
NOSTRIN_1	0	2	2
SPC25_1	20	2	22
G6PC2_1	0	0	0
ABCB11_1	0	0	0
GAL3ST2_1	0	0	0
LOC124905349_1	0	0	0
NEU4_1	0	0	0
LOC124905350_1	0	0	0
PDCD1_1	0	0	0
LOC105373977_1	0	0	0
RTP5_1	0	0	0
LOC105373978_1	0	0	0
LINC01237_1	0	0	0
FAM240C_1	0	0	0
LINC01237_2	0	0	0
LINC01238_1	0	0	0
LOC285097_1	0	0	0
LOC105373980_1	0	0	0
LINC01880_1	0	0	0
LINC03100_1	0	0	0
LINC01881_1	0	0	0
TAMM41_1	0	0	0
LOC101927829_1	0	0	0
LOC105379578	0	0	0
LOC105374312_1	0	0	0
MIR548I1_1	0	0	0
LOC124905353	0	0	0
LINC02614_1	0	0	0
LOC105374157_1	0	0	0
LINC02066_1	0	0	0
AADACL2_1	0	0	0
AADACL2-AS1_1	0	0	0
DHX36_1	0	0	0
ARHGEF26_1	0	0	0
LOC105374167_1	0	0	0
LOC107987407	0	0	0
LINC01839_1	0	0	0
LINC02054_1	0	0	0
LOC124905351	0	0	0
LOC105374297_1	0	0	0
SDHAP2_1	0	0	0
MIR570HG_1	0	0	0
MIR570_1	0	0	0
MUC20_1	0	0	0
MUC4_1	0	0	0
LOC124905352_1	0	0	0
BDH1_1	0	0	0
LINC02012_1	0	0	0
LOC105374309_1	0	0	0
LOC105379576	0	0	0
LOC105374308_1	0	0	0
FAM157A_1	0	0	0
LOC124905354_1	0	0	0
ANKRD18DP_1	0	0	0
KCNIP4_1	0	0	0
LOC105374516_1	0	0	0
LOC107986270_1	0	0	0
LOC107986271_1	0	0	0
LOC105378262_1	0	0	0
YTHDC1_1	0	0	0
TMPRSS11E_1	0	0	0
UGT2B15_1	0	0	0
UGT2B10_1	0	0	0
LOC124900853_1	0	0	0
UGT2A3_1	0	0	0
LOC101929773	0	0	0
MAD2L1-DT_1	0	0	0
ASIC5_1	0	0	0
LOC105377507_1	0	0	0
TDO2_1	0	0	0
CTSO_1	0	0	0
LOC105379580	0	0	0
LOC105377608_1	0	0	0
LOC105377609_1	0	0	0
LINC01060_1	0	0	0
LOC105377616_1	0	0	0
FRG1-DT_3	0	0	0
LOC105377619_1	0	0	0
LINC01596_1	0	0	0
CEP72_1	0	0	0
CEP72-DT_1	0	0	0
LOC105374608_1	0	0	0
LOC105374607_1	0	0	0
LOC105374606_1	0	0	0
MIR4456_1	0	0	0
SLC9A3_1	0	0	0
LINC02982_1	0	0	0
NKD2_1	0	0	0
SLC12A7_1	48	0	48
MIR4635_1	0	0	0
LOC107986396_1	0	0	0
LPCAT1_1	1	0	1
SLC6A3_1	0	0	0
LINC01511_1	0	0	0
CLPTM1L_1	14	0	14
LOC105374657_1	0	0	0
LOC101929645_1	0	0	0
LOC105374699_1	0	0	0
LINC02109_1	0	0	0
ADAMTS12_1	0	0	0
RXFP3_1	0	0	0
SLC45A2_1	0	0	0
KGD4_1	0	0	0
CDK7_1	8	0	8
CCDC125_1	12	0	12
AK6_2	0	0	0
TAF9_2	0	0	0
RAD17_2	0	0	0
MARVELD2_2	0	0	0
LOC101928924_2	0	0	0
OCLN_2	0	0	0
SNORD13B-1_2	0	0	0
GTF2H2C_2	0	0	0
NAIP_2	0	0	0
LOC112267942_1	0	0	0
SMN1_2	0	0	0
SMN1-AS1_1	0	0	0
SERF1A_2	0	0	0
LOC128966712	0	0	0
LOC112268327	0	0	0
GUSBP14_1	0	0	0
LOC101929599_2	0	0	0
GUSBP3_2	0	0	0
GUSBP1_2	0	0	0
LOC107987419	0	0	0
LOC107986355_1	0	0	0
GUSBP16_2	0	0	0
GUSBP19_2	0	0	0
GTF2H2C_2_1	0	0	0
OCLNP1_1	0	0	0
SNORD13B-2_1	0	0	0
LINC02197_2	0	0	0
LOC105379025_2	0	0	0
PMCHL2_1	0	0	0
LOC107987420_2	0	0	0
BDP1_2	0	0	0
LOC124900999_2	0	0	0
MCCC2_2	0	0	0
LOC105379085_1	0	0	0
LOC101927421_1	0	0	0
LOC105377697_1	0	0	0
LOC105377753_1	0	0	0
LOC728554_1	0	0	0
LOC100128340_1	0	0	0
PROP1_1	0	0	0
TRV-AAC6-1_1	0	0	0
TRR-CCG1-1_1	0	0	0
TRK-TTT7-1_1	0	0	0
TRA-TGC6-1_1	0	0	0
TRF-GAA6-1_1	0	0	0
TRF-GAA5-1_1	0	0	0
TRA-TGC1-1_1	0	0	0
TRF-GAA1-1_1	0	0	0
TRA-AGC1-1_1	0	0	0
TRA-TGC7-1_1	0	0	0
TRF-GAA3-1_1	0	0	0
TRA-AGC6-1_1	0	0	0
TRA-TGC5-1_1	0	0	0
TRF-GAA4-1_1	0	0	0
TRA-AGC2-1_1	0	0	0
LINC01623_1	0	0	0
TRA-AGC2-2_1	0	0	0
TRR-CCG1-2_1	0	0	0
TRL-CAA1-1_1	0	0	0
HCG14_1	0	0	0
TRIM27_1	0	0	0
TRF-GAA1-2_1	0	0	0
TRE-CTC1-6_1	0	0	0
HCG15_1	0	0	0
TRL-AAG3-1_1	0	0	0
ZNF311_1	0	0	0
LOC105375002_1	0	0	0
OR2W1_1	0	0	0
OR2B3_1	0	0	0
OR2J1_1	0	0	0
OR2J3_1	0	0	0
OR2J2_1	0	0	0
LINC03003_1	0	0	0
OR14J1_1	0	0	0
OR11A1_1	0	0	0
OR10C1_1	0	0	0
LOC105379641_1	0	0	0
OR2H1_1	0	0	0
LOC105375008_1	0	0	0
LOC124905338	0	0	0
MAS1L_1	0	0	0
LINC02829_1	0	0	0
LINC01015_1	0	0	0
OR2I1_1	0	0	0
UBD_1	0	0	0
SNORD32B_1	0	0	0
OR2H2_1	0	0	0
GABBR1_1	0	0	0
MOG_1	0	0	0
ZFP57_1	0	0	0
HCG4_1	0	0	0
HLA-V_1	0	0	0
HLA-G_1	0	0	0
LOC105375010_1	0	0	0
HCP5B_1	0	0	0
LOC124905339	0	0	0
HLA-H_1	0	0	0
LOC124905340	0	0	0
HCG4B_1	0	0	0
LOC124901298_1	0	0	0
HLA-A_1	0	0	0
POLR1HASP_1	0	0	0
HLA-J_1	0	0	0
POLR1H_1	0	0	0
PPP1R11_1	0	0	0
RNF39_1	0	0	0
TRIM31_1	0	0	0
TRIM31-AS1_1	0	0	0
LOC124900227_1	0	0	0
TRIM40_1	0	0	0
TRIM10_1	0	0	0
TRIM15_1	0	0	0
TRIM26_1	0	0	0
HCG17_1	0	0	0
HCG18_1	0	0	0
TRIM39_1	0	0	0
TRIM39-RPP21_1	0	0	0
RPP21_1	0	0	0
LINC02569_1	0	0	0
GNL1_1	0	0	0
DHX16_1	0	0	0
PPP1R18_1	0	0	0
NRM_1	0	0	0
MDC1_1	0	0	0
MDC1-AS1_1	0	0	0
TUBB_1	0	0	0
FLOT1_1	0	0	0
DDR1_1	0	0	0
MUC21_1	0	0	0
MUC22_1	0	0	0
HCG22_1	0	0	0
MICB-DT_1	0	0	0
MICB_1	0	0	0
MCCD1_1	0	0	0
ATP6V1G2-DDX39B_1	0	0	0
DDX39B_1	0	0	0
SNORD117_1	0	0	0
TNF_1	0	0	0
LTB_1	0	0	0
LST1_1	0	0	0
NCR3_1	0	0	0
MSH5-SAPCD1_1	0	0	0
MSH5_1	0	0	0
SAPCD1_1	0	0	0
SAPCD1-AS1_1	0	0	0
VWA7_1	0	0	0
VARS1_1	0	0	0
LSM2_1	0	0	0
HSPA1L_1	0	0	0
HSPA1A_1	0	0	0
HSPA1B_1	0	0	0
SNHG32_1	1	0	1
SNORD48_1	0	0	0
SNORD52_1	0	0	0
NEU1_1	0	0	0
SLC44A4_1	0	0	0
EHMT2-AS1_1	0	0	0
EHMT2_1	0	0	0
TNXB_1	0	0	0
PRRT1_1	0	0	0
LOC100507547_1	0	0	0
PPT2_1	0	0	0
PPT2-EGFL8_1	0	0	0
EGFL8_1	0	0	0
AGPAT1_1	0	0	0
MIR6721_1	0	0	0
RNF5_1	0	0	0
MIR6833_1	0	0	0
AGER_1	0	0	0
PBX2_1	0	0	0
GPSM3_1	0	0	0
NOTCH4_1	0	0	0
TSBP1_1	0	0	0
TSBP1-AS1_1	0	0	0
HCG23_1	0	0	0
BTNL2_1	0	0	0
HLA-DRB3	0	0	0
LOC102725019_1	0	0	0
HLA-DQA2_1	0	0	0
MIR3135B_1	0	0	0
HLA-DQB2_1	0	0	0
HLA-DOB_1	0	0	0
TAP2_1	0	0	0
PSMB8_1	0	0	0
PSMB8-AS1_1	0	0	0
TAP1_1	0	0	0
PSMB9_1	0	0	0
LOC100294145_1	0	0	0
HLA-DMB_1	0	0	0
HLA-DMA_1	0	0	0
LOC124901302_1	0	0	0
HLA-DPA1_1	0	0	0
HLA-DPB1_1	0	0	0
HLA-DPB2_1	0	0	0
LOC105375021_1	0	0	0
SLC25A51P1_1	0	0	0
LOC105377867_1	0	0	0
LOC100506851_1	0	0	0
LINC02536_1	0	0	0
LOC124901400_1	0	0	0
THEMIS_1	0	0	0
PTPRK_1	0	0	0
PTPRK-AS1_1	0	0	0
LOC124900216_1	0	0	0
LOC101929297_1	0	0	0
LOC107986668_1	0	0	0
LOC105378118_1	0	0	0
LOC105378144_1	0	0	0
LOC105378146_1	0	0	0
DYNLT2_1	0	0	0
ERMARD_1	0	0	0
LINC00242_1	0	0	0
LINC00574_1	0	0	0
LOC105378149_1	0	0	0
LINC01624_1	0	0	0
LOC285804_1	0	0	0
DLL1_1	0	0	0
FAM120B_1	0	0	0
MIR4644_1	0	0	0
LOC124901474_1	3	3	0
LOC124901475_1	0	0	0
LOC107986676_1	0	0	0
LOC124901235_1	0	0	0
LOC105378157_1	0	0	0
LOC105375113_2	0	0	0
LOC101929756_2	0	0	0
LINC03015_2	0	0	0
LINC03014_2	0	0	0
LOC105375116_2	0	0	0
LOC105375115_2	0	0	0
FAM20C_2	0	0	0
DTX2_1	2	1	1
UPK3B_1	83	1	82
SPDYE16_1	1	0	1
LINC03009_1	0	0	0
POMZP3_1	0	0	0
DPY19L2P2_1	0	0	0
LOC105375434_1	0	0	0
NAPEPLD_1	1	0	1
RPL19P12_1	1	0	1
ARMC10_1	0	0	0
AGK_1	0	0	0
DENND11_1	0	0	0
WEE2-AS1_1	0	0	0
WEE2_1	0	0	0
SSBP1_1	0	0	0
MGAM_1	0	0	0
MGAM2_1	0	0	0
MOXD2P_1	0	0	0
PRSS58_1	0	0	0
PRSS59P_1	0	0	0
LOC105375539_1	0	0	0
MIR11400_1	0	0	0
LOC105379749	2	2	0
PRSS1_1	0	0	0
PRSS3P2	0	0	0
PRSS2_1	0	0	0
LOC124905356	0	0	0
EPHB6_1	0	0	0
TRPV6_1	0	0	0
TRPV5_1	0	0	0
LOC105375542_1	0	0	0
LLCFC1_1	0	0	0
KEL_1	0	0	0
OR9A2_1	0	0	0
OR6V1_1	0	0	0
OR6W1P_1	0	0	0
CNTNAP2_1	0	0	0
LOC124901859_1	0	0	0
LOC107986864	0	0	0
LOC105379583	0	0	0
ERICH1_1	0	0	0
DLGAP2_1	0	0	0
LOC401442_1	0	0	0
LOC105377777_1	0	0	0
DLGAP2_2	0	0	0
LOC124900249_1	0	0	0
LOC286083_1	0	0	0
LOC105377776	0	0	0
LOC105379585_1	0	0	0
LOC105377775_1	0	0	0
LOC105379586_1	0	0	0
DLGAP2_3	0	0	0
DLGAP2-AS1_1	0	0	0
MIR596_1	0	0	0
ARHGEF10_1	0	0	0
LOC100131395_1	0	0	0
KBTBD11_1	0	0	0
KBTBD11-AS1_1	0	0	0
KBTBD11-OT1_1	0	0	0
MYOM2_1	0	0	0
MIR7160_1	0	0	0
LOC105377781_1	0	0	0
LOC105377782_1	0	0	0
LOC105377783_1	0	0	0
LOC105377784_1	0	0	0
LINC03021_1	0	0	0
LOC105377785_1	0	0	0
DEFB109B_1	0	0	0
LOC649352_2	0	0	0
FAM66D_1	0	0	0
ZNF705G_2	0	0	0
DEFB4B_2	0	0	0
DEFB103B_2	0	0	0
SPAG11B_2	0	0	0
DEFB104B_2	0	0	0
DEFB106B_2	0	0	0
DEFB105B_2	0	0	0
DEFB107B_2	0	0	0
LOC105377801_2	0	0	0
PRR23D1_2	0	0	0
FAM90A7_2	0	0	0
LOC105377800_1	0	0	0
LOC128966594_1	0	0	0
FAM90A22_1	0	0	0
FAM90A23_2	0	0	0
LOC107986910_1	0	0	0
ADAM9_1	0	0	0
ADAM32_1	1	0	1
ADAM5_1	0	0	0
LOC100130964_1	0	0	0
ADAM18_1	0	0	0
ADAM2_1	0	0	0
LINC01606_1	0	0	0
LOC286177_1	0	0	0
LINC00588_1	0	0	0
LINC00824_1	0	0	0
LINC01300_2	0	0	0
GPR20_2	0	0	0
LOC101928037_2	0	0	0
ASTILCS_2	0	0	0
PTP4A3_2	0	0	0
MROH5_2	0	0	0
LOC107983985_2	0	0	0
LOC124900270_2	0	0	0
MIR1302-7_1	0	0	0
LY6E-DT_1	1	0	1
LY6E_1	0	0	0
LOC124902034_1	0	0	0
LY6S-AS1_1	0	0	0
LY6S_1	0	0	0
LOC124905357	0	0	0
LY6L_1	0	0	0
LY6H_1	0	0	0
ZC3H3_1	0	0	0
GSDMD_1	0	0	0
LOC100310756_1	0	0	0
MROH6_1	0	0	0
NAPRT_1	0	0	0
EEF1D_1	0	0	0
TIGD5_1	0	0	0
PYCR3_1	0	0	0
LOC105375798_1	0	0	0
GFUS_1	34	0	34
ZNF623_1	33	0	33
LOC124902077_1	0	0	0
LOC105375799_1	0	0	0
ZNF707_1	0	0	0
LINC02878_1	0	0	0
CCDC166_1	0	0	0
LOC101928160_1	0	0	0
MAPK15_1	0	0	0
FAM83H_1	0	0	0
MIR4664_1	0	0	0
IQANK1_1	0	0	0
LOC105375800_1	0	0	0
SCRIB_1	0	0	0
MIR937_1	0	0	0
PUF60_1	0	0	0
LOC100996662_1	0	0	0
ZNF251_1	0	0	0
LOC107986986_1	0	0	0
LOC101929802	0	0	0
APBA1_1	0	0	0
MAMDC2_1	0	0	0
MAMDC2-AS1_1	0	0	0
PLPPR1_1	0	0	0
LOC105376183_1	0	0	0
LOC105376182_1	0	0	0
BAAT_1	0	0	0
ODAD2P1_1	0	0	0
LINC02673_1	0	0	0
PTCHD3_1	0	0	0
LOC105378267_1	0	0	0
LOC101929373_1	0	0	0
LOC105378283_1	0	0	0
OR13A1_1	0	0	0
ALOX5_1	0	0	0
LOC102724323_1	0	0	0
MARCHF8_1	0	0	0
PTDSS2_1	0	0	0
RNH1_1	1	0	1
LRRC56_1	11	0	11
HRAS_1	0	0	0
LMNTD2_1	13	1	17
LMNTD2-AS1_1	0	5	0
RASSF7_1	0	0	0
MIR210HG_1	3	0	3
MIR210_1	0	0	0
LOC124902805_1	0	0	0
LOC143666_1	0	0	0
PHRF1_1	109	0	109
IRF7_1	0	0	0
CDHR5_1	1	0	1
SCT_1	0	0	0
DRD4_1	2	0	2
DEAF1_1	0	0	0
DUSP8_2	0	0	0
LOC124902608_2	0	0	0
KRTAP5-AS1_2	0	0	0
KRTAP5-1_2	0	0	0
KRTAP5-2_2	0	0	0
KRTAP5-3_2	0	0	0
KRTAP5-4_2	0	0	0
KRTAP5-5_2	0	0	0
FAM99A_2	0	0	0
FAM99B_2	0	0	0
LINC02708_2	0	0	0
KCNQ1_1	0	0	0
LOC124902614_1	0	0	0
LOC107987412	0	0	0
KCNQ1-AS1_1	0	0	0
KCNQ1DN_1	0	0	0
CDKN1C_1	0	0	0
LOC107987413	0	0	1
SLC67A1-AS_1	0	153	2
SLC67A1_1	151	2	303
PHLDA2_1	0	0	0
NAP1L4_1	0	0	0
SNORA54_1	0	0	0
CARS1_1	4	0	4
CARS1-AS1_1	0	0	0
OR5P2_2	0	0	0
OR5P3_2	0	0	0
OR5E1P_2	0	0	0
LOC283299_2	0	0	0
LOC107984307_2	0	0	0
OR10A6_2	0	0	0
OR10A3_2	0	0	0
NLRP10_2	0	0	0
OR8J2_2	0	0	0
OR5T2_2	0	0	0
OR5T3_2	0	0	0
OR5T1_2	0	0	0
OR8H1_2	0	0	0
OR8K3_2	0	0	0
OR8K1_2	0	0	0
OR8J1_2	0	0	0
OR8U8	0	0	0
OR8U9	0	0	0
OR9G1_1	0	0	0
OR9G9	0	0	0
OR9G4_1	0	0	0
MIR6128_1	0	0	0
LOC107987426	0	0	0
LOC105369366_1	0	0	0
LOC338694_1	0	0	0
LOC105369367_1	0	0	0
LINC02697_1	0	0	0
WASH8P_1	0	0	0
FAM138D_1	0	0	0
IQSEC3_1	0	0	0
IQSEC3-AS2_1	0	0	0
IQSEC3-AS3_1	0	0	0
IQSEC3-AS1_1	0	0	0
TAS2R7_1	0	0	0
TAS2R8_1	0	0	0
TAS2R9_1	0	0	0
TAS2R10_1	0	0	0
PRH1-PRR4_1	0	0	0
PRR4_1	0	0	0
PRH1_1	0	0	0
TAS2R13_1	0	0	0
PRH2_1	0	0	0
PRH1-TAS2R14_1	0	0	0
TAS2R14_1	0	0	0
TAS2R50_1	0	0	0
TAS2R20_1	0	0	0
TAS2R19_1	0	0	0
TAS2R31_1	0	0	0
TAS2R46_1	0	0	0
TAS2R43_1	0	0	0
TAS2R45	0	0	0
TAS2R30_1	0	0	0
SMIM10L1_1	0	0	0
LOC124905358	0	0	0
PRB2_1	0	0	0
LINC02367_1	0	0	0
OVOS2P_1	0	0	0
LOC124902912_1	0	0	0
SINHCAF_1	0	0	0
FLJ13224_1	0	0	0
LOC105369784_1	0	0	0
LINC02403_1	0	0	0
ATP23_1	0	0	0
GIHCG_1	0	0	0
LOC107987421	0	0	0
SLC5A8_1	0	0	0
ANO4_1	0	0	0
DNAH10_1	0	0	0
LOC124903043_1	0	0	0
DNAH10OS_1	0	0	0
CCDC92_1	0	0	0
LOC105379613_1	0	0	0
LOC101927531_1	0	0	0
LOC107984448_1	0	0	0
LINC02825_1	0	0	0
LOC101927786_1	0	0	0
PIWIL1_1	0	0	0
LINC00417_1	0	0	0
ANKRD20A9P_1	0	0	0
ATP8A2_1	0	0	0
LOC105370370_1	0	0	0
LINC01070_1	0	0	0
LOC101928730_1	0	0	0
LOC107984555_1	0	0	0
LINC01043_1	0	0	0
LINC01044_1	0	0	0
LOC105370373_1	0	0	0
SPACA7_1	0	0	0
LOC105370372_1	0	0	0
TUBGCP3_1	0	0	0
GRK1_2	0	0	0
LOC105377805_2	0	0	0
LINC00552_2	0	0	0
LOC101928957_1	0	0	0
CATSPERB_1	0	0	0
LOC124903436_1	0	0	0
TC2N_1	0	0	0
LINC02833_1	0	0	0
LINC02287_1	0	0	0
CHGA_1	0	0	0
ITPK1_1	0	0	0
ITPK1-AS1_1	0	0	0
MOAP1_1	0	0	0
LYSET_1	0	0	0
GON7_1	0	0	0
UBR7_1	0	0	0
BTBD7_1	0	0	0
UNC79_1	0	0	0
COX8C_1	0	0	0
PRIMA1_1	0	0	0
LOC105370631_1	0	0	0
FAM181A-AS1_1	0	0	0
FAM181A_1	0	0	0
ASB2_1	0	0	0
MIR4506_1	0	0	0
LOC107984663_1	0	0	0
CCDC197_1	0	0	0
LOC124903368_1	0	0	0
OTUB2_1	0	0	0
DDX24_1	0	0	0
IFI27L1_1	0	0	0
IFI27_1	0	0	0
IFI27L2_1	0	0	0
LOC105370634_1	0	0	0
PPP4R4_1	0	0	0
SERPINA10_1	0	0	0
SERPINA6_1	0	0	0
SERPINA2_1	0	0	0
SERPINA1_1	0	0	0
LOC124903395_1	0	0	0
C14orf180_1	0	0	0
TMEM179_1	0	0	0
LOC105370697_1	0	0	0
LOC105370698_1	0	0	0
LOC107987414	0	0	0
MIR8071-1_1	0	0	0
MIR8071-2_1	0	0	0
ELK2AP_1	0	0	0
LOC105378184_1	0	0	0
MIR4539_1	0	0	0
MIR4507_1	0	0	0
MIR4538_1	0	0	0
MIR4537_1	0	0	0
FAM30A_1	0	0	0
ADAM6_1	0	0	0
LOC107984634	0	0	0
LOC105370700_1	0	0	0
LINC00226_1	0	0	0
LINC00221_1	0	0	0
LOC102724977_1	0	0	0
MIR5195_1	0	0	0
LOC105370714_2	0	0	0
LOC124900633_2	0	0	0
LOC646214_2	0	0	0
LOC105379593	0	0	0
LOC112268154_1	0	0	0
CXADRP2_2	0	0	0
POTEB3_2	0	0	0
MIR3118-3_2	0	0	0
LOC105369227_1	0	0	0
LOC124900634	0	0	0
MIR5701-2_2	0	0	0
LOC124905359	0	0	0
LINC02203_2	0	0	0
LOC124903610_2	0	0	0
OR4M2B_2	0	0	0
FAM30C_2	0	0	0
LOC107987218_1	0	0	0
LOC102724737_2	0	0	0
GOLGA8EP_2	0	0	0
LOC124907501	0	0	0
HERC2P7_2	0	0	0
HERC2P2_2	74	0	74
LOC101927846_2	0	0	0
GOLGA8IP_2	0	0	0
CYFIP1_2	94	0	94
TUBGCP5_2	0	0	0
GOLGA6L1_2	0	0	0
GOLGA8DP_2	0	0	0
MIR4509-1_2	0	0	0
LOC107987422	11	0	11
LOC124905362	0	0	0
GOLGA6L24_2	0	0	0
GOLGA8F_2	0	0	0
MIR4509-2_2	0	0	0
LOC101059997_2	0	0	0
MIR4509-3_2	0	0	0
GOLGA8G_2	0	0	0
GOLGA6L25_2	0	0	0
HERC2P11_2	0	0	0
LOC124905363	4	0	4
PATL2_1	1	0	1
B2M_1	0	0	0
MIR10393_1	0	0	0
RNF4BP_1	0	0	0
TRIM69_1	0	0	0
SORD2P_1	0	0	0
LOC105370798_1	0	0	0
MEGF11_1	0	0	0
LOC105370867_1	0	0	0
MIR4311_1	0	0	0
DIS3L-AS1_1	0	0	0
ADAMTS7P1_1	0	0	0
GOLGA6L10_1	0	0	0
LOC727751_1	0	0	0
LOC101929479_1	8	0	10
LOC105379597	0	0	0
LOC440300_2	0	24	0
UBE2Q2P16_2	0	0	0
LOC103171574_2	0	0	0
DNM1P41_2	1	1	0
GOLGA6L4_2	0	0	0
UBE2Q2P2_1	1	0	1
GOLGA6L9_1	22	0	22
LOC102724034_1	0	0	0
LOC128966709	0	0	0
GOLGA2P10_1	55	0	55
LOC105370926_1	0	0	0
GOLGA6L17P_1	0	0	0
RPS17_1	0	0	0
CPEB1_1	0	0	0
DECR2_1	0	0	0
RAB11FIP3_1	0	0	0
LOC107987417_1	1	1	0
LINC00235_1	0	0	0
CAPN15_1	0	0	0
LINC00254_1	0	0	0
LINC02124_1	0	0	0
HS3ST6_1	0	0	0
GLIS2_1	78	4	74
GLIS2-AS1_1	0	0	0
CORO7-PAM16_1	0	0	0
PAM16_1	0	0	0
CORO7_1	0	0	0
VASN_1	0	0	0
LOC124903635_1	0	0	0
DNAJA3_1	0	0	0
NMRAL1_1	0	0	0
HMOX2_1	0	0	0
LOC124903636_1	0	0	0
CDIP1_1	0	0	0
PARN_1	0	0	0
LOC105371094_1	0	0	0
LOC107984865_1	0	0	0
BFAR_1	0	0	0
PLA2G10_1	0	0	0
NPIPA3_1	0	0	0
LOC105371097_1	0	0	0
LOC105371096_1	0	0	0
MIR3180-4_1	0	0	0
PDXDC1_1	85	0	85
MIR4516_1	0	0	0
PKD1P6-NPIPP1_1	107	0	107
MIR6511B2_1	0	0	0
NPIPA8_1	0	0	0
LOC100505915_2	0	15	0
RRN3_1	3	0	3
NTAN1_1	2	1	1
MIR1972-2_1	0	0	0
PKD1_1	46	1	82
NPIPA9_1	16	0	16
MIR6770-1_1	0	0	0
LOC100288162_1	0	36	0
MIR6511A1_1	0	0	0
LOC102724992	0	0	0
MIR3180-3_1	0	0	0
MIR3670-3_1	0	0	0
MIR3179-3_1	0	0	0
LOC124905360	0	1	0
NPIPA1_1	11	0	12
LOC124900586	29	1	28
MIR1972-1_1	0	0	0
MIR3180-1_1	0	0	0
MIR3670-1_1	0	0	0
MIR3179-1_1	0	0	0
NOMO1_1	12	0	12
ABCC6P2_1	0	0	0
ABCC6P1_1	0	0	0
NPIPA5_1	1	0	1
MPV17L-BMERB1_1	0	0	0
MPV17L_1	30	0	30
BMERB1_1	0	0	0
LOC105371102_1	0	0	0
MARF1_1	0	0	0
MIR6506_1	0	0	0
LOC124903649_1	0	0	0
MIR484_1	0	0	0
NDE1_1	12	0	12
MYH11_1	0	0	0
LOC124903650_1	0	0	0
LOC124903651_1	0	0	0
CEP20_1	36	0	36
LOC107984869_1	0	0	0
ABCC1_1	137	0	137
ABCC6_1	7	0	7
LOC105371100_1	0	0	0
NOMO3_1	4	0	4
LOC105371099_1	0	0	0
MIR3179-2_1	0	0	0
MIR3670-2_1	0	0	0
MIR3180-2_1	0	0	0
LOC131696449_1	0	0	0
PKD1P1_1	0	0	0
MIR6511A2_1	0	0	0
MIR6770-2_1	0	0	0
NPIPA6_1	0	0	0
MIR6511A3_1	0	0	0
NPIPA7_1	0	0	0
LOC105371105_1	0	0	0
LOC107987423	0	0	0
CES1_1	0	0	0
CES5A_1	0	0	0
SNTB2_1	0	0	0
UTP4_1	2	0	2
LOC124904108_1	0	0	0
LOC101929823_1	0	0	0
LOC101929828_1	0	0	0
SCGB1C2_1	0	0	0
DOC2B_1	0	0	0
LINC02091_1	0	0	0
LOC101929045	0	0	0
RPH3AL_1	0	0	0
RPH3AL-AS1_1	0	0	0
NXN_1	0	0	0
TIMM22_1	0	0	0
ABR_1	0	0	0
LOC105371481_1	0	0	0
MIR3183_1	0	0	0
LOC105371480_1	2	0	2
ABR-AS1_1	0	0	0
YWHAE_1	0	0	0
CRK_1	0	0	0
CRK-AS1_1	0	0	0
SLC43A2_1	0	0	0
LOC124904121_1	0	0	0
SCARF1_1	0	0	0
RILP_1	0	0	0
PRPF8_1	0	0	0
TLCD2_1	0	0	0
MIR22HG_1	0	0	0
MIR22_1	0	0	0
WDR81_1	55	0	55
SERPINF2_1	0	0	0
SERPINF1_1	0	0	0
MMP28_1	0	0	0
TAF15_1	0	0	0
HEATR9_1	0	0	0
LOC105371745_1	0	0	0
CCL5_1	0	0	0
LRRC37A8P_1	0	0	0
RDM1_1	0	0	0
LYZL6_1	0	0	0
CCL16_1	0	0	0
CCL14_1	0	0	0
CCL15-CCL14_1	0	0	0
CCL15_1	0	0	0
CCL23_1	0	0	0
CCL18_1	0	0	0
CCL3-AS1_1	0	0	0
CCL3_1	0	0	0
CCL4_1	0	0	0
LOC101927369_1	0	0	0
TBC1D3B_1	0	0	0
LOC128966710	0	0	0
LOC128966684_1	0	0	0
CCL3L3_1	0	0	0
CCL4L2_1	0	0	0
LOC105371747_1	0	0	0
TBC1D3I_1	0	0	0
LOC102724956_1	0	0	0
LOC101060212_1	0	0	0
TBC1D3G_1	0	0	0
LOC102723414_1	0	0	0
TBC1D3H_1	0	0	0
TBC1D3F_1	0	0	0
LOC105371749_1	0	0	0
ZNHIT3_1	0	0	0
MYO19_1	0	0	0
PIGW_1	0	0	0
GGNBP2_1	0	0	0
DHRS11_1	0	0	0
LOC107985031_1	0	0	0
MRM1_1	2	0	2
LOC105376836	0	0	0
LOC105371751_1	0	0	0
LOC105379600	0	0	0
LOC105371750_1	5	0	5
LHX1-DT_1	2	1	2
LHX1_1	1	0	2
AATF_1	0	0	0
MIR2909_1	0	0	0
LOC105371753_1	0	0	0
ACACA_1	11	0	11
SNORA90_1	0	0	0
C17orf78_1	0	0	0
TADA2A_1	0	0	0
DUSP14_1	80	0	80
SYNRG_1	0	0	0
LOC105371755	0	0	0
DDX52_1	0	0	0
MIR378J_1	0	0	0
LOC105371756_1	0	0	0
HNF1B_1	0	0	0
LOC107985009	0	0	0
LOC105371754_1	0	0	0
LOC105371757_1	0	0	0
YWHAEP7_1	0	0	0
LOC102723851_1	0	0	0
TBC1D3E_1	0	0	0
LOC102723933_1	0	0	0
TBC1D3_1	0	0	0
NPEPPSP1_1	57	0	57
LOC105371760_1	0	0	0
MRPL45_1	335	0	335
GPR179_1	0	0	0
SOCS7_1	0	0	0
ARHGAP23_1	63	0	63
LOC101929494_1	0	0	0
SRCIN1_1	0	0	0
LOC105371761_1	0	0	0
EPOP_1	0	0	0
LOC105371763_1	0	0	0
MIR4734_1	0	0	0
MLLT6_1	0	0	0
LOC105371762_1	0	0	0
MIR4726_1	0	0	0
CISD3_1	0	0	0
PCGF2_1	0	0	0
LOC100287808_1	0	0	0
TRN-GTT2-5_1	0	0	0
PSMB3_1	0	0	0
PIP4K2B_1	0	0	0
CWC25_1	0	0	0
MIR4727_1	0	0	0
SPMAP1_1	0	0	0
LOC105371777_1	0	0	0
KRT12_1	0	0	0
KRT20_1	0	0	0
KRT23_1	0	0	0
LOC107985072_1	0	0	0
KRT39_1	0	0	0
KRT40_1	0	0	0
KRTAP3-3_1	0	0	0
KRTAP3-2_1	0	0	0
KRTAP3-1_1	0	0	0
KRTAP1-5_1	0	0	0
KRTAP1-4_1	0	0	0
KRTAP1-3_1	0	0	0
KRTAP1-1_1	0	0	0
KRTAP2-1_1	0	0	0
KRTAP2-2_2	0	0	0
KRTAP2-3_2	0	0	0
KRTAP2-4_2	0	0	0
LOC100996750	0	0	0
KRTAP4-8_2	0	0	0
KRTAP4-16_2	0	0	0
KRTAP4-9_2	0	0	0
KRTAP4-11_2	0	0	0
KRTAP4-12_2	0	0	0
KRTAP29-1_2	0	0	0
KRTAP9-6_1	0	0	0
KRTAP9-9_2	0	0	0
KRTAP9-4_2	0	0	0
KRTAP9-8_2	0	0	0
KRTAP9-3_2	0	0	0
KRTAP9-2_2	0	0	0
KRT37_2	0	0	0
LOC100505782_2	0	0	0
KRT31_2	0	0	0
LOC100653049	2	0	2
KRT34_2	0	0	0
KRT33B_2	0	0	0
LOC105371778_2	0	0	0
KRT33A_2	0	0	0
KRTAP17-1_2	0	0	0
KRTAP16-1_2	0	0	0
LOC105371796_1	0	0	0
ARHGAP27_1	20	0	20
PLEKHM1_1	0	0	0
MIR4315-1_1	0	0	0
LOC101929774	1	0	3
LRRC37A2_1	0	2	0
NSFP1_1	0	0	0
LOC100996709	1	0	1
LRRC37A_1	2	0	2
LOC124904014_1	0	0	0
LOC105371799	0	0	0
KANSL1_1	0	0	0
KANSL1-AS1_1	0	0	0
MAPT_1	0	0	0
STH_1	0	0	0
LOC124905347	0	0	0
LOC105371800_1	0	0	0
MAPT-IT1_1	0	0	0
MAPT-AS1_1	0	0	0
SPPL2C_1	0	0	0
LINC02210-CRHR1_1	0	0	0
CRHR1_1	0	0	0
LOC105371802_1	0	0	0
LINC02210_1	3	0	3
MAPK8IP1P2_1	0	0	0
LOC124905345	0	0	0
LRRC37A3_1	0	0	0
LOC107984142	0	0	0
LOC124905346	0	0	0
LOC124905344	0	0	0
LOC101929775	0	0	0
LOC107984156	0	0	0
NSF_1	2	0	2
WNT3_1	0	0	0
LOC101929777_1	0	0	0
LACAT1_1	0	0	0
SEPTIN9-DT_1	0	0	0
LOC107984143	0	0	0
SEPTIN9_1	0	0	0
METRNL_1	118	0	118
LOC124904094_1	0	0	0
QTGAL_1	0	45	3
TBCD_1	410	4	454
LOC124904095_1	3	0	3
LOC105372114_1	0	0	0
SKA1_1	0	0	0
DSEL_1	4	0	4
LOC105372219_1	0	0	0
LOC105372220_1	0	0	0
LOC105372221_1	0	0	0
LINC01896_1	0	0	0
SALL3_1	0	0	0
LOC105372225_1	0	0	0
LOC284240_1	0	0	0
LOC124904335_1	0	0	0
LOC105372228_1	0	0	0
CTDP1-DT_1	0	0	0
CTDP1_1	0	0	0
LOC128966711	0	0	0
AZU1_1	0	0	0
PRTN3_1	0	0	0
ELANE_1	8	0	8
CFD_1	3	0	3
MED16_1	103	55	48
SBNO2_1	1	0	1
LOC105372319_1	0	0	0
ZNF66_1	2	0	2
ZNF85_1	0	0	0
LOC112268247_1	0	0	0
ZNF430_1	0	0	0
LOC400682_1	0	0	0
ZNF100_1	0	0	0
CCNYL6_1	0	0	0
ZNF43_1	0	0	0
ZNF676_1	0	0	0
LSM14A_1	0	0	0
GARRE1_2	0	0	0
GARRE1_3	0	0	0
GPI_2	0	0	0
CEACAM7_1	0	0	0
LOC105372405_1	0	0	0
CEACAM4_1	0	0	0
CEACAM21_1	0	0	0
LINC01480_1	0	0	0
PCAT19_1	1	0	1
VSTM1_1	0	0	0
TARM1_1	0	0	0
OSCAR_1	0	0	0
NDUFA3_1	0	0	0
TFPT_1	0	0	0
PRPF31_1	0	0	0
PRPF31-AS1_1	0	0	0
CNOT3_1	0	0	0
LOC102724273_1	0	0	0
LENG1_1	0	0	0
TMC4_1	0	0	0
MBOAT7_1	0	0	0
TSEN34_1	0	0	0
RPS9_1	1	0	1
LOC124905364	0	0	0
LOC107987425	0	0	0
LOC107985279_1	0	0	0
LILRA6_1	0	0	0
LOC107987463_1	0	0	0
LILRB5_1	0	0	0
LILRB2_1	0	0	0
MIR4752_1	0	0	0
LILRA3	0	0	0
LILRA5_1	0	0	0
TTYH1_1	0	0	0
LENG8-AS1_1	0	0	0
LENG8_1	0	0	0
LENG9_1	0	0	0
CDC42EP5_1	0	0	0
LAIR2_1	0	0	0
LOC105372460_1	0	0	0
KIR3DX1_1	0	0	0
LOC105372461_1	0	0	0
LILRA2_1	0	0	0
LILRA1_1	0	0	0
LILRB1_1	0	0	0
LILRB4_1	0	0	0
MIR8061_1	0	0	0
LILRP2_15	0	0	0
KIR3DL3_15	0	0	0
KIR2DL3_12	0	0	0
LOC101928804_14	0	0	0
KIR2DL1_10	0	0	0
NCR1_3	0	0	0
NLRP7_1	0	0	0
NLRP2_1	0	0	0
GP6-AS1_1	0	0	0
GP6_1	0	0	0
RDH13_1	0	0	0
EPS8L1_1	0	0	0
LOC107985440_1	0	0	0
CDH4_1	8	8	0
MIR1257_1	0	0	0
TAF4_1	0	0	0
LOC105372704_1	0	0	0
KCNQ2_1	0	0	0
LOC105372721_1	0	0	0
OPRL1_1	0	0	0
NPBWR2_1	0	0	0
LOC105372727_1	0	0	0
MYT1_1	0	0	0
PCMTD2_1	0	0	0
LOC107985511_1	0	0	0
LOC107987418	0	0	0
BTG3_1	0	0	0
BTG3-AS1_1	0	0	0
LOC100134423	0	0	0
LINC00308_1	0	3	0
LOC105379618	0	0	3
PAXBP1_1	0	0	0
EPCIP-AS1_1	0	0	0
EPCIP_1	0	0	0
IFNGR2_1	0	0	0
TMEM50B_1	0	0	0
DNAJC28_1	0	0	0
GART_1	0	0	0
FTCD_1	0	0	0
FTCD-AS1_1	0	0	0
SPATC1L_1	0	0	0
LSS_1	0	0	0
SNORD159_1	0	0	0
IGLV5-45_1	0	0	0
LOC102724999	0	0	0
IGLV7-43_1	0	0	0
IGLV5-39	0	0	0
LOC105379605	0	0	0
LOC102725003	0	0	0
IGLV5-37_1	0	0	0
LOC105379603	0	0	0
ZNF280B_1	0	0	0
LOC105379602	0	0	0
ZNF280A_1	0	0	0
LOC105379601	0	0	0
PRAME_1	0	0	0
LL22NC03-63E9.3_1	0	0	0
CES5AP1_1	0	0	0
ZDHHC8BP_1	0	0	0
LINC01659_1	0	0	0
FAM230I_1	0	0	0
LOC124905361	0	0	0
LINC02557_1	0	0	0
C22orf15_1	0	0	0
CHCHD10_1	0	0	0
LOC107985577_1	0	0	0
MMP11_1	0	0	0
SMARCB1_1	0	0	0
DERL3_1	0	0	0
SLC2A11_1	0	0	0
MIF-AS1_1	0	0	0
MIF_1	0	0	0
LOC100652871_1	0	0	0
GSTT2B_1	1	0	1
DDTL_1	0	0	0
DDT_1	0	0	0
GSTT2_1	15	0	15
GSTT4_1	1	1	0
LOC391322	58	1	57
GSTT1-AS1	2	4	3
GSTT1	817	1	821
GSTTP2	0	0	0
LOC105372959_1	0	0	0
CABIN1_1	0	0	0
APOL5_1	0	0	0
RBFOX2_1	33	0	33
PVALB_1	0	0	0
NCF4-AS1_1	0	0	0
NCF4_1	0	0	0
LOC105373032_1	0	0	0
APOBEC3A_B	0	0	0
PHETA2_1	0	0	0
SMDT1_1	0	0	0
NDUFA6_2	0	0	0
NDUFA6-DT_5	0	0	0
CYP2D7_6	0	0	0
TCF20_6	0	0	0
LINC00685_2	0	0	0
PPP2R3B_2	0	0	0
LOC102723840	0	0	0
TBX22_1	0	0	0
OR2T4_3	0	0	0
OR2T6_3	0	0	0
OR2T1_3	0	0	0
OR2T7_3	0	0	0
OR2T2_3	0	0	0
LOC105373279_3	0	0	0
OR2T3_3	0	0	0
OR2T5_3	0	0	0
OR2G6_3	0	0	0
LOC105374866	0	0	0
LOC128966714	0	0	0
LOC124905368_1	0	0	0
LINC01237_3	0	0	0
LINC01238_2	0	0	0
LOC285097_2	0	0	0
LOC105373980_2	0	0	0
LINC01880_2	0	0	0
LINC03100_2	0	0	0
LINC01881_2	0	0	0
MUC4_2	0	0	0
MUC20_2	0	0	0
LOC124905369	0	0	0
MIR570HG_2	0	0	0
MIR570_2	0	0	0
SDHAP2_2	0	0	0
LOC105374297_2	0	0	0
LOC105377616_2	0	0	0
FRG1-DT_4	0	0	0
LOC105377619_2	0	0	0
LINC01596_2	0	0	0
FRG1_3	0	0	0
FRG2_3	0	0	0
LOC105379623_2	0	0	0
GUSBP3_3	0	0	0
GUSBP15_1	0	0	0
LOC112268330_1	0	0	0
LOC105379023_1	0	0	0
LOC105369228_1	0	0	0
SERF1B_2	0	0	0
LOC107986372_1	0	0	0
SMN2_2	1	0	1
SERF1A_3	0	0	0
LOC107986373_2	0	0	0
SMN1_3	0	0	0
SMN1-AS1_2	0	0	0
NAIP_3	0	0	0
GTF2H2_1	0	0	0
LOC107987433_1	0	0	0
GUSBP17_2	0	0	0
LOC441081_2	0	0	0
LINC02197_3	0	0	0
LOC105379025_3	0	0	0
PMCHL2_2	0	0	0
LOC107987420_3	0	0	0
BDP1_3	0	0	0
LOC124900999_3	0	0	0
MCCC2_3	0	0	0
LOC105377753_2	0	0	0
LOC728554_2	0	0	0
LOC124901146_1	0	0	0
LOC100128340_2	0	0	0
PROP1_2	0	0	0
GPX6_1	0	0	0
GPX5_1	0	0	0
TRI-TAT3-1_1	0	0	0
LOC107986586_1	0	0	0
TRR-TCG5-1_1	0	0	0
SCAND3_1	1	0	1
ZBED9-AS1_1	1	0	1
TRQ-TTG2-1_1	0	0	0
TRS-GCT4-1_1	0	0	0
TRA-AGC3-1_1	0	0	0
LOC105374996_1	0	0	0
TRA-TGC2-1_1	0	0	0
TRT-CGT3-1_1	0	0	0
LINC00533_1	0	0	0
TRA-AGC4-1_1	0	0	0
TRA-CGC2-1_1	0	0	0
TRA-CGC5-1	0	0	0
TRA-AGC5-1_1	0	0	0
TRA-AGC7-1_1	0	0	0
TRT-AGT3-1_1	0	0	0
TRA-CGC4-1_1	0	0	0
TRV-AAC6-1_2	0	0	0
TRR-CCG1-1_2	0	0	0
TRK-TTT7-1_2	0	0	0
TRA-TGC6-1_2	0	0	0
TRF-GAA6-1_2	0	0	0
TRF-GAA5-1_2	0	0	0
TRA-TGC1-1_2	0	0	0
TRF-GAA1-1_2	0	0	0
TRA-AGC1-1_2	0	0	0
TRA-TGC7-1_2	0	0	0
TRF-GAA3-1_2	0	0	0
TRA-AGC6-1_2	0	0	0
TRA-TGC5-1_2	0	0	0
TRF-GAA4-1_2	0	0	0
TRA-AGC2-1_2	0	0	0
LINC01623_2	0	0	0
TRA-AGC2-2_2	0	0	0
TRR-CCG1-2_2	0	0	0
TRL-CAA1-1_2	0	0	0
HCG14_2	0	0	0
TRIM27_2	0	0	0
TRL-CAA1-2_1	0	0	0
TRQ-CTG1-3_1	0	0	0
TRL-AAG2-2_1	0	0	0
LINC01556_1	1	0	1
TRM-CAT3-1_1	0	0	0
TRK-TTT3-3_1	0	0	0
TRM-CAT3-2_1	0	0	0
TRF-GAA1-2_2	0	0	0
TRE-CTC1-6_2	0	0	0
HCG15_2	0	0	0
TRL-AAG3-1_2	0	0	0
ZNF311_2	0	0	0
LOC105375002_2	0	0	0
OR2W1-AS1_1	0	0	0
OR2W1_2	0	0	0
OR2B3_2	0	0	0
OR2J1_2	0	0	0
OR2J3_2	0	0	0
OR2J2_2	0	0	0
LINC03003_2	0	0	0
LOC105375006_1	0	0	0
LOC105375005_1	0	0	0
OR14J1_2	0	0	0
OR5V1_1	0	0	0
OR12D3_1	0	0	0
OR12D2_1	0	0	0
OR12D1_1	0	0	0
OR11A1_2	0	0	0
OR10C1_2	0	0	0
LOC105379641_2	0	0	0
OR2H1_2	0	0	0
LOC105375008_2	0	0	0
LOC124905365	0	0	0
MAS1L_2	0	0	0
LINC02829_2	0	0	0
LINC01015_2	0	0	0
OR2I1_2	0	0	0
UBD_2	0	0	0
SNORD32B_2	0	0	0
OR2H2_2	0	0	0
GABBR1_2	0	0	0
MOG_2	0	0	0
ZFP57_2	0	0	0
HLA-F_1	0	0	0
HLA-F-AS1_1	0	0	0
IFITM4P_1	0	0	0
LOC107987427	0	0	0
HCG4_2	0	0	0
HLA-V_2	0	0	0
HLA-G_2	0	0	0
LOC124905366	30	0	30
LOC105375010_2	0	0	0
HCP5B_2	0	0	0
HLA-H_2	0	0	0
HCG4B_2	0	0	0
HLA-A_2	0	0	0
HCG9_1	0	0	0
POLR1HASP_2	0	0	0
HLA-J_2	0	0	0
POLR1H_2	0	0	0
PPP1R11_2	0	0	0
RNF39_2	0	0	0
TRIM31_2	0	0	0
TRIM31-AS1_2	0	0	0
LOC124900227_2	0	0	0
TRIM40_2	0	0	0
TRIM10_2	0	0	0
TRIM15_2	0	0	0
TRIM26_2	1	0	1
HCG17_2	0	0	0
HLA-L_1	0	0	0
HCG18_2	0	0	0
TRIM39_2	0	0	0
TRIM39-RPP21_2	0	0	0
RPP21_2	0	0	0
LOC105375012_1	0	0	0
HLA-E_1	0	0	0
LINC02569_2	0	0	0
GNL1_2	1	0	1
PRR3_1	0	0	0
ABCF1-DT	0	0	0
ABCF1_1	0	0	0
MIR877_1	0	0	0
PPP1R10_1	0	0	0
MRPS18B_1	0	0	0
ATAT1_1	0	0	0
C6orf136_1	0	0	0
DHX16_2	0	0	0
PPP1R18_2	0	0	0
NRM_2	0	0	0
MDC1_2	0	0	0
MDC1-AS1_2	0	0	0
TUBB_2	980	0	980
FLOT1_2	0	0	0
IER3-AS1_1	0	0	0
IER3_1	0	0	0
HCG20_1	0	0	0
LINC00243_1	0	0	0
LINC02570_1	0	0	0
DDR1_2	0	0	0
MIR4640_1	0	0	0
GTF2H4_1	0	0	0
VARS2_1	1	0	1
SFTA2_1	0	0	0
LOC124901299_1	0	0	0
MUCL3_1	0	0	0
HCG21_1	0	0	0
MUC21_2	0	0	0
MUC22_2	0	0	0
HCG22_2	0	0	0
C6orf15_1	0	0	0
PSORS1C1_1	0	0	0
CDSN_1	0	0	0
PSORS1C2_1	0	0	0
CCHCR1_1	0	0	0
TCF19_1	0	0	0
POU5F1_1	1	1	0
PSORS1C3_1	0	0	0
HCG27_1	0	0	0
HLA-C_1	0	0	0
LOC112267902_1	0	0	0
HLA-B_1	22	0	22
MIR6891_1	0	0	0
LOC124905367	0	0	0
LOC107987429	0	0	0
LOC124901300_1	0	0	0
MICA-AS1_1	0	0	0
MICA_1	0	0	0
LINC01149_1	0	0	0
HCP5_1	1	0	1
HCG26_1	0	0	0
MICB-DT_2	1	1	0
MICB_2	0	0	0
MCCD1_2	0	0	0
ATP6V1G2-DDX39B_2	0	0	0
DDX39B_2	0	0	0
SNORD117_2	0	0	0
SNORD84_1	0	0	0
DDX39B-AS1_1	0	0	0
ATP6V1G2_1	0	0	0
NFKBIL1_1	0	0	0
LOC100287329_1	0	0	0
LTA_1	0	0	0
TNF_2	0	0	0
LTB_2	0	0	0
LST1_2	0	0	0
NCR3_2	0	0	0
AIF1_1	0	0	0
PRRC2A_1	0	0	0
SNORA38_1	0	0	0
MIR6832_1	0	0	0
BAG6_1	1	1	0
APOM_1	0	0	0
C6orf47_1	0	0	0
GPANK1_1	0	0	0
CSNK2B_1	0	0	0
LY6G5B_1	0	0	0
LY6G5C_1	0	0	0
LOC105375019_1	0	0	0
ABHD16A_1	0	0	0
LOC105375018_1	0	0	0
MIR4646_1	0	0	0
LY6G6F-LY6G6D_1	0	0	0
LY6G6F_1	0	0	0
LY6G6E_1	0	0	0
LY6G6D_1	0	0	0
LY6G6C_1	0	0	0
MPIG6B_1	0	0	0
DDAH2_1	0	0	0
CLIC1_1	0	0	0
LOC105375020	0	0	0
MSH5-SAPCD1_2	0	0	0
MSH5_2	0	0	0
SAPCD1_2	0	0	0
SAPCD1-AS1_2	0	0	7
VWA7_2	0	0	0
VARS1_2	0	0	0
LSM2_2	1	0	1
HSPA1L_2	0	0	0
HSPA1A_2	0	0	0
HSPA1B_2	0	0	0
SNHG32_2	0	0	0
SNORD48_2	0	0	0
SNORD52_2	0	0	0
NEU1_2	0	0	0
SLC44A4_2	0	0	0
EHMT2-AS1_2	0	0	0
EHMT2_2	0	0	0
C2_1	0	0	0
ZBTB12_1	0	0	0
C2-AS1_1	0	0	0
CFB_1	0	0	0
NELFE_1	0	0	0
SKIC2_1	0	0	0
DXO_1	0	0	0
WHR1_1	0	0	0
C4B_1	0	0	0
CYP21A2_1	0	0	0
TNXB_2	0	0	0
ATF6B_1	0	0	0
FKBPL_1	0	0	0
PRRT1_2	0	0	0
LOC100507547_2	0	0	0
PPT2_2	0	0	0
PPT2-EGFL8_2	0	0	0
EGFL8_2	0	0	0
AGPAT1_2	0	0	0
MIR6721_2	0	0	0
RNF5_2	0	0	0
MIR6833_2	0	0	0
AGER_2	0	0	0
PBX2_2	0	0	0
GPSM3_2	0	0	0
NOTCH4_2	0	0	0
TSBP1-AS1_2	0	0	0
TSBP1_2	0	0	0
HCG23_2	0	0	0
BTNL2_2	0	0	0
HLA-DRA_1	0	0	0
HLA-DRB3_1	0	0	0
HLA-DRB1_1	0	0	0
HLA-DQA1_1	0	0	0
HLA-DQB1_1	0	0	0
LOC102725019_2	0	0	0
HLA-DQA2_2	0	0	0
MIR3135B_2	0	0	0
HLA-DQB2_2	0	0	0
HLA-DOB_2	0	0	0
TAP2_2	1	0	1
PSMB8_2	0	0	0
PSMB8-AS1_2	0	0	0
TAP1_2	0	0	0
PSMB9_2	0	0	0
LOC100294145_2	0	0	0
HLA-DMB_2	0	0	0
HLA-DMA_2	0	0	0
LOC124901302_2	0	0	0
BRD2_1	0	0	0
HLA-DOA_1	0	0	0
HLA-DPA1_2	0	0	0
HLA-DPB1_2	0	0	0
HLA-DPB2_2	0	0	0
LOC105375021_2	0	0	0
HCG24_1	0	0	0
COL11A2_1	0	0	0
RXRB_1	0	0	0
SLC39A7_1	0	0	0
HSD17B8_1	1	0	1
MIR219A1_1	0	0	0
RING1_1	0	0	0
LOC105375022_1	0	0	0
HCG25_1	0	0	0
VPS52_1	0	0	0
RPS18_1	0	0	0
B3GALT4_1	0	0	0
WDR46_1	0	0	0
MIR6873_1	0	0	0
PFDN6_1	0	0	0
MIR6834_1	0	0	0
RGL2_1	0	0	0
TAPBP_1	0	0	0
ZBTB22_1	0	0	0
DAXX_1	0	0	0
SMIM40_1	0	0	0
LOC102723872_1	0	0	0
FAM157D_2	0	0	0
LOC105375113_3	0	0	0
LOC101929756_3	0	0	0
LOC105375114_2	0	0	0
LINC03015_3	0	0	0
LINC03014_3	0	0	0
LOC105375116_3	0	0	0
LOC105375115_3	0	0	0
FAM20C_3	0	0	0
LOC105379627	0	0	0
LOC105377775_2	0	0	0
LOC105379586_2	0	0	0
DLGAP2_4	0	0	0
DLGAP2-AS1_2	0	0	0
AP2A2_1	0	0	0
MUC6_2	1	1	0
DUSP8_3	0	0	0
LOC124902608_3	0	0	0
KRTAP5-AS1_3	0	0	0
KRTAP5-1_3	0	0	0
KRTAP5-2_3	0	0	0
KRTAP5-3_3	0	0	0
KRTAP5-4_3	0	0	0
KRTAP5-5_3	0	0	0
FAM99A_3	0	0	0
FAM99B_3	0	0	0
LOC124905370	0	0	0
LINC02708_3	0	0	0
KRTAP5-6_1	0	0	0
IFITM10_1	0	0	0
TAS2R7_2	0	0	0
TAS2R8_2	0	0	0
TAS2R9_2	0	0	0
TAS2R10_2	0	0	0
PRH1-PRR4_2	0	2	0
PRR4_2	0	0	0
PRH1_2	0	0	0
TAS2R13_2	0	0	0
PRH2_2	0	0	0
PRH1-TAS2R14_2	0	0	0
TAS2R14_2	0	0	0
TAS2R50_2	0	0	0
TAS2R20_2	1	0	1
TAS2R19_2	1	0	1
TAS2R31_2	1	0	1
TAS2R46_2	0	0	0
TAS2R45_1	0	0	0
TAS2R30_2	0	0	0
SMIM10L1_2	94	18	209
TAS2R42_1	0	0	0
LOC107987435_1	0	0	0
PRB3_1	0	0	0
PRB4_1	0	0	0
PRB1_1	0	0	0
TUBGCP5_3	0	0	0
GOLGA6L1_3	0	0	0
GOLGA8DP_3	0	0	0
MIR4509-1_3	0	0	0
OCA2_2	0	0	0
HERC2_2	0	0	0
LOC124905371_1	0	0	0
GOLGA6L24_3	0	0	0
GOLGA8F_3	0	0	0
MIR4509-2_3	0	0	0
LOC101059997_3	0	0	0
MIR4509-3_3	0	0	0
GOLGA8G_3	0	0	0
GOLGA6L25_3	0	0	0
HERC2P11_3	0	0	0
LOC124903450_2	0	0	0
HERC2P9_2	0	0	0
GOLGA8M_2	0	0	0
LOC107984746_2	0	0	0
WHAMMP2_2	0	0	0
LOC100289656_2	0	0	0
PDCD6IPP2_2	0	0	0
APBA2_2	0	0	0
ENTREP2_2	0	0	0
NSMCE3_2	0	0	0
LCIIAR_2	0	0	0
LOC105370743_2	0	0	0
TJP1_2	0	0	0
GOLGA8J_3	0	0	0
ULK4P3_3	0	0	0
LOC124900359_2	0	0	0
GOLGA8T_2	0	0	0
LOC101929922_1	0	0	0
LOC105370746_2	0	0	0
LOC105370747_2	0	0	0
LINC02249_2	0	0	0
CHRFAM7A_2	0	0	0
LOC105370751_2	0	0	0
LOC124900358_2	0	0	0
ULK4P2_2	0	0	0
DNM1P50_2	0	0	0
GOLGA8Q_2	0	0	0
LOC124903452_2	0	0	0
LOC105376704_2	0	0	0
GOLGA8R_2	0	0	0
ULK4P1_3	0	0	0
LOC124900357_2	0	0	0
ARHGAP11B-DT_3	0	0	0
GOLGA8H_3	0	0	0
ARHGAP11B_3	0	0	0
LOC100288637_2	0	0	0
LOC101930434_2	0	0	0
LOC124905372_1	0	0	0
LOC124900565_1	0	0	0
LOC124903453_2	0	0	0
HERC2P10_2	0	0	0
FAN1_2	0	0	0
MTMR10_2	0	0	0
TRPM1_2	0	0	0
TRPM1-AS1_2	0	0	0
MIR211_2	0	0	0
LOC107984779_1	0	0	0
LINC02352_2	0	0	0
LOC107984092_1	0	0	0
LINC03034_2	0	0	0
KLF13_2	0	0	0
LOC105370939_2	0	0	0
OTUD7A_2	0	0	0
LOC124900362_2	0	0	0
LOC124903441_2	0	0	0
CHRNA7_3	0	0	0
LOC102724078_2	0	0	0
LOC101060588_1	0	0	0
WHAMMP1_3	0	0	0
LINC02256_3	0	0	0
ARHGAP11A-DT_3	0	0	0
GOLGA8N_3	0	0	0
ARHGAP11A_3	0	0	0
ARHGAP11A-SCG5_3	0	0	0
SCG5_3	0	0	0
SCG5-AS1_3	0	0	0
LOC105370756_2	0	0	0
GREM1_3	0	0	0
GREM1-AS1_3	0	0	0
FMN1_3	0	0	0
LOC107984089_2	0	0	0
LOC124903606_2	0	0	0
RPH3AL_2	0	0	0
LOC105371425_1	0	0	0
RPH3AL-AS1_2	0	0	0
NXN_2	0	0	0
TIMM22_2	0	0	0
ABR_2	0	0	0
LOC105371481_2	0	0	0
MIR3183_2	0	0	0
CCL18_2	0	0	0
CCL3-AS1_2	0	0	0
CCL3_2	0	0	0
CCL4_2	0	0	0
LOC101927369_2	0	0	0
TBC1D3B_2	0	0	0
LOC128966715	0	0	0
LOC128966684_2	0	0	0
CCL3L3_2	0	0	0
CCL4L2_2	0	0	0
LOC105379635	0	0	0
TBC1D3G_2	0	0	0
LOC124905374	0	0	0
CCL3L1	0	0	0
CCL4L1	0	0	0
LOC105371747_2	0	0	0
TBC1D3I_2	0	0	0
LOC102724956_2	0	0	0
KRTAP29-1_3	0	0	0
KRTAP9-7_2	0	0	0
KRTAP9-6_2	0	0	0
KRTAP9-9_3	0	0	0
KRTAP9-4_3	0	0	0
KRTAP9-2_3	0	0	0
LOC105371796_2	0	0	0
ARHGAP27_2	0	0	0
PLEKHM1_2	0	0	0
MIR4315-1_2	0	0	0
LOC105369225_1	0	0	0
LRRC37A3_2	0	0	0
LRRC37A4P_1	0	0	0
MAPK8IP1P2_2	0	0	0
LINC02210_2	2	0	2
LINC02210-CRHR1_2	0	0	0
LOC105371802_2	0	0	0
LOC107985028_1	0	0	0
CRHR1_2	0	0	0
MAPT-AS1_2	0	0	0
SPPL2C_2	0	0	0
MAPT_2	0	0	0
MAPT-IT1_2	0	0	0
LOC105371800_2	0	0	0
STH_2	0	0	0
KANSL1_2	52	0	52
LOC107985027_1	0	0	0
KANSL1-AS1_2	0	0	0
LOC124904014_2	0	0	0
ARL17A_1	49	14	51
LOC124905376	0	0	0
LRRC37A2_2	28	8	36
LOC124905375	0	0	0
NSF_2	0	0	0
WNT3_2	2	0	2
LOC101929777_2	0	0	0
WNT9B_1	0	0	0
LOC105372219_2	0	0	0
LOC105372220_2	0	0	0
LOC105372221_2	0	0	0
LINC01896_2	0	0	0
SALL3_2	0	0	0
LOC105372225_2	0	0	0
VSTM1_2	0	0	0
TARM1_2	0	0	0
OSCAR_2	0	0	0
NDUFA3_2	0	0	0
TFPT_2	0	0	0
PRPF31_2	0	0	0
PRPF31-AS1_2	0	0	0
CNOT3_2	0	0	0
LOC102724273_2	0	0	0
LENG1_2	0	0	0
TMC4_2	0	0	0
MBOAT7_2	0	0	0
TSEN34_2	0	0	0
RPS9_2	0	0	0
LOC124905378	0	0	0
LOC124905377	0	0	0
MIR4752_2	0	0	0
LILRA3_1	0	0	0
LILRA5_2	0	0	0
LILRA4_1	0	0	0
LAIR1_1	0	0	0
KIR2DL2_1	0	0	0
KIR2DL4_12	0	0	0
KIR3DS1_1	0	0	0
KIR2DL5A_1	0	0	0
KIR2DS5_1	0	0	0
KIR2DS1_4	0	0	0
KIR3DL2_15	0	0	0
FCAR_3	0	0	0
NCR1_4	0	0	0
NLRP7_2	0	0	0
NLRP2_2	0	0	0
GP6-AS1_2	0	0	0
GP6_2	0	0	0
RDH13_2	0	0	0
EPS8L1_2	0	0	0
PHETA2_2	0	0	0
SMDT1_2	0	0	0
NDUFA6_3	0	0	0
NDUFA6-DT_6	0	0	0
CYP2D6_4	0	0	0
LOC101929829_1	0	0	0
LOC102723722_1	0	0	0
PPP2R3B_3	91	1	90
LOC102723840_1	0	0	0
MUC4_3	0	0	0
MUC20_3	0	0	0
MIR570HG_3	0	0	0
MIR570_3	0	0	0
SDHAP2_3	0	0	0
LOC105374297_3	0	0	0
LOC105377614_1	0	0	0
LOC105377615_1	0	0	0
LINC01262_1	0	0	0
LOC107987311	0	0	0
LOC105377616_3	0	0	0
FRG1-DT_5	0	0	0
LOC105377619_3	0	0	0
LINC01596_3	0	0	0
TRV-AAC6-1_3	0	0	0
TRR-CCG1-1_3	0	0	0
TRK-TTT7-1_3	0	0	0
TRA-TGC6-1_3	0	0	0
TRF-GAA6-1_3	0	0	0
TRF-GAA5-1_3	0	0	0
TRA-TGC1-1_3	0	0	0
TRF-GAA1-1_3	0	0	0
TRA-AGC1-1_3	0	0	0
TRA-TGC7-1_3	0	0	0
TRF-GAA3-1_3	0	0	0
TRA-AGC6-1_3	0	0	0
TRA-TGC5-1_3	0	0	0
TRF-GAA4-1_3	0	0	0
TRA-AGC2-1_3	0	0	0
LINC01623_3	0	0	0
TRA-AGC2-2_3	0	0	0
TRF-GAA1-2_3	0	0	0
TRE-CTC1-6_3	0	0	0
HCG15_3	0	0	0
TRL-AAG3-1_3	0	0	0
ZNF311_3	0	0	0
LOC105375002_3	0	0	0
OR2W1-AS1_2	0	0	0
OR2W1_3	0	0	0
OR2B3_3	0	0	0
OR2J1_3	0	0	0
OR2J3_3	0	0	0
OR2J2_3	0	0	0
LINC03003_3	0	0	0
LOC105375005_2	0	0	0
OR14J1_3	0	0	0
OR12D3_2	0	0	0
OR12D2_2	0	0	0
OR12D1_2	0	0	0
OR11A1_3	0	0	0
OR10C1_3	0	0	0
LOC105379641_3	0	0	0
OR2H1_3	0	0	0
LOC105375008_3	0	0	0
LOC124905379	0	0	0
MAS1L_3	0	0	0
LOC124901486_1	0	0	0
LINC02829_3	0	0	0
LINC01015_3	0	0	0
OR2I1_3	0	0	0
UBD_3	0	0	0
SNORD32B_3	0	0	0
OR2H2_3	0	0	0
GABBR1_3	0	0	0
MOG_3	0	0	0
ZFP57_3	0	0	0
HLA-F_2	0	0	0
HLA-F-AS1_2	0	0	0
IFITM4P_2	0	0	0
LOC107987440	0	0	0
HCG4_3	0	0	0
HLA-V_3	0	0	0
HLA-G_3	0	0	0
LOC105375010_3	0	0	0
HCP5B_3	0	0	0
LOC124905380	0	0	0
HLA-H_3	0	0	0
HCG4B_3	3	3	0
HLA-A_3	18	0	18
HCG9_2	0	0	0
POLR1HASP_3	0	0	0
HLA-J_3	0	0	0
POLR1H_3	0	0	0
PPP1R11_3	0	0	0
RNF39_3	0	0	0
TRIM31_3	0	0	0
TRIM31-AS1_3	0	0	0
LOC124900227_3	0	0	0
TRIM40_3	0	0	0
TRIM10_3	0	0	0
TRIM15_3	0	0	0
TRIM26_3	0	0	0
HCG17_3	0	0	0
HLA-L_2	0	0	0
HCG18_3	0	0	0
TRIM39_3	0	0	0
TRIM39-RPP21_3	0	0	0
RPP21_3	0	0	0
LOC105375012_2	0	0	0
HLA-E_2	0	0	0
LINC02569_3	0	0	0
GNL1_3	0	0	0
PRR3_2	0	0	0
ABCF1_2	0	0	0
MIR877_2	0	0	0
PPP1R10_2	0	0	0
MRPS18B_2	0	0	0
ATAT1_2	0	0	0
C6orf136_2	0	0	0
DHX16_3	0	0	0
PPP1R18_3	0	0	0
NRM_3	0	0	0
MDC1_3	0	0	0
MDC1-AS1_3	0	0	0
TUBB_3	0	0	0
FLOT1_3	0	0	0
IER3-AS1_2	0	0	0
IER3_2	0	0	0
HCG20_2	0	0	0
LINC00243_2	0	0	0
LINC02570_2	0	0	0
DDR1_3	10	0	10
MIR4640_2	0	0	0
GTF2H4_2	1	0	1
VARS2_2	1	0	1
SFTA2_2	0	0	0
LOC124901299_2	0	0	0
MUCL3_2	0	0	0
HCG21_2	0	0	0
MUC21_3	0	0	0
MUC22_3	0	0	0
HCG22_3	0	0	0
C6orf15_2	0	0	0
PSORS1C1_2	2	0	2
CDSN_2	0	0	0
PSORS1C2_2	0	0	0
CCHCR1_2	0	0	0
TCF19_2	0	0	0
POU5F1_2	0	0	0
PSORS1C3_2	0	0	0
HCG27_2	0	0	0
HLA-C_2	5227	10	5217
LINC02571_1	0	0	0
LOC112267902_2	0	0	0
HCG26_2	0	0	0
MICB-DT_3	0	0	0
MICB_3	0	0	0
MCCD1_3	0	0	0
ATP6V1G2-DDX39B_3	0	0	0
DDX39B_3	0	0	0
SNORD117_3	0	0	0
SNORD84_2	0	0	0
DDX39B-AS1_2	0	0	0
ATP6V1G2_2	0	0	0
NFKBIL1_2	0	0	0
LOC100287329_2	0	0	0
LTA_2	0	0	0
TNF_3	0	0	0
LTB_3	0	0	0
LST1_3	0	0	0
NCR3_3	0	0	0
AIF1_2	0	0	0
PRRC2A_2	0	0	0
SNORA38_2	0	0	0
MIR6832_2	0	0	0
BAG6_2	0	0	0
APOM_2	0	0	0
C6orf47_2	0	0	0
GPANK1_2	0	0	0
CSNK2B_2	0	0	0
LY6G5B_2	0	0	0
LY6G5C_2	0	0	0
LOC105375019_2	0	0	0
ABHD16A_2	0	0	0
LOC105375018_2	0	0	0
MIR4646_2	0	0	0
LY6G6F-LY6G6D_2	0	0	0
LY6G6F_2	0	0	0
LY6G6E_2	0	0	0
LY6G6D_2	0	0	0
LY6G6C_2	0	0	0
MPIG6B_2	0	0	0
DDAH2_2	0	0	0
CLIC1_2	0	0	0
MSH5-SAPCD1_3	0	0	0
MSH5_3	0	0	0
SAPCD1_3	0	0	0
SAPCD1-AS1_3	0	0	0
VWA7_3	0	0	0
VARS1_3	0	0	0
LSM2_3	0	0	0
HSPA1L_3	0	0	0
HSPA1A_3	0	0	0
HSPA1B_3	0	0	0
SNHG32_3	0	0	0
SNORD48_3	0	0	0
SNORD52_3	0	0	0
NEU1_3	0	0	0
SLC44A4_3	0	0	0
EHMT2-AS1_3	0	0	0
EHMT2_3	0	0	0
C2_2	0	0	0
ZBTB12_2	0	0	0
C2-AS1_2	0	0	0
CFB_2	0	0	0
NELFE_2	0	0	0
MIR1236_1	0	0	0
SKIC2_2	0	0	0
DXO_2	0	0	0
WHR1_2	0	0	0
C4A_1	0	0	0
CYP21A1P_1	0	0	0
TNXA_1	0	0	0
C4B_2	0	0	0
CYP21A2_2	0	0	0
TNXB_3	0	0	0
LOC124905381	0	0	0
ATF6B_2	1	0	1
FKBPL_2	1	0	1
PRRT1_3	0	0	0
LOC100507547_3	0	0	0
PPT2_3	0	0	0
PPT2-EGFL8_3	0	0	0
TSBP1-AS1_3	0	0	0
TSBP1_3	0	0	0
HCG23_3	0	0	0
BTNL2_3	0	0	0
HLA-DRA_2	0	0	0
HLA-DRB1_2	0	0	0
HLA-DQA1_2	0	0	0
HLA-DQB1_2	0	0	0
HLA-DQB1-AS1_1	0	0	0
LOC102725019_3	0	0	0
HLA-DQA2_3	0	0	0
MIR3135B_3	0	0	0
HLA-DQB2_3	0	0	0
HLA-DOB_3	0	0	0
TAP2_3	0	0	0
PSMB8_3	0	0	0
PSMB8-AS1_3	0	0	0
TAP1_3	0	0	0
PSMB9_3	0	0	0
LOC124905382	0	0	0
LOC100294145_3	0	0	0
LOC124905383	0	0	0
HLA-DMB_3	0	0	0
BRD2_2	5	0	5
HLA-DMA_3	0	0	0
HLA-DOA_2	0	0	0
HLA-DPA1_3	0	0	0
HLA-DPB1_3	0	0	0
HLA-DPB2_3	0	0	0
LOC105375021_3	0	0	0
HCG24_2	0	0	0
COL11A2_2	0	0	0
RXRB_2	0	0	0
SLC39A7_2	0	0	0
HSD17B8_2	0	0	0
MIR219A1_2	0	0	0
RING1_2	0	0	0
LOC105375022_2	0	0	0
HCG25_2	0	0	0
VPS52_2	0	0	0
RPS18_2	0	0	0
B3GALT4_2	0	0	0
WDR46_2	0	0	0
MIR6873_2	0	0	0
PFDN6_2	0	0	0
MIR6834_2	0	0	0
RGL2_2	0	0	0
TAPBP_2	0	0	0
ZBTB22_2	0	0	0
DAXX_2	0	0	0
SMIM40_2	0	0	0
DLGAP2-AS1_3	0	0	0
DLGAP2_5	0	0	0
LOC124901870_1	0	0	0
LOC105377778_1	0	0	0
CLN8_1	0	0	0
CLN8-AS1_1	0	0	0
MIR3674_1	0	0	0
LOC105377779_1	0	0	0
AP2A2_2	1	0	1
MUC6_3	0	0	0
LOC124905385	0	0	0
LOC124902605_2	0	0	0
LINC02688_2	0	0	0
LOC107987157_2	0	0	0
MUC2_2	0	0	0
VSTM1_3	0	0	0
TARM1_3	0	0	0
OSCAR_3	0	0	0
NDUFA3_3	0	0	0
TFPT_3	0	0	0
LOC124905386	0	0	0
PRPF31_3	0	0	0
PRPF31-AS1_3	0	0	0
CNOT3_3	0	0	0
LOC102724273_3	0	0	0
LENG1_3	0	0	0
TMC4_3	0	0	0
MBOAT7_3	0	0	0
TSEN34_3	0	0	0
RPS9_3	0	0	0
LOC107987441	0	0	0
LOC112267881_1	0	0	0
KIR3DL1_10	0	0	0
KIR2DS4_10	0	0	0
KIR3DL2_16	0	0	0
NCR1_5	0	0	0
NLRP7_3	0	0	0
NLRP2_3	0	0	0
GP6-AS1_3	0	0	0
GP6_3	0	0	0
RDH13_3	0	0	0
EPS8L1_3	0	0	0
PHETA2_3	0	0	0
SMDT1_3	0	0	0
NDUFA6_4	0	0	0
NDUFA6-DT_7	0	0	0
CYP2D6_5	5	0	5
LOC102723722_2	1	1	0
CYP2D7_7	3	0	3
LOC105377203_1	0	0	0
TCF20_7	0	0	0
MUC4_4	0	0	0
MUC20_4	0	0	0
LOC124905391	0	0	0
MIR570HG_4	0	0	0
MIR570_4	0	0	0
SDHAP2_4	0	0	0
LOC105374297_4	0	0	0
LOC105374298	0	0	0
TRV-AAC6-1_4	0	0	0
TRR-CCG1-1_4	0	0	0
TRK-TTT7-1_4	0	0	0
TRA-TGC6-1_4	0	0	0
TRF-GAA6-1_4	0	0	0
TRF-GAA5-1_4	0	0	0
TRA-TGC1-1_4	0	0	0
TRF-GAA1-1_4	0	0	0
TRA-AGC1-1_4	0	0	0
TRA-TGC7-1_4	0	0	0
TRF-GAA3-1_4	0	0	0
TRA-AGC6-1_4	0	0	0
TRA-TGC5-1_4	0	0	0
TRF-GAA4-1_4	0	0	0
TRA-AGC2-1_4	0	0	0
LINC01623_4	0	0	0
TRA-AGC2-2_4	0	0	0
TRIM27_3	0	0	0
TRL-CAA1-2_2	0	0	0
TRQ-CTG1-3_2	0	0	0
TRL-AAG2-2_2	0	0	0
LINC01556_2	0	0	0
TRM-CAT3-1_2	0	0	0
TRK-TTT3-3_2	0	0	0
TRM-CAT3-2_2	0	0	0
TRF-GAA1-2_4	0	0	0
TRE-CTC1-6_4	0	0	0
HCG15_4	0	0	0
TRL-AAG3-1_4	0	0	0
ZNF311_4	0	0	0
LOC105375002_4	0	0	0
OR2W1-AS1_3	0	0	0
OR2W1_4	0	0	0
OR2B3_4	0	0	0
OR2J1_4	0	0	0
OR2J3_4	0	0	0
OR2J2_4	0	0	0
LINC03003_4	0	0	0
LOC105375005_3	0	0	0
OR14J1_4	0	0	0
OR5V1_2	0	0	0
OR12D3_3	0	0	0
OR12D2_3	0	0	0
OR12D1_3	0	0	0
OR11A1_4	0	0	0
OR10C1_4	0	0	0
LOC105379641_4	0	0	0
OR2H1_4	0	0	0
LOC105375008_4	0	0	0
LOC124905387	0	0	0
MAS1L_4	0	0	0
LINC02829_4	0	0	0
LINC01015_4	0	0	0
OR2I1_4	0	0	0
UBD_4	0	0	0
SNORD32B_4	0	0	0
OR2H2_4	0	0	0
GABBR1_4	0	0	0
MOG_4	0	0	0
ZFP57_4	0	0	0
HLA-F_3	0	0	0
HLA-F-AS1_3	0	0	0
IFITM4P_3	0	0	0
LOC107987443	0	0	0
HCG4_4	0	0	0
HLA-V_4	0	0	0
HLA-G_4	0	0	0
LOC105375010_4	0	0	0
HCP5B_4	0	0	0
LOC124905390	0	27	0
HLA-H_4	0	0	0
HCG4B_4	0	0	0
HLA-A_4	65	0	65
HCG9_3	0	0	0
POLR1HASP_4	0	0	0
HLA-J_4	0	0	0
POLR1H_4	0	0	0
PPP1R11_4	0	0	0
RNF39_4	0	0	0
TRIM31_4	0	0	0
TRIM31-AS1_4	0	0	0
LOC124900227_4	0	0	0
TRIM40_4	0	0	0
TRIM10_4	0	0	0
TRIM15_4	0	0	0
TRIM26_4	51	0	51
HCG17_4	1	0	1
HLA-L_3	0	0	0
HCG18_4	189	0	189
TRIM39_4	0	1	1
TRIM39-RPP21_4	0	0	0
RPP21_4	0	0	0
LOC105375012_3	0	0	0
HLA-E_3	0	0	0
LINC02569_4	0	0	0
GNL1_4	0	0	0
PRR3_3	0	0	0
ABCF1_3	0	0	0
MIR877_3	0	0	0
PPP1R10_3	0	0	0
MRPS18B_3	0	0	0
ATAT1_3	0	0	0
C6orf136_3	0	0	0
DHX16_4	0	0	0
PPP1R18_4	0	0	0
NRM_4	0	0	0
MDC1_4	0	0	0
MDC1-AS1_4	0	0	0
TUBB_4	0	0	0
FLOT1_4	2	0	2
IER3-AS1_3	0	0	0
IER3_3	0	0	0
HCG20_3	0	0	0
LINC00243_3	0	0	0
LINC02570_3	0	0	0
DDR1_4	0	0	0
MIR4640_3	0	0	0
GTF2H4_3	0	0	0
VARS2_3	0	0	0
SFTA2_3	0	0	0
MUC21_4	0	0	0
MUC22_4	0	0	0
HCG22_4	0	0	0
C6orf15_3	0	0	0
PSORS1C1_3	0	0	0
CDSN_3	0	0	0
PSORS1C2_3	0	0	0
CCHCR1_3	0	0	0
TCF19_3	0	0	0
POU5F1_3	0	0	0
PSORS1C3_3	0	0	0
HLA-C_3	4576	4	4572
LINC02571_2	0	0	0
HLA-B_2	5	0	5
MIR6891_2	0	0	0
LOC124901300_2	0	0	0
MICA-AS1_2	1	0	1
MICA_2	14	0	14
LINC01149_2	0	0	0
MICB_4	0	0	0
MCCD1_4	0	0	0
ATP6V1G2-DDX39B_4	0	0	0
DDX39B_4	0	0	0
SNORD117_4	0	0	0
SNORD84_3	0	0	0
DDX39B-AS1_3	0	0	0
ATP6V1G2_3	0	0	0
NFKBIL1_3	0	0	0
LOC100287329_3	0	0	0
LTA_3	0	0	0
TNF_4	0	0	0
LTB_4	0	0	0
LST1_4	0	0	0
NCR3_4	0	0	0
PRRC2A_3	3	0	3
SNORA38_3	0	0	0
MIR6832_3	0	0	0
BAG6_3	0	0	0
APOM_3	0	0	0
C6orf47_3	0	0	0
GPANK1_3	0	0	0
CSNK2B_3	0	0	0
LY6G5B_3	0	0	0
LY6G5C_3	0	0	0
LOC105375019_3	0	0	0
ABHD16A_3	0	0	0
MIR4646_3	0	0	0
LY6G6F-LY6G6D_3	0	0	0
LY6G6F_3	0	0	0
LY6G6E_3	0	0	0
LY6G6D_3	0	0	0
LY6G6C_3	0	0	0
MPIG6B_3	0	0	0
DDAH2_3	0	0	0
CLIC1_3	0	0	0
LOC105375020_1	0	0	0
MSH5-SAPCD1_4	0	0	0
MSH5_4	0	0	0
NEU1_4	0	0	0
C2_3	1	0	1
C2-AS1_3	2	0	2
CFB_3	444	1	443
TNXB_4	0	0	0
LOC124905388	0	0	0
PRRT1_4	0	0	0
LOC100507547_4	0	60	0
PPT2_4	0	0	0
PPT2-EGFL8_4	0	0	0
EGFL8_3	0	0	0
AGPAT1_3	341	11	341
MIR6721_3	0	0	0
RNF5_3	0	0	0
MIR6833_3	0	0	0
AGER_3	0	0	0
PBX2_3	6	0	6
GPSM3_3	0	0	0
NOTCH4_3	0	0	0
TSBP1-AS1_4	0	0	0
TSBP1_4	0	0	0
HCG23_4	0	0	0
BTNL2_4	0	0	0
HLA-DRA_3	0	0	0
HLA-DRB4	0	0	0
HLA-DRB1_3	0	0	0
HLA-DQA1_3	0	0	0
HLA-DQB1_3	0	0	0
LOC102725019_4	0	0	0
HLA-DQA2_4	0	0	0
MIR3135B_4	0	0	0
HLA-DQB2_4	0	0	0
TAP2_4	0	0	0
PSMB8_4	0	0	0
PSMB8-AS1_4	0	0	0
TAP1_4	0	0	0
PSMB9_4	0	0	0
LOC124905389	0	0	0
LOC100294145_4	0	0	0
HLA-DMB_4	0	0	0
HLA-DMA_4	0	0	0
LOC124901302_3	1	0	1
BRD2_3	429	0	429
HLA-DOA_3	0	0	0
HLA-DPA1_4	0	0	0
HLA-DPB1_4	0	0	0
HLA-DPB2_4	0	0	0
LOC105375021_4	0	0	0
HCG24_3	0	0	0
COL11A2_3	0	0	0
RXRB_3	0	0	0
SLC39A7_3	0	0	0
HSD17B8_3	0	0	0
MIR219A1_3	0	0	0
RING1_3	0	0	0
LOC105375022_3	0	0	0
HCG25_3	0	0	0
VPS52_3	0	0	0
VSTM1_4	0	0	0
TARM1_4	0	0	0
OSCAR_4	0	0	0
NDUFA3_4	0	0	0
TFPT_4	0	0	0
PRPF31_4	0	0	0
PRPF31-AS1_4	0	0	0
CNOT3_4	0	0	0
LOC102724273_4	0	0	0
LENG1_4	0	0	0
TMC4_4	0	0	0
MBOAT7_4	0	0	0
TSEN34_4	0	0	0
RPS9_4	0	0	0
LOC112268336	0	0	0
KIR3DL3_16	0	0	0
LOC101928804_15	0	0	0
KIR2DS1_5	0	0	0
KIR3DL2_17	0	0	0
NCR1_6	0	0	0
NLRP7_4	0	0	0
NLRP2_4	0	0	0
GP6-AS1_4	0	0	0
GP6_4	0	0	0
RDH13_4	0	0	0
EPS8L1_4	0	0	0
LOC105374297_5	0	0	0
SDHAP2_5	0	0	0
MIR570HG_5	0	0	0
MIR570_5	0	0	0
MUC20_5	0	0	0
MUC4_5	0	0	0
LOC124905352_2	0	0	0
TRV-AAC6-1_5	0	0	0
TRR-CCG1-1_5	0	0	0
TRK-TTT7-1_5	0	0	0
TRA-TGC6-1_5	0	0	0
TRF-GAA6-1_5	0	0	0
TRF-GAA5-1_5	0	0	0
TRA-TGC1-1_5	0	0	0
TRF-GAA1-1_5	0	0	0
TRA-AGC1-1_5	0	0	0
TRA-TGC7-1_5	0	0	0
TRF-GAA3-1_5	0	0	0
TRA-AGC6-1_5	0	0	0
TRA-TGC5-1_5	0	0	0
TRF-GAA4-1_5	0	0	0
TRA-AGC2-1_5	0	0	0
LINC01623_5	0	0	0
TRA-AGC2-2_5	0	0	0
TRR-CCG1-2_3	0	0	0
TRL-CAA1-1_3	0	0	0
HCG14_3	0	0	0
TRIM27_4	0	0	0
TRL-CAA1-2_3	0	0	0
TRQ-CTG1-3_3	0	0	0
TRL-AAG2-2_3	0	0	0
LINC01556_3	0	0	0
TRM-CAT3-1_3	0	0	0
TRK-TTT3-3_3	0	0	0
TRM-CAT3-2_3	0	0	0
LOC105375002_5	0	0	0
OR2W1-AS1_4	0	0	0
OR2W1_5	0	0	0
OR2B3_5	0	0	0
OR2J1_5	0	0	0
OR2J3_5	0	0	0
OR2J2_5	0	0	0
LINC03003_5	0	0	0
OR14J1_5	0	0	0
LOC105375005_4	0	0	0
OR5V1_3	0	0	0
OR12D3_4	0	0	0
OR12D2_4	0	0	0
OR12D1_4	0	0	0
OR11A1_5	0	0	0
OR10C1_5	0	0	0
OR2H1_5	0	0	0
LOC105375008_5	0	0	0
LOC124905392	0	0	0
MAS1L_5	0	0	0
LOC124901486_2	0	0	0
LINC02829_5	0	0	0
LINC01015_5	0	0	0
OR2I1_5	0	0	0
UBD_5	0	0	0
SNORD32B_5	0	0	0
OR2H2_5	0	0	0
GABBR1_5	0	0	0
MOG_5	0	0	0
ZFP57_5	0	0	0
HLA-F_4	0	0	0
HLA-F-AS1_4	0	0	0
IFITM4P_4	0	0	0
LOC107987447	0	0	0
HCG4_5	0	0	0
HLA-V_5	0	0	0
HLA-G_5	0	0	0
LOC105375010_5	0	0	0
HCP5B_5	0	0	0
HLA-H_5	0	0	0
HLA-A_5	0	0	0
HCG9_4	0	0	0
POLR1HASP_5	0	0	0
HLA-J_5	0	0	0
POLR1H_5	0	0	0
PPP1R11_5	0	0	0
RNF39_5	0	0	0
TRIM31_5	0	0	0
TRIM31-AS1_5	0	0	0
LOC124900227_5	0	0	0
TRIM40_5	0	0	0
TRIM10_5	0	0	0
TRIM15_5	0	0	0
TRIM26_5	0	0	0
LOC105375012_4	0	0	0
HLA-E_4	0	0	0
LINC02569_5	0	0	0
GNL1_5	0	0	0
PRR3_4	0	0	0
ABCF1_4	0	0	0
MIR877_4	0	0	0
PPP1R10_4	0	0	0
MRPS18B_4	0	0	0
ATAT1_4	0	0	0
C6orf136_4	0	0	0
DHX16_5	0	0	0
PPP1R18_5	0	0	0
NRM_5	0	0	0
MDC1_5	0	0	0
MDC1-AS1_5	0	0	0
TUBB_5	0	0	0
FLOT1_5	0	0	0
LINC02570_4	0	0	0
DDR1_5	4	0	4
MIR4640_4	0	0	0
GTF2H4_4	0	0	0
VARS2_4	0	0	0
SFTA2_4	0	0	0
LOC124901299_3	0	0	0
MUCL3_3	0	0	0
HCG21_3	0	0	0
MUC21_5	0	0	0
MUC22_5	0	0	0
HCG22_5	0	0	0
C6orf15_4	0	0	0
PSORS1C1_4	0	0	0
CDSN_4	0	0	0
PSORS1C2_4	0	0	0
CCHCR1_4	0	0	0
TCF19_4	0	0	0
POU5F1_4	0	0	0
PSORS1C3_4	0	0	0
HCG27_3	10	0	10
HLA-C_4	8	0	8
LOC112267902_3	0	0	0
HLA-B_3	1112	0	1112
HCP5_2	0	0	0
HCG26_3	0	0	0
MICB-DT_4	0	7	6
MICB_5	166	6	173
MCCD1_5	0	0	0
ATP6V1G2-DDX39B_5	0	0	2
DDX39B_5	0	0	0
SNORD117_5	0	0	0
SNORD84_4	0	0	0
DDX39B-AS1_4	2	5	0
ATP6V1G2_4	0	0	0
NFKBIL1_4	0	0	0
LOC100287329_4	0	0	0
LTA_4	0	0	0
TNF_5	0	0	0
LTB_5	0	0	0
LST1_5	0	0	0
NCR3_5	0	0	0
AIF1_3	0	0	0
PRRC2A_4	1	0	1
SNORA38_4	0	0	0
MIR6832_4	0	0	0
BAG6_4	0	0	0
APOM_4	0	0	0
C6orf47_4	0	0	0
GPANK1_4	0	0	0
CSNK2B_4	0	0	0
LY6G5B_4	0	0	0
LY6G5C_4	0	0	0
LOC105375019_4	0	0	0
ABHD16A_4	0	0	0
LOC105375018_3	0	0	0
MIR4646_4	0	0	0
LY6G6F-LY6G6D_4	0	0	0
LY6G6F_4	0	0	0
LY6G6E_4	0	0	0
LY6G6D_4	0	0	0
LY6G6C_4	0	0	0
MPIG6B_4	0	0	0
DDAH2_4	0	0	0
CLIC1_4	0	0	0
MSH5-SAPCD1_5	0	0	0
MSH5_5	0	0	0
SAPCD1_4	0	0	0
SAPCD1-AS1_4	0	0	0
VWA7_4	0	0	0
VARS1_4	0	0	0
LSM2_4	0	0	0
NEU1_5	0	0	0
SLC44A4_4	0	0	0
EHMT2-AS1_4	0	0	0
EHMT2_4	0	0	0
C2_4	0	0	0
ZBTB12_3	0	0	0
C2-AS1_4	0	0	0
CFB_4	0	0	0
NELFE_3	0	0	0
MIR1236_2	0	0	0
SKIC2_3	0	0	0
DXO_3	0	0	0
WHR1_3	0	0	0
TNXA_2	0	0	0
LOC110384692	0	0	0
CYP21A2_3	0	0	0
TNXB_5	0	0	0
ATF6B_3	0	0	0
FKBPL_3	0	0	0
PRRT1_5	0	0	0
LOC100507547_5	0	0	0
PPT2_5	0	0	0
PPT2-EGFL8_5	0	0	0
EGFL8_4	0	0	0
AGPAT1_4	0	0	0
MIR6721_4	0	0	0
RNF5_4	0	0	0
MIR6833_4	0	0	0
AGER_4	0	0	0
PBX2_4	0	0	0
GPSM3_4	0	0	0
NOTCH4_4	0	0	0
TSBP1-AS1_5	0	0	0
TSBP1_5	0	0	0
HCG23_5	0	0	0
BTNL2_5	0	0	0
HLA-DRA_4	0	0	0
HLA-DRB4_1	0	0	0
HLA-DQA1_4	0	0	0
HLA-DQB1_4	0	0	0
HLA-DQB1-AS1_2	0	0	0
LOC102725019_5	0	0	0
HLA-DQA2_5	0	0	0
MIR3135B_5	0	0	0
HLA-DQB2_5	0	0	0
HLA-DOB_4	0	0	0
TAP2_5	3	0	3
PSMB8_5	0	0	0
PSMB8-AS1_5	0	0	0
TAP1_5	0	0	0
PSMB9_5	0	0	0
LOC100294145_5	0	0	0
HLA-DMB_5	0	0	0
HLA-DMA_5	0	0	0
LOC128966717	0	0	0
LOC124901302_4	0	0	0
BRD2_4	0	0	0
HLA-DOA_4	0	0	0
HLA-DPA1_5	0	0	0
HLA-DPB1_5	0	0	0
HLA-DPB2_5	0	0	0
COL11A2_4	0	0	0
RXRB_4	17	0	17
SLC39A7_4	0	0	0
HSD17B8_4	0	0	0
MIR219A1_4	0	0	0
RING1_4	0	0	0
LOC105375022_4	0	0	0
HCG25_4	0	0	0
VPS52_4	0	0	0
RPS18_3	0	0	0
B3GALT4_3	0	0	0
WDR46_3	0	0	0
MIR6873_3	0	0	0
PFDN6_3	0	0	0
MIR6834_3	0	0	0
RGL2_3	0	0	0
TAPBP_3	0	0	0
ZBTB22_3	0	0	0
DAXX_3	3	0	3
SMIM40_3	0	0	0
VSTM1_5	0	0	0
TARM1_5	0	0	0
OSCAR_5	0	0	0
NDUFA3_5	0	0	0
TFPT_5	0	0	0
PRPF31_5	0	0	0
PRPF31-AS1_5	0	0	0
CNOT3_5	0	0	0
LOC102724273_5	0	0	0
LENG1_5	0	0	0
TMC4_5	0	0	0
MBOAT7_5	0	0	0
TSEN34_5	0	0	0
RPS9_5	0	0	0
LOC112268337	0	0	0
KIR2DS4_11	0	0	0
KIR3DL2_18	0	0	0
NCR1_7	0	0	0
NLRP7_5	0	0	0
NLRP2_5	0	0	0
GP6-AS1_5	0	0	0
GP6_5	0	0	0
RDH13_5	0	0	0
EPS8L1_5	0	0	0
MUC4_6	0	0	0
MUC20_6	0	0	0
LOC124905398	0	0	0
MIR570HG_6	0	0	0
LOC112268339	1	1	0
MIR570_6	0	0	0
SDHAP2_6	0	0	0
LOC105374297_6	0	0	0
TRV-AAC6-1_6	0	0	0
TRR-CCG1-1_6	0	0	0
TRK-TTT7-1_6	0	0	0
TRA-TGC6-1_6	0	0	0
TRF-GAA6-1_6	0	0	0
TRF-GAA5-1_6	0	0	0
TRA-TGC1-1_6	0	0	0
TRF-GAA1-1_6	0	0	0
TRA-AGC1-1_6	0	0	0
TRA-TGC7-1_6	0	0	0
TRF-GAA3-1_6	0	0	0
TRA-AGC6-1_6	0	0	0
TRA-TGC5-1_6	0	0	0
TRF-GAA4-1_6	0	0	0
TRA-AGC2-1_6	0	0	0
LINC01623_6	0	0	0
TRA-AGC2-2_6	0	0	0
TRR-CCG1-2_4	0	0	0
TRL-CAA1-1_4	0	0	0
HCG14_4	0	0	0
TRIM27_5	0	0	0
TRL-CAA1-2_4	0	0	0
TRQ-CTG1-3_4	0	0	0
TRL-AAG2-2_4	0	0	0
LINC01556_4	0	0	0
TRM-CAT3-1_4	0	0	0
TRK-TTT3-3_4	0	0	0
TRM-CAT3-2_4	0	0	0
TRF-GAA1-2_5	0	0	0
TRE-CTC1-6_5	0	0	0
HCG15_5	0	0	0
TRL-AAG3-1_5	0	0	0
ZNF311_5	0	0	0
LOC105375002_6	0	0	0
OR2W1-AS1_5	0	0	0
OR2W1_6	0	0	0
OR2B3_6	0	0	0
OR2J1_6	0	0	0
OR2J3_6	0	0	0
OR2J2_6	0	0	0
OR12D1_5	0	0	0
OR11A1_6	0	0	0
OR10C1_6	0	0	0
LOC105379641_5	0	0	0
OR2H1_6	0	0	0
LOC105375008_6	0	0	0
LOC124905393	0	0	0
MAS1L_6	0	0	0
LINC02829_6	0	0	0
LINC01015_6	0	0	0
OR2I1_6	0	0	0
UBD_6	0	0	0
SNORD32B_6	0	0	0
OR2H2_6	0	0	0
GABBR1_6	0	0	0
MOG_6	0	0	0
ZFP57_6	0	0	0
HLA-F_5	0	0	0
HLA-F-AS1_5	0	0	0
IFITM4P_5	0	0	0
LOC107987452	0	0	0
HCG4_6	0	0	0
HLA-V_6	0	0	0
HLA-G_6	0	0	0
HCP5B_6	0	0	0
LOC124905394	0	0	0
HLA-H_6	0	0	0
HCG4B_5	0	0	0
HLA-A_6	5119	9	5110
HCG9_5	0	0	0
POLR1HASP_6	18	0	18
HLA-J_6	0	0	0
POLR1H_6	39	0	39
PPP1R11_6	220	0	221
RNF39_6	50	48	3
TRIM31_6	0	0	0
TRIM31-AS1_6	0	0	0
LOC124900227_6	0	0	0
TRIM40_6	0	0	0
TRIM10_6	0	0	0
TRIM15_6	0	0	0
TRIM26_6	0	0	0
HCG17_5	0	0	0
HLA-L_4	0	0	0
HCG18_5	0	0	0
TRIM39_5	0	0	0
TRIM39-RPP21_5	0	0	0
RPP21_5	0	0	0
LOC105375012_5	0	0	0
HLA-E_5	0	0	0
LINC02569_6	0	0	0
GNL1_6	0	0	0
PRR3_5	0	0	0
ABCF1_5	0	0	0
MIR877_5	0	0	0
PPP1R10_5	0	0	0
MRPS18B_5	0	0	0
ATAT1_5	0	0	0
C6orf136_5	0	0	0
DHX16_6	0	0	0
PPP1R18_6	0	0	0
NRM_6	0	0	0
MDC1_6	0	0	0
MDC1-AS1_6	0	0	0
TUBB_6	10	0	10
FLOT1_6	0	0	0
IER3-AS1_4	0	0	0
IER3_4	0	0	0
HCG20_4	0	0	0
LOC124905395	0	0	0
LINC00243_4	0	0	0
LINC02570_5	0	0	0
DDR1_6	0	0	0
MIR4640_5	0	0	0
GTF2H4_5	0	0	0
VARS2_5	0	0	0
SFTA2_5	0	0	0
LOC124901299_4	0	0	0
MUCL3_4	0	0	0
HCG21_4	0	0	0
MUC21_6	0	0	0
MUC22_6	0	0	0
HCG22_6	0	0	0
C6orf15_5	0	0	0
PSORS1C1_5	3	0	3
CDSN_5	2	1	1
PSORS1C2_5	2	2	0
CCHCR1_5	3	0	3
TCF19_5	0	0	0
POU5F1_5	0	0	0
PSORS1C3_5	0	0	0
HCG27_4	0	0	0
HLA-C_5	0	0	0
LINC02571_3	0	0	0
HLA-B_4	2	0	2
LOC105379656	0	0	0
LOC124901300_3	0	0	0
MICA-AS1_3	14	0	14
MICA_3	0	0	0
HCG26_4	0	0	0
MICB-DT_5	0	0	0
MICB_6	3	0	3
MCCD1_6	0	0	0
ATP6V1G2-DDX39B_6	0	0	0
DDX39B_6	0	0	0
SNORD117_6	0	0	0
SNORD84_5	0	0	0
DDX39B-AS1_5	0	0	0
ATP6V1G2_5	0	0	0
NFKBIL1_5	0	0	0
LOC100287329_5	0	0	0
LTA_5	0	0	0
TNF_6	0	0	0
LTB_6	0	0	0
LST1_6	0	0	0
NCR3_6	0	0	0
AIF1_4	0	0	0
PRRC2A_5	0	0	0
SNORA38_5	0	0	0
MIR6832_5	0	0	0
BAG6_5	0	0	0
APOM_5	0	0	0
C6orf47_5	0	0	0
GPANK1_5	0	0	0
CSNK2B_5	0	0	0
LY6G5B_5	0	0	0
LY6G5C_5	0	0	0
LOC105375019_5	0	0	0
ABHD16A_5	0	0	0
LOC105375018_4	0	0	0
MIR4646_5	0	0	0
LY6G6F-LY6G6D_5	0	0	0
LY6G6F_5	0	0	0
LY6G6E_5	0	0	0
LY6G6D_5	0	0	0
LY6G6C_5	0	0	0
MPIG6B_5	0	0	0
DDAH2_5	0	0	0
CLIC1_5	1	0	1
LOC105375020_2	0	0	0
MSH5-SAPCD1_6	0	0	0
MSH5_6	0	0	0
VARS1_5	0	0	0
LSM2_5	2	0	2
HSPA1L_4	0	0	0
HSPA1A_4	372	0	372
HSPA1B_4	134	0	134
SNHG32_4	0	0	0
SNORD48_4	0	0	0
SNORD52_4	0	0	0
NEU1_6	0	0	0
SLC44A4_5	0	0	0
EHMT2-AS1_5	0	0	0
EHMT2_5	1	0	1
C2_5	0	9	0
ZBTB12_4	24	0	33
C2-AS1_5	0	0	0
CFB_5	1	0	1
NELFE_4	0	0	0
MIR1236_3	0	0	0
SKIC2_4	0	0	0
DXO_4	0	0	0
WHR1_4	0	0	0
C4A_2	2	0	2
CYP21A2_4	0	0	0
TNXB_6	0	0	0
PRRT1_6	0	0	0
LOC100507547_6	0	0	0
PPT2_6	0	0	0
PPT2-EGFL8_6	0	0	0
EGFL8_5	0	0	0
AGPAT1_5	0	0	0
MIR6721_5	0	0	0
RNF5_5	0	0	0
MIR6833_5	0	0	0
AGER_5	0	0	0
PBX2_5	0	0	0
GPSM3_5	0	0	0
NOTCH4_5	0	0	0
TSBP1-AS1_6	0	0	0
TSBP1_6	0	0	0
HCG23_6	0	0	0
BTNL2_6	0	0	0
HLA-DRA_5	0	0	0
HLA-DRB3_2	0	0	0
HLA-DRB1_4	0	0	0
HLA-DQA1_5	0	0	0
HLA-DQB1_5	0	0	0
LOC102725019_6	0	0	0
HLA-DQA2_6	0	0	0
MIR3135B_6	0	0	0
HLA-DQB2_6	0	0	0
TAP2_6	0	0	0
PSMB8_6	0	0	0
PSMB8-AS1_6	0	0	0
TAP1_6	0	0	0
PSMB9_6	0	0	0
LOC124905396	0	0	0
LOC100294145_6	0	0	0
HLA-DMB_6	0	0	0
HLA-DMA_6	0	0	0
LOC124901302_5	0	0	0
BRD2_5	9	0	9
HLA-DOA_5	0	0	0
HLA-DPA1_6	0	0	0
HLA-DPB1_6	0	0	0
HLA-DPB2_6	0	0	0
LOC105375021_5	0	0	0
HCG24_4	0	0	0
COL11A2_5	0	0	0
RXRB_5	0	0	0
SLC39A7_5	0	0	0
HSD17B8_5	0	0	0
MIR219A1_5	0	0	0
RING1_5	0	0	0
LOC105375022_5	0	0	0
HCG25_5	0	0	0
VPS52_5	0	0	0
RPS18_4	0	0	0
B3GALT4_4	0	0	0
WDR46_4	0	0	0
MIR6873_4	0	0	0
PFDN6_4	0	0	0
MIR6834_4	0	0	0
RGL2_4	11	0	11
TAPBP_4	38	0	38
ZBTB22_4	0	0	0
DAXX_4	4	0	4
SMIM40_4	0	0	0
KIFC1_1	1	0	1
VSTM1_6	0	0	0
TARM1_6	0	0	0
OSCAR_6	0	0	0
NDUFA3_6	0	0	0
TFPT_6	0	0	0
LOC124905399	0	0	0
PRPF31_6	0	0	0
PRPF31-AS1_6	0	0	0
CNOT3_6	0	0	0
LOC102724273_6	0	0	0
LENG1_6	0	0	0
TMC4_6	0	0	0
MBOAT7_6	0	0	0
TSEN34_6	0	0	0
RPS9_6	0	0	0
LOC112268340	0	0	0
KIR3DL3_17	0	0	0
KIR2DL3_13	0	0	0
LOC101928804_16	0	0	0
KIR2DL1_11	0	0	0
KIR3DL2_19	0	0	0
NCR1_8	0	0	0
NLRP7_6	0	0	0
NLRP2_6	0	0	0
GP6-AS1_6	0	0	0
GP6_6	0	0	0
RDH13_6	0	0	0
EPS8L1_6	0	0	0
MUC4_7	0	0	0
MUC20_7	0	0	0
LOC124905401	0	0	0
MIR570HG_7	0	0	0
MIR570_7	0	0	0
SDHAP2_7	0	0	0
LOC105374297_7	0	0	0
TRA-AGC5-1_2	0	0	0
TRA-AGC7-1_2	0	0	0
TRT-AGT3-1_2	0	0	0
TRA-CGC4-1_2	0	0	0
TRV-AAC6-1_7	0	0	0
TRR-CCG1-1_7	0	0	0
TRK-TTT7-1_7	0	0	0
TRA-TGC6-1_7	0	0	0
TRF-GAA6-1_7	0	0	0
TRF-GAA5-1_7	0	0	0
TRA-TGC1-1_7	0	0	0
TRF-GAA1-1_7	0	0	0
TRA-AGC1-1_7	0	0	0
TRA-TGC7-1_7	0	0	0
TRF-GAA3-1_7	0	0	0
TRA-AGC6-1_7	0	0	0
TRA-TGC5-1_7	0	0	0
TRF-GAA4-1_7	0	0	0
TRA-AGC2-1_7	0	0	0
LINC01623_7	0	0	0
TRA-AGC2-2_7	0	0	0
TRR-CCG1-2_5	0	0	0
TRL-CAA1-1_5	0	0	0
HCG14_5	0	0	0
TRIM27_6	0	0	0
TRL-CAA1-2_5	0	0	0
TRQ-CTG1-3_5	0	0	0
TRL-AAG2-2_5	0	0	0
LINC01556_5	0	0	0
TRM-CAT3-1_5	0	0	0
TRK-TTT3-3_5	0	0	0
TRM-CAT3-2_5	0	0	0
TRF-GAA1-2_6	0	0	0
TRE-CTC1-6_6	0	0	0
HCG15_6	0	0	0
TRL-AAG3-1_6	0	0	0
ZNF311_6	2	0	2
LOC105375002_7	0	0	0
OR2W1-AS1_6	0	0	0
OR2W1_7	0	0	0
OR2B3_7	0	0	0
OR2J1_7	0	0	0
OR2J3_7	0	0	0
OR2J2_7	0	0	0
LINC03003_6	0	0	0
LOC105375005_5	0	0	0
OR14J1_6	0	0	0
OR5V1_4	0	0	0
OR12D3_5	0	0	0
OR12D2_5	0	0	0
OR12D1_6	0	0	0
OR11A1_7	0	0	0
OR10C1_7	0	0	0
OR2H1_7	0	0	0
LOC105375008_7	0	0	0
LOC124905400	0	0	0
MAS1L_7	0	0	0
LINC02829_7	0	0	0
LINC01015_7	0	0	0
OR2I1_7	0	0	0
GABBR1_7	0	0	0
MOG_7	0	0	0
ZFP57_7	0	0	0
HLA-F_6	0	0	0
HLA-F-AS1_6	0	0	0
IFITM4P_6	0	0	0
LOC105379663	0	0	0
HCG4_7	0	0	0
HLA-V_7	0	0	0
HLA-G_7	0	0	0
LOC105375010_6	0	0	0
HCP5B_7	0	0	0
HLA-H_7	0	0	0
HCG4B_6	0	0	0
HLA-A_7	15	1	14
HCG9_6	0	0	0
POLR1HASP_7	0	0	0
HLA-J_7	0	0	0
POLR1H_7	0	0	0
PPP1R11_7	0	0	0
RNF39_7	0	0	0
TRIM31_7	0	0	0
TRIM31-AS1_7	0	0	0
LOC124900227_7	0	0	0
TRIM40_7	0	0	0
TRIM10_7	0	0	0
TRIM15_7	0	0	0
TRIM26_7	0	0	0
HCG17_6	0	0	0
HLA-L_5	0	0	0
HCG18_6	0	0	0
TRIM39_6	0	0	0
TRIM39-RPP21_6	0	0	0
RPP21_6	0	0	0
LOC105375012_6	0	0	0
HLA-E_6	0	0	0
LINC02569_7	0	0	0
GNL1_7	0	0	0
PRR3_6	0	0	0
ABCF1_6	0	0	0
MIR877_6	0	0	0
PPP1R10_6	0	0	0
MRPS18B_6	0	0	0
ATAT1_6	0	0	0
C6orf136_6	0	0	0
DHX16_7	0	0	0
LOC107987457	0	0	0
MDC1_7	0	0	0
MDC1-AS1_7	0	0	0
TUBB_7	0	0	0
FLOT1_7	0	0	0
IER3-AS1_5	0	0	0
IER3_5	0	0	0
HCG20_5	0	0	0
LINC00243_5	0	0	0
MUC22_7	0	0	0
HCG22_7	0	0	0
TCF19_6	0	0	0
POU5F1_6	0	0	0
PSORS1C3_6	0	0	0
HCG27_5	0	0	0
HLA-C_6	0	0	0
LINC02571_4	0	0	0
HLA-B_5	0	0	0
MIR6891_3	0	0	0
LOC105379664	0	0	0
LOC124901300_4	0	0	0
MICA-AS1_4	0	0	0
MICA_4	0	0	0
LINC01149_3	0	0	0
HCP5_3	0	0	0
HCG26_5	10	0	10
MICB-DT_6	0	0	0
MICB_7	0	0	0
MCCD1_7	0	0	0
ATP6V1G2-DDX39B_7	0	0	0
DDX39B_7	0	0	0
SNORD117_7	0	0	0
SNORD84_6	0	0	0
DDX39B-AS1_6	0	0	0
ATP6V1G2_6	0	0	0
NFKBIL1_6	0	0	0
LOC100287329_6	0	0	0
LTA_6	0	0	0
TNF_7	0	0	0
LTB_7	0	0	0
LST1_7	0	0	0
NCR3_7	0	0	0
AIF1_5	0	0	0
PRRC2A_6	0	0	0
SNORA38_6	0	0	0
MIR6832_6	0	0	0
BAG6_6	0	0	0
APOM_6	0	0	0
C6orf47_6	0	0	0
GPANK1_6	0	0	0
CSNK2B_6	0	0	0
LY6G5B_6	0	0	0
LY6G5C_6	0	0	0
LOC105375019_6	0	0	0
ABHD16A_6	0	0	0
LOC105375018_5	0	0	0
MIR4646_6	0	0	0
LY6G6F-LY6G6D_6	0	0	0
LY6G6F_6	0	0	0
LY6G6E_6	0	0	0
LY6G6D_6	0	0	0
LY6G6C_6	0	0	0
MPIG6B_6	0	0	0
DDAH2_6	0	0	0
CLIC1_6	0	0	0
MSH5-SAPCD1_7	0	0	0
MSH5_7	0	0	0
SAPCD1_5	0	0	0
SAPCD1-AS1_5	0	0	0
VWA7_5	0	0	0
VARS1_6	0	0	0
NEU1_7	0	0	0
SLC44A4_6	0	0	0
EHMT2-AS1_6	0	0	0
EHMT2_6	0	0	0
C2_6	0	0	0
C2-AS1_6	0	0	0
CFB_6	0	0	0
NELFE_5	0	0	0
MIR1236_4	0	0	0
SKIC2_5	0	0	0
DXO_5	0	0	0
WHR1_5	0	0	0
C4B_2_1	0	0	0
CYP21A1P_2	0	0	0
TNXA_3	0	0	0
C4B_3	0	0	0
CYP21A2_5	0	0	0
TNXB_7	0	0	0
PRRT1_7	0	0	0
LOC100507547_7	0	0	0
PPT2_7	0	0	0
PPT2-EGFL8_7	0	0	0
EGFL8_6	0	0	0
AGPAT1_6	0	0	0
MIR6721_6	0	0	0
RNF5_6	0	0	0
MIR6833_6	0	0	0
AGER_6	0	0	0
PBX2_6	1	0	1
GPSM3_6	0	0	0
NOTCH4_6	0	0	0
TSBP1-AS1_7	0	0	0
TSBP1_7	0	0	0
HCG23_7	0	0	0
BTNL2_7	0	0	0
HLA-DRA_6	0	0	0
HLA-DRB4_2	0	0	0
HLA-DRB1_5	0	0	0
HLA-DQA1_6	0	0	0
HLA-DQB1_6	0	0	0
LOC102725019_7	0	0	0
HLA-DQA2_7	0	0	0
MIR3135B_7	0	0	0
HLA-DQB2_7	0	0	0
HLA-DOB_5	0	0	0
TAP2_7	0	0	0
PSMB8_7	0	0	0
PSMB8-AS1_7	0	0	0
TAP1_7	0	0	0
PSMB9_7	0	0	0
LOC100294145_7	0	0	0
HLA-DMB_7	0	0	0
HLA-DMA_7	0	0	0
LOC124901302_6	0	0	0
BRD2_6	6	0	6
HLA-DOA_6	0	0	0
HLA-DPA1_7	0	0	0
HLA-DPB1_7	0	0	0
HLA-DPB2_7	0	0	0
LOC105375021_6	0	0	0
COL11A2_6	0	0	0
LOC105375022_6	0	0	0
HCG25_6	0	0	0
VPS52_6	0	0	0
RPS18_5	0	0	0
SMIM40_5	0	0	0
KIFC1_2	1	0	1
PHF1_1	84	0	84
CUTA_1	0	0	0
SYNGAP1_1	9	0	9
SYNGAP1-AS1_1	0	0	0
MIR5004_1	0	0	0
ZBTB9_1	27	0	27
VSTM1_7	0	0	0
TARM1_7	0	0	0
OSCAR_7	0	0	0
NDUFA3_7	0	0	0
TFPT_7	0	0	0
PRPF31_7	0	0	0
PRPF31-AS1_7	0	0	0
CNOT3_7	0	0	0
LOC102724273_7	0	0	0
LENG1_7	0	0	0
TMC4_7	2	0	2
MBOAT7_7	0	0	0
TSEN34_7	0	0	0
RPS9_7	152	0	152
LOC124905402	0	0	0
LOC102725035	4	4	0
LOC107985279_2	0	0	0
LILRA6_2	0	0	0
LOC107987463_2	0	0	0
LILRB5_2	0	0	0
LAIR1_2	3	0	3
LILRB2_2	0	0	0
TTYH1_2	0	0	0
LENG8-AS1_2	0	0	0
LENG8_2	0	0	0
LENG9_2	0	0	0
CDC42EP5_2	0	0	0
LAIR2_2	0	0	0
LOC105372460_2	0	0	0
KIR3DX1_2	0	0	0
LOC105372461_2	0	0	0
LOC107985347_1	0	0	0
LILRA2_2	0	0	0
LILRA1_2	0	0	0
LILRB1_2	0	0	0
LILRB4_2	0	0	0
MIR8061_2	0	0	0
LOC102724290	0	0	0
LILRP2_16	0	0	0
KIR3DL3_18	0	0	0
KIR2DL3_14	0	0	0
LOC101928804_17	0	0	0
KIR2DL1_12	0	0	0
KIR2DL4_13	0	0	0
KIR3DL1_11	0	0	0
KIR2DS4_12	0	0	0
KIR3DL2_20	0	0	0
FCAR_4	0	0	0
NCR1_9	0	0	0
NLRP7_7	0	0	0
NLRP2_7	0	0	0
GP6-AS1_7	0	0	0
GP6_7	0	0	0
RDH13_7	0	0	0
EPS8L1_7	0	0	0
HLA-DRA_7	0	0	0
BTNL2_8	0	0	0
TSBP1-AS1_8	0	0	0
HCG23_8	0	0	0
VSTM1_8	0	0	0
TARM1_8	0	0	0
OSCAR_8	0	0	0
NDUFA3_8	0	0	0
TFPT_8	0	0	0
PRPF31_8	0	0	0
PRPF31-AS1_8	0	0	0
CNOT3_8	0	0	0
LOC102724273_8	0	0	0
LENG1_8	0	0	0
TMC4_8	0	0	0
MBOAT7_8	0	0	0
TSEN34_8	0	0	0
RPS9_8	0	0	0
LOC124905652	0	0	0
LILRA6_3	0	0	0
LOC124905651	0	0	0
LOC107987463_3	0	0	0
LILRB5_3	0	0	0
LILRB2_3	0	0	0
MIR4752_3	0	0	0
LILRA3_2	0	0	0
LILRA5_3	0	0	0
LILRA4_2	0	0	0
LAIR1_3	0	0	0
LOC107987461	0	0	0
LILRB4_3	0	0	0
MIR8061_3	0	0	0
LILRP2_17	0	0	0
KIR3DL3_19	0	0	0
KIR2DS2_1	0	0	0
KIR2DL2_2	0	0	0
NCR1_10	0	0	0
NLRP7_8	0	0	0
NLRP2_8	0	0	0
GP6-AS1_8	0	0	0
GP6_8	0	0	0
RDH13_8	0	0	0
EPS8L1_8	0	0	0
VSTM1_9	0	0	0
TARM1_9	0	0	0
OSCAR_9	0	0	0
NDUFA3_9	0	0	0
TFPT_9	0	0	0
LOC124905653	0	0	0
PRPF31_9	0	0	0
PRPF31-AS1_9	0	0	0
CNOT3_9	0	0	0
LOC102724273_9	0	0	0
LENG1_9	0	0	0
TMC4_9	0	0	0
MBOAT7_9	0	0	0
TSEN34_9	0	0	0
RPS9_9	0	0	0
LOC124905654	0	0	0
LOC107987462	0	0	0
LOC107985279_3	0	0	0
LILRA6_4	0	0	0
LOC107987463_4	0	0	0
LILRB5_4	0	0	0
LILRB2_4	0	0	0
MIR4752_4	0	0	0
LILRA3_3	0	0	0
LILRA5_4	0	0	0
LILRA4_3	0	0	0
LAIR1_4	0	0	0
TTYH1_3	0	0	0
LENG8-AS1_3	0	0	0
LENG8_3	0	0	0
LENG9_3	0	0	0
CDC42EP5_3	0	0	0
LAIR2_3	0	0	0
LOC105372460_3	0	0	0
KIR3DX1_3	0	0	0
LOC105372461_3	0	0	0
LOC107985347_2	0	0	0
LILRA2_3	0	0	0
LILRA1_3	0	0	0
LILRB1_3	0	0	0
LILRB4_4	0	0	0
MIR8061_4	0	0	0
LILRP2_18	0	0	0
KIR3DL3_20	0	0	0
KIR2DL3_15	0	0	0
LOC101928804_18	0	0	0
KIR2DL1_13	0	0	0
KIR2DL4_14	0	0	0
KIR3DL1_12	0	0	0
KIR2DS4_13	0	0	0
KIR3DL2_21	0	0	0
FCAR_5	0	0	0
NCR1_11	0	0	0
NLRP7_9	0	0	0
NLRP2_9	0	0	0
GP6-AS1_9	0	0	0
GP6_9	0	0	0
RDH13_9	0	0	0
EPS8L1_9	0	0	0
KIR3DL2_22	0	0	0
KIR2DS1_6	0	0	0
LOC102725023_1	0	0	0
KIR2DL5A_2	0	0	0
KIR3DS1_2	0	0	0
KIR2DL4_15	0	0	0
KIR2DL1_14	0	0	0
LOC101928804_19	0	0	0
KIR2DS3_1	0	0	0
KIR2DL5B_1	0	0	0
KIR2DS2_2	0	0	0
KIR3DL3_21	0	0	0
LILRP2_19	0	0	0
KIR3DL2_23	0	0	0
KIR2DS4_14	0	0	0
KIR3DL1_13	0	0	0
KIR2DL4_16	0	0	0
KIR2DL1_15	0	0	0
LOC101928804_20	0	0	0
KIR2DL3_16	0	0	0
KIR3DL3_22	0	0	0
LILRP2_20	0	0	0
KIR3DL2_24	0	0	0
KIR2DS4_15	0	0	0
KIR3DL1_14	0	0	0
KIR2DL4_17	0	0	0
LOC128966727	0	0	0
KIR2DL2_3	0	0	0
KIR2DS2_3	0	0	0
KIR3DL3_23	0	0	0
LILRP2_21	0	0	0
KIR3DL2_25	0	0	0
KIR2DS4_16	0	0	0
KIR3DL1_15	0	0	0
KIR2DL4_18	0	0	0
KIR2DL1_16	0	0	0
LOC101928804_21	0	0	0
KIR2DL3_17	0	0	0
KIR3DL3_24	0	0	0
LILRP2_22	0	0	0
KIR3DL2_26	0	0	0
KIR2DS4_17	0	0	0
KIR3DL1_16	0	0	0
KIR2DL4_19	0	0	0
KIR2DL1_17	0	0	0
LOC101928804_22	0	0	0
KIR2DS3_2	0	0	0
KIR2DL5B_2	0	0	0
KIR2DS2_4	0	0	0
KIR3DL3_25	0	0	0
LILRP2_23	0	0	0
KIR3DL2_27	0	0	0
KIR2DS1_7	0	0	0
KIR2DS3_3	0	0	0
KIR2DL5A_3	0	0	0
KIR3DS1_3	0	0	0
KIR2DL4_20	0	0	0
KIR2DL1_18	0	0	0
LOC101928804_23	0	0	0
KIR2DL3_18	0	0	0
KIR3DL3_26	0	0	0
LILRP2_24	0	0	0
KIR3DL2_28	0	0	0
KIR2DS4_18	0	0	0
KIR3DL1_17	0	0	0
KIR2DL4_21	0	0	0
LOC128966728	0	0	0
KIR2DL2_4	0	0	0
KIR2DS2_5	0	0	0
KIR3DL3_27	0	0	0
LILRP2_25	0	0	0
KIR3DL2_29	0	0	0
KIR2DS4_19	0	0	0
KIR3DL1_18	0	0	0
KIR2DL4_22	0	0	0
KIR2DL1_19	0	0	0
LOC101928804_24	0	0	0
KIR2DL3_19	0	0	0
KIR3DL3_28	0	0	0
LILRP2_26	0	0	0
KIR3DL2_30	0	0	0
KIR2DS1_8	0	0	0
KIR2DS5_2	0	0	0
KIR2DL5A_4	0	0	0
KIR3DS1_4	0	0	0
KIR2DL4_23	0	0	0
LOC128966729	0	0	0
KIR2DL2_5	0	0	0
KIR2DS2_6	0	0	0
KIR3DL3_29	0	0	0
LILRP2_27	0	0	0
KIR3DL2_31	0	0	0
KIR2DS4_20	0	0	0
KIR3DL1_19	0	0	0
KIR2DL4_24	0	0	0
KIR2DL1_20	0	0	0
LOC101928804_25	0	0	0
KIR2DL3_20	0	0	0
KIR3DL3_30	0	0	0
LILRP2_28	0	0	0
KIR3DL2_32	0	0	0
KIR2DS4_21	0	0	0
KIR3DL1_20	0	0	0
KIR2DL4_25	0	0	0
KIR2DL1_21	0	0	0
LOC101928804_26	0	0	0
KIR2DS5_3	0	0	0
KIR2DL5B_3	0	0	0
KIR2DS2_7	0	0	0
KIR3DL3_31	0	0	0
LILRP2_29	0	0	0
KIR3DL2_33	0	0	0
KIR2DS4_22	0	0	0
KIR3DL1_21	0	0	0
KIR2DL4_26	0	0	0
KIR2DL1_22	0	0	0
LOC101928804_27	0	0	0
KIR2DL3_21	0	0	0
KIR3DL3_32	0	0	0
LILRP2_30	0	0	0
KIR3DL2_34	0	0	0
KIR2DS1_9	0	0	0
KIR2DS3_4	0	0	0
KIR2DL5A_5	0	0	0
KIR3DS1_5	0	0	0
KIR2DL4_27	0	0	0
LOC128966730	0	0	0
KIR2DL2_6	0	0	0
KIR2DS2_8	0	0	0
KIR3DL3_33	0	0	0
LILRP2_31	0	0	0
KIR3DL3_34	0	0	0
KIR2DL3_22	0	0	0
LOC101928804_28	0	0	0
KIR2DL1_23	0	0	0
KIR2DL4_28	0	0	0
KIR3DL1_22	0	0	0
KIR2DS4_23	0	0	0
KIR3DL2_35	0	0	0
FCAR_6	0	0	0
NCR1_12	0	0	0
LILRP2_32	0	0	0
KIR3DL3_35	0	0	0
KIR2DL3_23	0	0	0
LOC101928804_29	0	0	0
KIR2DL1_24	0	0	0
KIR2DL4_29	0	0	0
KIR3DL1_23	0	0	0
KIR3DL2_36	0	0	0
KIR2DS4_24	0	0	0
KIR3DL1_24	0	0	0
KIR2DL4_30	0	0	0
KIR2DL1_25	0	0	0
LOC101928804_30	0	0	0
KIR2DL3_24	0	0	0
KIR3DL3_36	0	0	0
LILRP2_33	0	0	0
LILRP2_34	0	0	0
KIR3DL3_37	0	0	0
KIR2DL3_25	0	0	0
LOC101928804_31	0	0	0
KIR2DL1_26	0	0	0
KIR2DL4_31	0	0	0
KIR3DL1_25	0	0	0
KIR2DS4_25	0	0	0
KIR3DL2_37	0	0	0
FCAR_7	0	0	0
NCR1_13	0	0	0
LILRP2_35	0	0	0
KIR3DL3_38	0	0	0
KIR2DS2_9	0	0	0
KIR2DL5B_4	0	0	0
KIR2DS3_5	0	0	0
LOC101928804_32	0	0	0
KIR2DL1_27	0	0	0
KIR2DL4_32	0	0	0
KIR3DS1_6	0	0	0
KIR2DL5A_6	0	0	0
LOC102725023_2	0	0	0
KIR2DS1_10	0	0	0
KIR3DL2_38	0	0	0
FCAR_8	0	0	0
NCR1_14	0	0	0
KIR3DL3_39	0	0	0
KIR2DL3_26	0	0	0
LOC101928804_33	0	0	0
KIR2DL1_28	0	0	0
KIR2DL4_33	0	0	0
KIR3DL1_26	0	0	0
KIR2DS4_26	0	0	0
KIR3DL2_39	0	0	0
FCAR_9	0	0	0
NCR1_15	0	0	0
LILRP2_36	0	0	0
KIR3DL3_40	0	0	0
KIR2DS2_10	0	0	0
KIR2DL2_7	0	0	0
LOC128966731	0	0	0
KIR2DL4_34	0	0	0
KIR3DL1_27	0	0	0
KIR2DS4_27	0	0	0
KIR3DL2_40	0	0	0
FCAR_10	0	0	0
NCR1_16	0	0	0
KIR3DL3_41	0	0	0
KIR2DL3_27	0	0	0
LOC101928804_34	0	0	0
KIR2DL1_29	0	0	0
KIR2DL4_35	0	0	0
KIR3DL1_28	0	0	0
KIR2DS4_28	0	0	0
KIR3DL2_41	0	0	0
FCAR_11	0	0	0
NCR1_17	0	0	0
KIR3DL2_42	0	0	0
KIR2DS4_29	0	0	0
KIR3DL1_29	0	0	0
KIR2DL4_36	0	0	0
LOC128966732	0	0	0
KIR2DL1_30	0	0	0
LOC101928804_35	0	0	0
KIR2DS5_4	0	0	0
KIR2DL5B_5	0	0	0
KIR2DL3_28	0	0	0
KIR3DL3_42	0	0	0
LILRP2_37	0	0	0
KIR3DL2_43	0	0	0
KIR2DS4_30	0	0	0
KIR3DL1_30	0	0	0
KIR2DL4_37	0	0	0
KIR2DL1_31	0	0	0
LOC101928804_36	0	0	0
KIR2DL3_29	0	0	0
KIR3DL3_43	0	0	0
LILRP2_38	0	0	0
KIR3DL2_44	0	0	0
KIR2DS4_31	0	0	0
KIR3DL1_31	0	0	0
KIR2DL4_38	0	0	0
KIR2DL1_32	0	0	0
LOC101928804_37	0	0	0
KIR2DS5_5	0	0	0
KIR2DL5B_6	0	0	0
KIR2DS2_11	0	0	0
KIR3DL3_44	0	0	0
LILRP2_39	0	0	0
KIR3DL2_45	0	0	0
KIR2DS4_32	0	0	0
KIR3DL1_32	0	0	0
KIR2DL4_39	0	0	0
KIR2DL1_33	0	0	0
LOC101928804_38	0	0	0
KIR2DL3_30	0	0	0
KIR3DL3_45	0	0	0
LILRP2_40	0	0	0
KIR3DL2_46	0	0	0
KIR2DS1_11	0	0	0
KIR2DS5_6	0	0	0
KIR2DL5A_7	0	0	0
KIR3DS1_7	0	0	0
KIR2DL4_40	0	0	0
LOC128966733	0	0	0
KIR2DL2_8	0	0	0
KIR2DS2_12	0	0	0
KIR3DL3_46	0	0	0
LILRP2_41	0	0	0
TRNF	1	0	1
RNR1	10152	1	10151
TRNV	0	0	0
RNR2	143144	61	143085
TRNL1	0	0	0
ND1	80398	213	80189
TRNI	0	0	0
TRNQ	0	298	25
TRNM	0	0	0
ND2	97030	143	96888
TRNW	0	1	11
TRNA	0	13	0
TRNN	0	4	0
TRNC	0	0	0
TRNY	0	2175	2
COX1	456052	313	490785
TRNS1	0	21962	13
TRND	0	0	0
COX2	154688	159	154529
TRNK	0	0	0
ATP8	75	0	75
ATP6	81029	212	80818
COX3	145760	949	144814
TRNG	0	0	0
ND3	3730	250	3480
TRNR	0	0	0
ND4L	9092	27	9066
ND4	258234	1389	256848
TRNH	0	0	0
TRNS2	0	0	0
TRNL2	0	0	0
ND5	85695	6343	99988
ND6	12112	31488	1212
TRNE	0	100	0
CYTB	97651	270	97637
TRNT	0	1	11
TRNP	2461	2549	9
